EQUIPMENT_ID,TOWER_ID,EQUIPMENT_TYPE,PART_ID,MANUFACTURER,MODEL,SERIAL_NUMBER,INSTALL_DATE,FIRMWARE_VERSION,STATUS
EQP-00001,TWR-0001,5G_ROUTER,PART-RTR-B1,Juniper,RTR-B1,C38DE41C-A593-699,2023-10-25,v1.1.0-OUTDATED,OPERATIONAL
EQP-00002,TWR-0001,5G_ROUTER,PART-RTR-B1,Juniper,RTR-B1,47502F72-05F6-998,2023-03-22,v1.5.8-OUTDATED,OPERATIONAL
EQP-00003,TWR-0001,5G_ROUTER,PART-RTR-B1,Juniper,RTR-B1,CC00EE2A-EF4D-645,2024-04-25,v1.5.8-OUTDATED,OPERATIONAL
EQP-00004,TWR-0001,5G_ROUTER,PART-RTR-B1,Juniper,RTR-B1,290507CA-565B-265,2022-03-25,v1.2.7,OPERATIONAL
EQP-00005,TWR-0001,ANTENNA,PART-ANT-C2,Ericsson,ANT-C2,8D730FC2-126C-159,2024-01-16,v2.0.2-OUTDATED,OPERATIONAL
EQP-00006,TWR-0001,ANTENNA,PART-ANT-D1,Nokia,ANT-D1,0B4F743D-65B8-663,2023-02-10,v2.1.3,OPERATIONAL
EQP-00007,TWR-0001,ANTENNA,PART-ANT-C2,Ericsson,ANT-C2,10098BE2-FE98-176,2022-06-12,v1.3.0,OPERATIONAL
EQP-00008,TWR-0001,BASEBAND_UNIT,PART-BBU-F2,Samsung,BBU-F2,0A6321AA-A101-750,2023-11-06,v2.0.2-OUTDATED,FAILING
EQP-00009,TWR-0001,AMPLIFIER,PART-AMP-G1,Qualcomm,AMP-G1,405C2C72-E8A1-371,2023-07-31,v1.1.0-OUTDATED,OPERATIONAL
EQP-00010,TWR-0001,AMPLIFIER,PART-AMP-G1,Qualcomm,AMP-G1,A19FC3EA-02E3-096,2023-02-15,v2.0.2-OUTDATED,OPERATIONAL
EQP-00011,TWR-0001,TRANSCEIVER,PART-TRX-H1,Mediatek,TRX-H1,89AFC010-65E5-030,2024-03-16,v2.1.3,WARNING
EQP-00012,TWR-0002,5G_ROUTER,PART-RTR-B2,Juniper,RTR-B2,4ECED2A6-AB85-915,2023-08-28,v1.5.8-OUTDATED,OPERATIONAL
EQP-00013,TWR-0002,ANTENNA,PART-ANT-C1,Ericsson,ANT-C1,E3D57D54-EF44-227,2022-01-22,v2.1.3,OPERATIONAL
EQP-00014,TWR-0002,ANTENNA,PART-ANT-D2,Nokia,ANT-D2,84D2A891-7A5D-529,2022-11-27,v1.2.7,OPERATIONAL
EQP-00015,TWR-0002,AMPLIFIER,PART-AMP-G2,Qualcomm,AMP-G2,0276DC29-71A8-087,2023-03-03,v3.0.0,WARNING
EQP-00016,TWR-0002,TRANSCEIVER,PART-TRX-H2,Mediatek,TRX-H2,B5513F92-7372-618,2023-06-04,v1.5.8-OUTDATED,OPERATIONAL
EQP-00017,TWR-0003,5G_ROUTER,PART-RTR-A1,Cisco,RTR-A1,A743367A-04DE-929,2022-10-07,v3.0.0,OPERATIONAL
EQP-00018,TWR-0003,5G_ROUTER,PART-RTR-B1,Juniper,RTR-B1,232FECB5-7DD8-836,2022-11-12,v1.2.7,OPERATIONAL
EQP-00019,TWR-0003,5G_ROUTER,PART-RTR-B2,Juniper,RTR-B2,6D6C7439-75B0-092,2024-05-26,v1.2.7,OPERATIONAL
EQP-00020,TWR-0003,BASEBAND_UNIT,PART-BBU-F1,Samsung,BBU-F1,A8096908-940F-708,2023-07-21,v2.1.3,OPERATIONAL
EQP-00021,TWR-0003,BASEBAND_UNIT,PART-BBU-F1,Samsung,BBU-F1,CA27E4F1-5592-228,2023-08-27,v2.4.0,OPERATIONAL
EQP-00022,TWR-0003,BASEBAND_UNIT,PART-BBU-E1,Huawei,BBU-E1,4ED4855A-424E-259,2022-11-28,v1.2.7,OPERATIONAL
EQP-00023,TWR-0003,TRANSCEIVER,PART-TRX-H2,Mediatek,TRX-H2,A142EEC3-9AD2-735,2022-06-26,v2.4.0,OPERATIONAL
EQP-00024,TWR-0003,FIREWALL,PART-FWL-J1,Fortinet,FWL-J1,9E02D0A8-5DD5-004,2022-04-27,v2.4.0,WARNING
EQP-00025,TWR-0003,FIREWALL,PART-FWL-J2,Fortinet,FWL-J2,1F9A3DBC-7B86-593,2022-10-23,v2.0.1,OPERATIONAL
EQP-00026,TWR-0004,ANTENNA,PART-ANT-C2,Ericsson,ANT-C2,FBBB7F39-1497-940,2023-07-14,v2.1.3,OPERATIONAL
EQP-00027,TWR-0004,BASEBAND_UNIT,PART-BBU-F2,Samsung,BBU-F2,669C4990-E93A-677,2024-04-13,v1.0.4,WARNING
EQP-00028,TWR-0004,FIREWALL,PART-FWL-J2,Fortinet,FWL-J2,062987F8-614E-451,2024-04-09,v3.0.0,OPERATIONAL
EQP-00029,TWR-0004,FIREWALL,PART-FWL-J1,Fortinet,FWL-J1,88681079-864B-604,2022-02-12,v2.1.3,OPERATIONAL
EQP-00030,TWR-0005,5G_ROUTER,PART-RTR-A1,Cisco,RTR-A1,7BC4EA7A-D327-083,2024-02-01,v1.0.4,OPERATIONAL
EQP-00031,TWR-0005,5G_ROUTER,PART-RTR-B2,Juniper,RTR-B2,F9F1A744-8A29-925,2022-01-10,v1.5.8-OUTDATED,OPERATIONAL
EQP-00032,TWR-0005,ANTENNA,PART-ANT-D2,Nokia,ANT-D2,E95B9C10-A436-724,2022-06-13,v2.4.0,OPERATIONAL
EQP-00033,TWR-0005,AMPLIFIER,PART-AMP-G1,Qualcomm,AMP-G1,F621D16A-841B-489,2022-02-13,v2.0.1,OPERATIONAL
EQP-00034,TWR-0005,FIREWALL,PART-FWL-J2,Fortinet,FWL-J2,29261CAC-0649-820,2022-07-27,v1.0.4,OPERATIONAL
EQP-00035,TWR-0006,ANTENNA,PART-ANT-C2,Ericsson,ANT-C2,C9D1F642-FE27-732,2023-06-23,v1.5.8-OUTDATED,OPERATIONAL
EQP-00036,TWR-0006,ANTENNA,PART-ANT-D2,Nokia,ANT-D2,3554F3BE-CC22-782,2023-11-12,v2.1.3,OPERATIONAL
EQP-00037,TWR-0006,ANTENNA,PART-ANT-D1,Nokia,ANT-D1,B6804822-03FB-947,2022-08-23,v1.3.0,OPERATIONAL
EQP-00038,TWR-0006,ANTENNA,PART-ANT-C1,Ericsson,ANT-C1,9E5ABDF9-9DA5-629,2023-05-16,v1.0.4,WARNING
EQP-00039,TWR-0006,ANTENNA,PART-ANT-C2,Ericsson,ANT-C2,389E92F9-4C65-838,2024-03-01,v1.1.0-OUTDATED,OPERATIONAL
EQP-00040,TWR-0006,BASEBAND_UNIT,PART-BBU-F1,Samsung,BBU-F1,85D2B9D6-D0C1-641,2022-06-27,v2.0.1,OPERATIONAL
EQP-00041,TWR-0006,AMPLIFIER,PART-AMP-G1,Qualcomm,AMP-G1,FC1E4811-388D-164,2023-11-14,v2.0.2-OUTDATED,OPERATIONAL
EQP-00042,TWR-0006,TRANSCEIVER,PART-TRX-H1,Mediatek,TRX-H1,04219EAD-905D-044,2022-03-30,v3.0.0,WARNING
EQP-00043,TWR-0006,TRANSCEIVER,PART-TRX-H1,Mediatek,TRX-H1,D1FCA816-CE7D-775,2022-02-22,v2.4.0,WARNING
EQP-00044,TWR-0006,FIREWALL,PART-FWL-J2,Fortinet,FWL-J2,998CE85F-FAA1-401,2022-06-30,v2.1.3,OPERATIONAL
EQP-00045,TWR-0007,ANTENNA,PART-ANT-D1,Nokia,ANT-D1,8D3F21F1-BC51-308,2022-03-04,v1.2.7,OPERATIONAL
EQP-00046,TWR-0007,ANTENNA,PART-ANT-C1,Ericsson,ANT-C1,AEFCCECA-F56E-310,2022-09-30,v2.4.0,WARNING
EQP-00047,TWR-0007,AMPLIFIER,PART-AMP-G2,Qualcomm,AMP-G2,249E2ACE-C27F-907,2023-07-13,v2.4.0,WARNING
EQP-00048,TWR-0007,AMPLIFIER,PART-AMP-G1,Qualcomm,AMP-G1,FA1E263B-0ADC-306,2024-03-28,v1.0.4,OPERATIONAL
EQP-00049,TWR-0007,TRANSCEIVER,PART-TRX-H1,Mediatek,TRX-H1,5A8102EF-6F0F-230,2022-02-03,v1.0.4,WARNING
EQP-00050,TWR-0007,TRANSCEIVER,PART-TRX-H1,Mediatek,TRX-H1,C64C5C31-5932-748,2023-03-26,v2.1.3,WARNING
EQP-00051,TWR-0007,FIREWALL,PART-FWL-J2,Fortinet,FWL-J2,6300A13E-5B5E-821,2023-03-05,v2.1.3,OPERATIONAL
EQP-00052,TWR-0007,FIREWALL,PART-FWL-J2,Fortinet,FWL-J2,A6F5D9A5-DBDC-157,2024-03-08,v1.3.0,OPERATIONAL
EQP-00053,TWR-0008,5G_ROUTER,PART-RTR-A2,Cisco,RTR-A2,D3F85350-BBA8-362,2023-10-22,v1.0.4,FAILING
EQP-00054,TWR-0008,5G_ROUTER,PART-RTR-A2,Cisco,RTR-A2,D16FDF27-2D83-090,2023-11-03,v2.0.2-OUTDATED,FAILING
EQP-00055,TWR-0008,ANTENNA,PART-ANT-C2,Ericsson,ANT-C2,CEFDCCF7-CD1B-338,2022-05-01,v2.4.0,OPERATIONAL
EQP-00056,TWR-0008,AMPLIFIER,PART-AMP-G1,Qualcomm,AMP-G1,21EC1AA8-9E8A-570,2022-12-27,v3.0.0,OPERATIONAL
EQP-00057,TWR-0008,TRANSCEIVER,PART-TRX-H2,Mediatek,TRX-H2,E6C9ACB9-985B-878,2023-10-05,v1.1.0-OUTDATED,WARNING
EQP-00058,TWR-0008,TRANSCEIVER,PART-TRX-H2,Mediatek,TRX-H2,CD515CD8-C1AA-507,2023-10-15,v1.3.0,OPERATIONAL
EQP-00059,TWR-0009,5G_ROUTER,PART-RTR-A1,Cisco,RTR-A1,789C3463-5556-504,2023-09-26,v1.1.0-OUTDATED,OPERATIONAL
EQP-00060,TWR-0009,5G_ROUTER,PART-RTR-B1,Juniper,RTR-B1,4D7B1275-727A-727,2022-08-15,v1.3.0,OPERATIONAL
EQP-00061,TWR-0009,5G_ROUTER,PART-RTR-B1,Juniper,RTR-B1,588C6AE4-D55A-621,2023-05-16,v2.4.0,OPERATIONAL
EQP-00062,TWR-0009,5G_ROUTER,PART-RTR-B2,Juniper,RTR-B2,31EDE8E7-1346-938,2022-10-31,v1.3.0,OPERATIONAL
EQP-00063,TWR-0009,ANTENNA,PART-ANT-C2,Ericsson,ANT-C2,94A9271E-BFE3-706,2022-04-02,v2.1.3,OPERATIONAL
EQP-00064,TWR-0009,ANTENNA,PART-ANT-D2,Nokia,ANT-D2,FCAFDD10-F460-622,2024-01-18,v1.1.0-OUTDATED,OPERATIONAL
EQP-00065,TWR-0009,BASEBAND_UNIT,PART-BBU-E2,Huawei,BBU-E2,D9A878E4-7990-287,2023-08-12,v2.0.1,OPERATIONAL
EQP-00066,TWR-0009,BASEBAND_UNIT,PART-BBU-E1,Huawei,BBU-E1,BBFA955D-7B12-215,2022-06-27,v1.5.8-OUTDATED,FAILING
EQP-00067,TWR-0009,BASEBAND_UNIT,PART-BBU-E2,Huawei,BBU-E2,9A849172-1217-545,2023-07-08,v3.0.0,OPERATIONAL
EQP-00068,TWR-0009,BASEBAND_UNIT,PART-BBU-E2,Huawei,BBU-E2,720BF434-337C-711,2024-05-24,v2.0.1,OPERATIONAL
EQP-00069,TWR-0009,TRANSCEIVER,PART-TRX-H1,Mediatek,TRX-H1,57606472-BDF1-117,2024-05-30,v1.1.0-OUTDATED,FAILING
EQP-00070,TWR-0010,ANTENNA,PART-ANT-D1,Nokia,ANT-D1,D9588D80-BC41-142,2024-02-05,v1.2.7,OPERATIONAL
EQP-00071,TWR-0010,BASEBAND_UNIT,PART-BBU-E2,Huawei,BBU-E2,78F03D80-B2CC-823,2023-02-28,v2.0.1,OPERATIONAL
EQP-00072,TWR-0010,BASEBAND_UNIT,PART-BBU-F2,Samsung,BBU-F2,4E8A2994-C2BF-566,2022-04-06,v1.5.8-OUTDATED,WARNING
EQP-00073,TWR-0010,AMPLIFIER,PART-AMP-G2,Qualcomm,AMP-G2,8884A489-ACEC-795,2024-03-02,v1.0.4,OPERATIONAL
EQP-00074,TWR-0010,AMPLIFIER,PART-AMP-G1,Qualcomm,AMP-G1,3487B02B-D448-476,2022-06-04,v1.3.0,OPERATIONAL
EQP-00075,TWR-0010,FIREWALL,PART-FWL-J1,Fortinet,FWL-J1,8DBDAE30-1FA3-853,2022-10-09,v2.4.0,OPERATIONAL
EQP-00076,TWR-0011,5G_ROUTER,PART-RTR-B2,Juniper,RTR-B2,93143803-96AA-964,2024-02-01,v2.0.2-OUTDATED,OPERATIONAL
EQP-00077,TWR-0011,5G_ROUTER,PART-RTR-A1,Cisco,RTR-A1,3BA9C26D-E074-167,2022-02-21,v1.5.8-OUTDATED,OPERATIONAL
EQP-00078,TWR-0011,ANTENNA,PART-ANT-C2,Ericsson,ANT-C2,8A85CAE5-3787-831,2022-02-11,v1.2.7,OPERATIONAL
EQP-00079,TWR-0011,BASEBAND_UNIT,PART-BBU-E1,Huawei,BBU-E1,863AC811-6A54-859,2022-01-14,v2.1.3,WARNING
EQP-00080,TWR-0011,BASEBAND_UNIT,PART-BBU-F1,Samsung,BBU-F1,12F724FB-331C-137,2022-09-18,v3.0.0,OPERATIONAL
EQP-00081,TWR-0011,AMPLIFIER,PART-AMP-G2,Qualcomm,AMP-G2,599C4660-B87F-178,2024-06-01,v1.1.0-OUTDATED,WARNING
EQP-00082,TWR-0011,FIREWALL,PART-FWL-J2,Fortinet,FWL-J2,A3AC55D2-0AE8-134,2023-05-07,v1.2.7,OPERATIONAL
EQP-00083,TWR-0012,5G_ROUTER,PART-RTR-A1,Cisco,RTR-A1,4D959AA5-9066-534,2024-05-15,v1.1.0-OUTDATED,OPERATIONAL
EQP-00084,TWR-0012,ANTENNA,PART-ANT-D1,Nokia,ANT-D1,F7A17BAF-7EF9-091,2022-12-09,v1.2.7,OPERATIONAL
EQP-00085,TWR-0012,ANTENNA,PART-ANT-C2,Ericsson,ANT-C2,C9ED1D5D-8711-594,2023-06-03,v2.0.2-OUTDATED,OPERATIONAL
EQP-00086,TWR-0012,ANTENNA,PART-ANT-C2,Ericsson,ANT-C2,8280279A-FD6C-095,2024-02-20,v1.5.8-OUTDATED,OPERATIONAL
EQP-00087,TWR-0012,ANTENNA,PART-ANT-C2,Ericsson,ANT-C2,6CFBE02A-81B0-989,2022-05-23,v1.3.0,OPERATIONAL
EQP-00088,TWR-0012,ANTENNA,PART-ANT-C2,Ericsson,ANT-C2,7D8BBF7F-8EB2-642,2024-03-11,v2.4.0,OPERATIONAL
EQP-00089,TWR-0012,BASEBAND_UNIT,PART-BBU-E2,Huawei,BBU-E2,2D1DC2B1-9E32-422,2022-12-02,v2.1.3,OPERATIONAL
EQP-00090,TWR-0012,BASEBAND_UNIT,PART-BBU-E1,Huawei,BBU-E1,074140EF-5E7E-172,2022-09-17,v2.0.1,WARNING
EQP-00091,TWR-0012,AMPLIFIER,PART-AMP-G2,Qualcomm,AMP-G2,B3D667C0-CCDF-781,2023-04-27,v2.0.2-OUTDATED,FAILING
EQP-00092,TWR-0012,TRANSCEIVER,PART-TRX-H1,Mediatek,TRX-H1,76D69154-68B6-150,2023-05-12,v1.3.0,WARNING
EQP-00093,TWR-0012,FIREWALL,PART-FWL-J2,Fortinet,FWL-J2,0DC34050-E2A9-236,2024-01-07,v1.0.4,OPERATIONAL
EQP-00094,TWR-0012,FIREWALL,PART-FWL-J1,Fortinet,FWL-J1,1EBAE642-E6D5-954,2024-03-03,v2.4.0,WARNING
EQP-00095,TWR-0013,5G_ROUTER,PART-RTR-A2,Cisco,RTR-A2,47C30492-5E10-423,2022-01-12,v2.0.1,OPERATIONAL
EQP-00096,TWR-0013,ANTENNA,PART-ANT-D1,Nokia,ANT-D1,021C18BA-A5E1-107,2024-02-19,v1.2.7,OPERATIONAL
EQP-00097,TWR-0014,ANTENNA,PART-ANT-C2,Ericsson,ANT-C2,132019A1-F1AC-520,2023-03-24,v2.4.0,OPERATIONAL
EQP-00098,TWR-0014,BASEBAND_UNIT,PART-BBU-F2,Samsung,BBU-F2,13D50BA1-0109-132,2023-07-07,v2.0.1,WARNING
EQP-00099,TWR-0014,AMPLIFIER,PART-AMP-G1,Qualcomm,AMP-G1,2FB56108-0A62-535,2023-05-19,v1.2.7,OPERATIONAL
EQP-00100,TWR-0014,AMPLIFIER,PART-AMP-G2,Qualcomm,AMP-G2,B38D4DB6-EF3F-002,2022-04-28,v1.3.0,WARNING
EQP-00101,TWR-0014,AMPLIFIER,PART-AMP-G1,Qualcomm,AMP-G1,05E99186-743F-557,2023-01-10,v1.3.0,OPERATIONAL
EQP-00102,TWR-0014,TRANSCEIVER,PART-TRX-H1,Mediatek,TRX-H1,1C76A28D-7030-499,2022-11-28,v1.0.4,WARNING
EQP-00103,TWR-0014,FIREWALL,PART-FWL-J2,Fortinet,FWL-J2,2A25F135-83F0-947,2023-05-03,v1.2.7,OPERATIONAL
EQP-00104,TWR-0015,5G_ROUTER,PART-RTR-A2,Cisco,RTR-A2,01145A4B-4445-836,2022-08-13,v1.1.0-OUTDATED,WARNING
EQP-00105,TWR-0015,BASEBAND_UNIT,PART-BBU-F1,Samsung,BBU-F1,4FA3D227-B3C2-780,2022-03-29,v1.5.8-OUTDATED,WARNING
EQP-00106,TWR-0015,BASEBAND_UNIT,PART-BBU-F1,Samsung,BBU-F1,7A49BA6C-B5BE-815,2023-10-30,v1.2.7,OPERATIONAL
EQP-00107,TWR-0015,BASEBAND_UNIT,PART-BBU-F2,Samsung,BBU-F2,CC4B35E4-D631-547,2023-02-16,v2.4.0,WARNING
EQP-00108,TWR-0015,BASEBAND_UNIT,PART-BBU-E2,Huawei,BBU-E2,80404E2B-08E5-196,2023-06-04,v2.4.0,OPERATIONAL
EQP-00109,TWR-0015,BASEBAND_UNIT,PART-BBU-F2,Samsung,BBU-F2,4EDAA9B7-F50B-661,2024-06-12,v2.0.2-OUTDATED,FAILING
EQP-00110,TWR-0015,AMPLIFIER,PART-AMP-G2,Qualcomm,AMP-G2,6686C6C6-3F8B-590,2022-11-24,v3.0.0,WARNING
EQP-00111,TWR-0016,5G_ROUTER,PART-RTR-A2,Cisco,RTR-A2,F5F600F8-6C9A-684,2022-06-30,v2.0.1,WARNING
EQP-00112,TWR-0016,5G_ROUTER,PART-RTR-B1,Juniper,RTR-B1,1B0B24B9-C90D-215,2022-05-04,v2.0.1,OPERATIONAL
EQP-00113,TWR-0016,ANTENNA,PART-ANT-C1,Ericsson,ANT-C1,E387C016-7C92-977,2023-02-24,v3.0.0,WARNING
EQP-00114,TWR-0016,AMPLIFIER,PART-AMP-G1,Qualcomm,AMP-G1,FF086748-7242-842,2023-09-10,v2.4.0,OPERATIONAL
EQP-00115,TWR-0016,AMPLIFIER,PART-AMP-G2,Qualcomm,AMP-G2,6614E02D-807B-344,2022-12-14,v2.0.2-OUTDATED,FAILING
EQP-00116,TWR-0016,AMPLIFIER,PART-AMP-G1,Qualcomm,AMP-G1,A9E342A8-5B63-539,2023-02-02,v3.0.0,OPERATIONAL
EQP-00117,TWR-0016,TRANSCEIVER,PART-TRX-H1,Mediatek,TRX-H1,67E34902-98A1-853,2023-03-19,v1.3.0,WARNING
EQP-00118,TWR-0016,TRANSCEIVER,PART-TRX-H1,Mediatek,TRX-H1,2437767E-F7FD-819,2022-07-25,v1.5.8-OUTDATED,FAILING
EQP-00119,TWR-0017,5G_ROUTER,PART-RTR-B2,Juniper,RTR-B2,751196DA-1D79-964,2023-08-07,v3.0.0,OPERATIONAL
EQP-00120,TWR-0017,5G_ROUTER,PART-RTR-B1,Juniper,RTR-B1,02602C22-814F-630,2024-05-27,v1.0.4,OPERATIONAL
EQP-00121,TWR-0017,ANTENNA,PART-ANT-D1,Nokia,ANT-D1,59362D23-7655-294,2024-04-11,v1.1.0-OUTDATED,OPERATIONAL
EQP-00122,TWR-0017,AMPLIFIER,PART-AMP-G2,Qualcomm,AMP-G2,9EFAD1F7-B31E-448,2022-05-07,v1.5.8-OUTDATED,WARNING
EQP-00123,TWR-0017,AMPLIFIER,PART-AMP-G2,Qualcomm,AMP-G2,A07BB75D-212C-469,2022-02-04,v1.1.0-OUTDATED,WARNING
EQP-00124,TWR-0017,AMPLIFIER,PART-AMP-G1,Qualcomm,AMP-G1,20D71399-D010-393,2023-10-25,v1.3.0,OPERATIONAL
EQP-00125,TWR-0017,TRANSCEIVER,PART-TRX-H2,Mediatek,TRX-H2,A3AA3B60-6CB4-756,2022-12-21,v3.0.0,OPERATIONAL
EQP-00126,TWR-0018,5G_ROUTER,PART-RTR-B1,Juniper,RTR-B1,71FD38C8-3F45-371,2024-03-22,v1.5.8-OUTDATED,OPERATIONAL
EQP-00127,TWR-0018,5G_ROUTER,PART-RTR-B2,Juniper,RTR-B2,8BEEDEFF-A21C-315,2024-01-03,v1.5.8-OUTDATED,OPERATIONAL
EQP-00128,TWR-0018,5G_ROUTER,PART-RTR-B1,Juniper,RTR-B1,EAC46FD3-E7D8-603,2022-05-28,v2.1.3,OPERATIONAL
EQP-00129,TWR-0018,ANTENNA,PART-ANT-D2,Nokia,ANT-D2,5BD11B7D-150B-856,2022-05-23,v1.2.7,OPERATIONAL
EQP-00130,TWR-0018,ANTENNA,PART-ANT-D1,Nokia,ANT-D1,5D0FE22B-0818-349,2023-10-06,v1.0.4,OPERATIONAL
EQP-00131,TWR-0018,BASEBAND_UNIT,PART-BBU-F2,Samsung,BBU-F2,E7A9F336-BD41-608,2023-06-29,v1.5.8-OUTDATED,WARNING
EQP-00132,TWR-0018,AMPLIFIER,PART-AMP-G2,Qualcomm,AMP-G2,52DDB946-1376-080,2024-05-22,v2.0.2-OUTDATED,WARNING
EQP-00133,TWR-0018,TRANSCEIVER,PART-TRX-H2,Mediatek,TRX-H2,4877DBD6-4685-459,2022-05-18,v2.0.1,OPERATIONAL
EQP-00134,TWR-0019,5G_ROUTER,PART-RTR-A1,Cisco,RTR-A1,9B8DFE1E-5764-876,2023-08-05,v1.1.0-OUTDATED,OPERATIONAL
EQP-00135,TWR-0019,ANTENNA,PART-ANT-C1,Ericsson,ANT-C1,FF6B87BB-EC9E-102,2023-11-27,v2.4.0,WARNING
EQP-00136,TWR-0019,ANTENNA,PART-ANT-D2,Nokia,ANT-D2,66C4E755-6F18-834,2023-03-07,v1.1.0-OUTDATED,OPERATIONAL
EQP-00137,TWR-0019,BASEBAND_UNIT,PART-BBU-F1,Samsung,BBU-F1,952AE862-FDE5-624,2023-01-30,v1.1.0-OUTDATED,OPERATIONAL
EQP-00138,TWR-0019,BASEBAND_UNIT,PART-BBU-E1,Huawei,BBU-E1,33681B7E-404F-321,2023-10-04,v1.5.8-OUTDATED,WARNING
EQP-00139,TWR-0019,AMPLIFIER,PART-AMP-G1,Qualcomm,AMP-G1,D4A354AE-44D7-512,2023-10-05,v2.0.2-OUTDATED,OPERATIONAL
EQP-00140,TWR-0019,TRANSCEIVER,PART-TRX-H1,Mediatek,TRX-H1,2D5A6C92-3E84-143,2022-04-27,v2.4.0,WARNING
EQP-00141,TWR-0019,FIREWALL,PART-FWL-J1,Fortinet,FWL-J1,EF63628A-F532-376,2023-07-02,v2.1.3,WARNING
EQP-00142,TWR-0020,5G_ROUTER,PART-RTR-A2,Cisco,RTR-A2,1C7C7208-8DE2-314,2022-07-09,v2.1.3,WARNING
EQP-00143,TWR-0020,5G_ROUTER,PART-RTR-A1,Cisco,RTR-A1,1018231B-AF13-455,2023-08-15,v2.0.1,WARNING
EQP-00144,TWR-0020,ANTENNA,PART-ANT-C2,Ericsson,ANT-C2,23606C86-7F88-929,2022-05-24,v1.1.0-OUTDATED,WARNING
EQP-00145,TWR-0020,ANTENNA,PART-ANT-C1,Ericsson,ANT-C1,17531E9B-1598-694,2023-09-02,v2.0.2-OUTDATED,FAILING
EQP-00146,TWR-0020,AMPLIFIER,PART-AMP-G2,Qualcomm,AMP-G2,6C41E041-3627-926,2022-05-05,v1.1.0-OUTDATED,FAILING
EQP-00147,TWR-0020,TRANSCEIVER,PART-TRX-H2,Mediatek,TRX-H2,E697519E-89A6-120,2023-04-07,v2.0.2-OUTDATED,WARNING
EQP-00148,TWR-0020,TRANSCEIVER,PART-TRX-H2,Mediatek,TRX-H2,D5DD39B7-BEAD-800,2024-01-11,v1.0.4,WARNING
EQP-00149,TWR-0021,5G_ROUTER,PART-RTR-B2,Juniper,RTR-B2,D3023B87-0A5C-112,2022-09-27,v1.2.7,OPERATIONAL
EQP-00150,TWR-0021,ANTENNA,PART-ANT-C1,Ericsson,ANT-C1,04E7744A-FBB7-098,2023-10-22,v1.0.4,WARNING
EQP-00151,TWR-0021,ANTENNA,PART-ANT-C1,Ericsson,ANT-C1,C81BE32B-5BB4-042,2023-05-22,v1.0.4,WARNING
EQP-00152,TWR-0021,BASEBAND_UNIT,PART-BBU-E2,Huawei,BBU-E2,6D53DB9F-CDC6-062,2023-07-08,v2.0.2-OUTDATED,OPERATIONAL
EQP-00153,TWR-0021,BASEBAND_UNIT,PART-BBU-E1,Huawei,BBU-E1,CFA99100-EC46-483,2022-08-13,v1.0.4,WARNING
EQP-00154,TWR-0021,AMPLIFIER,PART-AMP-G1,Qualcomm,AMP-G1,65BC17FD-CB0F-734,2024-03-20,v1.0.4,OPERATIONAL
EQP-00155,TWR-0021,AMPLIFIER,PART-AMP-G1,Qualcomm,AMP-G1,E40A704F-54AA-331,2024-02-13,v1.3.0,OPERATIONAL
EQP-00156,TWR-0021,AMPLIFIER,PART-AMP-G1,Qualcomm,AMP-G1,925D10A7-4725-233,2023-06-19,v1.2.7,OPERATIONAL
EQP-00157,TWR-0021,AMPLIFIER,PART-AMP-G2,Qualcomm,AMP-G2,AE15498E-EC30-898,2024-05-08,v2.4.0,WARNING
EQP-00158,TWR-0021,TRANSCEIVER,PART-TRX-H2,Mediatek,TRX-H2,40A9E9CC-02C2-205,2023-11-17,v1.5.8-OUTDATED,OPERATIONAL
EQP-00159,TWR-0021,TRANSCEIVER,PART-TRX-H1,Mediatek,TRX-H1,3207ABEA-C354-064,2024-06-01,v1.2.7,WARNING
EQP-00160,TWR-0021,TRANSCEIVER,PART-TRX-H1,Mediatek,TRX-H1,3750E315-2F34-270,2022-01-25,v1.3.0,WARNING
EQP-00161,TWR-0021,FIREWALL,PART-FWL-J1,Fortinet,FWL-J1,0831446F-4BC0-500,2023-02-13,v3.0.0,WARNING
EQP-00162,TWR-0021,FIREWALL,PART-FWL-J1,Fortinet,FWL-J1,8271F908-EB4E-185,2022-08-13,v1.0.4,WARNING
EQP-00163,TWR-0021,FIREWALL,PART-FWL-J1,Fortinet,FWL-J1,2EB8A41D-F008-042,2023-10-20,v2.0.2-OUTDATED,WARNING
EQP-00164,TWR-0022,5G_ROUTER,PART-RTR-A2,Cisco,RTR-A2,F44D531D-E1C2-138,2022-12-14,v1.0.4,WARNING
EQP-00165,TWR-0022,ANTENNA,PART-ANT-D1,Nokia,ANT-D1,6DB29EA3-2775-109,2022-04-18,v1.5.8-OUTDATED,OPERATIONAL
EQP-00166,TWR-0022,ANTENNA,PART-ANT-C2,Ericsson,ANT-C2,8F97EBB9-C899-751,2024-03-29,v3.0.0,OPERATIONAL
EQP-00167,TWR-0022,BASEBAND_UNIT,PART-BBU-E1,Huawei,BBU-E1,4B08EA49-5639-198,2023-02-09,v1.1.0-OUTDATED,FAILING
EQP-00168,TWR-0022,TRANSCEIVER,PART-TRX-H1,Mediatek,TRX-H1,FC6F0F5D-F99B-239,2022-06-12,v1.1.0-OUTDATED,FAILING
EQP-00169,TWR-0022,TRANSCEIVER,PART-TRX-H1,Mediatek,TRX-H1,57B4900F-DD58-674,2022-08-20,v1.2.7,WARNING
EQP-00170,TWR-0022,FIREWALL,PART-FWL-J2,Fortinet,FWL-J2,BB664CFF-C5C3-895,2022-09-01,v2.1.3,OPERATIONAL
EQP-00171,TWR-0023,TRANSCEIVER,PART-TRX-H1,Mediatek,TRX-H1,611680D1-F462-823,2023-10-29,v3.0.0,OPERATIONAL
EQP-00172,TWR-0023,FIREWALL,PART-FWL-J2,Fortinet,FWL-J2,119D1381-407B-411,2022-08-22,v1.3.0,OPERATIONAL
EQP-00173,TWR-0024,5G_ROUTER,PART-RTR-A2,Cisco,RTR-A2,68212FB2-462D-939,2022-08-12,v2.1.3,WARNING
EQP-00174,TWR-0024,5G_ROUTER,PART-RTR-A2,Cisco,RTR-A2,049C5430-0690-200,2024-04-08,v2.1.3,FAILING
EQP-00175,TWR-0024,ANTENNA,PART-ANT-C2,Ericsson,ANT-C2,FA89536B-AA90-625,2024-03-13,v2.4.0,OPERATIONAL
EQP-00176,TWR-0024,BASEBAND_UNIT,PART-BBU-F1,Samsung,BBU-F1,A93C7471-EB5C-054,2022-12-18,v2.0.1,WARNING
EQP-00177,TWR-0024,BASEBAND_UNIT,PART-BBU-E1,Huawei,BBU-E1,A0BD93B5-BA11-015,2022-03-07,v1.5.8-OUTDATED,FAILING
EQP-00178,TWR-0024,AMPLIFIER,PART-AMP-G2,Qualcomm,AMP-G2,40FE24BA-9FAA-501,2023-04-24,v3.0.0,WARNING
EQP-00179,TWR-0024,FIREWALL,PART-FWL-J1,Fortinet,FWL-J1,48E629CF-8C46-418,2022-10-30,v1.1.0-OUTDATED,FAILING
EQP-00180,TWR-0024,FIREWALL,PART-FWL-J2,Fortinet,FWL-J2,BE52DDE4-BBCC-951,2023-03-11,v2.4.0,OPERATIONAL
EQP-00181,TWR-0025,5G_ROUTER,PART-RTR-B1,Juniper,RTR-B1,13ED0535-A876-640,2023-09-15,v2.0.2-OUTDATED,WARNING
EQP-00182,TWR-0025,5G_ROUTER,PART-RTR-A2,Cisco,RTR-A2,0256FEA0-179A-141,2024-03-19,v2.1.3,OPERATIONAL
EQP-00183,TWR-0025,AMPLIFIER,PART-AMP-G1,Qualcomm,AMP-G1,790D8355-0FCE-353,2023-05-24,v1.3.0,OPERATIONAL
EQP-00184,TWR-0026,5G_ROUTER,PART-RTR-A2,Cisco,RTR-A2,7797C03E-ED57-025,2022-09-12,v2.0.2-OUTDATED,FAILING
EQP-00185,TWR-0026,5G_ROUTER,PART-RTR-B1,Juniper,RTR-B1,B5717B98-E349-479,2024-06-11,v2.0.2-OUTDATED,OPERATIONAL
EQP-00186,TWR-0026,ANTENNA,PART-ANT-C1,Ericsson,ANT-C1,0157E762-6899-429,2022-05-24,v3.0.0,WARNING
EQP-00187,TWR-0026,TRANSCEIVER,PART-TRX-H2,Mediatek,TRX-H2,229DE41A-0A6D-624,2023-11-06,v3.0.0,OPERATIONAL
EQP-00188,TWR-0026,TRANSCEIVER,PART-TRX-H1,Mediatek,TRX-H1,6D8A57D6-0666-070,2022-04-28,v1.5.8-OUTDATED,FAILING
EQP-00189,TWR-0026,TRANSCEIVER,PART-TRX-H2,Mediatek,TRX-H2,56065044-2C19-664,2024-01-05,v2.0.1,OPERATIONAL
EQP-00190,TWR-0026,FIREWALL,PART-FWL-J2,Fortinet,FWL-J2,88CD3C71-9F20-915,2023-06-28,v1.3.0,WARNING
EQP-00191,TWR-0027,5G_ROUTER,PART-RTR-B1,Juniper,RTR-B1,3C654925-40C0-958,2022-03-28,v1.2.7,OPERATIONAL
EQP-00192,TWR-0027,ANTENNA,PART-ANT-D1,Nokia,ANT-D1,515918C7-1B20-436,2022-09-04,v2.1.3,OPERATIONAL
EQP-00193,TWR-0027,ANTENNA,PART-ANT-D2,Nokia,ANT-D2,0C9E77D1-5C4E-283,2023-01-12,v2.0.1,OPERATIONAL
EQP-00194,TWR-0027,ANTENNA,PART-ANT-C2,Ericsson,ANT-C2,E3F0499E-FAA5-804,2023-08-09,v1.0.4,OPERATIONAL
EQP-00195,TWR-0027,ANTENNA,PART-ANT-D2,Nokia,ANT-D2,0D577D46-0519-892,2023-02-28,v1.5.8-OUTDATED,OPERATIONAL
EQP-00196,TWR-0027,ANTENNA,PART-ANT-C1,Ericsson,ANT-C1,EF0886D6-0835-501,2023-10-21,v2.1.3,OPERATIONAL
EQP-00197,TWR-0027,BASEBAND_UNIT,PART-BBU-E2,Huawei,BBU-E2,46169940-9A18-094,2023-02-17,v1.2.7,OPERATIONAL
EQP-00198,TWR-0027,AMPLIFIER,PART-AMP-G2,Qualcomm,AMP-G2,ABBC3D55-C51B-661,2023-06-15,v1.3.0,OPERATIONAL
EQP-00199,TWR-0027,FIREWALL,PART-FWL-J2,Fortinet,FWL-J2,2A388CF3-18F2-486,2023-01-07,v2.1.3,OPERATIONAL
EQP-00200,TWR-0028,ANTENNA,PART-ANT-D1,Nokia,ANT-D1,5A47D60E-4CC8-087,2024-05-15,v3.0.0,OPERATIONAL
EQP-00201,TWR-0028,ANTENNA,PART-ANT-C2,Ericsson,ANT-C2,A6DCC2A4-1511-726,2023-04-03,v3.0.0,OPERATIONAL
EQP-00202,TWR-0028,BASEBAND_UNIT,PART-BBU-F1,Samsung,BBU-F1,63CA9311-0F5A-981,2024-05-03,v2.0.1,OPERATIONAL
EQP-00203,TWR-0028,AMPLIFIER,PART-AMP-G2,Qualcomm,AMP-G2,5770C958-B0AD-725,2023-07-19,v2.0.2-OUTDATED,WARNING
EQP-00204,TWR-0028,TRANSCEIVER,PART-TRX-H1,Mediatek,TRX-H1,1BC79914-CF46-914,2022-05-28,v2.4.0,WARNING
EQP-00205,TWR-0028,TRANSCEIVER,PART-TRX-H1,Mediatek,TRX-H1,403A5FEE-BB8F-095,2023-10-21,v1.1.0-OUTDATED,WARNING
EQP-00206,TWR-0028,FIREWALL,PART-FWL-J2,Fortinet,FWL-J2,2549C193-1693-389,2024-05-18,v2.1.3,OPERATIONAL
EQP-00207,TWR-0028,FIREWALL,PART-FWL-J2,Fortinet,FWL-J2,5FD59B76-5205-794,2022-08-01,v2.4.0,OPERATIONAL
EQP-00208,TWR-0029,ANTENNA,PART-ANT-C1,Ericsson,ANT-C1,25933153-DE51-087,2022-10-23,v2.0.1,WARNING
EQP-00209,TWR-0029,ANTENNA,PART-ANT-C2,Ericsson,ANT-C2,784548B0-7AA9-524,2023-09-13,v1.2.7,OPERATIONAL
EQP-00210,TWR-0029,ANTENNA,PART-ANT-C2,Ericsson,ANT-C2,69571523-68F0-897,2022-10-27,v1.0.4,OPERATIONAL
EQP-00211,TWR-0029,BASEBAND_UNIT,PART-BBU-E1,Huawei,BBU-E1,BAF1F1EA-761C-727,2024-05-03,v2.4.0,WARNING
EQP-00212,TWR-0029,BASEBAND_UNIT,PART-BBU-F1,Samsung,BBU-F1,BFE6B4C9-7A49-474,2022-10-21,v1.0.4,OPERATIONAL
EQP-00213,TWR-0029,TRANSCEIVER,PART-TRX-H2,Mediatek,TRX-H2,F1C33211-DE90-863,2023-07-03,v2.1.3,OPERATIONAL
EQP-00214,TWR-0029,TRANSCEIVER,PART-TRX-H2,Mediatek,TRX-H2,8F65C8BB-D517-646,2024-01-15,v1.5.8-OUTDATED,OPERATIONAL
EQP-00215,TWR-0029,TRANSCEIVER,PART-TRX-H2,Mediatek,TRX-H2,4BDCCFA5-6B39-572,2023-08-31,v1.1.0-OUTDATED,OPERATIONAL
EQP-00216,TWR-0029,FIREWALL,PART-FWL-J2,Fortinet,FWL-J2,6B1BCEE5-0A14-701,2023-06-26,v1.5.8-OUTDATED,OPERATIONAL
EQP-00217,TWR-0029,FIREWALL,PART-FWL-J2,Fortinet,FWL-J2,9C2C9678-8532-340,2022-08-26,v2.1.3,OPERATIONAL
EQP-00218,TWR-0029,FIREWALL,PART-FWL-J2,Fortinet,FWL-J2,8E140FB3-6BF9-270,2023-09-27,v2.4.0,OPERATIONAL
EQP-00219,TWR-0029,FIREWALL,PART-FWL-J2,Fortinet,FWL-J2,AA0B0EE9-A1D4-261,2023-10-08,v3.0.0,OPERATIONAL
EQP-00220,TWR-0030,5G_ROUTER,PART-RTR-A1,Cisco,RTR-A1,F78849F6-CCDB-920,2023-10-13,v1.2.7,OPERATIONAL
EQP-00221,TWR-0030,5G_ROUTER,PART-RTR-A2,Cisco,RTR-A2,FBDEF9BF-61EA-428,2023-10-16,v1.0.4,WARNING
EQP-00222,TWR-0030,5G_ROUTER,PART-RTR-B1,Juniper,RTR-B1,0744F825-3E45-333,2022-06-10,v1.5.8-OUTDATED,WARNING
EQP-00223,TWR-0030,5G_ROUTER,PART-RTR-B2,Juniper,RTR-B2,C966A1E9-38D2-523,2023-06-29,v2.1.3,OPERATIONAL
EQP-00224,TWR-0030,5G_ROUTER,PART-RTR-B2,Juniper,RTR-B2,C9BCE5B3-DF48-821,2022-01-25,v1.1.0-OUTDATED,WARNING
EQP-00225,TWR-0030,ANTENNA,PART-ANT-C1,Ericsson,ANT-C1,BDD3CC0B-AF0F-570,2022-09-07,v2.4.0,WARNING
EQP-00226,TWR-0030,ANTENNA,PART-ANT-D1,Nokia,ANT-D1,6CF5FA39-C010-569,2022-02-22,v2.0.2-OUTDATED,WARNING
EQP-00227,TWR-0030,ANTENNA,PART-ANT-C2,Ericsson,ANT-C2,E214CE48-CC2D-866,2023-11-01,v1.1.0-OUTDATED,WARNING
EQP-00228,TWR-0030,ANTENNA,PART-ANT-C2,Ericsson,ANT-C2,86ED8B6B-1E89-189,2023-04-27,v2.0.2-OUTDATED,WARNING
EQP-00229,TWR-0030,AMPLIFIER,PART-AMP-G1,Qualcomm,AMP-G1,0EB7DC10-4098-537,2022-03-09,v1.2.7,OPERATIONAL
EQP-00230,TWR-0030,TRANSCEIVER,PART-TRX-H2,Mediatek,TRX-H2,EF906BB3-DF86-525,2022-01-25,v1.5.8-OUTDATED,WARNING
EQP-00231,TWR-0030,TRANSCEIVER,PART-TRX-H1,Mediatek,TRX-H1,80088F8F-C5E7-594,2022-04-02,v2.0.2-OUTDATED,FAILING
EQP-00232,TWR-0030,TRANSCEIVER,PART-TRX-H1,Mediatek,TRX-H1,384914A9-FEC0-601,2022-07-28,v1.0.4,WARNING
EQP-00233,TWR-0031,5G_ROUTER,PART-RTR-B2,Juniper,RTR-B2,4371828A-21CB-261,2024-03-19,v2.4.0,OPERATIONAL
EQP-00234,TWR-0031,5G_ROUTER,PART-RTR-A2,Cisco,RTR-A2,3E1A0361-731F-980,2024-05-26,v3.0.0,OPERATIONAL
EQP-00235,TWR-0031,BASEBAND_UNIT,PART-BBU-F1,Samsung,BBU-F1,26556874-FF53-532,2022-12-03,v3.0.0,OPERATIONAL
EQP-00236,TWR-0031,TRANSCEIVER,PART-TRX-H2,Mediatek,TRX-H2,F602165D-E2F9-306,2023-01-06,v2.0.2-OUTDATED,WARNING
EQP-00237,TWR-0032,5G_ROUTER,PART-RTR-B1,Juniper,RTR-B1,72D01420-662C-881,2023-10-18,v2.0.2-OUTDATED,OPERATIONAL
EQP-00238,TWR-0032,5G_ROUTER,PART-RTR-B2,Juniper,RTR-B2,8F560B1A-C394-397,2023-04-28,v1.2.7,OPERATIONAL
EQP-00239,TWR-0032,AMPLIFIER,PART-AMP-G2,Qualcomm,AMP-G2,3C67D37F-614F-758,2024-01-08,v2.1.3,WARNING
EQP-00240,TWR-0032,AMPLIFIER,PART-AMP-G2,Qualcomm,AMP-G2,4D6CE3FA-BC2B-212,2022-09-05,v1.2.7,WARNING
EQP-00241,TWR-0032,AMPLIFIER,PART-AMP-G1,Qualcomm,AMP-G1,12F567B9-8D7C-909,2023-09-08,v2.4.0,OPERATIONAL
EQP-00242,TWR-0032,TRANSCEIVER,PART-TRX-H1,Mediatek,TRX-H1,04974513-C0D5-807,2022-08-22,v1.1.0-OUTDATED,WARNING
EQP-00243,TWR-0032,TRANSCEIVER,PART-TRX-H1,Mediatek,TRX-H1,D9D0C450-FAF9-158,2022-11-04,v2.1.3,WARNING
EQP-00244,TWR-0032,TRANSCEIVER,PART-TRX-H1,Mediatek,TRX-H1,72EF99BA-18CC-595,2024-03-27,v1.2.7,WARNING
EQP-00245,TWR-0033,ANTENNA,PART-ANT-C2,Ericsson,ANT-C2,967BE34A-C6A0-291,2024-05-20,v2.1.3,OPERATIONAL
EQP-00246,TWR-0033,BASEBAND_UNIT,PART-BBU-E2,Huawei,BBU-E2,9D34FFE5-C7DD-434,2022-10-05,v2.1.3,OPERATIONAL
EQP-00247,TWR-0033,AMPLIFIER,PART-AMP-G1,Qualcomm,AMP-G1,F76AE2F6-047A-565,2022-05-04,v2.0.2-OUTDATED,OPERATIONAL
EQP-00248,TWR-0033,AMPLIFIER,PART-AMP-G1,Qualcomm,AMP-G1,734BC296-5B3C-400,2022-03-28,v1.3.0,OPERATIONAL
EQP-00249,TWR-0033,AMPLIFIER,PART-AMP-G2,Qualcomm,AMP-G2,CD9B255C-5B49-209,2023-05-24,v2.0.1,WARNING
EQP-00250,TWR-0033,TRANSCEIVER,PART-TRX-H1,Mediatek,TRX-H1,1B0FD9EC-2B6D-862,2024-05-19,v2.4.0,OPERATIONAL
EQP-00251,TWR-0033,TRANSCEIVER,PART-TRX-H2,Mediatek,TRX-H2,7322F957-296C-021,2024-04-28,v3.0.0,OPERATIONAL
EQP-00252,TWR-0034,5G_ROUTER,PART-RTR-A1,Cisco,RTR-A1,065BA378-7028-260,2023-05-12,v1.2.7,OPERATIONAL
EQP-00253,TWR-0034,ANTENNA,PART-ANT-D1,Nokia,ANT-D1,2B3AD520-51EF-979,2024-04-20,v1.5.8-OUTDATED,OPERATIONAL
EQP-00254,TWR-0034,ANTENNA,PART-ANT-D1,Nokia,ANT-D1,9574D66B-5531-037,2023-01-02,v2.1.3,OPERATIONAL
EQP-00255,TWR-0034,ANTENNA,PART-ANT-D2,Nokia,ANT-D2,F4A5429A-5874-691,2023-05-20,v2.1.3,OPERATIONAL
EQP-00256,TWR-0034,BASEBAND_UNIT,PART-BBU-E1,Huawei,BBU-E1,176C4F92-6E4B-782,2023-09-23,v2.4.0,WARNING
EQP-00257,TWR-0034,BASEBAND_UNIT,PART-BBU-E2,Huawei,BBU-E2,1555E08F-E9F6-610,2023-05-11,v1.2.7,OPERATIONAL
EQP-00258,TWR-0034,BASEBAND_UNIT,PART-BBU-E2,Huawei,BBU-E2,00E25998-FCFA-978,2023-07-02,v3.0.0,OPERATIONAL
EQP-00259,TWR-0034,BASEBAND_UNIT,PART-BBU-E2,Huawei,BBU-E2,8DD1EBEB-E433-251,2022-07-14,v1.1.0-OUTDATED,OPERATIONAL
EQP-00260,TWR-0034,BASEBAND_UNIT,PART-BBU-F2,Samsung,BBU-F2,7328C28A-B1B0-236,2022-10-18,v2.4.0,WARNING
EQP-00261,TWR-0034,AMPLIFIER,PART-AMP-G2,Qualcomm,AMP-G2,D3CFF413-C3A5-766,2023-07-06,v1.1.0-OUTDATED,WARNING
EQP-00262,TWR-0035,5G_ROUTER,PART-RTR-B2,Juniper,RTR-B2,9CF58AD7-5DF9-103,2022-09-22,v2.1.3,OPERATIONAL
EQP-00263,TWR-0035,ANTENNA,PART-ANT-D2,Nokia,ANT-D2,7BAD07BF-2E03-846,2023-12-18,v1.2.7,OPERATIONAL
EQP-00264,TWR-0035,ANTENNA,PART-ANT-D1,Nokia,ANT-D1,F998884D-59A8-610,2022-02-14,v2.0.1,OPERATIONAL
EQP-00265,TWR-0035,AMPLIFIER,PART-AMP-G2,Qualcomm,AMP-G2,576EEB50-CE7D-929,2023-05-14,v2.0.1,WARNING
EQP-00266,TWR-0035,TRANSCEIVER,PART-TRX-H1,Mediatek,TRX-H1,30C820F5-5A5E-680,2022-11-22,v1.0.4,OPERATIONAL
EQP-00267,TWR-0036,5G_ROUTER,PART-RTR-A1,Cisco,RTR-A1,4D9E50E3-DB3C-081,2022-12-24,v2.4.0,OPERATIONAL
EQP-00268,TWR-0036,ANTENNA,PART-ANT-D1,Nokia,ANT-D1,5A897B2B-01B2-769,2022-05-01,v1.5.8-OUTDATED,OPERATIONAL
EQP-00269,TWR-0036,ANTENNA,PART-ANT-C2,Ericsson,ANT-C2,2E2E5CF1-59D2-186,2022-12-02,v2.0.2-OUTDATED,OPERATIONAL
EQP-00270,TWR-0036,FIREWALL,PART-FWL-J1,Fortinet,FWL-J1,342DC28A-AFAA-032,2022-03-14,v1.3.0,OPERATIONAL
EQP-00271,TWR-0037,5G_ROUTER,PART-RTR-A2,Cisco,RTR-A2,9E6A37CA-1EE7-340,2023-04-30,v2.1.3,WARNING
EQP-00272,TWR-0037,5G_ROUTER,PART-RTR-B2,Juniper,RTR-B2,C701CCC2-2636-557,2022-09-13,v1.5.8-OUTDATED,WARNING
EQP-00273,TWR-0037,ANTENNA,PART-ANT-C2,Ericsson,ANT-C2,16B95492-DD0F-023,2023-02-22,v1.2.7,OPERATIONAL
EQP-00274,TWR-0037,BASEBAND_UNIT,PART-BBU-F2,Samsung,BBU-F2,A530B076-FEDB-542,2022-11-15,v1.2.7,WARNING
EQP-00275,TWR-0037,FIREWALL,PART-FWL-J1,Fortinet,FWL-J1,2F6624A6-931E-431,2022-11-26,v2.4.0,WARNING
EQP-00276,TWR-0038,5G_ROUTER,PART-RTR-A2,Cisco,RTR-A2,4A96EE3A-F702-667,2024-04-01,v2.0.2-OUTDATED,WARNING
EQP-00277,TWR-0038,5G_ROUTER,PART-RTR-B1,Juniper,RTR-B1,2874AE30-55B8-017,2022-11-06,v3.0.0,OPERATIONAL
EQP-00278,TWR-0038,ANTENNA,PART-ANT-D2,Nokia,ANT-D2,B7945210-929F-696,2023-06-09,v2.0.2-OUTDATED,WARNING
EQP-00279,TWR-0038,AMPLIFIER,PART-AMP-G2,Qualcomm,AMP-G2,17E6DB42-045A-572,2023-03-13,v1.1.0-OUTDATED,FAILING
EQP-00280,TWR-0038,AMPLIFIER,PART-AMP-G1,Qualcomm,AMP-G1,BCBE5D62-21F2-834,2023-12-15,v2.0.1,OPERATIONAL
EQP-00281,TWR-0038,TRANSCEIVER,PART-TRX-H2,Mediatek,TRX-H2,7EEE740D-D81D-298,2023-05-15,v1.5.8-OUTDATED,WARNING
EQP-00282,TWR-0038,FIREWALL,PART-FWL-J2,Fortinet,FWL-J2,A211FF66-6585-615,2022-12-12,v2.1.3,OPERATIONAL
EQP-00283,TWR-0039,5G_ROUTER,PART-RTR-B2,Juniper,RTR-B2,AF31813C-68C2-478,2022-02-01,v1.0.4,OPERATIONAL
EQP-00284,TWR-0039,ANTENNA,PART-ANT-D1,Nokia,ANT-D1,73E43023-3BED-955,2024-03-29,v1.2.7,OPERATIONAL
EQP-00285,TWR-0039,BASEBAND_UNIT,PART-BBU-E1,Huawei,BBU-E1,76A59F3C-E854-167,2022-10-20,v2.0.2-OUTDATED,FAILING
EQP-00286,TWR-0039,BASEBAND_UNIT,PART-BBU-E1,Huawei,BBU-E1,B838C00F-B9E9-520,2022-07-12,v2.4.0,WARNING
EQP-00287,TWR-0039,BASEBAND_UNIT,PART-BBU-E1,Huawei,BBU-E1,CC4BB129-9A5D-445,2022-07-07,v1.2.7,WARNING
EQP-00288,TWR-0039,TRANSCEIVER,PART-TRX-H2,Mediatek,TRX-H2,1EB73121-8324-698,2023-03-29,v2.4.0,OPERATIONAL
EQP-00289,TWR-0039,FIREWALL,PART-FWL-J2,Fortinet,FWL-J2,2B72BF82-49FE-932,2024-01-29,v1.0.4,OPERATIONAL
EQP-00290,TWR-0040,5G_ROUTER,PART-RTR-B1,Juniper,RTR-B1,9ABBA2E0-66F1-475,2022-11-22,v2.0.2-OUTDATED,OPERATIONAL
EQP-00291,TWR-0040,5G_ROUTER,PART-RTR-A1,Cisco,RTR-A1,136E6EBD-DBB2-716,2022-02-14,v2.0.2-OUTDATED,OPERATIONAL
EQP-00292,TWR-0040,ANTENNA,PART-ANT-D1,Nokia,ANT-D1,BACA5597-5783-637,2022-10-14,v1.0.4,OPERATIONAL
EQP-00293,TWR-0040,ANTENNA,PART-ANT-C2,Ericsson,ANT-C2,4619BF48-8B9C-849,2022-04-14,v2.4.0,OPERATIONAL
EQP-00294,TWR-0040,AMPLIFIER,PART-AMP-G1,Qualcomm,AMP-G1,5A8729B0-9E9F-352,2022-01-04,v2.4.0,OPERATIONAL
EQP-00295,TWR-0040,AMPLIFIER,PART-AMP-G1,Qualcomm,AMP-G1,A302EC49-52FD-363,2022-11-19,v1.3.0,OPERATIONAL
EQP-00296,TWR-0040,TRANSCEIVER,PART-TRX-H2,Mediatek,TRX-H2,D7667807-7456-365,2024-04-07,v3.0.0,OPERATIONAL
EQP-00297,TWR-0040,FIREWALL,PART-FWL-J2,Fortinet,FWL-J2,884E082C-640C-396,2022-08-29,v3.0.0,OPERATIONAL
EQP-00298,TWR-0041,5G_ROUTER,PART-RTR-B2,Juniper,RTR-B2,D072202F-7F4C-089,2022-04-09,v2.4.0,OPERATIONAL
EQP-00299,TWR-0041,5G_ROUTER,PART-RTR-B2,Juniper,RTR-B2,0EABE5B8-8A70-074,2023-04-02,v1.0.4,OPERATIONAL
EQP-00300,TWR-0041,5G_ROUTER,PART-RTR-A1,Cisco,RTR-A1,9B9357F8-AB5F-674,2024-02-12,v1.5.8-OUTDATED,WARNING
EQP-00301,TWR-0041,5G_ROUTER,PART-RTR-A2,Cisco,RTR-A2,B90929B8-40AB-477,2023-10-15,v2.4.0,WARNING
EQP-00302,TWR-0041,ANTENNA,PART-ANT-D2,Nokia,ANT-D2,C80D7AE5-90E0-540,2022-11-17,v2.0.2-OUTDATED,WARNING
EQP-00303,TWR-0041,BASEBAND_UNIT,PART-BBU-E2,Huawei,BBU-E2,07E24313-9CBC-714,2022-12-15,v1.2.7,OPERATIONAL
EQP-00304,TWR-0041,AMPLIFIER,PART-AMP-G2,Qualcomm,AMP-G2,E2B1C136-B045-730,2024-05-25,v1.2.7,WARNING
EQP-00305,TWR-0041,TRANSCEIVER,PART-TRX-H1,Mediatek,TRX-H1,985D1234-7FA6-211,2023-08-14,v2.1.3,WARNING
EQP-00306,TWR-0041,TRANSCEIVER,PART-TRX-H2,Mediatek,TRX-H2,4F78E478-4041-675,2022-01-07,v1.5.8-OUTDATED,WARNING
EQP-00307,TWR-0041,FIREWALL,PART-FWL-J1,Fortinet,FWL-J1,5E9AA4A3-AAEE-023,2022-09-30,v2.4.0,WARNING
EQP-00308,TWR-0042,5G_ROUTER,PART-RTR-B2,Juniper,RTR-B2,859D4EEE-1411-053,2023-02-05,v1.1.0-OUTDATED,OPERATIONAL
EQP-00309,TWR-0042,5G_ROUTER,PART-RTR-B1,Juniper,RTR-B1,14FEE0AA-2E6F-113,2023-08-16,v2.0.2-OUTDATED,OPERATIONAL
EQP-00310,TWR-0042,5G_ROUTER,PART-RTR-B2,Juniper,RTR-B2,2F913500-EF8E-654,2022-01-26,v1.5.8-OUTDATED,OPERATIONAL
EQP-00311,TWR-0042,5G_ROUTER,PART-RTR-B1,Juniper,RTR-B1,B0D524AD-92EC-409,2023-05-21,v1.0.4,OPERATIONAL
EQP-00312,TWR-0042,ANTENNA,PART-ANT-C1,Ericsson,ANT-C1,F6029FB9-5705-622,2024-04-05,v1.1.0-OUTDATED,WARNING
EQP-00313,TWR-0042,ANTENNA,PART-ANT-D2,Nokia,ANT-D2,ED0C39FE-A48B-513,2023-01-04,v2.0.1,OPERATIONAL
EQP-00314,TWR-0042,BASEBAND_UNIT,PART-BBU-F1,Samsung,BBU-F1,690F1F08-696E-016,2024-06-16,v2.0.1,OPERATIONAL
EQP-00315,TWR-0042,BASEBAND_UNIT,PART-BBU-E2,Huawei,BBU-E2,BC2165CE-6C0B-099,2023-09-01,v3.0.0,OPERATIONAL
EQP-00316,TWR-0042,AMPLIFIER,PART-AMP-G1,Qualcomm,AMP-G1,6646DC54-8A2B-947,2024-02-09,v3.0.0,OPERATIONAL
EQP-00317,TWR-0042,TRANSCEIVER,PART-TRX-H1,Mediatek,TRX-H1,855B71A2-F650-167,2024-05-13,v2.0.1,WARNING
EQP-00318,TWR-0042,TRANSCEIVER,PART-TRX-H1,Mediatek,TRX-H1,8EF06D78-9BFE-624,2023-06-10,v2.0.1,WARNING
EQP-00319,TWR-0043,5G_ROUTER,PART-RTR-A1,Cisco,RTR-A1,51B0B7CF-8975-088,2022-01-29,v2.0.1,OPERATIONAL
EQP-00320,TWR-0043,ANTENNA,PART-ANT-C2,Ericsson,ANT-C2,BE059BBB-1471-342,2022-12-17,v1.5.8-OUTDATED,OPERATIONAL
EQP-00321,TWR-0043,ANTENNA,PART-ANT-D1,Nokia,ANT-D1,F5FBBDD3-68F0-476,2022-07-15,v2.0.2-OUTDATED,OPERATIONAL
EQP-00322,TWR-0043,FIREWALL,PART-FWL-J1,Fortinet,FWL-J1,3C3CFC22-68C6-166,2024-06-22,v1.3.0,OPERATIONAL
EQP-00323,TWR-0044,ANTENNA,PART-ANT-C1,Ericsson,ANT-C1,EABE7297-CC75-421,2023-07-31,v1.3.0,WARNING
EQP-00324,TWR-0044,ANTENNA,PART-ANT-C1,Ericsson,ANT-C1,A88F42CE-9657-052,2023-04-27,v1.3.0,WARNING
EQP-00325,TWR-0044,ANTENNA,PART-ANT-C2,Ericsson,ANT-C2,448F3E8F-6FAA-562,2023-02-16,v1.5.8-OUTDATED,OPERATIONAL
EQP-00326,TWR-0044,ANTENNA,PART-ANT-C2,Ericsson,ANT-C2,8DC0BDB7-5AA5-405,2022-12-02,v2.0.2-OUTDATED,OPERATIONAL
EQP-00327,TWR-0044,BASEBAND_UNIT,PART-BBU-E2,Huawei,BBU-E2,001686F3-6349-309,2022-10-17,v1.2.7,OPERATIONAL
EQP-00328,TWR-0044,BASEBAND_UNIT,PART-BBU-F2,Samsung,BBU-F2,AD3139F2-08F8-923,2023-08-09,v2.0.1,WARNING
EQP-00329,TWR-0044,BASEBAND_UNIT,PART-BBU-E1,Huawei,BBU-E1,06C832A7-955A-007,2023-02-01,v2.4.0,WARNING
EQP-00330,TWR-0044,BASEBAND_UNIT,PART-BBU-E2,Huawei,BBU-E2,5CB64334-C008-223,2024-01-27,v1.0.4,OPERATIONAL
EQP-00331,TWR-0044,AMPLIFIER,PART-AMP-G2,Qualcomm,AMP-G2,CC77639D-4096-796,2024-02-20,v1.2.7,WARNING
EQP-00332,TWR-0044,AMPLIFIER,PART-AMP-G1,Qualcomm,AMP-G1,F6E154E9-52CA-852,2023-02-04,v1.3.0,OPERATIONAL
EQP-00333,TWR-0044,FIREWALL,PART-FWL-J2,Fortinet,FWL-J2,25931D86-8B07-253,2022-03-25,v1.3.0,OPERATIONAL
EQP-00334,TWR-0044,FIREWALL,PART-FWL-J2,Fortinet,FWL-J2,0788C79D-AE3C-696,2023-06-15,v2.0.1,OPERATIONAL
EQP-00335,TWR-0045,5G_ROUTER,PART-RTR-B1,Juniper,RTR-B1,08DA049C-7DC4-194,2024-04-02,v1.1.0-OUTDATED,OPERATIONAL
EQP-00336,TWR-0045,5G_ROUTER,PART-RTR-A2,Cisco,RTR-A2,9DE60E91-8045-453,2023-05-31,v1.2.7,WARNING
EQP-00337,TWR-0045,5G_ROUTER,PART-RTR-A1,Cisco,RTR-A1,D5BFB4A4-7A40-836,2023-10-25,v2.0.2-OUTDATED,WARNING
EQP-00338,TWR-0045,AMPLIFIER,PART-AMP-G2,Qualcomm,AMP-G2,164FFB70-31C1-676,2024-05-17,v2.1.3,WARNING
EQP-00339,TWR-0045,TRANSCEIVER,PART-TRX-H2,Mediatek,TRX-H2,4AE6736D-A38B-077,2023-11-27,v1.5.8-OUTDATED,WARNING
EQP-00340,TWR-0045,FIREWALL,PART-FWL-J2,Fortinet,FWL-J2,3468E346-DF7B-916,2024-02-11,v2.4.0,OPERATIONAL
EQP-00341,TWR-0045,FIREWALL,PART-FWL-J2,Fortinet,FWL-J2,A8F35B08-D2C6-859,2023-08-02,v1.3.0,OPERATIONAL
EQP-00342,TWR-0046,5G_ROUTER,PART-RTR-A1,Cisco,RTR-A1,2B03EE06-14F3-640,2024-01-03,v1.1.0-OUTDATED,OPERATIONAL
EQP-00343,TWR-0046,ANTENNA,PART-ANT-C2,Ericsson,ANT-C2,E5B713BA-8CB5-293,2024-05-10,v2.4.0,OPERATIONAL
EQP-00344,TWR-0046,ANTENNA,PART-ANT-D2,Nokia,ANT-D2,F0C2D9BB-94C8-544,2022-10-18,v2.1.3,OPERATIONAL
EQP-00345,TWR-0046,ANTENNA,PART-ANT-C2,Ericsson,ANT-C2,085A5FA7-BA99-930,2022-10-17,v1.2.7,OPERATIONAL
EQP-00346,TWR-0046,ANTENNA,PART-ANT-C2,Ericsson,ANT-C2,649F93EC-726C-576,2022-06-19,v1.2.7,OPERATIONAL
EQP-00347,TWR-0046,BASEBAND_UNIT,PART-BBU-E2,Huawei,BBU-E2,2F7A516B-5975-254,2022-08-26,v2.4.0,OPERATIONAL
EQP-00348,TWR-0046,BASEBAND_UNIT,PART-BBU-F2,Samsung,BBU-F2,4B5B45EE-64B1-455,2023-07-01,v1.3.0,WARNING
EQP-00349,TWR-0046,BASEBAND_UNIT,PART-BBU-E1,Huawei,BBU-E1,A10418E4-730B-256,2023-05-14,v1.3.0,OPERATIONAL
EQP-00350,TWR-0046,FIREWALL,PART-FWL-J2,Fortinet,FWL-J2,AD29E704-CC53-291,2022-08-09,v3.0.0,OPERATIONAL
EQP-00351,TWR-0047,5G_ROUTER,PART-RTR-B1,Juniper,RTR-B1,BD0BC9D0-B2E7-090,2023-11-11,v1.2.7,OPERATIONAL
EQP-00352,TWR-0047,5G_ROUTER,PART-RTR-B2,Juniper,RTR-B2,B740E2D9-ABD0-990,2022-02-09,v1.1.0-OUTDATED,OPERATIONAL
EQP-00353,TWR-0047,ANTENNA,PART-ANT-D2,Nokia,ANT-D2,F4D178F1-0A0C-038,2024-06-03,v1.1.0-OUTDATED,OPERATIONAL
EQP-00354,TWR-0047,ANTENNA,PART-ANT-D1,Nokia,ANT-D1,8F247015-BB10-655,2022-11-24,v2.0.1,OPERATIONAL
EQP-00355,TWR-0047,ANTENNA,PART-ANT-D1,Nokia,ANT-D1,C4534B7A-187E-423,2022-04-04,v1.0.4,OPERATIONAL
EQP-00356,TWR-0047,AMPLIFIER,PART-AMP-G2,Qualcomm,AMP-G2,B2E6CA79-21CF-861,2022-10-05,v1.3.0,OPERATIONAL
EQP-00357,TWR-0047,AMPLIFIER,PART-AMP-G1,Qualcomm,AMP-G1,55B9CF6A-8F53-378,2023-07-18,v1.1.0-OUTDATED,OPERATIONAL
EQP-00358,TWR-0047,AMPLIFIER,PART-AMP-G2,Qualcomm,AMP-G2,FD0825FF-22B6-432,2024-03-06,v2.1.3,OPERATIONAL
EQP-00359,TWR-0047,TRANSCEIVER,PART-TRX-H2,Mediatek,TRX-H2,EECFBE80-DE46-571,2023-08-17,v1.1.0-OUTDATED,OPERATIONAL
EQP-00360,TWR-0048,ANTENNA,PART-ANT-C2,Ericsson,ANT-C2,A6DDF91D-1342-723,2023-02-06,v1.2.7,OPERATIONAL
EQP-00361,TWR-0048,BASEBAND_UNIT,PART-BBU-E1,Huawei,BBU-E1,303BC418-C1C2-257,2023-07-22,v1.1.0-OUTDATED,WARNING
EQP-00362,TWR-0048,TRANSCEIVER,PART-TRX-H1,Mediatek,TRX-H1,0423C303-19F2-728,2022-11-27,v3.0.0,WARNING
EQP-00363,TWR-0048,FIREWALL,PART-FWL-J2,Fortinet,FWL-J2,1B388924-BE06-880,2022-09-19,v1.1.0-OUTDATED,OPERATIONAL
EQP-00364,TWR-0049,5G_ROUTER,PART-RTR-A1,Cisco,RTR-A1,7EFAB94E-009D-813,2023-09-10,v3.0.0,OPERATIONAL
EQP-00365,TWR-0049,ANTENNA,PART-ANT-D2,Nokia,ANT-D2,6564615F-B244-281,2023-09-22,v2.1.3,OPERATIONAL
EQP-00366,TWR-0049,BASEBAND_UNIT,PART-BBU-F2,Samsung,BBU-F2,EB722DA8-9DD1-394,2022-02-09,v3.0.0,WARNING
EQP-00367,TWR-0049,BASEBAND_UNIT,PART-BBU-E1,Huawei,BBU-E1,6A3278B0-3CAE-813,2024-02-04,v2.0.1,WARNING
EQP-00368,TWR-0049,BASEBAND_UNIT,PART-BBU-E2,Huawei,BBU-E2,8F6E67A6-2E7E-398,2024-06-05,v1.1.0-OUTDATED,OPERATIONAL
EQP-00369,TWR-0049,TRANSCEIVER,PART-TRX-H2,Mediatek,TRX-H2,9CC3DFAF-DA7D-185,2023-05-27,v2.4.0,OPERATIONAL
EQP-00370,TWR-0049,FIREWALL,PART-FWL-J2,Fortinet,FWL-J2,DF415D80-1552-493,2023-03-13,v1.1.0-OUTDATED,OPERATIONAL
EQP-00371,TWR-0050,5G_ROUTER,PART-RTR-B1,Juniper,RTR-B1,33AFF80E-F460-800,2023-12-08,v2.1.3,OPERATIONAL
EQP-00372,TWR-0050,5G_ROUTER,PART-RTR-A2,Cisco,RTR-A2,0B683D6D-294F-556,2023-10-18,v2.1.3,WARNING
EQP-00373,TWR-0050,AMPLIFIER,PART-AMP-G1,Qualcomm,AMP-G1,1A153093-8C2B-296,2022-10-29,v1.0.4,OPERATIONAL
EQP-00374,TWR-0050,AMPLIFIER,PART-AMP-G2,Qualcomm,AMP-G2,9AA3944F-1673-784,2023-03-20,v2.0.1,WARNING
EQP-00375,TWR-0050,FIREWALL,PART-FWL-J2,Fortinet,FWL-J2,B6EB5FD9-09B5-143,2023-05-30,v3.0.0,OPERATIONAL
EQP-00376,TWR-0050,FIREWALL,PART-FWL-J1,Fortinet,FWL-J1,C570BDC6-07F1-213,2024-02-02,v1.2.7,WARNING
EQP-00377,TWR-0051,5G_ROUTER,PART-RTR-A2,Cisco,RTR-A2,92069DE7-6EC3-680,2023-10-14,v1.3.0,WARNING
EQP-00378,TWR-0051,ANTENNA,PART-ANT-D2,Nokia,ANT-D2,3F487BE6-6CFE-752,2023-10-03,v2.4.0,OPERATIONAL
EQP-00379,TWR-0051,ANTENNA,PART-ANT-D1,Nokia,ANT-D1,CE090964-EB9E-097,2023-08-12,v1.5.8-OUTDATED,OPERATIONAL
EQP-00380,TWR-0051,BASEBAND_UNIT,PART-BBU-E2,Huawei,BBU-E2,2328AC7F-5202-444,2023-01-12,v3.0.0,OPERATIONAL
EQP-00381,TWR-0051,BASEBAND_UNIT,PART-BBU-E1,Huawei,BBU-E1,D24F0638-F357-797,2024-06-16,v2.0.1,WARNING
EQP-00382,TWR-0051,AMPLIFIER,PART-AMP-G2,Qualcomm,AMP-G2,17C0C38F-AF93-691,2023-07-15,v1.0.4,WARNING
EQP-00383,TWR-0051,AMPLIFIER,PART-AMP-G2,Qualcomm,AMP-G2,41A9C28D-EF32-575,2023-02-26,v2.1.3,WARNING
EQP-00384,TWR-0051,TRANSCEIVER,PART-TRX-H1,Mediatek,TRX-H1,3125B114-DF70-011,2024-02-22,v1.1.0-OUTDATED,FAILING
EQP-00385,TWR-0051,TRANSCEIVER,PART-TRX-H2,Mediatek,TRX-H2,71D8573E-C3B2-452,2023-11-14,v2.0.2-OUTDATED,WARNING
EQP-00386,TWR-0052,5G_ROUTER,PART-RTR-B2,Juniper,RTR-B2,0B3B70C4-FD39-361,2023-07-03,v1.3.0,OPERATIONAL
EQP-00387,TWR-0052,5G_ROUTER,PART-RTR-A2,Cisco,RTR-A2,84A4EF2B-E2BF-224,2023-06-15,v1.1.0-OUTDATED,WARNING
EQP-00388,TWR-0052,5G_ROUTER,PART-RTR-B2,Juniper,RTR-B2,C5365B56-F9EB-884,2022-06-27,v1.1.0-OUTDATED,WARNING
EQP-00389,TWR-0052,ANTENNA,PART-ANT-D1,Nokia,ANT-D1,FF0566CB-39F7-927,2023-08-15,v1.3.0,OPERATIONAL
EQP-00390,TWR-0052,ANTENNA,PART-ANT-D1,Nokia,ANT-D1,EE0C3DC4-1648-081,2022-02-10,v3.0.0,OPERATIONAL
EQP-00391,TWR-0052,ANTENNA,PART-ANT-D1,Nokia,ANT-D1,6C552444-54A5-754,2023-07-05,v1.3.0,OPERATIONAL
EQP-00392,TWR-0052,ANTENNA,PART-ANT-C2,Ericsson,ANT-C2,A9E4F32D-E198-219,2023-04-20,v1.3.0,OPERATIONAL
EQP-00393,TWR-0052,ANTENNA,PART-ANT-C2,Ericsson,ANT-C2,A98E395F-4DA3-757,2022-08-08,v2.4.0,OPERATIONAL
EQP-00394,TWR-0052,ANTENNA,PART-ANT-C2,Ericsson,ANT-C2,45A69833-43E6-404,2023-09-05,v2.1.3,OPERATIONAL
EQP-00395,TWR-0052,AMPLIFIER,PART-AMP-G1,Qualcomm,AMP-G1,CB8FE326-DFBB-233,2023-06-24,v1.0.4,OPERATIONAL
EQP-00396,TWR-0052,AMPLIFIER,PART-AMP-G1,Qualcomm,AMP-G1,2831FEAA-39B8-281,2022-12-24,v2.0.1,OPERATIONAL
EQP-00397,TWR-0052,TRANSCEIVER,PART-TRX-H2,Mediatek,TRX-H2,D4FCE830-861E-969,2022-12-07,v1.5.8-OUTDATED,WARNING
EQP-00398,TWR-0052,TRANSCEIVER,PART-TRX-H2,Mediatek,TRX-H2,A6796C3A-FD01-628,2024-04-22,v1.2.7,OPERATIONAL
EQP-00399,TWR-0052,FIREWALL,PART-FWL-J2,Fortinet,FWL-J2,DE28B9C3-77F3-326,2022-01-21,v1.2.7,OPERATIONAL
EQP-00400,TWR-0052,FIREWALL,PART-FWL-J1,Fortinet,FWL-J1,2FD4B9E4-F5B6-670,2022-11-02,v2.1.3,WARNING
EQP-00401,TWR-0053,5G_ROUTER,PART-RTR-B2,Juniper,RTR-B2,DA4FB62F-CAD9-231,2022-08-05,v1.2.7,OPERATIONAL
EQP-00402,TWR-0053,5G_ROUTER,PART-RTR-B1,Juniper,RTR-B1,11BD2916-CCF4-947,2023-12-15,v1.5.8-OUTDATED,OPERATIONAL
EQP-00403,TWR-0053,5G_ROUTER,PART-RTR-A1,Cisco,RTR-A1,551E3462-CB22-021,2024-05-14,v1.3.0,OPERATIONAL
EQP-00404,TWR-0053,ANTENNA,PART-ANT-D1,Nokia,ANT-D1,6A23839E-49EE-007,2022-04-11,v2.0.2-OUTDATED,OPERATIONAL
EQP-00405,TWR-0053,ANTENNA,PART-ANT-D1,Nokia,ANT-D1,FE589AC5-E00F-176,2024-06-25,v1.2.7,OPERATIONAL
EQP-00406,TWR-0053,BASEBAND_UNIT,PART-BBU-E1,Huawei,BBU-E1,450F5272-C176-037,2022-02-17,v2.4.0,WARNING
EQP-00407,TWR-0053,AMPLIFIER,PART-AMP-G1,Qualcomm,AMP-G1,8622CB9D-1BC3-535,2023-11-30,v1.0.4,OPERATIONAL
EQP-00408,TWR-0053,AMPLIFIER,PART-AMP-G2,Qualcomm,AMP-G2,93AC0985-01CD-418,2024-05-06,v1.5.8-OUTDATED,FAILING
EQP-00409,TWR-0053,AMPLIFIER,PART-AMP-G1,Qualcomm,AMP-G1,EA9F9EF3-ABD5-860,2023-03-21,v1.1.0-OUTDATED,OPERATIONAL
EQP-00410,TWR-0053,AMPLIFIER,PART-AMP-G1,Qualcomm,AMP-G1,625FBBE4-A5D6-854,2023-11-13,v2.0.1,OPERATIONAL
EQP-00411,TWR-0053,TRANSCEIVER,PART-TRX-H1,Mediatek,TRX-H1,CEC58719-6618-578,2022-04-07,v1.0.4,WARNING
EQP-00412,TWR-0053,FIREWALL,PART-FWL-J1,Fortinet,FWL-J1,A2266E15-B3FB-945,2024-05-14,v1.5.8-OUTDATED,WARNING
EQP-00413,TWR-0054,5G_ROUTER,PART-RTR-A1,Cisco,RTR-A1,17B07BC6-DA04-936,2022-01-03,v1.5.8-OUTDATED,OPERATIONAL
EQP-00414,TWR-0054,5G_ROUTER,PART-RTR-B1,Juniper,RTR-B1,15FB26F3-97CC-832,2022-04-19,v2.0.2-OUTDATED,OPERATIONAL
EQP-00415,TWR-0054,5G_ROUTER,PART-RTR-A1,Cisco,RTR-A1,7B6AA51F-DE45-323,2022-01-29,v2.1.3,OPERATIONAL
EQP-00416,TWR-0054,ANTENNA,PART-ANT-D1,Nokia,ANT-D1,24F3885E-1DB4-766,2023-01-26,v2.0.2-OUTDATED,OPERATIONAL
EQP-00417,TWR-0054,TRANSCEIVER,PART-TRX-H2,Mediatek,TRX-H2,F008E1CF-7DC3-853,2023-09-30,v1.0.4,OPERATIONAL
EQP-00418,TWR-0055,5G_ROUTER,PART-RTR-A2,Cisco,RTR-A2,09ACC743-1AF1-702,2023-06-17,v3.0.0,WARNING
EQP-00419,TWR-0055,5G_ROUTER,PART-RTR-B1,Juniper,RTR-B1,234A4D51-166B-478,2022-05-30,v2.0.2-OUTDATED,WARNING
EQP-00420,TWR-0055,ANTENNA,PART-ANT-C1,Ericsson,ANT-C1,395AE58D-384A-742,2022-05-09,v2.0.2-OUTDATED,FAILING
EQP-00421,TWR-0055,BASEBAND_UNIT,PART-BBU-E1,Huawei,BBU-E1,2000BE6E-BCB3-522,2023-04-24,v1.0.4,WARNING
EQP-00422,TWR-0055,BASEBAND_UNIT,PART-BBU-E2,Huawei,BBU-E2,AC1AD16E-02C2-701,2024-03-31,v2.0.1,OPERATIONAL
EQP-00423,TWR-0055,AMPLIFIER,PART-AMP-G1,Qualcomm,AMP-G1,776568EF-D14C-544,2022-11-01,v1.5.8-OUTDATED,WARNING
EQP-00424,TWR-0055,TRANSCEIVER,PART-TRX-H1,Mediatek,TRX-H1,41566843-E64A-541,2023-06-10,v2.0.1,WARNING
EQP-00425,TWR-0055,TRANSCEIVER,PART-TRX-H1,Mediatek,TRX-H1,3B3D6666-A729-266,2022-04-09,v1.3.0,WARNING
EQP-00426,TWR-0056,5G_ROUTER,PART-RTR-B2,Juniper,RTR-B2,D592562F-4996-585,2023-05-31,v1.0.4,OPERATIONAL
EQP-00427,TWR-0056,ANTENNA,PART-ANT-C1,Ericsson,ANT-C1,1A16571B-6008-665,2023-05-14,v2.0.2-OUTDATED,FAILING
EQP-00428,TWR-0056,BASEBAND_UNIT,PART-BBU-F2,Samsung,BBU-F2,BCDFEC68-92A9-519,2024-01-31,v3.0.0,WARNING
EQP-00429,TWR-0056,BASEBAND_UNIT,PART-BBU-E1,Huawei,BBU-E1,AEFD434B-DEAA-950,2023-09-17,v2.1.3,WARNING
EQP-00430,TWR-0056,AMPLIFIER,PART-AMP-G2,Qualcomm,AMP-G2,285AA441-4DAF-925,2024-02-20,v1.1.0-OUTDATED,FAILING
EQP-00431,TWR-0056,TRANSCEIVER,PART-TRX-H2,Mediatek,TRX-H2,2501340D-8AAF-147,2022-11-09,v1.3.0,OPERATIONAL
EQP-00432,TWR-0056,FIREWALL,PART-FWL-J1,Fortinet,FWL-J1,488C839F-9920-209,2022-01-23,v1.5.8-OUTDATED,WARNING
EQP-00433,TWR-0057,5G_ROUTER,PART-RTR-B1,Juniper,RTR-B1,7E7ADCAC-466C-408,2024-05-04,v1.0.4,OPERATIONAL
EQP-00434,TWR-0057,5G_ROUTER,PART-RTR-B2,Juniper,RTR-B2,22BCA405-76ED-774,2022-01-21,v3.0.0,OPERATIONAL
EQP-00435,TWR-0057,5G_ROUTER,PART-RTR-A2,Cisco,RTR-A2,269A415C-FF91-966,2022-05-20,v2.1.3,WARNING
EQP-00436,TWR-0057,5G_ROUTER,PART-RTR-B1,Juniper,RTR-B1,4F83815F-4E8A-702,2023-05-18,v1.3.0,OPERATIONAL
EQP-00437,TWR-0057,ANTENNA,PART-ANT-D2,Nokia,ANT-D2,0E7A8A5D-3A98-021,2022-12-22,v1.3.0,OPERATIONAL
EQP-00438,TWR-0057,ANTENNA,PART-ANT-C1,Ericsson,ANT-C1,08B8C547-3CC6-791,2022-01-24,v2.4.0,WARNING
EQP-00439,TWR-0057,ANTENNA,PART-ANT-C1,Ericsson,ANT-C1,24638C77-04CC-104,2022-01-18,v2.0.1,WARNING
EQP-00440,TWR-0057,ANTENNA,PART-ANT-C2,Ericsson,ANT-C2,D29DC86C-BD8F-768,2022-02-27,v2.4.0,OPERATIONAL
EQP-00441,TWR-0057,BASEBAND_UNIT,PART-BBU-E2,Huawei,BBU-E2,4C1B538E-E60E-896,2023-07-06,v1.0.4,OPERATIONAL
EQP-00442,TWR-0057,TRANSCEIVER,PART-TRX-H2,Mediatek,TRX-H2,A8022E08-50E0-854,2023-12-10,v2.0.2-OUTDATED,WARNING
EQP-00443,TWR-0057,TRANSCEIVER,PART-TRX-H1,Mediatek,TRX-H1,C2E96A54-4993-245,2024-05-12,v2.1.3,WARNING
EQP-00444,TWR-0057,FIREWALL,PART-FWL-J1,Fortinet,FWL-J1,8D5448C8-4F96-009,2023-05-28,v1.3.0,WARNING
EQP-00445,TWR-0057,FIREWALL,PART-FWL-J1,Fortinet,FWL-J1,9E32F801-7935-735,2024-05-31,v2.4.0,WARNING
EQP-00446,TWR-0058,5G_ROUTER,PART-RTR-A1,Cisco,RTR-A1,76520D0D-3BFB-728,2022-08-30,v1.3.0,OPERATIONAL
EQP-00447,TWR-0058,AMPLIFIER,PART-AMP-G1,Qualcomm,AMP-G1,9A60E3FE-0BA3-811,2022-04-12,v1.2.7,OPERATIONAL
EQP-00448,TWR-0058,TRANSCEIVER,PART-TRX-H1,Mediatek,TRX-H1,3FB12412-9045-969,2024-06-06,v2.0.1,OPERATIONAL
EQP-00449,TWR-0059,5G_ROUTER,PART-RTR-B2,Juniper,RTR-B2,D588DBE8-EBBA-335,2023-07-09,v3.0.0,OPERATIONAL
EQP-00450,TWR-0059,ANTENNA,PART-ANT-D2,Nokia,ANT-D2,5A4C9B3C-C25A-872,2023-11-03,v1.2.7,OPERATIONAL
EQP-00451,TWR-0059,ANTENNA,PART-ANT-C1,Ericsson,ANT-C1,74EDE463-FD23-551,2023-01-14,v1.2.7,OPERATIONAL
EQP-00452,TWR-0059,ANTENNA,PART-ANT-C2,Ericsson,ANT-C2,75AEE7DB-3C5A-719,2024-05-09,v3.0.0,OPERATIONAL
EQP-00453,TWR-0059,AMPLIFIER,PART-AMP-G1,Qualcomm,AMP-G1,FC867F38-A0A4-280,2023-07-21,v1.1.0-OUTDATED,OPERATIONAL
EQP-00454,TWR-0059,AMPLIFIER,PART-AMP-G1,Qualcomm,AMP-G1,02791548-408D-584,2022-11-26,v1.0.4,OPERATIONAL
EQP-00455,TWR-0059,AMPLIFIER,PART-AMP-G1,Qualcomm,AMP-G1,723797FA-0890-384,2024-03-04,v2.1.3,OPERATIONAL
EQP-00456,TWR-0059,FIREWALL,PART-FWL-J2,Fortinet,FWL-J2,57315CFA-DAA6-061,2023-01-09,v1.1.0-OUTDATED,OPERATIONAL
EQP-00457,TWR-0059,FIREWALL,PART-FWL-J1,Fortinet,FWL-J1,D8C0345F-7AA6-965,2022-07-22,v2.1.3,OPERATIONAL
EQP-00458,TWR-0059,FIREWALL,PART-FWL-J2,Fortinet,FWL-J2,0BA4D242-2BBA-859,2022-03-05,v2.1.3,OPERATIONAL
EQP-00459,TWR-0060,5G_ROUTER,PART-RTR-A2,Cisco,RTR-A2,91FAC96A-D2DB-085,2024-05-02,v1.2.7,WARNING
EQP-00460,TWR-0060,5G_ROUTER,PART-RTR-B1,Juniper,RTR-B1,2923AAA5-D0D4-620,2024-04-04,v2.0.1,OPERATIONAL
EQP-00461,TWR-0060,5G_ROUTER,PART-RTR-A1,Cisco,RTR-A1,46DD3858-60EA-461,2022-04-09,v1.2.7,OPERATIONAL
EQP-00462,TWR-0060,BASEBAND_UNIT,PART-BBU-F1,Samsung,BBU-F1,17A4B608-2024-514,2024-06-20,v2.1.3,OPERATIONAL
EQP-00463,TWR-0060,BASEBAND_UNIT,PART-BBU-E2,Huawei,BBU-E2,303535F6-AA23-415,2023-02-24,v2.1.3,OPERATIONAL
EQP-00464,TWR-0060,AMPLIFIER,PART-AMP-G2,Qualcomm,AMP-G2,0A459FDF-6135-299,2022-07-09,v2.0.1,WARNING
EQP-00465,TWR-0060,AMPLIFIER,PART-AMP-G1,Qualcomm,AMP-G1,22A709D6-5464-923,2024-06-22,v2.1.3,OPERATIONAL
EQP-00466,TWR-0060,AMPLIFIER,PART-AMP-G2,Qualcomm,AMP-G2,5ED17A67-7B49-243,2024-03-21,v2.4.0,WARNING
EQP-00467,TWR-0060,TRANSCEIVER,PART-TRX-H1,Mediatek,TRX-H1,11059F72-527B-035,2023-12-10,v2.4.0,WARNING
EQP-00468,TWR-0061,5G_ROUTER,PART-RTR-B1,Juniper,RTR-B1,3ADCAB32-699C-308,2024-02-28,v1.0.4,OPERATIONAL
EQP-00469,TWR-0061,ANTENNA,PART-ANT-D2,Nokia,ANT-D2,73B26CC4-201D-782,2023-04-06,v2.0.1,OPERATIONAL
EQP-00470,TWR-0061,AMPLIFIER,PART-AMP-G2,Qualcomm,AMP-G2,9530A01C-9732-466,2022-11-23,v2.0.2-OUTDATED,WARNING
EQP-00471,TWR-0061,AMPLIFIER,PART-AMP-G2,Qualcomm,AMP-G2,82316438-73B5-341,2023-03-12,v1.1.0-OUTDATED,WARNING
EQP-00472,TWR-0061,TRANSCEIVER,PART-TRX-H2,Mediatek,TRX-H2,26929090-259B-468,2022-04-30,v1.1.0-OUTDATED,OPERATIONAL
EQP-00473,TWR-0061,TRANSCEIVER,PART-TRX-H2,Mediatek,TRX-H2,6C1B60B0-5390-090,2023-04-30,v2.0.1,OPERATIONAL
EQP-00474,TWR-0061,FIREWALL,PART-FWL-J2,Fortinet,FWL-J2,F07C47DB-4CA8-440,2024-04-23,v1.0.4,OPERATIONAL
EQP-00475,TWR-0061,FIREWALL,PART-FWL-J2,Fortinet,FWL-J2,DFA512F5-1308-590,2022-12-11,v3.0.0,OPERATIONAL
EQP-00476,TWR-0062,5G_ROUTER,PART-RTR-A2,Cisco,RTR-A2,B7FC14C8-C50C-784,2023-08-06,v1.5.8-OUTDATED,WARNING
EQP-00477,TWR-0062,ANTENNA,PART-ANT-D1,Nokia,ANT-D1,60BAA2BB-D9B6-695,2023-09-25,v1.5.8-OUTDATED,WARNING
EQP-00478,TWR-0062,ANTENNA,PART-ANT-D2,Nokia,ANT-D2,CD0CC88B-76CC-206,2024-01-26,v2.0.1,OPERATIONAL
EQP-00479,TWR-0062,ANTENNA,PART-ANT-D2,Nokia,ANT-D2,52E33472-2633-911,2023-06-27,v2.0.2-OUTDATED,WARNING
EQP-00480,TWR-0062,BASEBAND_UNIT,PART-BBU-E1,Huawei,BBU-E1,01D42AD6-B61C-918,2024-06-15,v1.3.0,WARNING
EQP-00481,TWR-0062,TRANSCEIVER,PART-TRX-H1,Mediatek,TRX-H1,1991F14F-8A7C-081,2023-09-08,v1.1.0-OUTDATED,FAILING
EQP-00482,TWR-0062,TRANSCEIVER,PART-TRX-H1,Mediatek,TRX-H1,12872C4D-0349-400,2022-05-24,v1.1.0-OUTDATED,FAILING
EQP-00483,TWR-0062,FIREWALL,PART-FWL-J2,Fortinet,FWL-J2,9F247B23-391A-425,2022-10-27,v2.4.0,OPERATIONAL
EQP-00484,TWR-0063,5G_ROUTER,PART-RTR-A2,Cisco,RTR-A2,DDCE3D25-8B98-376,2023-06-24,v2.0.2-OUTDATED,WARNING
EQP-00485,TWR-0063,5G_ROUTER,PART-RTR-B1,Juniper,RTR-B1,77995246-22F4-738,2022-04-27,v2.1.3,OPERATIONAL
EQP-00486,TWR-0063,ANTENNA,PART-ANT-C1,Ericsson,ANT-C1,F36C38C0-0C4E-926,2024-03-13,v2.1.3,WARNING
EQP-00487,TWR-0063,ANTENNA,PART-ANT-C1,Ericsson,ANT-C1,FD6F590F-9F55-521,2024-02-26,v1.2.7,WARNING
EQP-00488,TWR-0063,ANTENNA,PART-ANT-D2,Nokia,ANT-D2,8C3CBE06-16CA-752,2023-11-04,v1.5.8-OUTDATED,WARNING
EQP-00489,TWR-0063,ANTENNA,PART-ANT-C1,Ericsson,ANT-C1,FE9E0B8F-82BF-016,2022-02-28,v2.0.2-OUTDATED,WARNING
EQP-00490,TWR-0063,TRANSCEIVER,PART-TRX-H2,Mediatek,TRX-H2,A88199D6-519A-280,2023-10-29,v2.4.0,OPERATIONAL
EQP-00491,TWR-0063,FIREWALL,PART-FWL-J2,Fortinet,FWL-J2,F29B0262-52E9-328,2023-12-11,v1.2.7,OPERATIONAL
EQP-00492,TWR-0064,5G_ROUTER,PART-RTR-B1,Juniper,RTR-B1,09AC39CC-2F46-191,2022-05-17,v2.1.3,OPERATIONAL
EQP-00493,TWR-0064,5G_ROUTER,PART-RTR-B2,Juniper,RTR-B2,42B96892-4E0F-963,2022-08-19,v2.4.0,OPERATIONAL
EQP-00494,TWR-0064,5G_ROUTER,PART-RTR-B2,Juniper,RTR-B2,5383C6FD-6901-505,2023-03-07,v1.3.0,OPERATIONAL
EQP-00495,TWR-0064,ANTENNA,PART-ANT-C2,Ericsson,ANT-C2,61D6767A-C82D-284,2022-01-15,v2.0.1,OPERATIONAL
EQP-00496,TWR-0064,AMPLIFIER,PART-AMP-G1,Qualcomm,AMP-G1,0C60C4FE-0B92-342,2023-03-24,v1.1.0-OUTDATED,OPERATIONAL
EQP-00497,TWR-0064,AMPLIFIER,PART-AMP-G1,Qualcomm,AMP-G1,2B4ECA10-27C2-706,2022-02-13,v1.0.4,OPERATIONAL
EQP-00498,TWR-0064,TRANSCEIVER,PART-TRX-H1,Mediatek,TRX-H1,49DC804C-1BBC-217,2022-08-11,v2.1.3,WARNING
EQP-00499,TWR-0064,TRANSCEIVER,PART-TRX-H1,Mediatek,TRX-H1,36819384-F5D2-084,2022-06-21,v2.1.3,WARNING
EQP-00500,TWR-0065,5G_ROUTER,PART-RTR-A1,Cisco,RTR-A1,6E2CB55F-B3E6-079,2024-01-12,v1.5.8-OUTDATED,OPERATIONAL
EQP-00501,TWR-0065,5G_ROUTER,PART-RTR-B1,Juniper,RTR-B1,D7B3D548-49B6-782,2023-01-28,v2.0.1,OPERATIONAL
EQP-00502,TWR-0065,5G_ROUTER,PART-RTR-B1,Juniper,RTR-B1,F4B8F33D-EB76-665,2023-11-12,v1.1.0-OUTDATED,OPERATIONAL
EQP-00503,TWR-0065,BASEBAND_UNIT,PART-BBU-E2,Huawei,BBU-E2,4015A797-4BBF-824,2022-12-13,v1.0.4,OPERATIONAL
EQP-00504,TWR-0065,BASEBAND_UNIT,PART-BBU-E1,Huawei,BBU-E1,B5D9D402-8FAC-468,2024-05-23,v2.0.2-OUTDATED,OPERATIONAL
EQP-00505,TWR-0065,TRANSCEIVER,PART-TRX-H2,Mediatek,TRX-H2,F3D0964E-A221-303,2022-03-04,v2.0.1,OPERATIONAL
EQP-00506,TWR-0065,TRANSCEIVER,PART-TRX-H2,Mediatek,TRX-H2,4CDC7BF0-EB67-438,2022-05-24,v2.1.3,OPERATIONAL
EQP-00507,TWR-0066,5G_ROUTER,PART-RTR-B1,Juniper,RTR-B1,3408752F-A7B5-215,2023-09-06,v1.3.0,OPERATIONAL
EQP-00508,TWR-0066,5G_ROUTER,PART-RTR-A1,Cisco,RTR-A1,CA90A963-F64B-481,2023-05-23,v1.1.0-OUTDATED,OPERATIONAL
EQP-00509,TWR-0066,BASEBAND_UNIT,PART-BBU-F2,Samsung,BBU-F2,A522F865-BEC8-474,2024-02-28,v1.5.8-OUTDATED,FAILING
EQP-00510,TWR-0066,BASEBAND_UNIT,PART-BBU-E2,Huawei,BBU-E2,D6FDD024-C110-191,2024-04-17,v2.4.0,OPERATIONAL
EQP-00511,TWR-0066,BASEBAND_UNIT,PART-BBU-E2,Huawei,BBU-E2,BB4AC8D9-5AFD-497,2023-06-28,v2.4.0,OPERATIONAL
EQP-00512,TWR-0066,BASEBAND_UNIT,PART-BBU-F2,Samsung,BBU-F2,FB84EF10-162E-913,2022-06-14,v2.0.2-OUTDATED,FAILING
EQP-00513,TWR-0066,BASEBAND_UNIT,PART-BBU-E1,Huawei,BBU-E1,D2C506DE-1D47-108,2024-06-05,v1.1.0-OUTDATED,WARNING
EQP-00514,TWR-0066,BASEBAND_UNIT,PART-BBU-E2,Huawei,BBU-E2,CABD2307-70A0-792,2023-10-05,v1.5.8-OUTDATED,OPERATIONAL
EQP-00515,TWR-0066,AMPLIFIER,PART-AMP-G2,Qualcomm,AMP-G2,D1D8DBA0-B7DA-074,2024-03-21,v2.0.1,WARNING
EQP-00516,TWR-0066,FIREWALL,PART-FWL-J2,Fortinet,FWL-J2,143F2D3A-169B-871,2024-01-14,v1.0.4,OPERATIONAL
EQP-00517,TWR-0067,5G_ROUTER,PART-RTR-A2,Cisco,RTR-A2,844F9E67-DB38-213,2023-11-25,v1.2.7,FAILING
EQP-00518,TWR-0067,5G_ROUTER,PART-RTR-B2,Juniper,RTR-B2,0DE0A155-8E76-092,2024-03-19,v1.3.0,OPERATIONAL
EQP-00519,TWR-0067,5G_ROUTER,PART-RTR-A2,Cisco,RTR-A2,57148E58-E540-907,2022-04-12,v1.1.0-OUTDATED,FAILING
EQP-00520,TWR-0067,5G_ROUTER,PART-RTR-B2,Juniper,RTR-B2,32B5B904-0174-089,2023-01-08,v1.3.0,OPERATIONAL
EQP-00521,TWR-0067,ANTENNA,PART-ANT-D1,Nokia,ANT-D1,7FA67169-0E8C-275,2024-02-01,v1.0.4,OPERATIONAL
EQP-00522,TWR-0067,ANTENNA,PART-ANT-C2,Ericsson,ANT-C2,5E8A3F30-7DED-552,2024-04-15,v1.2.7,OPERATIONAL
EQP-00523,TWR-0067,ANTENNA,PART-ANT-D2,Nokia,ANT-D2,772C5359-4559-713,2023-09-08,v1.0.4,OPERATIONAL
EQP-00524,TWR-0067,AMPLIFIER,PART-AMP-G2,Qualcomm,AMP-G2,25A315AA-2A3B-565,2022-04-26,v3.0.0,WARNING
EQP-00525,TWR-0067,AMPLIFIER,PART-AMP-G2,Qualcomm,AMP-G2,5D6BB0E5-C795-852,2022-04-17,v1.3.0,WARNING
EQP-00526,TWR-0067,TRANSCEIVER,PART-TRX-H1,Mediatek,TRX-H1,E3E00184-9D08-738,2023-01-22,v1.0.4,WARNING
EQP-00527,TWR-0067,TRANSCEIVER,PART-TRX-H1,Mediatek,TRX-H1,EA0862F3-13D9-819,2023-02-25,v1.3.0,WARNING
EQP-00528,TWR-0067,TRANSCEIVER,PART-TRX-H1,Mediatek,TRX-H1,16384F65-F827-254,2023-10-15,v2.1.3,WARNING
EQP-00529,TWR-0067,TRANSCEIVER,PART-TRX-H2,Mediatek,TRX-H2,9BFB5387-5CE6-680,2024-06-15,v1.1.0-OUTDATED,WARNING
EQP-00530,TWR-0067,FIREWALL,PART-FWL-J1,Fortinet,FWL-J1,05B7C716-6D22-141,2023-06-02,v2.4.0,WARNING
EQP-00531,TWR-0068,5G_ROUTER,PART-RTR-A1,Cisco,RTR-A1,F9DD993F-CDF5-143,2024-02-23,v3.0.0,OPERATIONAL
EQP-00532,TWR-0068,ANTENNA,PART-ANT-D2,Nokia,ANT-D2,7FB45964-3A01-042,2023-10-31,v1.5.8-OUTDATED,OPERATIONAL
EQP-00533,TWR-0068,ANTENNA,PART-ANT-D2,Nokia,ANT-D2,0619006B-17CA-749,2022-10-15,v1.2.7,OPERATIONAL
EQP-00534,TWR-0068,BASEBAND_UNIT,PART-BBU-F2,Samsung,BBU-F2,F2960FB3-0A80-985,2023-10-17,v1.2.7,OPERATIONAL
EQP-00535,TWR-0068,AMPLIFIER,PART-AMP-G1,Qualcomm,AMP-G1,73470531-2565-689,2023-04-21,v2.4.0,OPERATIONAL
EQP-00536,TWR-0068,TRANSCEIVER,PART-TRX-H2,Mediatek,TRX-H2,3FB70EB7-2143-209,2023-01-07,v2.1.3,OPERATIONAL
EQP-00537,TWR-0068,TRANSCEIVER,PART-TRX-H2,Mediatek,TRX-H2,05DD0AF9-6736-935,2023-07-12,v2.1.3,OPERATIONAL
EQP-00538,TWR-0069,5G_ROUTER,PART-RTR-B1,Juniper,RTR-B1,61E2B442-6A60-263,2022-05-26,v3.0.0,OPERATIONAL
EQP-00539,TWR-0069,BASEBAND_UNIT,PART-BBU-F1,Samsung,BBU-F1,6EFF1707-9C50-453,2023-01-25,v1.0.4,OPERATIONAL
EQP-00540,TWR-0069,BASEBAND_UNIT,PART-BBU-F2,Samsung,BBU-F2,9196BF3C-2F7B-776,2023-07-08,v2.0.2-OUTDATED,WARNING
EQP-00541,TWR-0069,BASEBAND_UNIT,PART-BBU-F1,Samsung,BBU-F1,6C7A9714-F8A4-705,2023-03-20,v3.0.0,OPERATIONAL
EQP-00542,TWR-0069,AMPLIFIER,PART-AMP-G1,Qualcomm,AMP-G1,32694344-B772-544,2024-05-26,v3.0.0,OPERATIONAL
EQP-00543,TWR-0069,TRANSCEIVER,PART-TRX-H1,Mediatek,TRX-H1,B74500CD-FAE6-253,2022-08-12,v3.0.0,WARNING
EQP-00544,TWR-0069,TRANSCEIVER,PART-TRX-H2,Mediatek,TRX-H2,3B0FC6B2-6110-795,2023-11-09,v3.0.0,OPERATIONAL
EQP-00545,TWR-0069,FIREWALL,PART-FWL-J2,Fortinet,FWL-J2,EFFF0CB2-2FE5-074,2022-10-31,v2.1.3,OPERATIONAL
EQP-00546,TWR-0070,5G_ROUTER,PART-RTR-B1,Juniper,RTR-B1,0A60FDEF-0CCC-264,2022-12-22,v1.5.8-OUTDATED,WARNING
EQP-00547,TWR-0070,5G_ROUTER,PART-RTR-A2,Cisco,RTR-A2,E1ACC9CE-C134-342,2022-11-25,v1.2.7,FAILING
EQP-00548,TWR-0070,5G_ROUTER,PART-RTR-A2,Cisco,RTR-A2,3A1CAF04-E780-761,2022-08-19,v1.2.7,FAILING
EQP-00549,TWR-0070,5G_ROUTER,PART-RTR-A2,Cisco,RTR-A2,F53977F5-692D-229,2022-08-09,v3.0.0,WARNING
EQP-00550,TWR-0070,ANTENNA,PART-ANT-C1,Ericsson,ANT-C1,059BEC5D-3358-202,2024-03-30,v1.1.0-OUTDATED,FAILING
EQP-00551,TWR-0070,ANTENNA,PART-ANT-D2,Nokia,ANT-D2,46966F61-BB3D-391,2022-05-18,v1.2.7,OPERATIONAL
EQP-00552,TWR-0070,ANTENNA,PART-ANT-C2,Ericsson,ANT-C2,2B37BD7E-4D41-724,2023-11-21,v1.2.7,OPERATIONAL
EQP-00553,TWR-0070,AMPLIFIER,PART-AMP-G1,Qualcomm,AMP-G1,EE19B900-AD20-403,2022-10-13,v1.5.8-OUTDATED,OPERATIONAL
EQP-00554,TWR-0070,AMPLIFIER,PART-AMP-G2,Qualcomm,AMP-G2,FE8F3F77-0237-189,2022-04-04,v1.2.7,WARNING
EQP-00555,TWR-0070,FIREWALL,PART-FWL-J1,Fortinet,FWL-J1,9D18F621-E61D-801,2023-10-03,v1.3.0,WARNING
EQP-00556,TWR-0071,5G_ROUTER,PART-RTR-B1,Juniper,RTR-B1,113286C1-BE2A-508,2022-03-28,v2.4.0,OPERATIONAL
EQP-00557,TWR-0071,ANTENNA,PART-ANT-C2,Ericsson,ANT-C2,4CD513D9-60C7-544,2024-02-08,v2.1.3,OPERATIONAL
EQP-00558,TWR-0071,BASEBAND_UNIT,PART-BBU-E2,Huawei,BBU-E2,8E85EAC3-A814-910,2023-06-05,v2.0.2-OUTDATED,OPERATIONAL
EQP-00559,TWR-0071,BASEBAND_UNIT,PART-BBU-E2,Huawei,BBU-E2,C23F6EC5-FC21-126,2023-11-06,v1.3.0,OPERATIONAL
EQP-00560,TWR-0071,BASEBAND_UNIT,PART-BBU-E2,Huawei,BBU-E2,24625AF7-B878-957,2022-02-24,v2.0.1,OPERATIONAL
EQP-00561,TWR-0071,TRANSCEIVER,PART-TRX-H2,Mediatek,TRX-H2,80E90960-F609-374,2023-08-22,v1.3.0,OPERATIONAL
EQP-00562,TWR-0071,FIREWALL,PART-FWL-J1,Fortinet,FWL-J1,2D66C809-A420-845,2022-01-04,v1.3.0,OPERATIONAL
EQP-00563,TWR-0072,ANTENNA,PART-ANT-D2,Nokia,ANT-D2,9D53BA09-064D-976,2023-09-29,v2.0.1,OPERATIONAL
EQP-00564,TWR-0072,AMPLIFIER,PART-AMP-G2,Qualcomm,AMP-G2,B01C68B5-AB3A-169,2022-10-10,v3.0.0,WARNING
EQP-00565,TWR-0072,AMPLIFIER,PART-AMP-G1,Qualcomm,AMP-G1,CF1A99C1-B427-026,2023-07-29,v2.0.2-OUTDATED,OPERATIONAL
EQP-00566,TWR-0072,TRANSCEIVER,PART-TRX-H2,Mediatek,TRX-H2,980C046B-6DEC-038,2023-12-04,v1.0.4,OPERATIONAL
EQP-00567,TWR-0072,TRANSCEIVER,PART-TRX-H2,Mediatek,TRX-H2,3EF11B2F-89D3-555,2024-06-28,v1.0.4,OPERATIONAL
EQP-00568,TWR-0072,TRANSCEIVER,PART-TRX-H2,Mediatek,TRX-H2,022522D7-56F7-468,2024-04-25,v2.1.3,OPERATIONAL
EQP-00569,TWR-0072,TRANSCEIVER,PART-TRX-H1,Mediatek,TRX-H1,07B8DE5D-33F0-352,2023-07-28,v2.1.3,WARNING
EQP-00570,TWR-0072,TRANSCEIVER,PART-TRX-H1,Mediatek,TRX-H1,6D48232B-3A59-873,2024-02-26,v2.1.3,WARNING
EQP-00571,TWR-0072,FIREWALL,PART-FWL-J2,Fortinet,FWL-J2,0CFA2AAA-68A7-772,2023-10-09,v2.0.2-OUTDATED,OPERATIONAL
EQP-00572,TWR-0073,ANTENNA,PART-ANT-C1,Ericsson,ANT-C1,49C7B26B-EAA5-700,2022-11-21,v2.0.2-OUTDATED,WARNING
EQP-00573,TWR-0073,ANTENNA,PART-ANT-C1,Ericsson,ANT-C1,039F7DC8-C67B-638,2023-04-26,v2.0.1,WARNING
EQP-00574,TWR-0073,ANTENNA,PART-ANT-C1,Ericsson,ANT-C1,6F107059-6349-950,2023-12-13,v2.1.3,WARNING
EQP-00575,TWR-0073,ANTENNA,PART-ANT-D1,Nokia,ANT-D1,82373B5D-47B3-760,2023-06-18,v1.3.0,OPERATIONAL
EQP-00576,TWR-0073,BASEBAND_UNIT,PART-BBU-F2,Samsung,BBU-F2,A7EC38E4-8C48-552,2022-06-11,v2.4.0,WARNING
EQP-00577,TWR-0073,BASEBAND_UNIT,PART-BBU-F1,Samsung,BBU-F1,292F8B64-7B64-143,2023-05-10,v1.3.0,OPERATIONAL
EQP-00578,TWR-0074,5G_ROUTER,PART-RTR-B1,Juniper,RTR-B1,A843653F-549C-464,2023-08-31,v1.2.7,OPERATIONAL
EQP-00579,TWR-0074,5G_ROUTER,PART-RTR-A1,Cisco,RTR-A1,18129302-C96F-385,2024-03-10,v2.0.2-OUTDATED,OPERATIONAL
EQP-00580,TWR-0074,5G_ROUTER,PART-RTR-B2,Juniper,RTR-B2,5014226F-33F3-829,2023-07-20,v1.3.0,OPERATIONAL
EQP-00581,TWR-0074,5G_ROUTER,PART-RTR-B2,Juniper,RTR-B2,E8939AF1-20C1-914,2022-11-29,v1.1.0-OUTDATED,OPERATIONAL
EQP-00582,TWR-0074,ANTENNA,PART-ANT-D2,Nokia,ANT-D2,4FB8ECA5-FBFF-548,2022-11-22,v2.0.2-OUTDATED,OPERATIONAL
EQP-00583,TWR-0074,TRANSCEIVER,PART-TRX-H1,Mediatek,TRX-H1,FF1A9BF4-FA18-133,2024-05-21,v2.1.3,OPERATIONAL
EQP-00584,TWR-0074,FIREWALL,PART-FWL-J2,Fortinet,FWL-J2,CE966F2E-69A1-148,2022-05-27,v1.5.8-OUTDATED,OPERATIONAL
EQP-00585,TWR-0075,5G_ROUTER,PART-RTR-B1,Juniper,RTR-B1,C191CF63-7BBA-581,2023-07-29,v1.0.4,OPERATIONAL
EQP-00586,TWR-0075,5G_ROUTER,PART-RTR-B1,Juniper,RTR-B1,33E9DA79-B27B-086,2022-03-08,v2.4.0,OPERATIONAL
EQP-00587,TWR-0075,5G_ROUTER,PART-RTR-A2,Cisco,RTR-A2,2936240C-728E-823,2024-03-16,v1.1.0-OUTDATED,WARNING
EQP-00588,TWR-0075,AMPLIFIER,PART-AMP-G1,Qualcomm,AMP-G1,6554E2DE-DAD0-816,2023-04-11,v2.0.1,OPERATIONAL
EQP-00589,TWR-0075,AMPLIFIER,PART-AMP-G1,Qualcomm,AMP-G1,F1E91801-8D14-390,2023-05-09,v1.5.8-OUTDATED,WARNING
EQP-00590,TWR-0075,TRANSCEIVER,PART-TRX-H1,Mediatek,TRX-H1,0A7F471E-D57D-295,2022-08-03,v1.2.7,WARNING
EQP-00591,TWR-0075,FIREWALL,PART-FWL-J2,Fortinet,FWL-J2,3B312FDF-4778-026,2023-06-29,v2.0.2-OUTDATED,WARNING
EQP-00592,TWR-0076,5G_ROUTER,PART-RTR-A1,Cisco,RTR-A1,044AEB68-82FE-239,2022-04-15,v1.1.0-OUTDATED,OPERATIONAL
EQP-00593,TWR-0076,5G_ROUTER,PART-RTR-A1,Cisco,RTR-A1,2A01A210-B54A-170,2023-04-21,v1.3.0,OPERATIONAL
EQP-00594,TWR-0076,5G_ROUTER,PART-RTR-B2,Juniper,RTR-B2,7A9A3280-7ADA-993,2023-05-23,v1.5.8-OUTDATED,OPERATIONAL
EQP-00595,TWR-0076,5G_ROUTER,PART-RTR-A1,Cisco,RTR-A1,73AC510A-A10A-397,2023-01-16,v1.5.8-OUTDATED,OPERATIONAL
EQP-00596,TWR-0076,BASEBAND_UNIT,PART-BBU-E1,Huawei,BBU-E1,4BB01892-2A71-608,2022-03-09,v1.2.7,WARNING
EQP-00597,TWR-0076,AMPLIFIER,PART-AMP-G1,Qualcomm,AMP-G1,3B31F38D-FC5D-012,2022-10-25,v1.5.8-OUTDATED,OPERATIONAL
EQP-00598,TWR-0076,TRANSCEIVER,PART-TRX-H2,Mediatek,TRX-H2,38ECF2CB-711E-294,2023-08-04,v1.3.0,OPERATIONAL
EQP-00599,TWR-0076,TRANSCEIVER,PART-TRX-H1,Mediatek,TRX-H1,F73732C5-AB88-180,2023-04-28,v1.3.0,WARNING
EQP-00600,TWR-0077,5G_ROUTER,PART-RTR-A2,Cisco,RTR-A2,C33BF6D2-9F78-154,2023-04-27,v2.0.2-OUTDATED,WARNING
EQP-00601,TWR-0077,5G_ROUTER,PART-RTR-B1,Juniper,RTR-B1,9F35AF3B-EA63-287,2022-02-17,v2.0.1,OPERATIONAL
EQP-00602,TWR-0077,AMPLIFIER,PART-AMP-G1,Qualcomm,AMP-G1,2720B129-EB02-739,2023-10-30,v1.1.0-OUTDATED,WARNING
EQP-00603,TWR-0077,AMPLIFIER,PART-AMP-G2,Qualcomm,AMP-G2,6FEBBC2B-F305-269,2024-05-14,v2.0.2-OUTDATED,FAILING
EQP-00604,TWR-0077,TRANSCEIVER,PART-TRX-H2,Mediatek,TRX-H2,7AFCBFB3-B55A-315,2022-01-23,v1.0.4,OPERATIONAL
EQP-00605,TWR-0077,FIREWALL,PART-FWL-J1,Fortinet,FWL-J1,F9ACA9C4-DB22-878,2024-03-26,v3.0.0,WARNING
EQP-00606,TWR-0078,5G_ROUTER,PART-RTR-A1,Cisco,RTR-A1,F1EDC786-0833-055,2023-02-21,v1.5.8-OUTDATED,OPERATIONAL
EQP-00607,TWR-0078,ANTENNA,PART-ANT-C1,Ericsson,ANT-C1,0DEC428A-0D7D-077,2023-01-23,v2.0.2-OUTDATED,WARNING
EQP-00608,TWR-0078,ANTENNA,PART-ANT-C1,Ericsson,ANT-C1,70BE86A5-5C94-407,2024-01-31,v1.5.8-OUTDATED,WARNING
EQP-00609,TWR-0078,ANTENNA,PART-ANT-D1,Nokia,ANT-D1,81DB4FFF-6ECD-546,2022-09-12,v1.3.0,OPERATIONAL
EQP-00610,TWR-0078,ANTENNA,PART-ANT-C2,Ericsson,ANT-C2,3F8E8816-8129-247,2023-10-01,v1.2.7,OPERATIONAL
EQP-00611,TWR-0078,ANTENNA,PART-ANT-D2,Nokia,ANT-D2,76168940-EFE4-601,2022-05-09,v1.3.0,OPERATIONAL
EQP-00612,TWR-0078,BASEBAND_UNIT,PART-BBU-F1,Samsung,BBU-F1,E07DBD71-0207-050,2022-06-19,v2.4.0,OPERATIONAL
EQP-00613,TWR-0078,AMPLIFIER,PART-AMP-G2,Qualcomm,AMP-G2,6BA0E856-D736-068,2022-05-20,v1.1.0-OUTDATED,FAILING
EQP-00614,TWR-0078,FIREWALL,PART-FWL-J2,Fortinet,FWL-J2,5351913F-0484-320,2022-04-26,v1.2.7,OPERATIONAL
EQP-00615,TWR-0078,FIREWALL,PART-FWL-J1,Fortinet,FWL-J1,6C9EBC69-9D86-069,2024-02-23,v1.5.8-OUTDATED,WARNING
EQP-00616,TWR-0079,5G_ROUTER,PART-RTR-A1,Cisco,RTR-A1,6CA0A734-A19D-086,2022-01-08,v1.1.0-OUTDATED,OPERATIONAL
EQP-00617,TWR-0079,5G_ROUTER,PART-RTR-A1,Cisco,RTR-A1,0BDF0705-49EC-063,2022-08-07,v1.0.4,OPERATIONAL
EQP-00618,TWR-0079,5G_ROUTER,PART-RTR-B1,Juniper,RTR-B1,4459BFB4-26CF-391,2022-06-10,v2.1.3,OPERATIONAL
EQP-00619,TWR-0079,5G_ROUTER,PART-RTR-B1,Juniper,RTR-B1,01A9A062-594A-288,2023-04-10,v2.0.2-OUTDATED,OPERATIONAL
EQP-00620,TWR-0079,5G_ROUTER,PART-RTR-A1,Cisco,RTR-A1,7629FABC-0C3A-982,2024-03-25,v1.3.0,OPERATIONAL
EQP-00621,TWR-0079,5G_ROUTER,PART-RTR-B1,Juniper,RTR-B1,6D923FEE-65C0-896,2023-07-05,v1.5.8-OUTDATED,OPERATIONAL
EQP-00622,TWR-0079,ANTENNA,PART-ANT-C1,Ericsson,ANT-C1,A7FB08D1-B38E-491,2022-02-04,v1.5.8-OUTDATED,WARNING
EQP-00623,TWR-0079,ANTENNA,PART-ANT-C1,Ericsson,ANT-C1,0BE4E708-F4FA-395,2023-09-24,v2.0.1,WARNING
EQP-00624,TWR-0079,ANTENNA,PART-ANT-C1,Ericsson,ANT-C1,61D59B1B-587C-187,2022-04-09,v3.0.0,WARNING
EQP-00625,TWR-0079,BASEBAND_UNIT,PART-BBU-E2,Huawei,BBU-E2,613ADB5D-62C8-370,2023-08-26,v1.3.0,OPERATIONAL
EQP-00626,TWR-0079,BASEBAND_UNIT,PART-BBU-F2,Samsung,BBU-F2,B3180A73-9663-675,2024-04-02,v1.5.8-OUTDATED,WARNING
EQP-00627,TWR-0079,AMPLIFIER,PART-AMP-G1,Qualcomm,AMP-G1,93D140D0-8339-802,2022-01-17,v1.0.4,OPERATIONAL
EQP-00628,TWR-0079,FIREWALL,PART-FWL-J2,Fortinet,FWL-J2,24F02650-892B-056,2023-10-29,v2.0.1,OPERATIONAL
EQP-00629,TWR-0080,5G_ROUTER,PART-RTR-A2,Cisco,RTR-A2,433D8B30-075C-787,2022-10-11,v1.5.8-OUTDATED,WARNING
EQP-00630,TWR-0080,ANTENNA,PART-ANT-D1,Nokia,ANT-D1,66AAA05F-5230-780,2022-01-05,v2.4.0,WARNING
EQP-00631,TWR-0080,ANTENNA,PART-ANT-C2,Ericsson,ANT-C2,961EBDEE-B8B7-181,2022-12-18,v1.5.8-OUTDATED,WARNING
EQP-00632,TWR-0080,ANTENNA,PART-ANT-D2,Nokia,ANT-D2,70DE67D7-B84C-192,2022-07-24,v1.3.0,OPERATIONAL
EQP-00633,TWR-0080,ANTENNA,PART-ANT-D2,Nokia,ANT-D2,BBFB0D60-9267-074,2024-02-14,v1.3.0,OPERATIONAL
EQP-00634,TWR-0080,AMPLIFIER,PART-AMP-G2,Qualcomm,AMP-G2,8F79C3E2-FA83-568,2023-05-19,v2.4.0,WARNING
EQP-00635,TWR-0080,AMPLIFIER,PART-AMP-G1,Qualcomm,AMP-G1,FD766600-C46B-606,2022-11-25,v2.1.3,OPERATIONAL
EQP-00636,TWR-0080,AMPLIFIER,PART-AMP-G1,Qualcomm,AMP-G1,C27181FA-3958-167,2023-04-01,v2.1.3,OPERATIONAL
EQP-00637,TWR-0080,TRANSCEIVER,PART-TRX-H1,Mediatek,TRX-H1,1298406E-B0F6-575,2022-01-01,v2.0.2-OUTDATED,WARNING
EQP-00638,TWR-0080,FIREWALL,PART-FWL-J2,Fortinet,FWL-J2,4C521ED0-ED5A-257,2022-08-16,v2.4.0,OPERATIONAL
EQP-00639,TWR-0081,5G_ROUTER,PART-RTR-B1,Juniper,RTR-B1,B3552DAD-8245-941,2022-08-05,v1.1.0-OUTDATED,OPERATIONAL
EQP-00640,TWR-0081,5G_ROUTER,PART-RTR-B2,Juniper,RTR-B2,B1FA6553-9D3B-565,2023-12-06,v2.0.1,OPERATIONAL
EQP-00641,TWR-0081,ANTENNA,PART-ANT-C1,Ericsson,ANT-C1,C00E29C8-00AE-343,2023-05-11,v1.0.4,WARNING
EQP-00642,TWR-0081,TRANSCEIVER,PART-TRX-H1,Mediatek,TRX-H1,ED8AFC6B-5E13-345,2022-07-04,v1.2.7,WARNING
EQP-00643,TWR-0081,FIREWALL,PART-FWL-J1,Fortinet,FWL-J1,9BE8990B-08FC-505,2022-10-18,v2.0.2-OUTDATED,WARNING
EQP-00644,TWR-0081,FIREWALL,PART-FWL-J1,Fortinet,FWL-J1,DD519AEE-34F5-457,2022-10-06,v3.0.0,WARNING
EQP-00645,TWR-0081,FIREWALL,PART-FWL-J1,Fortinet,FWL-J1,694651CE-73A8-550,2023-06-26,v2.4.0,WARNING
EQP-00646,TWR-0082,5G_ROUTER,PART-RTR-A1,Cisco,RTR-A1,B0112FBA-B03C-462,2023-04-09,v2.1.3,OPERATIONAL
EQP-00647,TWR-0082,5G_ROUTER,PART-RTR-A1,Cisco,RTR-A1,C1CA6713-3E14-131,2022-09-17,v1.2.7,OPERATIONAL
EQP-00648,TWR-0082,ANTENNA,PART-ANT-D2,Nokia,ANT-D2,04BC6B9E-C39C-305,2023-06-07,v1.3.0,OPERATIONAL
EQP-00649,TWR-0082,ANTENNA,PART-ANT-D2,Nokia,ANT-D2,6430BDA3-0A38-969,2022-01-05,v2.0.2-OUTDATED,OPERATIONAL
EQP-00650,TWR-0082,AMPLIFIER,PART-AMP-G2,Qualcomm,AMP-G2,9F5DD74A-973B-211,2022-05-03,v1.5.8-OUTDATED,WARNING
EQP-00651,TWR-0082,AMPLIFIER,PART-AMP-G1,Qualcomm,AMP-G1,171537C7-821F-619,2022-01-15,v2.0.1,OPERATIONAL
EQP-00652,TWR-0082,FIREWALL,PART-FWL-J2,Fortinet,FWL-J2,9015A9C2-38DB-668,2022-03-27,v2.4.0,OPERATIONAL
EQP-00653,TWR-0082,FIREWALL,PART-FWL-J1,Fortinet,FWL-J1,EF95AAE1-8B5D-064,2022-04-06,v1.3.0,OPERATIONAL
EQP-00654,TWR-0083,5G_ROUTER,PART-RTR-B2,Juniper,RTR-B2,C264B05F-59F9-754,2024-05-23,v1.2.7,OPERATIONAL
EQP-00655,TWR-0083,5G_ROUTER,PART-RTR-A2,Cisco,RTR-A2,9D8DA585-6475-625,2022-12-03,v3.0.0,WARNING
EQP-00656,TWR-0083,5G_ROUTER,PART-RTR-B1,Juniper,RTR-B1,7265F704-B225-356,2023-03-15,v3.0.0,OPERATIONAL
EQP-00657,TWR-0083,ANTENNA,PART-ANT-D2,Nokia,ANT-D2,0B3B9370-B462-364,2022-12-27,v2.1.3,OPERATIONAL
EQP-00658,TWR-0083,BASEBAND_UNIT,PART-BBU-F2,Samsung,BBU-F2,3F42857B-1800-092,2022-05-28,v1.3.0,WARNING
EQP-00659,TWR-0083,AMPLIFIER,PART-AMP-G2,Qualcomm,AMP-G2,5EE1FA8C-748B-682,2022-06-04,v1.3.0,WARNING
EQP-00660,TWR-0083,TRANSCEIVER,PART-TRX-H2,Mediatek,TRX-H2,F4D41F93-022E-176,2022-05-28,v2.1.3,OPERATIONAL
EQP-00661,TWR-0083,TRANSCEIVER,PART-TRX-H2,Mediatek,TRX-H2,DE3A894C-EBE1-656,2024-06-29,v2.1.3,OPERATIONAL
EQP-00662,TWR-0083,FIREWALL,PART-FWL-J2,Fortinet,FWL-J2,8F5EF9B8-58F0-204,2023-04-01,v2.4.0,OPERATIONAL
EQP-00663,TWR-0083,FIREWALL,PART-FWL-J2,Fortinet,FWL-J2,595A15B7-BA56-963,2024-05-26,v3.0.0,OPERATIONAL
EQP-00664,TWR-0084,5G_ROUTER,PART-RTR-A2,Cisco,RTR-A2,0B70A05B-D6CD-447,2022-06-07,v2.4.0,OPERATIONAL
EQP-00665,TWR-0084,ANTENNA,PART-ANT-D2,Nokia,ANT-D2,A0E6CB7F-CE17-951,2024-01-11,v1.1.0-OUTDATED,WARNING
EQP-00666,TWR-0084,ANTENNA,PART-ANT-D1,Nokia,ANT-D1,7149AE16-4F23-297,2022-04-07,v2.1.3,OPERATIONAL
EQP-00667,TWR-0084,ANTENNA,PART-ANT-D1,Nokia,ANT-D1,A88E646C-82BB-249,2023-05-23,v1.2.7,OPERATIONAL
EQP-00668,TWR-0084,FIREWALL,PART-FWL-J2,Fortinet,FWL-J2,920B9B68-F3A2-065,2024-05-22,v1.5.8-OUTDATED,WARNING
EQP-00669,TWR-0085,ANTENNA,PART-ANT-C1,Ericsson,ANT-C1,2A8C8BED-B227-658,2023-08-31,v1.1.0-OUTDATED,WARNING
EQP-00670,TWR-0085,AMPLIFIER,PART-AMP-G1,Qualcomm,AMP-G1,C1228A1D-4AC0-863,2024-06-03,v3.0.0,OPERATIONAL
EQP-00671,TWR-0085,TRANSCEIVER,PART-TRX-H1,Mediatek,TRX-H1,F2637FCC-6EEC-813,2023-08-17,v1.3.0,WARNING
EQP-00672,TWR-0085,FIREWALL,PART-FWL-J1,Fortinet,FWL-J1,14C52F7D-4555-437,2022-09-29,v2.0.2-OUTDATED,WARNING
EQP-00673,TWR-0085,FIREWALL,PART-FWL-J1,Fortinet,FWL-J1,D57D6006-AF28-288,2023-02-15,v1.1.0-OUTDATED,WARNING
EQP-00674,TWR-0086,5G_ROUTER,PART-RTR-A2,Cisco,RTR-A2,74018351-0262-231,2022-10-03,v1.3.0,WARNING
EQP-00675,TWR-0086,ANTENNA,PART-ANT-C2,Ericsson,ANT-C2,401FA146-EEC1-490,2023-03-17,v3.0.0,OPERATIONAL
EQP-00676,TWR-0086,ANTENNA,PART-ANT-D1,Nokia,ANT-D1,AD58435B-7AB5-954,2022-02-12,v2.0.2-OUTDATED,WARNING
EQP-00677,TWR-0086,ANTENNA,PART-ANT-C2,Ericsson,ANT-C2,E06DA5E2-A83E-764,2022-01-08,v1.1.0-OUTDATED,WARNING
EQP-00678,TWR-0086,ANTENNA,PART-ANT-C2,Ericsson,ANT-C2,1066BA07-CE40-152,2022-11-06,v1.3.0,OPERATIONAL
EQP-00679,TWR-0086,BASEBAND_UNIT,PART-BBU-F2,Samsung,BBU-F2,7515471C-65EB-136,2022-05-14,v2.1.3,WARNING
EQP-00680,TWR-0086,BASEBAND_UNIT,PART-BBU-E1,Huawei,BBU-E1,08568801-CFDE-463,2024-01-23,v1.1.0-OUTDATED,FAILING
EQP-00681,TWR-0086,AMPLIFIER,PART-AMP-G1,Qualcomm,AMP-G1,EE2268F5-DEF3-241,2022-07-20,v2.0.1,OPERATIONAL
EQP-00682,TWR-0086,AMPLIFIER,PART-AMP-G2,Qualcomm,AMP-G2,BA618B74-9A9D-313,2023-07-10,v2.4.0,WARNING
EQP-00683,TWR-0086,AMPLIFIER,PART-AMP-G1,Qualcomm,AMP-G1,D34050B1-B9F5-344,2022-08-10,v2.4.0,OPERATIONAL
EQP-00684,TWR-0086,TRANSCEIVER,PART-TRX-H1,Mediatek,TRX-H1,831FA194-27C0-354,2024-04-18,v2.1.3,WARNING
EQP-00685,TWR-0086,FIREWALL,PART-FWL-J1,Fortinet,FWL-J1,616AFA0C-CAEC-231,2023-01-19,v2.0.1,WARNING
EQP-00686,TWR-0087,ANTENNA,PART-ANT-C1,Ericsson,ANT-C1,87AB1908-63F4-056,2022-11-23,v1.3.0,WARNING
EQP-00687,TWR-0087,ANTENNA,PART-ANT-C1,Ericsson,ANT-C1,C076D009-2B48-037,2023-09-24,v1.5.8-OUTDATED,WARNING
EQP-00688,TWR-0087,BASEBAND_UNIT,PART-BBU-F2,Samsung,BBU-F2,80400B6C-4B9A-827,2023-10-07,v2.0.1,WARNING
EQP-00689,TWR-0087,TRANSCEIVER,PART-TRX-H2,Mediatek,TRX-H2,BB7BDB91-6115-463,2023-04-26,v1.0.4,OPERATIONAL
EQP-00690,TWR-0088,5G_ROUTER,PART-RTR-A1,Cisco,RTR-A1,EC65B4EC-A39D-071,2022-06-11,v2.0.2-OUTDATED,OPERATIONAL
EQP-00691,TWR-0088,ANTENNA,PART-ANT-C1,Ericsson,ANT-C1,85B6F450-33C5-203,2022-10-13,v2.1.3,OPERATIONAL
EQP-00692,TWR-0088,BASEBAND_UNIT,PART-BBU-E2,Huawei,BBU-E2,9CF0D6C0-AE0C-114,2024-06-13,v2.0.2-OUTDATED,OPERATIONAL
EQP-00693,TWR-0088,AMPLIFIER,PART-AMP-G2,Qualcomm,AMP-G2,BEE56B24-1E36-452,2022-12-09,v1.2.7,OPERATIONAL
EQP-00694,TWR-0088,TRANSCEIVER,PART-TRX-H2,Mediatek,TRX-H2,CE9D1F11-03D4-790,2023-01-22,v1.3.0,OPERATIONAL
EQP-00695,TWR-0088,TRANSCEIVER,PART-TRX-H2,Mediatek,TRX-H2,17348C93-BB3D-842,2023-07-04,v3.0.0,OPERATIONAL
EQP-00696,TWR-0088,FIREWALL,PART-FWL-J2,Fortinet,FWL-J2,4573422B-2760-830,2024-06-15,v2.0.1,OPERATIONAL
EQP-00697,TWR-0088,FIREWALL,PART-FWL-J2,Fortinet,FWL-J2,AA3DC7BF-9352-331,2024-03-22,v2.1.3,OPERATIONAL
EQP-00698,TWR-0088,FIREWALL,PART-FWL-J2,Fortinet,FWL-J2,3E478224-0C8D-862,2022-11-13,v2.0.1,OPERATIONAL
EQP-00699,TWR-0089,5G_ROUTER,PART-RTR-A1,Cisco,RTR-A1,D06A7BD6-49DF-814,2022-08-12,v2.0.1,OPERATIONAL
EQP-00700,TWR-0089,ANTENNA,PART-ANT-C2,Ericsson,ANT-C2,3969E85D-7928-425,2022-04-23,v2.1.3,OPERATIONAL
EQP-00701,TWR-0089,BASEBAND_UNIT,PART-BBU-F1,Samsung,BBU-F1,3B220067-998F-249,2023-10-11,v2.0.2-OUTDATED,OPERATIONAL
EQP-00702,TWR-0089,BASEBAND_UNIT,PART-BBU-E1,Huawei,BBU-E1,1D55286F-26EC-763,2023-04-25,v1.5.8-OUTDATED,OPERATIONAL
EQP-00703,TWR-0089,TRANSCEIVER,PART-TRX-H2,Mediatek,TRX-H2,D3C95380-B363-464,2022-12-04,v1.3.0,OPERATIONAL
EQP-00704,TWR-0090,5G_ROUTER,PART-RTR-A1,Cisco,RTR-A1,3EC60DB8-9073-650,2024-04-28,v2.1.3,OPERATIONAL
EQP-00705,TWR-0090,ANTENNA,PART-ANT-C2,Ericsson,ANT-C2,89AE044B-7C7F-766,2022-01-17,v1.3.0,OPERATIONAL
EQP-00706,TWR-0090,ANTENNA,PART-ANT-D1,Nokia,ANT-D1,FF06FD78-09A5-306,2024-01-25,v1.1.0-OUTDATED,OPERATIONAL
EQP-00707,TWR-0090,AMPLIFIER,PART-AMP-G2,Qualcomm,AMP-G2,745748DB-378A-755,2023-03-19,v1.5.8-OUTDATED,FAILING
EQP-00708,TWR-0090,AMPLIFIER,PART-AMP-G2,Qualcomm,AMP-G2,5A2AEB6D-88D3-778,2023-09-12,v1.1.0-OUTDATED,WARNING
EQP-00709,TWR-0090,TRANSCEIVER,PART-TRX-H1,Mediatek,TRX-H1,81C3EC56-070F-639,2022-08-03,v2.0.2-OUTDATED,WARNING
EQP-00710,TWR-0090,TRANSCEIVER,PART-TRX-H1,Mediatek,TRX-H1,C081034B-ECB9-370,2022-08-21,v3.0.0,WARNING
EQP-00711,TWR-0090,TRANSCEIVER,PART-TRX-H2,Mediatek,TRX-H2,F8907A79-C0ED-419,2023-11-27,v3.0.0,OPERATIONAL
EQP-00712,TWR-0090,FIREWALL,PART-FWL-J2,Fortinet,FWL-J2,141AD9B2-E38A-855,2024-04-30,v1.2.7,OPERATIONAL
EQP-00713,TWR-0091,5G_ROUTER,PART-RTR-B1,Juniper,RTR-B1,9969AA97-3066-607,2024-03-31,v1.5.8-OUTDATED,OPERATIONAL
EQP-00714,TWR-0091,ANTENNA,PART-ANT-D2,Nokia,ANT-D2,BC9EF2A8-F903-129,2022-07-03,v1.1.0-OUTDATED,OPERATIONAL
EQP-00715,TWR-0091,ANTENNA,PART-ANT-C1,Ericsson,ANT-C1,1C7AFA74-C8C0-162,2022-04-29,v1.5.8-OUTDATED,FAILING
EQP-00716,TWR-0091,ANTENNA,PART-ANT-C1,Ericsson,ANT-C1,A8549FF7-A1F0-341,2023-10-23,v2.0.1,WARNING
EQP-00717,TWR-0091,TRANSCEIVER,PART-TRX-H1,Mediatek,TRX-H1,F2A30694-F977-463,2022-04-12,v1.3.0,WARNING
EQP-00718,TWR-0091,TRANSCEIVER,PART-TRX-H2,Mediatek,TRX-H2,9C66E940-DAA4-185,2023-03-27,v2.0.2-OUTDATED,OPERATIONAL
EQP-00719,TWR-0091,FIREWALL,PART-FWL-J2,Fortinet,FWL-J2,C48F333E-8EF6-054,2022-10-04,v1.3.0,OPERATIONAL
EQP-00720,TWR-0092,5G_ROUTER,PART-RTR-B1,Juniper,RTR-B1,860F49F8-B0BD-917,2022-03-18,v1.1.0-OUTDATED,WARNING
EQP-00721,TWR-0092,5G_ROUTER,PART-RTR-B1,Juniper,RTR-B1,30E487BE-5C43-106,2022-12-05,v1.2.7,OPERATIONAL
EQP-00722,TWR-0092,5G_ROUTER,PART-RTR-A2,Cisco,RTR-A2,8CD862E6-CAEF-706,2023-08-26,v1.0.4,WARNING
EQP-00723,TWR-0092,ANTENNA,PART-ANT-C2,Ericsson,ANT-C2,208BB48D-16F3-316,2023-03-03,v2.1.3,OPERATIONAL
EQP-00724,TWR-0092,ANTENNA,PART-ANT-D2,Nokia,ANT-D2,B4C3590C-AD46-897,2022-03-02,v1.5.8-OUTDATED,WARNING
EQP-00725,TWR-0092,TRANSCEIVER,PART-TRX-H2,Mediatek,TRX-H2,7776B3EE-2F40-397,2023-12-26,v1.1.0-OUTDATED,WARNING
EQP-00726,TWR-0092,TRANSCEIVER,PART-TRX-H1,Mediatek,TRX-H1,DAC4EA22-414F-239,2023-08-03,v3.0.0,WARNING
EQP-00727,TWR-0092,TRANSCEIVER,PART-TRX-H1,Mediatek,TRX-H1,F4B74FA7-CECD-321,2022-11-10,v1.2.7,WARNING
EQP-00728,TWR-0092,FIREWALL,PART-FWL-J1,Fortinet,FWL-J1,3BCA9C25-B0E2-786,2023-07-16,v1.2.7,WARNING
EQP-00729,TWR-0092,FIREWALL,PART-FWL-J1,Fortinet,FWL-J1,DC8C59E1-508C-038,2023-05-16,v3.0.0,WARNING
EQP-00730,TWR-0093,ANTENNA,PART-ANT-C1,Ericsson,ANT-C1,6C32167E-72B0-344,2023-08-19,v2.1.3,WARNING
EQP-00731,TWR-0093,BASEBAND_UNIT,PART-BBU-E2,Huawei,BBU-E2,497F4EAB-20B7-308,2024-03-27,v1.3.0,OPERATIONAL
EQP-00732,TWR-0093,TRANSCEIVER,PART-TRX-H1,Mediatek,TRX-H1,56BFEA11-B82B-941,2022-03-01,v3.0.0,OPERATIONAL
EQP-00733,TWR-0094,ANTENNA,PART-ANT-C2,Ericsson,ANT-C2,D56B32F5-2B3C-070,2023-04-18,v2.0.1,OPERATIONAL
EQP-00734,TWR-0094,BASEBAND_UNIT,PART-BBU-F2,Samsung,BBU-F2,6F8E37D2-ECA3-817,2024-02-07,v2.4.0,OPERATIONAL
EQP-00735,TWR-0094,AMPLIFIER,PART-AMP-G2,Qualcomm,AMP-G2,49062888-AE33-215,2024-04-25,v2.4.0,WARNING
EQP-00736,TWR-0094,FIREWALL,PART-FWL-J1,Fortinet,FWL-J1,102C9E36-81EC-143,2024-02-07,v1.5.8-OUTDATED,WARNING
EQP-00737,TWR-0095,5G_ROUTER,PART-RTR-B2,Juniper,RTR-B2,75F83CB3-AA46-838,2022-06-08,v3.0.0,OPERATIONAL
EQP-00738,TWR-0095,ANTENNA,PART-ANT-C2,Ericsson,ANT-C2,BDE54E79-8896-391,2023-01-01,v1.1.0-OUTDATED,OPERATIONAL
EQP-00739,TWR-0095,ANTENNA,PART-ANT-D2,Nokia,ANT-D2,AD8A6C66-04B1-223,2023-12-09,v1.1.0-OUTDATED,OPERATIONAL
EQP-00740,TWR-0095,ANTENNA,PART-ANT-D1,Nokia,ANT-D1,D668C726-4A29-129,2024-06-04,v1.0.4,OPERATIONAL
EQP-00741,TWR-0095,BASEBAND_UNIT,PART-BBU-F1,Samsung,BBU-F1,A2F9913C-79F6-380,2024-01-01,v1.2.7,OPERATIONAL
EQP-00742,TWR-0095,TRANSCEIVER,PART-TRX-H1,Mediatek,TRX-H1,17D34711-4E3B-425,2023-11-24,v2.1.3,OPERATIONAL
EQP-00743,TWR-0095,FIREWALL,PART-FWL-J1,Fortinet,FWL-J1,5D5CD6A1-75FE-782,2024-05-14,v2.1.3,WARNING
EQP-00744,TWR-0096,5G_ROUTER,PART-RTR-A1,Cisco,RTR-A1,FC93D32E-1289-045,2022-12-11,v1.0.4,OPERATIONAL
EQP-00745,TWR-0096,5G_ROUTER,PART-RTR-B1,Juniper,RTR-B1,342A7F0C-E7B7-594,2024-04-06,v1.1.0-OUTDATED,OPERATIONAL
EQP-00746,TWR-0096,ANTENNA,PART-ANT-C1,Ericsson,ANT-C1,89F72AB3-B15D-616,2023-07-08,v1.0.4,WARNING
EQP-00747,TWR-0096,BASEBAND_UNIT,PART-BBU-F2,Samsung,BBU-F2,92F4CF3A-0A71-671,2024-06-01,v1.1.0-OUTDATED,WARNING
EQP-00748,TWR-0096,BASEBAND_UNIT,PART-BBU-F2,Samsung,BBU-F2,1ED8E4BB-9DEC-587,2024-06-09,v1.3.0,WARNING
EQP-00749,TWR-0096,AMPLIFIER,PART-AMP-G1,Qualcomm,AMP-G1,8A35E78D-5403-511,2023-10-23,v1.3.0,OPERATIONAL
EQP-00750,TWR-0096,AMPLIFIER,PART-AMP-G1,Qualcomm,AMP-G1,573D8295-D4DB-135,2023-11-23,v2.0.2-OUTDATED,OPERATIONAL
EQP-00751,TWR-0096,TRANSCEIVER,PART-TRX-H2,Mediatek,TRX-H2,B727925B-8F3C-425,2022-07-23,v1.1.0-OUTDATED,OPERATIONAL
EQP-00752,TWR-0097,5G_ROUTER,PART-RTR-A2,Cisco,RTR-A2,F984E012-A1C3-675,2023-12-26,v2.0.1,WARNING
EQP-00753,TWR-0097,ANTENNA,PART-ANT-D1,Nokia,ANT-D1,E41C7F39-170C-604,2022-03-30,v3.0.0,OPERATIONAL
EQP-00754,TWR-0097,ANTENNA,PART-ANT-C2,Ericsson,ANT-C2,76A77D8D-EDFB-561,2023-04-29,v1.3.0,OPERATIONAL
EQP-00755,TWR-0097,TRANSCEIVER,PART-TRX-H2,Mediatek,TRX-H2,3DBDB74F-BD98-034,2022-03-05,v2.0.1,OPERATIONAL
EQP-00756,TWR-0097,FIREWALL,PART-FWL-J1,Fortinet,FWL-J1,B31C9177-096E-115,2024-02-11,v1.1.0-OUTDATED,FAILING
EQP-00757,TWR-0097,FIREWALL,PART-FWL-J1,Fortinet,FWL-J1,0CC6425A-B208-580,2024-06-12,v2.0.1,WARNING
EQP-00758,TWR-0098,ANTENNA,PART-ANT-D2,Nokia,ANT-D2,C89A7A3D-D677-816,2022-06-10,v1.3.0,OPERATIONAL
EQP-00759,TWR-0098,BASEBAND_UNIT,PART-BBU-E2,Huawei,BBU-E2,59B418AC-0069-003,2022-06-08,v2.0.2-OUTDATED,OPERATIONAL
EQP-00760,TWR-0098,AMPLIFIER,PART-AMP-G2,Qualcomm,AMP-G2,64B0E27F-AF0B-075,2023-07-12,v1.1.0-OUTDATED,WARNING
EQP-00761,TWR-0098,AMPLIFIER,PART-AMP-G1,Qualcomm,AMP-G1,5C1E7890-4BFF-535,2022-08-24,v2.0.1,OPERATIONAL
EQP-00762,TWR-0098,AMPLIFIER,PART-AMP-G2,Qualcomm,AMP-G2,7765D60B-A6AF-923,2023-12-21,v1.2.7,OPERATIONAL
EQP-00763,TWR-0098,TRANSCEIVER,PART-TRX-H2,Mediatek,TRX-H2,908DDCF8-175D-776,2023-01-22,v1.2.7,OPERATIONAL
EQP-00764,TWR-0098,FIREWALL,PART-FWL-J1,Fortinet,FWL-J1,620534FA-82DA-514,2023-03-01,v1.1.0-OUTDATED,WARNING
EQP-00765,TWR-0099,5G_ROUTER,PART-RTR-B2,Juniper,RTR-B2,8DB7AE5E-92FA-385,2022-07-15,v1.2.7,OPERATIONAL
EQP-00766,TWR-0099,ANTENNA,PART-ANT-D2,Nokia,ANT-D2,ED0A1493-869C-155,2023-12-27,v1.0.4,OPERATIONAL
EQP-00767,TWR-0099,TRANSCEIVER,PART-TRX-H2,Mediatek,TRX-H2,307426D9-B215-773,2024-03-17,v2.0.1,OPERATIONAL
EQP-00768,TWR-0100,AMPLIFIER,PART-AMP-G2,Qualcomm,AMP-G2,176B37D7-C994-991,2022-08-16,v2.4.0,WARNING
EQP-00769,TWR-0100,AMPLIFIER,PART-AMP-G2,Qualcomm,AMP-G2,EF8DBB12-10D2-006,2024-05-04,v2.0.1,WARNING
EQP-00770,TWR-0100,AMPLIFIER,PART-AMP-G1,Qualcomm,AMP-G1,4DF8EF22-58C2-193,2022-10-07,v1.5.8-OUTDATED,OPERATIONAL
EQP-00771,TWR-0100,TRANSCEIVER,PART-TRX-H1,Mediatek,TRX-H1,4F6D01C3-1920-405,2023-05-17,v1.5.8-OUTDATED,WARNING
EQP-00772,TWR-0100,TRANSCEIVER,PART-TRX-H2,Mediatek,TRX-H2,89045483-AEA6-434,2023-06-18,v2.0.2-OUTDATED,OPERATIONAL
EQP-00773,TWR-0100,TRANSCEIVER,PART-TRX-H2,Mediatek,TRX-H2,B40BA1A1-AB0B-120,2022-08-30,v2.0.1,OPERATIONAL
EQP-00774,TWR-0100,FIREWALL,PART-FWL-J2,Fortinet,FWL-J2,B5FFF122-96B4-199,2023-08-15,v1.1.0-OUTDATED,OPERATIONAL
EQP-00775,TWR-0101,5G_ROUTER,PART-RTR-A2,Cisco,RTR-A2,9B48E9E6-0C70-138,2022-10-13,v3.0.0,WARNING
EQP-00776,TWR-0101,BASEBAND_UNIT,PART-BBU-E2,Huawei,BBU-E2,3A9511F5-1BD1-943,2023-10-23,v1.0.4,OPERATIONAL
EQP-00777,TWR-0101,BASEBAND_UNIT,PART-BBU-F2,Samsung,BBU-F2,4C6A23CC-039E-673,2023-10-06,v1.3.0,WARNING
EQP-00778,TWR-0101,BASEBAND_UNIT,PART-BBU-F2,Samsung,BBU-F2,60CC7837-3629-247,2023-10-23,v2.1.3,FAILING
EQP-00779,TWR-0101,TRANSCEIVER,PART-TRX-H2,Mediatek,TRX-H2,8E343A1A-DA27-532,2022-12-23,v2.0.1,OPERATIONAL
EQP-00780,TWR-0101,FIREWALL,PART-FWL-J2,Fortinet,FWL-J2,7CD45368-B430-093,2022-02-16,v2.0.2-OUTDATED,WARNING
EQP-00781,TWR-0101,FIREWALL,PART-FWL-J2,Fortinet,FWL-J2,3BCF87E2-AD84-620,2024-06-26,v2.1.3,OPERATIONAL
EQP-00782,TWR-0102,5G_ROUTER,PART-RTR-A2,Cisco,RTR-A2,3903C735-1CF1-237,2024-02-20,v1.3.0,FAILING
EQP-00783,TWR-0102,5G_ROUTER,PART-RTR-A2,Cisco,RTR-A2,ECBD5EE3-18CD-142,2022-12-10,v2.4.0,FAILING
EQP-00784,TWR-0102,ANTENNA,PART-ANT-D1,Nokia,ANT-D1,C0B403BD-173A-779,2024-05-26,v2.4.0,OPERATIONAL
EQP-00785,TWR-0102,BASEBAND_UNIT,PART-BBU-F2,Samsung,BBU-F2,544C70F1-E284-686,2023-01-03,v1.3.0,WARNING
EQP-00786,TWR-0102,AMPLIFIER,PART-AMP-G2,Qualcomm,AMP-G2,57F331BA-90CC-944,2024-04-26,v2.4.0,FAILING
EQP-00787,TWR-0102,AMPLIFIER,PART-AMP-G2,Qualcomm,AMP-G2,4B695AFA-EE1F-817,2023-01-24,v1.2.7,WARNING
EQP-00788,TWR-0102,AMPLIFIER,PART-AMP-G1,Qualcomm,AMP-G1,99CC1038-DA2B-467,2022-12-02,v2.0.2-OUTDATED,OPERATIONAL
EQP-00789,TWR-0102,AMPLIFIER,PART-AMP-G1,Qualcomm,AMP-G1,C492689E-4ED5-139,2022-08-23,v2.4.0,OPERATIONAL
EQP-00790,TWR-0102,FIREWALL,PART-FWL-J1,Fortinet,FWL-J1,AC9B18D6-E1FC-625,2023-07-17,v2.4.0,WARNING
EQP-00791,TWR-0103,5G_ROUTER,PART-RTR-A2,Cisco,RTR-A2,E62E1A4E-F787-424,2024-05-03,v2.4.0,WARNING
EQP-00792,TWR-0103,ANTENNA,PART-ANT-D1,Nokia,ANT-D1,4FAF9D77-4306-986,2024-05-04,v2.4.0,OPERATIONAL
EQP-00793,TWR-0103,AMPLIFIER,PART-AMP-G1,Qualcomm,AMP-G1,B58C0EDF-1F98-179,2023-03-25,v1.1.0-OUTDATED,OPERATIONAL
EQP-00794,TWR-0103,TRANSCEIVER,PART-TRX-H1,Mediatek,TRX-H1,5F53F3EF-4BC8-696,2022-05-01,v2.0.1,WARNING
EQP-00795,TWR-0103,FIREWALL,PART-FWL-J1,Fortinet,FWL-J1,889FD966-084E-772,2024-04-11,v1.2.7,WARNING
EQP-00796,TWR-0103,FIREWALL,PART-FWL-J2,Fortinet,FWL-J2,F66964B7-F378-906,2023-06-11,v1.2.7,OPERATIONAL
EQP-00797,TWR-0104,5G_ROUTER,PART-RTR-B2,Juniper,RTR-B2,15E452B2-5BE3-331,2022-04-18,v1.2.7,OPERATIONAL
EQP-00798,TWR-0104,5G_ROUTER,PART-RTR-B1,Juniper,RTR-B1,7F446E89-CB98-532,2022-06-14,v1.1.0-OUTDATED,OPERATIONAL
EQP-00799,TWR-0104,5G_ROUTER,PART-RTR-B1,Juniper,RTR-B1,6D0D951C-082E-182,2024-01-02,v1.1.0-OUTDATED,WARNING
EQP-00800,TWR-0104,5G_ROUTER,PART-RTR-A2,Cisco,RTR-A2,90BE3FCB-516C-586,2023-08-13,v2.0.1,FAILING
EQP-00801,TWR-0104,5G_ROUTER,PART-RTR-A2,Cisco,RTR-A2,C50E999D-CAC4-711,2024-06-07,v2.0.1,WARNING
EQP-00802,TWR-0104,ANTENNA,PART-ANT-D1,Nokia,ANT-D1,39A8F632-DA96-409,2024-05-01,v2.0.2-OUTDATED,WARNING
EQP-00803,TWR-0104,ANTENNA,PART-ANT-D2,Nokia,ANT-D2,AFCC83AB-80FD-351,2023-03-26,v1.3.0,WARNING
EQP-00804,TWR-0104,BASEBAND_UNIT,PART-BBU-F1,Samsung,BBU-F1,1E3664AF-D82D-256,2024-04-09,v1.0.4,OPERATIONAL
EQP-00805,TWR-0104,AMPLIFIER,PART-AMP-G2,Qualcomm,AMP-G2,6867286D-7F45-036,2023-11-04,v3.0.0,WARNING
EQP-00806,TWR-0104,FIREWALL,PART-FWL-J2,Fortinet,FWL-J2,14E98CCE-A725-704,2022-08-19,v2.0.1,OPERATIONAL
EQP-00807,TWR-0104,FIREWALL,PART-FWL-J2,Fortinet,FWL-J2,A2053D66-65EB-158,2022-07-16,v2.0.1,OPERATIONAL
EQP-00808,TWR-0104,FIREWALL,PART-FWL-J2,Fortinet,FWL-J2,14AE7106-4913-555,2022-09-14,v2.4.0,OPERATIONAL
EQP-00809,TWR-0105,5G_ROUTER,PART-RTR-A2,Cisco,RTR-A2,53055EE6-4696-755,2024-05-28,v2.0.1,WARNING
EQP-00810,TWR-0105,ANTENNA,PART-ANT-C1,Ericsson,ANT-C1,611D659F-65D1-843,2023-04-19,v1.2.7,FAILING
EQP-00811,TWR-0105,AMPLIFIER,PART-AMP-G1,Qualcomm,AMP-G1,03AC3AFA-B3AB-110,2022-10-11,v2.0.1,OPERATIONAL
EQP-00812,TWR-0105,TRANSCEIVER,PART-TRX-H1,Mediatek,TRX-H1,EF2B898D-79A8-878,2022-08-05,v2.4.0,WARNING
EQP-00813,TWR-0105,TRANSCEIVER,PART-TRX-H1,Mediatek,TRX-H1,FAF570ED-40BA-527,2022-05-23,v1.1.0-OUTDATED,FAILING
EQP-00814,TWR-0105,FIREWALL,PART-FWL-J2,Fortinet,FWL-J2,E6BD81EA-E9ED-215,2022-06-07,v2.1.3,OPERATIONAL
EQP-00815,TWR-0105,FIREWALL,PART-FWL-J2,Fortinet,FWL-J2,2C37C605-16B8-674,2022-04-08,v3.0.0,OPERATIONAL
EQP-00816,TWR-0105,FIREWALL,PART-FWL-J2,Fortinet,FWL-J2,C64A2762-F507-965,2023-09-02,v1.1.0-OUTDATED,WARNING
EQP-00817,TWR-0106,5G_ROUTER,PART-RTR-A2,Cisco,RTR-A2,AE185AD1-2F75-152,2022-11-19,v2.4.0,WARNING
EQP-00818,TWR-0106,BASEBAND_UNIT,PART-BBU-F2,Samsung,BBU-F2,0321FCF3-4482-235,2024-06-07,v2.0.2-OUTDATED,FAILING
EQP-00819,TWR-0106,BASEBAND_UNIT,PART-BBU-F1,Samsung,BBU-F1,5C3EBD8E-5702-770,2022-10-25,v3.0.0,OPERATIONAL
EQP-00820,TWR-0106,AMPLIFIER,PART-AMP-G1,Qualcomm,AMP-G1,145B10B2-6A81-721,2022-02-13,v1.0.4,OPERATIONAL
EQP-00821,TWR-0106,AMPLIFIER,PART-AMP-G1,Qualcomm,AMP-G1,318BA252-53BC-817,2022-07-02,v2.4.0,WARNING
EQP-00822,TWR-0106,AMPLIFIER,PART-AMP-G2,Qualcomm,AMP-G2,00DE3E82-54C3-182,2023-10-18,v1.3.0,WARNING
EQP-00823,TWR-0106,TRANSCEIVER,PART-TRX-H1,Mediatek,TRX-H1,44CE8DD9-D00E-140,2023-10-25,v1.2.7,WARNING
EQP-00824,TWR-0106,TRANSCEIVER,PART-TRX-H2,Mediatek,TRX-H2,6CA15BEC-EFE9-335,2023-04-08,v2.0.1,OPERATIONAL
EQP-00825,TWR-0106,FIREWALL,PART-FWL-J2,Fortinet,FWL-J2,C6DB3ED9-33D0-483,2023-07-19,v1.0.4,OPERATIONAL
EQP-00826,TWR-0107,5G_ROUTER,PART-RTR-A1,Cisco,RTR-A1,3D81563F-5883-567,2022-11-19,v1.1.0-OUTDATED,OPERATIONAL
EQP-00827,TWR-0107,5G_ROUTER,PART-RTR-A1,Cisco,RTR-A1,0691CA49-4A29-055,2022-01-16,v1.5.8-OUTDATED,OPERATIONAL
EQP-00828,TWR-0107,5G_ROUTER,PART-RTR-B1,Juniper,RTR-B1,427231EB-31DA-884,2022-06-12,v3.0.0,OPERATIONAL
EQP-00829,TWR-0107,ANTENNA,PART-ANT-D1,Nokia,ANT-D1,516208FA-CCF2-250,2023-07-16,v1.0.4,OPERATIONAL
EQP-00830,TWR-0107,BASEBAND_UNIT,PART-BBU-F2,Samsung,BBU-F2,DCB45152-F15E-954,2022-12-10,v1.0.4,WARNING
EQP-00831,TWR-0107,AMPLIFIER,PART-AMP-G1,Qualcomm,AMP-G1,78DC855A-D1C7-145,2022-03-29,v2.1.3,OPERATIONAL
EQP-00832,TWR-0107,AMPLIFIER,PART-AMP-G2,Qualcomm,AMP-G2,5314DB3A-7B30-312,2024-06-24,v2.1.3,WARNING
EQP-00833,TWR-0107,AMPLIFIER,PART-AMP-G1,Qualcomm,AMP-G1,80FD8B29-E70C-729,2023-11-06,v2.0.1,OPERATIONAL
EQP-00834,TWR-0107,TRANSCEIVER,PART-TRX-H1,Mediatek,TRX-H1,A21CD198-5AED-152,2023-02-26,v2.4.0,WARNING
EQP-00835,TWR-0107,FIREWALL,PART-FWL-J1,Fortinet,FWL-J1,E3D784E8-971C-328,2022-08-07,v2.0.1,WARNING
EQP-00836,TWR-0107,FIREWALL,PART-FWL-J1,Fortinet,FWL-J1,C3A7C0C3-D507-054,2022-09-03,v1.2.7,WARNING
EQP-00837,TWR-0108,5G_ROUTER,PART-RTR-A2,Cisco,RTR-A2,B8BE7804-B052-856,2023-05-27,v1.2.7,WARNING
EQP-00838,TWR-0108,ANTENNA,PART-ANT-D2,Nokia,ANT-D2,AA306255-C52F-049,2022-07-05,v1.0.4,OPERATIONAL
EQP-00839,TWR-0108,ANTENNA,PART-ANT-C1,Ericsson,ANT-C1,51E5C282-36D4-754,2022-03-25,v2.1.3,FAILING
EQP-00840,TWR-0108,ANTENNA,PART-ANT-D1,Nokia,ANT-D1,4978A1BD-C45F-789,2024-04-28,v1.0.4,OPERATIONAL
EQP-00841,TWR-0108,AMPLIFIER,PART-AMP-G1,Qualcomm,AMP-G1,E6234D45-D2A8-983,2023-03-22,v1.2.7,OPERATIONAL
EQP-00842,TWR-0108,TRANSCEIVER,PART-TRX-H2,Mediatek,TRX-H2,8DFBBEFB-4A38-444,2024-06-18,v2.4.0,OPERATIONAL
EQP-00843,TWR-0108,FIREWALL,PART-FWL-J1,Fortinet,FWL-J1,8FCD2C49-74FE-573,2022-01-10,v1.2.7,WARNING
EQP-00844,TWR-0109,5G_ROUTER,PART-RTR-B1,Juniper,RTR-B1,23F609F8-72E1-932,2022-07-22,v2.4.0,OPERATIONAL
EQP-00845,TWR-0109,5G_ROUTER,PART-RTR-B1,Juniper,RTR-B1,25002BD3-A565-890,2023-04-12,v1.0.4,OPERATIONAL
EQP-00846,TWR-0109,5G_ROUTER,PART-RTR-A2,Cisco,RTR-A2,8DA2351B-706D-906,2024-05-26,v1.2.7,WARNING
EQP-00847,TWR-0109,BASEBAND_UNIT,PART-BBU-E1,Huawei,BBU-E1,E9EFA6F6-2190-118,2022-08-11,v1.5.8-OUTDATED,FAILING
EQP-00848,TWR-0109,TRANSCEIVER,PART-TRX-H1,Mediatek,TRX-H1,8788F379-4205-253,2022-06-28,v1.0.4,WARNING
EQP-00849,TWR-0109,TRANSCEIVER,PART-TRX-H2,Mediatek,TRX-H2,4BD81B20-964F-091,2022-02-18,v1.0.4,OPERATIONAL
EQP-00850,TWR-0109,FIREWALL,PART-FWL-J1,Fortinet,FWL-J1,96C06207-B2D8-480,2024-04-20,v2.4.0,WARNING
EQP-00851,TWR-0110,5G_ROUTER,PART-RTR-B2,Juniper,RTR-B2,53C1DDF7-9E24-471,2023-07-26,v1.1.0-OUTDATED,WARNING
EQP-00852,TWR-0110,5G_ROUTER,PART-RTR-A2,Cisco,RTR-A2,AE723C7A-9D32-732,2023-01-31,v1.2.7,WARNING
EQP-00853,TWR-0110,5G_ROUTER,PART-RTR-B1,Juniper,RTR-B1,D24FD1D1-1E24-135,2023-06-28,v2.0.2-OUTDATED,WARNING
EQP-00854,TWR-0110,BASEBAND_UNIT,PART-BBU-F2,Samsung,BBU-F2,045A7377-5855-782,2022-08-18,v3.0.0,WARNING
EQP-00855,TWR-0110,BASEBAND_UNIT,PART-BBU-F2,Samsung,BBU-F2,52BBA274-C567-760,2023-10-03,v1.3.0,WARNING
EQP-00856,TWR-0110,AMPLIFIER,PART-AMP-G1,Qualcomm,AMP-G1,D6DD8AED-4B72-371,2024-06-09,v2.4.0,OPERATIONAL
EQP-00857,TWR-0110,TRANSCEIVER,PART-TRX-H2,Mediatek,TRX-H2,FCF9C242-F9E6-403,2023-09-08,v2.0.1,OPERATIONAL
EQP-00858,TWR-0111,5G_ROUTER,PART-RTR-B2,Juniper,RTR-B2,95581302-310D-182,2023-05-21,v2.0.2-OUTDATED,OPERATIONAL
EQP-00859,TWR-0111,ANTENNA,PART-ANT-C2,Ericsson,ANT-C2,1F3BACA8-CD6F-986,2023-10-20,v3.0.0,OPERATIONAL
EQP-00860,TWR-0111,BASEBAND_UNIT,PART-BBU-E2,Huawei,BBU-E2,E18AE1C1-5B4D-929,2022-05-25,v1.2.7,OPERATIONAL
EQP-00861,TWR-0111,FIREWALL,PART-FWL-J1,Fortinet,FWL-J1,41BE9220-7B2D-252,2023-04-14,v1.5.8-OUTDATED,WARNING
EQP-00862,TWR-0111,FIREWALL,PART-FWL-J1,Fortinet,FWL-J1,A875634C-ED55-058,2022-09-07,v1.0.4,OPERATIONAL
EQP-00863,TWR-0112,5G_ROUTER,PART-RTR-A2,Cisco,RTR-A2,94B06470-6CD4-428,2023-09-21,v2.4.0,WARNING
EQP-00864,TWR-0112,5G_ROUTER,PART-RTR-A1,Cisco,RTR-A1,785DAFC5-519B-353,2022-01-20,v1.1.0-OUTDATED,WARNING
EQP-00865,TWR-0112,5G_ROUTER,PART-RTR-B2,Juniper,RTR-B2,D3901EA0-17A6-871,2023-08-18,v1.3.0,OPERATIONAL
EQP-00866,TWR-0112,ANTENNA,PART-ANT-C2,Ericsson,ANT-C2,94AD0BE6-C53D-310,2023-11-21,v2.4.0,OPERATIONAL
EQP-00867,TWR-0112,BASEBAND_UNIT,PART-BBU-E2,Huawei,BBU-E2,56A5C001-4060-755,2022-05-20,v2.0.2-OUTDATED,WARNING
EQP-00868,TWR-0112,BASEBAND_UNIT,PART-BBU-E2,Huawei,BBU-E2,FDBCCD89-7961-930,2023-09-29,v2.0.2-OUTDATED,WARNING
EQP-00869,TWR-0112,TRANSCEIVER,PART-TRX-H2,Mediatek,TRX-H2,B4C81FFD-730B-890,2022-04-05,v2.0.1,OPERATIONAL
EQP-00870,TWR-0112,FIREWALL,PART-FWL-J1,Fortinet,FWL-J1,A0C0F26B-D5F0-470,2024-06-19,v2.4.0,WARNING
EQP-00871,TWR-0112,FIREWALL,PART-FWL-J2,Fortinet,FWL-J2,4876C8B8-F7C9-800,2024-03-17,v2.1.3,OPERATIONAL
EQP-00872,TWR-0112,FIREWALL,PART-FWL-J1,Fortinet,FWL-J1,344770ED-94D4-305,2024-06-27,v1.2.7,WARNING
EQP-00873,TWR-0113,5G_ROUTER,PART-RTR-A1,Cisco,RTR-A1,E921F4A5-7F96-415,2022-07-29,v1.0.4,OPERATIONAL
EQP-00874,TWR-0113,ANTENNA,PART-ANT-C1,Ericsson,ANT-C1,8916A0FD-A08E-022,2023-12-23,v1.2.7,WARNING
EQP-00875,TWR-0113,BASEBAND_UNIT,PART-BBU-E1,Huawei,BBU-E1,D13BEC89-89C0-209,2022-02-24,v1.1.0-OUTDATED,WARNING
EQP-00876,TWR-0113,AMPLIFIER,PART-AMP-G1,Qualcomm,AMP-G1,CB014387-52AC-639,2024-01-06,v3.0.0,OPERATIONAL
EQP-00877,TWR-0113,TRANSCEIVER,PART-TRX-H2,Mediatek,TRX-H2,EDA056BD-A5CB-797,2023-06-21,v2.4.0,OPERATIONAL
EQP-00878,TWR-0113,TRANSCEIVER,PART-TRX-H1,Mediatek,TRX-H1,A5644A62-0D69-903,2022-04-12,v2.0.1,WARNING
EQP-00879,TWR-0113,TRANSCEIVER,PART-TRX-H2,Mediatek,TRX-H2,EBA6B34F-4BE9-297,2024-02-13,v3.0.0,OPERATIONAL
EQP-00880,TWR-0113,FIREWALL,PART-FWL-J2,Fortinet,FWL-J2,D8176362-B6B7-713,2023-10-31,v1.5.8-OUTDATED,OPERATIONAL
EQP-00881,TWR-0113,FIREWALL,PART-FWL-J1,Fortinet,FWL-J1,27B93D3F-B53E-522,2024-01-05,v1.1.0-OUTDATED,WARNING
EQP-00882,TWR-0113,FIREWALL,PART-FWL-J1,Fortinet,FWL-J1,D1A5E30A-8847-963,2023-11-27,v1.2.7,WARNING
EQP-00883,TWR-0114,5G_ROUTER,PART-RTR-A2,Cisco,RTR-A2,F5D6ED2F-9C93-983,2022-04-13,v2.1.3,WARNING
EQP-00884,TWR-0114,ANTENNA,PART-ANT-C2,Ericsson,ANT-C2,C3C6335E-CAA6-900,2022-09-07,v2.1.3,WARNING
EQP-00885,TWR-0114,BASEBAND_UNIT,PART-BBU-E2,Huawei,BBU-E2,F657BBC1-2DF2-903,2022-08-28,v3.0.0,OPERATIONAL
EQP-00886,TWR-0114,AMPLIFIER,PART-AMP-G2,Qualcomm,AMP-G2,FFA3C15A-16C1-366,2022-01-04,v3.0.0,WARNING
EQP-00887,TWR-0114,AMPLIFIER,PART-AMP-G2,Qualcomm,AMP-G2,A14833DC-1D72-905,2022-11-04,v2.4.0,WARNING
EQP-00888,TWR-0114,TRANSCEIVER,PART-TRX-H1,Mediatek,TRX-H1,52E493EC-85A7-939,2023-09-06,v1.3.0,WARNING
EQP-00889,TWR-0114,FIREWALL,PART-FWL-J1,Fortinet,FWL-J1,0D3463FF-255A-597,2023-09-10,v1.0.4,WARNING
EQP-00890,TWR-0114,FIREWALL,PART-FWL-J1,Fortinet,FWL-J1,0833C207-B82C-381,2023-10-09,v2.4.0,WARNING
EQP-00891,TWR-0115,5G_ROUTER,PART-RTR-A2,Cisco,RTR-A2,3E4F6B81-1639-137,2023-06-22,v2.4.0,WARNING
EQP-00892,TWR-0115,5G_ROUTER,PART-RTR-B2,Juniper,RTR-B2,32596555-6D96-748,2023-04-26,v2.4.0,OPERATIONAL
EQP-00893,TWR-0115,ANTENNA,PART-ANT-C1,Ericsson,ANT-C1,F939C339-E58A-662,2022-05-13,v1.5.8-OUTDATED,FAILING
EQP-00894,TWR-0115,ANTENNA,PART-ANT-C2,Ericsson,ANT-C2,6FEC0604-D62B-758,2023-08-21,v2.4.0,OPERATIONAL
EQP-00895,TWR-0115,BASEBAND_UNIT,PART-BBU-F2,Samsung,BBU-F2,CBAE579A-772A-123,2023-03-09,v1.2.7,WARNING
EQP-00896,TWR-0115,TRANSCEIVER,PART-TRX-H1,Mediatek,TRX-H1,6C708364-2F48-827,2022-11-28,v2.4.0,WARNING
EQP-00897,TWR-0116,ANTENNA,PART-ANT-D2,Nokia,ANT-D2,E6F70DDF-1D5D-962,2022-07-01,v1.5.8-OUTDATED,OPERATIONAL
EQP-00898,TWR-0116,ANTENNA,PART-ANT-D2,Nokia,ANT-D2,54496AA3-0B23-600,2022-08-28,v2.0.2-OUTDATED,OPERATIONAL
EQP-00899,TWR-0116,AMPLIFIER,PART-AMP-G1,Qualcomm,AMP-G1,348DFBE8-6D4D-997,2022-12-22,v1.0.4,OPERATIONAL
EQP-00900,TWR-0116,AMPLIFIER,PART-AMP-G2,Qualcomm,AMP-G2,ACC3F801-B618-598,2022-03-14,v1.1.0-OUTDATED,OPERATIONAL
EQP-00901,TWR-0116,TRANSCEIVER,PART-TRX-H2,Mediatek,TRX-H2,57CA19E0-F195-730,2024-02-07,v1.3.0,OPERATIONAL
EQP-00902,TWR-0116,TRANSCEIVER,PART-TRX-H2,Mediatek,TRX-H2,DDD47B29-8F01-030,2023-05-15,v2.0.2-OUTDATED,OPERATIONAL
EQP-00903,TWR-0116,FIREWALL,PART-FWL-J2,Fortinet,FWL-J2,893460C0-A7FB-475,2023-09-30,v3.0.0,OPERATIONAL
EQP-00904,TWR-0117,5G_ROUTER,PART-RTR-B1,Juniper,RTR-B1,127DD64F-913D-897,2024-04-07,v1.1.0-OUTDATED,OPERATIONAL
EQP-00905,TWR-0117,5G_ROUTER,PART-RTR-B1,Juniper,RTR-B1,0D1CE53B-1956-824,2024-06-23,v1.1.0-OUTDATED,OPERATIONAL
EQP-00906,TWR-0117,5G_ROUTER,PART-RTR-A1,Cisco,RTR-A1,64D63EF4-2294-622,2023-11-23,v2.4.0,OPERATIONAL
EQP-00907,TWR-0117,ANTENNA,PART-ANT-D2,Nokia,ANT-D2,0D01B9F9-6ACA-370,2024-05-24,v1.2.7,OPERATIONAL
EQP-00908,TWR-0117,ANTENNA,PART-ANT-C2,Ericsson,ANT-C2,454439B6-E771-902,2022-05-16,v1.0.4,OPERATIONAL
EQP-00909,TWR-0117,AMPLIFIER,PART-AMP-G1,Qualcomm,AMP-G1,2E81790C-A093-733,2022-12-10,v1.3.0,OPERATIONAL
EQP-00910,TWR-0117,TRANSCEIVER,PART-TRX-H1,Mediatek,TRX-H1,3875EA73-90E0-698,2022-11-11,v1.2.7,OPERATIONAL
EQP-00911,TWR-0117,FIREWALL,PART-FWL-J2,Fortinet,FWL-J2,B50FC008-F90B-427,2023-08-05,v3.0.0,OPERATIONAL
EQP-00912,TWR-0118,5G_ROUTER,PART-RTR-A1,Cisco,RTR-A1,500AA51C-237B-994,2023-07-24,v1.1.0-OUTDATED,OPERATIONAL
EQP-00913,TWR-0118,5G_ROUTER,PART-RTR-B2,Juniper,RTR-B2,FAD20AFB-5715-682,2022-06-01,v2.0.2-OUTDATED,OPERATIONAL
EQP-00914,TWR-0118,ANTENNA,PART-ANT-C1,Ericsson,ANT-C1,747CE6DB-EB8A-317,2023-09-06,v1.1.0-OUTDATED,WARNING
EQP-00915,TWR-0118,ANTENNA,PART-ANT-D2,Nokia,ANT-D2,B918B3CD-8FD7-883,2024-04-30,v2.4.0,OPERATIONAL
EQP-00916,TWR-0118,ANTENNA,PART-ANT-C1,Ericsson,ANT-C1,1F07FB4A-33E0-961,2023-02-18,v1.5.8-OUTDATED,WARNING
EQP-00917,TWR-0118,ANTENNA,PART-ANT-C1,Ericsson,ANT-C1,1C053C6A-1BB4-880,2023-03-05,v2.0.1,WARNING
EQP-00918,TWR-0118,AMPLIFIER,PART-AMP-G1,Qualcomm,AMP-G1,A2E3A102-F3E9-088,2023-02-06,v2.1.3,OPERATIONAL
EQP-00919,TWR-0119,5G_ROUTER,PART-RTR-B1,Juniper,RTR-B1,749DE8EE-1AC0-602,2024-04-12,v2.0.1,OPERATIONAL
EQP-00920,TWR-0119,5G_ROUTER,PART-RTR-B2,Juniper,RTR-B2,4DEAA867-87DC-347,2023-04-13,v1.3.0,OPERATIONAL
EQP-00921,TWR-0119,5G_ROUTER,PART-RTR-B1,Juniper,RTR-B1,3250D254-35BE-188,2022-08-06,v2.4.0,OPERATIONAL
EQP-00922,TWR-0119,ANTENNA,PART-ANT-D1,Nokia,ANT-D1,75C36869-C87F-980,2024-06-25,v3.0.0,OPERATIONAL
EQP-00923,TWR-0119,ANTENNA,PART-ANT-D2,Nokia,ANT-D2,0DECB5B9-D5BC-833,2022-06-06,v1.0.4,OPERATIONAL
EQP-00924,TWR-0119,ANTENNA,PART-ANT-C1,Ericsson,ANT-C1,D3E0398B-6098-508,2022-12-10,v1.3.0,WARNING
EQP-00925,TWR-0119,BASEBAND_UNIT,PART-BBU-F2,Samsung,BBU-F2,EC2020B9-79CD-434,2023-06-24,v3.0.0,WARNING
EQP-00926,TWR-0119,AMPLIFIER,PART-AMP-G2,Qualcomm,AMP-G2,9FC5E6CF-C13C-123,2022-01-11,v3.0.0,OPERATIONAL
EQP-00927,TWR-0119,AMPLIFIER,PART-AMP-G1,Qualcomm,AMP-G1,4722598C-F0B2-360,2022-11-09,v2.0.1,OPERATIONAL
EQP-00928,TWR-0120,5G_ROUTER,PART-RTR-B1,Juniper,RTR-B1,B4E6DF81-B657-299,2022-09-13,v2.4.0,OPERATIONAL
EQP-00929,TWR-0120,5G_ROUTER,PART-RTR-B1,Juniper,RTR-B1,F47B39ED-0609-324,2024-03-25,v1.5.8-OUTDATED,OPERATIONAL
EQP-00930,TWR-0120,ANTENNA,PART-ANT-C1,Ericsson,ANT-C1,2D5E345F-BD8C-626,2023-09-01,v1.1.0-OUTDATED,OPERATIONAL
EQP-00931,TWR-0120,ANTENNA,PART-ANT-C2,Ericsson,ANT-C2,DF97ABFB-FBFC-884,2022-06-23,v1.0.4,OPERATIONAL
EQP-00932,TWR-0120,ANTENNA,PART-ANT-C2,Ericsson,ANT-C2,F5C67B8B-1D6C-285,2023-06-27,v2.0.2-OUTDATED,OPERATIONAL
EQP-00933,TWR-0120,ANTENNA,PART-ANT-C2,Ericsson,ANT-C2,927ADE6A-2EDF-485,2022-11-24,v1.0.4,OPERATIONAL
EQP-00934,TWR-0120,ANTENNA,PART-ANT-D1,Nokia,ANT-D1,CB38A753-6342-375,2023-07-30,v1.2.7,OPERATIONAL
EQP-00935,TWR-0120,AMPLIFIER,PART-AMP-G1,Qualcomm,AMP-G1,62C69887-CDE7-340,2022-03-17,v1.2.7,OPERATIONAL
EQP-00936,TWR-0120,TRANSCEIVER,PART-TRX-H2,Mediatek,TRX-H2,7F4DCA9C-123C-431,2022-07-09,v1.5.8-OUTDATED,OPERATIONAL
EQP-00937,TWR-0120,FIREWALL,PART-FWL-J2,Fortinet,FWL-J2,07620CC3-7461-945,2023-10-19,v1.3.0,OPERATIONAL
EQP-00938,TWR-0120,FIREWALL,PART-FWL-J2,Fortinet,FWL-J2,E4D835CC-B3AF-048,2022-10-20,v1.1.0-OUTDATED,OPERATIONAL
EQP-00939,TWR-0121,ANTENNA,PART-ANT-D1,Nokia,ANT-D1,11F321F7-C4AE-670,2023-04-17,v2.1.3,OPERATIONAL
EQP-00940,TWR-0121,ANTENNA,PART-ANT-D1,Nokia,ANT-D1,33970362-8441-502,2022-06-21,v1.5.8-OUTDATED,OPERATIONAL
EQP-00941,TWR-0121,ANTENNA,PART-ANT-C2,Ericsson,ANT-C2,AFEACEA4-8DA5-168,2022-05-12,v1.0.4,OPERATIONAL
EQP-00942,TWR-0121,ANTENNA,PART-ANT-C1,Ericsson,ANT-C1,6C80E66D-69E8-613,2022-11-19,v1.2.7,WARNING
EQP-00943,TWR-0121,BASEBAND_UNIT,PART-BBU-F2,Samsung,BBU-F2,E14F7264-836E-082,2023-11-27,v3.0.0,WARNING
EQP-00944,TWR-0121,TRANSCEIVER,PART-TRX-H1,Mediatek,TRX-H1,17AF40CE-9086-451,2022-02-19,v1.5.8-OUTDATED,WARNING
EQP-00945,TWR-0121,TRANSCEIVER,PART-TRX-H1,Mediatek,TRX-H1,5F0E89E3-F457-600,2022-10-22,v1.3.0,WARNING
EQP-00946,TWR-0121,FIREWALL,PART-FWL-J1,Fortinet,FWL-J1,C0AA89BE-3785-972,2023-04-11,v2.0.2-OUTDATED,FAILING
EQP-00947,TWR-0122,5G_ROUTER,PART-RTR-B2,Juniper,RTR-B2,936A6C22-55DD-471,2023-04-06,v2.4.0,OPERATIONAL
EQP-00948,TWR-0122,5G_ROUTER,PART-RTR-A1,Cisco,RTR-A1,48BBF951-BC8E-316,2022-02-18,v2.1.3,OPERATIONAL
EQP-00949,TWR-0122,5G_ROUTER,PART-RTR-B1,Juniper,RTR-B1,A11B69B6-989B-380,2023-04-05,v2.4.0,OPERATIONAL
EQP-00950,TWR-0122,5G_ROUTER,PART-RTR-A2,Cisco,RTR-A2,923137FE-C835-765,2024-04-07,v2.0.1,WARNING
EQP-00951,TWR-0122,5G_ROUTER,PART-RTR-A1,Cisco,RTR-A1,F678010B-3B6C-115,2022-10-24,v1.3.0,OPERATIONAL
EQP-00952,TWR-0122,ANTENNA,PART-ANT-D1,Nokia,ANT-D1,3682AF01-FAEB-716,2022-05-24,v2.1.3,OPERATIONAL
EQP-00953,TWR-0122,BASEBAND_UNIT,PART-BBU-E1,Huawei,BBU-E1,85D008FF-964F-183,2022-04-25,v2.1.3,WARNING
EQP-00954,TWR-0122,BASEBAND_UNIT,PART-BBU-E1,Huawei,BBU-E1,867E4E35-0ADE-167,2023-11-30,v2.1.3,WARNING
EQP-00955,TWR-0122,TRANSCEIVER,PART-TRX-H2,Mediatek,TRX-H2,2AB211B9-18C3-605,2022-09-24,v1.5.8-OUTDATED,WARNING
EQP-00956,TWR-0122,FIREWALL,PART-FWL-J2,Fortinet,FWL-J2,46573696-A12D-461,2023-07-09,v2.0.2-OUTDATED,WARNING
EQP-00957,TWR-0122,FIREWALL,PART-FWL-J1,Fortinet,FWL-J1,B2F6E669-39FA-069,2023-09-28,v1.5.8-OUTDATED,FAILING
EQP-00958,TWR-0122,FIREWALL,PART-FWL-J2,Fortinet,FWL-J2,014400C7-36BB-287,2022-06-02,v1.5.8-OUTDATED,WARNING
EQP-00959,TWR-0123,5G_ROUTER,PART-RTR-B2,Juniper,RTR-B2,FAF4165B-B195-614,2022-12-23,v1.1.0-OUTDATED,WARNING
EQP-00960,TWR-0123,5G_ROUTER,PART-RTR-A1,Cisco,RTR-A1,8B43BF7F-2DF4-147,2023-08-28,v2.0.1,OPERATIONAL
EQP-00961,TWR-0123,5G_ROUTER,PART-RTR-A2,Cisco,RTR-A2,D1AD0812-751C-202,2024-03-03,v2.4.0,FAILING
EQP-00962,TWR-0123,5G_ROUTER,PART-RTR-B1,Juniper,RTR-B1,28B76C0D-BC66-571,2023-08-08,v1.2.7,OPERATIONAL
EQP-00963,TWR-0123,5G_ROUTER,PART-RTR-B2,Juniper,RTR-B2,ED02F690-16BC-893,2022-06-29,v1.3.0,OPERATIONAL
EQP-00964,TWR-0123,5G_ROUTER,PART-RTR-A2,Cisco,RTR-A2,38807E2D-78AB-636,2022-04-05,v2.0.2-OUTDATED,FAILING
EQP-00965,TWR-0123,ANTENNA,PART-ANT-C1,Ericsson,ANT-C1,4D0B811F-000A-925,2022-06-06,v2.1.3,WARNING
EQP-00966,TWR-0123,ANTENNA,PART-ANT-D1,Nokia,ANT-D1,CB317117-DFA4-327,2023-07-13,v2.0.2-OUTDATED,WARNING
EQP-00967,TWR-0123,BASEBAND_UNIT,PART-BBU-F1,Samsung,BBU-F1,28CD0448-2FE5-406,2023-02-05,v2.4.0,OPERATIONAL
EQP-00968,TWR-0123,AMPLIFIER,PART-AMP-G2,Qualcomm,AMP-G2,0EC58634-1CAE-006,2023-07-29,v2.1.3,WARNING
EQP-00969,TWR-0123,TRANSCEIVER,PART-TRX-H1,Mediatek,TRX-H1,89F62072-2241-485,2023-08-19,v2.4.0,WARNING
EQP-00970,TWR-0123,FIREWALL,PART-FWL-J2,Fortinet,FWL-J2,4291B663-4282-679,2022-08-22,v2.0.2-OUTDATED,WARNING
EQP-00971,TWR-0124,5G_ROUTER,PART-RTR-A1,Cisco,RTR-A1,98AC8D4C-5A7E-270,2023-04-19,v2.4.0,OPERATIONAL
EQP-00972,TWR-0124,5G_ROUTER,PART-RTR-B1,Juniper,RTR-B1,2A060575-62BC-454,2022-02-20,v1.3.0,OPERATIONAL
EQP-00973,TWR-0124,5G_ROUTER,PART-RTR-B2,Juniper,RTR-B2,0AED6721-C675-312,2024-06-16,v1.5.8-OUTDATED,WARNING
EQP-00974,TWR-0124,5G_ROUTER,PART-RTR-A2,Cisco,RTR-A2,DB6B582B-0B91-505,2022-07-22,v1.3.0,WARNING
EQP-00975,TWR-0124,ANTENNA,PART-ANT-C1,Ericsson,ANT-C1,70B85EA9-28BE-603,2022-06-06,v1.1.0-OUTDATED,FAILING
EQP-00976,TWR-0124,ANTENNA,PART-ANT-C2,Ericsson,ANT-C2,A15ECE5A-B3FF-110,2023-11-29,v2.0.1,OPERATIONAL
EQP-00977,TWR-0124,BASEBAND_UNIT,PART-BBU-F2,Samsung,BBU-F2,7A8318DD-4D58-324,2023-04-22,v2.0.2-OUTDATED,FAILING
EQP-00978,TWR-0124,BASEBAND_UNIT,PART-BBU-F1,Samsung,BBU-F1,8B78A681-D2DC-946,2022-01-23,v1.0.4,OPERATIONAL
EQP-00979,TWR-0124,BASEBAND_UNIT,PART-BBU-F2,Samsung,BBU-F2,306ECBD0-C4BC-685,2023-01-16,v2.0.1,WARNING
EQP-00980,TWR-0124,AMPLIFIER,PART-AMP-G1,Qualcomm,AMP-G1,97A7636B-D128-701,2022-06-04,v2.0.1,OPERATIONAL
EQP-00981,TWR-0124,AMPLIFIER,PART-AMP-G2,Qualcomm,AMP-G2,5002BD72-E422-352,2023-11-02,v2.0.2-OUTDATED,FAILING
EQP-00982,TWR-0124,TRANSCEIVER,PART-TRX-H2,Mediatek,TRX-H2,675FAA78-EAD0-858,2024-05-16,v2.0.2-OUTDATED,WARNING
EQP-00983,TWR-0125,5G_ROUTER,PART-RTR-B2,Juniper,RTR-B2,AF949A23-482C-109,2024-05-06,v1.1.0-OUTDATED,OPERATIONAL
EQP-00984,TWR-0125,ANTENNA,PART-ANT-D2,Nokia,ANT-D2,A55B1B83-EA2A-410,2023-11-28,v1.2.7,OPERATIONAL
EQP-00985,TWR-0125,BASEBAND_UNIT,PART-BBU-E2,Huawei,BBU-E2,7FE06372-8297-992,2024-03-11,v2.4.0,OPERATIONAL
EQP-00986,TWR-0125,AMPLIFIER,PART-AMP-G1,Qualcomm,AMP-G1,97BA26F5-0DEA-634,2022-11-16,v2.4.0,OPERATIONAL
EQP-00987,TWR-0125,TRANSCEIVER,PART-TRX-H2,Mediatek,TRX-H2,5ED75307-8AC5-166,2024-02-08,v2.1.3,OPERATIONAL
EQP-00988,TWR-0125,TRANSCEIVER,PART-TRX-H1,Mediatek,TRX-H1,C8079D87-6601-755,2022-11-27,v1.2.7,OPERATIONAL
EQP-00989,TWR-0125,FIREWALL,PART-FWL-J1,Fortinet,FWL-J1,D6F239C2-83B8-653,2022-09-03,v2.0.1,WARNING
EQP-00990,TWR-0125,FIREWALL,PART-FWL-J2,Fortinet,FWL-J2,4A5B2411-4721-876,2023-04-15,v2.0.2-OUTDATED,OPERATIONAL
EQP-00991,TWR-0126,ANTENNA,PART-ANT-D1,Nokia,ANT-D1,BB19D7DF-819E-578,2023-12-30,v1.3.0,OPERATIONAL
EQP-00992,TWR-0126,ANTENNA,PART-ANT-D1,Nokia,ANT-D1,86F272AE-F3BD-832,2023-04-04,v2.1.3,OPERATIONAL
EQP-00993,TWR-0126,AMPLIFIER,PART-AMP-G2,Qualcomm,AMP-G2,27C963A6-7F03-918,2024-04-19,v1.0.4,OPERATIONAL
EQP-00994,TWR-0126,AMPLIFIER,PART-AMP-G1,Qualcomm,AMP-G1,4F304802-C99F-228,2024-03-28,v2.0.2-OUTDATED,OPERATIONAL
EQP-00995,TWR-0126,FIREWALL,PART-FWL-J1,Fortinet,FWL-J1,5EC33883-4EC3-724,2022-05-21,v1.5.8-OUTDATED,WARNING
EQP-00996,TWR-0127,5G_ROUTER,PART-RTR-B2,Juniper,RTR-B2,70A23321-8D4C-543,2022-08-20,v2.1.3,OPERATIONAL
EQP-00997,TWR-0127,AMPLIFIER,PART-AMP-G2,Qualcomm,AMP-G2,0C060CF5-5986-365,2022-06-20,v2.0.2-OUTDATED,FAILING
EQP-00998,TWR-0127,AMPLIFIER,PART-AMP-G1,Qualcomm,AMP-G1,49BC8C95-584C-185,2022-02-19,v1.5.8-OUTDATED,OPERATIONAL
EQP-00999,TWR-0127,TRANSCEIVER,PART-TRX-H1,Mediatek,TRX-H1,71360385-E1B9-643,2023-09-04,v3.0.0,OPERATIONAL
EQP-01000,TWR-0127,TRANSCEIVER,PART-TRX-H2,Mediatek,TRX-H2,0C5A46BE-EB88-964,2022-07-08,v1.1.0-OUTDATED,OPERATIONAL
EQP-01001,TWR-0127,TRANSCEIVER,PART-TRX-H2,Mediatek,TRX-H2,FA99CA1C-BEEF-042,2023-07-29,v1.2.7,OPERATIONAL
EQP-01002,TWR-0128,ANTENNA,PART-ANT-C2,Ericsson,ANT-C2,EF8EE0EA-92E4-417,2022-09-29,v1.5.8-OUTDATED,OPERATIONAL
EQP-01003,TWR-0128,ANTENNA,PART-ANT-C1,Ericsson,ANT-C1,F710F3C0-EA3E-297,2024-06-27,v2.0.2-OUTDATED,FAILING
EQP-01004,TWR-0128,ANTENNA,PART-ANT-C1,Ericsson,ANT-C1,97040D11-1FFB-073,2023-04-05,v1.0.4,WARNING
EQP-01005,TWR-0128,ANTENNA,PART-ANT-C1,Ericsson,ANT-C1,F1C0C8E6-CD5A-460,2023-01-29,v1.5.8-OUTDATED,FAILING
EQP-01006,TWR-0128,ANTENNA,PART-ANT-D1,Nokia,ANT-D1,C317D25A-798C-874,2023-02-14,v2.0.1,OPERATIONAL
EQP-01007,TWR-0128,BASEBAND_UNIT,PART-BBU-E1,Huawei,BBU-E1,647D8B6B-B8EE-158,2022-07-27,v1.3.0,WARNING
EQP-01008,TWR-0129,5G_ROUTER,PART-RTR-B2,Juniper,RTR-B2,F64C921C-C5D2-868,2022-03-14,v3.0.0,OPERATIONAL
EQP-01009,TWR-0129,5G_ROUTER,PART-RTR-A1,Cisco,RTR-A1,AD9C5441-43C3-165,2023-10-30,v3.0.0,OPERATIONAL
EQP-01010,TWR-0129,ANTENNA,PART-ANT-C2,Ericsson,ANT-C2,83B3C099-5B6A-223,2023-06-02,v1.5.8-OUTDATED,OPERATIONAL
EQP-01011,TWR-0129,ANTENNA,PART-ANT-C1,Ericsson,ANT-C1,CF577DFA-D1CC-714,2023-06-17,v1.1.0-OUTDATED,WARNING
EQP-01012,TWR-0129,ANTENNA,PART-ANT-D2,Nokia,ANT-D2,EAD2A6DE-D370-978,2022-08-23,v2.0.2-OUTDATED,OPERATIONAL
EQP-01013,TWR-0129,ANTENNA,PART-ANT-C1,Ericsson,ANT-C1,97EDCA1E-1766-976,2022-07-30,v2.4.0,WARNING
EQP-01014,TWR-0129,BASEBAND_UNIT,PART-BBU-F1,Samsung,BBU-F1,93EB6123-6E19-346,2022-02-12,v3.0.0,OPERATIONAL
EQP-01015,TWR-0129,AMPLIFIER,PART-AMP-G1,Qualcomm,AMP-G1,9BF85D3A-F0E3-481,2022-08-24,v2.4.0,OPERATIONAL
EQP-01016,TWR-0129,AMPLIFIER,PART-AMP-G2,Qualcomm,AMP-G2,2B787BF8-2571-228,2022-07-04,v1.2.7,WARNING
EQP-01017,TWR-0129,AMPLIFIER,PART-AMP-G1,Qualcomm,AMP-G1,F6E88FB3-4A02-074,2023-10-13,v1.3.0,OPERATIONAL
EQP-01018,TWR-0129,FIREWALL,PART-FWL-J2,Fortinet,FWL-J2,70BAB2D2-9836-052,2023-03-06,v1.2.7,OPERATIONAL
EQP-01019,TWR-0130,ANTENNA,PART-ANT-C2,Ericsson,ANT-C2,A48F3418-3D4A-189,2022-10-22,v1.0.4,OPERATIONAL
EQP-01020,TWR-0130,ANTENNA,PART-ANT-C2,Ericsson,ANT-C2,28018856-6C7D-216,2022-07-01,v2.4.0,OPERATIONAL
EQP-01021,TWR-0130,AMPLIFIER,PART-AMP-G1,Qualcomm,AMP-G1,61A65816-FA98-468,2024-05-03,v1.1.0-OUTDATED,OPERATIONAL
EQP-01022,TWR-0130,FIREWALL,PART-FWL-J2,Fortinet,FWL-J2,E6E154B9-7484-496,2022-11-06,v1.1.0-OUTDATED,OPERATIONAL
EQP-01023,TWR-0131,5G_ROUTER,PART-RTR-B2,Juniper,RTR-B2,EB2FA583-06C5-383,2024-06-20,v2.0.2-OUTDATED,OPERATIONAL
EQP-01024,TWR-0131,5G_ROUTER,PART-RTR-B1,Juniper,RTR-B1,F70ABEFA-13B9-435,2023-01-02,v1.5.8-OUTDATED,OPERATIONAL
EQP-01025,TWR-0131,5G_ROUTER,PART-RTR-A1,Cisco,RTR-A1,B62F5417-F232-093,2023-07-04,v1.3.0,OPERATIONAL
EQP-01026,TWR-0131,ANTENNA,PART-ANT-C2,Ericsson,ANT-C2,4C6A1560-6768-796,2023-12-04,v3.0.0,OPERATIONAL
EQP-01027,TWR-0131,ANTENNA,PART-ANT-D2,Nokia,ANT-D2,0AED5CC5-DACB-780,2024-05-21,v3.0.0,OPERATIONAL
EQP-01028,TWR-0131,ANTENNA,PART-ANT-C2,Ericsson,ANT-C2,D68AD65B-FE2E-788,2022-05-24,v1.3.0,OPERATIONAL
EQP-01029,TWR-0131,BASEBAND_UNIT,PART-BBU-E1,Huawei,BBU-E1,03EC9A6E-253D-539,2023-09-15,v1.5.8-OUTDATED,WARNING
EQP-01030,TWR-0131,AMPLIFIER,PART-AMP-G2,Qualcomm,AMP-G2,E3F2CBD2-FC18-816,2023-03-11,v1.3.0,WARNING
EQP-01031,TWR-0131,FIREWALL,PART-FWL-J2,Fortinet,FWL-J2,648F9BCC-6C59-302,2024-05-06,v1.0.4,OPERATIONAL
EQP-01032,TWR-0132,5G_ROUTER,PART-RTR-A2,Cisco,RTR-A2,B978C4D4-2BB5-648,2023-10-26,v2.1.3,FAILING
EQP-01033,TWR-0132,5G_ROUTER,PART-RTR-A2,Cisco,RTR-A2,CFD7319A-B0BC-721,2023-04-24,v2.0.2-OUTDATED,FAILING
EQP-01034,TWR-0132,ANTENNA,PART-ANT-C1,Ericsson,ANT-C1,07A99885-9476-713,2024-03-26,v1.5.8-OUTDATED,FAILING
EQP-01035,TWR-0132,ANTENNA,PART-ANT-C1,Ericsson,ANT-C1,A2A503F6-32AC-352,2022-04-05,v2.1.3,WARNING
EQP-01036,TWR-0132,ANTENNA,PART-ANT-D2,Nokia,ANT-D2,5A140723-1B7F-394,2022-07-22,v2.1.3,OPERATIONAL
EQP-01037,TWR-0132,ANTENNA,PART-ANT-D1,Nokia,ANT-D1,3F95A81B-13B7-221,2022-03-03,v2.4.0,OPERATIONAL
EQP-01038,TWR-0132,TRANSCEIVER,PART-TRX-H2,Mediatek,TRX-H2,9B365EC4-8E52-298,2023-07-07,v2.1.3,OPERATIONAL
EQP-01039,TWR-0132,FIREWALL,PART-FWL-J2,Fortinet,FWL-J2,F402610A-D389-666,2024-06-11,v3.0.0,WARNING
EQP-01040,TWR-0132,FIREWALL,PART-FWL-J2,Fortinet,FWL-J2,E5F0F211-17AB-015,2022-09-28,v2.1.3,OPERATIONAL
EQP-01041,TWR-0133,ANTENNA,PART-ANT-D2,Nokia,ANT-D2,22BA34E9-3E34-692,2023-04-12,v1.3.0,OPERATIONAL
EQP-01042,TWR-0133,AMPLIFIER,PART-AMP-G2,Qualcomm,AMP-G2,1C3B5CEC-E818-460,2023-10-17,v1.0.4,OPERATIONAL
EQP-01043,TWR-0134,5G_ROUTER,PART-RTR-A2,Cisco,RTR-A2,3B7A663D-1362-915,2022-11-11,v1.3.0,FAILING
EQP-01044,TWR-0134,5G_ROUTER,PART-RTR-A2,Cisco,RTR-A2,343A73DA-68A2-807,2022-08-24,v1.0.4,WARNING
EQP-01045,TWR-0134,ANTENNA,PART-ANT-D1,Nokia,ANT-D1,08EB4693-D431-692,2022-01-23,v1.2.7,OPERATIONAL
EQP-01046,TWR-0134,AMPLIFIER,PART-AMP-G2,Qualcomm,AMP-G2,CF11E16D-2A66-930,2023-08-15,v1.0.4,WARNING
EQP-01047,TWR-0134,AMPLIFIER,PART-AMP-G1,Qualcomm,AMP-G1,5E9163AD-0CEF-660,2022-10-13,v1.1.0-OUTDATED,WARNING
EQP-01048,TWR-0134,AMPLIFIER,PART-AMP-G1,Qualcomm,AMP-G1,2F65BBCE-E223-626,2023-06-14,v1.3.0,OPERATIONAL
EQP-01049,TWR-0134,TRANSCEIVER,PART-TRX-H1,Mediatek,TRX-H1,DDD1BDF5-C625-250,2024-04-10,v2.0.1,WARNING
EQP-01050,TWR-0134,FIREWALL,PART-FWL-J1,Fortinet,FWL-J1,2299827E-1C23-897,2022-09-29,v1.1.0-OUTDATED,FAILING
EQP-01051,TWR-0135,5G_ROUTER,PART-RTR-A2,Cisco,RTR-A2,86967D89-C6DB-882,2023-02-22,v1.1.0-OUTDATED,FAILING
EQP-01052,TWR-0135,5G_ROUTER,PART-RTR-A2,Cisco,RTR-A2,8211A549-6288-139,2022-09-03,v2.4.0,WARNING
EQP-01053,TWR-0135,5G_ROUTER,PART-RTR-B1,Juniper,RTR-B1,3B3047C0-E550-276,2023-03-04,v1.5.8-OUTDATED,WARNING
EQP-01054,TWR-0135,ANTENNA,PART-ANT-C1,Ericsson,ANT-C1,AC816BA9-88F9-596,2022-11-03,v3.0.0,WARNING
EQP-01055,TWR-0135,BASEBAND_UNIT,PART-BBU-F2,Samsung,BBU-F2,7BDCAC04-3AC2-192,2023-03-28,v1.3.0,WARNING
EQP-01056,TWR-0135,AMPLIFIER,PART-AMP-G1,Qualcomm,AMP-G1,F0E34ABD-0078-260,2023-08-04,v1.5.8-OUTDATED,WARNING
EQP-01057,TWR-0135,TRANSCEIVER,PART-TRX-H2,Mediatek,TRX-H2,4E2A8192-8A13-295,2024-04-25,v1.2.7,OPERATIONAL
EQP-01058,TWR-0135,FIREWALL,PART-FWL-J1,Fortinet,FWL-J1,3E8FD48B-1A70-866,2022-08-30,v2.4.0,WARNING
EQP-01059,TWR-0136,5G_ROUTER,PART-RTR-B1,Juniper,RTR-B1,D385EFCD-C4E8-343,2022-06-25,v2.4.0,OPERATIONAL
EQP-01060,TWR-0136,5G_ROUTER,PART-RTR-B1,Juniper,RTR-B1,B4A1AA8A-FD7D-953,2022-05-26,v1.3.0,OPERATIONAL
EQP-01061,TWR-0136,5G_ROUTER,PART-RTR-B2,Juniper,RTR-B2,5B8275B8-2042-875,2022-09-04,v2.4.0,OPERATIONAL
EQP-01062,TWR-0136,ANTENNA,PART-ANT-D1,Nokia,ANT-D1,A27EA4B8-3FF9-033,2023-01-10,v1.0.4,OPERATIONAL
EQP-01063,TWR-0136,ANTENNA,PART-ANT-D2,Nokia,ANT-D2,8EB38278-866C-505,2022-02-08,v1.3.0,OPERATIONAL
EQP-01064,TWR-0136,ANTENNA,PART-ANT-D1,Nokia,ANT-D1,B9BB2FF2-33FE-264,2023-07-29,v1.0.4,OPERATIONAL
EQP-01065,TWR-0136,BASEBAND_UNIT,PART-BBU-E1,Huawei,BBU-E1,3031DC29-39EE-832,2022-08-08,v2.0.2-OUTDATED,OPERATIONAL
EQP-01066,TWR-0136,FIREWALL,PART-FWL-J2,Fortinet,FWL-J2,3229AE14-BA62-483,2022-06-06,v1.5.8-OUTDATED,OPERATIONAL
EQP-01067,TWR-0137,5G_ROUTER,PART-RTR-A1,Cisco,RTR-A1,8E31B0FC-6566-838,2023-12-30,v1.5.8-OUTDATED,OPERATIONAL
EQP-01068,TWR-0137,5G_ROUTER,PART-RTR-A1,Cisco,RTR-A1,328AB571-7A45-461,2024-02-29,v1.2.7,OPERATIONAL
EQP-01069,TWR-0137,ANTENNA,PART-ANT-D1,Nokia,ANT-D1,9E0D0563-FE97-760,2023-10-07,v1.0.4,OPERATIONAL
EQP-01070,TWR-0137,ANTENNA,PART-ANT-C2,Ericsson,ANT-C2,7D340139-D974-101,2023-06-17,v1.3.0,OPERATIONAL
EQP-01071,TWR-0137,ANTENNA,PART-ANT-D1,Nokia,ANT-D1,2C65030B-7C9F-783,2022-05-15,v1.1.0-OUTDATED,OPERATIONAL
EQP-01072,TWR-0137,BASEBAND_UNIT,PART-BBU-F1,Samsung,BBU-F1,1E4CAB45-8048-204,2022-09-18,v2.4.0,OPERATIONAL
EQP-01073,TWR-0137,BASEBAND_UNIT,PART-BBU-E1,Huawei,BBU-E1,F4EEA23E-089D-894,2022-09-16,v1.3.0,WARNING
EQP-01074,TWR-0137,AMPLIFIER,PART-AMP-G2,Qualcomm,AMP-G2,8AF81E82-33BF-440,2022-03-31,v1.3.0,WARNING
EQP-01075,TWR-0137,TRANSCEIVER,PART-TRX-H1,Mediatek,TRX-H1,EA90F199-8869-363,2023-03-08,v2.1.3,WARNING
EQP-01076,TWR-0137,FIREWALL,PART-FWL-J1,Fortinet,FWL-J1,AB2F1455-556C-826,2022-11-14,v1.1.0-OUTDATED,WARNING
EQP-01077,TWR-0138,5G_ROUTER,PART-RTR-A1,Cisco,RTR-A1,4A07391D-4897-447,2022-09-01,v3.0.0,OPERATIONAL
EQP-01078,TWR-0138,5G_ROUTER,PART-RTR-B2,Juniper,RTR-B2,C8347DF6-6283-818,2023-05-03,v1.3.0,OPERATIONAL
EQP-01079,TWR-0138,5G_ROUTER,PART-RTR-B1,Juniper,RTR-B1,3ED41466-DFBD-125,2022-05-17,v1.0.4,OPERATIONAL
EQP-01080,TWR-0138,5G_ROUTER,PART-RTR-B1,Juniper,RTR-B1,E93C2CE7-ABE9-293,2022-07-03,v3.0.0,OPERATIONAL
EQP-01081,TWR-0138,5G_ROUTER,PART-RTR-A1,Cisco,RTR-A1,50B5B056-1D9D-801,2022-02-01,v1.0.4,OPERATIONAL
EQP-01082,TWR-0138,ANTENNA,PART-ANT-D2,Nokia,ANT-D2,D1DAD722-1C83-124,2022-03-13,v2.4.0,OPERATIONAL
EQP-01083,TWR-0138,AMPLIFIER,PART-AMP-G2,Qualcomm,AMP-G2,4BE9F65B-2EC0-187,2023-07-26,v2.4.0,OPERATIONAL
EQP-01084,TWR-0138,AMPLIFIER,PART-AMP-G2,Qualcomm,AMP-G2,B3B7A676-232C-422,2022-12-12,v2.4.0,WARNING
EQP-01085,TWR-0138,AMPLIFIER,PART-AMP-G1,Qualcomm,AMP-G1,DE356DA8-360B-917,2023-12-18,v2.1.3,OPERATIONAL
EQP-01086,TWR-0138,TRANSCEIVER,PART-TRX-H2,Mediatek,TRX-H2,47F6D979-364C-611,2022-12-31,v1.1.0-OUTDATED,OPERATIONAL
EQP-01087,TWR-0139,5G_ROUTER,PART-RTR-A2,Cisco,RTR-A2,D7F9EF54-D3C2-868,2023-09-21,v1.5.8-OUTDATED,WARNING
EQP-01088,TWR-0139,5G_ROUTER,PART-RTR-A1,Cisco,RTR-A1,87A6632E-B7D9-598,2022-04-13,v1.0.4,OPERATIONAL
EQP-01089,TWR-0139,ANTENNA,PART-ANT-C2,Ericsson,ANT-C2,81A18527-33E5-403,2022-01-06,v1.0.4,OPERATIONAL
EQP-01090,TWR-0139,ANTENNA,PART-ANT-D2,Nokia,ANT-D2,45B1E2A0-DBDE-833,2023-07-21,v1.5.8-OUTDATED,WARNING
EQP-01091,TWR-0139,AMPLIFIER,PART-AMP-G2,Qualcomm,AMP-G2,D1AF6F87-41EB-399,2024-05-25,v1.5.8-OUTDATED,FAILING
EQP-01092,TWR-0139,AMPLIFIER,PART-AMP-G2,Qualcomm,AMP-G2,2C7909AF-5102-299,2024-01-27,v1.1.0-OUTDATED,FAILING
EQP-01093,TWR-0139,AMPLIFIER,PART-AMP-G1,Qualcomm,AMP-G1,32069473-C039-841,2023-01-01,v1.0.4,OPERATIONAL
EQP-01094,TWR-0140,5G_ROUTER,PART-RTR-A1,Cisco,RTR-A1,1844EF49-8FF5-025,2022-01-03,v2.0.1,OPERATIONAL
EQP-01095,TWR-0140,5G_ROUTER,PART-RTR-A2,Cisco,RTR-A2,0CBD202A-0AE2-738,2023-05-19,v1.2.7,FAILING
EQP-01096,TWR-0140,5G_ROUTER,PART-RTR-A2,Cisco,RTR-A2,F330BD07-BCEB-919,2024-06-24,v1.3.0,FAILING
EQP-01097,TWR-0140,ANTENNA,PART-ANT-C2,Ericsson,ANT-C2,E766F4CA-073B-446,2022-11-21,v1.3.0,OPERATIONAL
EQP-01098,TWR-0140,ANTENNA,PART-ANT-C2,Ericsson,ANT-C2,12CD4D85-7BE7-346,2023-11-25,v1.3.0,OPERATIONAL
EQP-01099,TWR-0140,ANTENNA,PART-ANT-C1,Ericsson,ANT-C1,867820A2-8C36-977,2022-02-01,v1.1.0-OUTDATED,FAILING
EQP-01100,TWR-0140,ANTENNA,PART-ANT-C1,Ericsson,ANT-C1,C2E60B25-8B6D-481,2022-11-07,v1.5.8-OUTDATED,FAILING
EQP-01101,TWR-0140,BASEBAND_UNIT,PART-BBU-E2,Huawei,BBU-E2,5CA2C651-F0F1-504,2022-04-06,v1.2.7,OPERATIONAL
EQP-01102,TWR-0140,AMPLIFIER,PART-AMP-G1,Qualcomm,AMP-G1,7D981F68-EAB2-459,2023-05-08,v1.1.0-OUTDATED,WARNING
EQP-01103,TWR-0140,TRANSCEIVER,PART-TRX-H1,Mediatek,TRX-H1,26DEDEF3-D9DA-124,2023-05-28,v1.5.8-OUTDATED,FAILING
EQP-01104,TWR-0140,FIREWALL,PART-FWL-J2,Fortinet,FWL-J2,C18A7C25-F821-592,2024-04-27,v1.1.0-OUTDATED,WARNING
EQP-01105,TWR-0140,FIREWALL,PART-FWL-J2,Fortinet,FWL-J2,016314AD-4BD0-851,2022-06-17,v1.3.0,OPERATIONAL
EQP-01106,TWR-0141,5G_ROUTER,PART-RTR-B2,Juniper,RTR-B2,ACD6A07F-22B8-454,2022-08-15,v3.0.0,OPERATIONAL
EQP-01107,TWR-0141,ANTENNA,PART-ANT-D2,Nokia,ANT-D2,2B5C763A-4E6D-469,2023-01-13,v1.3.0,OPERATIONAL
EQP-01108,TWR-0141,ANTENNA,PART-ANT-D1,Nokia,ANT-D1,777EB000-B36D-131,2022-05-20,v1.3.0,OPERATIONAL
EQP-01109,TWR-0141,ANTENNA,PART-ANT-C1,Ericsson,ANT-C1,141AB284-17B3-787,2024-06-23,v2.4.0,WARNING
EQP-01110,TWR-0141,ANTENNA,PART-ANT-D2,Nokia,ANT-D2,024D2782-0108-935,2022-11-19,v2.1.3,OPERATIONAL
EQP-01111,TWR-0141,AMPLIFIER,PART-AMP-G1,Qualcomm,AMP-G1,43FFA72E-02A2-108,2023-06-27,v2.1.3,OPERATIONAL
EQP-01112,TWR-0141,TRANSCEIVER,PART-TRX-H1,Mediatek,TRX-H1,04A2C191-BCC4-236,2024-06-10,v1.5.8-OUTDATED,WARNING
EQP-01113,TWR-0141,FIREWALL,PART-FWL-J2,Fortinet,FWL-J2,B205A5C8-FD7D-447,2022-01-10,v1.1.0-OUTDATED,OPERATIONAL
EQP-01114,TWR-0142,5G_ROUTER,PART-RTR-A1,Cisco,RTR-A1,46FD2088-B4C6-334,2023-01-18,v3.0.0,OPERATIONAL
EQP-01115,TWR-0142,5G_ROUTER,PART-RTR-B2,Juniper,RTR-B2,F68E08BE-0BC5-745,2023-03-26,v1.3.0,OPERATIONAL
EQP-01116,TWR-0142,5G_ROUTER,PART-RTR-A1,Cisco,RTR-A1,A62D33EE-9959-608,2023-04-16,v1.3.0,OPERATIONAL
EQP-01117,TWR-0142,5G_ROUTER,PART-RTR-A1,Cisco,RTR-A1,A8EA6A33-D905-983,2023-08-04,v1.2.7,OPERATIONAL
EQP-01118,TWR-0142,5G_ROUTER,PART-RTR-A1,Cisco,RTR-A1,D8021BC7-B8BA-455,2023-08-18,v3.0.0,OPERATIONAL
EQP-01119,TWR-0142,ANTENNA,PART-ANT-C2,Ericsson,ANT-C2,5BE3A16A-4361-624,2022-04-30,v2.1.3,OPERATIONAL
EQP-01120,TWR-0142,ANTENNA,PART-ANT-D1,Nokia,ANT-D1,55FF12B4-AE2F-052,2022-07-28,v2.4.0,OPERATIONAL
EQP-01121,TWR-0142,ANTENNA,PART-ANT-D2,Nokia,ANT-D2,8E823C80-8603-934,2023-10-04,v1.1.0-OUTDATED,OPERATIONAL
EQP-01122,TWR-0142,BASEBAND_UNIT,PART-BBU-F2,Samsung,BBU-F2,10577B20-AE25-626,2022-05-31,v1.0.4,WARNING
EQP-01123,TWR-0142,BASEBAND_UNIT,PART-BBU-E2,Huawei,BBU-E2,D385A318-DAC6-139,2023-01-25,v1.0.4,OPERATIONAL
EQP-01124,TWR-0142,BASEBAND_UNIT,PART-BBU-E2,Huawei,BBU-E2,FCB499AE-A339-865,2024-05-13,v2.0.1,OPERATIONAL
EQP-01125,TWR-0142,BASEBAND_UNIT,PART-BBU-F1,Samsung,BBU-F1,98DF0459-4400-449,2024-06-27,v1.3.0,OPERATIONAL
EQP-01126,TWR-0142,TRANSCEIVER,PART-TRX-H1,Mediatek,TRX-H1,434FAA3E-3FF9-867,2024-06-29,v1.1.0-OUTDATED,WARNING
EQP-01127,TWR-0142,FIREWALL,PART-FWL-J2,Fortinet,FWL-J2,9C985A43-40E4-799,2023-02-01,v2.0.1,OPERATIONAL
EQP-01128,TWR-0142,FIREWALL,PART-FWL-J2,Fortinet,FWL-J2,53D87ACA-7EEF-090,2024-03-22,v3.0.0,OPERATIONAL
EQP-01129,TWR-0143,5G_ROUTER,PART-RTR-B1,Juniper,RTR-B1,39A30FE2-9295-750,2023-06-07,v1.3.0,OPERATIONAL
EQP-01130,TWR-0143,5G_ROUTER,PART-RTR-A2,Cisco,RTR-A2,7A709C72-04C5-955,2022-10-30,v1.5.8-OUTDATED,OPERATIONAL
EQP-01131,TWR-0143,ANTENNA,PART-ANT-D2,Nokia,ANT-D2,6C9013D0-1C9F-219,2023-08-24,v3.0.0,OPERATIONAL
EQP-01132,TWR-0143,ANTENNA,PART-ANT-D2,Nokia,ANT-D2,291E64F1-C8B4-880,2023-02-15,v1.3.0,OPERATIONAL
EQP-01133,TWR-0143,ANTENNA,PART-ANT-D2,Nokia,ANT-D2,67452776-F1ED-022,2023-10-01,v1.3.0,OPERATIONAL
EQP-01134,TWR-0143,FIREWALL,PART-FWL-J2,Fortinet,FWL-J2,30D14120-D0C2-913,2024-02-12,v1.2.7,OPERATIONAL
EQP-01135,TWR-0144,5G_ROUTER,PART-RTR-B1,Juniper,RTR-B1,AD4C39EB-4BEE-738,2023-10-30,v3.0.0,OPERATIONAL
EQP-01136,TWR-0144,ANTENNA,PART-ANT-D1,Nokia,ANT-D1,CB2C2853-4176-403,2022-03-25,v1.0.4,OPERATIONAL
EQP-01137,TWR-0144,ANTENNA,PART-ANT-C2,Ericsson,ANT-C2,92D0046F-86D3-896,2023-01-03,v1.5.8-OUTDATED,OPERATIONAL
EQP-01138,TWR-0144,ANTENNA,PART-ANT-D1,Nokia,ANT-D1,540A9AA0-E8B0-760,2023-09-10,v1.5.8-OUTDATED,OPERATIONAL
EQP-01139,TWR-0144,BASEBAND_UNIT,PART-BBU-E1,Huawei,BBU-E1,5EAED3FB-3C6D-173,2022-08-25,v1.5.8-OUTDATED,FAILING
EQP-01140,TWR-0144,AMPLIFIER,PART-AMP-G2,Qualcomm,AMP-G2,57A3B05A-4693-963,2024-02-11,v1.2.7,WARNING
EQP-01141,TWR-0144,TRANSCEIVER,PART-TRX-H1,Mediatek,TRX-H1,F75FBC2D-8CD1-098,2022-03-01,v2.0.2-OUTDATED,WARNING
EQP-01142,TWR-0144,FIREWALL,PART-FWL-J1,Fortinet,FWL-J1,AE027619-E303-184,2023-03-01,v2.0.2-OUTDATED,FAILING
EQP-01143,TWR-0144,FIREWALL,PART-FWL-J1,Fortinet,FWL-J1,151A7107-9259-470,2022-04-16,v1.2.7,WARNING
EQP-01144,TWR-0145,ANTENNA,PART-ANT-C2,Ericsson,ANT-C2,63EC432B-E4A3-916,2022-09-30,v1.2.7,OPERATIONAL
EQP-01145,TWR-0145,ANTENNA,PART-ANT-C2,Ericsson,ANT-C2,1EF6E348-96CC-120,2024-06-21,v2.0.1,OPERATIONAL
EQP-01146,TWR-0145,TRANSCEIVER,PART-TRX-H2,Mediatek,TRX-H2,2867250F-2732-389,2024-06-01,v1.1.0-OUTDATED,OPERATIONAL
EQP-01147,TWR-0145,FIREWALL,PART-FWL-J1,Fortinet,FWL-J1,7FD6E58A-9D27-664,2022-10-29,v1.5.8-OUTDATED,OPERATIONAL
EQP-01148,TWR-0146,5G_ROUTER,PART-RTR-A1,Cisco,RTR-A1,D445A12C-3146-033,2024-01-31,v1.2.7,OPERATIONAL
EQP-01149,TWR-0146,5G_ROUTER,PART-RTR-B1,Juniper,RTR-B1,16340FE2-3E60-135,2023-01-12,v1.0.4,OPERATIONAL
EQP-01150,TWR-0146,ANTENNA,PART-ANT-C1,Ericsson,ANT-C1,8A254853-D972-070,2023-12-27,v2.0.2-OUTDATED,FAILING
EQP-01151,TWR-0146,ANTENNA,PART-ANT-D1,Nokia,ANT-D1,F9074027-69B4-286,2023-09-10,v2.0.1,OPERATIONAL
EQP-01152,TWR-0146,ANTENNA,PART-ANT-D1,Nokia,ANT-D1,31D31B82-D3AA-828,2023-10-26,v1.0.4,OPERATIONAL
EQP-01153,TWR-0146,ANTENNA,PART-ANT-C1,Ericsson,ANT-C1,B0F24749-075A-519,2023-11-20,v2.4.0,WARNING
EQP-01154,TWR-0146,ANTENNA,PART-ANT-D1,Nokia,ANT-D1,2F6582D4-E2D6-606,2024-03-05,v1.1.0-OUTDATED,OPERATIONAL
EQP-01155,TWR-0146,ANTENNA,PART-ANT-D2,Nokia,ANT-D2,25F2180F-E32C-520,2024-01-21,v1.3.0,OPERATIONAL
EQP-01156,TWR-0146,BASEBAND_UNIT,PART-BBU-E1,Huawei,BBU-E1,F649A644-8671-879,2023-10-07,v1.0.4,WARNING
EQP-01157,TWR-0146,TRANSCEIVER,PART-TRX-H2,Mediatek,TRX-H2,ED94A9E3-022A-146,2022-05-03,v1.3.0,OPERATIONAL
EQP-01158,TWR-0146,TRANSCEIVER,PART-TRX-H1,Mediatek,TRX-H1,6C644D65-C55C-327,2023-04-10,v1.2.7,WARNING
EQP-01159,TWR-0147,5G_ROUTER,PART-RTR-A2,Cisco,RTR-A2,A32D4591-06F9-577,2023-07-10,v2.4.0,WARNING
EQP-01160,TWR-0147,5G_ROUTER,PART-RTR-B1,Juniper,RTR-B1,DD0883F4-D19B-503,2022-04-07,v1.0.4,OPERATIONAL
EQP-01161,TWR-0147,5G_ROUTER,PART-RTR-B1,Juniper,RTR-B1,19D91C71-53FE-105,2023-06-06,v1.2.7,OPERATIONAL
EQP-01162,TWR-0147,ANTENNA,PART-ANT-C1,Ericsson,ANT-C1,072B1E34-EE11-852,2024-06-09,v1.0.4,WARNING
EQP-01163,TWR-0147,ANTENNA,PART-ANT-C1,Ericsson,ANT-C1,7224A1AC-2FF4-112,2022-10-24,v1.2.7,WARNING
EQP-01164,TWR-0147,ANTENNA,PART-ANT-D2,Nokia,ANT-D2,44E25C00-4FDE-863,2022-04-18,v1.0.4,OPERATIONAL
EQP-01165,TWR-0147,ANTENNA,PART-ANT-D1,Nokia,ANT-D1,682F9D4B-10A1-275,2023-12-25,v2.0.1,OPERATIONAL
EQP-01166,TWR-0147,ANTENNA,PART-ANT-C1,Ericsson,ANT-C1,764AFB56-1246-989,2024-03-04,v1.5.8-OUTDATED,FAILING
EQP-01167,TWR-0147,ANTENNA,PART-ANT-D2,Nokia,ANT-D2,15015F2A-68DD-827,2023-01-10,v1.5.8-OUTDATED,WARNING
EQP-01168,TWR-0147,ANTENNA,PART-ANT-D2,Nokia,ANT-D2,0FFD7425-54FA-222,2023-08-06,v2.4.0,OPERATIONAL
EQP-01169,TWR-0147,AMPLIFIER,PART-AMP-G2,Qualcomm,AMP-G2,B8FF673C-EA38-793,2022-02-08,v1.0.4,WARNING
EQP-01170,TWR-0148,5G_ROUTER,PART-RTR-A1,Cisco,RTR-A1,9A8AE19C-D7F5-440,2024-01-21,v1.2.7,OPERATIONAL
EQP-01171,TWR-0148,5G_ROUTER,PART-RTR-B2,Juniper,RTR-B2,7589F920-F633-106,2022-07-01,v2.0.2-OUTDATED,OPERATIONAL
EQP-01172,TWR-0148,5G_ROUTER,PART-RTR-B2,Juniper,RTR-B2,CA90AFE6-94EE-222,2023-03-20,v3.0.0,OPERATIONAL
EQP-01173,TWR-0148,ANTENNA,PART-ANT-C2,Ericsson,ANT-C2,394BFD22-D16F-447,2022-01-09,v2.1.3,OPERATIONAL
EQP-01174,TWR-0148,BASEBAND_UNIT,PART-BBU-E1,Huawei,BBU-E1,FB5998FC-4FF0-296,2023-07-14,v2.4.0,OPERATIONAL
EQP-01175,TWR-0149,5G_ROUTER,PART-RTR-B1,Juniper,RTR-B1,EB941E87-F24D-284,2024-05-09,v2.0.1,OPERATIONAL
EQP-01176,TWR-0149,5G_ROUTER,PART-RTR-B1,Juniper,RTR-B1,D17C7300-244D-508,2022-05-09,v2.0.2-OUTDATED,OPERATIONAL
EQP-01177,TWR-0149,ANTENNA,PART-ANT-D2,Nokia,ANT-D2,125B0672-032C-915,2023-07-22,v2.4.0,OPERATIONAL
EQP-01178,TWR-0149,ANTENNA,PART-ANT-C2,Ericsson,ANT-C2,CCE1F78C-7402-084,2022-12-14,v2.0.1,OPERATIONAL
EQP-01179,TWR-0149,ANTENNA,PART-ANT-C2,Ericsson,ANT-C2,C5929F57-F961-936,2023-07-10,v2.0.2-OUTDATED,OPERATIONAL
EQP-01180,TWR-0149,BASEBAND_UNIT,PART-BBU-E2,Huawei,BBU-E2,08FE36FC-84C9-523,2024-04-24,v1.3.0,OPERATIONAL
EQP-01181,TWR-0149,BASEBAND_UNIT,PART-BBU-F2,Samsung,BBU-F2,6A0B8E5E-9323-301,2023-05-17,v2.1.3,WARNING
EQP-01182,TWR-0149,BASEBAND_UNIT,PART-BBU-F1,Samsung,BBU-F1,DFA79538-D112-209,2022-05-16,v1.0.4,OPERATIONAL
EQP-01183,TWR-0149,AMPLIFIER,PART-AMP-G2,Qualcomm,AMP-G2,205B25F2-F8B5-324,2022-12-25,v2.0.1,WARNING
EQP-01184,TWR-0149,TRANSCEIVER,PART-TRX-H1,Mediatek,TRX-H1,25E09B21-83F3-130,2022-10-29,v1.0.4,WARNING
EQP-01185,TWR-0149,FIREWALL,PART-FWL-J1,Fortinet,FWL-J1,52A58310-0D44-578,2022-03-28,v2.1.3,WARNING
EQP-01186,TWR-0150,5G_ROUTER,PART-RTR-A2,Cisco,RTR-A2,98C10C50-87FF-538,2022-05-25,v1.2.7,WARNING
EQP-01187,TWR-0150,ANTENNA,PART-ANT-D2,Nokia,ANT-D2,B3D95F86-3A42-118,2023-08-08,v1.1.0-OUTDATED,WARNING
EQP-01188,TWR-0150,ANTENNA,PART-ANT-C2,Ericsson,ANT-C2,E43921A8-033A-665,2023-11-13,v2.4.0,OPERATIONAL
EQP-01189,TWR-0150,BASEBAND_UNIT,PART-BBU-F1,Samsung,BBU-F1,1D3FD7CA-C01E-780,2023-07-15,v2.0.2-OUTDATED,WARNING
EQP-01190,TWR-0150,BASEBAND_UNIT,PART-BBU-E1,Huawei,BBU-E1,4666AC6D-1CA8-374,2022-12-05,v2.1.3,WARNING
EQP-01191,TWR-0150,AMPLIFIER,PART-AMP-G2,Qualcomm,AMP-G2,5F0AF8A9-8AEB-848,2023-05-19,v1.2.7,WARNING
EQP-01192,TWR-0150,TRANSCEIVER,PART-TRX-H1,Mediatek,TRX-H1,CE3DA7C2-B9E9-525,2023-04-22,v1.3.0,WARNING
EQP-01193,TWR-0151,5G_ROUTER,PART-RTR-A1,Cisco,RTR-A1,8EC1842D-DF66-777,2022-06-25,v3.0.0,OPERATIONAL
EQP-01194,TWR-0151,ANTENNA,PART-ANT-C1,Ericsson,ANT-C1,06A738F4-654A-374,2023-07-21,v2.1.3,WARNING
EQP-01195,TWR-0151,AMPLIFIER,PART-AMP-G1,Qualcomm,AMP-G1,0A16D5B5-EFE6-317,2023-07-07,v2.1.3,OPERATIONAL
EQP-01196,TWR-0151,AMPLIFIER,PART-AMP-G1,Qualcomm,AMP-G1,D8BEC536-9D42-315,2023-06-26,v1.1.0-OUTDATED,OPERATIONAL
EQP-01197,TWR-0151,TRANSCEIVER,PART-TRX-H1,Mediatek,TRX-H1,364F8B80-4D8B-760,2023-05-27,v1.0.4,WARNING
EQP-01198,TWR-0151,TRANSCEIVER,PART-TRX-H1,Mediatek,TRX-H1,93324AE7-9DA4-280,2023-08-04,v1.1.0-OUTDATED,WARNING
EQP-01199,TWR-0152,5G_ROUTER,PART-RTR-B2,Juniper,RTR-B2,439A40C6-A259-123,2022-10-16,v1.0.4,OPERATIONAL
EQP-01200,TWR-0152,5G_ROUTER,PART-RTR-A1,Cisco,RTR-A1,BC5108B9-6030-461,2022-10-08,v1.0.4,OPERATIONAL
EQP-01201,TWR-0152,5G_ROUTER,PART-RTR-A2,Cisco,RTR-A2,195F61BB-EB5A-797,2023-04-16,v2.4.0,WARNING
EQP-01202,TWR-0152,BASEBAND_UNIT,PART-BBU-E2,Huawei,BBU-E2,CFC87DD4-0C3F-036,2024-04-09,v1.3.0,OPERATIONAL
EQP-01203,TWR-0152,BASEBAND_UNIT,PART-BBU-E2,Huawei,BBU-E2,A40D11CA-25AA-361,2023-01-11,v1.0.4,OPERATIONAL
EQP-01204,TWR-0152,BASEBAND_UNIT,PART-BBU-E1,Huawei,BBU-E1,10F3E0F6-CD5B-333,2023-12-20,v1.5.8-OUTDATED,FAILING
EQP-01205,TWR-0153,ANTENNA,PART-ANT-D2,Nokia,ANT-D2,FCB51828-D1E9-046,2023-10-19,v2.1.3,OPERATIONAL
EQP-01206,TWR-0153,ANTENNA,PART-ANT-C1,Ericsson,ANT-C1,098B616C-F35E-312,2022-08-12,v2.0.2-OUTDATED,OPERATIONAL
EQP-01207,TWR-0153,ANTENNA,PART-ANT-D2,Nokia,ANT-D2,D79794B5-8209-138,2024-04-11,v2.4.0,OPERATIONAL
EQP-01208,TWR-0153,ANTENNA,PART-ANT-D1,Nokia,ANT-D1,F5483D17-3D27-832,2023-02-06,v1.3.0,OPERATIONAL
EQP-01209,TWR-0153,BASEBAND_UNIT,PART-BBU-F1,Samsung,BBU-F1,2291596D-B2DE-202,2022-11-23,v1.0.4,OPERATIONAL
EQP-01210,TWR-0154,5G_ROUTER,PART-RTR-A1,Cisco,RTR-A1,667EAE58-1492-959,2022-09-05,v2.0.1,OPERATIONAL
EQP-01211,TWR-0154,5G_ROUTER,PART-RTR-B1,Juniper,RTR-B1,2C153BD3-67B5-522,2023-04-04,v2.0.2-OUTDATED,WARNING
EQP-01212,TWR-0154,5G_ROUTER,PART-RTR-A2,Cisco,RTR-A2,099F8E5B-E29E-555,2024-03-24,v1.2.7,WARNING
EQP-01213,TWR-0154,BASEBAND_UNIT,PART-BBU-F2,Samsung,BBU-F2,6EA7324C-7675-806,2022-12-23,v1.5.8-OUTDATED,WARNING
EQP-01214,TWR-0154,AMPLIFIER,PART-AMP-G2,Qualcomm,AMP-G2,78A51B8A-88F0-092,2024-05-03,v1.0.4,WARNING
EQP-01215,TWR-0154,AMPLIFIER,PART-AMP-G2,Qualcomm,AMP-G2,E687F7C5-6A60-172,2024-03-06,v1.2.7,WARNING
EQP-01216,TWR-0155,5G_ROUTER,PART-RTR-B2,Juniper,RTR-B2,51FF7AC1-4885-001,2024-05-18,v2.1.3,OPERATIONAL
EQP-01217,TWR-0155,5G_ROUTER,PART-RTR-B1,Juniper,RTR-B1,9C6876AF-CA08-954,2022-12-29,v3.0.0,OPERATIONAL
EQP-01218,TWR-0155,ANTENNA,PART-ANT-C2,Ericsson,ANT-C2,853B599D-F809-883,2023-03-11,v2.4.0,OPERATIONAL
EQP-01219,TWR-0155,ANTENNA,PART-ANT-D2,Nokia,ANT-D2,9C767D75-9BEE-782,2023-12-02,v2.4.0,OPERATIONAL
EQP-01220,TWR-0155,TRANSCEIVER,PART-TRX-H1,Mediatek,TRX-H1,759B8300-6CCC-708,2022-01-21,v2.1.3,WARNING
EQP-01221,TWR-0155,TRANSCEIVER,PART-TRX-H1,Mediatek,TRX-H1,EFD73E2C-FE8D-830,2024-06-06,v2.0.2-OUTDATED,WARNING
EQP-01222,TWR-0156,5G_ROUTER,PART-RTR-B1,Juniper,RTR-B1,5AD3365C-E25E-594,2022-07-07,v2.1.3,OPERATIONAL
EQP-01223,TWR-0156,5G_ROUTER,PART-RTR-B1,Juniper,RTR-B1,9E579D9F-C67B-070,2022-07-26,v1.0.4,OPERATIONAL
EQP-01224,TWR-0156,ANTENNA,PART-ANT-C1,Ericsson,ANT-C1,3CDD1440-46E2-859,2024-01-16,v2.0.2-OUTDATED,WARNING
EQP-01225,TWR-0156,ANTENNA,PART-ANT-C2,Ericsson,ANT-C2,247FCF5E-F924-128,2024-01-06,v1.1.0-OUTDATED,OPERATIONAL
EQP-01226,TWR-0156,ANTENNA,PART-ANT-D1,Nokia,ANT-D1,5B4FC670-2FDD-642,2022-07-21,v2.4.0,OPERATIONAL
EQP-01227,TWR-0156,AMPLIFIER,PART-AMP-G2,Qualcomm,AMP-G2,1B5008D5-F6B3-606,2022-09-08,v2.1.3,WARNING
EQP-01228,TWR-0156,AMPLIFIER,PART-AMP-G1,Qualcomm,AMP-G1,C7035749-FB4A-965,2022-08-09,v1.3.0,OPERATIONAL
EQP-01229,TWR-0156,FIREWALL,PART-FWL-J1,Fortinet,FWL-J1,30DD6DAF-EF6A-167,2024-03-25,v1.5.8-OUTDATED,WARNING
EQP-01230,TWR-0156,FIREWALL,PART-FWL-J2,Fortinet,FWL-J2,579CBFBC-96E6-619,2022-09-23,v1.1.0-OUTDATED,OPERATIONAL
EQP-01231,TWR-0157,BASEBAND_UNIT,PART-BBU-F1,Samsung,BBU-F1,754DCB13-3BE6-329,2023-05-24,v2.0.2-OUTDATED,OPERATIONAL
EQP-01232,TWR-0157,BASEBAND_UNIT,PART-BBU-E2,Huawei,BBU-E2,F548EB8B-0C16-349,2023-09-22,v2.4.0,OPERATIONAL
EQP-01233,TWR-0157,AMPLIFIER,PART-AMP-G1,Qualcomm,AMP-G1,33E7B99A-AEC4-169,2024-02-10,v1.3.0,OPERATIONAL
EQP-01234,TWR-0157,AMPLIFIER,PART-AMP-G2,Qualcomm,AMP-G2,54188DBB-8DFD-347,2022-09-09,v2.4.0,OPERATIONAL
EQP-01235,TWR-0157,AMPLIFIER,PART-AMP-G2,Qualcomm,AMP-G2,0FBEC620-C46D-480,2024-05-16,v1.2.7,OPERATIONAL
EQP-01236,TWR-0157,TRANSCEIVER,PART-TRX-H2,Mediatek,TRX-H2,8D2620F8-5631-912,2022-04-07,v2.4.0,OPERATIONAL
EQP-01237,TWR-0158,5G_ROUTER,PART-RTR-A2,Cisco,RTR-A2,62E36C96-9649-364,2024-05-24,v3.0.0,WARNING
EQP-01238,TWR-0158,ANTENNA,PART-ANT-C1,Ericsson,ANT-C1,7C3A8B7B-0BC7-034,2023-06-01,v2.0.2-OUTDATED,FAILING
EQP-01239,TWR-0158,BASEBAND_UNIT,PART-BBU-E2,Huawei,BBU-E2,C716F485-B669-571,2023-04-01,v3.0.0,WARNING
EQP-01240,TWR-0158,AMPLIFIER,PART-AMP-G1,Qualcomm,AMP-G1,41B596DB-65B0-057,2022-03-18,v2.4.0,OPERATIONAL
EQP-01241,TWR-0158,FIREWALL,PART-FWL-J2,Fortinet,FWL-J2,57435749-6EFA-554,2022-01-29,v1.1.0-OUTDATED,WARNING
EQP-01242,TWR-0158,FIREWALL,PART-FWL-J1,Fortinet,FWL-J1,964C04CE-88F1-480,2022-08-09,v1.3.0,WARNING
EQP-01243,TWR-0158,FIREWALL,PART-FWL-J2,Fortinet,FWL-J2,7E9F8D25-4C83-172,2022-12-17,v1.0.4,OPERATIONAL
EQP-01244,TWR-0158,FIREWALL,PART-FWL-J1,Fortinet,FWL-J1,2BDF3787-7316-092,2022-02-27,v2.4.0,WARNING
EQP-01245,TWR-0159,5G_ROUTER,PART-RTR-A2,Cisco,RTR-A2,8D80DA44-E724-264,2022-12-31,v1.0.4,WARNING
EQP-01246,TWR-0159,ANTENNA,PART-ANT-C1,Ericsson,ANT-C1,585A7FD5-095E-405,2022-09-22,v1.0.4,WARNING
EQP-01247,TWR-0159,ANTENNA,PART-ANT-D2,Nokia,ANT-D2,5D1F3D89-3BA7-457,2023-06-29,v2.0.1,OPERATIONAL
EQP-01248,TWR-0159,BASEBAND_UNIT,PART-BBU-E1,Huawei,BBU-E1,7F04DC58-02FA-038,2023-12-23,v3.0.0,WARNING
EQP-01249,TWR-0159,AMPLIFIER,PART-AMP-G2,Qualcomm,AMP-G2,69DD254E-CA0C-560,2022-09-06,v2.0.2-OUTDATED,WARNING
EQP-01250,TWR-0159,TRANSCEIVER,PART-TRX-H1,Mediatek,TRX-H1,774EE0E6-CC9B-680,2024-02-15,v1.0.4,WARNING
EQP-01251,TWR-0159,TRANSCEIVER,PART-TRX-H1,Mediatek,TRX-H1,6BFF2789-AD8B-898,2022-04-03,v1.1.0-OUTDATED,FAILING
EQP-01252,TWR-0159,FIREWALL,PART-FWL-J1,Fortinet,FWL-J1,A5E89C38-CC3D-162,2022-08-30,v1.5.8-OUTDATED,FAILING
EQP-01253,TWR-0159,FIREWALL,PART-FWL-J1,Fortinet,FWL-J1,D988F347-D8BD-891,2023-02-24,v2.1.3,WARNING
EQP-01254,TWR-0159,FIREWALL,PART-FWL-J1,Fortinet,FWL-J1,7117BD69-D52E-545,2022-05-22,v1.5.8-OUTDATED,FAILING
EQP-01255,TWR-0160,ANTENNA,PART-ANT-C2,Ericsson,ANT-C2,4536DBED-402C-339,2023-10-19,v2.0.1,OPERATIONAL
EQP-01256,TWR-0160,ANTENNA,PART-ANT-C2,Ericsson,ANT-C2,7E8E4C83-352E-212,2023-06-29,v2.0.1,OPERATIONAL
EQP-01257,TWR-0160,ANTENNA,PART-ANT-D2,Nokia,ANT-D2,98AEFD7B-2E31-827,2023-11-22,v1.1.0-OUTDATED,OPERATIONAL
EQP-01258,TWR-0160,BASEBAND_UNIT,PART-BBU-F2,Samsung,BBU-F2,2F10F33C-98F1-924,2022-09-02,v2.4.0,WARNING
EQP-01259,TWR-0160,AMPLIFIER,PART-AMP-G2,Qualcomm,AMP-G2,95458E1A-DBF0-362,2023-01-25,v2.1.3,WARNING
EQP-01260,TWR-0160,TRANSCEIVER,PART-TRX-H1,Mediatek,TRX-H1,854D3F06-9FC0-747,2022-10-24,v1.5.8-OUTDATED,WARNING
EQP-01261,TWR-0160,TRANSCEIVER,PART-TRX-H1,Mediatek,TRX-H1,DC35DE93-6C93-285,2022-06-29,v2.0.2-OUTDATED,WARNING
EQP-01262,TWR-0160,TRANSCEIVER,PART-TRX-H2,Mediatek,TRX-H2,778FA95A-F050-203,2022-03-02,v2.4.0,OPERATIONAL
EQP-01263,TWR-0160,TRANSCEIVER,PART-TRX-H2,Mediatek,TRX-H2,9DF3B559-A916-285,2022-01-04,v3.0.0,OPERATIONAL
EQP-01264,TWR-0160,FIREWALL,PART-FWL-J2,Fortinet,FWL-J2,071B03FB-800E-798,2024-05-15,v2.1.3,OPERATIONAL
EQP-01265,TWR-0160,FIREWALL,PART-FWL-J1,Fortinet,FWL-J1,C0C7B6BD-F849-499,2022-07-04,v2.4.0,WARNING
EQP-01266,TWR-0160,FIREWALL,PART-FWL-J2,Fortinet,FWL-J2,B16BE9FD-3D5A-200,2023-05-06,v1.0.4,OPERATIONAL
EQP-01267,TWR-0161,5G_ROUTER,PART-RTR-B1,Juniper,RTR-B1,AEFC8E1F-36EB-848,2023-09-19,v2.0.2-OUTDATED,OPERATIONAL
EQP-01268,TWR-0161,5G_ROUTER,PART-RTR-A1,Cisco,RTR-A1,92FAA6F7-32BB-205,2023-09-28,v1.5.8-OUTDATED,OPERATIONAL
EQP-01269,TWR-0161,ANTENNA,PART-ANT-D2,Nokia,ANT-D2,F8F26851-7535-417,2024-03-15,v2.4.0,OPERATIONAL
EQP-01270,TWR-0161,ANTENNA,PART-ANT-C2,Ericsson,ANT-C2,76694D66-1E72-171,2022-11-29,v1.0.4,OPERATIONAL
EQP-01271,TWR-0161,ANTENNA,PART-ANT-D1,Nokia,ANT-D1,C1187FCA-5A94-370,2024-04-28,v3.0.0,OPERATIONAL
EQP-01272,TWR-0161,BASEBAND_UNIT,PART-BBU-E2,Huawei,BBU-E2,87C43FC6-F5A0-696,2022-06-12,v2.0.2-OUTDATED,OPERATIONAL
EQP-01273,TWR-0161,BASEBAND_UNIT,PART-BBU-F1,Samsung,BBU-F1,3C37EF71-495B-991,2023-07-20,v3.0.0,OPERATIONAL
EQP-01274,TWR-0161,TRANSCEIVER,PART-TRX-H2,Mediatek,TRX-H2,9829EBCD-65F7-732,2023-08-03,v1.2.7,OPERATIONAL
EQP-01275,TWR-0161,TRANSCEIVER,PART-TRX-H1,Mediatek,TRX-H1,1552CFF3-7319-858,2022-03-12,v2.4.0,OPERATIONAL
EQP-01276,TWR-0161,TRANSCEIVER,PART-TRX-H2,Mediatek,TRX-H2,A0D16166-8DF5-922,2023-01-25,v1.5.8-OUTDATED,OPERATIONAL
EQP-01277,TWR-0161,TRANSCEIVER,PART-TRX-H2,Mediatek,TRX-H2,19B49626-65E6-625,2022-01-11,v2.4.0,OPERATIONAL
EQP-01278,TWR-0161,TRANSCEIVER,PART-TRX-H2,Mediatek,TRX-H2,5EEF0D40-1C99-881,2022-03-27,v2.0.2-OUTDATED,OPERATIONAL
EQP-01279,TWR-0161,TRANSCEIVER,PART-TRX-H2,Mediatek,TRX-H2,1E9C828F-1257-628,2022-05-25,v1.2.7,OPERATIONAL
EQP-01280,TWR-0161,FIREWALL,PART-FWL-J2,Fortinet,FWL-J2,E23F6964-8C0E-184,2024-04-15,v2.1.3,OPERATIONAL
EQP-01281,TWR-0162,ANTENNA,PART-ANT-D2,Nokia,ANT-D2,FEAEDAE5-DEA1-213,2022-06-03,v2.1.3,OPERATIONAL
EQP-01282,TWR-0162,TRANSCEIVER,PART-TRX-H2,Mediatek,TRX-H2,86D4292E-17F8-807,2023-01-21,v1.5.8-OUTDATED,OPERATIONAL
EQP-01283,TWR-0162,FIREWALL,PART-FWL-J2,Fortinet,FWL-J2,CB81F05A-C866-974,2022-11-01,v2.4.0,OPERATIONAL
EQP-01284,TWR-0163,5G_ROUTER,PART-RTR-A2,Cisco,RTR-A2,D0AAA6B7-9EAB-967,2022-07-19,v2.0.2-OUTDATED,FAILING
EQP-01285,TWR-0163,ANTENNA,PART-ANT-C1,Ericsson,ANT-C1,9AB2C36B-42A4-825,2024-03-29,v2.0.1,WARNING
EQP-01286,TWR-0163,ANTENNA,PART-ANT-D1,Nokia,ANT-D1,5B3E3EC5-DAA6-233,2023-09-28,v2.1.3,OPERATIONAL
EQP-01287,TWR-0163,BASEBAND_UNIT,PART-BBU-E1,Huawei,BBU-E1,052001FC-F1F9-793,2024-02-21,v2.0.2-OUTDATED,FAILING
EQP-01288,TWR-0163,BASEBAND_UNIT,PART-BBU-E2,Huawei,BBU-E2,4BA6732E-B9B6-249,2024-05-08,v2.0.2-OUTDATED,WARNING
EQP-01289,TWR-0163,AMPLIFIER,PART-AMP-G1,Qualcomm,AMP-G1,F3C7B171-D64B-953,2022-11-05,v2.4.0,OPERATIONAL
EQP-01290,TWR-0163,FIREWALL,PART-FWL-J1,Fortinet,FWL-J1,BB7C2E60-FCD2-749,2023-09-29,v2.4.0,WARNING
EQP-01291,TWR-0163,FIREWALL,PART-FWL-J2,Fortinet,FWL-J2,E5EB43EA-12D2-218,2023-07-14,v1.5.8-OUTDATED,WARNING
EQP-01292,TWR-0163,FIREWALL,PART-FWL-J2,Fortinet,FWL-J2,D5AB9A39-0BCC-029,2024-04-10,v2.4.0,WARNING
EQP-01293,TWR-0164,5G_ROUTER,PART-RTR-B2,Juniper,RTR-B2,61896B83-9414-904,2023-06-06,v2.0.2-OUTDATED,OPERATIONAL
EQP-01294,TWR-0164,5G_ROUTER,PART-RTR-A1,Cisco,RTR-A1,55DAC9FA-640C-931,2023-08-28,v2.1.3,OPERATIONAL
EQP-01295,TWR-0164,5G_ROUTER,PART-RTR-B1,Juniper,RTR-B1,72A394DE-35E0-516,2022-05-10,v2.0.2-OUTDATED,OPERATIONAL
EQP-01296,TWR-0164,ANTENNA,PART-ANT-C1,Ericsson,ANT-C1,60260C97-7DD0-684,2023-03-04,v2.0.1,WARNING
EQP-01297,TWR-0164,ANTENNA,PART-ANT-D2,Nokia,ANT-D2,CCBA3DB4-385A-406,2022-06-03,v2.1.3,OPERATIONAL
EQP-01298,TWR-0164,AMPLIFIER,PART-AMP-G1,Qualcomm,AMP-G1,6DD4C1FC-0B7E-239,2024-03-23,v1.3.0,OPERATIONAL
EQP-01299,TWR-0164,TRANSCEIVER,PART-TRX-H1,Mediatek,TRX-H1,D46A3F33-870E-239,2022-04-04,v1.5.8-OUTDATED,WARNING
EQP-01300,TWR-0164,FIREWALL,PART-FWL-J2,Fortinet,FWL-J2,8E07EE29-DAAC-452,2022-03-03,v1.5.8-OUTDATED,OPERATIONAL
EQP-01301,TWR-0165,5G_ROUTER,PART-RTR-A2,Cisco,RTR-A2,AADE5F0F-2AAA-989,2023-05-19,v1.3.0,FAILING
EQP-01302,TWR-0165,5G_ROUTER,PART-RTR-A2,Cisco,RTR-A2,294960A1-59E5-298,2022-10-02,v2.0.2-OUTDATED,FAILING
EQP-01303,TWR-0165,5G_ROUTER,PART-RTR-A1,Cisco,RTR-A1,938C1F8A-9FAE-285,2022-07-18,v2.0.1,OPERATIONAL
EQP-01304,TWR-0165,5G_ROUTER,PART-RTR-A1,Cisco,RTR-A1,A21341B9-34EE-123,2023-07-13,v2.0.2-OUTDATED,WARNING
EQP-01305,TWR-0165,AMPLIFIER,PART-AMP-G2,Qualcomm,AMP-G2,559F9FDC-CC4F-917,2023-07-02,v1.3.0,WARNING
EQP-01306,TWR-0165,AMPLIFIER,PART-AMP-G1,Qualcomm,AMP-G1,BE21F8B8-8041-431,2022-01-20,v1.2.7,OPERATIONAL
EQP-01307,TWR-0165,AMPLIFIER,PART-AMP-G1,Qualcomm,AMP-G1,C4B006CD-89BA-740,2022-01-29,v2.4.0,OPERATIONAL
EQP-01308,TWR-0165,AMPLIFIER,PART-AMP-G2,Qualcomm,AMP-G2,6D72A488-BEBF-018,2023-12-15,v1.3.0,WARNING
EQP-01309,TWR-0165,TRANSCEIVER,PART-TRX-H2,Mediatek,TRX-H2,6B180A32-14FF-080,2024-06-11,v1.2.7,OPERATIONAL
EQP-01310,TWR-0166,5G_ROUTER,PART-RTR-A2,Cisco,RTR-A2,95F32327-235A-857,2022-03-10,v3.0.0,WARNING
EQP-01311,TWR-0166,ANTENNA,PART-ANT-D1,Nokia,ANT-D1,A1F4DC55-577A-463,2023-12-20,v3.0.0,OPERATIONAL
EQP-01312,TWR-0166,ANTENNA,PART-ANT-C2,Ericsson,ANT-C2,745B244A-27AE-437,2024-06-13,v2.0.1,OPERATIONAL
EQP-01313,TWR-0166,ANTENNA,PART-ANT-C2,Ericsson,ANT-C2,9C3E421A-A3E4-609,2023-04-22,v1.2.7,OPERATIONAL
EQP-01314,TWR-0166,AMPLIFIER,PART-AMP-G2,Qualcomm,AMP-G2,9BEBED58-3EFE-741,2024-02-13,v2.1.3,WARNING
EQP-01315,TWR-0166,AMPLIFIER,PART-AMP-G1,Qualcomm,AMP-G1,C3486BBF-C055-632,2022-11-08,v2.0.2-OUTDATED,WARNING
EQP-01316,TWR-0166,TRANSCEIVER,PART-TRX-H1,Mediatek,TRX-H1,F47D5055-9B86-502,2022-05-12,v3.0.0,WARNING
EQP-01317,TWR-0166,TRANSCEIVER,PART-TRX-H2,Mediatek,TRX-H2,29D80F5B-EF12-644,2023-11-25,v3.0.0,OPERATIONAL
EQP-01318,TWR-0167,ANTENNA,PART-ANT-D1,Nokia,ANT-D1,D82BA7A3-C0DD-686,2024-01-13,v2.0.2-OUTDATED,OPERATIONAL
EQP-01319,TWR-0167,ANTENNA,PART-ANT-C1,Ericsson,ANT-C1,E28AFB98-256E-860,2023-08-09,v1.3.0,WARNING
EQP-01320,TWR-0167,ANTENNA,PART-ANT-C2,Ericsson,ANT-C2,1B7A6B32-3E14-342,2024-02-02,v2.0.2-OUTDATED,OPERATIONAL
EQP-01321,TWR-0167,ANTENNA,PART-ANT-D1,Nokia,ANT-D1,5EFA59A1-D6D9-859,2022-03-16,v2.4.0,OPERATIONAL
EQP-01322,TWR-0167,TRANSCEIVER,PART-TRX-H1,Mediatek,TRX-H1,01DFF545-D48A-361,2023-03-07,v1.0.4,WARNING
EQP-01323,TWR-0167,FIREWALL,PART-FWL-J1,Fortinet,FWL-J1,AC3820A7-40FD-934,2022-04-14,v2.0.1,WARNING
EQP-01324,TWR-0168,5G_ROUTER,PART-RTR-B2,Juniper,RTR-B2,0317A368-579F-309,2022-03-22,v1.3.0,OPERATIONAL
EQP-01325,TWR-0168,5G_ROUTER,PART-RTR-B2,Juniper,RTR-B2,D97BF2DA-9D4C-569,2024-05-01,v2.0.1,OPERATIONAL
EQP-01326,TWR-0168,ANTENNA,PART-ANT-D2,Nokia,ANT-D2,7B766ED3-D91C-162,2024-03-05,v1.0.4,OPERATIONAL
EQP-01327,TWR-0168,AMPLIFIER,PART-AMP-G2,Qualcomm,AMP-G2,7E71CB43-DC4B-240,2022-06-15,v1.0.4,OPERATIONAL
EQP-01328,TWR-0168,FIREWALL,PART-FWL-J1,Fortinet,FWL-J1,ADE728AF-1A89-092,2022-01-16,v2.1.3,OPERATIONAL
EQP-01329,TWR-0168,FIREWALL,PART-FWL-J1,Fortinet,FWL-J1,9390C575-68AB-989,2022-06-13,v1.3.0,OPERATIONAL
EQP-01330,TWR-0168,FIREWALL,PART-FWL-J1,Fortinet,FWL-J1,D94EB22A-B0A8-968,2023-11-07,v1.2.7,OPERATIONAL
EQP-01331,TWR-0169,5G_ROUTER,PART-RTR-B2,Juniper,RTR-B2,E0C58ED3-3BE9-054,2022-05-30,v3.0.0,OPERATIONAL
EQP-01332,TWR-0169,5G_ROUTER,PART-RTR-B1,Juniper,RTR-B1,BBE861CF-075B-762,2022-07-18,v1.3.0,OPERATIONAL
EQP-01333,TWR-0169,ANTENNA,PART-ANT-D2,Nokia,ANT-D2,F2CB2A44-1BC8-775,2022-11-14,v2.4.0,OPERATIONAL
EQP-01334,TWR-0169,ANTENNA,PART-ANT-C2,Ericsson,ANT-C2,9C6928DC-489F-828,2024-01-16,v1.3.0,OPERATIONAL
EQP-01335,TWR-0169,ANTENNA,PART-ANT-D2,Nokia,ANT-D2,C5676FEE-9324-650,2022-11-28,v1.0.4,OPERATIONAL
EQP-01336,TWR-0169,BASEBAND_UNIT,PART-BBU-F2,Samsung,BBU-F2,AE5E8C04-EE90-059,2023-01-21,v2.1.3,OPERATIONAL
EQP-01337,TWR-0169,AMPLIFIER,PART-AMP-G2,Qualcomm,AMP-G2,E6E82853-A3EC-781,2022-03-11,v1.0.4,WARNING
EQP-01338,TWR-0169,FIREWALL,PART-FWL-J2,Fortinet,FWL-J2,F7B3C5B4-EB77-000,2022-09-30,v1.0.4,OPERATIONAL
EQP-01339,TWR-0169,FIREWALL,PART-FWL-J1,Fortinet,FWL-J1,CDF14C53-4ED0-839,2023-05-23,v3.0.0,OPERATIONAL
EQP-01340,TWR-0170,ANTENNA,PART-ANT-D1,Nokia,ANT-D1,D9B9BD81-167D-033,2024-03-20,v1.0.4,OPERATIONAL
EQP-01341,TWR-0170,ANTENNA,PART-ANT-C2,Ericsson,ANT-C2,07680C2C-9EFD-451,2023-01-13,v1.0.4,OPERATIONAL
EQP-01342,TWR-0170,ANTENNA,PART-ANT-C1,Ericsson,ANT-C1,AAC7712D-F950-043,2023-09-09,v2.1.3,OPERATIONAL
EQP-01343,TWR-0170,BASEBAND_UNIT,PART-BBU-E2,Huawei,BBU-E2,A431A95B-D840-794,2023-06-10,v2.4.0,OPERATIONAL
EQP-01344,TWR-0170,AMPLIFIER,PART-AMP-G1,Qualcomm,AMP-G1,50DE749D-9031-410,2023-02-16,v1.2.7,OPERATIONAL
EQP-01345,TWR-0170,FIREWALL,PART-FWL-J2,Fortinet,FWL-J2,8C1F4835-D079-569,2022-12-13,v1.5.8-OUTDATED,OPERATIONAL
EQP-01346,TWR-0171,5G_ROUTER,PART-RTR-A1,Cisco,RTR-A1,6E375CCD-1167-062,2024-03-25,v3.0.0,OPERATIONAL
EQP-01347,TWR-0171,5G_ROUTER,PART-RTR-B1,Juniper,RTR-B1,E6C9AD13-6E96-028,2023-06-25,v2.4.0,OPERATIONAL
EQP-01348,TWR-0171,5G_ROUTER,PART-RTR-B1,Juniper,RTR-B1,45F82061-66E5-275,2023-07-15,v2.0.2-OUTDATED,OPERATIONAL
EQP-01349,TWR-0171,5G_ROUTER,PART-RTR-A1,Cisco,RTR-A1,A012C3F7-E362-845,2023-06-29,v2.1.3,OPERATIONAL
EQP-01350,TWR-0171,5G_ROUTER,PART-RTR-B1,Juniper,RTR-B1,1BEAC46D-99C9-126,2022-07-13,v2.0.2-OUTDATED,OPERATIONAL
EQP-01351,TWR-0171,5G_ROUTER,PART-RTR-B2,Juniper,RTR-B2,C3A7934B-24F2-577,2022-05-19,v1.5.8-OUTDATED,OPERATIONAL
EQP-01352,TWR-0171,5G_ROUTER,PART-RTR-B2,Juniper,RTR-B2,B297B088-34B8-578,2024-05-02,v1.1.0-OUTDATED,OPERATIONAL
EQP-01353,TWR-0171,5G_ROUTER,PART-RTR-B1,Juniper,RTR-B1,6DF9360B-4EA7-186,2022-04-01,v1.3.0,OPERATIONAL
EQP-01354,TWR-0171,5G_ROUTER,PART-RTR-B1,Juniper,RTR-B1,AC405C91-11CC-407,2023-09-21,v1.5.8-OUTDATED,OPERATIONAL
EQP-01355,TWR-0171,ANTENNA,PART-ANT-D1,Nokia,ANT-D1,084D7D97-FF75-645,2022-06-06,v1.1.0-OUTDATED,OPERATIONAL
EQP-01356,TWR-0171,ANTENNA,PART-ANT-C1,Ericsson,ANT-C1,6DE66D30-11E0-332,2023-07-03,v1.3.0,WARNING
EQP-01357,TWR-0171,ANTENNA,PART-ANT-C2,Ericsson,ANT-C2,9DF631E5-E5CA-712,2023-08-18,v1.5.8-OUTDATED,OPERATIONAL
EQP-01358,TWR-0171,ANTENNA,PART-ANT-D2,Nokia,ANT-D2,4106EAA4-7629-363,2023-01-03,v1.5.8-OUTDATED,OPERATIONAL
EQP-01359,TWR-0171,ANTENNA,PART-ANT-D2,Nokia,ANT-D2,90E3AC23-6DA7-848,2023-03-07,v2.1.3,OPERATIONAL
EQP-01360,TWR-0171,TRANSCEIVER,PART-TRX-H1,Mediatek,TRX-H1,EC260301-0A67-763,2024-01-08,v1.5.8-OUTDATED,WARNING
EQP-01361,TWR-0171,TRANSCEIVER,PART-TRX-H1,Mediatek,TRX-H1,87A67433-AD61-609,2024-04-01,v1.3.0,WARNING
EQP-01362,TWR-0171,FIREWALL,PART-FWL-J2,Fortinet,FWL-J2,8018D0CC-0309-174,2024-04-14,v1.3.0,OPERATIONAL
EQP-01363,TWR-0172,ANTENNA,PART-ANT-C2,Ericsson,ANT-C2,1AC24C17-4077-346,2024-01-11,v2.0.1,OPERATIONAL
EQP-01364,TWR-0172,ANTENNA,PART-ANT-C2,Ericsson,ANT-C2,162C8B17-05FB-078,2022-12-03,v1.3.0,OPERATIONAL
EQP-01365,TWR-0172,ANTENNA,PART-ANT-C2,Ericsson,ANT-C2,D2C57EA4-0362-881,2022-02-20,v1.3.0,OPERATIONAL
EQP-01366,TWR-0172,BASEBAND_UNIT,PART-BBU-E1,Huawei,BBU-E1,8F581BFC-25BC-402,2024-05-25,v1.1.0-OUTDATED,OPERATIONAL
EQP-01367,TWR-0173,ANTENNA,PART-ANT-C2,Ericsson,ANT-C2,3B7B96DD-D16B-865,2022-11-26,v3.0.0,OPERATIONAL
EQP-01368,TWR-0173,ANTENNA,PART-ANT-D1,Nokia,ANT-D1,B93E7940-7B5E-749,2023-08-08,v1.1.0-OUTDATED,OPERATIONAL
EQP-01369,TWR-0173,ANTENNA,PART-ANT-C2,Ericsson,ANT-C2,CDBDBD15-E70D-654,2024-04-09,v1.1.0-OUTDATED,OPERATIONAL
EQP-01370,TWR-0173,BASEBAND_UNIT,PART-BBU-E2,Huawei,BBU-E2,0282853C-0D29-990,2022-04-14,v1.5.8-OUTDATED,OPERATIONAL
EQP-01371,TWR-0173,BASEBAND_UNIT,PART-BBU-F1,Samsung,BBU-F1,E4BD35D1-149C-562,2023-03-26,v1.0.4,OPERATIONAL
EQP-01372,TWR-0173,BASEBAND_UNIT,PART-BBU-F2,Samsung,BBU-F2,D2E54FA6-57C2-174,2022-10-05,v1.5.8-OUTDATED,FAILING
EQP-01373,TWR-0173,AMPLIFIER,PART-AMP-G1,Qualcomm,AMP-G1,7D3CE6FE-C64D-441,2022-01-29,v2.0.2-OUTDATED,OPERATIONAL
EQP-01374,TWR-0173,TRANSCEIVER,PART-TRX-H1,Mediatek,TRX-H1,B5ED1EFC-4ADD-430,2023-10-07,v2.4.0,OPERATIONAL
EQP-01375,TWR-0173,FIREWALL,PART-FWL-J2,Fortinet,FWL-J2,64A73A59-5ED7-709,2022-06-12,v2.0.1,OPERATIONAL
EQP-01376,TWR-0173,FIREWALL,PART-FWL-J2,Fortinet,FWL-J2,F3DD20BD-B0A6-914,2023-12-30,v3.0.0,OPERATIONAL
EQP-01377,TWR-0174,5G_ROUTER,PART-RTR-A1,Cisco,RTR-A1,C65D1108-192E-431,2022-03-27,v1.0.4,OPERATIONAL
EQP-01378,TWR-0174,ANTENNA,PART-ANT-C1,Ericsson,ANT-C1,B54AFF6D-3DF8-522,2023-05-30,v3.0.0,WARNING
EQP-01379,TWR-0174,BASEBAND_UNIT,PART-BBU-E1,Huawei,BBU-E1,1DBD1C5D-FEE1-328,2022-09-24,v1.3.0,WARNING
EQP-01380,TWR-0174,BASEBAND_UNIT,PART-BBU-E1,Huawei,BBU-E1,8FA8C2A8-3ADD-842,2024-01-10,v1.0.4,WARNING
EQP-01381,TWR-0175,ANTENNA,PART-ANT-D2,Nokia,ANT-D2,70F7A0EE-E2D9-145,2023-06-04,v3.0.0,OPERATIONAL
EQP-01382,TWR-0175,BASEBAND_UNIT,PART-BBU-F2,Samsung,BBU-F2,7A19ABCA-B1C5-547,2023-05-13,v2.4.0,WARNING
EQP-01383,TWR-0175,BASEBAND_UNIT,PART-BBU-E1,Huawei,BBU-E1,F56CA55D-D26C-118,2022-06-17,v1.0.4,WARNING
EQP-01384,TWR-0175,BASEBAND_UNIT,PART-BBU-F1,Samsung,BBU-F1,28752AC3-AC89-166,2024-05-22,v2.1.3,OPERATIONAL
EQP-01385,TWR-0175,AMPLIFIER,PART-AMP-G1,Qualcomm,AMP-G1,FBE9AD03-3A36-493,2023-11-09,v1.3.0,OPERATIONAL
EQP-01386,TWR-0175,TRANSCEIVER,PART-TRX-H1,Mediatek,TRX-H1,80A61A47-F3E7-931,2024-02-14,v2.4.0,WARNING
EQP-01387,TWR-0175,TRANSCEIVER,PART-TRX-H2,Mediatek,TRX-H2,D3C5EF9E-80D8-043,2022-03-01,v1.0.4,OPERATIONAL
EQP-01388,TWR-0175,TRANSCEIVER,PART-TRX-H2,Mediatek,TRX-H2,BEB74654-2932-275,2023-12-29,v1.5.8-OUTDATED,OPERATIONAL
EQP-01389,TWR-0175,FIREWALL,PART-FWL-J1,Fortinet,FWL-J1,97997DB2-D216-392,2023-12-18,v2.0.1,WARNING
EQP-01390,TWR-0176,5G_ROUTER,PART-RTR-B1,Juniper,RTR-B1,B07CB898-39A0-694,2022-08-16,v2.1.3,OPERATIONAL
EQP-01391,TWR-0176,5G_ROUTER,PART-RTR-A2,Cisco,RTR-A2,0C66989F-A037-472,2022-11-26,v1.3.0,WARNING
EQP-01392,TWR-0176,5G_ROUTER,PART-RTR-A1,Cisco,RTR-A1,212F6F54-7F90-271,2024-06-12,v2.1.3,OPERATIONAL
EQP-01393,TWR-0176,5G_ROUTER,PART-RTR-B1,Juniper,RTR-B1,2DE389CC-05F5-245,2023-07-27,v3.0.0,OPERATIONAL
EQP-01394,TWR-0176,BASEBAND_UNIT,PART-BBU-E2,Huawei,BBU-E2,32C1E31B-2558-472,2022-06-28,v3.0.0,OPERATIONAL
EQP-01395,TWR-0176,AMPLIFIER,PART-AMP-G1,Qualcomm,AMP-G1,330A715A-46BA-700,2022-12-14,v1.1.0-OUTDATED,WARNING
EQP-01396,TWR-0176,AMPLIFIER,PART-AMP-G2,Qualcomm,AMP-G2,7DD0DEF4-8018-205,2022-07-24,v2.4.0,WARNING
EQP-01397,TWR-0176,TRANSCEIVER,PART-TRX-H1,Mediatek,TRX-H1,472CACE9-5F97-415,2022-02-05,v1.3.0,WARNING
EQP-01398,TWR-0176,TRANSCEIVER,PART-TRX-H2,Mediatek,TRX-H2,FDB3E231-45C5-954,2022-10-03,v2.1.3,OPERATIONAL
EQP-01399,TWR-0177,5G_ROUTER,PART-RTR-A2,Cisco,RTR-A2,89DCDF11-7279-276,2022-03-31,v1.3.0,WARNING
EQP-01400,TWR-0177,5G_ROUTER,PART-RTR-A2,Cisco,RTR-A2,F5D9AC43-FA4A-393,2024-02-23,v2.0.2-OUTDATED,FAILING
EQP-01401,TWR-0177,ANTENNA,PART-ANT-C1,Ericsson,ANT-C1,85BC5C33-D90A-305,2022-09-08,v2.1.3,WARNING
EQP-01402,TWR-0177,ANTENNA,PART-ANT-D2,Nokia,ANT-D2,67E64C80-A892-477,2023-08-13,v1.0.4,OPERATIONAL
EQP-01403,TWR-0177,BASEBAND_UNIT,PART-BBU-E1,Huawei,BBU-E1,AAF86855-B5BB-952,2022-05-01,v1.1.0-OUTDATED,FAILING
EQP-01404,TWR-0177,TRANSCEIVER,PART-TRX-H1,Mediatek,TRX-H1,5C6ABE34-78E0-245,2024-04-11,v3.0.0,WARNING
EQP-01405,TWR-0177,FIREWALL,PART-FWL-J2,Fortinet,FWL-J2,9A395B14-A9DC-014,2022-03-24,v1.3.0,OPERATIONAL
EQP-01406,TWR-0178,BASEBAND_UNIT,PART-BBU-E1,Huawei,BBU-E1,5F7E0F0C-E449-721,2022-04-20,v1.1.0-OUTDATED,FAILING
EQP-01407,TWR-0178,BASEBAND_UNIT,PART-BBU-E1,Huawei,BBU-E1,3CC2EDD3-A231-492,2023-10-11,v1.0.4,WARNING
EQP-01408,TWR-0178,AMPLIFIER,PART-AMP-G2,Qualcomm,AMP-G2,3243D244-3F37-565,2022-08-26,v1.1.0-OUTDATED,WARNING
EQP-01409,TWR-0178,TRANSCEIVER,PART-TRX-H1,Mediatek,TRX-H1,72707551-F021-976,2022-10-18,v1.1.0-OUTDATED,WARNING
EQP-01410,TWR-0179,5G_ROUTER,PART-RTR-B2,Juniper,RTR-B2,6C012AF9-DE42-159,2023-12-25,v3.0.0,OPERATIONAL
EQP-01411,TWR-0179,5G_ROUTER,PART-RTR-A2,Cisco,RTR-A2,AD8FECC1-BF4D-349,2022-07-13,v2.4.0,WARNING
EQP-01412,TWR-0179,5G_ROUTER,PART-RTR-B1,Juniper,RTR-B1,B27E22FC-76FB-907,2022-03-25,v2.4.0,OPERATIONAL
EQP-01413,TWR-0179,5G_ROUTER,PART-RTR-B2,Juniper,RTR-B2,8B080EA3-81C3-606,2022-03-13,v1.1.0-OUTDATED,OPERATIONAL
EQP-01414,TWR-0179,ANTENNA,PART-ANT-D2,Nokia,ANT-D2,2F61B39C-A333-631,2023-09-05,v1.2.7,WARNING
EQP-01415,TWR-0179,ANTENNA,PART-ANT-D1,Nokia,ANT-D1,860DAA14-49CD-521,2022-11-29,v1.2.7,OPERATIONAL
EQP-01416,TWR-0179,AMPLIFIER,PART-AMP-G1,Qualcomm,AMP-G1,6B56C87B-40C7-325,2022-03-28,v2.0.1,OPERATIONAL
EQP-01417,TWR-0179,AMPLIFIER,PART-AMP-G2,Qualcomm,AMP-G2,EB497541-FED5-995,2022-09-08,v3.0.0,WARNING
EQP-01418,TWR-0179,TRANSCEIVER,PART-TRX-H1,Mediatek,TRX-H1,D149F46D-7A60-282,2023-05-31,v2.4.0,FAILING
EQP-01419,TWR-0179,TRANSCEIVER,PART-TRX-H1,Mediatek,TRX-H1,03F03993-0E89-057,2022-07-10,v2.1.3,WARNING
EQP-01420,TWR-0179,TRANSCEIVER,PART-TRX-H2,Mediatek,TRX-H2,1FC8A2F8-8F16-088,2023-01-23,v2.0.2-OUTDATED,WARNING
EQP-01421,TWR-0179,FIREWALL,PART-FWL-J1,Fortinet,FWL-J1,47B402B9-FE2B-090,2022-03-29,v2.0.1,WARNING
EQP-01422,TWR-0180,5G_ROUTER,PART-RTR-A2,Cisco,RTR-A2,C6F084FA-C4ED-783,2023-03-11,v1.3.0,WARNING
EQP-01423,TWR-0180,5G_ROUTER,PART-RTR-B2,Juniper,RTR-B2,EA1E0A3E-BCB9-862,2022-09-28,v2.0.2-OUTDATED,WARNING
EQP-01424,TWR-0180,5G_ROUTER,PART-RTR-A1,Cisco,RTR-A1,841E70DF-A5DB-284,2022-10-28,v2.0.1,OPERATIONAL
EQP-01425,TWR-0180,ANTENNA,PART-ANT-C1,Ericsson,ANT-C1,FFA0358D-D414-235,2024-03-29,v2.4.0,WARNING
EQP-01426,TWR-0180,ANTENNA,PART-ANT-D1,Nokia,ANT-D1,0DA1A903-5399-169,2022-04-23,v2.0.2-OUTDATED,WARNING
EQP-01427,TWR-0180,AMPLIFIER,PART-AMP-G1,Qualcomm,AMP-G1,A7440DD8-534E-088,2024-01-20,v2.4.0,OPERATIONAL
EQP-01428,TWR-0180,AMPLIFIER,PART-AMP-G2,Qualcomm,AMP-G2,44CFF494-3602-594,2023-09-18,v1.0.4,WARNING
EQP-01429,TWR-0180,TRANSCEIVER,PART-TRX-H1,Mediatek,TRX-H1,48CE93B2-2552-052,2024-05-11,v2.0.1,WARNING
EQP-01430,TWR-0180,FIREWALL,PART-FWL-J2,Fortinet,FWL-J2,AB1C5B73-42D6-779,2024-01-26,v1.0.4,OPERATIONAL
EQP-01431,TWR-0181,ANTENNA,PART-ANT-C2,Ericsson,ANT-C2,2510FA73-9830-468,2023-04-09,v3.0.0,OPERATIONAL
EQP-01432,TWR-0181,AMPLIFIER,PART-AMP-G2,Qualcomm,AMP-G2,C61E6B00-0C3C-943,2023-08-28,v1.0.4,WARNING
EQP-01433,TWR-0181,TRANSCEIVER,PART-TRX-H1,Mediatek,TRX-H1,FEBC9316-7518-498,2024-05-18,v2.1.3,WARNING
EQP-01434,TWR-0181,FIREWALL,PART-FWL-J1,Fortinet,FWL-J1,F9D5FF2B-746E-923,2022-11-10,v2.4.0,WARNING
EQP-01435,TWR-0181,FIREWALL,PART-FWL-J1,Fortinet,FWL-J1,78B76E54-558A-134,2024-03-18,v1.1.0-OUTDATED,WARNING
EQP-01436,TWR-0181,FIREWALL,PART-FWL-J1,Fortinet,FWL-J1,41A3CFBC-7595-875,2023-03-04,v1.1.0-OUTDATED,FAILING
EQP-01437,TWR-0182,ANTENNA,PART-ANT-D1,Nokia,ANT-D1,7A38CC30-3D40-596,2024-03-13,v1.2.7,OPERATIONAL
EQP-01438,TWR-0182,BASEBAND_UNIT,PART-BBU-F2,Samsung,BBU-F2,302232A3-86AA-592,2024-03-24,v2.0.1,WARNING
EQP-01439,TWR-0182,TRANSCEIVER,PART-TRX-H1,Mediatek,TRX-H1,386825FC-61A4-329,2022-03-30,v2.1.3,WARNING
EQP-01440,TWR-0183,5G_ROUTER,PART-RTR-B1,Juniper,RTR-B1,4309F201-8D41-095,2023-07-08,v1.2.7,OPERATIONAL
EQP-01441,TWR-0183,5G_ROUTER,PART-RTR-B1,Juniper,RTR-B1,553E5BB0-3EE6-156,2022-09-29,v1.0.4,OPERATIONAL
EQP-01442,TWR-0183,ANTENNA,PART-ANT-D1,Nokia,ANT-D1,FA1B2475-B2E9-305,2024-05-21,v1.2.7,OPERATIONAL
EQP-01443,TWR-0183,BASEBAND_UNIT,PART-BBU-E2,Huawei,BBU-E2,760FD2FC-6E8B-183,2022-04-10,v1.0.4,OPERATIONAL
EQP-01444,TWR-0183,AMPLIFIER,PART-AMP-G1,Qualcomm,AMP-G1,85F1C9EF-D5B2-485,2022-09-02,v1.3.0,OPERATIONAL
EQP-01445,TWR-0183,TRANSCEIVER,PART-TRX-H1,Mediatek,TRX-H1,4929638C-9189-682,2023-01-23,v1.3.0,OPERATIONAL
EQP-01446,TWR-0183,FIREWALL,PART-FWL-J2,Fortinet,FWL-J2,125ABA47-0C58-449,2022-09-18,v1.0.4,OPERATIONAL
EQP-01447,TWR-0183,FIREWALL,PART-FWL-J2,Fortinet,FWL-J2,2F1F11EF-EC71-590,2023-04-19,v2.0.1,OPERATIONAL
EQP-01448,TWR-0183,FIREWALL,PART-FWL-J1,Fortinet,FWL-J1,B019DE95-7893-388,2023-05-08,v1.3.0,WARNING
EQP-01449,TWR-0183,FIREWALL,PART-FWL-J1,Fortinet,FWL-J1,DCC368F5-EBAB-792,2023-09-29,v1.0.4,WARNING
EQP-01450,TWR-0184,ANTENNA,PART-ANT-D1,Nokia,ANT-D1,A669DAFA-699D-255,2022-08-15,v1.5.8-OUTDATED,OPERATIONAL
EQP-01451,TWR-0184,ANTENNA,PART-ANT-C2,Ericsson,ANT-C2,30AF905E-097E-512,2023-05-30,v2.0.1,OPERATIONAL
EQP-01452,TWR-0184,BASEBAND_UNIT,PART-BBU-E2,Huawei,BBU-E2,BD8BC8B5-50A4-813,2024-05-17,v2.4.0,OPERATIONAL
EQP-01453,TWR-0184,TRANSCEIVER,PART-TRX-H1,Mediatek,TRX-H1,E4AC8874-9F30-056,2023-06-15,v1.2.7,OPERATIONAL
EQP-01454,TWR-0184,FIREWALL,PART-FWL-J2,Fortinet,FWL-J2,47F1237B-211C-029,2023-07-24,v1.2.7,OPERATIONAL
EQP-01455,TWR-0185,5G_ROUTER,PART-RTR-A2,Cisco,RTR-A2,918482AC-08A0-723,2023-05-10,v2.4.0,WARNING
EQP-01456,TWR-0185,ANTENNA,PART-ANT-D2,Nokia,ANT-D2,47AAC0C0-A51B-552,2023-08-31,v1.0.4,OPERATIONAL
EQP-01457,TWR-0185,ANTENNA,PART-ANT-C2,Ericsson,ANT-C2,6493CAF0-98D6-935,2022-08-06,v1.5.8-OUTDATED,OPERATIONAL
EQP-01458,TWR-0185,FIREWALL,PART-FWL-J2,Fortinet,FWL-J2,D8F34982-A628-697,2022-01-29,v2.1.3,OPERATIONAL
EQP-01459,TWR-0185,FIREWALL,PART-FWL-J2,Fortinet,FWL-J2,E94CDFC3-23E4-329,2024-03-22,v1.1.0-OUTDATED,WARNING
EQP-01460,TWR-0185,FIREWALL,PART-FWL-J1,Fortinet,FWL-J1,36449B40-A8A7-776,2023-07-24,v2.4.0,WARNING
EQP-01461,TWR-0185,FIREWALL,PART-FWL-J1,Fortinet,FWL-J1,CB759A98-526E-715,2023-11-19,v2.0.1,WARNING
EQP-01462,TWR-0186,5G_ROUTER,PART-RTR-A1,Cisco,RTR-A1,BE3B1306-2620-477,2023-01-10,v2.0.1,OPERATIONAL
EQP-01463,TWR-0186,5G_ROUTER,PART-RTR-B1,Juniper,RTR-B1,65607D22-C84C-324,2023-07-05,v2.0.1,OPERATIONAL
EQP-01464,TWR-0186,ANTENNA,PART-ANT-D1,Nokia,ANT-D1,82C93C9D-D5E0-333,2023-07-08,v1.5.8-OUTDATED,OPERATIONAL
EQP-01465,TWR-0186,ANTENNA,PART-ANT-D1,Nokia,ANT-D1,833CEA8C-3F19-340,2024-04-03,v1.2.7,OPERATIONAL
EQP-01466,TWR-0186,ANTENNA,PART-ANT-D1,Nokia,ANT-D1,3A226C4B-9F43-901,2022-10-31,v1.1.0-OUTDATED,OPERATIONAL
EQP-01467,TWR-0186,BASEBAND_UNIT,PART-BBU-F1,Samsung,BBU-F1,3DD1DA48-3222-582,2024-01-09,v1.3.0,OPERATIONAL
EQP-01468,TWR-0186,FIREWALL,PART-FWL-J1,Fortinet,FWL-J1,706BDB5A-1680-014,2024-01-01,v2.1.3,OPERATIONAL
EQP-01469,TWR-0186,FIREWALL,PART-FWL-J2,Fortinet,FWL-J2,3294FFD4-E43F-673,2022-03-20,v2.0.2-OUTDATED,OPERATIONAL
EQP-01470,TWR-0186,FIREWALL,PART-FWL-J1,Fortinet,FWL-J1,E2A70CAE-9CEF-560,2022-01-16,v2.0.2-OUTDATED,OPERATIONAL
EQP-01471,TWR-0187,5G_ROUTER,PART-RTR-A2,Cisco,RTR-A2,59116E5E-C43D-755,2023-07-29,v2.0.2-OUTDATED,FAILING
EQP-01472,TWR-0187,5G_ROUTER,PART-RTR-A2,Cisco,RTR-A2,F1691F94-309F-036,2023-01-13,v1.1.0-OUTDATED,FAILING
EQP-01473,TWR-0187,ANTENNA,PART-ANT-C2,Ericsson,ANT-C2,A6ABF9B4-211D-040,2023-03-17,v2.4.0,OPERATIONAL
EQP-01474,TWR-0187,AMPLIFIER,PART-AMP-G2,Qualcomm,AMP-G2,9A1D602D-FC5F-275,2022-08-01,v3.0.0,WARNING
EQP-01475,TWR-0187,TRANSCEIVER,PART-TRX-H2,Mediatek,TRX-H2,C58A2E2F-4648-000,2022-06-05,v2.0.1,OPERATIONAL
EQP-01476,TWR-0187,FIREWALL,PART-FWL-J2,Fortinet,FWL-J2,8BFDECC5-EF81-042,2023-03-27,v1.2.7,OPERATIONAL
EQP-01477,TWR-0188,ANTENNA,PART-ANT-D2,Nokia,ANT-D2,A8E8ACE9-81A2-368,2023-04-30,v2.1.3,OPERATIONAL
EQP-01478,TWR-0188,ANTENNA,PART-ANT-C1,Ericsson,ANT-C1,1B485560-3C17-139,2023-05-06,v2.0.1,OPERATIONAL
EQP-01479,TWR-0188,ANTENNA,PART-ANT-C2,Ericsson,ANT-C2,A7C48481-4BC4-257,2022-09-29,v1.3.0,OPERATIONAL
EQP-01480,TWR-0188,BASEBAND_UNIT,PART-BBU-E2,Huawei,BBU-E2,4FA67886-F460-491,2024-02-18,v2.4.0,OPERATIONAL
EQP-01481,TWR-0188,AMPLIFIER,PART-AMP-G1,Qualcomm,AMP-G1,F72BAF80-EAC1-456,2023-02-22,v1.0.4,OPERATIONAL
EQP-01482,TWR-0188,AMPLIFIER,PART-AMP-G2,Qualcomm,AMP-G2,4D313F19-2680-240,2023-06-19,v1.2.7,OPERATIONAL
EQP-01483,TWR-0188,FIREWALL,PART-FWL-J1,Fortinet,FWL-J1,079327B0-5F55-736,2023-03-14,v1.3.0,OPERATIONAL
EQP-01484,TWR-0188,FIREWALL,PART-FWL-J1,Fortinet,FWL-J1,6C0B6EBF-23E6-814,2023-09-18,v2.0.1,OPERATIONAL
EQP-01485,TWR-0189,5G_ROUTER,PART-RTR-B1,Juniper,RTR-B1,701B103E-ABA9-256,2023-01-26,v3.0.0,OPERATIONAL
EQP-01486,TWR-0189,5G_ROUTER,PART-RTR-A2,Cisco,RTR-A2,8FEBDCAD-1070-339,2022-06-30,v2.4.0,FAILING
EQP-01487,TWR-0189,5G_ROUTER,PART-RTR-A2,Cisco,RTR-A2,FA09B5EF-F17C-442,2023-03-15,v2.0.1,FAILING
EQP-01488,TWR-0189,5G_ROUTER,PART-RTR-A2,Cisco,RTR-A2,56B0CB2C-8578-210,2023-07-07,v1.1.0-OUTDATED,FAILING
EQP-01489,TWR-0189,BASEBAND_UNIT,PART-BBU-E2,Huawei,BBU-E2,A57986FE-6BC1-591,2023-12-30,v2.0.1,OPERATIONAL
EQP-01490,TWR-0189,BASEBAND_UNIT,PART-BBU-F1,Samsung,BBU-F1,05CEF900-CB32-145,2024-03-10,v2.0.2-OUTDATED,WARNING
EQP-01491,TWR-0189,BASEBAND_UNIT,PART-BBU-F2,Samsung,BBU-F2,CF1BE8C9-0641-595,2024-04-26,v1.5.8-OUTDATED,FAILING
EQP-01492,TWR-0189,AMPLIFIER,PART-AMP-G2,Qualcomm,AMP-G2,05A5130F-7FA5-941,2022-08-25,v2.4.0,WARNING
EQP-01493,TWR-0189,AMPLIFIER,PART-AMP-G1,Qualcomm,AMP-G1,2C869F4E-EC21-120,2023-10-02,v2.0.2-OUTDATED,WARNING
EQP-01494,TWR-0189,FIREWALL,PART-FWL-J2,Fortinet,FWL-J2,6F054E16-DFEA-162,2022-03-29,v2.0.2-OUTDATED,WARNING
EQP-01495,TWR-0189,FIREWALL,PART-FWL-J1,Fortinet,FWL-J1,6780A61E-537F-823,2022-04-02,v2.0.1,WARNING
EQP-01496,TWR-0190,5G_ROUTER,PART-RTR-B2,Juniper,RTR-B2,AAEFBA5E-FFFA-955,2023-12-14,v2.1.3,OPERATIONAL
EQP-01497,TWR-0190,5G_ROUTER,PART-RTR-B1,Juniper,RTR-B1,30F6D45D-8A59-486,2024-04-28,v1.5.8-OUTDATED,OPERATIONAL
EQP-01498,TWR-0190,ANTENNA,PART-ANT-C1,Ericsson,ANT-C1,71BFE1F5-DAF5-607,2023-09-14,v2.4.0,WARNING
EQP-01499,TWR-0190,ANTENNA,PART-ANT-C2,Ericsson,ANT-C2,2C2D2272-1047-043,2022-05-06,v1.0.4,OPERATIONAL
EQP-01500,TWR-0190,ANTENNA,PART-ANT-C1,Ericsson,ANT-C1,95CD0FAD-70E9-037,2022-06-01,v2.4.0,WARNING
