index,returns
1,0.02600215
2,0.008101316
3,0.07371591
