UNIT_ID,LOT_ID
U-00001,SA-PCBA-L06
U-00001,SA-BATT-L07
U-00001,SA-DISP-L08
U-00001,SA-ENC-L08
U-00002,SA-PCBA-L10
U-00002,SA-BATT-L07
U-00002,SA-DISP-L09
U-00002,SA-ENC-L08
U-00003,SA-PCBA-L17
U-00003,SA-BATT-L03
U-00003,SA-DISP-L01
U-00003,SA-ENC-L02
U-00004,SA-PCBA-L19
U-00004,SA-BATT-L10
U-00004,SA-DISP-L01
U-00004,SA-ENC-L02
U-00005,SA-PCBA-L12
U-00005,SA-BATT-L08
U-00005,SA-DISP-L06
U-00005,SA-ENC-L02
U-00006,SA-PCBA-L14
U-00006,SA-BATT-L02
U-00006,SA-DISP-L04
U-00006,SA-ENC-L06
U-00007,SA-PCBA-L06
U-00007,SA-BATT-L05
U-00007,SA-DISP-L02
U-00007,SA-ENC-L02
U-00008,SA-PCBA-L17
U-00008,SA-BATT-L08
U-00008,SA-DISP-L05
U-00008,SA-ENC-L01
U-00009,SA-PCBA-L06
U-00009,SA-BATT-L08
U-00009,SA-DISP-L09
U-00009,SA-ENC-L07
U-00010,SA-PCBA-L02
U-00010,SA-BATT-L05
U-00010,SA-DISP-L06
U-00010,SA-ENC-L01
U-00011,SA-PCBA-L20
U-00011,SA-BATT-L03
U-00011,SA-DISP-L04
U-00011,SA-ENC-L03
U-00012,SA-PCBA-L08
U-00012,SA-BATT-L05
U-00012,SA-DISP-L03
U-00012,SA-ENC-L02
U-00013,SA-PCBA-L08
U-00013,SA-BATT-L01
U-00013,SA-DISP-L04
U-00013,SA-ENC-L07
U-00014,SA-PCBA-L11
U-00014,SA-BATT-L01
U-00014,SA-DISP-L02
U-00014,SA-ENC-L05
U-00015,SA-PCBA-L20
U-00015,SA-BATT-L09
U-00015,SA-DISP-L02
U-00015,SA-ENC-L07
U-00016,SA-PCBA-L14
U-00016,SA-BATT-L07
U-00016,SA-DISP-L02
U-00016,SA-ENC-L06
U-00017,SA-PCBA-L18
U-00017,SA-BATT-L03
U-00017,SA-DISP-L04
U-00017,SA-ENC-L07
U-00018,SA-PCBA-L10
U-00018,SA-BATT-L04
U-00018,SA-DISP-L07
U-00018,SA-ENC-L06
U-00019,SA-PCBA-L11
U-00019,SA-BATT-L02
U-00019,SA-DISP-L04
U-00019,SA-ENC-L05
U-00020,SA-PCBA-L14
U-00020,SA-BATT-L10
U-00020,SA-DISP-L04
U-00020,SA-ENC-L07
U-00021,SA-PCBA-L15
U-00021,SA-BATT-L01
U-00021,SA-DISP-L09
U-00021,SA-ENC-L04
U-00022,SA-PCBA-L14
U-00022,SA-BATT-L09
U-00022,SA-DISP-L08
U-00022,SA-ENC-L03
U-00023,SA-PCBA-L08
U-00023,SA-BATT-L05
U-00023,SA-DISP-L08
U-00023,SA-ENC-L02
U-00024,SA-PCBA-L08
U-00024,SA-BATT-L02
U-00024,SA-DISP-L07
U-00024,SA-ENC-L07
U-00025,SA-PCBA-L16
U-00025,SA-BATT-L08
U-00025,SA-DISP-L01
U-00025,SA-ENC-L06
U-00026,SA-PCBA-L01
U-00026,SA-BATT-L07
U-00026,SA-DISP-L06
U-00026,SA-ENC-L07
U-00027,SA-PCBA-L17
U-00027,SA-BATT-L03
U-00027,SA-DISP-L08
U-00027,SA-ENC-L03
U-00028,SA-PCBA-L09
U-00028,SA-BATT-L02
U-00028,SA-DISP-L08
U-00028,SA-ENC-L01
U-00029,SA-PCBA-L07
U-00029,SA-BATT-L01
U-00029,SA-DISP-L10
U-00029,SA-ENC-L03
U-00030,SA-PCBA-L04
U-00030,SA-BATT-L03
U-00030,SA-DISP-L05
U-00030,SA-ENC-L02
U-00031,SA-PCBA-L08
U-00031,SA-BATT-L02
U-00031,SA-DISP-L05
U-00031,SA-ENC-L02
U-00032,SA-PCBA-L17
U-00032,SA-BATT-L08
U-00032,SA-DISP-L02
U-00032,SA-ENC-L07
U-00033,SA-PCBA-L09
U-00033,SA-BATT-L10
U-00033,SA-DISP-L09
U-00033,SA-ENC-L08
U-00034,SA-PCBA-L19
U-00034,SA-BATT-L10
U-00034,SA-DISP-L07
U-00034,SA-ENC-L06
U-00035,SA-PCBA-L09
U-00035,SA-BATT-L09
U-00035,SA-DISP-L01
U-00035,SA-ENC-L04
U-00036,SA-PCBA-L12
U-00036,SA-BATT-L04
U-00036,SA-DISP-L07
U-00036,SA-ENC-L04
U-00037,SA-PCBA-L15
U-00037,SA-BATT-L05
U-00037,SA-DISP-L05
U-00037,SA-ENC-L05
U-00038,SA-PCBA-L20
U-00038,SA-BATT-L05
U-00038,SA-DISP-L02
U-00038,SA-ENC-L04
U-00039,SA-PCBA-L05
U-00039,SA-BATT-L08
U-00039,SA-DISP-L02
U-00039,SA-ENC-L01
U-00040,SA-PCBA-L16
U-00040,SA-BATT-L08
U-00040,SA-DISP-L02
U-00040,SA-ENC-L01
U-00041,SA-PCBA-L20
U-00041,SA-BATT-L10
U-00041,SA-DISP-L04
U-00041,SA-ENC-L07
U-00042,SA-PCBA-L08
U-00042,SA-BATT-L04
U-00042,SA-DISP-L05
U-00042,SA-ENC-L02
U-00043,SA-PCBA-L02
U-00043,SA-BATT-L04
U-00043,SA-DISP-L05
U-00043,SA-ENC-L05
U-00044,SA-PCBA-L05
U-00044,SA-BATT-L05
U-00044,SA-DISP-L03
U-00044,SA-ENC-L02
U-00045,SA-PCBA-L17
U-00045,SA-BATT-L09
U-00045,SA-DISP-L08
U-00045,SA-ENC-L08
U-00046,SA-PCBA-L19
U-00046,SA-BATT-L01
U-00046,SA-DISP-L05
U-00046,SA-ENC-L01
U-00047,SA-PCBA-L16
U-00047,SA-BATT-L02
U-00047,SA-DISP-L08
U-00047,SA-ENC-L06
U-00048,SA-PCBA-L18
U-00048,SA-BATT-L01
U-00048,SA-DISP-L08
U-00048,SA-ENC-L02
U-00049,SA-PCBA-L02
U-00049,SA-BATT-L04
U-00049,SA-DISP-L09
U-00049,SA-ENC-L06
U-00050,SA-PCBA-L04
U-00050,SA-BATT-L01
U-00050,SA-DISP-L10
U-00050,SA-ENC-L04
U-00051,SA-PCBA-L18
U-00051,SA-BATT-L02
U-00051,SA-DISP-L03
U-00051,SA-ENC-L08
U-00052,SA-PCBA-L05
U-00052,SA-BATT-L07
U-00052,SA-DISP-L04
U-00052,SA-ENC-L03
U-00053,SA-PCBA-L10
U-00053,SA-BATT-L10
U-00053,SA-DISP-L10
U-00053,SA-ENC-L08
U-00054,SA-PCBA-L10
U-00054,SA-BATT-L10
U-00054,SA-DISP-L07
U-00054,SA-ENC-L04
U-00055,SA-PCBA-L05
U-00055,SA-BATT-L08
U-00055,SA-DISP-L01
U-00055,SA-ENC-L03
U-00056,SA-PCBA-L05
U-00056,SA-BATT-L02
U-00056,SA-DISP-L08
U-00056,SA-ENC-L05
U-00057,SA-PCBA-L18
U-00057,SA-BATT-L01
U-00057,SA-DISP-L10
U-00057,SA-ENC-L02
U-00058,SA-PCBA-L04
U-00058,SA-BATT-L08
U-00058,SA-DISP-L03
U-00058,SA-ENC-L05
U-00059,SA-PCBA-L14
U-00059,SA-BATT-L10
U-00059,SA-DISP-L03
U-00059,SA-ENC-L03
U-00060,SA-PCBA-L09
U-00060,SA-BATT-L08
U-00060,SA-DISP-L05
U-00060,SA-ENC-L01
U-00061,SA-PCBA-L14
U-00061,SA-BATT-L05
U-00061,SA-DISP-L08
U-00061,SA-ENC-L05
U-00062,SA-PCBA-L01
U-00062,SA-BATT-L07
U-00062,SA-DISP-L05
U-00062,SA-ENC-L01
U-00063,SA-PCBA-L20
U-00063,SA-BATT-L06
U-00063,SA-DISP-L04
U-00063,SA-ENC-L04
U-00064,SA-PCBA-L02
U-00064,SA-BATT-L10
U-00064,SA-DISP-L06
U-00064,SA-ENC-L03
U-00065,SA-PCBA-L17
U-00065,SA-BATT-L09
U-00065,SA-DISP-L05
U-00065,SA-ENC-L03
U-00066,SA-PCBA-L06
U-00066,SA-BATT-L04
U-00066,SA-DISP-L07
U-00066,SA-ENC-L06
U-00067,SA-PCBA-L19
U-00067,SA-BATT-L07
U-00067,SA-DISP-L06
U-00067,SA-ENC-L02
U-00068,SA-PCBA-L10
U-00068,SA-BATT-L07
U-00068,SA-DISP-L02
U-00068,SA-ENC-L03
U-00069,SA-PCBA-L15
U-00069,SA-BATT-L06
U-00069,SA-DISP-L09
U-00069,SA-ENC-L07
U-00070,SA-PCBA-L07
U-00070,SA-BATT-L08
U-00070,SA-DISP-L08
U-00070,SA-ENC-L04
U-00071,SA-PCBA-L18
U-00071,SA-BATT-L02
U-00071,SA-DISP-L04
U-00071,SA-ENC-L01
U-00072,SA-PCBA-L07
U-00072,SA-BATT-L04
U-00072,SA-DISP-L06
U-00072,SA-ENC-L03
U-00073,SA-PCBA-L01
U-00073,SA-BATT-L03
U-00073,SA-DISP-L01
U-00073,SA-ENC-L06
U-00074,SA-PCBA-L04
U-00074,SA-BATT-L02
U-00074,SA-DISP-L08
U-00074,SA-ENC-L08
U-00075,SA-PCBA-L10
U-00075,SA-BATT-L08
U-00075,SA-DISP-L01
U-00075,SA-ENC-L01
U-00076,SA-PCBA-L13
U-00076,SA-BATT-L10
U-00076,SA-DISP-L03
U-00076,SA-ENC-L02
U-00077,SA-PCBA-L17
U-00077,SA-BATT-L10
U-00077,SA-DISP-L07
U-00077,SA-ENC-L02
U-00078,SA-PCBA-L15
U-00078,SA-BATT-L07
U-00078,SA-DISP-L07
U-00078,SA-ENC-L02
U-00079,SA-PCBA-L14
U-00079,SA-BATT-L03
U-00079,SA-DISP-L09
U-00079,SA-ENC-L01
U-00080,SA-PCBA-L02
U-00080,SA-BATT-L05
U-00080,SA-DISP-L10
U-00080,SA-ENC-L05
U-00081,SA-PCBA-L12
U-00081,SA-BATT-L02
U-00081,SA-DISP-L05
U-00081,SA-ENC-L04
U-00082,SA-PCBA-L11
U-00082,SA-BATT-L06
U-00082,SA-DISP-L01
U-00082,SA-ENC-L03
U-00083,SA-PCBA-L14
U-00083,SA-BATT-L08
U-00083,SA-DISP-L06
U-00083,SA-ENC-L03
U-00084,SA-PCBA-L03
U-00084,SA-BATT-L05
U-00084,SA-DISP-L08
U-00084,SA-ENC-L07
U-00085,SA-PCBA-L16
U-00085,SA-BATT-L09
U-00085,SA-DISP-L05
U-00085,SA-ENC-L01
U-00086,SA-PCBA-L10
U-00086,SA-BATT-L06
U-00086,SA-DISP-L02
U-00086,SA-ENC-L01
U-00087,SA-PCBA-L18
U-00087,SA-BATT-L02
U-00087,SA-DISP-L06
U-00087,SA-ENC-L07
U-00088,SA-PCBA-L15
U-00088,SA-BATT-L06
U-00088,SA-DISP-L02
U-00088,SA-ENC-L07
U-00089,SA-PCBA-L03
U-00089,SA-BATT-L09
U-00089,SA-DISP-L02
U-00089,SA-ENC-L04
U-00090,SA-PCBA-L06
U-00090,SA-BATT-L02
U-00090,SA-DISP-L03
U-00090,SA-ENC-L08
U-00091,SA-PCBA-L10
U-00091,SA-BATT-L05
U-00091,SA-DISP-L10
U-00091,SA-ENC-L01
U-00092,SA-PCBA-L03
U-00092,SA-BATT-L10
U-00092,SA-DISP-L10
U-00092,SA-ENC-L07
U-00093,SA-PCBA-L16
U-00093,SA-BATT-L09
U-00093,SA-DISP-L03
U-00093,SA-ENC-L01
U-00094,SA-PCBA-L17
U-00094,SA-BATT-L10
U-00094,SA-DISP-L03
U-00094,SA-ENC-L06
U-00095,SA-PCBA-L13
U-00095,SA-BATT-L02
U-00095,SA-DISP-L09
U-00095,SA-ENC-L07
U-00096,SA-PCBA-L10
U-00096,SA-BATT-L07
U-00096,SA-DISP-L03
U-00096,SA-ENC-L02
U-00097,SA-PCBA-L01
U-00097,SA-BATT-L06
U-00097,SA-DISP-L05
U-00097,SA-ENC-L03
U-00098,SA-PCBA-L04
U-00098,SA-BATT-L09
U-00098,SA-DISP-L09
U-00098,SA-ENC-L01
U-00099,SA-PCBA-L06
U-00099,SA-BATT-L08
U-00099,SA-DISP-L01
U-00099,SA-ENC-L07
U-00100,SA-PCBA-L07
U-00100,SA-BATT-L06
U-00100,SA-DISP-L10
U-00100,SA-ENC-L08
U-00101,SA-PCBA-L02
U-00101,SA-BATT-L08
U-00101,SA-DISP-L06
U-00101,SA-ENC-L02
U-00102,SA-PCBA-L17
U-00102,SA-BATT-L02
U-00102,SA-DISP-L04
U-00102,SA-ENC-L08
U-00103,SA-PCBA-L08
U-00103,SA-BATT-L01
U-00103,SA-DISP-L06
U-00103,SA-ENC-L02
U-00104,SA-PCBA-L19
U-00104,SA-BATT-L08
U-00104,SA-DISP-L10
U-00104,SA-ENC-L01
U-00105,SA-PCBA-L04
U-00105,SA-BATT-L01
U-00105,SA-DISP-L04
U-00105,SA-ENC-L07
U-00106,SA-PCBA-L14
U-00106,SA-BATT-L01
U-00106,SA-DISP-L10
U-00106,SA-ENC-L06
U-00107,SA-PCBA-L17
U-00107,SA-BATT-L09
U-00107,SA-DISP-L01
U-00107,SA-ENC-L07
U-00108,SA-PCBA-L14
U-00108,SA-BATT-L04
U-00108,SA-DISP-L02
U-00108,SA-ENC-L06
U-00109,SA-PCBA-L06
U-00109,SA-BATT-L02
U-00109,SA-DISP-L08
U-00109,SA-ENC-L01
U-00110,SA-PCBA-L16
U-00110,SA-BATT-L05
U-00110,SA-DISP-L01
U-00110,SA-ENC-L04
U-00111,SA-PCBA-L15
U-00111,SA-BATT-L07
U-00111,SA-DISP-L06
U-00111,SA-ENC-L03
U-00112,SA-PCBA-L10
U-00112,SA-BATT-L06
U-00112,SA-DISP-L02
U-00112,SA-ENC-L02
U-00113,SA-PCBA-L14
U-00113,SA-BATT-L10
U-00113,SA-DISP-L07
U-00113,SA-ENC-L05
U-00114,SA-PCBA-L01
U-00114,SA-BATT-L03
U-00114,SA-DISP-L10
U-00114,SA-ENC-L08
U-00115,SA-PCBA-L05
U-00115,SA-BATT-L08
U-00115,SA-DISP-L06
U-00115,SA-ENC-L06
U-00116,SA-PCBA-L07
U-00116,SA-BATT-L08
U-00116,SA-DISP-L09
U-00116,SA-ENC-L07
U-00117,SA-PCBA-L07
U-00117,SA-BATT-L02
U-00117,SA-DISP-L03
U-00117,SA-ENC-L02
U-00118,SA-PCBA-L10
U-00118,SA-BATT-L03
U-00118,SA-DISP-L03
U-00118,SA-ENC-L06
U-00119,SA-PCBA-L15
U-00119,SA-BATT-L09
U-00119,SA-DISP-L03
U-00119,SA-ENC-L02
U-00120,SA-PCBA-L03
U-00120,SA-BATT-L08
U-00120,SA-DISP-L08
U-00120,SA-ENC-L06
U-00121,SA-PCBA-L04
U-00121,SA-BATT-L09
U-00121,SA-DISP-L03
U-00121,SA-ENC-L05
U-00122,SA-PCBA-L18
U-00122,SA-BATT-L05
U-00122,SA-DISP-L03
U-00122,SA-ENC-L05
U-00123,SA-PCBA-L02
U-00123,SA-BATT-L01
U-00123,SA-DISP-L02
U-00123,SA-ENC-L01
U-00124,SA-PCBA-L18
U-00124,SA-BATT-L05
U-00124,SA-DISP-L05
U-00124,SA-ENC-L08
U-00125,SA-PCBA-L16
U-00125,SA-BATT-L08
U-00125,SA-DISP-L04
U-00125,SA-ENC-L06
U-00126,SA-PCBA-L08
U-00126,SA-BATT-L08
U-00126,SA-DISP-L02
U-00126,SA-ENC-L05
U-00127,SA-PCBA-L19
U-00127,SA-BATT-L06
U-00127,SA-DISP-L04
U-00127,SA-ENC-L03
U-00128,SA-PCBA-L07
U-00128,SA-BATT-L10
U-00128,SA-DISP-L06
U-00128,SA-ENC-L01
U-00129,SA-PCBA-L05
U-00129,SA-BATT-L05
U-00129,SA-DISP-L06
U-00129,SA-ENC-L07
U-00130,SA-PCBA-L09
U-00130,SA-BATT-L10
U-00130,SA-DISP-L10
U-00130,SA-ENC-L02
U-00131,SA-PCBA-L02
U-00131,SA-BATT-L01
U-00131,SA-DISP-L01
U-00131,SA-ENC-L03
U-00132,SA-PCBA-L16
U-00132,SA-BATT-L10
U-00132,SA-DISP-L05
U-00132,SA-ENC-L06
U-00133,SA-PCBA-L17
U-00133,SA-BATT-L10
U-00133,SA-DISP-L05
U-00133,SA-ENC-L01
U-00134,SA-PCBA-L20
U-00134,SA-BATT-L07
U-00134,SA-DISP-L03
U-00134,SA-ENC-L04
U-00135,SA-PCBA-L17
U-00135,SA-BATT-L09
U-00135,SA-DISP-L10
U-00135,SA-ENC-L08
U-00136,SA-PCBA-L17
U-00136,SA-BATT-L07
U-00136,SA-DISP-L06
U-00136,SA-ENC-L03
U-00137,SA-PCBA-L10
U-00137,SA-BATT-L05
U-00137,SA-DISP-L04
U-00137,SA-ENC-L08
U-00138,SA-PCBA-L13
U-00138,SA-BATT-L06
U-00138,SA-DISP-L03
U-00138,SA-ENC-L05
U-00139,SA-PCBA-L09
U-00139,SA-BATT-L09
U-00139,SA-DISP-L05
U-00139,SA-ENC-L03
U-00140,SA-PCBA-L04
U-00140,SA-BATT-L03
U-00140,SA-DISP-L01
U-00140,SA-ENC-L03
U-00141,SA-PCBA-L03
U-00141,SA-BATT-L10
U-00141,SA-DISP-L04
U-00141,SA-ENC-L01
U-00142,SA-PCBA-L06
U-00142,SA-BATT-L05
U-00142,SA-DISP-L01
U-00142,SA-ENC-L01
U-00143,SA-PCBA-L16
U-00143,SA-BATT-L03
U-00143,SA-DISP-L09
U-00143,SA-ENC-L08
U-00144,SA-PCBA-L10
U-00144,SA-BATT-L10
U-00144,SA-DISP-L04
U-00144,SA-ENC-L03
U-00145,SA-PCBA-L19
U-00145,SA-BATT-L06
U-00145,SA-DISP-L04
U-00145,SA-ENC-L01
U-00146,SA-PCBA-L12
U-00146,SA-BATT-L04
U-00146,SA-DISP-L01
U-00146,SA-ENC-L02
U-00147,SA-PCBA-L08
U-00147,SA-BATT-L03
U-00147,SA-DISP-L08
U-00147,SA-ENC-L03
U-00148,SA-PCBA-L20
U-00148,SA-BATT-L08
U-00148,SA-DISP-L09
U-00148,SA-ENC-L06
U-00149,SA-PCBA-L04
U-00149,SA-BATT-L04
U-00149,SA-DISP-L10
U-00149,SA-ENC-L08
U-00150,SA-PCBA-L18
U-00150,SA-BATT-L05
U-00150,SA-DISP-L01
U-00150,SA-ENC-L07
U-00151,SA-PCBA-L02
U-00151,SA-BATT-L02
U-00151,SA-DISP-L08
U-00151,SA-ENC-L01
U-00152,SA-PCBA-L13
U-00152,SA-BATT-L02
U-00152,SA-DISP-L09
U-00152,SA-ENC-L03
U-00153,SA-PCBA-L01
U-00153,SA-BATT-L05
U-00153,SA-DISP-L08
U-00153,SA-ENC-L07
U-00154,SA-PCBA-L02
U-00154,SA-BATT-L07
U-00154,SA-DISP-L10
U-00154,SA-ENC-L01
U-00155,SA-PCBA-L08
U-00155,SA-BATT-L09
U-00155,SA-DISP-L04
U-00155,SA-ENC-L01
U-00156,SA-PCBA-L08
U-00156,SA-BATT-L07
U-00156,SA-DISP-L05
U-00156,SA-ENC-L05
U-00157,SA-PCBA-L13
U-00157,SA-BATT-L09
U-00157,SA-DISP-L06
U-00157,SA-ENC-L07
U-00158,SA-PCBA-L02
U-00158,SA-BATT-L09
U-00158,SA-DISP-L07
U-00158,SA-ENC-L07
U-00159,SA-PCBA-L08
U-00159,SA-BATT-L01
U-00159,SA-DISP-L05
U-00159,SA-ENC-L07
U-00160,SA-PCBA-L10
U-00160,SA-BATT-L01
U-00160,SA-DISP-L04
U-00160,SA-ENC-L04
U-00161,SA-PCBA-L08
U-00161,SA-BATT-L09
U-00161,SA-DISP-L06
U-00161,SA-ENC-L05
U-00162,SA-PCBA-L19
U-00162,SA-BATT-L06
U-00162,SA-DISP-L04
U-00162,SA-ENC-L06
U-00163,SA-PCBA-L14
U-00163,SA-BATT-L05
U-00163,SA-DISP-L03
U-00163,SA-ENC-L04
U-00164,SA-PCBA-L16
U-00164,SA-BATT-L08
U-00164,SA-DISP-L03
U-00164,SA-ENC-L06
U-00165,SA-PCBA-L01
U-00165,SA-BATT-L07
U-00165,SA-DISP-L03
U-00165,SA-ENC-L04
U-00166,SA-PCBA-L16
U-00166,SA-BATT-L08
U-00166,SA-DISP-L01
U-00166,SA-ENC-L01
U-00167,SA-PCBA-L04
U-00167,SA-BATT-L02
U-00167,SA-DISP-L09
U-00167,SA-ENC-L03
U-00168,SA-PCBA-L15
U-00168,SA-BATT-L10
U-00168,SA-DISP-L04
U-00168,SA-ENC-L04
U-00169,SA-PCBA-L01
U-00169,SA-BATT-L03
U-00169,SA-DISP-L02
U-00169,SA-ENC-L08
U-00170,SA-PCBA-L16
U-00170,SA-BATT-L05
U-00170,SA-DISP-L01
U-00170,SA-ENC-L02
U-00171,SA-PCBA-L06
U-00171,SA-BATT-L07
U-00171,SA-DISP-L02
U-00171,SA-ENC-L05
U-00172,SA-PCBA-L20
U-00172,SA-BATT-L06
U-00172,SA-DISP-L01
U-00172,SA-ENC-L02
U-00173,SA-PCBA-L16
U-00173,SA-BATT-L04
U-00173,SA-DISP-L06
U-00173,SA-ENC-L07
U-00174,SA-PCBA-L16
U-00174,SA-BATT-L03
U-00174,SA-DISP-L07
U-00174,SA-ENC-L06
U-00175,SA-PCBA-L07
U-00175,SA-BATT-L07
U-00175,SA-DISP-L08
U-00175,SA-ENC-L07
U-00176,SA-PCBA-L10
U-00176,SA-BATT-L10
U-00176,SA-DISP-L09
U-00176,SA-ENC-L03
U-00177,SA-PCBA-L14
U-00177,SA-BATT-L05
U-00177,SA-DISP-L08
U-00177,SA-ENC-L02
U-00178,SA-PCBA-L16
U-00178,SA-BATT-L06
U-00178,SA-DISP-L10
U-00178,SA-ENC-L07
U-00179,SA-PCBA-L19
U-00179,SA-BATT-L06
U-00179,SA-DISP-L03
U-00179,SA-ENC-L07
U-00180,SA-PCBA-L12
U-00180,SA-BATT-L02
U-00180,SA-DISP-L10
U-00180,SA-ENC-L04
U-00181,SA-PCBA-L17
U-00181,SA-BATT-L08
U-00181,SA-DISP-L03
U-00181,SA-ENC-L05
U-00182,SA-PCBA-L13
U-00182,SA-BATT-L09
U-00182,SA-DISP-L09
U-00182,SA-ENC-L07
U-00183,SA-PCBA-L20
U-00183,SA-BATT-L01
U-00183,SA-DISP-L10
U-00183,SA-ENC-L07
U-00184,SA-PCBA-L18
U-00184,SA-BATT-L10
U-00184,SA-DISP-L10
U-00184,SA-ENC-L04
U-00185,SA-PCBA-L04
U-00185,SA-BATT-L03
U-00185,SA-DISP-L06
U-00185,SA-ENC-L05
U-00186,SA-PCBA-L11
U-00186,SA-BATT-L02
U-00186,SA-DISP-L05
U-00186,SA-ENC-L01
U-00187,SA-PCBA-L06
U-00187,SA-BATT-L09
U-00187,SA-DISP-L03
U-00187,SA-ENC-L06
U-00188,SA-PCBA-L07
U-00188,SA-BATT-L08
U-00188,SA-DISP-L10
U-00188,SA-ENC-L07
U-00189,SA-PCBA-L11
U-00189,SA-BATT-L04
U-00189,SA-DISP-L08
U-00189,SA-ENC-L02
U-00190,SA-PCBA-L12
U-00190,SA-BATT-L08
U-00190,SA-DISP-L10
U-00190,SA-ENC-L03
U-00191,SA-PCBA-L07
U-00191,SA-BATT-L06
U-00191,SA-DISP-L03
U-00191,SA-ENC-L07
U-00192,SA-PCBA-L06
U-00192,SA-BATT-L09
U-00192,SA-DISP-L03
U-00192,SA-ENC-L08
U-00193,SA-PCBA-L16
U-00193,SA-BATT-L09
U-00193,SA-DISP-L09
U-00193,SA-ENC-L08
U-00194,SA-PCBA-L10
U-00194,SA-BATT-L01
U-00194,SA-DISP-L05
U-00194,SA-ENC-L04
U-00195,SA-PCBA-L18
U-00195,SA-BATT-L01
U-00195,SA-DISP-L08
U-00195,SA-ENC-L04
U-00196,SA-PCBA-L12
U-00196,SA-BATT-L02
U-00196,SA-DISP-L08
U-00196,SA-ENC-L02
U-00197,SA-PCBA-L08
U-00197,SA-BATT-L01
U-00197,SA-DISP-L10
U-00197,SA-ENC-L06
U-00198,SA-PCBA-L04
U-00198,SA-BATT-L03
U-00198,SA-DISP-L07
U-00198,SA-ENC-L01
U-00199,SA-PCBA-L13
U-00199,SA-BATT-L08
U-00199,SA-DISP-L03
U-00199,SA-ENC-L05
U-00200,SA-PCBA-L15
U-00200,SA-BATT-L08
U-00200,SA-DISP-L06
U-00200,SA-ENC-L01
U-00201,SA-PCBA-L07
U-00201,SA-BATT-L08
U-00201,SA-DISP-L05
U-00201,SA-ENC-L06
U-00202,SA-PCBA-L04
U-00202,SA-BATT-L08
U-00202,SA-DISP-L01
U-00202,SA-ENC-L02
U-00203,SA-PCBA-L10
U-00203,SA-BATT-L03
U-00203,SA-DISP-L05
U-00203,SA-ENC-L02
U-00204,SA-PCBA-L14
U-00204,SA-BATT-L02
U-00204,SA-DISP-L02
U-00204,SA-ENC-L01
U-00205,SA-PCBA-L05
U-00205,SA-BATT-L08
U-00205,SA-DISP-L02
U-00205,SA-ENC-L04
U-00206,SA-PCBA-L06
U-00206,SA-BATT-L02
U-00206,SA-DISP-L09
U-00206,SA-ENC-L01
U-00207,SA-PCBA-L07
U-00207,SA-BATT-L02
U-00207,SA-DISP-L02
U-00207,SA-ENC-L03
U-00208,SA-PCBA-L03
U-00208,SA-BATT-L04
U-00208,SA-DISP-L09
U-00208,SA-ENC-L05
U-00209,SA-PCBA-L10
U-00209,SA-BATT-L01
U-00209,SA-DISP-L04
U-00209,SA-ENC-L08
U-00210,SA-PCBA-L16
U-00210,SA-BATT-L10
U-00210,SA-DISP-L07
U-00210,SA-ENC-L06
U-00211,SA-PCBA-L02
U-00211,SA-BATT-L01
U-00211,SA-DISP-L07
U-00211,SA-ENC-L05
U-00212,SA-PCBA-L11
U-00212,SA-BATT-L02
U-00212,SA-DISP-L05
U-00212,SA-ENC-L02
U-00213,SA-PCBA-L03
U-00213,SA-BATT-L05
U-00213,SA-DISP-L07
U-00213,SA-ENC-L04
U-00214,SA-PCBA-L04
U-00214,SA-BATT-L01
U-00214,SA-DISP-L03
U-00214,SA-ENC-L01
U-00215,SA-PCBA-L04
U-00215,SA-BATT-L01
U-00215,SA-DISP-L06
U-00215,SA-ENC-L07
U-00216,SA-PCBA-L19
U-00216,SA-BATT-L03
U-00216,SA-DISP-L06
U-00216,SA-ENC-L03
U-00217,SA-PCBA-L10
U-00217,SA-BATT-L01
U-00217,SA-DISP-L08
U-00217,SA-ENC-L06
U-00218,SA-PCBA-L09
U-00218,SA-BATT-L02
U-00218,SA-DISP-L10
U-00218,SA-ENC-L06
U-00219,SA-PCBA-L10
U-00219,SA-BATT-L06
U-00219,SA-DISP-L02
U-00219,SA-ENC-L08
U-00220,SA-PCBA-L07
U-00220,SA-BATT-L09
U-00220,SA-DISP-L04
U-00220,SA-ENC-L03
U-00221,SA-PCBA-L10
U-00221,SA-BATT-L02
U-00221,SA-DISP-L04
U-00221,SA-ENC-L04
U-00222,SA-PCBA-L14
U-00222,SA-BATT-L06
U-00222,SA-DISP-L08
U-00222,SA-ENC-L02
U-00223,SA-PCBA-L10
U-00223,SA-BATT-L05
U-00223,SA-DISP-L05
U-00223,SA-ENC-L06
U-00224,SA-PCBA-L06
U-00224,SA-BATT-L10
U-00224,SA-DISP-L02
U-00224,SA-ENC-L03
U-00225,SA-PCBA-L15
U-00225,SA-BATT-L05
U-00225,SA-DISP-L02
U-00225,SA-ENC-L02
U-00226,SA-PCBA-L12
U-00226,SA-BATT-L07
U-00226,SA-DISP-L09
U-00226,SA-ENC-L01
U-00227,SA-PCBA-L08
U-00227,SA-BATT-L02
U-00227,SA-DISP-L08
U-00227,SA-ENC-L02
U-00228,SA-PCBA-L03
U-00228,SA-BATT-L10
U-00228,SA-DISP-L10
U-00228,SA-ENC-L05
U-00229,SA-PCBA-L04
U-00229,SA-BATT-L01
U-00229,SA-DISP-L08
U-00229,SA-ENC-L01
U-00230,SA-PCBA-L14
U-00230,SA-BATT-L04
U-00230,SA-DISP-L03
U-00230,SA-ENC-L05
U-00231,SA-PCBA-L02
U-00231,SA-BATT-L02
U-00231,SA-DISP-L05
U-00231,SA-ENC-L07
U-00232,SA-PCBA-L16
U-00232,SA-BATT-L09
U-00232,SA-DISP-L08
U-00232,SA-ENC-L06
U-00233,SA-PCBA-L02
U-00233,SA-BATT-L08
U-00233,SA-DISP-L09
U-00233,SA-ENC-L06
U-00234,SA-PCBA-L10
U-00234,SA-BATT-L10
U-00234,SA-DISP-L07
U-00234,SA-ENC-L06
U-00235,SA-PCBA-L01
U-00235,SA-BATT-L06
U-00235,SA-DISP-L10
U-00235,SA-ENC-L03
U-00236,SA-PCBA-L08
U-00236,SA-BATT-L01
U-00236,SA-DISP-L09
U-00236,SA-ENC-L08
U-00237,SA-PCBA-L02
U-00237,SA-BATT-L01
U-00237,SA-DISP-L03
U-00237,SA-ENC-L03
U-00238,SA-PCBA-L04
U-00238,SA-BATT-L06
U-00238,SA-DISP-L05
U-00238,SA-ENC-L06
U-00239,SA-PCBA-L12
U-00239,SA-BATT-L04
U-00239,SA-DISP-L10
U-00239,SA-ENC-L03
U-00240,SA-PCBA-L19
U-00240,SA-BATT-L01
U-00240,SA-DISP-L03
U-00240,SA-ENC-L06
U-00241,SA-PCBA-L12
U-00241,SA-BATT-L06
U-00241,SA-DISP-L03
U-00241,SA-ENC-L02
U-00242,SA-PCBA-L14
U-00242,SA-BATT-L05
U-00242,SA-DISP-L02
U-00242,SA-ENC-L01
U-00243,SA-PCBA-L13
U-00243,SA-BATT-L02
U-00243,SA-DISP-L08
U-00243,SA-ENC-L04
U-00244,SA-PCBA-L13
U-00244,SA-BATT-L03
U-00244,SA-DISP-L07
U-00244,SA-ENC-L03
U-00245,SA-PCBA-L01
U-00245,SA-BATT-L07
U-00245,SA-DISP-L03
U-00245,SA-ENC-L07
U-00246,SA-PCBA-L09
U-00246,SA-BATT-L05
U-00246,SA-DISP-L05
U-00246,SA-ENC-L04
U-00247,SA-PCBA-L20
U-00247,SA-BATT-L08
U-00247,SA-DISP-L04
U-00247,SA-ENC-L02
U-00248,SA-PCBA-L16
U-00248,SA-BATT-L08
U-00248,SA-DISP-L05
U-00248,SA-ENC-L02
U-00249,SA-PCBA-L08
U-00249,SA-BATT-L05
U-00249,SA-DISP-L10
U-00249,SA-ENC-L01
U-00250,SA-PCBA-L02
U-00250,SA-BATT-L07
U-00250,SA-DISP-L09
U-00250,SA-ENC-L07
U-00251,SA-PCBA-L20
U-00251,SA-BATT-L10
U-00251,SA-DISP-L09
U-00251,SA-ENC-L03
U-00252,SA-PCBA-L03
U-00252,SA-BATT-L07
U-00252,SA-DISP-L04
U-00252,SA-ENC-L03
U-00253,SA-PCBA-L09
U-00253,SA-BATT-L09
U-00253,SA-DISP-L08
U-00253,SA-ENC-L01
U-00254,SA-PCBA-L04
U-00254,SA-BATT-L10
U-00254,SA-DISP-L02
U-00254,SA-ENC-L05
U-00255,SA-PCBA-L02
U-00255,SA-BATT-L03
U-00255,SA-DISP-L05
U-00255,SA-ENC-L07
U-00256,SA-PCBA-L02
U-00256,SA-BATT-L08
U-00256,SA-DISP-L05
U-00256,SA-ENC-L06
U-00257,SA-PCBA-L05
U-00257,SA-BATT-L05
U-00257,SA-DISP-L08
U-00257,SA-ENC-L06
U-00258,SA-PCBA-L12
U-00258,SA-BATT-L01
U-00258,SA-DISP-L09
U-00258,SA-ENC-L03
U-00259,SA-PCBA-L10
U-00259,SA-BATT-L01
U-00259,SA-DISP-L08
U-00259,SA-ENC-L01
U-00260,SA-PCBA-L10
U-00260,SA-BATT-L06
U-00260,SA-DISP-L08
U-00260,SA-ENC-L08
U-00261,SA-PCBA-L12
U-00261,SA-BATT-L01
U-00261,SA-DISP-L07
U-00261,SA-ENC-L01
U-00262,SA-PCBA-L17
U-00262,SA-BATT-L01
U-00262,SA-DISP-L01
U-00262,SA-ENC-L08
U-00263,SA-PCBA-L09
U-00263,SA-BATT-L07
U-00263,SA-DISP-L07
U-00263,SA-ENC-L06
U-00264,SA-PCBA-L19
U-00264,SA-BATT-L02
U-00264,SA-DISP-L06
U-00264,SA-ENC-L05
U-00265,SA-PCBA-L16
U-00265,SA-BATT-L06
U-00265,SA-DISP-L03
U-00265,SA-ENC-L01
U-00266,SA-PCBA-L07
U-00266,SA-BATT-L06
U-00266,SA-DISP-L04
U-00266,SA-ENC-L08
U-00267,SA-PCBA-L18
U-00267,SA-BATT-L03
U-00267,SA-DISP-L06
U-00267,SA-ENC-L02
U-00268,SA-PCBA-L04
U-00268,SA-BATT-L08
U-00268,SA-DISP-L01
U-00268,SA-ENC-L02
U-00269,SA-PCBA-L13
U-00269,SA-BATT-L07
U-00269,SA-DISP-L10
U-00269,SA-ENC-L08
U-00270,SA-PCBA-L02
U-00270,SA-BATT-L01
U-00270,SA-DISP-L08
U-00270,SA-ENC-L05
U-00271,SA-PCBA-L17
U-00271,SA-BATT-L07
U-00271,SA-DISP-L07
U-00271,SA-ENC-L07
U-00272,SA-PCBA-L07
U-00272,SA-BATT-L01
U-00272,SA-DISP-L01
U-00272,SA-ENC-L04
U-00273,SA-PCBA-L02
U-00273,SA-BATT-L05
U-00273,SA-DISP-L05
U-00273,SA-ENC-L08
U-00274,SA-PCBA-L07
U-00274,SA-BATT-L07
U-00274,SA-DISP-L01
U-00274,SA-ENC-L04
U-00275,SA-PCBA-L16
U-00275,SA-BATT-L05
U-00275,SA-DISP-L09
U-00275,SA-ENC-L01
U-00276,SA-PCBA-L04
U-00276,SA-BATT-L09
U-00276,SA-DISP-L05
U-00276,SA-ENC-L08
U-00277,SA-PCBA-L09
U-00277,SA-BATT-L10
U-00277,SA-DISP-L10
U-00277,SA-ENC-L03
U-00278,SA-PCBA-L11
U-00278,SA-BATT-L09
U-00278,SA-DISP-L04
U-00278,SA-ENC-L06
U-00279,SA-PCBA-L01
U-00279,SA-BATT-L01
U-00279,SA-DISP-L02
U-00279,SA-ENC-L02
U-00280,SA-PCBA-L08
U-00280,SA-BATT-L08
U-00280,SA-DISP-L05
U-00280,SA-ENC-L05
U-00281,SA-PCBA-L04
U-00281,SA-BATT-L01
U-00281,SA-DISP-L01
U-00281,SA-ENC-L03
U-00282,SA-PCBA-L06
U-00282,SA-BATT-L02
U-00282,SA-DISP-L07
U-00282,SA-ENC-L07
U-00283,SA-PCBA-L06
U-00283,SA-BATT-L01
U-00283,SA-DISP-L03
U-00283,SA-ENC-L02
U-00284,SA-PCBA-L01
U-00284,SA-BATT-L03
U-00284,SA-DISP-L08
U-00284,SA-ENC-L08
U-00285,SA-PCBA-L19
U-00285,SA-BATT-L10
U-00285,SA-DISP-L04
U-00285,SA-ENC-L06
U-00286,SA-PCBA-L02
U-00286,SA-BATT-L01
U-00286,SA-DISP-L03
U-00286,SA-ENC-L08
U-00287,SA-PCBA-L20
U-00287,SA-BATT-L04
U-00287,SA-DISP-L09
U-00287,SA-ENC-L07
U-00288,SA-PCBA-L19
U-00288,SA-BATT-L01
U-00288,SA-DISP-L02
U-00288,SA-ENC-L07
U-00289,SA-PCBA-L15
U-00289,SA-BATT-L06
U-00289,SA-DISP-L06
U-00289,SA-ENC-L01
U-00290,SA-PCBA-L01
U-00290,SA-BATT-L06
U-00290,SA-DISP-L06
U-00290,SA-ENC-L05
U-00291,SA-PCBA-L11
U-00291,SA-BATT-L10
U-00291,SA-DISP-L04
U-00291,SA-ENC-L04
U-00292,SA-PCBA-L19
U-00292,SA-BATT-L02
U-00292,SA-DISP-L08
U-00292,SA-ENC-L08
U-00293,SA-PCBA-L19
U-00293,SA-BATT-L08
U-00293,SA-DISP-L09
U-00293,SA-ENC-L03
U-00294,SA-PCBA-L17
U-00294,SA-BATT-L07
U-00294,SA-DISP-L07
U-00294,SA-ENC-L04
U-00295,SA-PCBA-L10
U-00295,SA-BATT-L09
U-00295,SA-DISP-L06
U-00295,SA-ENC-L04
U-00296,SA-PCBA-L20
U-00296,SA-BATT-L09
U-00296,SA-DISP-L06
U-00296,SA-ENC-L02
U-00297,SA-PCBA-L20
U-00297,SA-BATT-L02
U-00297,SA-DISP-L01
U-00297,SA-ENC-L07
U-00298,SA-PCBA-L12
U-00298,SA-BATT-L04
U-00298,SA-DISP-L09
U-00298,SA-ENC-L01
U-00299,SA-PCBA-L02
U-00299,SA-BATT-L07
U-00299,SA-DISP-L07
U-00299,SA-ENC-L07
U-00300,SA-PCBA-L08
U-00300,SA-BATT-L06
U-00300,SA-DISP-L10
U-00300,SA-ENC-L04
U-00301,SA-PCBA-L04
U-00301,SA-BATT-L07
U-00301,SA-DISP-L01
U-00301,SA-ENC-L07
U-00302,SA-PCBA-L02
U-00302,SA-BATT-L03
U-00302,SA-DISP-L06
U-00302,SA-ENC-L01
U-00303,SA-PCBA-L13
U-00303,SA-BATT-L09
U-00303,SA-DISP-L04
U-00303,SA-ENC-L03
U-00304,SA-PCBA-L11
U-00304,SA-BATT-L06
U-00304,SA-DISP-L05
U-00304,SA-ENC-L04
U-00305,SA-PCBA-L20
U-00305,SA-BATT-L10
U-00305,SA-DISP-L04
U-00305,SA-ENC-L01
U-00306,SA-PCBA-L20
U-00306,SA-BATT-L06
U-00306,SA-DISP-L09
U-00306,SA-ENC-L08
U-00307,SA-PCBA-L18
U-00307,SA-BATT-L01
U-00307,SA-DISP-L02
U-00307,SA-ENC-L04
U-00308,SA-PCBA-L03
U-00308,SA-BATT-L03
U-00308,SA-DISP-L01
U-00308,SA-ENC-L08
U-00309,SA-PCBA-L09
U-00309,SA-BATT-L07
U-00309,SA-DISP-L07
U-00309,SA-ENC-L08
U-00310,SA-PCBA-L02
U-00310,SA-BATT-L02
U-00310,SA-DISP-L06
U-00310,SA-ENC-L02
U-00311,SA-PCBA-L19
U-00311,SA-BATT-L03
U-00311,SA-DISP-L09
U-00311,SA-ENC-L04
U-00312,SA-PCBA-L12
U-00312,SA-BATT-L01
U-00312,SA-DISP-L09
U-00312,SA-ENC-L03
U-00313,SA-PCBA-L07
U-00313,SA-BATT-L07
U-00313,SA-DISP-L09
U-00313,SA-ENC-L03
U-00314,SA-PCBA-L18
U-00314,SA-BATT-L09
U-00314,SA-DISP-L02
U-00314,SA-ENC-L05
U-00315,SA-PCBA-L04
U-00315,SA-BATT-L05
U-00315,SA-DISP-L10
U-00315,SA-ENC-L02
U-00316,SA-PCBA-L14
U-00316,SA-BATT-L03
U-00316,SA-DISP-L01
U-00316,SA-ENC-L06
U-00317,SA-PCBA-L16
U-00317,SA-BATT-L08
U-00317,SA-DISP-L08
U-00317,SA-ENC-L06
U-00318,SA-PCBA-L07
U-00318,SA-BATT-L05
U-00318,SA-DISP-L02
U-00318,SA-ENC-L02
U-00319,SA-PCBA-L18
U-00319,SA-BATT-L08
U-00319,SA-DISP-L03
U-00319,SA-ENC-L06
U-00320,SA-PCBA-L12
U-00320,SA-BATT-L09
U-00320,SA-DISP-L01
U-00320,SA-ENC-L04
U-00321,SA-PCBA-L05
U-00321,SA-BATT-L08
U-00321,SA-DISP-L06
U-00321,SA-ENC-L01
U-00322,SA-PCBA-L13
U-00322,SA-BATT-L08
U-00322,SA-DISP-L08
U-00322,SA-ENC-L01
U-00323,SA-PCBA-L13
U-00323,SA-BATT-L06
U-00323,SA-DISP-L10
U-00323,SA-ENC-L02
U-00324,SA-PCBA-L01
U-00324,SA-BATT-L09
U-00324,SA-DISP-L03
U-00324,SA-ENC-L08
U-00325,SA-PCBA-L10
U-00325,SA-BATT-L07
U-00325,SA-DISP-L06
U-00325,SA-ENC-L02
U-00326,SA-PCBA-L19
U-00326,SA-BATT-L03
U-00326,SA-DISP-L03
U-00326,SA-ENC-L01
U-00327,SA-PCBA-L12
U-00327,SA-BATT-L02
U-00327,SA-DISP-L04
U-00327,SA-ENC-L08
U-00328,SA-PCBA-L20
U-00328,SA-BATT-L05
U-00328,SA-DISP-L03
U-00328,SA-ENC-L06
U-00329,SA-PCBA-L17
U-00329,SA-BATT-L07
U-00329,SA-DISP-L03
U-00329,SA-ENC-L02
U-00330,SA-PCBA-L18
U-00330,SA-BATT-L01
U-00330,SA-DISP-L07
U-00330,SA-ENC-L07
U-00331,SA-PCBA-L19
U-00331,SA-BATT-L02
U-00331,SA-DISP-L07
U-00331,SA-ENC-L03
U-00332,SA-PCBA-L07
U-00332,SA-BATT-L01
U-00332,SA-DISP-L01
U-00332,SA-ENC-L02
U-00333,SA-PCBA-L09
U-00333,SA-BATT-L09
U-00333,SA-DISP-L07
U-00333,SA-ENC-L06
U-00334,SA-PCBA-L18
U-00334,SA-BATT-L08
U-00334,SA-DISP-L05
U-00334,SA-ENC-L05
U-00335,SA-PCBA-L04
U-00335,SA-BATT-L04
U-00335,SA-DISP-L09
U-00335,SA-ENC-L07
U-00336,SA-PCBA-L06
U-00336,SA-BATT-L08
U-00336,SA-DISP-L10
U-00336,SA-ENC-L07
U-00337,SA-PCBA-L17
U-00337,SA-BATT-L05
U-00337,SA-DISP-L10
U-00337,SA-ENC-L01
U-00338,SA-PCBA-L10
U-00338,SA-BATT-L04
U-00338,SA-DISP-L01
U-00338,SA-ENC-L04
U-00339,SA-PCBA-L13
U-00339,SA-BATT-L10
U-00339,SA-DISP-L04
U-00339,SA-ENC-L01
U-00340,SA-PCBA-L20
U-00340,SA-BATT-L04
U-00340,SA-DISP-L08
U-00340,SA-ENC-L07
U-00341,SA-PCBA-L09
U-00341,SA-BATT-L09
U-00341,SA-DISP-L10
U-00341,SA-ENC-L05
U-00342,SA-PCBA-L01
U-00342,SA-BATT-L08
U-00342,SA-DISP-L02
U-00342,SA-ENC-L05
U-00343,SA-PCBA-L01
U-00343,SA-BATT-L05
U-00343,SA-DISP-L04
U-00343,SA-ENC-L05
U-00344,SA-PCBA-L09
U-00344,SA-BATT-L03
U-00344,SA-DISP-L04
U-00344,SA-ENC-L08
U-00345,SA-PCBA-L05
U-00345,SA-BATT-L02
U-00345,SA-DISP-L02
U-00345,SA-ENC-L02
U-00346,SA-PCBA-L09
U-00346,SA-BATT-L08
U-00346,SA-DISP-L03
U-00346,SA-ENC-L05
U-00347,SA-PCBA-L18
U-00347,SA-BATT-L02
U-00347,SA-DISP-L09
U-00347,SA-ENC-L08
U-00348,SA-PCBA-L06
U-00348,SA-BATT-L09
U-00348,SA-DISP-L05
U-00348,SA-ENC-L04
U-00349,SA-PCBA-L12
U-00349,SA-BATT-L07
U-00349,SA-DISP-L05
U-00349,SA-ENC-L08
U-00350,SA-PCBA-L14
U-00350,SA-BATT-L07
U-00350,SA-DISP-L04
U-00350,SA-ENC-L03
U-00351,SA-PCBA-L17
U-00351,SA-BATT-L09
U-00351,SA-DISP-L06
U-00351,SA-ENC-L08
U-00352,SA-PCBA-L16
U-00352,SA-BATT-L02
U-00352,SA-DISP-L08
U-00352,SA-ENC-L06
U-00353,SA-PCBA-L07
U-00353,SA-BATT-L10
U-00353,SA-DISP-L10
U-00353,SA-ENC-L03
U-00354,SA-PCBA-L15
U-00354,SA-BATT-L03
U-00354,SA-DISP-L03
U-00354,SA-ENC-L06
U-00355,SA-PCBA-L09
U-00355,SA-BATT-L10
U-00355,SA-DISP-L07
U-00355,SA-ENC-L05
U-00356,SA-PCBA-L09
U-00356,SA-BATT-L02
U-00356,SA-DISP-L04
U-00356,SA-ENC-L03
U-00357,SA-PCBA-L04
U-00357,SA-BATT-L05
U-00357,SA-DISP-L10
U-00357,SA-ENC-L03
U-00358,SA-PCBA-L06
U-00358,SA-BATT-L09
U-00358,SA-DISP-L03
U-00358,SA-ENC-L01
U-00359,SA-PCBA-L18
U-00359,SA-BATT-L08
U-00359,SA-DISP-L03
U-00359,SA-ENC-L03
U-00360,SA-PCBA-L18
U-00360,SA-BATT-L05
U-00360,SA-DISP-L06
U-00360,SA-ENC-L07
U-00361,SA-PCBA-L16
U-00361,SA-BATT-L05
U-00361,SA-DISP-L01
U-00361,SA-ENC-L07
U-00362,SA-PCBA-L08
U-00362,SA-BATT-L03
U-00362,SA-DISP-L07
U-00362,SA-ENC-L07
U-00363,SA-PCBA-L14
U-00363,SA-BATT-L04
U-00363,SA-DISP-L02
U-00363,SA-ENC-L03
U-00364,SA-PCBA-L01
U-00364,SA-BATT-L03
U-00364,SA-DISP-L01
U-00364,SA-ENC-L01
U-00365,SA-PCBA-L07
U-00365,SA-BATT-L06
U-00365,SA-DISP-L07
U-00365,SA-ENC-L05
U-00366,SA-PCBA-L02
U-00366,SA-BATT-L05
U-00366,SA-DISP-L07
U-00366,SA-ENC-L02
U-00367,SA-PCBA-L13
U-00367,SA-BATT-L08
U-00367,SA-DISP-L04
U-00367,SA-ENC-L01
U-00368,SA-PCBA-L06
U-00368,SA-BATT-L01
U-00368,SA-DISP-L09
U-00368,SA-ENC-L02
U-00369,SA-PCBA-L11
U-00369,SA-BATT-L01
U-00369,SA-DISP-L03
U-00369,SA-ENC-L05
U-00370,SA-PCBA-L06
U-00370,SA-BATT-L08
U-00370,SA-DISP-L02
U-00370,SA-ENC-L06
U-00371,SA-PCBA-L06
U-00371,SA-BATT-L08
U-00371,SA-DISP-L04
U-00371,SA-ENC-L06
U-00372,SA-PCBA-L11
U-00372,SA-BATT-L01
U-00372,SA-DISP-L08
U-00372,SA-ENC-L08
U-00373,SA-PCBA-L18
U-00373,SA-BATT-L03
U-00373,SA-DISP-L02
U-00373,SA-ENC-L03
U-00374,SA-PCBA-L14
U-00374,SA-BATT-L10
U-00374,SA-DISP-L04
U-00374,SA-ENC-L06
U-00375,SA-PCBA-L05
U-00375,SA-BATT-L10
U-00375,SA-DISP-L05
U-00375,SA-ENC-L06
U-00376,SA-PCBA-L04
U-00376,SA-BATT-L08
U-00376,SA-DISP-L04
U-00376,SA-ENC-L02
U-00377,SA-PCBA-L01
U-00377,SA-BATT-L04
U-00377,SA-DISP-L08
U-00377,SA-ENC-L02
U-00378,SA-PCBA-L09
U-00378,SA-BATT-L09
U-00378,SA-DISP-L01
U-00378,SA-ENC-L02
U-00379,SA-PCBA-L08
U-00379,SA-BATT-L10
U-00379,SA-DISP-L03
U-00379,SA-ENC-L07
U-00380,SA-PCBA-L16
U-00380,SA-BATT-L09
U-00380,SA-DISP-L06
U-00380,SA-ENC-L03
U-00381,SA-PCBA-L14
U-00381,SA-BATT-L06
U-00381,SA-DISP-L10
U-00381,SA-ENC-L04
U-00382,SA-PCBA-L12
U-00382,SA-BATT-L10
U-00382,SA-DISP-L01
U-00382,SA-ENC-L03
U-00383,SA-PCBA-L18
U-00383,SA-BATT-L09
U-00383,SA-DISP-L09
U-00383,SA-ENC-L03
U-00384,SA-PCBA-L10
U-00384,SA-BATT-L02
U-00384,SA-DISP-L10
U-00384,SA-ENC-L07
U-00385,SA-PCBA-L04
U-00385,SA-BATT-L10
U-00385,SA-DISP-L05
U-00385,SA-ENC-L01
U-00386,SA-PCBA-L04
U-00386,SA-BATT-L04
U-00386,SA-DISP-L10
U-00386,SA-ENC-L01
U-00387,SA-PCBA-L05
U-00387,SA-BATT-L01
U-00387,SA-DISP-L07
U-00387,SA-ENC-L08
U-00388,SA-PCBA-L19
U-00388,SA-BATT-L01
U-00388,SA-DISP-L09
U-00388,SA-ENC-L07
U-00389,SA-PCBA-L19
U-00389,SA-BATT-L04
U-00389,SA-DISP-L09
U-00389,SA-ENC-L04
U-00390,SA-PCBA-L07
U-00390,SA-BATT-L06
U-00390,SA-DISP-L06
U-00390,SA-ENC-L01
U-00391,SA-PCBA-L07
U-00391,SA-BATT-L06
U-00391,SA-DISP-L03
U-00391,SA-ENC-L02
U-00392,SA-PCBA-L12
U-00392,SA-BATT-L08
U-00392,SA-DISP-L08
U-00392,SA-ENC-L01
U-00393,SA-PCBA-L16
U-00393,SA-BATT-L10
U-00393,SA-DISP-L09
U-00393,SA-ENC-L01
U-00394,SA-PCBA-L16
U-00394,SA-BATT-L05
U-00394,SA-DISP-L06
U-00394,SA-ENC-L02
U-00395,SA-PCBA-L16
U-00395,SA-BATT-L10
U-00395,SA-DISP-L09
U-00395,SA-ENC-L02
U-00396,SA-PCBA-L16
U-00396,SA-BATT-L07
U-00396,SA-DISP-L03
U-00396,SA-ENC-L01
U-00397,SA-PCBA-L01
U-00397,SA-BATT-L09
U-00397,SA-DISP-L05
U-00397,SA-ENC-L04
U-00398,SA-PCBA-L08
U-00398,SA-BATT-L07
U-00398,SA-DISP-L04
U-00398,SA-ENC-L03
U-00399,SA-PCBA-L06
U-00399,SA-BATT-L05
U-00399,SA-DISP-L09
U-00399,SA-ENC-L03
U-00400,SA-PCBA-L07
U-00400,SA-BATT-L06
U-00400,SA-DISP-L03
U-00400,SA-ENC-L01
U-00401,SA-PCBA-L09
U-00401,SA-BATT-L03
U-00401,SA-DISP-L04
U-00401,SA-ENC-L02
U-00402,SA-PCBA-L19
U-00402,SA-BATT-L03
U-00402,SA-DISP-L09
U-00402,SA-ENC-L08
U-00403,SA-PCBA-L17
U-00403,SA-BATT-L01
U-00403,SA-DISP-L05
U-00403,SA-ENC-L07
U-00404,SA-PCBA-L20
U-00404,SA-BATT-L08
U-00404,SA-DISP-L06
U-00404,SA-ENC-L08
U-00405,SA-PCBA-L20
U-00405,SA-BATT-L09
U-00405,SA-DISP-L09
U-00405,SA-ENC-L01
U-00406,SA-PCBA-L13
U-00406,SA-BATT-L09
U-00406,SA-DISP-L01
U-00406,SA-ENC-L04
U-00407,SA-PCBA-L20
U-00407,SA-BATT-L03
U-00407,SA-DISP-L08
U-00407,SA-ENC-L08
U-00408,SA-PCBA-L18
U-00408,SA-BATT-L10
U-00408,SA-DISP-L04
U-00408,SA-ENC-L08
U-00409,SA-PCBA-L12
U-00409,SA-BATT-L02
U-00409,SA-DISP-L09
U-00409,SA-ENC-L07
U-00410,SA-PCBA-L13
U-00410,SA-BATT-L10
U-00410,SA-DISP-L03
U-00410,SA-ENC-L03
U-00411,SA-PCBA-L10
U-00411,SA-BATT-L03
U-00411,SA-DISP-L02
U-00411,SA-ENC-L03
U-00412,SA-PCBA-L19
U-00412,SA-BATT-L04
U-00412,SA-DISP-L04
U-00412,SA-ENC-L08
U-00413,SA-PCBA-L18
U-00413,SA-BATT-L04
U-00413,SA-DISP-L01
U-00413,SA-ENC-L03
U-00414,SA-PCBA-L17
U-00414,SA-BATT-L03
U-00414,SA-DISP-L03
U-00414,SA-ENC-L05
U-00415,SA-PCBA-L03
U-00415,SA-BATT-L05
U-00415,SA-DISP-L06
U-00415,SA-ENC-L06
U-00416,SA-PCBA-L11
U-00416,SA-BATT-L09
U-00416,SA-DISP-L07
U-00416,SA-ENC-L04
U-00417,SA-PCBA-L14
U-00417,SA-BATT-L10
U-00417,SA-DISP-L06
U-00417,SA-ENC-L05
U-00418,SA-PCBA-L10
U-00418,SA-BATT-L05
U-00418,SA-DISP-L04
U-00418,SA-ENC-L01
U-00419,SA-PCBA-L07
U-00419,SA-BATT-L01
U-00419,SA-DISP-L04
U-00419,SA-ENC-L05
U-00420,SA-PCBA-L19
U-00420,SA-BATT-L10
U-00420,SA-DISP-L01
U-00420,SA-ENC-L03
U-00421,SA-PCBA-L05
U-00421,SA-BATT-L08
U-00421,SA-DISP-L09
U-00421,SA-ENC-L06
U-00422,SA-PCBA-L11
U-00422,SA-BATT-L06
U-00422,SA-DISP-L02
U-00422,SA-ENC-L03
U-00423,SA-PCBA-L11
U-00423,SA-BATT-L01
U-00423,SA-DISP-L05
U-00423,SA-ENC-L07
U-00424,SA-PCBA-L02
U-00424,SA-BATT-L04
U-00424,SA-DISP-L02
U-00424,SA-ENC-L08
U-00425,SA-PCBA-L11
U-00425,SA-BATT-L03
U-00425,SA-DISP-L02
U-00425,SA-ENC-L03
U-00426,SA-PCBA-L03
U-00426,SA-BATT-L06
U-00426,SA-DISP-L08
U-00426,SA-ENC-L01
U-00427,SA-PCBA-L08
U-00427,SA-BATT-L05
U-00427,SA-DISP-L05
U-00427,SA-ENC-L06
U-00428,SA-PCBA-L17
U-00428,SA-BATT-L02
U-00428,SA-DISP-L04
U-00428,SA-ENC-L06
U-00429,SA-PCBA-L15
U-00429,SA-BATT-L01
U-00429,SA-DISP-L03
U-00429,SA-ENC-L01
U-00430,SA-PCBA-L20
U-00430,SA-BATT-L06
U-00430,SA-DISP-L05
U-00430,SA-ENC-L06
U-00431,SA-PCBA-L04
U-00431,SA-BATT-L08
U-00431,SA-DISP-L05
U-00431,SA-ENC-L08
U-00432,SA-PCBA-L15
U-00432,SA-BATT-L08
U-00432,SA-DISP-L01
U-00432,SA-ENC-L02
U-00433,SA-PCBA-L13
U-00433,SA-BATT-L09
U-00433,SA-DISP-L02
U-00433,SA-ENC-L05
U-00434,SA-PCBA-L07
U-00434,SA-BATT-L10
U-00434,SA-DISP-L07
U-00434,SA-ENC-L07
U-00435,SA-PCBA-L18
U-00435,SA-BATT-L06
U-00435,SA-DISP-L09
U-00435,SA-ENC-L02
U-00436,SA-PCBA-L11
U-00436,SA-BATT-L08
U-00436,SA-DISP-L01
U-00436,SA-ENC-L02
U-00437,SA-PCBA-L13
U-00437,SA-BATT-L10
U-00437,SA-DISP-L10
U-00437,SA-ENC-L08
U-00438,SA-PCBA-L01
U-00438,SA-BATT-L10
U-00438,SA-DISP-L09
U-00438,SA-ENC-L07
U-00439,SA-PCBA-L04
U-00439,SA-BATT-L05
U-00439,SA-DISP-L01
U-00439,SA-ENC-L04
U-00440,SA-PCBA-L05
U-00440,SA-BATT-L04
U-00440,SA-DISP-L09
U-00440,SA-ENC-L07
U-00441,SA-PCBA-L14
U-00441,SA-BATT-L03
U-00441,SA-DISP-L02
U-00441,SA-ENC-L03
U-00442,SA-PCBA-L12
U-00442,SA-BATT-L04
U-00442,SA-DISP-L03
U-00442,SA-ENC-L07
U-00443,SA-PCBA-L19
U-00443,SA-BATT-L06
U-00443,SA-DISP-L02
U-00443,SA-ENC-L08
U-00444,SA-PCBA-L03
U-00444,SA-BATT-L04
U-00444,SA-DISP-L08
U-00444,SA-ENC-L02
U-00445,SA-PCBA-L17
U-00445,SA-BATT-L08
U-00445,SA-DISP-L10
U-00445,SA-ENC-L06
U-00446,SA-PCBA-L09
U-00446,SA-BATT-L01
U-00446,SA-DISP-L08
U-00446,SA-ENC-L03
U-00447,SA-PCBA-L09
U-00447,SA-BATT-L03
U-00447,SA-DISP-L10
U-00447,SA-ENC-L05
U-00448,SA-PCBA-L16
U-00448,SA-BATT-L03
U-00448,SA-DISP-L09
U-00448,SA-ENC-L01
U-00449,SA-PCBA-L08
U-00449,SA-BATT-L08
U-00449,SA-DISP-L03
U-00449,SA-ENC-L04
U-00450,SA-PCBA-L18
U-00450,SA-BATT-L04
U-00450,SA-DISP-L07
U-00450,SA-ENC-L07
U-00451,SA-PCBA-L02
U-00451,SA-BATT-L02
U-00451,SA-DISP-L09
U-00451,SA-ENC-L06
U-00452,SA-PCBA-L19
U-00452,SA-BATT-L07
U-00452,SA-DISP-L08
U-00452,SA-ENC-L04
U-00453,SA-PCBA-L03
U-00453,SA-BATT-L01
U-00453,SA-DISP-L07
U-00453,SA-ENC-L02
U-00454,SA-PCBA-L02
U-00454,SA-BATT-L10
U-00454,SA-DISP-L04
U-00454,SA-ENC-L02
U-00455,SA-PCBA-L06
U-00455,SA-BATT-L02
U-00455,SA-DISP-L03
U-00455,SA-ENC-L05
U-00456,SA-PCBA-L09
U-00456,SA-BATT-L03
U-00456,SA-DISP-L02
U-00456,SA-ENC-L05
U-00457,SA-PCBA-L07
U-00457,SA-BATT-L10
U-00457,SA-DISP-L07
U-00457,SA-ENC-L03
U-00458,SA-PCBA-L04
U-00458,SA-BATT-L01
U-00458,SA-DISP-L02
U-00458,SA-ENC-L02
U-00459,SA-PCBA-L09
U-00459,SA-BATT-L03
U-00459,SA-DISP-L06
U-00459,SA-ENC-L07
U-00460,SA-PCBA-L10
U-00460,SA-BATT-L01
U-00460,SA-DISP-L07
U-00460,SA-ENC-L08
U-00461,SA-PCBA-L03
U-00461,SA-BATT-L06
U-00461,SA-DISP-L09
U-00461,SA-ENC-L06
U-00462,SA-PCBA-L12
U-00462,SA-BATT-L07
U-00462,SA-DISP-L02
U-00462,SA-ENC-L06
U-00463,SA-PCBA-L08
U-00463,SA-BATT-L08
U-00463,SA-DISP-L07
U-00463,SA-ENC-L02
U-00464,SA-PCBA-L16
U-00464,SA-BATT-L02
U-00464,SA-DISP-L04
U-00464,SA-ENC-L08
U-00465,SA-PCBA-L01
U-00465,SA-BATT-L08
U-00465,SA-DISP-L10
U-00465,SA-ENC-L01
U-00466,SA-PCBA-L06
U-00466,SA-BATT-L10
U-00466,SA-DISP-L02
U-00466,SA-ENC-L02
U-00467,SA-PCBA-L11
U-00467,SA-BATT-L02
U-00467,SA-DISP-L10
U-00467,SA-ENC-L03
U-00468,SA-PCBA-L17
U-00468,SA-BATT-L03
U-00468,SA-DISP-L06
U-00468,SA-ENC-L03
U-00469,SA-PCBA-L03
U-00469,SA-BATT-L01
U-00469,SA-DISP-L01
U-00469,SA-ENC-L03
U-00470,SA-PCBA-L05
U-00470,SA-BATT-L04
U-00470,SA-DISP-L03
U-00470,SA-ENC-L05
U-00471,SA-PCBA-L12
U-00471,SA-BATT-L07
U-00471,SA-DISP-L01
U-00471,SA-ENC-L04
U-00472,SA-PCBA-L11
U-00472,SA-BATT-L01
U-00472,SA-DISP-L04
U-00472,SA-ENC-L02
U-00473,SA-PCBA-L02
U-00473,SA-BATT-L06
U-00473,SA-DISP-L05
U-00473,SA-ENC-L04
U-00474,SA-PCBA-L06
U-00474,SA-BATT-L03
U-00474,SA-DISP-L01
U-00474,SA-ENC-L08
U-00475,SA-PCBA-L04
U-00475,SA-BATT-L06
U-00475,SA-DISP-L04
U-00475,SA-ENC-L02
U-00476,SA-PCBA-L05
U-00476,SA-BATT-L04
U-00476,SA-DISP-L10
U-00476,SA-ENC-L08
U-00477,SA-PCBA-L02
U-00477,SA-BATT-L05
U-00477,SA-DISP-L03
U-00477,SA-ENC-L02
U-00478,SA-PCBA-L20
U-00478,SA-BATT-L03
U-00478,SA-DISP-L10
U-00478,SA-ENC-L04
U-00479,SA-PCBA-L08
U-00479,SA-BATT-L04
U-00479,SA-DISP-L06
U-00479,SA-ENC-L07
U-00480,SA-PCBA-L02
U-00480,SA-BATT-L07
U-00480,SA-DISP-L09
U-00480,SA-ENC-L07
U-00481,SA-PCBA-L07
U-00481,SA-BATT-L03
U-00481,SA-DISP-L06
U-00481,SA-ENC-L05
U-00482,SA-PCBA-L01
U-00482,SA-BATT-L08
U-00482,SA-DISP-L08
U-00482,SA-ENC-L03
U-00483,SA-PCBA-L03
U-00483,SA-BATT-L07
U-00483,SA-DISP-L06
U-00483,SA-ENC-L01
U-00484,SA-PCBA-L20
U-00484,SA-BATT-L06
U-00484,SA-DISP-L01
U-00484,SA-ENC-L02
U-00485,SA-PCBA-L07
U-00485,SA-BATT-L03
U-00485,SA-DISP-L06
U-00485,SA-ENC-L04
U-00486,SA-PCBA-L09
U-00486,SA-BATT-L01
U-00486,SA-DISP-L02
U-00486,SA-ENC-L06
U-00487,SA-PCBA-L15
U-00487,SA-BATT-L10
U-00487,SA-DISP-L06
U-00487,SA-ENC-L02
U-00488,SA-PCBA-L04
U-00488,SA-BATT-L03
U-00488,SA-DISP-L08
U-00488,SA-ENC-L03
U-00489,SA-PCBA-L19
U-00489,SA-BATT-L06
U-00489,SA-DISP-L07
U-00489,SA-ENC-L08
U-00490,SA-PCBA-L14
U-00490,SA-BATT-L10
U-00490,SA-DISP-L06
U-00490,SA-ENC-L06
U-00491,SA-PCBA-L11
U-00491,SA-BATT-L04
U-00491,SA-DISP-L08
U-00491,SA-ENC-L06
U-00492,SA-PCBA-L12
U-00492,SA-BATT-L03
U-00492,SA-DISP-L03
U-00492,SA-ENC-L03
U-00493,SA-PCBA-L02
U-00493,SA-BATT-L06
U-00493,SA-DISP-L06
U-00493,SA-ENC-L03
U-00494,SA-PCBA-L05
U-00494,SA-BATT-L08
U-00494,SA-DISP-L06
U-00494,SA-ENC-L03
U-00495,SA-PCBA-L05
U-00495,SA-BATT-L10
U-00495,SA-DISP-L08
U-00495,SA-ENC-L06
U-00496,SA-PCBA-L12
U-00496,SA-BATT-L02
U-00496,SA-DISP-L06
U-00496,SA-ENC-L01
U-00497,SA-PCBA-L20
U-00497,SA-BATT-L07
U-00497,SA-DISP-L04
U-00497,SA-ENC-L08
U-00498,SA-PCBA-L13
U-00498,SA-BATT-L06
U-00498,SA-DISP-L01
U-00498,SA-ENC-L05
U-00499,SA-PCBA-L15
U-00499,SA-BATT-L05
U-00499,SA-DISP-L03
U-00499,SA-ENC-L07
U-00500,SA-PCBA-L03
U-00500,SA-BATT-L10
U-00500,SA-DISP-L07
U-00500,SA-ENC-L02
U-00501,SA-PCBA-L08
U-00501,SA-BATT-L03
U-00501,SA-DISP-L07
U-00501,SA-ENC-L05
U-00502,SA-PCBA-L01
U-00502,SA-BATT-L03
U-00502,SA-DISP-L05
U-00502,SA-ENC-L05
U-00503,SA-PCBA-L08
U-00503,SA-BATT-L01
U-00503,SA-DISP-L02
U-00503,SA-ENC-L05
U-00504,SA-PCBA-L04
U-00504,SA-BATT-L06
U-00504,SA-DISP-L09
U-00504,SA-ENC-L01
U-00505,SA-PCBA-L02
U-00505,SA-BATT-L05
U-00505,SA-DISP-L06
U-00505,SA-ENC-L07
U-00506,SA-PCBA-L04
U-00506,SA-BATT-L10
U-00506,SA-DISP-L03
U-00506,SA-ENC-L06
U-00507,SA-PCBA-L14
U-00507,SA-BATT-L03
U-00507,SA-DISP-L01
U-00507,SA-ENC-L03
U-00508,SA-PCBA-L07
U-00508,SA-BATT-L09
U-00508,SA-DISP-L10
U-00508,SA-ENC-L02
U-00509,SA-PCBA-L20
U-00509,SA-BATT-L09
U-00509,SA-DISP-L06
U-00509,SA-ENC-L03
U-00510,SA-PCBA-L10
U-00510,SA-BATT-L03
U-00510,SA-DISP-L04
U-00510,SA-ENC-L03
U-00511,SA-PCBA-L02
U-00511,SA-BATT-L04
U-00511,SA-DISP-L02
U-00511,SA-ENC-L01
U-00512,SA-PCBA-L04
U-00512,SA-BATT-L02
U-00512,SA-DISP-L10
U-00512,SA-ENC-L04
U-00513,SA-PCBA-L19
U-00513,SA-BATT-L06
U-00513,SA-DISP-L06
U-00513,SA-ENC-L03
U-00514,SA-PCBA-L07
U-00514,SA-BATT-L04
U-00514,SA-DISP-L05
U-00514,SA-ENC-L03
U-00515,SA-PCBA-L12
U-00515,SA-BATT-L10
U-00515,SA-DISP-L03
U-00515,SA-ENC-L08
U-00516,SA-PCBA-L13
U-00516,SA-BATT-L02
U-00516,SA-DISP-L08
U-00516,SA-ENC-L02
U-00517,SA-PCBA-L10
U-00517,SA-BATT-L08
U-00517,SA-DISP-L10
U-00517,SA-ENC-L05
U-00518,SA-PCBA-L19
U-00518,SA-BATT-L06
U-00518,SA-DISP-L03
U-00518,SA-ENC-L01
U-00519,SA-PCBA-L04
U-00519,SA-BATT-L03
U-00519,SA-DISP-L02
U-00519,SA-ENC-L06
U-00520,SA-PCBA-L09
U-00520,SA-BATT-L10
U-00520,SA-DISP-L10
U-00520,SA-ENC-L05
U-00521,SA-PCBA-L09
U-00521,SA-BATT-L03
U-00521,SA-DISP-L08
U-00521,SA-ENC-L02
U-00522,SA-PCBA-L07
U-00522,SA-BATT-L07
U-00522,SA-DISP-L10
U-00522,SA-ENC-L06
U-00523,SA-PCBA-L16
U-00523,SA-BATT-L09
U-00523,SA-DISP-L05
U-00523,SA-ENC-L06
U-00524,SA-PCBA-L11
U-00524,SA-BATT-L07
U-00524,SA-DISP-L08
U-00524,SA-ENC-L08
U-00525,SA-PCBA-L16
U-00525,SA-BATT-L02
U-00525,SA-DISP-L10
U-00525,SA-ENC-L08
U-00526,SA-PCBA-L19
U-00526,SA-BATT-L07
U-00526,SA-DISP-L10
U-00526,SA-ENC-L06
U-00527,SA-PCBA-L01
U-00527,SA-BATT-L06
U-00527,SA-DISP-L07
U-00527,SA-ENC-L02
U-00528,SA-PCBA-L12
U-00528,SA-BATT-L02
U-00528,SA-DISP-L06
U-00528,SA-ENC-L03
U-00529,SA-PCBA-L01
U-00529,SA-BATT-L06
U-00529,SA-DISP-L07
U-00529,SA-ENC-L07
U-00530,SA-PCBA-L06
U-00530,SA-BATT-L10
U-00530,SA-DISP-L05
U-00530,SA-ENC-L06
U-00531,SA-PCBA-L13
U-00531,SA-BATT-L04
U-00531,SA-DISP-L10
U-00531,SA-ENC-L02
U-00532,SA-PCBA-L07
U-00532,SA-BATT-L06
U-00532,SA-DISP-L02
U-00532,SA-ENC-L05
U-00533,SA-PCBA-L06
U-00533,SA-BATT-L01
U-00533,SA-DISP-L09
U-00533,SA-ENC-L03
U-00534,SA-PCBA-L19
U-00534,SA-BATT-L01
U-00534,SA-DISP-L09
U-00534,SA-ENC-L04
U-00535,SA-PCBA-L08
U-00535,SA-BATT-L07
U-00535,SA-DISP-L05
U-00535,SA-ENC-L05
U-00536,SA-PCBA-L10
U-00536,SA-BATT-L08
U-00536,SA-DISP-L08
U-00536,SA-ENC-L07
U-00537,SA-PCBA-L06
U-00537,SA-BATT-L01
U-00537,SA-DISP-L08
U-00537,SA-ENC-L01
U-00538,SA-PCBA-L03
U-00538,SA-BATT-L07
U-00538,SA-DISP-L03
U-00538,SA-ENC-L04
U-00539,SA-PCBA-L13
U-00539,SA-BATT-L06
U-00539,SA-DISP-L10
U-00539,SA-ENC-L07
U-00540,SA-PCBA-L15
U-00540,SA-BATT-L07
U-00540,SA-DISP-L05
U-00540,SA-ENC-L01
U-00541,SA-PCBA-L14
U-00541,SA-BATT-L08
U-00541,SA-DISP-L06
U-00541,SA-ENC-L05
U-00542,SA-PCBA-L12
U-00542,SA-BATT-L02
U-00542,SA-DISP-L09
U-00542,SA-ENC-L04
U-00543,SA-PCBA-L10
U-00543,SA-BATT-L04
U-00543,SA-DISP-L03
U-00543,SA-ENC-L08
U-00544,SA-PCBA-L16
U-00544,SA-BATT-L07
U-00544,SA-DISP-L06
U-00544,SA-ENC-L07
U-00545,SA-PCBA-L11
U-00545,SA-BATT-L08
U-00545,SA-DISP-L01
U-00545,SA-ENC-L01
U-00546,SA-PCBA-L04
U-00546,SA-BATT-L03
U-00546,SA-DISP-L04
U-00546,SA-ENC-L03
U-00547,SA-PCBA-L06
U-00547,SA-BATT-L10
U-00547,SA-DISP-L06
U-00547,SA-ENC-L05
U-00548,SA-PCBA-L20
U-00548,SA-BATT-L04
U-00548,SA-DISP-L02
U-00548,SA-ENC-L08
U-00549,SA-PCBA-L06
U-00549,SA-BATT-L10
U-00549,SA-DISP-L02
U-00549,SA-ENC-L01
U-00550,SA-PCBA-L11
U-00550,SA-BATT-L05
U-00550,SA-DISP-L08
U-00550,SA-ENC-L07
U-00551,SA-PCBA-L01
U-00551,SA-BATT-L05
U-00551,SA-DISP-L05
U-00551,SA-ENC-L04
U-00552,SA-PCBA-L07
U-00552,SA-BATT-L07
U-00552,SA-DISP-L07
U-00552,SA-ENC-L05
U-00553,SA-PCBA-L02
U-00553,SA-BATT-L01
U-00553,SA-DISP-L05
U-00553,SA-ENC-L07
U-00554,SA-PCBA-L15
U-00554,SA-BATT-L03
U-00554,SA-DISP-L02
U-00554,SA-ENC-L06
U-00555,SA-PCBA-L12
U-00555,SA-BATT-L07
U-00555,SA-DISP-L05
U-00555,SA-ENC-L05
U-00556,SA-PCBA-L18
U-00556,SA-BATT-L01
U-00556,SA-DISP-L04
U-00556,SA-ENC-L03
U-00557,SA-PCBA-L02
U-00557,SA-BATT-L08
U-00557,SA-DISP-L06
U-00557,SA-ENC-L08
U-00558,SA-PCBA-L20
U-00558,SA-BATT-L05
U-00558,SA-DISP-L10
U-00558,SA-ENC-L04
U-00559,SA-PCBA-L04
U-00559,SA-BATT-L06
U-00559,SA-DISP-L01
U-00559,SA-ENC-L05
U-00560,SA-PCBA-L15
U-00560,SA-BATT-L05
U-00560,SA-DISP-L10
U-00560,SA-ENC-L01
U-00561,SA-PCBA-L05
U-00561,SA-BATT-L04
U-00561,SA-DISP-L01
U-00561,SA-ENC-L05
U-00562,SA-PCBA-L03
U-00562,SA-BATT-L01
U-00562,SA-DISP-L04
U-00562,SA-ENC-L03
U-00563,SA-PCBA-L20
U-00563,SA-BATT-L03
U-00563,SA-DISP-L06
U-00563,SA-ENC-L02
U-00564,SA-PCBA-L17
U-00564,SA-BATT-L06
U-00564,SA-DISP-L10
U-00564,SA-ENC-L03
U-00565,SA-PCBA-L19
U-00565,SA-BATT-L09
U-00565,SA-DISP-L09
U-00565,SA-ENC-L02
U-00566,SA-PCBA-L08
U-00566,SA-BATT-L09
U-00566,SA-DISP-L07
U-00566,SA-ENC-L05
U-00567,SA-PCBA-L12
U-00567,SA-BATT-L05
U-00567,SA-DISP-L10
U-00567,SA-ENC-L02
U-00568,SA-PCBA-L03
U-00568,SA-BATT-L07
U-00568,SA-DISP-L05
U-00568,SA-ENC-L06
U-00569,SA-PCBA-L08
U-00569,SA-BATT-L03
U-00569,SA-DISP-L02
U-00569,SA-ENC-L05
U-00570,SA-PCBA-L15
U-00570,SA-BATT-L07
U-00570,SA-DISP-L10
U-00570,SA-ENC-L08
U-00571,SA-PCBA-L08
U-00571,SA-BATT-L01
U-00571,SA-DISP-L04
U-00571,SA-ENC-L08
U-00572,SA-PCBA-L14
U-00572,SA-BATT-L01
U-00572,SA-DISP-L02
U-00572,SA-ENC-L03
U-00573,SA-PCBA-L07
U-00573,SA-BATT-L05
U-00573,SA-DISP-L10
U-00573,SA-ENC-L07
U-00574,SA-PCBA-L18
U-00574,SA-BATT-L05
U-00574,SA-DISP-L01
U-00574,SA-ENC-L08
U-00575,SA-PCBA-L19
U-00575,SA-BATT-L06
U-00575,SA-DISP-L09
U-00575,SA-ENC-L02
U-00576,SA-PCBA-L14
U-00576,SA-BATT-L01
U-00576,SA-DISP-L03
U-00576,SA-ENC-L05
U-00577,SA-PCBA-L05
U-00577,SA-BATT-L05
U-00577,SA-DISP-L07
U-00577,SA-ENC-L07
U-00578,SA-PCBA-L05
U-00578,SA-BATT-L03
U-00578,SA-DISP-L04
U-00578,SA-ENC-L03
U-00579,SA-PCBA-L09
U-00579,SA-BATT-L06
U-00579,SA-DISP-L03
U-00579,SA-ENC-L03
U-00580,SA-PCBA-L16
U-00580,SA-BATT-L05
U-00580,SA-DISP-L06
U-00580,SA-ENC-L06
U-00581,SA-PCBA-L15
U-00581,SA-BATT-L02
U-00581,SA-DISP-L02
U-00581,SA-ENC-L02
U-00582,SA-PCBA-L17
U-00582,SA-BATT-L08
U-00582,SA-DISP-L02
U-00582,SA-ENC-L03
U-00583,SA-PCBA-L11
U-00583,SA-BATT-L05
U-00583,SA-DISP-L09
U-00583,SA-ENC-L03
U-00584,SA-PCBA-L08
U-00584,SA-BATT-L03
U-00584,SA-DISP-L07
U-00584,SA-ENC-L07
U-00585,SA-PCBA-L03
U-00585,SA-BATT-L02
U-00585,SA-DISP-L06
U-00585,SA-ENC-L06
U-00586,SA-PCBA-L20
U-00586,SA-BATT-L05
U-00586,SA-DISP-L07
U-00586,SA-ENC-L07
U-00587,SA-PCBA-L05
U-00587,SA-BATT-L07
U-00587,SA-DISP-L08
U-00587,SA-ENC-L04
U-00588,SA-PCBA-L12
U-00588,SA-BATT-L02
U-00588,SA-DISP-L01
U-00588,SA-ENC-L06
U-00589,SA-PCBA-L11
U-00589,SA-BATT-L03
U-00589,SA-DISP-L01
U-00589,SA-ENC-L01
U-00590,SA-PCBA-L14
U-00590,SA-BATT-L05
U-00590,SA-DISP-L09
U-00590,SA-ENC-L06
U-00591,SA-PCBA-L08
U-00591,SA-BATT-L10
U-00591,SA-DISP-L10
U-00591,SA-ENC-L04
U-00592,SA-PCBA-L17
U-00592,SA-BATT-L10
U-00592,SA-DISP-L04
U-00592,SA-ENC-L06
U-00593,SA-PCBA-L18
U-00593,SA-BATT-L02
U-00593,SA-DISP-L06
U-00593,SA-ENC-L07
U-00594,SA-PCBA-L14
U-00594,SA-BATT-L03
U-00594,SA-DISP-L03
U-00594,SA-ENC-L03
U-00595,SA-PCBA-L12
U-00595,SA-BATT-L02
U-00595,SA-DISP-L10
U-00595,SA-ENC-L07
U-00596,SA-PCBA-L10
U-00596,SA-BATT-L08
U-00596,SA-DISP-L01
U-00596,SA-ENC-L03
U-00597,SA-PCBA-L01
U-00597,SA-BATT-L02
U-00597,SA-DISP-L09
U-00597,SA-ENC-L06
U-00598,SA-PCBA-L20
U-00598,SA-BATT-L03
U-00598,SA-DISP-L03
U-00598,SA-ENC-L08
U-00599,SA-PCBA-L13
U-00599,SA-BATT-L04
U-00599,SA-DISP-L07
U-00599,SA-ENC-L06
U-00600,SA-PCBA-L18
U-00600,SA-BATT-L02
U-00600,SA-DISP-L09
U-00600,SA-ENC-L02
U-00601,SA-PCBA-L04
U-00601,SA-BATT-L09
U-00601,SA-DISP-L03
U-00601,SA-ENC-L01
U-00602,SA-PCBA-L19
U-00602,SA-BATT-L01
U-00602,SA-DISP-L08
U-00602,SA-ENC-L01
U-00603,SA-PCBA-L07
U-00603,SA-BATT-L05
U-00603,SA-DISP-L03
U-00603,SA-ENC-L03
U-00604,SA-PCBA-L01
U-00604,SA-BATT-L01
U-00604,SA-DISP-L05
U-00604,SA-ENC-L07
U-00605,SA-PCBA-L08
U-00605,SA-BATT-L04
U-00605,SA-DISP-L10
U-00605,SA-ENC-L04
U-00606,SA-PCBA-L03
U-00606,SA-BATT-L08
U-00606,SA-DISP-L01
U-00606,SA-ENC-L07
U-00607,SA-PCBA-L14
U-00607,SA-BATT-L08
U-00607,SA-DISP-L02
U-00607,SA-ENC-L04
U-00608,SA-PCBA-L15
U-00608,SA-BATT-L01
U-00608,SA-DISP-L01
U-00608,SA-ENC-L08
U-00609,SA-PCBA-L13
U-00609,SA-BATT-L06
U-00609,SA-DISP-L04
U-00609,SA-ENC-L05
U-00610,SA-PCBA-L11
U-00610,SA-BATT-L07
U-00610,SA-DISP-L04
U-00610,SA-ENC-L06
U-00611,SA-PCBA-L07
U-00611,SA-BATT-L08
U-00611,SA-DISP-L10
U-00611,SA-ENC-L06
U-00612,SA-PCBA-L18
U-00612,SA-BATT-L08
U-00612,SA-DISP-L07
U-00612,SA-ENC-L02
U-00613,SA-PCBA-L20
U-00613,SA-BATT-L06
U-00613,SA-DISP-L07
U-00613,SA-ENC-L03
U-00614,SA-PCBA-L10
U-00614,SA-BATT-L01
U-00614,SA-DISP-L05
U-00614,SA-ENC-L06
U-00615,SA-PCBA-L11
U-00615,SA-BATT-L08
U-00615,SA-DISP-L10
U-00615,SA-ENC-L04
U-00616,SA-PCBA-L07
U-00616,SA-BATT-L10
U-00616,SA-DISP-L10
U-00616,SA-ENC-L03
U-00617,SA-PCBA-L07
U-00617,SA-BATT-L01
U-00617,SA-DISP-L09
U-00617,SA-ENC-L05
U-00618,SA-PCBA-L09
U-00618,SA-BATT-L02
U-00618,SA-DISP-L09
U-00618,SA-ENC-L08
U-00619,SA-PCBA-L13
U-00619,SA-BATT-L02
U-00619,SA-DISP-L10
U-00619,SA-ENC-L01
U-00620,SA-PCBA-L04
U-00620,SA-BATT-L01
U-00620,SA-DISP-L08
U-00620,SA-ENC-L07
U-00621,SA-PCBA-L02
U-00621,SA-BATT-L06
U-00621,SA-DISP-L09
U-00621,SA-ENC-L04
U-00622,SA-PCBA-L02
U-00622,SA-BATT-L07
U-00622,SA-DISP-L06
U-00622,SA-ENC-L02
U-00623,SA-PCBA-L02
U-00623,SA-BATT-L09
U-00623,SA-DISP-L01
U-00623,SA-ENC-L05
U-00624,SA-PCBA-L01
U-00624,SA-BATT-L08
U-00624,SA-DISP-L07
U-00624,SA-ENC-L08
U-00625,SA-PCBA-L04
U-00625,SA-BATT-L02
U-00625,SA-DISP-L01
U-00625,SA-ENC-L02
U-00626,SA-PCBA-L15
U-00626,SA-BATT-L03
U-00626,SA-DISP-L04
U-00626,SA-ENC-L03
U-00627,SA-PCBA-L19
U-00627,SA-BATT-L05
U-00627,SA-DISP-L10
U-00627,SA-ENC-L06
U-00628,SA-PCBA-L02
U-00628,SA-BATT-L07
U-00628,SA-DISP-L06
U-00628,SA-ENC-L04
U-00629,SA-PCBA-L20
U-00629,SA-BATT-L06
U-00629,SA-DISP-L10
U-00629,SA-ENC-L06
U-00630,SA-PCBA-L15
U-00630,SA-BATT-L10
U-00630,SA-DISP-L04
U-00630,SA-ENC-L04
U-00631,SA-PCBA-L01
U-00631,SA-BATT-L09
U-00631,SA-DISP-L02
U-00631,SA-ENC-L03
U-00632,SA-PCBA-L06
U-00632,SA-BATT-L04
U-00632,SA-DISP-L05
U-00632,SA-ENC-L03
U-00633,SA-PCBA-L06
U-00633,SA-BATT-L07
U-00633,SA-DISP-L02
U-00633,SA-ENC-L06
U-00634,SA-PCBA-L14
U-00634,SA-BATT-L02
U-00634,SA-DISP-L02
U-00634,SA-ENC-L03
U-00635,SA-PCBA-L08
U-00635,SA-BATT-L01
U-00635,SA-DISP-L10
U-00635,SA-ENC-L04
U-00636,SA-PCBA-L20
U-00636,SA-BATT-L10
U-00636,SA-DISP-L08
U-00636,SA-ENC-L04
U-00637,SA-PCBA-L17
U-00637,SA-BATT-L06
U-00637,SA-DISP-L08
U-00637,SA-ENC-L08
U-00638,SA-PCBA-L19
U-00638,SA-BATT-L01
U-00638,SA-DISP-L04
U-00638,SA-ENC-L04
U-00639,SA-PCBA-L14
U-00639,SA-BATT-L05
U-00639,SA-DISP-L09
U-00639,SA-ENC-L02
U-00640,SA-PCBA-L11
U-00640,SA-BATT-L07
U-00640,SA-DISP-L08
U-00640,SA-ENC-L08
U-00641,SA-PCBA-L14
U-00641,SA-BATT-L02
U-00641,SA-DISP-L05
U-00641,SA-ENC-L02
U-00642,SA-PCBA-L13
U-00642,SA-BATT-L05
U-00642,SA-DISP-L05
U-00642,SA-ENC-L05
U-00643,SA-PCBA-L13
U-00643,SA-BATT-L07
U-00643,SA-DISP-L10
U-00643,SA-ENC-L01
U-00644,SA-PCBA-L17
U-00644,SA-BATT-L10
U-00644,SA-DISP-L09
U-00644,SA-ENC-L08
U-00645,SA-PCBA-L07
U-00645,SA-BATT-L08
U-00645,SA-DISP-L08
U-00645,SA-ENC-L01
U-00646,SA-PCBA-L08
U-00646,SA-BATT-L07
U-00646,SA-DISP-L07
U-00646,SA-ENC-L07
U-00647,SA-PCBA-L19
U-00647,SA-BATT-L10
U-00647,SA-DISP-L10
U-00647,SA-ENC-L07
U-00648,SA-PCBA-L10
U-00648,SA-BATT-L02
U-00648,SA-DISP-L03
U-00648,SA-ENC-L02
U-00649,SA-PCBA-L10
U-00649,SA-BATT-L04
U-00649,SA-DISP-L04
U-00649,SA-ENC-L05
U-00650,SA-PCBA-L06
U-00650,SA-BATT-L02
U-00650,SA-DISP-L03
U-00650,SA-ENC-L07
U-00651,SA-PCBA-L06
U-00651,SA-BATT-L10
U-00651,SA-DISP-L10
U-00651,SA-ENC-L05
U-00652,SA-PCBA-L08
U-00652,SA-BATT-L09
U-00652,SA-DISP-L06
U-00652,SA-ENC-L08
U-00653,SA-PCBA-L20
U-00653,SA-BATT-L03
U-00653,SA-DISP-L07
U-00653,SA-ENC-L04
U-00654,SA-PCBA-L10
U-00654,SA-BATT-L03
U-00654,SA-DISP-L05
U-00654,SA-ENC-L05
U-00655,SA-PCBA-L14
U-00655,SA-BATT-L02
U-00655,SA-DISP-L02
U-00655,SA-ENC-L06
U-00656,SA-PCBA-L13
U-00656,SA-BATT-L06
U-00656,SA-DISP-L07
U-00656,SA-ENC-L04
U-00657,SA-PCBA-L03
U-00657,SA-BATT-L02
U-00657,SA-DISP-L09
U-00657,SA-ENC-L04
U-00658,SA-PCBA-L07
U-00658,SA-BATT-L05
U-00658,SA-DISP-L02
U-00658,SA-ENC-L07
U-00659,SA-PCBA-L08
U-00659,SA-BATT-L08
U-00659,SA-DISP-L01
U-00659,SA-ENC-L02
U-00660,SA-PCBA-L12
U-00660,SA-BATT-L04
U-00660,SA-DISP-L04
U-00660,SA-ENC-L02
U-00661,SA-PCBA-L07
U-00661,SA-BATT-L01
U-00661,SA-DISP-L07
U-00661,SA-ENC-L02
U-00662,SA-PCBA-L04
U-00662,SA-BATT-L06
U-00662,SA-DISP-L06
U-00662,SA-ENC-L03
U-00663,SA-PCBA-L20
U-00663,SA-BATT-L06
U-00663,SA-DISP-L01
U-00663,SA-ENC-L02
U-00664,SA-PCBA-L06
U-00664,SA-BATT-L05
U-00664,SA-DISP-L02
U-00664,SA-ENC-L06
U-00665,SA-PCBA-L16
U-00665,SA-BATT-L02
U-00665,SA-DISP-L06
U-00665,SA-ENC-L01
U-00666,SA-PCBA-L08
U-00666,SA-BATT-L07
U-00666,SA-DISP-L04
U-00666,SA-ENC-L02
U-00667,SA-PCBA-L15
U-00667,SA-BATT-L06
U-00667,SA-DISP-L03
U-00667,SA-ENC-L05
U-00668,SA-PCBA-L08
U-00668,SA-BATT-L04
U-00668,SA-DISP-L09
U-00668,SA-ENC-L01
U-00669,SA-PCBA-L01
U-00669,SA-BATT-L02
U-00669,SA-DISP-L08
U-00669,SA-ENC-L02
U-00670,SA-PCBA-L10
U-00670,SA-BATT-L09
U-00670,SA-DISP-L02
U-00670,SA-ENC-L07
U-00671,SA-PCBA-L19
U-00671,SA-BATT-L08
U-00671,SA-DISP-L04
U-00671,SA-ENC-L05
U-00672,SA-PCBA-L17
U-00672,SA-BATT-L10
U-00672,SA-DISP-L07
U-00672,SA-ENC-L03
U-00673,SA-PCBA-L20
U-00673,SA-BATT-L09
U-00673,SA-DISP-L03
U-00673,SA-ENC-L03
U-00674,SA-PCBA-L07
U-00674,SA-BATT-L03
U-00674,SA-DISP-L04
U-00674,SA-ENC-L01
U-00675,SA-PCBA-L13
U-00675,SA-BATT-L08
U-00675,SA-DISP-L05
U-00675,SA-ENC-L02
U-00676,SA-PCBA-L17
U-00676,SA-BATT-L08
U-00676,SA-DISP-L06
U-00676,SA-ENC-L01
U-00677,SA-PCBA-L01
U-00677,SA-BATT-L03
U-00677,SA-DISP-L05
U-00677,SA-ENC-L08
U-00678,SA-PCBA-L13
U-00678,SA-BATT-L10
U-00678,SA-DISP-L02
U-00678,SA-ENC-L04
U-00679,SA-PCBA-L04
U-00679,SA-BATT-L10
U-00679,SA-DISP-L06
U-00679,SA-ENC-L03
U-00680,SA-PCBA-L04
U-00680,SA-BATT-L02
U-00680,SA-DISP-L07
U-00680,SA-ENC-L07
U-00681,SA-PCBA-L20
U-00681,SA-BATT-L02
U-00681,SA-DISP-L08
U-00681,SA-ENC-L04
U-00682,SA-PCBA-L20
U-00682,SA-BATT-L02
U-00682,SA-DISP-L03
U-00682,SA-ENC-L02
U-00683,SA-PCBA-L01
U-00683,SA-BATT-L01
U-00683,SA-DISP-L05
U-00683,SA-ENC-L01
U-00684,SA-PCBA-L16
U-00684,SA-BATT-L08
U-00684,SA-DISP-L06
U-00684,SA-ENC-L07
U-00685,SA-PCBA-L20
U-00685,SA-BATT-L01
U-00685,SA-DISP-L06
U-00685,SA-ENC-L06
U-00686,SA-PCBA-L09
U-00686,SA-BATT-L04
U-00686,SA-DISP-L06
U-00686,SA-ENC-L08
U-00687,SA-PCBA-L13
U-00687,SA-BATT-L08
U-00687,SA-DISP-L04
U-00687,SA-ENC-L08
U-00688,SA-PCBA-L16
U-00688,SA-BATT-L05
U-00688,SA-DISP-L10
U-00688,SA-ENC-L04
U-00689,SA-PCBA-L15
U-00689,SA-BATT-L03
U-00689,SA-DISP-L08
U-00689,SA-ENC-L02
U-00690,SA-PCBA-L13
U-00690,SA-BATT-L05
U-00690,SA-DISP-L04
U-00690,SA-ENC-L05
U-00691,SA-PCBA-L19
U-00691,SA-BATT-L10
U-00691,SA-DISP-L02
U-00691,SA-ENC-L06
U-00692,SA-PCBA-L12
U-00692,SA-BATT-L02
U-00692,SA-DISP-L02
U-00692,SA-ENC-L02
U-00693,SA-PCBA-L19
U-00693,SA-BATT-L01
U-00693,SA-DISP-L05
U-00693,SA-ENC-L01
U-00694,SA-PCBA-L20
U-00694,SA-BATT-L10
U-00694,SA-DISP-L10
U-00694,SA-ENC-L04
U-00695,SA-PCBA-L16
U-00695,SA-BATT-L08
U-00695,SA-DISP-L03
U-00695,SA-ENC-L05
U-00696,SA-PCBA-L11
U-00696,SA-BATT-L10
U-00696,SA-DISP-L08
U-00696,SA-ENC-L04
U-00697,SA-PCBA-L02
U-00697,SA-BATT-L03
U-00697,SA-DISP-L08
U-00697,SA-ENC-L07
U-00698,SA-PCBA-L12
U-00698,SA-BATT-L07
U-00698,SA-DISP-L07
U-00698,SA-ENC-L02
U-00699,SA-PCBA-L12
U-00699,SA-BATT-L08
U-00699,SA-DISP-L03
U-00699,SA-ENC-L03
U-00700,SA-PCBA-L01
U-00700,SA-BATT-L06
U-00700,SA-DISP-L10
U-00700,SA-ENC-L02
U-00701,SA-PCBA-L06
U-00701,SA-BATT-L01
U-00701,SA-DISP-L02
U-00701,SA-ENC-L06
U-00702,SA-PCBA-L06
U-00702,SA-BATT-L07
U-00702,SA-DISP-L02
U-00702,SA-ENC-L08
U-00703,SA-PCBA-L17
U-00703,SA-BATT-L04
U-00703,SA-DISP-L01
U-00703,SA-ENC-L08
U-00704,SA-PCBA-L10
U-00704,SA-BATT-L10
U-00704,SA-DISP-L03
U-00704,SA-ENC-L02
U-00705,SA-PCBA-L18
U-00705,SA-BATT-L09
U-00705,SA-DISP-L08
U-00705,SA-ENC-L02
U-00706,SA-PCBA-L06
U-00706,SA-BATT-L01
U-00706,SA-DISP-L09
U-00706,SA-ENC-L08
U-00707,SA-PCBA-L03
U-00707,SA-BATT-L02
U-00707,SA-DISP-L09
U-00707,SA-ENC-L05
U-00708,SA-PCBA-L10
U-00708,SA-BATT-L09
U-00708,SA-DISP-L08
U-00708,SA-ENC-L03
U-00709,SA-PCBA-L08
U-00709,SA-BATT-L03
U-00709,SA-DISP-L05
U-00709,SA-ENC-L04
U-00710,SA-PCBA-L11
U-00710,SA-BATT-L05
U-00710,SA-DISP-L07
U-00710,SA-ENC-L03
U-00711,SA-PCBA-L07
U-00711,SA-BATT-L06
U-00711,SA-DISP-L10
U-00711,SA-ENC-L03
U-00712,SA-PCBA-L04
U-00712,SA-BATT-L09
U-00712,SA-DISP-L07
U-00712,SA-ENC-L02
U-00713,SA-PCBA-L04
U-00713,SA-BATT-L07
U-00713,SA-DISP-L04
U-00713,SA-ENC-L07
U-00714,SA-PCBA-L10
U-00714,SA-BATT-L09
U-00714,SA-DISP-L05
U-00714,SA-ENC-L02
U-00715,SA-PCBA-L18
U-00715,SA-BATT-L10
U-00715,SA-DISP-L07
U-00715,SA-ENC-L08
U-00716,SA-PCBA-L12
U-00716,SA-BATT-L04
U-00716,SA-DISP-L10
U-00716,SA-ENC-L07
U-00717,SA-PCBA-L10
U-00717,SA-BATT-L02
U-00717,SA-DISP-L05
U-00717,SA-ENC-L07
U-00718,SA-PCBA-L03
U-00718,SA-BATT-L05
U-00718,SA-DISP-L09
U-00718,SA-ENC-L08
U-00719,SA-PCBA-L04
U-00719,SA-BATT-L07
U-00719,SA-DISP-L01
U-00719,SA-ENC-L04
U-00720,SA-PCBA-L20
U-00720,SA-BATT-L01
U-00720,SA-DISP-L10
U-00720,SA-ENC-L08
U-00721,SA-PCBA-L12
U-00721,SA-BATT-L01
U-00721,SA-DISP-L07
U-00721,SA-ENC-L08
U-00722,SA-PCBA-L07
U-00722,SA-BATT-L01
U-00722,SA-DISP-L10
U-00722,SA-ENC-L07
U-00723,SA-PCBA-L14
U-00723,SA-BATT-L01
U-00723,SA-DISP-L10
U-00723,SA-ENC-L08
U-00724,SA-PCBA-L07
U-00724,SA-BATT-L02
U-00724,SA-DISP-L09
U-00724,SA-ENC-L03
U-00725,SA-PCBA-L11
U-00725,SA-BATT-L02
U-00725,SA-DISP-L08
U-00725,SA-ENC-L08
U-00726,SA-PCBA-L16
U-00726,SA-BATT-L07
U-00726,SA-DISP-L06
U-00726,SA-ENC-L01
U-00727,SA-PCBA-L13
U-00727,SA-BATT-L07
U-00727,SA-DISP-L09
U-00727,SA-ENC-L07
U-00728,SA-PCBA-L02
U-00728,SA-BATT-L06
U-00728,SA-DISP-L07
U-00728,SA-ENC-L01
U-00729,SA-PCBA-L04
U-00729,SA-BATT-L05
U-00729,SA-DISP-L04
U-00729,SA-ENC-L07
U-00730,SA-PCBA-L05
U-00730,SA-BATT-L04
U-00730,SA-DISP-L02
U-00730,SA-ENC-L03
U-00731,SA-PCBA-L14
U-00731,SA-BATT-L09
U-00731,SA-DISP-L05
U-00731,SA-ENC-L04
U-00732,SA-PCBA-L12
U-00732,SA-BATT-L07
U-00732,SA-DISP-L04
U-00732,SA-ENC-L06
U-00733,SA-PCBA-L04
U-00733,SA-BATT-L07
U-00733,SA-DISP-L03
U-00733,SA-ENC-L05
U-00734,SA-PCBA-L13
U-00734,SA-BATT-L06
U-00734,SA-DISP-L06
U-00734,SA-ENC-L06
U-00735,SA-PCBA-L02
U-00735,SA-BATT-L10
U-00735,SA-DISP-L04
U-00735,SA-ENC-L04
U-00736,SA-PCBA-L06
U-00736,SA-BATT-L01
U-00736,SA-DISP-L03
U-00736,SA-ENC-L04
U-00737,SA-PCBA-L03
U-00737,SA-BATT-L08
U-00737,SA-DISP-L07
U-00737,SA-ENC-L01
U-00738,SA-PCBA-L16
U-00738,SA-BATT-L08
U-00738,SA-DISP-L09
U-00738,SA-ENC-L02
U-00739,SA-PCBA-L07
U-00739,SA-BATT-L10
U-00739,SA-DISP-L04
U-00739,SA-ENC-L01
U-00740,SA-PCBA-L18
U-00740,SA-BATT-L02
U-00740,SA-DISP-L03
U-00740,SA-ENC-L04
U-00741,SA-PCBA-L10
U-00741,SA-BATT-L04
U-00741,SA-DISP-L09
U-00741,SA-ENC-L02
U-00742,SA-PCBA-L09
U-00742,SA-BATT-L03
U-00742,SA-DISP-L07
U-00742,SA-ENC-L05
U-00743,SA-PCBA-L04
U-00743,SA-BATT-L07
U-00743,SA-DISP-L05
U-00743,SA-ENC-L04
U-00744,SA-PCBA-L12
U-00744,SA-BATT-L03
U-00744,SA-DISP-L08
U-00744,SA-ENC-L02
U-00745,SA-PCBA-L01
U-00745,SA-BATT-L05
U-00745,SA-DISP-L03
U-00745,SA-ENC-L03
U-00746,SA-PCBA-L13
U-00746,SA-BATT-L02
U-00746,SA-DISP-L09
U-00746,SA-ENC-L03
U-00747,SA-PCBA-L02
U-00747,SA-BATT-L03
U-00747,SA-DISP-L04
U-00747,SA-ENC-L02
U-00748,SA-PCBA-L08
U-00748,SA-BATT-L03
U-00748,SA-DISP-L08
U-00748,SA-ENC-L08
U-00749,SA-PCBA-L04
U-00749,SA-BATT-L01
U-00749,SA-DISP-L01
U-00749,SA-ENC-L02
U-00750,SA-PCBA-L14
U-00750,SA-BATT-L05
U-00750,SA-DISP-L04
U-00750,SA-ENC-L07
U-00751,SA-PCBA-L12
U-00751,SA-BATT-L02
U-00751,SA-DISP-L10
U-00751,SA-ENC-L06
U-00752,SA-PCBA-L06
U-00752,SA-BATT-L07
U-00752,SA-DISP-L03
U-00752,SA-ENC-L05
U-00753,SA-PCBA-L01
U-00753,SA-BATT-L03
U-00753,SA-DISP-L03
U-00753,SA-ENC-L06
U-00754,SA-PCBA-L05
U-00754,SA-BATT-L02
U-00754,SA-DISP-L06
U-00754,SA-ENC-L03
U-00755,SA-PCBA-L05
U-00755,SA-BATT-L04
U-00755,SA-DISP-L07
U-00755,SA-ENC-L07
U-00756,SA-PCBA-L03
U-00756,SA-BATT-L04
U-00756,SA-DISP-L06
U-00756,SA-ENC-L01
U-00757,SA-PCBA-L12
U-00757,SA-BATT-L03
U-00757,SA-DISP-L05
U-00757,SA-ENC-L08
U-00758,SA-PCBA-L04
U-00758,SA-BATT-L03
U-00758,SA-DISP-L07
U-00758,SA-ENC-L01
U-00759,SA-PCBA-L01
U-00759,SA-BATT-L03
U-00759,SA-DISP-L06
U-00759,SA-ENC-L03
U-00760,SA-PCBA-L20
U-00760,SA-BATT-L05
U-00760,SA-DISP-L08
U-00760,SA-ENC-L07
U-00761,SA-PCBA-L02
U-00761,SA-BATT-L10
U-00761,SA-DISP-L03
U-00761,SA-ENC-L03
U-00762,SA-PCBA-L14
U-00762,SA-BATT-L03
U-00762,SA-DISP-L05
U-00762,SA-ENC-L02
U-00763,SA-PCBA-L20
U-00763,SA-BATT-L02
U-00763,SA-DISP-L08
U-00763,SA-ENC-L08
U-00764,SA-PCBA-L11
U-00764,SA-BATT-L02
U-00764,SA-DISP-L02
U-00764,SA-ENC-L02
U-00765,SA-PCBA-L01
U-00765,SA-BATT-L05
U-00765,SA-DISP-L04
U-00765,SA-ENC-L04
U-00766,SA-PCBA-L01
U-00766,SA-BATT-L06
U-00766,SA-DISP-L05
U-00766,SA-ENC-L07
U-00767,SA-PCBA-L04
U-00767,SA-BATT-L09
U-00767,SA-DISP-L03
U-00767,SA-ENC-L01
U-00768,SA-PCBA-L03
U-00768,SA-BATT-L04
U-00768,SA-DISP-L04
U-00768,SA-ENC-L03
U-00769,SA-PCBA-L20
U-00769,SA-BATT-L07
U-00769,SA-DISP-L01
U-00769,SA-ENC-L07
U-00770,SA-PCBA-L18
U-00770,SA-BATT-L02
U-00770,SA-DISP-L08
U-00770,SA-ENC-L02
U-00771,SA-PCBA-L09
U-00771,SA-BATT-L08
U-00771,SA-DISP-L05
U-00771,SA-ENC-L08
U-00772,SA-PCBA-L05
U-00772,SA-BATT-L08
U-00772,SA-DISP-L06
U-00772,SA-ENC-L06
U-00773,SA-PCBA-L18
U-00773,SA-BATT-L01
U-00773,SA-DISP-L03
U-00773,SA-ENC-L02
U-00774,SA-PCBA-L14
U-00774,SA-BATT-L08
U-00774,SA-DISP-L08
U-00774,SA-ENC-L08
U-00775,SA-PCBA-L11
U-00775,SA-BATT-L10
U-00775,SA-DISP-L08
U-00775,SA-ENC-L04
U-00776,SA-PCBA-L13
U-00776,SA-BATT-L10
U-00776,SA-DISP-L01
U-00776,SA-ENC-L07
U-00777,SA-PCBA-L09
U-00777,SA-BATT-L05
U-00777,SA-DISP-L03
U-00777,SA-ENC-L02
U-00778,SA-PCBA-L03
U-00778,SA-BATT-L07
U-00778,SA-DISP-L06
U-00778,SA-ENC-L05
U-00779,SA-PCBA-L13
U-00779,SA-BATT-L01
U-00779,SA-DISP-L09
U-00779,SA-ENC-L04
U-00780,SA-PCBA-L19
U-00780,SA-BATT-L06
U-00780,SA-DISP-L02
U-00780,SA-ENC-L07
U-00781,SA-PCBA-L08
U-00781,SA-BATT-L04
U-00781,SA-DISP-L07
U-00781,SA-ENC-L03
U-00782,SA-PCBA-L10
U-00782,SA-BATT-L09
U-00782,SA-DISP-L02
U-00782,SA-ENC-L08
U-00783,SA-PCBA-L18
U-00783,SA-BATT-L07
U-00783,SA-DISP-L06
U-00783,SA-ENC-L03
U-00784,SA-PCBA-L03
U-00784,SA-BATT-L02
U-00784,SA-DISP-L02
U-00784,SA-ENC-L01
U-00785,SA-PCBA-L14
U-00785,SA-BATT-L04
U-00785,SA-DISP-L04
U-00785,SA-ENC-L08
U-00786,SA-PCBA-L13
U-00786,SA-BATT-L01
U-00786,SA-DISP-L06
U-00786,SA-ENC-L04
U-00787,SA-PCBA-L01
U-00787,SA-BATT-L01
U-00787,SA-DISP-L03
U-00787,SA-ENC-L06
U-00788,SA-PCBA-L08
U-00788,SA-BATT-L09
U-00788,SA-DISP-L07
U-00788,SA-ENC-L04
U-00789,SA-PCBA-L11
U-00789,SA-BATT-L09
U-00789,SA-DISP-L03
U-00789,SA-ENC-L07
U-00790,SA-PCBA-L18
U-00790,SA-BATT-L03
U-00790,SA-DISP-L06
U-00790,SA-ENC-L04
U-00791,SA-PCBA-L16
U-00791,SA-BATT-L01
U-00791,SA-DISP-L03
U-00791,SA-ENC-L08
U-00792,SA-PCBA-L09
U-00792,SA-BATT-L01
U-00792,SA-DISP-L05
U-00792,SA-ENC-L02
U-00793,SA-PCBA-L09
U-00793,SA-BATT-L03
U-00793,SA-DISP-L02
U-00793,SA-ENC-L02
U-00794,SA-PCBA-L08
U-00794,SA-BATT-L07
U-00794,SA-DISP-L07
U-00794,SA-ENC-L06
U-00795,SA-PCBA-L20
U-00795,SA-BATT-L01
U-00795,SA-DISP-L02
U-00795,SA-ENC-L06
U-00796,SA-PCBA-L08
U-00796,SA-BATT-L10
U-00796,SA-DISP-L01
U-00796,SA-ENC-L01
U-00797,SA-PCBA-L10
U-00797,SA-BATT-L02
U-00797,SA-DISP-L03
U-00797,SA-ENC-L05
U-00798,SA-PCBA-L13
U-00798,SA-BATT-L04
U-00798,SA-DISP-L05
U-00798,SA-ENC-L03
U-00799,SA-PCBA-L06
U-00799,SA-BATT-L04
U-00799,SA-DISP-L08
U-00799,SA-ENC-L07
U-00800,SA-PCBA-L12
U-00800,SA-BATT-L06
U-00800,SA-DISP-L02
U-00800,SA-ENC-L08
U-00801,SA-PCBA-L12
U-00801,SA-BATT-L07
U-00801,SA-DISP-L01
U-00801,SA-ENC-L02
U-00802,SA-PCBA-L05
U-00802,SA-BATT-L06
U-00802,SA-DISP-L02
U-00802,SA-ENC-L01
U-00803,SA-PCBA-L07
U-00803,SA-BATT-L09
U-00803,SA-DISP-L04
U-00803,SA-ENC-L02
U-00804,SA-PCBA-L08
U-00804,SA-BATT-L01
U-00804,SA-DISP-L08
U-00804,SA-ENC-L08
U-00805,SA-PCBA-L19
U-00805,SA-BATT-L01
U-00805,SA-DISP-L05
U-00805,SA-ENC-L01
U-00806,SA-PCBA-L17
U-00806,SA-BATT-L01
U-00806,SA-DISP-L06
U-00806,SA-ENC-L01
U-00807,SA-PCBA-L13
U-00807,SA-BATT-L08
U-00807,SA-DISP-L10
U-00807,SA-ENC-L01
U-00808,SA-PCBA-L02
U-00808,SA-BATT-L01
U-00808,SA-DISP-L03
U-00808,SA-ENC-L02
U-00809,SA-PCBA-L18
U-00809,SA-BATT-L01
U-00809,SA-DISP-L01
U-00809,SA-ENC-L05
U-00810,SA-PCBA-L09
U-00810,SA-BATT-L03
U-00810,SA-DISP-L03
U-00810,SA-ENC-L08
U-00811,SA-PCBA-L16
U-00811,SA-BATT-L05
U-00811,SA-DISP-L06
U-00811,SA-ENC-L08
U-00812,SA-PCBA-L07
U-00812,SA-BATT-L02
U-00812,SA-DISP-L02
U-00812,SA-ENC-L08
U-00813,SA-PCBA-L17
U-00813,SA-BATT-L09
U-00813,SA-DISP-L06
U-00813,SA-ENC-L05
U-00814,SA-PCBA-L20
U-00814,SA-BATT-L09
U-00814,SA-DISP-L04
U-00814,SA-ENC-L07
U-00815,SA-PCBA-L10
U-00815,SA-BATT-L01
U-00815,SA-DISP-L08
U-00815,SA-ENC-L03
U-00816,SA-PCBA-L14
U-00816,SA-BATT-L04
U-00816,SA-DISP-L03
U-00816,SA-ENC-L07
U-00817,SA-PCBA-L07
U-00817,SA-BATT-L05
U-00817,SA-DISP-L04
U-00817,SA-ENC-L07
U-00818,SA-PCBA-L10
U-00818,SA-BATT-L02
U-00818,SA-DISP-L01
U-00818,SA-ENC-L01
U-00819,SA-PCBA-L13
U-00819,SA-BATT-L07
U-00819,SA-DISP-L02
U-00819,SA-ENC-L04
U-00820,SA-PCBA-L20
U-00820,SA-BATT-L05
U-00820,SA-DISP-L01
U-00820,SA-ENC-L02
U-00821,SA-PCBA-L07
U-00821,SA-BATT-L06
U-00821,SA-DISP-L08
U-00821,SA-ENC-L03
U-00822,SA-PCBA-L01
U-00822,SA-BATT-L10
U-00822,SA-DISP-L06
U-00822,SA-ENC-L08
U-00823,SA-PCBA-L08
U-00823,SA-BATT-L09
U-00823,SA-DISP-L09
U-00823,SA-ENC-L03
U-00824,SA-PCBA-L09
U-00824,SA-BATT-L08
U-00824,SA-DISP-L05
U-00824,SA-ENC-L06
U-00825,SA-PCBA-L08
U-00825,SA-BATT-L03
U-00825,SA-DISP-L06
U-00825,SA-ENC-L08
U-00826,SA-PCBA-L04
U-00826,SA-BATT-L05
U-00826,SA-DISP-L09
U-00826,SA-ENC-L08
U-00827,SA-PCBA-L10
U-00827,SA-BATT-L04
U-00827,SA-DISP-L01
U-00827,SA-ENC-L06
U-00828,SA-PCBA-L18
U-00828,SA-BATT-L03
U-00828,SA-DISP-L09
U-00828,SA-ENC-L05
U-00829,SA-PCBA-L08
U-00829,SA-BATT-L05
U-00829,SA-DISP-L10
U-00829,SA-ENC-L02
U-00830,SA-PCBA-L17
U-00830,SA-BATT-L09
U-00830,SA-DISP-L03
U-00830,SA-ENC-L02
U-00831,SA-PCBA-L08
U-00831,SA-BATT-L07
U-00831,SA-DISP-L07
U-00831,SA-ENC-L07
U-00832,SA-PCBA-L19
U-00832,SA-BATT-L03
U-00832,SA-DISP-L04
U-00832,SA-ENC-L05
U-00833,SA-PCBA-L06
U-00833,SA-BATT-L07
U-00833,SA-DISP-L07
U-00833,SA-ENC-L02
U-00834,SA-PCBA-L15
U-00834,SA-BATT-L01
U-00834,SA-DISP-L09
U-00834,SA-ENC-L01
U-00835,SA-PCBA-L10
U-00835,SA-BATT-L01
U-00835,SA-DISP-L07
U-00835,SA-ENC-L03
U-00836,SA-PCBA-L13
U-00836,SA-BATT-L10
U-00836,SA-DISP-L02
U-00836,SA-ENC-L05
U-00837,SA-PCBA-L16
U-00837,SA-BATT-L03
U-00837,SA-DISP-L04
U-00837,SA-ENC-L03
U-00838,SA-PCBA-L01
U-00838,SA-BATT-L03
U-00838,SA-DISP-L10
U-00838,SA-ENC-L02
U-00839,SA-PCBA-L13
U-00839,SA-BATT-L08
U-00839,SA-DISP-L03
U-00839,SA-ENC-L04
U-00840,SA-PCBA-L06
U-00840,SA-BATT-L04
U-00840,SA-DISP-L03
U-00840,SA-ENC-L04
U-00841,SA-PCBA-L18
U-00841,SA-BATT-L07
U-00841,SA-DISP-L07
U-00841,SA-ENC-L03
U-00842,SA-PCBA-L15
U-00842,SA-BATT-L01
U-00842,SA-DISP-L06
U-00842,SA-ENC-L03
U-00843,SA-PCBA-L13
U-00843,SA-BATT-L09
U-00843,SA-DISP-L02
U-00843,SA-ENC-L03
U-00844,SA-PCBA-L10
U-00844,SA-BATT-L07
U-00844,SA-DISP-L02
U-00844,SA-ENC-L08
U-00845,SA-PCBA-L12
U-00845,SA-BATT-L10
U-00845,SA-DISP-L10
U-00845,SA-ENC-L07
U-00846,SA-PCBA-L11
U-00846,SA-BATT-L04
U-00846,SA-DISP-L04
U-00846,SA-ENC-L02
U-00847,SA-PCBA-L03
U-00847,SA-BATT-L08
U-00847,SA-DISP-L06
U-00847,SA-ENC-L01
U-00848,SA-PCBA-L08
U-00848,SA-BATT-L05
U-00848,SA-DISP-L08
U-00848,SA-ENC-L08
U-00849,SA-PCBA-L08
U-00849,SA-BATT-L01
U-00849,SA-DISP-L03
U-00849,SA-ENC-L01
U-00850,SA-PCBA-L17
U-00850,SA-BATT-L08
U-00850,SA-DISP-L04
U-00850,SA-ENC-L04
U-00851,SA-PCBA-L03
U-00851,SA-BATT-L03
U-00851,SA-DISP-L09
U-00851,SA-ENC-L05
U-00852,SA-PCBA-L13
U-00852,SA-BATT-L06
U-00852,SA-DISP-L02
U-00852,SA-ENC-L03
U-00853,SA-PCBA-L19
U-00853,SA-BATT-L05
U-00853,SA-DISP-L01
U-00853,SA-ENC-L01
U-00854,SA-PCBA-L02
U-00854,SA-BATT-L04
U-00854,SA-DISP-L08
U-00854,SA-ENC-L02
U-00855,SA-PCBA-L20
U-00855,SA-BATT-L02
U-00855,SA-DISP-L09
U-00855,SA-ENC-L08
U-00856,SA-PCBA-L16
U-00856,SA-BATT-L05
U-00856,SA-DISP-L04
U-00856,SA-ENC-L01
U-00857,SA-PCBA-L16
U-00857,SA-BATT-L01
U-00857,SA-DISP-L07
U-00857,SA-ENC-L07
U-00858,SA-PCBA-L12
U-00858,SA-BATT-L04
U-00858,SA-DISP-L06
U-00858,SA-ENC-L07
U-00859,SA-PCBA-L19
U-00859,SA-BATT-L01
U-00859,SA-DISP-L01
U-00859,SA-ENC-L04
U-00860,SA-PCBA-L08
U-00860,SA-BATT-L05
U-00860,SA-DISP-L03
U-00860,SA-ENC-L07
U-00861,SA-PCBA-L15
U-00861,SA-BATT-L05
U-00861,SA-DISP-L06
U-00861,SA-ENC-L05
U-00862,SA-PCBA-L16
U-00862,SA-BATT-L05
U-00862,SA-DISP-L02
U-00862,SA-ENC-L04
U-00863,SA-PCBA-L02
U-00863,SA-BATT-L04
U-00863,SA-DISP-L08
U-00863,SA-ENC-L08
U-00864,SA-PCBA-L02
U-00864,SA-BATT-L05
U-00864,SA-DISP-L10
U-00864,SA-ENC-L07
U-00865,SA-PCBA-L18
U-00865,SA-BATT-L01
U-00865,SA-DISP-L05
U-00865,SA-ENC-L01
U-00866,SA-PCBA-L20
U-00866,SA-BATT-L07
U-00866,SA-DISP-L07
U-00866,SA-ENC-L01
U-00867,SA-PCBA-L09
U-00867,SA-BATT-L03
U-00867,SA-DISP-L07
U-00867,SA-ENC-L08
U-00868,SA-PCBA-L18
U-00868,SA-BATT-L05
U-00868,SA-DISP-L06
U-00868,SA-ENC-L07
U-00869,SA-PCBA-L09
U-00869,SA-BATT-L03
U-00869,SA-DISP-L08
U-00869,SA-ENC-L08
U-00870,SA-PCBA-L03
U-00870,SA-BATT-L05
U-00870,SA-DISP-L10
U-00870,SA-ENC-L06
U-00871,SA-PCBA-L06
U-00871,SA-BATT-L03
U-00871,SA-DISP-L10
U-00871,SA-ENC-L01
U-00872,SA-PCBA-L11
U-00872,SA-BATT-L05
U-00872,SA-DISP-L01
U-00872,SA-ENC-L06
U-00873,SA-PCBA-L10
U-00873,SA-BATT-L04
U-00873,SA-DISP-L06
U-00873,SA-ENC-L06
U-00874,SA-PCBA-L11
U-00874,SA-BATT-L07
U-00874,SA-DISP-L06
U-00874,SA-ENC-L08
U-00875,SA-PCBA-L01
U-00875,SA-BATT-L02
U-00875,SA-DISP-L10
U-00875,SA-ENC-L04
U-00876,SA-PCBA-L16
U-00876,SA-BATT-L02
U-00876,SA-DISP-L02
U-00876,SA-ENC-L04
U-00877,SA-PCBA-L19
U-00877,SA-BATT-L09
U-00877,SA-DISP-L09
U-00877,SA-ENC-L08
U-00878,SA-PCBA-L08
U-00878,SA-BATT-L08
U-00878,SA-DISP-L06
U-00878,SA-ENC-L02
U-00879,SA-PCBA-L14
U-00879,SA-BATT-L08
U-00879,SA-DISP-L10
U-00879,SA-ENC-L04
U-00880,SA-PCBA-L05
U-00880,SA-BATT-L10
U-00880,SA-DISP-L05
U-00880,SA-ENC-L05
U-00881,SA-PCBA-L01
U-00881,SA-BATT-L03
U-00881,SA-DISP-L02
U-00881,SA-ENC-L07
U-00882,SA-PCBA-L07
U-00882,SA-BATT-L02
U-00882,SA-DISP-L03
U-00882,SA-ENC-L07
U-00883,SA-PCBA-L19
U-00883,SA-BATT-L10
U-00883,SA-DISP-L10
U-00883,SA-ENC-L02
U-00884,SA-PCBA-L10
U-00884,SA-BATT-L08
U-00884,SA-DISP-L03
U-00884,SA-ENC-L03
U-00885,SA-PCBA-L15
U-00885,SA-BATT-L07
U-00885,SA-DISP-L06
U-00885,SA-ENC-L08
U-00886,SA-PCBA-L19
U-00886,SA-BATT-L09
U-00886,SA-DISP-L07
U-00886,SA-ENC-L05
U-00887,SA-PCBA-L17
U-00887,SA-BATT-L09
U-00887,SA-DISP-L05
U-00887,SA-ENC-L06
U-00888,SA-PCBA-L09
U-00888,SA-BATT-L10
U-00888,SA-DISP-L02
U-00888,SA-ENC-L04
U-00889,SA-PCBA-L07
U-00889,SA-BATT-L01
U-00889,SA-DISP-L08
U-00889,SA-ENC-L01
U-00890,SA-PCBA-L04
U-00890,SA-BATT-L02
U-00890,SA-DISP-L08
U-00890,SA-ENC-L07
U-00891,SA-PCBA-L03
U-00891,SA-BATT-L06
U-00891,SA-DISP-L03
U-00891,SA-ENC-L06
U-00892,SA-PCBA-L20
U-00892,SA-BATT-L06
U-00892,SA-DISP-L04
U-00892,SA-ENC-L01
U-00893,SA-PCBA-L19
U-00893,SA-BATT-L03
U-00893,SA-DISP-L08
U-00893,SA-ENC-L05
U-00894,SA-PCBA-L07
U-00894,SA-BATT-L03
U-00894,SA-DISP-L01
U-00894,SA-ENC-L07
U-00895,SA-PCBA-L12
U-00895,SA-BATT-L04
U-00895,SA-DISP-L05
U-00895,SA-ENC-L08
U-00896,SA-PCBA-L14
U-00896,SA-BATT-L08
U-00896,SA-DISP-L06
U-00896,SA-ENC-L04
U-00897,SA-PCBA-L19
U-00897,SA-BATT-L08
U-00897,SA-DISP-L10
U-00897,SA-ENC-L07
U-00898,SA-PCBA-L11
U-00898,SA-BATT-L07
U-00898,SA-DISP-L07
U-00898,SA-ENC-L08
U-00899,SA-PCBA-L08
U-00899,SA-BATT-L10
U-00899,SA-DISP-L03
U-00899,SA-ENC-L04
U-00900,SA-PCBA-L16
U-00900,SA-BATT-L02
U-00900,SA-DISP-L06
U-00900,SA-ENC-L06
U-00901,SA-PCBA-L13
U-00901,SA-BATT-L04
U-00901,SA-DISP-L05
U-00901,SA-ENC-L03
U-00902,SA-PCBA-L04
U-00902,SA-BATT-L09
U-00902,SA-DISP-L07
U-00902,SA-ENC-L08
U-00903,SA-PCBA-L13
U-00903,SA-BATT-L03
U-00903,SA-DISP-L05
U-00903,SA-ENC-L02
U-00904,SA-PCBA-L05
U-00904,SA-BATT-L02
U-00904,SA-DISP-L10
U-00904,SA-ENC-L07
U-00905,SA-PCBA-L04
U-00905,SA-BATT-L05
U-00905,SA-DISP-L10
U-00905,SA-ENC-L08
U-00906,SA-PCBA-L17
U-00906,SA-BATT-L04
U-00906,SA-DISP-L07
U-00906,SA-ENC-L01
U-00907,SA-PCBA-L08
U-00907,SA-BATT-L08
U-00907,SA-DISP-L06
U-00907,SA-ENC-L08
U-00908,SA-PCBA-L08
U-00908,SA-BATT-L02
U-00908,SA-DISP-L03
U-00908,SA-ENC-L07
U-00909,SA-PCBA-L05
U-00909,SA-BATT-L01
U-00909,SA-DISP-L06
U-00909,SA-ENC-L07
U-00910,SA-PCBA-L17
U-00910,SA-BATT-L09
U-00910,SA-DISP-L02
U-00910,SA-ENC-L02
U-00911,SA-PCBA-L02
U-00911,SA-BATT-L07
U-00911,SA-DISP-L08
U-00911,SA-ENC-L03
U-00912,SA-PCBA-L09
U-00912,SA-BATT-L09
U-00912,SA-DISP-L06
U-00912,SA-ENC-L06
U-00913,SA-PCBA-L05
U-00913,SA-BATT-L03
U-00913,SA-DISP-L09
U-00913,SA-ENC-L08
U-00914,SA-PCBA-L15
U-00914,SA-BATT-L06
U-00914,SA-DISP-L02
U-00914,SA-ENC-L01
U-00915,SA-PCBA-L19
U-00915,SA-BATT-L05
U-00915,SA-DISP-L06
U-00915,SA-ENC-L07
U-00916,SA-PCBA-L11
U-00916,SA-BATT-L03
U-00916,SA-DISP-L05
U-00916,SA-ENC-L02
U-00917,SA-PCBA-L09
U-00917,SA-BATT-L10
U-00917,SA-DISP-L08
U-00917,SA-ENC-L04
U-00918,SA-PCBA-L02
U-00918,SA-BATT-L03
U-00918,SA-DISP-L09
U-00918,SA-ENC-L08
U-00919,SA-PCBA-L16
U-00919,SA-BATT-L06
U-00919,SA-DISP-L05
U-00919,SA-ENC-L06
U-00920,SA-PCBA-L09
U-00920,SA-BATT-L02
U-00920,SA-DISP-L09
U-00920,SA-ENC-L07
U-00921,SA-PCBA-L16
U-00921,SA-BATT-L06
U-00921,SA-DISP-L03
U-00921,SA-ENC-L01
U-00922,SA-PCBA-L17
U-00922,SA-BATT-L01
U-00922,SA-DISP-L10
U-00922,SA-ENC-L05
U-00923,SA-PCBA-L01
U-00923,SA-BATT-L08
U-00923,SA-DISP-L10
U-00923,SA-ENC-L08
U-00924,SA-PCBA-L06
U-00924,SA-BATT-L02
U-00924,SA-DISP-L07
U-00924,SA-ENC-L02
U-00925,SA-PCBA-L01
U-00925,SA-BATT-L06
U-00925,SA-DISP-L06
U-00925,SA-ENC-L03
U-00926,SA-PCBA-L03
U-00926,SA-BATT-L04
U-00926,SA-DISP-L09
U-00926,SA-ENC-L03
U-00927,SA-PCBA-L01
U-00927,SA-BATT-L05
U-00927,SA-DISP-L05
U-00927,SA-ENC-L06
U-00928,SA-PCBA-L03
U-00928,SA-BATT-L03
U-00928,SA-DISP-L06
U-00928,SA-ENC-L01
U-00929,SA-PCBA-L10
U-00929,SA-BATT-L04
U-00929,SA-DISP-L03
U-00929,SA-ENC-L05
U-00930,SA-PCBA-L07
U-00930,SA-BATT-L03
U-00930,SA-DISP-L05
U-00930,SA-ENC-L05
U-00931,SA-PCBA-L06
U-00931,SA-BATT-L01
U-00931,SA-DISP-L10
U-00931,SA-ENC-L07
U-00932,SA-PCBA-L07
U-00932,SA-BATT-L06
U-00932,SA-DISP-L09
U-00932,SA-ENC-L05
U-00933,SA-PCBA-L06
U-00933,SA-BATT-L08
U-00933,SA-DISP-L03
U-00933,SA-ENC-L08
U-00934,SA-PCBA-L07
U-00934,SA-BATT-L07
U-00934,SA-DISP-L08
U-00934,SA-ENC-L06
U-00935,SA-PCBA-L18
U-00935,SA-BATT-L10
U-00935,SA-DISP-L08
U-00935,SA-ENC-L07
U-00936,SA-PCBA-L10
U-00936,SA-BATT-L09
U-00936,SA-DISP-L02
U-00936,SA-ENC-L07
U-00937,SA-PCBA-L17
U-00937,SA-BATT-L04
U-00937,SA-DISP-L10
U-00937,SA-ENC-L03
U-00938,SA-PCBA-L15
U-00938,SA-BATT-L07
U-00938,SA-DISP-L03
U-00938,SA-ENC-L08
U-00939,SA-PCBA-L10
U-00939,SA-BATT-L03
U-00939,SA-DISP-L09
U-00939,SA-ENC-L06
U-00940,SA-PCBA-L08
U-00940,SA-BATT-L02
U-00940,SA-DISP-L07
U-00940,SA-ENC-L03
U-00941,SA-PCBA-L20
U-00941,SA-BATT-L07
U-00941,SA-DISP-L09
U-00941,SA-ENC-L02
U-00942,SA-PCBA-L12
U-00942,SA-BATT-L06
U-00942,SA-DISP-L06
U-00942,SA-ENC-L01
U-00943,SA-PCBA-L13
U-00943,SA-BATT-L07
U-00943,SA-DISP-L03
U-00943,SA-ENC-L07
U-00944,SA-PCBA-L07
U-00944,SA-BATT-L07
U-00944,SA-DISP-L09
U-00944,SA-ENC-L02
U-00945,SA-PCBA-L05
U-00945,SA-BATT-L10
U-00945,SA-DISP-L09
U-00945,SA-ENC-L07
U-00946,SA-PCBA-L04
U-00946,SA-BATT-L10
U-00946,SA-DISP-L08
U-00946,SA-ENC-L06
U-00947,SA-PCBA-L13
U-00947,SA-BATT-L02
U-00947,SA-DISP-L03
U-00947,SA-ENC-L01
U-00948,SA-PCBA-L04
U-00948,SA-BATT-L08
U-00948,SA-DISP-L08
U-00948,SA-ENC-L06
U-00949,SA-PCBA-L11
U-00949,SA-BATT-L03
U-00949,SA-DISP-L05
U-00949,SA-ENC-L06
U-00950,SA-PCBA-L08
U-00950,SA-BATT-L03
U-00950,SA-DISP-L02
U-00950,SA-ENC-L02
U-00951,SA-PCBA-L17
U-00951,SA-BATT-L10
U-00951,SA-DISP-L08
U-00951,SA-ENC-L01
U-00952,SA-PCBA-L10
U-00952,SA-BATT-L07
U-00952,SA-DISP-L07
U-00952,SA-ENC-L01
U-00953,SA-PCBA-L09
U-00953,SA-BATT-L05
U-00953,SA-DISP-L10
U-00953,SA-ENC-L04
U-00954,SA-PCBA-L02
U-00954,SA-BATT-L10
U-00954,SA-DISP-L07
U-00954,SA-ENC-L03
U-00955,SA-PCBA-L20
U-00955,SA-BATT-L06
U-00955,SA-DISP-L02
U-00955,SA-ENC-L04
U-00956,SA-PCBA-L18
U-00956,SA-BATT-L07
U-00956,SA-DISP-L08
U-00956,SA-ENC-L01
U-00957,SA-PCBA-L06
U-00957,SA-BATT-L07
U-00957,SA-DISP-L05
U-00957,SA-ENC-L07
U-00958,SA-PCBA-L12
U-00958,SA-BATT-L05
U-00958,SA-DISP-L05
U-00958,SA-ENC-L06
U-00959,SA-PCBA-L18
U-00959,SA-BATT-L08
U-00959,SA-DISP-L04
U-00959,SA-ENC-L07
U-00960,SA-PCBA-L12
U-00960,SA-BATT-L03
U-00960,SA-DISP-L03
U-00960,SA-ENC-L07
U-00961,SA-PCBA-L11
U-00961,SA-BATT-L09
U-00961,SA-DISP-L09
U-00961,SA-ENC-L07
U-00962,SA-PCBA-L10
U-00962,SA-BATT-L01
U-00962,SA-DISP-L09
U-00962,SA-ENC-L06
U-00963,SA-PCBA-L14
U-00963,SA-BATT-L04
U-00963,SA-DISP-L01
U-00963,SA-ENC-L04
U-00964,SA-PCBA-L16
U-00964,SA-BATT-L02
U-00964,SA-DISP-L06
U-00964,SA-ENC-L01
U-00965,SA-PCBA-L06
U-00965,SA-BATT-L08
U-00965,SA-DISP-L04
U-00965,SA-ENC-L06
U-00966,SA-PCBA-L06
U-00966,SA-BATT-L08
U-00966,SA-DISP-L09
U-00966,SA-ENC-L02
U-00967,SA-PCBA-L02
U-00967,SA-BATT-L07
U-00967,SA-DISP-L09
U-00967,SA-ENC-L08
U-00968,SA-PCBA-L01
U-00968,SA-BATT-L08
U-00968,SA-DISP-L08
U-00968,SA-ENC-L01
U-00969,SA-PCBA-L15
U-00969,SA-BATT-L07
U-00969,SA-DISP-L02
U-00969,SA-ENC-L02
U-00970,SA-PCBA-L16
U-00970,SA-BATT-L04
U-00970,SA-DISP-L05
U-00970,SA-ENC-L02
U-00971,SA-PCBA-L11
U-00971,SA-BATT-L08
U-00971,SA-DISP-L05
U-00971,SA-ENC-L05
U-00972,SA-PCBA-L10
U-00972,SA-BATT-L03
U-00972,SA-DISP-L10
U-00972,SA-ENC-L05
U-00973,SA-PCBA-L01
U-00973,SA-BATT-L04
U-00973,SA-DISP-L10
U-00973,SA-ENC-L05
U-00974,SA-PCBA-L05
U-00974,SA-BATT-L10
U-00974,SA-DISP-L09
U-00974,SA-ENC-L06
U-00975,SA-PCBA-L08
U-00975,SA-BATT-L05
U-00975,SA-DISP-L04
U-00975,SA-ENC-L04
U-00976,SA-PCBA-L01
U-00976,SA-BATT-L09
U-00976,SA-DISP-L04
U-00976,SA-ENC-L04
U-00977,SA-PCBA-L03
U-00977,SA-BATT-L01
U-00977,SA-DISP-L08
U-00977,SA-ENC-L04
U-00978,SA-PCBA-L11
U-00978,SA-BATT-L09
U-00978,SA-DISP-L05
U-00978,SA-ENC-L02
U-00979,SA-PCBA-L19
U-00979,SA-BATT-L08
U-00979,SA-DISP-L08
U-00979,SA-ENC-L02
U-00980,SA-PCBA-L08
U-00980,SA-BATT-L10
U-00980,SA-DISP-L08
U-00980,SA-ENC-L05
U-00981,SA-PCBA-L20
U-00981,SA-BATT-L08
U-00981,SA-DISP-L01
U-00981,SA-ENC-L05
U-00982,SA-PCBA-L10
U-00982,SA-BATT-L05
U-00982,SA-DISP-L09
U-00982,SA-ENC-L04
U-00983,SA-PCBA-L01
U-00983,SA-BATT-L06
U-00983,SA-DISP-L09
U-00983,SA-ENC-L08
U-00984,SA-PCBA-L06
U-00984,SA-BATT-L04
U-00984,SA-DISP-L02
U-00984,SA-ENC-L04
U-00985,SA-PCBA-L06
U-00985,SA-BATT-L06
U-00985,SA-DISP-L03
U-00985,SA-ENC-L04
U-00986,SA-PCBA-L20
U-00986,SA-BATT-L07
U-00986,SA-DISP-L05
U-00986,SA-ENC-L04
U-00987,SA-PCBA-L11
U-00987,SA-BATT-L08
U-00987,SA-DISP-L05
U-00987,SA-ENC-L07
U-00988,SA-PCBA-L09
U-00988,SA-BATT-L01
U-00988,SA-DISP-L04
U-00988,SA-ENC-L04
U-00989,SA-PCBA-L08
U-00989,SA-BATT-L10
U-00989,SA-DISP-L09
U-00989,SA-ENC-L08
U-00990,SA-PCBA-L16
U-00990,SA-BATT-L08
U-00990,SA-DISP-L04
U-00990,SA-ENC-L05
U-00991,SA-PCBA-L04
U-00991,SA-BATT-L08
U-00991,SA-DISP-L03
U-00991,SA-ENC-L02
U-00992,SA-PCBA-L03
U-00992,SA-BATT-L08
U-00992,SA-DISP-L04
U-00992,SA-ENC-L06
U-00993,SA-PCBA-L12
U-00993,SA-BATT-L08
U-00993,SA-DISP-L04
U-00993,SA-ENC-L03
U-00994,SA-PCBA-L06
U-00994,SA-BATT-L02
U-00994,SA-DISP-L07
U-00994,SA-ENC-L07
U-00995,SA-PCBA-L20
U-00995,SA-BATT-L06
U-00995,SA-DISP-L09
U-00995,SA-ENC-L08
U-00996,SA-PCBA-L06
U-00996,SA-BATT-L09
U-00996,SA-DISP-L02
U-00996,SA-ENC-L08
U-00997,SA-PCBA-L13
U-00997,SA-BATT-L02
U-00997,SA-DISP-L03
U-00997,SA-ENC-L06
U-00998,SA-PCBA-L13
U-00998,SA-BATT-L01
U-00998,SA-DISP-L01
U-00998,SA-ENC-L04
U-00999,SA-PCBA-L12
U-00999,SA-BATT-L10
U-00999,SA-DISP-L03
U-00999,SA-ENC-L04
U-01000,SA-PCBA-L13
U-01000,SA-BATT-L06
U-01000,SA-DISP-L04
U-01000,SA-ENC-L04
U-01001,SA-PCBA-L04
U-01001,SA-BATT-L07
U-01001,SA-DISP-L01
U-01001,SA-ENC-L08
U-01002,SA-PCBA-L19
U-01002,SA-BATT-L02
U-01002,SA-DISP-L02
U-01002,SA-ENC-L03
U-01003,SA-PCBA-L14
U-01003,SA-BATT-L04
U-01003,SA-DISP-L04
U-01003,SA-ENC-L02
U-01004,SA-PCBA-L13
U-01004,SA-BATT-L02
U-01004,SA-DISP-L06
U-01004,SA-ENC-L06
U-01005,SA-PCBA-L13
U-01005,SA-BATT-L08
U-01005,SA-DISP-L01
U-01005,SA-ENC-L05
U-01006,SA-PCBA-L06
U-01006,SA-BATT-L08
U-01006,SA-DISP-L01
U-01006,SA-ENC-L01
U-01007,SA-PCBA-L06
U-01007,SA-BATT-L03
U-01007,SA-DISP-L09
U-01007,SA-ENC-L03
U-01008,SA-PCBA-L12
U-01008,SA-BATT-L05
U-01008,SA-DISP-L10
U-01008,SA-ENC-L06
U-01009,SA-PCBA-L02
U-01009,SA-BATT-L09
U-01009,SA-DISP-L07
U-01009,SA-ENC-L03
U-01010,SA-PCBA-L15
U-01010,SA-BATT-L07
U-01010,SA-DISP-L09
U-01010,SA-ENC-L08
U-01011,SA-PCBA-L12
U-01011,SA-BATT-L10
U-01011,SA-DISP-L02
U-01011,SA-ENC-L08
U-01012,SA-PCBA-L04
U-01012,SA-BATT-L07
U-01012,SA-DISP-L05
U-01012,SA-ENC-L02
U-01013,SA-PCBA-L17
U-01013,SA-BATT-L09
U-01013,SA-DISP-L10
U-01013,SA-ENC-L05
U-01014,SA-PCBA-L02
U-01014,SA-BATT-L04
U-01014,SA-DISP-L03
U-01014,SA-ENC-L01
U-01015,SA-PCBA-L12
U-01015,SA-BATT-L04
U-01015,SA-DISP-L10
U-01015,SA-ENC-L07
U-01016,SA-PCBA-L11
U-01016,SA-BATT-L03
U-01016,SA-DISP-L05
U-01016,SA-ENC-L06
U-01017,SA-PCBA-L14
U-01017,SA-BATT-L01
U-01017,SA-DISP-L09
U-01017,SA-ENC-L03
U-01018,SA-PCBA-L14
U-01018,SA-BATT-L09
U-01018,SA-DISP-L02
U-01018,SA-ENC-L03
U-01019,SA-PCBA-L08
U-01019,SA-BATT-L06
U-01019,SA-DISP-L09
U-01019,SA-ENC-L03
U-01020,SA-PCBA-L14
U-01020,SA-BATT-L03
U-01020,SA-DISP-L02
U-01020,SA-ENC-L03
U-01021,SA-PCBA-L10
U-01021,SA-BATT-L07
U-01021,SA-DISP-L09
U-01021,SA-ENC-L07
U-01022,SA-PCBA-L07
U-01022,SA-BATT-L10
U-01022,SA-DISP-L10
U-01022,SA-ENC-L02
U-01023,SA-PCBA-L13
U-01023,SA-BATT-L10
U-01023,SA-DISP-L04
U-01023,SA-ENC-L04
U-01024,SA-PCBA-L05
U-01024,SA-BATT-L04
U-01024,SA-DISP-L08
U-01024,SA-ENC-L03
U-01025,SA-PCBA-L15
U-01025,SA-BATT-L05
U-01025,SA-DISP-L02
U-01025,SA-ENC-L08
U-01026,SA-PCBA-L04
U-01026,SA-BATT-L08
U-01026,SA-DISP-L07
U-01026,SA-ENC-L03
U-01027,SA-PCBA-L20
U-01027,SA-BATT-L06
U-01027,SA-DISP-L04
U-01027,SA-ENC-L08
U-01028,SA-PCBA-L17
U-01028,SA-BATT-L06
U-01028,SA-DISP-L07
U-01028,SA-ENC-L05
U-01029,SA-PCBA-L09
U-01029,SA-BATT-L02
U-01029,SA-DISP-L08
U-01029,SA-ENC-L07
U-01030,SA-PCBA-L04
U-01030,SA-BATT-L02
U-01030,SA-DISP-L04
U-01030,SA-ENC-L06
U-01031,SA-PCBA-L17
U-01031,SA-BATT-L01
U-01031,SA-DISP-L07
U-01031,SA-ENC-L07
U-01032,SA-PCBA-L18
U-01032,SA-BATT-L05
U-01032,SA-DISP-L06
U-01032,SA-ENC-L06
U-01033,SA-PCBA-L06
U-01033,SA-BATT-L04
U-01033,SA-DISP-L09
U-01033,SA-ENC-L06
U-01034,SA-PCBA-L18
U-01034,SA-BATT-L04
U-01034,SA-DISP-L06
U-01034,SA-ENC-L05
U-01035,SA-PCBA-L11
U-01035,SA-BATT-L08
U-01035,SA-DISP-L06
U-01035,SA-ENC-L06
U-01036,SA-PCBA-L17
U-01036,SA-BATT-L09
U-01036,SA-DISP-L05
U-01036,SA-ENC-L03
U-01037,SA-PCBA-L18
U-01037,SA-BATT-L06
U-01037,SA-DISP-L07
U-01037,SA-ENC-L03
U-01038,SA-PCBA-L10
U-01038,SA-BATT-L09
U-01038,SA-DISP-L03
U-01038,SA-ENC-L05
U-01039,SA-PCBA-L06
U-01039,SA-BATT-L01
U-01039,SA-DISP-L05
U-01039,SA-ENC-L04
U-01040,SA-PCBA-L17
U-01040,SA-BATT-L03
U-01040,SA-DISP-L09
U-01040,SA-ENC-L07
U-01041,SA-PCBA-L12
U-01041,SA-BATT-L04
U-01041,SA-DISP-L06
U-01041,SA-ENC-L06
U-01042,SA-PCBA-L16
U-01042,SA-BATT-L09
U-01042,SA-DISP-L06
U-01042,SA-ENC-L02
U-01043,SA-PCBA-L20
U-01043,SA-BATT-L08
U-01043,SA-DISP-L08
U-01043,SA-ENC-L07
U-01044,SA-PCBA-L03
U-01044,SA-BATT-L06
U-01044,SA-DISP-L02
U-01044,SA-ENC-L05
U-01045,SA-PCBA-L07
U-01045,SA-BATT-L08
U-01045,SA-DISP-L05
U-01045,SA-ENC-L05
U-01046,SA-PCBA-L11
U-01046,SA-BATT-L01
U-01046,SA-DISP-L10
U-01046,SA-ENC-L01
U-01047,SA-PCBA-L10
U-01047,SA-BATT-L10
U-01047,SA-DISP-L03
U-01047,SA-ENC-L03
U-01048,SA-PCBA-L14
U-01048,SA-BATT-L07
U-01048,SA-DISP-L08
U-01048,SA-ENC-L03
U-01049,SA-PCBA-L11
U-01049,SA-BATT-L07
U-01049,SA-DISP-L04
U-01049,SA-ENC-L04
U-01050,SA-PCBA-L02
U-01050,SA-BATT-L09
U-01050,SA-DISP-L01
U-01050,SA-ENC-L06
U-01051,SA-PCBA-L19
U-01051,SA-BATT-L06
U-01051,SA-DISP-L02
U-01051,SA-ENC-L03
U-01052,SA-PCBA-L14
U-01052,SA-BATT-L10
U-01052,SA-DISP-L03
U-01052,SA-ENC-L08
U-01053,SA-PCBA-L04
U-01053,SA-BATT-L05
U-01053,SA-DISP-L05
U-01053,SA-ENC-L02
U-01054,SA-PCBA-L11
U-01054,SA-BATT-L08
U-01054,SA-DISP-L09
U-01054,SA-ENC-L07
U-01055,SA-PCBA-L07
U-01055,SA-BATT-L07
U-01055,SA-DISP-L01
U-01055,SA-ENC-L06
U-01056,SA-PCBA-L19
U-01056,SA-BATT-L10
U-01056,SA-DISP-L09
U-01056,SA-ENC-L07
U-01057,SA-PCBA-L14
U-01057,SA-BATT-L07
U-01057,SA-DISP-L07
U-01057,SA-ENC-L07
U-01058,SA-PCBA-L02
U-01058,SA-BATT-L09
U-01058,SA-DISP-L01
U-01058,SA-ENC-L04
U-01059,SA-PCBA-L12
U-01059,SA-BATT-L07
U-01059,SA-DISP-L04
U-01059,SA-ENC-L06
U-01060,SA-PCBA-L08
U-01060,SA-BATT-L02
U-01060,SA-DISP-L08
U-01060,SA-ENC-L03
U-01061,SA-PCBA-L02
U-01061,SA-BATT-L07
U-01061,SA-DISP-L04
U-01061,SA-ENC-L02
U-01062,SA-PCBA-L13
U-01062,SA-BATT-L01
U-01062,SA-DISP-L03
U-01062,SA-ENC-L03
U-01063,SA-PCBA-L14
U-01063,SA-BATT-L01
U-01063,SA-DISP-L07
U-01063,SA-ENC-L07
U-01064,SA-PCBA-L02
U-01064,SA-BATT-L08
U-01064,SA-DISP-L03
U-01064,SA-ENC-L04
U-01065,SA-PCBA-L13
U-01065,SA-BATT-L05
U-01065,SA-DISP-L09
U-01065,SA-ENC-L05
U-01066,SA-PCBA-L19
U-01066,SA-BATT-L04
U-01066,SA-DISP-L03
U-01066,SA-ENC-L01
U-01067,SA-PCBA-L10
U-01067,SA-BATT-L07
U-01067,SA-DISP-L10
U-01067,SA-ENC-L06
U-01068,SA-PCBA-L01
U-01068,SA-BATT-L03
U-01068,SA-DISP-L06
U-01068,SA-ENC-L05
U-01069,SA-PCBA-L03
U-01069,SA-BATT-L04
U-01069,SA-DISP-L03
U-01069,SA-ENC-L04
U-01070,SA-PCBA-L18
U-01070,SA-BATT-L03
U-01070,SA-DISP-L03
U-01070,SA-ENC-L06
U-01071,SA-PCBA-L06
U-01071,SA-BATT-L02
U-01071,SA-DISP-L04
U-01071,SA-ENC-L01
U-01072,SA-PCBA-L03
U-01072,SA-BATT-L01
U-01072,SA-DISP-L08
U-01072,SA-ENC-L07
U-01073,SA-PCBA-L15
U-01073,SA-BATT-L08
U-01073,SA-DISP-L03
U-01073,SA-ENC-L08
U-01074,SA-PCBA-L05
U-01074,SA-BATT-L01
U-01074,SA-DISP-L08
U-01074,SA-ENC-L07
U-01075,SA-PCBA-L14
U-01075,SA-BATT-L08
U-01075,SA-DISP-L08
U-01075,SA-ENC-L08
U-01076,SA-PCBA-L08
U-01076,SA-BATT-L10
U-01076,SA-DISP-L04
U-01076,SA-ENC-L06
U-01077,SA-PCBA-L19
U-01077,SA-BATT-L02
U-01077,SA-DISP-L09
U-01077,SA-ENC-L08
U-01078,SA-PCBA-L16
U-01078,SA-BATT-L09
U-01078,SA-DISP-L07
U-01078,SA-ENC-L03
U-01079,SA-PCBA-L16
U-01079,SA-BATT-L10
U-01079,SA-DISP-L04
U-01079,SA-ENC-L03
U-01080,SA-PCBA-L17
U-01080,SA-BATT-L01
U-01080,SA-DISP-L02
U-01080,SA-ENC-L02
U-01081,SA-PCBA-L07
U-01081,SA-BATT-L03
U-01081,SA-DISP-L04
U-01081,SA-ENC-L05
U-01082,SA-PCBA-L04
U-01082,SA-BATT-L09
U-01082,SA-DISP-L03
U-01082,SA-ENC-L03
U-01083,SA-PCBA-L08
U-01083,SA-BATT-L02
U-01083,SA-DISP-L03
U-01083,SA-ENC-L08
U-01084,SA-PCBA-L12
U-01084,SA-BATT-L08
U-01084,SA-DISP-L10
U-01084,SA-ENC-L03
U-01085,SA-PCBA-L12
U-01085,SA-BATT-L07
U-01085,SA-DISP-L03
U-01085,SA-ENC-L02
U-01086,SA-PCBA-L14
U-01086,SA-BATT-L10
U-01086,SA-DISP-L08
U-01086,SA-ENC-L01
U-01087,SA-PCBA-L01
U-01087,SA-BATT-L08
U-01087,SA-DISP-L06
U-01087,SA-ENC-L03
U-01088,SA-PCBA-L03
U-01088,SA-BATT-L06
U-01088,SA-DISP-L09
U-01088,SA-ENC-L01
U-01089,SA-PCBA-L13
U-01089,SA-BATT-L01
U-01089,SA-DISP-L05
U-01089,SA-ENC-L07
U-01090,SA-PCBA-L09
U-01090,SA-BATT-L09
U-01090,SA-DISP-L04
U-01090,SA-ENC-L08
U-01091,SA-PCBA-L04
U-01091,SA-BATT-L04
U-01091,SA-DISP-L02
U-01091,SA-ENC-L03
U-01092,SA-PCBA-L20
U-01092,SA-BATT-L02
U-01092,SA-DISP-L03
U-01092,SA-ENC-L08
U-01093,SA-PCBA-L07
U-01093,SA-BATT-L02
U-01093,SA-DISP-L02
U-01093,SA-ENC-L01
U-01094,SA-PCBA-L07
U-01094,SA-BATT-L08
U-01094,SA-DISP-L10
U-01094,SA-ENC-L03
U-01095,SA-PCBA-L11
U-01095,SA-BATT-L03
U-01095,SA-DISP-L09
U-01095,SA-ENC-L04
U-01096,SA-PCBA-L19
U-01096,SA-BATT-L05
U-01096,SA-DISP-L10
U-01096,SA-ENC-L07
U-01097,SA-PCBA-L10
U-01097,SA-BATT-L03
U-01097,SA-DISP-L02
U-01097,SA-ENC-L01
U-01098,SA-PCBA-L01
U-01098,SA-BATT-L02
U-01098,SA-DISP-L06
U-01098,SA-ENC-L06
U-01099,SA-PCBA-L12
U-01099,SA-BATT-L08
U-01099,SA-DISP-L05
U-01099,SA-ENC-L08
U-01100,SA-PCBA-L11
U-01100,SA-BATT-L07
U-01100,SA-DISP-L08
U-01100,SA-ENC-L08
U-01101,SA-PCBA-L05
U-01101,SA-BATT-L07
U-01101,SA-DISP-L06
U-01101,SA-ENC-L01
U-01102,SA-PCBA-L11
U-01102,SA-BATT-L04
U-01102,SA-DISP-L01
U-01102,SA-ENC-L08
U-01103,SA-PCBA-L14
U-01103,SA-BATT-L07
U-01103,SA-DISP-L03
U-01103,SA-ENC-L08
U-01104,SA-PCBA-L10
U-01104,SA-BATT-L09
U-01104,SA-DISP-L08
U-01104,SA-ENC-L04
U-01105,SA-PCBA-L20
U-01105,SA-BATT-L02
U-01105,SA-DISP-L10
U-01105,SA-ENC-L03
U-01106,SA-PCBA-L14
U-01106,SA-BATT-L04
U-01106,SA-DISP-L04
U-01106,SA-ENC-L06
U-01107,SA-PCBA-L07
U-01107,SA-BATT-L03
U-01107,SA-DISP-L06
U-01107,SA-ENC-L04
U-01108,SA-PCBA-L17
U-01108,SA-BATT-L02
U-01108,SA-DISP-L07
U-01108,SA-ENC-L03
U-01109,SA-PCBA-L05
U-01109,SA-BATT-L06
U-01109,SA-DISP-L01
U-01109,SA-ENC-L08
U-01110,SA-PCBA-L20
U-01110,SA-BATT-L09
U-01110,SA-DISP-L04
U-01110,SA-ENC-L04
U-01111,SA-PCBA-L13
U-01111,SA-BATT-L07
U-01111,SA-DISP-L01
U-01111,SA-ENC-L05
U-01112,SA-PCBA-L18
U-01112,SA-BATT-L07
U-01112,SA-DISP-L09
U-01112,SA-ENC-L03
U-01113,SA-PCBA-L10
U-01113,SA-BATT-L03
U-01113,SA-DISP-L10
U-01113,SA-ENC-L03
U-01114,SA-PCBA-L18
U-01114,SA-BATT-L01
U-01114,SA-DISP-L07
U-01114,SA-ENC-L06
U-01115,SA-PCBA-L20
U-01115,SA-BATT-L01
U-01115,SA-DISP-L03
U-01115,SA-ENC-L08
U-01116,SA-PCBA-L11
U-01116,SA-BATT-L02
U-01116,SA-DISP-L07
U-01116,SA-ENC-L06
U-01117,SA-PCBA-L08
U-01117,SA-BATT-L08
U-01117,SA-DISP-L03
U-01117,SA-ENC-L02
U-01118,SA-PCBA-L16
U-01118,SA-BATT-L01
U-01118,SA-DISP-L01
U-01118,SA-ENC-L04
U-01119,SA-PCBA-L01
U-01119,SA-BATT-L09
U-01119,SA-DISP-L05
U-01119,SA-ENC-L08
U-01120,SA-PCBA-L19
U-01120,SA-BATT-L08
U-01120,SA-DISP-L01
U-01120,SA-ENC-L06
U-01121,SA-PCBA-L20
U-01121,SA-BATT-L05
U-01121,SA-DISP-L05
U-01121,SA-ENC-L06
U-01122,SA-PCBA-L10
U-01122,SA-BATT-L08
U-01122,SA-DISP-L01
U-01122,SA-ENC-L08
U-01123,SA-PCBA-L08
U-01123,SA-BATT-L10
U-01123,SA-DISP-L05
U-01123,SA-ENC-L04
U-01124,SA-PCBA-L07
U-01124,SA-BATT-L09
U-01124,SA-DISP-L01
U-01124,SA-ENC-L05
U-01125,SA-PCBA-L15
U-01125,SA-BATT-L07
U-01125,SA-DISP-L10
U-01125,SA-ENC-L03
U-01126,SA-PCBA-L02
U-01126,SA-BATT-L01
U-01126,SA-DISP-L05
U-01126,SA-ENC-L01
U-01127,SA-PCBA-L17
U-01127,SA-BATT-L06
U-01127,SA-DISP-L02
U-01127,SA-ENC-L05
U-01128,SA-PCBA-L04
U-01128,SA-BATT-L01
U-01128,SA-DISP-L08
U-01128,SA-ENC-L03
U-01129,SA-PCBA-L06
U-01129,SA-BATT-L04
U-01129,SA-DISP-L02
U-01129,SA-ENC-L07
U-01130,SA-PCBA-L03
U-01130,SA-BATT-L05
U-01130,SA-DISP-L05
U-01130,SA-ENC-L08
U-01131,SA-PCBA-L02
U-01131,SA-BATT-L10
U-01131,SA-DISP-L07
U-01131,SA-ENC-L08
U-01132,SA-PCBA-L18
U-01132,SA-BATT-L03
U-01132,SA-DISP-L06
U-01132,SA-ENC-L06
U-01133,SA-PCBA-L12
U-01133,SA-BATT-L05
U-01133,SA-DISP-L03
U-01133,SA-ENC-L08
U-01134,SA-PCBA-L15
U-01134,SA-BATT-L08
U-01134,SA-DISP-L09
U-01134,SA-ENC-L03
U-01135,SA-PCBA-L05
U-01135,SA-BATT-L04
U-01135,SA-DISP-L07
U-01135,SA-ENC-L02
U-01136,SA-PCBA-L10
U-01136,SA-BATT-L06
U-01136,SA-DISP-L08
U-01136,SA-ENC-L02
U-01137,SA-PCBA-L04
U-01137,SA-BATT-L04
U-01137,SA-DISP-L08
U-01137,SA-ENC-L03
U-01138,SA-PCBA-L08
U-01138,SA-BATT-L07
U-01138,SA-DISP-L05
U-01138,SA-ENC-L04
U-01139,SA-PCBA-L03
U-01139,SA-BATT-L05
U-01139,SA-DISP-L08
U-01139,SA-ENC-L02
U-01140,SA-PCBA-L20
U-01140,SA-BATT-L10
U-01140,SA-DISP-L08
U-01140,SA-ENC-L01
U-01141,SA-PCBA-L18
U-01141,SA-BATT-L02
U-01141,SA-DISP-L07
U-01141,SA-ENC-L06
U-01142,SA-PCBA-L19
U-01142,SA-BATT-L05
U-01142,SA-DISP-L09
U-01142,SA-ENC-L02
U-01143,SA-PCBA-L16
U-01143,SA-BATT-L01
U-01143,SA-DISP-L06
U-01143,SA-ENC-L05
U-01144,SA-PCBA-L20
U-01144,SA-BATT-L08
U-01144,SA-DISP-L02
U-01144,SA-ENC-L03
U-01145,SA-PCBA-L06
U-01145,SA-BATT-L08
U-01145,SA-DISP-L05
U-01145,SA-ENC-L03
U-01146,SA-PCBA-L16
U-01146,SA-BATT-L03
U-01146,SA-DISP-L07
U-01146,SA-ENC-L01
U-01147,SA-PCBA-L04
U-01147,SA-BATT-L03
U-01147,SA-DISP-L03
U-01147,SA-ENC-L03
U-01148,SA-PCBA-L20
U-01148,SA-BATT-L06
U-01148,SA-DISP-L09
U-01148,SA-ENC-L02
U-01149,SA-PCBA-L16
U-01149,SA-BATT-L07
U-01149,SA-DISP-L09
U-01149,SA-ENC-L04
U-01150,SA-PCBA-L18
U-01150,SA-BATT-L06
U-01150,SA-DISP-L09
U-01150,SA-ENC-L05
U-01151,SA-PCBA-L16
U-01151,SA-BATT-L01
U-01151,SA-DISP-L06
U-01151,SA-ENC-L01
U-01152,SA-PCBA-L08
U-01152,SA-BATT-L08
U-01152,SA-DISP-L04
U-01152,SA-ENC-L04
U-01153,SA-PCBA-L06
U-01153,SA-BATT-L03
U-01153,SA-DISP-L09
U-01153,SA-ENC-L03
U-01154,SA-PCBA-L12
U-01154,SA-BATT-L04
U-01154,SA-DISP-L05
U-01154,SA-ENC-L07
U-01155,SA-PCBA-L13
U-01155,SA-BATT-L08
U-01155,SA-DISP-L10
U-01155,SA-ENC-L04
U-01156,SA-PCBA-L03
U-01156,SA-BATT-L07
U-01156,SA-DISP-L10
U-01156,SA-ENC-L01
U-01157,SA-PCBA-L10
U-01157,SA-BATT-L09
U-01157,SA-DISP-L10
U-01157,SA-ENC-L06
U-01158,SA-PCBA-L18
U-01158,SA-BATT-L10
U-01158,SA-DISP-L10
U-01158,SA-ENC-L03
U-01159,SA-PCBA-L20
U-01159,SA-BATT-L09
U-01159,SA-DISP-L04
U-01159,SA-ENC-L06
U-01160,SA-PCBA-L17
U-01160,SA-BATT-L07
U-01160,SA-DISP-L05
U-01160,SA-ENC-L05
U-01161,SA-PCBA-L11
U-01161,SA-BATT-L04
U-01161,SA-DISP-L08
U-01161,SA-ENC-L03
U-01162,SA-PCBA-L06
U-01162,SA-BATT-L08
U-01162,SA-DISP-L06
U-01162,SA-ENC-L04
U-01163,SA-PCBA-L04
U-01163,SA-BATT-L07
U-01163,SA-DISP-L09
U-01163,SA-ENC-L07
U-01164,SA-PCBA-L17
U-01164,SA-BATT-L10
U-01164,SA-DISP-L07
U-01164,SA-ENC-L04
U-01165,SA-PCBA-L06
U-01165,SA-BATT-L03
U-01165,SA-DISP-L02
U-01165,SA-ENC-L06
U-01166,SA-PCBA-L04
U-01166,SA-BATT-L07
U-01166,SA-DISP-L04
U-01166,SA-ENC-L01
U-01167,SA-PCBA-L20
U-01167,SA-BATT-L10
U-01167,SA-DISP-L10
U-01167,SA-ENC-L05
U-01168,SA-PCBA-L07
U-01168,SA-BATT-L09
U-01168,SA-DISP-L10
U-01168,SA-ENC-L01
U-01169,SA-PCBA-L08
U-01169,SA-BATT-L04
U-01169,SA-DISP-L08
U-01169,SA-ENC-L03
U-01170,SA-PCBA-L13
U-01170,SA-BATT-L08
U-01170,SA-DISP-L04
U-01170,SA-ENC-L04
U-01171,SA-PCBA-L13
U-01171,SA-BATT-L01
U-01171,SA-DISP-L09
U-01171,SA-ENC-L05
U-01172,SA-PCBA-L15
U-01172,SA-BATT-L10
U-01172,SA-DISP-L04
U-01172,SA-ENC-L06
U-01173,SA-PCBA-L09
U-01173,SA-BATT-L04
U-01173,SA-DISP-L05
U-01173,SA-ENC-L04
U-01174,SA-PCBA-L12
U-01174,SA-BATT-L07
U-01174,SA-DISP-L01
U-01174,SA-ENC-L08
U-01175,SA-PCBA-L16
U-01175,SA-BATT-L03
U-01175,SA-DISP-L03
U-01175,SA-ENC-L04
U-01176,SA-PCBA-L03
U-01176,SA-BATT-L03
U-01176,SA-DISP-L02
U-01176,SA-ENC-L01
U-01177,SA-PCBA-L10
U-01177,SA-BATT-L07
U-01177,SA-DISP-L05
U-01177,SA-ENC-L03
U-01178,SA-PCBA-L06
U-01178,SA-BATT-L04
U-01178,SA-DISP-L01
U-01178,SA-ENC-L04
U-01179,SA-PCBA-L06
U-01179,SA-BATT-L03
U-01179,SA-DISP-L09
U-01179,SA-ENC-L03
U-01180,SA-PCBA-L05
U-01180,SA-BATT-L03
U-01180,SA-DISP-L01
U-01180,SA-ENC-L08
U-01181,SA-PCBA-L06
U-01181,SA-BATT-L10
U-01181,SA-DISP-L01
U-01181,SA-ENC-L02
U-01182,SA-PCBA-L15
U-01182,SA-BATT-L09
U-01182,SA-DISP-L06
U-01182,SA-ENC-L07
U-01183,SA-PCBA-L10
U-01183,SA-BATT-L02
U-01183,SA-DISP-L10
U-01183,SA-ENC-L07
U-01184,SA-PCBA-L05
U-01184,SA-BATT-L08
U-01184,SA-DISP-L10
U-01184,SA-ENC-L03
U-01185,SA-PCBA-L12
U-01185,SA-BATT-L04
U-01185,SA-DISP-L08
U-01185,SA-ENC-L03
U-01186,SA-PCBA-L14
U-01186,SA-BATT-L02
U-01186,SA-DISP-L10
U-01186,SA-ENC-L05
U-01187,SA-PCBA-L06
U-01187,SA-BATT-L01
U-01187,SA-DISP-L02
U-01187,SA-ENC-L03
U-01188,SA-PCBA-L15
U-01188,SA-BATT-L06
U-01188,SA-DISP-L10
U-01188,SA-ENC-L06
U-01189,SA-PCBA-L19
U-01189,SA-BATT-L09
U-01189,SA-DISP-L02
U-01189,SA-ENC-L03
U-01190,SA-PCBA-L03
U-01190,SA-BATT-L10
U-01190,SA-DISP-L07
U-01190,SA-ENC-L05
U-01191,SA-PCBA-L17
U-01191,SA-BATT-L09
U-01191,SA-DISP-L10
U-01191,SA-ENC-L05
U-01192,SA-PCBA-L10
U-01192,SA-BATT-L08
U-01192,SA-DISP-L03
U-01192,SA-ENC-L08
U-01193,SA-PCBA-L19
U-01193,SA-BATT-L09
U-01193,SA-DISP-L09
U-01193,SA-ENC-L06
U-01194,SA-PCBA-L17
U-01194,SA-BATT-L05
U-01194,SA-DISP-L08
U-01194,SA-ENC-L07
U-01195,SA-PCBA-L08
U-01195,SA-BATT-L08
U-01195,SA-DISP-L03
U-01195,SA-ENC-L02
U-01196,SA-PCBA-L06
U-01196,SA-BATT-L10
U-01196,SA-DISP-L08
U-01196,SA-ENC-L02
U-01197,SA-PCBA-L13
U-01197,SA-BATT-L06
U-01197,SA-DISP-L02
U-01197,SA-ENC-L05
U-01198,SA-PCBA-L08
U-01198,SA-BATT-L10
U-01198,SA-DISP-L03
U-01198,SA-ENC-L06
U-01199,SA-PCBA-L06
U-01199,SA-BATT-L09
U-01199,SA-DISP-L07
U-01199,SA-ENC-L08
U-01200,SA-PCBA-L12
U-01200,SA-BATT-L06
U-01200,SA-DISP-L10
U-01200,SA-ENC-L02
U-01201,SA-PCBA-L07
U-01201,SA-BATT-L07
U-01201,SA-DISP-L08
U-01201,SA-ENC-L02
U-01202,SA-PCBA-L06
U-01202,SA-BATT-L09
U-01202,SA-DISP-L02
U-01202,SA-ENC-L08
U-01203,SA-PCBA-L10
U-01203,SA-BATT-L05
U-01203,SA-DISP-L07
U-01203,SA-ENC-L07
U-01204,SA-PCBA-L02
U-01204,SA-BATT-L02
U-01204,SA-DISP-L01
U-01204,SA-ENC-L02
U-01205,SA-PCBA-L08
U-01205,SA-BATT-L08
U-01205,SA-DISP-L07
U-01205,SA-ENC-L07
U-01206,SA-PCBA-L06
U-01206,SA-BATT-L07
U-01206,SA-DISP-L04
U-01206,SA-ENC-L06
U-01207,SA-PCBA-L11
U-01207,SA-BATT-L08
U-01207,SA-DISP-L03
U-01207,SA-ENC-L06
U-01208,SA-PCBA-L14
U-01208,SA-BATT-L02
U-01208,SA-DISP-L08
U-01208,SA-ENC-L06
U-01209,SA-PCBA-L02
U-01209,SA-BATT-L01
U-01209,SA-DISP-L06
U-01209,SA-ENC-L06
U-01210,SA-PCBA-L09
U-01210,SA-BATT-L09
U-01210,SA-DISP-L07
U-01210,SA-ENC-L04
U-01211,SA-PCBA-L01
U-01211,SA-BATT-L07
U-01211,SA-DISP-L10
U-01211,SA-ENC-L02
U-01212,SA-PCBA-L02
U-01212,SA-BATT-L04
U-01212,SA-DISP-L10
U-01212,SA-ENC-L05
U-01213,SA-PCBA-L03
U-01213,SA-BATT-L05
U-01213,SA-DISP-L09
U-01213,SA-ENC-L07
U-01214,SA-PCBA-L18
U-01214,SA-BATT-L05
U-01214,SA-DISP-L02
U-01214,SA-ENC-L04
U-01215,SA-PCBA-L08
U-01215,SA-BATT-L08
U-01215,SA-DISP-L01
U-01215,SA-ENC-L02
U-01216,SA-PCBA-L07
U-01216,SA-BATT-L06
U-01216,SA-DISP-L02
U-01216,SA-ENC-L05
U-01217,SA-PCBA-L10
U-01217,SA-BATT-L02
U-01217,SA-DISP-L05
U-01217,SA-ENC-L03
U-01218,SA-PCBA-L14
U-01218,SA-BATT-L02
U-01218,SA-DISP-L06
U-01218,SA-ENC-L03
U-01219,SA-PCBA-L06
U-01219,SA-BATT-L09
U-01219,SA-DISP-L09
U-01219,SA-ENC-L04
U-01220,SA-PCBA-L13
U-01220,SA-BATT-L04
U-01220,SA-DISP-L03
U-01220,SA-ENC-L04
U-01221,SA-PCBA-L15
U-01221,SA-BATT-L07
U-01221,SA-DISP-L06
U-01221,SA-ENC-L06
U-01222,SA-PCBA-L14
U-01222,SA-BATT-L01
U-01222,SA-DISP-L06
U-01222,SA-ENC-L08
U-01223,SA-PCBA-L11
U-01223,SA-BATT-L02
U-01223,SA-DISP-L10
U-01223,SA-ENC-L01
U-01224,SA-PCBA-L05
U-01224,SA-BATT-L05
U-01224,SA-DISP-L07
U-01224,SA-ENC-L03
U-01225,SA-PCBA-L12
U-01225,SA-BATT-L06
U-01225,SA-DISP-L03
U-01225,SA-ENC-L02
U-01226,SA-PCBA-L11
U-01226,SA-BATT-L02
U-01226,SA-DISP-L03
U-01226,SA-ENC-L04
U-01227,SA-PCBA-L10
U-01227,SA-BATT-L09
U-01227,SA-DISP-L05
U-01227,SA-ENC-L02
U-01228,SA-PCBA-L06
U-01228,SA-BATT-L02
U-01228,SA-DISP-L02
U-01228,SA-ENC-L01
U-01229,SA-PCBA-L18
U-01229,SA-BATT-L04
U-01229,SA-DISP-L02
U-01229,SA-ENC-L06
U-01230,SA-PCBA-L07
U-01230,SA-BATT-L09
U-01230,SA-DISP-L04
U-01230,SA-ENC-L07
U-01231,SA-PCBA-L16
U-01231,SA-BATT-L04
U-01231,SA-DISP-L09
U-01231,SA-ENC-L05
U-01232,SA-PCBA-L17
U-01232,SA-BATT-L05
U-01232,SA-DISP-L10
U-01232,SA-ENC-L08
U-01233,SA-PCBA-L04
U-01233,SA-BATT-L04
U-01233,SA-DISP-L03
U-01233,SA-ENC-L01
U-01234,SA-PCBA-L01
U-01234,SA-BATT-L04
U-01234,SA-DISP-L02
U-01234,SA-ENC-L01
U-01235,SA-PCBA-L13
U-01235,SA-BATT-L09
U-01235,SA-DISP-L05
U-01235,SA-ENC-L08
U-01236,SA-PCBA-L16
U-01236,SA-BATT-L08
U-01236,SA-DISP-L05
U-01236,SA-ENC-L07
U-01237,SA-PCBA-L17
U-01237,SA-BATT-L02
U-01237,SA-DISP-L05
U-01237,SA-ENC-L03
U-01238,SA-PCBA-L08
U-01238,SA-BATT-L08
U-01238,SA-DISP-L04
U-01238,SA-ENC-L05
U-01239,SA-PCBA-L16
U-01239,SA-BATT-L07
U-01239,SA-DISP-L04
U-01239,SA-ENC-L03
U-01240,SA-PCBA-L13
U-01240,SA-BATT-L01
U-01240,SA-DISP-L02
U-01240,SA-ENC-L02
U-01241,SA-PCBA-L13
U-01241,SA-BATT-L09
U-01241,SA-DISP-L07
U-01241,SA-ENC-L06
U-01242,SA-PCBA-L07
U-01242,SA-BATT-L07
U-01242,SA-DISP-L10
U-01242,SA-ENC-L06
U-01243,SA-PCBA-L08
U-01243,SA-BATT-L09
U-01243,SA-DISP-L06
U-01243,SA-ENC-L08
U-01244,SA-PCBA-L02
U-01244,SA-BATT-L04
U-01244,SA-DISP-L08
U-01244,SA-ENC-L07
U-01245,SA-PCBA-L11
U-01245,SA-BATT-L01
U-01245,SA-DISP-L10
U-01245,SA-ENC-L07
U-01246,SA-PCBA-L04
U-01246,SA-BATT-L02
U-01246,SA-DISP-L05
U-01246,SA-ENC-L04
U-01247,SA-PCBA-L11
U-01247,SA-BATT-L02
U-01247,SA-DISP-L02
U-01247,SA-ENC-L04
U-01248,SA-PCBA-L01
U-01248,SA-BATT-L02
U-01248,SA-DISP-L10
U-01248,SA-ENC-L01
U-01249,SA-PCBA-L08
U-01249,SA-BATT-L03
U-01249,SA-DISP-L05
U-01249,SA-ENC-L08
U-01250,SA-PCBA-L10
U-01250,SA-BATT-L07
U-01250,SA-DISP-L03
U-01250,SA-ENC-L02
U-01251,SA-PCBA-L04
U-01251,SA-BATT-L02
U-01251,SA-DISP-L03
U-01251,SA-ENC-L04
U-01252,SA-PCBA-L19
U-01252,SA-BATT-L10
U-01252,SA-DISP-L06
U-01252,SA-ENC-L08
U-01253,SA-PCBA-L09
U-01253,SA-BATT-L06
U-01253,SA-DISP-L05
U-01253,SA-ENC-L04
U-01254,SA-PCBA-L04
U-01254,SA-BATT-L03
U-01254,SA-DISP-L01
U-01254,SA-ENC-L04
U-01255,SA-PCBA-L02
U-01255,SA-BATT-L09
U-01255,SA-DISP-L03
U-01255,SA-ENC-L04
U-01256,SA-PCBA-L18
U-01256,SA-BATT-L02
U-01256,SA-DISP-L05
U-01256,SA-ENC-L05
U-01257,SA-PCBA-L03
U-01257,SA-BATT-L09
U-01257,SA-DISP-L03
U-01257,SA-ENC-L08
U-01258,SA-PCBA-L01
U-01258,SA-BATT-L01
U-01258,SA-DISP-L01
U-01258,SA-ENC-L01
U-01259,SA-PCBA-L19
U-01259,SA-BATT-L02
U-01259,SA-DISP-L02
U-01259,SA-ENC-L04
U-01260,SA-PCBA-L14
U-01260,SA-BATT-L06
U-01260,SA-DISP-L07
U-01260,SA-ENC-L02
U-01261,SA-PCBA-L19
U-01261,SA-BATT-L05
U-01261,SA-DISP-L08
U-01261,SA-ENC-L02
U-01262,SA-PCBA-L15
U-01262,SA-BATT-L01
U-01262,SA-DISP-L01
U-01262,SA-ENC-L01
U-01263,SA-PCBA-L16
U-01263,SA-BATT-L07
U-01263,SA-DISP-L10
U-01263,SA-ENC-L02
U-01264,SA-PCBA-L06
U-01264,SA-BATT-L10
U-01264,SA-DISP-L07
U-01264,SA-ENC-L01
U-01265,SA-PCBA-L20
U-01265,SA-BATT-L06
U-01265,SA-DISP-L01
U-01265,SA-ENC-L03
U-01266,SA-PCBA-L17
U-01266,SA-BATT-L01
U-01266,SA-DISP-L05
U-01266,SA-ENC-L05
U-01267,SA-PCBA-L16
U-01267,SA-BATT-L04
U-01267,SA-DISP-L09
U-01267,SA-ENC-L02
U-01268,SA-PCBA-L20
U-01268,SA-BATT-L10
U-01268,SA-DISP-L05
U-01268,SA-ENC-L07
U-01269,SA-PCBA-L07
U-01269,SA-BATT-L02
U-01269,SA-DISP-L05
U-01269,SA-ENC-L05
U-01270,SA-PCBA-L10
U-01270,SA-BATT-L01
U-01270,SA-DISP-L03
U-01270,SA-ENC-L07
U-01271,SA-PCBA-L03
U-01271,SA-BATT-L08
U-01271,SA-DISP-L07
U-01271,SA-ENC-L05
U-01272,SA-PCBA-L17
U-01272,SA-BATT-L09
U-01272,SA-DISP-L03
U-01272,SA-ENC-L05
U-01273,SA-PCBA-L12
U-01273,SA-BATT-L04
U-01273,SA-DISP-L04
U-01273,SA-ENC-L04
U-01274,SA-PCBA-L05
U-01274,SA-BATT-L02
U-01274,SA-DISP-L02
U-01274,SA-ENC-L02
U-01275,SA-PCBA-L07
U-01275,SA-BATT-L08
U-01275,SA-DISP-L04
U-01275,SA-ENC-L03
U-01276,SA-PCBA-L17
U-01276,SA-BATT-L08
U-01276,SA-DISP-L06
U-01276,SA-ENC-L07
U-01277,SA-PCBA-L01
U-01277,SA-BATT-L10
U-01277,SA-DISP-L02
U-01277,SA-ENC-L06
U-01278,SA-PCBA-L16
U-01278,SA-BATT-L05
U-01278,SA-DISP-L05
U-01278,SA-ENC-L02
U-01279,SA-PCBA-L02
U-01279,SA-BATT-L02
U-01279,SA-DISP-L05
U-01279,SA-ENC-L02
U-01280,SA-PCBA-L17
U-01280,SA-BATT-L08
U-01280,SA-DISP-L06
U-01280,SA-ENC-L01
U-01281,SA-PCBA-L10
U-01281,SA-BATT-L08
U-01281,SA-DISP-L05
U-01281,SA-ENC-L06
U-01282,SA-PCBA-L14
U-01282,SA-BATT-L01
U-01282,SA-DISP-L06
U-01282,SA-ENC-L04
U-01283,SA-PCBA-L02
U-01283,SA-BATT-L04
U-01283,SA-DISP-L01
U-01283,SA-ENC-L04
U-01284,SA-PCBA-L07
U-01284,SA-BATT-L02
U-01284,SA-DISP-L03
U-01284,SA-ENC-L04
U-01285,SA-PCBA-L16
U-01285,SA-BATT-L07
U-01285,SA-DISP-L09
U-01285,SA-ENC-L03
U-01286,SA-PCBA-L15
U-01286,SA-BATT-L04
U-01286,SA-DISP-L06
U-01286,SA-ENC-L05
U-01287,SA-PCBA-L02
U-01287,SA-BATT-L02
U-01287,SA-DISP-L06
U-01287,SA-ENC-L08
U-01288,SA-PCBA-L01
U-01288,SA-BATT-L08
U-01288,SA-DISP-L05
U-01288,SA-ENC-L03
U-01289,SA-PCBA-L20
U-01289,SA-BATT-L10
U-01289,SA-DISP-L08
U-01289,SA-ENC-L02
U-01290,SA-PCBA-L13
U-01290,SA-BATT-L10
U-01290,SA-DISP-L02
U-01290,SA-ENC-L05
U-01291,SA-PCBA-L10
U-01291,SA-BATT-L03
U-01291,SA-DISP-L07
U-01291,SA-ENC-L07
U-01292,SA-PCBA-L01
U-01292,SA-BATT-L08
U-01292,SA-DISP-L03
U-01292,SA-ENC-L04
U-01293,SA-PCBA-L08
U-01293,SA-BATT-L09
U-01293,SA-DISP-L03
U-01293,SA-ENC-L01
U-01294,SA-PCBA-L17
U-01294,SA-BATT-L06
U-01294,SA-DISP-L01
U-01294,SA-ENC-L03
U-01295,SA-PCBA-L13
U-01295,SA-BATT-L10
U-01295,SA-DISP-L07
U-01295,SA-ENC-L06
U-01296,SA-PCBA-L08
U-01296,SA-BATT-L09
U-01296,SA-DISP-L06
U-01296,SA-ENC-L06
U-01297,SA-PCBA-L10
U-01297,SA-BATT-L09
U-01297,SA-DISP-L05
U-01297,SA-ENC-L01
U-01298,SA-PCBA-L13
U-01298,SA-BATT-L02
U-01298,SA-DISP-L01
U-01298,SA-ENC-L02
U-01299,SA-PCBA-L01
U-01299,SA-BATT-L01
U-01299,SA-DISP-L02
U-01299,SA-ENC-L07
U-01300,SA-PCBA-L20
U-01300,SA-BATT-L04
U-01300,SA-DISP-L10
U-01300,SA-ENC-L08
U-01301,SA-PCBA-L15
U-01301,SA-BATT-L08
U-01301,SA-DISP-L10
U-01301,SA-ENC-L05
U-01302,SA-PCBA-L14
U-01302,SA-BATT-L01
U-01302,SA-DISP-L09
U-01302,SA-ENC-L02
U-01303,SA-PCBA-L20
U-01303,SA-BATT-L02
U-01303,SA-DISP-L05
U-01303,SA-ENC-L01
U-01304,SA-PCBA-L06
U-01304,SA-BATT-L06
U-01304,SA-DISP-L06
U-01304,SA-ENC-L03
U-01305,SA-PCBA-L04
U-01305,SA-BATT-L02
U-01305,SA-DISP-L10
U-01305,SA-ENC-L03
U-01306,SA-PCBA-L12
U-01306,SA-BATT-L07
U-01306,SA-DISP-L02
U-01306,SA-ENC-L04
U-01307,SA-PCBA-L13
U-01307,SA-BATT-L01
U-01307,SA-DISP-L03
U-01307,SA-ENC-L07
U-01308,SA-PCBA-L07
U-01308,SA-BATT-L05
U-01308,SA-DISP-L02
U-01308,SA-ENC-L07
U-01309,SA-PCBA-L07
U-01309,SA-BATT-L02
U-01309,SA-DISP-L08
U-01309,SA-ENC-L03
U-01310,SA-PCBA-L20
U-01310,SA-BATT-L08
U-01310,SA-DISP-L04
U-01310,SA-ENC-L07
U-01311,SA-PCBA-L14
U-01311,SA-BATT-L01
U-01311,SA-DISP-L06
U-01311,SA-ENC-L04
U-01312,SA-PCBA-L02
U-01312,SA-BATT-L07
U-01312,SA-DISP-L08
U-01312,SA-ENC-L04
U-01313,SA-PCBA-L03
U-01313,SA-BATT-L03
U-01313,SA-DISP-L03
U-01313,SA-ENC-L04
U-01314,SA-PCBA-L04
U-01314,SA-BATT-L05
U-01314,SA-DISP-L07
U-01314,SA-ENC-L03
U-01315,SA-PCBA-L13
U-01315,SA-BATT-L08
U-01315,SA-DISP-L10
U-01315,SA-ENC-L01
U-01316,SA-PCBA-L07
U-01316,SA-BATT-L03
U-01316,SA-DISP-L01
U-01316,SA-ENC-L06
U-01317,SA-PCBA-L17
U-01317,SA-BATT-L05
U-01317,SA-DISP-L03
U-01317,SA-ENC-L05
U-01318,SA-PCBA-L17
U-01318,SA-BATT-L08
U-01318,SA-DISP-L01
U-01318,SA-ENC-L08
U-01319,SA-PCBA-L01
U-01319,SA-BATT-L10
U-01319,SA-DISP-L08
U-01319,SA-ENC-L05
U-01320,SA-PCBA-L05
U-01320,SA-BATT-L10
U-01320,SA-DISP-L10
U-01320,SA-ENC-L07
U-01321,SA-PCBA-L18
U-01321,SA-BATT-L06
U-01321,SA-DISP-L09
U-01321,SA-ENC-L01
U-01322,SA-PCBA-L14
U-01322,SA-BATT-L07
U-01322,SA-DISP-L07
U-01322,SA-ENC-L06
U-01323,SA-PCBA-L12
U-01323,SA-BATT-L05
U-01323,SA-DISP-L05
U-01323,SA-ENC-L03
U-01324,SA-PCBA-L06
U-01324,SA-BATT-L04
U-01324,SA-DISP-L03
U-01324,SA-ENC-L05
U-01325,SA-PCBA-L13
U-01325,SA-BATT-L03
U-01325,SA-DISP-L09
U-01325,SA-ENC-L06
U-01326,SA-PCBA-L19
U-01326,SA-BATT-L04
U-01326,SA-DISP-L04
U-01326,SA-ENC-L06
U-01327,SA-PCBA-L16
U-01327,SA-BATT-L09
U-01327,SA-DISP-L05
U-01327,SA-ENC-L07
U-01328,SA-PCBA-L08
U-01328,SA-BATT-L01
U-01328,SA-DISP-L04
U-01328,SA-ENC-L05
U-01329,SA-PCBA-L20
U-01329,SA-BATT-L06
U-01329,SA-DISP-L10
U-01329,SA-ENC-L04
U-01330,SA-PCBA-L04
U-01330,SA-BATT-L06
U-01330,SA-DISP-L06
U-01330,SA-ENC-L04
U-01331,SA-PCBA-L04
U-01331,SA-BATT-L04
U-01331,SA-DISP-L07
U-01331,SA-ENC-L08
U-01332,SA-PCBA-L12
U-01332,SA-BATT-L02
U-01332,SA-DISP-L01
U-01332,SA-ENC-L06
U-01333,SA-PCBA-L19
U-01333,SA-BATT-L01
U-01333,SA-DISP-L05
U-01333,SA-ENC-L06
U-01334,SA-PCBA-L18
U-01334,SA-BATT-L07
U-01334,SA-DISP-L07
U-01334,SA-ENC-L01
U-01335,SA-PCBA-L06
U-01335,SA-BATT-L08
U-01335,SA-DISP-L06
U-01335,SA-ENC-L06
U-01336,SA-PCBA-L20
U-01336,SA-BATT-L05
U-01336,SA-DISP-L03
U-01336,SA-ENC-L03
U-01337,SA-PCBA-L02
U-01337,SA-BATT-L01
U-01337,SA-DISP-L03
U-01337,SA-ENC-L05
U-01338,SA-PCBA-L13
U-01338,SA-BATT-L06
U-01338,SA-DISP-L02
U-01338,SA-ENC-L04
U-01339,SA-PCBA-L12
U-01339,SA-BATT-L05
U-01339,SA-DISP-L05
U-01339,SA-ENC-L07
U-01340,SA-PCBA-L14
U-01340,SA-BATT-L08
U-01340,SA-DISP-L08
U-01340,SA-ENC-L05
U-01341,SA-PCBA-L20
U-01341,SA-BATT-L04
U-01341,SA-DISP-L03
U-01341,SA-ENC-L02
U-01342,SA-PCBA-L10
U-01342,SA-BATT-L10
U-01342,SA-DISP-L02
U-01342,SA-ENC-L01
U-01343,SA-PCBA-L15
U-01343,SA-BATT-L06
U-01343,SA-DISP-L01
U-01343,SA-ENC-L03
U-01344,SA-PCBA-L09
U-01344,SA-BATT-L06
U-01344,SA-DISP-L09
U-01344,SA-ENC-L05
U-01345,SA-PCBA-L13
U-01345,SA-BATT-L09
U-01345,SA-DISP-L04
U-01345,SA-ENC-L02
U-01346,SA-PCBA-L07
U-01346,SA-BATT-L04
U-01346,SA-DISP-L08
U-01346,SA-ENC-L04
U-01347,SA-PCBA-L20
U-01347,SA-BATT-L04
U-01347,SA-DISP-L07
U-01347,SA-ENC-L03
U-01348,SA-PCBA-L06
U-01348,SA-BATT-L06
U-01348,SA-DISP-L06
U-01348,SA-ENC-L04
U-01349,SA-PCBA-L15
U-01349,SA-BATT-L08
U-01349,SA-DISP-L04
U-01349,SA-ENC-L03
U-01350,SA-PCBA-L20
U-01350,SA-BATT-L02
U-01350,SA-DISP-L03
U-01350,SA-ENC-L08
U-01351,SA-PCBA-L08
U-01351,SA-BATT-L10
U-01351,SA-DISP-L08
U-01351,SA-ENC-L08
U-01352,SA-PCBA-L08
U-01352,SA-BATT-L03
U-01352,SA-DISP-L03
U-01352,SA-ENC-L01
U-01353,SA-PCBA-L08
U-01353,SA-BATT-L03
U-01353,SA-DISP-L01
U-01353,SA-ENC-L01
U-01354,SA-PCBA-L17
U-01354,SA-BATT-L06
U-01354,SA-DISP-L03
U-01354,SA-ENC-L04
U-01355,SA-PCBA-L03
U-01355,SA-BATT-L10
U-01355,SA-DISP-L10
U-01355,SA-ENC-L06
U-01356,SA-PCBA-L01
U-01356,SA-BATT-L03
U-01356,SA-DISP-L10
U-01356,SA-ENC-L03
U-01357,SA-PCBA-L17
U-01357,SA-BATT-L04
U-01357,SA-DISP-L01
U-01357,SA-ENC-L04
U-01358,SA-PCBA-L04
U-01358,SA-BATT-L03
U-01358,SA-DISP-L07
U-01358,SA-ENC-L01
U-01359,SA-PCBA-L15
U-01359,SA-BATT-L03
U-01359,SA-DISP-L01
U-01359,SA-ENC-L02
U-01360,SA-PCBA-L02
U-01360,SA-BATT-L08
U-01360,SA-DISP-L03
U-01360,SA-ENC-L06
U-01361,SA-PCBA-L02
U-01361,SA-BATT-L05
U-01361,SA-DISP-L10
U-01361,SA-ENC-L04
U-01362,SA-PCBA-L17
U-01362,SA-BATT-L02
U-01362,SA-DISP-L03
U-01362,SA-ENC-L05
U-01363,SA-PCBA-L11
U-01363,SA-BATT-L03
U-01363,SA-DISP-L03
U-01363,SA-ENC-L05
U-01364,SA-PCBA-L03
U-01364,SA-BATT-L01
U-01364,SA-DISP-L04
U-01364,SA-ENC-L06
U-01365,SA-PCBA-L11
U-01365,SA-BATT-L04
U-01365,SA-DISP-L07
U-01365,SA-ENC-L06
U-01366,SA-PCBA-L06
U-01366,SA-BATT-L01
U-01366,SA-DISP-L03
U-01366,SA-ENC-L08
U-01367,SA-PCBA-L07
U-01367,SA-BATT-L10
U-01367,SA-DISP-L10
U-01367,SA-ENC-L01
U-01368,SA-PCBA-L17
U-01368,SA-BATT-L02
U-01368,SA-DISP-L06
U-01368,SA-ENC-L06
U-01369,SA-PCBA-L10
U-01369,SA-BATT-L01
U-01369,SA-DISP-L02
U-01369,SA-ENC-L01
U-01370,SA-PCBA-L20
U-01370,SA-BATT-L02
U-01370,SA-DISP-L06
U-01370,SA-ENC-L08
U-01371,SA-PCBA-L06
U-01371,SA-BATT-L05
U-01371,SA-DISP-L08
U-01371,SA-ENC-L07
U-01372,SA-PCBA-L18
U-01372,SA-BATT-L04
U-01372,SA-DISP-L02
U-01372,SA-ENC-L08
U-01373,SA-PCBA-L04
U-01373,SA-BATT-L06
U-01373,SA-DISP-L08
U-01373,SA-ENC-L02
U-01374,SA-PCBA-L17
U-01374,SA-BATT-L08
U-01374,SA-DISP-L02
U-01374,SA-ENC-L04
U-01375,SA-PCBA-L16
U-01375,SA-BATT-L05
U-01375,SA-DISP-L04
U-01375,SA-ENC-L07
U-01376,SA-PCBA-L15
U-01376,SA-BATT-L07
U-01376,SA-DISP-L07
U-01376,SA-ENC-L05
U-01377,SA-PCBA-L18
U-01377,SA-BATT-L05
U-01377,SA-DISP-L07
U-01377,SA-ENC-L07
U-01378,SA-PCBA-L01
U-01378,SA-BATT-L01
U-01378,SA-DISP-L01
U-01378,SA-ENC-L05
U-01379,SA-PCBA-L16
U-01379,SA-BATT-L08
U-01379,SA-DISP-L02
U-01379,SA-ENC-L05
U-01380,SA-PCBA-L09
U-01380,SA-BATT-L10
U-01380,SA-DISP-L01
U-01380,SA-ENC-L06
U-01381,SA-PCBA-L10
U-01381,SA-BATT-L10
U-01381,SA-DISP-L08
U-01381,SA-ENC-L07
U-01382,SA-PCBA-L17
U-01382,SA-BATT-L07
U-01382,SA-DISP-L10
U-01382,SA-ENC-L05
U-01383,SA-PCBA-L16
U-01383,SA-BATT-L10
U-01383,SA-DISP-L05
U-01383,SA-ENC-L04
U-01384,SA-PCBA-L20
U-01384,SA-BATT-L05
U-01384,SA-DISP-L10
U-01384,SA-ENC-L02
U-01385,SA-PCBA-L01
U-01385,SA-BATT-L04
U-01385,SA-DISP-L08
U-01385,SA-ENC-L01
U-01386,SA-PCBA-L01
U-01386,SA-BATT-L05
U-01386,SA-DISP-L02
U-01386,SA-ENC-L02
U-01387,SA-PCBA-L01
U-01387,SA-BATT-L09
U-01387,SA-DISP-L09
U-01387,SA-ENC-L05
U-01388,SA-PCBA-L07
U-01388,SA-BATT-L02
U-01388,SA-DISP-L08
U-01388,SA-ENC-L06
U-01389,SA-PCBA-L02
U-01389,SA-BATT-L01
U-01389,SA-DISP-L05
U-01389,SA-ENC-L01
U-01390,SA-PCBA-L13
U-01390,SA-BATT-L02
U-01390,SA-DISP-L02
U-01390,SA-ENC-L03
U-01391,SA-PCBA-L18
U-01391,SA-BATT-L07
U-01391,SA-DISP-L10
U-01391,SA-ENC-L08
U-01392,SA-PCBA-L17
U-01392,SA-BATT-L02
U-01392,SA-DISP-L06
U-01392,SA-ENC-L07
U-01393,SA-PCBA-L18
U-01393,SA-BATT-L04
U-01393,SA-DISP-L06
U-01393,SA-ENC-L07
U-01394,SA-PCBA-L14
U-01394,SA-BATT-L05
U-01394,SA-DISP-L10
U-01394,SA-ENC-L07
U-01395,SA-PCBA-L03
U-01395,SA-BATT-L08
U-01395,SA-DISP-L01
U-01395,SA-ENC-L03
U-01396,SA-PCBA-L18
U-01396,SA-BATT-L03
U-01396,SA-DISP-L01
U-01396,SA-ENC-L04
U-01397,SA-PCBA-L13
U-01397,SA-BATT-L08
U-01397,SA-DISP-L03
U-01397,SA-ENC-L08
U-01398,SA-PCBA-L08
U-01398,SA-BATT-L06
U-01398,SA-DISP-L10
U-01398,SA-ENC-L03
U-01399,SA-PCBA-L13
U-01399,SA-BATT-L03
U-01399,SA-DISP-L04
U-01399,SA-ENC-L01
U-01400,SA-PCBA-L14
U-01400,SA-BATT-L05
U-01400,SA-DISP-L05
U-01400,SA-ENC-L08
U-01401,SA-PCBA-L01
U-01401,SA-BATT-L10
U-01401,SA-DISP-L07
U-01401,SA-ENC-L07
U-01402,SA-PCBA-L18
U-01402,SA-BATT-L01
U-01402,SA-DISP-L09
U-01402,SA-ENC-L01
U-01403,SA-PCBA-L04
U-01403,SA-BATT-L04
U-01403,SA-DISP-L06
U-01403,SA-ENC-L03
U-01404,SA-PCBA-L18
U-01404,SA-BATT-L08
U-01404,SA-DISP-L05
U-01404,SA-ENC-L07
U-01405,SA-PCBA-L04
U-01405,SA-BATT-L02
U-01405,SA-DISP-L10
U-01405,SA-ENC-L03
U-01406,SA-PCBA-L14
U-01406,SA-BATT-L02
U-01406,SA-DISP-L02
U-01406,SA-ENC-L08
U-01407,SA-PCBA-L05
U-01407,SA-BATT-L02
U-01407,SA-DISP-L09
U-01407,SA-ENC-L05
U-01408,SA-PCBA-L12
U-01408,SA-BATT-L09
U-01408,SA-DISP-L10
U-01408,SA-ENC-L05
U-01409,SA-PCBA-L20
U-01409,SA-BATT-L07
U-01409,SA-DISP-L07
U-01409,SA-ENC-L08
U-01410,SA-PCBA-L16
U-01410,SA-BATT-L08
U-01410,SA-DISP-L06
U-01410,SA-ENC-L01
U-01411,SA-PCBA-L05
U-01411,SA-BATT-L04
U-01411,SA-DISP-L06
U-01411,SA-ENC-L05
U-01412,SA-PCBA-L11
U-01412,SA-BATT-L10
U-01412,SA-DISP-L10
U-01412,SA-ENC-L06
U-01413,SA-PCBA-L12
U-01413,SA-BATT-L03
U-01413,SA-DISP-L08
U-01413,SA-ENC-L07
U-01414,SA-PCBA-L16
U-01414,SA-BATT-L01
U-01414,SA-DISP-L02
U-01414,SA-ENC-L02
U-01415,SA-PCBA-L02
U-01415,SA-BATT-L01
U-01415,SA-DISP-L09
U-01415,SA-ENC-L01
U-01416,SA-PCBA-L07
U-01416,SA-BATT-L10
U-01416,SA-DISP-L10
U-01416,SA-ENC-L06
U-01417,SA-PCBA-L06
U-01417,SA-BATT-L07
U-01417,SA-DISP-L02
U-01417,SA-ENC-L03
U-01418,SA-PCBA-L08
U-01418,SA-BATT-L07
U-01418,SA-DISP-L06
U-01418,SA-ENC-L07
U-01419,SA-PCBA-L06
U-01419,SA-BATT-L05
U-01419,SA-DISP-L03
U-01419,SA-ENC-L02
U-01420,SA-PCBA-L02
U-01420,SA-BATT-L01
U-01420,SA-DISP-L07
U-01420,SA-ENC-L05
U-01421,SA-PCBA-L04
U-01421,SA-BATT-L03
U-01421,SA-DISP-L04
U-01421,SA-ENC-L03
U-01422,SA-PCBA-L07
U-01422,SA-BATT-L04
U-01422,SA-DISP-L05
U-01422,SA-ENC-L03
U-01423,SA-PCBA-L02
U-01423,SA-BATT-L02
U-01423,SA-DISP-L10
U-01423,SA-ENC-L07
U-01424,SA-PCBA-L11
U-01424,SA-BATT-L09
U-01424,SA-DISP-L09
U-01424,SA-ENC-L03
U-01425,SA-PCBA-L15
U-01425,SA-BATT-L08
U-01425,SA-DISP-L09
U-01425,SA-ENC-L05
U-01426,SA-PCBA-L02
U-01426,SA-BATT-L09
U-01426,SA-DISP-L04
U-01426,SA-ENC-L06
U-01427,SA-PCBA-L08
U-01427,SA-BATT-L10
U-01427,SA-DISP-L02
U-01427,SA-ENC-L03
U-01428,SA-PCBA-L17
U-01428,SA-BATT-L09
U-01428,SA-DISP-L03
U-01428,SA-ENC-L01
U-01429,SA-PCBA-L11
U-01429,SA-BATT-L07
U-01429,SA-DISP-L04
U-01429,SA-ENC-L01
U-01430,SA-PCBA-L10
U-01430,SA-BATT-L10
U-01430,SA-DISP-L08
U-01430,SA-ENC-L03
U-01431,SA-PCBA-L01
U-01431,SA-BATT-L07
U-01431,SA-DISP-L03
U-01431,SA-ENC-L04
U-01432,SA-PCBA-L01
U-01432,SA-BATT-L03
U-01432,SA-DISP-L04
U-01432,SA-ENC-L03
U-01433,SA-PCBA-L20
U-01433,SA-BATT-L10
U-01433,SA-DISP-L09
U-01433,SA-ENC-L08
U-01434,SA-PCBA-L02
U-01434,SA-BATT-L04
U-01434,SA-DISP-L09
U-01434,SA-ENC-L05
U-01435,SA-PCBA-L05
U-01435,SA-BATT-L04
U-01435,SA-DISP-L06
U-01435,SA-ENC-L05
U-01436,SA-PCBA-L01
U-01436,SA-BATT-L06
U-01436,SA-DISP-L05
U-01436,SA-ENC-L06
U-01437,SA-PCBA-L14
U-01437,SA-BATT-L07
U-01437,SA-DISP-L07
U-01437,SA-ENC-L05
U-01438,SA-PCBA-L10
U-01438,SA-BATT-L01
U-01438,SA-DISP-L08
U-01438,SA-ENC-L06
U-01439,SA-PCBA-L18
U-01439,SA-BATT-L04
U-01439,SA-DISP-L07
U-01439,SA-ENC-L07
U-01440,SA-PCBA-L18
U-01440,SA-BATT-L07
U-01440,SA-DISP-L09
U-01440,SA-ENC-L02
U-01441,SA-PCBA-L14
U-01441,SA-BATT-L08
U-01441,SA-DISP-L02
U-01441,SA-ENC-L08
U-01442,SA-PCBA-L15
U-01442,SA-BATT-L09
U-01442,SA-DISP-L10
U-01442,SA-ENC-L03
U-01443,SA-PCBA-L11
U-01443,SA-BATT-L09
U-01443,SA-DISP-L06
U-01443,SA-ENC-L02
U-01444,SA-PCBA-L06
U-01444,SA-BATT-L05
U-01444,SA-DISP-L02
U-01444,SA-ENC-L07
U-01445,SA-PCBA-L02
U-01445,SA-BATT-L05
U-01445,SA-DISP-L06
U-01445,SA-ENC-L05
U-01446,SA-PCBA-L14
U-01446,SA-BATT-L09
U-01446,SA-DISP-L03
U-01446,SA-ENC-L01
U-01447,SA-PCBA-L02
U-01447,SA-BATT-L02
U-01447,SA-DISP-L07
U-01447,SA-ENC-L04
U-01448,SA-PCBA-L16
U-01448,SA-BATT-L03
U-01448,SA-DISP-L09
U-01448,SA-ENC-L03
U-01449,SA-PCBA-L17
U-01449,SA-BATT-L03
U-01449,SA-DISP-L03
U-01449,SA-ENC-L05
U-01450,SA-PCBA-L01
U-01450,SA-BATT-L08
U-01450,SA-DISP-L02
U-01450,SA-ENC-L01
U-01451,SA-PCBA-L07
U-01451,SA-BATT-L08
U-01451,SA-DISP-L02
U-01451,SA-ENC-L02
U-01452,SA-PCBA-L02
U-01452,SA-BATT-L10
U-01452,SA-DISP-L03
U-01452,SA-ENC-L04
U-01453,SA-PCBA-L03
U-01453,SA-BATT-L09
U-01453,SA-DISP-L10
U-01453,SA-ENC-L05
U-01454,SA-PCBA-L12
U-01454,SA-BATT-L03
U-01454,SA-DISP-L10
U-01454,SA-ENC-L05
U-01455,SA-PCBA-L18
U-01455,SA-BATT-L02
U-01455,SA-DISP-L04
U-01455,SA-ENC-L02
U-01456,SA-PCBA-L07
U-01456,SA-BATT-L06
U-01456,SA-DISP-L08
U-01456,SA-ENC-L05
U-01457,SA-PCBA-L14
U-01457,SA-BATT-L01
U-01457,SA-DISP-L07
U-01457,SA-ENC-L08
U-01458,SA-PCBA-L10
U-01458,SA-BATT-L03
U-01458,SA-DISP-L06
U-01458,SA-ENC-L04
U-01459,SA-PCBA-L11
U-01459,SA-BATT-L01
U-01459,SA-DISP-L08
U-01459,SA-ENC-L08
U-01460,SA-PCBA-L06
U-01460,SA-BATT-L04
U-01460,SA-DISP-L10
U-01460,SA-ENC-L03
U-01461,SA-PCBA-L01
U-01461,SA-BATT-L10
U-01461,SA-DISP-L02
U-01461,SA-ENC-L04
U-01462,SA-PCBA-L13
U-01462,SA-BATT-L05
U-01462,SA-DISP-L08
U-01462,SA-ENC-L07
U-01463,SA-PCBA-L11
U-01463,SA-BATT-L05
U-01463,SA-DISP-L02
U-01463,SA-ENC-L03
U-01464,SA-PCBA-L12
U-01464,SA-BATT-L01
U-01464,SA-DISP-L01
U-01464,SA-ENC-L03
U-01465,SA-PCBA-L14
U-01465,SA-BATT-L10
U-01465,SA-DISP-L05
U-01465,SA-ENC-L08
U-01466,SA-PCBA-L07
U-01466,SA-BATT-L03
U-01466,SA-DISP-L08
U-01466,SA-ENC-L01
U-01467,SA-PCBA-L02
U-01467,SA-BATT-L01
U-01467,SA-DISP-L07
U-01467,SA-ENC-L05
U-01468,SA-PCBA-L11
U-01468,SA-BATT-L06
U-01468,SA-DISP-L03
U-01468,SA-ENC-L01
U-01469,SA-PCBA-L04
U-01469,SA-BATT-L04
U-01469,SA-DISP-L06
U-01469,SA-ENC-L03
U-01470,SA-PCBA-L14
U-01470,SA-BATT-L07
U-01470,SA-DISP-L02
U-01470,SA-ENC-L01
U-01471,SA-PCBA-L02
U-01471,SA-BATT-L02
U-01471,SA-DISP-L09
U-01471,SA-ENC-L07
U-01472,SA-PCBA-L08
U-01472,SA-BATT-L04
U-01472,SA-DISP-L10
U-01472,SA-ENC-L05
U-01473,SA-PCBA-L13
U-01473,SA-BATT-L06
U-01473,SA-DISP-L01
U-01473,SA-ENC-L04
U-01474,SA-PCBA-L16
U-01474,SA-BATT-L03
U-01474,SA-DISP-L05
U-01474,SA-ENC-L02
U-01475,SA-PCBA-L04
U-01475,SA-BATT-L02
U-01475,SA-DISP-L01
U-01475,SA-ENC-L01
U-01476,SA-PCBA-L14
U-01476,SA-BATT-L09
U-01476,SA-DISP-L05
U-01476,SA-ENC-L04
U-01477,SA-PCBA-L01
U-01477,SA-BATT-L05
U-01477,SA-DISP-L06
U-01477,SA-ENC-L08
U-01478,SA-PCBA-L07
U-01478,SA-BATT-L10
U-01478,SA-DISP-L10
U-01478,SA-ENC-L07
U-01479,SA-PCBA-L06
U-01479,SA-BATT-L08
U-01479,SA-DISP-L06
U-01479,SA-ENC-L06
U-01480,SA-PCBA-L04
U-01480,SA-BATT-L02
U-01480,SA-DISP-L06
U-01480,SA-ENC-L03
U-01481,SA-PCBA-L20
U-01481,SA-BATT-L03
U-01481,SA-DISP-L02
U-01481,SA-ENC-L06
U-01482,SA-PCBA-L04
U-01482,SA-BATT-L02
U-01482,SA-DISP-L09
U-01482,SA-ENC-L07
U-01483,SA-PCBA-L06
U-01483,SA-BATT-L02
U-01483,SA-DISP-L07
U-01483,SA-ENC-L01
U-01484,SA-PCBA-L07
U-01484,SA-BATT-L02
U-01484,SA-DISP-L09
U-01484,SA-ENC-L07
U-01485,SA-PCBA-L02
U-01485,SA-BATT-L02
U-01485,SA-DISP-L09
U-01485,SA-ENC-L03
U-01486,SA-PCBA-L05
U-01486,SA-BATT-L04
U-01486,SA-DISP-L03
U-01486,SA-ENC-L03
U-01487,SA-PCBA-L03
U-01487,SA-BATT-L07
U-01487,SA-DISP-L06
U-01487,SA-ENC-L04
U-01488,SA-PCBA-L11
U-01488,SA-BATT-L03
U-01488,SA-DISP-L04
U-01488,SA-ENC-L03
U-01489,SA-PCBA-L06
U-01489,SA-BATT-L09
U-01489,SA-DISP-L02
U-01489,SA-ENC-L07
U-01490,SA-PCBA-L20
U-01490,SA-BATT-L04
U-01490,SA-DISP-L08
U-01490,SA-ENC-L08
U-01491,SA-PCBA-L03
U-01491,SA-BATT-L07
U-01491,SA-DISP-L02
U-01491,SA-ENC-L08
U-01492,SA-PCBA-L08
U-01492,SA-BATT-L09
U-01492,SA-DISP-L05
U-01492,SA-ENC-L02
U-01493,SA-PCBA-L14
U-01493,SA-BATT-L07
U-01493,SA-DISP-L09
U-01493,SA-ENC-L06
U-01494,SA-PCBA-L16
U-01494,SA-BATT-L04
U-01494,SA-DISP-L07
U-01494,SA-ENC-L03
U-01495,SA-PCBA-L10
U-01495,SA-BATT-L01
U-01495,SA-DISP-L08
U-01495,SA-ENC-L07
U-01496,SA-PCBA-L20
U-01496,SA-BATT-L07
U-01496,SA-DISP-L03
U-01496,SA-ENC-L08
U-01497,SA-PCBA-L07
U-01497,SA-BATT-L07
U-01497,SA-DISP-L03
U-01497,SA-ENC-L06
U-01498,SA-PCBA-L02
U-01498,SA-BATT-L09
U-01498,SA-DISP-L08
U-01498,SA-ENC-L02
U-01499,SA-PCBA-L19
U-01499,SA-BATT-L07
U-01499,SA-DISP-L05
U-01499,SA-ENC-L04
U-01500,SA-PCBA-L14
U-01500,SA-BATT-L01
U-01500,SA-DISP-L06
U-01500,SA-ENC-L04
U-01501,SA-PCBA-L17
U-01501,SA-BATT-L08
U-01501,SA-DISP-L07
U-01501,SA-ENC-L01
U-01502,SA-PCBA-L16
U-01502,SA-BATT-L06
U-01502,SA-DISP-L08
U-01502,SA-ENC-L07
U-01503,SA-PCBA-L19
U-01503,SA-BATT-L08
U-01503,SA-DISP-L05
U-01503,SA-ENC-L07
U-01504,SA-PCBA-L03
U-01504,SA-BATT-L03
U-01504,SA-DISP-L06
U-01504,SA-ENC-L05
U-01505,SA-PCBA-L16
U-01505,SA-BATT-L10
U-01505,SA-DISP-L03
U-01505,SA-ENC-L06
U-01506,SA-PCBA-L01
U-01506,SA-BATT-L08
U-01506,SA-DISP-L05
U-01506,SA-ENC-L03
U-01507,SA-PCBA-L02
U-01507,SA-BATT-L05
U-01507,SA-DISP-L09
U-01507,SA-ENC-L04
U-01508,SA-PCBA-L02
U-01508,SA-BATT-L08
U-01508,SA-DISP-L10
U-01508,SA-ENC-L07
U-01509,SA-PCBA-L19
U-01509,SA-BATT-L09
U-01509,SA-DISP-L06
U-01509,SA-ENC-L03
U-01510,SA-PCBA-L06
U-01510,SA-BATT-L04
U-01510,SA-DISP-L06
U-01510,SA-ENC-L05
U-01511,SA-PCBA-L02
U-01511,SA-BATT-L02
U-01511,SA-DISP-L08
U-01511,SA-ENC-L04
U-01512,SA-PCBA-L15
U-01512,SA-BATT-L08
U-01512,SA-DISP-L08
U-01512,SA-ENC-L03
U-01513,SA-PCBA-L02
U-01513,SA-BATT-L06
U-01513,SA-DISP-L03
U-01513,SA-ENC-L08
U-01514,SA-PCBA-L02
U-01514,SA-BATT-L01
U-01514,SA-DISP-L03
U-01514,SA-ENC-L08
U-01515,SA-PCBA-L04
U-01515,SA-BATT-L07
U-01515,SA-DISP-L01
U-01515,SA-ENC-L05
U-01516,SA-PCBA-L19
U-01516,SA-BATT-L03
U-01516,SA-DISP-L01
U-01516,SA-ENC-L04
U-01517,SA-PCBA-L06
U-01517,SA-BATT-L10
U-01517,SA-DISP-L08
U-01517,SA-ENC-L04
U-01518,SA-PCBA-L18
U-01518,SA-BATT-L04
U-01518,SA-DISP-L10
U-01518,SA-ENC-L04
U-01519,SA-PCBA-L12
U-01519,SA-BATT-L04
U-01519,SA-DISP-L03
U-01519,SA-ENC-L04
U-01520,SA-PCBA-L02
U-01520,SA-BATT-L09
U-01520,SA-DISP-L03
U-01520,SA-ENC-L07
U-01521,SA-PCBA-L16
U-01521,SA-BATT-L02
U-01521,SA-DISP-L06
U-01521,SA-ENC-L04
U-01522,SA-PCBA-L14
U-01522,SA-BATT-L05
U-01522,SA-DISP-L09
U-01522,SA-ENC-L05
U-01523,SA-PCBA-L06
U-01523,SA-BATT-L03
U-01523,SA-DISP-L03
U-01523,SA-ENC-L01
U-01524,SA-PCBA-L05
U-01524,SA-BATT-L03
U-01524,SA-DISP-L03
U-01524,SA-ENC-L06
U-01525,SA-PCBA-L16
U-01525,SA-BATT-L04
U-01525,SA-DISP-L02
U-01525,SA-ENC-L02
U-01526,SA-PCBA-L08
U-01526,SA-BATT-L09
U-01526,SA-DISP-L05
U-01526,SA-ENC-L02
U-01527,SA-PCBA-L20
U-01527,SA-BATT-L05
U-01527,SA-DISP-L07
U-01527,SA-ENC-L04
U-01528,SA-PCBA-L02
U-01528,SA-BATT-L06
U-01528,SA-DISP-L06
U-01528,SA-ENC-L05
U-01529,SA-PCBA-L13
U-01529,SA-BATT-L06
U-01529,SA-DISP-L07
U-01529,SA-ENC-L05
U-01530,SA-PCBA-L12
U-01530,SA-BATT-L03
U-01530,SA-DISP-L01
U-01530,SA-ENC-L08
U-01531,SA-PCBA-L19
U-01531,SA-BATT-L02
U-01531,SA-DISP-L03
U-01531,SA-ENC-L02
U-01532,SA-PCBA-L18
U-01532,SA-BATT-L10
U-01532,SA-DISP-L08
U-01532,SA-ENC-L07
U-01533,SA-PCBA-L03
U-01533,SA-BATT-L10
U-01533,SA-DISP-L03
U-01533,SA-ENC-L03
U-01534,SA-PCBA-L18
U-01534,SA-BATT-L07
U-01534,SA-DISP-L06
U-01534,SA-ENC-L04
U-01535,SA-PCBA-L11
U-01535,SA-BATT-L05
U-01535,SA-DISP-L04
U-01535,SA-ENC-L01
U-01536,SA-PCBA-L04
U-01536,SA-BATT-L10
U-01536,SA-DISP-L02
U-01536,SA-ENC-L06
U-01537,SA-PCBA-L10
U-01537,SA-BATT-L08
U-01537,SA-DISP-L01
U-01537,SA-ENC-L01
U-01538,SA-PCBA-L16
U-01538,SA-BATT-L07
U-01538,SA-DISP-L05
U-01538,SA-ENC-L08
U-01539,SA-PCBA-L11
U-01539,SA-BATT-L06
U-01539,SA-DISP-L01
U-01539,SA-ENC-L01
U-01540,SA-PCBA-L19
U-01540,SA-BATT-L07
U-01540,SA-DISP-L10
U-01540,SA-ENC-L03
U-01541,SA-PCBA-L07
U-01541,SA-BATT-L01
U-01541,SA-DISP-L06
U-01541,SA-ENC-L08
U-01542,SA-PCBA-L10
U-01542,SA-BATT-L04
U-01542,SA-DISP-L02
U-01542,SA-ENC-L06
U-01543,SA-PCBA-L10
U-01543,SA-BATT-L06
U-01543,SA-DISP-L05
U-01543,SA-ENC-L05
U-01544,SA-PCBA-L19
U-01544,SA-BATT-L04
U-01544,SA-DISP-L10
U-01544,SA-ENC-L04
U-01545,SA-PCBA-L09
U-01545,SA-BATT-L01
U-01545,SA-DISP-L09
U-01545,SA-ENC-L03
U-01546,SA-PCBA-L18
U-01546,SA-BATT-L09
U-01546,SA-DISP-L10
U-01546,SA-ENC-L05
U-01547,SA-PCBA-L02
U-01547,SA-BATT-L08
U-01547,SA-DISP-L06
U-01547,SA-ENC-L05
U-01548,SA-PCBA-L06
U-01548,SA-BATT-L01
U-01548,SA-DISP-L04
U-01548,SA-ENC-L01
U-01549,SA-PCBA-L08
U-01549,SA-BATT-L10
U-01549,SA-DISP-L01
U-01549,SA-ENC-L01
U-01550,SA-PCBA-L13
U-01550,SA-BATT-L06
U-01550,SA-DISP-L09
U-01550,SA-ENC-L07
U-01551,SA-PCBA-L08
U-01551,SA-BATT-L02
U-01551,SA-DISP-L05
U-01551,SA-ENC-L06
U-01552,SA-PCBA-L18
U-01552,SA-BATT-L06
U-01552,SA-DISP-L01
U-01552,SA-ENC-L04
U-01553,SA-PCBA-L15
U-01553,SA-BATT-L05
U-01553,SA-DISP-L03
U-01553,SA-ENC-L05
U-01554,SA-PCBA-L18
U-01554,SA-BATT-L01
U-01554,SA-DISP-L01
U-01554,SA-ENC-L06
U-01555,SA-PCBA-L03
U-01555,SA-BATT-L08
U-01555,SA-DISP-L08
U-01555,SA-ENC-L05
U-01556,SA-PCBA-L18
U-01556,SA-BATT-L06
U-01556,SA-DISP-L01
U-01556,SA-ENC-L03
U-01557,SA-PCBA-L06
U-01557,SA-BATT-L04
U-01557,SA-DISP-L04
U-01557,SA-ENC-L03
U-01558,SA-PCBA-L08
U-01558,SA-BATT-L04
U-01558,SA-DISP-L01
U-01558,SA-ENC-L04
U-01559,SA-PCBA-L15
U-01559,SA-BATT-L06
U-01559,SA-DISP-L01
U-01559,SA-ENC-L08
U-01560,SA-PCBA-L12
U-01560,SA-BATT-L04
U-01560,SA-DISP-L01
U-01560,SA-ENC-L02
U-01561,SA-PCBA-L05
U-01561,SA-BATT-L01
U-01561,SA-DISP-L03
U-01561,SA-ENC-L05
U-01562,SA-PCBA-L02
U-01562,SA-BATT-L06
U-01562,SA-DISP-L01
U-01562,SA-ENC-L08
U-01563,SA-PCBA-L16
U-01563,SA-BATT-L06
U-01563,SA-DISP-L05
U-01563,SA-ENC-L07
U-01564,SA-PCBA-L08
U-01564,SA-BATT-L09
U-01564,SA-DISP-L08
U-01564,SA-ENC-L03
U-01565,SA-PCBA-L11
U-01565,SA-BATT-L07
U-01565,SA-DISP-L07
U-01565,SA-ENC-L05
U-01566,SA-PCBA-L19
U-01566,SA-BATT-L02
U-01566,SA-DISP-L03
U-01566,SA-ENC-L02
U-01567,SA-PCBA-L14
U-01567,SA-BATT-L10
U-01567,SA-DISP-L01
U-01567,SA-ENC-L02
U-01568,SA-PCBA-L04
U-01568,SA-BATT-L10
U-01568,SA-DISP-L10
U-01568,SA-ENC-L05
U-01569,SA-PCBA-L13
U-01569,SA-BATT-L05
U-01569,SA-DISP-L04
U-01569,SA-ENC-L04
U-01570,SA-PCBA-L09
U-01570,SA-BATT-L10
U-01570,SA-DISP-L07
U-01570,SA-ENC-L04
U-01571,SA-PCBA-L12
U-01571,SA-BATT-L09
U-01571,SA-DISP-L09
U-01571,SA-ENC-L08
U-01572,SA-PCBA-L20
U-01572,SA-BATT-L07
U-01572,SA-DISP-L09
U-01572,SA-ENC-L06
U-01573,SA-PCBA-L16
U-01573,SA-BATT-L07
U-01573,SA-DISP-L04
U-01573,SA-ENC-L03
U-01574,SA-PCBA-L11
U-01574,SA-BATT-L03
U-01574,SA-DISP-L03
U-01574,SA-ENC-L06
U-01575,SA-PCBA-L14
U-01575,SA-BATT-L10
U-01575,SA-DISP-L03
U-01575,SA-ENC-L03
U-01576,SA-PCBA-L19
U-01576,SA-BATT-L07
U-01576,SA-DISP-L04
U-01576,SA-ENC-L07
U-01577,SA-PCBA-L02
U-01577,SA-BATT-L07
U-01577,SA-DISP-L07
U-01577,SA-ENC-L02
U-01578,SA-PCBA-L18
U-01578,SA-BATT-L01
U-01578,SA-DISP-L01
U-01578,SA-ENC-L05
U-01579,SA-PCBA-L07
U-01579,SA-BATT-L02
U-01579,SA-DISP-L06
U-01579,SA-ENC-L05
U-01580,SA-PCBA-L16
U-01580,SA-BATT-L07
U-01580,SA-DISP-L05
U-01580,SA-ENC-L01
U-01581,SA-PCBA-L01
U-01581,SA-BATT-L01
U-01581,SA-DISP-L07
U-01581,SA-ENC-L03
U-01582,SA-PCBA-L13
U-01582,SA-BATT-L07
U-01582,SA-DISP-L05
U-01582,SA-ENC-L07
U-01583,SA-PCBA-L06
U-01583,SA-BATT-L07
U-01583,SA-DISP-L03
U-01583,SA-ENC-L03
U-01584,SA-PCBA-L07
U-01584,SA-BATT-L02
U-01584,SA-DISP-L05
U-01584,SA-ENC-L08
U-01585,SA-PCBA-L17
U-01585,SA-BATT-L10
U-01585,SA-DISP-L10
U-01585,SA-ENC-L05
U-01586,SA-PCBA-L14
U-01586,SA-BATT-L07
U-01586,SA-DISP-L07
U-01586,SA-ENC-L01
U-01587,SA-PCBA-L13
U-01587,SA-BATT-L04
U-01587,SA-DISP-L09
U-01587,SA-ENC-L07
U-01588,SA-PCBA-L08
U-01588,SA-BATT-L09
U-01588,SA-DISP-L01
U-01588,SA-ENC-L06
U-01589,SA-PCBA-L18
U-01589,SA-BATT-L07
U-01589,SA-DISP-L04
U-01589,SA-ENC-L04
U-01590,SA-PCBA-L20
U-01590,SA-BATT-L06
U-01590,SA-DISP-L02
U-01590,SA-ENC-L07
U-01591,SA-PCBA-L06
U-01591,SA-BATT-L04
U-01591,SA-DISP-L04
U-01591,SA-ENC-L03
U-01592,SA-PCBA-L03
U-01592,SA-BATT-L09
U-01592,SA-DISP-L08
U-01592,SA-ENC-L06
U-01593,SA-PCBA-L04
U-01593,SA-BATT-L01
U-01593,SA-DISP-L07
U-01593,SA-ENC-L06
U-01594,SA-PCBA-L18
U-01594,SA-BATT-L10
U-01594,SA-DISP-L08
U-01594,SA-ENC-L07
U-01595,SA-PCBA-L18
U-01595,SA-BATT-L05
U-01595,SA-DISP-L06
U-01595,SA-ENC-L08
U-01596,SA-PCBA-L18
U-01596,SA-BATT-L07
U-01596,SA-DISP-L03
U-01596,SA-ENC-L06
U-01597,SA-PCBA-L13
U-01597,SA-BATT-L06
U-01597,SA-DISP-L04
U-01597,SA-ENC-L05
U-01598,SA-PCBA-L01
U-01598,SA-BATT-L08
U-01598,SA-DISP-L05
U-01598,SA-ENC-L08
U-01599,SA-PCBA-L16
U-01599,SA-BATT-L01
U-01599,SA-DISP-L09
U-01599,SA-ENC-L01
U-01600,SA-PCBA-L13
U-01600,SA-BATT-L05
U-01600,SA-DISP-L02
U-01600,SA-ENC-L04
U-01601,SA-PCBA-L17
U-01601,SA-BATT-L06
U-01601,SA-DISP-L04
U-01601,SA-ENC-L07
U-01602,SA-PCBA-L10
U-01602,SA-BATT-L06
U-01602,SA-DISP-L01
U-01602,SA-ENC-L03
U-01603,SA-PCBA-L07
U-01603,SA-BATT-L07
U-01603,SA-DISP-L03
U-01603,SA-ENC-L08
U-01604,SA-PCBA-L09
U-01604,SA-BATT-L06
U-01604,SA-DISP-L09
U-01604,SA-ENC-L02
U-01605,SA-PCBA-L08
U-01605,SA-BATT-L10
U-01605,SA-DISP-L10
U-01605,SA-ENC-L08
U-01606,SA-PCBA-L18
U-01606,SA-BATT-L06
U-01606,SA-DISP-L01
U-01606,SA-ENC-L01
U-01607,SA-PCBA-L12
U-01607,SA-BATT-L04
U-01607,SA-DISP-L01
U-01607,SA-ENC-L06
U-01608,SA-PCBA-L14
U-01608,SA-BATT-L08
U-01608,SA-DISP-L10
U-01608,SA-ENC-L01
U-01609,SA-PCBA-L01
U-01609,SA-BATT-L02
U-01609,SA-DISP-L04
U-01609,SA-ENC-L07
U-01610,SA-PCBA-L02
U-01610,SA-BATT-L07
U-01610,SA-DISP-L08
U-01610,SA-ENC-L05
U-01611,SA-PCBA-L05
U-01611,SA-BATT-L03
U-01611,SA-DISP-L02
U-01611,SA-ENC-L06
U-01612,SA-PCBA-L04
U-01612,SA-BATT-L10
U-01612,SA-DISP-L01
U-01612,SA-ENC-L06
U-01613,SA-PCBA-L16
U-01613,SA-BATT-L07
U-01613,SA-DISP-L05
U-01613,SA-ENC-L05
U-01614,SA-PCBA-L18
U-01614,SA-BATT-L04
U-01614,SA-DISP-L06
U-01614,SA-ENC-L01
U-01615,SA-PCBA-L02
U-01615,SA-BATT-L01
U-01615,SA-DISP-L04
U-01615,SA-ENC-L07
U-01616,SA-PCBA-L18
U-01616,SA-BATT-L08
U-01616,SA-DISP-L03
U-01616,SA-ENC-L07
U-01617,SA-PCBA-L18
U-01617,SA-BATT-L06
U-01617,SA-DISP-L03
U-01617,SA-ENC-L03
U-01618,SA-PCBA-L11
U-01618,SA-BATT-L08
U-01618,SA-DISP-L06
U-01618,SA-ENC-L02
U-01619,SA-PCBA-L09
U-01619,SA-BATT-L08
U-01619,SA-DISP-L04
U-01619,SA-ENC-L06
U-01620,SA-PCBA-L19
U-01620,SA-BATT-L05
U-01620,SA-DISP-L10
U-01620,SA-ENC-L08
U-01621,SA-PCBA-L01
U-01621,SA-BATT-L04
U-01621,SA-DISP-L04
U-01621,SA-ENC-L02
U-01622,SA-PCBA-L17
U-01622,SA-BATT-L01
U-01622,SA-DISP-L09
U-01622,SA-ENC-L08
U-01623,SA-PCBA-L07
U-01623,SA-BATT-L01
U-01623,SA-DISP-L05
U-01623,SA-ENC-L07
U-01624,SA-PCBA-L13
U-01624,SA-BATT-L04
U-01624,SA-DISP-L08
U-01624,SA-ENC-L01
U-01625,SA-PCBA-L16
U-01625,SA-BATT-L02
U-01625,SA-DISP-L08
U-01625,SA-ENC-L08
U-01626,SA-PCBA-L05
U-01626,SA-BATT-L10
U-01626,SA-DISP-L10
U-01626,SA-ENC-L05
U-01627,SA-PCBA-L04
U-01627,SA-BATT-L01
U-01627,SA-DISP-L09
U-01627,SA-ENC-L06
U-01628,SA-PCBA-L20
U-01628,SA-BATT-L07
U-01628,SA-DISP-L09
U-01628,SA-ENC-L05
U-01629,SA-PCBA-L15
U-01629,SA-BATT-L10
U-01629,SA-DISP-L06
U-01629,SA-ENC-L08
U-01630,SA-PCBA-L20
U-01630,SA-BATT-L02
U-01630,SA-DISP-L10
U-01630,SA-ENC-L01
U-01631,SA-PCBA-L07
U-01631,SA-BATT-L10
U-01631,SA-DISP-L08
U-01631,SA-ENC-L02
U-01632,SA-PCBA-L17
U-01632,SA-BATT-L08
U-01632,SA-DISP-L03
U-01632,SA-ENC-L07
U-01633,SA-PCBA-L18
U-01633,SA-BATT-L02
U-01633,SA-DISP-L02
U-01633,SA-ENC-L04
U-01634,SA-PCBA-L07
U-01634,SA-BATT-L02
U-01634,SA-DISP-L08
U-01634,SA-ENC-L08
U-01635,SA-PCBA-L03
U-01635,SA-BATT-L06
U-01635,SA-DISP-L09
U-01635,SA-ENC-L01
U-01636,SA-PCBA-L04
U-01636,SA-BATT-L10
U-01636,SA-DISP-L04
U-01636,SA-ENC-L02
U-01637,SA-PCBA-L04
U-01637,SA-BATT-L04
U-01637,SA-DISP-L07
U-01637,SA-ENC-L01
U-01638,SA-PCBA-L07
U-01638,SA-BATT-L08
U-01638,SA-DISP-L04
U-01638,SA-ENC-L07
U-01639,SA-PCBA-L03
U-01639,SA-BATT-L04
U-01639,SA-DISP-L06
U-01639,SA-ENC-L07
U-01640,SA-PCBA-L03
U-01640,SA-BATT-L06
U-01640,SA-DISP-L05
U-01640,SA-ENC-L08
U-01641,SA-PCBA-L14
U-01641,SA-BATT-L06
U-01641,SA-DISP-L02
U-01641,SA-ENC-L02
U-01642,SA-PCBA-L16
U-01642,SA-BATT-L03
U-01642,SA-DISP-L08
U-01642,SA-ENC-L01
U-01643,SA-PCBA-L03
U-01643,SA-BATT-L07
U-01643,SA-DISP-L05
U-01643,SA-ENC-L05
U-01644,SA-PCBA-L07
U-01644,SA-BATT-L06
U-01644,SA-DISP-L09
U-01644,SA-ENC-L05
U-01645,SA-PCBA-L07
U-01645,SA-BATT-L01
U-01645,SA-DISP-L05
U-01645,SA-ENC-L03
U-01646,SA-PCBA-L19
U-01646,SA-BATT-L04
U-01646,SA-DISP-L10
U-01646,SA-ENC-L06
U-01647,SA-PCBA-L01
U-01647,SA-BATT-L10
U-01647,SA-DISP-L03
U-01647,SA-ENC-L03
U-01648,SA-PCBA-L11
U-01648,SA-BATT-L09
U-01648,SA-DISP-L08
U-01648,SA-ENC-L03
U-01649,SA-PCBA-L18
U-01649,SA-BATT-L02
U-01649,SA-DISP-L02
U-01649,SA-ENC-L07
U-01650,SA-PCBA-L17
U-01650,SA-BATT-L02
U-01650,SA-DISP-L09
U-01650,SA-ENC-L08
U-01651,SA-PCBA-L16
U-01651,SA-BATT-L08
U-01651,SA-DISP-L01
U-01651,SA-ENC-L05
U-01652,SA-PCBA-L01
U-01652,SA-BATT-L03
U-01652,SA-DISP-L09
U-01652,SA-ENC-L03
U-01653,SA-PCBA-L03
U-01653,SA-BATT-L10
U-01653,SA-DISP-L01
U-01653,SA-ENC-L06
U-01654,SA-PCBA-L09
U-01654,SA-BATT-L02
U-01654,SA-DISP-L10
U-01654,SA-ENC-L04
U-01655,SA-PCBA-L05
U-01655,SA-BATT-L03
U-01655,SA-DISP-L05
U-01655,SA-ENC-L08
U-01656,SA-PCBA-L07
U-01656,SA-BATT-L03
U-01656,SA-DISP-L06
U-01656,SA-ENC-L02
U-01657,SA-PCBA-L07
U-01657,SA-BATT-L03
U-01657,SA-DISP-L07
U-01657,SA-ENC-L02
U-01658,SA-PCBA-L07
U-01658,SA-BATT-L01
U-01658,SA-DISP-L08
U-01658,SA-ENC-L01
U-01659,SA-PCBA-L02
U-01659,SA-BATT-L10
U-01659,SA-DISP-L06
U-01659,SA-ENC-L04
U-01660,SA-PCBA-L01
U-01660,SA-BATT-L01
U-01660,SA-DISP-L06
U-01660,SA-ENC-L08
U-01661,SA-PCBA-L01
U-01661,SA-BATT-L08
U-01661,SA-DISP-L04
U-01661,SA-ENC-L08
U-01662,SA-PCBA-L13
U-01662,SA-BATT-L10
U-01662,SA-DISP-L01
U-01662,SA-ENC-L08
U-01663,SA-PCBA-L09
U-01663,SA-BATT-L07
U-01663,SA-DISP-L02
U-01663,SA-ENC-L08
U-01664,SA-PCBA-L02
U-01664,SA-BATT-L03
U-01664,SA-DISP-L04
U-01664,SA-ENC-L05
U-01665,SA-PCBA-L06
U-01665,SA-BATT-L06
U-01665,SA-DISP-L03
U-01665,SA-ENC-L04
U-01666,SA-PCBA-L06
U-01666,SA-BATT-L07
U-01666,SA-DISP-L10
U-01666,SA-ENC-L01
U-01667,SA-PCBA-L14
U-01667,SA-BATT-L02
U-01667,SA-DISP-L08
U-01667,SA-ENC-L05
U-01668,SA-PCBA-L19
U-01668,SA-BATT-L09
U-01668,SA-DISP-L06
U-01668,SA-ENC-L02
U-01669,SA-PCBA-L07
U-01669,SA-BATT-L07
U-01669,SA-DISP-L09
U-01669,SA-ENC-L07
U-01670,SA-PCBA-L14
U-01670,SA-BATT-L03
U-01670,SA-DISP-L04
U-01670,SA-ENC-L08
U-01671,SA-PCBA-L15
U-01671,SA-BATT-L09
U-01671,SA-DISP-L02
U-01671,SA-ENC-L02
U-01672,SA-PCBA-L07
U-01672,SA-BATT-L07
U-01672,SA-DISP-L10
U-01672,SA-ENC-L03
U-01673,SA-PCBA-L20
U-01673,SA-BATT-L03
U-01673,SA-DISP-L02
U-01673,SA-ENC-L04
U-01674,SA-PCBA-L03
U-01674,SA-BATT-L03
U-01674,SA-DISP-L04
U-01674,SA-ENC-L08
U-01675,SA-PCBA-L02
U-01675,SA-BATT-L01
U-01675,SA-DISP-L01
U-01675,SA-ENC-L07
U-01676,SA-PCBA-L01
U-01676,SA-BATT-L09
U-01676,SA-DISP-L09
U-01676,SA-ENC-L02
U-01677,SA-PCBA-L05
U-01677,SA-BATT-L04
U-01677,SA-DISP-L03
U-01677,SA-ENC-L08
U-01678,SA-PCBA-L18
U-01678,SA-BATT-L02
U-01678,SA-DISP-L09
U-01678,SA-ENC-L07
U-01679,SA-PCBA-L09
U-01679,SA-BATT-L04
U-01679,SA-DISP-L04
U-01679,SA-ENC-L07
U-01680,SA-PCBA-L14
U-01680,SA-BATT-L05
U-01680,SA-DISP-L06
U-01680,SA-ENC-L03
U-01681,SA-PCBA-L03
U-01681,SA-BATT-L06
U-01681,SA-DISP-L04
U-01681,SA-ENC-L06
U-01682,SA-PCBA-L09
U-01682,SA-BATT-L05
U-01682,SA-DISP-L10
U-01682,SA-ENC-L05
U-01683,SA-PCBA-L06
U-01683,SA-BATT-L09
U-01683,SA-DISP-L02
U-01683,SA-ENC-L03
U-01684,SA-PCBA-L02
U-01684,SA-BATT-L09
U-01684,SA-DISP-L06
U-01684,SA-ENC-L02
U-01685,SA-PCBA-L17
U-01685,SA-BATT-L05
U-01685,SA-DISP-L03
U-01685,SA-ENC-L04
U-01686,SA-PCBA-L05
U-01686,SA-BATT-L09
U-01686,SA-DISP-L06
U-01686,SA-ENC-L02
U-01687,SA-PCBA-L02
U-01687,SA-BATT-L01
U-01687,SA-DISP-L08
U-01687,SA-ENC-L03
U-01688,SA-PCBA-L18
U-01688,SA-BATT-L02
U-01688,SA-DISP-L01
U-01688,SA-ENC-L02
U-01689,SA-PCBA-L11
U-01689,SA-BATT-L09
U-01689,SA-DISP-L06
U-01689,SA-ENC-L01
U-01690,SA-PCBA-L06
U-01690,SA-BATT-L03
U-01690,SA-DISP-L08
U-01690,SA-ENC-L07
U-01691,SA-PCBA-L14
U-01691,SA-BATT-L08
U-01691,SA-DISP-L04
U-01691,SA-ENC-L05
U-01692,SA-PCBA-L07
U-01692,SA-BATT-L06
U-01692,SA-DISP-L02
U-01692,SA-ENC-L03
U-01693,SA-PCBA-L12
U-01693,SA-BATT-L07
U-01693,SA-DISP-L03
U-01693,SA-ENC-L03
U-01694,SA-PCBA-L20
U-01694,SA-BATT-L05
U-01694,SA-DISP-L08
U-01694,SA-ENC-L08
U-01695,SA-PCBA-L20
U-01695,SA-BATT-L05
U-01695,SA-DISP-L09
U-01695,SA-ENC-L08
U-01696,SA-PCBA-L14
U-01696,SA-BATT-L07
U-01696,SA-DISP-L09
U-01696,SA-ENC-L03
U-01697,SA-PCBA-L14
U-01697,SA-BATT-L05
U-01697,SA-DISP-L10
U-01697,SA-ENC-L03
U-01698,SA-PCBA-L16
U-01698,SA-BATT-L04
U-01698,SA-DISP-L09
U-01698,SA-ENC-L02
U-01699,SA-PCBA-L17
U-01699,SA-BATT-L09
U-01699,SA-DISP-L03
U-01699,SA-ENC-L02
U-01700,SA-PCBA-L04
U-01700,SA-BATT-L01
U-01700,SA-DISP-L03
U-01700,SA-ENC-L02
U-01701,SA-PCBA-L04
U-01701,SA-BATT-L07
U-01701,SA-DISP-L01
U-01701,SA-ENC-L05
U-01702,SA-PCBA-L17
U-01702,SA-BATT-L07
U-01702,SA-DISP-L01
U-01702,SA-ENC-L01
U-01703,SA-PCBA-L02
U-01703,SA-BATT-L02
U-01703,SA-DISP-L02
U-01703,SA-ENC-L05
U-01704,SA-PCBA-L04
U-01704,SA-BATT-L10
U-01704,SA-DISP-L08
U-01704,SA-ENC-L07
U-01705,SA-PCBA-L02
U-01705,SA-BATT-L09
U-01705,SA-DISP-L05
U-01705,SA-ENC-L02
U-01706,SA-PCBA-L08
U-01706,SA-BATT-L08
U-01706,SA-DISP-L06
U-01706,SA-ENC-L04
U-01707,SA-PCBA-L17
U-01707,SA-BATT-L01
U-01707,SA-DISP-L08
U-01707,SA-ENC-L03
U-01708,SA-PCBA-L01
U-01708,SA-BATT-L09
U-01708,SA-DISP-L09
U-01708,SA-ENC-L02
U-01709,SA-PCBA-L13
U-01709,SA-BATT-L05
U-01709,SA-DISP-L08
U-01709,SA-ENC-L08
U-01710,SA-PCBA-L01
U-01710,SA-BATT-L03
U-01710,SA-DISP-L05
U-01710,SA-ENC-L01
U-01711,SA-PCBA-L07
U-01711,SA-BATT-L05
U-01711,SA-DISP-L05
U-01711,SA-ENC-L04
U-01712,SA-PCBA-L02
U-01712,SA-BATT-L07
U-01712,SA-DISP-L10
U-01712,SA-ENC-L07
U-01713,SA-PCBA-L17
U-01713,SA-BATT-L10
U-01713,SA-DISP-L02
U-01713,SA-ENC-L04
U-01714,SA-PCBA-L10
U-01714,SA-BATT-L03
U-01714,SA-DISP-L07
U-01714,SA-ENC-L02
U-01715,SA-PCBA-L17
U-01715,SA-BATT-L05
U-01715,SA-DISP-L03
U-01715,SA-ENC-L05
U-01716,SA-PCBA-L03
U-01716,SA-BATT-L04
U-01716,SA-DISP-L01
U-01716,SA-ENC-L01
U-01717,SA-PCBA-L04
U-01717,SA-BATT-L06
U-01717,SA-DISP-L02
U-01717,SA-ENC-L07
U-01718,SA-PCBA-L20
U-01718,SA-BATT-L06
U-01718,SA-DISP-L04
U-01718,SA-ENC-L05
U-01719,SA-PCBA-L19
U-01719,SA-BATT-L09
U-01719,SA-DISP-L10
U-01719,SA-ENC-L07
U-01720,SA-PCBA-L06
U-01720,SA-BATT-L09
U-01720,SA-DISP-L02
U-01720,SA-ENC-L08
U-01721,SA-PCBA-L13
U-01721,SA-BATT-L06
U-01721,SA-DISP-L05
U-01721,SA-ENC-L03
U-01722,SA-PCBA-L12
U-01722,SA-BATT-L05
U-01722,SA-DISP-L07
U-01722,SA-ENC-L06
U-01723,SA-PCBA-L18
U-01723,SA-BATT-L04
U-01723,SA-DISP-L01
U-01723,SA-ENC-L08
U-01724,SA-PCBA-L04
U-01724,SA-BATT-L08
U-01724,SA-DISP-L06
U-01724,SA-ENC-L05
U-01725,SA-PCBA-L11
U-01725,SA-BATT-L08
U-01725,SA-DISP-L03
U-01725,SA-ENC-L07
U-01726,SA-PCBA-L20
U-01726,SA-BATT-L05
U-01726,SA-DISP-L01
U-01726,SA-ENC-L08
U-01727,SA-PCBA-L13
U-01727,SA-BATT-L04
U-01727,SA-DISP-L09
U-01727,SA-ENC-L07
U-01728,SA-PCBA-L16
U-01728,SA-BATT-L10
U-01728,SA-DISP-L01
U-01728,SA-ENC-L07
U-01729,SA-PCBA-L08
U-01729,SA-BATT-L05
U-01729,SA-DISP-L01
U-01729,SA-ENC-L06
U-01730,SA-PCBA-L13
U-01730,SA-BATT-L10
U-01730,SA-DISP-L08
U-01730,SA-ENC-L07
U-01731,SA-PCBA-L20
U-01731,SA-BATT-L08
U-01731,SA-DISP-L08
U-01731,SA-ENC-L06
U-01732,SA-PCBA-L07
U-01732,SA-BATT-L08
U-01732,SA-DISP-L04
U-01732,SA-ENC-L07
U-01733,SA-PCBA-L05
U-01733,SA-BATT-L08
U-01733,SA-DISP-L02
U-01733,SA-ENC-L02
U-01734,SA-PCBA-L02
U-01734,SA-BATT-L05
U-01734,SA-DISP-L03
U-01734,SA-ENC-L06
U-01735,SA-PCBA-L19
U-01735,SA-BATT-L01
U-01735,SA-DISP-L04
U-01735,SA-ENC-L03
U-01736,SA-PCBA-L16
U-01736,SA-BATT-L05
U-01736,SA-DISP-L08
U-01736,SA-ENC-L02
U-01737,SA-PCBA-L03
U-01737,SA-BATT-L07
U-01737,SA-DISP-L04
U-01737,SA-ENC-L08
U-01738,SA-PCBA-L17
U-01738,SA-BATT-L08
U-01738,SA-DISP-L03
U-01738,SA-ENC-L05
U-01739,SA-PCBA-L14
U-01739,SA-BATT-L04
U-01739,SA-DISP-L09
U-01739,SA-ENC-L01
U-01740,SA-PCBA-L18
U-01740,SA-BATT-L06
U-01740,SA-DISP-L02
U-01740,SA-ENC-L04
U-01741,SA-PCBA-L04
U-01741,SA-BATT-L07
U-01741,SA-DISP-L04
U-01741,SA-ENC-L06
U-01742,SA-PCBA-L15
U-01742,SA-BATT-L07
U-01742,SA-DISP-L06
U-01742,SA-ENC-L03
U-01743,SA-PCBA-L18
U-01743,SA-BATT-L01
U-01743,SA-DISP-L09
U-01743,SA-ENC-L07
U-01744,SA-PCBA-L01
U-01744,SA-BATT-L02
U-01744,SA-DISP-L10
U-01744,SA-ENC-L03
U-01745,SA-PCBA-L11
U-01745,SA-BATT-L05
U-01745,SA-DISP-L09
U-01745,SA-ENC-L01
U-01746,SA-PCBA-L10
U-01746,SA-BATT-L06
U-01746,SA-DISP-L02
U-01746,SA-ENC-L01
U-01747,SA-PCBA-L08
U-01747,SA-BATT-L06
U-01747,SA-DISP-L05
U-01747,SA-ENC-L06
U-01748,SA-PCBA-L10
U-01748,SA-BATT-L04
U-01748,SA-DISP-L03
U-01748,SA-ENC-L05
U-01749,SA-PCBA-L18
U-01749,SA-BATT-L04
U-01749,SA-DISP-L02
U-01749,SA-ENC-L03
U-01750,SA-PCBA-L20
U-01750,SA-BATT-L07
U-01750,SA-DISP-L06
U-01750,SA-ENC-L03
U-01751,SA-PCBA-L19
U-01751,SA-BATT-L06
U-01751,SA-DISP-L05
U-01751,SA-ENC-L03
U-01752,SA-PCBA-L20
U-01752,SA-BATT-L02
U-01752,SA-DISP-L10
U-01752,SA-ENC-L03
U-01753,SA-PCBA-L17
U-01753,SA-BATT-L05
U-01753,SA-DISP-L08
U-01753,SA-ENC-L06
U-01754,SA-PCBA-L01
U-01754,SA-BATT-L10
U-01754,SA-DISP-L07
U-01754,SA-ENC-L02
U-01755,SA-PCBA-L08
U-01755,SA-BATT-L03
U-01755,SA-DISP-L02
U-01755,SA-ENC-L02
U-01756,SA-PCBA-L04
U-01756,SA-BATT-L10
U-01756,SA-DISP-L02
U-01756,SA-ENC-L05
U-01757,SA-PCBA-L11
U-01757,SA-BATT-L08
U-01757,SA-DISP-L10
U-01757,SA-ENC-L03
U-01758,SA-PCBA-L11
U-01758,SA-BATT-L09
U-01758,SA-DISP-L02
U-01758,SA-ENC-L03
U-01759,SA-PCBA-L19
U-01759,SA-BATT-L04
U-01759,SA-DISP-L04
U-01759,SA-ENC-L04
U-01760,SA-PCBA-L07
U-01760,SA-BATT-L06
U-01760,SA-DISP-L08
U-01760,SA-ENC-L05
U-01761,SA-PCBA-L06
U-01761,SA-BATT-L06
U-01761,SA-DISP-L07
U-01761,SA-ENC-L08
U-01762,SA-PCBA-L14
U-01762,SA-BATT-L05
U-01762,SA-DISP-L04
U-01762,SA-ENC-L06
U-01763,SA-PCBA-L04
U-01763,SA-BATT-L09
U-01763,SA-DISP-L03
U-01763,SA-ENC-L06
U-01764,SA-PCBA-L11
U-01764,SA-BATT-L03
U-01764,SA-DISP-L01
U-01764,SA-ENC-L02
U-01765,SA-PCBA-L01
U-01765,SA-BATT-L01
U-01765,SA-DISP-L10
U-01765,SA-ENC-L07
U-01766,SA-PCBA-L02
U-01766,SA-BATT-L10
U-01766,SA-DISP-L06
U-01766,SA-ENC-L07
U-01767,SA-PCBA-L03
U-01767,SA-BATT-L10
U-01767,SA-DISP-L04
U-01767,SA-ENC-L04
U-01768,SA-PCBA-L10
U-01768,SA-BATT-L07
U-01768,SA-DISP-L01
U-01768,SA-ENC-L01
U-01769,SA-PCBA-L13
U-01769,SA-BATT-L02
U-01769,SA-DISP-L07
U-01769,SA-ENC-L01
U-01770,SA-PCBA-L13
U-01770,SA-BATT-L04
U-01770,SA-DISP-L08
U-01770,SA-ENC-L03
U-01771,SA-PCBA-L08
U-01771,SA-BATT-L07
U-01771,SA-DISP-L02
U-01771,SA-ENC-L01
U-01772,SA-PCBA-L16
U-01772,SA-BATT-L06
U-01772,SA-DISP-L05
U-01772,SA-ENC-L05
U-01773,SA-PCBA-L16
U-01773,SA-BATT-L07
U-01773,SA-DISP-L01
U-01773,SA-ENC-L07
U-01774,SA-PCBA-L14
U-01774,SA-BATT-L02
U-01774,SA-DISP-L08
U-01774,SA-ENC-L06
U-01775,SA-PCBA-L19
U-01775,SA-BATT-L04
U-01775,SA-DISP-L03
U-01775,SA-ENC-L05
U-01776,SA-PCBA-L19
U-01776,SA-BATT-L03
U-01776,SA-DISP-L04
U-01776,SA-ENC-L05
U-01777,SA-PCBA-L07
U-01777,SA-BATT-L06
U-01777,SA-DISP-L05
U-01777,SA-ENC-L06
U-01778,SA-PCBA-L20
U-01778,SA-BATT-L07
U-01778,SA-DISP-L05
U-01778,SA-ENC-L02
U-01779,SA-PCBA-L16
U-01779,SA-BATT-L05
U-01779,SA-DISP-L03
U-01779,SA-ENC-L02
U-01780,SA-PCBA-L03
U-01780,SA-BATT-L05
U-01780,SA-DISP-L07
U-01780,SA-ENC-L01
U-01781,SA-PCBA-L09
U-01781,SA-BATT-L05
U-01781,SA-DISP-L04
U-01781,SA-ENC-L08
U-01782,SA-PCBA-L05
U-01782,SA-BATT-L07
U-01782,SA-DISP-L04
U-01782,SA-ENC-L07
U-01783,SA-PCBA-L17
U-01783,SA-BATT-L10
U-01783,SA-DISP-L10
U-01783,SA-ENC-L01
U-01784,SA-PCBA-L18
U-01784,SA-BATT-L09
U-01784,SA-DISP-L07
U-01784,SA-ENC-L01
U-01785,SA-PCBA-L15
U-01785,SA-BATT-L05
U-01785,SA-DISP-L07
U-01785,SA-ENC-L04
U-01786,SA-PCBA-L06
U-01786,SA-BATT-L03
U-01786,SA-DISP-L03
U-01786,SA-ENC-L07
U-01787,SA-PCBA-L17
U-01787,SA-BATT-L09
U-01787,SA-DISP-L07
U-01787,SA-ENC-L06
U-01788,SA-PCBA-L07
U-01788,SA-BATT-L05
U-01788,SA-DISP-L03
U-01788,SA-ENC-L08
U-01789,SA-PCBA-L05
U-01789,SA-BATT-L03
U-01789,SA-DISP-L02
U-01789,SA-ENC-L08
U-01790,SA-PCBA-L07
U-01790,SA-BATT-L01
U-01790,SA-DISP-L02
U-01790,SA-ENC-L07
U-01791,SA-PCBA-L06
U-01791,SA-BATT-L09
U-01791,SA-DISP-L10
U-01791,SA-ENC-L02
U-01792,SA-PCBA-L07
U-01792,SA-BATT-L04
U-01792,SA-DISP-L08
U-01792,SA-ENC-L02
U-01793,SA-PCBA-L01
U-01793,SA-BATT-L04
U-01793,SA-DISP-L10
U-01793,SA-ENC-L04
U-01794,SA-PCBA-L04
U-01794,SA-BATT-L05
U-01794,SA-DISP-L06
U-01794,SA-ENC-L07
U-01795,SA-PCBA-L14
U-01795,SA-BATT-L05
U-01795,SA-DISP-L10
U-01795,SA-ENC-L03
U-01796,SA-PCBA-L18
U-01796,SA-BATT-L09
U-01796,SA-DISP-L02
U-01796,SA-ENC-L07
U-01797,SA-PCBA-L17
U-01797,SA-BATT-L10
U-01797,SA-DISP-L01
U-01797,SA-ENC-L02
U-01798,SA-PCBA-L02
U-01798,SA-BATT-L02
U-01798,SA-DISP-L08
U-01798,SA-ENC-L01
U-01799,SA-PCBA-L20
U-01799,SA-BATT-L09
U-01799,SA-DISP-L01
U-01799,SA-ENC-L02
U-01800,SA-PCBA-L17
U-01800,SA-BATT-L06
U-01800,SA-DISP-L01
U-01800,SA-ENC-L01
U-01801,SA-PCBA-L17
U-01801,SA-BATT-L09
U-01801,SA-DISP-L01
U-01801,SA-ENC-L07
U-01802,SA-PCBA-L05
U-01802,SA-BATT-L01
U-01802,SA-DISP-L09
U-01802,SA-ENC-L01
U-01803,SA-PCBA-L11
U-01803,SA-BATT-L05
U-01803,SA-DISP-L05
U-01803,SA-ENC-L04
U-01804,SA-PCBA-L01
U-01804,SA-BATT-L02
U-01804,SA-DISP-L03
U-01804,SA-ENC-L01
U-01805,SA-PCBA-L17
U-01805,SA-BATT-L10
U-01805,SA-DISP-L01
U-01805,SA-ENC-L02
U-01806,SA-PCBA-L15
U-01806,SA-BATT-L07
U-01806,SA-DISP-L01
U-01806,SA-ENC-L04
U-01807,SA-PCBA-L02
U-01807,SA-BATT-L06
U-01807,SA-DISP-L06
U-01807,SA-ENC-L04
U-01808,SA-PCBA-L01
U-01808,SA-BATT-L04
U-01808,SA-DISP-L07
U-01808,SA-ENC-L05
U-01809,SA-PCBA-L08
U-01809,SA-BATT-L09
U-01809,SA-DISP-L06
U-01809,SA-ENC-L05
U-01810,SA-PCBA-L15
U-01810,SA-BATT-L10
U-01810,SA-DISP-L10
U-01810,SA-ENC-L07
U-01811,SA-PCBA-L06
U-01811,SA-BATT-L01
U-01811,SA-DISP-L05
U-01811,SA-ENC-L03
U-01812,SA-PCBA-L19
U-01812,SA-BATT-L10
U-01812,SA-DISP-L07
U-01812,SA-ENC-L03
U-01813,SA-PCBA-L13
U-01813,SA-BATT-L09
U-01813,SA-DISP-L09
U-01813,SA-ENC-L08
U-01814,SA-PCBA-L06
U-01814,SA-BATT-L01
U-01814,SA-DISP-L09
U-01814,SA-ENC-L05
U-01815,SA-PCBA-L06
U-01815,SA-BATT-L07
U-01815,SA-DISP-L01
U-01815,SA-ENC-L01
U-01816,SA-PCBA-L12
U-01816,SA-BATT-L04
U-01816,SA-DISP-L01
U-01816,SA-ENC-L05
U-01817,SA-PCBA-L11
U-01817,SA-BATT-L03
U-01817,SA-DISP-L09
U-01817,SA-ENC-L08
U-01818,SA-PCBA-L12
U-01818,SA-BATT-L01
U-01818,SA-DISP-L06
U-01818,SA-ENC-L03
U-01819,SA-PCBA-L14
U-01819,SA-BATT-L10
U-01819,SA-DISP-L02
U-01819,SA-ENC-L05
U-01820,SA-PCBA-L12
U-01820,SA-BATT-L04
U-01820,SA-DISP-L01
U-01820,SA-ENC-L08
U-01821,SA-PCBA-L10
U-01821,SA-BATT-L01
U-01821,SA-DISP-L05
U-01821,SA-ENC-L04
U-01822,SA-PCBA-L19
U-01822,SA-BATT-L10
U-01822,SA-DISP-L06
U-01822,SA-ENC-L07
U-01823,SA-PCBA-L02
U-01823,SA-BATT-L04
U-01823,SA-DISP-L07
U-01823,SA-ENC-L02
U-01824,SA-PCBA-L20
U-01824,SA-BATT-L02
U-01824,SA-DISP-L10
U-01824,SA-ENC-L04
U-01825,SA-PCBA-L09
U-01825,SA-BATT-L08
U-01825,SA-DISP-L05
U-01825,SA-ENC-L01
U-01826,SA-PCBA-L19
U-01826,SA-BATT-L07
U-01826,SA-DISP-L06
U-01826,SA-ENC-L02
U-01827,SA-PCBA-L14
U-01827,SA-BATT-L02
U-01827,SA-DISP-L05
U-01827,SA-ENC-L06
U-01828,SA-PCBA-L03
U-01828,SA-BATT-L02
U-01828,SA-DISP-L06
U-01828,SA-ENC-L08
U-01829,SA-PCBA-L02
U-01829,SA-BATT-L08
U-01829,SA-DISP-L08
U-01829,SA-ENC-L01
U-01830,SA-PCBA-L09
U-01830,SA-BATT-L01
U-01830,SA-DISP-L04
U-01830,SA-ENC-L03
U-01831,SA-PCBA-L10
U-01831,SA-BATT-L09
U-01831,SA-DISP-L06
U-01831,SA-ENC-L07
U-01832,SA-PCBA-L11
U-01832,SA-BATT-L03
U-01832,SA-DISP-L10
U-01832,SA-ENC-L06
U-01833,SA-PCBA-L14
U-01833,SA-BATT-L03
U-01833,SA-DISP-L04
U-01833,SA-ENC-L01
U-01834,SA-PCBA-L17
U-01834,SA-BATT-L08
U-01834,SA-DISP-L01
U-01834,SA-ENC-L08
U-01835,SA-PCBA-L10
U-01835,SA-BATT-L04
U-01835,SA-DISP-L02
U-01835,SA-ENC-L02
U-01836,SA-PCBA-L18
U-01836,SA-BATT-L06
U-01836,SA-DISP-L09
U-01836,SA-ENC-L01
U-01837,SA-PCBA-L15
U-01837,SA-BATT-L03
U-01837,SA-DISP-L03
U-01837,SA-ENC-L01
U-01838,SA-PCBA-L16
U-01838,SA-BATT-L01
U-01838,SA-DISP-L09
U-01838,SA-ENC-L03
U-01839,SA-PCBA-L19
U-01839,SA-BATT-L06
U-01839,SA-DISP-L04
U-01839,SA-ENC-L05
U-01840,SA-PCBA-L13
U-01840,SA-BATT-L01
U-01840,SA-DISP-L06
U-01840,SA-ENC-L04
U-01841,SA-PCBA-L15
U-01841,SA-BATT-L01
U-01841,SA-DISP-L04
U-01841,SA-ENC-L07
U-01842,SA-PCBA-L02
U-01842,SA-BATT-L03
U-01842,SA-DISP-L09
U-01842,SA-ENC-L02
U-01843,SA-PCBA-L02
U-01843,SA-BATT-L04
U-01843,SA-DISP-L01
U-01843,SA-ENC-L03
U-01844,SA-PCBA-L19
U-01844,SA-BATT-L08
U-01844,SA-DISP-L10
U-01844,SA-ENC-L06
U-01845,SA-PCBA-L14
U-01845,SA-BATT-L01
U-01845,SA-DISP-L03
U-01845,SA-ENC-L08
U-01846,SA-PCBA-L19
U-01846,SA-BATT-L03
U-01846,SA-DISP-L01
U-01846,SA-ENC-L06
U-01847,SA-PCBA-L01
U-01847,SA-BATT-L09
U-01847,SA-DISP-L02
U-01847,SA-ENC-L07
U-01848,SA-PCBA-L14
U-01848,SA-BATT-L03
U-01848,SA-DISP-L02
U-01848,SA-ENC-L08
U-01849,SA-PCBA-L17
U-01849,SA-BATT-L03
U-01849,SA-DISP-L05
U-01849,SA-ENC-L07
U-01850,SA-PCBA-L08
U-01850,SA-BATT-L06
U-01850,SA-DISP-L02
U-01850,SA-ENC-L06
U-01851,SA-PCBA-L03
U-01851,SA-BATT-L07
U-01851,SA-DISP-L08
U-01851,SA-ENC-L02
U-01852,SA-PCBA-L08
U-01852,SA-BATT-L04
U-01852,SA-DISP-L10
U-01852,SA-ENC-L06
U-01853,SA-PCBA-L13
U-01853,SA-BATT-L08
U-01853,SA-DISP-L10
U-01853,SA-ENC-L01
U-01854,SA-PCBA-L13
U-01854,SA-BATT-L10
U-01854,SA-DISP-L04
U-01854,SA-ENC-L07
U-01855,SA-PCBA-L18
U-01855,SA-BATT-L08
U-01855,SA-DISP-L07
U-01855,SA-ENC-L01
U-01856,SA-PCBA-L11
U-01856,SA-BATT-L04
U-01856,SA-DISP-L01
U-01856,SA-ENC-L02
U-01857,SA-PCBA-L19
U-01857,SA-BATT-L04
U-01857,SA-DISP-L03
U-01857,SA-ENC-L04
U-01858,SA-PCBA-L08
U-01858,SA-BATT-L03
U-01858,SA-DISP-L07
U-01858,SA-ENC-L08
U-01859,SA-PCBA-L06
U-01859,SA-BATT-L04
U-01859,SA-DISP-L09
U-01859,SA-ENC-L06
U-01860,SA-PCBA-L03
U-01860,SA-BATT-L07
U-01860,SA-DISP-L10
U-01860,SA-ENC-L04
U-01861,SA-PCBA-L20
U-01861,SA-BATT-L03
U-01861,SA-DISP-L10
U-01861,SA-ENC-L01
U-01862,SA-PCBA-L16
U-01862,SA-BATT-L01
U-01862,SA-DISP-L08
U-01862,SA-ENC-L06
U-01863,SA-PCBA-L10
U-01863,SA-BATT-L04
U-01863,SA-DISP-L04
U-01863,SA-ENC-L03
U-01864,SA-PCBA-L08
U-01864,SA-BATT-L02
U-01864,SA-DISP-L07
U-01864,SA-ENC-L01
U-01865,SA-PCBA-L14
U-01865,SA-BATT-L01
U-01865,SA-DISP-L04
U-01865,SA-ENC-L07
U-01866,SA-PCBA-L19
U-01866,SA-BATT-L05
U-01866,SA-DISP-L01
U-01866,SA-ENC-L03
U-01867,SA-PCBA-L17
U-01867,SA-BATT-L08
U-01867,SA-DISP-L07
U-01867,SA-ENC-L03
U-01868,SA-PCBA-L07
U-01868,SA-BATT-L09
U-01868,SA-DISP-L06
U-01868,SA-ENC-L07
U-01869,SA-PCBA-L16
U-01869,SA-BATT-L10
U-01869,SA-DISP-L04
U-01869,SA-ENC-L02
U-01870,SA-PCBA-L17
U-01870,SA-BATT-L07
U-01870,SA-DISP-L01
U-01870,SA-ENC-L06
U-01871,SA-PCBA-L10
U-01871,SA-BATT-L04
U-01871,SA-DISP-L03
U-01871,SA-ENC-L03
U-01872,SA-PCBA-L19
U-01872,SA-BATT-L09
U-01872,SA-DISP-L02
U-01872,SA-ENC-L02
U-01873,SA-PCBA-L18
U-01873,SA-BATT-L07
U-01873,SA-DISP-L03
U-01873,SA-ENC-L03
U-01874,SA-PCBA-L06
U-01874,SA-BATT-L06
U-01874,SA-DISP-L07
U-01874,SA-ENC-L08
U-01875,SA-PCBA-L16
U-01875,SA-BATT-L01
U-01875,SA-DISP-L06
U-01875,SA-ENC-L05
U-01876,SA-PCBA-L12
U-01876,SA-BATT-L07
U-01876,SA-DISP-L05
U-01876,SA-ENC-L08
U-01877,SA-PCBA-L14
U-01877,SA-BATT-L08
U-01877,SA-DISP-L10
U-01877,SA-ENC-L05
U-01878,SA-PCBA-L16
U-01878,SA-BATT-L02
U-01878,SA-DISP-L01
U-01878,SA-ENC-L01
U-01879,SA-PCBA-L15
U-01879,SA-BATT-L09
U-01879,SA-DISP-L07
U-01879,SA-ENC-L05
U-01880,SA-PCBA-L04
U-01880,SA-BATT-L03
U-01880,SA-DISP-L05
U-01880,SA-ENC-L08
U-01881,SA-PCBA-L12
U-01881,SA-BATT-L01
U-01881,SA-DISP-L06
U-01881,SA-ENC-L02
U-01882,SA-PCBA-L03
U-01882,SA-BATT-L09
U-01882,SA-DISP-L10
U-01882,SA-ENC-L08
U-01883,SA-PCBA-L01
U-01883,SA-BATT-L09
U-01883,SA-DISP-L04
U-01883,SA-ENC-L06
U-01884,SA-PCBA-L12
U-01884,SA-BATT-L05
U-01884,SA-DISP-L03
U-01884,SA-ENC-L04
U-01885,SA-PCBA-L01
U-01885,SA-BATT-L10
U-01885,SA-DISP-L05
U-01885,SA-ENC-L02
U-01886,SA-PCBA-L19
U-01886,SA-BATT-L08
U-01886,SA-DISP-L03
U-01886,SA-ENC-L05
U-01887,SA-PCBA-L12
U-01887,SA-BATT-L06
U-01887,SA-DISP-L01
U-01887,SA-ENC-L08
U-01888,SA-PCBA-L13
U-01888,SA-BATT-L08
U-01888,SA-DISP-L04
U-01888,SA-ENC-L05
U-01889,SA-PCBA-L11
U-01889,SA-BATT-L05
U-01889,SA-DISP-L03
U-01889,SA-ENC-L01
U-01890,SA-PCBA-L18
U-01890,SA-BATT-L04
U-01890,SA-DISP-L05
U-01890,SA-ENC-L03
U-01891,SA-PCBA-L20
U-01891,SA-BATT-L06
U-01891,SA-DISP-L02
U-01891,SA-ENC-L05
U-01892,SA-PCBA-L13
U-01892,SA-BATT-L09
U-01892,SA-DISP-L07
U-01892,SA-ENC-L05
U-01893,SA-PCBA-L12
U-01893,SA-BATT-L09
U-01893,SA-DISP-L07
U-01893,SA-ENC-L05
U-01894,SA-PCBA-L16
U-01894,SA-BATT-L07
U-01894,SA-DISP-L03
U-01894,SA-ENC-L04
U-01895,SA-PCBA-L18
U-01895,SA-BATT-L09
U-01895,SA-DISP-L09
U-01895,SA-ENC-L03
U-01896,SA-PCBA-L19
U-01896,SA-BATT-L01
U-01896,SA-DISP-L07
U-01896,SA-ENC-L03
U-01897,SA-PCBA-L01
U-01897,SA-BATT-L03
U-01897,SA-DISP-L03
U-01897,SA-ENC-L04
U-01898,SA-PCBA-L15
U-01898,SA-BATT-L01
U-01898,SA-DISP-L09
U-01898,SA-ENC-L05
U-01899,SA-PCBA-L07
U-01899,SA-BATT-L10
U-01899,SA-DISP-L09
U-01899,SA-ENC-L02
U-01900,SA-PCBA-L14
U-01900,SA-BATT-L10
U-01900,SA-DISP-L02
U-01900,SA-ENC-L06
U-01901,SA-PCBA-L20
U-01901,SA-BATT-L05
U-01901,SA-DISP-L09
U-01901,SA-ENC-L08
U-01902,SA-PCBA-L13
U-01902,SA-BATT-L02
U-01902,SA-DISP-L03
U-01902,SA-ENC-L02
U-01903,SA-PCBA-L06
U-01903,SA-BATT-L10
U-01903,SA-DISP-L09
U-01903,SA-ENC-L07
U-01904,SA-PCBA-L13
U-01904,SA-BATT-L10
U-01904,SA-DISP-L01
U-01904,SA-ENC-L02
U-01905,SA-PCBA-L08
U-01905,SA-BATT-L05
U-01905,SA-DISP-L09
U-01905,SA-ENC-L07
U-01906,SA-PCBA-L11
U-01906,SA-BATT-L08
U-01906,SA-DISP-L09
U-01906,SA-ENC-L07
U-01907,SA-PCBA-L15
U-01907,SA-BATT-L04
U-01907,SA-DISP-L02
U-01907,SA-ENC-L03
U-01908,SA-PCBA-L15
U-01908,SA-BATT-L01
U-01908,SA-DISP-L06
U-01908,SA-ENC-L03
U-01909,SA-PCBA-L17
U-01909,SA-BATT-L09
U-01909,SA-DISP-L04
U-01909,SA-ENC-L02
U-01910,SA-PCBA-L10
U-01910,SA-BATT-L06
U-01910,SA-DISP-L01
U-01910,SA-ENC-L04
U-01911,SA-PCBA-L15
U-01911,SA-BATT-L10
U-01911,SA-DISP-L08
U-01911,SA-ENC-L01
U-01912,SA-PCBA-L19
U-01912,SA-BATT-L05
U-01912,SA-DISP-L01
U-01912,SA-ENC-L04
U-01913,SA-PCBA-L13
U-01913,SA-BATT-L08
U-01913,SA-DISP-L04
U-01913,SA-ENC-L08
U-01914,SA-PCBA-L05
U-01914,SA-BATT-L08
U-01914,SA-DISP-L04
U-01914,SA-ENC-L02
U-01915,SA-PCBA-L06
U-01915,SA-BATT-L04
U-01915,SA-DISP-L04
U-01915,SA-ENC-L03
U-01916,SA-PCBA-L18
U-01916,SA-BATT-L04
U-01916,SA-DISP-L10
U-01916,SA-ENC-L07
U-01917,SA-PCBA-L09
U-01917,SA-BATT-L07
U-01917,SA-DISP-L03
U-01917,SA-ENC-L02
U-01918,SA-PCBA-L04
U-01918,SA-BATT-L07
U-01918,SA-DISP-L02
U-01918,SA-ENC-L08
U-01919,SA-PCBA-L18
U-01919,SA-BATT-L02
U-01919,SA-DISP-L05
U-01919,SA-ENC-L02
U-01920,SA-PCBA-L09
U-01920,SA-BATT-L09
U-01920,SA-DISP-L04
U-01920,SA-ENC-L08
U-01921,SA-PCBA-L07
U-01921,SA-BATT-L01
U-01921,SA-DISP-L03
U-01921,SA-ENC-L07
U-01922,SA-PCBA-L07
U-01922,SA-BATT-L07
U-01922,SA-DISP-L07
U-01922,SA-ENC-L08
U-01923,SA-PCBA-L13
U-01923,SA-BATT-L04
U-01923,SA-DISP-L05
U-01923,SA-ENC-L03
U-01924,SA-PCBA-L20
U-01924,SA-BATT-L10
U-01924,SA-DISP-L09
U-01924,SA-ENC-L01
U-01925,SA-PCBA-L01
U-01925,SA-BATT-L02
U-01925,SA-DISP-L08
U-01925,SA-ENC-L08
U-01926,SA-PCBA-L10
U-01926,SA-BATT-L06
U-01926,SA-DISP-L02
U-01926,SA-ENC-L08
U-01927,SA-PCBA-L04
U-01927,SA-BATT-L09
U-01927,SA-DISP-L07
U-01927,SA-ENC-L04
U-01928,SA-PCBA-L19
U-01928,SA-BATT-L03
U-01928,SA-DISP-L03
U-01928,SA-ENC-L08
U-01929,SA-PCBA-L11
U-01929,SA-BATT-L01
U-01929,SA-DISP-L03
U-01929,SA-ENC-L06
U-01930,SA-PCBA-L13
U-01930,SA-BATT-L08
U-01930,SA-DISP-L03
U-01930,SA-ENC-L03
U-01931,SA-PCBA-L09
U-01931,SA-BATT-L07
U-01931,SA-DISP-L02
U-01931,SA-ENC-L06
U-01932,SA-PCBA-L17
U-01932,SA-BATT-L09
U-01932,SA-DISP-L08
U-01932,SA-ENC-L06
U-01933,SA-PCBA-L16
U-01933,SA-BATT-L07
U-01933,SA-DISP-L07
U-01933,SA-ENC-L02
U-01934,SA-PCBA-L03
U-01934,SA-BATT-L05
U-01934,SA-DISP-L04
U-01934,SA-ENC-L02
U-01935,SA-PCBA-L01
U-01935,SA-BATT-L08
U-01935,SA-DISP-L09
U-01935,SA-ENC-L02
U-01936,SA-PCBA-L02
U-01936,SA-BATT-L07
U-01936,SA-DISP-L09
U-01936,SA-ENC-L01
U-01937,SA-PCBA-L09
U-01937,SA-BATT-L03
U-01937,SA-DISP-L04
U-01937,SA-ENC-L01
U-01938,SA-PCBA-L01
U-01938,SA-BATT-L06
U-01938,SA-DISP-L03
U-01938,SA-ENC-L03
U-01939,SA-PCBA-L13
U-01939,SA-BATT-L02
U-01939,SA-DISP-L05
U-01939,SA-ENC-L06
U-01940,SA-PCBA-L05
U-01940,SA-BATT-L03
U-01940,SA-DISP-L03
U-01940,SA-ENC-L03
U-01941,SA-PCBA-L01
U-01941,SA-BATT-L02
U-01941,SA-DISP-L10
U-01941,SA-ENC-L01
U-01942,SA-PCBA-L06
U-01942,SA-BATT-L06
U-01942,SA-DISP-L03
U-01942,SA-ENC-L07
U-01943,SA-PCBA-L11
U-01943,SA-BATT-L03
U-01943,SA-DISP-L04
U-01943,SA-ENC-L05
U-01944,SA-PCBA-L19
U-01944,SA-BATT-L09
U-01944,SA-DISP-L07
U-01944,SA-ENC-L07
U-01945,SA-PCBA-L08
U-01945,SA-BATT-L05
U-01945,SA-DISP-L10
U-01945,SA-ENC-L06
U-01946,SA-PCBA-L13
U-01946,SA-BATT-L06
U-01946,SA-DISP-L06
U-01946,SA-ENC-L02
U-01947,SA-PCBA-L02
U-01947,SA-BATT-L10
U-01947,SA-DISP-L07
U-01947,SA-ENC-L07
U-01948,SA-PCBA-L06
U-01948,SA-BATT-L05
U-01948,SA-DISP-L08
U-01948,SA-ENC-L05
U-01949,SA-PCBA-L05
U-01949,SA-BATT-L10
U-01949,SA-DISP-L09
U-01949,SA-ENC-L06
U-01950,SA-PCBA-L03
U-01950,SA-BATT-L03
U-01950,SA-DISP-L08
U-01950,SA-ENC-L07
U-01951,SA-PCBA-L14
U-01951,SA-BATT-L09
U-01951,SA-DISP-L06
U-01951,SA-ENC-L07
U-01952,SA-PCBA-L16
U-01952,SA-BATT-L10
U-01952,SA-DISP-L04
U-01952,SA-ENC-L02
U-01953,SA-PCBA-L03
U-01953,SA-BATT-L01
U-01953,SA-DISP-L04
U-01953,SA-ENC-L01
U-01954,SA-PCBA-L11
U-01954,SA-BATT-L09
U-01954,SA-DISP-L10
U-01954,SA-ENC-L07
U-01955,SA-PCBA-L04
U-01955,SA-BATT-L03
U-01955,SA-DISP-L02
U-01955,SA-ENC-L05
U-01956,SA-PCBA-L07
U-01956,SA-BATT-L07
U-01956,SA-DISP-L05
U-01956,SA-ENC-L06
U-01957,SA-PCBA-L10
U-01957,SA-BATT-L01
U-01957,SA-DISP-L04
U-01957,SA-ENC-L07
U-01958,SA-PCBA-L10
U-01958,SA-BATT-L10
U-01958,SA-DISP-L08
U-01958,SA-ENC-L02
U-01959,SA-PCBA-L16
U-01959,SA-BATT-L02
U-01959,SA-DISP-L03
U-01959,SA-ENC-L06
U-01960,SA-PCBA-L08
U-01960,SA-BATT-L04
U-01960,SA-DISP-L04
U-01960,SA-ENC-L05
U-01961,SA-PCBA-L18
U-01961,SA-BATT-L02
U-01961,SA-DISP-L05
U-01961,SA-ENC-L01
U-01962,SA-PCBA-L20
U-01962,SA-BATT-L04
U-01962,SA-DISP-L01
U-01962,SA-ENC-L02
U-01963,SA-PCBA-L03
U-01963,SA-BATT-L01
U-01963,SA-DISP-L01
U-01963,SA-ENC-L05
U-01964,SA-PCBA-L14
U-01964,SA-BATT-L02
U-01964,SA-DISP-L07
U-01964,SA-ENC-L01
U-01965,SA-PCBA-L11
U-01965,SA-BATT-L09
U-01965,SA-DISP-L06
U-01965,SA-ENC-L05
U-01966,SA-PCBA-L19
U-01966,SA-BATT-L02
U-01966,SA-DISP-L08
U-01966,SA-ENC-L02
U-01967,SA-PCBA-L19
U-01967,SA-BATT-L02
U-01967,SA-DISP-L04
U-01967,SA-ENC-L03
U-01968,SA-PCBA-L07
U-01968,SA-BATT-L09
U-01968,SA-DISP-L09
U-01968,SA-ENC-L02
U-01969,SA-PCBA-L08
U-01969,SA-BATT-L07
U-01969,SA-DISP-L08
U-01969,SA-ENC-L06
U-01970,SA-PCBA-L19
U-01970,SA-BATT-L05
U-01970,SA-DISP-L10
U-01970,SA-ENC-L02
U-01971,SA-PCBA-L10
U-01971,SA-BATT-L01
U-01971,SA-DISP-L02
U-01971,SA-ENC-L04
U-01972,SA-PCBA-L17
U-01972,SA-BATT-L09
U-01972,SA-DISP-L05
U-01972,SA-ENC-L06
U-01973,SA-PCBA-L12
U-01973,SA-BATT-L05
U-01973,SA-DISP-L08
U-01973,SA-ENC-L02
U-01974,SA-PCBA-L19
U-01974,SA-BATT-L10
U-01974,SA-DISP-L04
U-01974,SA-ENC-L01
U-01975,SA-PCBA-L07
U-01975,SA-BATT-L06
U-01975,SA-DISP-L06
U-01975,SA-ENC-L05
U-01976,SA-PCBA-L12
U-01976,SA-BATT-L07
U-01976,SA-DISP-L06
U-01976,SA-ENC-L01
U-01977,SA-PCBA-L04
U-01977,SA-BATT-L04
U-01977,SA-DISP-L01
U-01977,SA-ENC-L07
U-01978,SA-PCBA-L01
U-01978,SA-BATT-L01
U-01978,SA-DISP-L07
U-01978,SA-ENC-L07
U-01979,SA-PCBA-L14
U-01979,SA-BATT-L03
U-01979,SA-DISP-L04
U-01979,SA-ENC-L02
U-01980,SA-PCBA-L06
U-01980,SA-BATT-L05
U-01980,SA-DISP-L01
U-01980,SA-ENC-L05
U-01981,SA-PCBA-L11
U-01981,SA-BATT-L08
U-01981,SA-DISP-L10
U-01981,SA-ENC-L02
U-01982,SA-PCBA-L07
U-01982,SA-BATT-L06
U-01982,SA-DISP-L08
U-01982,SA-ENC-L03
U-01983,SA-PCBA-L16
U-01983,SA-BATT-L09
U-01983,SA-DISP-L01
U-01983,SA-ENC-L08
U-01984,SA-PCBA-L08
U-01984,SA-BATT-L05
U-01984,SA-DISP-L02
U-01984,SA-ENC-L06
U-01985,SA-PCBA-L10
U-01985,SA-BATT-L03
U-01985,SA-DISP-L09
U-01985,SA-ENC-L01
U-01986,SA-PCBA-L18
U-01986,SA-BATT-L01
U-01986,SA-DISP-L04
U-01986,SA-ENC-L08
U-01987,SA-PCBA-L09
U-01987,SA-BATT-L04
U-01987,SA-DISP-L07
U-01987,SA-ENC-L01
U-01988,SA-PCBA-L11
U-01988,SA-BATT-L03
U-01988,SA-DISP-L10
U-01988,SA-ENC-L01
U-01989,SA-PCBA-L18
U-01989,SA-BATT-L07
U-01989,SA-DISP-L01
U-01989,SA-ENC-L07
U-01990,SA-PCBA-L15
U-01990,SA-BATT-L01
U-01990,SA-DISP-L02
U-01990,SA-ENC-L07
U-01991,SA-PCBA-L02
U-01991,SA-BATT-L03
U-01991,SA-DISP-L06
U-01991,SA-ENC-L04
U-01992,SA-PCBA-L15
U-01992,SA-BATT-L08
U-01992,SA-DISP-L03
U-01992,SA-ENC-L06
U-01993,SA-PCBA-L17
U-01993,SA-BATT-L01
U-01993,SA-DISP-L01
U-01993,SA-ENC-L05
U-01994,SA-PCBA-L04
U-01994,SA-BATT-L06
U-01994,SA-DISP-L09
U-01994,SA-ENC-L06
U-01995,SA-PCBA-L01
U-01995,SA-BATT-L03
U-01995,SA-DISP-L05
U-01995,SA-ENC-L03
U-01996,SA-PCBA-L20
U-01996,SA-BATT-L05
U-01996,SA-DISP-L06
U-01996,SA-ENC-L03
U-01997,SA-PCBA-L17
U-01997,SA-BATT-L07
U-01997,SA-DISP-L03
U-01997,SA-ENC-L02
U-01998,SA-PCBA-L17
U-01998,SA-BATT-L08
U-01998,SA-DISP-L09
U-01998,SA-ENC-L03
U-01999,SA-PCBA-L16
U-01999,SA-BATT-L04
U-01999,SA-DISP-L03
U-01999,SA-ENC-L06
U-02000,SA-PCBA-L01
U-02000,SA-BATT-L03
U-02000,SA-DISP-L03
U-02000,SA-ENC-L01
U-02001,SA-PCBA-L03
U-02001,SA-BATT-L10
U-02001,SA-DISP-L01
U-02001,SA-ENC-L01
U-02002,SA-PCBA-L13
U-02002,SA-BATT-L05
U-02002,SA-DISP-L08
U-02002,SA-ENC-L02
U-02003,SA-PCBA-L10
U-02003,SA-BATT-L01
U-02003,SA-DISP-L05
U-02003,SA-ENC-L06
U-02004,SA-PCBA-L15
U-02004,SA-BATT-L09
U-02004,SA-DISP-L02
U-02004,SA-ENC-L05
U-02005,SA-PCBA-L07
U-02005,SA-BATT-L10
U-02005,SA-DISP-L02
U-02005,SA-ENC-L02
U-02006,SA-PCBA-L14
U-02006,SA-BATT-L02
U-02006,SA-DISP-L03
U-02006,SA-ENC-L01
U-02007,SA-PCBA-L02
U-02007,SA-BATT-L03
U-02007,SA-DISP-L03
U-02007,SA-ENC-L04
U-02008,SA-PCBA-L14
U-02008,SA-BATT-L04
U-02008,SA-DISP-L06
U-02008,SA-ENC-L04
U-02009,SA-PCBA-L17
U-02009,SA-BATT-L05
U-02009,SA-DISP-L09
U-02009,SA-ENC-L06
U-02010,SA-PCBA-L15
U-02010,SA-BATT-L06
U-02010,SA-DISP-L04
U-02010,SA-ENC-L03
U-02011,SA-PCBA-L13
U-02011,SA-BATT-L10
U-02011,SA-DISP-L04
U-02011,SA-ENC-L03
U-02012,SA-PCBA-L14
U-02012,SA-BATT-L06
U-02012,SA-DISP-L10
U-02012,SA-ENC-L02
U-02013,SA-PCBA-L16
U-02013,SA-BATT-L06
U-02013,SA-DISP-L03
U-02013,SA-ENC-L07
U-02014,SA-PCBA-L11
U-02014,SA-BATT-L06
U-02014,SA-DISP-L06
U-02014,SA-ENC-L04
U-02015,SA-PCBA-L16
U-02015,SA-BATT-L07
U-02015,SA-DISP-L05
U-02015,SA-ENC-L08
U-02016,SA-PCBA-L05
U-02016,SA-BATT-L06
U-02016,SA-DISP-L01
U-02016,SA-ENC-L07
U-02017,SA-PCBA-L05
U-02017,SA-BATT-L08
U-02017,SA-DISP-L07
U-02017,SA-ENC-L08
U-02018,SA-PCBA-L05
U-02018,SA-BATT-L02
U-02018,SA-DISP-L03
U-02018,SA-ENC-L02
U-02019,SA-PCBA-L18
U-02019,SA-BATT-L01
U-02019,SA-DISP-L05
U-02019,SA-ENC-L06
U-02020,SA-PCBA-L02
U-02020,SA-BATT-L08
U-02020,SA-DISP-L01
U-02020,SA-ENC-L04
U-02021,SA-PCBA-L10
U-02021,SA-BATT-L04
U-02021,SA-DISP-L08
U-02021,SA-ENC-L03
U-02022,SA-PCBA-L13
U-02022,SA-BATT-L08
U-02022,SA-DISP-L01
U-02022,SA-ENC-L07
U-02023,SA-PCBA-L01
U-02023,SA-BATT-L01
U-02023,SA-DISP-L09
U-02023,SA-ENC-L05
U-02024,SA-PCBA-L15
U-02024,SA-BATT-L10
U-02024,SA-DISP-L07
U-02024,SA-ENC-L01
U-02025,SA-PCBA-L01
U-02025,SA-BATT-L06
U-02025,SA-DISP-L05
U-02025,SA-ENC-L05
U-02026,SA-PCBA-L04
U-02026,SA-BATT-L04
U-02026,SA-DISP-L03
U-02026,SA-ENC-L05
U-02027,SA-PCBA-L03
U-02027,SA-BATT-L02
U-02027,SA-DISP-L06
U-02027,SA-ENC-L05
U-02028,SA-PCBA-L19
U-02028,SA-BATT-L01
U-02028,SA-DISP-L05
U-02028,SA-ENC-L05
U-02029,SA-PCBA-L08
U-02029,SA-BATT-L06
U-02029,SA-DISP-L04
U-02029,SA-ENC-L02
U-02030,SA-PCBA-L01
U-02030,SA-BATT-L02
U-02030,SA-DISP-L07
U-02030,SA-ENC-L06
U-02031,SA-PCBA-L02
U-02031,SA-BATT-L03
U-02031,SA-DISP-L08
U-02031,SA-ENC-L02
U-02032,SA-PCBA-L13
U-02032,SA-BATT-L07
U-02032,SA-DISP-L09
U-02032,SA-ENC-L07
U-02033,SA-PCBA-L07
U-02033,SA-BATT-L04
U-02033,SA-DISP-L03
U-02033,SA-ENC-L07
U-02034,SA-PCBA-L07
U-02034,SA-BATT-L05
U-02034,SA-DISP-L06
U-02034,SA-ENC-L02
U-02035,SA-PCBA-L19
U-02035,SA-BATT-L09
U-02035,SA-DISP-L03
U-02035,SA-ENC-L05
U-02036,SA-PCBA-L18
U-02036,SA-BATT-L05
U-02036,SA-DISP-L07
U-02036,SA-ENC-L07
U-02037,SA-PCBA-L06
U-02037,SA-BATT-L08
U-02037,SA-DISP-L07
U-02037,SA-ENC-L07
U-02038,SA-PCBA-L13
U-02038,SA-BATT-L03
U-02038,SA-DISP-L09
U-02038,SA-ENC-L06
U-02039,SA-PCBA-L19
U-02039,SA-BATT-L03
U-02039,SA-DISP-L01
U-02039,SA-ENC-L08
U-02040,SA-PCBA-L04
U-02040,SA-BATT-L09
U-02040,SA-DISP-L05
U-02040,SA-ENC-L03
U-02041,SA-PCBA-L03
U-02041,SA-BATT-L03
U-02041,SA-DISP-L02
U-02041,SA-ENC-L01
U-02042,SA-PCBA-L14
U-02042,SA-BATT-L08
U-02042,SA-DISP-L08
U-02042,SA-ENC-L08
U-02043,SA-PCBA-L04
U-02043,SA-BATT-L07
U-02043,SA-DISP-L06
U-02043,SA-ENC-L07
U-02044,SA-PCBA-L17
U-02044,SA-BATT-L04
U-02044,SA-DISP-L04
U-02044,SA-ENC-L05
U-02045,SA-PCBA-L05
U-02045,SA-BATT-L07
U-02045,SA-DISP-L06
U-02045,SA-ENC-L04
U-02046,SA-PCBA-L20
U-02046,SA-BATT-L01
U-02046,SA-DISP-L08
U-02046,SA-ENC-L01
U-02047,SA-PCBA-L19
U-02047,SA-BATT-L02
U-02047,SA-DISP-L02
U-02047,SA-ENC-L06
U-02048,SA-PCBA-L06
U-02048,SA-BATT-L07
U-02048,SA-DISP-L06
U-02048,SA-ENC-L04
U-02049,SA-PCBA-L07
U-02049,SA-BATT-L06
U-02049,SA-DISP-L08
U-02049,SA-ENC-L02
U-02050,SA-PCBA-L14
U-02050,SA-BATT-L07
U-02050,SA-DISP-L05
U-02050,SA-ENC-L04
U-02051,SA-PCBA-L05
U-02051,SA-BATT-L09
U-02051,SA-DISP-L03
U-02051,SA-ENC-L05
U-02052,SA-PCBA-L06
U-02052,SA-BATT-L01
U-02052,SA-DISP-L09
U-02052,SA-ENC-L07
U-02053,SA-PCBA-L11
U-02053,SA-BATT-L05
U-02053,SA-DISP-L04
U-02053,SA-ENC-L03
U-02054,SA-PCBA-L11
U-02054,SA-BATT-L07
U-02054,SA-DISP-L04
U-02054,SA-ENC-L07
U-02055,SA-PCBA-L20
U-02055,SA-BATT-L10
U-02055,SA-DISP-L10
U-02055,SA-ENC-L04
U-02056,SA-PCBA-L07
U-02056,SA-BATT-L09
U-02056,SA-DISP-L04
U-02056,SA-ENC-L06
U-02057,SA-PCBA-L08
U-02057,SA-BATT-L08
U-02057,SA-DISP-L07
U-02057,SA-ENC-L07
U-02058,SA-PCBA-L14
U-02058,SA-BATT-L09
U-02058,SA-DISP-L02
U-02058,SA-ENC-L06
U-02059,SA-PCBA-L08
U-02059,SA-BATT-L02
U-02059,SA-DISP-L02
U-02059,SA-ENC-L01
U-02060,SA-PCBA-L18
U-02060,SA-BATT-L10
U-02060,SA-DISP-L09
U-02060,SA-ENC-L05
U-02061,SA-PCBA-L16
U-02061,SA-BATT-L07
U-02061,SA-DISP-L06
U-02061,SA-ENC-L01
U-02062,SA-PCBA-L16
U-02062,SA-BATT-L07
U-02062,SA-DISP-L03
U-02062,SA-ENC-L04
U-02063,SA-PCBA-L06
U-02063,SA-BATT-L08
U-02063,SA-DISP-L07
U-02063,SA-ENC-L03
U-02064,SA-PCBA-L03
U-02064,SA-BATT-L07
U-02064,SA-DISP-L06
U-02064,SA-ENC-L03
U-02065,SA-PCBA-L19
U-02065,SA-BATT-L09
U-02065,SA-DISP-L02
U-02065,SA-ENC-L03
U-02066,SA-PCBA-L13
U-02066,SA-BATT-L05
U-02066,SA-DISP-L01
U-02066,SA-ENC-L04
U-02067,SA-PCBA-L04
U-02067,SA-BATT-L08
U-02067,SA-DISP-L02
U-02067,SA-ENC-L07
U-02068,SA-PCBA-L13
U-02068,SA-BATT-L06
U-02068,SA-DISP-L02
U-02068,SA-ENC-L08
U-02069,SA-PCBA-L01
U-02069,SA-BATT-L10
U-02069,SA-DISP-L03
U-02069,SA-ENC-L05
U-02070,SA-PCBA-L10
U-02070,SA-BATT-L01
U-02070,SA-DISP-L03
U-02070,SA-ENC-L04
U-02071,SA-PCBA-L02
U-02071,SA-BATT-L08
U-02071,SA-DISP-L05
U-02071,SA-ENC-L03
U-02072,SA-PCBA-L20
U-02072,SA-BATT-L04
U-02072,SA-DISP-L02
U-02072,SA-ENC-L01
U-02073,SA-PCBA-L06
U-02073,SA-BATT-L07
U-02073,SA-DISP-L07
U-02073,SA-ENC-L03
U-02074,SA-PCBA-L01
U-02074,SA-BATT-L06
U-02074,SA-DISP-L08
U-02074,SA-ENC-L02
U-02075,SA-PCBA-L02
U-02075,SA-BATT-L07
U-02075,SA-DISP-L09
U-02075,SA-ENC-L08
U-02076,SA-PCBA-L13
U-02076,SA-BATT-L07
U-02076,SA-DISP-L09
U-02076,SA-ENC-L07
U-02077,SA-PCBA-L12
U-02077,SA-BATT-L09
U-02077,SA-DISP-L07
U-02077,SA-ENC-L03
U-02078,SA-PCBA-L18
U-02078,SA-BATT-L08
U-02078,SA-DISP-L06
U-02078,SA-ENC-L08
U-02079,SA-PCBA-L18
U-02079,SA-BATT-L04
U-02079,SA-DISP-L05
U-02079,SA-ENC-L05
U-02080,SA-PCBA-L11
U-02080,SA-BATT-L01
U-02080,SA-DISP-L06
U-02080,SA-ENC-L01
U-02081,SA-PCBA-L07
U-02081,SA-BATT-L10
U-02081,SA-DISP-L01
U-02081,SA-ENC-L08
U-02082,SA-PCBA-L01
U-02082,SA-BATT-L04
U-02082,SA-DISP-L09
U-02082,SA-ENC-L01
U-02083,SA-PCBA-L01
U-02083,SA-BATT-L05
U-02083,SA-DISP-L06
U-02083,SA-ENC-L01
U-02084,SA-PCBA-L20
U-02084,SA-BATT-L05
U-02084,SA-DISP-L04
U-02084,SA-ENC-L04
U-02085,SA-PCBA-L04
U-02085,SA-BATT-L03
U-02085,SA-DISP-L04
U-02085,SA-ENC-L06
U-02086,SA-PCBA-L05
U-02086,SA-BATT-L09
U-02086,SA-DISP-L07
U-02086,SA-ENC-L07
U-02087,SA-PCBA-L12
U-02087,SA-BATT-L05
U-02087,SA-DISP-L06
U-02087,SA-ENC-L02
U-02088,SA-PCBA-L12
U-02088,SA-BATT-L06
U-02088,SA-DISP-L06
U-02088,SA-ENC-L04
U-02089,SA-PCBA-L17
U-02089,SA-BATT-L08
U-02089,SA-DISP-L04
U-02089,SA-ENC-L04
U-02090,SA-PCBA-L14
U-02090,SA-BATT-L03
U-02090,SA-DISP-L07
U-02090,SA-ENC-L05
U-02091,SA-PCBA-L13
U-02091,SA-BATT-L03
U-02091,SA-DISP-L01
U-02091,SA-ENC-L01
U-02092,SA-PCBA-L11
U-02092,SA-BATT-L02
U-02092,SA-DISP-L07
U-02092,SA-ENC-L08
U-02093,SA-PCBA-L15
U-02093,SA-BATT-L04
U-02093,SA-DISP-L02
U-02093,SA-ENC-L03
U-02094,SA-PCBA-L05
U-02094,SA-BATT-L01
U-02094,SA-DISP-L03
U-02094,SA-ENC-L06
U-02095,SA-PCBA-L09
U-02095,SA-BATT-L03
U-02095,SA-DISP-L08
U-02095,SA-ENC-L06
U-02096,SA-PCBA-L09
U-02096,SA-BATT-L04
U-02096,SA-DISP-L02
U-02096,SA-ENC-L04
U-02097,SA-PCBA-L06
U-02097,SA-BATT-L10
U-02097,SA-DISP-L08
U-02097,SA-ENC-L08
U-02098,SA-PCBA-L20
U-02098,SA-BATT-L03
U-02098,SA-DISP-L07
U-02098,SA-ENC-L06
U-02099,SA-PCBA-L03
U-02099,SA-BATT-L01
U-02099,SA-DISP-L09
U-02099,SA-ENC-L08
U-02100,SA-PCBA-L15
U-02100,SA-BATT-L04
U-02100,SA-DISP-L08
U-02100,SA-ENC-L07
U-02101,SA-PCBA-L20
U-02101,SA-BATT-L02
U-02101,SA-DISP-L06
U-02101,SA-ENC-L04
U-02102,SA-PCBA-L08
U-02102,SA-BATT-L09
U-02102,SA-DISP-L08
U-02102,SA-ENC-L01
U-02103,SA-PCBA-L15
U-02103,SA-BATT-L07
U-02103,SA-DISP-L01
U-02103,SA-ENC-L04
U-02104,SA-PCBA-L03
U-02104,SA-BATT-L09
U-02104,SA-DISP-L03
U-02104,SA-ENC-L04
U-02105,SA-PCBA-L06
U-02105,SA-BATT-L02
U-02105,SA-DISP-L01
U-02105,SA-ENC-L06
U-02106,SA-PCBA-L18
U-02106,SA-BATT-L09
U-02106,SA-DISP-L03
U-02106,SA-ENC-L06
U-02107,SA-PCBA-L04
U-02107,SA-BATT-L07
U-02107,SA-DISP-L04
U-02107,SA-ENC-L07
U-02108,SA-PCBA-L01
U-02108,SA-BATT-L08
U-02108,SA-DISP-L09
U-02108,SA-ENC-L05
U-02109,SA-PCBA-L02
U-02109,SA-BATT-L08
U-02109,SA-DISP-L01
U-02109,SA-ENC-L08
U-02110,SA-PCBA-L20
U-02110,SA-BATT-L06
U-02110,SA-DISP-L02
U-02110,SA-ENC-L02
U-02111,SA-PCBA-L20
U-02111,SA-BATT-L08
U-02111,SA-DISP-L03
U-02111,SA-ENC-L07
U-02112,SA-PCBA-L15
U-02112,SA-BATT-L02
U-02112,SA-DISP-L09
U-02112,SA-ENC-L07
U-02113,SA-PCBA-L15
U-02113,SA-BATT-L09
U-02113,SA-DISP-L04
U-02113,SA-ENC-L01
U-02114,SA-PCBA-L08
U-02114,SA-BATT-L05
U-02114,SA-DISP-L07
U-02114,SA-ENC-L02
U-02115,SA-PCBA-L12
U-02115,SA-BATT-L02
U-02115,SA-DISP-L02
U-02115,SA-ENC-L08
U-02116,SA-PCBA-L16
U-02116,SA-BATT-L09
U-02116,SA-DISP-L07
U-02116,SA-ENC-L04
U-02117,SA-PCBA-L13
U-02117,SA-BATT-L10
U-02117,SA-DISP-L09
U-02117,SA-ENC-L08
U-02118,SA-PCBA-L20
U-02118,SA-BATT-L04
U-02118,SA-DISP-L07
U-02118,SA-ENC-L04
U-02119,SA-PCBA-L04
U-02119,SA-BATT-L03
U-02119,SA-DISP-L08
U-02119,SA-ENC-L01
U-02120,SA-PCBA-L04
U-02120,SA-BATT-L02
U-02120,SA-DISP-L09
U-02120,SA-ENC-L08
U-02121,SA-PCBA-L19
U-02121,SA-BATT-L07
U-02121,SA-DISP-L01
U-02121,SA-ENC-L08
U-02122,SA-PCBA-L20
U-02122,SA-BATT-L10
U-02122,SA-DISP-L01
U-02122,SA-ENC-L06
U-02123,SA-PCBA-L14
U-02123,SA-BATT-L06
U-02123,SA-DISP-L09
U-02123,SA-ENC-L02
U-02124,SA-PCBA-L14
U-02124,SA-BATT-L04
U-02124,SA-DISP-L02
U-02124,SA-ENC-L07
U-02125,SA-PCBA-L04
U-02125,SA-BATT-L07
U-02125,SA-DISP-L10
U-02125,SA-ENC-L05
U-02126,SA-PCBA-L19
U-02126,SA-BATT-L10
U-02126,SA-DISP-L01
U-02126,SA-ENC-L07
U-02127,SA-PCBA-L12
U-02127,SA-BATT-L04
U-02127,SA-DISP-L03
U-02127,SA-ENC-L02
U-02128,SA-PCBA-L20
U-02128,SA-BATT-L09
U-02128,SA-DISP-L06
U-02128,SA-ENC-L05
U-02129,SA-PCBA-L12
U-02129,SA-BATT-L09
U-02129,SA-DISP-L06
U-02129,SA-ENC-L04
U-02130,SA-PCBA-L06
U-02130,SA-BATT-L03
U-02130,SA-DISP-L06
U-02130,SA-ENC-L06
U-02131,SA-PCBA-L09
U-02131,SA-BATT-L08
U-02131,SA-DISP-L07
U-02131,SA-ENC-L03
U-02132,SA-PCBA-L08
U-02132,SA-BATT-L10
U-02132,SA-DISP-L10
U-02132,SA-ENC-L05
U-02133,SA-PCBA-L02
U-02133,SA-BATT-L10
U-02133,SA-DISP-L04
U-02133,SA-ENC-L01
U-02134,SA-PCBA-L12
U-02134,SA-BATT-L10
U-02134,SA-DISP-L09
U-02134,SA-ENC-L08
U-02135,SA-PCBA-L13
U-02135,SA-BATT-L02
U-02135,SA-DISP-L07
U-02135,SA-ENC-L07
U-02136,SA-PCBA-L05
U-02136,SA-BATT-L02
U-02136,SA-DISP-L08
U-02136,SA-ENC-L04
U-02137,SA-PCBA-L04
U-02137,SA-BATT-L10
U-02137,SA-DISP-L09
U-02137,SA-ENC-L04
U-02138,SA-PCBA-L01
U-02138,SA-BATT-L02
U-02138,SA-DISP-L09
U-02138,SA-ENC-L02
U-02139,SA-PCBA-L08
U-02139,SA-BATT-L06
U-02139,SA-DISP-L01
U-02139,SA-ENC-L05
U-02140,SA-PCBA-L14
U-02140,SA-BATT-L05
U-02140,SA-DISP-L01
U-02140,SA-ENC-L05
U-02141,SA-PCBA-L05
U-02141,SA-BATT-L05
U-02141,SA-DISP-L06
U-02141,SA-ENC-L02
U-02142,SA-PCBA-L01
U-02142,SA-BATT-L04
U-02142,SA-DISP-L06
U-02142,SA-ENC-L07
U-02143,SA-PCBA-L13
U-02143,SA-BATT-L07
U-02143,SA-DISP-L07
U-02143,SA-ENC-L07
U-02144,SA-PCBA-L08
U-02144,SA-BATT-L10
U-02144,SA-DISP-L01
U-02144,SA-ENC-L04
U-02145,SA-PCBA-L07
U-02145,SA-BATT-L05
U-02145,SA-DISP-L07
U-02145,SA-ENC-L04
U-02146,SA-PCBA-L20
U-02146,SA-BATT-L07
U-02146,SA-DISP-L07
U-02146,SA-ENC-L05
U-02147,SA-PCBA-L06
U-02147,SA-BATT-L07
U-02147,SA-DISP-L10
U-02147,SA-ENC-L03
U-02148,SA-PCBA-L20
U-02148,SA-BATT-L10
U-02148,SA-DISP-L06
U-02148,SA-ENC-L05
U-02149,SA-PCBA-L14
U-02149,SA-BATT-L05
U-02149,SA-DISP-L06
U-02149,SA-ENC-L04
U-02150,SA-PCBA-L17
U-02150,SA-BATT-L04
U-02150,SA-DISP-L01
U-02150,SA-ENC-L01
U-02151,SA-PCBA-L20
U-02151,SA-BATT-L07
U-02151,SA-DISP-L07
U-02151,SA-ENC-L07
U-02152,SA-PCBA-L01
U-02152,SA-BATT-L07
U-02152,SA-DISP-L10
U-02152,SA-ENC-L01
U-02153,SA-PCBA-L09
U-02153,SA-BATT-L08
U-02153,SA-DISP-L02
U-02153,SA-ENC-L06
U-02154,SA-PCBA-L01
U-02154,SA-BATT-L02
U-02154,SA-DISP-L07
U-02154,SA-ENC-L08
U-02155,SA-PCBA-L20
U-02155,SA-BATT-L07
U-02155,SA-DISP-L10
U-02155,SA-ENC-L06
U-02156,SA-PCBA-L19
U-02156,SA-BATT-L04
U-02156,SA-DISP-L08
U-02156,SA-ENC-L06
U-02157,SA-PCBA-L18
U-02157,SA-BATT-L10
U-02157,SA-DISP-L03
U-02157,SA-ENC-L06
U-02158,SA-PCBA-L18
U-02158,SA-BATT-L06
U-02158,SA-DISP-L08
U-02158,SA-ENC-L07
U-02159,SA-PCBA-L17
U-02159,SA-BATT-L05
U-02159,SA-DISP-L10
U-02159,SA-ENC-L04
U-02160,SA-PCBA-L01
U-02160,SA-BATT-L02
U-02160,SA-DISP-L01
U-02160,SA-ENC-L02
U-02161,SA-PCBA-L07
U-02161,SA-BATT-L01
U-02161,SA-DISP-L05
U-02161,SA-ENC-L06
U-02162,SA-PCBA-L08
U-02162,SA-BATT-L07
U-02162,SA-DISP-L06
U-02162,SA-ENC-L07
U-02163,SA-PCBA-L20
U-02163,SA-BATT-L05
U-02163,SA-DISP-L07
U-02163,SA-ENC-L07
U-02164,SA-PCBA-L03
U-02164,SA-BATT-L08
U-02164,SA-DISP-L01
U-02164,SA-ENC-L08
U-02165,SA-PCBA-L06
U-02165,SA-BATT-L07
U-02165,SA-DISP-L03
U-02165,SA-ENC-L07
U-02166,SA-PCBA-L12
U-02166,SA-BATT-L10
U-02166,SA-DISP-L05
U-02166,SA-ENC-L05
U-02167,SA-PCBA-L15
U-02167,SA-BATT-L05
U-02167,SA-DISP-L01
U-02167,SA-ENC-L04
U-02168,SA-PCBA-L12
U-02168,SA-BATT-L02
U-02168,SA-DISP-L05
U-02168,SA-ENC-L08
U-02169,SA-PCBA-L19
U-02169,SA-BATT-L01
U-02169,SA-DISP-L01
U-02169,SA-ENC-L01
U-02170,SA-PCBA-L09
U-02170,SA-BATT-L06
U-02170,SA-DISP-L04
U-02170,SA-ENC-L06
U-02171,SA-PCBA-L01
U-02171,SA-BATT-L01
U-02171,SA-DISP-L05
U-02171,SA-ENC-L08
U-02172,SA-PCBA-L12
U-02172,SA-BATT-L07
U-02172,SA-DISP-L02
U-02172,SA-ENC-L02
U-02173,SA-PCBA-L17
U-02173,SA-BATT-L04
U-02173,SA-DISP-L08
U-02173,SA-ENC-L05
U-02174,SA-PCBA-L14
U-02174,SA-BATT-L09
U-02174,SA-DISP-L08
U-02174,SA-ENC-L01
U-02175,SA-PCBA-L01
U-02175,SA-BATT-L06
U-02175,SA-DISP-L03
U-02175,SA-ENC-L06
U-02176,SA-PCBA-L01
U-02176,SA-BATT-L03
U-02176,SA-DISP-L10
U-02176,SA-ENC-L03
U-02177,SA-PCBA-L06
U-02177,SA-BATT-L03
U-02177,SA-DISP-L02
U-02177,SA-ENC-L05
U-02178,SA-PCBA-L08
U-02178,SA-BATT-L04
U-02178,SA-DISP-L09
U-02178,SA-ENC-L02
U-02179,SA-PCBA-L01
U-02179,SA-BATT-L04
U-02179,SA-DISP-L06
U-02179,SA-ENC-L05
U-02180,SA-PCBA-L12
U-02180,SA-BATT-L02
U-02180,SA-DISP-L09
U-02180,SA-ENC-L07
U-02181,SA-PCBA-L03
U-02181,SA-BATT-L09
U-02181,SA-DISP-L04
U-02181,SA-ENC-L01
U-02182,SA-PCBA-L20
U-02182,SA-BATT-L09
U-02182,SA-DISP-L06
U-02182,SA-ENC-L03
U-02183,SA-PCBA-L07
U-02183,SA-BATT-L09
U-02183,SA-DISP-L07
U-02183,SA-ENC-L06
U-02184,SA-PCBA-L08
U-02184,SA-BATT-L09
U-02184,SA-DISP-L04
U-02184,SA-ENC-L02
U-02185,SA-PCBA-L03
U-02185,SA-BATT-L05
U-02185,SA-DISP-L07
U-02185,SA-ENC-L04
U-02186,SA-PCBA-L12
U-02186,SA-BATT-L10
U-02186,SA-DISP-L08
U-02186,SA-ENC-L04
U-02187,SA-PCBA-L07
U-02187,SA-BATT-L05
U-02187,SA-DISP-L02
U-02187,SA-ENC-L02
U-02188,SA-PCBA-L02
U-02188,SA-BATT-L02
U-02188,SA-DISP-L06
U-02188,SA-ENC-L04
U-02189,SA-PCBA-L02
U-02189,SA-BATT-L10
U-02189,SA-DISP-L07
U-02189,SA-ENC-L06
U-02190,SA-PCBA-L08
U-02190,SA-BATT-L05
U-02190,SA-DISP-L06
U-02190,SA-ENC-L05
U-02191,SA-PCBA-L09
U-02191,SA-BATT-L06
U-02191,SA-DISP-L03
U-02191,SA-ENC-L01
U-02192,SA-PCBA-L13
U-02192,SA-BATT-L10
U-02192,SA-DISP-L02
U-02192,SA-ENC-L01
U-02193,SA-PCBA-L16
U-02193,SA-BATT-L09
U-02193,SA-DISP-L03
U-02193,SA-ENC-L07
U-02194,SA-PCBA-L16
U-02194,SA-BATT-L10
U-02194,SA-DISP-L10
U-02194,SA-ENC-L07
U-02195,SA-PCBA-L01
U-02195,SA-BATT-L01
U-02195,SA-DISP-L06
U-02195,SA-ENC-L04
U-02196,SA-PCBA-L15
U-02196,SA-BATT-L01
U-02196,SA-DISP-L04
U-02196,SA-ENC-L03
U-02197,SA-PCBA-L07
U-02197,SA-BATT-L09
U-02197,SA-DISP-L08
U-02197,SA-ENC-L02
U-02198,SA-PCBA-L01
U-02198,SA-BATT-L03
U-02198,SA-DISP-L09
U-02198,SA-ENC-L07
U-02199,SA-PCBA-L01
U-02199,SA-BATT-L07
U-02199,SA-DISP-L06
U-02199,SA-ENC-L05
U-02200,SA-PCBA-L03
U-02200,SA-BATT-L09
U-02200,SA-DISP-L10
U-02200,SA-ENC-L06
U-02201,SA-PCBA-L05
U-02201,SA-BATT-L04
U-02201,SA-DISP-L09
U-02201,SA-ENC-L08
U-02202,SA-PCBA-L03
U-02202,SA-BATT-L04
U-02202,SA-DISP-L07
U-02202,SA-ENC-L01
U-02203,SA-PCBA-L13
U-02203,SA-BATT-L01
U-02203,SA-DISP-L05
U-02203,SA-ENC-L08
U-02204,SA-PCBA-L04
U-02204,SA-BATT-L05
U-02204,SA-DISP-L09
U-02204,SA-ENC-L06
U-02205,SA-PCBA-L11
U-02205,SA-BATT-L08
U-02205,SA-DISP-L10
U-02205,SA-ENC-L01
U-02206,SA-PCBA-L16
U-02206,SA-BATT-L04
U-02206,SA-DISP-L01
U-02206,SA-ENC-L06
U-02207,SA-PCBA-L17
U-02207,SA-BATT-L07
U-02207,SA-DISP-L09
U-02207,SA-ENC-L07
U-02208,SA-PCBA-L06
U-02208,SA-BATT-L03
U-02208,SA-DISP-L09
U-02208,SA-ENC-L03
U-02209,SA-PCBA-L17
U-02209,SA-BATT-L09
U-02209,SA-DISP-L09
U-02209,SA-ENC-L06
U-02210,SA-PCBA-L01
U-02210,SA-BATT-L10
U-02210,SA-DISP-L07
U-02210,SA-ENC-L05
U-02211,SA-PCBA-L11
U-02211,SA-BATT-L03
U-02211,SA-DISP-L02
U-02211,SA-ENC-L04
U-02212,SA-PCBA-L06
U-02212,SA-BATT-L09
U-02212,SA-DISP-L10
U-02212,SA-ENC-L08
U-02213,SA-PCBA-L13
U-02213,SA-BATT-L03
U-02213,SA-DISP-L07
U-02213,SA-ENC-L08
U-02214,SA-PCBA-L20
U-02214,SA-BATT-L07
U-02214,SA-DISP-L06
U-02214,SA-ENC-L06
U-02215,SA-PCBA-L14
U-02215,SA-BATT-L04
U-02215,SA-DISP-L01
U-02215,SA-ENC-L01
U-02216,SA-PCBA-L03
U-02216,SA-BATT-L06
U-02216,SA-DISP-L10
U-02216,SA-ENC-L08
U-02217,SA-PCBA-L12
U-02217,SA-BATT-L10
U-02217,SA-DISP-L03
U-02217,SA-ENC-L08
U-02218,SA-PCBA-L20
U-02218,SA-BATT-L01
U-02218,SA-DISP-L05
U-02218,SA-ENC-L01
U-02219,SA-PCBA-L15
U-02219,SA-BATT-L04
U-02219,SA-DISP-L06
U-02219,SA-ENC-L07
U-02220,SA-PCBA-L19
U-02220,SA-BATT-L03
U-02220,SA-DISP-L07
U-02220,SA-ENC-L01
U-02221,SA-PCBA-L16
U-02221,SA-BATT-L05
U-02221,SA-DISP-L10
U-02221,SA-ENC-L02
U-02222,SA-PCBA-L20
U-02222,SA-BATT-L06
U-02222,SA-DISP-L01
U-02222,SA-ENC-L03
U-02223,SA-PCBA-L15
U-02223,SA-BATT-L06
U-02223,SA-DISP-L06
U-02223,SA-ENC-L03
U-02224,SA-PCBA-L09
U-02224,SA-BATT-L05
U-02224,SA-DISP-L07
U-02224,SA-ENC-L01
U-02225,SA-PCBA-L04
U-02225,SA-BATT-L10
U-02225,SA-DISP-L09
U-02225,SA-ENC-L02
U-02226,SA-PCBA-L07
U-02226,SA-BATT-L02
U-02226,SA-DISP-L07
U-02226,SA-ENC-L05
U-02227,SA-PCBA-L12
U-02227,SA-BATT-L07
U-02227,SA-DISP-L06
U-02227,SA-ENC-L01
U-02228,SA-PCBA-L18
U-02228,SA-BATT-L08
U-02228,SA-DISP-L08
U-02228,SA-ENC-L02
U-02229,SA-PCBA-L02
U-02229,SA-BATT-L08
U-02229,SA-DISP-L07
U-02229,SA-ENC-L04
U-02230,SA-PCBA-L04
U-02230,SA-BATT-L02
U-02230,SA-DISP-L06
U-02230,SA-ENC-L05
U-02231,SA-PCBA-L18
U-02231,SA-BATT-L08
U-02231,SA-DISP-L03
U-02231,SA-ENC-L03
U-02232,SA-PCBA-L16
U-02232,SA-BATT-L05
U-02232,SA-DISP-L02
U-02232,SA-ENC-L07
U-02233,SA-PCBA-L12
U-02233,SA-BATT-L09
U-02233,SA-DISP-L01
U-02233,SA-ENC-L06
U-02234,SA-PCBA-L09
U-02234,SA-BATT-L02
U-02234,SA-DISP-L04
U-02234,SA-ENC-L07
U-02235,SA-PCBA-L15
U-02235,SA-BATT-L02
U-02235,SA-DISP-L05
U-02235,SA-ENC-L08
U-02236,SA-PCBA-L02
U-02236,SA-BATT-L09
U-02236,SA-DISP-L04
U-02236,SA-ENC-L08
U-02237,SA-PCBA-L04
U-02237,SA-BATT-L01
U-02237,SA-DISP-L02
U-02237,SA-ENC-L08
U-02238,SA-PCBA-L15
U-02238,SA-BATT-L10
U-02238,SA-DISP-L05
U-02238,SA-ENC-L01
U-02239,SA-PCBA-L19
U-02239,SA-BATT-L04
U-02239,SA-DISP-L09
U-02239,SA-ENC-L07
U-02240,SA-PCBA-L17
U-02240,SA-BATT-L10
U-02240,SA-DISP-L07
U-02240,SA-ENC-L01
U-02241,SA-PCBA-L04
U-02241,SA-BATT-L04
U-02241,SA-DISP-L10
U-02241,SA-ENC-L01
U-02242,SA-PCBA-L08
U-02242,SA-BATT-L07
U-02242,SA-DISP-L07
U-02242,SA-ENC-L04
U-02243,SA-PCBA-L17
U-02243,SA-BATT-L01
U-02243,SA-DISP-L04
U-02243,SA-ENC-L01
U-02244,SA-PCBA-L18
U-02244,SA-BATT-L03
U-02244,SA-DISP-L07
U-02244,SA-ENC-L01
U-02245,SA-PCBA-L03
U-02245,SA-BATT-L03
U-02245,SA-DISP-L09
U-02245,SA-ENC-L07
U-02246,SA-PCBA-L06
U-02246,SA-BATT-L06
U-02246,SA-DISP-L03
U-02246,SA-ENC-L07
U-02247,SA-PCBA-L11
U-02247,SA-BATT-L08
U-02247,SA-DISP-L05
U-02247,SA-ENC-L05
U-02248,SA-PCBA-L20
U-02248,SA-BATT-L02
U-02248,SA-DISP-L09
U-02248,SA-ENC-L06
U-02249,SA-PCBA-L18
U-02249,SA-BATT-L02
U-02249,SA-DISP-L10
U-02249,SA-ENC-L04
U-02250,SA-PCBA-L11
U-02250,SA-BATT-L07
U-02250,SA-DISP-L03
U-02250,SA-ENC-L03
U-02251,SA-PCBA-L04
U-02251,SA-BATT-L02
U-02251,SA-DISP-L03
U-02251,SA-ENC-L08
U-02252,SA-PCBA-L10
U-02252,SA-BATT-L08
U-02252,SA-DISP-L08
U-02252,SA-ENC-L01
U-02253,SA-PCBA-L13
U-02253,SA-BATT-L03
U-02253,SA-DISP-L10
U-02253,SA-ENC-L06
U-02254,SA-PCBA-L02
U-02254,SA-BATT-L05
U-02254,SA-DISP-L09
U-02254,SA-ENC-L07
U-02255,SA-PCBA-L16
U-02255,SA-BATT-L05
U-02255,SA-DISP-L06
U-02255,SA-ENC-L07
U-02256,SA-PCBA-L20
U-02256,SA-BATT-L01
U-02256,SA-DISP-L07
U-02256,SA-ENC-L05
U-02257,SA-PCBA-L18
U-02257,SA-BATT-L01
U-02257,SA-DISP-L02
U-02257,SA-ENC-L02
U-02258,SA-PCBA-L15
U-02258,SA-BATT-L01
U-02258,SA-DISP-L08
U-02258,SA-ENC-L05
U-02259,SA-PCBA-L06
U-02259,SA-BATT-L07
U-02259,SA-DISP-L01
U-02259,SA-ENC-L03
U-02260,SA-PCBA-L06
U-02260,SA-BATT-L10
U-02260,SA-DISP-L04
U-02260,SA-ENC-L04
U-02261,SA-PCBA-L01
U-02261,SA-BATT-L07
U-02261,SA-DISP-L06
U-02261,SA-ENC-L08
U-02262,SA-PCBA-L07
U-02262,SA-BATT-L06
U-02262,SA-DISP-L02
U-02262,SA-ENC-L01
U-02263,SA-PCBA-L13
U-02263,SA-BATT-L06
U-02263,SA-DISP-L09
U-02263,SA-ENC-L08
U-02264,SA-PCBA-L01
U-02264,SA-BATT-L04
U-02264,SA-DISP-L01
U-02264,SA-ENC-L06
U-02265,SA-PCBA-L13
U-02265,SA-BATT-L02
U-02265,SA-DISP-L07
U-02265,SA-ENC-L05
U-02266,SA-PCBA-L04
U-02266,SA-BATT-L09
U-02266,SA-DISP-L08
U-02266,SA-ENC-L07
U-02267,SA-PCBA-L19
U-02267,SA-BATT-L08
U-02267,SA-DISP-L04
U-02267,SA-ENC-L02
U-02268,SA-PCBA-L11
U-02268,SA-BATT-L08
U-02268,SA-DISP-L05
U-02268,SA-ENC-L06
U-02269,SA-PCBA-L04
U-02269,SA-BATT-L09
U-02269,SA-DISP-L02
U-02269,SA-ENC-L06
U-02270,SA-PCBA-L12
U-02270,SA-BATT-L10
U-02270,SA-DISP-L05
U-02270,SA-ENC-L08
U-02271,SA-PCBA-L14
U-02271,SA-BATT-L06
U-02271,SA-DISP-L08
U-02271,SA-ENC-L03
U-02272,SA-PCBA-L08
U-02272,SA-BATT-L10
U-02272,SA-DISP-L01
U-02272,SA-ENC-L05
U-02273,SA-PCBA-L20
U-02273,SA-BATT-L03
U-02273,SA-DISP-L07
U-02273,SA-ENC-L02
U-02274,SA-PCBA-L15
U-02274,SA-BATT-L08
U-02274,SA-DISP-L10
U-02274,SA-ENC-L06
U-02275,SA-PCBA-L03
U-02275,SA-BATT-L02
U-02275,SA-DISP-L01
U-02275,SA-ENC-L08
U-02276,SA-PCBA-L18
U-02276,SA-BATT-L03
U-02276,SA-DISP-L05
U-02276,SA-ENC-L04
U-02277,SA-PCBA-L08
U-02277,SA-BATT-L05
U-02277,SA-DISP-L05
U-02277,SA-ENC-L07
U-02278,SA-PCBA-L01
U-02278,SA-BATT-L07
U-02278,SA-DISP-L10
U-02278,SA-ENC-L06
U-02279,SA-PCBA-L06
U-02279,SA-BATT-L09
U-02279,SA-DISP-L06
U-02279,SA-ENC-L04
U-02280,SA-PCBA-L11
U-02280,SA-BATT-L05
U-02280,SA-DISP-L09
U-02280,SA-ENC-L08
U-02281,SA-PCBA-L05
U-02281,SA-BATT-L09
U-02281,SA-DISP-L01
U-02281,SA-ENC-L06
U-02282,SA-PCBA-L18
U-02282,SA-BATT-L09
U-02282,SA-DISP-L08
U-02282,SA-ENC-L07
U-02283,SA-PCBA-L02
U-02283,SA-BATT-L02
U-02283,SA-DISP-L10
U-02283,SA-ENC-L06
U-02284,SA-PCBA-L16
U-02284,SA-BATT-L04
U-02284,SA-DISP-L02
U-02284,SA-ENC-L05
U-02285,SA-PCBA-L13
U-02285,SA-BATT-L05
U-02285,SA-DISP-L05
U-02285,SA-ENC-L02
U-02286,SA-PCBA-L16
U-02286,SA-BATT-L05
U-02286,SA-DISP-L06
U-02286,SA-ENC-L02
U-02287,SA-PCBA-L12
U-02287,SA-BATT-L05
U-02287,SA-DISP-L02
U-02287,SA-ENC-L07
U-02288,SA-PCBA-L05
U-02288,SA-BATT-L08
U-02288,SA-DISP-L06
U-02288,SA-ENC-L01
U-02289,SA-PCBA-L02
U-02289,SA-BATT-L08
U-02289,SA-DISP-L09
U-02289,SA-ENC-L06
U-02290,SA-PCBA-L16
U-02290,SA-BATT-L03
U-02290,SA-DISP-L04
U-02290,SA-ENC-L04
U-02291,SA-PCBA-L05
U-02291,SA-BATT-L04
U-02291,SA-DISP-L03
U-02291,SA-ENC-L07
U-02292,SA-PCBA-L17
U-02292,SA-BATT-L08
U-02292,SA-DISP-L10
U-02292,SA-ENC-L08
U-02293,SA-PCBA-L14
U-02293,SA-BATT-L03
U-02293,SA-DISP-L04
U-02293,SA-ENC-L04
U-02294,SA-PCBA-L19
U-02294,SA-BATT-L06
U-02294,SA-DISP-L09
U-02294,SA-ENC-L03
U-02295,SA-PCBA-L15
U-02295,SA-BATT-L02
U-02295,SA-DISP-L05
U-02295,SA-ENC-L03
U-02296,SA-PCBA-L06
U-02296,SA-BATT-L05
U-02296,SA-DISP-L09
U-02296,SA-ENC-L08
U-02297,SA-PCBA-L08
U-02297,SA-BATT-L02
U-02297,SA-DISP-L03
U-02297,SA-ENC-L05
U-02298,SA-PCBA-L15
U-02298,SA-BATT-L08
U-02298,SA-DISP-L03
U-02298,SA-ENC-L05
U-02299,SA-PCBA-L13
U-02299,SA-BATT-L06
U-02299,SA-DISP-L08
U-02299,SA-ENC-L02
U-02300,SA-PCBA-L02
U-02300,SA-BATT-L03
U-02300,SA-DISP-L10
U-02300,SA-ENC-L01
U-02301,SA-PCBA-L02
U-02301,SA-BATT-L01
U-02301,SA-DISP-L01
U-02301,SA-ENC-L05
U-02302,SA-PCBA-L16
U-02302,SA-BATT-L07
U-02302,SA-DISP-L03
U-02302,SA-ENC-L03
U-02303,SA-PCBA-L03
U-02303,SA-BATT-L05
U-02303,SA-DISP-L01
U-02303,SA-ENC-L02
U-02304,SA-PCBA-L03
U-02304,SA-BATT-L05
U-02304,SA-DISP-L08
U-02304,SA-ENC-L06
U-02305,SA-PCBA-L07
U-02305,SA-BATT-L06
U-02305,SA-DISP-L10
U-02305,SA-ENC-L05
U-02306,SA-PCBA-L16
U-02306,SA-BATT-L02
U-02306,SA-DISP-L06
U-02306,SA-ENC-L04
U-02307,SA-PCBA-L13
U-02307,SA-BATT-L06
U-02307,SA-DISP-L01
U-02307,SA-ENC-L01
U-02308,SA-PCBA-L03
U-02308,SA-BATT-L05
U-02308,SA-DISP-L05
U-02308,SA-ENC-L03
U-02309,SA-PCBA-L06
U-02309,SA-BATT-L04
U-02309,SA-DISP-L02
U-02309,SA-ENC-L07
U-02310,SA-PCBA-L08
U-02310,SA-BATT-L10
U-02310,SA-DISP-L04
U-02310,SA-ENC-L05
U-02311,SA-PCBA-L06
U-02311,SA-BATT-L06
U-02311,SA-DISP-L03
U-02311,SA-ENC-L08
U-02312,SA-PCBA-L09
U-02312,SA-BATT-L06
U-02312,SA-DISP-L04
U-02312,SA-ENC-L04
U-02313,SA-PCBA-L14
U-02313,SA-BATT-L04
U-02313,SA-DISP-L08
U-02313,SA-ENC-L03
U-02314,SA-PCBA-L13
U-02314,SA-BATT-L02
U-02314,SA-DISP-L01
U-02314,SA-ENC-L08
U-02315,SA-PCBA-L02
U-02315,SA-BATT-L05
U-02315,SA-DISP-L03
U-02315,SA-ENC-L03
U-02316,SA-PCBA-L06
U-02316,SA-BATT-L06
U-02316,SA-DISP-L06
U-02316,SA-ENC-L02
U-02317,SA-PCBA-L10
U-02317,SA-BATT-L06
U-02317,SA-DISP-L01
U-02317,SA-ENC-L06
U-02318,SA-PCBA-L13
U-02318,SA-BATT-L08
U-02318,SA-DISP-L06
U-02318,SA-ENC-L06
U-02319,SA-PCBA-L05
U-02319,SA-BATT-L05
U-02319,SA-DISP-L07
U-02319,SA-ENC-L04
U-02320,SA-PCBA-L12
U-02320,SA-BATT-L07
U-02320,SA-DISP-L04
U-02320,SA-ENC-L06
U-02321,SA-PCBA-L13
U-02321,SA-BATT-L10
U-02321,SA-DISP-L09
U-02321,SA-ENC-L07
U-02322,SA-PCBA-L17
U-02322,SA-BATT-L01
U-02322,SA-DISP-L09
U-02322,SA-ENC-L01
U-02323,SA-PCBA-L02
U-02323,SA-BATT-L04
U-02323,SA-DISP-L10
U-02323,SA-ENC-L03
U-02324,SA-PCBA-L04
U-02324,SA-BATT-L07
U-02324,SA-DISP-L04
U-02324,SA-ENC-L02
U-02325,SA-PCBA-L02
U-02325,SA-BATT-L06
U-02325,SA-DISP-L01
U-02325,SA-ENC-L07
U-02326,SA-PCBA-L19
U-02326,SA-BATT-L03
U-02326,SA-DISP-L08
U-02326,SA-ENC-L03
U-02327,SA-PCBA-L07
U-02327,SA-BATT-L06
U-02327,SA-DISP-L07
U-02327,SA-ENC-L05
U-02328,SA-PCBA-L17
U-02328,SA-BATT-L10
U-02328,SA-DISP-L10
U-02328,SA-ENC-L06
U-02329,SA-PCBA-L16
U-02329,SA-BATT-L05
U-02329,SA-DISP-L10
U-02329,SA-ENC-L01
U-02330,SA-PCBA-L16
U-02330,SA-BATT-L02
U-02330,SA-DISP-L02
U-02330,SA-ENC-L07
U-02331,SA-PCBA-L20
U-02331,SA-BATT-L01
U-02331,SA-DISP-L08
U-02331,SA-ENC-L04
U-02332,SA-PCBA-L11
U-02332,SA-BATT-L04
U-02332,SA-DISP-L04
U-02332,SA-ENC-L08
U-02333,SA-PCBA-L04
U-02333,SA-BATT-L10
U-02333,SA-DISP-L03
U-02333,SA-ENC-L07
U-02334,SA-PCBA-L06
U-02334,SA-BATT-L06
U-02334,SA-DISP-L05
U-02334,SA-ENC-L06
U-02335,SA-PCBA-L08
U-02335,SA-BATT-L10
U-02335,SA-DISP-L08
U-02335,SA-ENC-L07
U-02336,SA-PCBA-L08
U-02336,SA-BATT-L05
U-02336,SA-DISP-L04
U-02336,SA-ENC-L04
U-02337,SA-PCBA-L20
U-02337,SA-BATT-L04
U-02337,SA-DISP-L01
U-02337,SA-ENC-L08
U-02338,SA-PCBA-L05
U-02338,SA-BATT-L09
U-02338,SA-DISP-L10
U-02338,SA-ENC-L08
U-02339,SA-PCBA-L13
U-02339,SA-BATT-L01
U-02339,SA-DISP-L01
U-02339,SA-ENC-L03
U-02340,SA-PCBA-L04
U-02340,SA-BATT-L03
U-02340,SA-DISP-L06
U-02340,SA-ENC-L02
U-02341,SA-PCBA-L20
U-02341,SA-BATT-L01
U-02341,SA-DISP-L06
U-02341,SA-ENC-L02
U-02342,SA-PCBA-L18
U-02342,SA-BATT-L05
U-02342,SA-DISP-L05
U-02342,SA-ENC-L08
U-02343,SA-PCBA-L18
U-02343,SA-BATT-L05
U-02343,SA-DISP-L05
U-02343,SA-ENC-L05
U-02344,SA-PCBA-L07
U-02344,SA-BATT-L02
U-02344,SA-DISP-L04
U-02344,SA-ENC-L08
U-02345,SA-PCBA-L02
U-02345,SA-BATT-L03
U-02345,SA-DISP-L07
U-02345,SA-ENC-L07
U-02346,SA-PCBA-L11
U-02346,SA-BATT-L08
U-02346,SA-DISP-L02
U-02346,SA-ENC-L02
U-02347,SA-PCBA-L05
U-02347,SA-BATT-L05
U-02347,SA-DISP-L08
U-02347,SA-ENC-L07
U-02348,SA-PCBA-L20
U-02348,SA-BATT-L02
U-02348,SA-DISP-L02
U-02348,SA-ENC-L02
U-02349,SA-PCBA-L19
U-02349,SA-BATT-L01
U-02349,SA-DISP-L05
U-02349,SA-ENC-L05
U-02350,SA-PCBA-L17
U-02350,SA-BATT-L08
U-02350,SA-DISP-L09
U-02350,SA-ENC-L04
U-02351,SA-PCBA-L18
U-02351,SA-BATT-L06
U-02351,SA-DISP-L08
U-02351,SA-ENC-L05
U-02352,SA-PCBA-L09
U-02352,SA-BATT-L10
U-02352,SA-DISP-L10
U-02352,SA-ENC-L08
U-02353,SA-PCBA-L07
U-02353,SA-BATT-L07
U-02353,SA-DISP-L05
U-02353,SA-ENC-L02
U-02354,SA-PCBA-L18
U-02354,SA-BATT-L01
U-02354,SA-DISP-L06
U-02354,SA-ENC-L08
U-02355,SA-PCBA-L11
U-02355,SA-BATT-L05
U-02355,SA-DISP-L07
U-02355,SA-ENC-L02
U-02356,SA-PCBA-L13
U-02356,SA-BATT-L08
U-02356,SA-DISP-L10
U-02356,SA-ENC-L05
U-02357,SA-PCBA-L08
U-02357,SA-BATT-L07
U-02357,SA-DISP-L02
U-02357,SA-ENC-L01
U-02358,SA-PCBA-L16
U-02358,SA-BATT-L06
U-02358,SA-DISP-L10
U-02358,SA-ENC-L05
U-02359,SA-PCBA-L04
U-02359,SA-BATT-L10
U-02359,SA-DISP-L07
U-02359,SA-ENC-L01
U-02360,SA-PCBA-L11
U-02360,SA-BATT-L10
U-02360,SA-DISP-L07
U-02360,SA-ENC-L08
U-02361,SA-PCBA-L06
U-02361,SA-BATT-L04
U-02361,SA-DISP-L10
U-02361,SA-ENC-L02
U-02362,SA-PCBA-L12
U-02362,SA-BATT-L10
U-02362,SA-DISP-L10
U-02362,SA-ENC-L03
U-02363,SA-PCBA-L15
U-02363,SA-BATT-L04
U-02363,SA-DISP-L02
U-02363,SA-ENC-L08
U-02364,SA-PCBA-L14
U-02364,SA-BATT-L09
U-02364,SA-DISP-L07
U-02364,SA-ENC-L06
U-02365,SA-PCBA-L03
U-02365,SA-BATT-L04
U-02365,SA-DISP-L05
U-02365,SA-ENC-L04
U-02366,SA-PCBA-L12
U-02366,SA-BATT-L09
U-02366,SA-DISP-L02
U-02366,SA-ENC-L08
U-02367,SA-PCBA-L13
U-02367,SA-BATT-L01
U-02367,SA-DISP-L07
U-02367,SA-ENC-L04
U-02368,SA-PCBA-L15
U-02368,SA-BATT-L01
U-02368,SA-DISP-L02
U-02368,SA-ENC-L05
U-02369,SA-PCBA-L05
U-02369,SA-BATT-L08
U-02369,SA-DISP-L02
U-02369,SA-ENC-L07
U-02370,SA-PCBA-L01
U-02370,SA-BATT-L10
U-02370,SA-DISP-L03
U-02370,SA-ENC-L07
U-02371,SA-PCBA-L17
U-02371,SA-BATT-L02
U-02371,SA-DISP-L10
U-02371,SA-ENC-L08
U-02372,SA-PCBA-L02
U-02372,SA-BATT-L09
U-02372,SA-DISP-L09
U-02372,SA-ENC-L03
U-02373,SA-PCBA-L13
U-02373,SA-BATT-L08
U-02373,SA-DISP-L03
U-02373,SA-ENC-L04
U-02374,SA-PCBA-L08
U-02374,SA-BATT-L07
U-02374,SA-DISP-L06
U-02374,SA-ENC-L06
U-02375,SA-PCBA-L03
U-02375,SA-BATT-L09
U-02375,SA-DISP-L07
U-02375,SA-ENC-L05
U-02376,SA-PCBA-L17
U-02376,SA-BATT-L10
U-02376,SA-DISP-L04
U-02376,SA-ENC-L07
U-02377,SA-PCBA-L10
U-02377,SA-BATT-L03
U-02377,SA-DISP-L04
U-02377,SA-ENC-L02
U-02378,SA-PCBA-L13
U-02378,SA-BATT-L08
U-02378,SA-DISP-L02
U-02378,SA-ENC-L03
U-02379,SA-PCBA-L13
U-02379,SA-BATT-L03
U-02379,SA-DISP-L10
U-02379,SA-ENC-L07
U-02380,SA-PCBA-L18
U-02380,SA-BATT-L07
U-02380,SA-DISP-L09
U-02380,SA-ENC-L02
U-02381,SA-PCBA-L17
U-02381,SA-BATT-L01
U-02381,SA-DISP-L06
U-02381,SA-ENC-L08
U-02382,SA-PCBA-L19
U-02382,SA-BATT-L09
U-02382,SA-DISP-L08
U-02382,SA-ENC-L01
U-02383,SA-PCBA-L08
U-02383,SA-BATT-L08
U-02383,SA-DISP-L03
U-02383,SA-ENC-L02
U-02384,SA-PCBA-L01
U-02384,SA-BATT-L03
U-02384,SA-DISP-L10
U-02384,SA-ENC-L06
U-02385,SA-PCBA-L07
U-02385,SA-BATT-L10
U-02385,SA-DISP-L06
U-02385,SA-ENC-L08
U-02386,SA-PCBA-L03
U-02386,SA-BATT-L02
U-02386,SA-DISP-L08
U-02386,SA-ENC-L04
U-02387,SA-PCBA-L15
U-02387,SA-BATT-L07
U-02387,SA-DISP-L02
U-02387,SA-ENC-L02
U-02388,SA-PCBA-L13
U-02388,SA-BATT-L04
U-02388,SA-DISP-L01
U-02388,SA-ENC-L03
U-02389,SA-PCBA-L02
U-02389,SA-BATT-L08
U-02389,SA-DISP-L09
U-02389,SA-ENC-L04
U-02390,SA-PCBA-L05
U-02390,SA-BATT-L03
U-02390,SA-DISP-L01
U-02390,SA-ENC-L08
U-02391,SA-PCBA-L17
U-02391,SA-BATT-L03
U-02391,SA-DISP-L08
U-02391,SA-ENC-L07
U-02392,SA-PCBA-L11
U-02392,SA-BATT-L02
U-02392,SA-DISP-L01
U-02392,SA-ENC-L01
U-02393,SA-PCBA-L06
U-02393,SA-BATT-L07
U-02393,SA-DISP-L03
U-02393,SA-ENC-L04
U-02394,SA-PCBA-L20
U-02394,SA-BATT-L04
U-02394,SA-DISP-L01
U-02394,SA-ENC-L04
U-02395,SA-PCBA-L04
U-02395,SA-BATT-L07
U-02395,SA-DISP-L10
U-02395,SA-ENC-L03
U-02396,SA-PCBA-L14
U-02396,SA-BATT-L10
U-02396,SA-DISP-L07
U-02396,SA-ENC-L08
U-02397,SA-PCBA-L01
U-02397,SA-BATT-L07
U-02397,SA-DISP-L02
U-02397,SA-ENC-L07
U-02398,SA-PCBA-L04
U-02398,SA-BATT-L06
U-02398,SA-DISP-L02
U-02398,SA-ENC-L08
U-02399,SA-PCBA-L14
U-02399,SA-BATT-L01
U-02399,SA-DISP-L06
U-02399,SA-ENC-L01
U-02400,SA-PCBA-L13
U-02400,SA-BATT-L03
U-02400,SA-DISP-L06
U-02400,SA-ENC-L06
U-02401,SA-PCBA-L15
U-02401,SA-BATT-L05
U-02401,SA-DISP-L04
U-02401,SA-ENC-L06
U-02402,SA-PCBA-L14
U-02402,SA-BATT-L01
U-02402,SA-DISP-L02
U-02402,SA-ENC-L02
U-02403,SA-PCBA-L18
U-02403,SA-BATT-L08
U-02403,SA-DISP-L09
U-02403,SA-ENC-L03
U-02404,SA-PCBA-L18
U-02404,SA-BATT-L09
U-02404,SA-DISP-L01
U-02404,SA-ENC-L08
U-02405,SA-PCBA-L12
U-02405,SA-BATT-L06
U-02405,SA-DISP-L05
U-02405,SA-ENC-L06
U-02406,SA-PCBA-L04
U-02406,SA-BATT-L04
U-02406,SA-DISP-L08
U-02406,SA-ENC-L04
U-02407,SA-PCBA-L03
U-02407,SA-BATT-L07
U-02407,SA-DISP-L01
U-02407,SA-ENC-L06
U-02408,SA-PCBA-L07
U-02408,SA-BATT-L02
U-02408,SA-DISP-L04
U-02408,SA-ENC-L04
U-02409,SA-PCBA-L14
U-02409,SA-BATT-L02
U-02409,SA-DISP-L03
U-02409,SA-ENC-L04
U-02410,SA-PCBA-L20
U-02410,SA-BATT-L08
U-02410,SA-DISP-L10
U-02410,SA-ENC-L03
U-02411,SA-PCBA-L16
U-02411,SA-BATT-L09
U-02411,SA-DISP-L09
U-02411,SA-ENC-L06
U-02412,SA-PCBA-L19
U-02412,SA-BATT-L08
U-02412,SA-DISP-L07
U-02412,SA-ENC-L04
U-02413,SA-PCBA-L19
U-02413,SA-BATT-L10
U-02413,SA-DISP-L05
U-02413,SA-ENC-L05
U-02414,SA-PCBA-L18
U-02414,SA-BATT-L07
U-02414,SA-DISP-L10
U-02414,SA-ENC-L03
U-02415,SA-PCBA-L12
U-02415,SA-BATT-L10
U-02415,SA-DISP-L02
U-02415,SA-ENC-L07
U-02416,SA-PCBA-L19
U-02416,SA-BATT-L01
U-02416,SA-DISP-L08
U-02416,SA-ENC-L07
U-02417,SA-PCBA-L03
U-02417,SA-BATT-L07
U-02417,SA-DISP-L08
U-02417,SA-ENC-L05
U-02418,SA-PCBA-L18
U-02418,SA-BATT-L02
U-02418,SA-DISP-L08
U-02418,SA-ENC-L08
U-02419,SA-PCBA-L19
U-02419,SA-BATT-L09
U-02419,SA-DISP-L09
U-02419,SA-ENC-L04
U-02420,SA-PCBA-L19
U-02420,SA-BATT-L10
U-02420,SA-DISP-L10
U-02420,SA-ENC-L06
U-02421,SA-PCBA-L16
U-02421,SA-BATT-L06
U-02421,SA-DISP-L04
U-02421,SA-ENC-L03
U-02422,SA-PCBA-L20
U-02422,SA-BATT-L01
U-02422,SA-DISP-L04
U-02422,SA-ENC-L03
U-02423,SA-PCBA-L10
U-02423,SA-BATT-L06
U-02423,SA-DISP-L06
U-02423,SA-ENC-L06
U-02424,SA-PCBA-L03
U-02424,SA-BATT-L04
U-02424,SA-DISP-L07
U-02424,SA-ENC-L05
U-02425,SA-PCBA-L04
U-02425,SA-BATT-L09
U-02425,SA-DISP-L10
U-02425,SA-ENC-L04
U-02426,SA-PCBA-L17
U-02426,SA-BATT-L06
U-02426,SA-DISP-L01
U-02426,SA-ENC-L08
U-02427,SA-PCBA-L13
U-02427,SA-BATT-L05
U-02427,SA-DISP-L05
U-02427,SA-ENC-L07
U-02428,SA-PCBA-L02
U-02428,SA-BATT-L03
U-02428,SA-DISP-L07
U-02428,SA-ENC-L04
U-02429,SA-PCBA-L05
U-02429,SA-BATT-L08
U-02429,SA-DISP-L07
U-02429,SA-ENC-L04
U-02430,SA-PCBA-L13
U-02430,SA-BATT-L10
U-02430,SA-DISP-L07
U-02430,SA-ENC-L03
U-02431,SA-PCBA-L18
U-02431,SA-BATT-L06
U-02431,SA-DISP-L06
U-02431,SA-ENC-L01
U-02432,SA-PCBA-L04
U-02432,SA-BATT-L03
U-02432,SA-DISP-L01
U-02432,SA-ENC-L01
U-02433,SA-PCBA-L04
U-02433,SA-BATT-L07
U-02433,SA-DISP-L03
U-02433,SA-ENC-L02
U-02434,SA-PCBA-L20
U-02434,SA-BATT-L03
U-02434,SA-DISP-L02
U-02434,SA-ENC-L01
U-02435,SA-PCBA-L06
U-02435,SA-BATT-L03
U-02435,SA-DISP-L09
U-02435,SA-ENC-L04
U-02436,SA-PCBA-L16
U-02436,SA-BATT-L09
U-02436,SA-DISP-L09
U-02436,SA-ENC-L08
U-02437,SA-PCBA-L01
U-02437,SA-BATT-L02
U-02437,SA-DISP-L03
U-02437,SA-ENC-L07
U-02438,SA-PCBA-L11
U-02438,SA-BATT-L03
U-02438,SA-DISP-L05
U-02438,SA-ENC-L08
U-02439,SA-PCBA-L09
U-02439,SA-BATT-L06
U-02439,SA-DISP-L03
U-02439,SA-ENC-L06
U-02440,SA-PCBA-L09
U-02440,SA-BATT-L07
U-02440,SA-DISP-L06
U-02440,SA-ENC-L08
U-02441,SA-PCBA-L12
U-02441,SA-BATT-L03
U-02441,SA-DISP-L07
U-02441,SA-ENC-L01
U-02442,SA-PCBA-L13
U-02442,SA-BATT-L05
U-02442,SA-DISP-L02
U-02442,SA-ENC-L08
U-02443,SA-PCBA-L18
U-02443,SA-BATT-L09
U-02443,SA-DISP-L01
U-02443,SA-ENC-L04
U-02444,SA-PCBA-L12
U-02444,SA-BATT-L02
U-02444,SA-DISP-L03
U-02444,SA-ENC-L08
U-02445,SA-PCBA-L09
U-02445,SA-BATT-L02
U-02445,SA-DISP-L07
U-02445,SA-ENC-L01
U-02446,SA-PCBA-L01
U-02446,SA-BATT-L09
U-02446,SA-DISP-L07
U-02446,SA-ENC-L08
U-02447,SA-PCBA-L19
U-02447,SA-BATT-L05
U-02447,SA-DISP-L01
U-02447,SA-ENC-L05
U-02448,SA-PCBA-L12
U-02448,SA-BATT-L07
U-02448,SA-DISP-L02
U-02448,SA-ENC-L01
U-02449,SA-PCBA-L19
U-02449,SA-BATT-L09
U-02449,SA-DISP-L06
U-02449,SA-ENC-L01
U-02450,SA-PCBA-L08
U-02450,SA-BATT-L10
U-02450,SA-DISP-L03
U-02450,SA-ENC-L01
U-02451,SA-PCBA-L09
U-02451,SA-BATT-L08
U-02451,SA-DISP-L06
U-02451,SA-ENC-L04
U-02452,SA-PCBA-L20
U-02452,SA-BATT-L05
U-02452,SA-DISP-L03
U-02452,SA-ENC-L01
U-02453,SA-PCBA-L03
U-02453,SA-BATT-L04
U-02453,SA-DISP-L04
U-02453,SA-ENC-L08
U-02454,SA-PCBA-L20
U-02454,SA-BATT-L08
U-02454,SA-DISP-L07
U-02454,SA-ENC-L02
U-02455,SA-PCBA-L10
U-02455,SA-BATT-L10
U-02455,SA-DISP-L01
U-02455,SA-ENC-L06
U-02456,SA-PCBA-L13
U-02456,SA-BATT-L09
U-02456,SA-DISP-L07
U-02456,SA-ENC-L03
U-02457,SA-PCBA-L18
U-02457,SA-BATT-L07
U-02457,SA-DISP-L04
U-02457,SA-ENC-L03
U-02458,SA-PCBA-L20
U-02458,SA-BATT-L06
U-02458,SA-DISP-L02
U-02458,SA-ENC-L05
U-02459,SA-PCBA-L19
U-02459,SA-BATT-L07
U-02459,SA-DISP-L02
U-02459,SA-ENC-L04
U-02460,SA-PCBA-L02
U-02460,SA-BATT-L03
U-02460,SA-DISP-L03
U-02460,SA-ENC-L07
U-02461,SA-PCBA-L20
U-02461,SA-BATT-L08
U-02461,SA-DISP-L09
U-02461,SA-ENC-L02
U-02462,SA-PCBA-L09
U-02462,SA-BATT-L08
U-02462,SA-DISP-L05
U-02462,SA-ENC-L07
U-02463,SA-PCBA-L06
U-02463,SA-BATT-L02
U-02463,SA-DISP-L05
U-02463,SA-ENC-L07
U-02464,SA-PCBA-L17
U-02464,SA-BATT-L08
U-02464,SA-DISP-L07
U-02464,SA-ENC-L08
U-02465,SA-PCBA-L15
U-02465,SA-BATT-L05
U-02465,SA-DISP-L02
U-02465,SA-ENC-L04
U-02466,SA-PCBA-L20
U-02466,SA-BATT-L07
U-02466,SA-DISP-L03
U-02466,SA-ENC-L08
U-02467,SA-PCBA-L01
U-02467,SA-BATT-L02
U-02467,SA-DISP-L03
U-02467,SA-ENC-L05
U-02468,SA-PCBA-L14
U-02468,SA-BATT-L02
U-02468,SA-DISP-L02
U-02468,SA-ENC-L06
U-02469,SA-PCBA-L01
U-02469,SA-BATT-L07
U-02469,SA-DISP-L06
U-02469,SA-ENC-L05
U-02470,SA-PCBA-L08
U-02470,SA-BATT-L04
U-02470,SA-DISP-L01
U-02470,SA-ENC-L04
U-02471,SA-PCBA-L12
U-02471,SA-BATT-L05
U-02471,SA-DISP-L08
U-02471,SA-ENC-L06
U-02472,SA-PCBA-L19
U-02472,SA-BATT-L09
U-02472,SA-DISP-L03
U-02472,SA-ENC-L08
U-02473,SA-PCBA-L20
U-02473,SA-BATT-L09
U-02473,SA-DISP-L06
U-02473,SA-ENC-L07
U-02474,SA-PCBA-L18
U-02474,SA-BATT-L09
U-02474,SA-DISP-L03
U-02474,SA-ENC-L06
U-02475,SA-PCBA-L20
U-02475,SA-BATT-L05
U-02475,SA-DISP-L07
U-02475,SA-ENC-L05
U-02476,SA-PCBA-L10
U-02476,SA-BATT-L02
U-02476,SA-DISP-L04
U-02476,SA-ENC-L03
U-02477,SA-PCBA-L08
U-02477,SA-BATT-L03
U-02477,SA-DISP-L01
U-02477,SA-ENC-L04
U-02478,SA-PCBA-L18
U-02478,SA-BATT-L07
U-02478,SA-DISP-L03
U-02478,SA-ENC-L07
U-02479,SA-PCBA-L01
U-02479,SA-BATT-L04
U-02479,SA-DISP-L03
U-02479,SA-ENC-L01
U-02480,SA-PCBA-L06
U-02480,SA-BATT-L09
U-02480,SA-DISP-L04
U-02480,SA-ENC-L04
U-02481,SA-PCBA-L08
U-02481,SA-BATT-L03
U-02481,SA-DISP-L08
U-02481,SA-ENC-L08
U-02482,SA-PCBA-L16
U-02482,SA-BATT-L04
U-02482,SA-DISP-L01
U-02482,SA-ENC-L03
U-02483,SA-PCBA-L01
U-02483,SA-BATT-L05
U-02483,SA-DISP-L03
U-02483,SA-ENC-L05
U-02484,SA-PCBA-L08
U-02484,SA-BATT-L10
U-02484,SA-DISP-L08
U-02484,SA-ENC-L08
U-02485,SA-PCBA-L13
U-02485,SA-BATT-L08
U-02485,SA-DISP-L04
U-02485,SA-ENC-L07
U-02486,SA-PCBA-L14
U-02486,SA-BATT-L08
U-02486,SA-DISP-L04
U-02486,SA-ENC-L04
U-02487,SA-PCBA-L15
U-02487,SA-BATT-L08
U-02487,SA-DISP-L01
U-02487,SA-ENC-L01
U-02488,SA-PCBA-L17
U-02488,SA-BATT-L05
U-02488,SA-DISP-L01
U-02488,SA-ENC-L08
U-02489,SA-PCBA-L10
U-02489,SA-BATT-L04
U-02489,SA-DISP-L10
U-02489,SA-ENC-L01
U-02490,SA-PCBA-L08
U-02490,SA-BATT-L04
U-02490,SA-DISP-L06
U-02490,SA-ENC-L07
U-02491,SA-PCBA-L08
U-02491,SA-BATT-L08
U-02491,SA-DISP-L05
U-02491,SA-ENC-L04
U-02492,SA-PCBA-L13
U-02492,SA-BATT-L07
U-02492,SA-DISP-L06
U-02492,SA-ENC-L07
U-02493,SA-PCBA-L20
U-02493,SA-BATT-L10
U-02493,SA-DISP-L06
U-02493,SA-ENC-L06
U-02494,SA-PCBA-L18
U-02494,SA-BATT-L02
U-02494,SA-DISP-L05
U-02494,SA-ENC-L06
U-02495,SA-PCBA-L05
U-02495,SA-BATT-L06
U-02495,SA-DISP-L03
U-02495,SA-ENC-L01
U-02496,SA-PCBA-L06
U-02496,SA-BATT-L02
U-02496,SA-DISP-L05
U-02496,SA-ENC-L06
U-02497,SA-PCBA-L13
U-02497,SA-BATT-L10
U-02497,SA-DISP-L05
U-02497,SA-ENC-L08
U-02498,SA-PCBA-L08
U-02498,SA-BATT-L03
U-02498,SA-DISP-L02
U-02498,SA-ENC-L03
U-02499,SA-PCBA-L08
U-02499,SA-BATT-L05
U-02499,SA-DISP-L01
U-02499,SA-ENC-L05
U-02500,SA-PCBA-L16
U-02500,SA-BATT-L10
U-02500,SA-DISP-L06
U-02500,SA-ENC-L01
