TRANSACTION_ID,T_DAT,T_CUSTOMER_ID,T_ARTICLE_ID,PRICE,SALES_CHANNEL_ID
1,2018-09-20,90255,21859,0.008457627119,2
2,2018-09-20,94028,56445,0.008457627119,1
3,2018-09-20,97194,28968,0.01354237288,1
4,2018-09-20,166385,12233,0.01693220339,1
5,2018-09-20,248668,38312,0.08472881356,2
6,2018-09-20,381874,35848,0.1016779661,2
7,2018-09-20,398837,45570,0.01354237288,2
8,2018-09-20,399517,960,0.008457627119,1
9,2018-09-20,451516,9057,0.0203220339,2
10,2018-09-20,614199,33541,0.06777966102,2
11,2018-09-20,781468,18926,0.01693220339,2
12,2018-09-20,926971,8224,0.01523728814,2
13,2018-09-20,1102880,29188,0.001677966102,1
14,2018-09-20,1219792,9057,0.0203220339,2
15,2018-09-21,44139,32655,0.02303389831,1
16,2018-09-21,56600,34622,0.01693220339,2
17,2018-09-21,131678,28968,0.01354237288,1
18,2018-09-21,194382,41827,0.0423559322,2
19,2018-09-21,495221,19852,0.01693220339,2
20,2018-09-21,501931,33541,0.06354237288,1
21,2018-09-21,502192,30147,0.05083050847,2
22,2018-09-21,518428,9251,0.03388135593,2
23,2018-09-21,518428,45414,0.1186271186,2
24,2018-09-21,539026,9264,0.01354237288,2
25,2018-09-21,551750,56559,0.03388135593,2
26,2018-09-21,608051,25273,0.02540677966,1
27,2018-09-21,712884,10043,0.02540677966,2
28,2018-09-21,847331,6059,0.01693220339,1
29,2018-09-21,1286143,33541,0.06777966102,2
30,2018-09-22,171955,29685,0.008457627119,1
31,2018-09-22,247387,39965,0.05083050847,1
32,2018-09-22,752998,11858,0.0423559322,1
33,2018-09-22,862583,3713,0.01693220339,1
34,2018-09-22,905752,9320,0.02540677966,1
35,2018-09-23,194382,13282,0.03388135593,2
36,2018-09-23,232507,3951,0.02201694915,2
37,2018-09-23,355554,21642,0.0423559322,2
38,2018-09-23,404128,36492,0.03388135593,2
39,2018-09-23,424331,1194,0.02540677966,2
40,2018-09-23,424331,11305,0.1016779661,2
41,2018-09-23,424331,53580,0.0423559322,2
42,2018-09-23,424950,13282,0.03388135593,2
43,2018-09-23,432200,4013,0.01693220339,1
44,2018-09-23,948943,25059,0.0203220339,2
45,2018-09-23,969187,9775,0.01693220339,2
46,2018-09-23,1041839,44072,0.01693220339,2
47,2018-09-23,1064396,43736,0.03388135593,1
48,2018-09-24,25462,74,0.01354237288,1
49,2018-09-24,37409,8224,0.01523728814,2
50,2018-09-24,50212,16595,0.02540677966,2
51,2018-09-24,68789,1646,0.02540677966,2
52,2018-09-24,281544,950,0.01354237288,2
53,2018-09-24,281544,26364,0.01015254237,2
54,2018-09-24,328312,17672,0.01354237288,2
55,2018-09-24,330755,33684,0.03388135593,2
56,2018-09-24,422874,1649,0.02540677966,2
57,2018-09-24,728720,396,0.01693220339,2
58,2018-09-24,753371,24213,0.02540677966,2
59,2018-09-24,831308,21642,0.0423559322,2
60,2018-09-24,1157428,25348,0.05083050847,2
61,2018-09-24,1219953,29138,0.01354237288,2
62,2018-09-24,1219953,46512,0.1355762712,2
63,2018-09-24,1256242,44072,0.01693220339,2
64,2018-09-25,189161,45465,0.01523728814,1
65,2018-09-25,201687,20774,0.02879661017,2
66,2018-09-25,280389,3929,0.02322033898,1
67,2018-09-25,310197,37215,0.01693220339,1
68,2018-09-25,384508,24271,0.01354237288,2
69,2018-09-25,396185,29423,0.01862711864,2
70,2018-09-25,566809,27827,0.01184745763,2
71,2018-09-25,680980,5965,0.02540677966,1
72,2018-09-25,1174043,35361,0.03388135593,2
73,2018-09-25,1190935,396,0.01693220339,2
74,2018-09-25,1301887,3959,0.02201694915,2
75,2018-09-25,1316281,33007,0.02540677966,2
76,2018-09-25,1316281,47421,0.03388135593,2
77,2018-09-25,1328308,43636,0.008457627119,2
78,2018-09-26,37010,5887,0.02879661017,2
79,2018-09-26,228727,16304,0.0423559322,2
80,2018-09-26,228727,17790,0.04744067797,2
81,2018-09-26,237388,21104,0.01184745763,2
82,2018-09-26,323778,8007,0.03388135593,2
83,2018-09-26,443596,28896,0.08472881356,2
84,2018-09-26,613312,40452,0.05083050847,2
85,2018-09-26,772625,396,0.01693220339,2
86,2018-09-26,781468,18926,0.01693220339,2
87,2018-09-26,848366,13098,0.02201694915,2
88,2018-09-26,876328,25658,0.01693220339,2
89,2018-09-26,1108733,53247,0.02201694915,1
90,2018-09-26,1314279,42243,0.08472881356,2
91,2018-09-27,228727,16304,0.0423559322,2
92,2018-09-27,228727,17790,0.04744067797,2
93,2018-09-27,472071,41843,0.05083050847,1
94,2018-09-27,502192,20940,0.03388135593,2
95,2018-09-27,516934,6916,0.01693220339,1
96,2018-09-27,568207,40324,0.01354237288,1
97,2018-09-27,568207,40937,0.02540677966,1
98,2018-09-27,856727,10648,0.01283050847,1
99,2018-09-27,876328,59563,0.01354237288,2
100,2018-09-27,924650,32264,0.0423559322,2
101,2018-09-27,941141,47002,0.03388135593,1
102,2018-09-28,98645,14442,0.008457627119,2
103,2018-09-28,113435,453,0.01693220339,1
104,2018-09-28,146683,3579,0.01083050847,1
105,2018-09-28,160751,2213,0.06777966102,1
106,2018-09-28,160751,37735,0.02711864407,1
107,2018-09-28,180202,50091,0.1016779661,2
108,2018-09-28,204146,42243,0.06354237288,2
109,2018-09-28,330755,33684,0.03388135593,2
110,2018-09-28,678357,1198,0.02286440678,1
111,2018-09-28,711990,26666,0.02140677966,2
112,2018-09-28,711990,33007,0.02471186441,2
113,2018-09-28,792722,25868,0.01693220339,2
114,2018-09-28,848366,21642,0.03991525424,2
115,2018-09-28,916358,21104,0.01184745763,2
116,2018-09-28,961383,11012,0.05930508475,2
117,2018-09-28,1111996,453,0.01354237288,1
118,2018-09-28,1187306,37823,0.03388135593,1
119,2018-09-28,1273510,43839,0.003372881356,2
120,2018-09-28,1305943,6059,0.01355932203,1
121,2018-09-29,22354,747,0.01761016949,1
122,2018-09-29,85700,16004,0.04066101695,1
123,2018-09-29,150981,24213,0.02540677966,2
124,2018-09-29,169737,1311,0.0203220339,1
125,2018-09-29,214052,25348,0.05083050847,2
126,2018-09-29,384825,14836,0.02710169492,1
127,2018-09-29,400421,23791,0.0203220339,2
128,2018-09-29,400872,40395,0.01354237288,1
129,2018-09-29,428049,453,0.01354237288,1
130,2018-09-29,473880,36172,0.03557627119,2
131,2018-09-29,485965,28968,0.01083050847,1
132,2018-09-29,501494,13098,0.03049152542,2
133,2018-09-29,533631,38536,0.05083050847,2
134,2018-09-29,596835,3713,0.01354237288,1
135,2018-09-29,631048,12233,0.01354237288,1
136,2018-09-29,631048,13282,0.02711864407,1
137,2018-09-29,631048,15059,0.005406779661,1
138,2018-09-29,631048,22465,0.01083050847,1
139,2018-09-29,631048,26381,0.01086440678,1
140,2018-09-29,631048,28896,0.06777966102,1
141,2018-09-29,631048,28929,0.0203220339,1
142,2018-09-29,631048,43736,0.02710169492,1
143,2018-09-29,631048,45465,0.01354237288,1
144,2018-09-29,669181,48226,0.02710169492,1
145,2018-09-29,695059,42088,0.02540677966,2
146,2018-09-29,712194,10648,0.01354237288,1
147,2018-09-29,736945,45570,0.01354237288,2
148,2018-09-29,737630,44072,0.01693220339,2
149,2018-09-29,821782,36455,0.01354237288,1
150,2018-09-29,825974,9922,0.04744067797,1
151,2018-09-29,854984,22446,0.006762711864,2
152,2018-09-29,892059,960,0.006762711864,1
153,2018-09-29,922145,29069,0.01693220339,2
154,2018-09-29,953830,4763,0.01354237288,1
155,2018-09-29,953830,39965,0.04066101695,1
156,2018-09-29,962267,48226,0.02710169492,1
157,2018-09-29,1030667,25658,0.01693220339,2
158,2018-09-29,1103389,10850,0.05083050847,2
159,2018-09-29,1132334,32937,0.02710169492,1
160,2018-09-29,1162543,5195,0.04066101695,1
161,2018-09-29,1162543,33081,0.05422033898,1
162,2018-09-29,1162543,38181,0.04066101695,1
163,2018-09-29,1205926,6302,0.02710169492,1
164,2018-09-29,1232199,3734,0.02710169492,1
165,2018-09-29,1243519,48031,0.02710169492,1
166,2018-09-29,1247873,7387,0.02540677966,2
167,2018-09-29,1278710,10043,0.03557627119,2
168,2018-09-29,1288299,6059,0.01355932203,1
169,2018-09-29,1352487,35146,0.01693220339,2
170,2018-09-30,67464,18691,0.006762711864,2
171,2018-09-30,328714,7443,0.02540677966,2
172,2018-09-30,328714,9775,0.01693220339,2
173,2018-09-30,333499,37735,0.03218644068,1
174,2018-09-30,379393,38705,0.01693220339,1
175,2018-09-30,379393,41843,0.05083050847,1
176,2018-09-30,434121,10215,0.02879661017,2
177,2018-09-30,434121,25375,0.03388135593,2
178,2018-09-30,656108,41454,0.1186271186,2
179,2018-09-30,966530,23424,0.01693220339,2
180,2018-09-30,1346947,14836,0.03049152542,1
181,2018-10-01,261494,3713,0.01693220339,2
182,2018-10-01,355338,55539,0.02540677966,1
183,2018-10-01,390356,45570,0.01150847458,2
184,2018-10-01,400872,2969,0.02159322034,2
185,2018-10-01,400872,42088,0.02159322034,2
186,2018-10-01,518329,18938,0.01693220339,2
187,2018-10-01,668446,40174,0.0423559322,2
188,2018-10-01,784866,10021,0.03388135593,1
189,2018-10-01,786271,10318,0.0423559322,2
190,2018-10-01,883343,26884,0.01693220339,1
191,2018-10-01,935689,43730,0.02540677966,2
192,2018-10-02,44139,20219,0.02201694915,2
193,2018-10-02,48994,18770,0.061,2
194,2018-10-02,56360,22209,0.01015254237,2
195,2018-10-02,143726,40600,0.02540677966,2
196,2018-10-02,146768,40395,0.01693220339,1
197,2018-10-02,351186,21642,0.0423559322,2
198,2018-10-02,351186,36178,0.02540677966,2
199,2018-10-02,473020,30866,0.05083050847,1
200,2018-10-02,574815,47326,0.0423559322,2
201,2018-10-02,638136,4963,0.01693220339,2
202,2018-10-02,723271,31583,0.007186440678,2
203,2018-10-02,871292,39978,0.0423559322,2
204,2018-10-02,876328,7868,0.05083050847,2
205,2018-10-02,1111783,18591,0.01438983051,1
206,2018-10-02,1226663,40624,0.05083050847,1
207,2018-10-03,201413,6942,0.02879661017,2
208,2018-10-03,221212,10648,0.01210169492,2
209,2018-10-03,403236,12499,0.01693220339,1
210,2018-10-03,407252,3713,0.01693220339,2
211,2018-10-03,438756,6942,0.02879661017,2
212,2018-10-03,438756,16595,0.02540677966,2
213,2018-10-03,488710,40174,0.0423559322,2
214,2018-10-03,574752,28929,0.02159322034,2
215,2018-10-03,588307,27825,0.003372881356,2
216,2018-10-03,991211,13282,0.03388135593,2
217,2018-10-03,991211,21642,0.0423559322,2
218,2018-10-03,1092243,12832,0.01523728814,2
219,2018-10-03,1220343,15598,0.007627118644,2
220,2018-10-03,1220343,23469,0.00913559322,2
221,2018-10-04,97585,35601,0.03811864407,2
222,2018-10-04,175442,32264,0.036,2
223,2018-10-04,175442,39738,0.07201694915,2
224,2018-10-04,380535,43692,0.01693220339,1
225,2018-10-04,492285,13282,0.02879661017,1
226,2018-10-04,492285,21221,0.03311864407,1
227,2018-10-04,623260,3713,0.01693220339,2
228,2018-10-04,709597,13282,0.03388135593,1
229,2018-10-04,724659,40937,0.02540677966,1
230,2018-10-04,826397,3938,0.02540677966,2
231,2018-10-04,1002701,48226,0.03388135593,2
232,2018-10-04,1170720,32142,0.03388135593,2
233,2018-10-05,8210,31679,0.01693220339,1
234,2018-10-05,568207,9922,0.05930508475,1
235,2018-10-05,639712,32338,0.08472881356,1
236,2018-10-05,1276171,44215,0.0423559322,1
237,2018-10-06,75287,2969,0.02540677966,1
238,2018-10-06,148310,3713,0.01693220339,1
239,2018-10-06,212726,38993,0.01693220339,2
240,2018-10-06,287125,42088,0.02540677966,2
241,2018-10-06,367712,48226,0.03388135593,1
242,2018-10-06,510305,16697,0.01693220339,1
243,2018-10-06,644909,1194,0.02540677966,1
244,2018-10-06,1053268,35143,0.03050847458,1
245,2018-10-06,1106371,29519,0.01354237288,1
246,2018-10-07,24870,38081,0.02116949153,1
247,2018-10-07,65879,41881,0.0423559322,1
248,2018-10-07,548754,18911,0.01523728814,2
249,2018-10-07,556535,5965,0.02540677966,1
250,2018-10-07,589030,39965,0.05083050847,1
251,2018-10-07,703173,33332,0.01354237288,2
252,2018-10-07,858920,36346,0.02201694915,1
253,2018-10-08,70318,40289,0.01523728814,1
254,2018-10-08,95633,18507,0.03388135593,2
255,2018-10-08,321678,33126,0.0423559322,2
256,2018-10-08,328310,38937,0.05083050847,2
257,2018-10-08,593838,31575,0.03388135593,2
258,2018-10-08,677983,74,0.01354237288,1
259,2018-10-08,743773,379,0.008457627119,1
260,2018-10-08,907871,39965,0.05083050847,1
261,2018-10-08,950804,53580,0.04023728814,1
262,2018-10-08,987696,10757,0.03049152542,1
263,2018-10-08,1207784,34849,0.006762711864,2
264,2018-10-08,1320913,45745,0.09150847458,1
265,2018-10-09,56360,33007,0.02540677966,2
266,2018-10-09,194382,12652,0.0423559322,2
267,2018-10-09,370412,2969,0.01872881356,1
268,2018-10-09,477887,28227,0.01693220339,2
269,2018-10-09,485295,31679,0.01693220339,2
270,2018-10-09,599114,10222,0.0203220339,2
271,2018-10-09,747539,10648,0.01693220339,1
272,2018-10-09,846758,33541,0.06777966102,2
273,2018-10-09,1011146,41454,0.1186271186,2
274,2018-10-10,48994,18770,0.04881355932,2
275,2018-10-10,72268,39942,0.03388135593,2
276,2018-10-10,145178,6776,0.03391525424,1
277,2018-10-10,185841,2281,0.04066101695,2
278,2018-10-10,295246,40174,0.0423559322,2
279,2018-10-10,393178,18591,0.01693220339,2
280,2018-10-10,393178,42129,0.01693220339,2
281,2018-10-10,396221,50091,0.1016779661,2
282,2018-10-10,477887,28227,0.01354237288,2
283,2018-10-10,518008,3938,0.0203220339,2
284,2018-10-10,518008,19505,0.01083050847,2
285,2018-10-10,599114,43692,0.01693220339,2
286,2018-10-10,785729,3049,0.01354237288,2
287,2018-10-10,1016022,50826,0.5915254237,2
288,2018-10-10,1039657,21642,0.03388135593,2
289,2018-10-10,1053380,10043,0.03557627119,2
290,2018-10-10,1322162,56185,0.06777966102,2
291,2018-10-11,69401,37109,0.04066101695,1
292,2018-10-11,251460,40967,0.04066101695,2
293,2018-10-11,343272,25375,0.03049152542,2
294,2018-10-11,404598,46683,0.08133898305,2
295,2018-10-11,541611,24982,0.0203220339,1
296,2018-10-11,583909,18867,0.0203220339,2
297,2018-10-11,660477,20214,0.0216779661,2
298,2018-10-11,835957,17662,0.02710169492,2
299,2018-10-11,887758,40289,0.01354237288,1
300,2018-10-11,916799,45414,0.09491525424,2
301,2018-10-11,996503,47421,0.02710169492,2
302,2018-10-11,1020457,40129,0.08472881356,2
303,2018-10-11,1131796,6302,0.02711864407,1
304,2018-10-11,1131796,41843,0.04066101695,1
305,2018-10-11,1183576,1194,0.0203220339,1
306,2018-10-11,1247963,32937,0.02710169492,1
307,2018-10-11,1335092,1199,0.0203220339,1
308,2018-10-12,21470,8224,0.01523728814,2
309,2018-10-12,67582,9320,0.02033898305,1
310,2018-10-12,72002,40020,0.03388135593,2
311,2018-10-12,112715,14256,0.02710169492,1
312,2018-10-12,180202,26918,0.02710169492,2
313,2018-10-12,180202,38025,0.02710169492,2
314,2018-10-12,469293,25113,0.006762711864,2
315,2018-10-12,631145,11833,0.01354237288,1
316,2018-10-12,774083,31737,0.03388135593,2
317,2018-10-12,785579,5315,0.04745762712,1
318,2018-10-12,905724,15989,0.0203220339,2
319,2018-10-12,909127,2213,0.06781355932,2
320,2018-10-12,931105,3429,0.01354237288,1
321,2018-10-12,982869,18761,0.01083050847,2
322,2018-10-12,1159235,37215,0.01693220339,2
323,2018-10-12,1294264,41640,0.02540677966,1
324,2018-10-12,1298730,16595,0.0203220339,2
325,2018-10-12,1356990,33007,0.02540677966,1
326,2018-10-12,1356990,48226,0.03388135593,1
327,2018-10-12,1358925,144,0.002711864407,1
328,2018-10-12,1359535,43730,0.0203220339,2
329,2018-10-13,3676,2213,0.06777966102,1
330,2018-10-13,3676,6059,0.01354237288,1
331,2018-10-13,3676,14364,0.04066101695,1
332,2018-10-13,38960,36544,0.06269491525,2
333,2018-10-13,135237,45250,0.02710169492,1
334,2018-10-13,173425,43443,0.04066101695,1
335,2018-10-13,276352,8407,0.0203220339,2
336,2018-10-13,322231,453,0.01354237288,1
337,2018-10-13,484816,3922,0.02711864407,1
338,2018-10-13,490701,37215,0.01693220339,2
339,2018-10-13,532700,18911,0.01523728814,2
340,2018-10-13,649810,37215,0.01354237288,2
341,2018-10-13,900955,396,0.01693220339,2
342,2018-10-13,935655,33007,0.0203220339,1
343,2018-10-13,1011146,41454,0.09489830508,2
344,2018-10-13,1197881,453,0.01354237288,1
345,2018-10-13,1231530,42494,0.004050847458,1
346,2018-10-13,1331095,53287,0.02710169492,2
347,2018-10-13,1353339,74,0.01083050847,1
348,2018-10-13,1353339,3959,0.01762711864,1
349,2018-10-13,1356990,48226,0.03388135593,1
350,2018-10-14,291356,14347,0.01354237288,2
351,2018-10-14,614199,37735,0.02711864407,2
352,2018-10-14,781468,35056,0.02711864407,1
353,2018-10-14,846810,43443,0.04066101695,1
354,2018-10-14,1122908,13902,0.05083050847,2
355,2018-10-14,1122908,15806,0.02540677966,2
356,2018-10-14,1149129,47002,0.02711864407,1
357,2018-10-14,1239636,747,0.01761016949,1
358,2018-10-14,1333728,10648,0.01693220339,2
359,2018-10-14,1339438,14256,0.02710169492,1
360,2018-10-14,1339438,48857,0.02711864407,1
361,2018-10-15,51983,1194,0.02540677966,2
362,2018-10-15,424950,24077,0.06608474576,2
363,2018-10-15,485078,48857,0.03388135593,1
364,2018-10-15,747666,37689,0.01693220339,1
365,2018-10-15,970983,43636,0.01354237288,2
366,2018-10-15,1166384,74,0.01354237288,2
367,2018-10-15,1190935,41167,0.00506779661,2
368,2018-10-15,1279175,29685,0.008457627119,2
369,2018-10-16,59521,41863,0.02710169492,1
370,2018-10-16,72443,58933,0.0423559322,2
371,2018-10-16,97235,33007,0.02540677966,2
372,2018-10-16,394409,51421,0.01015254237,2
373,2018-10-16,563489,52870,0.01981355932,1
374,2018-10-16,620393,17151,0.02371186441,2
375,2018-10-16,747397,43443,0.04066101695,1
376,2018-10-16,754336,40834,0.0423559322,2
377,2018-10-16,916358,21514,0.01693220339,2
378,2018-10-16,1003056,34923,0.0203220339,2
379,2018-10-16,1114794,20214,0.02710169492,2
380,2018-10-17,70318,40289,0.01523728814,1
381,2018-10-17,99110,19575,0.01693220339,1
382,2018-10-17,145629,26918,0.01828813559,2
383,2018-10-17,366677,2213,0.03388135593,2
384,2018-10-17,369235,17414,0.01693220339,2
385,2018-10-17,394409,22815,0.03049152542,2
386,2018-10-17,466556,14521,0.01523728814,2
387,2018-10-17,486658,11152,0.01438983051,2
388,2018-10-17,527992,12900,0.036,2
389,2018-10-17,600779,2213,0.03388135593,2
390,2018-10-17,647364,12259,0.01693220339,2
391,2018-10-17,647364,17414,0.01693220339,2
392,2018-10-17,809621,2213,0.03388135593,2
393,2018-10-17,975461,30536,0.05761016949,1
394,2018-10-17,986402,2213,0.03388135593,2
395,2018-10-17,1080254,46512,0.1355762712,2
396,2018-10-17,1110904,22043,0.0203220339,2
397,2018-10-17,1132334,37237,0.02540677966,2
398,2018-10-17,1225708,40834,0.0423559322,2
399,2018-10-17,1366131,24898,0.01354237288,2
400,2018-10-18,4748,2213,0.03388135593,2
401,2018-10-18,117082,13282,0.02879661017,2
402,2018-10-18,377946,48031,0.03388135593,1
403,2018-10-18,396049,14256,0.03388135593,1
404,2018-10-18,783648,31679,0.01693220339,1
405,2018-10-18,1049868,8316,0.0203220339,2
406,2018-10-18,1094459,3959,0.01871186441,2
407,2018-10-18,1094459,11833,0.01150847458,2
408,2018-10-18,1125951,12917,0.02286440678,1
409,2018-10-18,1179325,42129,0.01128813559,2
410,2018-10-18,1251202,36154,0.01438983051,1
411,2018-10-18,1351330,40395,0.01693220339,1
412,2018-10-18,1366131,24898,0.01150847458,2
413,2018-10-19,113965,43337,0.03388135593,2
414,2018-10-19,245922,29685,0.008457627119,2
415,2018-10-19,293037,6379,0.02371186441,2
416,2018-10-19,293037,19505,0.01354237288,2
417,2018-10-19,396793,45879,0.05083050847,2
418,2018-10-19,601086,11305,0.1016779661,2
419,2018-10-19,647364,10850,0.05083050847,2
420,2018-10-19,754350,45778,0.0423559322,1
421,2018-10-19,959295,25021,0.02540677966,2
422,2018-10-19,985269,18911,0.01523728814,2
423,2018-10-19,1007917,6916,0.01693220339,1
424,2018-10-19,1087095,9837,0.06438983051,2
425,2018-10-19,1164893,2213,0.03388135593,2
426,2018-10-19,1189964,14256,0.03388135593,1
427,2018-10-19,1253132,16697,0.01693220339,2
428,2018-10-20,67434,960,0.008457627119,1
429,2018-10-20,184367,33541,0.06777966102,2
430,2018-10-20,265541,11833,0.01354237288,1
431,2018-10-20,893360,40395,0.01693220339,1
432,2018-10-20,1365132,24213,0.02540677966,1
433,2018-10-21,1678,11232,0.01184745763,2
434,2018-10-21,64675,45745,0.1016779661,2
435,2018-10-21,70572,39965,0.05083050847,2
436,2018-10-21,78900,396,0.01693220339,2
437,2018-10-21,439182,6302,0.03388135593,2
438,2018-10-21,451719,14836,0.03388135593,1
439,2018-10-21,820580,57332,0.02201694915,2
440,2018-10-21,1053380,14521,0.01523728814,2
441,2018-10-21,1165359,2213,0.03388135593,2
442,2018-10-21,1187509,239,0.006762711864,2
443,2018-10-21,1187509,12259,0.01693220339,2
444,2018-10-22,173804,21642,0.0423559322,2
445,2018-10-22,228875,42261,0.02286440678,1
446,2018-10-22,278437,17201,0.05083050847,2
447,2018-10-22,330875,10021,0.03388135593,1
448,2018-10-22,507962,2138,0.03388135593,1
449,2018-10-22,517696,33481,0.03557627119,2
450,2018-10-22,602908,28968,0.01354237288,1
451,2018-10-22,608615,5306,0.02540677966,2
452,2018-10-22,608615,17724,0.01693220339,2
453,2018-10-22,802307,45871,0.03388135593,2
454,2018-10-22,969187,43839,0.008457627119,1
455,2018-10-22,1118209,33817,0.02201694915,2
456,2018-10-23,190394,48857,0.03388135593,1
457,2018-10-23,236398,17414,0.01218644068,2
458,2018-10-23,244088,10222,0.0203220339,2
459,2018-10-23,670970,13963,0.02540677966,2
460,2018-10-23,696491,17600,0.02540677966,1
461,2018-10-23,844398,43730,0.02540677966,2
462,2018-10-23,906738,2213,0.02879661017,2
463,2018-10-23,982858,45045,0.0423559322,2
464,2018-10-23,1108733,35216,0.01015254237,2
465,2018-10-23,1165359,2213,0.03388135593,2
466,2018-10-23,1225708,53580,0.0423559322,2
467,2018-10-23,1244972,18507,0.03388135593,2
468,2018-10-23,1244972,33991,0.03388135593,2
469,2018-10-23,1356990,36154,0.01440677966,1
470,2018-10-24,25462,74,0.01354237288,1
471,2018-10-24,57855,13882,0.01218644068,2
472,2018-10-24,115434,23791,0.0203220339,2
473,2018-10-24,115434,28240,0.01523728814,2
474,2018-10-24,120296,9594,0.03050847458,2
475,2018-10-24,120296,9775,0.01523728814,2
476,2018-10-24,120296,17600,0.02286440678,2
477,2018-10-24,159281,20860,0.01015254237,2
478,2018-10-24,317002,6648,0.02159322034,1
479,2018-10-24,507014,6776,0.03601694915,1
480,2018-10-24,649001,11305,0.08642372881,2
481,2018-10-24,649001,40967,0.04320338983,2
482,2018-10-24,751116,1311,0.02540677966,2
483,2018-10-24,751116,40954,0.01693220339,2
484,2018-10-24,902889,18930,0.01354237288,2
485,2018-10-24,950475,11725,0.006762711864,2
486,2018-10-24,950475,26883,0.01015254237,2
487,2018-10-24,979717,40834,0.036,2
488,2018-10-24,1128251,36240,0.003372881356,2
489,2018-10-24,1160530,17414,0.01354237288,2
490,2018-10-24,1172522,44072,0.01693220339,1
491,2018-10-24,1251444,39832,0.0423559322,1
492,2018-10-24,1265404,5887,0.0423559322,2
493,2018-10-25,169372,33126,0.02201694915,2
494,2018-10-25,285419,11232,0.01184745763,1
495,2018-10-25,540665,28827,0.03388135593,1
496,2018-10-25,755725,14256,0.03388135593,1
497,2018-10-25,785637,10850,0.01693220339,2
498,2018-10-25,908965,6302,0.02879661017,2
499,2018-10-25,975823,13282,0.03388135593,2
500,2018-10-25,975823,18001,0.0203220339,2
501,2018-10-25,1000178,39064,0.05083050847,2
502,2018-10-25,1078789,43443,0.05083050847,1
503,2018-10-25,1145966,10850,0.01693220339,2
504,2018-10-25,1149913,56559,0.02710169492,2
505,2018-10-25,1175049,13282,0.03388135593,1
506,2018-10-25,1316456,6776,0.0423559322,2
507,2018-10-26,159281,44072,0.01693220339,2
508,2018-10-26,293037,44650,0.01354237288,2
509,2018-10-26,300794,26242,0.01015254237,2
510,2018-10-26,533606,13010,0.02879661017,2
511,2018-10-26,601557,12233,0.01438983051,1
512,2018-10-26,649001,40967,0.05083050847,2
513,2018-10-26,670493,10021,0.02879661017,2
514,2018-10-26,793313,37237,0.01388135593,2
515,2018-10-26,911411,33007,0.02540677966,1
516,2018-10-26,1007810,10850,0.01269491525,2
517,2018-10-26,1044971,33991,0.02710169492,2
518,2018-10-26,1070382,14256,0.03388135593,2
519,2018-10-26,1100537,53247,0.01761016949,2
520,2018-10-26,1181033,4759,0.02201694915,1
521,2018-10-26,1211011,38671,0.05930508475,2
522,2018-10-26,1234109,12652,0.0423559322,1
523,2018-10-26,1274759,403,0.0203220339,2
524,2018-10-26,1371602,35601,0.0423559322,2
525,2018-10-27,72002,18691,0.006762711864,2
526,2018-10-27,83479,50092,0.1016779661,2
527,2018-10-27,212732,43391,0.06777966102,2
528,2018-10-27,369621,51762,0.01354237288,2
529,2018-10-27,416094,36312,0.03049152542,1
530,2018-10-27,439067,14657,0.02371186441,2
531,2018-10-27,470945,2213,0.08472881356,2
532,2018-10-27,596365,41881,0.04023728814,1
533,2018-10-27,658081,10850,0.01693220339,2
534,2018-10-27,674240,43443,0.04320338983,1
535,2018-10-27,680749,39832,0.0423559322,2
536,2018-10-27,809820,5315,0.05930508475,1
537,2018-10-27,882137,10648,0.01128813559,2
538,2018-10-27,1211011,38671,0.05930508475,2
539,2018-10-28,40986,31101,0.00913559322,2
540,2018-10-28,170051,14256,0.02879661017,2
541,2018-10-28,179717,21642,0.036,2
542,2018-10-28,276762,6302,0.03388135593,2
543,2018-10-28,291064,10850,0.01693220339,2
544,2018-10-28,394409,48819,0.05930508475,2
545,2018-10-28,412982,28589,0.003372881356,2
546,2018-10-28,551325,40510,0.04745762712,2
547,2018-10-28,623122,43845,0.007610169492,2
548,2018-10-28,701827,41167,0.00506779661,2
549,2018-10-28,701827,44658,0.01693220339,2
550,2018-10-28,751056,16595,0.02286440678,2
551,2018-10-28,776859,41167,0.00506779661,2
552,2018-10-28,866349,37563,0.01218644068,2
553,2018-10-28,881370,14347,0.01693220339,2
554,2018-10-28,920012,30293,0.01871186441,1
555,2018-10-28,1176872,17414,0.01354237288,2
556,2018-10-28,1344043,36677,0.01523728814,2
557,2018-10-29,35449,15598,0.008457627119,2
558,2018-10-29,45835,36240,0.003372881356,2
559,2018-10-29,228136,16182,0.003372881356,2
560,2018-10-29,248156,36492,0.03388135593,2
561,2018-10-29,333005,30619,0.1677966102,2
562,2018-10-29,431970,15679,0.01862711864,2
563,2018-10-29,431970,18926,0.01693220339,2
564,2018-10-29,542424,25937,0.01184745763,2
565,2018-10-29,542424,42301,0.01015254237,2
566,2018-10-29,624857,9775,0.01693220339,2
567,2018-10-29,680749,39832,0.0423559322,2
568,2018-10-29,702584,36492,0.03388135593,2
569,2018-10-29,743200,9778,0.01693220339,2
570,2018-10-29,807722,13144,0.03388135593,2
571,2018-10-29,1092693,2213,0.08472881356,2
572,2018-10-29,1209714,10021,0.02879661017,2
573,2018-10-29,1209714,14657,0.02371186441,2
574,2018-10-29,1332152,33007,0.02540677966,2
575,2018-10-29,1332152,35056,0.03388135593,2
576,2018-10-30,30111,26364,0.01015254237,1
577,2018-10-30,125390,9778,0.01693220339,2
578,2018-10-30,168885,453,0.01693220339,2
579,2018-10-30,203619,11305,0.09150847458,2
580,2018-10-30,203619,11674,0.04574576271,2
581,2018-10-30,701827,28827,0.03049152542,2
582,2018-10-30,854322,35056,0.03388135593,2
583,2018-10-30,949959,29520,0.08472881356,2
584,2018-10-30,983268,39965,0.05083050847,2
585,2018-10-30,1105743,9775,0.01693220339,2
586,2018-10-30,1314932,33001,0.01693220339,2
587,2018-10-30,1314932,33994,0.01693220339,2
588,2018-10-31,87463,43337,0.03388135593,1
589,2018-10-31,99944,37689,0.01693220339,2
590,2018-10-31,415196,5369,0.01693220339,1
591,2018-10-31,483816,43692,0.01693220339,2
592,2018-10-31,700874,33362,0.03049152542,2
593,2018-10-31,798260,39738,0.07703389831,2
594,2018-10-31,922388,1199,0.02540677966,2
595,2018-10-31,1131796,6059,0.01693220339,1
596,2018-11-01,248156,38671,0.05930508475,2
597,2018-11-01,335952,41827,0.0423559322,2
598,2018-11-01,335952,49592,0.03388135593,2
599,2018-11-01,483382,43337,0.03194915254,2
600,2018-11-01,693812,15989,0.0423559322,1
601,2018-11-01,1101350,41843,0.05083050847,2
602,2018-11-01,1149051,36677,0.01523728814,2
603,2018-11-01,1299659,8951,0.01066101695,2
604,2018-11-02,115434,40174,0.0423559322,2
605,2018-11-02,164102,18926,0.01693220339,2
606,2018-11-02,320632,25369,0.006762711864,1
607,2018-11-02,683824,43443,0.05083050847,1
608,2018-11-02,687348,13098,0.03049152542,2
609,2018-11-02,738259,3713,0.01693220339,2
610,2018-11-02,738259,18507,0.03388135593,2
611,2018-11-02,1013762,24271,0.01354237288,2
612,2018-11-02,1279416,16873,0.01693220339,2
613,2018-11-03,126304,24098,0.05930508475,2
614,2018-11-03,317569,24271,0.01354237288,2
615,2018-11-03,394409,43443,0.05083050847,1
616,2018-11-03,396261,37823,0.0423559322,1
617,2018-11-03,648337,20919,0.01693220339,1
618,2018-11-03,1091976,35454,0.01693220339,1
619,2018-11-03,1092693,2213,0.08472881356,2
620,2018-11-03,1171976,37694,0.0423559322,2
621,2018-11-03,1232812,52883,0.04574576271,1
622,2018-11-04,93717,41167,0.00506779661,2
623,2018-11-04,93717,44658,0.01693220339,2
624,2018-11-04,159281,42589,0.05930508475,2
625,2018-11-04,745630,45879,0.03811864407,2
626,2018-11-04,848251,28929,0.02540677966,2
627,2018-11-04,980543,27825,0.003372881356,2
628,2018-11-04,985269,27825,0.003372881356,2
629,2018-11-04,1206421,11833,0.01354237288,2
630,2018-11-05,291356,43672,0.02540677966,1
631,2018-11-05,333045,8684,0.003372881356,1
632,2018-11-05,509264,10409,0.0423559322,2
633,2018-11-05,687348,13098,0.03049152542,2
634,2018-11-05,911240,25868,0.01693220339,2
635,2018-11-05,1235493,14256,0.03388135593,2
636,2018-11-06,29405,16502,0.01354237288,1
637,2018-11-06,185841,27371,0.05083050847,2
638,2018-11-06,455342,41843,0.05083050847,2
639,2018-11-06,797568,27653,0.01218644068,2
640,2018-11-06,837645,51868,0.008457627119,2
641,2018-11-06,925008,37472,0.05083050847,2
642,2018-11-06,1076904,37109,0.05083050847,2
643,2018-11-06,1142991,10648,0.01693220339,2
644,2018-11-07,30111,36178,0.02540677966,2
645,2018-11-07,98253,27825,0.003372881356,2
646,2018-11-07,179803,28968,0.01354237288,1
647,2018-11-07,291356,43672,0.02286440678,1
648,2018-11-07,335952,35796,0.0423559322,1
649,2018-11-07,658081,9775,0.01693220339,2
650,2018-11-07,658081,9778,0.01693220339,2
651,2018-11-07,737926,14836,0.03388135593,2
652,2018-11-07,1095417,37694,0.0423559322,2
653,2018-11-07,1122223,11305,0.1016779661,2
654,2018-11-07,1188921,19575,0.01693220339,1
655,2018-11-07,1332799,24213,0.02540677966,2
656,2018-11-07,1332799,48226,0.03388135593,2
657,2018-11-08,397649,8007,0.03388135593,2
658,2018-11-08,1151541,38081,0.0423559322,2
659,2018-11-09,48389,17600,0.02540677966,2
660,2018-11-09,84096,40780,0.02540677966,2
661,2018-11-09,84096,45465,0.01693220339,2
662,2018-11-09,150274,2969,0.02201694915,2
663,2018-11-09,150274,31583,0.008457627119,2
664,2018-11-09,150274,40510,0.05930508475,2
665,2018-11-09,536869,2960,0.01983050847,2
666,2018-11-09,536869,2969,0.01981355932,2
667,2018-11-09,536869,22209,0.00913559322,2
668,2018-11-09,922001,43337,0.03388135593,1
669,2018-11-10,11962,33165,0.03388135593,1
670,2018-11-10,930558,39316,0.02201694915,1
671,2018-11-10,1006527,10648,0.01128813559,1
672,2018-11-10,1031383,40624,0.05083050847,2
673,2018-11-11,5264,12502,0.01506779661,2
674,2018-11-11,10061,3938,0.02261016949,2
675,2018-11-11,10061,45250,0.03015254237,2
676,2018-11-11,257921,23275,0.02261016949,2
677,2018-11-11,257921,34581,0.07540677966,2
678,2018-11-11,357794,40174,0.03769491525,2
679,2018-11-11,437820,40510,0.05930508475,2
680,2018-11-11,451719,2374,0.1016779661,2
681,2018-11-11,518008,13763,0.004508474576,2
682,2018-11-11,712194,6675,0.01693220339,1
683,2018-11-11,1179325,39064,0.04574576271,1
684,2018-11-11,1201779,40624,0.04523728814,2
685,2018-11-11,1286543,18507,0.03016949153,2
686,2018-11-11,1310212,31679,0.01693220339,2
687,2018-11-12,270060,40780,0.02540677966,2
688,2018-11-12,577633,56185,0.07625423729,2
689,2018-11-12,649240,33007,0.02261016949,2
690,2018-11-12,649240,45879,0.04523728814,2
691,2018-11-12,777837,2213,0.08472881356,2
692,2018-11-12,806211,25868,0.01693220339,2
693,2018-11-12,1049734,41881,0.0423559322,1
694,2018-11-12,1301887,41526,0.03388135593,2
695,2018-11-13,18392,15093,0.008457627119,2
696,2018-11-13,114624,74,0.01354237288,2
697,2018-11-13,209530,34402,0.08472881356,2
698,2018-11-13,231434,74,0.01354237288,2
699,2018-11-13,270769,41526,0.03388135593,2
700,2018-11-13,293037,9176,0.07116949153,2
701,2018-11-13,389174,45562,0.0423559322,2
702,2018-11-13,702584,15880,0.01693220339,2
703,2018-11-13,702584,49715,0.02201694915,2
704,2018-11-13,956253,13784,0.01354237288,2
705,2018-11-13,956253,18911,0.01523728814,2
706,2018-11-13,1344043,36802,0.008457627119,2
707,2018-11-14,409394,31679,0.01693220339,1
708,2018-11-14,517696,33541,0.06777966102,2
709,2018-11-14,583909,14657,0.02371186441,2
710,2018-11-14,644505,26271,0.08472881356,2
711,2018-11-14,975357,1194,0.02540677966,1
712,2018-11-14,983535,14812,0.02540677966,1
713,2018-11-14,1007917,13763,0.00506779661,2
714,2018-11-15,146785,6302,0.03049152542,2
715,2018-11-15,342323,12718,0.01015254237,1
716,2018-11-15,350486,55539,0.02540677966,1
717,2018-11-15,553129,40174,0.0423559322,2
718,2018-11-15,562254,22886,0.03049152542,2
719,2018-11-15,675609,32720,0.03388135593,2
720,2018-11-15,675609,47239,0.08472881356,2
721,2018-11-15,914993,33007,0.0203220339,2
722,2018-11-15,1001823,10850,0.03388135593,2
723,2018-11-15,1010522,1194,0.02540677966,2
724,2018-11-15,1094992,25273,0.008457627119,1
725,2018-11-15,1100537,35601,0.0423559322,2
726,2018-11-15,1242085,30851,0.03388135593,2
727,2018-11-15,1356990,10850,0.02540677966,2
728,2018-11-15,1356990,15093,0.006338983051,2
729,2018-11-16,63460,40174,0.0423559322,2
730,2018-11-16,189161,6302,0.02371186441,1
731,2018-11-16,479740,12900,0.0423559322,2
732,2018-11-16,526059,43443,0.0463220339,1
733,2018-11-16,542424,42246,0.01184745763,2
734,2018-11-16,945038,12499,0.01693220339,1
735,2018-11-16,1322162,2278,0.04744067797,2
736,2018-11-16,1322162,2281,0.05083050847,2
737,2018-11-17,64675,14256,0.03388135593,2
738,2018-11-17,156680,33007,0.0203220339,2
739,2018-11-17,232440,39933,0.06777966102,2
740,2018-11-17,395058,2969,0.02201694915,2
741,2018-11-17,464256,6648,0.01777966102,1
742,2018-11-17,468445,43443,0.05083050847,1
743,2018-11-17,486238,14836,0.03388135593,1
744,2018-11-17,486238,58871,0.03388135593,1
745,2018-11-17,1143481,55697,0.0423559322,2
746,2018-11-17,1173672,39738,0.08472881356,1
747,2018-11-18,142105,7271,0.01693220339,2
748,2018-11-18,169737,61494,0.05083050847,2
749,2018-11-18,474022,35216,0.01184745763,2
750,2018-11-18,474022,53175,0.01354237288,2
751,2018-11-18,532421,31679,0.01523728814,1
752,2018-11-18,786889,42301,0.01015254237,2
753,2018-11-18,1086138,396,0.01693220339,2
754,2018-11-18,1265404,3959,0.02201694915,2
755,2018-11-18,1341051,48819,0.05337288136,2
756,2018-11-19,21913,55539,0.02540677966,2
757,2018-11-19,76202,41843,0.04771186441,2
758,2018-11-19,443594,14256,0.03388135593,2
759,2018-11-19,444822,43691,0.01693220339,2
760,2018-11-19,476328,16917,0.008457627119,2
761,2018-11-19,524077,38918,0.04066101695,2
762,2018-11-19,563093,40937,0.02540677966,1
763,2018-11-19,612345,30221,0.03388135593,2
764,2018-11-19,711990,14347,0.008033898305,2
765,2018-11-19,711990,52252,0.02089830508,2
766,2018-11-19,866349,28302,0.01354237288,2
767,2018-11-19,1346683,38441,0.02540677966,2
768,2018-11-19,1354771,36891,0.01523728814,1
769,2018-11-19,1371181,34581,0.05930508475,2
770,2018-11-19,1371181,45414,0.07116949153,2
771,2018-11-19,1371181,45745,0.1016779661,2
772,2018-11-20,13898,41640,0.02540677966,2
773,2018-11-20,160437,35056,0.03388135593,2
774,2018-11-20,314070,396,0.01693220339,2
775,2018-11-20,669277,45414,0.06405084746,2
776,2018-11-20,750744,38918,0.03659322034,2
777,2018-11-20,996503,6059,0.01637288136,2
778,2018-11-20,1122670,15806,0.02540677966,2
779,2018-11-20,1134020,16917,0.008457627119,2
780,2018-11-20,1257502,36178,0.02540677966,1
781,2018-11-20,1314122,41099,0.01354237288,2
782,2018-11-20,1365260,5965,0.02183050847,1
783,2018-11-21,86865,21642,0.0203220339,2
784,2018-11-21,151713,52281,0.0423559322,1
785,2018-11-21,309937,21642,0.0203220339,2
786,2018-11-21,504742,58124,0.01871186441,1
787,2018-11-21,540665,62345,0.01354237288,1
788,2018-11-21,558150,31679,0.01693220339,2
789,2018-11-21,558150,38441,0.02540677966,2
790,2018-11-21,582073,8951,0.01184745763,2
791,2018-11-21,582073,21642,0.0203220339,2
792,2018-11-21,616635,21642,0.0203220339,2
793,2018-11-21,939806,13833,0.02540677966,2
794,2018-11-21,962267,33165,0.03388135593,1
795,2018-11-22,19738,47802,0.01693220339,2
796,2018-11-22,144034,29685,0.008457627119,1
797,2018-11-22,291863,40624,0.0203220339,1
798,2018-11-22,313232,53484,0.04066101695,1
799,2018-11-22,427092,43692,0.01354237288,2
800,2018-11-22,474022,6302,0.0203220339,2
801,2018-11-22,498308,15093,0.008457627119,2
802,2018-11-22,523271,22279,0.03388135593,1
803,2018-11-22,578786,50092,0.08133898305,2
804,2018-11-22,703354,19575,0.01693220339,1
805,2018-11-22,995473,6302,0.0203220339,2
806,2018-11-22,1149044,41952,0.03388135593,2
807,2018-11-22,1171905,21642,0.0203220339,2
808,2018-11-22,1205926,7868,0.02540677966,2
809,2018-11-23,31293,30091,0.0203220339,1
810,2018-11-23,31293,61494,0.04066101695,1
811,2018-11-23,35564,10648,0.01354237288,1
812,2018-11-23,103055,38441,0.0203220339,2
813,2018-11-23,121695,28547,0.0203220339,1
814,2018-11-23,124583,41794,0.02710169492,2
815,2018-11-23,142236,42088,0.0203220339,2
816,2018-11-23,186028,33362,0.04023728814,2
817,2018-11-23,236398,935,0.01354237288,2
818,2018-11-23,236398,45465,0.01354237288,2
819,2018-11-23,276352,38441,0.0203220339,2
820,2018-11-23,464486,40834,0.03388135593,2
821,2018-11-23,479740,12900,0.03388135593,2
822,2018-11-23,488710,26271,0.06777966102,2
823,2018-11-23,583620,14372,0.01083050847,2
824,2018-11-23,612506,57795,0.04066101695,1
825,2018-11-23,642256,32910,0.01354237288,2
826,2018-11-23,717472,36717,0.006762711864,2
827,2018-11-23,747397,53484,0.04066101695,1
828,2018-11-23,759482,33366,0.05422033898,1
829,2018-11-23,841072,396,0.01354237288,2
830,2018-11-23,879608,29520,0.06777966102,1
831,2018-11-23,916799,15845,0.02710169492,1
832,2018-11-23,960640,30851,0.02710169492,2
833,2018-11-23,960640,38441,0.0203220339,2
834,2018-11-23,969187,29685,0.006762711864,2
835,2018-11-23,969187,43691,0.01354237288,2
836,2018-11-23,973151,31737,0.02710169492,2
837,2018-11-23,979717,40928,0.0203220339,2
838,2018-11-23,979717,41526,0.02710169492,2
839,2018-11-23,985153,11833,0.01083050847,2
840,2018-11-23,1111959,35878,0.02710169492,2
841,2018-11-23,1128269,33684,0.02710169492,2
842,2018-11-23,1138501,43692,0.01354237288,1
843,2018-11-23,1142852,43692,0.01354237288,2
844,2018-11-23,1145966,31679,0.01354237288,2
845,2018-11-23,1186064,2374,0.08133898305,2
846,2018-11-23,1214649,6708,0.02438983051,2
847,2018-11-23,1226836,6676,0.01693220339,1
848,2018-11-23,1247873,25375,0.02201694915,2
849,2018-11-23,1254391,23791,0.01625423729,2
850,2018-11-23,1271779,35454,0.01218644068,1
851,2018-11-23,1286543,18507,0.02710169492,2
852,2018-11-23,1314645,21642,0.03388135593,2
853,2018-11-23,1367546,38296,0.00506779661,1
854,2018-11-24,17730,34402,0.06777966102,2
855,2018-11-24,31293,40600,0.0203220339,2
856,2018-11-24,51100,21072,0.008118644068,2
857,2018-11-24,72279,48857,0.02710169492,2
858,2018-11-24,122400,28719,0.01761016949,1
859,2018-11-24,208064,403,0.01625423729,2
860,2018-11-24,208064,14256,0.02710169492,2
861,2018-11-24,208064,43691,0.01354237288,2
862,2018-11-24,265501,2969,0.0203220339,2
863,2018-11-24,303827,43692,0.01354237288,2
864,2018-11-24,394409,74,0.01083050847,2
865,2018-11-24,397518,43672,0.0203220339,2
866,2018-11-24,446076,14256,0.02710169492,2
867,2018-11-24,511156,36154,0.01354237288,2
868,2018-11-24,589068,39738,0.06777966102,2
869,2018-11-24,651728,33165,0.02710169492,2
870,2018-11-24,669185,40452,0.04066101695,1
871,2018-11-24,822373,35601,0.03388135593,1
872,2018-11-24,905157,14256,0.02710169492,1
873,2018-11-24,991904,14256,0.02710169492,1
874,2018-11-24,995975,396,0.01354237288,2
875,2018-11-24,1001823,43691,0.01354237288,2
876,2018-11-24,1001823,43692,0.01354237288,2
877,2018-11-24,1002701,20919,0.01354237288,1
878,2018-11-24,1014792,14836,0.02540677966,1
879,2018-11-24,1044971,21072,0.008118644068,2
880,2018-11-24,1092600,53484,0.04066101695,1
881,2018-11-24,1149913,46522,0.03388135593,1
882,2018-11-24,1248471,28240,0.01218644068,2
883,2018-11-24,1263314,41794,0.02710169492,2
884,2018-11-24,1363838,16237,0.02710169492,2
885,2018-11-25,548754,28240,0.01523728814,2
886,2018-11-25,589068,38918,0.04066101695,2
887,2018-11-25,717472,24213,0.01354237288,1
888,2018-11-25,757037,52736,0.02879661017,2
889,2018-11-25,785352,55539,0.02540677966,1
890,2018-11-25,939669,53247,0.01354237288,2
891,2018-11-25,969187,43691,0.01523728814,2
892,2018-11-25,1107741,40181,0.01354237288,2
893,2018-11-25,1144377,9594,0.02133898305,2
894,2018-11-25,1165359,45733,0.01184745763,1
895,2018-11-25,1235304,9594,0.02371186441,2
896,2018-11-25,1284706,39510,0.01015254237,2
897,2018-11-26,196655,13493,0.01693220339,2
898,2018-11-26,206541,41952,0.0423559322,2
899,2018-11-26,214481,31954,0.02371186441,2
900,2018-11-26,216742,15059,0.003033898305,2
901,2018-11-26,278380,7868,0.02540677966,2
902,2018-11-26,353262,38918,0.04066101695,2
903,2018-11-26,392016,15059,0.003372881356,2
904,2018-11-26,394409,7868,0.02540677966,2
905,2018-11-26,394409,21642,0.02879661017,2
906,2018-11-26,548754,40525,0.01066101695,2
907,2018-11-26,680749,35056,0.03388135593,2
908,2018-11-26,717957,39064,0.02540677966,2
909,2018-11-26,835134,45465,0.007610169492,2
910,2018-11-26,872275,37563,0.01371186441,2
911,2018-11-26,974128,18911,0.01371186441,2
912,2018-11-26,1154461,26918,0.01523728814,2
913,2018-11-26,1299659,34581,0.05337288136,2
914,2018-11-26,1333776,7868,0.02540677966,2
915,2018-11-27,232507,36346,0.02201694915,2
916,2018-11-27,356393,31679,0.01693220339,1
917,2018-11-27,496315,65833,0.02540677966,2
918,2018-11-27,636915,15093,0.008457627119,2
919,2018-11-27,702056,7868,0.05083050847,2
920,2018-11-27,1255718,43337,0.03049152542,1
921,2018-11-28,48994,10850,0.03218644068,2
922,2018-11-28,103824,2969,0.02540677966,2
923,2018-11-28,103824,48819,0.05930508475,2
924,2018-11-28,210960,55477,0.01693220339,1
925,2018-11-28,412315,26029,0.05083050847,2
926,2018-11-28,1275536,14307,0.003372881356,2
927,2018-11-28,1275536,29809,0.0203220339,2
928,2018-11-28,1275536,31538,0.008457627119,2
929,2018-11-29,22219,53892,0.03388135593,2
930,2018-11-29,1264861,58039,0.02540677966,1
931,2018-11-29,1285612,55477,0.01693220339,1
932,2018-11-30,109719,51947,0.02540677966,1
933,2018-11-30,548754,28240,0.01523728814,2
934,2018-11-30,698380,52281,0.0423559322,2
935,2018-11-30,746088,26016,0.02371186441,2
936,2018-11-30,1198627,56559,0.03388135593,2
937,2018-11-30,1219792,40834,0.0423559322,2
938,2018-12-01,21470,7227,0.005084745763,1
939,2018-12-01,21470,43845,0.003372881356,1
940,2018-12-01,59062,74,0.01354237288,2
941,2018-12-01,335125,45879,0.05083050847,2
942,2018-12-01,479420,14844,0.03049152542,1
943,2018-12-01,586692,53892,0.03388135593,1
944,2018-12-01,862583,25273,0.008457627119,1
945,2018-12-01,864015,239,0.006762711864,2
946,2018-12-01,864015,27825,0.003372881356,2
947,2018-12-01,1036477,37735,0.03388135593,1
948,2018-12-01,1068745,453,0.01693220339,1
949,2018-12-01,1281546,30851,0.03388135593,2
950,2018-12-01,1365023,46848,0.1084745763,1
951,2018-12-02,114624,11305,0.1016779661,2
952,2018-12-02,185226,37237,0.03049152542,2
953,2018-12-02,730009,9594,0.03388135593,2
954,2018-12-02,878582,6302,0.02540677966,2
955,2018-12-02,1220478,31409,0.01354237288,2
956,2018-12-02,1317166,9881,0.03049152542,2
957,2018-12-03,115465,29520,0.08472881356,2
958,2018-12-03,312999,36575,0.01693220339,2
959,2018-12-03,630192,1974,0.0203220339,2
960,2018-12-03,961383,45538,0.08472881356,2
961,2018-12-03,983268,40624,0.04320338983,2
962,2018-12-03,1237185,12259,0.01693220339,2
963,2018-12-03,1237185,18926,0.01693220339,2
964,2018-12-04,135092,31737,0.03388135593,2
965,2018-12-04,317002,37548,0.03388135593,1
966,2018-12-04,693812,36154,0.01693220339,1
967,2018-12-04,805927,52736,0.05930508475,2
968,2018-12-04,1012252,36071,0.02286440678,2
969,2018-12-04,1244972,9898,0.1016779661,2
970,2018-12-04,1333475,6708,0.03049152542,1
971,2018-12-05,155385,53892,0.03388135593,2
972,2018-12-05,207486,40174,0.0423559322,2
973,2018-12-05,335125,45879,0.05083050847,2
974,2018-12-05,393716,20219,0.0423559322,2
975,2018-12-05,412315,26029,0.05083050847,2
976,2018-12-05,885695,33368,0.05422033898,1
977,2018-12-05,888015,2969,0.02540677966,2
978,2018-12-05,908965,45538,0.06777966102,2
979,2018-12-05,917180,39738,0.08472881356,2
980,2018-12-05,961383,45538,0.08472881356,2
981,2018-12-05,983268,31954,0.02879661017,2
982,2018-12-05,1098805,53892,0.03388135593,2
983,2018-12-05,1315517,27371,0.04066101695,2
984,2018-12-06,24851,10757,0.02540677966,1
985,2018-12-06,127016,13963,0.02540677966,2
986,2018-12-06,292412,2617,0.009152542373,1
987,2018-12-06,292412,44068,0.003033898305,1
988,2018-12-06,424325,39942,0.03388135593,2
989,2018-12-06,500872,30091,0.02540677966,2
990,2018-12-06,596411,42517,0.05083050847,2
991,2018-12-06,613940,53892,0.03388135593,2
992,2018-12-06,639579,15989,0.0423559322,1
993,2018-12-06,639579,16004,0.05083050847,1
994,2018-12-06,876078,9073,0.01015254237,2
995,2018-12-06,988090,935,0.01693220339,2
996,2018-12-06,1149051,41623,0.01354237288,1
997,2018-12-06,1155206,58124,0.02201694915,1
998,2018-12-06,1365023,46848,0.1084576271,1
999,2018-12-07,321681,26271,0.08472881356,2
1000,2018-12-07,507014,41843,0.05083050847,1
1001,2018-12-07,569628,28218,0.006762711864,1
1002,2018-12-07,878582,10648,0.01693220339,1
1003,2018-12-07,1367261,9775,0.01693220339,2
1004,2018-12-08,7784,32937,0.02540677966,1
1005,2018-12-08,206601,36535,0.1510169492,1
1006,2018-12-08,366744,5965,0.02540677966,1
1007,2018-12-08,366744,58871,0.03388135593,1
1008,2018-12-08,386634,38441,0.02540677966,1
1009,2018-12-08,537510,41201,0.02540677966,2
1010,2018-12-08,588721,2862,0.02286440678,1
1011,2018-12-08,675108,38441,0.0203220339,1
1012,2018-12-08,694095,40395,0.01693220339,2
1013,2018-12-08,694095,53247,0.02201694915,2
1014,2018-12-08,719079,48857,0.03388135593,1
1015,2018-12-08,942965,45401,0.03049152542,2
1016,2018-12-08,1012969,31679,0.01693220339,2
1017,2018-12-08,1012969,38441,0.02540677966,2
1018,2018-12-08,1071556,55700,0.03176271186,1
1019,2018-12-08,1110649,55700,0.0423559322,2
1020,2018-12-08,1258247,49592,0.01693220339,2
1021,2018-12-08,1369218,50376,0.008457627119,1
1022,2018-12-09,539200,33007,0.0203220339,2
1023,2018-12-09,1006068,30851,0.02542372881,2
1024,2018-12-09,1117307,33007,0.02540677966,2
1025,2018-12-09,1117307,41201,0.02540677966,2
1026,2018-12-10,863309,25059,0.02591525424,2
1027,2018-12-10,1155741,40174,0.0423559322,2
1028,2018-12-10,1371181,37237,0.03049152542,2
1029,2018-12-11,967,34789,0.02540677966,1
1030,2018-12-11,347484,55700,0.0423559322,2
1031,2018-12-11,409379,43809,0.0423559322,2
1032,2018-12-11,414617,43809,0.0423559322,2
1033,2018-12-11,664714,9775,0.01693220339,2
1034,2018-12-11,698380,13882,0.01523728814,2
1035,2018-12-11,698380,19925,0.01015254237,2
1036,2018-12-11,1224480,43809,0.03811864407,2
1037,2018-12-11,1353089,43337,0.03388135593,1
1038,2018-12-12,323778,43691,0.01218644068,2
1039,2018-12-12,338965,8684,0.003372881356,1
1040,2018-12-12,366744,58871,0.03388135593,1
1041,2018-12-12,439182,18001,0.0203220339,2
1042,2018-12-12,580776,37548,0.03388135593,1
1043,2018-12-12,685136,9073,0.01015254237,2
1044,2018-12-12,698380,13882,0.01523728814,2
1045,2018-12-12,813843,40780,0.02540677966,2
1046,2018-12-12,879608,44068,0.003372881356,1
1047,2018-12-12,933409,38181,0.05083050847,1
1048,2018-12-12,1054779,9073,0.01015254237,2
1049,2018-12-12,1171976,6227,0.08133898305,2
1050,2018-12-13,291284,43692,0.01438983051,1
1051,2018-12-13,337868,935,0.01006779661,2
1052,2018-12-13,350800,58039,0.02540677966,1
1053,2018-12-13,422874,1649,0.02540677966,2
1054,2018-12-13,428533,8742,0.008457627119,1
1055,2018-12-13,1003056,43692,0.01693220339,2
1056,2018-12-13,1060912,40174,0.04025423729,2
1057,2018-12-13,1093432,15067,0.006762711864,1
1058,2018-12-13,1147131,4445,0.03388135593,2
1059,2018-12-13,1184771,2617,0.01015254237,1
1060,2018-12-14,138317,27825,0.003372881356,2
1061,2018-12-14,254388,40928,0.02159322034,1
1062,2018-12-14,262163,53985,0.003372881356,1
1063,2018-12-14,507014,4963,0.01693220339,1
1064,2018-12-14,1013762,50376,0.007186440678,2
1065,2018-12-14,1256242,53892,0.03388135593,2
1066,2018-12-15,336290,2862,0.02540677966,1
1067,2018-12-15,364607,30299,0.01354237288,1
1068,2018-12-15,527799,57795,0.05083050847,1
1069,2018-12-15,542610,2862,0.02540677966,2
1070,2018-12-15,780911,10648,0.01210169492,1
1071,2018-12-15,1121244,45834,0.03049152542,2
1072,2018-12-15,1189069,10850,0.05083050847,1
1073,2018-12-15,1201210,33007,0.02540677966,1
1074,2018-12-15,1245388,1522,0.02540677966,1
1075,2018-12-15,1274920,12499,0.01693220339,2
1076,2018-12-15,1305943,15806,0.02540677966,1
1077,2018-12-16,170051,30366,0.01150847458,1
1078,2018-12-16,212128,43954,0.02540677966,2
1079,2018-12-16,393178,74,0.01354237288,2
1080,2018-12-16,704292,41201,0.02540677966,1
1081,2018-12-16,765356,40624,0.05083050847,2
1082,2018-12-16,953913,55565,0.02540677966,2
1083,2018-12-16,1321204,55565,0.02540677966,2
1084,2018-12-17,76585,34199,0.03388135593,2
1085,2018-12-17,428578,50376,0.008457627119,2
1086,2018-12-17,514915,24830,0.02201694915,2
1087,2018-12-17,566809,50376,0.007186440678,2
1088,2018-12-17,566809,53892,0.02879661017,2
1089,2018-12-17,674697,41881,0.036,2
1090,2018-12-17,1068196,45465,0.01693220339,2
1091,2018-12-17,1206390,30411,0.01693220339,1
1092,2018-12-17,1247395,35143,0.01693220339,1
1093,2018-12-18,91609,8951,0.01006779661,2
1094,2018-12-18,91609,28240,0.01294915254,2
1095,2018-12-18,263492,16004,0.05083050847,1
1096,2018-12-18,377274,10427,0.0423559322,2
1097,2018-12-18,1010522,1194,0.02540677966,2
1098,2018-12-18,1031160,57795,0.04830508475,2
1099,2018-12-18,1049734,23817,0.0423559322,2
1100,2018-12-18,1092600,40174,0.0423559322,2
1101,2018-12-18,1092600,53892,0.03388135593,2
1102,2018-12-18,1205628,31121,0.01693220339,2
1103,2018-12-18,1245388,30655,0.008457627119,1
1104,2018-12-18,1245388,44658,0.01693220339,2
1105,2018-12-19,180202,21228,0.03388135593,2
1106,2018-12-19,323552,55565,0.02540677966,2
1107,2018-12-19,403236,39317,0.01354237288,1
1108,2018-12-19,403236,50350,0.01184745763,1
1109,2018-12-19,431970,62359,0.02201694915,2
1110,2018-12-19,433241,3951,0.02201694915,2
1111,2018-12-19,541752,43730,0.02540677966,2
1112,2018-12-19,647364,19395,0.02201694915,2
1113,2018-12-19,656903,33368,0.06438983051,1
1114,2018-12-19,708951,52373,0.02201694915,2
1115,2018-12-19,746088,11968,0.01693220339,2
1116,2018-12-19,756175,4117,0.01438983051,1
1117,2018-12-19,756175,4759,0.01150847458,1
1118,2018-12-19,864015,40452,0.05083050847,2
1119,2018-12-19,1199361,42434,0.01015254237,2
1120,2018-12-19,1214352,12010,0.01015254237,2
1121,2018-12-19,1214352,53985,0.00506779661,2
1122,2018-12-19,1256610,55037,0.03388135593,2
1123,2018-12-20,3397,15101,0.0203220339,2
1124,2018-12-20,3397,19445,0.0203220339,2
1125,2018-12-20,24870,40510,0.01583050847,1
1126,2018-12-20,25462,74,0.01354237288,1
1127,2018-12-20,25462,2138,0.03388135593,1
1128,2018-12-20,464486,45465,0.01015254237,2
1129,2018-12-20,647396,42258,0.01127118644,2
1130,2018-12-20,757037,37237,0.03049152542,2
1131,2018-12-20,846944,43458,0.01015254237,1
1132,2018-12-20,884876,6302,0.02201694915,1
1133,2018-12-20,893242,31409,0.008457627119,2
1134,2018-12-20,1036102,40174,0.0423559322,2
1135,2018-12-20,1036102,55026,0.06777966102,2
1136,2018-12-20,1149686,13784,0.01218644068,2
1137,2018-12-20,1178157,1311,0.02540677966,1
1138,2018-12-20,1178157,2862,0.02540677966,1
1139,2018-12-20,1236321,17982,0.006762711864,2
1140,2018-12-21,2800,60866,0.02540677966,1
1141,2018-12-21,86865,21642,0.02879661017,2
1142,2018-12-21,106574,46522,0.0423559322,1
1143,2018-12-21,152862,12459,0.02879661017,2
1144,2018-12-21,257886,59867,0.06777966102,2
1145,2018-12-21,652681,32439,0.1016779661,2
1146,2018-12-21,658488,6648,0.008915254237,1
1147,2018-12-21,668670,33165,0.02710169492,1
1148,2018-12-21,738259,14256,0.03388135593,2
1149,2018-12-21,893358,55700,0.0423559322,1
1150,2018-12-21,965154,31409,0.00506779661,1
1151,2018-12-21,992559,3922,0.03050847458,1
1152,2018-12-21,992559,40289,0.01523728814,1
1153,2018-12-21,1000178,9073,0.008627118644,2
1154,2018-12-21,1008507,6708,0.03049152542,1
1155,2018-12-21,1016719,40324,0.006762711864,1
1156,2018-12-21,1070382,14256,0.03388135593,2
1157,2018-12-21,1095965,31409,0.008457627119,2
1158,2018-12-21,1264861,1931,0.01184745763,1
1159,2018-12-21,1282177,43809,0.04023728814,1
1160,2018-12-21,1282895,9320,0.02201694915,1
1161,2018-12-22,221576,44215,0.02710169492,1
1162,2018-12-22,551847,37689,0.01693220339,1
1163,2018-12-22,813392,43672,0.01354237288,1
1164,2018-12-22,951596,45834,0.02896610169,1
1165,2018-12-22,965947,53892,0.03388135593,2
1166,2018-12-22,1177927,2745,0.02201694915,1
1167,2018-12-22,1207784,45334,0.03049152542,2
1168,2018-12-22,1283675,34789,0.02540677966,2
1169,2018-12-22,1321204,55565,0.02540677966,2
1170,2018-12-23,97194,18926,0.01693220339,2
1171,2018-12-23,247651,41843,0.05083050847,1
1172,2018-12-23,262586,6302,0.02201694915,1
1173,2018-12-23,336290,55539,0.01693220339,1
1174,2018-12-23,446513,42129,0.01693220339,1
1175,2018-12-23,483344,23222,0.01693220339,2
1176,2018-12-23,486344,42088,0.01354237288,2
1177,2018-12-23,771106,57065,0.02540677966,2
1178,2018-12-23,866349,11674,0.02201694915,2
1179,2018-12-23,906738,6648,0.01184745763,1
1180,2018-12-23,1007917,3579,0.01015254237,1
1181,2018-12-23,1048962,6916,0.01693220339,1
1182,2018-12-23,1048962,37109,0.05083050847,1
1183,2018-12-23,1101350,14234,0.01015254237,2
1184,2018-12-23,1148974,31329,0.01676271186,1
1185,2018-12-23,1286143,39965,0.05083050847,1
1186,2018-12-24,259981,33368,0.06777966102,1
1187,2018-12-24,405122,14256,0.03388135593,2
1188,2018-12-24,607344,34789,0.02540677966,2
1189,2018-12-24,648093,13282,0.03388135593,1
1190,2018-12-24,806371,12259,0.02540677966,1
1191,2018-12-24,1012252,16697,0.01693220339,1
1192,2018-12-24,1212225,13098,0.03049152542,2
1193,2018-12-24,1234943,23424,0.008457627119,1
1194,2018-12-24,1291523,43838,0.02710169492,2
1195,2018-12-25,329461,31121,0.01015254237,2
1196,2018-12-25,329461,34709,0.02201694915,2
1197,2018-12-25,329461,40928,0.02540677966,2
1198,2018-12-25,639924,31409,0.008457627119,2
1199,2018-12-25,929240,14234,0.01015254237,2
1200,2018-12-26,101186,43838,0.03388135593,2
1201,2018-12-26,127016,10648,0.01128813559,2
1202,2018-12-26,451719,26563,0.01693220339,2
1203,2018-12-26,451719,62359,0.02201694915,2
1204,2018-12-26,554873,10648,0.01693220339,2
1205,2018-12-26,712884,2617,0.00913559322,1
1206,2018-12-26,947409,3929,0.01354237288,2
1207,2018-12-26,971126,13058,0.01354237288,2
1208,2018-12-26,1275536,40452,0.04574576271,1
1209,2018-12-26,1279088,21608,0.01693220339,2
1210,2018-12-26,1279088,35796,0.02540677966,2
1211,2018-12-26,1298792,54258,0.01862711864,1
1212,2018-12-27,301828,43839,0.008457627119,1
1213,2018-12-27,398264,40324,0.006762711864,2
1214,2018-12-27,600382,42088,0.01354237288,2
1215,2018-12-27,658732,28218,0.01354237288,1
1216,2018-12-27,670970,26096,0.01523728814,2
1217,2018-12-27,670970,43838,0.03388135593,2
1218,2018-12-27,674344,52870,0.01066101695,1
1219,2018-12-27,717472,20618,0.006898305085,2
1220,2018-12-27,943896,40452,0.05083050847,1
1221,2018-12-27,1116657,33081,0.02845762712,1
1222,2018-12-27,1135039,14169,0.006762711864,1
1223,2018-12-27,1135039,36895,0.01693220339,1
1224,2018-12-28,7269,31670,0.03049152542,2
1225,2018-12-28,330298,57065,0.02540677966,2
1226,2018-12-28,337868,43954,0.02540677966,2
1227,2018-12-28,400514,21642,0.02540677966,2
1228,2018-12-28,400514,42088,0.01523728814,2
1229,2018-12-28,639924,39064,0.03049152542,2
1230,2018-12-28,639924,40324,0.008457627119,2
1231,2018-12-28,680980,40026,0.08472881356,2
1232,2018-12-28,683764,29636,0.01523728814,2
1233,2018-12-28,812088,3922,0.03388135593,1
1234,2018-12-28,1028495,7471,0.009152542373,2
1235,2018-12-28,1094459,42088,0.01523728814,2
1236,2018-12-28,1100378,10648,0.01015254237,1
1237,2018-12-28,1263042,41827,0.02540677966,2
1238,2018-12-29,219312,37472,0.05083050847,2
1239,2018-12-29,500270,15059,0.002694915254,1
1240,2018-12-29,1068221,30299,0.01354237288,1
1241,2018-12-29,1189964,10648,0.01210169492,1
1242,2018-12-29,1189964,55700,0.0423559322,1
1243,2018-12-29,1281838,33362,0.0423559322,2
1244,2018-12-29,1281838,45465,0.01015254237,2
1245,2018-12-30,409379,42152,0.03388135593,2
1246,2018-12-30,409379,55094,0.05930508475,1
1247,2018-12-30,669185,53892,0.03388135593,1
1248,2018-12-31,31293,40937,0.01676271186,1
1249,2018-12-31,106119,25868,0.01015254237,1
1250,2018-12-31,106119,33362,0.03557627119,1
1251,2018-12-31,277792,22379,0.003372881356,1
1252,2018-12-31,461150,28227,0.01354237288,2
1253,2018-12-31,608051,2281,0.02710169492,1
1254,2018-12-31,691710,21228,0.03049152542,2
1255,2018-12-31,846325,29188,0.001677966102,1
1256,2018-12-31,1008507,1198,0.01354237288,1
1257,2018-12-31,1135039,40624,0.01862711864,1
1258,2018-12-31,1135039,57795,0.05083050847,1
1259,2018-12-31,1339438,25868,0.008118644068,1
1260,2019-01-01,297801,53892,0.03388135593,2
1261,2019-01-01,396185,30866,0.03049152542,2
1262,2019-01-01,785089,17449,0.01523728814,2
1263,2019-01-01,935314,21228,0.03049152542,2
1264,2019-01-01,935314,41201,0.02540677966,2
1265,2019-01-01,1171976,31737,0.03388135593,2
1266,2019-01-01,1274938,37996,0.07625423729,2
1267,2019-01-02,168950,1198,0.01354237288,1
1268,2019-01-02,225414,5965,0.02159322034,1
1269,2019-01-02,518008,3938,0.01523728814,2
1270,2019-01-02,518008,47592,0.01693220339,2
1271,2019-01-02,804208,29636,0.01523728814,2
1272,2019-01-02,804208,33818,0.01693220339,2
1273,2019-01-02,856637,45133,0.01693220339,2
1274,2019-01-02,856637,52135,0.02540677966,2
1275,2019-01-02,875442,55539,0.01693220339,1
1276,2019-01-02,1006230,47592,0.01693220339,2
1277,2019-01-02,1049063,13282,0.03388135593,1
1278,2019-01-02,1134020,29685,0.00506779661,2
1279,2019-01-02,1332152,52281,0.0423559322,2
1280,2019-01-02,1332152,57795,0.05083050847,2
1281,2019-01-03,385253,36178,0.01184745763,1
1282,2019-01-03,433241,6302,0.03388135593,2
1283,2019-01-03,476328,36717,0.008457627119,2
1284,2019-01-03,498308,47592,0.01693220339,2
1285,2019-01-03,498308,57795,0.05083050847,2
1286,2019-01-03,521512,47592,0.01693220339,2
1287,2019-01-03,1039194,9264,0.01862711864,1
1288,2019-01-03,1085603,43692,0.01184745763,2
1289,2019-01-03,1192931,44215,0.02710169492,1
1290,2019-01-03,1246387,39965,0.04405084746,1
1291,2019-01-03,1336497,33172,0.02194915254,2
1292,2019-01-03,1336497,34163,0.02072881356,2
1293,2019-01-03,1338830,6708,0.03049152542,1
1294,2019-01-04,106574,51332,0.061,1
1295,2019-01-04,277425,4759,0.01354237288,1
1296,2019-01-04,291284,19332,0.02540677966,2
1297,2019-01-04,291284,42088,0.01523728814,2
1298,2019-01-04,335125,43337,0.03388135593,2
1299,2019-01-04,596747,35796,0.02540677966,2
1300,2019-01-04,614199,60860,0.09152542373,2
1301,2019-01-04,632535,41881,0.02201694915,1
1302,2019-01-04,892059,58583,0.03388135593,2
1303,2019-01-04,959561,34402,0.07625423729,2
1304,2019-01-04,1079730,40624,0.01862711864,1
1305,2019-01-04,1218973,379,0.008457627119,1
1306,2019-01-04,1230038,33541,0.06777966102,2
1307,2019-01-04,1290164,41526,0.03388135593,2
1308,2019-01-04,1356990,24107,0.04744067797,2
1309,2019-01-05,7366,47592,0.01693220339,2
1310,2019-01-05,63653,33541,0.06777966102,2
1311,2019-01-05,273497,53892,0.03388135593,2
1312,2019-01-05,547822,41881,0.02540677966,2
1313,2019-01-05,578643,14234,0.01015254237,1
1314,2019-01-05,792722,25868,0.01015254237,2
1315,2019-01-05,1023782,2510,0.003372881356,1
1316,2019-01-05,1023782,35143,0.01354237288,1
1317,2019-01-05,1332152,56559,0.03388135593,2
1318,2019-01-06,358109,57065,0.02540677966,2
1319,2019-01-06,371859,15845,0.02371186441,2
1320,2019-01-06,772571,57065,0.02540677966,2
1321,2019-01-06,816257,41881,0.02540677966,2
1322,2019-01-06,914993,47547,0.02201694915,2
1323,2019-01-06,914993,47592,0.01693220339,2
1324,2019-01-06,1018067,33541,0.06101694915,2
1325,2019-01-07,133918,25059,0.03049152542,2
1326,2019-01-07,145831,33541,0.06777966102,2
1327,2019-01-07,155851,9778,0.01693220339,2
1328,2019-01-07,312948,47592,0.01693220339,2
1329,2019-01-07,321678,23817,0.0423559322,2
1330,2019-01-07,336065,42088,0.01218644068,2
1331,2019-01-07,387939,36161,0.03811864407,2
1332,2019-01-07,571446,53247,0.02201694915,2
1333,2019-01-07,719868,54258,0.02540677966,2
1334,2019-01-07,738259,33541,0.06777966102,2
1335,2019-01-07,738259,55147,0.05083050847,2
1336,2019-01-07,936545,53892,0.03388135593,2
1337,2019-01-07,1052742,45570,0.01354237288,1
1338,2019-01-08,48539,55539,0.01693220339,2
1339,2019-01-08,78766,13784,0.01274576271,2
1340,2019-01-08,78766,28240,0.01433898305,2
1341,2019-01-08,199402,53484,0.05083050847,2
1342,2019-01-08,421778,33007,0.02540677966,2
1343,2019-01-08,438469,29685,0.00506779661,2
1344,2019-01-08,464486,2213,0.05083050847,2
1345,2019-01-08,464486,57065,0.02540677966,2
1346,2019-01-08,476317,51647,0.008457627119,2
1347,2019-01-08,526843,39316,0.01693220339,1
1348,2019-01-08,682984,45562,0.03813559322,2
1349,2019-01-08,683936,51647,0.008457627119,2
1350,2019-01-08,695807,53892,0.03388135593,2
1351,2019-01-08,747673,40624,0.01862711864,1
1352,2019-01-08,785344,47592,0.01693220339,2
1353,2019-01-08,1017726,41952,0.0423559322,2
1354,2019-01-08,1017726,42449,0.05083050847,2
1355,2019-01-08,1116648,53892,0.03388135593,2
1356,2019-01-08,1332552,18507,0.01523728814,2
1357,2019-01-09,202259,23817,0.0423559322,2
1358,2019-01-09,437071,33541,0.06777966102,2
1359,2019-01-09,463108,43911,0.05422033898,2
1360,2019-01-09,515439,40324,0.006762711864,2
1361,2019-01-09,515439,45733,0.01184745763,2
1362,2019-01-09,648093,47592,0.01693220339,2
1363,2019-01-09,648093,49048,0.03049152542,2
1364,2019-01-09,656108,38671,0.05930508475,2
1365,2019-01-09,1089010,7868,0.02201694915,2
1366,2019-01-09,1110886,32270,0.02201694915,2
1367,2019-01-09,1149275,55814,0.05930508475,1
1368,2019-01-09,1189876,31737,0.03388135593,2
1369,2019-01-10,66967,55127,0.0376440678,2
1370,2019-01-10,138885,47592,0.01693220339,2
1371,2019-01-10,225414,33366,0.02303389831,1
1372,2019-01-10,234633,15845,0.01693220339,2
1373,2019-01-10,270769,52620,0.02540677966,2
1374,2019-01-10,357317,69381,0.02540677966,1
1375,2019-01-10,496315,48529,0.03388135593,2
1376,2019-01-10,582073,45465,0.00913559322,2
1377,2019-01-10,601086,57795,0.05083050847,2
1378,2019-01-10,717728,55127,0.0423559322,2
1379,2019-01-10,832881,29685,0.004677966102,2
1380,2019-01-10,929723,17002,0.01694915254,1
1381,2019-01-10,929723,37823,0.02201694915,1
1382,2019-01-10,952116,40937,0.01862711864,1
1383,2019-01-10,1007917,55127,0.0423559322,2
1384,2019-01-10,1021258,10850,0.03388135593,2
1385,2019-01-10,1021258,17449,0.02201694915,2
1386,2019-01-10,1021258,25059,0.03049152542,2
1387,2019-01-10,1085603,43692,0.01184745763,2
1388,2019-01-10,1092625,44426,0.03388135593,1
1389,2019-01-10,1121857,43954,0.02286440678,1
1390,2019-01-10,1135039,51332,0.06777966102,1
1391,2019-01-10,1154495,30797,0.02540677966,1
1392,2019-01-10,1285033,40324,0.006762711864,2
1393,2019-01-11,146683,6629,0.00506779661,1
1394,2019-01-11,194382,31737,0.03388135593,2
1395,2019-01-11,229381,41827,0.02286440678,2
1396,2019-01-11,291356,28827,0.01066101695,1
1397,2019-01-11,983535,14810,0.02540677966,1
1398,2019-01-11,1087095,23817,0.0423559322,2
1399,2019-01-11,1361956,3456,0.02201694915,2
1400,2019-01-11,1361956,34015,0.02201694915,2
1401,2019-01-12,3676,43458,0.01015254237,1
1402,2019-01-12,3676,53892,0.03388135593,1
1403,2019-01-12,65172,2213,0.05083050847,2
1404,2019-01-12,127832,47592,0.01693220339,2
1405,2019-01-12,172640,47592,0.01693220339,2
1406,2019-01-12,316370,45834,0.03049152542,2
1407,2019-01-12,389174,53484,0.05083050847,2
1408,2019-01-12,473880,28396,0.02561016949,2
1409,2019-01-12,540000,14908,0.00913559322,1
1410,2019-01-12,648601,28968,0.01354237288,2
1411,2019-01-12,674709,44426,0.03050847458,1
1412,2019-01-12,899266,36346,0.01015254237,1
1413,2019-01-12,928040,10534,0.01693220339,1
1414,2019-01-12,988743,45834,0.03049152542,2
1415,2019-01-13,169737,53484,0.05083050847,2
1416,2019-01-13,481655,21228,0.03049152542,2
1417,2019-01-13,550617,15845,0.01523728814,2
1418,2019-01-13,745357,38025,0.02201694915,2
1419,2019-01-13,819430,25113,0.006762711864,2
1420,2019-01-13,819430,42469,0.02201694915,2
1421,2019-01-13,856637,52620,0.02540677966,2
1422,2019-01-13,914993,12900,0.0423559322,1
1423,2019-01-13,1071562,33362,0.0423559322,2
1424,2019-01-13,1071562,40624,0.02201694915,2
1425,2019-01-13,1099200,2213,0.05083050847,2
1426,2019-01-13,1099200,32270,0.02201694915,2
1427,2019-01-13,1140329,47547,0.02201694915,2
1428,2019-01-14,3990,29685,0.00506779661,2
1429,2019-01-14,273497,55127,0.0423559322,2
1430,2019-01-14,322401,47592,0.01693220339,2
1431,2019-01-14,490151,47592,0.01693220339,2
1432,2019-01-14,514814,47592,0.01693220339,2
1433,2019-01-14,560393,55127,0.0423559322,2
1434,2019-01-14,683391,15989,0.0423559322,1
1435,2019-01-14,683391,16004,0.05083050847,1
1436,2019-01-14,693812,6268,0.006762711864,1
1437,2019-01-14,807343,11757,0.04744067797,2
1438,2019-01-14,827743,60866,0.02286440678,1
1439,2019-01-14,1205926,45834,0.03049152542,2
1440,2019-01-14,1331095,39738,0.08472881356,2
1441,2019-01-15,134598,24213,0.009694915254,2
1442,2019-01-15,232507,31216,0.01015254237,2
1443,2019-01-15,288915,47592,0.01693220339,2
1444,2019-01-15,396185,30866,0.03049152542,2
1445,2019-01-15,563093,4963,0.01693220339,1
1446,2019-01-15,929563,55313,0.01693220339,2
1447,2019-01-15,1165736,43845,0.003372881356,1
1448,2019-01-16,86865,7868,0.02201694915,2
1449,2019-01-16,138885,47592,0.01523728814,2
1450,2019-01-16,159161,47547,0.02201694915,2
1451,2019-01-16,180202,57301,0.1510169492,2
1452,2019-01-16,409379,35958,0.03388135593,2
1453,2019-01-16,752573,59867,0.061,2
1454,2019-01-16,768149,657,0.03049152542,2
1455,2019-01-16,914993,52221,0.01523728814,2
1456,2019-01-16,924650,53892,0.03388135593,2
1457,2019-01-16,967432,45250,0.03049152542,2
1458,2019-01-16,1012034,53484,0.04574576271,2
1459,2019-01-16,1183576,47592,0.01523728814,2
1460,2019-01-16,1230858,37938,0.02540677966,2
1461,2019-01-16,1322162,46683,0.05947457627,2
1462,2019-01-16,1322162,61858,0.1510169492,2
1463,2019-01-16,1340444,49090,0.0423559322,2
1464,2019-01-17,42889,20919,0.01693220339,2
1465,2019-01-17,92772,40937,0.01862711864,1
1466,2019-01-17,100986,57409,0.01354237288,2
1467,2019-01-17,265184,53484,0.05083050847,2
1468,2019-01-17,301640,52790,0.02540677966,1
1469,2019-01-17,346932,2213,0.03049152542,2
1470,2019-01-17,364607,30299,0.01181355932,1
1471,2019-01-17,398894,47592,0.01693220339,2
1472,2019-01-17,847581,29520,0.02710169492,2
1473,2019-01-17,1049026,15989,0.03811864407,1
1474,2019-01-17,1049026,16004,0.04574576271,1
1475,2019-01-17,1286056,33541,0.06777966102,2
1476,2019-01-18,6723,21642,0.02540677966,2
1477,2019-01-18,6723,57065,0.02540677966,2
1478,2019-01-18,126304,47592,0.01693220339,2
1479,2019-01-18,137784,47592,0.01693220339,2
1480,2019-01-18,964647,60318,0.08472881356,2
1481,2019-01-18,1175049,10648,0.01015254237,1
1482,2019-01-18,1175049,33366,0.02710169492,1
1483,2019-01-18,1205926,45834,0.02745762712,2
1484,2019-01-19,94287,58583,0.03388135593,2
1485,2019-01-19,237388,29520,0.03557627119,1
1486,2019-01-19,264296,59490,0.08472881356,2
1487,2019-01-19,360333,48857,0.01523728814,2
1488,2019-01-19,400872,33541,0.06777966102,2
1489,2019-01-19,455342,54482,0.05930508475,2
1490,2019-01-19,865900,25868,0.008457627119,2
1491,2019-01-19,953913,15806,0.01862711864,1
1492,2019-01-19,1220478,7868,0.03049152542,1
1493,2019-01-19,1363687,40324,0.006762711864,1
1494,2019-01-20,63653,38135,0.0423559322,2
1495,2019-01-20,289499,35143,0.01523728814,2
1496,2019-01-20,289499,53892,0.03388135593,2
1497,2019-01-20,338982,53892,0.03388135593,2
1498,2019-01-20,614199,33541,0.06777966102,2
1499,2019-01-20,636703,29636,0.02540677966,1
1500,2019-01-20,638136,17904,0.01523728814,2
1501,2019-01-20,1220478,47592,0.01693220339,2
1502,2019-01-21,3397,25059,0.03049152542,2
1503,2019-01-21,3397,41952,0.03388135593,2
1504,2019-01-21,107124,33362,0.0423559322,2
1505,2019-01-21,240690,55313,0.01647457627,1
1506,2019-01-21,320896,34923,0.0423559322,2
1507,2019-01-21,339781,33541,0.06777966102,2
1508,2019-01-21,568203,30206,0.006762711864,2
1509,2019-01-21,613449,46390,0.03388135593,2
1510,2019-01-21,629061,69797,0.01693220339,2
1511,2019-01-21,754071,38993,0.01693220339,2
1512,2019-01-21,1053380,53892,0.03388135593,2
1513,2019-01-21,1074781,23817,0.03813559322,2
1514,2019-01-21,1095273,5230,0.01354237288,2
1515,2019-01-22,18239,43838,0.03388135593,2
1516,2019-01-22,24851,21642,0.02540677966,2
1517,2019-01-22,42836,35143,0.01523728814,2
1518,2019-01-22,570294,42629,0.01693220339,2
1519,2019-01-22,629061,69797,0.01693220339,2
1520,2019-01-22,661497,47592,0.01693220339,2
1521,2019-01-22,967432,1198,0.01354237288,1
1522,2019-01-22,985269,35530,0.01693220339,1
1523,2019-01-22,995473,39064,0.02089830508,2
1524,2019-01-22,1020305,39383,0.009898305085,2
1525,2019-01-22,1040164,43954,0.02540677966,1
1526,2019-01-22,1158607,10215,0.02201694915,2
1527,2019-01-22,1282895,14234,0.01015254237,2
1528,2019-01-23,43752,35848,0.03813559322,2
1529,2019-01-23,43752,38918,0.06777966102,2
1530,2019-01-23,163250,40928,0.02540677966,2
1531,2019-01-23,312291,6302,0.03050847458,2
1532,2019-01-23,348166,35146,0.01693220339,2
1533,2019-01-23,405122,2213,0.03049152542,2
1534,2019-01-23,926971,24098,0.05083050847,2
1535,2019-01-23,1070382,14256,0.03388135593,2
1536,2019-01-23,1070382,41201,0.02540677966,2
1537,2019-01-23,1128251,28589,0.00506779661,2
1538,2019-01-23,1143221,50394,0.008457627119,2
1539,2019-01-23,1211011,38993,0.01583050847,2
1540,2019-01-24,42836,9264,0.008457627119,1
1541,2019-01-24,159161,47547,0.02201694915,2
1542,2019-01-24,380408,379,0.008457627119,1
1543,2019-01-24,476317,51647,0.008457627119,2
1544,2019-01-24,694985,45538,0.05083050847,2
1545,2019-01-24,696129,34709,0.02201694915,2
1546,2019-01-24,818970,10215,0.01523728814,2
1547,2019-01-24,905752,51725,0.02540677966,2
1548,2019-01-24,924610,53892,0.03388135593,2
1549,2019-01-24,1122908,53484,0.04630508475,1
1550,2019-01-24,1279175,36835,0.01015254237,2
1551,2019-01-24,1340444,53892,0.03388135593,1
1552,2019-01-25,3397,11232,0.01184745763,2
1553,2019-01-25,3397,16304,0.0423559322,2
1554,2019-01-25,3397,27825,0.006762711864,2
1555,2019-01-25,33652,47048,0.02540677966,1
1556,2019-01-25,182552,53892,0.03388135593,1
1557,2019-01-25,185661,14234,0.009508474576,2
1558,2019-01-25,298923,61126,0.05083050847,2
1559,2019-01-25,322401,55565,0.02540677966,1
1560,2019-01-25,517696,56578,0.03291525424,2
1561,2019-01-25,551860,59603,0.03388135593,2
1562,2019-01-25,825755,36640,0.01523728814,2
1563,2019-01-25,825755,38441,0.01523728814,2
1564,2019-01-25,941141,17414,0.01184745763,2
1565,2019-01-25,1072016,59853,0.08472881356,2
1566,2019-01-25,1247159,44264,0.02710169492,1
1567,2019-01-25,1268206,33541,0.06777966102,2
1568,2019-01-25,1359460,52140,0.0423559322,2
1569,2019-01-26,6053,9910,0.01184745763,2
1570,2019-01-26,6053,17414,0.01184745763,2
1571,2019-01-26,20742,41826,0.03811864407,2
1572,2019-01-26,110859,29685,0.00506779661,2
1573,2019-01-26,320896,20919,0.01693220339,1
1574,2019-01-26,427244,45834,0.03049152542,2
1575,2019-01-26,428818,45401,0.03049152542,2
1576,2019-01-26,446622,13784,0.01354237288,2
1577,2019-01-26,608896,41623,0.01015254237,1
1578,2019-01-26,680749,23072,0.008457627119,2
1579,2019-01-26,737886,453,0.01693220339,1
1580,2019-01-26,823897,11305,0.05930508475,2
1581,2019-01-26,823897,69797,0.01693220339,2
1582,2019-01-26,933333,59603,0.03388135593,2
1583,2019-01-26,1001823,28589,0.00506779661,2
1584,2019-01-26,1333728,34709,0.01845762712,2
1585,2019-01-27,91609,47592,0.01693220339,2
1586,2019-01-27,142478,22465,0.01354237288,1
1587,2019-01-27,330002,30299,0.01693220339,1
1588,2019-01-27,551750,16697,0.01693220339,2
1589,2019-01-27,551750,55127,0.0423559322,2
1590,2019-01-27,602765,45414,0.05083050847,2
1591,2019-01-27,694985,45538,0.05083050847,2
1592,2019-01-27,773305,25113,0.006762711864,2
1593,2019-01-27,926800,3938,0.01523728814,2
1594,2019-01-27,1147572,16697,0.01693220339,2
1595,2019-01-27,1253327,53892,0.03388135593,2
1596,2019-01-27,1321978,59421,0.05083050847,1
1597,2019-01-27,1348284,1720,0.01354237288,1
1598,2019-01-27,1349234,41440,0.03388135593,2
1599,2019-01-28,72443,41640,0.008457627119,1
1600,2019-01-28,91609,47592,0.01620338983,2
1601,2019-01-28,175442,53892,0.03388135593,2
1602,2019-01-28,717966,33362,0.0423559322,2
1603,2019-01-28,973151,43954,0.02237288136,2
1604,2019-01-28,1359460,52140,0.0423559322,2
1605,2019-01-29,69592,11232,0.01184745763,2
1606,2019-01-29,291284,41881,0.02540677966,2
1607,2019-01-29,397518,47716,0.05083050847,2
1608,2019-01-29,464486,62395,0.01693220339,2
1609,2019-01-29,521512,47592,0.01693220339,2
1610,2019-01-29,616351,34709,0.02201694915,2
1611,2019-01-29,619033,31737,0.03049152542,2
1612,2019-01-29,697779,55018,0.06777966102,1
1613,2019-01-29,807343,4759,0.01015254237,1
1614,2019-01-29,929240,29685,0.00506779661,2
1615,2019-01-29,1037609,43838,0.03388135593,2
1616,2019-01-29,1067099,44954,0.006762711864,1
1617,2019-01-29,1166384,33368,0.06777966102,1
1618,2019-01-30,685545,4013,0.01628813559,1
1619,2019-01-30,784061,40967,0.05083050847,2
1620,2019-01-30,929194,6648,0.01184745763,1
1621,2019-01-30,1006892,2960,0.02540677966,2
1622,2019-01-30,1072733,23367,0.008457627119,2
1623,2019-01-30,1074781,23817,0.03813559322,2
1624,2019-01-30,1176872,2183,0.02540677966,2
1625,2019-01-30,1286132,46518,0.0423559322,2
1626,2019-01-31,101327,55127,0.0423559322,2
1627,2019-01-31,185937,55189,0.06555932203,2
1628,2019-01-31,288915,47592,0.01693220339,2
1629,2019-01-31,390356,47592,0.01693220339,2
1630,2019-01-31,841072,43954,0.02540677966,1
1631,2019-01-31,904846,12226,0.01693220339,1
1632,2019-01-31,916185,35796,0.01354237288,1
1633,2019-01-31,1191003,6676,0.00506779661,1
1634,2019-01-31,1218747,43954,0.02540677966,1
1635,2019-01-31,1292853,2862,0.02540677966,2
1636,2019-01-31,1301404,42629,0.01693220339,1
1637,2019-01-31,1361956,53892,0.03388135593,2
1638,2019-02-01,128417,1720,0.01354237288,1
1639,2019-02-01,177805,59135,0.0423559322,2
1640,2019-02-01,329595,45736,0.01693220339,1
1641,2019-02-01,393716,41237,0.03388135593,2
1642,2019-02-01,440765,47645,0.02540677966,1
1643,2019-02-01,555150,52140,0.0423559322,2
1644,2019-02-01,618008,52790,0.02286440678,1
1645,2019-02-01,713175,43085,0.01015254237,2
1646,2019-02-01,755630,61143,0.0423559322,2
1647,2019-02-01,815699,144,0.003372881356,1
1648,2019-02-01,930710,31121,0.00506779661,1
1649,2019-02-01,1089505,24455,0.008118644068,2
1650,2019-02-01,1171976,53247,0.02201694915,2
1651,2019-02-01,1171976,56255,0.05083050847,2
1652,2019-02-01,1314800,42449,0.02201694915,2
1653,2019-02-02,583852,14234,0.01015254237,1
1654,2019-02-02,598363,68913,0.05083050847,1
1655,2019-02-02,642256,27825,0.006762711864,2
1656,2019-02-02,648269,66497,0.02540677966,1
1657,2019-02-02,799197,32338,0.02710169492,1
1658,2019-02-02,932583,30655,0.007610169492,1
1659,2019-02-02,996503,33804,0.05083050847,2
1660,2019-02-02,1094459,13442,0.01523728814,2
1661,2019-02-02,1164893,35143,0.01761016949,2
1662,2019-02-02,1177322,28968,0.01354237288,2
1663,2019-02-02,1177322,41526,0.03388135593,1
1664,2019-02-02,1305943,5369,0.006762711864,1
1665,2019-02-03,46805,68913,0.05083050847,1
1666,2019-02-03,121695,61390,0.01354237288,2
1667,2019-02-03,290812,42246,0.02540677966,2
1668,2019-02-03,297629,17449,0.01015254237,2
1669,2019-02-03,396077,47592,0.01693220339,1
1670,2019-02-03,422874,56752,0.0423559322,2
1671,2019-02-03,759482,15845,0.01354237288,2
1672,2019-02-03,1018527,33541,0.06777966102,2
1673,2019-02-03,1208950,42449,0.02201694915,2
1674,2019-02-03,1359847,47645,0.02540677966,1
1675,2019-02-04,185379,38135,0.0423559322,2
1676,2019-02-04,214469,10534,0.01693220339,2
1677,2019-02-04,397637,53892,0.03388135593,2
1678,2019-02-04,424326,27825,0.006762711864,2
1679,2019-02-04,444751,25868,0.006762711864,2
1680,2019-02-04,498308,28968,0.01303389831,2
1681,2019-02-04,498308,47645,0.02445762712,2
1682,2019-02-04,514558,24271,0.01354237288,2
1683,2019-02-04,514915,49166,0.0423559322,1
1684,2019-02-04,695124,47048,0.02540677966,1
1685,2019-02-04,772571,55127,0.0423559322,2
1686,2019-02-04,775615,66497,0.02540677966,1
1687,2019-02-04,838204,44173,0.00913559322,1
1688,2019-02-05,216598,43443,0.02542372881,1
1689,2019-02-05,486238,10648,0.01693220339,2
1690,2019-02-05,555290,55242,0.04803389831,1
1691,2019-02-05,601399,47592,0.01693220339,2
1692,2019-02-05,733298,30463,0.1186271186,2
1693,2019-02-05,872409,31737,0.03388135593,2
1694,2019-02-05,958476,59331,0.05616949153,2
1695,2019-02-06,156680,20707,0.03388135593,2
1696,2019-02-06,323778,42449,0.02201694915,2
1697,2019-02-06,524192,23817,0.0423559322,2
1698,2019-02-06,524192,40834,0.0423559322,2
1699,2019-02-06,524192,55127,0.0423559322,2
1700,2019-02-06,639712,22465,0.01354237288,2
1701,2019-02-06,712473,36178,0.00506779661,1
1702,2019-02-06,922240,53892,0.03388135593,2
1703,2019-02-06,1021203,8007,0.01523728814,2
1704,2019-02-06,1328308,55248,0.02540677966,2
1705,2019-02-06,1336465,10534,0.01693220339,1
1706,2019-02-06,1338192,41237,0.03138983051,2
1707,2019-02-06,1351730,47592,0.01693220339,2
1708,2019-02-06,1356990,34581,0.03557627119,1
1709,2019-02-07,209553,48256,0.02879661017,1
1710,2019-02-07,209553,50916,0.008457627119,1
1711,2019-02-07,262586,31737,0.03388135593,2
1712,2019-02-07,394409,40624,0.02201694915,2
1713,2019-02-07,395935,909,0.05083050847,2
1714,2019-02-07,624515,42449,0.02201694915,2
1715,2019-02-07,676521,22432,0.0396440678,1
1716,2019-02-07,703132,59603,0.03388135593,2
1717,2019-02-08,12642,1471,0.01354237288,2
1718,2019-02-08,12642,15679,0.02371186441,2
1719,2019-02-08,26785,15989,0.0203220339,2
1720,2019-02-08,26785,16004,0.02710169492,2
1721,2019-02-08,153326,34789,0.02540677966,1
1722,2019-02-08,154352,22515,0.006762711864,2
1723,2019-02-08,170427,53892,0.03388135593,1
1724,2019-02-08,432277,55570,0.03388135593,2
1725,2019-02-08,487659,14256,0.03388135593,2
1726,2019-02-08,487659,46683,0.05930508475,2
1727,2019-02-08,487659,55000,0.03388135593,2
1728,2019-02-08,817205,54276,0.02201694915,1
1729,2019-02-08,889417,47592,0.01693220339,2
1730,2019-02-08,1007506,52805,0.03049152542,2
1731,2019-02-08,1013613,22643,0.01693220339,1
1732,2019-02-08,1106505,55242,0.05083050847,1
1733,2019-02-08,1256242,37109,0.05083050847,2
1734,2019-02-08,1307244,73020,0.01693220339,1
1735,2019-02-08,1313298,47645,0.02540677966,2
1736,2019-02-09,47570,23817,0.0423559322,2
1737,2019-02-09,164102,2183,0.02540677966,2
1738,2019-02-09,499121,55570,0.02540677966,2
1739,2019-02-09,583984,9057,0.02286440678,1
1740,2019-02-09,612427,3650,0.01354237288,2
1741,2019-02-09,612427,51191,0.03049152542,2
1742,2019-02-09,628235,55127,0.0423559322,2
1743,2019-02-09,657275,21221,0.02371186441,2
1744,2019-02-09,730009,22886,0.01354237288,2
1745,2019-02-09,914993,25878,0.02303389831,2
1746,2019-02-09,919435,52610,0.02201694915,1
1747,2019-02-09,922340,15989,0.0423559322,1
1748,2019-02-09,981409,33541,0.06777966102,2
1749,2019-02-09,1118951,41943,0.01015254237,2
1750,2019-02-09,1150536,8951,0.01184745763,2
1751,2019-02-09,1298730,49256,0.01693220339,1
1752,2019-02-10,229381,62094,0.0423559322,2
1753,2019-02-10,351380,45812,0.01523728814,2
1754,2019-02-10,398894,53892,0.03388135593,2
1755,2019-02-10,685136,57776,0.01693220339,2
1756,2019-02-10,796778,11833,0.01354237288,2
1757,2019-02-10,847465,33362,0.03994915254,2
1758,2019-02-10,1149275,31216,0.01354237288,1
1759,2019-02-10,1230038,33541,0.06777966102,2
1760,2019-02-11,41564,42203,0.02540677966,2
1761,2019-02-11,291356,239,0.006440677966,2
1762,2019-02-11,300949,59864,0.05252542373,2
1763,2019-02-11,658081,55934,0.05083050847,2
1764,2019-02-11,720498,34709,0.02201694915,2
1765,2019-02-11,721729,39316,0.01015254237,2
1766,2019-02-11,804326,19012,0.03049152542,2
1767,2019-02-11,867830,7868,0.02201694915,2
1768,2019-02-11,902510,9320,0.01693220339,1
1769,2019-02-11,902510,54258,0.01862711864,1
1770,2019-02-11,902510,59603,0.02879661017,1
1771,2019-02-11,959112,45736,0.01693220339,2
1772,2019-02-11,959112,60493,0.02201694915,2
1773,2019-02-12,116845,59603,0.03388135593,2
1774,2019-02-12,351380,58583,0.03388135593,2
1775,2019-02-12,551730,53892,0.02879661017,1
1776,2019-02-12,703132,59603,0.03388135593,2
1777,2019-02-12,706098,57878,0.03049152542,1
1778,2019-02-12,884112,55189,0.06777966102,2
1779,2019-02-12,1018527,11305,0.05930508475,2
1780,2019-02-12,1167607,50092,0.05930508475,2
1781,2019-02-12,1288299,35958,0.03388135593,2
1782,2019-02-13,31072,27825,0.006762711864,2
1783,2019-02-13,82047,53892,0.02738983051,2
1784,2019-02-13,348456,53580,0.03811864407,1
1785,2019-02-13,574752,59483,0.01905084746,1
1786,2019-02-13,916358,30436,0.01523728814,2
1787,2019-02-13,971126,51702,0.02710169492,2
1788,2019-02-13,1001823,43839,0.003372881356,2
1789,2019-02-13,1017233,44439,0.0423559322,2
1790,2019-02-13,1301404,54475,0.04320338983,1
1791,2019-02-14,100187,50916,0.007610169492,1
1792,2019-02-14,182552,53892,0.03388135593,2
1793,2019-02-14,232440,33804,0.04371186441,2
1794,2019-02-14,232440,57597,0.02913559322,2
1795,2019-02-14,710502,61907,0.01354237288,2
1796,2019-02-14,772619,12895,0.02371186441,1
1797,2019-02-14,1239977,54276,0.01893220339,1
1798,2019-02-14,1288929,55189,0.05828813559,1
1799,2019-02-14,1309867,45401,0.02622033898,2
1800,2019-02-15,8091,15989,0.0203220339,2
1801,2019-02-15,84096,42152,0.03388135593,2
1802,2019-02-15,84096,55127,0.0423559322,2
1803,2019-02-15,97271,52135,0.02540677966,2
1804,2019-02-15,245852,15989,0.0423559322,1
1805,2019-02-15,245852,16004,0.05083050847,1
1806,2019-02-15,424563,57597,0.03388135593,2
1807,2019-02-15,503674,53538,0.03811864407,1
1808,2019-02-15,697837,52150,0.007610169492,1
1809,2019-02-15,768989,33541,0.06777966102,2
1810,2019-02-15,848251,30655,0.008457627119,2
1811,2019-02-15,887758,53892,0.02879661017,1
1812,2019-02-15,940926,66497,0.02540677966,1
1813,2019-02-16,65172,2213,0.08472881356,2
1814,2019-02-16,65172,4295,0.06777966102,2
1815,2019-02-16,69813,37237,0.03049152542,2
1816,2019-02-16,245852,15989,0.03727118644,1
1817,2019-02-16,260622,19575,0.01693220339,1
1818,2019-02-16,333637,33684,0.03388135593,1
1819,2019-02-16,353262,10648,0.01693220339,2
1820,2019-02-16,387638,52450,0.03388135593,2
1821,2019-02-16,397637,53892,0.03388135593,2
1822,2019-02-16,407413,9073,0.01015254237,1
1823,2019-02-16,784866,53892,0.02879661017,2
1824,2019-02-16,813843,67804,0.04561016949,1
1825,2019-02-16,821658,40686,0.02622033898,2
1826,2019-02-16,1008279,14234,0.01015254237,1
1827,2019-02-16,1095414,2584,0.03388135593,1
1828,2019-02-16,1209714,34581,0.03049152542,2
1829,2019-02-16,1351330,55539,0.01144067797,1
1830,2019-02-16,1362794,47592,0.01693220339,2
1831,2019-02-17,48389,40721,0.03388135593,2
1832,2019-02-17,77964,60860,0.1016779661,2
1833,2019-02-17,83338,62395,0.01693220339,2
1834,2019-02-17,228727,69988,0.01693220339,2
1835,2019-02-17,256504,11674,0.02933898305,2
1836,2019-02-17,435369,10021,0.0323220339,1
1837,2019-02-17,499121,55570,0.03388135593,2
1838,2019-02-17,566136,55648,0.01354237288,2
1839,2019-02-17,831881,36346,0.007677966102,1
1840,2019-02-17,1182225,7471,0.01015254237,2
1841,2019-02-17,1349712,69381,0.02540677966,1
1842,2019-02-18,3397,12812,0.01523728814,2
1843,2019-02-18,3397,43088,0.05930508475,2
1844,2019-02-18,3397,45414,0.05083050847,2
1845,2019-02-18,168181,19435,0.01015254237,2
1846,2019-02-18,168181,21578,0.00506779661,2
1847,2019-02-18,548109,37735,0.03388135593,1
1848,2019-02-18,613457,47592,0.01693220339,2
1849,2019-02-18,691086,19012,0.03049152542,2
1850,2019-02-18,713078,74,0.01354237288,1
1851,2019-02-18,801580,59864,0.06122033898,2
1852,2019-02-18,1141371,33541,0.06777966102,2
1853,2019-02-18,1166173,50916,0.008118644068,1
1854,2019-02-18,1203681,53580,0.0423559322,1
1855,2019-02-18,1218747,43954,0.02540677966,1
1856,2019-02-18,1301404,30655,0.006338983051,1
1857,2019-02-18,1322865,1720,0.01354237288,1
1858,2019-02-18,1362794,28968,0.01174576271,1
1859,2019-02-19,37409,6916,0.006762711864,1
1860,2019-02-19,202259,59603,0.03388135593,2
1861,2019-02-19,366132,53248,0.0423559322,2
1862,2019-02-19,472181,45834,0.0276440678,2
1863,2019-02-19,504944,72632,0.0393220339,2
1864,2019-02-19,583620,29685,0.00506779661,2
1865,2019-02-19,669512,30655,0.008457627119,2
1866,2019-02-19,951444,67765,0.01289830508,2
1867,2019-02-20,59592,54486,0.01015254237,2
1868,2019-02-20,105143,49048,0.03049152542,2
1869,2019-02-20,144288,52266,0.05083050847,2
1870,2019-02-20,230699,2213,0.01583050847,1
1871,2019-02-20,367962,37233,0.01693220339,2
1872,2019-02-20,483816,47592,0.01671186441,2
1873,2019-02-20,502800,57597,0.02879661017,2
1874,2019-02-20,609612,909,0.05083050847,2
1875,2019-02-20,647396,14224,0.005745762712,2
1876,2019-02-20,658732,55700,0.0423559322,1
1877,2019-02-20,669108,47592,0.01438983051,2
1878,2019-02-20,709597,38441,0.02540677966,1
1879,2019-02-20,747539,57597,0.03388135593,1
1880,2019-02-20,809792,57301,0.1426271186,2
1881,2019-02-20,998895,54475,0.05083050847,2
1882,2019-02-20,1038948,66497,0.02540677966,1
1883,2019-02-20,1116303,51332,0.06777966102,2
1884,2019-02-20,1116303,53783,0.08472881356,2
1885,2019-02-20,1166384,30655,0.007186440678,1
1886,2019-02-20,1166384,69381,0.02159322034,1
1887,2019-02-20,1203681,61126,0.05083050847,2
1888,2019-02-20,1279612,53892,0.02879661017,2
1889,2019-02-20,1312493,47592,0.01693220339,2
1890,2019-02-20,1312493,72632,0.0423559322,2
1891,2019-02-21,97271,52129,0.02159322034,2
1892,2019-02-21,204146,72632,0.036,2
1893,2019-02-21,324053,50394,0.007186440678,1
1894,2019-02-21,369235,45736,0.01693220339,2
1895,2019-02-21,410392,20476,0.05761016949,1
1896,2019-02-21,475345,42629,0.01438983051,1
1897,2019-02-21,527992,52221,0.01438983051,2
1898,2019-02-21,600779,17414,0.01184745763,2
1899,2019-02-21,728720,66845,0.03388135593,2
1900,2019-02-21,747539,6648,0.01006779661,1
1901,2019-02-21,839772,56791,0.03049152542,2
1902,2019-02-21,848470,39137,0.02159322034,2
1903,2019-02-21,890973,47560,0.036,1
1904,2019-02-21,908439,55593,0.01150847458,2
1905,2019-02-21,921892,55570,0.02879661017,1
1906,2019-02-21,936226,55147,0.04320338983,2
1907,2019-02-21,941959,2138,0.02591525424,1
1908,2019-02-21,941959,53985,0.002593220339,1
1909,2019-02-21,979381,47048,0.02159322034,1
1910,2019-02-21,1061891,1931,0.003372881356,1
1911,2019-02-21,1078794,54276,0.01871186441,1
1912,2019-02-21,1235304,32213,0.003830508475,1
1913,2019-02-21,1269528,6302,0.01150847458,1
1914,2019-02-22,72443,47592,0.01438983051,2
1915,2019-02-22,97271,52108,0.02159322034,2
1916,2019-02-22,203595,59603,0.02879661017,2
1917,2019-02-22,493814,50376,0.007186440678,1
1918,2019-02-22,540665,61298,0.05761016949,1
1919,2019-02-22,548754,54276,0.01871186441,1
1920,2019-02-22,681356,37109,0.04320338983,2
1921,2019-02-22,681356,58850,0.01438983051,2
1922,2019-02-22,762201,55570,0.02879661017,2
1923,2019-02-22,781493,3383,0.008627118644,2
1924,2019-02-22,785637,45414,0.04320338983,2
1925,2019-02-22,794432,45834,0.02591525424,2
1926,2019-02-22,1009948,3922,0.01008474576,1
1927,2019-02-22,1078789,30655,0.007186440678,1
1928,2019-02-22,1279612,5731,0.01150847458,1
1929,2019-02-22,1302661,64170,0.02879661017,1
1930,2019-02-23,1678,28968,0.01354237288,2
1931,2019-02-23,134598,38330,0.01871186441,1
1932,2019-02-23,245852,15989,0.036,1
1933,2019-02-23,256407,24898,0.02371186441,2
1934,2019-02-23,304882,54469,0.02879661017,1
1935,2019-02-23,310197,25868,0.01015254237,1
1936,2019-02-23,346731,16004,0.04320338983,1
1937,2019-02-23,390466,10648,0.01106779661,1
1938,2019-02-23,484974,20919,0.01438983051,1
1939,2019-02-23,490701,16237,0.02879661017,2
1940,2019-02-23,498308,66845,0.02879661017,2
1941,2019-02-23,548109,37735,0.02879661017,1
1942,2019-02-23,616635,53484,0.04320338983,2
1943,2019-02-23,622970,12226,0.01438983051,1
1944,2019-02-23,634820,6676,0.004305084746,1
1945,2019-02-23,704292,53892,0.02881355932,1
1946,2019-02-23,800234,41201,0.02159322034,2
1947,2019-02-23,861346,27564,0.006644067797,1
1948,2019-02-23,861346,53127,0.01438983051,1
1949,2019-02-23,868770,57139,0.01871186441,1
1950,2019-02-23,902510,2044,0.02159322034,2
1951,2019-02-23,979381,16362,0.02879661017,1
1952,2019-02-23,997468,55127,0.03240677966,2
1953,2019-02-23,1089767,43954,0.02159322034,2
1954,2019-02-23,1089767,66497,0.02159322034,2
1955,2019-02-23,1203681,57837,0.04320338983,2
1956,2019-02-23,1211011,14810,0.02159322034,1
1957,2019-02-23,1214247,22399,0.01438983051,1
1958,2019-02-23,1239021,50495,0.02159322034,1
1959,2019-02-24,48389,57837,0.05083050847,2
1960,2019-02-24,63460,55924,0.05083050847,2
1961,2019-02-24,258351,4295,0.06777966102,2
1962,2019-02-24,546655,54635,0.0423559322,2
1963,2019-02-24,584843,56791,0.03049152542,2
1964,2019-02-24,848470,61517,0.03388135593,1
1965,2019-02-24,1155478,53892,0.02540677966,2
1966,2019-02-24,1312493,61390,0.01354237288,1
1967,2019-02-25,18313,55189,0.06777966102,2
1968,2019-02-25,152794,26096,0.01523728814,2
1969,2019-02-25,299594,61143,0.0423559322,2
1970,2019-02-25,393178,72632,0.0423559322,2
1971,2019-02-25,533071,58229,0.01693220339,2
1972,2019-02-25,649240,53892,0.02981355932,2
1973,2019-02-25,799220,51224,0.02540677966,2
1974,2019-02-25,862583,59347,0.02540677966,2
1975,2019-02-25,936226,53892,0.03388135593,2
1976,2019-02-25,1232199,14234,0.009898305085,2
1977,2019-02-25,1232199,54475,0.04952542373,2
1978,2019-02-25,1232199,67448,0.04952542373,2
1979,2019-02-26,97271,52129,0.02540677966,2
1980,2019-02-26,210232,47592,0.01693220339,2
1981,2019-02-26,338965,64170,0.03388135593,1
1982,2019-02-26,367962,45778,0.01862711864,1
1983,2019-02-26,371310,53892,0.03388135593,1
1984,2019-02-26,421667,47547,0.02201694915,2
1985,2019-02-26,477887,30866,0.03049152542,2
1986,2019-02-26,613457,13763,0.01693220339,1
1987,2019-02-26,681356,37109,0.04744067797,2
1988,2019-02-26,720381,65554,0.01254237288,2
1989,2019-02-26,1000178,20707,0.03388135593,2
1990,2019-02-26,1067377,56445,0.007406779661,1
1991,2019-02-26,1149913,62934,0.02344067797,2
1992,2019-02-27,13679,55026,0.06777966102,2
1993,2019-02-27,63460,2274,0.04066101695,2
1994,2019-02-27,69813,33007,0.02540677966,2
1995,2019-02-27,113864,26096,0.01523728814,2
1996,2019-02-27,169372,47592,0.01693220339,2
1997,2019-02-27,202031,45834,0.03049152542,2
1998,2019-02-27,446513,52266,0.05083050847,2
1999,2019-02-27,495213,7471,0.01015254237,2
2000,2019-02-27,589068,57977,0.008457627119,1
2001,2019-02-27,704078,47240,0.08472881356,2
2002,2019-02-27,926800,34849,0.01015254237,2
2003,2019-02-27,948707,45834,0.03049152542,2
2004,2019-02-28,38929,41526,0.03062711864,1
2005,2019-02-28,61976,5306,0.01354237288,1
2006,2019-02-28,97271,52129,0.02540677966,2
2007,2019-02-28,331480,16237,0.03388135593,1
2008,2019-02-28,398264,14169,0.01083050847,2
2009,2019-02-28,602765,64170,0.03388135593,2
2010,2019-02-28,683428,18770,0.061,2
2011,2019-02-28,901232,47592,0.01693220339,2
2012,2019-02-28,986402,55018,0.05083050847,1
2013,2019-02-28,1105227,57460,0.03388135593,1
2014,2019-02-28,1186641,66497,0.02540677966,2
2015,2019-02-28,1253327,73020,0.01693220339,2
2016,2019-03-01,1531,24898,0.02371186441,2
2017,2019-03-01,22248,67804,0.05337288136,1
2018,2019-03-01,436879,22643,0.01693220339,2
2019,2019-03-01,515125,30655,0.006762711864,1
2020,2019-03-01,574752,48819,0.05930508475,2
2021,2019-03-01,574752,53892,0.03388135593,2
2022,2019-03-01,625733,52135,0.02540677966,1
2023,2019-03-01,1223893,43529,0.01218644068,1
2024,2019-03-02,6723,55248,0.02540677966,2
2025,2019-03-02,126012,1720,0.01274576271,2
2026,2019-03-02,263276,53892,0.02710169492,2
2027,2019-03-02,312458,69381,0.02540677966,1
2028,2019-03-02,338982,47592,0.01693220339,1
2029,2019-03-02,340706,27825,0.006762711864,2
2030,2019-03-02,353262,55242,0.05083050847,2
2031,2019-03-02,451719,58005,0.01693220339,1
2032,2019-03-02,452727,55127,0.04072881356,2
2033,2019-03-02,462762,6648,0.01184745763,1
2034,2019-03-02,539092,50412,0.004559322034,2
2035,2019-03-02,596648,46522,0.0423559322,2
2036,2019-03-02,596648,55127,0.0423559322,2
2037,2019-03-02,686362,53892,0.03388135593,2
2038,2019-03-02,686362,56578,0.03388135593,2
2039,2019-03-02,805393,30655,0.008457627119,1
2040,2019-03-02,866012,53880,0.02540677966,2
2041,2019-03-02,1265806,40452,0.05083050847,2
2042,2019-03-03,86865,64170,0.03181355932,2
2043,2019-03-03,174343,48226,0.02286440678,1
2044,2019-03-03,351380,11694,0.02033898305,2
2045,2019-03-03,452727,35958,0.03388135593,2
2046,2019-03-03,452727,57332,0.01015254237,2
2047,2019-03-03,466556,31737,0.02542372881,2
2048,2019-03-03,554873,10648,0.01693220339,2
2049,2019-03-03,573181,66665,0.03388135593,2
2050,2019-03-03,589030,53892,0.02579661017,2
2051,2019-03-03,795359,28979,0.01354237288,1
2052,2019-03-03,951870,53880,0.02540677966,2
2053,2019-03-03,951870,66845,0.03388135593,2
2054,2019-03-03,992200,62934,0.02540677966,2
2055,2019-03-03,1087548,10648,0.01015254237,1
2056,2019-03-03,1110886,19012,0.02438983051,2
2057,2019-03-03,1110886,38135,0.03388135593,2
2058,2019-03-03,1214247,49308,0.05930508475,2
2059,2019-03-03,1294264,43337,0.03049152542,1
2060,2019-03-04,86865,64170,0.03388135593,2
2061,2019-03-04,396221,50655,0.03388135593,1
2062,2019-03-04,428578,72632,0.0423559322,2
2063,2019-03-04,487558,59864,0.06777966102,1
2064,2019-03-04,589030,53892,0.02579661017,2
2065,2019-03-04,647527,55163,0.01015254237,2
2066,2019-03-04,647527,60036,0.01693220339,2
2067,2019-03-04,1190938,55242,0.05083050847,2
2068,2019-03-04,1190938,64170,0.03388135593,2
2069,2019-03-05,126495,47592,0.01693220339,2
2070,2019-03-05,152862,47592,0.01693220339,2
2071,2019-03-05,163337,13117,0.03388135593,1
2072,2019-03-05,430782,55242,0.05083050847,2
2073,2019-03-05,808508,64170,0.03049152542,2
2074,2019-03-05,961383,59864,0.06777966102,2
2075,2019-03-05,1028793,66665,0.03388135593,2
2076,2019-03-05,1155206,52266,0.04574576271,2
2077,2019-03-05,1319422,74,0.01354237288,1
2078,2019-03-05,1324119,53880,0.02540677966,1
2079,2019-03-06,30053,33541,0.06777966102,2
2080,2019-03-06,30053,53892,0.03388135593,2
2081,2019-03-06,33132,53892,0.03388135593,2
2082,2019-03-06,187228,14364,0.03049152542,2
2083,2019-03-06,202259,53892,0.03388135593,2
2084,2019-03-06,214245,51110,0.01693220339,1
2085,2019-03-06,214245,59347,0.02540677966,1
2086,2019-03-06,273497,53880,0.02540677966,2
2087,2019-03-06,527992,23440,0.01354237288,2
2088,2019-03-06,674414,53880,0.02540677966,2
2089,2019-03-06,677983,53880,0.02540677966,2
2090,2019-03-06,959295,24898,0.02133898305,2
2091,2019-03-06,1022936,53892,0.03388135593,2
2092,2019-03-06,1022936,66497,0.02540677966,2
2093,2019-03-06,1029396,4295,0.06777966102,2
2094,2019-03-06,1049063,3938,0.01447457627,2
2095,2019-03-06,1058319,61858,0.08049152542,2
2096,2019-03-06,1110886,33362,0.0423559322,2
2097,2019-03-06,1322162,61858,0.08472881356,2
2098,2019-03-07,152794,45834,0.03049152542,1
2099,2019-03-07,179104,53892,0.03388135593,1
2100,2019-03-07,193137,53880,0.02540677966,2
2101,2019-03-07,366130,30851,0.03388135593,2
2102,2019-03-07,404392,53880,0.02540677966,2
2103,2019-03-07,461770,41238,0.03388135593,2
2104,2019-03-07,663763,42203,0.02540677966,2
2105,2019-03-07,718806,55018,0.06777966102,1
2106,2019-03-07,718806,55189,0.06777966102,1
2107,2019-03-07,751682,49048,0.01676271186,1
2108,2019-03-07,886086,52450,0.03388135593,2
2109,2019-03-07,1146458,20707,0.03388135593,2
2110,2019-03-07,1155206,52266,0.05083050847,2
2111,2019-03-07,1265941,53880,0.02540677966,2
2112,2019-03-07,1325760,15806,0.01862711864,1
2113,2019-03-07,1336174,59347,0.02540677966,1
2114,2019-03-07,1347941,47592,0.01693220339,2
2115,2019-03-08,152862,47592,0.01693220339,2
2116,2019-03-08,353262,72632,0.0423559322,2
2117,2019-03-08,487659,47048,0.02540677966,1
2118,2019-03-08,531620,53484,0.05083050847,2
2119,2019-03-08,669185,54276,0.02201694915,1
2120,2019-03-08,767321,23817,0.0423559322,1
2121,2019-03-08,857855,61858,0.08472881356,2
2122,2019-03-08,866012,53880,0.02540677966,2
2123,2019-03-08,962676,55127,0.0423559322,2
2124,2019-03-08,1076475,43692,0.01693220339,1
2125,2019-03-09,257001,55228,0.01693220339,2
2126,2019-03-09,992449,58889,0.05083050847,2
2127,2019-03-09,1072016,55648,0.01354237288,2
2128,2019-03-09,1101350,16502,0.01354237288,1
2129,2019-03-09,1203681,2274,0.04066101695,2
2130,2019-03-09,1227042,55593,0.01354237288,2
2131,2019-03-09,1341380,22629,0.04574576271,1
2132,2019-03-10,169737,55228,0.01693220339,2
2133,2019-03-10,297801,44264,0.06777966102,2
2134,2019-03-10,316129,60318,0.07625423729,2
2135,2019-03-10,545339,7185,0.02201694915,1
2136,2019-03-10,666956,54469,0.03388135593,1
2137,2019-03-10,691086,19012,0.02744067797,2
2138,2019-03-10,1000178,62268,0.0423559322,1
2139,2019-03-10,1031383,20707,0.03049152542,2
2140,2019-03-10,1146458,47048,0.02540677966,1
2141,2019-03-10,1146458,54276,0.02201694915,1
2142,2019-03-10,1328308,43954,0.02540677966,2
2143,2019-03-10,1364232,68913,0.05083050847,2
2144,2019-03-11,207486,16304,0.0423559322,2
2145,2019-03-11,440771,53892,0.03388135593,2
2146,2019-03-11,452153,15679,0.02133898305,2
2147,2019-03-11,675639,53125,0.01693220339,2
2148,2019-03-11,1088305,50412,0.00506779661,2
2149,2019-03-11,1314932,47716,0.05083050847,2
2150,2019-03-11,1340730,17224,0.01354237288,1
2151,2019-03-12,66967,10648,0.01128813559,1
2152,2019-03-12,228727,47592,0.01440677966,2
2153,2019-03-12,228727,55777,0.01150847458,2
2154,2019-03-12,257435,44870,0.03388135593,2
2155,2019-03-12,257435,61504,0.01693220339,2
2156,2019-03-12,334794,74,0.01354237288,1
2157,2019-03-12,669185,26129,0.01693220339,1
2158,2019-03-12,1149051,54475,0.05083050847,2
2159,2019-03-12,1262086,25865,0.006762711864,2
2160,2019-03-12,1297523,10536,0.01693220339,1
2161,2019-03-13,99717,17672,0.01218644068,1
2162,2019-03-13,229363,7999,0.03049152542,2
2163,2019-03-13,488908,18911,0.02540677966,2
2164,2019-03-13,551730,53892,0.02879661017,1
2165,2019-03-13,636915,3096,0.0423559322,2
2166,2019-03-13,636915,38536,0.03049152542,2
2167,2019-03-13,826862,61390,0.01218644068,2
2168,2019-03-13,916358,43839,0.003372881356,2
2169,2019-03-13,1007917,55026,0.06777966102,2
2170,2019-03-13,1101931,68913,0.04576271186,2
2171,2019-03-13,1145966,22399,0.01693220339,2
2172,2019-03-13,1150888,16502,0.01218644068,2
2173,2019-03-13,1245360,55018,0.03388135593,2
2174,2019-03-13,1300649,25878,0.01066101695,2
2175,2019-03-14,175223,59853,0.0423559322,2
2176,2019-03-14,212309,16304,0.0423559322,1
2177,2019-03-14,336590,25878,0.01006779661,2
2178,2019-03-14,632181,11232,0.01184745763,2
2179,2019-03-14,738259,57837,0.05083050847,2
2180,2019-03-14,906738,51332,0.06777966102,2
2181,2019-03-14,916358,43839,0.003372881356,2
2182,2019-03-14,1110886,74,0.01354237288,2
2183,2019-03-14,1203681,19012,0.0203220339,2
2184,2019-03-14,1286056,68913,0.05083050847,1
2185,2019-03-14,1364699,62942,0.02201694915,1
2186,2019-03-14,1366365,64170,0.03388135593,2
2187,2019-03-15,215057,39137,0.02540677966,2
2188,2019-03-15,693812,16004,0.03811864407,1
2189,2019-03-15,695276,26347,0.0423559322,1
2190,2019-03-15,768656,20707,0.03388135593,2
2191,2019-03-15,884027,55018,0.06777966102,1
2192,2019-03-15,913409,1931,0.01184745763,1
2193,2019-03-16,48994,15989,0.01625423729,2
2194,2019-03-16,387638,56752,0.0423559322,2
2195,2019-03-16,473904,45834,0.03049152542,2
2196,2019-03-16,596835,14234,0.01015254237,1
2197,2019-03-16,702016,72632,0.0423559322,1
2198,2019-03-16,746173,41440,0.03388135593,1
2199,2019-03-16,781594,16004,0.05083050847,1
2200,2019-03-16,865900,23817,0.0423559322,1
2201,2019-03-16,865900,55242,0.05083050847,1
2202,2019-03-16,875442,20707,0.03388135593,2
2203,2019-03-16,875442,25878,0.01184745763,2
2204,2019-03-16,890049,74,0.01354237288,2
2205,2019-03-16,1022936,49048,0.008457627119,1
2206,2019-03-16,1137554,19012,0.01828813559,2
2207,2019-03-16,1180015,60728,0.02201694915,2
2208,2019-03-17,234785,55000,0.03388135593,2
2209,2019-03-17,311792,40289,0.01693220339,1
2210,2019-03-17,311792,50181,0.006762711864,1
2211,2019-03-17,336590,25878,0.01184745763,2
2212,2019-03-17,398894,49256,0.01523728814,2
2213,2019-03-17,537653,14234,0.01015254237,1
2214,2019-03-17,818970,49048,0.01523728814,2
2215,2019-03-17,867830,14169,0.01354237288,2
2216,2019-03-17,959295,30299,0.01693220339,2
2217,2019-03-18,248156,11674,0.05083050847,2
2218,2019-03-18,318945,5731,0.01354237288,2
2219,2019-03-18,401215,50655,0.03388135593,2
2220,2019-03-18,401215,60402,0.03388135593,2
2221,2019-03-18,705639,54475,0.05083050847,2
2222,2019-03-18,839517,61143,0.0423559322,2
2223,2019-03-18,941180,23817,0.0423559322,2
2224,2019-03-18,941180,60866,0.02540677966,2
2225,2019-03-18,1016369,47645,0.02540677966,2
2226,2019-03-18,1063437,22643,0.01693220339,2
2227,2019-03-18,1297523,43954,0.02540677966,1
2228,2019-03-18,1366365,64170,0.03388135593,1
2229,2019-03-19,224949,47592,0.01693220339,2
2230,2019-03-19,274155,64234,0.01693220339,2
2231,2019-03-19,371565,60860,0.05083050847,2
2232,2019-03-19,394409,65925,0.1016779661,2
2233,2019-03-19,727357,51672,0.03727118644,2
2234,2019-03-19,811905,7999,0.03388135593,2
2235,2019-03-20,83067,18908,0.02879661017,2
2236,2019-03-20,265786,66181,0.02201694915,2
2237,2019-03-20,490098,58904,0.01354237288,2
2238,2019-03-20,569728,54276,0.01728813559,1
2239,2019-03-20,753371,61246,0.02518644068,2
2240,2019-03-20,959295,57837,0.05083050847,2
2241,2019-03-20,1192519,49308,0.05930508475,2
2242,2019-03-20,1192519,59855,0.07625423729,2
2243,2019-03-20,1219346,60493,0.01015254237,2
2244,2019-03-20,1259746,55565,0.02286440678,1
2245,2019-03-21,175297,45778,0.01523728814,2
2246,2019-03-21,236938,61656,0.2525423729,2
2247,2019-03-21,251941,47645,0.02540677966,1
2248,2019-03-21,371859,66181,0.02201694915,2
2249,2019-03-21,451719,55000,0.03388135593,2
2250,2019-03-21,530321,59867,0.06777966102,2
2251,2019-03-21,735886,44447,0.03388135593,1
2252,2019-03-21,765556,53892,0.03388135593,2
2253,2019-03-21,986750,50412,0.00506779661,2
2254,2019-03-21,1012617,30516,0.01354237288,2
2255,2019-03-21,1192519,55026,0.06777966102,2
2256,2019-03-21,1192519,64429,0.0423559322,2
2257,2019-03-21,1279612,9057,0.02540677966,1
2258,2019-03-21,1316281,44310,0.01149152542,1
2259,2019-03-22,25928,25059,0.03049152542,2
2260,2019-03-22,235448,36161,0.0423559322,2
2261,2019-03-22,243584,57977,0.007610169492,1
2262,2019-03-22,349679,57065,0.02322033898,2
2263,2019-03-22,372089,47592,0.01693220339,2
2264,2019-03-22,669277,3096,0.0423559322,2
2265,2019-03-22,669277,19012,0.05083050847,2
2266,2019-03-22,842122,28589,0.004542372881,2
2267,2019-03-22,842122,60493,0.009084745763,2
2268,2019-03-22,864392,40403,0.00506779661,2
2269,2019-03-22,952964,9057,0.02159322034,1
2270,2019-03-22,952964,10536,0.01438983051,1
2271,2019-03-22,1214247,47645,0.02177966102,1
2272,2019-03-22,1354165,53580,0.0423559322,1
2273,2019-03-23,56438,68913,0.04574576271,1
2274,2019-03-23,106574,48413,0.03096610169,1
2275,2019-03-23,184290,53880,0.02540677966,1
2276,2019-03-23,292412,14234,0.01015254237,1
2277,2019-03-23,304498,61509,0.03388135593,1
2278,2019-03-23,340706,74,0.01354237288,1
2279,2019-03-23,533672,27825,0.006762711864,2
2280,2019-03-23,549380,15989,0.03850847458,1
2281,2019-03-23,549380,16004,0.04620338983,1
2282,2019-03-23,666956,54469,0.03388135593,1
2283,2019-03-23,856637,23817,0.03618644068,2
2284,2019-03-23,934625,50412,0.00506779661,1
2285,2019-03-23,956074,71825,0.02540677966,1
2286,2019-03-23,1166384,15989,0.03815254237,1
2287,2019-03-23,1167900,61509,0.03227118644,1
2288,2019-03-23,1212953,50412,0.00506779661,2
2289,2019-03-23,1298730,45401,0.02438983051,2
2290,2019-03-24,176828,22629,0.0503220339,2
2291,2019-03-24,448875,60728,0.02201694915,2
2292,2019-03-24,944470,57460,0.03388135593,2
2293,2019-03-24,1247159,16697,0.01693220339,1
2294,2019-03-25,51429,54830,0.02540677966,1
2295,2019-03-25,143726,52266,0.05083050847,2
2296,2019-03-25,506718,48245,0.05672881356,2
2297,2019-03-25,740656,4222,0.01015254237,2
2298,2019-03-25,1020457,38135,0.0423559322,2
2299,2019-03-25,1188808,51130,0.01693220339,2
2300,2019-03-25,1247159,16697,0.01693220339,1
2301,2019-03-26,64675,55593,0.01354237288,2
2302,2019-03-26,159616,1720,0.01354237288,1
2303,2019-03-26,169737,57460,0.03388135593,2
2304,2019-03-26,186071,53247,0.02201694915,2
2305,2019-03-26,344062,30516,0.01354237288,2
2306,2019-03-26,595327,64173,0.02540677966,2
2307,2019-03-26,595616,43954,0.02540677966,1
2308,2019-03-26,727357,62268,0.03916949153,2
2309,2019-03-26,772619,54148,0.01354237288,2
2310,2019-03-26,867429,64190,0.02540677966,2
2311,2019-03-26,868058,59135,0.03705084746,2
2312,2019-03-26,925737,47645,0.02540677966,2
2313,2019-03-26,954765,27825,0.006762711864,2
2314,2019-03-26,961383,47592,0.01693220339,2
2315,2019-03-26,1010041,51332,0.06777966102,2
2316,2019-03-26,1116360,54475,0.05083050847,1
2317,2019-03-26,1154461,53880,0.02540677966,2
2318,2019-03-26,1190938,35958,0.03388135593,2
2319,2019-03-26,1201096,69381,0.02540677966,2
2320,2019-03-26,1218973,69232,0.01354237288,2
2321,2019-03-26,1230565,53330,0.03388135593,2
2322,2019-03-26,1230565,53892,0.03388135593,2
2323,2019-03-27,32316,55189,0.06777966102,2
2324,2019-03-27,173453,39137,0.02540677966,2
2325,2019-03-27,243858,59539,0.05083050847,2
2326,2019-03-27,343470,56388,0.1016779661,2
2327,2019-03-27,412982,73020,0.01693220339,2
2328,2019-03-27,533672,27825,0.006762711864,2
2329,2019-03-27,538153,33007,0.02540677966,2
2330,2019-03-27,592539,7999,0.03388135593,2
2331,2019-03-27,621081,66497,0.02540677966,1
2332,2019-03-27,691710,37483,0.02540677966,2
2333,2019-03-27,823968,50916,0.008457627119,1
2334,2019-03-27,865357,55582,0.01354237288,2
2335,2019-03-27,961899,7185,0.02201694915,1
2336,2019-03-27,985826,68913,0.05083050847,2
2337,2019-03-27,1145966,6708,0.03049152542,2
2338,2019-03-27,1283675,42715,0.03388135593,2
2339,2019-03-27,1298730,45401,0.02438983051,2
2340,2019-03-27,1321008,64195,0.03388135593,2
2341,2019-03-28,42190,59017,0.05083050847,2
2342,2019-03-28,201687,62769,0.03388135593,2
2343,2019-03-28,220778,43954,0.02540677966,2
2344,2019-03-28,220778,50492,0.02540677966,2
2345,2019-03-28,220778,59158,0.06777966102,2
2346,2019-03-28,263276,53892,0.03388135593,2
2347,2019-03-28,377020,42449,0.02201694915,2
2348,2019-03-28,398837,45834,0.03049152542,2
2349,2019-03-28,498308,69232,0.01354237288,2
2350,2019-03-28,551847,54276,0.02201694915,1
2351,2019-03-28,625421,53892,0.03388135593,1
2352,2019-03-28,1006892,22629,0.05083050847,2
2353,2019-03-28,1037765,9073,0.01015254237,1
2354,2019-03-28,1049734,56445,0.008457627119,2
2355,2019-03-28,1061176,54469,0.02879661017,1
2356,2019-03-28,1063437,3929,0.02540677966,2
2357,2019-03-28,1252165,16304,0.0423559322,2
2358,2019-03-28,1328308,47632,0.0216779661,2
2359,2019-03-28,1360645,57837,0.05083050847,2
2360,2019-03-29,18239,3929,0.02540677966,1
2361,2019-03-29,18239,23817,0.0423559322,1
2362,2019-03-29,25928,39064,0.02201694915,2
2363,2019-03-29,44637,77988,0.01693220339,2
2364,2019-03-29,157945,51130,0.01523728814,1
2365,2019-03-29,360752,22643,0.01693220339,1
2366,2019-03-29,454286,2303,0.0423559322,2
2367,2019-03-29,463108,43954,0.02540677966,1
2368,2019-03-29,522085,2278,0.03557627119,2
2369,2019-03-29,675814,53892,0.03388135593,1
2370,2019-03-29,977184,144,0.003372881356,1
2371,2019-03-29,1020617,57837,0.04576271186,2
2372,2019-03-29,1021258,56603,0.03388135593,2
2373,2019-03-29,1061176,54469,0.02879661017,1
2374,2019-03-29,1149913,59158,0.06777966102,2
2375,2019-03-29,1157601,45570,0.01354237288,1
2376,2019-03-29,1187306,58124,0.02201694915,1
2377,2019-03-29,1225597,63094,0.05083050847,2
2378,2019-03-29,1226663,68913,0.05083050847,1
2379,2019-03-29,1294264,15989,0.0423559322,1
2380,2019-03-29,1294264,16004,0.05083050847,1
2381,2019-03-29,1294264,55697,0.0423559322,1
2382,2019-03-29,1298730,45401,0.02438983051,2
2383,2019-03-30,64675,55593,0.01354237288,1
2384,2019-03-30,160336,55777,0.01354237288,2
2385,2019-03-30,265184,59347,0.02540677966,2
2386,2019-03-30,293037,70225,0.00506779661,2
2387,2019-03-30,371310,53892,0.03388135593,2
2388,2019-03-30,459985,44779,0.02540677966,1
2389,2019-03-30,464486,4994,0.05930508475,2
2390,2019-03-30,1016406,33368,0.061,1
2391,2019-03-30,1029218,71834,0.01354237288,2
2392,2019-03-30,1058319,61573,0.1510169492,2
2393,2019-03-31,57755,4013,0.01693220339,1
2394,2019-03-31,248156,45626,0.0423559322,2
2395,2019-03-31,348166,25113,0.006762711864,2
2396,2019-03-31,361891,51332,0.061,1
2397,2019-03-31,440322,69788,0.06777966102,1
2398,2019-03-31,441246,60191,0.03388135593,2
2399,2019-03-31,674240,69381,0.02540677966,1
2400,2019-03-31,683936,35958,0.03388135593,2
2401,2019-03-31,774236,51110,0.01693220339,1
2402,2019-03-31,985826,24098,0.1186271186,2
2403,2019-03-31,1093622,16595,0.02540677966,2
2404,2019-03-31,1093622,53880,0.02540677966,2
2405,2019-04-01,25462,26129,0.01523728814,1
2406,2019-04-01,73756,6016,0.02201694915,1
2407,2019-04-01,133355,54964,0.01693220339,2
2408,2019-04-01,133355,55840,0.01693220339,2
2409,2019-04-01,212441,19909,0.04574576271,2
2410,2019-04-01,236467,67842,0.03388135593,1
2411,2019-04-01,444051,73233,0.01693220339,2
2412,2019-04-01,450627,34923,0.0423559322,2
2413,2019-04-01,549779,25891,0.2525423729,2
2414,2019-04-01,549779,45015,0.08472881356,2
2415,2019-04-01,600801,30732,0.01981355932,1
2416,2019-04-01,781801,25944,0.05083050847,2
2417,2019-04-01,968623,33007,0.02540677966,2
2418,2019-04-01,968623,62452,0.05083050847,2
2419,2019-04-01,1064396,62769,0.02542372881,2
2420,2019-04-01,1283197,51110,0.01693220339,1
2421,2019-04-01,1336465,53484,0.05083050847,2
2422,2019-04-02,215451,2303,0.0423559322,2
2423,2019-04-02,215451,12226,0.01693220339,2
2424,2019-04-02,394409,39738,0.08472881356,2
2425,2019-04-02,450095,19575,0.01693220339,1
2426,2019-04-02,450095,55147,0.04574576271,1
2427,2019-04-02,639924,10648,0.01693220339,2
2428,2019-04-02,720174,27694,0.008457627119,2
2429,2019-04-02,720174,27700,0.008457627119,2
2430,2019-04-02,720174,51603,0.0423559322,2
2431,2019-04-02,937559,62769,0.03388135593,2
2432,2019-04-02,951444,72632,0.03813559322,2
2433,2019-04-02,959295,55147,0.04576271186,2
2434,2019-04-02,1172522,51332,0.06777966102,1
2435,2019-04-02,1353365,52043,0.05083050847,2
2436,2019-04-03,38672,57977,0.008457627119,1
2437,2019-04-03,202259,55018,0.06777966102,2
2438,2019-04-03,202259,56603,0.03388135593,2
2439,2019-04-03,326775,47592,0.01693220339,2
2440,2019-04-03,526843,62268,0.036,1
2441,2019-04-03,678605,44394,0.01693220339,2
2442,2019-04-03,996503,30655,0.008457627119,2
2443,2019-04-03,1010041,51332,0.06777966102,1
2444,2019-04-03,1058319,61573,0.1510169492,2
2445,2019-04-03,1115505,45834,0.03049152542,2
2446,2019-04-03,1321008,64173,0.02540677966,2
2447,2019-04-04,73756,17672,0.01354237288,1
2448,2019-04-04,378909,22399,0.01693220339,2
2449,2019-04-04,385260,27694,0.008457627119,2
2450,2019-04-04,444051,70153,0.03388135593,2
2451,2019-04-04,496149,53985,0.003389830508,1
2452,2019-04-04,596157,69381,0.02540677966,1
2453,2019-04-04,601086,55565,0.01862711864,1
2454,2019-04-04,796345,66845,0.02540677966,1
2455,2019-04-04,924650,53892,0.03388135593,2
2456,2019-04-04,1026936,30516,0.01354237288,2
2457,2019-04-04,1060612,64173,0.02540677966,2
2458,2019-04-04,1256636,44779,0.02286440678,1
2459,2019-04-04,1257502,53892,0.03388135593,1
2460,2019-04-04,1327415,65658,0.03388135593,2
2461,2019-04-04,1328308,62769,0.03220338983,2
2462,2019-04-05,36520,51110,0.01693220339,2
2463,2019-04-05,94199,28589,0.00506779661,2
2464,2019-04-05,106574,8007,0.01186440678,1
2465,2019-04-05,243584,47734,0.01015254237,1
2466,2019-04-05,393178,19012,0.05083050847,2
2467,2019-04-05,393178,61517,0.03388135593,2
2468,2019-04-05,530575,53880,0.02540677966,1
2469,2019-04-05,530575,57977,0.008457627119,1
2470,2019-04-05,940926,61656,0.2525423729,2
2471,2019-04-05,1089285,53330,0.02710169492,2
2472,2019-04-05,1107925,22643,0.01693220339,2
2473,2019-04-06,64772,67208,0.01693220339,2
2474,2019-04-06,64772,68671,0.0423559322,2
2475,2019-04-06,84096,61509,0.02711864407,2
2476,2019-04-06,156680,15423,0.0203220339,2
2477,2019-04-06,167031,62094,0.03388135593,2
2478,2019-04-06,179155,55565,0.0203220339,2
2479,2019-04-06,199150,16004,0.0216779661,2
2480,2019-04-06,221576,9778,0.01354237288,2
2481,2019-04-06,371859,3096,0.03388135593,2
2482,2019-04-06,389287,52108,0.02540677966,1
2483,2019-04-06,395102,59539,0.04066101695,2
2484,2019-04-06,440771,14234,0.01015254237,1
2485,2019-04-06,440771,16304,0.0423559322,1
2486,2019-04-06,474922,51332,0.05422033898,2
2487,2019-04-06,498308,67208,0.01357627119,2
2488,2019-04-06,669277,69381,0.0203220339,2
2489,2019-04-06,691710,15259,0.04066101695,2
2490,2019-04-06,711990,50916,0.008457627119,1
2491,2019-04-06,773848,54276,0.01355932203,2
2492,2019-04-06,790767,62268,0.03389830508,2
2493,2019-04-06,800234,5369,0.01693220339,1
2494,2019-04-06,826680,10687,0.02711864407,2
2495,2019-04-06,839517,20707,0.02710169492,2
2496,2019-04-06,865357,61509,0.02710169492,2
2497,2019-04-06,876328,57597,0.03388135593,2
2498,2019-04-06,877092,10534,0.01523728814,1
2499,2019-04-06,906738,51332,0.05422033898,2
2500,2019-04-06,935486,62345,0.01354237288,1
2501,2019-04-06,1116303,31504,0.01354237288,2
2502,2019-04-06,1194269,53248,0.03388135593,2
2503,2019-04-06,1268206,2862,0.0203220339,2
2504,2019-04-06,1359535,657,0.02711864407,2
2505,2019-04-07,967,30655,0.008457627119,1
2506,2019-04-07,55797,65782,0.03388135593,2
2507,2019-04-07,212726,39137,0.02540677966,2
2508,2019-04-07,398837,51310,0.03388135593,2
2509,2019-04-07,398837,61509,0.03388135593,2
2510,2019-04-07,514915,26096,0.01523728814,2
2511,2019-04-07,514915,27825,0.006762711864,2
2512,2019-04-07,514915,49308,0.05930508475,2
2513,2019-04-07,589068,54475,0.04069491525,2
2514,2019-04-07,589068,61390,0.01083050847,2
2515,2019-04-07,593578,71145,0.02540677966,2
2516,2019-04-07,722574,45898,0.03049152542,1
2517,2019-04-07,752573,46570,0.03388135593,2
2518,2019-04-07,752573,57911,0.01015254237,2
2519,2019-04-07,752573,63504,0.008457627119,2
2520,2019-04-07,827831,33007,0.02540677966,2
2521,2019-04-07,827831,53892,0.03388135593,2
2522,2019-04-07,1195476,22643,0.01693220339,2
2523,2019-04-07,1327415,65658,0.03388135593,2
2524,2019-04-07,1367261,58473,0.05422033898,2
2525,2019-04-08,8132,64195,0.03388135593,2
2526,2019-04-08,170737,49308,0.05930508475,2
2527,2019-04-08,233181,18911,0.02540677966,2
2528,2019-04-08,237513,53892,0.03388135593,2
2529,2019-04-08,506364,56997,0.0423559322,2
2530,2019-04-08,636703,74,0.01354237288,1
2531,2019-04-08,689610,47966,0.02540677966,2
2532,2019-04-08,834276,22643,0.01693220339,2
2533,2019-04-08,1125162,30732,0.02201694915,2
2534,2019-04-08,1172693,53892,0.03388135593,2
2535,2019-04-08,1205926,47966,0.02540677966,2
2536,2019-04-09,3320,23817,0.0423559322,2
2537,2019-04-09,25462,604,0.01693220339,1
2538,2019-04-09,36479,50195,0.00506779661,1
2539,2019-04-09,151043,71097,0.02540677966,2
2540,2019-04-09,197782,70147,0.05083050847,2
2541,2019-04-09,387341,54834,0.02540677966,1
2542,2019-04-09,516655,60866,0.02540677966,2
2543,2019-04-09,521494,57139,0.02201694915,2
2544,2019-04-09,838836,19913,0.06777966102,1
2545,2019-04-09,838836,71097,0.02540677966,1
2546,2019-04-09,859593,45133,0.01693220339,1
2547,2019-04-09,1013613,22645,0.01693220339,2
2548,2019-04-10,72756,30655,0.008457627119,2
2549,2019-04-10,299594,51310,0.03388135593,2
2550,2019-04-10,357136,64170,0.03388135593,2
2551,2019-04-10,463532,56997,0.0423559322,1
2552,2019-04-10,664522,62137,0.05083050847,1
2553,2019-04-10,664818,45250,0.03388135593,2
2554,2019-04-10,929240,1194,0.01515254237,2
2555,2019-04-10,929240,22645,0.01515254237,2
2556,2019-04-10,1018723,71808,0.03388135593,2
2557,2019-04-10,1060612,64173,0.02540677966,2
2558,2019-04-11,36520,53892,0.03388135593,2
2559,2019-04-11,48994,55094,0.05252542373,2
2560,2019-04-11,61597,9057,0.01905084746,1
2561,2019-04-11,162649,52790,0.02540677966,2
2562,2019-04-11,172120,7004,0.02540677966,2
2563,2019-04-11,175660,67208,0.01015254237,1
2564,2019-04-11,325197,55648,0.01354237288,2
2565,2019-04-11,461150,47989,0.03388135593,2
2566,2019-04-11,580907,37109,0.01676271186,1
2567,2019-04-11,735214,62846,0.1663898305,2
2568,2019-04-11,762849,71097,0.02355932203,1
2569,2019-04-11,921134,62137,0.05083050847,1
2570,2019-04-11,959295,37735,0.01693220339,2
2571,2019-04-11,1053380,53892,0.03388135593,2
2572,2019-04-11,1154125,46278,0.0423559322,1
2573,2019-04-11,1195476,22643,0.01693220339,2
2574,2019-04-11,1265464,55147,0.05083050847,2
2575,2019-04-12,31977,55502,0.03811864407,1
2576,2019-04-12,106786,63305,0.06777966102,2
2577,2019-04-12,244126,45834,0.03049152542,2
2578,2019-04-12,309502,51332,0.06777966102,1
2579,2019-04-12,316165,59158,0.06777966102,2
2580,2019-04-12,384261,51310,0.03388135593,2
2581,2019-04-12,549380,65925,0.1016779661,2
2582,2019-04-12,720381,21350,0.03838983051,1
2583,2019-04-12,806992,12233,0.01693220339,1
2584,2019-04-12,829423,67804,0.05930508475,1
2585,2019-04-12,844982,25878,0.02540677966,2
2586,2019-04-12,1024204,52135,0.02540677966,1
2587,2019-04-12,1040769,28968,0.01354237288,2
2588,2019-04-12,1371602,23499,0.03049152542,2
2589,2019-04-13,138317,66845,0.03388135593,2
2590,2019-04-13,220011,56255,0.04942372881,2
2591,2019-04-13,344326,6473,0.0166779661,2
2592,2019-04-13,357794,30732,0.02201694915,2
2593,2019-04-13,398176,22643,0.01693220339,2
2594,2019-04-13,551325,31121,0.004440677966,1
2595,2019-04-13,558150,66528,0.016,1
2596,2019-04-13,868068,71097,0.02540677966,2
2597,2019-04-13,920710,14812,0.02540677966,2
2598,2019-04-13,920710,52108,0.02540677966,2
2599,2019-04-13,920710,71825,0.02540677966,2
2600,2019-04-13,1020457,68647,0.03388135593,2
2601,2019-04-13,1082261,73168,0.03388135593,1
2602,2019-04-13,1139207,44310,0.01128813559,1
2603,2019-04-13,1346187,51310,0.03388135593,2
2604,2019-04-14,57755,61504,0.01693220339,1
2605,2019-04-14,108865,53800,0.01693220339,2
2606,2019-04-14,206338,77988,0.01693220339,2
2607,2019-04-14,330385,39137,0.02540677966,1
2608,2019-04-14,330385,56997,0.03176271186,1
2609,2019-04-14,337072,71097,0.02540677966,2
2610,2019-04-14,596648,3096,0.0423559322,2
2611,2019-04-14,596648,19012,0.05083050847,2
2612,2019-04-14,596648,71808,0.03388135593,2
2613,2019-04-14,664818,57837,0.05083050847,1
2614,2019-04-14,682984,64173,0.02540677966,2
2615,2019-04-14,951444,34975,0.0203220339,2
2616,2019-04-14,1013692,30732,0.02201694915,1
2617,2019-04-14,1300841,9073,0.01015254237,1
2618,2019-04-14,1300841,52150,0.008457627119,1
2619,2019-04-14,1312493,57597,0.03388135593,1
2620,2019-04-14,1327415,28968,0.01274576271,2
2621,2019-04-15,26250,28968,0.01354237288,2
2622,2019-04-15,92041,70225,0.00506779661,2
2623,2019-04-15,101186,54475,0.05083050847,2
2624,2019-04-15,101186,73743,0.01354237288,2
2625,2019-04-15,127490,60345,0.008457627119,2
2626,2019-04-15,169737,69381,0.02540677966,2
2627,2019-04-15,175442,65889,0.03371186441,2
2628,2019-04-15,274939,58583,0.03388135593,2
2629,2019-04-15,289908,51110,0.01659322034,2
2630,2019-04-15,398924,46390,0.03388135593,2
2631,2019-04-15,516655,60866,0.01862711864,2
2632,2019-04-15,551325,39738,0.08472881356,2
2633,2019-04-15,832538,77988,0.01693220339,2
2634,2019-04-15,1025444,55648,0.01354237288,2
2635,2019-04-15,1049063,65782,0.03388135593,2
2636,2019-04-15,1049063,70153,0.03388135593,2
2637,2019-04-15,1125939,3951,0.02188135593,2
2638,2019-04-15,1125939,22399,0.01683050847,2
2639,2019-04-15,1125939,65889,0.0336779661,2
2640,2019-04-15,1283675,60923,0.01693220339,2
2641,2019-04-15,1319492,16595,0.02540677966,2
2642,2019-04-15,1319492,53880,0.02540677966,2
2643,2019-04-16,196657,53892,0.03388135593,2
2644,2019-04-16,215057,55127,0.0423559322,2
2645,2019-04-16,282466,77988,0.01693220339,2
2646,2019-04-16,394409,55924,0.05083050847,2
2647,2019-04-16,398837,51310,0.03388135593,2
2648,2019-04-16,399626,27105,0.00506779661,1
2649,2019-04-16,857175,61858,0.1510169492,2
2650,2019-04-16,924650,53892,0.03388135593,2
2651,2019-04-16,1088303,13715,0.02286440678,1
2652,2019-04-16,1088303,15249,0.01693220339,1
2653,2019-04-16,1118595,16004,0.05083050847,1
2654,2019-04-16,1171976,59017,0.05083050847,2
2655,2019-04-16,1232897,43954,0.02540677966,1
2656,2019-04-17,315893,71808,0.03388135593,2
2657,2019-04-17,329595,53484,0.04405084746,2
2658,2019-04-17,355554,51110,0.01693220339,1
2659,2019-04-17,355554,54469,0.03388135593,1
2660,2019-04-17,490987,71097,0.02540677966,2
2661,2019-04-17,516934,16439,0.01354237288,2
2662,2019-04-17,527822,47592,0.01693220339,2
2663,2019-04-17,527822,66446,0.01693220339,1
2664,2019-04-17,757271,22645,0.01693220339,2
2665,2019-04-17,757271,51174,0.01184745763,2
2666,2019-04-17,757271,54834,0.02540677966,2
2667,2019-04-17,757271,61509,0.03388135593,2
2668,2019-04-17,852056,12233,0.01523728814,1
2669,2019-04-17,959295,55147,0.04322033898,2
2670,2019-04-17,1295599,43954,0.02540677966,1
2671,2019-04-18,36479,22645,0.016,2
2672,2019-04-18,57855,18911,0.02388135593,2
2673,2019-04-18,75287,16439,0.0126779661,1
2674,2019-04-18,177805,53247,0.02201694915,2
2675,2019-04-18,201952,54842,0.01354237288,1
2676,2019-04-18,591343,61656,0.2457627119,2
2677,2019-04-18,718110,28968,0.01298305085,2
2678,2019-04-18,772563,58512,0.003084745763,2
2679,2019-04-18,848366,67484,0.03388135593,2
2680,2019-04-18,868068,71097,0.02540677966,2
2681,2019-04-18,1082566,42952,0.02201694915,2
2682,2019-04-18,1115193,496,0.02852542373,2
2683,2019-04-19,146683,9081,0.01015254237,1
2684,2019-04-19,308068,54591,0.01015254237,1
2685,2019-04-19,396261,62508,0.02371186441,1
2686,2019-04-19,486238,22629,0.05083050847,1
2687,2019-04-19,696806,70225,0.004559322034,1
2688,2019-04-19,728178,64170,0.03279661017,1
2689,2019-04-19,1013291,54475,0.05083050847,1
2690,2019-04-19,1119535,32142,0.03388135593,1
2691,2019-04-19,1316456,60345,0.008457627119,2
2692,2019-04-20,36520,45834,0.03049152542,2
2693,2019-04-20,64675,21458,0.02540677966,2
2694,2019-04-20,105178,22643,0.01693220339,2
2695,2019-04-20,236792,47592,0.01693220339,2
2696,2019-04-20,236792,51310,0.03388135593,2
2697,2019-04-20,316165,28968,0.01354237288,1
2698,2019-04-20,316409,65782,0.03388135593,2
2699,2019-04-20,320896,604,0.01569491525,1
2700,2019-04-20,320896,657,0.03142372881,1
2701,2019-04-20,324053,37786,0.01354237288,1
2702,2019-04-20,428818,4025,0.02527118644,2
2703,2019-04-20,468445,75526,0.01189830508,1
2704,2019-04-20,580776,2138,0.03049152542,1
2705,2019-04-20,582883,65658,0.03388135593,2
2706,2019-04-20,809176,22629,0.05083050847,1
2707,2019-04-20,822373,67484,0.03388135593,2
2708,2019-04-20,966954,51110,0.01693220339,2
2709,2019-04-20,1008279,67842,0.03388135593,1
2710,2019-04-20,1048933,65782,0.03388135593,2
2711,2019-04-20,1092138,52450,0.03388135593,2
2712,2019-04-20,1287506,32270,0.01540677966,1
2713,2019-04-21,263276,73960,0.01184745763,2
2714,2019-04-21,316456,63453,0.06777966102,2
2715,2019-04-21,468996,62769,0.03388135593,2
2716,2019-04-21,489178,51110,0.01693220339,2
2717,2019-04-21,785729,63525,0.05083050847,2
2718,2019-04-21,872409,53892,0.03303389831,2
2719,2019-04-22,151043,71097,0.02425423729,2
2720,2019-04-22,394409,62393,0.06777966102,2
2721,2019-04-22,486344,57837,0.05083050847,2
2722,2019-04-22,500787,22645,0.01693220339,2
2723,2019-04-22,517696,71097,0.02540677966,2
2724,2019-04-22,534990,57139,0.02201694915,1
2725,2019-04-22,563786,55777,0.01150847458,1
2726,2019-04-22,640162,59310,0.03388135593,2
2727,2019-04-22,664236,54834,0.02159322034,1
2728,2019-04-22,683712,5369,0.01655932203,1
2729,2019-04-22,1078794,54469,0.03388135593,1
2730,2019-04-22,1284150,47300,0.01693220339,2
2731,2019-04-22,1284150,64170,0.03388135593,2
2732,2019-04-22,1284150,65782,0.03388135593,2
2733,2019-04-23,226900,28968,0.01354237288,2
2734,2019-04-23,262163,18815,0.006762711864,2
2735,2019-04-23,407413,62426,0.03388135593,1
2736,2019-04-23,450118,55777,0.01354237288,2
2737,2019-04-23,455342,62268,0.0423559322,2
2738,2019-04-23,613457,71097,0.02540677966,1
2739,2019-04-23,664522,54842,0.01586440678,1
2740,2019-04-23,669185,23817,0.04118644068,2
2741,2019-04-23,670970,63525,0.05083050847,2
2742,2019-04-23,704292,68647,0.03298305085,1
2743,2019-04-23,765920,55777,0.01354237288,2
2744,2019-04-23,959295,30655,0.008457627119,2
2745,2019-04-23,1005959,55094,0.05930508475,2
2746,2019-04-23,1089054,64170,0.03388135593,1
2747,2019-04-23,1116360,57837,0.03813559322,2
2748,2019-04-23,1116360,73962,0.01354237288,1
2749,2019-04-23,1219346,62137,0.05083050847,2
2750,2019-04-23,1237671,28968,0.01354237288,2
2751,2019-04-23,1237671,62137,0.05083050847,2
2752,2019-04-23,1237671,72632,0.0423559322,2
2753,2019-04-24,38641,46436,0.008457627119,1
2754,2019-04-24,134520,52325,0.02540677966,2
2755,2019-04-24,214245,53491,0.01693220339,1
2756,2019-04-24,350486,67052,0.02228813559,2
2757,2019-04-24,539026,9081,0.009457627119,2
2758,2019-04-24,539029,62508,0.02540677966,2
2759,2019-04-24,572447,61390,0.01354237288,2
2760,2019-04-24,664236,47547,0.02201694915,2
2761,2019-04-24,664818,75526,0.01354237288,1
2762,2019-04-24,727357,11833,0.01354237288,2
2763,2019-04-24,733607,21458,0.01862711864,2
2764,2019-04-24,852056,12233,0.01523728814,1
2765,2019-04-24,956253,73962,0.01015254237,1
2766,2019-04-24,1172522,62268,0.0423559322,1
2767,2019-04-24,1259611,51112,0.01693220339,2
2768,2019-04-24,1366131,33213,0.00913559322,1
2769,2019-04-25,23194,22629,0.05083050847,1
2770,2019-04-25,54158,48268,0.03049152542,2
2771,2019-04-25,209309,35143,0.02371186441,2
2772,2019-04-25,304028,6473,0.01693220339,2
2773,2019-04-25,329595,60493,0.01015254237,1
2774,2019-04-25,433702,28430,0.01633898305,1
2775,2019-04-25,483959,62137,0.05083050847,2
2776,2019-04-25,512360,57977,0.008457627119,1
2777,2019-04-25,769319,70225,0.00506779661,1
2778,2019-04-25,872599,53538,0.03896610169,2
2779,2019-04-25,876328,64195,0.03388135593,2
2780,2019-04-25,888891,63525,0.04879661017,1
2781,2019-04-25,895479,11694,0.02540677966,2
2782,2019-04-25,896091,18815,0.01240677966,1
2783,2019-04-25,1044518,54469,0.03194915254,1
2784,2019-04-25,1090923,22645,0.01693220339,2
2785,2019-04-25,1090923,45834,0.03049152542,2
2786,2019-04-25,1317808,43839,0.007610169492,1
2787,2019-04-25,1317808,61504,0.01693220339,1
2788,2019-04-25,1326236,64170,0.03388135593,1
2789,2019-04-26,11962,53892,0.03388135593,1
2790,2019-04-26,173453,45834,0.03049152542,2
2791,2019-04-26,333005,47048,0.02540677966,2
2792,2019-04-26,591343,61656,0.2525423729,2
2793,2019-04-26,948943,18815,0.006762711864,2
2794,2019-04-26,1043416,15989,0.0423559322,1
2795,2019-04-26,1043416,16004,0.04574576271,1
2796,2019-04-26,1116360,35958,0.03388135593,2
2797,2019-04-26,1206390,30655,0.001677966102,1
2798,2019-04-26,1206390,43337,0.03388135593,1
2799,2019-04-26,1280963,56997,0.0423559322,2
2800,2019-04-26,1281131,43337,0.02879661017,1
2801,2019-04-26,1316720,62161,0.05794915254,1
2802,2019-04-26,1322162,61656,0.2525423729,2
2803,2019-04-27,55385,70479,0.0423559322,2
2804,2019-04-27,79457,62137,0.049,2
2805,2019-04-27,184290,62508,0.02459322034,2
2806,2019-04-27,510305,53892,0.03245762712,1
2807,2019-04-27,611021,24098,0.1186271186,2
2808,2019-04-27,611021,57520,0.08472881356,2
2809,2019-04-27,680742,60345,0.008457627119,2
2810,2019-04-27,1010525,52108,0.02540677966,2
2811,2019-04-27,1070377,11446,0.02540677966,1
2812,2019-04-27,1116697,74,0.01354237288,1
2813,2019-04-27,1220478,52108,0.02466101695,2
2814,2019-04-27,1220478,66030,0.04110169492,2
2815,2019-04-27,1314645,20707,0.03388135593,2
2816,2019-04-28,61770,67052,0.02540677966,2
2817,2019-04-28,146195,65449,0.02540677966,2
2818,2019-04-28,252195,61246,0.02540677966,2
2819,2019-04-28,366130,40099,0.03388135593,2
2820,2019-04-28,472181,55777,0.01354237288,1
2821,2019-04-28,574752,30655,0.008457627119,1
2822,2019-04-28,718723,65449,0.02540677966,2
2823,2019-04-28,775669,21458,0.02540677966,1
2824,2019-04-28,832255,58512,0.00313559322,2
2825,2019-04-28,916295,47716,0.05083050847,2
2826,2019-04-28,916295,51112,0.01693220339,2
2827,2019-04-28,1366775,62508,0.02540677966,2
2828,2019-04-28,1366775,67052,0.02540677966,2
2829,2019-04-29,59062,62137,0.05083050847,2
2830,2019-04-29,59062,64388,0.02540677966,2
2831,2019-04-29,270769,51310,0.03388135593,2
2832,2019-04-29,304028,71933,0.02540677966,2
2833,2019-04-29,351098,48268,0.03049152542,1
2834,2019-04-29,364607,960,0.001677966102,1
2835,2019-04-29,452153,64396,0.02540677966,2
2836,2019-04-29,776259,22645,0.01693220339,2
2837,2019-04-29,820580,77988,0.01693220339,2
2838,2019-04-29,889417,63980,0.03388135593,2
2839,2019-04-29,930710,31504,0.01693220339,1
2840,2019-04-29,1038659,55593,0.01052542373,1
2841,2019-04-29,1289605,43954,0.02540677966,1
2842,2019-04-29,1335991,22645,0.01693220339,1
2843,2019-04-29,1351106,44394,0.01693220339,2
2844,2019-04-29,1351106,53627,0.06777966102,2
2845,2019-04-29,1351106,62393,0.06777966102,2
2846,2019-04-30,134520,52325,0.02540677966,2
2847,2019-04-30,160437,55777,0.01354237288,2
2848,2019-04-30,173453,42203,0.02540677966,2
2849,2019-04-30,454566,62150,0.06777966102,2
2850,2019-04-30,500489,22515,0.006762711864,2
2851,2019-04-30,505341,66528,0.01693220339,2
2852,2019-04-30,536975,30655,0.008457627119,1
2853,2019-04-30,548754,51130,0.01693220339,2
2854,2019-04-30,551325,63980,0.03225423729,2
2855,2019-04-30,551750,30655,0.008118644068,1
2856,2019-04-30,573852,51110,0.01693220339,1
2857,2019-04-30,582315,21350,0.04744067797,1
2858,2019-04-30,602884,59476,0.01693220339,2
2859,2019-04-30,616635,66896,0.1106101695,2
2860,2019-04-30,639712,144,0.002305084746,1
2861,2019-04-30,691710,29610,0.0423559322,2
2862,2019-04-30,823688,52043,0.05083050847,2
2863,2019-04-30,866717,53880,0.02540677966,2
2864,2019-04-30,1031589,61509,0.03388135593,2
2865,2019-04-30,1148425,42952,0.01981355932,2
2866,2019-04-30,1265404,38135,0.03954237288,2
2867,2019-04-30,1279088,2862,0.02540677966,2
2868,2019-04-30,1286056,13882,0.02003389831,2
2869,2019-05-01,72279,70153,0.03388135593,2
2870,2019-05-01,114624,45133,0.01693220339,2
2871,2019-05-01,123650,57837,0.04574576271,1
2872,2019-05-01,288327,23619,0.02540677966,2
2873,2019-05-01,393486,13715,0.02540677966,1
2874,2019-05-01,395935,58159,0.0423559322,2
2875,2019-05-01,396221,49048,0.03049152542,2
2876,2019-05-01,396221,57597,0.03388135593,2
2877,2019-05-01,619209,43839,0.008457627119,2
2878,2019-05-01,625655,55502,0.0423559322,1
2879,2019-05-01,707208,10534,0.01523728814,1
2880,2019-05-01,707208,15989,0.03811864407,1
2881,2019-05-01,735214,22645,0.01606779661,2
2882,2019-05-01,760533,10689,0.03388135593,2
2883,2019-05-01,828684,15989,0.0423559322,1
2884,2019-05-01,828684,16004,0.05083050847,1
2885,2019-05-01,839517,34789,0.02540677966,2
2886,2019-05-01,839517,52330,0.01354237288,2
2887,2019-05-01,839517,70225,0.00506779661,2
2888,2019-05-01,1101931,30732,0.02201694915,2
2889,2019-05-01,1105870,59347,0.02540677966,2
2890,2019-05-01,1118209,62508,0.02033898305,2
2891,2019-05-01,1149044,70479,0.0423559322,2
2892,2019-05-01,1195987,22645,0.01693220339,2
2893,2019-05-02,131678,62150,0.06613559322,2
2894,2019-05-02,197172,74,0.01354237288,1
2895,2019-05-02,199402,56997,0.0423559322,2
2896,2019-05-02,199402,62137,0.05083050847,2
2897,2019-05-02,236792,47592,0.01661016949,2
2898,2019-05-02,348166,10687,0.03388135593,2
2899,2019-05-02,396221,61848,0.0473220339,1
2900,2019-05-02,415196,51332,0.061,1
2901,2019-05-02,428578,67052,0.02540677966,2
2902,2019-05-02,455342,63525,0.05083050847,2
2903,2019-05-02,456224,58229,0.01525423729,2
2904,2019-05-02,523159,75526,0.01161016949,1
2905,2019-05-02,593870,13282,0.03049152542,1
2906,2019-05-02,680749,71097,0.02405084746,2
2907,2019-05-02,951444,72632,0.0423559322,2
2908,2019-05-02,980602,28979,0.01218644068,1
2909,2019-05-02,1080254,63305,0.06777966102,2
2910,2019-05-02,1195987,24898,0.02371186441,2
2911,2019-05-02,1256381,30655,0.008457627119,1
2912,2019-05-03,59279,56997,0.03557627119,1
2913,2019-05-03,69592,20193,0.03337288136,2
2914,2019-05-03,69592,73323,0.05006779661,2
2915,2019-05-03,97656,30655,0.008457627119,1
2916,2019-05-03,118962,67052,0.02540677966,2
2917,2019-05-03,201952,14234,0.01015254237,1
2918,2019-05-03,221576,16304,0.04083050847,2
2919,2019-05-03,236213,60707,0.05930508475,2
2920,2019-05-03,236213,60915,0.01693220339,2
2921,2019-05-03,316456,62426,0.03388135593,2
2922,2019-05-03,329391,57414,0.01015254237,2
2923,2019-05-03,536145,239,0.006762711864,2
2924,2019-05-03,583805,55777,0.01150847458,1
2925,2019-05-03,638136,28031,0.01184745763,2
2926,2019-05-03,730357,54500,0.05083050847,2
2927,2019-05-03,1022370,48705,0.0423559322,2
2928,2019-05-03,1105870,59347,0.02540677966,2
2929,2019-05-03,1286513,57460,0.03222033898,2
2930,2019-05-04,44795,62782,0.02540677966,2
2931,2019-05-04,44795,73168,0.03388135593,2
2932,2019-05-04,154053,53892,0.03388135593,1
2933,2019-05-04,184063,22645,0.01693220339,1
2934,2019-05-04,220778,51603,0.0423559322,2
2935,2019-05-04,220778,63003,0.05083050847,2
2936,2019-05-04,220778,66061,0.01693220339,2
2937,2019-05-04,229692,67765,0.01015254237,1
2938,2019-05-04,312948,53892,0.03388135593,1
2939,2019-05-04,355338,61298,0.05761016949,1
2940,2019-05-04,434634,31216,0.009355932203,2
2941,2019-05-04,550617,66845,0.03388135593,2
2942,2019-05-04,616635,47716,0.05083050847,2
2943,2019-05-04,724356,43458,0.01113559322,2
2944,2019-05-04,741494,11858,0.01862711864,1
2945,2019-05-04,813392,60866,0.01354237288,1
2946,2019-05-04,900955,59603,0.03388135593,2
2947,2019-05-04,919675,55147,0.05083050847,1
2948,2019-05-04,935314,51332,0.06777966102,2
2949,2019-05-04,990692,43954,0.01862711864,1
2950,2019-05-04,1024932,43963,0.02540677966,2
2951,2019-05-04,1045918,55593,0.01354237288,1
2952,2019-05-04,1182225,60011,0.1321864407,2
2953,2019-05-04,1182225,65889,0.03303389831,2
2954,2019-05-04,1193964,73962,0.01211864407,2
2955,2019-05-05,106119,43839,0.008457627119,1
2956,2019-05-05,156680,19445,0.03388135593,2
2957,2019-05-05,312948,53892,0.03188135593,1
2958,2019-05-05,772563,66030,0.0423559322,2
2959,2019-05-05,1003168,61504,0.01015254237,1
2960,2019-05-05,1042975,62426,0.03388135593,2
2961,2019-05-05,1060612,61246,0.02540677966,2
2962,2019-05-05,1251738,62426,0.03388135593,2
2963,2019-05-05,1332947,64192,0.02201694915,2
2964,2019-05-06,65879,74,0.01354237288,1
2965,2019-05-06,80697,67208,0.01693220339,2
2966,2019-05-06,133060,18815,0.006762711864,2
2967,2019-05-06,168092,55593,0.01354237288,1
2968,2019-05-06,337868,60140,0.0423559322,2
2969,2019-05-06,339781,18815,0.006,2
2970,2019-05-06,563810,22645,0.01693220339,2
2971,2019-05-06,726972,22645,0.01593220339,1
2972,2019-05-06,730357,54500,0.04405084746,2
2973,2019-05-06,749539,73457,0.05337288136,1
2974,2019-05-06,995353,58512,0.003,2
2975,2019-05-07,359752,64192,0.02201694915,2
2976,2019-05-07,379351,45797,0.02540677966,2
2977,2019-05-07,379351,47300,0.01693220339,2
2978,2019-05-07,438756,55777,0.01342372881,2
2979,2019-05-07,456224,53538,0.0423559322,2
2980,2019-05-07,715053,50007,0.03388135593,1
2981,2019-05-07,1258130,1720,0.01354237288,2
2982,2019-05-07,1333456,62426,0.03049152542,1
2983,2019-05-08,93212,72639,0.01354237288,2
2984,2019-05-08,256069,12233,0.01693220339,1
2985,2019-05-08,256865,58229,0.01693220339,2
2986,2019-05-08,256865,66061,0.01693220339,2
2987,2019-05-08,326695,55777,0.0126779661,1
2988,2019-05-08,328245,3938,0.02540677966,2
2989,2019-05-08,328245,57977,0.008457627119,2
2990,2019-05-08,328245,63109,0.03388135593,2
2991,2019-05-08,360920,60140,0.0423559322,2
2992,2019-05-08,537510,2303,0.0423559322,2
2993,2019-05-08,569628,54843,0.01015254237,1
2994,2019-05-08,571235,56546,0.02201694915,1
2995,2019-05-08,685545,52450,0.02879661017,1
2996,2019-05-08,699967,42362,0.01693220339,2
2997,2019-05-08,756175,51091,0.02540677966,2
2998,2019-05-08,805353,71808,0.03388135593,2
2999,2019-05-08,813843,54469,0.03388135593,2
3000,2019-05-08,854624,55840,0.0163220339,2
3001,2019-05-08,854624,66845,0.0326440678,2
3002,2019-05-08,907492,10648,0.01693220339,2
3003,2019-05-08,1092625,69381,0.02286440678,1
3004,2019-05-08,1190938,66151,0.04879661017,2
3005,2019-05-08,1264734,4222,0.00506779661,1
3006,2019-05-09,378909,21457,0.02540677966,2
3007,2019-05-09,378909,71097,0.02540677966,2
3008,2019-05-09,496149,47734,0.008457627119,1
3009,2019-05-09,715053,33684,0.03388135593,1
3010,2019-05-09,1086138,61573,0.1677966102,2
3011,2019-05-10,17730,58512,0.002898305085,2
3012,2019-05-10,72514,51980,0.01398305085,1
3013,2019-05-10,192311,57837,0.04320338983,2
3014,2019-05-10,338982,66151,0.05083050847,2
3015,2019-05-10,398238,48268,0.03388135593,1
3016,2019-05-10,627984,61848,0.05083050847,2
3017,2019-05-10,627984,62150,0.06777966102,2
3018,2019-05-10,802307,33684,0.03388135593,2
3019,2019-05-10,827831,12233,0.01693220339,1
3020,2019-05-10,901674,30732,0.02201694915,1
3021,2019-05-10,983268,63525,0.04320338983,1
3022,2019-05-10,1138974,14365,0.02540677966,1
3023,2019-05-10,1138974,61000,0.008457627119,1
3024,2019-05-10,1151541,64530,0.02540677966,2
3025,2019-05-10,1218973,37735,0.006762711864,1
3026,2019-05-10,1220807,73962,0.01354237288,1
3027,2019-05-10,1369046,66030,0.04088135593,1
3028,2019-05-11,33652,9081,0.009796610169,1
3029,2019-05-11,64799,50655,0.02879661017,1
3030,2019-05-11,194739,57757,0.03206779661,1
3031,2019-05-11,212169,33172,0.01693220339,1
3032,2019-05-11,212169,36609,0.008457627119,1
3033,2019-05-11,366677,53892,0.03388135593,1
3034,2019-05-11,367962,23142,0.04574576271,1
3035,2019-05-11,387638,64317,0.01523728814,2
3036,2019-05-11,419078,53892,0.03116949153,1
3037,2019-05-11,419207,15679,0.02074576271,2
3038,2019-05-11,503849,57599,0.03049152542,2
3039,2019-05-11,503849,64192,0.02201694915,2
3040,2019-05-11,540665,53491,0.01523728814,1
3041,2019-05-11,772563,66030,0.0423559322,2
3042,2019-05-11,851600,18815,0.01693220339,1
3043,2019-05-11,876328,74175,0.01354237288,2
3044,2019-05-11,931051,54830,0.02286440678,1
3045,2019-05-11,944832,21350,0.04744067797,2
3046,2019-05-11,969811,64799,0.008457627119,1
3047,2019-05-11,991904,65782,0.03049152542,1
3048,2019-05-11,1140228,16439,0.01015254237,1
3049,2019-05-11,1355268,42715,0.03388135593,2
3050,2019-05-11,1355830,51174,0.01184745763,2
3051,2019-05-12,38641,58512,0.003372881356,2
3052,2019-05-12,38641,73382,0.01693220339,2
3053,2019-05-12,173804,64396,0.02540677966,2
3054,2019-05-12,326775,45834,0.03049152542,2
3055,2019-05-12,527799,33684,0.03388135593,2
3056,2019-05-12,527799,57700,0.03049152542,2
3057,2019-05-12,527799,64192,0.02201694915,2
3058,2019-05-12,568203,18547,0.005627118644,1
3059,2019-05-12,599179,59347,0.02540677966,1
3060,2019-05-12,686214,14234,0.01015254237,2
3061,2019-05-12,774236,26347,0.03811864407,1
3062,2019-05-12,847777,72108,0.05083050847,2
3063,2019-05-12,1099866,22645,0.01693220339,2
3064,2019-05-12,1315517,30732,0.02181355932,2
3065,2019-05-12,1315517,66446,0.01677966102,2
3066,2019-05-13,82104,22629,0.04696610169,2
3067,2019-05-13,201643,64799,0.008457627119,1
3068,2019-05-13,210232,28979,0.01354237288,1
3069,2019-05-13,393716,74780,0.08472881356,2
3070,2019-05-13,449576,64192,0.02201694915,2
3071,2019-05-13,475345,56999,0.03811864407,1
3072,2019-05-13,517898,52450,0.03388135593,1
3073,2019-05-13,547906,62900,0.01981355932,2
3074,2019-05-13,610103,71097,0.01862711864,1
3075,2019-05-13,664818,60191,0.03388135593,2
3076,2019-05-13,832348,41201,0.02540677966,2
3077,2019-05-13,938600,9081,0.00913559322,2
3078,2019-05-13,938600,31270,0.01523728814,2
3079,2019-05-13,938600,55648,0.01218644068,2
3080,2019-05-13,983207,62426,0.03388135593,2
3081,2019-05-13,988743,59421,0.05083050847,2
3082,2019-05-13,1000712,62426,0.03388135593,1
3083,2019-05-13,1024151,45797,0.02540677966,2
3084,2019-05-13,1024151,47300,0.01693220339,2
3085,2019-05-13,1056199,18250,0.06777966102,2
3086,2019-05-13,1094459,9057,0.02540677966,1
3087,2019-05-13,1094459,62426,0.03388135593,1
3088,2019-05-14,13094,66845,0.03388135593,2
3089,2019-05-14,13094,71097,0.02540677966,2
3090,2019-05-14,75766,57757,0.03050847458,2
3091,2019-05-14,173804,64396,0.01184745763,2
3092,2019-05-14,192311,57837,0.05083050847,2
3093,2019-05-14,199402,56997,0.03811864407,2
3094,2019-05-14,428578,54843,0.01693220339,2
3095,2019-05-14,461296,54469,0.03388135593,2
3096,2019-05-14,541219,71097,0.02540677966,2
3097,2019-05-14,559303,19913,0.03388135593,2
3098,2019-05-14,698380,66446,0.01693220339,2
3099,2019-05-14,750229,23222,0.01523728814,1
3100,2019-05-14,750229,54842,0.01523728814,1
3101,2019-05-14,789983,25059,0.02540677966,2
3102,2019-05-14,856637,66446,0.01693220339,2
3103,2019-05-14,884027,21221,0.03896610169,1
3104,2019-05-14,890049,61390,0.01354237288,2
3105,2019-05-14,1078794,57599,0.03049152542,1
3106,2019-05-14,1166534,46390,0.03388135593,2
3107,2019-05-14,1285033,66528,0.01693220339,1
3108,2019-05-14,1332152,7185,0.02201694915,2
3109,2019-05-14,1332152,40099,0.03388135593,2
3110,2019-05-15,38672,15989,0.03811864407,1
3111,2019-05-15,38672,16004,0.04574576271,1
3112,2019-05-15,307310,30732,0.02201694915,2
3113,2019-05-15,462728,59099,0.05930508475,2
3114,2019-05-15,580776,43954,0.02286440678,1
3115,2019-05-15,680749,20707,0.03388135593,2
3116,2019-05-15,680749,44041,0.01693220339,2
3117,2019-05-15,719280,52221,0.01693220339,1
3118,2019-05-15,728187,62426,0.03049152542,1
3119,2019-05-15,752998,57139,0.02049152542,1
3120,2019-05-15,895447,63128,0.06777966102,2
3121,2019-05-15,929740,66665,0.03,2
3122,2019-05-15,1175049,21457,0.02288135593,1
3123,2019-05-15,1175049,57444,0.01523728814,1
3124,2019-05-15,1332076,22645,0.01693220339,1
3125,2019-05-15,1371181,38135,0.04001694915,2
3126,2019-05-16,44795,62782,0.02010169492,2
3127,2019-05-16,138028,21130,0.0763559322,2
3128,2019-05-16,312458,54843,0.01693220339,2
3129,2019-05-16,338982,51110,0.01354237288,2
3130,2019-05-16,425815,64799,0.00506779661,1
3131,2019-05-16,468445,64809,0.01523728814,1
3132,2019-05-16,484350,57757,0.03086440678,2
3133,2019-05-16,664769,61517,0.03388135593,2
3134,2019-05-16,828684,44874,0.01354237288,2
3135,2019-05-16,856637,51980,0.01693220339,1
3136,2019-05-16,931421,64799,0.006779661017,2
3137,2019-05-16,938340,63980,0.02674576271,2
3138,2019-05-16,955971,50007,0.02710169492,1
3139,2019-05-16,1053380,61539,0.03993220339,1
3140,2019-05-16,1086015,22643,0.01693220339,1
3141,2019-05-16,1149044,55463,0.0203220339,2
3142,2019-05-16,1166754,16304,0.0423559322,2
3143,2019-05-16,1332076,64799,0.007610169492,1
3144,2019-05-17,65172,20707,0.03357627119,2
3145,2019-05-17,75821,48265,0.05083050847,2
3146,2019-05-17,273497,53892,0.03388135593,2
3147,2019-05-17,306549,41863,0.0203220339,2
3148,2019-05-17,369100,54843,0.0146779661,1
3149,2019-05-17,647364,62150,0.06777966102,2
3150,2019-05-17,720381,51980,0.01693220339,1
3151,2019-05-17,771454,67842,0.03388135593,1
3152,2019-05-17,794729,62268,0.01983050847,1
3153,2019-05-17,849742,51112,0.01693220339,2
3154,2019-05-17,890049,72108,0.05083050847,2
3155,2019-05-17,1164228,73783,0.01693220339,2
3156,2019-05-17,1219858,64809,0.01150847458,2
3157,2019-05-18,65172,54276,0.02201694915,1
3158,2019-05-18,184290,60915,0.01523728814,1
3159,2019-05-18,342869,48512,0.008457627119,2
3160,2019-05-18,670970,39137,0.02337288136,2
3161,2019-05-18,680980,73382,0.01693220339,2
3162,2019-05-18,752998,50655,0.03049152542,1
3163,2019-05-18,757461,62942,0.02201694915,2
3164,2019-05-18,767660,64799,0.008457627119,2
3165,2019-05-18,851424,52754,0.05083050847,1
3166,2019-05-18,929057,30299,0.01208474576,1
3167,2019-05-18,929057,41899,0.01354237288,1
3168,2019-05-18,990692,43954,0.02286440678,1
3169,2019-05-18,996082,74023,0.01693220339,2
3170,2019-05-18,1098805,74,0.01354237288,2
3171,2019-05-18,1101350,42918,0.03162711864,2
3172,2019-05-18,1109599,64809,0.01523728814,2
3173,2019-05-18,1313071,47734,0.01015254237,1
3174,2019-05-18,1328548,57332,0.01354237288,2
3175,2019-05-19,41741,53538,0.0423559322,2
3176,2019-05-19,141782,57520,0.08472881356,2
3177,2019-05-19,162738,22645,0.01693220339,1
3178,2019-05-19,342323,21458,0.02288135593,1
3179,2019-05-19,342323,62508,0.02286440678,1
3180,2019-05-19,425029,17672,0.01261016949,1
3181,2019-05-19,489609,52997,0.02540677966,1
3182,2019-05-19,490841,51112,0.01693220339,2
3183,2019-05-19,847153,42406,0.03813559322,1
3184,2019-05-19,857855,8329,0.01693220339,1
3185,2019-05-19,1037914,54843,0.01693220339,1
3186,2019-05-19,1211424,4201,0.0423559322,1
3187,2019-05-19,1354560,66446,0.01693220339,2
3188,2019-05-20,81416,16595,0.02540677966,2
3189,2019-05-20,141782,57520,0.08472881356,2
3190,2019-05-20,322012,55840,0.01693220339,2
3191,2019-05-20,323544,66665,0.03388135593,2
3192,2019-05-20,360443,67052,0.02350847458,2
3193,2019-05-20,428578,2862,0.02540677966,2
3194,2019-05-20,498308,22645,0.01693220339,2
3195,2019-05-20,498308,75121,0.0423559322,2
3196,2019-05-20,610717,74,0.01354237288,1
3197,2019-05-20,638891,73783,0.01693220339,2
3198,2019-05-20,865357,33175,0.05083050847,2
3199,2019-05-20,926971,53892,0.03388135593,2
3200,2019-05-20,959112,69570,0.03320338983,2
3201,2019-05-20,1060548,57757,0.03388135593,2
3202,2019-05-20,1070614,19913,0.03388135593,1
3203,2019-05-20,1258247,44394,0.01693220339,2
3204,2019-05-20,1280302,23817,0.0423559322,2
3205,2019-05-20,1354560,66446,0.01693220339,2
3206,2019-05-21,18392,45334,0.03049152542,2
3207,2019-05-21,44139,64809,0.01693220339,1
3208,2019-05-21,295406,54843,0.01693220339,2
3209,2019-05-21,327117,64799,0.008457627119,2
3210,2019-05-21,683824,64799,0.004220338983,2
3211,2019-05-21,820580,7185,0.02201694915,2
3212,2019-05-21,917807,62508,0.02540677966,2
3213,2019-05-21,1102908,57597,0.03388135593,2
3214,2019-05-21,1308123,54813,0.01693220339,1
3215,2019-05-22,160437,64809,0.01693220339,2
3216,2019-05-22,291356,59162,0.0203220339,2
3217,2019-05-22,468445,74,0.01233898305,1
3218,2019-05-22,468445,64809,0.01544067797,1
3219,2019-05-22,486344,55354,0.08472881356,2
3220,2019-05-22,487659,59533,0.03388135593,2
3221,2019-05-22,491530,657,0.03,1
3222,2019-05-22,616635,72693,0.05930508475,2
3223,2019-05-22,649810,3096,0.04154237288,2
3224,2019-05-22,668446,63980,0.03049152542,2
3225,2019-05-22,974600,73020,0.005915254237,1
3226,2019-05-22,1038948,28968,0.01354237288,1
3227,2019-05-22,1120970,1931,0.0004237288136,1
3228,2019-05-23,335161,77566,0.06777966102,2
3229,2019-05-23,384261,53491,0.01693220339,1
3230,2019-05-23,405122,75526,0.01354237288,2
3231,2019-05-23,416094,54842,0.01693220339,2
3232,2019-05-23,416094,54843,0.01693220339,2
3233,2019-05-23,616635,72693,0.05930508475,2
3234,2019-05-23,649001,61656,0.2525423729,2
3235,2019-05-23,649001,62426,0.03388135593,2
3236,2019-05-23,680905,62236,0.02201694915,2
3237,2019-05-23,735214,62846,0.1677966102,2
3238,2019-05-23,759482,49666,0.02540677966,2
3239,2019-05-23,952964,52129,0.02540677966,2
3240,2019-05-23,1089054,73992,0.05083050847,1
3241,2019-05-23,1160530,55018,0.01222033898,1
3242,2019-05-23,1160530,59539,0.01376271186,1
3243,2019-05-23,1189876,54843,0.01469491525,2
3244,2019-05-23,1202601,24098,0.1118474576,2
3245,2019-05-23,1202601,24105,0.1118474576,2
3246,2019-05-23,1282895,64799,0.008457627119,2
3247,2019-05-23,1341272,55127,0.0423559322,2
3248,2019-05-23,1371012,22643,0.01640677966,1
3249,2019-05-24,126630,22629,0.04854237288,1
3250,2019-05-24,153514,61298,0.06777966102,2
3251,2019-05-24,204029,73382,0.01283050847,2
3252,2019-05-24,209123,53248,0.01777966102,1
3253,2019-05-24,320632,62226,0.03388135593,2
3254,2019-05-24,329595,37109,0.011,1
3255,2019-05-24,502769,52450,0.03388135593,2
3256,2019-05-24,527799,51332,0.06777966102,1
3257,2019-05-24,541752,51332,0.06777966102,2
3258,2019-05-24,614199,67842,0.03388135593,2
3259,2019-05-24,756169,10648,0.01693220339,1
3260,2019-05-24,783409,30655,0.008457627119,1
3261,2019-05-24,846230,60915,0.01661016949,2
3262,2019-05-24,846230,67052,0.02491525424,2
3263,2019-05-24,850385,7185,0.02201694915,1
3264,2019-05-24,931051,75526,0.01354237288,2
3265,2019-05-24,1041839,50394,0.007440677966,1
3266,2019-05-24,1208256,52754,0.05083050847,1
3267,2019-05-24,1231119,73382,0.01625423729,2
3268,2019-05-25,18026,54843,0.01693220339,1
3269,2019-05-25,20438,699,0.008457627119,1
3270,2019-05-25,26452,45834,0.03049152542,2
3271,2019-05-25,88730,54842,0.01693220339,2
3272,2019-05-25,183896,8329,0.01693220339,1
3273,2019-05-25,185841,48512,0.007610169492,2
3274,2019-05-25,193137,59099,0.05930508475,2
3275,2019-05-25,201643,66446,0.01693220339,1
3276,2019-05-25,399626,57757,0.03049152542,1
3277,2019-05-25,400846,57757,0.03250847458,2
3278,2019-05-25,403104,36717,0.001169491525,1
3279,2019-05-25,524488,48256,0.03388135593,1
3280,2019-05-25,589030,4049,0.03388135593,1
3281,2019-05-25,589030,62178,0.03388135593,1
3282,2019-05-25,721643,47565,0.02784745763,1
3283,2019-05-25,823073,68799,0.01693220339,2
3284,2019-05-25,953913,6473,0.01693220339,2
3285,2019-05-25,994776,75526,0.01354237288,1
3286,2019-05-25,1088617,71097,0.02540677966,2
3287,2019-05-25,1320085,72108,0.04576271186,2
3288,2019-05-26,121695,52108,0.02540677966,2
3289,2019-05-26,150274,5329,0.03928813559,2
3290,2019-05-26,273497,47048,0.02540677966,2
3291,2019-05-26,273497,51112,0.01693220339,2
3292,2019-05-26,430260,22645,0.01693220339,1
3293,2019-05-26,453701,30732,0.02201694915,1
3294,2019-05-26,730572,57757,0.03388135593,2
3295,2019-05-26,834310,67859,0.03388135593,2
3296,2019-05-26,935314,59421,0.05083050847,2
3297,2019-05-26,955637,57757,0.03049152542,2
3298,2019-05-26,1135039,2969,0.02303389831,1
3299,2019-05-26,1158061,54843,0.01693220339,1
3300,2019-05-26,1211011,44311,0.01354237288,2
3301,2019-05-26,1225370,73382,0.01693220339,1
3302,2019-05-26,1239021,33684,0.03296610169,2
3303,2019-05-26,1250723,30655,0.005847457627,1
3304,2019-05-26,1265109,53892,0.03388135593,2
3305,2019-05-26,1265109,75526,0.01354237288,2
3306,2019-05-26,1268497,71519,0.05083050847,1
3307,2019-05-26,1305904,66446,0.01693220339,2
3308,2019-05-26,1359535,74,0.01354237288,1
3309,2019-05-27,66967,5230,0.01354237288,1
3310,2019-05-27,135237,45250,0.02201694915,1
3311,2019-05-27,184367,62226,0.03388135593,2
3312,2019-05-27,184367,62228,0.02540677966,2
3313,2019-05-27,184367,63117,0.0423559322,2
3314,2019-05-27,435369,17672,0.01354237288,1
3315,2019-05-27,448788,75526,0.01354237288,2
3316,2019-05-27,468996,73962,0.01354237288,2
3317,2019-05-27,496315,40099,0.03388135593,2
3318,2019-05-27,538277,36312,0.03049152542,2
3319,2019-05-27,668446,68647,0.03388135593,2
3320,2019-05-27,1121437,54843,0.01693220339,2
3321,2019-05-27,1182841,51310,0.03388135593,2
3322,2019-05-28,245661,52108,0.02540677966,2
3323,2019-05-28,265748,58159,0.0423559322,2
3324,2019-05-28,265748,60216,0.05083050847,2
3325,2019-05-28,337868,54842,0.01693220339,2
3326,2019-05-28,337868,73382,0.01693220339,2
3327,2019-05-28,517696,63980,0.03388135593,2
3328,2019-05-28,517696,71097,0.02540677966,2
3329,2019-05-28,595002,66446,0.01523728814,1
3330,2019-05-28,737926,44874,0.01693220339,2
3331,2019-05-28,791522,49308,0.05930508475,2
3332,2019-05-28,825974,66030,0.0423559322,1
3333,2019-05-28,866717,60216,0.05083050847,2
3334,2019-05-28,1012252,51980,0.01693220339,1
3335,2019-05-28,1026936,56997,0.02116949153,1
3336,2019-05-28,1087095,55147,0.05083050847,2
3337,2019-05-28,1110886,63117,0.0423559322,2
3338,2019-05-28,1127401,73168,0.03388135593,2
3339,2019-05-28,1162930,54842,0.01693220339,2
3340,2019-05-28,1203681,54843,0.01693220339,2
3341,2019-05-29,12403,64799,0.006762711864,2
3342,2019-05-29,43752,39388,0.01850847458,2
3343,2019-05-29,43752,75526,0.01345762712,2
3344,2019-05-29,49426,74,0.01354237288,2
3345,2019-05-29,156773,16004,0.05083050847,1
3346,2019-05-29,175290,61000,0.008457627119,2
3347,2019-05-29,189744,54843,0.01693220339,1
3348,2019-05-29,202259,54843,0.01693220339,2
3349,2019-05-29,358673,54843,0.01579661017,1
3350,2019-05-29,591134,65449,0.02540677966,2
3351,2019-05-29,591134,67052,0.02540677966,2
3352,2019-05-29,693390,75526,0.01354237288,2
3353,2019-05-29,806828,53484,0.05083050847,2
3354,2019-05-29,880869,30934,0.01693220339,1
3355,2019-05-29,952964,65449,0.0203220339,2
3356,2019-05-29,1010941,22465,0.01354237288,2
3357,2019-05-29,1136491,54834,0.02540677966,1
3358,2019-05-29,1142325,23222,0.008457627119,1
3359,2019-05-29,1218025,60127,0.02540677966,2
3360,2019-05-29,1247145,38154,0.01693220339,2
3361,2019-05-30,2458,54883,0.01693220339,1
3362,2019-05-30,49776,14812,0.02540677966,1
3363,2019-05-30,262586,28968,0.01354237288,1
3364,2019-05-30,312948,66446,0.01693220339,1
3365,2019-05-30,335125,43089,0.05930508475,2
3366,2019-05-30,461231,67818,0.0423559322,2
3367,2019-05-30,494067,73962,0.01354237288,2
3368,2019-05-30,1115193,52108,0.02540677966,2
3369,2019-05-30,1115193,60915,0.01693220339,2
3370,2019-05-30,1165076,64860,0.02540677966,2
3371,2019-05-30,1340444,53892,0.03388135593,1
3372,2019-05-30,1351106,67052,0.02540677966,2
3373,2019-05-31,18849,62393,0.01693220339,1
3374,2019-05-31,39495,61848,0.04574576271,1
3375,2019-05-31,180202,75398,0.01015254237,2
3376,2019-05-31,184278,75014,0.02540677966,1
3377,2019-05-31,300063,61365,0.01603389831,2
3378,2019-05-31,344062,30516,0.01084745763,2
3379,2019-05-31,486238,22645,0.01693220339,2
3380,2019-05-31,533672,30934,0.01693220339,1
3381,2019-05-31,600273,57484,0.01693220339,1
3382,2019-05-31,612506,22645,0.01572881356,1
3383,2019-05-31,635492,74,0.01218644068,1
3384,2019-05-31,765356,2862,0.01779661017,2
3385,2019-05-31,778449,26096,0.01523728814,2
3386,2019-05-31,800234,32142,0.02710169492,1
3387,2019-05-31,1025309,5965,0.02540677966,1
3388,2019-05-31,1085739,66528,0.01693220339,1
3389,2019-05-31,1095564,67052,0.02540677966,2
3390,2019-05-31,1102657,30655,0.008457627119,1
3391,2019-05-31,1102657,44779,0.02540677966,1
3392,2019-05-31,1144329,74,0.01291525424,1
3393,2019-05-31,1144329,60191,0.03230508475,1
3394,2019-05-31,1250723,55018,0.01303389831,1
3395,2019-05-31,1281892,43954,0.02540677966,1
3396,2019-05-31,1284706,17224,0.01354237288,1
3397,2019-06-01,43691,13715,0.02540677966,2
3398,2019-06-01,65172,2213,0.05930508475,2
3399,2019-06-01,96518,56999,0.0423559322,2
3400,2019-06-01,175442,54842,0.01693220339,1
3401,2019-06-01,175442,66030,0.0423559322,1
3402,2019-06-01,194638,64809,0.01438983051,1
3403,2019-06-01,399423,75526,0.01354237288,2
3404,2019-06-01,413896,61298,0.06777966102,1
3405,2019-06-01,460838,22704,0.03388135593,2
3406,2019-06-01,540665,45834,0.02286440678,1
3407,2019-06-01,583805,55777,0.01118644068,1
3408,2019-06-01,624788,36394,0.03559322034,2
3409,2019-06-01,631596,43877,0.02201694915,1
3410,2019-06-01,641526,70024,0.01693220339,2
3411,2019-06-01,648475,56999,0.04003389831,1
3412,2019-06-01,696491,33175,0.05083050847,1
3413,2019-06-01,735902,37786,0.01272881356,1
3414,2019-06-01,769064,54843,0.01693220339,2
3415,2019-06-01,815956,53892,0.03388135593,2
3416,2019-06-01,826080,58871,0.03388135593,1
3417,2019-06-01,827750,61509,0.03388135593,2
3418,2019-06-01,838204,60345,0.007610169492,1
3419,2019-06-01,1017726,62137,0.04574576271,1
3420,2019-06-01,1037609,42406,0.0336440678,2
3421,2019-06-01,1037609,46518,0.0336440678,2
3422,2019-06-01,1067614,70153,0.03388135593,2
3423,2019-06-01,1105343,52150,0.008457627119,2
3424,2019-06-01,1106505,67324,0.02540677966,2
3425,2019-06-01,1148643,51499,0.03049152542,2
3426,2019-06-01,1171976,77003,0.03388135593,2
3427,2019-06-01,1175049,21458,0.02540677966,1
3428,2019-06-01,1305342,60915,0.01523728814,1
3429,2019-06-01,1367847,44041,0.01693220339,2
3430,2019-06-02,44157,60707,0.04745762712,2
3431,2019-06-02,66669,54834,0.02540677966,2
3432,2019-06-02,108954,13715,0.02540677966,1
3433,2019-06-02,113015,30732,0.02150847458,2
3434,2019-06-02,185226,37237,0.03049152542,2
3435,2019-06-02,201687,63117,0.0423559322,2
3436,2019-06-02,395201,67859,0.03388135593,2
3437,2019-06-02,511937,75121,0.03811864407,2
3438,2019-06-02,528134,75014,0.02540677966,2
3439,2019-06-02,624788,36394,0.05083050847,2
3440,2019-06-02,694985,60493,0.008457627119,2
3441,2019-06-02,734250,2303,0.0423559322,2
3442,2019-06-02,908965,75526,0.01345762712,2
3443,2019-06-02,933542,60216,0.04811864407,2
3444,2019-06-02,978486,69586,0.05930508475,2
3445,2019-06-02,1053380,55777,0.01354237288,2
3446,2019-06-02,1089010,26347,0.009305084746,1
3447,2019-06-02,1165076,50617,0.01693220339,2
3448,2019-06-02,1172868,75526,0.01354237288,2
3449,2019-06-02,1218973,33175,0.05083050847,2
3450,2019-06-02,1265109,75526,0.01354237288,2
3451,2019-06-02,1349234,7185,0.01981355932,2
3452,2019-06-03,202031,62268,0.0423559322,2
3453,2019-06-03,366677,53892,0.03388135593,2
3454,2019-06-03,483816,66446,0.01693220339,2
3455,2019-06-03,483816,73382,0.01693220339,2
3456,2019-06-03,518732,67052,0.02540677966,2
3457,2019-06-03,583805,55777,0.01354237288,1
3458,2019-06-03,593578,57977,0.008457627119,1
3459,2019-06-03,658081,50617,0.01693220339,2
3460,2019-06-03,721643,54203,0.05083050847,1
3461,2019-06-03,721643,59099,0.0296440678,1
3462,2019-06-03,778449,66446,0.01693220339,2
3463,2019-06-03,832881,70479,0.0423559322,2
3464,2019-06-03,943600,30732,0.01869491525,2
3465,2019-06-03,985153,31504,0.01422033898,2
3466,2019-06-03,988090,63117,0.0423559322,2
3467,2019-06-03,1031589,34700,0.04177966102,2
3468,2019-06-03,1031589,64267,0.01669491525,2
3469,2019-06-03,1220478,67052,0.02540677966,2
3470,2019-06-03,1317460,57757,0.03388135593,2
3471,2019-06-04,72002,57911,0.008593220339,2
3472,2019-06-04,72279,2138,0.03388135593,1
3473,2019-06-04,231520,51980,0.01693220339,2
3474,2019-06-04,277152,75526,0.01354237288,2
3475,2019-06-04,298330,67859,0.03249152542,2
3476,2019-06-04,310883,22399,0.01693220339,1
3477,2019-06-04,371859,79240,0.0423559322,2
3478,2019-06-04,387239,57757,0.03388135593,2
3479,2019-06-04,387239,67052,0.02540677966,2
3480,2019-06-04,460838,18911,0.02540677966,2
3481,2019-06-04,460838,68799,0.01693220339,2
3482,2019-06-04,522541,6148,0.01218644068,2
3483,2019-06-04,522541,74175,0.01218644068,2
3484,2019-06-04,641526,43839,0.008457627119,1
3485,2019-06-04,811624,60203,0.0423559322,2
3486,2019-06-04,866012,65561,0.02540677966,2
3487,2019-06-04,1022410,50007,0.03388135593,2
3488,2019-06-04,1040288,70186,0.05083050847,2
3489,2019-06-04,1048682,60915,0.01693220339,2
3490,2019-06-04,1080503,59543,0.0423559322,2
3491,2019-06-04,1191874,13715,0.02540677966,2
3492,2019-06-04,1191874,15249,0.01693220339,2
3493,2019-06-04,1203681,54842,0.01693220339,2
3494,2019-06-04,1324527,54834,0.02540677966,1
3495,2019-06-04,1332796,18770,0.05145762712,2
3496,2019-06-04,1336465,21457,0.02540677966,2
3497,2019-06-05,68005,14234,0.01015254237,1
3498,2019-06-05,175442,28968,0.01345762712,2
3499,2019-06-05,236398,51980,0.01693220339,2
3500,2019-06-05,408576,55840,0.01693220339,2
3501,2019-06-05,538153,67859,0.03388135593,2
3502,2019-06-05,669582,21350,0.04744067797,1
3503,2019-06-05,878306,19913,0.06777966102,1
3504,2019-06-05,1095965,70225,0.004423728814,2
3505,2019-06-05,1140911,57757,0.03388135593,2
3506,2019-06-05,1326977,54883,0.01693220339,2
3507,2019-06-05,1333475,28972,0.01025423729,2
3508,2019-06-06,147048,73992,0.04574576271,1
3509,2019-06-06,228925,62508,0.02540677966,2
3510,2019-06-06,228925,65449,0.02540677966,2
3511,2019-06-06,228925,66446,0.01693220339,2
3512,2019-06-06,291284,67859,0.03388135593,2
3513,2019-06-06,362918,7185,0.02047457627,1
3514,2019-06-06,745630,58904,0.01354237288,2
3515,2019-06-06,809792,52108,0.02272881356,1
3516,2019-06-06,1006230,33684,0.03049152542,2
3517,2019-06-06,1024929,23222,0.01693220339,1
3518,2019-06-06,1031728,53892,0.03388135593,1
3519,2019-06-06,1338830,3929,0.02540677966,1
3520,2019-06-07,121865,62178,0.03388135593,1
3521,2019-06-07,214052,54475,0.05083050847,2
3522,2019-06-07,214052,67859,0.03388135593,2
3523,2019-06-07,360752,65410,0.0423559322,1
3524,2019-06-07,472181,57111,0.03388135593,2
3525,2019-06-07,688474,51499,0.02744067797,2
3526,2019-06-07,879290,14365,0.02427118644,2
3527,2019-06-07,928049,16304,0.0423559322,1
3528,2019-06-07,929563,62345,0.008457627119,1
3529,2019-06-07,978486,69586,0.05930508475,2
3530,2019-06-07,1332796,18770,0.05422033898,2
3531,2019-06-08,123983,33684,0.03388135593,2
3532,2019-06-08,204133,5369,0.01693220339,2
3533,2019-06-08,231434,67052,0.02408474576,2
3534,2019-06-08,329391,7868,0.03049152542,2
3535,2019-06-08,329391,38536,0.03049152542,2
3536,2019-06-08,369369,41794,0.03388135593,2
3537,2019-06-08,410896,54842,0.01554237288,2
3538,2019-06-08,645652,66446,0.01649152542,2
3539,2019-06-08,867045,62345,0.007542372881,1
3540,2019-06-08,875264,57139,0.02201694915,1
3541,2019-06-08,958104,67052,0.02540677966,2
3542,2019-06-08,1150044,55777,0.01354237288,1
3543,2019-06-08,1300649,55648,0.01354237288,1
3544,2019-06-09,286039,33175,0.05083050847,2
3545,2019-06-09,357317,22645,0.0156440678,2
3546,2019-06-09,474205,64809,0.01693220339,2
3547,2019-06-09,824259,66665,0.03388135593,2
3548,2019-06-09,1131768,34700,0.0423559322,2
3549,2019-06-09,1326977,28972,0.01354237288,2
3550,2019-06-09,1326977,53892,0.03388135593,2
3551,2019-06-10,101327,58512,0.003033898305,1
3552,2019-06-10,133804,30733,0.02201694915,2
3553,2019-06-10,364542,54883,0.01693220339,2
3554,2019-06-10,647906,17672,0.01354237288,1
3555,2019-06-10,664818,21350,0.04496610169,2
3556,2019-06-10,689610,53892,0.03388135593,1
3557,2019-06-10,862583,2274,0.02438983051,2
3558,2019-06-10,953913,50617,0.01693220339,2
3559,2019-06-10,1129801,55840,0.01693220339,2
3560,2019-06-10,1188921,18249,0.06777966102,2
3561,2019-06-11,135757,53330,0.03388135593,2
3562,2019-06-11,215057,57065,0.02371186441,1
3563,2019-06-11,312291,21458,0.02540677966,2
3564,2019-06-11,433241,67052,0.02540677966,2
3565,2019-06-11,504944,33684,0.03388135593,2
3566,2019-06-11,599114,19012,0.05083050847,2
3567,2019-06-11,793313,59424,0.009627118644,2
3568,2019-06-11,939626,45834,0.03049152542,2
3569,2019-06-11,975357,51110,0.01693220339,2
3570,2019-06-11,1137554,67859,0.03388135593,2
3571,2019-06-11,1145966,54843,0.01550847458,2
3572,2019-06-11,1340444,67859,0.02845762712,2
3573,2019-06-11,1358758,53892,0.03130508475,2
3574,2019-06-12,237073,64809,0.01693220339,1
3575,2019-06-12,323275,24469,0.05930508475,2
3576,2019-06-12,609612,909,0.05083050847,2
3577,2019-06-12,750744,65449,0.02540677966,2
3578,2019-06-12,777130,68799,0.01693220339,2
3579,2019-06-12,875264,72693,0.05930508475,2
3580,2019-06-12,913409,1311,0.01362711864,1
3581,2019-06-12,913409,8684,0.0006779661017,1
3582,2019-06-12,913409,55777,0.01089830508,1
3583,2019-06-12,965460,51980,0.01693220339,2
3584,2019-06-12,965460,59746,0.02540677966,2
3585,2019-06-12,1004731,45834,0.02744067797,2
3586,2019-06-12,1244972,48413,0.03388135593,2
3587,2019-06-12,1245388,2862,0.02540677966,2
3588,2019-06-12,1245388,60216,0.05083050847,2
3589,2019-06-12,1332152,2303,0.03388135593,2
3590,2019-06-13,56883,45834,0.03049152542,1
3591,2019-06-13,68005,70024,0.0146779661,2
3592,2019-06-13,228925,66446,0.01693220339,2
3593,2019-06-13,356499,62426,0.03388135593,2
3594,2019-06-13,356499,63117,0.0423559322,2
3595,2019-06-13,367953,69767,0.0423559322,1
3596,2019-06-13,473914,48413,0.03388135593,1
3597,2019-06-13,527799,64267,0.01354237288,1
3598,2019-06-13,611789,69767,0.0423559322,1
3599,2019-06-13,644505,51672,0.0423559322,2
3600,2019-06-13,789317,657,0.03388135593,1
3601,2019-06-13,791874,54469,0.03261016949,2
3602,2019-06-13,836654,69767,0.0423559322,2
3603,2019-06-13,874899,69767,0.0423559322,2
3604,2019-06-13,917807,69767,0.0423559322,2
3605,2019-06-13,929105,45797,0.02540677966,2
3606,2019-06-13,929105,79432,0.01693220339,2
3607,2019-06-13,953913,50617,0.01693220339,2
3608,2019-06-13,979717,75014,0.02540677966,2
3609,2019-06-13,1016724,657,0.03388135593,1
3610,2019-06-13,1028617,13189,0.05083050847,1
3611,2019-06-13,1057009,47547,0.02201694915,2
3612,2019-06-13,1101931,79949,0.04744067797,2
3613,2019-06-13,1188921,57757,0.03388135593,1
3614,2019-06-13,1288299,18123,0.05083050847,2
3615,2019-06-13,1319422,55777,0.01296610169,1
3616,2019-06-13,1320363,57757,0.03049152542,1
3617,2019-06-13,1350232,65782,0.03388135593,1
3618,2019-06-14,208344,13378,0.02540677966,1
3619,2019-06-14,286039,29685,0.008457627119,1
3620,2019-06-14,318735,33741,0.01862711864,2
3621,2019-06-14,330875,22643,0.01693220339,1
3622,2019-06-14,455342,61365,0.01693220339,1
3623,2019-06-14,755725,47730,0.02540677966,1
3624,2019-06-14,783097,45113,0.03388135593,1
3625,2019-06-14,800705,64267,0.01693220339,1
3626,2019-06-14,827831,2303,0.03388135593,2
3627,2019-06-14,982869,38954,0.01354237288,2
3628,2019-06-14,1199402,63494,0.03049152542,1
3629,2019-06-14,1245388,2862,0.02540677966,2
3630,2019-06-15,51100,44874,0.01693220339,2
3631,2019-06-15,119882,4013,0.01693220339,1
3632,2019-06-15,331538,50447,0.0423559322,2
3633,2019-06-15,364011,69767,0.0423559322,1
3634,2019-06-15,510231,54469,0.03388135593,1
3635,2019-06-15,518991,68799,0.01693220339,2
3636,2019-06-15,544474,66446,0.01693220339,2
3637,2019-06-15,830050,62161,0.05252542373,1
3638,2019-06-15,965460,59746,0.02540677966,2
3639,2019-06-15,1252952,21457,0.02540677966,2
3640,2019-06-15,1252952,28968,0.01354237288,2
3641,2019-06-16,155851,65204,0.03176271186,2
3642,2019-06-16,286612,53892,0.03388135593,2
3643,2019-06-16,489609,33684,0.03388135593,2
3644,2019-06-16,826080,57757,0.03388135593,1
3645,2019-06-16,826680,68540,0.02125423729,2
3646,2019-06-16,929057,26303,0.01693220339,1
3647,2019-06-16,1082423,57757,0.0326440678,1
3648,2019-06-16,1111959,74,0.01298305085,1
3649,2019-06-16,1111959,53491,0.01622033898,1
3650,2019-06-16,1111959,58512,0.003237288136,1
3651,2019-06-16,1265404,68540,0.02052542373,2
3652,2019-06-17,109995,45797,0.02540677966,2
3653,2019-06-17,109995,47300,0.01693220339,2
3654,2019-06-17,182234,19575,0.01693220339,1
3655,2019-06-17,334794,30655,0.008457627119,1
3656,2019-06-17,452820,909,0.05083050847,2
3657,2019-06-17,464486,61365,0.01693220339,2
3658,2019-06-17,842122,6148,0.01015254237,2
3659,2019-06-17,958883,53330,0.01693220339,1
3660,2019-06-17,1012026,23790,0.02201694915,2
3661,2019-06-17,1261051,35656,0.02540677966,2
3662,2019-06-17,1261051,53538,0.0423559322,2
3663,2019-06-17,1261051,60127,0.02540677966,2
3664,2019-06-17,1261051,63469,0.02201694915,2
3665,2019-06-17,1305943,51112,0.01693220339,2
3666,2019-06-18,34627,30733,0.01523728814,1
3667,2019-06-18,34627,62508,0.01693220339,1
3668,2019-06-18,44795,63128,0.06213559322,2
3669,2019-06-18,183003,61000,0.008457627119,2
3670,2019-06-18,204133,56546,0.01589830508,1
3671,2019-06-18,300794,73911,0.01354237288,2
3672,2019-06-18,477887,51310,0.03388135593,2
3673,2019-06-18,702056,61298,0.06777966102,2
3674,2019-06-18,728720,73962,0.01354237288,2
3675,2019-06-18,774236,48705,0.02949152542,1
3676,2019-06-18,777130,68799,0.01693220339,2
3677,2019-06-18,796778,63003,0.05083050847,2
3678,2019-06-18,896496,50492,0.02540677966,2
3679,2019-06-18,1049734,54469,0.02201694915,1
3680,2019-06-19,72002,36575,0.01286440678,2
3681,2019-06-19,165332,73457,0.04852542373,2
3682,2019-06-19,171334,54813,0.01693220339,2
3683,2019-06-19,220011,69509,0.03388135593,2
3684,2019-06-19,338982,53892,0.03388135593,2
3685,2019-06-19,378909,74202,0.03388135593,2
3686,2019-06-19,391645,54475,0.01862711864,1
3687,2019-06-19,408839,67842,0.01925423729,2
3688,2019-06-19,418255,61517,0.02201694915,1
3689,2019-06-19,427397,11674,0.02606779661,2
3690,2019-06-19,427397,37788,0.04345762712,2
3691,2019-06-19,496315,53892,0.03388135593,2
3692,2019-06-19,499121,6473,0.009016949153,2
3693,2019-06-19,509264,16502,0.01305084746,2
3694,2019-06-19,533631,59490,0.04574576271,2
3695,2019-06-19,792722,73536,0.06777966102,2
3696,2019-06-19,801580,39738,0.08472881356,2
3697,2019-06-19,902510,2274,0.02710169492,2
3698,2019-06-19,920710,13098,0.02616949153,2
3699,2019-06-19,938340,22704,0.01883050847,2
3700,2019-06-19,959295,55777,0.01354237288,2
3701,2019-06-19,1119900,41201,0.01693220339,2
3702,2019-06-19,1125057,60127,0.02540677966,1
3703,2019-06-19,1193964,75014,0.02455932203,2
3704,2019-06-19,1257310,59099,0.05930508475,2
3705,2019-06-19,1268497,50617,0.006084745763,1
3706,2019-06-19,1288696,70961,0.061,1
3707,2019-06-19,1302832,50617,0.006423728814,1
3708,2019-06-19,1303770,60216,0.05083050847,2
3709,2019-06-20,92041,71398,0.02896610169,2
3710,2019-06-20,135237,57597,0.01769491525,1
3711,2019-06-20,155597,18123,0.03049152542,2
3712,2019-06-20,288838,55777,0.01354237288,2
3713,2019-06-20,304028,62031,0.02455932203,2
3714,2019-06-20,304028,74202,0.03276271186,2
3715,2019-06-20,336145,74446,0.02091525424,1
3716,2019-06-20,394409,34969,0.02605084746,2
3717,2019-06-20,394409,67842,0.01881355932,2
3718,2019-06-20,395935,68412,0.1487118644,2
3719,2019-06-20,405233,65204,0.03388135593,2
3720,2019-06-20,431970,50655,0.01862711864,1
3721,2019-06-20,452727,64809,0.01693220339,2
3722,2019-06-20,461150,496,0.0203220339,2
3723,2019-06-20,493743,68549,0.02286440678,1
3724,2019-06-20,493743,70653,0.01218644068,1
3725,2019-06-20,533631,16622,0.01125423729,2
3726,2019-06-20,541151,4222,0.01066101695,2
3727,2019-06-20,541151,18911,0.01371186441,2
3728,2019-06-20,594179,66030,0.0423559322,2
3729,2019-06-20,610558,71834,0.008457627119,2
3730,2019-06-20,626101,68913,0.03379661017,1
3731,2019-06-20,663700,45133,0.01693220339,1
3732,2019-06-20,669277,63525,0.03379661017,1
3733,2019-06-20,680749,67052,0.02455932203,2
3734,2019-06-20,724659,60915,0.01693220339,1
3735,2019-06-20,792722,49290,0.02201694915,2
3736,2019-06-20,886086,59870,0.02201694915,2
3737,2019-06-20,886086,67596,0.01693220339,2
3738,2019-06-20,919892,67842,0.02201694915,2
3739,2019-06-20,925161,50330,0.01693220339,1
3740,2019-06-20,925161,55593,0.01354237288,1
3741,2019-06-20,968235,54469,0.02201694915,2
3742,2019-06-20,985826,55777,0.01161016949,1
3743,2019-06-20,1012252,28968,0.01286440678,1
3744,2019-06-20,1059327,71834,0.008457627119,2
3745,2019-06-20,1109599,2278,0.01447457627,2
3746,2019-06-20,1109599,19012,0.02606779661,2
3747,2019-06-20,1180340,18456,0.02201694915,2
3748,2019-06-20,1180340,53248,0.02540677966,2
3749,2019-06-20,1190524,2278,0.01447457627,2
3750,2019-06-20,1190524,57597,0.01883050847,2
3751,2019-06-20,1237185,43423,0.006423728814,2
3752,2019-06-20,1264643,25878,0.01101694915,2
3753,2019-06-20,1264643,59746,0.02484745763,2
3754,2019-06-20,1296542,22643,0.01652542373,2
3755,2019-06-20,1296542,60915,0.01652542373,2
3756,2019-06-21,41741,22704,0.02201694915,2
3757,2019-06-21,171955,57597,0.01489830508,1
3758,2019-06-21,338433,60843,0.01693220339,2
3759,2019-06-21,409002,40967,0.05083050847,2
3760,2019-06-21,465999,67842,0.01976271186,2
3761,2019-06-21,503849,60915,0.01693220339,1
3762,2019-06-21,510305,54469,0.02201694915,1
3763,2019-06-21,532129,52108,0.02384745763,1
3764,2019-06-21,563093,55648,0.005406779661,1
3765,2019-06-21,574128,75526,0.01254237288,1
3766,2019-06-21,799910,68799,0.01693220339,2
3767,2019-06-21,826162,33175,0.05083050847,2
3768,2019-06-21,946691,57977,0.008457627119,2
3769,2019-06-21,951596,62508,0.01693220339,1
3770,2019-06-21,975461,25802,0.01693220339,1
3771,2019-06-21,1067038,28430,0.01633898305,1
3772,2019-06-21,1249368,65889,0.03388135593,2
3773,2019-06-21,1318986,47730,0.02540677966,1
3774,2019-06-21,1318986,65782,0.03388135593,2
3775,2019-06-22,1678,33992,0.01693220339,2
3776,2019-06-22,1678,59940,0.08472881356,2
3777,2019-06-22,78900,18123,0.03049152542,2
3778,2019-06-22,330298,78178,0.008457627119,2
3779,2019-06-22,333499,30732,0.02133898305,2
3780,2019-06-22,342869,54843,0.01693220339,2
3781,2019-06-22,342869,65204,0.03388135593,2
3782,2019-06-22,347444,72108,0.05008474576,2
3783,2019-06-22,371565,45572,0.008033898305,1
3784,2019-06-22,381463,56924,0.1186271186,2
3785,2019-06-22,382039,13715,0.01955932203,1
3786,2019-06-22,382039,15249,0.01303389831,1
3787,2019-06-22,445824,60915,0.01693220339,1
3788,2019-06-22,468258,22643,0.01693220339,2
3789,2019-06-22,539810,73992,0.05083050847,1
3790,2019-06-22,559303,75526,0.01354237288,1
3791,2019-06-22,601557,73992,0.04793220339,1
3792,2019-06-22,612506,71202,0.06530508475,1
3793,2019-06-22,647457,55400,0.01642372881,1
3794,2019-06-22,693812,64530,0.01371186441,1
3795,2019-06-22,712884,73783,0.01693220339,2
3796,2019-06-22,737630,2278,0.01523728814,2
3797,2019-06-22,762201,61000,0.008457627119,2
3798,2019-06-22,766330,16304,0.0423559322,1
3799,2019-06-22,905752,72495,0.008084745763,2
3800,2019-06-22,969623,13737,0.02540677966,2
3801,2019-06-22,998674,23222,0.01015254237,2
3802,2019-06-22,1047313,31504,0.01693220339,1
3803,2019-06-22,1064396,30655,0.008457627119,1
3804,2019-06-22,1101350,53491,0.01693220339,1
3805,2019-06-22,1133902,71834,0.008254237288,2
3806,2019-06-22,1176872,35656,0.01447457627,2
3807,2019-06-22,1303252,68236,0.02201694915,1
3808,2019-06-22,1318986,66030,0.0423559322,1
3809,2019-06-23,86865,63980,0.03388135593,2
3810,2019-06-23,136083,13737,0.02540677966,2
3811,2019-06-23,205772,64267,0.01666101695,2
3812,2019-06-23,222314,30655,0.008457627119,1
3813,2019-06-23,230699,62178,0.03388135593,1
3814,2019-06-23,256407,79902,0.01693220339,2
3815,2019-06-23,293037,51603,0.02574576271,2
3816,2019-06-23,293037,67842,0.02091525424,2
3817,2019-06-23,304028,78049,0.01693220339,2
3818,2019-06-23,366505,13737,0.02540677966,2
3819,2019-06-23,451719,55026,0.06777966102,2
3820,2019-06-23,510231,71825,0.02540677966,1
3821,2019-06-23,533672,2862,0.02540677966,2
3822,2019-06-23,661956,4049,0.03388135593,1
3823,2019-06-23,703354,22643,0.01693220339,2
3824,2019-06-23,753371,34700,0.0423559322,2
3825,2019-06-23,876328,54883,0.01693220339,2
3826,2019-06-23,895447,33804,0.05083050847,2
3827,2019-06-23,918533,58512,0.003033898305,2
3828,2019-06-23,929110,30732,0.02201694915,1
3829,2019-06-23,937559,61000,0.008457627119,2
3830,2019-06-23,1011330,64809,0.01693220339,2
3831,2019-06-23,1050772,32490,0.03049152542,2
3832,2019-06-23,1110649,64267,0.01693220339,2
3833,2019-06-23,1116657,54486,0.009644067797,2
3834,2019-06-23,1176872,56862,0.00506779661,2
3835,2019-06-23,1218973,60437,0.03388135593,2
3836,2019-06-23,1230565,25878,0.01113559322,2
3837,2019-06-23,1288929,71834,0.008457627119,2
3838,2019-06-23,1303252,71834,0.008457627119,2
3839,2019-06-24,1678,34700,0.0423559322,2
3840,2019-06-24,38672,2303,0.0423559322,2
3841,2019-06-24,38672,34700,0.0423559322,2
3842,2019-06-24,51429,30732,0.02077966102,1
3843,2019-06-24,51429,33175,0.05083050847,1
3844,2019-06-24,59279,66452,0.02201694915,2
3845,2019-06-24,92772,64809,0.01616949153,2
3846,2019-06-24,122400,62508,0.01608474576,1
3847,2019-06-24,153326,13737,0.02540677966,2
3848,2019-06-24,154053,34697,0.04842372881,2
3849,2019-06-24,398173,64860,0.02540677966,2
3850,2019-06-24,438756,24107,0.06084745763,2
3851,2019-06-24,438756,56742,0.04345762712,2
3852,2019-06-24,571615,62031,0.02540677966,2
3853,2019-06-24,586005,43839,0.008457627119,1
3854,2019-06-24,703132,67052,0.02540677966,2
3855,2019-06-24,767179,64530,0.02540677966,2
3856,2019-06-24,851424,23222,0.01693220339,1
3857,2019-06-24,922340,59316,0.01398305085,2
3858,2019-06-24,1088066,75275,0.0423559322,2
3859,2019-06-24,1165076,50330,0.01693220339,2
3860,2019-06-24,1231263,23222,0.01693220339,1
3861,2019-06-24,1242037,64267,0.01693220339,2
3862,2019-06-24,1370282,65204,0.03049152542,2
3863,2019-06-25,10061,21458,0.02540677966,1
3864,2019-06-25,134598,22643,0.01613559322,2
3865,2019-06-25,156680,22643,0.01693220339,2
3866,2019-06-25,242231,23222,0.01693220339,1
3867,2019-06-25,244088,18249,0.06577966102,2
3868,2019-06-25,313925,71202,0.06777966102,2
3869,2019-06-25,371859,61000,0.008457627119,2
3870,2019-06-25,394409,79432,0.01693220339,1
3871,2019-06-25,397855,28968,0.01161016949,1
3872,2019-06-25,405498,13882,0.01184745763,2
3873,2019-06-25,410704,23222,0.01693220339,1
3874,2019-06-25,586692,34700,0.03896610169,2
3875,2019-06-25,594179,66030,0.0423559322,2
3876,2019-06-25,611021,64530,0.02540677966,2
3877,2019-06-25,669277,68621,0.02201694915,2
3878,2019-06-25,748048,55777,0.01354237288,1
3879,2019-06-25,757426,23222,0.01557627119,1
3880,2019-06-25,856575,58512,0.00293220339,2
3881,2019-06-25,856575,73382,0.01474576271,2
3882,2019-06-25,856575,75170,0.008830508475,2
3883,2019-06-25,890049,2862,0.02540677966,2
3884,2019-06-25,893242,55573,0.02201694915,2
3885,2019-06-25,1020617,53330,0.01693220339,1
3886,2019-06-25,1175049,63117,0.03962711864,1
3887,2019-06-25,1186274,25802,0.01693220339,1
3888,2019-06-25,1273510,54469,0.02201694915,2
3889,2019-06-25,1292853,54475,0.05083050847,2
3890,2019-06-25,1292853,67052,0.02540677966,2
3891,2019-06-25,1357098,61000,0.008457627119,1
3892,2019-06-26,1582,52754,0.02710169492,1
3893,2019-06-26,46805,55593,0.01328813559,2
3894,2019-06-26,75418,16848,0.02438983051,2
3895,2019-06-26,75418,47966,0.01066101695,2
3896,2019-06-26,75418,75526,0.01218644068,2
3897,2019-06-26,166633,68647,0.01218644068,2
3898,2019-06-26,309502,53491,0.01693220339,2
3899,2019-06-26,336590,64267,0.01693220339,2
3900,2019-06-26,437071,66446,0.01693220339,2
3901,2019-06-26,446748,28972,0.01354237288,2
3902,2019-06-26,446748,73658,0.02540677966,2
3903,2019-06-26,529579,67052,0.02286440678,2
3904,2019-06-26,582883,45834,0.03049152542,2
3905,2019-06-26,582883,73658,0.02540677966,2
3906,2019-06-26,609370,59533,0.03388135593,2
3907,2019-06-26,648093,39137,0.006762711864,1
3908,2019-06-26,679516,73992,0.04574576271,1
3909,2019-06-26,753371,64267,0.01523728814,2
3910,2019-06-26,800234,53892,0.03316949153,2
3911,2019-06-26,1050696,13715,0.02540677966,1
3912,2019-06-26,1068196,63117,0.03550847458,2
3913,2019-06-26,1092600,2278,0.02540677966,2
3914,2019-06-26,1149275,32172,0.01337288136,1
3915,2019-06-26,1149275,32213,0.005338983051,1
3916,2019-06-26,1149275,67302,0.02116949153,1
3917,2019-06-26,1176790,25878,0.01184745763,2
3918,2019-06-26,1176872,57935,0.01218644068,2
3919,2019-06-26,1176872,78049,0.00913559322,2
3920,2019-06-26,1186274,22465,0.01354237288,1
3921,2019-06-26,1196344,54276,0.01523728814,1
3922,2019-06-26,1245360,55189,0.02710169492,1
3923,2019-06-26,1313188,64809,0.01693220339,1
3924,2019-06-27,101467,66528,0.01693220339,1
3925,2019-06-27,160425,69767,0.0423559322,2
3926,2019-06-27,265184,66030,0.03049152542,2
3927,2019-06-27,414751,52108,0.02286440678,2
3928,2019-06-27,414751,58512,0.003033898305,2
3929,2019-06-27,456224,54372,0.04744067797,2
3930,2019-06-27,539029,17224,0.006762711864,2
3931,2019-06-27,539029,53248,0.02540677966,2
3932,2019-06-27,737926,6708,0.03049152542,2
3933,2019-06-27,772625,18250,0.03049152542,2
3934,2019-06-27,788201,73992,0.05083050847,2
3935,2019-06-27,846230,25802,0.01623728814,1
3936,2019-06-27,862583,5731,0.01354237288,2
3937,2019-06-27,892242,50492,0.01184745763,2
3938,2019-06-27,1123073,15989,0.04057627119,1
3939,2019-06-27,1153891,73382,0.01606779661,1
3940,2019-06-27,1162963,30732,0.02201694915,1
3941,2019-06-27,1314645,59534,0.03388135593,2
3942,2019-06-27,1316281,64267,0.01422033898,1
3943,2019-06-27,1325763,61365,0.01693220339,2
3944,2019-06-27,1341682,70653,0.01354237288,1
3945,2019-06-28,1678,28972,0.01354237288,1
3946,2019-06-28,53526,67842,0.02710169492,1
3947,2019-06-28,72002,47966,0.01184745763,1
3948,2019-06-28,291565,59430,0.04159322034,2
3949,2019-06-28,291565,71834,0.008305084746,2
3950,2019-06-28,366505,67052,0.02540677966,2
3951,2019-06-28,374632,55777,0.01354237288,1
3952,2019-06-28,555150,57700,0.03023728814,2
3953,2019-06-28,555150,64809,0.01679661017,2
3954,2019-06-28,619684,1199,0.01015254237,1
3955,2019-06-28,669185,40452,0.01862711864,1
3956,2019-06-28,740427,58904,0.01015254237,2
3957,2019-06-28,762849,67052,0.02159322034,1
3958,2019-06-28,878582,65782,0.03388135593,1
3959,2019-06-28,1020457,4025,0.02540677966,2
3960,2019-06-28,1043815,54469,0.02201694915,2
3961,2019-06-28,1044971,64530,0.02540677966,2
3962,2019-06-28,1044971,71317,0.01523728814,2
3963,2019-06-28,1071562,56546,0.01693220339,1
3964,2019-06-28,1071562,73992,0.05083050847,1
3965,2019-06-28,1076475,70647,0.02201694915,1
3966,2019-06-28,1101731,44779,0.01523728814,1
3967,2019-06-28,1367847,61509,0.03388135593,1
3968,2019-06-29,166452,53248,0.02540677966,2
3969,2019-06-29,336145,1720,0.01354237288,1
3970,2019-06-29,389174,60216,0.04857627119,2
3971,2019-06-29,434634,50617,0.00913559322,2
3972,2019-06-29,452820,909,0.04405084746,2
3973,2019-06-29,459470,75526,0.01118644068,1
3974,2019-06-29,464256,33175,0.05083050847,1
3975,2019-06-29,658488,56449,0.007610169492,1
3976,2019-06-29,662126,44816,0.01693220339,2
3977,2019-06-29,683712,5369,0.015,1
3978,2019-06-29,789317,52450,0.03388135593,1
3979,2019-06-29,916185,26306,0.01269491525,1
3980,2019-06-29,916185,55777,0.01354237288,2
3981,2019-06-29,932354,61055,0.03049152542,1
3982,2019-06-29,967432,57597,0.01981355932,2
3983,2019-06-29,996503,61848,0.04910169492,2
3984,2019-06-29,1006230,65449,0.02540677966,2
3985,2019-06-29,1006230,69773,0.03049152542,2
3986,2019-06-29,1091976,67596,0.01693220339,2
3987,2019-06-29,1091976,68621,0.02201694915,2
3988,2019-06-29,1187306,64805,0.02010169492,1
3989,2019-06-29,1305140,67353,0.1016779661,2
3990,2019-06-29,1305140,70010,0.01693220339,2
3991,2019-06-30,35290,44816,0.01693220339,2
3992,2019-06-30,176828,73323,0.04989830508,2
3993,2019-06-30,202259,28968,0.01354237288,2
3994,2019-06-30,202259,75014,0.02540677966,2
3995,2019-06-30,218222,67804,0.03049152542,1
3996,2019-06-30,243858,51110,0.01693220339,2
3997,2019-06-30,243858,51112,0.01693220339,2
3998,2019-06-30,256407,38876,0.02540677966,2
3999,2019-06-30,256407,51603,0.02540677966,2
4000,2019-06-30,273497,67842,0.02201694915,2
4001,2019-06-30,339781,34923,0.02201694915,1
4002,2019-06-30,360443,55840,0.01693220339,1
4003,2019-06-30,374118,25802,0.01693220339,1
4004,2019-06-30,575896,57065,0.01523728814,1
4005,2019-06-30,575896,65449,0.02540677966,1
4006,2019-06-30,592539,22643,0.01693220339,2
4007,2019-06-30,653728,43839,0.008305084746,2
4008,2019-06-30,712884,21457,0.02540677966,2
4009,2019-06-30,908195,17742,0.006406779661,2
4010,2019-07-01,56883,65449,0.02540677966,2
4011,2019-07-01,160425,69767,0.0423559322,2
4012,2019-07-01,260315,51091,0.02540677966,2
4013,2019-07-01,306001,66235,0.02540677966,1
4014,2019-07-01,405498,18249,0.02961016949,2
4015,2019-07-01,405498,24898,0.01479661017,2
4016,2019-07-01,444751,68621,0.01981355932,2
4017,2019-07-01,529579,71901,0.02201694915,2
4018,2019-07-01,533071,75014,0.02540677966,2
4019,2019-07-01,683712,7185,0.02154237288,2
4020,2019-07-01,747584,3717,0.01693220339,1
4021,2019-07-01,788201,69767,0.0423559322,2
4022,2019-07-01,950931,55777,0.01354237288,1
4023,2019-07-01,962267,59099,0.02772881356,1
4024,2019-07-01,1006230,64809,0.01693220339,2
4025,2019-07-01,1018067,13715,0.02540677966,1
4026,2019-07-01,1018067,15249,0.01693220339,1
4027,2019-07-01,1314932,30732,0.02201694915,2
4028,2019-07-02,26139,33804,0.05083050847,2
4029,2019-07-02,64175,22643,0.01693220339,2
4030,2019-07-02,106780,61000,0.008457627119,2
4031,2019-07-02,162649,46714,0.03388135593,2
4032,2019-07-02,232440,18540,0.01159322034,2
4033,2019-07-02,274577,64809,0.01693220339,2
4034,2019-07-02,496315,66151,0.05083050847,2
4035,2019-07-02,521512,72031,0.06777966102,2
4036,2019-07-02,583497,3316,0.02540677966,1
4037,2019-07-02,737926,13715,0.02540677966,2
4038,2019-07-02,737926,15249,0.01693220339,2
4039,2019-07-02,772571,61866,0.01693220339,2
4040,2019-07-02,826680,66061,0.01557627119,1
4041,2019-07-02,848366,47730,0.01089830508,2
4042,2019-07-02,848366,73464,0.01557627119,2
4043,2019-07-02,876078,67052,0.02288135593,2
4044,2019-07-02,903698,39917,0.02498305085,2
4045,2019-07-02,961397,54591,0.01015254237,1
4046,2019-07-02,969220,23790,0.01947457627,2
4047,2019-07-02,969220,65449,0.02247457627,2
4048,2019-07-02,969738,64234,0.02201694915,2
4049,2019-07-02,970235,19012,0.03049152542,2
4050,2019-07-02,979381,47734,0.01015254237,1
4051,2019-07-02,1080503,33992,0.01693220339,2
4052,2019-07-02,1080503,57597,0.02201694915,2
4053,2019-07-02,1080503,64234,0.01761016949,2
4054,2019-07-02,1080503,64530,0.0203220339,2
4055,2019-07-02,1080503,79949,0.04744067797,2
4056,2019-07-02,1101931,66378,0.05930508475,2
4057,2019-07-02,1185331,73658,0.02540677966,2
4058,2019-07-02,1218783,23222,0.01693220339,1
4059,2019-07-02,1344007,54843,0.01693220339,2
4060,2019-07-03,319196,36161,0.0423559322,2
4061,2019-07-03,333499,51310,0.03388135593,2
4062,2019-07-03,394977,73962,0.01218644068,2
4063,2019-07-03,414751,53491,0.01693220339,1
4064,2019-07-03,435369,67052,0.02540677966,2
4065,2019-07-03,455197,13189,0.05083050847,2
4066,2019-07-03,455197,67052,0.02540677966,2
4067,2019-07-03,455197,76220,0.05930508475,2
4068,2019-07-03,500872,57757,0.03388135593,2
4069,2019-07-03,500872,70560,0.03388135593,1
4070,2019-07-03,609146,16304,0.03557627119,1
4071,2019-07-03,639924,52890,0.01523728814,2
4072,2019-07-03,639924,58512,0.003372881356,2
4073,2019-07-03,735214,64192,0.02201694915,2
4074,2019-07-03,828836,50617,0.006762711864,1
4075,2019-07-03,887711,22704,0.02201694915,2
4076,2019-07-03,887711,60487,0.02540677966,2
4077,2019-07-03,969220,69767,0.03671186441,1
4078,2019-07-03,1000178,62508,0.02288135593,2
4079,2019-07-03,1058421,63117,0.04137288136,2
4080,2019-07-03,1058421,66598,0.04957627119,2
4081,2019-07-03,1058421,71557,0.0496440678,2
4082,2019-07-03,1080503,33992,0.01693220339,2
4083,2019-07-03,1080503,57597,0.01523728814,2
4084,2019-07-03,1080503,64234,0.01523728814,2
4085,2019-07-03,1080503,79949,0.05930508475,2
4086,2019-07-03,1098531,71825,0.02540677966,1
4087,2019-07-03,1100537,66598,0.03049152542,1
4088,2019-07-03,1109599,19012,0.02881355932,2
4089,2019-07-03,1165076,56546,0.02201694915,2
4090,2019-07-03,1179799,75424,0.08472881356,2
4091,2019-07-03,1301404,71557,0.05083050847,2
4092,2019-07-03,1312674,58512,0.002627118644,1
4093,2019-07-04,184367,67709,0.05930508475,2
4094,2019-07-04,500872,66497,0.02540677966,1
4095,2019-07-04,522981,57484,0.004389830508,1
4096,2019-07-04,697779,6708,0.03049152542,1
4097,2019-07-04,705781,12233,0.01015254237,1
4098,2019-07-04,752444,12528,0.02098305085,2
4099,2019-07-04,761386,24879,0.008457627119,1
4100,2019-07-04,804704,22645,0.01693220339,2
4101,2019-07-04,935314,70560,0.03388135593,2
4102,2019-07-04,994921,57597,0.01523728814,1
4103,2019-07-04,1049285,53580,0.01693220339,1
4104,2019-07-04,1079094,6708,0.03049152542,2
4105,2019-07-04,1080503,64267,0.01354237288,2
4106,2019-07-04,1080503,79949,0.04744067797,2
4107,2019-07-04,1091072,56255,0.05083050847,2
4108,2019-07-04,1174281,51130,0.003949152542,1
4109,2019-07-04,1218973,60437,0.03388135593,2
4110,2019-07-04,1243519,3929,0.02540677966,1
4111,2019-07-04,1344007,67052,0.02540677966,2
4112,2019-07-04,1363687,59533,0.03388135593,2
4113,2019-07-05,25656,71097,0.02540677966,1
4114,2019-07-05,32352,53696,0.005830508475,1
4115,2019-07-05,130222,13737,0.02540677966,2
4116,2019-07-05,225414,67052,0.02028813559,1
4117,2019-07-05,471765,61000,0.007610169492,1
4118,2019-07-05,479498,57597,0.01523728814,1
4119,2019-07-05,544680,57444,0.01693220339,1
4120,2019-07-05,551730,54842,0.01438983051,1
4121,2019-07-05,637124,53892,0.03011864407,1
4122,2019-07-05,675814,71825,0.02540677966,1
4123,2019-07-05,743811,66497,0.02540677966,1
4124,2019-07-05,1080254,33175,0.05083050847,2
4125,2019-07-05,1089010,79902,0.01208474576,1
4126,2019-07-05,1092138,76220,0.05930508475,2
4127,2019-07-06,117083,51174,0.003372881356,1
4128,2019-07-06,144034,21350,0.04744067797,1
4129,2019-07-06,203238,19913,0.06777966102,1
4130,2019-07-06,294516,59490,0.03484745763,1
4131,2019-07-06,337868,71485,0.02540677966,2
4132,2019-07-06,371446,6708,0.02679661017,1
4133,2019-07-06,371446,21457,0.0223220339,1
4134,2019-07-06,387239,63117,0.04125423729,1
4135,2019-07-06,432102,43839,0.008457627119,2
4136,2019-07-06,475666,70647,0.02201694915,2
4137,2019-07-06,527822,75121,0.03557627119,1
4138,2019-07-06,613457,50330,0.01693220339,2
4139,2019-07-06,613457,50617,0.006762711864,1
4140,2019-07-06,619142,51130,0.004389830508,1
4141,2019-07-06,747539,73323,0.05083050847,2
4142,2019-07-06,786889,65575,0.0423559322,1
4143,2019-07-06,807082,62226,0.03388135593,2
4144,2019-07-06,807343,51130,0.004389830508,1
4145,2019-07-06,820580,52266,0.05083050847,2
4146,2019-07-06,867830,46224,0.02540677966,2
4147,2019-07-06,917922,69767,0.0423559322,2
4148,2019-07-06,1012252,58159,0.0423559322,1
4149,2019-07-06,1071562,50617,0.006762711864,1
4150,2019-07-06,1319422,14757,0.02540677966,1
4151,2019-07-06,1319422,16502,0.01354237288,1
4152,2019-07-06,1353339,9073,0.01015254237,1
4153,2019-07-06,1353339,54591,0.01015254237,1
4154,2019-07-07,106229,69509,0.03388135593,2
4155,2019-07-07,146768,64267,0.01693220339,2
4156,2019-07-07,173804,62550,0.05083050847,2
4157,2019-07-07,315362,50617,0.006762711864,1
4158,2019-07-07,395935,67859,0.03130508475,2
4159,2019-07-07,492285,7471,0.009237288136,2
4160,2019-07-07,526059,2303,0.04093220339,2
4161,2019-07-07,529579,71485,0.02540677966,2
4162,2019-07-07,588307,70225,0.00506779661,2
4163,2019-07-07,899965,66091,0.03974576271,2
4164,2019-07-07,914993,75526,0.01354237288,1
4165,2019-07-07,920710,71202,0.0603559322,2
4166,2019-07-07,984903,60728,0.02145762712,2
4167,2019-07-07,1137554,18911,0.01147457627,2
4168,2019-07-08,679127,75170,0.009915254237,2
4169,2019-07-08,786103,53892,0.03388135593,1
4170,2019-07-08,805927,60216,0.05083050847,2
4171,2019-07-08,805927,73992,0.05083050847,2
4172,2019-07-08,935774,23142,0.04405084746,1
4173,2019-07-08,1013044,72639,0.008457627119,2
4174,2019-07-08,1036102,13737,0.02540677966,2
4175,2019-07-08,1036102,66030,0.02879661017,2
4176,2019-07-08,1105870,79182,0.01693220339,2
4177,2019-07-08,1301404,66497,0.02540677966,1
4178,2019-07-08,1347167,63117,0.0423559322,1
4179,2019-07-09,93289,57597,0.01523728814,2
4180,2019-07-09,144288,60127,0.01184745763,1
4181,2019-07-09,197172,61509,0.0203220339,1
4182,2019-07-09,216742,81937,0.01354237288,2
4183,2019-07-09,226550,20919,0.008457627119,1
4184,2019-07-09,615517,44797,0.05083050847,2
4185,2019-07-09,615517,75014,0.02540677966,2
4186,2019-07-09,740656,60843,0.01452542373,2
4187,2019-07-09,1049734,51923,0.01693220339,2
4188,2019-07-09,1116303,4013,0.01659322034,2
4189,2019-07-09,1301404,66497,0.02540677966,1
4190,2019-07-09,1371012,26306,0.01693220339,1
4191,2019-07-10,125,79482,0.01693220339,2
4192,2019-07-10,38493,55593,0.01354237288,1
4193,2019-07-10,65257,57597,0.01523728814,1
4194,2019-07-10,175660,52243,0.006237288136,2
4195,2019-07-10,175660,76648,0.01562711864,2
4196,2019-07-10,237388,66235,0.02540677966,1
4197,2019-07-10,291356,51923,0.009169491525,2
4198,2019-07-10,354222,73658,0.02540677966,2
4199,2019-07-10,396253,51499,0.03049152542,2
4200,2019-07-10,405498,60127,0.01184745763,1
4201,2019-07-10,418197,55840,0.01693220339,2
4202,2019-07-10,522981,39137,0.003372881356,1
4203,2019-07-10,606407,60915,0.01693220339,1
4204,2019-07-10,611021,67324,0.02540677966,2
4205,2019-07-10,646723,40452,0.01862711864,1
4206,2019-07-10,813330,56559,0.03388135593,2
4207,2019-07-10,813330,57597,0.01523728814,2
4208,2019-07-10,832881,55840,0.01659322034,2
4209,2019-07-10,832881,64809,0.01659322034,2
4210,2019-07-10,856637,51332,0.06777966102,2
4211,2019-07-10,894736,53892,0.03388135593,2
4212,2019-07-10,896496,59119,0.02201694915,2
4213,2019-07-10,1125057,56999,0.03952542373,1
4214,2019-07-10,1128269,74,0.01354237288,2
4215,2019-07-10,1303252,26190,0.008457627119,1
4216,2019-07-10,1350942,71825,0.02201694915,1
4217,2019-07-11,63653,72390,0.06777966102,2
4218,2019-07-11,158753,57597,0.01523728814,2
4219,2019-07-11,158753,79952,0.02201694915,2
4220,2019-07-11,194638,16304,0.03811864407,2
4221,2019-07-11,430260,3316,0.02540677966,1
4222,2019-07-11,430260,75483,0.02540677966,1
4223,2019-07-11,455197,13189,0.03049152542,2
4224,2019-07-11,455197,18249,0.0423559322,2
4225,2019-07-11,527799,33684,0.01862711864,1
4226,2019-07-11,540847,44394,0.01650847458,1
4227,2019-07-11,612506,38135,0.04194915254,2
4228,2019-07-11,612506,41856,0.008372881356,2
4229,2019-07-11,612506,66446,0.01676271186,2
4230,2019-07-11,612506,67859,0.03355932203,2
4231,2019-07-11,718806,23222,0.008457627119,1
4232,2019-07-11,781130,73323,0.02710169492,1
4233,2019-07-11,785089,75526,0.01015254237,1
4234,2019-07-11,834310,75701,0.02201694915,2
4235,2019-07-11,876328,82326,0.01693220339,2
4236,2019-07-11,884112,44874,0.01666101695,2
4237,2019-07-11,913409,54830,0.01015254237,1
4238,2019-07-11,932888,68412,0.1372711864,2
4239,2019-07-11,976716,28968,0.01354237288,1
4240,2019-07-11,976716,28972,0.01354237288,1
4241,2019-07-11,1016022,61000,0.001677966102,1
4242,2019-07-11,1056199,71557,0.05003389831,1
4243,2019-07-11,1095417,64809,0.01693220339,2
4244,2019-07-11,1351730,66528,0.01693220339,1
4245,2019-07-12,19870,51112,0.01015254237,2
4246,2019-07-12,57755,74,0.01242372881,2
4247,2019-07-12,174373,64809,0.01693220339,2
4248,2019-07-12,356705,54842,0.01640677966,2
4249,2019-07-12,437842,22645,0.01693220339,2
4250,2019-07-12,495221,65833,0.01015254237,2
4251,2019-07-12,597795,46436,0.00506779661,2
4252,2019-07-12,827923,79952,0.02201694915,2
4253,2019-07-12,1048962,71519,0.0176440678,1
4254,2019-07-12,1231221,54842,0.01354237288,1
4255,2019-07-12,1350447,12233,0.008593220339,1
4256,2019-07-13,51100,38993,0.004389830508,1
4257,2019-07-13,180202,82248,0.01354237288,2
4258,2019-07-13,322012,60140,0.02879661017,2
4259,2019-07-13,404392,57597,0.01523728814,1
4260,2019-07-13,486344,51923,0.01015254237,2
4261,2019-07-13,521906,64809,0.01693220339,2
4262,2019-07-13,610103,30732,0.02201694915,1
4263,2019-07-13,754336,25802,0.01154237288,1
4264,2019-07-13,982869,56779,0.01693220339,2
4265,2019-07-13,1064396,53213,0.008457627119,1
4266,2019-07-13,1064396,57730,0.02201694915,1
4267,2019-07-13,1122279,73457,0.05371186441,2
4268,2019-07-13,1134791,34700,0.0423559322,2
4269,2019-07-13,1149044,28302,0.02125423729,2
4270,2019-07-13,1294906,64986,0.02540677966,2
4271,2019-07-14,25617,66030,0.03557627119,1
4272,2019-07-14,106229,69509,0.03049152542,2
4273,2019-07-14,236398,23200,0.01693220339,2
4274,2019-07-14,317866,57597,0.01523728814,2
4275,2019-07-14,375744,60024,0.02201694915,2
4276,2019-07-14,408839,72495,0.008457627119,1
4277,2019-07-14,459470,64809,0.01422033898,2
4278,2019-07-14,496149,18902,0.01184745763,2
4279,2019-07-14,535874,56997,0.0423559322,2
4280,2019-07-14,585284,13715,0.016,2
4281,2019-07-14,585284,15249,0.01120338983,2
4282,2019-07-14,763956,62426,0.03388135593,2
4283,2019-07-14,772563,13189,0.03049152542,2
4284,2019-07-14,834007,68002,0.01693220339,2
4285,2019-07-14,860970,53532,0.01523728814,2
4286,2019-07-14,914993,55593,0.01289830508,1
4287,2019-07-14,963078,53880,0.01371186441,1
4288,2019-07-14,1043815,62508,0.02540677966,2
4289,2019-07-14,1092293,30732,0.0146440678,2
4290,2019-07-14,1156046,59870,0.01981355932,2
4291,2019-07-14,1328308,60728,0.01184745763,2
4292,2019-07-15,967,7185,0.02201694915,1
4293,2019-07-15,2133,61298,0.06777966102,2
4294,2019-07-15,79952,73694,0.0136779661,2
4295,2019-07-15,81873,47966,0.007610169492,2
4296,2019-07-15,113965,21350,0.04744067797,2
4297,2019-07-15,192393,80952,0.02540677966,1
4298,2019-07-15,410455,6708,0.03049152542,1
4299,2019-07-15,469981,59533,0.03388135593,2
4300,2019-07-15,496149,18902,0.01184745763,2
4301,2019-07-15,503849,34700,0.0423559322,2
4302,2019-07-15,602765,53337,0.02201694915,2
4303,2019-07-15,613312,40452,0.05083050847,2
4304,2019-07-15,636915,3096,0.04147457627,2
4305,2019-07-15,636915,72116,0.04977966102,2
4306,2019-07-15,725487,71485,0.02540677966,2
4307,2019-07-15,805927,60216,0.05083050847,2
4308,2019-07-15,917807,57520,0.0423559322,2
4309,2019-07-15,983535,51878,0.01184745763,1
4310,2019-07-16,18239,50330,0.01184745763,1
4311,2019-07-16,18392,59746,0.01279661017,2
4312,2019-07-16,31595,23222,0.008152542373,1
4313,2019-07-16,63653,72901,0.05930508475,2
4314,2019-07-16,180202,82248,0.01354237288,2
4315,2019-07-16,181739,52129,0.02540677966,2
4316,2019-07-16,181739,62426,0.03388135593,2
4317,2019-07-16,214394,56656,0.03388135593,2
4318,2019-07-16,214394,57977,0.008457627119,2
4319,2019-07-16,374357,52997,0.02540677966,2
4320,2019-07-16,374357,69767,0.0423559322,2
4321,2019-07-16,424431,64267,0.01693220339,2
4322,2019-07-16,455197,13189,0.03049152542,2
4323,2019-07-16,455197,57301,0.1677966102,2
4324,2019-07-16,721729,64388,0.01123728814,2
4325,2019-07-16,865900,6148,0.009983050847,2
4326,2019-07-16,865900,59104,0.015,2
4327,2019-07-16,1171976,74624,0.02540677966,2
4328,2019-07-16,1191874,65399,0.00506779661,1
4329,2019-07-17,61601,74624,0.02540677966,2
4330,2019-07-17,72002,12233,0.01015254237,1
4331,2019-07-17,197782,37237,0.02540677966,2
4332,2019-07-17,197782,37241,0.02201694915,2
4333,2019-07-17,223258,67052,0.02540677966,1
4334,2019-07-17,241753,68395,0.01015254237,1
4335,2019-07-17,245430,58159,0.0423559322,1
4336,2019-07-17,306001,23222,0.008457627119,1
4337,2019-07-17,454286,77566,0.05084745763,2
4338,2019-07-17,573181,64809,0.01693220339,1
4339,2019-07-17,636915,45834,0.01693220339,2
4340,2019-07-17,696129,54310,0.03049152542,2
4341,2019-07-17,857855,72901,0.05930508475,2
4342,2019-07-17,878582,55840,0.01422033898,1
4343,2019-07-17,916446,66446,0.01523728814,1
4344,2019-07-17,933542,62205,0.02098305085,2
4345,2019-07-17,1100537,68621,0.02201694915,2
4346,2019-07-17,1101350,40099,0.03388135593,2
4347,2019-07-17,1259558,8329,0.01015254237,1
4348,2019-07-18,70572,55864,0.02927118644,2
4349,2019-07-18,84096,13737,0.02540677966,2
4350,2019-07-18,122400,64809,0.01093220339,2
4351,2019-07-18,141321,75526,0.01354237288,2
4352,2019-07-18,153459,43839,0.008457627119,1
4353,2019-07-18,173425,55840,0.01693220339,1
4354,2019-07-18,320632,10536,0.01015254237,1
4355,2019-07-18,321678,73323,0.05083050847,2
4356,2019-07-18,358182,62508,0.02540677966,2
4357,2019-07-18,358182,64267,0.01693220339,2
4358,2019-07-18,425815,71825,0.02201694915,1
4359,2019-07-18,452768,22465,0.01354237288,1
4360,2019-07-18,452768,23222,0.008457627119,1
4361,2019-07-18,500489,30948,0.01015254237,2
4362,2019-07-18,540948,51091,0.01184745763,1
4363,2019-07-18,664818,43963,0.02228813559,2
4364,2019-07-18,777136,58904,0.01015254237,2
4365,2019-07-18,777136,72639,0.008457627119,2
4366,2019-07-18,785729,77566,0.06777966102,2
4367,2019-07-18,844726,74,0.01354237288,1
4368,2019-07-18,946794,67859,0.03388135593,2
4369,2019-07-18,950804,78237,0.05930508475,1
4370,2019-07-18,1119535,29685,0.008457627119,1
4371,2019-07-18,1119535,47560,0.01354237288,1
4372,2019-07-18,1179325,76038,0.08211864407,2
4373,2019-07-18,1242051,47966,0.008254237288,2
4374,2019-07-18,1242051,57520,0.04154237288,2
4375,2019-07-18,1298730,59483,0.009474576271,2
4376,2019-07-18,1328548,74832,0.03813559322,2
4377,2019-07-19,78900,40099,0.03388135593,2
4378,2019-07-19,149683,30732,0.008593220339,2
4379,2019-07-19,169317,30732,0.02201694915,1
4380,2019-07-19,217907,57977,0.008457627119,2
4381,2019-07-19,568917,15423,0.01523728814,2
4382,2019-07-19,884027,30732,0.01955932203,1
4383,2019-07-19,965154,41526,0.01862711864,1
4384,2019-07-19,1019567,6473,0.01015254237,2
4385,2019-07-19,1057023,39137,0.02337288136,2
4386,2019-07-19,1088066,45133,0.01354237288,1
4387,2019-07-19,1226663,66497,0.02540677966,1
4388,2019-07-20,114717,55925,0.03388135593,2
4389,2019-07-20,114717,57599,0.01523728814,2
4390,2019-07-20,202889,53337,0.01711864407,2
4391,2019-07-20,472181,28968,0.01249152542,1
4392,2019-07-20,703354,6708,0.02781355932,2
4393,2019-07-20,826080,69897,0.01862711864,1
4394,2019-07-20,859931,23222,0.007610169492,1
4395,2019-07-20,999563,69767,0.0423559322,2
4396,2019-07-20,1044518,22645,0.01184745763,1
4397,2019-07-20,1100537,55570,0.02710169492,1
4398,2019-07-20,1101350,80952,0.02201694915,1
4399,2019-07-20,1148974,46274,0.01142372881,2
4400,2019-07-20,1160530,71519,0.01862711864,1
4401,2019-07-20,1163588,47716,0.05083050847,2
4402,2019-07-20,1268206,15327,0.01015254237,1
4403,2019-07-21,169737,38954,0.01233898305,2
4404,2019-07-21,199150,17672,0.01354237288,1
4405,2019-07-21,265446,62426,0.03388135593,2
4406,2019-07-21,339781,47966,0.008457627119,2
4407,2019-07-21,434634,6473,0.01015254237,2
4408,2019-07-21,527992,7868,0.02977966102,2
4409,2019-07-21,570707,30732,0.01015254237,2
4410,2019-07-21,592528,75192,0.03049152542,2
4411,2019-07-21,619684,11833,0.01015254237,1
4412,2019-07-21,619684,43877,0.01161016949,1
4413,2019-07-21,804416,33684,0.01862711864,1
4414,2019-07-21,847581,64809,0.01693220339,1
4415,2019-07-21,1100537,37241,0.02201694915,2
4416,2019-07-21,1154461,59746,0.01523728814,2
4417,2019-07-21,1165076,47966,0.008457627119,2
4418,2019-07-21,1189890,16004,0.02511864407,2
4419,2019-07-21,1192519,76239,0.01301694915,2
4420,2019-07-21,1265613,58251,0.02201694915,2
4421,2019-07-21,1289978,25878,0.008457627119,2
4422,2019-07-22,18340,76137,0.04052542373,2
4423,2019-07-22,91609,40452,0.05083050847,2
4424,2019-07-22,106780,71825,0.02022033898,1
4425,2019-07-22,112445,17224,0.00506779661,2
4426,2019-07-22,179803,42918,0.01523728814,2
4427,2019-07-22,286464,57977,0.008457627119,2
4428,2019-07-22,370195,22643,0.01693220339,1
4429,2019-07-22,529579,67052,0.02540677966,2
4430,2019-07-22,546256,64170,0.03388135593,2
4431,2019-07-22,597795,23222,0.008457627119,1
4432,2019-07-22,609612,72693,0.05930508475,2
4433,2019-07-22,705781,16362,0.01015254237,1
4434,2019-07-22,740341,74624,0.02479661017,2
4435,2019-07-22,1010941,71557,0.04903389831,2
4436,2019-07-22,1194269,51310,0.03388135593,2
4437,2019-07-23,84261,71825,0.01871186441,1
4438,2019-07-23,93212,46278,0.0423559322,1
4439,2019-07-23,112795,55840,0.01574576271,1
4440,2019-07-23,113883,54486,0.006762711864,2
4441,2019-07-23,138068,53247,0.02162711864,2
4442,2019-07-23,230699,3061,0.01354237288,1
4443,2019-07-23,379826,22645,0.01693220339,2
4444,2019-07-23,379826,51091,0.02540677966,2
4445,2019-07-23,472774,47966,0.01184745763,1
4446,2019-07-23,472774,60191,0.02201694915,1
4447,2019-07-23,562698,70259,0.03049152542,2
4448,2019-07-23,612506,45834,0.01589830508,2
4449,2019-07-23,612506,66446,0.01589830508,2
4450,2019-07-23,654435,23222,0.006847457627,1
4451,2019-07-23,692891,35143,0.02371186441,2
4452,2019-07-23,721203,66151,0.05083050847,2
4453,2019-07-23,735214,66518,0.02045762712,2
4454,2019-07-23,809176,44942,0.01184745763,1
4455,2019-07-23,825755,68395,0.01015254237,1
4456,2019-07-23,851600,54834,0.01184745763,1
4457,2019-07-23,999563,69767,0.0423559322,2
4458,2019-07-23,1023476,58512,0.002983050847,1
4459,2019-07-23,1070228,64809,0.01693220339,2
4460,2019-07-23,1268206,62508,0.02540677966,2
4461,2019-07-23,1281060,67052,0.02540677966,2
4462,2019-07-23,1283675,34700,0.0423559322,2
4463,2019-07-23,1369210,71825,0.02201694915,1
4464,2019-07-24,7726,57700,0.01184745763,2
4465,2019-07-24,44795,18123,0.02677966102,2
4466,2019-07-24,44795,57520,0.03347457627,2
4467,2019-07-24,72002,24764,0.01354237288,2
4468,2019-07-24,154053,56129,0.01083050847,2
4469,2019-07-24,154053,59476,0.005406779661,2
4470,2019-07-24,154053,65449,0.009474576271,2
4471,2019-07-24,201952,54842,0.01083050847,1
4472,2019-07-24,204133,58251,0.01761016949,2
4473,2019-07-24,265184,44816,0.008457627119,2
4474,2019-07-24,287874,46390,0.03388135593,2
4475,2019-07-24,371446,21457,0.02540677966,1
4476,2019-07-24,395058,7868,0.02388135593,2
4477,2019-07-24,398791,28972,0.01218644068,1
4478,2019-07-24,400421,60140,0.01218644068,2
4479,2019-07-24,539154,62508,0.02313559322,2
4480,2019-07-24,683391,19352,0.02554237288,2
4481,2019-07-24,692891,2278,0.01354237288,2
4482,2019-07-24,741539,13715,0.01905084746,1
4483,2019-07-24,741539,64809,0.01015254237,1
4484,2019-07-24,806842,66598,0.01761016949,2
4485,2019-07-24,831881,64317,0.006762711864,1
4486,2019-07-24,848366,62161,0.02345762712,2
4487,2019-07-24,860970,44797,0.02438983051,2
4488,2019-07-24,884027,30732,0.02201694915,1
4489,2019-07-24,916185,43928,0.005406779661,1
4490,2019-07-24,926800,30732,0.007440677966,2
4491,2019-07-24,933409,23222,0.006762711864,1
4492,2019-07-24,968242,64809,0.01693220339,2
4493,2019-07-24,1227685,45834,0.01523728814,2
4494,2019-07-24,1227685,69626,0.01184745763,2
4495,2019-07-24,1272698,67842,0.007728813559,2
4496,2019-07-24,1273510,272,0.01083050847,2
4497,2019-07-24,1304925,54604,0.02540677966,1
4498,2019-07-24,1310399,6473,0.008118644068,2
4499,2019-07-24,1322162,66598,0.01761016949,2
4500,2019-07-24,1323931,58159,0.01761016949,2
4501,2019-07-24,1347941,55840,0.01488135593,1
4502,2019-07-25,27505,53892,0.02971186441,1
4503,2019-07-25,76086,3959,0.003372881356,1
4504,2019-07-25,159254,67052,0.02540677966,1
4505,2019-07-25,200026,45626,0.0163220339,2
4506,2019-07-25,209309,14928,0.01015254237,2
4507,2019-07-25,209309,53532,0.01523728814,2
4508,2019-07-25,278210,22643,0.006762711864,2
4509,2019-07-25,329595,26303,0.01693220339,1
4510,2019-07-25,371310,53892,0.03116949153,2
4511,2019-07-25,400872,73323,0.02710169492,1
4512,2019-07-25,424331,28244,0.006457627119,2
4513,2019-07-25,424331,62161,0.02913559322,2
4514,2019-07-25,424331,68799,0.01618644068,2
4515,2019-07-25,437724,25802,0.01693220339,1
4516,2019-07-25,460121,64809,0.01652542373,1
4517,2019-07-25,573181,72495,0.008457627119,1
4518,2019-07-25,583909,75122,0.01693220339,2
4519,2019-07-25,596835,1434,0.008457627119,2
4520,2019-07-25,668568,3951,0.02161016949,2
4521,2019-07-25,716712,1921,0.03388135593,2
4522,2019-07-25,716712,2303,0.0423559322,2
4523,2019-07-25,717472,23222,0.006033898305,1
4524,2019-07-25,968242,64809,0.01693220339,2
4525,2019-07-25,1117307,64809,0.01586440678,2
4526,2019-07-25,1258225,64388,0.01184745763,2
4527,2019-07-25,1265464,41201,0.01184745763,2
4528,2019-07-25,1265464,42918,0.01523728814,2
4529,2019-07-26,209530,23452,0.01320338983,2
4530,2019-07-26,209530,66518,0.02147457627,2
4531,2019-07-26,366096,3929,0.02540677966,1
4532,2019-07-26,382039,70653,0.008457627119,1
4533,2019-07-26,397637,65399,0.001677966102,1
4534,2019-07-26,461083,36312,0.03049152542,1
4535,2019-07-26,469863,75526,0.01015254237,1
4536,2019-07-26,592980,71792,0.03130508475,2
4537,2019-07-26,658876,22645,0.01693220339,2
4538,2019-07-26,848470,60127,0.01015254237,1
4539,2019-07-26,868409,3717,0.01693220339,2
4540,2019-07-26,868409,25802,0.01693220339,2
4541,2019-07-26,933409,65399,0.001677966102,1
4542,2019-07-26,995837,23222,0.008457627119,1
4543,2019-07-26,1020457,72495,0.008457627119,2
4544,2019-07-26,1064588,68799,0.007610169492,1
4545,2019-07-26,1215281,28302,0.01693220339,2
4546,2019-07-27,10061,75526,0.01015254237,1
4547,2019-07-27,39495,65399,0.001677966102,1
4548,2019-07-27,174408,25878,0.007101694915,2
4549,2019-07-27,235345,68395,0.01015254237,1
4550,2019-07-27,261494,61298,0.06777966102,2
4551,2019-07-27,440823,23222,0.008457627119,1
4552,2019-07-27,440823,75526,0.01015254237,1
4553,2019-07-27,473020,74446,0.01015254237,1
4554,2019-07-27,478243,68395,0.01015254237,1
4555,2019-07-27,630192,65658,0.01523728814,2
4556,2019-07-27,662476,50330,0.0116440678,1
4557,2019-07-27,669310,39137,0.006186440678,1
4558,2019-07-27,766822,41526,0.01862711864,1
4559,2019-07-27,813524,8329,0.006762711864,1
4560,2019-07-27,936226,66091,0.01903389831,2
4561,2019-07-27,948030,44310,0.006762711864,1
4562,2019-07-27,967432,55593,0.01161016949,1
4563,2019-07-27,1250899,22645,0.01693220339,2
4564,2019-07-27,1314645,65221,0.05083050847,2
4565,2019-07-28,99597,63117,0.03483050847,2
4566,2019-07-28,107124,62934,0.01354237288,2
4567,2019-07-28,468996,79766,0.03977966102,2
4568,2019-07-28,701827,59870,0.02201694915,2
4569,2019-07-28,860175,6708,0.03049152542,1
4570,2019-07-28,948030,39137,0.006762711864,1
4571,2019-07-28,948030,65399,0.001677966102,1
4572,2019-07-28,1165359,47966,0.008457627119,2
4573,2019-07-28,1366131,28968,0.01354237288,2
4574,2019-07-29,174373,57700,0.01184745763,2
4575,2019-07-29,195604,83038,0.01354237288,2
4576,2019-07-29,226900,3316,0.02540677966,1
4577,2019-07-29,251478,30732,0.01015254237,2
4578,2019-07-29,329595,23790,0.01252542373,1
4579,2019-07-29,527799,72405,0.02440677966,1
4580,2019-07-29,542424,23222,0.008457627119,1
4581,2019-07-29,595065,7185,0.02038983051,1
4582,2019-07-29,595065,70653,0.007830508475,1
4583,2019-07-29,614199,64267,0.01354237288,2
4584,2019-07-29,649001,72108,0.05083050847,2
4585,2019-07-29,985826,55777,0.01254237288,1
4586,2019-07-29,1108733,57935,0.008457627119,2
4587,2019-07-29,1108733,78049,0.006762711864,2
4588,2019-07-29,1110794,5035,0.03388135593,2
4589,2019-07-29,1142407,58251,0.02201694915,2
4590,2019-07-29,1191679,15495,0.02201694915,1
4591,2019-07-29,1191679,42188,0.01693220339,1
4592,2019-07-29,1191679,75526,0.007440677966,1
4593,2019-07-29,1278196,38993,0.001423728814,1
4594,2019-07-29,1278196,65399,0.001423728814,1
4595,2019-07-29,1308622,59533,0.03388135593,2
4596,2019-07-30,32574,75526,0.01015254237,1
4597,2019-07-30,162524,63469,0.02201694915,2
4598,2019-07-30,163710,65399,0.001305084746,1
4599,2019-07-30,209530,23452,0.01106779661,2
4600,2019-07-30,218034,39137,0.006762711864,1
4601,2019-07-30,391805,71202,0.06579661017,1
4602,2019-07-30,391805,73992,0.02959322034,1
4603,2019-07-30,391805,83059,0.04111864407,1
4604,2019-07-30,470071,66518,0.02201694915,2
4605,2019-07-30,590557,5369,0.01693220339,1
4606,2019-07-30,634517,55593,0.01354237288,2
4607,2019-07-30,705639,3904,0.06777966102,2
4608,2019-07-30,740970,67702,0.02540677966,2
4609,2019-07-30,805393,13737,0.01693220339,2
4610,2019-07-30,805393,22643,0.006762711864,2
4611,2019-07-30,805393,67052,0.02540677966,2
4612,2019-07-30,871209,66446,0.01693220339,2
4613,2019-07-30,943467,22645,0.01593220339,2
4614,2019-07-30,1221326,60203,0.0223220339,2
4615,2019-07-30,1334665,61509,0.02710169492,1
4616,2019-07-31,64772,75234,0.03194915254,2
4617,2019-07-31,104737,64809,0.01577966102,2
4618,2019-07-31,152121,64234,0.008457627119,1
4619,2019-07-31,156773,53892,0.03388135593,1
4620,2019-07-31,218222,6016,0.01184745763,1
4621,2019-07-31,235345,30732,0.008118644068,2
4622,2019-07-31,243858,43839,0.008457627119,2
4623,2019-07-31,243858,67052,0.02540677966,2
4624,2019-07-31,306235,64809,0.01693220339,2
4625,2019-07-31,392686,67842,0.01184745763,1
4626,2019-07-31,551750,14234,0.009847457627,2
4627,2019-07-31,574752,22643,0.006762711864,2
4628,2019-07-31,736597,72405,0.02413559322,1
4629,2019-07-31,857855,58461,0.02144067797,1
4630,2019-07-31,857855,75014,0.02474576271,1
4631,2019-07-31,912324,78237,0.0423559322,2
4632,2019-07-31,1160530,45626,0.01693220339,2
4633,2019-07-31,1182175,2274,0.0203220339,2
4634,2019-08-01,13094,72647,0.02201694915,2
4635,2019-08-01,237513,22643,0.006322033898,2
4636,2019-08-01,237513,57597,0.01418644068,2
4637,2019-08-01,327117,16697,0.00506779661,1
4638,2019-08-01,485397,66592,0.01015254237,2
4639,2019-08-01,498308,65628,0.05083050847,2
4640,2019-08-01,498308,67052,0.02540677966,2
4641,2019-08-01,649001,72108,0.05083050847,2
4642,2019-08-01,713104,74023,0.01184745763,1
4643,2019-08-01,855524,17193,0.01184745763,2
4644,2019-08-01,950804,60707,0.05930508475,1
4645,2019-08-01,1007377,60127,0.006762711864,1
4646,2019-08-01,1080254,60437,0.03388135593,2
4647,2019-08-01,1080254,79986,0.05083050847,2
4648,2019-08-01,1092293,65399,0.001338983051,1
4649,2019-08-01,1164082,65399,0.001677966102,1
4650,2019-08-01,1245388,62782,0.01003389831,2
4651,2019-08-01,1246016,16004,0.05083050847,1
4652,2019-08-01,1256610,73382,0.008610169492,1
4653,2019-08-02,107124,62508,0.008271186441,2
4654,2019-08-02,174373,72794,0.01184745763,1
4655,2019-08-02,232440,41069,0.05083050847,2
4656,2019-08-02,312948,53892,0.02710169492,1
4657,2019-08-02,394409,63117,0.0423559322,2
4658,2019-08-02,394409,86095,0.02201694915,2
4659,2019-08-02,470087,28968,0.01354237288,1
4660,2019-08-02,593833,25878,0.008457627119,2
4661,2019-08-02,793957,76038,0.08472881356,2
4662,2019-08-02,820580,86095,0.02201694915,2
4663,2019-08-02,834434,73708,0.08372881356,2
4664,2019-08-02,834434,74446,0.01510169492,2
4665,2019-08-02,834434,84778,0.03347457627,2
4666,2019-08-02,896506,41069,0.05083050847,2
4667,2019-08-02,921120,51112,0.01015254237,2
4668,2019-08-02,944470,76370,0.01657627119,2
4669,2019-08-02,1226836,78237,0.0423559322,2
4670,2019-08-03,138028,61848,0.02710169492,2
4671,2019-08-03,179803,65088,0.03388135593,2
4672,2019-08-03,411086,54670,0.05083050847,1
4673,2019-08-03,456224,52150,0.008457627119,2
4674,2019-08-03,613169,52135,0.02540677966,2
4675,2019-08-03,916358,66518,0.02201694915,2
4676,2019-08-03,1165359,38993,0.001677966102,1
4677,2019-08-03,1265807,496,0.01552542373,2
4678,2019-08-03,1265807,57484,0.005169491525,2
4679,2019-08-04,308973,76527,0.008457627119,2
4680,2019-08-04,432105,30732,0.01015254237,2
4681,2019-08-04,906954,2274,0.0203220339,2
4682,2019-08-04,1095273,78899,0.03244067797,2
4683,2019-08-04,1237671,62205,0.02201694915,2
4684,2019-08-05,117063,23222,0.008457627119,1
4685,2019-08-05,117063,60140,0.008457627119,1
4686,2019-08-05,117063,64317,0.00506779661,1
4687,2019-08-05,193137,54843,0.01354237288,2
4688,2019-08-05,193137,62216,0.02201694915,2
4689,2019-08-05,193137,66598,0.02201694915,2
4690,2019-08-05,273497,53892,0.03269491525,2
4691,2019-08-05,456224,71951,0.03388135593,2
4692,2019-08-05,484986,63128,0.06777966102,2
4693,2019-08-05,505227,18249,0.0423559322,2
4694,2019-08-05,505227,18250,0.0423559322,2
4695,2019-08-05,514915,42918,0.01693220339,1
4696,2019-08-05,683712,64267,0.01069491525,2
4697,2019-08-05,683712,78237,0.03345762712,2
4698,2019-08-05,1203681,13737,0.01693220339,2
4699,2019-08-05,1247873,62508,0.01015254237,1
4700,2019-08-06,86865,72299,0.01208474576,2
4701,2019-08-06,235323,72639,0.008457627119,2
4702,2019-08-06,366677,53892,0.03388135593,2
4703,2019-08-06,396793,43969,0.02540677966,2
4704,2019-08-06,642256,54940,0.01981355932,2
4705,2019-08-06,657501,64317,0.007610169492,1
4706,2019-08-06,660816,53538,0.02201694915,2
4707,2019-08-06,669258,62161,0.02371186441,2
4708,2019-08-06,675814,53892,0.03388135593,1
4709,2019-08-06,766330,22629,0.04791525424,1
4710,2019-08-06,790849,53337,0.01981355932,2
4711,2019-08-06,806842,55593,0.01354237288,1
4712,2019-08-06,850385,14234,0.009559322034,1
4713,2019-08-06,896506,41069,0.05083050847,2
4714,2019-08-06,1009796,47966,0.008457627119,2
4715,2019-08-06,1060912,23452,0.01354237288,2
4716,2019-08-06,1060912,25802,0.01693220339,2
4717,2019-08-06,1091976,74446,0.01015254237,1
4718,2019-08-06,1138974,78178,0.008457627119,1
4719,2019-08-06,1203681,13737,0.01693220339,2
4720,2019-08-06,1225379,47645,0.02474576271,2
4721,2019-08-06,1371181,69773,0.02994915254,2
4722,2019-08-07,8132,78899,0.03388135593,2
4723,2019-08-07,107124,62508,0.01184745763,2
4724,2019-08-07,229381,65001,0.03049152542,2
4725,2019-08-07,232507,72390,0.06777966102,2
4726,2019-08-07,514915,30732,0.01015254237,2
4727,2019-08-07,653407,45834,0.01371186441,2
4728,2019-08-07,683712,71485,0.02486440678,2
4729,2019-08-07,757271,75344,0.03388135593,2
4730,2019-08-07,786103,34867,0.01354237288,1
4731,2019-08-07,1143481,5369,0.01693220339,1
4732,2019-08-07,1171976,69509,0.03388135593,2
4733,2019-08-07,1309923,40099,0.03388135593,2
4734,2019-08-08,84096,52135,0.02540677966,1
4735,2019-08-08,84096,67208,0.008457627119,1
4736,2019-08-08,94967,61365,0.01693220339,1
4737,2019-08-08,154352,65001,0.03049152542,2
4738,2019-08-08,297948,9073,0.001,1
4739,2019-08-08,345006,60216,0.05083050847,2
4740,2019-08-08,348385,60203,0.02286440678,2
4741,2019-08-08,459470,83059,0.03557627119,1
4742,2019-08-08,498398,4013,0.01693220339,1
4743,2019-08-08,498398,55840,0.006762711864,1
4744,2019-08-08,498398,73281,0.01693220339,1
4745,2019-08-08,754553,53892,0.03388135593,2
4746,2019-08-08,868068,56559,0.03388135593,2
4747,2019-08-08,958741,58279,0.05083050847,1
4748,2019-08-09,84096,78613,0.006762711864,1
4749,2019-08-09,127699,71097,0.02540677966,2
4750,2019-08-09,237736,45834,0.01523728814,2
4751,2019-08-09,517696,45834,0.01523728814,2
4752,2019-08-09,638891,70190,0.008457627119,2
4753,2019-08-09,638891,70191,0.008457627119,2
4754,2019-08-09,738911,15989,0.036,1
4755,2019-08-09,738911,16004,0.04320338983,1
4756,2019-08-09,996806,52135,0.02540677966,2
4757,2019-08-09,1031589,26303,0.005152542373,1
4758,2019-08-09,1031589,49680,0.01294915254,1
4759,2019-08-09,1149129,23222,0.008457627119,1
4760,2019-08-09,1225990,72495,0.008457627119,1
4761,2019-08-09,1245388,44816,0.006084745763,2
4762,2019-08-09,1245388,75526,0.01015254237,1
4763,2019-08-09,1262086,58251,0.01894915254,2
4764,2019-08-09,1262086,67964,0.05106779661,2
4765,2019-08-10,265786,80952,0.02540677966,1
4766,2019-08-10,428578,75483,0.02540677966,1
4767,2019-08-10,949446,45834,0.01523728814,2
4768,2019-08-10,1048585,24271,0.002610169492,1
4769,2019-08-11,2800,43969,0.02462711864,2
4770,2019-08-11,69592,51328,0.04872881356,2
4771,2019-08-11,394409,28245,0.006762711864,2
4772,2019-08-11,394409,47966,0.008457627119,2
4773,2019-08-11,536145,7471,0.005084745763,2
4774,2019-08-11,683712,71033,0.02561016949,1
4775,2019-08-11,738259,4027,0.02540677966,2
4776,2019-08-11,810310,4049,0.03049152542,2
4777,2019-08-11,864015,67321,0.05083050847,2
4778,2019-08-11,1268206,71557,0.05083050847,2
4779,2019-08-12,171955,58512,0.003372881356,1
4780,2019-08-12,533949,79766,0.03811864407,1
4781,2019-08-12,566809,57597,0.01523728814,2
4782,2019-08-12,630192,62782,0.01015254237,2
4783,2019-08-12,655094,65449,0.01184745763,2
4784,2019-08-12,949795,909,0.04438983051,2
4785,2019-08-12,968623,74,0.01194915254,2
4786,2019-08-12,1146155,59533,0.03388135593,2
4787,2019-08-12,1232289,72647,0.02201694915,2
4788,2019-08-12,1340444,74,0.01354237288,2
4789,2019-08-13,179803,65088,0.03388135593,2
4790,2019-08-13,286039,69509,0.03388135593,2
4791,2019-08-13,338433,67859,0.0293559322,2
4792,2019-08-13,366677,53892,0.03388135593,2
4793,2019-08-13,512896,79279,0.03388135593,2
4794,2019-08-13,606357,78737,0.05720338983,2
4795,2019-08-13,649001,75048,0.03388135593,2
4796,2019-08-13,655094,23817,0.0423559322,2
4797,2019-08-13,757037,67818,0.01638983051,2
4798,2019-08-13,757037,76239,0.01310169492,2
4799,2019-08-13,1049238,53892,0.03049152542,1
4800,2019-08-13,1107401,83059,0.0423559322,1
4801,2019-08-13,1122223,24275,0.008033898305,2
4802,2019-08-13,1139207,72901,0.05930508475,1
4803,2019-08-13,1189555,66446,0.007610169492,2
4804,2019-08-13,1242459,65211,0.01693220339,2
4805,2019-08-13,1252876,12528,0.005745762712,1
4806,2019-08-14,151043,78899,0.03388135593,2
4807,2019-08-14,301640,67052,0.02371186441,1
4808,2019-08-14,356499,72901,0.05605084746,2
4809,2019-08-14,504226,69179,0.0423559322,2
4810,2019-08-14,645607,30655,0.008457627119,1
4811,2019-08-14,649240,22643,0.006593220339,2
4812,2019-08-14,832559,45834,0.01361016949,2
4813,2019-08-14,832559,60915,0.006016949153,2
4814,2019-08-14,866012,54834,0.003372881356,1
4815,2019-08-14,943302,874,0.04574576271,2
4816,2019-08-14,1001823,60915,0.006762711864,2
4817,2019-08-14,1192519,80646,0.01523728814,2
4818,2019-08-14,1193964,70560,0.01218644068,2
4819,2019-08-14,1288929,71145,0.01015254237,2
4820,2019-08-14,1288929,76220,0.02879661017,2
4821,2019-08-15,342208,40099,0.03388135593,2
4822,2019-08-15,465500,60915,0.006762711864,2
4823,2019-08-15,465500,66235,0.006762711864,2
4824,2019-08-15,465500,70653,0.008457627119,2
4825,2019-08-15,533071,57597,0.01523728814,2
4826,2019-08-15,723271,79467,0.04162711864,2
4827,2019-08-15,781130,53247,0.004728813559,1
4828,2019-08-15,823688,52239,0.006762711864,2
4829,2019-08-15,1020457,80646,0.01693220339,2
4830,2019-08-15,1028617,79766,0.04084745763,1
4831,2019-08-15,1044971,25878,0.007610169492,2
4832,2019-08-15,1044971,42918,0.01371186441,2
4833,2019-08-15,1044971,55552,0.02286440678,2
4834,2019-08-15,1044971,57597,0.01371186441,2
4835,2019-08-15,1044971,57700,0.01066101695,2
4836,2019-08-15,1044971,64267,0.01227118644,2
4837,2019-08-15,1044971,67818,0.01523728814,2
4838,2019-08-15,1180111,72390,0.06777966102,2
4839,2019-08-16,150388,25878,0.008457627119,2
4840,2019-08-16,176828,15989,0.04074576271,1
4841,2019-08-16,202259,67052,0.02540677966,2
4842,2019-08-16,287094,74,0.01354237288,2
4843,2019-08-16,666119,52135,0.006406779661,1
4844,2019-08-16,719280,15121,0.004220338983,1
4845,2019-08-16,959295,80952,0.006762711864,2
4846,2019-08-16,1043416,52150,0.007728813559,1
4847,2019-08-17,225414,60483,0.006084745763,1
4848,2019-08-17,304498,32264,0.011,1
4849,2019-08-17,432200,70024,0.00913559322,2
4850,2019-08-17,569728,5230,0.01354237288,1
4851,2019-08-17,601890,60915,0.005271186441,1
4852,2019-08-17,772625,9081,0.005271186441,1
4853,2019-08-17,1089010,52135,0.005915254237,1
4854,2019-08-17,1099535,33175,0.03388135593,2
4855,2019-08-18,134598,42715,0.03388135593,2
4856,2019-08-18,212169,49048,0.004220338983,1
4857,2019-08-18,326688,55593,0.01354237288,1
4858,2019-08-18,568203,57599,0.01015254237,2
4859,2019-08-18,706335,874,0.05016949153,2
4860,2019-08-18,1068196,75275,0.01693220339,2
4861,2019-08-18,1138825,60915,0.006762711864,2
4862,2019-08-18,1299223,75275,0.01693220339,2
4863,2019-08-19,8091,65001,0.03388135593,2
4864,2019-08-19,172120,69767,0.009576271186,1
4865,2019-08-19,330385,72495,0.008457627119,1
4866,2019-08-19,342593,38876,0.0203220339,2
4867,2019-08-19,342593,62226,0.0203220339,2
4868,2019-08-19,342593,62236,0.01015254237,2
4869,2019-08-19,452011,47716,0.04286440678,2
4870,2019-08-19,786271,67818,0.01693220339,2
4871,2019-08-19,849652,64317,0.008457627119,1
4872,2019-08-19,1032758,66235,0.007101694915,1
4873,2019-08-19,1285830,32905,0.006762711864,1
4874,2019-08-19,1364232,20125,0.03876271186,2
4875,2019-08-20,205772,59424,0.006762711864,2
4876,2019-08-20,205772,66518,0.02201694915,2
4877,2019-08-20,303464,73281,0.03330508475,2
4878,2019-08-20,303464,78248,0.0166440678,2
4879,2019-08-20,391805,73707,0.0406440678,1
4880,2019-08-20,483816,73382,0.01693220339,2
4881,2019-08-20,521494,65001,0.03388135593,2
4882,2019-08-20,546303,16004,0.02710169492,2
4883,2019-08-20,634517,63328,0.0423559322,2
4884,2019-08-20,645652,72495,0.008220338983,2
4885,2019-08-20,687320,80646,0.01693220339,2
4886,2019-08-20,802447,66518,0.02201694915,2
4887,2019-08-20,916799,74534,0.04903389831,1
4888,2019-08-20,1095273,43963,0.01277966102,2
4889,2019-08-20,1095273,43969,0.02396610169,2
4890,2019-08-20,1172522,59543,0.0423559322,1
4891,2019-08-20,1356990,76286,0.1084576271,2
4892,2019-08-21,58582,22643,0.006762711864,2
4893,2019-08-21,186071,5329,0.04055932203,1
4894,2019-08-21,238239,16004,0.05083050847,2
4895,2019-08-21,424431,69626,0.01184745763,2
4896,2019-08-21,424431,78848,0.01693220339,2
4897,2019-08-21,445652,63328,0.0423559322,2
4898,2019-08-21,543462,75993,0.05591525424,2
4899,2019-08-21,636779,19012,0.03093220339,2
4900,2019-08-21,651728,43839,0.008457627119,1
4901,2019-08-21,651728,57977,0.008457627119,1
4902,2019-08-21,979717,66518,0.02144067797,2
4903,2019-08-21,1070377,42715,0.01437288136,1
4904,2019-08-21,1070377,53087,0.008627118644,1
4905,2019-08-21,1177322,85089,0.0146779661,1
4906,2019-08-21,1239021,47651,0.02540677966,2
4907,2019-08-22,16931,64286,0.0493220339,2
4908,2019-08-22,98253,16019,0.05083050847,2
4909,2019-08-22,192039,74925,0.01693220339,1
4910,2019-08-22,297416,5965,0.02201694915,1
4911,2019-08-22,393178,58251,0.02201694915,2
4912,2019-08-22,504226,79035,0.05083050847,2
4913,2019-08-22,666250,16004,0.05083050847,2
4914,2019-08-22,682984,54670,0.04405084746,1
4915,2019-08-22,786889,17672,0.01052542373,1
4916,2019-08-22,786889,56334,0.01316949153,1
4917,2019-08-22,906738,58251,0.02103389831,2
4918,2019-08-22,1149275,83645,0.05676271186,1
4919,2019-08-22,1264734,18815,0.006762711864,1
4920,2019-08-22,1283675,66518,0.02201694915,2
4921,2019-08-22,1332152,79035,0.05037288136,2
4922,2019-08-23,42356,59017,0.05083050847,2
4923,2019-08-23,1140329,144,0.003372881356,1
4924,2019-08-23,1313731,68002,0.01693220339,2
4925,2019-08-24,508471,64286,0.05083050847,2
4926,2019-08-24,796778,64809,0.006779661017,1
4927,2019-08-24,834310,65001,0.03388135593,2
4928,2019-08-24,884876,28968,0.01354237288,1
4929,2019-08-24,884876,57977,0.008457627119,1
4930,2019-08-24,1214649,46395,0.03388135593,2
4931,2019-08-25,106574,17672,0.01279661017,1
4932,2019-08-25,388334,79767,0.0423559322,2
4933,2019-08-25,832348,75424,0.08472881356,2
4934,2019-08-25,958510,57599,0.01862711864,2
4935,2019-08-25,1050772,45834,0.02201694915,2
4936,2019-08-25,1328308,2303,0.04074576271,2
4937,2019-08-25,1335991,66518,0.01671186441,2
4938,2019-08-26,554873,16304,0.0423559322,2
4939,2019-08-26,554873,73707,0.0423559322,2
4940,2019-08-26,640162,57520,0.04574576271,2
4941,2019-08-26,640162,68442,0.01523728814,2
4942,2019-08-26,969738,63494,0.03049152542,2
4943,2019-08-26,1018067,51647,0.008457627119,1
4944,2019-08-26,1088066,75526,0.009016949153,1
4945,2019-08-27,390880,36455,0.03049152542,2
4946,2019-08-27,591134,76366,0.008457627119,2
4947,2019-08-27,613457,26306,0.006762711864,1
4948,2019-08-27,680742,60915,0.01015254237,2
4949,2019-08-27,715053,144,0.003372881356,1
4950,2019-08-27,780131,54670,0.05083050847,1
4951,2019-08-28,69289,22643,0.002525423729,1
4952,2019-08-28,172257,67816,0.02201694915,1
4953,2019-08-28,347433,32112,0.03049152542,2
4954,2019-08-28,468445,67964,0.05930508475,1
4955,2019-08-28,490987,54670,0.05083050847,1
4956,2019-08-28,589068,73323,0.03471186441,2
4957,2019-08-28,757461,73708,0.08303389831,2
4958,2019-08-28,800705,75014,0.01388135593,1
4959,2019-08-29,72058,65577,0.01354237288,1
4960,2019-08-29,165332,23790,0.01354237288,1
4961,2019-08-29,320632,71333,0.01842372881,1
4962,2019-08-29,518329,60643,0.02842372881,1
4963,2019-08-29,651728,65927,0.06777966102,2
4964,2019-08-29,955389,16004,0.05083050847,2
4965,2019-08-29,1014981,62508,0.01523728814,2
4966,2019-08-29,1227540,75982,0.01354237288,2
4967,2019-08-29,1366775,71669,0.01761016949,2
4968,2019-08-30,65257,67748,0.03388135593,1
4969,2019-08-30,80408,64286,0.05083050847,2
4970,2019-08-30,607517,79365,0.02540677966,1
4971,2019-08-30,800477,65001,0.03388135593,2
4972,2019-08-30,832348,53892,0.03388135593,2
4973,2019-08-31,255831,53892,0.03388135593,1
4974,2019-08-31,416094,53892,0.03218644068,1
4975,2019-08-31,828836,46518,0.01066101695,1
4976,2019-08-31,832348,53892,0.03388135593,2
4977,2019-08-31,943302,874,0.04574576271,2
4978,2019-08-31,1148795,71901,0.0213220339,2
4979,2019-08-31,1169525,58461,0.02201694915,1
4980,2019-08-31,1249987,67747,0.03388135593,2
4981,2019-09-01,206541,74832,0.04972881356,2
4982,2019-09-01,239272,60128,0.02540677966,2
4983,2019-09-01,239272,79766,0.0423559322,2
4984,2019-09-01,296767,57597,0.0203220339,2
4985,2019-09-01,613169,16019,0.05083050847,1
4986,2019-09-01,642037,75014,0.01523728814,1
4987,2019-09-01,735902,58871,0.03293220339,1
4988,2019-09-01,740970,78899,0.03388135593,2
4989,2019-09-01,1009799,53892,0.03388135593,1
4990,2019-09-02,146768,64267,0.01354237288,2
4991,2019-09-02,410757,64286,0.05083050847,2
4992,2019-09-02,1018067,71251,0.03122033898,1
4993,2019-09-02,1151541,43969,0.02505084746,2
4994,2019-09-02,1151541,64286,0.05010169492,2
4995,2019-09-03,349884,72341,0.04966101695,2
4996,2019-09-03,620520,55593,0.01257627119,1
4997,2019-09-03,624788,62900,0.006762711864,1
4998,2019-09-03,634517,65001,0.03388135593,2
4999,2019-09-03,809621,65001,0.03388135593,2
5000,2019-09-03,1178379,11446,0.02540677966,1
5001,2019-09-03,1251954,15989,0.0423559322,2
5002,2019-09-03,1251954,16004,0.05083050847,2
5003,2019-09-03,1332947,73382,0.01650847458,2
5004,2019-09-03,1332947,75982,0.01320338983,2
5005,2019-09-04,254388,42129,0.01128813559,1
5006,2019-09-04,273497,67747,0.03218644068,1
5007,2019-09-04,273497,70951,0.04023728814,1
5008,2019-09-04,353644,67747,0.03122033898,1
5009,2019-09-04,611120,72390,0.061,2
5010,2019-09-04,848470,72495,0.008457627119,1
5011,2019-09-04,1103219,69773,0.03049152542,2
5012,2019-09-04,1232199,53892,0.03388135593,2
5013,2019-09-05,194739,80952,0.02540677966,1
5014,2019-09-05,247651,63196,0.03705084746,1
5015,2019-09-05,371310,53892,0.03388135593,2
5016,2019-09-05,387239,61298,0.06777966102,1
5017,2019-09-05,428342,76752,0.02540677966,1
5018,2019-09-05,506048,63328,0.0423559322,2
5019,2019-09-05,592302,71097,0.02347457627,1
5020,2019-09-05,631882,14234,0.01015254237,1
5021,2019-09-05,1039194,71250,0.02845762712,1
5022,2019-09-05,1087095,35232,0.03388135593,2
5023,2019-09-05,1140911,51332,0.06777966102,2
5024,2019-09-05,1314645,79035,0.05083050847,2
5025,2019-09-06,7309,3904,0.06777966102,2
5026,2019-09-06,402328,72495,0.007610169492,1
5027,2019-09-06,472181,74542,0.05013559322,2
5028,2019-09-06,472181,80189,0.03006779661,2
5029,2019-09-06,624788,19352,0.008474576271,1
5030,2019-09-06,745630,74534,0.05083050847,2
5031,2019-09-06,909357,60915,0.009915254237,2
5032,2019-09-06,1036102,54842,0.01015254237,2
5033,2019-09-06,1036102,67707,0.02540677966,2
5034,2019-09-06,1100328,74534,0.04501694915,1
5035,2019-09-07,169737,53892,0.03388135593,2
5036,2019-09-07,338721,74542,0.05083050847,2
5037,2019-09-07,424326,47510,0.02438983051,1
5038,2019-09-07,726446,56793,0.03049152542,1
5039,2019-09-07,908195,64617,0.0216779661,1
5040,2019-09-07,975823,47716,0.05083050847,2
5041,2019-09-07,1137554,74534,0.04320338983,1
5042,2019-09-07,1239491,43529,0.01354237288,2
5043,2019-09-08,20438,75993,0.05681355932,2
5044,2019-09-08,72443,59490,0.05930508475,2
5045,2019-09-08,138317,65449,0.01203389831,2
5046,2019-09-08,427092,40459,0.05083050847,2
5047,2019-09-08,496315,75526,0.01313559322,2
5048,2019-09-08,586692,53892,0.02710169492,1
5049,2019-09-08,694985,54475,0.03727118644,2
5050,2019-09-08,702228,65001,0.03388135593,1
5051,2019-09-08,733035,53892,0.03361016949,2
5052,2019-09-08,738259,75982,0.01354237288,2
5053,2019-09-08,755630,25878,0.01523728814,2
5054,2019-09-08,832255,46395,0.03388135593,2
5055,2019-09-08,832255,75982,0.01354237288,2
5056,2019-09-08,846230,38918,0.05084745763,2
5057,2019-09-08,886086,15989,0.0423559322,2
5058,2019-09-08,1013499,46395,0.03388135593,2
5059,2019-09-08,1205926,9778,0.0163559322,2
5060,2019-09-08,1284706,9778,0.0166779661,2
5061,2019-09-08,1284706,67748,0.03338983051,2
5062,2019-09-08,1284706,76752,0.02503389831,2
5063,2019-09-09,44795,63328,0.0423559322,2
5064,2019-09-09,319196,68547,0.01184745763,2
5065,2019-09-09,326688,55593,0.01354237288,1
5066,2019-09-09,369235,74534,0.04405084746,2
5067,2019-09-09,573181,76444,0.01523728814,1
5068,2019-09-09,669582,61298,0.06777966102,1
5069,2019-09-09,872858,44041,0.01693220339,1
5070,2019-09-09,1049238,53892,0.03388135593,1
5071,2019-09-09,1313188,32905,0.01249152542,1
5072,2019-09-09,1336465,74534,0.05083050847,2
5073,2019-09-10,72756,43839,0.008457627119,1
5074,2019-09-10,384508,63909,0.02540677966,2
5075,2019-09-10,448430,70024,0.01015254237,2
5076,2019-09-10,570020,64267,0.008457627119,1
5077,2019-09-10,602396,38671,0.05930508475,2
5078,2019-09-10,922631,67747,0.03388135593,2
5079,2019-09-10,922631,74534,0.05083050847,2
5080,2019-09-10,986239,15989,0.0423559322,2
5081,2019-09-10,1237671,79766,0.03957627119,2
5082,2019-09-10,1341321,72341,0.05083050847,2
5083,2019-09-11,300998,16019,0.05083050847,1
5084,2019-09-11,306549,57139,0.01330508475,1
5085,2019-09-11,306549,71776,0.04242372881,1
5086,2019-09-11,348166,74534,0.05083050847,2
5087,2019-09-11,713774,68811,0.05083050847,2
5088,2019-09-11,736239,79766,0.0423559322,2
5089,2019-09-11,747539,10648,0.01579661017,1
5090,2019-09-11,857855,71033,0.03049152542,1
5091,2019-09-11,867429,53892,0.03388135593,2
5092,2019-09-11,1244081,61625,0.01301694915,2
5093,2019-09-12,326695,47240,0.08472881356,1
5094,2019-09-12,461083,74,0.01015254237,1
5095,2019-09-12,461083,9081,0.008457627119,1
5096,2019-09-12,674697,42129,0.01628813559,2
5097,2019-09-12,712884,84271,0.03388135593,2
5098,2019-09-12,1009799,47666,0.02540677966,1
5099,2019-09-12,1009799,53892,0.03388135593,1
5100,2019-09-12,1122730,60860,0.1012033898,2
5101,2019-09-12,1122730,76964,0.05059322034,2
5102,2019-09-12,1129950,61143,0.03557627119,1
5103,2019-09-12,1274084,38671,0.03201694915,1
5104,2019-09-13,10061,43969,0.02481355932,2
5105,2019-09-13,130909,53247,0.02201694915,2
5106,2019-09-13,275515,61625,0.01354237288,2
5107,2019-09-13,444076,67748,0.02710169492,1
5108,2019-09-13,631293,83753,0.01693220339,1
5109,2019-09-13,829423,79831,0.0486779661,1
5110,2019-09-13,878216,67505,0.06777966102,1
5111,2019-09-13,920012,15989,0.0423559322,1
5112,2019-09-13,920012,16004,0.05083050847,2
5113,2019-09-13,981409,79979,0.01928813559,1
5114,2019-09-13,994501,53892,0.03388135593,2
5115,2019-09-13,1044971,619,0.01147457627,2
5116,2019-09-13,1049026,78899,0.03179661017,1
5117,2019-09-13,1060185,74,0.01354237288,2
5118,2019-09-13,1258225,25802,0.01422033898,2
5119,2019-09-13,1301404,16019,0.04769491525,1
5120,2019-09-14,31072,10021,0.03140677966,1
5121,2019-09-14,229381,75451,0.09798305085,2
5122,2019-09-14,342869,61415,0.01693220339,2
5123,2019-09-14,397842,64267,0.008457627119,1
5124,2019-09-14,582433,16004,0.05083050847,2
5125,2019-09-14,821850,78248,0.01693220339,1
5126,2019-09-14,828614,52150,0.007881355932,1
5127,2019-09-14,1044518,81571,0.02250847458,1
5128,2019-09-14,1371146,51130,0.004389830508,1
5129,2019-09-15,157830,30732,0.01354237288,2
5130,2019-09-15,325292,53892,0.03388135593,2
5131,2019-09-15,738259,75982,0.01354237288,2
5132,2019-09-15,1003624,73281,0.03350847458,2
5133,2019-09-15,1091976,32112,0.03259322034,2
5134,2019-09-15,1226960,71255,0.03388135593,1
5135,2019-09-15,1234109,63167,0.009830508475,1
5136,2019-09-15,1287509,47666,0.02540677966,1
5137,2019-09-16,63004,57977,0.008457627119,1
5138,2019-09-16,325292,53892,0.03388135593,2
5139,2019-09-16,508471,64286,0.05083050847,2
5140,2019-09-16,624857,68067,0.0423559322,2
5141,2019-09-16,644642,75451,0.1016779661,2
5142,2019-09-16,669512,80202,0.05083050847,1
5143,2019-09-16,750744,53892,0.03388135593,2
5144,2019-09-16,1021311,30732,0.01354237288,2
5145,2019-09-16,1083899,68928,0.03388135593,2
5146,2019-09-16,1319422,44041,0.01693220339,1
5147,2019-09-17,154517,67748,0.03388135593,2
5148,2019-09-17,206541,51184,0.08472881356,2
5149,2019-09-17,367962,25878,0.01523728814,2
5150,2019-09-17,589030,53892,0.03388135593,1
5151,2019-09-17,721203,49946,0.03388135593,2
5152,2019-09-17,865857,60203,0.02540677966,2
5153,2019-09-17,979099,76964,0.05083050847,2
5154,2019-09-18,424326,51229,0.03388135593,1
5155,2019-09-18,577637,44310,0.006762711864,1
5156,2019-09-18,670970,45834,0.02201694915,2
5157,2019-09-18,703354,71033,0.03049152542,2
5158,2019-09-18,857855,75114,0.0423559322,2
5159,2019-09-18,1042133,36312,0.03049152542,1
5160,2019-09-18,1070377,31409,0.003372881356,1
5161,2019-09-19,46382,70951,0.04023728814,1
5162,2019-09-19,70868,53892,0.03049152542,2
5163,2019-09-19,70868,83916,0.02286440678,2
5164,2019-09-19,84957,78394,0.04906779661,2
5165,2019-09-19,135104,49946,0.03388135593,2
5166,2019-09-19,312805,15989,0.0403559322,2
5167,2019-09-19,312805,16004,0.04844067797,2
5168,2019-09-19,358136,75204,0.0423559322,2
5169,2019-09-19,493814,74667,0.0423559322,1
5170,2019-09-19,526059,79360,0.05083050847,2
5171,2019-09-19,530992,78973,0.03296610169,2
5172,2019-09-19,536534,55552,0.03049152542,2
5173,2019-09-19,591478,37190,0.0423559322,2
5174,2019-09-19,913409,52135,0.01184745763,1
5175,2019-09-19,933409,68442,0.01693220339,2
5176,2019-09-19,1036522,42631,0.02540677966,1
5177,2019-09-19,1150536,73148,0.05083050847,2
5178,2019-09-19,1162963,61625,0.01354237288,2
5179,2019-09-19,1162963,78973,0.03388135593,2
5180,2019-09-19,1245147,11446,0.01583050847,1
5181,2019-09-19,1312511,45834,0.02201694915,2
5182,2019-09-20,13898,53892,0.03388135593,2
5183,2019-09-20,206541,51184,0.08472881356,2
5184,2019-09-20,329646,15989,0.03811864407,2
5185,2019-09-20,609370,5230,0.012,2
5186,2019-09-20,663700,74,0.01354237288,1
5187,2019-09-20,689610,76964,0.05083050847,2
5188,2019-09-20,894524,15989,0.0423559322,1
5189,2019-09-20,894524,16004,0.05083050847,1
5190,2019-09-20,1282652,28972,0.01354237288,1
5191,2019-09-20,1353780,48003,0.05083050847,1
5192,2019-09-21,10061,71251,0.03388135593,1
5193,2019-09-21,206541,51184,0.08472881356,2
5194,2019-09-21,460121,39140,0.02540677966,1
5195,2019-09-21,1018067,9922,0.05930508475,1
5196,2019-09-21,1171976,37190,0.0423559322,2
5197,2019-09-21,1245269,78973,0.03388135593,1
5198,2019-09-21,1353780,48003,0.05083050847,1
5199,2019-09-22,5322,57977,0.008457627119,1
5200,2019-09-22,195329,65159,0.02201694915,1
5201,2019-09-22,472181,14836,0.03388135593,2
5202,2019-09-22,472181,34645,0.03388135593,2
5203,2019-09-22,483959,73120,0.03388135593,2
5204,2019-09-22,611695,76964,0.04574576271,2
5205,2019-09-22,648475,76964,0.05083050847,2
5206,2019-09-22,851424,61079,0.03388135593,1
5207,2019-09-22,865900,73221,0.03388135593,1
5208,2019-09-22,914993,49946,0.03286440678,1
5209,2019-09-22,914993,76514,0.05752542373,1
5210,2019-09-22,974662,14836,0.03388135593,2
5211,2019-09-22,1256242,51310,0.03388135593,2
5212,2019-09-22,1256242,57977,0.008457627119,2
5213,2019-09-22,1295978,73120,0.03388135593,2
5214,2019-09-23,63004,57977,0.008457627119,2
5215,2019-09-23,133073,16019,0.05083050847,2
5216,2019-09-23,169737,49946,0.03388135593,2
5217,2019-09-23,173804,78973,0.03388135593,2
5218,2019-09-23,199402,33992,0.01015254237,2
5219,2019-09-23,275515,25878,0.01523728814,2
5220,2019-09-23,418197,63328,0.0423559322,2
5221,2019-09-23,474022,79766,0.0423559322,2
5222,2019-09-23,768656,78848,0.03388135593,2
5223,2019-09-23,796778,71255,0.03388135593,2
5224,2019-09-23,862583,73221,0.03388135593,2
5225,2019-09-23,1354165,72495,0.007338983051,1
5226,2019-09-24,266680,79831,0.05083050847,2
5227,2019-09-24,498308,68067,0.0423559322,2
5228,2019-09-24,765356,43969,0.02540677966,2
5229,2019-09-24,808648,61415,0.01693220339,2
5230,2019-09-24,825279,56997,0.02540677966,2
5231,2019-09-24,936625,86171,0.01693220339,1
5232,2019-09-24,1152400,65697,0.02540677966,2
5233,2019-09-25,69592,22645,0.01184745763,2
5234,2019-09-25,134598,42129,0.009033898305,1
5235,2019-09-25,356699,63328,0.0423559322,2
5236,2019-09-25,356699,74534,0.05083050847,2
5237,2019-09-25,444051,37703,0.02540677966,2
5238,2019-09-25,483959,73120,0.03388135593,2
5239,2019-09-25,505867,64986,0.01693220339,2
5240,2019-09-25,535455,65001,0.03313559322,1
5241,2019-09-25,577255,79365,0.02420338983,1
5242,2019-09-25,623122,74311,0.03049152542,2
5243,2019-09-25,623122,74542,0.05083050847,2
5244,2019-09-25,738325,53892,0.03388135593,2
5245,2019-09-25,935655,75533,0.02540677966,2
5246,2019-09-25,982858,76945,0.1186271186,1
5247,2019-09-25,982858,80206,0.05083050847,1
5248,2019-09-25,1137554,67747,0.02879661017,1
5249,2019-09-25,1162153,76444,0.02201694915,2
5250,2019-09-25,1229667,16019,0.05083050847,2
5251,2019-09-25,1229667,44041,0.01693220339,1
5252,2019-09-26,33132,72495,0.008457627119,1
5253,2019-09-26,285161,1931,0.003372881356,1
5254,2019-09-26,645607,44041,0.015,1
5255,2019-09-26,647457,53491,0.002525423729,1
5256,2019-09-26,700691,9320,0.02201694915,1
5257,2019-09-26,866012,69773,0.03049152542,2
5258,2019-09-26,895975,85416,0.01942372881,1
5259,2019-09-26,917180,53892,0.03388135593,2
5260,2019-09-26,920710,53892,0.03318644068,2
5261,2019-09-26,1095519,71251,0.03388135593,1
5262,2019-09-26,1118595,78394,0.04720338983,1
5263,2019-09-26,1162963,61625,0.02033898305,2
5264,2019-09-27,247291,79365,0.02413559322,1
5265,2019-09-27,250417,79360,0.04898305085,1
5266,2019-09-27,460838,79035,0.05083050847,2
5267,2019-09-27,704078,77042,0.03388135593,2
5268,2019-09-27,780377,49946,0.03194915254,1
5269,2019-09-27,789635,74534,0.05083050847,2
5270,2019-09-27,822239,60483,0.01015254237,1
5271,2019-09-27,1025091,1720,0.004677966102,1
5272,2019-09-28,3397,48705,0.02303389831,2
5273,2019-09-28,3397,62705,0.01761016949,2
5274,2019-09-28,42889,75600,0.1084576271,2
5275,2019-09-28,118962,74542,0.04066101695,2
5276,2019-09-28,118962,79365,0.0203220339,2
5277,2019-09-28,122400,74542,0.04066101695,2
5278,2019-09-28,127016,3514,0.0203220339,2
5279,2019-09-28,155610,53892,0.02710169492,2
5280,2019-09-28,170546,71255,0.02710169492,2
5281,2019-09-28,180202,71255,0.02710169492,2
5282,2019-09-28,203595,70951,0.03388135593,2
5283,2019-09-28,269153,63469,0.01761016949,2
5284,2019-09-28,277550,74534,0.04066101695,2
5285,2019-09-28,330875,79365,0.0203220339,1
5286,2019-09-28,337350,3514,0.03388135593,1
5287,2019-09-28,396539,72495,0.008457627119,1
5288,2019-09-28,483344,4049,0.02710169492,2
5289,2019-09-28,498308,68067,0.03388135593,2
5290,2019-09-28,538721,75344,0.02710169492,2
5291,2019-09-28,559303,67747,0.02710169492,2
5292,2019-09-28,564976,15989,0.03388135593,2
5293,2019-09-28,570409,3514,0.02710169492,2
5294,2019-09-28,602725,16019,0.04066101695,2
5295,2019-09-28,635492,72495,0.006762711864,1
5296,2019-09-28,638891,71097,0.0203220339,2
5297,2019-09-28,638891,78973,0.02710169492,2
5298,2019-09-28,669033,47666,0.0203220339,2
5299,2019-09-28,669033,76444,0.01761016949,2
5300,2019-09-28,692891,71251,0.03388135593,2
5301,2019-09-28,706335,874,0.04066101695,2
5302,2019-09-28,733607,74534,0.03811864407,2
5303,2019-09-28,745630,74,0.01083050847,2
5304,2019-09-28,768149,63328,0.03388135593,2
5305,2019-09-28,803892,59543,0.01693220339,1
5306,2019-09-28,809792,63328,0.03388135593,2
5307,2019-09-28,830050,67859,0.02710169492,2
5308,2019-09-28,832881,83853,0.0203220339,2
5309,2019-09-28,847117,75572,0.1613559322,2
5310,2019-09-28,863667,55593,0.01083050847,2
5311,2019-09-28,864138,71251,0.03049152542,1
5312,2019-09-28,887758,15989,0.03388135593,2
5313,2019-09-28,951444,74542,0.04066101695,2
5314,2019-09-28,957435,15989,0.03388135593,2
5315,2019-09-28,971126,16004,0.03252542373,2
5316,2019-09-28,971126,79669,0.1073898305,2
5317,2019-09-28,995091,63328,0.03388135593,2
5318,2019-09-28,995091,67052,0.0203220339,2
5319,2019-09-28,1080503,68011,0.08133898305,2
5320,2019-09-28,1101569,72901,0.04744067797,2
5321,2019-09-28,1110886,57977,0.006762711864,2
5322,2019-09-28,1143221,60254,0.05422033898,1
5323,2019-09-28,1155741,24146,0.01554237288,1
5324,2019-09-28,1170872,79986,0.04066101695,2
5325,2019-09-28,1186641,10021,0.02710169492,2
5326,2019-09-28,1231119,49946,0.03049152542,1
5327,2019-09-28,1289605,15989,0.02540677966,2
5328,2019-09-28,1347167,42631,0.0203220339,2
5329,2019-09-28,1347167,63328,0.03388135593,2
5330,2019-09-28,1347167,71250,0.02710169492,2
5331,2019-09-28,1359847,53892,0.03208474576,2
5332,2019-09-28,1366365,62205,0.02001694915,1
5333,2019-09-29,91609,70951,0.03388135593,2
5334,2019-09-29,106634,89042,0.009474576271,2
5335,2019-09-29,149683,53892,0.03388135593,2
5336,2019-09-29,225893,28972,0.01354237288,1
5337,2019-09-29,243236,79766,0.0423559322,2
5338,2019-09-29,270060,34697,0.02438983051,2
5339,2019-09-29,968462,71097,0.0203220339,2
5340,2019-09-29,1190524,19012,0.03388135593,2
5341,2019-09-29,1190524,62228,0.02540677966,2
5342,2019-09-29,1247966,54670,0.05083050847,1
5343,2019-09-30,150981,46400,0.03388135593,2
5344,2019-09-30,266680,79831,0.05083050847,2
5345,2019-09-30,560661,75982,0.01354237288,2
5346,2019-09-30,693812,78418,0.0423559322,1
5347,2019-09-30,733008,72495,0.008457627119,2
5348,2019-09-30,1110649,53892,0.03388135593,2
5349,2019-09-30,1110649,83853,0.02540677966,2
5350,2019-09-30,1130112,71097,0.02286440678,1
5351,2019-09-30,1256242,74542,0.05083050847,2
5352,2019-10-01,1582,78418,0.0423559322,1
5353,2019-10-01,97585,53892,0.03388135593,2
5354,2019-10-01,120652,78973,0.03388135593,2
5355,2019-10-01,165303,70920,0.03388135593,2
5356,2019-10-01,232440,40126,0.06777966102,2
5357,2019-10-01,257001,79952,0.01354237288,2
5358,2019-10-01,273497,40126,0.06777966102,2
5359,2019-10-01,468996,85416,0.02201694915,2
5360,2019-10-01,537282,45465,0.01354237288,1
5361,2019-10-01,537282,47730,0.01693220339,1
5362,2019-10-01,916446,71255,0.02710169492,1
5363,2019-10-01,1061034,16019,0.05083050847,2
5364,2019-10-01,1092890,74226,0.1355762712,2
5365,2019-10-01,1179401,44041,0.01693220339,2
5366,2019-10-01,1193964,86243,0.03388135593,2
5367,2019-10-01,1288929,74534,0.05083050847,2
5368,2019-10-01,1294303,17224,0.01203389831,1
5369,2019-10-01,1300914,77704,0.00506779661,1
5370,2019-10-01,1328308,32112,0.03388135593,2
5371,2019-10-01,1328308,75344,0.03388135593,2
5372,2019-10-02,395058,35143,0.01693220339,2
5373,2019-10-02,398791,16004,0.05083050847,1
5374,2019-10-02,421824,74664,0.02540677966,2
5375,2019-10-02,439182,72530,0.00506779661,2
5376,2019-10-02,542424,1921,0.01523728814,2
5377,2019-10-02,543462,64860,0.01354237288,2
5378,2019-10-02,578246,51112,0.01015254237,2
5379,2019-10-02,630559,75483,0.02447457627,1
5380,2019-10-02,669284,74664,0.02540677966,2
5381,2019-10-02,762849,74664,0.02540677966,2
5382,2019-10-02,772571,3316,0.02540677966,1
5383,2019-10-02,772571,72405,0.02540677966,1
5384,2019-10-02,826080,71255,0.03388135593,1
5385,2019-10-02,867934,79767,0.0403220339,2
5386,2019-10-02,1237185,22629,0.02540677966,2
5387,2019-10-02,1257310,61509,0.02540677966,2
5388,2019-10-02,1356990,71145,0.01218644068,2
5389,2019-10-03,20621,72647,0.02201694915,2
5390,2019-10-03,76585,3514,0.02710169492,2
5391,2019-10-03,108728,16019,0.05083050847,2
5392,2019-10-03,169737,74664,0.02540677966,2
5393,2019-10-03,461150,42631,0.02540677966,2
5394,2019-10-03,539092,13010,0.01693220339,2
5395,2019-10-03,546763,3951,0.02201694915,2
5396,2019-10-03,704757,76514,0.05930508475,1
5397,2019-10-03,733607,10648,0.01693220339,1
5398,2019-10-03,735902,53892,0.03388135593,2
5399,2019-10-03,784866,72495,0.008457627119,1
5400,2019-10-03,899266,67747,0.03388135593,1
5401,2019-10-03,1080254,76964,0.05083050847,2
5402,2019-10-03,1100537,76370,0.008457627119,2
5403,2019-10-03,1114181,85416,0.02201694915,2
5404,2019-10-03,1114412,70951,0.0423559322,2
5405,2019-10-03,1247873,76370,0.008457627119,2
5406,2019-10-03,1346605,76370,0.008457627119,2
5407,2019-10-04,166452,74534,0.05083050847,2
5408,2019-10-04,264296,70951,0.0423559322,2
5409,2019-10-04,320656,75982,0.01354237288,2
5410,2019-10-04,323824,10648,0.01693220339,2
5411,2019-10-04,375475,64286,0.05083050847,2
5412,2019-10-04,472608,75842,0.1525254237,2
5413,2019-10-04,484986,65616,0.03388135593,2
5414,2019-10-04,490701,71255,0.03388135593,1
5415,2019-10-04,614199,14234,0.01015254237,2
5416,2019-10-04,688118,58251,0.02540677966,2
5417,2019-10-04,734295,59158,0.03510169492,2
5418,2019-10-04,734295,71250,0.0336440678,2
5419,2019-10-04,789635,74534,0.05083050847,2
5420,2019-10-04,1010941,42129,0.009016949153,1
5421,2019-10-04,1366131,71097,0.02540677966,2
5422,2019-10-05,51546,67505,0.06777966102,1
5423,2019-10-05,304498,74832,0.04920338983,1
5424,2019-10-05,424540,72495,0.008457627119,1
5425,2019-10-05,486238,64631,0.03388135593,1
5426,2019-10-05,533631,22645,0.01184745763,2
5427,2019-10-05,533631,57700,0.01693220339,2
5428,2019-10-05,571855,63328,0.03813559322,1
5429,2019-10-05,712884,44041,0.01596610169,2
5430,2019-10-05,740080,71951,0.03218644068,1
5431,2019-10-05,795359,71255,0.02710169492,1
5432,2019-10-05,914993,70951,0.0423559322,2
5433,2019-10-05,933842,11446,0.02286440678,1
5434,2019-10-05,1042133,57977,0.008457627119,1
5435,2019-10-05,1043097,24098,0.05930508475,1
5436,2019-10-05,1060548,43529,0.01354237288,2
5437,2019-10-05,1086138,74542,0.05083050847,2
5438,2019-10-05,1300184,63328,0.03869491525,2
5439,2019-10-06,18849,66446,0.01184745763,2
5440,2019-10-06,24870,78973,0.03388135593,1
5441,2019-10-06,86865,7868,0.02540677966,2
5442,2019-10-06,220011,57332,0.01354237288,2
5443,2019-10-06,236070,72983,0.03388135593,2
5444,2019-10-06,418197,60866,0.02540677966,2
5445,2019-10-06,710274,47989,0.03388135593,2
5446,2019-10-06,782724,64860,0.01354237288,2
5447,2019-10-06,985153,52610,0.02201694915,1
5448,2019-10-06,1149129,84778,0.03303389831,1
5449,2019-10-06,1167607,35143,0.01693220339,2
5450,2019-10-06,1336174,10687,0.03388135593,2
5451,2019-10-07,323778,68101,0.008457627119,2
5452,2019-10-07,338296,4201,0.02540677966,2
5453,2019-10-07,404128,53892,0.03228813559,2
5454,2019-10-07,489609,65616,0.03086440678,2
5455,2019-10-07,591478,56793,0.03049152542,2
5456,2019-10-07,956253,48668,0.01523728814,1
5457,2019-10-07,1010041,53892,0.03388135593,1
5458,2019-10-07,1060548,9481,0.04744067797,2
5459,2019-10-07,1092890,74226,0.1355762712,2
5460,2019-10-07,1110649,53892,0.03388135593,2
5461,2019-10-07,1288929,74534,0.04676271186,1
5462,2019-10-07,1341461,74667,0.03811864407,2
5463,2019-10-07,1349234,56793,0.02991525424,2
5464,2019-10-08,151043,55864,0.03388135593,2
5465,2019-10-08,209309,10648,0.01693220339,2
5466,2019-10-08,347484,10687,0.03388135593,2
5467,2019-10-08,468445,78394,0.04784745763,1
5468,2019-10-08,624788,44964,0.006762711864,1
5469,2019-10-09,65923,46395,0.03388135593,1
5470,2019-10-09,69592,47547,0.01354237288,2
5471,2019-10-09,69592,66030,0.02377966102,2
5472,2019-10-09,78900,75533,0.02540677966,2
5473,2019-10-09,86865,65616,0.03388135593,2
5474,2019-10-09,422661,42631,0.02337288136,2
5475,2019-10-09,505867,64986,0.01354237288,2
5476,2019-10-09,539092,65616,0.03388135593,2
5477,2019-10-09,570409,74249,0.03359322034,2
5478,2019-10-09,717472,57977,0.007559322034,2
5479,2019-10-09,724659,10648,0.01693220339,2
5480,2019-10-09,802307,74249,0.03388135593,2
5481,2019-10-09,828684,15989,0.0423559322,2
5482,2019-10-09,848251,37109,0.05083050847,2
5483,2019-10-09,965378,49946,0.03388135593,1
5484,2019-10-09,1091976,53892,0.03388135593,2
5485,2019-10-10,18026,79669,0.1677966102,1
5486,2019-10-10,47370,71905,0.02201694915,2
5487,2019-10-10,428818,16595,0.02516949153,2
5488,2019-10-10,668446,77666,0.04166101695,2
5489,2019-10-10,736597,78957,0.02540677966,1
5490,2019-10-10,757037,58512,0.001288135593,1
5491,2019-10-10,762849,74664,0.02540677966,2
5492,2019-10-10,935774,3514,0.03388135593,1
5493,2019-10-10,988090,81315,0.05083050847,2
5494,2019-10-10,1089285,74249,0.03388135593,2
5495,2019-10-10,1089285,74664,0.02540677966,2
5496,2019-10-11,62233,65088,0.03049152542,1
5497,2019-10-11,62906,4013,0.01523728814,1
5498,2019-10-11,437208,70951,0.03557627119,1
5499,2019-10-11,539092,65616,0.03086440678,2
5500,2019-10-11,752444,16019,0.04676271186,2
5501,2019-10-11,983268,42631,0.02250847458,1
5502,2019-10-11,1076904,38671,0.05930508475,2
5503,2019-10-11,1076904,74667,0.0423559322,2
5504,2019-10-11,1135039,79831,0.04886440678,1
5505,2019-10-11,1175049,68011,0.1016779661,1
5506,2019-10-12,231434,74249,0.03306779661,2
5507,2019-10-12,550161,65314,0.01905084746,1
5508,2019-10-12,649810,46400,0.02710169492,2
5509,2019-10-12,769130,78899,0.03388135593,2
5510,2019-10-12,909040,85994,0.03320338983,1
5511,2019-10-13,68005,76991,0.03201694915,2
5512,2019-10-13,86865,65616,0.03388135593,2
5513,2019-10-13,214052,48003,0.02201694915,2
5514,2019-10-13,221809,65399,0.01354237288,2
5515,2019-10-13,449891,53070,0.05083050847,2
5516,2019-10-13,478632,58473,0.03057627119,2
5517,2019-10-13,496315,53892,0.03388135593,2
5518,2019-10-13,576307,80747,0.02540677966,2
5519,2019-10-13,703173,74664,0.02540677966,2
5520,2019-10-13,703173,79952,0.01354237288,2
5521,2019-10-13,782724,64860,0.01354237288,2
5522,2019-10-13,782724,76370,0.008457627119,2
5523,2019-10-13,887758,15989,0.036,1
5524,2019-10-13,983516,45834,0.01523728814,2
5525,2019-10-13,983516,62508,0.01354237288,2
5526,2019-10-14,18967,56997,0.02540677966,2
5527,2019-10-14,91609,25059,0.02540677966,2
5528,2019-10-14,121941,64234,0.01693220339,2
5529,2019-10-14,167670,2703,0.01693220339,1
5530,2019-10-14,167670,74542,0.05083050847,2
5531,2019-10-14,321689,14234,0.01015254237,1
5532,2019-10-14,321689,73220,0.03388135593,1
5533,2019-10-14,336145,76352,0.03206779661,1
5534,2019-10-14,610704,76752,0.02540677966,1
5535,2019-10-15,81416,68442,0.01693220339,2
5536,2019-10-15,184063,79365,0.02540677966,1
5537,2019-10-15,243236,79766,0.0423559322,2
5538,2019-10-15,362553,55026,0.06777966102,2
5539,2019-10-15,362637,42631,0.02540677966,2
5540,2019-10-15,409379,86332,0.0266440678,2
5541,2019-10-15,958476,42631,0.02540677966,2
5542,2019-10-15,1171976,53247,0.02201694915,2
5543,2019-10-16,55831,81571,0.02540677966,2
5544,2019-10-16,173453,85416,0.02201694915,2
5545,2019-10-16,208344,42631,0.02540677966,1
5546,2019-10-16,336145,76352,0.03206779661,1
5547,2019-10-16,355554,77402,0.03733898305,2
5548,2019-10-16,536534,42129,0.01579661017,2
5549,2019-10-16,695807,52467,0.08472881356,2
5550,2019-10-16,704757,42129,0.01271186441,1
5551,2019-10-16,743811,70951,0.0423559322,1
5552,2019-10-16,887758,15989,0.036,1
5553,2019-10-16,896506,16019,0.05083050847,2
5554,2019-10-16,1049238,53892,0.03388135593,1
5555,2019-10-16,1069811,74569,0.05930508475,2
5556,2019-10-16,1241483,52806,0.02591525424,1
5557,2019-10-17,34627,6708,0.02189830508,1
5558,2019-10-17,36221,53892,0.03388135593,2
5559,2019-10-17,156773,84328,0.02540677966,1
5560,2019-10-17,349679,47666,0.02540677966,2
5561,2019-10-17,494233,74,0.01354237288,1
5562,2019-10-17,685400,72495,0.007610169492,2
5563,2019-10-17,688423,68595,0.03388135593,2
5564,2019-10-17,694985,79219,0.02286440678,2
5565,2019-10-17,801716,72779,0.02201694915,2
5566,2019-10-17,801716,78787,0.02540677966,2
5567,2019-10-17,1236321,66446,0.01015254237,2
5568,2019-10-18,65293,44041,0.01693220339,1
5569,2019-10-18,190649,16595,0.02540677966,2
5570,2019-10-18,274155,25878,0.01354237288,2
5571,2019-10-18,428533,80206,0.05083050847,2
5572,2019-10-18,438756,73281,0.01354237288,2
5573,2019-10-18,663346,75840,0.1016779661,1
5574,2019-10-18,800705,64267,0.004389830508,1
5575,2019-10-18,828684,15989,0.03133898305,2
5576,2019-10-18,1205926,9778,0.01523728814,2
5577,2019-10-19,65879,144,0.002762711864,1
5578,2019-10-19,97894,72495,0.007610169492,1
5579,2019-10-19,206541,40415,0.01354237288,1
5580,2019-10-19,538153,77562,0.03388135593,2
5581,2019-10-19,576628,79360,0.05083050847,2
5582,2019-10-19,724659,10648,0.01693220339,2
5583,2019-10-19,784061,71097,0.02540677966,1
5584,2019-10-19,790767,44041,0.01693220339,1
5585,2019-10-19,856637,76964,0.04962711864,2
5586,2019-10-19,971126,16004,0.04066101695,2
5587,2019-10-19,988090,81315,0.05083050847,2
5588,2019-10-19,1081085,71251,0.03049152542,1
5589,2019-10-19,1344496,55593,0.01354237288,1
5590,2019-10-19,1354165,74811,0.02201694915,1
5591,2019-10-20,24851,9857,0.03098305085,2
5592,2019-10-20,133060,76964,0.05083050847,2
5593,2019-10-20,209530,65616,0.03388135593,2
5594,2019-10-20,212726,3096,0.03562711864,2
5595,2019-10-20,435351,79766,0.0423559322,2
5596,2019-10-20,538873,909,0.05083050847,2
5597,2019-10-20,631596,72639,0.008457627119,2
5598,2019-10-20,723806,3514,0.02822033898,2
5599,2019-10-20,861676,70560,0.01523728814,1
5600,2019-10-20,875173,53892,0.03388135593,2
5601,2019-10-20,876328,89074,0.02540677966,2
5602,2019-10-20,1218901,73281,0.01218644068,2
5603,2019-10-20,1282895,2617,0.03049152542,2
5604,2019-10-21,71760,71097,0.02540677966,2
5605,2019-10-21,71760,83853,0.02540677966,2
5606,2019-10-21,120808,5965,0.02540677966,1
5607,2019-10-21,209530,65616,0.03388135593,2
5608,2019-10-21,304028,68579,0.03388135593,2
5609,2019-10-21,596365,76945,0.1118474576,1
5610,2019-10-21,1164893,42631,0.02540677966,1
5611,2019-10-21,1284150,81493,0.05930508475,1
5612,2019-10-22,62906,4013,0.01693220339,1
5613,2019-10-22,223258,63909,0.02540677966,1
5614,2019-10-22,266801,74624,0.008457627119,1
5615,2019-10-22,734250,77221,0.03049152542,2
5616,2019-10-22,747673,81571,0.02540677966,1
5617,2019-10-22,938340,40099,0.03388135593,2
5618,2019-10-22,951870,71097,0.02540677966,2
5619,2019-10-22,1234943,76945,0.1186271186,1
5620,2019-10-22,1350232,79365,0.02540677966,1
5621,2019-10-23,236467,10648,0.01693220339,1
5622,2019-10-23,236467,84778,0.03388135593,1
5623,2019-10-23,237073,11446,0.02540677966,1
5624,2019-10-23,243699,78957,0.02540677966,1
5625,2019-10-23,359001,74,0.01354237288,1
5626,2019-10-23,543017,70650,0.02540677966,2
5627,2019-10-23,647364,87950,0.03049152542,2
5628,2019-10-23,701736,78394,0.04983050847,2
5629,2019-10-23,717695,74249,0.03388135593,1
5630,2019-10-23,765556,53892,0.03049152542,2
5631,2019-10-23,765556,82248,0.01218644068,2
5632,2019-10-23,880931,74624,0.008457627119,1
5633,2019-10-23,998079,71255,0.02710169492,1
5634,2019-10-23,1149913,58251,0.02286440678,2
5635,2019-10-23,1254134,71255,0.02710169492,1
5636,2019-10-23,1296542,45969,0.04574576271,2
5637,2019-10-24,72279,87950,0.03388135593,2
5638,2019-10-24,201952,63328,0.03557627119,1
5639,2019-10-24,225414,16004,0.04676271186,1
5640,2019-10-24,225414,77562,0.03116949153,1
5641,2019-10-24,456224,64341,0.01015254237,2
5642,2019-10-24,539092,13010,0.01693220339,2
5643,2019-10-24,555212,76444,0.02201694915,1
5644,2019-10-24,569628,78237,0.04881355932,1
5645,2019-10-24,777373,74615,0.01354237288,2
5646,2019-10-24,866012,77221,0.03388135593,2
5647,2019-10-24,969220,17672,0.01230508475,1
5648,2019-10-24,1088066,82227,0.09150847458,2
5649,2019-10-24,1301404,16019,0.05083050847,1
5650,2019-10-25,7190,80202,0.05083050847,1
5651,2019-10-25,53526,79365,0.02540677966,1
5652,2019-10-25,121674,87950,0.03388135593,1
5653,2019-10-25,236792,74667,0.0423559322,1
5654,2019-10-25,282632,74811,0.02201694915,2
5655,2019-10-25,353262,42631,0.02540677966,2
5656,2019-10-25,409002,28419,0.02286440678,2
5657,2019-10-25,464486,49513,0.01184745763,1
5658,2019-10-25,692891,76964,0.04320338983,2
5659,2019-10-25,749610,71905,0.01981355932,2
5660,2019-10-25,749610,83853,0.02286440678,2
5661,2019-10-25,772789,49946,0.03388135593,1
5662,2019-10-25,828684,15989,0.0423559322,1
5663,2019-10-25,933409,54834,0.009966101695,2
5664,2019-10-25,1246387,16697,0.00506779661,1
5665,2019-10-26,393716,79952,0.01354237288,2
5666,2019-10-26,407413,10021,0.03388135593,2
5667,2019-10-26,438469,79365,0.02540677966,1
5668,2019-10-26,489609,40126,0.06777966102,2
5669,2019-10-26,610103,42631,0.02159322034,1
5670,2019-10-26,692891,76964,0.04320338983,2
5671,2019-10-26,752998,14836,0.0293559322,1
5672,2019-10-26,896091,79365,0.02540677966,1
5673,2019-10-26,988931,74249,0.03388135593,1
5674,2019-10-26,1068828,81571,0.02540677966,1
5675,2019-10-26,1072016,87706,0.1677966102,2
5676,2019-10-26,1101350,85743,0.02540677966,2
5677,2019-10-26,1201210,3717,0.01589830508,1
5678,2019-10-27,97007,78957,0.02540677966,1
5679,2019-10-27,320632,22465,0.01354237288,1
5680,2019-10-27,432277,87950,0.03388135593,2
5681,2019-10-27,442011,62205,0.02201694915,1
5682,2019-10-27,472181,45579,0.01269491525,2
5683,2019-10-27,477097,15989,0.0423559322,1
5684,2019-10-27,496279,874,0.05083050847,2
5685,2019-10-27,588721,81872,0.1016779661,2
5686,2019-10-27,777637,51923,0.01542372881,1
5687,2019-10-27,788348,23790,0.01184745763,2
5688,2019-10-27,788348,45834,0.01523728814,2
5689,2019-10-27,897156,71097,0.02540677966,2
5690,2019-10-27,912324,81571,0.02159322034,1
5691,2019-10-27,940926,42631,0.02540677966,1
5692,2019-10-27,1048585,65088,0.03388135593,1
5693,2019-10-28,81445,10021,0.03049152542,1
5694,2019-10-28,127893,75344,0.03388135593,2
5695,2019-10-28,304882,2138,0.03388135593,1
5696,2019-10-28,405122,20125,0.04130508475,2
5697,2019-10-28,674240,70951,0.0423559322,1
5698,2019-10-28,776259,84145,0.03388135593,2
5699,2019-10-28,1038948,78957,0.01862711864,1
5700,2019-10-29,179717,72983,0.03293220339,2
5701,2019-10-29,366130,43969,0.02405084746,2
5702,2019-10-29,366677,3514,0.02710169492,2
5703,2019-10-29,438756,78157,0.03388135593,2
5704,2019-10-29,438756,85743,0.02540677966,2
5705,2019-10-29,697779,63328,0.03944067797,1
5706,2019-10-30,26250,68579,0.02710169492,2
5707,2019-10-30,136083,68501,0.01015254237,2
5708,2019-10-30,185841,74542,0.05083050847,2
5709,2019-10-30,384848,82243,0.06777966102,2
5710,2019-10-30,427171,78394,0.04574576271,2
5711,2019-10-30,472181,74667,0.04137288136,1
5712,2019-10-30,717472,13963,0.003372881356,1
5713,2019-10-30,935314,59533,0.03388135593,2
5714,2019-10-30,935314,73221,0.03388135593,2
5715,2019-10-30,935314,77221,0.03388135593,2
5716,2019-10-30,935314,80525,0.05083050847,2
5717,2019-10-30,1301404,16019,0.04811864407,2
5718,2019-10-30,1321008,42129,0.01028813559,1
5719,2019-10-31,44795,68595,0.03072881356,2
5720,2019-10-31,170546,45579,0.01354237288,2
5721,2019-10-31,170546,78128,0.01693220339,2
5722,2019-10-31,366677,3514,0.03388135593,2
5723,2019-10-31,626101,76964,0.05083050847,2
5724,2019-10-31,712856,77221,0.03388135593,2
5725,2019-10-31,779286,10021,0.03388135593,1
5726,2019-10-31,864078,62508,0.01354237288,2
5727,2019-10-31,1157601,43088,0.02201694915,1
5728,2019-10-31,1167900,57977,0.008457627119,2
5729,2019-10-31,1167900,73123,0.03388135593,2
5730,2019-11-01,59279,76514,0.05828813559,1
5731,2019-11-01,687320,79279,0.03388135593,2
5732,2019-11-01,1049734,14365,0.02540677966,1
5733,2019-11-01,1146458,10648,0.01033898305,1
5734,2019-11-01,1168403,3514,0.03388135593,1
5735,2019-11-02,64005,47666,0.02201694915,1
5736,2019-11-02,296767,75982,0.01354237288,2
5737,2019-11-02,588307,59543,0.02201694915,2
5738,2019-11-02,829423,75451,0.1005084746,2
5739,2019-11-02,829423,77341,0.1005084746,2
5740,2019-11-02,887758,53892,0.02540677966,1
5741,2019-11-02,940926,74790,0.05083050847,2
5742,2019-11-03,173425,22629,0.0203220339,2
5743,2019-11-03,173425,71255,0.02710169492,2
5744,2019-11-03,180202,78606,0.04066101695,2
5745,2019-11-03,428578,64286,0.03811864407,2
5746,2019-11-03,444051,59533,0.02627118644,2
5747,2019-11-03,446513,75451,0.08133898305,2
5748,2019-11-03,491302,53892,0.02710169492,2
5749,2019-11-03,614199,71255,0.02710169492,2
5750,2019-11-03,641228,76444,0.01761016949,2
5751,2019-11-03,692999,55000,0.01354237288,2
5752,2019-11-03,712856,77221,0.03049152542,2
5753,2019-11-03,770352,3514,0.02710169492,2
5754,2019-11-03,785089,14836,0.02710169492,2
5755,2019-11-03,852257,36312,0.02438983051,2
5756,2019-11-03,865357,68442,0.01354237288,2
5757,2019-11-03,886086,71097,0.0203220339,2
5758,2019-11-03,938340,44041,0.01354237288,2
5759,2019-11-03,938340,54670,0.02845762712,2
5760,2019-11-03,940926,74790,0.04066101695,2
5761,2019-11-03,1042975,9481,0.04744067797,2
5762,2019-11-03,1100537,52373,0.01972881356,2
5763,2019-11-03,1184599,71250,0.02710169492,2
5764,2019-11-03,1193964,30662,0.03388135593,2
5765,2019-11-03,1203681,71255,0.02710169492,2
5766,2019-11-03,1336465,64286,0.03986440678,2
5767,2019-11-04,24851,24949,0.03557627119,2
5768,2019-11-04,209530,77562,0.03388135593,2
5769,2019-11-04,357794,63494,0.03049152542,2
5770,2019-11-04,670857,75048,0.01354237288,1
5771,2019-11-04,762849,74664,0.01862711864,2
5772,2019-11-04,1080503,51332,0.06777966102,2
5773,2019-11-04,1203681,74275,0.02713559322,2
5774,2019-11-04,1205727,79313,0.03388135593,2
5775,2019-11-04,1256421,53892,0.02710169492,2
5776,2019-11-05,55831,76444,0.02201694915,1
5777,2019-11-05,214052,45113,0.03388135593,2
5778,2019-11-05,214052,90136,0.03049152542,2
5779,2019-11-05,323778,74249,0.03388135593,2
5780,2019-11-05,461513,87950,0.03388135593,2
5781,2019-11-05,641526,43839,0.008457627119,1
5782,2019-11-05,669284,68407,0.02540677966,2
5783,2019-11-05,912324,49946,0.02879661017,1
5784,2019-11-05,916446,57977,0.008457627119,2
5785,2019-11-05,1037061,66446,0.008118644068,2
5786,2019-11-05,1265404,53071,0.04574576271,2
5787,2019-11-06,118180,16004,0.05083050847,2
5788,2019-11-06,183490,3717,0.01693220339,1
5789,2019-11-06,185937,17672,0.01354237288,1
5790,2019-11-06,329595,55189,0.0423559322,2
5791,2019-11-06,500872,72495,0.007966101695,1
5792,2019-11-06,1201096,83009,0.06777966102,2
5793,2019-11-06,1241337,72495,0.008457627119,1
5794,2019-11-07,38968,63494,0.03049152542,1
5795,2019-11-07,159094,3717,0.01693220339,1
5796,2019-11-07,209530,77562,0.03388135593,2
5797,2019-11-07,476236,71250,0.03388135593,1
5798,2019-11-07,477097,16004,0.05083050847,2
5799,2019-11-07,669185,53071,0.04896610169,2
5800,2019-11-07,671913,34923,0.02540677966,2
5801,2019-11-07,834554,711,0.02540677966,2
5802,2019-11-07,1206390,45738,0.01693220339,1
5803,2019-11-08,118180,15989,0.0423559322,1
5804,2019-11-08,164374,57977,0.008457627119,2
5805,2019-11-08,330091,77562,0.03388135593,2
5806,2019-11-08,563093,13117,0.03388135593,1
5807,2019-11-08,721510,70650,0.02286440678,2
5808,2019-11-08,820273,71251,0.03388135593,1
5809,2019-11-08,1149275,72983,0.02483050847,1
5810,2019-11-09,248321,87950,0.03388135593,1
5811,2019-11-09,517898,73221,0.03388135593,1
5812,2019-11-09,821912,14365,0.02540677966,2
5813,2019-11-09,848366,74534,0.05083050847,2
5814,2019-11-09,850385,61415,0.01693220339,1
5815,2019-11-09,930710,86444,0.01354237288,1
5816,2019-11-09,961899,77382,0.02540677966,1
5817,2019-11-09,1025091,52108,0.02540677966,1
5818,2019-11-09,1122730,78848,0.03276271186,2
5819,2019-11-10,183003,74275,0.03388135593,2
5820,2019-11-10,245852,14234,0.01015254237,1
5821,2019-11-10,248156,76934,0.1677966102,2
5822,2019-11-10,329285,70927,0.09150847458,1
5823,2019-11-10,390466,10648,0.01071186441,2
5824,2019-11-10,793849,51647,0.008457627119,1
5825,2019-11-10,1039194,72647,0.02201694915,1
5826,2019-11-10,1166384,75429,0.03388135593,1
5827,2019-11-10,1166384,78128,0.01693220339,1
5828,2019-11-10,1245388,83853,0.02384745763,1
5829,2019-11-11,21470,43089,0.05277966102,2
5830,2019-11-11,440322,25059,0.02540677966,2
5831,2019-11-11,497248,13715,0.02540677966,2
5832,2019-11-11,497248,13882,0.01354237288,2
5833,2019-11-11,497248,15249,0.008457627119,2
5834,2019-11-11,582883,75344,0.02684745763,2
5835,2019-11-11,613169,84271,0.03388135593,2
5836,2019-11-11,669284,68407,0.02540677966,2
5837,2019-11-11,1013499,75451,0.1016779661,2
5838,2019-11-11,1176872,44442,0.04427118644,2
5839,2019-11-11,1306800,87950,0.03015254237,2
5840,2019-11-12,160336,3951,0.02201694915,2
5841,2019-11-12,278625,53892,0.03388135593,2
5842,2019-11-12,437820,87950,0.03388135593,2
5843,2019-11-12,685559,71255,0.02677966102,2
5844,2019-11-12,1247145,70650,0.02540677966,2
5845,2019-11-12,1366985,43089,0.05930508475,2
5846,2019-11-12,1366985,53248,0.02540677966,2
5847,2019-11-13,520805,53892,0.03388135593,1
5848,2019-11-13,583675,68408,0.02540677966,2
5849,2019-11-13,686256,75533,0.02540677966,2
5850,2019-11-13,917065,64187,0.02201694915,1
5851,2019-11-13,1040883,57977,0.008457627119,2
5852,2019-11-13,1076008,84271,0.01693220339,1
5853,2019-11-13,1081564,84145,0.03388135593,1
5854,2019-11-13,1257310,80083,0.05083050847,1
5855,2019-11-14,44637,23200,0.01438983051,2
5856,2019-11-14,360443,63328,0.0423559322,1
5857,2019-11-14,595327,80951,0.01283050847,1
5858,2019-11-14,842013,42631,0.02540677966,2
5859,2019-11-14,971126,79669,0.1073898305,1
5860,2019-11-14,1020617,80083,0.05083050847,2
5861,2019-11-15,427171,78393,0.05083050847,2
5862,2019-11-15,472706,22465,0.01354237288,2
5863,2019-11-15,672529,28968,0.01354237288,1
5864,2019-11-15,1091072,7185,0.02106779661,1
5865,2019-11-15,1117064,71097,0.02540677966,2
5866,2019-11-15,1167900,57977,0.008457627119,2
5867,2019-11-15,1181171,89074,0.02286440678,2
5868,2019-11-15,1249368,63328,0.03557627119,1
5869,2019-11-16,277075,53892,0.03388135593,1
5870,2019-11-16,335125,57301,0.1677966102,2
5871,2019-11-16,335125,76444,0.02201694915,2
5872,2019-11-16,438469,74249,0.03388135593,1
5873,2019-11-16,456224,87972,0.02201694915,2
5874,2019-11-16,462762,16004,0.05083050847,1
5875,2019-11-16,583458,77221,0.03388135593,2
5876,2019-11-16,639579,9778,0.01438983051,2
5877,2019-11-16,658883,53892,0.03388135593,2
5878,2019-11-16,789983,77221,0.03388135593,2
5879,2019-11-16,1036477,76991,0.03388135593,1
5880,2019-11-16,1172868,28419,0.02540677966,2
5881,2019-11-16,1214247,78787,0.02540677966,1
5882,2019-11-16,1334852,65616,0.03049152542,2
5883,2019-11-17,113015,52806,0.02640677966,1
5884,2019-11-17,244088,8159,0.01693220339,1
5885,2019-11-17,589030,77270,0.03388135593,1
5886,2019-11-17,889417,78973,0.03313559322,2
5887,2019-11-17,1245388,83853,0.02455932203,1
5888,2019-11-18,162615,75429,0.03388135593,2
5889,2019-11-18,291356,72777,0.02540677966,2
5890,2019-11-18,826680,74542,0.05083050847,2
5891,2019-11-18,1191592,53892,0.03388135593,2
5892,2019-11-19,338982,53892,0.03276271186,2
5893,2019-11-19,340706,74,0.01354237288,2
5894,2019-11-19,340706,71792,0.01523728814,2
5895,2019-11-19,583458,77270,0.03388135593,2
5896,2019-11-19,636982,51328,0.02286440678,2
5897,2019-11-19,692891,78606,0.04320338983,2
5898,2019-11-19,886137,23200,0.01693220339,2
5899,2019-11-19,1347305,54845,0.02286440678,2
5900,2019-11-20,98253,16019,0.05083050847,2
5901,2019-11-20,111631,74,0.01354237288,2
5902,2019-11-20,111631,70650,0.02540677966,2
5903,2019-11-20,202259,76444,0.02201694915,2
5904,2019-11-20,257638,3904,0.061,2
5905,2019-11-20,398894,64986,0.01693220339,2
5906,2019-11-20,486344,55018,0.06777966102,2
5907,2019-11-21,200026,79766,0.03789830508,2
5908,2019-11-21,505227,67845,0.02540677966,2
5909,2019-11-21,505227,71557,0.03049152542,2
5910,2019-11-21,811107,78128,0.01693220339,2
5911,2019-11-21,825942,2862,0.01862711864,1
5912,2019-11-21,929887,75429,0.03388135593,1
5913,2019-11-21,959384,22465,0.01354237288,1
5914,2019-11-22,37387,76444,0.02201694915,1
5915,2019-11-22,97007,87176,0.03388135593,1
5916,2019-11-22,97007,88024,0.0423559322,1
5917,2019-11-22,168027,11674,0.01015254237,1
5918,2019-11-22,269034,71097,0.02540677966,2
5919,2019-11-22,269034,75429,0.03388135593,2
5920,2019-11-22,459331,88951,0.02286440678,1
5921,2019-11-22,497444,87903,0.03388135593,2
5922,2019-11-22,642037,69773,0.01354237288,1
5923,2019-11-22,730572,61625,0.01354237288,2
5924,2019-11-22,932354,86134,0.01354237288,1
5925,2019-11-23,59279,88629,0.008457627119,1
5926,2019-11-23,75947,71250,0.03388135593,1
5927,2019-11-23,75947,71251,0.03388135593,1
5928,2019-11-23,182552,76366,0.008457627119,1
5929,2019-11-23,300063,44173,0.008271186441,2
5930,2019-11-23,300063,83134,0.03247457627,2
5931,2019-11-23,318945,3061,0.01354237288,1
5932,2019-11-23,328310,88024,0.0423559322,1
5933,2019-11-23,1311737,37040,0.01222033898,1
5934,2019-11-23,1356990,38876,0.01354237288,2
5935,2019-11-24,316370,76366,0.008457627119,1
5936,2019-11-24,400872,88024,0.03557627119,1
5937,2019-11-24,494067,73281,0.02371186441,2
5938,2019-11-24,999563,9778,0.01693220339,2
5939,2019-11-24,1189069,88024,0.0423559322,1
5940,2019-11-24,1356990,78606,0.03049152542,1
5941,2019-11-25,68789,70951,0.02540677966,2
5942,2019-11-25,172640,70951,0.02540677966,2
5943,2019-11-25,411894,53892,0.03388135593,2
5944,2019-11-25,486344,71250,0.02201694915,2
5945,2019-11-25,639579,73375,0.01693220339,2
5946,2019-11-25,663931,84970,0.02540677966,2
5947,2019-11-25,902510,71255,0.02201694915,2
5948,2019-11-25,986192,82119,0.06777966102,2
5949,2019-11-25,1088066,70951,0.02540677966,2
5950,2019-11-26,86865,70951,0.02540677966,2
5951,2019-11-26,91609,10215,0.0203220339,2
5952,2019-11-26,91609,80202,0.03049152542,2
5953,2019-11-26,162649,14836,0.02201694915,2
5954,2019-11-26,162649,70650,0.02540677966,2
5955,2019-11-26,323778,92743,0.02540677966,2
5956,2019-11-26,331966,38536,0.02540677966,1
5957,2019-11-26,338982,80206,0.04669491525,2
5958,2019-11-26,596365,57947,0.02201694915,2
5959,2019-11-26,663931,84970,0.02540677966,2
5960,2019-11-26,988931,71255,0.02201694915,2
5961,2019-11-26,1057879,76297,0.06694915254,2
5962,2019-11-26,1108733,42631,0.02540677966,1
5963,2019-11-26,1241021,10021,0.0203220339,2
5964,2019-11-26,1351106,33689,0.0423559322,2
5965,2019-11-26,1371012,14812,0.02540677966,1
5966,2019-11-27,50212,75450,0.06777966102,2
5967,2019-11-27,69592,75451,0.06777966102,2
5968,2019-11-27,143334,22209,0.01015254237,2
5969,2019-11-27,146757,22209,0.01015254237,2
5970,2019-11-27,160336,84650,0.03388135593,2
5971,2019-11-27,324053,85743,0.02540677966,2
5972,2019-11-27,444051,37703,0.02540677966,2
5973,2019-11-27,505227,71557,0.03049152542,2
5974,2019-11-27,680749,71097,0.02540677966,2
5975,2019-11-27,692891,74226,0.07201694915,2
5976,2019-11-27,876078,53892,0.03388135593,2
5977,2019-11-27,908195,52387,0.002881355932,1
5978,2019-11-27,1009799,53892,0.02540677966,1
5979,2019-11-27,1076008,74226,0.08472881356,2
5980,2019-11-27,1160530,73992,0.03049152542,1
5981,2019-11-28,69592,74275,0.02438983051,2
5982,2019-11-28,82104,76286,0.09761016949,2
5983,2019-11-28,185661,71792,0.01218644068,2
5984,2019-11-28,216896,82119,0.04879661017,2
5985,2019-11-28,342323,61594,0.01218644068,2
5986,2019-11-28,451554,87972,0.01584745763,2
5987,2019-11-28,486658,77221,0.02438983051,2
5988,2019-11-28,503849,57977,0.006084745763,2
5989,2019-11-28,583076,77221,0.03388135593,1
5990,2019-11-28,603229,55593,0.01083050847,1
5991,2019-11-28,683391,66518,0.01584745763,2
5992,2019-11-28,771106,11446,0.0203220339,1
5993,2019-11-28,806992,84650,0.02710169492,2
5994,2019-11-28,856637,71255,0.02438983051,2
5995,2019-11-28,862583,42531,0.03659322034,2
5996,2019-11-28,916185,3514,0.02438983051,2
5997,2019-11-28,916358,66518,0.01584745763,2
5998,2019-11-28,916600,55593,0.01354237288,2
5999,2019-11-28,1020617,80083,0.04066101695,1
6000,2019-11-28,1026224,88024,0.03388135593,1
6001,2019-11-28,1189964,70951,0.03049152542,2
6002,2019-11-28,1237452,15989,0.03388135593,2
6003,2019-11-28,1245388,77402,0.03049152542,2
6004,2019-11-28,1245388,83134,0.02438983051,2
6005,2019-11-28,1271825,24146,0.01186440678,1
6006,2019-11-28,1277260,53892,0.02438983051,2
6007,2019-11-28,1320235,60483,0.004050847458,1
6008,2019-11-28,1336465,80676,0.04879661017,2
6009,2019-11-29,99344,53892,0.02710169492,2
6010,2019-11-29,101775,84341,0.2020338983,2
6011,2019-11-29,114624,73624,0.03240677966,2
6012,2019-11-29,252430,53892,0.02710169492,2
6013,2019-11-29,291356,72983,0.02710169492,2
6014,2019-11-29,381688,53892,0.02710169492,2
6015,2019-11-29,441246,80083,0.03388135593,2
6016,2019-11-29,451719,78929,0.02284745763,1
6017,2019-11-29,487659,55552,0.0203220339,2
6018,2019-11-29,491302,40452,0.04066101695,2
6019,2019-11-29,496130,53892,0.02710169492,2
6020,2019-11-29,496517,64286,0.04066101695,2
6021,2019-11-29,543622,66518,0.01445762712,2
6022,2019-11-29,543622,70650,0.01669491525,2
6023,2019-11-29,548754,50330,0.006762711864,2
6024,2019-11-29,582433,72495,0.006762711864,1
6025,2019-11-29,613169,76444,0.01761016949,1
6026,2019-11-29,692891,16237,0.02303389831,2
6027,2019-11-29,726967,43839,0.006762711864,1
6028,2019-11-29,729897,77402,0.03388135593,2
6029,2019-11-29,738802,71905,0.01761016949,2
6030,2019-11-29,744475,87456,0.06777966102,1
6031,2019-11-29,772563,62705,0.0203220339,2
6032,2019-11-29,782724,80676,0.05422033898,2
6033,2019-11-29,818970,46395,0.0216779661,1
6034,2019-11-29,824344,2862,0.0203220339,2
6035,2019-11-29,914574,53892,0.02528813559,2
6036,2019-11-29,979717,10215,0.02710169492,2
6037,2019-11-29,985269,56793,0.02438983051,1
6038,2019-11-29,985269,80206,0.04066101695,1
6039,2019-11-29,1006230,70650,0.0203220339,2
6040,2019-11-29,1166754,19012,0.02710169492,2
6041,2019-11-29,1170516,73123,0.02710169492,1
6042,2019-11-29,1183576,40415,0.01083050847,1
6043,2019-11-29,1226663,70650,0.0203220339,2
6044,2019-11-29,1257310,86329,0.04066101695,2
6045,2019-11-29,1266004,72983,0.02710169492,1
6046,2019-11-29,1279612,53892,0.0263559322,2
6047,2019-11-29,1300305,10021,0.02710169492,1
6048,2019-11-30,18967,45969,0.04066101695,2
6049,2019-11-30,202259,74832,0.04066101695,2
6050,2019-11-30,231434,68439,0.02598305085,2
6051,2019-11-30,284725,74811,0.01761016949,2
6052,2019-11-30,330091,80206,0.05083050847,1
6053,2019-11-30,341186,53892,0.02710169492,2
6054,2019-11-30,397637,70650,0.0203220339,2
6055,2019-11-30,446622,28972,0.01354237288,1
6056,2019-11-30,799220,53892,0.02710169492,2
6057,2019-11-30,803707,9778,0.01354237288,2
6058,2019-11-30,896091,80951,0.0203220339,2
6059,2019-11-30,1089218,42129,0.01128813559,1
6060,2019-12-01,34447,10648,0.01128813559,1
6061,2019-12-01,93289,76352,0.01622033898,2
6062,2019-12-01,110547,78957,0.01184745763,2
6063,2019-12-01,179104,63980,0.01354237288,2
6064,2019-12-01,236398,70951,0.02201694915,2
6065,2019-12-01,385913,72113,0.03049152542,2
6066,2019-12-01,414395,78957,0.01066101695,2
6067,2019-12-01,414395,83916,0.01066101695,2
6068,2019-12-01,432102,78393,0.02540677966,2
6069,2019-12-01,469981,86243,0.03388135593,2
6070,2019-12-01,511156,80747,0.01354237288,2
6071,2019-12-01,533071,63469,0.006762711864,2
6072,2019-12-01,607938,46395,0.03388135593,1
6073,2019-12-01,612506,47989,0.02669491525,2
6074,2019-12-01,612506,70650,0.02001694915,2
6075,2019-12-01,612506,79767,0.03337288136,2
6076,2019-12-01,614199,67324,0.01693220339,2
6077,2019-12-01,619209,60866,0.01354237288,2
6078,2019-12-01,674240,33689,0.03145762712,2
6079,2019-12-01,800234,63980,0.01293220339,2
6080,2019-12-01,814129,75450,0.061,2
6081,2019-12-01,841072,63469,0.005949152542,2
6082,2019-12-01,1100537,87903,0.02710169492,2
6083,2019-12-01,1117064,70951,0.02201694915,2
6084,2019-12-01,1164893,66452,0.01052542373,2
6085,2019-12-01,1165359,63469,0.006762711864,2
6086,2019-12-02,215651,14365,0.01015254237,2
6087,2019-12-02,428578,84970,0.01523728814,2
6088,2019-12-02,504899,53892,0.03388135593,2
6089,2019-12-02,786271,90410,0.03184745763,2
6090,2019-12-02,921936,53892,0.03388135593,2
6091,2019-12-02,1007917,23817,0.04055932203,2
6092,2019-12-02,1253132,78393,0.02540677966,2
6093,2019-12-02,1275541,70951,0.02201694915,2
6094,2019-12-02,1309082,28419,0.02286440678,2
6095,2019-12-03,80697,85591,0.03388135593,2
6096,2019-12-03,235006,73382,0.01693220339,2
6097,2019-12-03,276876,53892,0.03388135593,2
6098,2019-12-03,455342,79766,0.0423559322,1
6099,2019-12-03,518329,7671,0.01693220339,1
6100,2019-12-03,571235,71951,0.03301694915,1
6101,2019-12-03,916799,53911,0.03388135593,2
6102,2019-12-03,970235,28968,0.01354237288,1
6103,2019-12-03,1049026,71250,0.03296610169,2
6104,2019-12-03,1049026,84931,0.03298305085,2
6105,2019-12-03,1178192,68439,0.02710169492,1
6106,2019-12-03,1314645,76286,0.1355762712,2
6107,2019-12-04,59062,3514,0.03388135593,2
6108,2019-12-04,324053,80202,0.05083050847,1
6109,2019-12-04,438756,73281,0.02276271186,2
6110,2019-12-04,925170,70951,0.03811864407,2
6111,2019-12-04,969718,52150,0.008220338983,1
6112,2019-12-04,1178192,87950,0.03388135593,2
6113,2019-12-04,1334852,53892,0.03388135593,2
6114,2019-12-04,1334852,83134,0.03388135593,2
6115,2019-12-05,609970,82119,0.06777966102,2
6116,2019-12-05,638689,68439,0.02540677966,2
6117,2019-12-05,667112,48031,0.01015254237,1
6118,2019-12-05,850543,14365,0.02540677966,2
6119,2019-12-05,1215075,52387,0.003372881356,1
6120,2019-12-05,1288299,14234,0.01015254237,1
6121,2019-12-06,574128,71251,0.03388135593,1
6122,2019-12-06,982869,44816,0.008457627119,2
6123,2019-12-06,1043416,84145,0.03049152542,2
6124,2019-12-06,1064396,68579,0.03388135593,2
6125,2019-12-07,196894,71097,0.02540677966,1
6126,2019-12-07,1006595,84145,0.03388135593,1
6127,2019-12-07,1177322,47283,0.0423559322,2
6128,2019-12-07,1336465,84931,0.03388135593,2
6129,2019-12-07,1336465,85591,0.03388135593,2
6130,2019-12-08,349320,86329,0.05083050847,2
6131,2019-12-08,846230,75450,0.1016779661,2
6132,2019-12-08,1006892,55026,0.06777966102,2
6133,2019-12-09,23562,53892,0.03388135593,1
6134,2019-12-09,464486,88819,0.01523728814,2
6135,2019-12-09,559303,94242,0.08116949153,2
6136,2019-12-09,808648,46395,0.03388135593,2
6137,2019-12-09,1010041,53892,0.03049152542,2
6138,2019-12-09,1010041,53911,0.03049152542,2
6139,2019-12-09,1301306,73649,0.06777966102,2
6140,2019-12-10,210960,79111,0.08472881356,2
6141,2019-12-10,321689,77221,0.03162711864,1
6142,2019-12-10,322931,68595,0.03049152542,2
6143,2019-12-10,357006,70951,0.0423559322,2
6144,2019-12-10,440823,16019,0.05083050847,1
6145,2019-12-10,546303,87176,0.03388135593,2
6146,2019-12-10,639579,53892,0.03388135593,2
6147,2019-12-10,768989,53892,0.03388135593,2
6148,2019-12-10,768989,53911,0.03388135593,2
6149,2019-12-10,916446,22465,0.01354237288,1
6150,2019-12-10,1067038,81315,0.05083050847,2
6151,2019-12-11,7366,79952,0.01354237288,2
6152,2019-12-11,555150,55864,0.03388135593,2
6153,2019-12-11,582379,19352,0.03049152542,2
6154,2019-12-11,765556,49946,0.03049152542,2
6155,2019-12-11,857423,71255,0.03049152542,1
6156,2019-12-11,896506,77221,0.03350847458,2
6157,2019-12-11,969738,78797,0.05083050847,2
6158,2019-12-11,971126,22465,0.01083050847,2
6159,2019-12-11,1305943,72983,0.03388135593,2
6160,2019-12-11,1321474,88024,0.03811864407,1
6161,2019-12-12,282632,53892,0.03388135593,2
6162,2019-12-12,347484,68439,0.03049152542,2
6163,2019-12-12,441246,86530,0.04574576271,2
6164,2019-12-12,920710,79390,0.02172881356,1
6165,2019-12-12,920710,85994,0.03049152542,1
6166,2019-12-12,929105,75451,0.1016779661,2
6167,2019-12-12,1018067,87176,0.02710169492,1
6168,2019-12-12,1320085,85416,0.02201694915,1
6169,2019-12-13,669582,78740,0.009813559322,2
6170,2019-12-13,1328427,60707,0.05930508475,2
6171,2019-12-14,203206,86969,0.04574576271,1
6172,2019-12-14,539092,87176,0.02710169492,2
6173,2019-12-14,677983,76401,0.05930508475,2
6174,2019-12-14,895256,9778,0.01354237288,2
6175,2019-12-14,944470,53892,0.03203389831,2
6176,2019-12-14,981409,61415,0.008457627119,1
6177,2019-12-14,1158246,8159,0.01693220339,1
6178,2019-12-14,1158246,44173,0.01015254237,1
6179,2019-12-14,1165359,52387,0.003372881356,1
6180,2019-12-14,1191621,68408,0.02540677966,2
6181,2019-12-14,1320296,42129,0.01128813559,1
6182,2019-12-15,12856,11446,0.02540677966,1
6183,2019-12-15,148310,43839,0.001677966102,1
6184,2019-12-15,452011,84161,0.03049152542,2
6185,2019-12-15,670709,53892,0.03049152542,2
6186,2019-12-15,752881,13715,0.02540677966,2
6187,2019-12-15,926805,16004,0.04574576271,2
6188,2019-12-15,1011555,80679,0.05083050847,2
6189,2019-12-16,212128,73375,0.02540677966,2
6190,2019-12-16,215057,77278,0.05083050847,2
6191,2019-12-16,322593,78092,0.03049152542,2
6192,2019-12-16,331538,66816,0.02286440678,2
6193,2019-12-16,430633,36312,0.03049152542,2
6194,2019-12-16,430633,42631,0.02540677966,2
6195,2019-12-16,430633,79406,0.03049152542,2
6196,2019-12-16,434634,68442,0.01366101695,2
6197,2019-12-16,582903,53892,0.02993220339,2
6198,2019-12-16,582903,87992,0.05989830508,2
6199,2019-12-16,614199,87992,0.06777966102,2
6200,2019-12-16,867830,84145,0.03049152542,2
6201,2019-12-16,875442,40459,0.01818644068,1
6202,2019-12-16,996032,87992,0.04574576271,2
6203,2019-12-16,1001176,71557,0.03049152542,2
6204,2019-12-16,1067038,81315,0.05083050847,2
6205,2019-12-17,90571,77191,0.1677966102,1
6206,2019-12-17,872858,88941,0.0423559322,2
6207,2019-12-17,1001176,71557,0.03049152542,2
6208,2019-12-17,1158211,23790,0.01066101695,2
6209,2019-12-18,86865,72983,0.01783050847,2
6210,2019-12-18,167564,9778,0.008220338983,2
6211,2019-12-18,204133,53892,0.03049152542,2
6212,2019-12-18,261494,64286,0.05083050847,2
6213,2019-12-18,262586,38671,0.02469491525,2
6214,2019-12-18,267968,76604,0.006084745763,1
6215,2019-12-18,310129,72983,0.02201694915,2
6216,2019-12-18,466556,16304,0.02744067797,2
6217,2019-12-18,514558,84145,0.0203220339,2
6218,2019-12-18,558436,84145,0.01645762712,2
6219,2019-12-18,632535,73747,0.02540677966,1
6220,2019-12-18,691086,9778,0.01015254237,2
6221,2019-12-18,692891,64629,0.01981355932,2
6222,2019-12-18,692891,75234,0.01981355932,2
6223,2019-12-18,767660,81940,0.01096610169,2
6224,2019-12-18,846325,72983,0.01783050847,2
6225,2019-12-18,894736,86521,0.02116949153,1
6226,2019-12-18,897787,84650,0.02540677966,1
6227,2019-12-18,933333,76401,0.02469491525,2
6228,2019-12-18,959295,66452,0.01523728814,2
6229,2019-12-18,1043416,84145,0.03388135593,2
6230,2019-12-18,1068196,67052,0.02215254237,2
6231,2019-12-18,1101350,84931,0.03388135593,2
6232,2019-12-18,1122279,19012,0.02057627119,2
6233,2019-12-18,1146423,604,0.00913559322,1
6234,2019-12-18,1146423,83753,0.007474576271,1
6235,2019-12-18,1288951,81940,0.01354237288,2
6236,2019-12-19,146757,74226,0.07625423729,2
6237,2019-12-19,212732,82119,0.06777966102,2
6238,2019-12-19,291863,74,0.01354237288,1
6239,2019-12-19,291863,36312,0.01676271186,1
6240,2019-12-19,291863,58461,0.01218644068,1
6241,2019-12-19,347484,80525,0.02286440678,2
6242,2019-12-19,489483,16304,0.02744067797,2
6243,2019-12-19,489483,75959,0.02744067797,2
6244,2019-12-19,511895,84650,0.02540677966,1
6245,2019-12-19,535515,72113,0.02286440678,1
6246,2019-12-19,807343,89074,0.01354237288,2
6247,2019-12-19,966954,78740,0.01015254237,2
6248,2019-12-19,1015849,79406,0.03049152542,2
6249,2019-12-19,1043416,84145,0.0203220339,2
6250,2019-12-19,1165359,52387,0.003033898305,1
6251,2019-12-19,1265613,70650,0.02540677966,2
6252,2019-12-20,93847,71097,0.02540677966,1
6253,2019-12-20,110547,80083,0.05083050847,1
6254,2019-12-20,312948,53892,0.03179661017,1
6255,2019-12-20,312948,91934,0.01111864407,1
6256,2019-12-20,353644,53892,0.03259322034,1
6257,2019-12-20,494346,71250,0.02710169492,1
6258,2019-12-20,601522,68407,0.01693220339,2
6259,2019-12-20,630192,75450,0.07116949153,2
6260,2019-12-20,642558,68101,0.002694915254,1
6261,2019-12-20,669310,15495,0.006084745763,1
6262,2019-12-20,692891,75204,0.01981355932,2
6263,2019-12-20,768989,72983,0.03388135593,1
6264,2019-12-20,793313,75204,0.01981355932,2
6265,2019-12-20,818970,72113,0.03049152542,2
6266,2019-12-20,832538,45969,0.02540677966,2
6267,2019-12-20,832538,84931,0.03388135593,2
6268,2019-12-20,902510,53892,0.03255932203,1
6269,2019-12-20,916799,78394,0.04574576271,1
6270,2019-12-20,986518,47283,0.02540677966,2
6271,2019-12-20,1004317,79831,0.04574576271,1
6272,2019-12-20,1089054,80951,0.01354237288,1
6273,2019-12-20,1157601,90510,0.01354237288,1
6274,2019-12-20,1284706,9778,0.008220338983,2
6275,2019-12-20,1294264,81940,0.01096610169,2
6276,2019-12-20,1301404,76514,0.0583220339,1
6277,2019-12-20,1319492,86329,0.02540677966,2
6278,2019-12-20,1342486,37132,0.01981355932,1
6279,2019-12-21,110547,76352,0.01693220339,2
6280,2019-12-21,110547,77278,0.03388135593,2
6281,2019-12-21,193137,86521,0.02288135593,1
6282,2019-12-21,194739,81571,0.01066101695,1
6283,2019-12-21,199209,10687,0.03388135593,2
6284,2019-12-21,221212,89826,0.05083050847,1
6285,2019-12-21,251941,5230,0.01354237288,1
6286,2019-12-21,258351,86329,0.02540677966,2
6287,2019-12-21,314070,68395,0.01693220339,2
6288,2019-12-21,400846,53911,0.03388135593,2
6289,2019-12-21,439965,54845,0.02540677966,2
6290,2019-12-21,462696,19699,0.02710169492,1
6291,2019-12-21,619684,87706,0.04727118644,1
6292,2019-12-21,692891,70951,0.02286440678,2
6293,2019-12-21,700691,76514,0.05930508475,1
6294,2019-12-21,724659,60128,0.02540677966,2
6295,2019-12-21,893304,53127,0.01693220339,1
6296,2019-12-21,944298,77270,0.03388135593,1
6297,2019-12-21,995091,76352,0.01693220339,2
6298,2019-12-21,995091,84931,0.03388135593,2
6299,2019-12-21,1108733,53892,0.03049152542,2
6300,2019-12-21,1108733,53911,0.03049152542,2
6301,2019-12-21,1301404,88024,0.0423559322,1
6302,2019-12-22,58673,55026,0.02744067797,2
6303,2019-12-22,82978,90058,0.01693220339,2
6304,2019-12-22,86338,86969,0.05083050847,2
6305,2019-12-22,146757,74226,0.07625423729,2
6306,2019-12-22,380237,72983,0.02201694915,2
6307,2019-12-22,445327,87903,0.03049152542,2
6308,2019-12-22,578354,86329,0.02172881356,2
6309,2019-12-22,947409,79853,0.03049152542,2
6310,2019-12-22,952116,71251,0.01693220339,2
6311,2019-12-22,967432,55018,0.03049152542,2
6312,2019-12-22,982134,80206,0.01981355932,1
6313,2019-12-22,982869,77042,0.01366101695,1
6314,2019-12-22,1013613,84161,0.03388135593,2
6315,2019-12-22,1054450,77278,0.03388135593,2
6316,2019-12-22,1057023,13882,0.01218644068,2
6317,2019-12-22,1057023,72113,0.02744067797,2
6318,2019-12-22,1166173,10021,0.03049152542,2
6319,2019-12-22,1166173,53892,0.03049152542,2
6320,2019-12-23,12856,53892,0.03388135593,2
6321,2019-12-23,72002,78400,0.01233898305,2
6322,2019-12-23,84261,41095,0.01015254237,1
6323,2019-12-23,107820,52150,0.002525423729,1
6324,2019-12-23,124583,84161,0.03388135593,2
6325,2019-12-23,125390,80083,0.03811864407,1
6326,2019-12-23,194175,71251,0.03388135593,1
6327,2019-12-23,208064,47989,0.01528813559,2
6328,2019-12-23,316456,67859,0.03388135593,2
6329,2019-12-23,409229,80206,0.02201694915,1
6330,2019-12-23,410455,75170,0.004389830508,1
6331,2019-12-23,519901,144,0.001677966102,1
6332,2019-12-23,519901,47734,0.002525423729,1
6333,2019-12-23,602083,80206,0.02201694915,1
6334,2019-12-23,616635,90114,0.01354237288,1
6335,2019-12-23,616635,90127,0.01354237288,1
6336,2019-12-23,715053,10215,0.006762711864,1
6337,2019-12-23,751317,3512,0.03388135593,2
6338,2019-12-23,751317,72983,0.02201694915,2
6339,2019-12-23,815956,14230,0.006762711864,1
6340,2019-12-23,1070382,37190,0.0423559322,2
6341,2019-12-23,1115561,74542,0.02201694915,1
6342,2019-12-23,1340444,64286,0.05083050847,2
6343,2019-12-24,442362,81940,0.01354237288,2
6344,2019-12-24,505227,16304,0.03049152542,2
6345,2019-12-24,971126,52467,0.01777966102,1
6346,2019-12-24,992806,61365,0.006762711864,1
6347,2019-12-24,1282652,31679,0.00506779661,1
6348,2019-12-24,1292589,56656,0.01693220339,1
6349,2019-12-24,1346503,74226,0.06777966102,1
6350,2019-12-26,55831,90058,0.01613559322,2
6351,2019-12-26,329595,83634,0.03557627119,1
6352,2019-12-26,625655,60128,0.01862711864,2
6353,2019-12-26,692891,86171,0.008457627119,2
6354,2019-12-26,752573,55026,0.03388135593,2
6355,2019-12-26,973719,83634,0.03896610169,1
6356,2019-12-26,1140329,1931,0.003372881356,1
6357,2019-12-26,1356990,36312,0.009305084746,1
6358,2019-12-26,1356990,74534,0.01947457627,1
6359,2019-12-27,237073,54813,0.007728813559,2
6360,2019-12-27,318735,55018,0.03388135593,2
6361,2019-12-27,334587,80202,0.03049152542,2
6362,2019-12-27,641526,87167,0.03388135593,1
6363,2019-12-27,789635,74534,0.03896610169,1
6364,2019-12-27,1013692,61365,0.006762711864,1
6365,2019-12-27,1298730,74,0.006762711864,1
6366,2019-12-27,1318213,68501,0.00913559322,1
6367,2019-12-28,171955,76945,0.05252542373,1
6368,2019-12-28,348650,81256,0.02201694915,1
6369,2019-12-28,449891,15989,0.04023728814,2
6370,2019-12-28,487659,38918,0.03049152542,1
6371,2019-12-28,518329,84145,0.03388135593,1
6372,2019-12-28,728720,7671,0.01611864407,2
6373,2019-12-28,728720,9778,0.009677966102,2
6374,2019-12-28,728720,22209,0.009576271186,2
6375,2019-12-28,728720,71773,0.03225423729,2
6376,2019-12-28,781493,74542,0.02201694915,1
6377,2019-12-28,848251,84650,0.03388135593,2
6378,2019-12-28,862587,53892,0.03388135593,1
6379,2019-12-28,925435,3904,0.03388135593,2
6380,2019-12-28,925435,80498,0.06777966102,2
6381,2019-12-28,925435,85042,0.05930508475,2
6382,2019-12-28,935655,10648,0.01210169492,1
6383,2019-12-28,949210,69570,0.01693220339,2
6384,2019-12-28,1255492,28968,0.01354237288,1
6385,2019-12-28,1290690,64286,0.05083050847,2
6386,2019-12-28,1360229,84472,0.03049152542,1
6387,2019-12-29,636779,84145,0.01693220339,1
6388,2019-12-29,646521,68439,0.03388135593,1
6389,2019-12-29,658732,1931,0.003372881356,1
6390,2019-12-29,659645,68439,0.03388135593,1
6391,2019-12-29,836051,78394,0.03388135593,2
6392,2019-12-29,908965,84373,0.0423559322,2
6393,2019-12-29,1163293,47734,0.004559322034,1
6394,2019-12-29,1284150,72113,0.03388135593,2
6395,2019-12-29,1334008,72495,0.008457627119,1
6396,2019-12-30,55831,67964,0.05930508475,2
6397,2019-12-30,183003,80525,0.02540677966,2
6398,2019-12-30,331480,87176,0.03388135593,1
6399,2019-12-30,349679,85657,0.01693220339,2
6400,2019-12-30,421547,89226,0.01218644068,1
6401,2019-12-30,427244,82343,0.01606779661,1
6402,2019-12-30,427244,83854,0.01606779661,1
6403,2019-12-30,463108,20125,0.02540677966,2
6404,2019-12-30,484410,53892,0.03388135593,2
6405,2019-12-30,527822,81256,0.02201694915,1
6406,2019-12-30,590387,61365,0.006762711864,1
6407,2019-12-30,644233,78899,0.02710169492,1
6408,2019-12-30,656084,88024,0.0423559322,2
6409,2019-12-30,769124,84145,0.01693220339,1
6410,2019-12-30,983535,25802,0.009542372881,1
6411,2019-12-30,985826,87950,0.03388135593,2
6412,2019-12-31,273497,88024,0.03671186441,1
6413,2019-12-31,313884,76352,0.01693220339,2
6414,2019-12-31,403172,15989,0.04018644068,1
6415,2019-12-31,403172,16004,0.04822033898,1
6416,2019-12-31,795181,76514,0.05337288136,1
6417,2019-12-31,834554,76286,0.1355762712,2
6418,2019-12-31,1011538,91934,0.01184745763,1
6419,2019-12-31,1235304,69327,0.03049152542,2
6420,2019-12-31,1247145,71557,0.01862711864,1
6421,2019-12-31,1268497,78418,0.03705084746,1
6422,2019-12-31,1351665,88629,0.008457627119,1
6423,2020-01-01,151513,3904,0.03388135593,2
6424,2020-01-01,587084,38671,0.03049152542,2
6425,2020-01-01,1165736,13882,0.01354237288,2
6426,2020-01-01,1255730,54845,0.02540677966,2
6427,2020-01-02,22219,72983,0.02201694915,2
6428,2020-01-02,69401,72495,0.008457627119,1
6429,2020-01-02,121674,81571,0.01184745763,1
6430,2020-01-02,273497,53892,0.03388135593,2
6431,2020-01-02,273497,77042,0.02201694915,2
6432,2020-01-02,362903,3904,0.03388135593,2
6433,2020-01-02,440772,87417,0.05083050847,1
6434,2020-01-02,967432,73133,0.006762711864,1
6435,2020-01-03,44637,53892,0.03388135593,2
6436,2020-01-03,48994,76259,0.02744067797,2
6437,2020-01-03,127893,36312,0.01469491525,1
6438,2020-01-03,312458,10021,0.008220338983,1
6439,2020-01-03,313884,80618,0.1355762712,2
6440,2020-01-03,334794,74,0.01354237288,1
6441,2020-01-03,744629,23200,0.01015254237,2
6442,2020-01-03,839517,87417,0.05083050847,2
6443,2020-01-03,881665,15249,0.003372881356,1
6444,2020-01-03,893001,44385,0.008525423729,1
6445,2020-01-03,973544,69773,0.03049152542,2
6446,2020-01-03,1231263,10215,0.006084745763,1
6447,2020-01-04,55385,74542,0.02201694915,1
6448,2020-01-04,225322,9778,0.008220338983,2
6449,2020-01-04,326965,84931,0.03388135593,2
6450,2020-01-04,338982,53892,0.03388135593,2
6451,2020-01-04,396221,82119,0.06777966102,2
6452,2020-01-04,464486,79466,0.03811864407,2
6453,2020-01-04,576307,87417,0.05083050847,2
6454,2020-01-04,639339,53892,0.03388135593,2
6455,2020-01-04,728178,1931,0.003372881356,1
6456,2020-01-04,762157,40954,0.01693220339,2
6457,2020-01-04,764765,85994,0.03388135593,1
6458,2020-01-04,827831,84271,0.03388135593,2
6459,2020-01-04,1049734,5075,0.01354237288,2
6460,2020-01-04,1078309,88024,0.0423559322,2
6461,2020-01-04,1240994,78740,0.01015254237,2
6462,2020-01-05,213546,84343,0.06608474576,2
6463,2020-01-05,230032,76352,0.01523728814,2
6464,2020-01-05,393716,73634,0.02879661017,1
6465,2020-01-05,1068196,80646,0.01693220339,2
6466,2020-01-06,18849,69570,0.01693220339,2
6467,2020-01-06,18849,81940,0.02201694915,2
6468,2020-01-06,94967,72495,0.007186440678,1
6469,2020-01-06,357317,23200,0.009576271186,2
6470,2020-01-06,357317,82852,0.006389830508,2
6471,2020-01-06,533071,91944,0.04123728814,2
6472,2020-01-06,781130,46400,0.03388135593,2
6473,2020-01-06,904227,3904,0.03388135593,2
6474,2020-01-06,1328548,78092,0.01693220339,2
6475,2020-01-07,146683,64286,0.05083050847,2
6476,2020-01-07,326695,90345,0.01905084746,1
6477,2020-01-07,516655,70951,0.02540677966,2
6478,2020-01-07,655526,70951,0.01713559322,2
6479,2020-01-07,723843,54845,0.02540677966,2
6480,2020-01-07,862583,28929,0.01574576271,2
6481,2020-01-07,1026936,22465,0.01354237288,2
6482,2020-01-07,1031589,34697,0.03049152542,2
6483,2020-01-07,1031589,60203,0.0423559322,2
6484,2020-01-07,1203681,72113,0.0203220339,2
6485,2020-01-07,1218973,72495,0.008457627119,1
6486,2020-01-07,1356990,1720,0.00506779661,1
6487,2020-01-08,199229,45834,0.01523728814,2
6488,2020-01-08,306235,68407,0.01188135593,2
6489,2020-01-08,306235,68408,0.01038983051,2
6490,2020-01-08,326365,71097,0.02423728814,1
6491,2020-01-08,495221,32112,0.01693220339,2
6492,2020-01-08,543017,20857,0.02903389831,2
6493,2020-01-08,785637,33007,0.01184745763,2
6494,2020-01-08,871292,76507,0.01218644068,2
6495,2020-01-08,947409,68067,0.0423559322,2
6496,2020-01-08,1186262,89083,0.0423559322,2
6497,2020-01-08,1272177,80206,0.02540677966,2
6498,2020-01-08,1343647,52373,0.02457627119,2
6499,2020-01-09,77964,86969,0.05083050847,1
6500,2020-01-09,127016,81266,0.01693220339,2
6501,2020-01-09,156680,47240,0.08472881356,2
6502,2020-01-09,300794,81256,0.02201694915,1
6503,2020-01-09,306549,72113,0.03049152542,2
6504,2020-01-09,451719,89826,0.05083050847,1
6505,2020-01-09,785729,16004,0.05083050847,2
6506,2020-01-09,894524,79406,0.03049152542,2
6507,2020-01-09,1190524,75840,0.1016779661,1
6508,2020-01-09,1190524,81766,0.01693220339,1
6509,2020-01-09,1232812,10021,0.01015254237,1
6510,2020-01-09,1343647,22465,0.01354237288,2
6511,2020-01-09,1343647,52373,0.02540677966,2
6512,2020-01-10,330307,3904,0.02540677966,2
6513,2020-01-10,362463,76945,0.05252542373,1
6514,2020-01-10,534990,87720,0.03049152542,1
6515,2020-01-10,641724,74615,0.008457627119,2
6516,2020-01-10,692891,86171,0.008457627119,2
6517,2020-01-10,730149,86332,0.02428813559,2
6518,2020-01-10,747319,63927,0.01862711864,1
6519,2020-01-10,747319,64066,0.001,1
6520,2020-01-10,815956,86515,0.006084745763,1
6521,2020-01-10,908965,87167,0.03388135593,2
6522,2020-01-10,963013,81766,0.01693220339,1
6523,2020-01-10,1043999,81256,0.02201694915,2
6524,2020-01-10,1252610,80679,0.04405084746,1
6525,2020-01-10,1354165,87176,0.03049152542,1
6526,2020-01-11,167670,89826,0.04823728814,1
6527,2020-01-11,521382,53071,0.05083050847,2
6528,2020-01-11,631048,81766,0.01354237288,1
6529,2020-01-11,661497,53911,0.03388135593,2
6530,2020-01-11,695807,53892,0.03116949153,1
6531,2020-01-11,1078309,10648,0.01693220339,2
6532,2020-01-11,1078309,86332,0.02710169492,2
6533,2020-01-11,1160289,90058,0.01693220339,1
6534,2020-01-12,29405,55593,0.01240677966,1
6535,2020-01-12,51077,31371,0.06777966102,2
6536,2020-01-12,51077,79946,0.03388135593,2
6537,2020-01-12,65172,54845,0.02540677966,2
6538,2020-01-12,265786,67964,0.05930508475,2
6539,2020-01-12,1029396,81266,0.01693220339,2
6540,2020-01-12,1029396,89255,0.02201694915,2
6541,2020-01-12,1286513,82852,0.006762711864,2
6542,2020-01-13,43752,74226,0.06938983051,2
6543,2020-01-13,118962,76964,0.04691525424,2
6544,2020-01-13,583805,63494,0.02591525424,1
6545,2020-01-14,311804,88024,0.0423559322,1
6546,2020-01-14,426478,80222,0.02177966102,2
6547,2020-01-14,608896,3717,0.01693220339,1
6548,2020-01-14,751665,72563,0.01523728814,2
6549,2020-01-14,1359666,53892,0.03142372881,2
6550,2020-01-15,186071,5369,0.008203389831,1
6551,2020-01-15,199209,14757,0.01184745763,1
6552,2020-01-15,337868,81266,0.01693220339,2
6553,2020-01-15,606720,64286,0.05083050847,2
6554,2020-01-15,606720,87167,0.03388135593,2
6555,2020-01-15,806842,76401,0.02674576271,2
6556,2020-01-15,1049868,46400,0.03049152542,2
6557,2020-01-15,1288299,86332,0.02710169492,2
6558,2020-01-16,90255,44394,0.00813559322,2
6559,2020-01-16,364011,79585,0.01354237288,1
6560,2020-01-16,476076,52108,0.02259322034,2
6561,2020-01-16,654435,62508,0.01354237288,2
6562,2020-01-16,1082139,52578,0.01354237288,2
6563,2020-01-16,1082139,52590,0.01523728814,2
6564,2020-01-16,1243186,53892,0.03388135593,2
6565,2020-01-16,1281396,85994,0.02903389831,1
6566,2020-01-16,1281546,82852,0.006762711864,2
6567,2020-01-16,1281838,68421,0.03388135593,2
6568,2020-01-16,1281838,90538,0.05083050847,2
6569,2020-01-17,25462,71251,0.01655932203,1
6570,2020-01-17,29405,87320,0.03972881356,1
6571,2020-01-17,57855,30732,0.01106779661,2
6572,2020-01-17,57855,80966,0.02372881356,2
6573,2020-01-17,256069,57460,0.01015254237,1
6574,2020-01-17,494277,72983,0.02201694915,2
6575,2020-01-17,559466,20857,0.02744067797,2
6576,2020-01-17,576307,87417,0.05083050847,2
6577,2020-01-17,893041,82119,0.06777966102,2
6578,2020-01-17,930173,53892,0.03388135593,2
6579,2020-01-18,163710,71097,0.02123728814,1
6580,2020-01-18,591134,86982,0.03947457627,2
6581,2020-01-18,790313,5329,0.0423559322,1
6582,2020-01-18,996806,53892,0.03388135593,2
6583,2020-01-18,996806,63494,0.03049152542,2
6584,2020-01-18,1011555,87720,0.03049152542,2
6585,2020-01-18,1011555,89051,0.0423559322,2
6586,2020-01-18,1230090,11446,0.02286440678,1
6587,2020-01-18,1245388,81766,0.01511864407,2
6588,2020-01-19,73756,78957,0.009949152542,1
6589,2020-01-19,171937,44241,0.05083050847,2
6590,2020-01-19,422661,41830,0.01862711864,1
6591,2020-01-19,504437,76514,0.03049152542,2
6592,2020-01-19,557070,32112,0.01693220339,2
6593,2020-01-19,619033,90396,0.03388135593,2
6594,2020-01-19,640162,81940,0.02015254237,2
6595,2020-01-19,692891,91434,0.07201694915,2
6596,2020-01-19,728720,66847,0.02283050847,2
6597,2020-01-19,728720,71251,0.01369491525,2
6598,2020-01-19,925161,55593,0.01354237288,2
6599,2020-01-19,952749,86982,0.0423559322,2
6600,2020-01-20,138317,56129,0.01523728814,2
6601,2020-01-20,306549,68439,0.03176271186,1
6602,2020-01-20,777130,87720,0.02613559322,2
6603,2020-01-20,1132936,3904,0.03811864407,2
6604,2020-01-20,1362596,89083,0.02201694915,2
6605,2020-01-21,90255,22643,0.008457627119,2
6606,2020-01-21,166452,81315,0.02540677966,2
6607,2020-01-21,326387,81940,0.02201694915,2
6608,2020-01-21,754336,25802,0.008694915254,1
6609,2020-01-21,796778,56424,0.01354237288,2
6610,2020-01-21,916799,91944,0.04171186441,2
6611,2020-01-21,990332,87211,0.03811864407,1
6612,2020-01-21,1191621,86332,0.02710169492,2
6613,2020-01-22,179803,92453,0.02540677966,1
6614,2020-01-22,400872,47240,0.03557627119,1
6615,2020-01-22,415574,87720,0.03049152542,2
6616,2020-01-22,620275,72113,0.02540677966,2
6617,2020-01-22,692891,88010,0.01693220339,2
6618,2020-01-22,695059,87417,0.04574576271,2
6619,2020-01-22,711691,30732,0.01105084746,2
6620,2020-01-22,865741,71097,0.02540677966,2
6621,2020-01-22,865741,76444,0.02201694915,2
6622,2020-01-22,876069,72113,0.02540677966,2
6623,2020-01-22,981181,84650,0.02540677966,1
6624,2020-01-22,1314645,80674,0.06777966102,2
6625,2020-01-23,18239,79585,0.01354237288,1
6626,2020-01-23,76585,57077,0.02540677966,2
6627,2020-01-23,131678,30516,0.01315254237,2
6628,2020-01-23,167670,52108,0.02481355932,1
6629,2020-01-23,196657,53892,0.03388135593,2
6630,2020-01-23,213546,9491,0.05122033898,2
6631,2020-01-23,253309,81092,0.04905084746,2
6632,2020-01-23,578643,20857,0.02744067797,2
6633,2020-01-23,607712,78500,0.06777966102,1
6634,2020-01-23,632181,90396,0.03388135593,2
6635,2020-01-23,680749,84931,0.03194915254,2
6636,2020-01-23,813330,50820,0.0423559322,2
6637,2020-01-23,865357,61365,0.006186440678,1
6638,2020-01-23,1006230,66446,0.009118644068,2
6639,2020-01-23,1009799,53892,0.03388135593,1
6640,2020-01-23,1079667,86530,0.02540677966,2
6641,2020-01-23,1089285,87167,0.03361016949,2
6642,2020-01-23,1366660,71251,0.01583050847,1
6643,2020-01-24,18313,64287,0.05083050847,2
6644,2020-01-24,209530,86329,0.02540677966,2
6645,2020-01-24,415574,67964,0.05930508475,2
6646,2020-01-24,415574,85394,0.02540677966,2
6647,2020-01-24,638354,46400,0.03388135593,2
6648,2020-01-24,638354,81266,0.01693220339,2
6649,2020-01-24,728720,60254,0.06777966102,2
6650,2020-01-24,964647,90810,0.1016779661,2
6651,2020-01-24,1095273,78500,0.06777966102,1
6652,2020-01-24,1149275,78394,0.05083050847,1
6653,2020-01-24,1245388,47989,0.01354237288,2
6654,2020-01-25,53564,76352,0.01693220339,2
6655,2020-01-25,53564,81940,0.02201694915,2
6656,2020-01-25,148310,21693,0.01693220339,1
6657,2020-01-25,150003,86530,0.02540677966,2
6658,2020-01-25,318944,77402,0.01738983051,1
6659,2020-01-25,375281,53892,0.03388135593,1
6660,2020-01-25,396539,72495,0.008457627119,1
6661,2020-01-25,510023,44394,0.006762711864,1
6662,2020-01-25,524081,52806,0.03049152542,2
6663,2020-01-25,559466,22645,0.01354237288,2
6664,2020-01-25,651328,5369,0.008457627119,1
6665,2020-01-25,683712,90345,0.02250847458,1
6666,2020-01-25,692891,71124,0.01184745763,2
6667,2020-01-25,719079,91877,0.03388135593,1
6668,2020-01-25,719280,89083,0.02201694915,2
6669,2020-01-25,745630,56424,0.01354237288,2
6670,2020-01-25,753371,88339,0.01625423729,2
6671,2020-01-25,851600,92453,0.02540677966,1
6672,2020-01-25,968242,46395,0.03388135593,1
6673,2020-01-26,172120,66378,0.03811864407,2
6674,2020-01-26,200026,53892,0.03288135593,2
6675,2020-01-26,289665,61365,0.00506779661,1
6676,2020-01-26,627984,93424,0.02540677966,2
6677,2020-01-26,656903,78899,0.03030508475,2
6678,2020-01-26,669185,3512,0.03388135593,1
6679,2020-01-26,850522,90396,0.03388135593,1
6680,2020-01-26,876565,89074,0.02540677966,1
6681,2020-01-26,949795,85394,0.02159322034,1
6682,2020-01-26,1091976,53892,0.03388135593,2
6683,2020-01-26,1263314,79406,0.03049152542,2
6684,2020-01-26,1268206,88024,0.0423559322,2
6685,2020-01-26,1279612,53892,0.03288135593,2
6686,2020-01-27,5097,32112,0.006084745763,1
6687,2020-01-27,114624,76916,0.03388135593,2
6688,2020-01-27,187228,93424,0.02540677966,2
6689,2020-01-27,237736,71251,0.01523728814,2
6690,2020-01-27,316409,87176,0.03388135593,1
6691,2020-01-27,415879,44385,0.008457627119,1
6692,2020-01-27,543462,87950,0.02710169492,1
6693,2020-01-27,758101,10215,0.01693220339,2
6694,2020-01-27,978075,88941,0.0423559322,2
6695,2020-01-27,1060612,72230,0.04574576271,2
6696,2020-01-27,1060612,94787,0.01523728814,2
6697,2020-01-27,1086138,79406,0.03049152542,2
6698,2020-01-27,1189069,15989,0.04140677966,1
6699,2020-01-27,1189069,16004,0.04969491525,1
6700,2020-01-27,1193964,87720,0.02744067797,2
6701,2020-01-27,1363838,91877,0.03313559322,2
6702,2020-01-28,107820,74,0.01083050847,1
6703,2020-01-28,107820,54682,0.0406779661,1
6704,2020-01-28,110547,87176,0.02201694915,2
6705,2020-01-28,455342,90058,0.01618644068,2
6706,2020-01-28,501867,10648,0.01128813559,1
6707,2020-01-28,625655,88941,0.0423559322,2
6708,2020-01-28,700691,23790,0.01693220339,2
6709,2020-01-28,700691,45834,0.02371186441,2
6710,2020-01-28,767321,9778,0.009661016949,2
6711,2020-01-28,767321,63980,0.02096610169,2
6712,2020-01-28,847581,87469,0.01693220339,1
6713,2020-01-28,1120970,90058,0.01693220339,1
6714,2020-01-29,118670,58871,0.02879661017,1
6715,2020-01-29,249428,54883,0.01523728814,2
6716,2020-01-29,291356,38671,0.03557627119,2
6717,2020-01-29,309946,16004,0.04891525424,1
6718,2020-01-29,535515,68439,0.02201694915,1
6719,2020-01-29,719280,10215,0.005796610169,1
6720,2020-01-29,733786,68439,0.02201694915,1
6721,2020-01-29,1060612,94787,0.01693220339,2
6722,2020-01-29,1191592,87928,0.03388135593,2
6723,2020-01-29,1319422,90212,0.0423559322,2
6724,2020-01-29,1319422,91877,0.03388135593,2
6725,2020-01-29,1341272,16004,0.05083050847,2
6726,2020-01-30,21945,90058,0.01693220339,1
6727,2020-01-30,166385,19012,0.03557627119,2
6728,2020-01-30,166385,30732,0.01693220339,2
6729,2020-01-30,171955,32112,0.006084745763,1
6730,2020-01-30,749539,88578,0.02386440678,2
6731,2020-01-30,983535,14757,0.01184745763,1
6732,2020-01-30,1284706,43839,0.008305084746,2
6733,2020-01-30,1284706,58251,0.02494915254,2
6734,2020-01-30,1284706,71097,0.02494915254,2
6735,2020-01-30,1295518,89074,0.01218644068,2
6736,2020-01-31,41753,87992,0.05761016949,1
6737,2020-01-31,41753,90345,0.02159322034,1
6738,2020-01-31,118255,74,0.01354237288,1
6739,2020-01-31,367953,72495,0.008457627119,1
6740,2020-01-31,575896,78957,0.01184745763,1
6741,2020-01-31,578786,79406,0.03049152542,1
6742,2020-01-31,611183,87211,0.0423559322,1
6743,2020-01-31,668670,44385,0.008457627119,1
6744,2020-01-31,920710,33007,0.01618644068,2
6745,2020-01-31,920710,47989,0.01296610169,2
6746,2020-01-31,920710,87706,0.103779661,2
6747,2020-01-31,1175632,15989,0.0423559322,2
6748,2020-01-31,1203681,79406,0.02744067797,2
6749,2020-02-01,327707,53911,0.03388135593,2
6750,2020-02-01,339781,59543,0.01693220339,1
6751,2020-02-01,390057,89356,0.08472881356,1
6752,2020-02-01,411688,66518,0.02201694915,2
6753,2020-02-01,476238,85479,0.01883050847,1
6754,2020-02-01,928040,73747,0.01184745763,2
6755,2020-02-01,982869,61079,0.03388135593,1
6756,2020-02-01,990332,90510,0.01354237288,1
6757,2020-02-01,1014746,71097,0.01862711864,1
6758,2020-02-01,1203196,16004,0.04574576271,1
6759,2020-02-01,1203196,71097,0.02286440678,1
6760,2020-02-02,126630,1479,0.02201694915,2
6761,2020-02-02,186570,75096,0.0423559322,2
6762,2020-02-02,193137,57947,0.009966101695,2
6763,2020-02-02,193137,57948,0.009966101695,2
6764,2020-02-02,220879,88024,0.0423559322,1
6765,2020-02-02,273497,90396,0.03388135593,2
6766,2020-02-02,355554,90396,0.03255932203,2
6767,2020-02-02,533949,68614,0.02540677966,2
6768,2020-02-02,539092,81598,0.07625423729,2
6769,2020-02-02,702056,79585,0.01354237288,2
6770,2020-02-02,702056,88209,0.01693220339,2
6771,2020-02-02,733035,53892,0.03388135593,2
6772,2020-02-02,889417,90058,0.01693220339,1
6773,2020-02-02,1251461,87211,0.0423559322,2
6774,2020-02-03,6184,53892,0.03388135593,1
6775,2020-02-03,15443,20857,0.02857627119,2
6776,2020-02-03,323552,68407,0.01184745763,2
6777,2020-02-03,444051,88006,0.01693220339,2
6778,2020-02-03,537869,72789,0.03388135593,2
6779,2020-02-03,576307,91877,0.02952542373,2
6780,2020-02-03,721729,72767,0.01523728814,2
6781,2020-02-03,811921,85394,0.02286440678,1
6782,2020-02-03,830050,67859,0.03298305085,2
6783,2020-02-03,943302,68614,0.02540677966,2
6784,2020-02-03,943302,84627,0.03388135593,2
6785,2020-02-03,1018532,60216,0.05083050847,2
6786,2020-02-03,1284706,84627,0.03049152542,2
6787,2020-02-03,1288299,87720,0.03049152542,2
6788,2020-02-04,260028,1479,0.02201694915,2
6789,2020-02-04,310197,20857,0.02788135593,2
6790,2020-02-04,521494,16004,0.04574576271,2
6791,2020-02-04,935314,87720,0.03049152542,2
6792,2020-02-04,1063104,75096,0.0423559322,2
6793,2020-02-04,1295415,53892,0.02710169492,2
6794,2020-02-04,1336465,90345,0.02540677966,2
6795,2020-02-05,139308,1434,0.01693220339,2
6796,2020-02-05,199402,10695,0.03388135593,2
6797,2020-02-05,199402,44241,0.05083050847,2
6798,2020-02-05,199402,46278,0.0423559322,2
6799,2020-02-05,270769,94927,0.008457627119,2
6800,2020-02-05,412872,10215,0.01693220339,2
6801,2020-02-05,608437,42631,0.02540677966,1
6802,2020-02-05,710880,85394,0.02540677966,1
6803,2020-02-05,896091,87720,0.03049152542,2
6804,2020-02-05,966954,78899,0.02957627119,2
6805,2020-02-05,966954,79406,0.02661016949,2
6806,2020-02-05,1108733,76934,0.08472881356,2
6807,2020-02-05,1160530,74226,0.07625423729,2
6808,2020-02-06,84261,87992,0.061,1
6809,2020-02-06,167670,52108,0.02413559322,1
6810,2020-02-06,167670,69509,0.03218644068,1
6811,2020-02-06,177805,88006,0.01693220339,2
6812,2020-02-06,705639,47666,0.02540677966,2
6813,2020-02-06,705639,64286,0.05083050847,2
6814,2020-02-06,740656,28223,0.006084745763,2
6815,2020-02-06,772571,87720,0.02620338983,2
6816,2020-02-06,837293,90058,0.01693220339,1
6817,2020-02-06,985826,74275,0.03388135593,2
6818,2020-02-06,1131233,45797,0.01862711864,2
6819,2020-02-06,1131233,47300,0.01354237288,2
6820,2020-02-06,1333913,70951,0.02540677966,2
6821,2020-02-06,1371602,90549,0.03811864407,2
6822,2020-02-07,179533,87950,0.02293220339,1
6823,2020-02-07,199402,44241,0.03811864407,2
6824,2020-02-07,199402,46278,0.0423559322,2
6825,2020-02-07,204898,91934,0.001677966102,1
6826,2020-02-07,686791,65449,0.02286440678,2
6827,2020-02-07,804416,47300,0.01184745763,1
6828,2020-02-07,865357,61365,0.006762711864,1
6829,2020-02-07,1190524,91877,0.03388135593,2
6830,2020-02-08,24870,75483,0.02315254237,1
6831,2020-02-08,468996,91002,0.03811864407,2
6832,2020-02-08,527822,88140,0.08159322034,1
6833,2020-02-08,543462,89051,0.03811864407,2
6834,2020-02-08,854624,58979,0.01218644068,2
6835,2020-02-08,959295,45969,0.03049152542,2
6836,2020-02-08,1122223,71097,0.02133898305,2
6837,2020-02-08,1122223,94684,0.01420338983,2
6838,2020-02-08,1143481,91877,0.03049152542,2
6839,2020-02-08,1146458,88024,0.04086440678,1
6840,2020-02-08,1301404,54684,0.0493220339,1
6841,2020-02-08,1301404,86398,0.06576271186,1
6842,2020-02-09,84261,69509,0.03388135593,2
6843,2020-02-09,299947,20857,0.03049152542,2
6844,2020-02-09,310576,77042,0.01693220339,2
6845,2020-02-09,367953,78217,0.01523728814,2
6846,2020-02-09,477097,71097,0.02488135593,2
6847,2020-02-09,477097,85904,0.04149152542,2
6848,2020-02-09,611183,94787,0.01693220339,2
6849,2020-02-09,678114,81256,0.02201694915,2
6850,2020-02-09,889417,62426,0.02286440678,2
6851,2020-02-09,1031589,67052,0.02286440678,2
6852,2020-02-10,543462,89051,0.0423559322,2
6853,2020-02-10,578643,64286,0.04694915254,2
6854,2020-02-10,583497,16439,0.004559322034,1
6855,2020-02-10,677983,60450,0.03388135593,2
6856,2020-02-10,725594,90617,0.036,2
6857,2020-02-10,734963,86398,0.06777966102,1
6858,2020-02-10,896091,94684,0.01693220339,2
6859,2020-02-10,916328,67052,0.02286440678,2
6860,2020-02-10,916328,75096,0.03811864407,2
6861,2020-02-10,916328,93424,0.02286440678,2
6862,2020-02-10,1281782,90396,0.02540677966,1
6863,2020-02-10,1300502,45834,0.02133898305,2
6864,2020-02-11,477097,85904,0.03557627119,2
6865,2020-02-11,582903,53892,0.02823728814,2
6866,2020-02-11,821130,42129,0.01128813559,1
6867,2020-02-11,972759,75533,0.02540677966,2
6868,2020-02-11,1006892,94684,0.01693220339,2
6869,2020-02-11,1133832,53892,0.03176271186,1
6870,2020-02-12,332903,75840,0.1016779661,2
6871,2020-02-12,625655,54684,0.04574576271,2
6872,2020-02-12,625655,86398,0.04574576271,2
6873,2020-02-12,632181,74890,0.02540677966,2
6874,2020-02-12,1203681,67052,0.02540677966,2
6875,2020-02-12,1207332,88024,0.0423559322,2
6876,2020-02-12,1341682,88161,0.02201694915,2
6877,2020-02-13,104179,86969,0.01693220339,1
6878,2020-02-13,218222,64677,0.00286440678,2
6879,2020-02-13,318739,91434,0.06862711864,2
6880,2020-02-13,394409,67529,0.03388135593,1
6881,2020-02-13,455197,54684,0.05083050847,2
6882,2020-02-13,829423,91002,0.03811864407,2
6883,2020-02-13,829423,95842,0.07625423729,2
6884,2020-02-13,1063679,38671,0.03049152542,2
6885,2020-02-13,1256242,88161,0.01783050847,2
6886,2020-02-14,76086,86840,0.03388135593,1
6887,2020-02-14,76585,87469,0.01693220339,2
6888,2020-02-14,106574,14712,0.01693220339,1
6889,2020-02-14,113015,74,0.01354237288,2
6890,2020-02-14,660816,63704,0.01693220339,1
6891,2020-02-14,1183576,83753,0.006084745763,1
6892,2020-02-14,1365611,68614,0.02540677966,2
6893,2020-02-15,243495,84931,0.03388135593,1
6894,2020-02-15,361891,78500,0.06777966102,1
6895,2020-02-15,400872,94919,0.01354237288,1
6896,2020-02-15,408839,72495,0.008457627119,1
6897,2020-02-15,638835,68407,0.01354237288,2
6898,2020-02-15,659645,78500,0.06433898305,1
6899,2020-02-15,773079,74249,0.01693220339,1
6900,2020-02-15,887758,90345,0.02286440678,1
6901,2020-02-15,1062853,81256,0.01981355932,1
6902,2020-02-15,1087944,71097,0.02288135593,1
6903,2020-02-15,1160211,78864,0.03388135593,1
6904,2020-02-16,5097,32112,0.01371186441,2
6905,2020-02-16,202259,94919,0.01354237288,1
6906,2020-02-16,340706,60203,0.03672881356,2
6907,2020-02-16,537510,64286,0.03430508475,2
6908,2020-02-16,566809,39137,0.01218644068,2
6909,2020-02-16,574815,84451,0.0423559322,2
6910,2020-02-16,777130,54845,0.02540677966,2
6911,2020-02-16,826162,90396,0.03388135593,2
6912,2020-02-16,876328,90510,0.01354237288,2
6913,2020-02-16,1206664,63980,0.03049152542,2
6914,2020-02-17,201473,5543,0.02540677966,2
6915,2020-02-17,521512,53892,0.03388135593,2
6916,2020-02-17,639924,38954,0.00913559322,2
6917,2020-02-17,896091,88161,0.02201694915,2
6918,2020-02-17,954619,75533,0.02057627119,2
6919,2020-02-17,969390,89074,0.01862711864,1
6920,2020-02-17,995353,143,0.0008474576271,1
6921,2020-02-17,1304843,88714,0.02540677966,2
6922,2020-02-18,76585,87469,0.01252542373,2
6923,2020-02-18,943302,68614,0.02540677966,2
6924,2020-02-18,1050919,77978,0.01693220339,1
6925,2020-02-18,1252610,91175,0.006762711864,2
6926,2020-02-19,306647,91740,0.02257627119,1
6927,2020-02-19,330307,3904,0.06777966102,2
6928,2020-02-19,539092,93424,0.02540677966,2
6929,2020-02-19,546256,57812,0.02540677966,2
6930,2020-02-19,743234,14836,0.006762711864,1
6931,2020-02-19,994138,54684,0.04574576271,1
6932,2020-02-19,1356990,19575,0.005406779661,1
6933,2020-02-20,221809,71097,0.02540677966,2
6934,2020-02-20,304882,54684,0.04683050847,1
6935,2020-02-20,304882,86398,0.06244067797,1
6936,2020-02-20,606720,79406,0.03049152542,2
6937,2020-02-20,664522,7185,0.01662711864,2
6938,2020-02-20,1207784,76648,0.01693220339,1
6939,2020-02-20,1294850,97494,0.0423559322,1
6940,2020-02-21,171234,78502,0.061,1
6941,2020-02-21,212732,87720,0.03049152542,2
6942,2020-02-21,293037,86610,0.04405084746,1
6943,2020-02-21,367800,83001,0.03811864407,1
6944,2020-02-21,367875,42631,0.02222033898,1
6945,2020-02-22,36520,79453,0.06777966102,1
6946,2020-02-22,106119,43839,0.006762711864,1
6947,2020-02-22,455982,81266,0.01523728814,2
6948,2020-02-22,1009799,53892,0.03388135593,1
6949,2020-02-22,1020457,19012,0.04301694915,2
6950,2020-02-22,1088066,88161,0.01679661017,2
6951,2020-02-22,1203681,62934,0.01354237288,2
6952,2020-02-22,1300305,54682,0.05083050847,1
6953,2020-02-22,1371146,81766,0.01269491525,1
6954,2020-02-23,409265,4027,0.009949152542,2
6955,2020-02-23,409265,68101,0.007101694915,2
6956,2020-02-23,651328,79583,0.01693220339,2
6957,2020-02-23,1171976,69509,0.03388135593,2
6958,2020-02-23,1353339,74,0.01354237288,1
6959,2020-02-24,321678,83753,0.01693220339,2
6960,2020-02-24,486658,1479,0.02152542373,2
6961,2020-02-24,486658,67052,0.02484745763,2
6962,2020-02-24,620520,93424,0.02540677966,1
6963,2020-02-24,639924,72563,0.01354237288,2
6964,2020-02-24,719280,78157,0.01354237288,2
6965,2020-02-24,1308182,81940,0.01981355932,2
6966,2020-02-24,1350229,55593,0.01354237288,2
6967,2020-02-24,1363484,144,0.003033898305,1
6968,2020-02-24,1363484,78500,0.061,1
6969,2020-02-25,236467,14280,0.03388135593,1
6970,2020-02-25,273497,68407,0.01523728814,2
6971,2020-02-25,287272,79406,0.02761016949,2
6972,2020-02-25,521494,78611,0.02201694915,2
6973,2020-02-25,1078789,80842,0.01354237288,1
6974,2020-02-25,1078789,90058,0.01693220339,1
6975,2020-02-26,25640,65221,0.05083050847,2
6976,2020-02-26,146683,16004,0.05083050847,1
6977,2020-02-26,319954,81872,0.1016779661,2
6978,2020-02-26,319954,82119,0.06777966102,2
6979,2020-02-26,330875,61365,0.006762711864,1
6980,2020-02-26,583909,54469,0.01354237288,2
6981,2020-02-26,591343,90655,0.03388135593,2
6982,2020-02-26,804704,76352,0.01642372881,2
6983,2020-02-26,831881,91877,0.03049152542,2
6984,2020-02-26,857855,87992,0.061,1
6985,2020-02-26,876328,90510,0.01354237288,2
6986,2020-02-26,929723,94684,0.01693220339,2
6987,2020-02-26,1030667,66378,0.0423559322,2
6988,2020-02-26,1281838,69586,0.05930508475,2
6989,2020-02-26,1281838,94919,0.01354237288,2
6990,2020-02-26,1308182,76488,0.0423559322,2
6991,2020-02-26,1308182,87024,0.008457627119,1
6992,2020-02-27,41564,94684,0.01523728814,2
6993,2020-02-27,68005,85507,0.0423559322,2
6994,2020-02-27,99597,909,0.05083050847,2
6995,2020-02-27,265786,78128,0.0163559322,2
6996,2020-02-27,286039,16004,0.04405084746,1
6997,2020-02-27,369235,83565,0.05083050847,2
6998,2020-02-27,561574,62314,0.05930508475,2
6999,2020-02-27,561574,68614,0.02540677966,2
7000,2020-02-27,624788,4013,0.003152542373,1
7001,2020-02-27,731445,79585,0.01354237288,1
7002,2020-02-28,148310,97494,0.0423559322,1
7003,2020-02-28,311804,51808,0.0423559322,1
7004,2020-02-28,595596,69509,0.03388135593,2
7005,2020-02-28,668670,1479,0.02201694915,2
7006,2020-02-28,668670,20857,0.03049152542,2
7007,2020-02-28,668670,22643,0.01693220339,2
7008,2020-02-28,771454,80003,0.01693220339,1
7009,2020-02-28,788201,68421,0.03388135593,2
7010,2020-02-28,929723,71951,0.02201694915,1
7011,2020-02-28,1165076,55593,0.01208474576,2
7012,2020-02-28,1288299,43470,0.0203220339,2
7013,2020-02-29,49776,72983,0.03388135593,1
7014,2020-02-29,166452,66446,0.01354237288,2
7015,2020-02-29,360443,90348,0.02133898305,1
7016,2020-02-29,370412,44046,0.01693220339,1
7017,2020-02-29,533606,95842,0.07625423729,2
7018,2020-02-29,816919,88140,0.07625423729,2
7019,2020-02-29,896091,90058,0.01693220339,2
7020,2020-02-29,1251461,86131,0.008457627119,2
7021,2020-03-01,58582,71097,0.02540677966,2
7022,2020-03-01,65172,54845,0.02540677966,2
7023,2020-03-01,107608,10648,0.01133898305,1
7024,2020-03-01,153459,68408,0.01371186441,2
7025,2020-03-01,205772,20857,0.03049152542,2
7026,2020-03-01,214821,75096,0.03811864407,1
7027,2020-03-01,257921,45238,0.03049152542,2
7028,2020-03-01,469981,81315,0.02540677966,2
7029,2020-03-01,524848,74667,0.0423559322,2
7030,2020-03-01,755725,15989,0.04077966102,1
7031,2020-03-01,755725,16004,0.04894915254,1
7032,2020-03-01,1301404,75096,0.036,1
7033,2020-03-01,1359535,58473,0.02540677966,2
7034,2020-03-02,8132,79406,0.03049152542,2
7035,2020-03-02,67788,79406,0.03049152542,2
7036,2020-03-02,84205,100353,0.04116949153,2
7037,2020-03-02,185661,85657,0.01523728814,2
7038,2020-03-02,268083,86610,0.04574576271,1
7039,2020-03-02,519901,86398,0.05422033898,1
7040,2020-03-02,807722,9224,0.01523728814,2
7041,2020-03-02,927344,81266,0.01693220339,2
7042,2020-03-02,1366131,79307,0.03388135593,1
7043,2020-03-03,100346,62393,0.05083050847,2
7044,2020-03-03,330298,35530,0.01557627119,2
7045,2020-03-03,394409,90396,0.03388135593,2
7046,2020-03-03,424431,66446,0.01322033898,2
7047,2020-03-03,438756,54684,0.05083050847,2
7048,2020-03-03,586692,53892,0.03388135593,1
7049,2020-03-03,864078,52108,0.02540677966,2
7050,2020-03-03,896091,88161,0.02201694915,2
7051,2020-03-03,967514,75096,0.0423559322,1
7052,2020-03-03,1021258,54684,0.05083050847,2
7053,2020-03-03,1021258,60254,0.06777966102,2
7054,2020-03-03,1021258,86398,0.06777966102,2
7055,2020-03-03,1189069,90348,0.02201694915,1
7056,2020-03-04,31587,75014,0.02540677966,2
7057,2020-03-04,81416,85657,0.01693220339,2
7058,2020-03-04,314408,44046,0.01523728814,1
7059,2020-03-04,317866,88024,0.02540677966,2
7060,2020-03-04,331468,87211,0.03220338983,2
7061,2020-03-04,405233,54682,0.05083050847,1
7062,2020-03-04,423223,68439,0.01981355932,1
7063,2020-03-04,423223,71097,0.02288135593,1
7064,2020-03-04,506718,91002,0.0423559322,2
7065,2020-03-04,582073,7999,0.01354237288,2
7066,2020-03-04,792722,87720,0.03049152542,2
7067,2020-03-04,1368657,909,0.05083050847,2
7068,2020-03-05,99597,65616,0.02371186441,2
7069,2020-03-05,252430,20857,0.03049152542,1
7070,2020-03-05,405122,83134,0.01523728814,2
7071,2020-03-05,427109,82243,0.0423559322,2
7072,2020-03-05,427244,40318,0.01693220339,1
7073,2020-03-05,470945,66345,0.04133898305,2
7074,2020-03-05,496149,85904,0.0423559322,1
7075,2020-03-05,506718,91002,0.0423559322,2
7076,2020-03-05,523420,7999,0.01354237288,2
7077,2020-03-05,692891,7999,0.01354237288,2
7078,2020-03-05,692891,79971,0.02879661017,2
7079,2020-03-05,733607,81766,0.01693220339,1
7080,2020-03-05,733607,94272,0.08472881356,1
7081,2020-03-05,754336,42631,0.02540677966,1
7082,2020-03-05,776227,16595,0.02540677966,2
7083,2020-03-05,818970,75993,0.03049152542,2
7084,2020-03-05,1125939,84627,0.03388135593,1
7085,2020-03-06,420144,90058,0.01693220339,2
7086,2020-03-06,489483,79583,0.006033898305,2
7087,2020-03-06,534299,65221,0.03049152542,2
7088,2020-03-06,547822,90967,0.03388135593,2
7089,2020-03-06,800234,94684,0.01672881356,2
7090,2020-03-06,994921,72495,0.006203389831,1
7091,2020-03-06,1044971,83238,0.03388135593,2
7092,2020-03-06,1089581,90967,0.03388135593,2
7093,2020-03-06,1098154,45834,0.02371186441,2
7094,2020-03-06,1171823,87928,0.02540677966,2
7095,2020-03-06,1222695,21693,0.007610169492,1
7096,2020-03-07,12666,88476,0.1016779661,2
7097,2020-03-07,24898,76103,0.003372881356,1
7098,2020-03-07,60410,78848,0.03,1
7099,2020-03-07,430713,72278,0.03049152542,2
7100,2020-03-07,472181,92529,0.02371186441,2
7101,2020-03-07,697414,40318,0.01693220339,1
7102,2020-03-07,861454,88161,0.02201694915,2
7103,2020-03-07,866012,80525,0.05083050847,2
7104,2020-03-07,958476,87720,0.03049152542,2
7105,2020-03-07,958476,88161,0.02201694915,2
7106,2020-03-07,1024929,75096,0.0423559322,1
7107,2020-03-07,1154125,90396,0.03388135593,2
7108,2020-03-07,1239021,25059,0.02427118644,2
7109,2020-03-08,248668,25059,0.02540677966,2
7110,2020-03-08,334587,53892,0.03361016949,2
7111,2020-03-08,334587,91740,0.02520338983,2
7112,2020-03-08,334587,93424,0.02520338983,2
7113,2020-03-08,336518,67529,0.03388135593,1
7114,2020-03-08,374632,71097,0.02540677966,2
7115,2020-03-08,809792,57977,0.008254237288,2
7116,2020-03-08,1288696,67052,0.02540677966,2
7117,2020-03-09,289665,79390,0.01184745763,2
7118,2020-03-09,289665,79391,0.01184745763,2
7119,2020-03-09,415879,71097,0.02540677966,1
7120,2020-03-09,453701,89074,0.02540677966,1
7121,2020-03-09,776227,16595,0.02540677966,2
7122,2020-03-09,936625,64617,0.02710169492,1
7123,2020-03-09,1002701,14365,0.01591525424,2
7124,2020-03-09,1111543,87708,0.03388135593,2
7125,2020-03-09,1131263,47966,0.01184745763,2
7126,2020-03-09,1131263,57977,0.008457627119,2
7127,2020-03-10,131125,78632,0.05083050847,2
7128,2020-03-10,638354,58979,0.01354237288,2
7129,2020-03-10,733035,88283,0.01693220339,2
7130,2020-03-10,762201,88006,0.01662711864,2
7131,2020-03-10,1256610,54813,0.01015254237,2
7132,2020-03-11,69592,91974,0.02744067797,2
7133,2020-03-11,329391,20860,0.01354237288,2
7134,2020-03-11,744475,79240,0.01523728814,2
7135,2020-03-11,911240,94927,0.008457627119,2
7136,2020-03-11,948332,64677,0.003372881356,1
7137,2020-03-11,1020457,19012,0.05083050847,2
7138,2020-03-11,1024875,54684,0.05083050847,2
7139,2020-03-11,1024875,86398,0.06777966102,2
7140,2020-03-11,1101931,73707,0.02540677966,2
7141,2020-03-11,1252976,38671,0.01523728814,1
7142,2020-03-12,2800,53823,0.03388135593,2
7143,2020-03-12,32969,54684,0.05083050847,2
7144,2020-03-12,32969,86398,0.06777966102,2
7145,2020-03-12,105178,66518,0.02201694915,2
7146,2020-03-12,319954,81872,0.05083050847,2
7147,2020-03-12,597455,90967,0.03388135593,2
7148,2020-03-12,745935,15989,0.0423559322,2
7149,2020-03-12,975461,84161,0.03261016949,2
7150,2020-03-12,1175754,81393,0.01693220339,1
7151,2020-03-13,33191,22465,0.01354237288,2
7152,2020-03-13,487558,94164,0.05930508475,1
7153,2020-03-13,535455,88283,0.01693220339,2
7154,2020-03-13,854984,86610,0.05083050847,1
7155,2020-03-13,857855,46400,0.03388135593,2
7156,2020-03-13,1232897,74890,0.03388135593,2
7157,2020-03-13,1348284,87720,0.03049152542,1
7158,2020-03-14,121941,53823,0.03388135593,2
7159,2020-03-14,391113,87720,0.03049152542,1
7160,2020-03-14,487558,94164,0.05930508475,1
7161,2020-03-14,497248,93704,0.01693220339,2
7162,2020-03-14,560393,53892,0.03388135593,2
7163,2020-03-14,905611,78661,0.02201694915,2
7164,2020-03-14,1152896,75096,0.03811864407,1
7165,2020-03-15,49776,78502,0.06777966102,2
7166,2020-03-15,616635,99216,0.0423559322,2
7167,2020-03-15,926971,57916,0.006762711864,1
7168,2020-03-16,399525,53892,0.03388135593,1
7169,2020-03-16,455982,90002,0.0423559322,2
7170,2020-03-16,473588,76937,0.2525423729,2
7171,2020-03-16,1353339,12750,0.01693220339,1
7172,2020-03-17,72268,34700,0.0423559322,2
7173,2020-03-17,394409,96080,0.03281355932,2
7174,2020-03-17,605991,74,0.01354237288,2
7175,2020-03-17,631048,54682,0.04066101695,1
7176,2020-03-17,740341,85335,0.05083050847,2
7177,2020-03-17,929240,53125,0.01693220339,2
7178,2020-03-17,1056364,93704,0.01693220339,2
7179,2020-03-17,1060185,79406,0.03049152542,2
7180,2020-03-17,1114970,52108,0.02159322034,1
7181,2020-03-17,1119489,21642,0.02201694915,2
7182,2020-03-17,1119489,95402,0.0423559322,2
7183,2020-03-17,1285033,88161,0.02201694915,2
7184,2020-03-18,1108733,90757,0.01354237288,2
7185,2020-03-18,1113626,88140,0.06777966102,1
7186,2020-03-19,9309,94513,0.05083050847,2
7187,2020-03-19,273497,90396,0.03388135593,2
7188,2020-03-19,959561,97176,0.01693220339,2
7189,2020-03-19,977778,86398,0.05184745763,2
7190,2020-03-19,1067614,69509,0.03388135593,2
7191,2020-03-19,1100537,67453,0.02540677966,2
7192,2020-03-20,181381,10215,0.01354237288,2
7193,2020-03-20,641942,53892,0.03388135593,2
7194,2020-03-20,879148,68614,0.02540677966,2
7195,2020-03-20,976732,3512,0.02710169492,2
7196,2020-03-20,1167900,57977,0.007186440678,2
7197,2020-03-20,1167900,92939,0.02540677966,2
7198,2020-03-21,415715,88283,0.01523728814,2
7199,2020-03-21,524192,96080,0.03388135593,2
7200,2020-03-21,616635,64698,0.0423559322,2
7201,2020-03-21,1101931,87613,0.01150847458,2
7202,2020-03-21,1256242,91934,0.03388135593,2
7203,2020-03-21,1366365,64698,0.0423559322,2
7204,2020-03-22,106114,1479,0.02201694915,2
7205,2020-03-22,106114,23790,0.02201694915,2
7206,2020-03-22,108105,87176,0.03388135593,2
7207,2020-03-22,108105,89826,0.05083050847,2
7208,2020-03-22,248587,73515,0.07091525424,2
7209,2020-03-22,253309,88076,0.02159322034,2
7210,2020-03-22,263171,3512,0.02710169492,2
7211,2020-03-22,323778,90967,0.03388135593,2
7212,2020-03-22,428533,83293,0.03316949153,2
7213,2020-03-22,570294,88529,0.03388135593,2
7214,2020-03-22,616635,99216,0.0423559322,2
7215,2020-03-22,793849,90396,0.03388135593,2
7216,2020-03-22,793984,66518,0.02201694915,2
7217,2020-03-22,979717,94506,0.05083050847,2
7218,2020-03-22,979717,99216,0.0423559322,2
7219,2020-03-22,1319492,45363,0.01618644068,2
7220,2020-03-22,1332947,20857,0.02938983051,2
7221,2020-03-23,10061,91914,0.03388135593,2
7222,2020-03-23,178640,70052,0.00506779661,2
7223,2020-03-23,189505,87720,0.02591525424,2
7224,2020-03-23,329461,10215,0.02015254237,2
7225,2020-03-23,329461,87167,0.03361016949,2
7226,2020-03-23,340706,60203,0.04077966102,2
7227,2020-03-23,783265,14365,0.02540677966,2
7228,2020-03-23,1002701,87469,0.01438983051,2
7229,2020-03-23,1295045,34697,0.03388135593,2
7230,2020-03-24,10061,91914,0.03388135593,2
7231,2020-03-24,248034,10648,0.01693220339,2
7232,2020-03-24,286006,91871,0.06777966102,2
7233,2020-03-24,409379,69570,0.02879661017,2
7234,2020-03-24,1018723,87585,0.1186271186,2
7235,2020-03-24,1235304,55593,0.008305084746,2
7236,2020-03-25,206541,86332,0.02710169492,2
7237,2020-03-25,256865,88161,0.02201694915,2
7238,2020-03-25,304028,67453,0.01693220339,2
7239,2020-03-25,311626,64286,0.05083050847,2
7240,2020-03-25,517421,92359,0.0423559322,2
7241,2020-03-25,654519,619,0.01354237288,2
7242,2020-03-25,658549,53892,0.03388135593,2
7243,2020-03-25,799996,57977,0.008457627119,2
7244,2020-03-25,1030667,66378,0.04066101695,2
7245,2020-03-25,1137554,76771,0.01438983051,2
7246,2020-03-25,1319492,10648,0.01196610169,2
7247,2020-03-26,207486,20857,0.03049152542,2
7248,2020-03-26,371565,45363,0.01015254237,2
7249,2020-03-26,640162,79406,0.03049152542,2
7250,2020-03-26,647364,14038,0.01693220339,2
7251,2020-03-26,666003,66518,0.02201694915,2
7252,2020-03-26,714442,10648,0.01693220339,2
7253,2020-03-26,714442,83551,0.01693220339,2
7254,2020-03-27,38672,57977,0.008457627119,2
7255,2020-03-27,179533,58279,0.03557627119,2
7256,2020-03-27,523159,94927,0.008457627119,2
7257,2020-03-27,650571,96933,0.01693220339,2
7258,2020-03-27,1143481,45363,0.01693220339,2
7259,2020-03-27,1342559,99216,0.0423559322,2
7260,2020-03-28,368786,16595,0.02540677966,2
7261,2020-03-28,455197,99028,0.03388135593,2
7262,2020-03-28,680749,71097,0.02540677966,2
7263,2020-03-28,714442,10648,0.01438983051,2
7264,2020-03-28,714442,83551,0.01438983051,2
7265,2020-03-28,986309,91871,0.06777966102,2
7266,2020-03-28,986309,97721,0.02879661017,2
7267,2020-03-28,1224982,71202,0.06777966102,2
7268,2020-03-28,1319422,76101,0.003966101695,2
7269,2020-03-28,1320085,88076,0.02540677966,2
7270,2020-03-29,195604,92529,0.02540677966,2
7271,2020-03-29,220778,95402,0.0423559322,2
7272,2020-03-29,296767,619,0.01354237288,2
7273,2020-03-29,468996,99216,0.0423559322,2
7274,2020-03-29,601399,276,0.01438983051,2
7275,2020-03-29,834310,84373,0.0423559322,2
7276,2020-03-29,925435,95842,0.08472881356,2
7277,2020-03-29,935314,74,0.01289830508,2
7278,2020-03-29,1054111,84559,0.05083050847,2
7279,2020-03-29,1102434,85262,0.03388135593,2
7280,2020-03-29,1295415,10215,0.0203220339,2
7281,2020-03-30,150274,72647,0.01693220339,2
7282,2020-03-30,207486,20857,0.03049152542,2
7283,2020-03-30,277216,45363,0.01693220339,2
7284,2020-03-30,304028,67454,0.02159322034,2
7285,2020-03-30,362637,76771,0.01693220339,2
7286,2020-03-30,528164,71097,0.02540677966,2
7287,2020-03-30,546256,75993,0.04066101695,2
7288,2020-03-30,650727,53892,0.02540677966,2
7289,2020-03-30,933333,91871,0.06777966102,2
7290,2020-03-30,1200019,99216,0.0423559322,2
7291,2020-03-31,95633,94898,0.01693220339,2
7292,2020-03-31,106780,86332,0.02662711864,2
7293,2020-03-31,444051,69456,0.05083050847,2
7294,2020-03-31,469605,72495,0.008457627119,2
7295,2020-03-31,533977,20857,0.03049152542,2
7296,2020-03-31,558142,99028,0.03388135593,2
7297,2020-03-31,826680,81256,0.02201694915,2
7298,2020-03-31,931688,70168,0.05930508475,2
7299,2020-03-31,1346605,7999,0.01354237288,2
7300,2020-03-31,1349234,80222,0.02498305085,2
7301,2020-04-01,69592,67859,0.02015254237,2
7302,2020-04-01,266513,98297,0.02540677966,2
7303,2020-04-01,395584,86131,0.008457627119,2
7304,2020-04-01,445652,84958,0.0423559322,2
7305,2020-04-01,457180,94305,0.0423559322,2
7306,2020-04-01,466976,14365,0.02540677966,2
7307,2020-04-01,711990,80222,0.02110169492,2
7308,2020-04-01,721748,64286,0.05083050847,2
7309,2020-04-01,985269,94898,0.0146779661,2
7310,2020-04-01,1012617,80222,0.02540677966,2
7311,2020-04-01,1196727,99028,0.03388135593,2
7312,2020-04-01,1266609,91914,0.03388135593,2
7313,2020-04-02,30879,43839,0.006762711864,2
7314,2020-04-02,30879,53892,0.03388135593,2
7315,2020-04-02,220778,95402,0.0423559322,2
7316,2020-04-02,395935,92052,0.0653220339,2
7317,2020-04-02,438469,63117,0.036,2
7318,2020-04-02,455197,83343,0.03049152542,2
7319,2020-04-02,455197,83834,0.06777966102,2
7320,2020-04-02,455197,94117,0.1016779661,2
7321,2020-04-02,457180,94305,0.0423559322,2
7322,2020-04-02,464486,91740,0.02437288136,2
7323,2020-04-02,533071,90572,0.04066101695,2
7324,2020-04-02,533071,91914,0.03388135593,2
7325,2020-04-02,835026,54524,0.01693220339,2
7326,2020-04-02,901674,20857,0.03049152542,2
7327,2020-04-02,1003624,92044,0.06606779661,2
7328,2020-04-02,1200357,68421,0.03388135593,2
7329,2020-04-02,1316266,53892,0.03388135593,2
7330,2020-04-02,1357148,66518,0.02201694915,2
7331,2020-04-03,72443,59533,0.02710169492,2
7332,2020-04-03,347484,46278,0.03266101695,2
7333,2020-04-03,409379,69570,0.02710169492,2
7334,2020-04-03,514915,74890,0.02483050847,2
7335,2020-04-03,558150,87118,0.01354237288,2
7336,2020-04-03,680749,71097,0.0203220339,2
7337,2020-04-03,724659,68421,0.03388135593,2
7338,2020-04-03,762201,67453,0.02201694915,2
7339,2020-04-03,777130,99216,0.03388135593,2
7340,2020-04-03,786271,94898,0.01693220339,2
7341,2020-04-03,820580,94506,0.04066101695,2
7342,2020-04-03,1100024,88076,0.02540677966,2
7343,2020-04-03,1108733,84977,0.02710169492,2
7344,2020-04-03,1245269,91974,0.03049152542,2
7345,2020-04-04,216896,88209,0.01354237288,2
7346,2020-04-04,348685,74890,0.03388135593,2
7347,2020-04-04,498308,92509,0.02438983051,2
7348,2020-04-04,539092,93704,0.01354237288,2
7349,2020-04-04,570409,52108,0.01961016949,2
7350,2020-04-04,677983,87469,0.01354237288,2
7351,2020-04-04,710502,23142,0.04066101695,2
7352,2020-04-04,723806,45238,0.02710169492,2
7353,2020-04-04,783256,66518,0.01584745763,2
7354,2020-04-04,841072,72495,0.006762711864,2
7355,2020-04-04,871292,100790,0.02710169492,2
7356,2020-04-04,906738,66378,0.04066101695,2
7357,2020-04-04,906738,71097,0.0203220339,2
7358,2020-04-04,938340,92359,0.03388135593,2
7359,2020-04-04,959561,66518,0.01761016949,2
7360,2020-04-04,992949,66518,0.01528813559,2
7361,2020-04-04,1134791,60203,0.0423559322,2
7362,2020-04-04,1134791,95482,0.05083050847,2
7363,2020-04-04,1149044,67454,0.0203220339,2
7364,2020-04-05,620232,85987,0.05083050847,2
7365,2020-04-05,991698,96980,0.02540677966,2
7366,2020-04-05,1161197,99216,0.0423559322,2
7367,2020-04-06,150126,20857,0.03049152542,2
7368,2020-04-06,278211,60216,0.05083050847,2
7369,2020-04-06,414751,93340,0.03349152542,2
7370,2020-04-06,438275,93704,0.01693220339,2
7371,2020-04-06,504736,73708,0.08472881356,2
7372,2020-04-06,542229,57599,0.03049152542,2
7373,2020-04-06,589068,99216,0.0423559322,2
7374,2020-04-06,712716,14365,0.02540677966,2
7375,2020-04-06,712716,15989,0.0423559322,2
7376,2020-04-06,769124,93584,0.04162711864,2
7377,2020-04-06,1021757,60915,0.01184745763,2
7378,2020-04-06,1072262,54524,0.01693220339,2
7379,2020-04-06,1072262,68421,0.03388135593,2
7380,2020-04-06,1172858,85987,0.05083050847,2
7381,2020-04-06,1358869,81256,0.02201694915,2
7382,2020-04-07,362472,22645,0.01354237288,2
7383,2020-04-07,534300,74,0.01354237288,2
7384,2020-04-07,534300,84293,0.02201694915,2
7385,2020-04-07,644505,93704,0.01693220339,2
7386,2020-04-07,647101,909,0.05083050847,2
7387,2020-04-07,735902,66999,0.05011864407,2
7388,2020-04-07,756175,96080,0.02830508475,2
7389,2020-04-07,759775,91914,0.03388135593,2
7390,2020-04-07,875264,92359,0.0423559322,2
7391,2020-04-07,931688,70168,0.05930508475,2
7392,2020-04-07,1020457,22931,0.02540677966,2
7393,2020-04-07,1167900,96080,0.03388135593,2
7394,2020-04-07,1169525,67453,0.02201694915,2
7395,2020-04-07,1169525,93455,0.06777966102,2
7396,2020-04-07,1356990,74890,0.02710169492,2
7397,2020-04-08,195604,69509,0.03388135593,2
7398,2020-04-08,249413,66518,0.02201694915,2
7399,2020-04-08,400872,84111,0.0643220339,2
7400,2020-04-08,483293,22657,0.01693220339,2
7401,2020-04-08,712884,75993,0.03455932203,2
7402,2020-04-08,862583,98083,0.02413559322,2
7403,2020-04-08,895256,46444,0.008457627119,2
7404,2020-04-08,984608,30516,0.01252542373,2
7405,2020-04-08,1235225,87507,0.0423559322,2
7406,2020-04-08,1271557,7185,0.02201694915,2
7407,2020-04-09,155597,98083,0.02540677966,2
7408,2020-04-09,221212,62205,0.01354237288,2
7409,2020-04-09,297563,66518,0.02201694915,2
7410,2020-04-09,395201,63117,0.0423559322,2
7411,2020-04-09,395201,98083,0.02540677966,2
7412,2020-04-09,475345,92359,0.0423559322,2
7413,2020-04-09,655625,93724,0.02201694915,2
7414,2020-04-09,731173,99028,0.03388135593,2
7415,2020-04-09,800234,45969,0.02976271186,2
7416,2020-04-09,1149913,59104,0.02310169492,2
7417,2020-04-10,177616,46444,0.007610169492,2
7418,2020-04-10,177616,72495,0.007610169492,2
7419,2020-04-10,177616,97512,0.03811864407,2
7420,2020-04-10,306549,90162,0.03342372881,2
7421,2020-04-10,348478,92052,0.06777966102,2
7422,2020-04-10,447283,56696,0.05083050847,2
7423,2020-04-10,447283,91914,0.03388135593,2
7424,2020-04-10,881047,48265,0.03557627119,2
7425,2020-04-10,968678,90222,0.0423559322,2
7426,2020-04-10,1020745,80697,0.01693220339,2
7427,2020-04-10,1100537,95091,0.02879661017,2
7428,2020-04-10,1303961,69743,0.02201694915,2
7429,2020-04-11,12403,84958,0.02710169492,2
7430,2020-04-11,47978,63117,0.03388135593,2
7431,2020-04-11,65257,91658,0.03388135593,2
7432,2020-04-11,162649,57812,0.0203220339,2
7433,2020-04-11,193137,46444,0.006762711864,2
7434,2020-04-11,273497,71097,0.02540677966,2
7435,2020-04-11,342323,94898,0.01979661017,2
7436,2020-04-11,600801,20857,0.02438983051,2
7437,2020-04-11,669512,83343,0.02438983051,2
7438,2020-04-11,680749,909,0.04066101695,2
7439,2020-04-11,695807,68421,0.02710169492,2
7440,2020-04-11,778251,26303,0.01354237288,2
7441,2020-04-11,805393,19012,0.04066101695,2
7442,2020-04-11,805393,94684,0.01354237288,2
7443,2020-04-11,847581,90222,0.03266101695,2
7444,2020-04-11,863309,14365,0.0203220339,2
7445,2020-04-11,988743,67529,0.03388135593,2
7446,2020-04-11,1012969,91505,0.0203220339,2
7447,2020-04-11,1117307,70168,0.04744067797,2
7448,2020-04-11,1122279,91659,0.03388135593,2
7449,2020-04-11,1122279,93424,0.0203220339,2
7450,2020-04-11,1122279,96080,0.02710169492,2
7451,2020-04-11,1122908,46444,0.006762711864,2
7452,2020-04-11,1147659,84950,0.0216779661,2
7453,2020-04-11,1151541,69743,0.01761016949,2
7454,2020-04-11,1157592,99028,0.0263220339,2
7455,2020-04-11,1165335,23142,0.04066101695,2
7456,2020-04-11,1252614,22657,0.01354237288,2
7457,2020-04-11,1290296,87507,0.03388135593,2
7458,2020-04-11,1314645,78502,0.06777966102,2
7459,2020-04-11,1334043,53892,0.02710169492,2
7460,2020-04-11,1359535,74,0.01083050847,2
7461,2020-04-11,1359535,7185,0.01761016949,2
7462,2020-04-11,1359535,22657,0.01354237288,2
7463,2020-04-11,1359535,88161,0.01761016949,2
7464,2020-04-12,74717,83343,0.03049152542,2
7465,2020-04-12,287978,83126,0.01693220339,2
7466,2020-04-12,287978,96080,0.03388135593,2
7467,2020-04-12,656740,72639,0.01015254237,2
7468,2020-04-12,887084,66518,0.01981355932,2
7469,2020-04-12,1177322,53892,0.03388135593,2
7470,2020-04-12,1193578,68101,0.008457627119,2
7471,2020-04-13,17730,69773,0.03049152542,2
7472,2020-04-13,351972,91531,0.02540677966,2
7473,2020-04-13,355554,83343,0.03049152542,2
7474,2020-04-13,440897,22657,0.01523728814,2
7475,2020-04-13,485939,83343,0.03049152542,2
7476,2020-04-13,624227,909,0.05083050847,2
7477,2020-04-13,1314645,91291,0.1016779661,2
7478,2020-04-14,99316,47966,0.01693220339,2
7479,2020-04-14,702056,88209,0.01693220339,2
7480,2020-04-14,896784,94927,0.008457627119,2
7481,2020-04-15,185639,94898,0.02494915254,2
7482,2020-04-15,353405,94760,0.05083050847,2
7483,2020-04-15,649810,69456,0.05083050847,2
7484,2020-04-15,696491,74,0.01354237288,2
7485,2020-04-15,740427,73649,0.06777966102,2
7486,2020-04-15,740427,89756,0.02879661017,2
7487,2020-04-15,1285033,90967,0.03388135593,2
7488,2020-04-16,360443,88335,0.02438983051,2
7489,2020-04-16,578679,74,0.01354237288,2
7490,2020-04-16,638354,75707,0.02201694915,2
7491,2020-04-16,1093517,84958,0.03388135593,2
7492,2020-04-16,1132559,83343,0.03049152542,2
7493,2020-04-17,101284,80966,0.02540677966,2
7494,2020-04-17,190649,53892,0.03388135593,2
7495,2020-04-17,680749,63494,0.03049152542,2
7496,2020-04-17,924230,67052,0.02540677966,2
7497,2020-04-17,924230,95482,0.05083050847,2
7498,2020-04-17,1008279,84950,0.02710169492,2
7499,2020-04-17,1094459,81871,0.07116949153,2
7500,2020-04-17,1193964,93424,0.02386440678,2
7501,2020-04-18,181523,90967,0.03388135593,2
7502,2020-04-18,300063,79453,0.06777966102,2
7503,2020-04-18,384508,67052,0.02540677966,2
7504,2020-04-18,407252,66518,0.02201694915,2
7505,2020-04-18,474922,94506,0.04793220339,2
7506,2020-04-18,595616,99549,0.0423559322,2
7507,2020-04-18,689047,84950,0.03388135593,2
7508,2020-04-18,700520,89826,0.05083050847,2
7509,2020-04-18,1134791,93530,0.05083050847,2
7510,2020-04-18,1211990,44046,0.01693220339,2
7511,2020-04-19,6447,66518,0.01862711864,2
7512,2020-04-19,167031,99192,0.01354237288,2
7513,2020-04-19,369530,95482,0.05083050847,2
7514,2020-04-19,486880,70647,0.00913559322,2
7515,2020-04-19,705781,52129,0.02540677966,2
7516,2020-04-19,867934,99192,0.01354237288,2
7517,2020-04-19,1049063,57977,0.008457627119,2
7518,2020-04-19,1197683,94898,0.02540677966,2
7519,2020-04-19,1214423,56696,0.05083050847,2
7520,2020-04-20,147170,80966,0.02359322034,2
7521,2020-04-20,323778,22704,0.02371186441,2
7522,2020-04-20,456224,88209,0.01645762712,2
7523,2020-04-20,639712,20857,0.02591525424,2
7524,2020-04-20,639712,94898,0.02540677966,2
7525,2020-04-20,661162,79111,0.05083050847,2
7526,2020-04-20,968435,72495,0.008457627119,2
7527,2020-04-20,996806,63494,0.03049152542,2
7528,2020-04-20,1091976,84977,0.03388135593,2
7529,2020-04-21,168794,92684,0.0423559322,2
7530,2020-04-21,231434,94927,0.007983050847,2
7531,2020-04-21,241772,52108,0.02201694915,2
7532,2020-04-21,692511,66999,0.05083050847,2
7533,2020-04-21,692511,89282,0.03388135593,2
7534,2020-04-21,754553,53892,0.03388135593,2
7535,2020-04-21,755624,88283,0.01693220339,2
7536,2020-04-21,996816,1434,0.01693220339,2
7537,2020-04-21,1277402,31298,0.01693220339,2
7538,2020-04-22,12495,43470,0.0203220339,2
7539,2020-04-22,188659,92052,0.06506779661,2
7540,2020-04-22,212732,99192,0.01354237288,2
7541,2020-04-22,395058,87469,0.01608474576,2
7542,2020-04-22,457400,53892,0.03388135593,2
7543,2020-04-22,457400,56696,0.05083050847,2
7544,2020-04-22,469582,79453,0.06777966102,2
7545,2020-04-22,566809,46444,0.008457627119,2
7546,2020-04-22,605991,69743,0.02201694915,2
7547,2020-04-22,621081,99028,0.03388135593,2
7548,2020-04-22,781493,84958,0.03896610169,2
7549,2020-04-22,800477,92359,0.0423559322,2
7550,2020-04-22,959561,76101,0.006762711864,2
7551,2020-04-22,996503,95482,0.05083050847,2
7552,2020-04-22,1131233,57143,0.02201694915,2
7553,2020-04-22,1286980,54524,0.01523728814,2
7554,2020-04-23,146195,101465,0.01693220339,2
7555,2020-04-23,264296,37699,0.03049152542,2
7556,2020-04-23,264296,74890,0.03388135593,2
7557,2020-04-23,379963,84675,0.01693220339,2
7558,2020-04-23,476328,54813,0.01015254237,2
7559,2020-04-23,859931,88161,0.02201694915,2
7560,2020-04-23,917513,23142,0.05083050847,2
7561,2020-04-23,964998,69456,0.05083050847,2
7562,2020-04-23,1113626,91871,0.06777966102,2
7563,2020-04-23,1187003,94506,0.05083050847,2
7564,2020-04-23,1259128,56696,0.05083050847,2
7565,2020-04-24,57755,74,0.01311864407,2
7566,2020-04-24,84067,69455,0.04574576271,2
7567,2020-04-24,271633,87696,0.03388135593,2
7568,2020-04-24,602769,46444,0.008457627119,2
7569,2020-04-24,1077477,65467,0.02201694915,2
7570,2020-04-24,1268497,67052,0.02540677966,2
7571,2020-04-24,1367847,89348,0.02540677966,2
7572,2020-04-25,42889,55593,0.01015254237,2
7573,2020-04-25,59062,69586,0.05930508475,2
7574,2020-04-25,158753,98086,0.01761016949,2
7575,2020-04-25,444751,53892,0.02537288136,2
7576,2020-04-25,606407,52806,0.02438983051,2
7577,2020-04-25,636703,54524,0.01693220339,2
7578,2020-04-25,636779,65577,0.0203220339,2
7579,2020-04-25,656740,22446,0.006762711864,2
7580,2020-04-25,864873,91531,0.0203220339,2
7581,2020-04-25,988743,78502,0.06777966102,2
7582,2020-04-25,1069695,55593,0.01015254237,2
7583,2020-04-25,1069695,56696,0.04066101695,2
7584,2020-04-25,1122730,92359,0.04213559322,2
7585,2020-04-25,1133832,14365,0.01806779661,2
7586,2020-04-25,1184599,86332,0.02710169492,2
7587,2020-04-25,1189964,909,0.05083050847,2
7588,2020-04-26,50343,67052,0.0203220339,2
7589,2020-04-26,150792,47605,0.03388135593,2
7590,2020-04-26,179155,69455,0.04066101695,2
7591,2020-04-26,448788,10687,0.02710169492,2
7592,2020-04-26,576001,45834,0.02371186441,2
7593,2020-04-26,576001,66518,0.01761016949,2
7594,2020-04-26,625655,93424,0.0203220339,2
7595,2020-04-26,745630,74,0.01083050847,2
7596,2020-04-26,933409,10695,0.02596610169,2
7597,2020-04-26,933409,89860,0.006474576271,2
7598,2020-04-26,933409,94927,0.006474576271,2
7599,2020-04-26,1072016,69586,0.05930508475,2
7600,2020-04-26,1082566,94227,0.02540677966,2
7601,2020-04-26,1221712,92478,0.02710169492,2
7602,2020-04-27,161516,71202,0.05083050847,2
7603,2020-04-27,161516,99549,0.0423559322,2
7604,2020-04-27,370412,44394,0.01523728814,2
7605,2020-04-27,395102,56997,0.02879661017,2
7606,2020-04-27,637124,53892,0.0203220339,2
7607,2020-04-27,968623,90396,0.03388135593,2
7608,2020-04-27,1172868,89171,0.01693220339,2
7609,2020-04-27,1314645,91291,0.1016779661,2
7610,2020-04-27,1367662,84675,0.01693220339,2
7611,2020-04-28,31595,20857,0.02979661017,2
7612,2020-04-28,37387,100969,0.02286440678,2
7613,2020-04-28,299947,100969,0.02540677966,2
7614,2020-04-28,393933,88335,0.02540677966,2
7615,2020-04-28,519901,65885,0.05422033898,2
7616,2020-04-28,613169,84950,0.02710169492,2
7617,2020-04-28,658081,88335,0.02540677966,2
7618,2020-04-28,929740,71867,0.02540677966,2
7619,2020-04-28,951444,100083,0.02540677966,2
7620,2020-04-28,1182175,47966,0.01693220339,2
7621,2020-04-28,1265941,100969,0.02540677966,2
7622,2020-04-29,179155,7185,0.01683050847,2
7623,2020-04-29,452727,53892,0.03049152542,2
7624,2020-04-29,452727,98083,0.02286440678,2
7625,2020-04-29,471758,100083,0.02540677966,2
7626,2020-04-29,544680,100969,0.01828813559,2
7627,2020-04-29,747584,53892,0.03388135593,2
7628,2020-04-29,747584,72495,0.008457627119,2
7629,2020-04-29,809718,71202,0.05083050847,2
7630,2020-04-29,810524,99028,0.03388135593,2
7631,2020-04-29,917513,23142,0.05083050847,2
7632,2020-04-29,1098839,47966,0.01693220339,2
7633,2020-04-29,1154125,93704,0.01693220339,2
7634,2020-04-29,1264491,72495,0.008457627119,2
7635,2020-04-29,1304843,72495,0.008457627119,2
7636,2020-04-29,1304843,81940,0.02371186441,2
7637,2020-04-30,158753,67453,0.02515254237,2
7638,2020-04-30,158753,91374,0.04128813559,2
7639,2020-04-30,271633,87696,0.03049152542,2
7640,2020-04-30,388324,14049,0.02540677966,2
7641,2020-04-30,489483,92052,0.05184745763,2
7642,2020-04-30,600779,76514,0.03659322034,2
7643,2020-04-30,600779,98083,0.02286440678,2
7644,2020-04-30,643301,92194,0.0163559322,2
7645,2020-04-30,780131,100083,0.02540677966,2
7646,2020-04-30,829423,88306,0.02481355932,2
7647,2020-04-30,993197,99549,0.0423559322,2
7648,2020-04-30,1299172,95482,0.05083050847,2
7649,2020-05-01,48011,99028,0.03388135593,2
7650,2020-05-01,83067,90726,0.03049152542,2
7651,2020-05-01,180202,80966,0.02286440678,2
7652,2020-05-01,194638,79406,0.02744067797,2
7653,2020-05-01,438756,30732,0.01971186441,2
7654,2020-05-01,438756,35485,0.03184745763,2
7655,2020-05-01,472181,66518,0.0216440678,2
7656,2020-05-01,472181,86332,0.0226440678,2
7657,2020-05-01,472181,91914,0.03330508475,2
7658,2020-05-01,566809,91505,0.02540677966,2
7659,2020-05-01,621081,99028,0.03388135593,2
7660,2020-05-01,649240,84950,0.02381355932,2
7661,2020-05-01,726046,52108,0.02286440678,2
7662,2020-05-01,1117005,93783,0.02540677966,2
7663,2020-05-01,1249987,98083,0.02540677966,2
7664,2020-05-01,1328308,69743,0.02201694915,2
7665,2020-05-02,57855,98142,0.061,2
7666,2020-05-02,171334,84675,0.01693220339,2
7667,2020-05-02,321689,86332,0.02710169492,2
7668,2020-05-02,393178,74,0.01354237288,2
7669,2020-05-02,680749,44046,0.01523728814,2
7670,2020-05-02,781493,84958,0.0423559322,2
7671,2020-05-02,896784,46444,0.008457627119,2
7672,2020-05-02,993041,98041,0.02286440678,2
7673,2020-05-02,1020713,91574,0.02184745763,2
7674,2020-05-02,1020713,92359,0.03642372881,2
7675,2020-05-02,1069695,56696,0.04574576271,2
7676,2020-05-02,1108918,53892,0.03388135593,2
7677,2020-05-02,1117005,93783,0.02540677966,2
7678,2020-05-02,1368285,98086,0.02201694915,2
7679,2020-05-03,48011,99028,0.03388135593,2
7680,2020-05-03,201182,74,0.01354237288,2
7681,2020-05-03,631432,22657,0.01693220339,2
7682,2020-05-03,673564,85999,0.06777966102,2
7683,2020-05-03,813843,72495,0.008457627119,2
7684,2020-05-03,959561,66518,0.02201694915,2
7685,2020-05-03,1066420,74,0.01218644068,2
7686,2020-05-03,1353339,22465,0.01354237288,2
7687,2020-05-03,1359847,53892,0.03388135593,2
7688,2020-05-04,154053,72495,0.007610169492,2
7689,2020-05-04,414751,93361,0.02155932203,2
7690,2020-05-04,472181,93704,0.01693220339,2
7691,2020-05-04,660193,66518,0.02201694915,2
7692,2020-05-04,683712,66518,0.01945762712,2
7693,2020-05-04,1250731,66518,0.02201694915,2
7694,2020-05-05,110547,80697,0.01438983051,2
7695,2020-05-05,639712,94898,0.02159322034,2
7696,2020-05-05,700874,53892,0.03049152542,2
7697,2020-05-05,836654,87118,0.01693220339,2
7698,2020-05-05,1108733,46180,0.01294915254,2
7699,2020-05-05,1118082,98086,0.02201694915,2
7700,2020-05-06,214872,77473,0.0423559322,2
7701,2020-05-06,220778,89826,0.05083050847,2
7702,2020-05-06,236467,15989,0.04023728814,1
7703,2020-05-06,396261,90058,0.01693220339,1
7704,2020-05-06,428742,94608,0.008457627119,2
7705,2020-05-06,569728,40318,0.01693220339,1
7706,2020-05-06,1152773,102793,0.02540677966,2
7707,2020-05-06,1197899,98297,0.02540677966,2
7708,2020-05-07,44795,75219,0.02540677966,2
7709,2020-05-07,184290,98083,0.02540677966,2
7710,2020-05-07,186570,47966,0.01693220339,2
7711,2020-05-07,373850,93704,0.01438983051,2
7712,2020-05-07,534299,94506,0.05083050847,2
7713,2020-05-07,624788,33818,0.001508474576,1
7714,2020-05-07,651728,74302,0.02159322034,2
7715,2020-05-07,721965,87696,0.03388135593,2
7716,2020-05-07,833110,88435,0.02540677966,1
7717,2020-05-07,929105,93530,0.05083050847,2
7718,2020-05-07,983535,40318,0.01523728814,1
7719,2020-05-07,1011542,30732,0.02201694915,2
7720,2020-05-07,1108733,72495,0.008457627119,1
7721,2020-05-07,1256242,98247,0.03388135593,2
7722,2020-05-08,335125,94401,0.03388135593,2
7723,2020-05-08,738259,95402,0.0423559322,2
7724,2020-05-08,752573,92359,0.03811864407,2
7725,2020-05-08,778772,80842,0.01245762712,1
7726,2020-05-08,834310,90162,0.03388135593,2
7727,2020-05-08,927159,74,0.01354237288,2
7728,2020-05-08,927159,10648,0.01693220339,2
7729,2020-05-08,927159,65221,0.03557627119,2
7730,2020-05-09,31595,20857,0.02930508475,2
7731,2020-05-09,375281,90348,0.02540677966,1
7732,2020-05-09,501931,86332,0.02710169492,2
7733,2020-05-09,704997,64317,0.01693220339,2
7734,2020-05-09,936221,96895,0.05930508475,1
7735,2020-05-09,944298,76103,0.003050847458,1
7736,2020-05-09,1101569,67052,0.02266101695,2
7737,2020-05-09,1101569,75219,0.02266101695,2
7738,2020-05-09,1161374,64960,0.01210169492,1
7739,2020-05-10,213220,66518,0.02201694915,2
7740,2020-05-10,785089,76771,0.02540677966,2
7741,2020-05-10,1137554,102495,0.01981355932,2
7742,2020-05-10,1360994,90726,0.03049152542,2
7743,2020-05-11,236398,22657,0.01693220339,2
7744,2020-05-11,374357,80697,0.01693220339,2
7745,2020-05-11,506364,66518,0.01981355932,2
7746,2020-05-11,506364,67052,0.02286440678,2
7747,2020-05-11,727039,88306,0.02540677966,2
7748,2020-05-11,800477,93530,0.05083050847,2
7749,2020-05-11,808648,75219,0.02540677966,2
7750,2020-05-11,811451,87507,0.0423559322,2
7751,2020-05-11,843441,55840,0.006762711864,1
7752,2020-05-11,1082261,94481,0.02540677966,2
7753,2020-05-11,1229743,69509,0.03388135593,2
7754,2020-05-11,1229743,84950,0.03388135593,2
7755,2020-05-12,31293,89072,0.03811864407,1
7756,2020-05-12,84096,97304,0.03388135593,2
7757,2020-05-12,450333,20857,0.03049152542,2
7758,2020-05-12,559466,71202,0.06672881356,2
7759,2020-05-12,559466,100111,0.05838983051,2
7760,2020-05-12,597455,92359,0.0423559322,2
7761,2020-05-12,951509,54670,0.05083050847,1
7762,2020-05-12,961426,55777,0.01261016949,2
7763,2020-05-12,1356990,144,0.001338983051,1
7764,2020-05-13,215368,81393,0.01693220339,1
7765,2020-05-13,323552,99216,0.0423559322,1
7766,2020-05-13,370412,81393,0.01693220339,1
7767,2020-05-13,501735,81393,0.01693220339,1
7768,2020-05-13,550143,88209,0.01693220339,1
7769,2020-05-13,553129,12750,0.01693220339,1
7770,2020-05-13,649001,93704,0.01693220339,2
7771,2020-05-13,677174,84950,0.03388135593,2
7772,2020-05-13,737630,84977,0.03252542373,1
7773,2020-05-13,950804,94168,0.05625423729,1
7774,2020-05-13,1032758,99963,0.036,1
7775,2020-05-13,1190938,14365,0.02540677966,2
7776,2020-05-13,1309923,67052,0.02540677966,2
7777,2020-05-14,43295,68421,0.03049152542,2
7778,2020-05-14,362463,93424,0.02540677966,1
7779,2020-05-14,362463,94919,0.01354237288,1
7780,2020-05-14,421824,88306,0.02540677966,1
7781,2020-05-14,583984,94787,0.01693220339,1
7782,2020-05-14,738259,94305,0.0423559322,2
7783,2020-05-14,909357,99904,0.02540677966,2
7784,2020-05-14,929723,55840,0.005745762712,1
7785,2020-05-14,1301404,88209,0.01693220339,1
7786,2020-05-15,63101,87456,0.02201694915,1
7787,2020-05-15,194739,94971,0.01354237288,2
7788,2020-05-15,336026,52108,0.02540677966,2
7789,2020-05-15,380535,86332,0.02710169492,2
7790,2020-05-15,405603,46395,0.03388135593,1
7791,2020-05-15,455342,79453,0.05761016949,1
7792,2020-05-15,631432,22657,0.01693220339,2
7793,2020-05-15,639712,143,0.0008474576271,1
7794,2020-05-15,677174,84950,0.03388135593,2
7795,2020-05-15,738259,95402,0.03557627119,2
7796,2020-05-15,813421,88209,0.01693220339,2
7797,2020-05-15,813421,90726,0.03388135593,2
7798,2020-05-15,837853,99216,0.036,1
7799,2020-05-15,903629,95402,0.0423559322,2
7800,2020-05-15,1174281,53892,0.03388135593,2
7801,2020-05-15,1183398,20857,0.02591525424,2
7802,2020-05-15,1188216,14280,0.03388135593,1
7803,2020-05-15,1248730,84112,0.08472881356,2
7804,2020-05-16,194739,94971,0.01354237288,2
7805,2020-05-16,201952,88306,0.02159322034,1
7806,2020-05-16,331538,94629,0.00506779661,1
7807,2020-05-16,474268,66518,0.02201694915,2
7808,2020-05-16,582582,55593,0.01354237288,1
7809,2020-05-16,624788,30818,0.006084745763,1
7810,2020-05-16,741539,22931,0.02159322034,1
7811,2020-05-16,807080,54684,0.04576271186,1
7812,2020-05-16,807080,75096,0.03811864407,1
7813,2020-05-16,895256,12750,0.01693220339,1
7814,2020-05-16,929563,38157,0.01693220339,2
7815,2020-05-16,996503,22465,0.01211864407,2
7816,2020-05-16,1057879,88306,0.02493220339,2
7817,2020-05-16,1088066,98086,0.02088135593,2
7818,2020-05-16,1197683,90726,0.03349152542,2
7819,2020-05-16,1311737,94629,0.00506779661,1
7820,2020-05-17,8132,86089,0.01310169492,2
7821,2020-05-17,121695,52108,0.02540677966,2
7822,2020-05-17,489609,75096,0.0423559322,2
7823,2020-05-17,664522,75219,0.02486440678,2
7824,2020-05-17,850385,94259,0.03188135593,2
7825,2020-05-17,1011971,65885,0.061,1
7826,2020-05-17,1011971,75121,0.01523728814,1
7827,2020-05-17,1036647,56696,0.04405084746,1
7828,2020-05-17,1103697,66518,0.02201694915,2
7829,2020-05-17,1295599,88306,0.02130508475,2
7830,2020-05-17,1359460,53892,0.03388135593,2
7831,2020-05-18,232440,98086,0.02201694915,2
7832,2020-05-18,390343,57700,0.03049152542,2
7833,2020-05-18,390343,83343,0.03049152542,2
7834,2020-05-18,519901,65885,0.05423728814,2
7835,2020-05-18,519901,80842,0.006084745763,1
7836,2020-05-18,704405,87613,0.01354237288,2
7837,2020-05-18,811624,92684,0.0423559322,2
7838,2020-05-18,847581,88476,0.02981355932,1
7839,2020-05-19,63460,98086,0.02201694915,2
7840,2020-05-19,234510,88209,0.01438983051,2
7841,2020-05-19,277614,94927,0.008457627119,2
7842,2020-05-19,283885,99028,0.03388135593,2
7843,2020-05-19,321681,86332,0.02303389831,1
7844,2020-05-19,397637,102495,0.02201694915,2
7845,2020-05-19,432802,102495,0.02201694915,2
7846,2020-05-19,446622,88435,0.024,2
7847,2020-05-19,527573,91610,0.1016779661,2
7848,2020-05-19,551730,99904,0.01294915254,1
7849,2020-05-19,568917,80222,0.02381355932,1
7850,2020-05-19,717966,84950,0.02710169492,2
7851,2020-05-19,721748,56696,0.04574576271,2
7852,2020-05-19,833607,46395,0.03388135593,1
7853,2020-05-19,833607,92509,0.03049152542,1
7854,2020-05-19,916600,12750,0.01693220339,2
7855,2020-05-19,1011971,65885,0.06777966102,1
7856,2020-05-19,1101931,90726,0.02710169492,2
7857,2020-05-19,1263314,80679,0.05083050847,2
7858,2020-05-19,1325798,74302,0.02540677966,2
7859,2020-05-20,50526,37269,0.01066101695,1
7860,2020-05-20,53092,9606,0.03388135593,2
7861,2020-05-20,84984,65885,0.06777966102,2
7862,2020-05-20,258735,23142,0.05083050847,2
7863,2020-05-20,323778,59533,0.03388135593,2
7864,2020-05-20,323778,97921,0.05422033898,2
7865,2020-05-20,473020,99526,0.01354237288,1
7866,2020-05-20,742493,53892,0.03388135593,2
7867,2020-05-20,742493,75219,0.02540677966,2
7868,2020-05-20,892242,75707,0.01354237288,1
7869,2020-05-20,1122908,83001,0.03811864407,1
7870,2020-05-20,1265519,2303,0.0423559322,2
7871,2020-05-21,400872,77912,0.02159322034,1
7872,2020-05-21,409379,103006,0.05930508475,2
7873,2020-05-21,831612,3717,0.01438983051,1
7874,2020-05-21,1073941,99904,0.02540677966,2
7875,2020-05-21,1082002,70168,0.05930508475,2
7876,2020-05-21,1082002,91574,0.02540677966,2
7877,2020-05-21,1188873,87469,0.01693220339,1
7878,2020-05-21,1245400,71097,0.02540677966,2
7879,2020-05-21,1356819,57977,0.003372881356,1
7880,2020-05-22,109719,86909,0.01140677966,1
7881,2020-05-22,110547,79390,0.01184745763,1
7882,2020-05-22,130634,6708,0.02591525424,1
7883,2020-05-22,176291,98737,0.08472881356,2
7884,2020-05-22,285598,75938,0.1186271186,2
7885,2020-05-22,350486,86089,0.01354237288,2
7886,2020-05-22,477016,90163,0.03388135593,2
7887,2020-05-22,492017,86211,0.02879661017,1
7888,2020-05-22,510305,77270,0.01015254237,1
7889,2020-05-22,519901,52108,0.01083050847,1
7890,2020-05-22,669348,71202,0.01438983051,1
7891,2020-05-22,755624,56696,0.05083050847,2
7892,2020-05-22,837853,99216,0.036,1
7893,2020-05-22,1043076,3174,0.03049152542,2
7894,2020-05-22,1135039,88306,0.02540677966,1
7895,2020-05-22,1241822,72983,0.02201694915,1
7896,2020-05-22,1241822,79390,0.01184745763,1
7897,2020-05-22,1241822,79391,0.01184745763,1
7898,2020-05-22,1304113,92767,0.003372881356,1
7899,2020-05-23,25640,60450,0.03388135593,2
7900,2020-05-23,31293,94168,0.05930508475,1
7901,2020-05-23,87463,78500,0.06777966102,1
7902,2020-05-23,179155,69455,0.0423559322,2
7903,2020-05-23,261194,88306,0.02540677966,1
7904,2020-05-23,265184,98083,0.02540677966,2
7905,2020-05-23,321678,67052,0.02540677966,2
7906,2020-05-23,321856,92684,0.0423559322,2
7907,2020-05-23,393933,94787,0.01184745763,1
7908,2020-05-23,437208,16004,0.05083050847,1
7909,2020-05-23,443007,65885,0.06777966102,2
7910,2020-05-23,451719,68439,0.0203559322,1
7911,2020-05-23,473914,20857,0.03049152542,2
7912,2020-05-23,740427,88335,0.02540677966,2
7913,2020-05-23,907871,83001,0.0423559322,1
7914,2020-05-23,914993,54684,0.04574576271,1
7915,2020-05-23,914993,84778,0.03050847458,1
7916,2020-05-23,1042133,71097,0.02540677966,2
7917,2020-05-23,1132936,55593,0.01218644068,2
7918,2020-05-24,203206,99904,0.01523728814,1
7919,2020-05-24,220778,22657,0.01693220339,2
7920,2020-05-24,344062,53892,0.03049152542,2
7921,2020-05-24,461541,47605,0.03388135593,2
7922,2020-05-24,630559,67052,0.02540677966,2
7923,2020-05-24,630559,90163,0.03388135593,2
7924,2020-05-24,718723,79406,0.03049152542,2
7925,2020-05-24,718723,80697,0.01693220339,2
7926,2020-05-24,770654,75483,0.02540677966,1
7927,2020-05-24,1031144,97921,0.05422033898,2
7928,2020-05-24,1122908,83001,0.03996610169,1
7929,2020-05-24,1226898,97304,0.03388135593,2
7930,2020-05-24,1265613,20857,0.02925423729,2
7931,2020-05-24,1324119,67052,0.02286440678,2
7932,2020-05-24,1339438,92359,0.0423559322,1
7933,2020-05-25,183003,89282,0.03388135593,2
7934,2020-05-25,406762,92684,0.03811864407,2
7935,2020-05-25,454286,95244,0.01693220339,1
7936,2020-05-25,540665,79831,0.04320338983,1
7937,2020-05-25,606357,95562,0.03388135593,2
7938,2020-05-25,656084,90538,0.04574576271,2
7939,2020-05-25,661497,62608,0.01693220339,2
7940,2020-05-26,140214,72789,0.03388135593,1
7941,2020-05-26,204146,100230,0.03388135593,2
7942,2020-05-26,427171,53892,0.03388135593,2
7943,2020-05-26,444751,89074,0.01015254237,1
7944,2020-05-26,445999,60191,0.01354237288,1
7945,2020-05-26,445999,81393,0.01693220339,1
7946,2020-05-26,585798,94259,0.03388135593,2
7947,2020-05-26,683936,99963,0.0423559322,1
7948,2020-05-26,691641,96821,0.05083050847,2
7949,2020-05-26,944298,80842,0.006084745763,1
7950,2020-05-26,1012969,94927,0.006983050847,2
7951,2020-05-26,1040769,93424,0.02540677966,1
7952,2020-05-26,1172858,102793,0.02540677966,2
7953,2020-05-26,1180111,87618,0.0423559322,1
7954,2020-05-26,1270218,67052,0.02540677966,2
7955,2020-05-27,179533,92478,0.03049152542,1
7956,2020-05-27,183003,89282,0.02710169492,2
7957,2020-05-27,203206,99904,0.01523728814,1
7958,2020-05-27,259430,67529,0.03388135593,1
7959,2020-05-27,329595,93208,0.06777966102,1
7960,2020-05-27,366132,79902,0.006762711864,1
7961,2020-05-27,511921,52108,0.02286440678,1
7962,2020-05-27,533606,88529,0.03049152542,2
7963,2020-05-27,555150,22643,0.01693220339,2
7964,2020-05-27,555150,69743,0.02201694915,2
7965,2020-05-27,558247,94898,0.02540677966,2
7966,2020-05-27,582379,909,0.05083050847,2
7967,2020-05-27,773079,32750,0.01693220339,1
7968,2020-05-27,846810,55593,0.01354237288,2
7969,2020-05-27,926905,3717,0.01693220339,1
7970,2020-05-27,955041,71097,0.02540677966,2
7971,2020-05-27,1116769,72390,0.06777966102,2
7972,2020-05-27,1116769,73708,0.08472881356,2
7973,2020-05-27,1125057,93208,0.05761016949,1
7974,2020-05-27,1149044,88352,0.01693220339,2
7975,2020-05-27,1154125,14365,0.02540677966,2
7976,2020-05-27,1225330,10648,0.01693220339,2
7977,2020-05-28,94336,102793,0.02540677966,2
7978,2020-05-28,140968,83343,0.02591525424,1
7979,2020-05-28,169737,69743,0.02201694915,1
7980,2020-05-28,235928,90726,0.03388135593,2
7981,2020-05-28,235928,102793,0.02540677966,2
7982,2020-05-28,329595,75382,0.01150847458,1
7983,2020-05-28,360752,70650,0.01693220339,1
7984,2020-05-28,360752,93704,0.01693220339,1
7985,2020-05-28,381214,90242,0.03388135593,2
7986,2020-05-28,451719,78248,0.008457627119,1
7987,2020-05-28,705639,65885,0.06777966102,2
7988,2020-05-28,762014,65577,0.01354237288,1
7989,2020-05-28,993529,94259,0.03388135593,2
7990,2020-05-28,1038948,12750,0.01693220339,1
7991,2020-05-28,1213190,80697,0.01693220339,2
7992,2020-05-28,1218783,83343,0.03049152542,1
7993,2020-05-29,11769,87118,0.01523728814,1
7994,2020-05-29,20597,92194,0.01693220339,1
7995,2020-05-29,33652,95244,0.01693220339,1
7996,2020-05-29,60361,88283,0.01693220339,2
7997,2020-05-29,110547,69743,0.02201694915,1
7998,2020-05-29,265831,7185,0.02201694915,1
7999,2020-05-29,406108,79453,0.06777966102,1
8000,2020-05-29,489483,80770,0.01015254237,1
8001,2020-05-29,520401,87118,0.01693220339,1
8002,2020-05-29,529590,92194,0.01523728814,2
8003,2020-05-29,543017,99606,0.03388135593,2
8004,2020-05-29,605119,87928,0.02371186441,2
8005,2020-05-29,669348,74298,0.02540677966,2
8006,2020-05-29,702056,64317,0.01693220339,2
8007,2020-05-29,734084,12750,0.01693220339,1
8008,2020-05-29,965947,75707,0.02137288136,2
8009,2020-05-29,1111895,69455,0.05083050847,2
8010,2020-05-29,1356990,144,0.001338983051,1
8011,2020-05-29,1362794,88306,0.02540677966,1
8012,2020-05-30,10061,87469,0.01693220339,1
8013,2020-05-30,18916,88352,0.01693220339,2
8014,2020-05-30,135237,84950,0.02879661017,1
8015,2020-05-30,144034,88306,0.02540677966,2
8016,2020-05-30,308833,75859,0.01676271186,1
8017,2020-05-30,369369,22657,0.01523728814,2
8018,2020-05-30,404598,99216,0.0423559322,1
8019,2020-05-30,425017,22465,0.01354237288,2
8020,2020-05-30,425017,22931,0.02540677966,2
8021,2020-05-30,427244,89356,0.0266779661,1
8022,2020-05-30,920012,3316,0.024,1
8023,2020-05-30,940956,53892,0.03388135593,1
8024,2020-05-30,954765,88435,0.01862711864,2
8025,2020-05-30,1102012,88212,0.01693220339,1
8026,2020-05-30,1290690,30732,0.02127118644,2
8027,2020-05-30,1356990,92359,0.03388135593,1
8028,2020-05-30,1359460,53892,0.03388135593,2
8029,2020-05-30,1367847,102656,0.0423559322,2
8030,2020-05-31,104737,67052,0.02540677966,2
8031,2020-05-31,365080,65449,0.02540677966,2
8032,2020-05-31,365080,85674,0.03049152542,2
8033,2020-05-31,606720,89051,0.0423559322,2
8034,2020-05-31,908965,144,0.001677966102,1
8035,2020-05-31,1020617,99128,0.03049152542,2
8036,2020-05-31,1137554,28302,0.02591525424,2
8037,2020-05-31,1308182,76401,0.04066101695,2
8038,2020-05-31,1355244,89282,0.03388135593,2
8039,2020-06-01,146406,64267,0.00506779661,1
8040,2020-06-01,146406,84950,0.03388135593,1
8041,2020-06-01,167670,95244,0.01693220339,1
8042,2020-06-01,298330,93704,0.01693220339,2
8043,2020-06-01,440518,94898,0.02540677966,2
8044,2020-06-01,473020,97921,0.06777966102,2
8045,2020-06-01,490181,92684,0.0423559322,2
8046,2020-06-01,672529,88306,0.02540677966,1
8047,2020-06-01,898213,10215,0.02201694915,2
8048,2020-06-01,961426,12750,0.01693220339,2
8049,2020-06-01,961426,22465,0.01354237288,2
8050,2020-06-01,1047982,66518,0.02201694915,2
8051,2020-06-01,1145879,57599,0.03049152542,2
8052,2020-06-01,1237671,91914,0.03388135593,2
8053,2020-06-01,1238730,74296,0.02540677966,2
8054,2020-06-01,1238730,97279,0.01693220339,2
8055,2020-06-01,1292589,100353,0.02540677966,1
8056,2020-06-02,6849,20857,0.03049152542,2
8057,2020-06-02,24870,57599,0.03049152542,2
8058,2020-06-02,24870,92684,0.0423559322,2
8059,2020-06-02,274939,92194,0.01523728814,2
8060,2020-06-02,329595,103014,0.01079661017,1
8061,2020-06-02,887758,93266,0.02391525424,2
8062,2020-06-02,1006676,90396,0.01440677966,1
8063,2020-06-02,1335991,67596,0.01693220339,2
8064,2020-06-03,133640,82326,0.01693220339,2
8065,2020-06-03,215368,91877,0.01184745763,1
8066,2020-06-03,362918,88435,0.02540677966,1
8067,2020-06-03,499684,32750,0.01693220339,1
8068,2020-06-03,499684,95091,0.03388135593,1
8069,2020-06-03,522478,95228,0.02201694915,2
8070,2020-06-03,639712,99549,0.036,2
8071,2020-06-03,677983,93783,0.03388135593,2
8072,2020-06-03,677983,95842,0.08472881356,2
8073,2020-06-03,973647,88352,0.01693220339,2
8074,2020-06-03,1096232,2338,0.01354237288,1
8075,2020-06-03,1119489,21642,0.02201694915,2
8076,2020-06-04,73145,57599,0.03049152542,2
8077,2020-06-04,208300,90242,0.03388135593,2
8078,2020-06-04,369369,22657,0.01693220339,2
8079,2020-06-04,395146,93210,0.06777966102,2
8080,2020-06-04,455197,99963,0.0423559322,2
8081,2020-06-04,649240,40318,0.01693220339,1
8082,2020-06-04,856519,53892,0.03388135593,2
8083,2020-06-04,856519,53911,0.03388135593,2
8084,2020-06-04,866012,89051,0.0423559322,2
8085,2020-06-04,983535,14793,0.02540677966,1
8086,2020-06-04,1020457,88161,0.02201694915,2
8087,2020-06-04,1036102,93530,0.05083050847,2
8088,2020-06-04,1036647,65885,0.02879661017,1
8089,2020-06-05,31293,79390,0.01008474576,1
8090,2020-06-05,291863,67052,0.02540677966,2
8091,2020-06-05,323778,87925,0.02201694915,2
8092,2020-06-05,375475,94481,0.02459322034,2
8093,2020-06-05,428578,83001,0.03840677966,2
8094,2020-06-05,519901,79390,0.009491525424,1
8095,2020-06-05,519901,87992,0.02710169492,1
8096,2020-06-05,558247,23790,0.02201694915,2
8097,2020-06-05,583076,88306,0.02540677966,1
8098,2020-06-05,733607,55777,0.01118644068,1
8099,2020-06-05,826162,79406,0.03049152542,2
8100,2020-06-05,904846,67529,0.03323728814,1
8101,2020-06-05,916600,88352,0.01693220339,2
8102,2020-06-05,942746,97973,0.02201694915,1
8103,2020-06-05,956253,72647,0.02201694915,1
8104,2020-06-05,1038115,95482,0.05083050847,2
8105,2020-06-05,1088607,73655,0.03557627119,2
8106,2020-06-05,1257749,22465,0.01323728814,2
8107,2020-06-05,1257749,41013,0.04140677966,2
8108,2020-06-05,1257749,87618,0.04140677966,2
8109,2020-06-06,215451,85808,0.01693220339,1
8110,2020-06-06,243052,93783,0.03388135593,2
8111,2020-06-06,593838,1479,0.01150847458,1
8112,2020-06-06,752998,41440,0.03,1
8113,2020-06-06,815956,79307,0.01354237288,1
8114,2020-06-06,934625,94787,0.01184745763,1
8115,2020-06-06,944096,55777,0.01354237288,1
8116,2020-06-06,965378,84977,0.03388135593,2
8117,2020-06-06,1072262,88306,0.02481355932,1
8118,2020-06-06,1183782,77912,0.02540677966,1
8119,2020-06-07,6849,20857,0.03049152542,2
8120,2020-06-07,47978,56696,0.04245762712,2
8121,2020-06-07,47978,91871,0.06662711864,2
8122,2020-06-07,127870,93340,0.03388135593,2
8123,2020-06-07,215451,85674,0.03049152542,2
8124,2020-06-07,215451,85808,0.01693220339,1
8125,2020-06-07,230699,12750,0.01693220339,1
8126,2020-06-07,496315,53892,0.03388135593,2
8127,2020-06-07,751317,72983,0.01871186441,1
8128,2020-06-07,1002701,85999,0.06686440678,2
8129,2020-06-07,1038115,95482,0.05083050847,2
8130,2020-06-07,1256242,56696,0.04320338983,1
8131,2020-06-08,42836,66999,0.05083050847,2
8132,2020-06-08,42836,75096,0.0423559322,2
8133,2020-06-08,43752,87507,0.0423559322,2
8134,2020-06-08,43752,91914,0.03388135593,2
8135,2020-06-08,63101,103006,0.05930508475,2
8136,2020-06-08,214245,56696,0.05083050847,2
8137,2020-06-08,307104,3904,0.06777966102,2
8138,2020-06-08,806842,90967,0.03388135593,2
8139,2020-06-08,854984,101170,0.02201694915,1
8140,2020-06-08,979717,103006,0.05930508475,2
8141,2020-06-08,1095273,71867,0.02452542373,2
8142,2020-06-08,1095273,98086,0.02127118644,2
8143,2020-06-09,109719,103006,0.05930508475,2
8144,2020-06-09,551847,37269,0.01184745763,1
8145,2020-06-09,666618,66518,0.02201694915,2
8146,2020-06-09,701579,53892,0.03388135593,2
8147,2020-06-09,734664,55777,0.01354237288,1
8148,2020-06-09,1099200,53892,0.03388135593,2
8149,2020-06-09,1149275,52108,0.01057627119,1
8150,2020-06-09,1216299,89074,0.008627118644,1
8151,2020-06-10,528811,68395,0.01693220339,2
8152,2020-06-10,611183,55777,0.01354237288,1
8153,2020-06-10,632535,92939,0.02540677966,1
8154,2020-06-10,696374,15989,0.0423559322,1
8155,2020-06-10,727357,94259,0.03388135593,2
8156,2020-06-10,727357,103006,0.05930508475,2
8157,2020-06-10,846758,53892,0.03388135593,1
8158,2020-06-10,849652,75526,0.005169491525,1
8159,2020-06-10,909357,86089,0.01354237288,2
8160,2020-06-10,922388,55593,0.01354237288,2
8161,2020-06-10,956253,16595,0.02540677966,2
8162,2020-06-10,981075,98189,0.003542372881,1
8163,2020-06-10,982069,66518,0.02201694915,2
8164,2020-06-10,985269,87118,0.01606779661,2
8165,2020-06-10,1005079,55777,0.01354237288,1
8166,2020-06-10,1165076,95482,0.04879661017,2
8167,2020-06-10,1180111,14280,0.03388135593,1
8168,2020-06-10,1243236,74,0.01247457627,2
8169,2020-06-10,1347965,89860,0.008457627119,2
8170,2020-06-10,1356990,84736,0.004050847458,1
8171,2020-06-11,31293,79390,0.01184745763,1
8172,2020-06-11,48389,73992,0.05083050847,2
8173,2020-06-11,290681,16595,0.02540677966,2
8174,2020-06-11,589030,67859,0.02371186441,2
8175,2020-06-11,597372,55777,0.01354237288,1
8176,2020-06-11,609199,14280,0.03388135593,1
8177,2020-06-11,821782,98871,0.011,1
8178,2020-06-11,909510,100111,0.05040677966,1
8179,2020-06-11,914993,103654,0.01693220339,2
8180,2020-06-11,917807,88435,0.02540677966,1
8181,2020-06-11,1040769,93424,0.02540677966,2
8182,2020-06-11,1049238,53892,0.03388135593,1
8183,2020-06-11,1091976,53892,0.03388135593,2
8184,2020-06-11,1274938,103654,0.01693220339,2
8185,2020-06-11,1275536,72983,0.01871186441,1
8186,2020-06-12,452727,93208,0.06306779661,2
8187,2020-06-12,463108,57599,0.03049152542,2
8188,2020-06-12,481655,52108,0.02540677966,2
8189,2020-06-12,498308,99125,0.04906779661,2
8190,2020-06-12,680749,89051,0.0423559322,2
8191,2020-06-12,744396,97973,0.02201694915,1
8192,2020-06-12,832538,55777,0.01354237288,1
8193,2020-06-12,843441,1931,0.003372881356,1
8194,2020-06-12,892059,75096,0.0423559322,1
8195,2020-06-12,899965,93208,0.06561016949,2
8196,2020-06-12,975461,68299,0.0423559322,1
8197,2020-06-12,1099200,53892,0.03388135593,2
8198,2020-06-12,1133832,95562,0.03388135593,1
8199,2020-06-12,1154125,93060,0.0423559322,2
8200,2020-06-12,1165076,95482,0.05083050847,2
8201,2020-06-12,1183782,90163,0.03388135593,1
8202,2020-06-12,1231119,67529,0.03388135593,1
8203,2020-06-13,330307,9606,0.03388135593,2
8204,2020-06-13,366130,95228,0.02201694915,1
8205,2020-06-13,427244,90058,0.01693220339,1
8206,2020-06-13,648475,67672,0.05083050847,2
8207,2020-06-13,648475,93340,0.03388135593,2
8208,2020-06-13,648475,93341,0.03388135593,2
8209,2020-06-13,704312,67052,0.02540677966,2
8210,2020-06-13,928040,65885,0.06777966102,2
8211,2020-06-13,1099774,92684,0.0423559322,2
8212,2020-06-14,76585,103654,0.01693220339,2
8213,2020-06-14,254188,99606,0.03049152542,2
8214,2020-06-14,284215,77270,0.008627118644,1
8215,2020-06-14,396185,48265,0.03557627119,2
8216,2020-06-14,795497,66235,0.005745762712,1
8217,2020-06-14,1024093,84559,0.02303389831,1
8218,2020-06-14,1058319,61573,0.08472881356,2
8219,2020-06-14,1079730,89171,0.008457627119,1
8220,2020-06-14,1132574,30732,0.02201694915,2
8221,2020-06-14,1253132,79240,0.02859322034,2
8222,2020-06-14,1253132,103654,0.01681355932,2
8223,2020-06-14,1333818,92509,0.03049152542,2
8224,2020-06-15,2800,90967,0.03388135593,2
8225,2020-06-15,35564,57599,0.03049152542,2
8226,2020-06-15,107928,55777,0.01354237288,1
8227,2020-06-15,249144,57812,0.01905084746,2
8228,2020-06-15,762641,69743,0.01354237288,1
8229,2020-06-15,1022936,90002,0.0423559322,2
8230,2020-06-15,1044971,65577,0.01625423729,2
8231,2020-06-15,1319422,96980,0.02540677966,1
8232,2020-06-15,1319422,100111,0.03557627119,1
8233,2020-06-16,25462,90162,0.01693220339,1
8234,2020-06-16,26139,67052,0.02540677966,2
8235,2020-06-16,134598,65782,0.01184745763,1
8236,2020-06-16,244088,59533,0.03010169492,2
8237,2020-06-16,244088,67529,0.03010169492,2
8238,2020-06-16,482791,94787,0.01184745763,1
8239,2020-06-16,492285,91374,0.02381355932,2
8240,2020-06-16,592302,96080,0.03049152542,2
8241,2020-06-16,847581,67448,0.02540677966,1
8242,2020-06-16,921120,99770,0.02540677966,2
8243,2020-06-16,993017,7185,0.02103389831,1
8244,2020-06-16,1000472,67052,0.02540677966,2
8245,2020-06-16,1091976,33874,0.05083050847,2
8246,2020-06-16,1303961,69743,0.01354237288,1
8247,2020-06-16,1366036,33874,0.03811864407,2
8248,2020-06-17,33652,75096,0.0423559322,1
8249,2020-06-17,33652,86610,0.05083050847,1
8250,2020-06-17,62149,55777,0.01354237288,1
8251,2020-06-17,64059,100777,0.03049152542,2
8252,2020-06-17,110547,98297,0.01184745763,2
8253,2020-06-17,180440,93584,0.02540677966,2
8254,2020-06-17,244088,23790,0.01501694915,2
8255,2020-06-17,244088,59533,0.02169491525,2
8256,2020-06-17,269989,4049,0.01693220339,1
8257,2020-06-17,286537,44046,0.01693220339,1
8258,2020-06-17,296553,84958,0.03811864407,2
8259,2020-06-17,300063,86089,0.01169491525,2
8260,2020-06-17,326365,89424,0.05037288136,2
8261,2020-06-17,329595,92134,0.03049152542,1
8262,2020-06-17,384261,100969,0.01523728814,1
8263,2020-06-17,464486,71202,0.0423559322,2
8264,2020-06-17,492285,101971,0.0423559322,2
8265,2020-06-17,495885,90002,0.02201694915,2
8266,2020-06-17,530673,66378,0.02371186441,2
8267,2020-06-17,718723,80697,0.01693220339,2
8268,2020-06-17,795400,91914,0.03388135593,2
8269,2020-06-17,798991,42631,0.008457627119,1
8270,2020-06-17,803485,89171,0.01066101695,2
8271,2020-06-17,824892,14712,0.01693220339,2
8272,2020-06-17,825755,71867,0.01693220339,2
8273,2020-06-17,889347,20857,0.03049152542,2
8274,2020-06-17,978047,39140,0.01503389831,2
8275,2020-06-17,978047,75993,0.03342372881,2
8276,2020-06-17,983002,98297,0.01006779661,2
8277,2020-06-17,1006676,91434,0.03388135593,1
8278,2020-06-17,1017942,31239,0.01693220339,2
8279,2020-06-17,1017942,86506,0.03388135593,2
8280,2020-06-17,1091976,33874,0.05083050847,2
8281,2020-06-17,1137554,90002,0.01761016949,2
8282,2020-06-17,1137554,100353,0.02710169492,2
8283,2020-06-17,1142852,90242,0.02201694915,2
8284,2020-06-17,1155206,94971,0.01354237288,1
8285,2020-06-17,1178912,91740,0.0116440678,2
8286,2020-06-17,1230565,46180,0.01184745763,2
8287,2020-06-17,1304843,90002,0.02201694915,2
8288,2020-06-17,1325536,30732,0.009474576271,2
8289,2020-06-18,79952,92134,0.02540677966,2
8290,2020-06-18,79952,98297,0.01006779661,2
8291,2020-06-18,94199,66518,0.01650847458,2
8292,2020-06-18,118962,68412,0.07625423729,2
8293,2020-06-18,179533,75993,0.03388135593,2
8294,2020-06-18,193137,86610,0.02684745763,2
8295,2020-06-18,193137,94401,0.01342372881,2
8296,2020-06-18,304882,94919,0.01311864407,1
8297,2020-06-18,339511,74755,0.007881355932,2
8298,2020-06-18,434634,74572,0.01079661017,2
8299,2020-06-18,483933,96747,0.04574576271,2
8300,2020-06-18,483933,100034,0.0233220339,2
8301,2020-06-18,609612,909,0.05083050847,2
8302,2020-06-18,631293,87118,0.01015254237,1
8303,2020-06-18,650847,83343,0.03049152542,1
8304,2020-06-18,755630,98297,0.01006779661,2
8305,2020-06-18,772619,77912,0.01974576271,1
8306,2020-06-18,794944,44241,0.02710169492,1
8307,2020-06-18,935486,90348,0.01862711864,1
8308,2020-06-18,950931,45698,0.009474576271,1
8309,2020-06-18,971162,64677,0.003389830508,1
8310,2020-06-18,1044971,71202,0.03176271186,2
8311,2020-06-18,1044971,95562,0.02201694915,2
8312,2020-06-18,1070818,67052,0.02540677966,2
8313,2020-06-18,1072844,69509,0.03388135593,2
8314,2020-06-18,1111895,69455,0.05083050847,2
8315,2020-06-18,1166384,99526,0.01354237288,1
8316,2020-06-18,1190524,87469,0.01693220339,2
8317,2020-06-18,1278710,88306,0.02540677966,1
8318,2020-06-19,294516,73992,0.0233220339,2
8319,2020-06-19,297194,75993,0.03388135593,2
8320,2020-06-19,329595,94787,0.01184745763,1
8321,2020-06-19,337747,55777,0.01354237288,1
8322,2020-06-19,371565,56656,0.008457627119,1
8323,2020-06-19,459331,89171,0.01184745763,2
8324,2020-06-19,459331,91130,0.01184745763,2
8325,2020-06-19,567208,81256,0.02201694915,1
8326,2020-06-19,582379,90163,0.03049152542,1
8327,2020-06-19,685062,74,0.01218644068,1
8328,2020-06-19,730572,92194,0.01693220339,1
8329,2020-06-19,776227,94898,0.02540677966,2
8330,2020-06-19,790849,70560,0.02201694915,2
8331,2020-06-19,872275,98297,0.01006779661,2
8332,2020-06-19,965378,99028,0.03388135593,2
8333,2020-06-19,1022936,90002,0.02201694915,2
8334,2020-06-19,1038948,88209,0.01438983051,1
8335,2020-06-19,1091976,33874,0.05083050847,2
8336,2020-06-19,1148696,100111,0.03083050847,1
8337,2020-06-19,1170516,103420,0.02201694915,1
8338,2020-06-19,1231221,90617,0.01981355932,1
8339,2020-06-19,1252737,86610,0.02744067797,2
8340,2020-06-19,1360229,77912,0.02540677966,1
8341,2020-06-20,64059,100777,0.03049152542,2
8342,2020-06-20,109719,96939,0.03388135593,1
8343,2020-06-20,136083,99216,0.03811864407,1
8344,2020-06-20,236467,81945,0.01218644068,1
8345,2020-06-20,329595,88529,0.02201694915,1
8346,2020-06-20,329595,89636,0.01523728814,1
8347,2020-06-20,329595,96895,0.02710169492,1
8348,2020-06-20,329595,97932,0.02208474576,1
8349,2020-06-20,329595,103014,0.01693220339,1
8350,2020-06-20,428578,33874,0.04694915254,2
8351,2020-06-20,440518,100969,0.01523728814,1
8352,2020-06-20,537282,92194,0.01269491525,1
8353,2020-06-20,559777,69455,0.05083050847,2
8354,2020-06-20,631048,87118,0.01015254237,1
8355,2020-06-20,781801,83293,0.0253220339,1
8356,2020-06-20,1270585,56424,0.01354237288,1
8357,2020-06-20,1294850,37269,0.01184745763,1
8358,2020-06-21,264296,96768,0.03388135593,2
8359,2020-06-21,329595,89636,0.01523728814,1
8360,2020-06-21,612506,20857,0.02727118644,2
8361,2020-06-21,612506,84161,0.03028813559,2
8362,2020-06-21,612506,99606,0.03028813559,2
8363,2020-06-21,713175,45110,0.02286440678,2
8364,2020-06-21,741329,91180,0.01066101695,2
8365,2020-06-21,786889,22465,0.01218644068,2
8366,2020-06-21,970983,92233,0.0423559322,2
8367,2020-06-21,1049868,91574,0.01294915254,2
8368,2020-06-21,1049868,93424,0.01150847458,2
8369,2020-06-21,1049868,93584,0.01618644068,2
8370,2020-06-21,1167607,90002,0.01981355932,2
8371,2020-06-21,1171976,69455,0.05083050847,2
8372,2020-06-21,1258225,93065,0.01693220339,2
8373,2020-06-21,1294906,98297,0.01184745763,2
8374,2020-06-21,1318986,95562,0.02201694915,2
8375,2020-06-21,1367847,93434,0.02540677966,1
8376,2020-06-22,22049,9606,0.03388135593,2
8377,2020-06-22,42889,44046,0.01330508475,2
8378,2020-06-22,55797,56696,0.05083050847,2
8379,2020-06-22,171955,81766,0.006762711864,1
8380,2020-06-22,333499,75219,0.01269491525,1
8381,2020-06-22,333499,88209,0.01693220339,1
8382,2020-06-22,353644,99770,0.01354237288,1
8383,2020-06-22,393716,24314,0.01438983051,1
8384,2020-06-22,393716,96895,0.02303389831,1
8385,2020-06-22,463108,57599,0.03049152542,2
8386,2020-06-22,518732,22643,0.008457627119,2
8387,2020-06-22,536331,81136,0.01218644068,1
8388,2020-06-22,588721,67052,0.02540677966,2
8389,2020-06-22,699035,98297,0.01066101695,2
8390,2020-06-22,726967,68299,0.02710169492,1
8391,2020-06-22,804416,83343,0.03049152542,1
8392,2020-06-22,965378,99028,0.03388135593,2
8393,2020-06-22,1040164,93065,0.01240677966,2
8394,2020-06-22,1172858,53892,0.03388135593,1
8395,2020-06-22,1355830,22643,0.007796610169,2
8396,2020-06-23,5322,71097,0.02540677966,2
8397,2020-06-23,51983,66518,0.02201694915,2
8398,2020-06-23,63653,79952,0.01371186441,2
8399,2020-06-23,161760,9606,0.03388135593,2
8400,2020-06-23,161760,94958,0.08472881356,2
8401,2020-06-23,269989,90162,0.01693220339,1
8402,2020-06-23,269989,90163,0.03388135593,1
8403,2020-06-23,415139,47919,0.02540677966,2
8404,2020-06-23,415139,54867,0.01354237288,2
8405,2020-06-23,423585,88335,0.01693220339,2
8406,2020-06-23,457396,74986,0.01981355932,2
8407,2020-06-23,472608,34586,0.05930508475,2
8408,2020-06-23,489589,96939,0.03388135593,1
8409,2020-06-23,521494,69456,0.0203220339,2
8410,2020-06-23,813843,90242,0.02201694915,2
8411,2020-06-23,913108,93980,0.01693220339,2
8412,2020-06-23,971126,93424,0.01218644068,1
8413,2020-06-23,1201096,92194,0.01693220339,2
8414,2020-06-23,1281396,55777,0.01218644068,1
8415,2020-06-23,1294906,98297,0.01184745763,2
8416,2020-06-23,1362794,102793,0.02540677966,1
8417,2020-06-24,54112,93980,0.01693220339,2
8418,2020-06-24,69592,73992,0.02710169492,2
8419,2020-06-24,69592,94964,0.01761016949,2
8420,2020-06-24,69592,95562,0.01761016949,2
8421,2020-06-24,92809,92194,0.01693220339,1
8422,2020-06-24,123345,90162,0.01693220339,1
8423,2020-06-24,129563,92194,0.01693220339,2
8424,2020-06-24,203595,74890,0.01354237288,2
8425,2020-06-24,260463,98737,0.07625423729,2
8426,2020-06-24,366132,22931,0.01354237288,1
8427,2020-06-24,409229,90162,0.01693220339,1
8428,2020-06-24,444051,103384,0.02201694915,2
8429,2020-06-24,573423,90002,0.02077966102,2
8430,2020-06-24,579198,2303,0.02540677966,2
8431,2020-06-24,589068,79946,0.03388135593,2
8432,2020-06-24,594613,79390,0.01184745763,1
8433,2020-06-24,594613,88435,0.01015254237,1
8434,2020-06-24,602396,95272,0.01693220339,1
8435,2020-06-24,650608,74298,0.01354237288,2
8436,2020-06-24,656084,99028,0.02286440678,2
8437,2020-06-24,733928,94506,0.03388135593,2
8438,2020-06-24,741539,60915,0.006762711864,1
8439,2020-06-24,809792,55777,0.01218644068,1
8440,2020-06-24,842959,87469,0.01693220339,2
8441,2020-06-24,842959,95244,0.01693220339,2
8442,2020-06-24,961383,94165,0.02116949153,2
8443,2020-06-24,1004738,95244,0.01693220339,2
8444,2020-06-24,1013447,102071,0.02540677966,2
8445,2020-06-24,1017846,98297,0.01184745763,2
8446,2020-06-24,1022936,90002,0.02201694915,2
8447,2020-06-24,1118141,5731,0.01354237288,2
8448,2020-06-24,1129801,99423,0.01693220339,2
8449,2020-06-24,1147142,79853,0.01693220339,2
8450,2020-06-24,1152015,74302,0.01228813559,2
8451,2020-06-24,1154125,14365,0.02540677966,2
8452,2020-06-24,1256242,93980,0.01693220339,2
8453,2020-06-24,1272698,58279,0.0203220339,2
8454,2020-06-24,1357098,84958,0.04040677966,1
8455,2020-06-25,27989,93424,0.01523728814,1
8456,2020-06-25,41638,84977,0.03388135593,1
8457,2020-06-25,84096,102793,0.02033898305,1
8458,2020-06-25,87463,99770,0.01552542373,1
8459,2020-06-25,87463,100111,0.03261016949,1
8460,2020-06-25,91609,61509,0.01403389831,1
8461,2020-06-25,156773,95244,0.01693220339,1
8462,2020-06-25,186073,69743,0.01354237288,1
8463,2020-06-25,225128,84958,0.0423559322,2
8464,2020-06-25,265214,64677,0.003389830508,1
8465,2020-06-25,303583,70186,0.03049152542,2
8466,2020-06-25,397649,93980,0.01693220339,2
8467,2020-06-25,405122,57977,0.008457627119,2
8468,2020-06-25,405122,90538,0.02540677966,2
8469,2020-06-25,492285,101971,0.0423559322,2
8470,2020-06-25,543017,78812,0.03388135593,2
8471,2020-06-25,543017,95018,0.01693220339,2
8472,2020-06-25,594584,90617,0.01981355932,1
8473,2020-06-25,607548,6708,0.03049152542,1
8474,2020-06-25,694198,79853,0.01693220339,2
8475,2020-06-25,744554,66174,0.03388135593,2
8476,2020-06-25,752573,98392,0.03049152542,2
8477,2020-06-25,768989,74302,0.01142372881,2
8478,2020-06-25,899965,92066,0.03388135593,2
8479,2020-06-25,901749,90759,0.01218644068,1
8480,2020-06-25,961426,14365,0.02540677966,2
8481,2020-06-25,1011146,99128,0.03049152542,1
8482,2020-06-25,1032758,45698,0.008457627119,1
8483,2020-06-25,1061034,96939,0.02540677966,1
8484,2020-06-25,1070495,80697,0.01693220339,2
8485,2020-06-25,1132373,22931,0.02286440678,2
8486,2020-06-25,1165359,69743,0.01354237288,1
8487,2020-06-25,1200502,74755,0.008457627119,2
8488,2020-06-25,1238730,74298,0.01354237288,2
8489,2020-06-25,1238730,74302,0.01523728814,2
8490,2020-06-25,1271825,94468,0.02286440678,1
8491,2020-06-25,1316266,84950,0.02540677966,1
8492,2020-06-25,1356990,73275,0.01359322034,2
8493,2020-06-25,1356990,94964,0.01761016949,1
8494,2020-06-25,1356990,95562,0.01761016949,2
8495,2020-06-25,1356990,97822,0.02438983051,2
8496,2020-06-26,80392,93980,0.01523728814,2
8497,2020-06-26,87463,99770,0.01693220339,1
8498,2020-06-26,255409,77912,0.02540677966,1
8499,2020-06-26,255409,87727,0.03388135593,1
8500,2020-06-26,255409,90617,0.02201694915,1
8501,2020-06-26,365080,66518,0.01898305085,2
8502,2020-06-26,400872,24314,0.01479661017,1
8503,2020-06-26,489609,88306,0.02286440678,1
8504,2020-06-26,498308,88306,0.02286440678,2
8505,2020-06-26,498308,90726,0.03049152542,2
8506,2020-06-26,652277,67052,0.02540677966,2
8507,2020-06-26,916185,92194,0.01693220339,2
8508,2020-06-26,938340,92359,0.01693220339,2
8509,2020-06-26,1001401,77912,0.01905084746,1
8510,2020-06-26,1060185,74,0.01354237288,2
8511,2020-06-26,1060185,97176,0.008457627119,2
8512,2020-06-26,1188921,88989,0.01354237288,1
8513,2020-06-27,202364,54682,0.02710169492,1
8514,2020-06-27,230699,83343,0.03049152542,1
8515,2020-06-27,329595,33684,0.01862711864,1
8516,2020-06-27,386481,56334,0.01015254237,1
8517,2020-06-27,386481,76648,0.008457627119,1
8518,2020-06-27,444051,85335,0.0203220339,2
8519,2020-06-27,455197,67052,0.02540677966,2
8520,2020-06-27,455197,96943,0.03388135593,2
8521,2020-06-27,474259,13715,0.02540677966,2
8522,2020-06-27,548109,78611,0.01184745763,2
8523,2020-06-27,548109,81256,0.02201694915,2
8524,2020-06-27,548109,102814,0.02540677966,2
8525,2020-06-27,573117,91130,0.01066101695,2
8526,2020-06-27,620692,66518,0.01650847458,2
8527,2020-06-27,661305,102071,0.02540677966,2
8528,2020-06-27,696491,88335,0.01693220339,2
8529,2020-06-27,868058,101259,0.03388135593,2
8530,2020-06-27,1137554,97185,0.01693220339,1
8531,2020-06-27,1202740,73992,0.01693220339,1
8532,2020-06-27,1219346,65449,0.01523728814,2
8533,2020-06-27,1325447,67529,0.01693220339,2
8534,2020-06-28,194739,74302,0.01437288136,2
8535,2020-06-28,309946,99606,0.02862711864,2
8536,2020-06-28,345029,70237,0.006762711864,2
8537,2020-06-28,355554,97025,0.01569491525,2
8538,2020-06-28,395935,81256,0.02201694915,2
8539,2020-06-28,405498,52108,0.02288135593,1
8540,2020-06-28,493534,92684,0.0423559322,2
8541,2020-06-28,514558,90222,0.03388135593,2
8542,2020-06-28,599114,98757,0.02744067797,2
8543,2020-06-28,673564,67529,0.01693220339,2
8544,2020-06-28,673564,88283,0.01693220339,2
8545,2020-06-28,673564,90162,0.02201694915,2
8546,2020-06-28,788037,15989,0.04098305085,1
8547,2020-06-28,788037,16004,0.04916949153,1
8548,2020-06-28,832881,100111,0.03049152542,2
8549,2020-06-28,944470,70237,0.006762711864,2
8550,2020-06-28,1101931,98297,0.008983050847,2
8551,2020-06-28,1209714,97822,0.03049152542,2
8552,2020-06-28,1256242,90967,0.02201694915,2
8553,2020-06-29,102972,13715,0.01354237288,1
8554,2020-06-29,167410,96795,0.01693220339,2
8555,2020-06-29,169737,96943,0.03388135593,2
8556,2020-06-29,265184,94966,0.02201694915,2
8557,2020-06-29,388049,97185,0.01693220339,1
8558,2020-06-29,415196,96795,0.01693220339,2
8559,2020-06-29,415196,97921,0.06777966102,2
8560,2020-06-29,521309,44046,0.01693220339,1
8561,2020-06-29,528318,92134,0.03049152542,2
8562,2020-06-29,550617,77912,0.02159322034,1
8563,2020-06-29,708951,90348,0.01489830508,1
8564,2020-06-29,747539,99216,0.0423559322,1
8565,2020-06-29,1050696,20857,0.03049152542,2
8566,2020-06-29,1115781,94508,0.05083050847,2
8567,2020-06-29,1190938,100266,0.03116949153,2
8568,2020-06-29,1193964,14712,0.01693220339,1
8569,2020-06-29,1208950,69743,0.01354237288,1
8570,2020-06-29,1285806,61613,0.00506779661,2
8571,2020-06-29,1285806,97025,0.01693220339,2
8572,2020-06-30,11683,45626,0.02371186441,2
8573,2020-06-30,79952,72479,0.02201694915,2
8574,2020-06-30,117082,102071,0.02540677966,2
8575,2020-06-30,201952,100111,0.03049152542,2
8576,2020-06-30,298330,100353,0.03388135593,2
8577,2020-06-30,336637,14792,0.02540677966,1
8578,2020-06-30,336637,14793,0.02540677966,1
8579,2020-06-30,452727,93208,0.06777966102,2
8580,2020-06-30,551750,94508,0.0496440678,2
8581,2020-06-30,552883,73992,0.01438983051,1
8582,2020-06-30,649001,56696,0.05083050847,2
8583,2020-06-30,675639,88161,0.008457627119,2
8584,2020-06-30,747539,63494,0.03049152542,1
8585,2020-06-30,958741,32750,0.01693220339,1
8586,2020-06-30,1017942,86506,0.03388135593,2
8587,2020-06-30,1067730,84977,0.03049152542,1
8588,2020-06-30,1140329,100111,0.03557627119,1
8589,2020-06-30,1148643,57977,0.008457627119,2
8590,2020-06-30,1309923,57977,0.008203389831,2
8591,2020-06-30,1369942,92763,0.02540677966,2
8592,2020-07-01,69592,102041,0.1016779661,2
8593,2020-07-01,84096,89282,0.03388135593,1
8594,2020-07-01,84261,95244,0.01693220339,2
8595,2020-07-01,84261,99114,0.008457627119,2
8596,2020-07-01,127905,57977,0.008237288136,2
8597,2020-07-01,130942,97025,0.015,1
8598,2020-07-01,194739,74302,0.01142372881,2
8599,2020-07-01,232507,100266,0.03322033898,2
8600,2020-07-01,289908,13378,0.01184745763,1
8601,2020-07-01,318099,74572,0.01184745763,2
8602,2020-07-01,337072,92684,0.0423559322,2
8603,2020-07-01,532129,68643,0.0486440678,2
8604,2020-07-01,726446,94329,0.01693220339,2
8605,2020-07-01,755725,14792,0.02540677966,1
8606,2020-07-01,955041,71097,0.02540677966,2
8607,2020-07-01,977743,22931,0.02540677966,2
8608,2020-07-01,1018532,78502,0.06777966102,1
8609,2020-07-01,1082831,72789,0.03388135593,1
8610,2020-07-02,248321,101678,0.03388135593,1
8611,2020-07-02,277792,22643,0.003372881356,1
8612,2020-07-02,277792,74446,0.01015254237,1
8613,2020-07-02,357317,74,0.01354237288,2
8614,2020-07-02,405603,93210,0.06777966102,1
8615,2020-07-02,500489,94401,0.01523728814,2
8616,2020-07-02,539092,96398,0.02750847458,2
8617,2020-07-02,725594,90493,0.02201694915,1
8618,2020-07-02,786889,100266,0.03388135593,2
8619,2020-07-02,866012,102814,0.02540677966,2
8620,2020-07-02,1004964,100964,0.061,2
8621,2020-07-02,1118727,84977,0.03388135593,1
8622,2020-07-02,1129801,64317,0.01693220339,2
8623,2020-07-02,1206421,74,0.01354237288,1
8624,2020-07-02,1310399,99114,0.008457627119,2
8625,2020-07-02,1320363,74,0.01354237288,2
8626,2020-07-03,44795,98189,0.003372881356,1
8627,2020-07-03,72268,66518,0.02066101695,2
8628,2020-07-03,79952,100503,0.006762711864,2
8629,2020-07-03,180766,96939,0.03388135593,1
8630,2020-07-03,202889,78611,0.01184745763,2
8631,2020-07-03,287978,90726,0.03388135593,2
8632,2020-07-03,336637,14792,0.02540677966,1
8633,2020-07-03,336637,14793,0.02540677966,1
8634,2020-07-03,342208,90163,0.03388135593,1
8635,2020-07-03,410392,47592,0.003372881356,1
8636,2020-07-03,578643,54834,0.01184745763,2
8637,2020-07-03,647812,94401,0.01523728814,2
8638,2020-07-03,666119,95228,0.02201694915,2
8639,2020-07-03,677983,85672,0.05930508475,2
8640,2020-07-03,873807,95244,0.01622033898,1
8641,2020-07-03,969882,66999,0.02374576271,2
8642,2020-07-03,1045918,91505,0.02540677966,1
8643,2020-07-03,1137980,14793,0.02540677966,1
8644,2020-07-03,1172858,83834,0.04405084746,1
8645,2020-07-03,1347941,49557,0.03049152542,2
8646,2020-07-04,180766,96939,0.03388135593,1
8647,2020-07-04,252414,43839,0.006762711864,1
8648,2020-07-04,330060,94677,0.006762711864,2
8649,2020-07-04,338965,14712,0.01693220339,1
8650,2020-07-04,357317,44046,0.01693220339,1
8651,2020-07-04,366744,41013,0.0423559322,1
8652,2020-07-04,410392,87878,0.01523728814,1
8653,2020-07-04,442011,88435,0.01015254237,1
8654,2020-07-04,506701,92194,0.01693220339,1
8655,2020-07-04,510662,89171,0.008457627119,1
8656,2020-07-04,583076,72000,0.02540677966,1
8657,2020-07-04,599636,98297,0.01184745763,2
8658,2020-07-04,785344,100034,0.03049152542,2
8659,2020-07-04,1001823,57977,0.008101694915,2
8660,2020-07-04,1119535,94659,0.01693220339,1
8661,2020-07-04,1171976,37190,0.0423559322,2
8662,2020-07-05,164741,81945,0.01052542373,1
8663,2020-07-05,273497,78712,0.02540677966,2
8664,2020-07-05,273497,84950,0.03388135593,2
8665,2020-07-05,289843,3316,0.01523728814,1
8666,2020-07-05,289843,21693,0.01693220339,1
8667,2020-07-05,400872,94137,0.02177966102,2
8668,2020-07-05,411471,49557,0.03049152542,2
8669,2020-07-05,494233,74,0.01354237288,1
8670,2020-07-05,533071,93584,0.02201694915,2
8671,2020-07-05,914993,92763,0.02337288136,2
8672,2020-07-05,1055908,44046,0.01693220339,1
8673,2020-07-05,1241337,81945,0.01184745763,1
8674,2020-07-06,199469,53892,0.03388135593,2
8675,2020-07-06,349045,93210,0.06777966102,2
8676,2020-07-06,349045,102186,0.06777966102,2
8677,2020-07-06,476236,102793,0.02540677966,1
8678,2020-07-06,493534,14280,0.03388135593,1
8679,2020-07-06,719868,99963,0.0423559322,2
8680,2020-07-06,1165359,98083,0.02540677966,2
8681,2020-07-06,1273660,54682,0.02710169492,1
8682,2020-07-07,149663,20857,0.03049152542,2
8683,2020-07-07,149663,88283,0.01693220339,2
8684,2020-07-07,171955,3959,0.003372881356,1
8685,2020-07-07,241772,67052,0.02540677966,2
8686,2020-07-07,343651,93584,0.02201694915,2
8687,2020-07-07,470087,90493,0.02201694915,1
8688,2020-07-07,619413,87167,0.03388135593,2
8689,2020-07-07,639924,63288,0.0423559322,2
8690,2020-07-07,872858,67529,0.01693220339,2
8691,2020-07-07,1350501,13715,0.01354237288,1
8692,2020-07-07,1350501,83343,0.02286440678,1
8693,2020-07-08,72002,33689,0.0423559322,2
8694,2020-07-08,72443,71867,0.01693220339,2
8695,2020-07-08,118180,53892,0.03237288136,2
8696,2020-07-08,162649,98392,0.02466101695,2
8697,2020-07-08,162649,102071,0.0246440678,2
8698,2020-07-08,363812,102071,0.02540677966,2
8699,2020-07-08,380535,95272,0.01693220339,1
8700,2020-07-08,498308,19012,0.05083050847,2
8701,2020-07-08,498308,78261,0.01693220339,2
8702,2020-07-08,518008,97025,0.01693220339,1
8703,2020-07-08,645270,94481,0.01523728814,2
8704,2020-07-08,663763,86610,0.03388135593,2
8705,2020-07-08,680980,81256,0.02077966102,1
8706,2020-07-08,724360,65410,0.02201694915,2
8707,2020-07-08,851247,103006,0.05930508475,2
8708,2020-07-08,852392,98142,0.04069491525,2
8709,2020-07-08,907841,87691,0.02540677966,2
8710,2020-07-08,995108,93208,0.05083050847,1
8711,2020-07-08,1004964,71097,0.02540677966,1
8712,2020-07-08,1070377,84090,0.008457627119,1
8713,2020-07-08,1160530,63117,0.01693220339,2
8714,2020-07-08,1234839,74298,0.01354237288,2
8715,2020-07-08,1294461,57977,0.007610169492,2
8716,2020-07-09,124583,92763,0.02540677966,2
8717,2020-07-09,252430,102793,0.01862711864,1
8718,2020-07-09,267968,72000,0.02540677966,1
8719,2020-07-09,496315,87469,0.01693220339,2
8720,2020-07-09,558150,68799,0.01693220339,2
8721,2020-07-09,558150,89171,0.01184745763,2
8722,2020-07-09,656903,81256,0.01969491525,1
8723,2020-07-09,700874,87878,0.02201694915,2
8724,2020-07-09,904227,7671,0.01184745763,2
8725,2020-07-09,904227,98297,0.01184745763,2
8726,2020-07-09,992949,83378,0.02540677966,1
8727,2020-07-09,1077547,10215,0.01693220339,2
8728,2020-07-09,1235304,93210,0.06389830508,2
8729,2020-07-09,1258225,14365,0.02540677966,2
8730,2020-07-09,1281396,7835,0.008203389831,1
8731,2020-07-09,1294850,14712,0.01693220339,1
8732,2020-07-10,68005,68799,0.01693220339,2
8733,2020-07-10,265948,14280,0.03388135593,1
8734,2020-07-10,306549,94557,0.03313559322,2
8735,2020-07-10,533071,93584,0.02201694915,2
8736,2020-07-10,678694,86144,0.02540677966,1
8737,2020-07-10,703634,92763,0.02540677966,2
8738,2020-07-10,785729,99423,0.01603389831,2
8739,2020-07-10,801143,86332,0.01693220339,2
8740,2020-07-10,862583,91678,0.05930508475,2
8741,2020-07-10,867554,88209,0.01693220339,1
8742,2020-07-10,973719,45110,0.01269491525,1
8743,2020-07-10,993087,84675,0.01693220339,1
8744,2020-07-10,1103697,65885,0.061,2
8745,2020-07-10,1261170,67529,0.03388135593,1
8746,2020-07-10,1355268,83378,0.02540677966,2
8747,2020-07-11,10061,77912,0.02406779661,1
8748,2020-07-11,136063,92939,0.01184745763,1
8749,2020-07-11,298330,20857,0.03049152542,2
8750,2020-07-11,302086,95835,0.008457627119,2
8751,2020-07-11,648475,874,0.02540677966,2
8752,2020-07-11,884876,71097,0.02540677966,1
8753,2020-07-11,980602,61613,0.00506779661,1
8754,2020-07-11,1092890,91574,0.01693220339,2
8755,2020-07-11,1106354,99128,0.01796610169,1
8756,2020-07-11,1148974,22931,0.01354237288,1
8757,2020-07-11,1196212,65802,0.03049152542,1
8758,2020-07-11,1204124,98083,0.02540677966,2
8759,2020-07-11,1205926,88209,0.01693220339,1
8760,2020-07-11,1312185,74986,0.02201694915,2
8761,2020-07-12,207612,100122,0.03388135593,2
8762,2020-07-12,490181,67707,0.02540677966,2
8763,2020-07-12,490181,93584,0.02201694915,2
8764,2020-07-12,657275,95228,0.02201694915,1
8765,2020-07-12,975357,75483,0.01862711864,1
8766,2020-07-12,984903,4049,0.01523728814,2
8767,2020-07-12,1060612,88529,0.02201694915,1
8768,2020-07-13,36520,31242,0.01693220339,2
8769,2020-07-13,41478,84950,0.03388135593,2
8770,2020-07-13,136063,54670,0.02201694915,1
8771,2020-07-13,155597,102071,0.02540677966,2
8772,2020-07-13,167410,94898,0.02540677966,2
8773,2020-07-13,183003,98083,0.02540677966,2
8774,2020-07-13,508588,95228,0.02201694915,2
8775,2020-07-13,514915,66999,0.02540677966,2
8776,2020-07-13,756456,96146,0.003372881356,1
8777,2020-07-13,867830,81256,0.01523728814,2
8778,2020-07-13,988743,98364,0.03388135593,2
8779,2020-07-13,1040218,91505,0.02540677966,2
8780,2020-07-13,1177237,91659,0.02540677966,2
8781,2020-07-14,18392,98297,0.01184745763,2
8782,2020-07-14,221212,3951,0.01015254237,2
8783,2020-07-14,249283,72693,0.02371186441,2
8784,2020-07-14,249283,81940,0.02201694915,2
8785,2020-07-14,249283,86089,0.006762711864,2
8786,2020-07-14,439224,84958,0.0423559322,1
8787,2020-07-14,439224,92134,0.03049152542,1
8788,2020-07-14,497321,78712,0.01269491525,1
8789,2020-07-14,583497,100111,0.03557627119,1
8790,2020-07-14,615517,96939,0.03388135593,1
8791,2020-07-14,762201,44394,0.01015254237,2
8792,2020-07-14,863911,909,0.05083050847,2
8793,2020-07-14,866012,67052,0.02540677966,2
8794,2020-07-14,1279612,53892,0.03388135593,2
8795,2020-07-14,1279612,91505,0.02540677966,2
8796,2020-07-15,109719,75096,0.0423559322,2
8797,2020-07-15,110020,87469,0.01693220339,1
8798,2020-07-15,211254,84650,0.02540677966,1
8799,2020-07-15,320632,95130,0.003372881356,1
8800,2020-07-15,330755,86610,0.03388135593,2
8801,2020-07-15,428578,95228,0.01761016949,2
8802,2020-07-15,498308,95501,0.02540677966,2
8803,2020-07-15,586692,83343,0.02438983051,2
8804,2020-07-15,610558,88352,0.01184745763,2
8805,2020-07-15,610558,93584,0.02201694915,2
8806,2020-07-15,615517,96939,0.03388135593,1
8807,2020-07-15,692864,5868,0.01354237288,1
8808,2020-07-15,697414,93208,0.03557627119,1
8809,2020-07-15,779302,81393,0.01354237288,1
8810,2020-07-15,846944,75219,0.01015254237,2
8811,2020-07-15,857855,71867,0.01693220339,2
8812,2020-07-15,857855,95244,0.01693220339,2
8813,2020-07-15,1000052,79453,0.06450847458,1
8814,2020-07-15,1081085,86332,0.01523728814,1
8815,2020-07-15,1091944,92763,0.02540677966,2
8816,2020-07-15,1234839,74298,0.01083050847,2
8817,2020-07-16,7784,23142,0.05083050847,1
8818,2020-07-16,90255,52129,0.01693220339,2
8819,2020-07-16,92072,92509,0.03049152542,1
8820,2020-07-16,121865,81393,0.01354237288,1
8821,2020-07-16,165332,95862,0.05083050847,2
8822,2020-07-16,230699,86332,0.01523728814,1
8823,2020-07-16,328310,95103,0.05930508475,2
8824,2020-07-16,367953,87961,0.0423559322,2
8825,2020-07-16,463078,75096,0.0423559322,2
8826,2020-07-16,489483,94208,0.009474576271,2
8827,2020-07-16,536145,92134,0.03049152542,2
8828,2020-07-16,563145,31239,0.01693220339,1
8829,2020-07-16,698380,98795,0.04598305085,2
8830,2020-07-16,702228,99963,0.0423559322,1
8831,2020-07-16,825399,98083,0.02540677966,2
8832,2020-07-16,971126,91658,0.0203220339,2
8833,2020-07-16,1012252,13715,0.01354237288,1
8834,2020-07-16,1193964,98083,0.02540677966,2
8835,2020-07-16,1289978,7671,0.006762711864,2
8836,2020-07-17,11029,84977,0.03388135593,1
8837,2020-07-17,74717,94259,0.03388135593,2
8838,2020-07-17,519707,84675,0.01693220339,1
8839,2020-07-17,800705,70560,0.01523728814,1
8840,2020-07-17,893304,87727,0.0293559322,1
8841,2020-07-17,944470,87691,0.02540677966,1
8842,2020-07-18,30053,78712,0.02540677966,2
8843,2020-07-18,108954,90493,0.02201694915,1
8844,2020-07-18,287125,89386,0.01354237288,2
8845,2020-07-18,287125,104964,0.01693220339,2
8846,2020-07-18,309059,88352,0.01693220339,1
8847,2020-07-18,425017,58871,0.03315254237,1
8848,2020-07-18,433702,12750,0.01649152542,1
8849,2020-07-18,433702,99216,0.04123728814,1
8850,2020-07-18,448430,98992,0.05083050847,2
8851,2020-07-18,500872,98083,0.02540677966,2
8852,2020-07-18,548754,47605,0.008457627119,2
8853,2020-07-18,680749,909,0.05083050847,2
8854,2020-07-18,898060,57599,0.02438983051,2
8855,2020-07-18,1220478,91914,0.03388135593,2
8856,2020-07-18,1324527,84675,0.01693220339,1
8857,2020-07-19,504944,57977,0.008457627119,2
8858,2020-07-19,537510,66174,0.03388135593,2
8859,2020-07-19,551847,81256,0.02201694915,1
8860,2020-07-19,912324,91740,0.01693220339,2
8861,2020-07-19,1298048,95228,0.01761016949,2
8862,2020-07-20,270769,53892,0.03388135593,2
8863,2020-07-20,270769,98095,0.05930508475,2
8864,2020-07-20,536771,91678,0.05930508475,2
8865,2020-07-20,676486,35530,0.01693220339,1
8866,2020-07-20,803566,95244,0.01693220339,1
8867,2020-07-20,1149275,94168,0.05930508475,1
8868,2020-07-20,1160530,84472,0.01862711864,1
8869,2020-07-20,1160530,88212,0.01015254237,1
8870,2020-07-20,1289605,54670,0.02371186441,1
8871,2020-07-21,13094,64286,0.05083050847,2
8872,2020-07-21,455197,95501,0.02540677966,2
8873,2020-07-21,623260,98086,0.02201694915,2
8874,2020-07-21,624857,95244,0.01693220339,1
8875,2020-07-21,643141,68614,0.02540677966,2
8876,2020-07-21,823688,92684,0.0423559322,2
8877,2020-07-21,896050,93584,0.02201694915,2
8878,2020-07-21,1121147,57977,0.008457627119,2
8879,2020-07-21,1183782,74,0.006762711864,1
8880,2020-07-22,218222,95501,0.02540677966,2
8881,2020-07-22,231610,81256,0.02201694915,1
8882,2020-07-22,326365,3717,0.01552542373,1
8883,2020-07-22,326365,101695,0.01654237288,1
8884,2020-07-22,342208,102793,0.02540677966,1
8885,2020-07-22,545339,7185,0.02201694915,1
8886,2020-07-22,550617,98083,0.02540677966,2
8887,2020-07-22,643301,53892,0.03388135593,2
8888,2020-07-22,696772,95501,0.02286440678,2
8889,2020-07-22,728393,93210,0.06777966102,1
8890,2020-07-22,829423,57599,0.02916949153,2
8891,2020-07-22,993041,94659,0.01693220339,1
8892,2020-07-22,1111196,84661,0.01015254237,1
8893,2020-07-22,1129801,86190,0.03388135593,2
8894,2020-07-22,1129801,92152,0.02201694915,2
8895,2020-07-23,1678,84950,0.03388135593,2
8896,2020-07-23,366677,31239,0.01693220339,1
8897,2020-07-23,594776,909,0.05083050847,2
8898,2020-07-23,875442,95562,0.02201694915,1
8899,2020-07-23,1011538,32750,0.01693220339,1
8900,2020-07-23,1111196,34163,0.02540677966,2
8901,2020-07-23,1214247,100545,0.05083050847,1
8902,2020-07-23,1325536,44394,0.009796610169,2
8903,2020-07-24,56260,87878,0.01523728814,1
8904,2020-07-24,142784,52108,0.01354237288,1
8905,2020-07-24,150274,31264,0.03272881356,2
8906,2020-07-24,291356,92359,0.01693220339,2
8907,2020-07-24,329595,92134,0.03049152542,1
8908,2020-07-24,329595,93424,0.01523728814,1
8909,2020-07-24,402328,87720,0.0273559322,1
8910,2020-07-24,409379,102230,0.02540677966,2
8911,2020-07-24,416094,95272,0.01693220339,1
8912,2020-07-24,519901,95501,0.0203220339,1
8913,2020-07-24,566809,100749,0.04037288136,2
8914,2020-07-24,619413,53892,0.03388135593,2
8915,2020-07-24,809176,63494,0.03049152542,1
8916,2020-07-24,926971,24098,0.05083050847,2
8917,2020-07-24,1088066,74,0.01354237288,2
8918,2020-07-24,1160093,93208,0.06777966102,2
8919,2020-07-24,1180111,100337,0.03311864407,1
8920,2020-07-25,112773,46179,0.01015254237,1
8921,2020-07-25,112773,46180,0.01015254237,1
8922,2020-07-25,231434,31239,0.01672881356,2
8923,2020-07-25,231434,93415,0.03350847458,2
8924,2020-07-25,265948,95244,0.01693220339,1
8925,2020-07-25,366836,75096,0.01981355932,1
8926,2020-07-25,386481,101198,0.02201694915,1
8927,2020-07-25,834276,77912,0.02384745763,1
8928,2020-07-25,895975,76101,0.00286440678,2
8929,2020-07-25,1036867,53892,0.02540677966,2
8930,2020-07-25,1101569,94898,0.01422033898,1
8931,2020-07-26,67434,99128,0.01862711864,1
8932,2020-07-26,134187,909,0.04320338983,2
8933,2020-07-26,172364,10215,0.01523728814,2
8934,2020-07-26,232440,88335,0.01693220339,2
8935,2020-07-26,372477,68614,0.02540677966,2
8936,2020-07-26,498308,105408,0.01354237288,2
8937,2020-07-26,721203,13715,0.01354237288,1
8938,2020-07-26,971162,99216,0.0423559322,2
8939,2020-07-26,1122730,52108,0.02527118644,2
8940,2020-07-26,1122730,67052,0.02527118644,2
8941,2020-07-26,1122730,102907,0.02527118644,2
8942,2020-07-26,1149605,99596,0.03811864407,1
8943,2020-07-26,1329795,90726,0.03388135593,2
8944,2020-07-27,15580,23788,0.01015254237,2
8945,2020-07-27,15580,47547,0.01015254237,2
8946,2020-07-27,111631,74,0.01354237288,1
8947,2020-07-27,500872,98083,0.02540677966,2
8948,2020-07-27,544474,103028,0.0423559322,2
8949,2020-07-27,602765,93341,0.01523728814,2
8950,2020-07-27,602765,95501,0.02540677966,2
8951,2020-07-27,613457,103757,0.007101694915,1
8952,2020-07-27,708263,100034,0.02710169492,1
8953,2020-07-27,741294,67052,0.02540677966,2
8954,2020-07-27,847453,92763,0.02540677966,2
8955,2020-07-27,866349,22931,0.02540677966,2
8956,2020-07-27,866349,74298,0.01354237288,2
8957,2020-07-27,866349,74302,0.01354237288,2
8958,2020-07-27,1167900,91896,0.02391525424,2
8959,2020-07-27,1167900,93415,0.03188135593,2
8960,2020-07-28,119115,95562,0.02201694915,1
8961,2020-07-28,342421,909,0.05083050847,2
8962,2020-07-28,444051,103384,0.02201694915,2
8963,2020-07-28,660205,102907,0.02540677966,2
8964,2020-07-28,686477,92194,0.01693220339,2
8965,2020-07-28,692891,53892,0.03388135593,2
8966,2020-07-28,728720,71297,0.04042372881,2
8967,2020-07-28,745630,97822,0.03049152542,2
8968,2020-07-28,760499,99904,0.01354237288,2
8969,2020-07-28,762849,87618,0.0423559322,1
8970,2020-07-28,800234,67052,0.02540677966,2
8971,2020-07-28,870850,90002,0.02201694915,2
8972,2020-07-28,885695,56255,0.02540677966,2
8973,2020-07-28,904846,66174,0.03225423729,2
8974,2020-07-28,949795,98417,0.03388135593,2
8975,2020-07-28,990332,89051,0.04069491525,2
8976,2020-07-28,1093269,83645,0.03388135593,2
8977,2020-07-28,1101569,92194,0.01693220339,1
8978,2020-07-28,1110985,54670,0.02201694915,1
8979,2020-07-28,1281838,14712,0.01693220339,2
8980,2020-07-28,1281838,47605,0.008457627119,2
8981,2020-07-29,50877,86190,0.03388135593,2
8982,2020-07-29,50877,102814,0.02540677966,2
8983,2020-07-29,569728,84958,0.03388135593,1
8984,2020-07-29,569728,92052,0.05422033898,1
8985,2020-07-29,752998,87720,0.03049152542,1
8986,2020-07-29,1003056,96398,0.02201694915,2
8987,2020-07-29,1042975,70168,0.04744067797,2
8988,2020-07-29,1284706,89051,0.0423559322,2
8989,2020-07-29,1308182,92052,0.06777966102,1
8990,2020-07-29,1365611,66999,0.02540677966,2
8991,2020-07-30,202889,78611,0.006762711864,2
8992,2020-07-30,204029,95244,0.01693220339,1
8993,2020-07-30,216946,84977,0.03388135593,1
8994,2020-07-30,347824,94137,0.02540677966,2
8995,2020-07-30,444051,85335,0.0203220339,2
8996,2020-07-30,988931,100353,0.02201694915,2
8997,2020-07-30,1073941,98297,0.01186440678,1
8998,2020-07-30,1137554,103028,0.02710169492,2
8999,2020-07-31,533071,91917,0.01354237288,2
9000,2020-07-31,728720,96080,0.01354237288,2
9001,2020-07-31,1134791,45834,0.01693220339,2
9002,2020-07-31,1325536,47605,0.008457627119,2
9003,2020-08-01,75766,98189,0.003389830508,1
9004,2020-08-01,121674,99770,0.008457627119,1
9005,2020-08-01,186570,5731,0.00506779661,1
9006,2020-08-01,244126,53892,0.03388135593,2
9007,2020-08-01,393716,95501,0.02540677966,2
9008,2020-08-01,528567,94964,0.02201694915,1
9009,2020-08-01,805393,88352,0.01361016949,1
9010,2020-08-01,805393,94481,0.01022033898,1
9011,2020-08-01,851247,88435,0.008305084746,1
9012,2020-08-01,872275,84661,0.01015254237,1
9013,2020-08-01,1044971,98987,0.0203220339,2
9014,2020-08-01,1149044,86348,0.02396610169,2
9015,2020-08-01,1171976,101585,0.03388135593,2
9016,2020-08-01,1338379,53892,0.03388135593,2
9017,2020-08-02,336290,104111,0.02449152542,2
9018,2020-08-02,377615,92712,0.02484745763,2
9019,2020-08-02,393933,78052,0.01523728814,2
9020,2020-08-02,413896,100111,0.03049152542,2
9021,2020-08-02,432277,100441,0.05083050847,2
9022,2020-08-02,473588,99424,0.02201694915,2
9023,2020-08-02,480187,89051,0.0423559322,2
9024,2020-08-02,527799,102230,0.02540677966,2
9025,2020-08-02,636915,94310,0.01693220339,2
9026,2020-08-02,657275,90726,0.01761016949,2
9027,2020-08-02,678892,101695,0.01693220339,1
9028,2020-08-02,796285,90553,0.036,2
9029,2020-08-02,809792,101170,0.02201694915,1
9030,2020-08-02,887758,78899,0.01274576271,2
9031,2020-08-02,959295,92052,0.05422033898,1
9032,2020-08-02,971126,91368,0.0216779661,1
9033,2020-08-02,988931,94310,0.01693220339,2
9034,2020-08-02,1060612,102686,0.06777966102,2
9035,2020-08-03,30111,84333,0.01184745763,1
9036,2020-08-03,87463,64286,0.05083050847,2
9037,2020-08-03,263276,53892,0.03388135593,2
9038,2020-08-03,350155,74,0.01354237288,1
9039,2020-08-03,355554,57599,0.03049152542,2
9040,2020-08-03,374632,97025,0.01693220339,1
9041,2020-08-03,680749,909,0.05083050847,2
9042,2020-08-03,838204,79453,0.05761016949,1
9043,2020-08-03,851247,98937,0.0423559322,2
9044,2020-08-03,914993,98937,0.0423559322,2
9045,2020-08-03,914993,102686,0.06777966102,2
9046,2020-08-03,944409,104302,0.01693220339,1
9047,2020-08-03,952116,30732,0.00506779661,2
9048,2020-08-03,1071562,102793,0.01354237288,1
9049,2020-08-03,1076008,28244,0.006762711864,2
9050,2020-08-03,1172522,79453,0.06777966102,1
9051,2020-08-03,1278459,103028,0.0423559322,2
9052,2020-08-03,1278459,104160,0.05083050847,2
9053,2020-08-03,1319422,74,0.01354237288,1
9054,2020-08-03,1365611,96071,0.03388135593,2
9055,2020-08-04,134502,96795,0.01693220339,2
9056,2020-08-04,338965,7185,0.006915254237,1
9057,2020-08-04,371859,97361,0.01693220339,2
9058,2020-08-04,470254,23790,0.01184745763,2
9059,2020-08-04,481656,909,0.05083050847,2
9060,2020-08-04,641526,84977,0.03388135593,1
9061,2020-08-04,649810,101585,0.03328813559,2
9062,2020-08-04,670944,102230,0.02540677966,2
9063,2020-08-04,736239,56696,0.05083050847,2
9064,2020-08-04,757037,84950,0.02133898305,2
9065,2020-08-04,791874,88435,0.008881355932,1
9066,2020-08-04,846325,49557,0.03049152542,2
9067,2020-08-04,939586,77912,0.02540677966,1
9068,2020-08-04,996806,49557,0.03049152542,2
9069,2020-08-04,1148974,91505,0.02540677966,1
9070,2020-08-04,1301404,102581,0.04744067797,2
9071,2020-08-05,169317,92763,0.02540677966,2
9072,2020-08-05,252430,83378,0.01354237288,2
9073,2020-08-05,286537,95270,0.01184745763,1
9074,2020-08-05,317002,99606,0.03388135593,1
9075,2020-08-05,330385,94971,0.01354237288,1
9076,2020-08-05,572870,96939,0.03388135593,1
9077,2020-08-05,624256,67052,0.02540677966,2
9078,2020-08-05,635862,55593,0.01354237288,2
9079,2020-08-05,793313,84666,0.008457627119,1
9080,2020-08-05,823688,6529,0.01693220339,2
9081,2020-08-05,823688,92684,0.02540677966,2
9082,2020-08-05,958883,91678,0.0296440678,1
9083,2020-08-05,971126,99117,0.01761016949,1
9084,2020-08-05,990332,84152,0.02540677966,2
9085,2020-08-05,1064295,99216,0.0423559322,2
9086,2020-08-05,1093517,103603,0.01354237288,2
9087,2020-08-05,1108733,102071,0.02540677966,2
9088,2020-08-06,61837,72000,0.02540677966,1
9089,2020-08-06,61837,88352,0.008457627119,1
9090,2020-08-06,120652,45110,0.02540677966,2
9091,2020-08-06,134502,74298,0.01523728814,2
9092,2020-08-06,343651,102656,0.01862711864,1
9093,2020-08-06,460148,83378,0.01354237288,2
9094,2020-08-06,539200,93530,0.0203220339,2
9095,2020-08-06,550161,95270,0.01184745763,1
9096,2020-08-06,583909,100777,0.03049152542,2
9097,2020-08-06,610717,81945,0.01354237288,1
9098,2020-08-06,901526,77978,0.01693220339,1
9099,2020-08-06,959561,95501,0.02540677966,2
9100,2020-08-06,1037765,94964,0.02201694915,1
9101,2020-08-06,1044971,93584,0.01015254237,2
9102,2020-08-06,1068828,95270,0.01184745763,1
9103,2020-08-06,1132936,88306,0.01523728814,2
9104,2020-08-06,1132936,90726,0.02201694915,2
9105,2020-08-06,1161104,98095,0.05930508475,2
9106,2020-08-06,1196727,101971,0.02540677966,2
9107,2020-08-06,1228717,67529,0.0146779661,2
9108,2020-08-07,588279,99424,0.02201694915,2
9109,2020-08-07,795400,21545,0.02540677966,2
9110,2020-08-07,936545,94310,0.01693220339,2
9111,2020-08-07,937654,98367,0.05930508475,2
9112,2020-08-07,947860,101097,0.03116949153,2
9113,2020-08-07,1150044,95562,0.02201694915,1
9114,2020-08-08,31360,102686,0.06777966102,1
9115,2020-08-08,41564,74298,0.01423728814,2
9116,2020-08-08,94619,102186,0.06777966102,2
9117,2020-08-08,592980,96936,0.02540677966,2
9118,2020-08-08,657275,79853,0.01015254237,2
9119,2020-08-08,657275,83378,0.01354237288,2
9120,2020-08-08,766736,90222,0.03388135593,2
9121,2020-08-08,831881,52108,0.02540677966,1
9122,2020-08-08,959561,104111,0.02540677966,2
9123,2020-08-08,1031160,66174,0.03388135593,1
9124,2020-08-08,1039194,94898,0.01693220339,1
9125,2020-08-08,1100537,85331,0.02201694915,2
9126,2020-08-08,1247873,57700,0.005983050847,2
9127,2020-08-09,452727,101097,0.03038983051,2
9128,2020-08-09,621081,79853,0.01015254237,2
9129,2020-08-09,791874,93584,0.01015254237,2
9130,2020-08-09,952116,98392,0.01693220339,2
9131,2020-08-09,1171976,101585,0.03388135593,2
9132,2020-08-09,1323895,98392,0.01693220339,2
9133,2020-08-10,323778,99943,0.008457627119,2
9134,2020-08-10,338433,57700,0.006762711864,2
9135,2020-08-10,366711,95270,0.01184745763,1
9136,2020-08-10,469981,22465,0.01354237288,2
9137,2020-08-10,558938,57700,0.006084745763,2
9138,2020-08-10,658999,57700,0.006762711864,2
9139,2020-08-10,816257,97185,0.006762711864,1
9140,2020-08-10,1163293,90759,0.01354237288,1
9141,2020-08-10,1163293,94973,0.01354237288,1
9142,2020-08-11,126544,83378,0.01693220339,1
9143,2020-08-11,134502,74298,0.01523728814,2
9144,2020-08-11,322931,94508,0.01693220339,2
9145,2020-08-11,358109,100449,0.02201694915,1
9146,2020-08-11,406968,57599,0.03049152542,2
9147,2020-08-11,583909,95842,0.03388135593,2
9148,2020-08-11,602396,87691,0.02540677966,1
9149,2020-08-11,912324,84950,0.02201694915,1
9150,2020-08-11,1170872,100492,0.05083050847,2
9151,2020-08-11,1170872,104160,0.05083050847,2
9152,2020-08-11,1171976,101585,0.03388135593,2
9153,2020-08-11,1191592,97361,0.01693220339,2
9154,2020-08-11,1230090,84666,0.008457627119,1
9155,2020-08-11,1332796,76514,0.01827118644,1
9156,2020-08-12,201952,102907,0.0203220339,2
9157,2020-08-12,215368,57700,0.005406779661,2
9158,2020-08-12,371565,98392,0.01693220339,2
9159,2020-08-12,375475,64286,0.04954237288,2
9160,2020-08-12,484443,100545,0.05083050847,2
9161,2020-08-12,484443,105376,0.02201694915,2
9162,2020-08-12,492285,98392,0.01693220339,2
9163,2020-08-12,576001,99963,0.01083050847,2
9164,2020-08-12,611183,98083,0.01777966102,2
9165,2020-08-12,832168,1737,0.008457627119,1
9166,2020-08-12,913240,102071,0.02540677966,2
9167,2020-08-12,929563,104183,0.04493220339,2
9168,2020-08-12,1044971,90242,0.01218644068,2
9169,2020-08-12,1108733,102071,0.0203220339,2
9170,2020-08-12,1246387,102793,0.01354237288,1
9171,2020-08-12,1265404,64286,0.03913559322,2
9172,2020-08-12,1340561,57700,0.006762711864,2
9173,2020-08-13,213546,99216,0.0423559322,2
9174,2020-08-13,330755,98236,0.06777966102,2
9175,2020-08-13,473020,46447,0.007406779661,1
9176,2020-08-13,498308,103600,0.04840677966,2
9177,2020-08-13,577633,84977,0.03388135593,2
9178,2020-08-13,731610,92194,0.01693220339,2
9179,2020-08-13,937113,79853,0.01015254237,2
9180,2020-08-13,1044518,56463,0.008033898305,1
9181,2020-08-13,1044518,62161,0.004169491525,1
9182,2020-08-13,1077547,13378,0.01184745763,1
9183,2020-08-13,1095273,88435,0.02303389831,2
9184,2020-08-13,1301887,83378,0.01354237288,2
9185,2020-08-14,58582,67052,0.02540677966,2
9186,2020-08-14,155270,72000,0.02540677966,1
9187,2020-08-14,241753,7185,0.01015254237,1
9188,2020-08-14,283389,22465,0.01354237288,2
9189,2020-08-14,337868,96795,0.01015254237,2
9190,2020-08-14,352692,13715,0.01354237288,1
9191,2020-08-14,589030,90759,0.01354237288,1
9192,2020-08-14,661835,88435,0.02540677966,2
9193,2020-08-14,696129,88306,0.01354237288,2
9194,2020-08-14,823688,92684,0.02201694915,2
9195,2020-08-14,848251,104868,0.06777966102,2
9196,2020-08-14,936545,95501,0.02540677966,2
9197,2020-08-14,973719,86332,0.01523728814,1
9198,2020-08-14,1045918,102686,0.06777966102,1
9199,2020-08-14,1150937,97025,0.01693220339,2
9200,2020-08-14,1171976,92725,0.05083050847,2
9201,2020-08-14,1171976,98966,0.03388135593,2
9202,2020-08-14,1287506,95515,0.03388135593,1
9203,2020-08-14,1332796,93584,0.01015254237,2
9204,2020-08-15,97194,75483,0.02540677966,1
9205,2020-08-15,215368,57700,0.006762711864,2
9206,2020-08-15,390343,54834,0.01184745763,2
9207,2020-08-15,477887,99415,0.02116949153,1
9208,2020-08-15,494346,79390,0.01049152542,1
9209,2020-08-15,624857,83378,0.01354237288,2
9210,2020-08-15,839969,96995,0.01184745763,1
9211,2020-08-15,971646,45676,0.01184745763,1
9212,2020-08-15,990332,100337,0.02879661017,2
9213,2020-08-15,1309923,64317,0.01693220339,2
9214,2020-08-15,1369046,87727,0.03177966102,1
9215,2020-08-16,727357,66518,0.02201694915,2
9216,2020-08-16,755624,64286,0.05083050847,2
9217,2020-08-16,1024065,76023,0.01523728814,2
9218,2020-08-16,1024065,90538,0.01523728814,2
9219,2020-08-16,1050772,95441,0.02540677966,2
9220,2020-08-16,1050772,101024,0.01523728814,2
9221,2020-08-16,1204124,93415,0.03388135593,2
9222,2020-08-17,14664,3951,0.01015254237,2
9223,2020-08-17,215191,84559,0.02710169492,1
9224,2020-08-17,392855,83645,0.03388135593,2
9225,2020-08-17,817570,65885,0.06777966102,1
9226,2020-08-17,965378,95244,0.01015254237,1
9227,2020-08-17,1044971,89703,0.01184745763,2
9228,2020-08-17,1044971,95441,0.02540677966,2
9229,2020-08-17,1076008,93584,0.01015254237,2
9230,2020-08-17,1285806,51808,0.0423559322,1
9231,2020-08-17,1332796,93584,0.01015254237,2
9232,2020-08-18,44637,53892,0.03388135593,2
9233,2020-08-18,613457,67529,0.03388135593,1
9234,2020-08-18,832348,53892,0.03388135593,2
9235,2020-08-18,832348,58464,0.02201694915,2
9236,2020-08-18,848251,102686,0.06777966102,1
9237,2020-08-18,850826,92725,0.05083050847,2
9238,2020-08-18,866012,89051,0.0423559322,2
9239,2020-08-18,1171976,101585,0.03388135593,2
9240,2020-08-18,1290890,12750,0.01693220339,1
9241,2020-08-18,1320085,46395,0.03388135593,1
9242,2020-08-19,97656,94508,0.01693220339,2
9243,2020-08-19,113883,93434,0.02540677966,1
9244,2020-08-19,164741,98367,0.05930508475,2
9245,2020-08-19,456224,49981,0.01693220339,2
9246,2020-08-19,459331,95244,0.01693220339,1
9247,2020-08-19,465500,85674,0.03049152542,1
9248,2020-08-19,702056,66518,0.02161016949,2
9249,2020-08-19,702056,102935,0.1496101695,2
9250,2020-08-19,1257502,58464,0.02201694915,1
9251,2020-08-19,1265404,64286,0.0393220339,2
9252,2020-08-20,373943,104257,0.05083050847,2
9253,2020-08-20,397104,99415,0.01184745763,2
9254,2020-08-20,460148,105166,0.02540677966,2
9255,2020-08-20,612211,53892,0.03388135593,2
9256,2020-08-20,808148,104183,0.05930508475,2
9257,2020-08-20,838836,55593,0.01166101695,1
9258,2020-08-20,926800,98121,0.03388135593,2
9259,2020-08-20,937770,9609,0.03388135593,2
9260,2020-08-20,1320113,64286,0.03811864407,2
9261,2020-08-21,62906,92763,0.02540677966,1
9262,2020-08-21,249144,96192,0.03388135593,1
9263,2020-08-21,273497,90764,0.02710169492,2
9264,2020-08-21,273497,99398,0.02540677966,2
9265,2020-08-21,355554,58464,0.02201694915,2
9266,2020-08-21,456224,49981,0.01693220339,2
9267,2020-08-21,486344,93584,0.01015254237,2
9268,2020-08-21,496130,53892,0.03388135593,2
9269,2020-08-21,571811,31246,0.01523728814,1
9270,2020-08-21,612340,71097,0.02433898305,2
9271,2020-08-21,631596,99606,0.03388135593,2
9272,2020-08-21,730932,98966,0.03388135593,2
9273,2020-08-21,765709,81115,0.02540677966,2
9274,2020-08-21,765709,83378,0.01354237288,2
9275,2020-08-21,866012,89051,0.04181355932,2
9276,2020-08-21,978047,76444,0.01693220339,2
9277,2020-08-21,1115819,95244,0.01693220339,1
9278,2020-08-21,1159041,66518,0.0206440678,2
9279,2020-08-21,1312493,103028,0.0423559322,2
9280,2020-08-22,231434,56696,0.05083050847,2
9281,2020-08-22,342774,85674,0.03049152542,1
9282,2020-08-22,613272,102907,0.02540677966,1
9283,2020-08-22,620520,92509,0.02903389831,1
9284,2020-08-22,677085,99780,0.01354237288,1
9285,2020-08-22,677085,103603,0.02540677966,1
9286,2020-08-22,702056,95418,0.01693220339,2
9287,2020-08-22,1070770,101045,0.05930508475,2
9288,2020-08-22,1223298,105166,0.02540677966,1
9289,2020-08-22,1278012,100492,0.03388135593,2
9290,2020-08-22,1349550,94401,0.03388135593,1
9291,2020-08-23,320896,102144,0.06777966102,2
9292,2020-08-23,432200,66518,0.02201694915,2
9293,2020-08-23,432200,72031,0.03388135593,2
9294,2020-08-23,517738,102144,0.06777966102,2
9295,2020-08-23,583805,90726,0.02045762712,2
9296,2020-08-23,696129,84950,0.02201694915,1
9297,2020-08-23,768989,99384,0.06777966102,2
9298,2020-08-23,775967,99943,0.008457627119,2
9299,2020-08-23,967514,65088,0.03206779661,2
9300,2020-08-23,1006892,67052,0.02540677966,2
9301,2020-08-23,1221274,88306,0.01354237288,2
9302,2020-08-24,46382,71097,0.02540677966,1
9303,2020-08-24,127699,98152,0.05781355932,2
9304,2020-08-24,174118,99398,0.02286440678,2
9305,2020-08-24,220433,100647,0.08472881356,2
9306,2020-08-24,375475,75101,0.0423559322,2
9307,2020-08-24,430270,64317,0.01269491525,2
9308,2020-08-24,613449,31239,0.01693220339,2
9309,2020-08-24,1196344,87924,0.01693220339,1
9310,2020-08-24,1246016,91740,0.01523728814,1
9311,2020-08-25,69308,77912,0.02540677966,1
9312,2020-08-25,329595,91871,0.05091525424,1
9313,2020-08-25,371310,53892,0.03388135593,2
9314,2020-08-25,414751,56696,0.05083050847,2
9315,2020-08-25,490701,74755,0.008457627119,2
9316,2020-08-25,583620,93584,0.01015254237,2
9317,2020-08-25,589582,74,0.01354237288,2
9318,2020-08-25,696129,90242,0.01354237288,2
9319,2020-08-25,696129,93530,0.0203220339,2
9320,2020-08-25,730932,98966,0.03388135593,2
9321,2020-08-25,798282,85674,0.01354237288,2
9322,2020-08-25,800705,94479,0.03388135593,1
9323,2020-08-25,866012,78712,0.02540677966,2
9324,2020-08-25,866012,89051,0.0423559322,2
9325,2020-08-25,1094459,104257,0.05083050847,2
9326,2020-08-25,1371602,101097,0.03388135593,2
9327,2020-08-26,169372,84950,0.01693220339,2
9328,2020-08-26,169372,88306,0.01354237288,2
9329,2020-08-26,496315,101695,0.01693220339,1
9330,2020-08-26,533672,101695,0.01693220339,1
9331,2020-08-26,544474,104111,0.02540677966,2
9332,2020-08-26,560102,3717,0.01450847458,1
9333,2020-08-26,613474,69456,0.0203220339,2
9334,2020-08-26,700861,103028,0.0423559322,2
9335,2020-08-26,772625,86471,0.08472881356,2
9336,2020-08-26,809718,98152,0.05930508475,2
9337,2020-08-26,851247,102186,0.06777966102,2
9338,2020-08-26,930710,15989,0.0423559322,1
9339,2020-08-26,967432,100492,0.03388135593,2
9340,2020-08-26,1334470,105166,0.02540677966,1
9341,2020-08-26,1351029,103028,0.0423559322,2
9342,2020-08-27,223309,95501,0.02286440678,1
9343,2020-08-27,248321,92509,0.03049152542,1
9344,2020-08-27,500489,88352,0.008457627119,1
9345,2020-08-27,583805,90726,0.02201694915,2
9346,2020-08-27,753736,101587,0.02540677966,2
9347,2020-08-27,860582,84373,0.0423559322,2
9348,2020-08-27,1319422,74,0.01354237288,1
9349,2020-08-28,275515,17482,0.02427118644,2
9350,2020-08-28,297738,90553,0.0423559322,2
9351,2020-08-28,297738,97304,0.03388135593,2
9352,2020-08-28,333005,100936,0.0423559322,2
9353,2020-08-28,386481,62240,0.03049152542,2
9354,2020-08-28,623747,94310,0.01693220339,2
9355,2020-08-28,691641,102950,0.05083050847,2
9356,2020-08-28,733607,104868,0.06777966102,2
9357,2020-08-28,785637,94513,0.02201694915,2
9358,2020-08-28,1020713,65356,0.08472881356,2
9359,2020-08-28,1154461,102316,0.03388135593,2
9360,2020-08-28,1284150,100545,0.05083050847,2
9361,2020-08-28,1324119,82064,0.00506779661,1
9362,2020-08-29,273497,99396,0.02540677966,2
9363,2020-08-29,384508,14715,0.01693220339,2
9364,2020-08-29,443007,11446,0.02403389831,1
9365,2020-08-29,443007,17482,0.02413559322,1
9366,2020-08-29,544474,104111,0.02540677966,2
9367,2020-08-29,593833,103172,0.03388135593,1
9368,2020-08-29,649001,101045,0.05930508475,2
9369,2020-08-29,669185,99396,0.02466101695,1
9370,2020-08-29,669185,100936,0.04110169492,1
9371,2020-08-29,686468,98152,0.05930508475,1
9372,2020-08-29,771198,101695,0.01693220339,1
9373,2020-08-29,925435,99398,0.02540677966,2
9374,2020-08-29,925435,101259,0.03388135593,2
9375,2020-08-29,925435,104257,0.05083050847,2
9376,2020-08-29,925435,105314,0.05083050847,2
9377,2020-08-29,1167607,94513,0.02201694915,2
9378,2020-08-29,1167607,101045,0.05930508475,2
9379,2020-08-29,1323895,70190,0.002288135593,1
9380,2020-08-29,1363687,90553,0.0423559322,2
9381,2020-08-30,286537,67529,0.03388135593,1
9382,2020-08-30,496315,53892,0.03388135593,2
9383,2020-08-30,576256,101045,0.05930508475,2
9384,2020-08-30,577255,99384,0.06438983051,2
9385,2020-08-30,669185,88941,0.03277966102,2
9386,2020-08-30,973719,81571,0.01015254237,2
9387,2020-08-30,1044971,90242,0.01354237288,2
9388,2020-08-30,1160093,103024,0.06777966102,2
9389,2020-08-30,1205926,58464,0.02201694915,2
9390,2020-08-30,1216299,94793,0.03388135593,1
9391,2020-08-30,1225708,66518,0.02201694915,2
9392,2020-08-30,1226960,101097,0.03388135593,2
9393,2020-08-30,1310399,57700,0.006762711864,2
9394,2020-08-30,1310399,101109,0.01015254237,2
9395,2020-08-31,10137,15989,0.0423559322,2
9396,2020-08-31,350155,101271,0.1186271186,2
9397,2020-08-31,397842,53892,0.03388135593,2
9398,2020-08-31,521224,102738,0.06354237288,2
9399,2020-08-31,876328,99254,0.03388135593,2
9400,2020-08-31,893041,100647,0.08472881356,2
9401,2020-08-31,906738,101170,0.02201694915,2
9402,2020-08-31,1170872,67052,0.02540677966,2
9403,2020-08-31,1216872,52108,0.02540677966,2
9404,2020-09-01,533071,99396,0.02540677966,2
9405,2020-09-01,636915,66518,0.02201694915,2
9406,2020-09-01,701736,88209,0.01693220339,1
9407,2020-09-01,785729,47240,0.03388135593,2
9408,2020-09-01,846944,84950,0.01693220339,2
9409,2020-09-01,863667,66174,0.01015254237,2
9410,2020-09-01,1013499,99810,0.06777966102,2
9411,2020-09-01,1031929,56696,0.05083050847,2
9412,2020-09-01,1181915,103028,0.0423559322,2
9413,2020-09-02,41753,104302,0.01438983051,1
9414,2020-09-02,66551,74062,0.01354237288,1
9415,2020-09-02,166585,15989,0.0423559322,2
9416,2020-09-02,396539,100647,0.08472881356,2
9417,2020-09-02,501931,94691,0.06777966102,2
9418,2020-09-02,700861,101695,0.01693220339,1
9419,2020-09-02,863667,97822,0.03049152542,2
9420,2020-09-02,1247873,17482,0.02540677966,2
9421,2020-09-02,1298027,102738,0.08472881356,2
9422,2020-09-03,125953,53892,0.03388135593,2
9423,2020-09-03,328310,102144,0.06777966102,2
9424,2020-09-03,353262,49559,0.03388135593,2
9425,2020-09-03,437997,104868,0.06777966102,1
9426,2020-09-03,506718,98849,0.01693220339,2
9427,2020-09-03,703354,58390,0.02201694915,2
9428,2020-09-03,713530,56696,0.05083050847,1
9429,2020-09-03,713530,101287,0.03388135593,1
9430,2020-09-03,740970,85904,0.0423559322,1
9431,2020-09-03,760533,87878,0.01523728814,2
9432,2020-09-03,837853,64286,0.04844067797,2
9433,2020-09-03,837853,71867,0.01613559322,2
9434,2020-09-03,846944,84950,0.01693220339,2
9435,2020-09-03,866012,89051,0.0423559322,2
9436,2020-09-03,944470,103666,0.03359322034,2
9437,2020-09-03,985153,10648,0.01015254237,1
9438,2020-09-03,1022936,104257,0.05083050847,1
9439,2020-09-03,1257504,93415,0.03388135593,2
9440,2020-09-04,2406,97176,0.006084745763,2
9441,2020-09-04,31293,74,0.01257627119,1
9442,2020-09-04,92041,104111,0.02540677966,2
9443,2020-09-04,321689,76101,0.001118644068,1
9444,2020-09-04,353644,66518,0.02201694915,2
9445,2020-09-04,490098,101170,0.02201694915,2
9446,2020-09-04,490098,101799,0.03049152542,2
9447,2020-09-04,490151,104094,0.01184745763,1
9448,2020-09-04,527931,53892,0.03049152542,2
9449,2020-09-04,541219,95792,0.03388135593,2
9450,2020-09-04,541219,95835,0.008457627119,2
9451,2020-09-04,768989,88269,0.06777966102,2
9452,2020-09-04,769124,102316,0.03388135593,1
9453,2020-09-04,809718,98152,0.05930508475,2
9454,2020-09-04,944470,87167,0.03388135593,1
9455,2020-09-04,1068745,56696,0.05083050847,1
9456,2020-09-04,1070377,95912,0.008457627119,1
9457,2020-09-04,1356990,103143,0.03388135593,2
9458,2020-09-05,105820,78556,0.03388135593,1
9459,2020-09-05,262471,72479,0.02201694915,2
9460,2020-09-05,349679,103666,0.03237288136,2
9461,2020-09-05,380535,92725,0.05083050847,2
9462,2020-09-05,490181,99398,0.02540677966,2
9463,2020-09-05,540665,77270,0.01015254237,1
9464,2020-09-05,540665,90538,0.007610169492,1
9465,2020-09-05,588279,95778,0.02201694915,1
9466,2020-09-05,677085,31246,0.01693220339,1
9467,2020-09-05,756175,99398,0.02540677966,2
9468,2020-09-05,768989,101170,0.02201694915,1
9469,2020-09-05,820813,103440,0.01354237288,1
9470,2020-09-05,927296,101997,0.06777966102,2
9471,2020-09-05,963233,74275,0.03388135593,2
9472,2020-09-05,963233,103572,0.0423559322,2
9473,2020-09-05,968623,77071,0.1511864407,2
9474,2020-09-05,1057009,95244,0.01693220339,1
9475,2020-09-05,1058319,101183,0.2118644068,2
9476,2020-09-05,1082261,14793,0.02540677966,1
9477,2020-09-05,1082261,92152,0.011,1
9478,2020-09-05,1082261,103953,0.05930508475,1
9479,2020-09-06,44637,66999,0.03049152542,2
9480,2020-09-06,97894,103572,0.0423559322,2
9481,2020-09-06,97894,103666,0.03388135593,2
9482,2020-09-06,393716,101793,0.08472881356,2
9483,2020-09-06,559303,99396,0.02540677966,2
9484,2020-09-06,630192,46395,0.03388135593,2
9485,2020-09-06,786103,53892,0.03388135593,2
9486,2020-09-06,852118,98236,0.06777966102,2
9487,2020-09-06,931688,101370,0.05930508475,2
9488,2020-09-06,1016406,100790,0.03315254237,1
9489,2020-09-06,1076475,87167,0.03388135593,1
9490,2020-09-06,1091976,95792,0.03388135593,2
9491,2020-09-06,1116360,104215,0.05930508475,2
9492,2020-09-06,1149686,19352,0.03049152542,2
9493,2020-09-06,1293608,80135,0.01981355932,1
9494,2020-09-06,1295978,53892,0.03388135593,2
9495,2020-09-06,1295978,65889,0.03388135593,2
9496,2020-09-07,314070,105408,0.01354237288,2
9497,2020-09-07,321689,72000,0.02540677966,1
9498,2020-09-07,321689,100647,0.08472881356,1
9499,2020-09-07,374538,100936,0.0423559322,2
9500,2020-09-07,547822,76444,0.02201694915,2
9501,2020-09-07,669582,95792,0.03049152542,2
9502,2020-09-07,690123,2862,0.02540677966,1
9503,2020-09-07,765556,84161,0.02879661017,2
9504,2020-09-07,765556,102573,0.05761016949,2
9505,2020-09-07,1175049,104174,0.03388135593,1
9506,2020-09-07,1182175,101370,0.05930508475,2
9507,2020-09-07,1243181,88269,0.06777966102,2
9508,2020-09-08,31293,89282,0.02393220339,2
9509,2020-09-08,55385,104257,0.05083050847,2
9510,2020-09-08,299947,66174,0.01015254237,2
9511,2020-09-08,630192,46395,0.03388135593,2
9512,2020-09-08,639924,23142,0.05083050847,2
9513,2020-09-08,639924,84111,0.08472881356,2
9514,2020-09-08,677462,22465,0.01354237288,2
9515,2020-09-08,717106,91742,0.02540677966,2
9516,2020-09-08,717106,99398,0.02540677966,2
9517,2020-09-08,801143,99398,0.02540677966,2
9518,2020-09-08,949795,53892,0.03388135593,2
9519,2020-09-08,973719,99396,0.02540677966,1
9520,2020-09-08,977743,15989,0.0423559322,1
9521,2020-09-08,977743,16004,0.05083050847,1
9522,2020-09-08,979717,80135,0.02201694915,2
9523,2020-09-08,1036477,104257,0.05083050847,1
9524,2020-09-08,1096263,94513,0.02201694915,2
9525,2020-09-08,1333728,99384,0.06652542373,2
9526,2020-09-09,110547,105314,0.05083050847,2
9527,2020-09-09,153326,98726,0.01184745763,1
9528,2020-09-09,335125,100936,0.0423559322,2
9529,2020-09-09,492397,74,0.01354237288,2
9530,2020-09-09,537510,78556,0.03388135593,2
9531,2020-09-09,558150,65885,0.06777966102,2
9532,2020-09-10,18849,97025,0.009694915254,1
9533,2020-09-10,65257,88269,0.06777966102,2
9534,2020-09-10,245852,88352,0.008457627119,1
9535,2020-09-10,341233,103024,0.06777966102,2
9536,2020-09-10,477452,88269,0.06777966102,2
9537,2020-09-10,701736,104445,0.08472881356,2
9538,2020-09-10,802307,94310,0.01693220339,2
9539,2020-09-10,905752,94691,0.06777966102,2
9540,2020-09-10,1048962,85394,0.01523728814,1
9541,2020-09-10,1247145,71097,0.02540677966,1
9542,2020-09-11,55385,103143,0.0423559322,2
9543,2020-09-11,277792,100647,0.08472881356,1
9544,2020-09-11,277792,101695,0.01693220339,1
9545,2020-09-11,426478,96192,0.03388135593,1
9546,2020-09-11,426478,99384,0.06777966102,1
9547,2020-09-11,498308,104961,0.0576440678,2
9548,2020-09-11,498308,105493,0.09883050847,2
9549,2020-09-11,670493,66518,0.02201694915,2
9550,2020-09-11,771106,101097,0.03388135593,2
9551,2020-09-11,771106,104215,0.05930508475,2
9552,2020-09-11,777790,51818,0.0423559322,1
9553,2020-09-11,804833,100936,0.03811864407,2
9554,2020-09-11,834276,104302,0.01693220339,1
9555,2020-09-11,851247,104868,0.06777966102,1
9556,2020-09-11,871391,31239,0.01693220339,1
9557,2020-09-11,873854,101695,0.01523728814,1
9558,2020-09-11,876976,99396,0.02540677966,1
9559,2020-09-11,931688,71097,0.02540677966,2
9560,2020-09-11,931688,101997,0.06777966102,2
9561,2020-09-11,983535,98236,0.06777966102,1
9562,2020-09-12,21929,87167,0.03388135593,2
9563,2020-09-12,91609,104964,0.01693220339,1
9564,2020-09-12,96953,95244,0.01693220339,1
9565,2020-09-12,299435,66518,0.02201694915,2
9566,2020-09-12,363954,100647,0.08472881356,2
9567,2020-09-12,377556,97025,0.01086440678,1
9568,2020-09-12,486984,94557,0.01523728814,2
9569,2020-09-12,486984,96943,0.03388135593,2
9570,2020-09-12,771454,88269,0.05083050847,2
9571,2020-09-12,779302,98152,0.04447457627,1
9572,2020-09-12,799323,95244,0.01693220339,1
9573,2020-09-12,799323,102134,0.01693220339,1
9574,2020-09-12,887758,66999,0.03989830508,2
9575,2020-09-12,887758,91742,0.02493220339,2
9576,2020-09-12,920012,63494,0.03049152542,1
9577,2020-09-12,1013291,88269,0.06777966102,2
9578,2020-09-12,1013291,103143,0.0423559322,2
9579,2020-09-12,1127700,98236,0.06777966102,1
9580,2020-09-13,63995,53892,0.03388135593,2
9581,2020-09-13,84984,53892,0.03388135593,2
9582,2020-09-13,160195,94697,0.02479661017,2
9583,2020-09-13,328310,102144,0.06777966102,2
9584,2020-09-13,409229,49557,0.03049152542,1
9585,2020-09-13,409237,101493,0.1894067797,2
9586,2020-09-13,775390,75483,0.02540677966,2
9587,2020-09-13,851247,102287,0.05083050847,2
9588,2020-09-13,900580,82827,0.05083050847,2
9589,2020-09-13,971126,100647,0.06777966102,2
9590,2020-09-13,972759,67529,0.03388135593,1
9591,2020-09-13,995353,31246,0.01693220339,1
9592,2020-09-13,995353,56696,0.05083050847,1
9593,2020-09-13,1149275,101271,0.1118474576,2
9594,2020-09-13,1158061,105314,0.05083050847,2
9595,2020-09-14,17281,76444,0.02201694915,2
9596,2020-09-14,130909,103400,0.05083050847,2
9597,2020-09-14,173453,55593,0.01354237288,2
9598,2020-09-14,559303,99398,0.02540677966,2
9599,2020-09-14,893041,22465,0.01354237288,2
9600,2020-09-14,893041,105013,0.03388135593,2
9601,2020-09-14,976673,97535,0.03388135593,2
