SUB_ID,FIRST_NAME,LAST_NAME,EMAIL,PHONE,POSTAL_CODE,SUBSCRIBER_TYPE,SEGMENT,SIGNUP_DATE,LIFETIME_VALUE_USD,CHURN_RISK_SCORE,NPS_SCORE,STATUS
SUB-INF-0001,Holly,Goodman,megan85@example.net,001-383-733-9452x2885,94102,CONSUMER,HIGH_VALUE_INFLUENCER,2024-04-09,7749.63,0.66,4,ACTIVE
SUB-INF-0002,Timothy,Duncan,icraig@example.com,(408)210-6200x34244,94102,CONSUMER,HIGH_VALUE_INFLUENCER,2024-07-18,13069.21,0.78,4,ACTIVE
SUB-INF-0003,Kristen,Harris,howardshaun@example.net,+1-283-286-3840x66658,94104,CONSUMER,HIGH_VALUE_INFLUENCER,2024-08-28,5449.84,0.86,1,ACTIVE
SUB-INF-0004,John,Oliver,ogreer@example.net,001-459-389-3347x212,94103,CONSUMER,HIGH_VALUE_INFLUENCER,2023-11-17,9370.17,0.72,3,ACTIVE
SUB-INF-0005,Billy,Ramirez,david94@example.org,372-702-5909x47985,94103,CONSUMER,HIGH_VALUE_INFLUENCER,2024-03-12,7571.78,0.63,1,ACTIVE
SUB-INF-0006,Jeffrey,White,hartmanerik@example.net,+1-661-553-3555,94104,CONSUMER,HIGH_VALUE_INFLUENCER,2024-09-04,6681.56,0.64,3,ACTIVE
SUB-INF-0007,Christine,Wells,wilsonmichael@example.org,+1-799-930-5616x4840,94102,CONSUMER,HIGH_VALUE_INFLUENCER,2024-02-11,6542.27,0.89,2,ACTIVE
SUB-INF-0008,Bradley,Villanueva,lukemiller@example.org,(588)801-3361,94102,CONSUMER,HIGH_VALUE_INFLUENCER,2024-06-14,11144.75,0.7,1,ACTIVE
SUB-INF-0009,Lisa,Jones,andrewlove@example.org,610-824-8193,94104,CONSUMER,HIGH_VALUE_INFLUENCER,2023-11-26,5585.02,0.72,3,ACTIVE
SUB-INF-0010,Shannon,Sullivan,andre18@example.org,+1-691-990-1581x4491,94102,CONSUMER,HIGH_VALUE_INFLUENCER,2023-11-21,9128.23,0.7,4,ACTIVE
SUB-INF-0011,Randall,Guerrero,omoore@example.org,001-268-842-4508x8210,94102,CONSUMER,HIGH_VALUE_INFLUENCER,2024-03-21,5518.78,0.67,2,ACTIVE
SUB-INF-0012,Amy,Miller,kaitlinberger@example.com,568.322.2394,94103,CONSUMER,HIGH_VALUE_INFLUENCER,2023-06-18,10086.21,0.75,1,ACTIVE
SUB-INF-0013,Emily,Bradley,yorksarah@example.net,481.541.4139x755,94103,CONSUMER,HIGH_VALUE_INFLUENCER,2023-04-16,5606.32,0.74,4,ACTIVE
SUB-INF-0014,Justin,Jones,louishayes@example.net,+1-849-629-9556x20533,94102,CONSUMER,HIGH_VALUE_INFLUENCER,2024-11-11,9841.72,0.72,2,ACTIVE
SUB-INF-0015,Michael,Frazier,natalie77@example.com,001-347-281-2914x28341,94102,CONSUMER,HIGH_VALUE_INFLUENCER,2024-11-18,7691.6,0.89,1,ACTIVE
SUB-ENT-0001,"Welch, Hess and Riley",Corp,rebeccaarnold@shannon.com,(263)594-2788x165,94102,ENTERPRISE,ENTERPRISE_PREMIUM,2024-09-06,393340.23,0.73,3,ACTIVE
SUB-ENT-0002,"Sutton, Todd and Taylor",Corp,haroldfry@brennan.com,5377314530,94103,ENTERPRISE,ENTERPRISE_PREMIUM,2022-09-22,305710.54,0.66,3,ACTIVE
SUB-ENT-0003,Hardin-Keith,Corp,hoopermario@schmitt.com,001-689-826-6591,94102,ENTERPRISE,ENTERPRISE_PREMIUM,2024-12-07,217987.35,0.84,3,ACTIVE
SUB-ENT-0004,Black LLC,Corp,tommy79@shaw.info,(731)384-3222,94104,ENTERPRISE,ENTERPRISE_PREMIUM,2023-11-20,478675.68,0.84,5,ACTIVE
SUB-ENT-0005,Perry LLC,Corp,olsontimothy@garza.biz,2304299228,94102,ENTERPRISE,ENTERPRISE_PREMIUM,2021-04-24,50450.48,0.66,4,ACTIVE
SUB-ENT-0006,Scott and Sons,Corp,kgreene@smith.com,437-497-7236,94104,ENTERPRISE,ENTERPRISE_PREMIUM,2023-09-23,487436.81,0.5,5,ACTIVE
SUB-ENT-0007,"Dixon, Jackson and Jennings",Corp,ecarlson@gray.com,9382862912,94103,ENTERPRISE,ENTERPRISE_PREMIUM,2024-10-22,319040.49,0.79,5,ACTIVE
SUB-ENT-0008,"Gordon, Wilson and Olson",Corp,rachelryan@prince.biz,465.608.6376x59916,94103,ENTERPRISE,ENTERPRISE_PREMIUM,2023-02-08,429097.4,0.57,4,ACTIVE
SUB-ENT-0009,Kent Inc,Corp,carmen86@lopez-fletcher.com,001-781-380-6356,94102,ENTERPRISE,ENTERPRISE_PREMIUM,2021-09-25,122637.34,0.69,2,ACTIVE
SUB-ENT-0010,Pearson-King,Corp,ncunningham@braun-sanders.com,(488)372-5887x44956,94103,ENTERPRISE,ENTERPRISE_PREMIUM,2024-04-03,90371.8,0.74,3,ACTIVE
SUB-ENT-0011,Griffin Ltd,Corp,craigromero@owen-mendez.com,(360)612-7961,94104,ENTERPRISE,ENTERPRISE_PREMIUM,2022-01-07,300415.59,0.6,5,ACTIVE
SUB-ENT-0012,Miller-Johnson,Corp,zarias@douglas.com,001-427-270-3843x09883,94102,ENTERPRISE,ENTERPRISE_PREMIUM,2022-08-09,324700.39,0.84,4,ACTIVE
SUB-ENT-0013,Pena and Sons,Corp,sheakimberly@caldwell-sullivan.com,901.818.4895x54393,94104,ENTERPRISE,ENTERPRISE_PREMIUM,2023-07-10,475433.81,0.72,5,ACTIVE
SUB-ENT-0014,Green Group,Corp,hansenwesley@arroyo-pratt.com,+1-994-976-9735,94103,ENTERPRISE,ENTERPRISE_PREMIUM,2024-11-20,160667.73,0.84,4,ACTIVE
SUB-ENT-0015,"Atkins, Olson and Scott",Corp,oschultz@haynes.com,780.543.4165x18275,94102,ENTERPRISE,ENTERPRISE_PREMIUM,2024-11-17,256909.7,0.71,2,ACTIVE
SUB-ENT-0016,"Adams, Valentine and Vega",Corp,victorgonzalez@allen.com,+1-752-711-1790x807,94104,ENTERPRISE,ENTERPRISE_PREMIUM,2023-03-03,110176.59,0.82,5,ACTIVE
SUB-ENT-0017,"Melton, Henry and Joyce",Corp,raymond92@fox.info,+1-908-756-2718,94102,ENTERPRISE,ENTERPRISE_PREMIUM,2024-01-03,455650.25,0.74,5,ACTIVE
SUB-ENT-0018,Smith and Sons,Corp,ucarpenter@salazar-green.net,734-779-5527x636,94104,ENTERPRISE,ENTERPRISE_PREMIUM,2024-09-16,452870.68,0.75,5,ACTIVE
SUB-ENT-0019,Ramirez-White,Corp,tiffanyparks@le.net,(963)622-7026x72885,94104,ENTERPRISE,ENTERPRISE_PREMIUM,2022-02-21,86516.95,0.81,2,ACTIVE
SUB-ENT-0020,"Garrison, Williams and Garcia",Corp,briancervantes@combs-davis.com,555-488-4506x159,94104,ENTERPRISE,ENTERPRISE_PREMIUM,2024-05-24,63926.38,0.79,5,ACTIVE
SUB-ENT-0021,Kelly-Nunez,Corp,champton@james.info,+1-722-756-9961x1253,94196,ENTERPRISE,ENTERPRISE_PREMIUM,2023-11-08,105537.02,0.29,10,ACTIVE
SUB-ENT-0022,Page-Jacobs,Corp,cnelson@adkins-meyer.info,(922)202-3413x26111,94186,ENTERPRISE,ENTERPRISE_PREMIUM,2021-03-09,211084.58,0.14,7,ACTIVE
SUB-ENT-0023,Warren-Ferrell,Corp,bakereric@huynh.com,622.982.0055x778,94125,ENTERPRISE,ENTERPRISE_PREMIUM,2021-08-25,258211.64,0.29,10,ACTIVE
SUB-ENT-0024,"Ryan, Garza and Bryant",Corp,omills@collins.com,645.964.2400x825,94111,ENTERPRISE,ENTERPRISE_PREMIUM,2023-05-09,149684.34,0.1,9,ACTIVE
SUB-ENT-0025,Watts Group,Corp,xevans@yates-harper.com,+1-853-868-6632,94197,ENTERPRISE,ENTERPRISE_PREMIUM,2022-01-05,464629.41,0.17,7,ACTIVE
SUB-ENT-0026,Miller-Garrett,Corp,justin84@lopez-jones.com,217-497-4973x5020,94188,ENTERPRISE,ENTERPRISE_PREMIUM,2021-07-05,331356.45,0.26,8,ACTIVE
SUB-ENT-0027,Adams-Espinoza,Corp,halledward@robinson-fisher.info,(470)551-2046x187,94139,ENTERPRISE,ENTERPRISE_PREMIUM,2024-11-19,491053.6,0.29,7,ACTIVE
SUB-ENT-0028,Roth-Clayton,Corp,villegasjennifer@wise-ramos.com,471.283.7645,94145,ENTERPRISE,ENTERPRISE_PREMIUM,2024-03-29,271777.04,0.24,8,ACTIVE
SUB-ENT-0029,"Meyer, King and Little",Corp,michaelwilliams@robinson.com,9244916300,94110,ENTERPRISE,ENTERPRISE_PREMIUM,2022-08-27,138239.06,0.26,10,ACTIVE
SUB-ENT-0030,Wright Group,Corp,parksmatthew@brown.net,227-835-8573,94124,ENTERPRISE,ENTERPRISE_PREMIUM,2022-08-07,441462.3,0.21,10,ACTIVE
SUB-ENT-0031,"Taylor, Roach and Washington",Corp,ihansen@henry.com,001-774-998-2182x7448,94131,ENTERPRISE,ENTERPRISE_PREMIUM,2021-01-29,298303.33,0.23,8,ACTIVE
SUB-ENT-0032,"Hunter, Gross and Andrade",Corp,kimberly35@brown.com,478.429.4565x11810,94118,ENTERPRISE,ENTERPRISE_PREMIUM,2024-10-15,314674.06,0.25,8,ACTIVE
SUB-ENT-0033,Harris Group,Corp,coreyduncan@barrett-fox.org,705-839-1037x170,94143,ENTERPRISE,ENTERPRISE_PREMIUM,2024-07-27,470103.53,0.27,9,ACTIVE
SUB-ENT-0034,Bauer-Brown,Corp,allison14@blackburn.com,438-863-3839,94134,ENTERPRISE,ENTERPRISE_PREMIUM,2024-04-01,431450.23,0.1,9,ACTIVE
SUB-ENT-0035,Miranda PLC,Corp,emily61@sparks.biz,552.589.7558x55665,94197,ENTERPRISE,ENTERPRISE_PREMIUM,2022-09-02,302052.19,0.19,10,ACTIVE
SUB-ENT-0036,"Howe, King and Nixon",Corp,amoyer@johnson.com,404-333-5048x8899,94192,ENTERPRISE,ENTERPRISE_PREMIUM,2021-03-27,352894.9,0.23,9,ACTIVE
SUB-ENT-0037,Kelly-Taylor,Corp,pamela33@shepherd-davis.biz,001-631-257-2791,94165,ENTERPRISE,ENTERPRISE_PREMIUM,2024-03-08,429953.7,0.18,7,ACTIVE
SUB-ENT-0038,"James, Deleon and Weeks",Corp,michael66@kane.org,4607480589,94197,ENTERPRISE,ENTERPRISE_PREMIUM,2023-03-19,283232.87,0.2,7,ACTIVE
SUB-ENT-0039,"Walker, Williams and Dennis",Corp,wmaddox@johnston.biz,(625)317-9086,94138,ENTERPRISE,ENTERPRISE_PREMIUM,2022-10-09,71134.09,0.28,10,ACTIVE
SUB-ENT-0040,"Hamilton, Wolfe and Gill",Corp,fhansen@pearson-gonzalez.org,001-783-731-4659x1166,94150,ENTERPRISE,ENTERPRISE_PREMIUM,2021-11-19,52321.68,0.14,7,ACTIVE
SUB-ENT-0041,Cooper-Rios,Corp,gary59@hanson-alexander.com,652.211.0392,94183,ENTERPRISE,ENTERPRISE_PREMIUM,2022-07-15,413452.81,0.3,8,ACTIVE
SUB-ENT-0042,"Brock, Torres and Ruiz",Corp,jason83@payne.net,692.206.9804x2043,94198,ENTERPRISE,ENTERPRISE_PREMIUM,2023-01-20,240719.12,0.11,8,ACTIVE
SUB-ENT-0043,"Landry, Jones and Guerrero",Corp,michelle04@hughes.com,679-781-2387x80038,94135,ENTERPRISE,ENTERPRISE_PREMIUM,2023-02-28,124016.71,0.16,7,ACTIVE
SUB-ENT-0044,Garner-Smith,Corp,michael43@hill.biz,8845325621,94113,ENTERPRISE,ENTERPRISE_PREMIUM,2022-11-07,265984.89,0.26,9,ACTIVE
SUB-ENT-0045,Berry Group,Corp,renee57@anderson.com,(348)326-2925,94142,ENTERPRISE,ENTERPRISE_PREMIUM,2021-11-10,161219.1,0.19,9,ACTIVE
SUB-ENT-0046,Franco-Thomas,Corp,cannonnicole@ali-turner.com,(531)522-0994,94116,ENTERPRISE,ENTERPRISE_PREMIUM,2022-01-21,419735.21,0.2,8,ACTIVE
SUB-ENT-0047,"Johnson, Miller and Chan",Corp,waynejacobs@banks.info,(523)530-6046,94119,ENTERPRISE,ENTERPRISE_PREMIUM,2024-04-19,399087.26,0.22,7,ACTIVE
SUB-ENT-0048,Jones Group,Corp,dwatts@patterson.org,001-965-269-9988x0817,94190,ENTERPRISE,ENTERPRISE_PREMIUM,2024-10-22,250905.29,0.12,7,ACTIVE
SUB-ENT-0049,Stone Group,Corp,grantzachary@estes.com,001-347-426-4908x27718,94114,ENTERPRISE,ENTERPRISE_PREMIUM,2024-05-21,219827.81,0.28,7,ACTIVE
SUB-ENT-0050,"Pace, Horton and Taylor",Corp,bmorris@chavez.com,814.452.1117x518,94126,ENTERPRISE,ENTERPRISE_PREMIUM,2022-09-08,77901.01,0.26,7,ACTIVE
SUB-CON-00001,Andrea,Williams,rhondacunningham@example.net,(622)420-6447,94138,CONSUMER,PREMIUM,2022-01-28,3205.69,0.07,10,ACTIVE
SUB-CON-00002,Rachel,Horne,deanjohnny@example.com,378.209.7339x7767,94171,CONSUMER,BUDGET,2023-02-27,1615.6,0.18,5,SUSPENDED
SUB-CON-00003,Nicole,Ramirez,brandonhernandez@example.net,(402)409-9451x016,94129,CONSUMER,PREMIUM,2023-06-30,3979.88,0.27,8,SUSPENDED
SUB-CON-00004,Cheryl,Holt,tammycurry@example.com,3146556168,94159,CONSUMER,STANDARD,2025-01-29,4423.7,0.27,7,ACTIVE
SUB-CON-00005,Dennis,Neal,mark68@example.org,001-739-601-9817x946,94158,CONSUMER,PREMIUM,2025-07-18,1775.33,0.12,5,ACTIVE
SUB-CON-00006,Barbara,Hanson,christinacrawford@example.net,+1-577-829-3430x1071,94176,CONSUMER,PREMIUM,2024-08-06,524.21,0.33,6,ACTIVE
SUB-CON-00007,Brandon,Bailey,alexharris@example.com,214-448-8501x556,94181,CONSUMER,PREMIUM,2022-09-22,1430.17,0.2,10,SUSPENDED
SUB-CON-00008,Mark,Morgan,zhendricks@example.org,+1-727-227-8576x0849,94123,CONSUMER,BUDGET,2022-11-06,860.83,0.07,6,ACTIVE
SUB-CON-00009,Barbara,Rivera,carl24@example.org,868-329-9629x14504,94174,CONSUMER,STANDARD,2025-04-21,2663.0,0.28,7,ACTIVE
SUB-CON-00010,Natalie,Watson,javier42@example.org,(903)617-8078x235,94174,CONSUMER,PREMIUM,2023-11-11,3922.38,0.1,7,ACTIVE
SUB-CON-00011,Douglas,Wiggins,jamiejohnson@example.com,001-681-204-0915x701,94137,CONSUMER,STANDARD,2025-12-27,4857.3,0.23,10,ACTIVE
SUB-CON-00012,Katherine,Fowler,manuellee@example.com,+1-257-314-2241,94107,CONSUMER,BUDGET,2022-10-31,2634.12,0.34,5,SUSPENDED
SUB-CON-00013,Amy,Dunn,donald49@example.org,(214)995-8702,94144,CONSUMER,BUDGET,2021-07-03,4887.25,0.27,6,ACTIVE
SUB-CON-00014,Daniel,Brown,tmyers@example.net,001-979-454-5381,94143,CONSUMER,BUDGET,2021-11-12,3405.73,0.29,8,ACTIVE
SUB-CON-00015,Lisa,Gillespie,tdavis@example.net,+1-977-933-2945x6255,94174,CONSUMER,PREMIUM,2021-05-02,4822.71,0.27,8,ACTIVE
SUB-CON-00016,Cameron,Rodriguez,kmurray@example.com,001-959-892-8161x58148,94120,CONSUMER,BUDGET,2024-08-04,2380.65,0.33,5,SUSPENDED
SUB-CON-00017,John,Sanchez,terrireyes@example.com,396.969.5832,94128,CONSUMER,BUDGET,2022-01-18,3266.08,0.29,8,ACTIVE
SUB-CON-00018,Brittany,Ford,shortgregory@example.com,591-496-5701,94130,CONSUMER,STANDARD,2026-01-06,3726.01,0.38,7,SUSPENDED
SUB-CON-00019,Rebecca,Fields,shermandonna@example.com,+1-646-699-7335,94126,CONSUMER,STANDARD,2024-10-09,1084.37,0.4,7,ACTIVE
SUB-CON-00020,Jennifer,Herman,aguilarcheryl@example.net,(524)805-8008x5140,94109,CONSUMER,STANDARD,2024-06-05,344.08,0.09,7,SUSPENDED
SUB-CON-00021,Colleen,Joseph,ijames@example.org,+1-327-223-8656x24220,94124,CONSUMER,PREMIUM,2022-04-20,3011.29,0.32,5,ACTIVE
SUB-CON-00022,Jennifer,Tucker,iproctor@example.org,(867)996-9278,94125,CONSUMER,BUDGET,2024-05-07,1563.68,0.13,7,ACTIVE
SUB-CON-00023,Michael,Lopez,lanemelanie@example.org,001-384-968-9500x975,94143,CONSUMER,PREMIUM,2021-10-03,1380.63,0.12,6,ACTIVE
SUB-CON-00024,Douglas,Simon,steven18@example.net,737-218-9490,94112,CONSUMER,BUDGET,2025-01-23,4190.94,0.1,10,ACTIVE
SUB-CON-00025,Shawn,Escobar,robert44@example.org,2946940792,94143,CONSUMER,BUDGET,2021-04-22,1664.35,0.13,7,ACTIVE
SUB-CON-00026,Justin,Miller,yorkjoshua@example.org,+1-444-640-1929x275,94167,CONSUMER,PREMIUM,2023-01-31,4431.99,0.36,5,ACTIVE
SUB-CON-00027,Todd,Lloyd,cooperchristopher@example.org,+1-627-366-3723x950,94118,CONSUMER,BUDGET,2021-07-10,4015.51,0.12,8,ACTIVE
SUB-CON-00028,Gary,Ross,thomas83@example.com,+1-367-742-8604x76580,94140,CONSUMER,PREMIUM,2024-09-30,2261.79,0.27,5,ACTIVE
SUB-CON-00029,Cheryl,Pearson,matthew41@example.com,+1-296-373-9385x2580,94168,CONSUMER,STANDARD,2021-03-06,3990.02,0.16,5,ACTIVE
SUB-CON-00030,Robert,Fox,ubell@example.com,330-409-1093x911,94116,CONSUMER,PREMIUM,2024-04-10,4848.24,0.36,6,ACTIVE
SUB-CON-00031,Diana,Yoder,pauladominguez@example.com,871-774-6542x1406,94160,CONSUMER,PREMIUM,2021-08-02,3151.45,0.11,8,ACTIVE
SUB-CON-00032,Jonathan,Hess,scottvasquez@example.org,+1-662-371-2863x917,94163,CONSUMER,PREMIUM,2021-05-16,2428.48,0.16,7,SUSPENDED
SUB-CON-00033,Charles,Duncan,kimberly07@example.org,+1-800-864-2569x0877,94191,CONSUMER,STANDARD,2021-09-02,2474.04,0.25,10,ACTIVE
SUB-CON-00034,Amber,Smith,imartinez@example.com,246-801-5851x74328,94126,CONSUMER,BUDGET,2022-09-13,4495.45,0.21,6,SUSPENDED
SUB-CON-00035,Kent,Price,mccoymichael@example.org,+1-673-920-3093x7618,94127,CONSUMER,STANDARD,2025-08-13,2240.11,0.18,6,ACTIVE
SUB-CON-00036,Tammie,Cain,johnsonbrian@example.net,5613387829,94132,CONSUMER,PREMIUM,2021-05-22,606.84,0.31,7,SUSPENDED
SUB-CON-00037,Jill,Burns,ruizsamantha@example.org,420.320.4179,94166,CONSUMER,STANDARD,2021-12-24,1304.85,0.06,9,ACTIVE
SUB-CON-00038,Danny,Larson,bryanharris@example.com,001-365-319-8253x0925,94154,CONSUMER,STANDARD,2023-05-28,2444.24,0.19,8,ACTIVE
SUB-CON-00039,Donald,Perry,angela73@example.net,2212962071,94134,CONSUMER,STANDARD,2022-08-08,318.65,0.2,7,ACTIVE
SUB-CON-00040,Sara,Mann,robert72@example.org,(448)976-3290,94145,CONSUMER,BUDGET,2021-10-28,1613.69,0.23,9,ACTIVE
SUB-CON-00041,Courtney,Patton,robert83@example.org,581-695-8837,94135,CONSUMER,BUDGET,2021-07-11,672.36,0.07,5,ACTIVE
SUB-CON-00042,James,Hogan,kjimenez@example.net,9052436459,94142,CONSUMER,BUDGET,2021-12-18,3440.52,0.14,10,ACTIVE
SUB-CON-00043,Joy,Buckley,ericjohnson@example.net,713-579-9563,94124,CONSUMER,PREMIUM,2022-01-05,3099.36,0.1,10,ACTIVE
SUB-CON-00044,Mark,Garcia,ykane@example.org,979-470-6239,94101,CONSUMER,STANDARD,2024-05-15,1552.86,0.17,8,SUSPENDED
SUB-CON-00045,Nathaniel,Ellis,crystalcantrell@example.org,620-490-4217x76253,94174,CONSUMER,PREMIUM,2022-07-09,257.08,0.28,6,SUSPENDED
SUB-CON-00046,Belinda,Tran,christophervincent@example.com,797.874.0633,94129,CONSUMER,BUDGET,2026-01-02,3672.01,0.12,6,SUSPENDED
SUB-CON-00047,Jeffrey,Pennington,robinvillanueva@example.com,3079806867,94192,CONSUMER,STANDARD,2025-04-15,1835.17,0.08,6,SUSPENDED
SUB-CON-00048,John,Hansen,steelerichard@example.org,(954)231-0742,94198,CONSUMER,PREMIUM,2024-12-11,2204.9,0.2,9,ACTIVE
SUB-CON-00049,Steven,Taylor,xlopez@example.net,501.365.8046x498,94147,CONSUMER,BUDGET,2023-12-06,2972.04,0.09,10,ACTIVE
SUB-CON-00050,Jill,Brown,pamela16@example.com,590.355.2818x325,94163,CONSUMER,PREMIUM,2025-02-22,4204.63,0.17,8,SUSPENDED
SUB-CON-00051,Jo,Goodwin,karenhodges@example.com,(348)964-0155x778,94187,CONSUMER,STANDARD,2025-08-07,3861.64,0.29,7,ACTIVE
SUB-CON-00052,Erika,Patel,shannon51@example.org,911.462.4112x412,94175,CONSUMER,BUDGET,2022-10-24,2924.37,0.06,6,ACTIVE
SUB-CON-00053,Abigail,Burton,robert82@example.com,(767)704-3103x856,94142,CONSUMER,PREMIUM,2025-03-18,3223.23,0.26,9,SUSPENDED
SUB-CON-00054,Brittney,Terry,kellis@example.org,424-637-5402x5472,94148,CONSUMER,BUDGET,2022-08-17,4753.72,0.07,8,ACTIVE
SUB-CON-00055,Teresa,Franco,evanwilson@example.com,001-727-745-2380,94160,CONSUMER,BUDGET,2022-05-02,1778.44,0.39,10,ACTIVE
SUB-CON-00056,Nathan,Fernandez,amandamartinez@example.org,(472)975-2088x5474,94111,CONSUMER,BUDGET,2023-12-16,700.7,0.24,5,SUSPENDED
SUB-CON-00057,Hannah,Dennis,taylorandrea@example.com,5695375150,94103,CONSUMER,BUDGET,2023-06-10,1155.19,0.37,8,ACTIVE
SUB-CON-00058,James,Miller,frhodes@example.net,(837)759-9805x6265,94126,CONSUMER,BUDGET,2021-03-06,1597.31,0.23,8,ACTIVE
SUB-CON-00059,Justin,Bell,fsawyer@example.org,001-576-674-2662x9912,94147,CONSUMER,PREMIUM,2025-02-10,253.03,0.16,8,SUSPENDED
SUB-CON-00060,Vanessa,Fox,carl96@example.org,5644628792,94120,CONSUMER,BUDGET,2024-04-28,819.86,0.2,10,ACTIVE
SUB-CON-00061,Keith,Henry,mary47@example.net,001-973-500-2447x1462,94149,CONSUMER,BUDGET,2021-04-26,823.67,0.12,8,SUSPENDED
SUB-CON-00062,David,Ramirez,georgemichael@example.com,001-664-471-5890,94120,CONSUMER,PREMIUM,2026-01-09,2960.44,0.16,6,SUSPENDED
SUB-CON-00063,Brian,Flores,michaelbrown@example.com,(750)744-8183x21928,94135,CONSUMER,BUDGET,2023-08-21,235.73,0.1,5,SUSPENDED
SUB-CON-00064,Joseph,Wolfe,cody95@example.org,3285457652,94177,CONSUMER,BUDGET,2022-05-23,2724.11,0.37,8,SUSPENDED
SUB-CON-00065,Wesley,Decker,butlersabrina@example.org,(707)454-5279,94159,CONSUMER,PREMIUM,2023-09-01,387.61,0.08,10,SUSPENDED
SUB-CON-00066,Anthony,Olsen,davidbenson@example.net,242.932.1611,94144,CONSUMER,PREMIUM,2024-09-28,4244.67,0.33,8,ACTIVE
SUB-CON-00067,Brad,Rodriguez,harrisonrebekah@example.org,440-711-9393,94153,CONSUMER,BUDGET,2021-04-28,1061.97,0.27,8,SUSPENDED
SUB-CON-00068,Christopher,Singleton,stacy55@example.org,293.389.1190x83342,94149,CONSUMER,PREMIUM,2022-11-23,1080.53,0.25,8,ACTIVE
SUB-CON-00069,Samantha,York,lrichardson@example.org,312.956.6383x615,94130,CONSUMER,BUDGET,2022-01-05,1514.13,0.27,7,ACTIVE
SUB-CON-00070,April,Simpson,janet80@example.org,571-364-7947x38646,94189,CONSUMER,PREMIUM,2025-02-13,3667.57,0.13,8,SUSPENDED
SUB-CON-00071,Sheila,Richardson,lutztravis@example.org,(578)711-2669x1215,94197,CONSUMER,PREMIUM,2022-10-12,781.91,0.18,5,ACTIVE
SUB-CON-00072,Brooke,Ewing,hallroger@example.com,499-946-5796x784,94152,CONSUMER,STANDARD,2021-12-29,991.23,0.12,5,SUSPENDED
SUB-CON-00073,David,Burns,courtneytaylor@example.org,001-301-370-2695x2499,94103,CONSUMER,BUDGET,2025-07-01,3266.56,0.29,8,SUSPENDED
SUB-CON-00074,Katrina,Sparks,kellyjimenez@example.net,885-988-0061x675,94143,CONSUMER,PREMIUM,2024-12-26,2116.84,0.12,5,ACTIVE
SUB-CON-00075,Barry,Thompson,nicole27@example.com,(946)971-9788,94132,CONSUMER,BUDGET,2025-11-09,3603.68,0.1,10,SUSPENDED
SUB-CON-00076,Melissa,Hunter,lbaker@example.com,+1-254-750-0902x559,94162,CONSUMER,STANDARD,2024-04-24,527.54,0.24,6,SUSPENDED
SUB-CON-00077,Connor,Reed,robert03@example.org,249.711.4152,94117,CONSUMER,STANDARD,2021-05-24,4138.05,0.34,6,ACTIVE
SUB-CON-00078,Steven,Boyer,sadams@example.com,001-905-369-6591,94177,CONSUMER,BUDGET,2022-10-29,1050.74,0.09,10,SUSPENDED
SUB-CON-00079,Matthew,Shaw,garrett45@example.com,871.583.4404,94121,CONSUMER,BUDGET,2021-11-09,3422.68,0.05,7,ACTIVE
SUB-CON-00080,Jennifer,Lane,joshua98@example.com,(935)414-8468x53664,94156,CONSUMER,STANDARD,2021-03-26,1054.11,0.3,10,ACTIVE
SUB-CON-00081,Courtney,Black,barbaralewis@example.net,548.496.9083x572,94156,CONSUMER,PREMIUM,2023-08-18,429.23,0.27,9,ACTIVE
SUB-CON-00082,Megan,Jenkins,waltersmeghan@example.com,924-993-6312x3034,94149,CONSUMER,PREMIUM,2025-11-02,1679.96,0.07,5,ACTIVE
SUB-CON-00083,Vickie,Henderson,harrisjoseph@example.org,348-820-7001x594,94198,CONSUMER,STANDARD,2024-03-02,3882.15,0.38,7,ACTIVE
SUB-CON-00084,Emily,Blackwell,uhahn@example.org,919.381.8984,94125,CONSUMER,BUDGET,2023-02-06,276.98,0.06,5,ACTIVE
SUB-CON-00085,Carol,Mejia,mark96@example.net,001-236-932-1234x7649,94124,CONSUMER,PREMIUM,2025-08-12,3410.96,0.13,5,ACTIVE
SUB-CON-00086,Nicholas,Fry,amy73@example.com,(557)654-0900,94192,CONSUMER,BUDGET,2025-10-11,411.26,0.23,7,ACTIVE
SUB-CON-00087,Paul,Fowler,rebecca18@example.org,760.864.4134x327,94171,CONSUMER,PREMIUM,2021-05-13,1109.83,0.12,9,SUSPENDED
SUB-CON-00088,Joshua,Miller,aruiz@example.com,001-961-224-8156x985,94154,CONSUMER,BUDGET,2021-07-08,1315.56,0.09,7,ACTIVE
SUB-CON-00089,Danielle,White,igibbs@example.org,(734)959-1123x8296,94101,CONSUMER,STANDARD,2025-02-22,3339.17,0.05,6,SUSPENDED
SUB-CON-00090,Morgan,Anderson,graceserrano@example.com,216.252.6693,94128,CONSUMER,BUDGET,2025-10-29,3358.22,0.15,9,ACTIVE
SUB-CON-00091,Deborah,Sims,mccannjames@example.net,(706)496-9421,94105,CONSUMER,BUDGET,2025-11-25,4450.21,0.19,9,SUSPENDED
SUB-CON-00092,David,Higgins,dayala@example.net,513.633.4476x2639,94113,CONSUMER,PREMIUM,2022-09-08,2773.67,0.4,9,ACTIVE
SUB-CON-00093,Robert,Ortiz,anthonycherry@example.org,+1-573-859-7107x256,94132,CONSUMER,BUDGET,2024-09-04,3079.36,0.39,10,SUSPENDED
SUB-CON-00094,Jill,Scott,hawkinsbrett@example.org,459.290.0489x6465,94186,CONSUMER,PREMIUM,2026-01-05,838.07,0.11,10,ACTIVE
SUB-CON-00095,Harry,Jackson,dconrad@example.org,458-962-4150,94185,CONSUMER,STANDARD,2023-06-20,524.06,0.06,9,SUSPENDED
SUB-CON-00096,Julie,Howe,raven49@example.com,456.225.7287x03203,94148,CONSUMER,PREMIUM,2025-01-28,3274.84,0.13,9,ACTIVE
SUB-CON-00097,Jorge,Mccarthy,fwilson@example.org,658.477.7121x513,94129,CONSUMER,BUDGET,2022-07-04,3158.47,0.36,7,ACTIVE
SUB-CON-00098,Karen,Carson,brandybonilla@example.net,001-392-761-3715x04165,94194,CONSUMER,STANDARD,2022-05-20,3834.78,0.27,5,ACTIVE
SUB-CON-00099,Anthony,Stevens,rgibson@example.net,+1-305-809-7592x30450,94147,CONSUMER,STANDARD,2021-11-11,1623.75,0.1,6,ACTIVE
SUB-CON-00100,Raymond,Thompson,ndavis@example.org,(764)521-4764x9251,94130,CONSUMER,PREMIUM,2025-03-29,3070.76,0.38,10,ACTIVE
SUB-CON-00101,Sean,Hughes,anna61@example.com,(992)366-1085x732,94117,CONSUMER,STANDARD,2023-07-20,1724.19,0.33,5,SUSPENDED
SUB-CON-00102,Taylor,Miller,ievans@example.net,838-864-9081x0818,94182,CONSUMER,STANDARD,2021-11-17,3802.64,0.13,10,ACTIVE
SUB-CON-00103,Steven,Cortez,michael91@example.net,6177226016,94143,CONSUMER,BUDGET,2026-01-26,1187.92,0.07,10,ACTIVE
SUB-CON-00104,Jennifer,Todd,qhanson@example.com,(232)219-4168,94187,CONSUMER,PREMIUM,2024-06-08,3653.61,0.26,8,ACTIVE
SUB-CON-00105,Darryl,Jackson,zstevens@example.net,001-597-349-9564x1220,94123,CONSUMER,STANDARD,2021-03-18,3222.96,0.07,8,ACTIVE
SUB-CON-00106,Heather,Lopez,clarkdeborah@example.net,868.231.4727,94124,CONSUMER,BUDGET,2022-01-24,3244.96,0.1,6,ACTIVE
SUB-CON-00107,Gabriel,Hernandez,emaynard@example.org,893.934.9605x016,94111,CONSUMER,BUDGET,2025-12-30,3044.63,0.34,6,ACTIVE
SUB-CON-00108,Caitlin,Spencer,benjamin67@example.net,001-797-330-8069,94164,CONSUMER,BUDGET,2023-05-10,2245.95,0.21,6,ACTIVE
SUB-CON-00109,Patricia,Butler,nwilson@example.net,(576)702-4375x738,94131,CONSUMER,STANDARD,2025-01-22,1046.89,0.14,7,SUSPENDED
SUB-CON-00110,David,Carter,rmoyer@example.net,001-957-329-3417x2232,94181,CONSUMER,BUDGET,2024-08-12,1504.93,0.32,5,ACTIVE
SUB-CON-00111,Sherry,Snyder,jasonwilliams@example.org,(545)322-8015x619,94150,CONSUMER,STANDARD,2025-11-09,1005.28,0.2,9,SUSPENDED
SUB-CON-00112,Jeffrey,Scott,kristen08@example.com,(389)210-7711,94197,CONSUMER,BUDGET,2025-05-23,4134.1,0.33,5,SUSPENDED
SUB-CON-00113,Daniel,Soto,rhondamoore@example.com,001-878-271-2552x137,94154,CONSUMER,BUDGET,2023-03-01,3842.52,0.37,9,ACTIVE
SUB-CON-00114,Mary,Wells,william14@example.com,001-965-732-8632x666,94170,CONSUMER,PREMIUM,2021-04-30,1043.36,0.18,7,SUSPENDED
SUB-CON-00115,Scott,Carrillo,millerleroy@example.org,(706)202-9084x66845,94136,CONSUMER,STANDARD,2023-06-16,2898.28,0.22,7,ACTIVE
SUB-CON-00116,Rachel,Bishop,isabellagriffin@example.org,+1-299-775-6341,94191,CONSUMER,STANDARD,2024-05-23,1139.44,0.37,5,ACTIVE
SUB-CON-00117,Jessica,Singh,abigailfernandez@example.org,688-548-5200,94164,CONSUMER,PREMIUM,2023-08-30,3681.66,0.22,8,SUSPENDED
SUB-CON-00118,Jessica,Benitez,dennismckenzie@example.com,+1-585-710-1749x0753,94195,CONSUMER,STANDARD,2023-08-15,2043.38,0.16,9,ACTIVE
SUB-CON-00119,Justin,Glover,jenniferstone@example.org,858-893-5712,94152,CONSUMER,BUDGET,2021-10-09,4963.87,0.09,9,ACTIVE
SUB-CON-00120,Christopher,Coleman,thomasgriffin@example.com,+1-486-498-8649x76776,94124,CONSUMER,STANDARD,2025-05-18,4794.07,0.32,10,ACTIVE
SUB-CON-00121,David,Dawson,tammypalmer@example.net,837-370-2851,94165,CONSUMER,PREMIUM,2022-02-07,2545.38,0.29,10,ACTIVE
SUB-CON-00122,Mike,Roberts,davidtorres@example.com,947-202-2960x4432,94183,CONSUMER,STANDARD,2022-02-12,4647.29,0.31,6,SUSPENDED
SUB-CON-00123,Amy,Jones,butlerashley@example.net,756.379.2287x772,94104,CONSUMER,STANDARD,2024-07-23,3228.57,0.29,10,ACTIVE
SUB-CON-00124,Paul,Mccullough,amber74@example.net,520-294-8181,94133,CONSUMER,PREMIUM,2025-12-04,2386.26,0.29,7,ACTIVE
SUB-CON-00125,Aimee,Christensen,martinezsharon@example.org,7438397189,94177,CONSUMER,PREMIUM,2021-06-16,4768.54,0.34,5,ACTIVE
SUB-CON-00126,Travis,Peck,samuel60@example.net,664-811-1824x22412,94198,CONSUMER,BUDGET,2022-07-07,3293.11,0.37,8,ACTIVE
SUB-CON-00127,Brian,Woodward,anthonybrown@example.com,552-565-4610,94166,CONSUMER,BUDGET,2026-01-22,4404.83,0.11,8,ACTIVE
SUB-CON-00128,Joel,Romero,ravery@example.org,578-461-7063x04891,94188,CONSUMER,STANDARD,2023-09-01,2603.1,0.24,8,ACTIVE
SUB-CON-00129,Ashley,Griffin,kristathomas@example.net,(638)468-7007,94193,CONSUMER,STANDARD,2021-01-29,3811.82,0.37,5,ACTIVE
SUB-CON-00130,Brian,Weeks,carla65@example.net,698.340.2891,94181,CONSUMER,PREMIUM,2024-06-09,3928.12,0.17,6,ACTIVE
SUB-CON-00131,Holly,Rivas,natalie39@example.net,254-974-3553x79502,94195,CONSUMER,BUDGET,2021-02-10,4664.08,0.19,7,ACTIVE
SUB-CON-00132,Rachel,Chambers,speters@example.net,868.411.8071x5695,94121,CONSUMER,STANDARD,2021-02-23,207.58,0.07,10,SUSPENDED
SUB-CON-00133,David,Wood,seanwalker@example.org,001-545-231-9433x75047,94167,CONSUMER,STANDARD,2022-09-29,3341.7,0.31,6,ACTIVE
SUB-CON-00134,Tracey,Little,kaneashley@example.com,(483)399-9219,94147,CONSUMER,BUDGET,2022-02-27,3579.43,0.12,6,ACTIVE
SUB-CON-00135,Jordan,Hudson,nicoledaniel@example.com,208.794.8706,94157,CONSUMER,PREMIUM,2024-10-02,4108.98,0.11,5,ACTIVE
SUB-CON-00136,Megan,Russell,fraziersteven@example.com,203.504.6875x06351,94197,CONSUMER,BUDGET,2024-09-05,1444.89,0.37,8,SUSPENDED
SUB-CON-00137,Susan,Stark,frankcollins@example.net,+1-710-276-0954x3173,94180,CONSUMER,PREMIUM,2023-11-30,724.14,0.27,5,ACTIVE
SUB-CON-00138,April,Young,parsonschristine@example.org,+1-279-611-0065x1207,94110,CONSUMER,STANDARD,2024-09-30,798.47,0.07,5,ACTIVE
SUB-CON-00139,Cameron,Byrd,phillipspatrick@example.org,+1-363-799-0767x699,94161,CONSUMER,STANDARD,2021-04-18,3429.46,0.09,5,ACTIVE
SUB-CON-00140,Shawn,Murphy,danielsmith@example.net,993-992-8456,94196,CONSUMER,BUDGET,2022-08-28,3393.55,0.33,5,ACTIVE
SUB-CON-00141,John,Robles,andersonbreanna@example.net,+1-254-498-2274x9545,94127,CONSUMER,PREMIUM,2021-07-25,4000.58,0.18,9,ACTIVE
SUB-CON-00142,John,Fuentes,hendersonjames@example.org,+1-631-853-7795x9959,94162,CONSUMER,STANDARD,2023-11-14,3833.18,0.26,7,ACTIVE
SUB-CON-00143,Francis,Gibson,crawfordsamantha@example.net,537.893.3756,94187,CONSUMER,STANDARD,2022-08-23,4997.34,0.34,7,SUSPENDED
SUB-CON-00144,Margaret,Smith,jonesanthony@example.org,(547)639-5003,94148,CONSUMER,PREMIUM,2022-07-23,474.76,0.17,7,ACTIVE
SUB-CON-00145,Jeffery,Green,matthewspencer@example.org,702.541.0261,94100,CONSUMER,STANDARD,2023-09-02,4378.6,0.19,6,ACTIVE
SUB-CON-00146,Stephen,Wood,donna89@example.com,001-811-522-3386x559,94177,CONSUMER,BUDGET,2021-06-20,4371.23,0.15,10,ACTIVE
SUB-CON-00147,Kathryn,Matthews,kristine53@example.org,+1-842-789-7317x9128,94147,CONSUMER,STANDARD,2025-04-26,3168.09,0.28,8,SUSPENDED
SUB-CON-00148,April,White,alicia77@example.com,696-890-3337x363,94184,CONSUMER,BUDGET,2024-04-13,215.02,0.27,7,ACTIVE
SUB-CON-00149,Ashley,Walls,jonathan12@example.org,978-853-9078x9567,94181,CONSUMER,STANDARD,2024-07-21,4392.49,0.39,10,ACTIVE
SUB-CON-00150,Michael,Jimenez,patrick27@example.org,315-314-8881x431,94186,CONSUMER,STANDARD,2024-02-21,1321.08,0.22,10,ACTIVE
SUB-CON-00151,Benjamin,Gonzalez,emilywright@example.net,001-243-992-8404x45669,94144,CONSUMER,STANDARD,2025-06-08,4707.61,0.38,8,ACTIVE
SUB-CON-00152,Veronica,Lynn,uperez@example.net,373.789.8775,94193,CONSUMER,STANDARD,2022-09-03,1610.54,0.12,6,ACTIVE
SUB-CON-00153,Roy,Mcmahon,cclark@example.net,7525924075,94116,CONSUMER,STANDARD,2024-08-22,4024.74,0.16,10,SUSPENDED
SUB-CON-00154,Ronald,Goodwin,mark09@example.org,(525)899-9966,94121,CONSUMER,STANDARD,2021-08-13,4784.25,0.22,9,ACTIVE
SUB-CON-00155,Amanda,Lopez,murphysuzanne@example.net,812-618-2097x0231,94131,CONSUMER,BUDGET,2022-10-29,1018.08,0.38,10,ACTIVE
SUB-CON-00156,Jesse,Keller,gibsonmiguel@example.org,(956)362-1286,94113,CONSUMER,STANDARD,2024-05-20,4968.14,0.06,7,SUSPENDED
SUB-CON-00157,Stephanie,Glenn,monicacollins@example.net,+1-972-399-4938x74302,94198,CONSUMER,STANDARD,2024-06-21,1257.8,0.14,8,ACTIVE
SUB-CON-00158,Cassidy,Wright,renee77@example.com,001-401-847-5469,94185,CONSUMER,BUDGET,2023-03-13,4629.13,0.27,8,ACTIVE
SUB-CON-00159,Hayden,Williamson,qellis@example.org,001-991-860-3248x413,94188,CONSUMER,STANDARD,2025-10-11,4385.31,0.38,9,ACTIVE
SUB-CON-00160,David,Wood,gordonkimberly@example.com,824.538.0701x765,94182,CONSUMER,STANDARD,2024-06-13,2009.65,0.3,10,SUSPENDED
SUB-CON-00161,Benjamin,King,markgoodman@example.com,311.483.7274x220,94183,CONSUMER,PREMIUM,2023-07-30,3968.39,0.39,8,ACTIVE
SUB-CON-00162,David,Figueroa,chrisgallagher@example.net,327-852-3083x708,94128,CONSUMER,STANDARD,2023-09-12,755.31,0.08,5,ACTIVE
SUB-CON-00163,Scott,George,bartonkatie@example.org,(333)410-6005x313,94194,CONSUMER,PREMIUM,2022-06-30,4698.61,0.31,5,ACTIVE
SUB-CON-00164,Bradley,Hunt,marcus39@example.org,+1-466-213-3155,94116,CONSUMER,STANDARD,2024-06-30,4779.53,0.25,5,ACTIVE
SUB-CON-00165,Destiny,Smith,stephenjones@example.com,+1-495-601-3649x7189,94107,CONSUMER,PREMIUM,2021-11-18,2770.89,0.35,8,ACTIVE
SUB-CON-00166,Carol,Jarvis,xgregory@example.net,(952)857-1509,94198,CONSUMER,STANDARD,2025-06-03,4028.09,0.38,6,ACTIVE
SUB-CON-00167,Danielle,Hall,hallchristina@example.org,836-539-1025x7432,94113,CONSUMER,STANDARD,2021-05-25,244.1,0.35,7,ACTIVE
SUB-CON-00168,John,Swanson,vstevenson@example.org,250-586-4035x533,94137,CONSUMER,BUDGET,2022-12-20,2599.2,0.21,9,ACTIVE
SUB-CON-00169,Cathy,James,isaiah01@example.com,530-523-2129,94118,CONSUMER,PREMIUM,2025-05-23,3393.68,0.33,10,ACTIVE
SUB-CON-00170,Christian,Hardy,frank33@example.com,(993)344-9734,94176,CONSUMER,STANDARD,2024-02-19,1682.68,0.4,5,ACTIVE
SUB-CON-00171,Raymond,Jackson,nhenderson@example.net,(827)906-6149x82824,94190,CONSUMER,PREMIUM,2023-09-05,2495.76,0.34,8,ACTIVE
SUB-CON-00172,Shawn,Brooks,ijones@example.net,832.930.0857x6665,94190,CONSUMER,STANDARD,2023-09-11,482.3,0.33,6,ACTIVE
SUB-CON-00173,Danielle,Chapman,hdyer@example.com,001-223-864-5875,94193,CONSUMER,BUDGET,2024-09-06,3561.96,0.07,6,SUSPENDED
SUB-CON-00174,Jill,Allen,dorseymichael@example.net,+1-302-849-7243x99201,94193,CONSUMER,STANDARD,2024-06-16,1635.69,0.34,6,ACTIVE
SUB-CON-00175,Janice,Mccann,stonejacob@example.com,(864)348-8694,94170,CONSUMER,STANDARD,2022-01-02,1819.57,0.29,7,SUSPENDED
SUB-CON-00176,Daisy,Frank,lisa43@example.net,(440)427-0116x8646,94150,CONSUMER,BUDGET,2024-04-06,2733.65,0.15,10,ACTIVE
SUB-CON-00177,Jacob,Taylor,hwhite@example.com,001-932-330-2346,94189,CONSUMER,PREMIUM,2022-06-28,2090.11,0.1,9,ACTIVE
SUB-CON-00178,Christopher,Miller,hillmatthew@example.net,277.310.0409,94190,CONSUMER,STANDARD,2022-11-14,2396.16,0.11,6,SUSPENDED
SUB-CON-00179,Alexa,Smith,sarah75@example.net,(255)955-3566x90551,94189,CONSUMER,STANDARD,2024-06-29,1597.19,0.1,6,ACTIVE
SUB-CON-00180,Jessica,Barron,anthonymartinez@example.net,735-279-7863x050,94194,CONSUMER,PREMIUM,2023-11-05,243.84,0.3,9,ACTIVE
SUB-CON-00181,Erica,Hall,nross@example.org,(267)416-4932x898,94186,CONSUMER,BUDGET,2025-04-23,2007.47,0.39,10,ACTIVE
SUB-CON-00182,Laura,Turner,cjackson@example.org,683.533.2116x0256,94107,CONSUMER,BUDGET,2023-04-08,1906.8,0.22,5,ACTIVE
SUB-CON-00183,Elizabeth,Lynn,wadesandra@example.net,001-571-553-9915x6686,94165,CONSUMER,PREMIUM,2023-04-12,1824.73,0.2,6,SUSPENDED
SUB-CON-00184,Darrell,Miller,petersonbrittany@example.org,001-519-852-5690x4098,94131,CONSUMER,BUDGET,2024-09-05,770.25,0.19,7,ACTIVE
SUB-CON-00185,Luis,Diaz,aprilguzman@example.org,960-987-5243,94183,CONSUMER,PREMIUM,2022-05-01,2001.78,0.29,10,ACTIVE
SUB-CON-00186,Carolyn,Thomas,georgekyle@example.net,749-473-7460,94199,CONSUMER,STANDARD,2022-11-13,4351.5,0.28,7,SUSPENDED
SUB-CON-00187,Melanie,Michael,isabellawilliams@example.org,364.620.8656x7566,94147,CONSUMER,BUDGET,2023-06-24,776.0,0.08,8,ACTIVE
SUB-CON-00188,Heather,Lee,udavis@example.net,4475292774,94102,CONSUMER,PREMIUM,2022-12-06,2950.31,0.25,7,ACTIVE
SUB-CON-00189,Linda,Gonzalez,coxmelissa@example.org,+1-826-462-0157x20185,94175,CONSUMER,BUDGET,2024-07-06,2043.01,0.4,10,SUSPENDED
SUB-CON-00190,John,Wilson,sburns@example.net,(361)376-4750,94138,CONSUMER,PREMIUM,2021-10-11,801.13,0.16,10,ACTIVE
SUB-CON-00191,David,May,andrewberry@example.net,341.492.6764x9215,94151,CONSUMER,PREMIUM,2024-07-10,294.78,0.24,9,SUSPENDED
SUB-CON-00192,Lisa,Smith,lbrown@example.net,001-213-412-9208x751,94108,CONSUMER,PREMIUM,2025-12-19,4218.29,0.24,10,ACTIVE
SUB-CON-00193,Jamie,Martin,melissa01@example.org,445.982.6034x08487,94196,CONSUMER,BUDGET,2023-09-27,4835.27,0.36,6,ACTIVE
SUB-CON-00194,Alexandra,Andersen,catherine83@example.net,503-703-2432,94100,CONSUMER,PREMIUM,2023-06-08,2346.72,0.16,5,ACTIVE
SUB-CON-00195,David,Dean,piercejorge@example.net,(367)614-6283,94173,CONSUMER,BUDGET,2022-09-18,3332.67,0.08,7,ACTIVE
SUB-CON-00196,Jennifer,Elliott,roberthernandez@example.com,(309)731-4181x8615,94110,CONSUMER,BUDGET,2023-11-30,2629.51,0.18,9,ACTIVE
SUB-CON-00197,Kimberly,Thomas,joshuagarcia@example.org,(611)328-4971x8594,94154,CONSUMER,PREMIUM,2021-06-26,200.41,0.16,9,ACTIVE
SUB-CON-00198,George,Potts,zwhite@example.net,+1-888-696-7924x08222,94184,CONSUMER,PREMIUM,2021-07-11,2335.62,0.25,10,ACTIVE
SUB-CON-00199,Samantha,Fowler,jasmine39@example.com,001-672-375-7844x683,94166,CONSUMER,STANDARD,2023-09-04,3109.63,0.23,10,ACTIVE
SUB-CON-00200,Richard,Edwards,walterschase@example.org,829-401-4870,94184,CONSUMER,BUDGET,2025-02-26,1338.08,0.12,7,ACTIVE
SUB-CON-00201,Tyler,Jennings,sullivanchristina@example.net,9684538909,94117,CONSUMER,PREMIUM,2025-07-12,2849.94,0.26,7,ACTIVE
SUB-CON-00202,Rebecca,Thompson,mary85@example.org,(676)525-1538x14474,94193,CONSUMER,PREMIUM,2021-02-03,2225.67,0.24,7,SUSPENDED
SUB-CON-00203,Joann,Carroll,sandrahickman@example.net,207.797.0509x75451,94183,CONSUMER,BUDGET,2022-08-29,2120.29,0.08,7,SUSPENDED
SUB-CON-00204,Richard,Smith,fvasquez@example.net,826.417.0243x76545,94188,CONSUMER,BUDGET,2025-08-21,2772.34,0.07,10,ACTIVE
SUB-CON-00205,Lisa,Rodriguez,cdouglas@example.org,(256)405-3134,94181,CONSUMER,PREMIUM,2024-06-06,3298.74,0.3,9,ACTIVE
SUB-CON-00206,Robert,Rivera,martinjames@example.com,+1-341-267-8725x68621,94153,CONSUMER,BUDGET,2022-02-23,1718.53,0.33,8,ACTIVE
SUB-CON-00207,Eric,Porter,brettgallegos@example.com,+1-406-574-4716x392,94177,CONSUMER,BUDGET,2023-06-20,572.12,0.09,5,SUSPENDED
SUB-CON-00208,Katie,Lin,elizabethpatterson@example.com,001-218-692-3923x126,94108,CONSUMER,STANDARD,2022-09-17,3272.85,0.18,7,ACTIVE
SUB-CON-00209,Sarah,Simmons,christopherwilliams@example.com,743.635.6708x60414,94118,CONSUMER,BUDGET,2024-01-23,1513.5,0.08,6,SUSPENDED
SUB-CON-00210,Jennifer,Wright,whiteaaron@example.net,001-753-647-4916x2475,94113,CONSUMER,BUDGET,2022-01-09,1043.51,0.3,7,SUSPENDED
SUB-CON-00211,Collin,Smith,markfigueroa@example.com,001-398-295-3439x6112,94112,CONSUMER,PREMIUM,2026-01-24,1874.72,0.25,7,ACTIVE
SUB-CON-00212,Tanya,Henson,jamesgriffin@example.org,289-454-7382,94177,CONSUMER,BUDGET,2022-09-15,4503.54,0.11,8,ACTIVE
SUB-CON-00213,Robert,Dawson,patricia71@example.com,476-688-0294,94144,CONSUMER,PREMIUM,2021-06-18,3453.5,0.33,9,SUSPENDED
SUB-CON-00214,Stephanie,Brown,joysanders@example.net,+1-881-627-8686,94161,CONSUMER,PREMIUM,2022-11-01,812.35,0.05,9,ACTIVE
SUB-CON-00215,Jack,Moore,brittanysmith@example.net,288.544.3448x123,94184,CONSUMER,BUDGET,2023-07-23,884.82,0.25,7,ACTIVE
SUB-CON-00216,Benjamin,Hernandez,sara40@example.net,338.610.5955,94192,CONSUMER,PREMIUM,2022-03-19,4877.6,0.3,6,SUSPENDED
SUB-CON-00217,Ricky,Carr,tracie05@example.org,001-942-540-8916x4983,94190,CONSUMER,STANDARD,2023-11-01,1078.9,0.4,8,ACTIVE
SUB-CON-00218,Joseph,Perkins,omoore@example.net,001-965-427-1727x2239,94135,CONSUMER,STANDARD,2023-06-23,2698.85,0.3,6,ACTIVE
SUB-CON-00219,Andrew,Martin,lisamcdaniel@example.org,421-263-7618,94181,CONSUMER,BUDGET,2021-12-03,4747.78,0.19,7,ACTIVE
SUB-CON-00220,Nicholas,Smith,hinesdeanna@example.org,(731)342-9001,94181,CONSUMER,BUDGET,2022-10-18,568.13,0.13,5,ACTIVE
SUB-CON-00221,Donald,Malone,tochoa@example.com,323.808.4810x0184,94173,CONSUMER,BUDGET,2022-04-13,606.01,0.15,8,ACTIVE
SUB-CON-00222,Aaron,Walker,ronaldhernandez@example.net,736-317-2131x4519,94154,CONSUMER,PREMIUM,2024-02-22,2641.68,0.31,8,SUSPENDED
SUB-CON-00223,Sandra,Gillespie,munozgregory@example.net,392-262-4945x14754,94165,CONSUMER,PREMIUM,2022-05-04,4990.18,0.36,10,ACTIVE
SUB-CON-00224,Kimberly,Thomas,petergriffith@example.com,419-864-2152,94151,CONSUMER,BUDGET,2024-01-28,3158.18,0.37,10,ACTIVE
SUB-CON-00225,Luis,Coleman,oguzman@example.com,(536)868-7887,94191,CONSUMER,STANDARD,2021-10-14,3572.44,0.31,6,ACTIVE
SUB-CON-00226,Bianca,Fisher,jacquelineyoung@example.org,705.487.2105,94177,CONSUMER,STANDARD,2023-08-01,4830.31,0.29,9,ACTIVE
SUB-CON-00227,Steven,Conley,osanchez@example.org,001-421-226-0650x1917,94122,CONSUMER,BUDGET,2022-04-29,1961.84,0.1,7,ACTIVE
SUB-CON-00228,Michael,Miller,smithmariah@example.com,(927)228-4765,94154,CONSUMER,STANDARD,2023-07-07,2019.65,0.18,5,ACTIVE
SUB-CON-00229,Daniel,Brown,munozglenn@example.org,5668784984,94186,CONSUMER,BUDGET,2022-05-30,4192.29,0.35,5,ACTIVE
SUB-CON-00230,Joseph,Davis,ispence@example.net,369.903.6289,94138,CONSUMER,STANDARD,2025-02-19,1609.02,0.12,10,SUSPENDED
SUB-CON-00231,Lawrence,May,zmartin@example.com,+1-463-341-1159x5034,94127,CONSUMER,STANDARD,2021-08-18,4659.72,0.39,9,ACTIVE
SUB-CON-00232,Jason,Smith,jacob30@example.org,219-790-9700x514,94159,CONSUMER,PREMIUM,2023-06-24,4272.09,0.07,5,SUSPENDED
SUB-CON-00233,Susan,Porter,karen52@example.net,+1-615-468-1820x96790,94142,CONSUMER,STANDARD,2022-05-13,1898.69,0.05,10,ACTIVE
SUB-CON-00234,Faith,Miller,cisnerosjesse@example.org,+1-822-288-9857x25459,94151,CONSUMER,STANDARD,2024-05-16,242.55,0.2,6,ACTIVE
SUB-CON-00235,John,Shea,rubioashley@example.com,702-448-1717,94167,CONSUMER,PREMIUM,2023-08-04,4512.85,0.19,8,ACTIVE
SUB-CON-00236,Evan,Ramirez,michael12@example.net,001-874-474-7219x70546,94119,CONSUMER,PREMIUM,2024-10-28,1400.65,0.21,7,ACTIVE
SUB-CON-00237,Michael,Kirk,nathaniel68@example.com,809-303-8021x462,94146,CONSUMER,STANDARD,2022-12-21,4482.53,0.24,7,ACTIVE
SUB-CON-00238,Paul,Ford,baileytaylor@example.net,711.921.6636x515,94156,CONSUMER,PREMIUM,2022-11-19,4228.92,0.11,7,SUSPENDED
SUB-CON-00239,Jacqueline,Alvarez,shawn82@example.com,(835)990-9605,94100,CONSUMER,STANDARD,2022-11-22,4441.17,0.3,5,ACTIVE
SUB-CON-00240,Brian,Parrish,onelson@example.org,521-646-1476,94136,CONSUMER,BUDGET,2022-08-22,841.67,0.2,7,ACTIVE
SUB-CON-00241,Maria,Davis,wpeterson@example.com,(735)867-7826,94120,CONSUMER,PREMIUM,2021-02-27,1155.16,0.22,10,ACTIVE
SUB-CON-00242,Ann,English,christiancontreras@example.net,(355)802-7275,94115,CONSUMER,STANDARD,2023-04-24,2547.53,0.22,10,ACTIVE
SUB-CON-00243,Abigail,Smith,iharding@example.net,791.503.3682x963,94141,CONSUMER,STANDARD,2022-09-13,2608.92,0.37,8,ACTIVE
SUB-CON-00244,Teresa,Ray,woodmichael@example.com,381-477-6655x8685,94114,CONSUMER,BUDGET,2024-12-23,4005.02,0.09,7,ACTIVE
SUB-CON-00245,Ross,Thompson,amyjames@example.net,001-964-391-1110x961,94198,CONSUMER,PREMIUM,2024-11-07,1335.22,0.29,7,SUSPENDED
SUB-CON-00246,Wesley,Shaffer,melissa33@example.com,+1-861-237-1576,94176,CONSUMER,PREMIUM,2024-04-05,238.54,0.22,7,SUSPENDED
SUB-CON-00247,Kimberly,Romero,nichole44@example.com,+1-830-560-0025x89552,94110,CONSUMER,STANDARD,2025-10-20,1389.19,0.1,9,ACTIVE
SUB-CON-00248,Teresa,Lee,zpoole@example.net,(826)626-5826x31281,94131,CONSUMER,STANDARD,2025-10-11,3880.29,0.35,10,ACTIVE
SUB-CON-00249,Erik,Morris,davissamuel@example.net,001-592-509-8196x02752,94185,CONSUMER,STANDARD,2023-08-08,1152.38,0.3,5,ACTIVE
SUB-CON-00250,James,Pittman,qtownsend@example.org,612-609-1179x112,94124,CONSUMER,PREMIUM,2022-08-12,3218.76,0.1,5,ACTIVE
SUB-CON-00251,Christopher,Snyder,roberta36@example.org,606.217.1366x5722,94151,CONSUMER,BUDGET,2022-08-06,1514.54,0.12,6,SUSPENDED
SUB-CON-00252,Donna,Welch,wilsonmatthew@example.com,299.480.2841x3908,94102,CONSUMER,PREMIUM,2022-12-01,1158.29,0.35,8,SUSPENDED
SUB-CON-00253,Michelle,Wilson,anthonytaylor@example.org,001-824-547-3158x4776,94167,CONSUMER,STANDARD,2023-03-16,3560.76,0.39,6,ACTIVE
SUB-CON-00254,Gerald,Mcdaniel,suzanne19@example.net,823-876-7694x5919,94154,CONSUMER,STANDARD,2022-10-10,494.48,0.2,5,ACTIVE
SUB-CON-00255,Ashley,Brooks,colepamela@example.net,896-449-8560x125,94114,CONSUMER,STANDARD,2024-02-13,1945.17,0.38,10,SUSPENDED
SUB-CON-00256,John,Lewis,nathan51@example.org,505-337-9538x16493,94131,CONSUMER,STANDARD,2025-11-05,4496.51,0.11,5,ACTIVE
SUB-CON-00257,Joshua,Franklin,berrydebbie@example.net,001-965-453-3077x04611,94184,CONSUMER,PREMIUM,2023-11-09,1743.87,0.15,7,ACTIVE
SUB-CON-00258,Brittany,Young,mitchelldawn@example.net,7742260880,94155,CONSUMER,BUDGET,2021-08-31,1410.86,0.22,7,ACTIVE
SUB-CON-00259,Terry,Gallegos,rcummings@example.com,001-756-318-5790x64771,94114,CONSUMER,BUDGET,2021-04-28,3410.95,0.29,6,ACTIVE
SUB-CON-00260,Jeffrey,Petersen,danielmorris@example.net,001-263-621-3580x0401,94146,CONSUMER,PREMIUM,2021-09-18,4088.17,0.31,9,ACTIVE
SUB-CON-00261,Joseph,Watts,knelson@example.org,001-371-525-2967,94130,CONSUMER,PREMIUM,2025-12-28,1524.55,0.25,5,ACTIVE
SUB-CON-00262,Timothy,Henry,marc73@example.org,241-558-3311x703,94116,CONSUMER,PREMIUM,2025-01-21,3764.42,0.09,9,ACTIVE
SUB-CON-00263,Lori,Lopez,petersonlisa@example.net,554.872.8123x56798,94124,CONSUMER,PREMIUM,2022-09-03,2339.7,0.08,9,ACTIVE
SUB-CON-00264,Casey,Henderson,stephanie91@example.org,711.630.7240x787,94138,CONSUMER,PREMIUM,2022-01-30,2476.15,0.32,9,ACTIVE
SUB-CON-00265,Sara,Miller,zlewis@example.net,(885)407-4510x66343,94105,CONSUMER,BUDGET,2023-06-04,1120.19,0.24,7,ACTIVE
SUB-CON-00266,Alyssa,Snyder,drodriguez@example.net,313.310.0943,94146,CONSUMER,STANDARD,2023-06-02,3223.35,0.09,8,ACTIVE
SUB-CON-00267,Jeremy,Oliver,gmyers@example.org,001-947-632-3549x4012,94161,CONSUMER,STANDARD,2023-02-08,2714.06,0.38,5,ACTIVE
SUB-CON-00268,George,Maldonado,jacobyoder@example.org,2767502412,94176,CONSUMER,STANDARD,2025-02-08,3544.19,0.1,5,ACTIVE
SUB-CON-00269,Brandy,Freeman,thomaswilliams@example.org,001-643-788-2211,94188,CONSUMER,BUDGET,2024-12-04,3755.43,0.19,10,ACTIVE
SUB-CON-00270,Tracy,Bell,elizabeth45@example.com,2544589714,94121,CONSUMER,STANDARD,2024-07-25,3803.49,0.18,8,SUSPENDED
SUB-CON-00271,Melissa,Hopkins,michaeljohnson@example.net,001-665-731-3614x8782,94177,CONSUMER,STANDARD,2023-11-22,1193.24,0.05,9,ACTIVE
SUB-CON-00272,Peter,Butler,kyle09@example.net,001-459-916-7954x107,94175,CONSUMER,PREMIUM,2022-05-09,242.53,0.38,9,SUSPENDED
SUB-CON-00273,Alexandra,Roberts,kevinroberts@example.com,6702349107,94164,CONSUMER,PREMIUM,2024-09-25,3658.78,0.14,6,ACTIVE
SUB-CON-00274,Michael,Flowers,kingmichael@example.com,782.514.2369x14307,94190,CONSUMER,STANDARD,2024-05-12,2850.32,0.11,5,ACTIVE
SUB-CON-00275,Roberto,Rasmussen,orozcosamantha@example.net,629-665-9234x2683,94137,CONSUMER,BUDGET,2021-10-20,3270.15,0.38,7,ACTIVE
SUB-CON-00276,Kenneth,Ho,ygardner@example.com,828-975-8575,94134,CONSUMER,BUDGET,2024-08-26,3283.58,0.14,6,ACTIVE
SUB-CON-00277,Suzanne,Murray,bernardrobert@example.org,+1-843-498-5298x940,94100,CONSUMER,PREMIUM,2024-07-02,1867.82,0.26,7,ACTIVE
SUB-CON-00278,Elizabeth,Ford,fcombs@example.org,215-591-4975x019,94110,CONSUMER,PREMIUM,2025-06-19,4443.13,0.14,6,SUSPENDED
SUB-CON-00279,Douglas,Yang,rtaylor@example.net,(244)407-9311,94178,CONSUMER,STANDARD,2022-02-08,1758.25,0.07,5,ACTIVE
SUB-CON-00280,April,Wright,wellsmarissa@example.com,(301)846-7238x4979,94128,CONSUMER,PREMIUM,2022-04-27,4833.09,0.11,5,ACTIVE
SUB-CON-00281,Daisy,Lopez,georgeharmon@example.net,677.844.1975,94192,CONSUMER,PREMIUM,2024-05-10,3502.95,0.38,7,ACTIVE
SUB-CON-00282,Heidi,Rodriguez,jli@example.org,471-996-0940x9705,94156,CONSUMER,BUDGET,2024-12-22,1756.46,0.12,10,SUSPENDED
SUB-CON-00283,Joshua,Holden,vincent83@example.com,001-686-681-2259x572,94119,CONSUMER,STANDARD,2024-06-04,1312.27,0.3,7,ACTIVE
SUB-CON-00284,Carlos,Franco,ebennett@example.net,+1-329-288-4259x95996,94161,CONSUMER,BUDGET,2021-04-29,2580.61,0.21,6,ACTIVE
SUB-CON-00285,Melissa,Moore,ortegavictor@example.net,253.331.2661x0941,94172,CONSUMER,STANDARD,2024-10-30,4728.1,0.11,7,ACTIVE
SUB-CON-00286,Kathryn,Obrien,mcleanmanuel@example.net,562.498.3347x743,94139,CONSUMER,BUDGET,2024-10-07,4449.21,0.34,10,ACTIVE
SUB-CON-00287,Lisa,Stokes,christopherjohnson@example.net,330-720-5698,94108,CONSUMER,BUDGET,2022-08-26,545.83,0.14,10,SUSPENDED
SUB-CON-00288,Faith,Rosario,nlee@example.net,385.459.8217x6619,94112,CONSUMER,PREMIUM,2025-06-23,2728.54,0.3,5,ACTIVE
SUB-CON-00289,Kenneth,Wilson,brettfernandez@example.org,544.665.1241,94148,CONSUMER,STANDARD,2024-06-21,299.44,0.34,10,ACTIVE
SUB-CON-00290,Christine,Gardner,aguilarsharon@example.com,+1-200-556-4350x2385,94116,CONSUMER,BUDGET,2025-04-10,3896.56,0.14,10,ACTIVE
SUB-CON-00291,Charles,Gould,reedchad@example.com,+1-591-787-2401x078,94101,CONSUMER,BUDGET,2024-09-29,2803.38,0.34,10,ACTIVE
SUB-CON-00292,Tim,Harrington,andrewbrown@example.org,+1-496-808-7066,94125,CONSUMER,BUDGET,2024-09-15,2506.04,0.25,8,ACTIVE
SUB-CON-00293,Andrea,Wilson,princetoni@example.com,(235)260-3319x036,94139,CONSUMER,STANDARD,2023-03-15,2498.76,0.14,9,ACTIVE
SUB-CON-00294,Lisa,Jones,samuelcampbell@example.com,(593)942-9671x114,94180,CONSUMER,PREMIUM,2024-02-11,790.76,0.34,5,ACTIVE
SUB-CON-00295,Priscilla,Trevino,xmarquez@example.net,638-345-8810x5697,94113,CONSUMER,PREMIUM,2022-10-22,4454.99,0.2,5,ACTIVE
SUB-CON-00296,Rhonda,Skinner,kevintran@example.org,(820)637-7107x044,94103,CONSUMER,BUDGET,2021-10-17,2250.25,0.1,10,ACTIVE
SUB-CON-00297,Brian,Bond,ysimpson@example.com,703.236.2680x408,94128,CONSUMER,PREMIUM,2023-12-08,2046.77,0.36,5,SUSPENDED
SUB-CON-00298,Sandra,Solomon,katherinepeterson@example.net,(460)818-6487x69984,94121,CONSUMER,BUDGET,2025-01-18,1277.71,0.38,7,ACTIVE
SUB-CON-00299,Julie,Middleton,rebeccacampbell@example.net,613-684-5960x945,94109,CONSUMER,PREMIUM,2021-03-07,1801.88,0.18,5,ACTIVE
SUB-CON-00300,David,Carroll,mary27@example.com,8702705783,94177,CONSUMER,BUDGET,2026-01-02,1054.73,0.24,9,ACTIVE
SUB-CON-00301,Sheila,Hill,stephanie72@example.com,001-944-772-3229x03102,94186,CONSUMER,STANDARD,2021-06-07,921.06,0.28,7,ACTIVE
SUB-CON-00302,Angela,Perez,theresa05@example.net,001-509-535-1187x181,94144,CONSUMER,BUDGET,2023-11-06,1501.25,0.22,7,ACTIVE
SUB-CON-00303,Ashley,Calderon,bjones@example.com,(605)295-5657,94191,CONSUMER,BUDGET,2022-06-10,3986.51,0.35,6,ACTIVE
SUB-CON-00304,Micheal,Carter,rhondajohnson@example.net,258.489.5369,94140,CONSUMER,BUDGET,2024-04-26,2074.88,0.3,8,ACTIVE
SUB-CON-00305,Kathryn,Banks,benjaminvictoria@example.net,698.568.1809x78875,94114,CONSUMER,PREMIUM,2025-12-20,2251.78,0.3,6,ACTIVE
SUB-CON-00306,Kelly,Sanchez,laurenmadden@example.org,751.937.6515x881,94141,CONSUMER,BUDGET,2023-01-13,1072.99,0.18,7,SUSPENDED
SUB-CON-00307,Shane,Barnes,sarasanchez@example.com,+1-992-594-4551x16682,94154,CONSUMER,STANDARD,2022-08-09,3528.42,0.19,10,ACTIVE
SUB-CON-00308,Nancy,Smith,barneskathy@example.net,712.406.0212x8866,94117,CONSUMER,PREMIUM,2024-06-30,4623.7,0.18,9,SUSPENDED
SUB-CON-00309,Heidi,Allen,david59@example.net,+1-410-315-7676x472,94168,CONSUMER,PREMIUM,2022-05-16,2564.49,0.24,6,SUSPENDED
SUB-CON-00310,Paula,Watkins,emily76@example.com,828.694.1347x509,94110,CONSUMER,PREMIUM,2023-10-27,3631.62,0.23,10,ACTIVE
SUB-CON-00311,Patrick,Todd,bobbylandry@example.net,668.449.9515,94189,CONSUMER,BUDGET,2022-01-31,1328.93,0.05,5,ACTIVE
SUB-CON-00312,Keith,Tucker,nicoleroberts@example.com,+1-213-542-1388x209,94171,CONSUMER,STANDARD,2021-02-17,4796.56,0.37,5,ACTIVE
SUB-CON-00313,Tracy,Carson,james96@example.net,482.674.1176x741,94146,CONSUMER,BUDGET,2022-01-24,1614.55,0.1,9,SUSPENDED
SUB-CON-00314,Tanya,Lara,jessicamurphy@example.net,247-581-5061x85380,94131,CONSUMER,BUDGET,2022-03-29,4173.54,0.07,6,ACTIVE
SUB-CON-00315,Brenda,Wiggins,emilybaker@example.org,527.442.3183x0617,94189,CONSUMER,PREMIUM,2021-05-28,886.77,0.31,10,SUSPENDED
SUB-CON-00316,Robert,Baker,pwelch@example.net,(978)624-3477x695,94147,CONSUMER,BUDGET,2021-11-23,3566.73,0.28,5,SUSPENDED
SUB-CON-00317,Jeffery,Mccarty,robert75@example.org,+1-561-227-5156x27796,94176,CONSUMER,BUDGET,2023-07-20,344.89,0.18,5,ACTIVE
SUB-CON-00318,Joseph,Lewis,xbrown@example.com,756-267-6640x473,94109,CONSUMER,BUDGET,2023-09-13,2932.08,0.33,6,ACTIVE
SUB-CON-00319,Seth,Walker,amandachan@example.org,+1-395-229-8006x155,94160,CONSUMER,PREMIUM,2025-06-27,872.54,0.23,7,SUSPENDED
SUB-CON-00320,Jason,Nichols,maryfoster@example.net,242.255.6383,94152,CONSUMER,PREMIUM,2021-03-31,1819.22,0.32,10,ACTIVE
SUB-CON-00321,Kari,Rose,cmoody@example.org,340-333-0416x6241,94136,CONSUMER,BUDGET,2025-05-14,948.26,0.36,5,ACTIVE
SUB-CON-00322,Jennifer,Farmer,vsmith@example.net,+1-621-696-3945x680,94164,CONSUMER,BUDGET,2024-12-23,252.16,0.34,10,SUSPENDED
SUB-CON-00323,James,Baker,bbennett@example.org,868.247.4883,94170,CONSUMER,PREMIUM,2025-04-21,4181.69,0.37,9,ACTIVE
SUB-CON-00324,Jessica,Bean,chavezbecky@example.org,(437)557-9145x2118,94190,CONSUMER,BUDGET,2025-03-29,2233.62,0.1,5,SUSPENDED
SUB-CON-00325,Brittney,Miller,ejensen@example.net,001-893-207-4645x2059,94116,CONSUMER,PREMIUM,2023-05-11,1216.95,0.27,6,SUSPENDED
SUB-CON-00326,Hannah,Fischer,ugardner@example.net,357.878.8116,94123,CONSUMER,PREMIUM,2022-02-27,4884.74,0.26,5,SUSPENDED
SUB-CON-00327,Katherine,Martin,martinsamuel@example.org,8672287286,94161,CONSUMER,STANDARD,2023-08-07,3332.96,0.19,8,ACTIVE
SUB-CON-00328,David,Forbes,alexandra95@example.net,+1-522-748-3958x9477,94106,CONSUMER,STANDARD,2022-03-24,3303.91,0.12,5,ACTIVE
SUB-CON-00329,Frank,Espinoza,asmith@example.org,(971)704-3318,94109,CONSUMER,STANDARD,2021-11-18,3095.31,0.35,5,ACTIVE
SUB-CON-00330,Bruce,Harrison,carlfields@example.org,(503)344-6945x964,94136,CONSUMER,BUDGET,2022-05-16,2799.53,0.07,9,ACTIVE
SUB-CON-00331,Dakota,Robinson,josegarcia@example.net,001-565-499-9497,94196,CONSUMER,STANDARD,2021-02-05,1101.17,0.12,5,ACTIVE
SUB-CON-00332,Krista,Hays,noblechristina@example.org,(870)951-0287,94134,CONSUMER,BUDGET,2023-11-10,4887.98,0.25,9,SUSPENDED
SUB-CON-00333,Kevin,Wolf,annbennett@example.com,001-475-848-5819x324,94105,CONSUMER,BUDGET,2025-11-04,1709.99,0.38,5,ACTIVE
SUB-CON-00334,Scott,Neal,gina86@example.net,(720)457-5639x836,94196,CONSUMER,STANDARD,2021-03-02,4801.95,0.23,7,SUSPENDED
SUB-CON-00335,James,Ward,adamcollins@example.org,(648)209-4047x604,94192,CONSUMER,STANDARD,2025-12-10,4874.48,0.3,5,ACTIVE
SUB-CON-00336,Madeline,Roy,oosborn@example.com,827.381.0509x2221,94152,CONSUMER,PREMIUM,2021-07-21,2617.18,0.23,6,ACTIVE
SUB-CON-00337,Scott,Page,connor84@example.org,+1-390-555-2958x0660,94175,CONSUMER,STANDARD,2025-05-05,2489.37,0.35,5,ACTIVE
SUB-CON-00338,Dylan,Adams,scotthill@example.org,001-386-920-4485x157,94120,CONSUMER,BUDGET,2021-10-28,3475.4,0.08,10,ACTIVE
SUB-CON-00339,Darren,Davis,lopezbrittany@example.org,001-620-435-7134x32406,94191,CONSUMER,BUDGET,2023-06-13,4445.13,0.33,10,ACTIVE
SUB-CON-00340,Donald,Stewart,marynelson@example.org,(744)774-1759,94198,CONSUMER,PREMIUM,2025-07-11,973.03,0.39,9,ACTIVE
SUB-CON-00341,Shannon,Welch,benjamindavenport@example.com,(689)336-5435,94157,CONSUMER,BUDGET,2025-06-10,1827.3,0.18,8,ACTIVE
SUB-CON-00342,Kiara,Scott,hgreen@example.net,+1-727-227-9559x69051,94191,CONSUMER,PREMIUM,2022-06-05,2060.64,0.12,9,ACTIVE
SUB-CON-00343,Robert,Cook,lopezmichael@example.org,582.607.9799x667,94119,CONSUMER,PREMIUM,2024-04-01,3213.39,0.22,5,ACTIVE
SUB-CON-00344,Carolyn,Olson,oevans@example.net,466-649-6902,94198,CONSUMER,STANDARD,2025-07-14,2826.25,0.39,5,SUSPENDED
SUB-CON-00345,James,Compton,davidcook@example.org,442-557-6270,94112,CONSUMER,STANDARD,2022-07-16,1705.85,0.38,6,ACTIVE
SUB-CON-00346,Kevin,Miller,michaelakim@example.net,928.850.7251,94135,CONSUMER,PREMIUM,2022-11-19,1943.98,0.08,6,SUSPENDED
SUB-CON-00347,Roberta,Barnett,wmccarthy@example.org,(925)226-5469x6815,94133,CONSUMER,STANDARD,2022-12-17,4896.72,0.32,8,ACTIVE
SUB-CON-00348,Nicole,Thompson,mikemorgan@example.org,+1-396-713-2730x346,94115,CONSUMER,PREMIUM,2024-05-05,2543.64,0.18,7,SUSPENDED
SUB-CON-00349,Destiny,Simmons,larry70@example.com,(422)868-1715x16025,94152,CONSUMER,PREMIUM,2024-12-10,4602.27,0.1,7,ACTIVE
SUB-CON-00350,Alexander,Valdez,dhenderson@example.com,(841)397-8575x85126,94147,CONSUMER,BUDGET,2022-05-10,3474.56,0.23,7,ACTIVE
SUB-CON-00351,Adam,Vaughan,james97@example.com,7746017750,94179,CONSUMER,PREMIUM,2024-09-11,473.88,0.33,10,ACTIVE
SUB-CON-00352,Matthew,Phillips,danielsguy@example.com,(307)354-0915x08632,94119,CONSUMER,BUDGET,2022-02-23,1595.17,0.11,8,ACTIVE
SUB-CON-00353,Jessica,Schultz,worozco@example.com,001-393-889-7015x502,94128,CONSUMER,STANDARD,2025-06-08,4395.96,0.28,7,SUSPENDED
SUB-CON-00354,Tina,Miller,roberto02@example.net,216-713-9449x883,94159,CONSUMER,PREMIUM,2025-12-14,2768.56,0.34,5,ACTIVE
SUB-CON-00355,Thomas,Hodges,shill@example.org,880-496-2440x630,94123,CONSUMER,PREMIUM,2023-05-31,720.07,0.39,8,SUSPENDED
SUB-CON-00356,Joseph,George,colton30@example.net,231-794-9796x95867,94125,CONSUMER,STANDARD,2023-12-22,1777.86,0.16,9,SUSPENDED
SUB-CON-00357,Luis,Carson,stevennewton@example.org,+1-726-346-0917,94127,CONSUMER,PREMIUM,2022-11-03,3758.17,0.09,8,ACTIVE
SUB-CON-00358,Julie,Moreno,kelly57@example.net,602.999.2959x660,94169,CONSUMER,BUDGET,2023-01-27,4752.96,0.1,6,ACTIVE
SUB-CON-00359,Nicholas,Medina,hlawson@example.org,(833)619-4226x8653,94172,CONSUMER,BUDGET,2023-10-17,4941.49,0.32,5,ACTIVE
SUB-CON-00360,Kaylee,Mccoy,wayne86@example.org,(477)347-2264x0857,94155,CONSUMER,STANDARD,2024-05-03,1224.42,0.12,5,SUSPENDED
SUB-CON-00361,Betty,Barnes,ojenkins@example.org,+1-532-499-8199x605,94134,CONSUMER,STANDARD,2025-12-01,3251.3,0.08,5,ACTIVE
SUB-CON-00362,Colleen,Cohen,andrew96@example.net,532.975.3273x52410,94151,CONSUMER,BUDGET,2024-12-24,1632.02,0.3,8,ACTIVE
SUB-CON-00363,John,Morrison,laurakaufman@example.net,+1-819-352-3710x0687,94185,CONSUMER,STANDARD,2024-08-15,1083.58,0.07,8,ACTIVE
SUB-CON-00364,Susan,Ware,baldwincatherine@example.net,001-807-370-4605x687,94196,CONSUMER,STANDARD,2021-12-15,989.76,0.17,8,SUSPENDED
SUB-CON-00365,Dustin,Baker,bowenmichael@example.net,623-973-4151x77345,94160,CONSUMER,PREMIUM,2023-11-21,3506.39,0.11,10,SUSPENDED
SUB-CON-00366,Kristin,Lyons,brooke22@example.net,603-459-5442x9477,94145,CONSUMER,PREMIUM,2022-03-03,2937.52,0.34,9,ACTIVE
SUB-CON-00367,Dwayne,Carter,oscott@example.org,894.929.0458,94109,CONSUMER,PREMIUM,2022-07-11,3406.22,0.27,7,ACTIVE
SUB-CON-00368,Teresa,Schneider,alexandra67@example.net,(587)627-6015,94101,CONSUMER,BUDGET,2022-10-31,4503.21,0.38,8,ACTIVE
SUB-CON-00369,Jeffrey,Ramirez,santosmichael@example.com,001-708-333-5061,94114,CONSUMER,PREMIUM,2023-05-21,2150.66,0.23,5,SUSPENDED
SUB-CON-00370,Angela,Nichols,wallerbrian@example.net,333.542.3372x09484,94116,CONSUMER,PREMIUM,2021-08-13,2356.78,0.39,5,ACTIVE
SUB-CON-00371,Rebecca,Anderson,bruce33@example.net,001-997-571-8051x37171,94127,CONSUMER,PREMIUM,2021-12-04,4899.35,0.2,9,ACTIVE
SUB-CON-00372,Amy,Lewis,aevans@example.net,(717)939-9704x69472,94176,CONSUMER,STANDARD,2025-06-13,1237.46,0.12,6,ACTIVE
SUB-CON-00373,Justin,Brewer,michelle35@example.com,+1-488-347-1270x58772,94147,CONSUMER,STANDARD,2024-10-01,277.72,0.36,9,ACTIVE
SUB-CON-00374,Emily,Davis,rpeterson@example.net,(931)333-4845,94189,CONSUMER,STANDARD,2023-08-18,3314.78,0.21,8,ACTIVE
SUB-CON-00375,Sara,Clark,mariolee@example.com,(629)525-8796,94145,CONSUMER,PREMIUM,2023-04-24,2244.08,0.39,7,ACTIVE
SUB-CON-00376,Thomas,Chase,nathan45@example.net,(757)446-9660x606,94122,CONSUMER,STANDARD,2024-12-17,2256.24,0.11,9,ACTIVE
SUB-CON-00377,Katie,Smith,jasonmoran@example.com,(905)666-5883x398,94169,CONSUMER,STANDARD,2021-12-25,2031.5,0.35,10,SUSPENDED
SUB-CON-00378,Charles,Martin,ldavid@example.com,3672349960,94181,CONSUMER,STANDARD,2023-12-28,3570.04,0.38,5,ACTIVE
SUB-CON-00379,Joshua,Wood,daniel21@example.com,001-662-629-4938x17359,94113,CONSUMER,BUDGET,2021-04-05,3318.2,0.27,8,ACTIVE
SUB-CON-00380,Donald,Carrillo,susan57@example.net,625.673.7553,94163,CONSUMER,PREMIUM,2021-04-09,3808.29,0.37,5,SUSPENDED
SUB-CON-00381,Donald,May,ffoster@example.org,708.350.9608x58749,94164,CONSUMER,PREMIUM,2021-09-19,4068.18,0.28,8,ACTIVE
SUB-CON-00382,Annette,Mccann,schmidtlauren@example.org,001-479-731-6477,94128,CONSUMER,STANDARD,2021-09-11,2847.62,0.09,8,ACTIVE
SUB-CON-00383,Hunter,Johnston,srose@example.net,(606)594-0960x03562,94144,CONSUMER,STANDARD,2026-01-17,2182.09,0.34,10,SUSPENDED
SUB-CON-00384,Emily,Nguyen,mvaldez@example.net,(292)432-3421x089,94100,CONSUMER,STANDARD,2025-09-01,3954.54,0.23,7,ACTIVE
SUB-CON-00385,Michael,Jones,sarah33@example.com,(364)833-5027,94139,CONSUMER,STANDARD,2021-04-16,3431.84,0.05,8,ACTIVE
SUB-CON-00386,Scott,Manning,omargriffin@example.com,336.491.1289,94101,CONSUMER,BUDGET,2022-11-10,936.2,0.18,9,ACTIVE
SUB-CON-00387,David,Burns,kara56@example.org,218.257.4817,94142,CONSUMER,BUDGET,2024-04-22,4803.97,0.4,6,SUSPENDED
SUB-CON-00388,Linda,Ross,gomezsonya@example.org,(243)416-7045x02329,94124,CONSUMER,PREMIUM,2025-06-27,3293.28,0.34,9,SUSPENDED
SUB-CON-00389,Eric,Neal,brownleah@example.net,+1-445-296-2622x82251,94116,CONSUMER,PREMIUM,2025-04-22,2073.98,0.3,8,ACTIVE
SUB-CON-00390,James,Powell,regina49@example.com,8054070260,94166,CONSUMER,BUDGET,2022-06-03,2299.53,0.08,6,ACTIVE
SUB-CON-00391,Craig,Bailey,christophermcneil@example.org,776.787.2904x7742,94180,CONSUMER,PREMIUM,2021-11-23,3964.55,0.35,10,ACTIVE
SUB-CON-00392,Tim,Goodman,davidrobertson@example.org,611.464.9133,94170,CONSUMER,BUDGET,2023-08-21,4753.76,0.12,5,ACTIVE
SUB-CON-00393,Mark,Dickson,kathleen25@example.com,(429)806-0320x203,94155,CONSUMER,BUDGET,2023-10-27,3218.69,0.26,5,ACTIVE
SUB-CON-00394,Alexander,Castillo,jacob96@example.com,779.748.7148,94173,CONSUMER,STANDARD,2022-08-29,321.39,0.31,8,ACTIVE
SUB-CON-00395,Jonathan,Roman,dingram@example.net,458-341-5608,94123,CONSUMER,BUDGET,2023-01-03,3332.11,0.13,6,ACTIVE
SUB-CON-00396,Theresa,Greer,piercekenneth@example.com,576-781-8268x3230,94192,CONSUMER,STANDARD,2025-07-18,3897.88,0.28,7,ACTIVE
SUB-CON-00397,Carolyn,Hernandez,mcbridemichael@example.org,001-882-552-1293x289,94118,CONSUMER,PREMIUM,2023-06-12,311.08,0.39,5,ACTIVE
SUB-CON-00398,Brandon,Costa,hphillips@example.com,375.224.0148x4399,94158,CONSUMER,PREMIUM,2024-07-25,788.88,0.1,7,ACTIVE
SUB-CON-00399,Donald,Castillo,kathyroman@example.org,(326)469-3351x3426,94111,CONSUMER,BUDGET,2022-10-29,2572.38,0.18,6,SUSPENDED
SUB-CON-00400,Scott,Chambers,alex18@example.com,619.273.7418x97215,94112,CONSUMER,STANDARD,2024-04-27,4018.12,0.19,8,ACTIVE
SUB-CON-00401,Mary,Scott,ksimmons@example.net,001-874-838-1199x537,94126,CONSUMER,PREMIUM,2021-07-23,2215.55,0.36,10,SUSPENDED
SUB-CON-00402,Danielle,Grimes,megan44@example.net,856.645.1017x39739,94120,CONSUMER,BUDGET,2021-12-17,1634.02,0.37,10,ACTIVE
SUB-CON-00403,Wendy,Mckenzie,kcastro@example.com,+1-786-809-1919x113,94115,CONSUMER,STANDARD,2024-06-04,4969.95,0.22,9,ACTIVE
SUB-CON-00404,Jennifer,Williams,kphelps@example.net,3666039205,94120,CONSUMER,PREMIUM,2024-07-31,3760.14,0.37,6,ACTIVE
SUB-CON-00405,Laurie,Daniel,michael55@example.org,770-457-4238x856,94168,CONSUMER,BUDGET,2025-04-29,2686.38,0.32,6,ACTIVE
SUB-CON-00406,Melissa,Cook,leslietorres@example.net,965-797-2634,94114,CONSUMER,BUDGET,2023-12-11,341.59,0.1,5,ACTIVE
SUB-CON-00407,Linda,Huang,susanmorris@example.org,894.388.4882,94134,CONSUMER,STANDARD,2022-10-07,2511.56,0.38,7,ACTIVE
SUB-CON-00408,Clarence,Dawson,jphelps@example.net,285-562-6149x91537,94159,CONSUMER,PREMIUM,2025-09-26,4083.26,0.2,8,ACTIVE
SUB-CON-00409,Eric,Haney,simpsonmartha@example.org,937.932.0430,94132,CONSUMER,BUDGET,2024-08-07,1149.81,0.35,10,ACTIVE
SUB-CON-00410,Angela,Murillo,robertabbott@example.net,(396)445-4655x3585,94150,CONSUMER,BUDGET,2023-10-24,3001.51,0.32,7,ACTIVE
SUB-CON-00411,Michelle,Andersen,laurariley@example.org,978.951.9358x37490,94126,CONSUMER,PREMIUM,2025-04-21,2541.59,0.36,8,ACTIVE
SUB-CON-00412,Brittany,Brown,andrewwest@example.net,6572215149,94140,CONSUMER,PREMIUM,2025-04-01,716.28,0.18,6,ACTIVE
SUB-CON-00413,Ryan,Duran,valerielewis@example.com,284-753-9862x8950,94147,CONSUMER,PREMIUM,2026-01-27,4132.84,0.21,5,ACTIVE
SUB-CON-00414,David,Madden,morenojessica@example.net,339.322.0715,94175,CONSUMER,STANDARD,2024-07-04,1608.67,0.34,10,ACTIVE
SUB-CON-00415,Audrey,Rush,yballard@example.net,625.821.4526x4712,94150,CONSUMER,BUDGET,2022-10-13,750.32,0.33,8,ACTIVE
SUB-CON-00416,Jeremy,Duke,morgankaren@example.net,209-708-0512x080,94145,CONSUMER,BUDGET,2024-05-07,548.67,0.28,7,ACTIVE
SUB-CON-00417,Kevin,Marsh,michele23@example.net,+1-972-483-5129x592,94199,CONSUMER,STANDARD,2025-05-23,787.06,0.16,5,ACTIVE
SUB-CON-00418,Eduardo,Fuentes,howellsavannah@example.org,741-952-9821x7392,94127,CONSUMER,STANDARD,2025-09-26,2923.85,0.16,6,ACTIVE
SUB-CON-00419,Marie,Bowers,barnettcameron@example.org,(323)773-6050x791,94149,CONSUMER,STANDARD,2025-07-24,3088.65,0.23,5,ACTIVE
SUB-CON-00420,Anna,Park,psherman@example.org,952-373-4666x6170,94191,CONSUMER,PREMIUM,2023-10-23,4742.1,0.33,10,ACTIVE
SUB-CON-00421,Anna,Lynch,tyler40@example.net,2312499825,94173,CONSUMER,PREMIUM,2021-06-23,2224.4,0.31,7,ACTIVE
SUB-CON-00422,Tammy,Cruz,tamara06@example.net,982.585.0317x23513,94125,CONSUMER,BUDGET,2025-12-07,438.37,0.22,5,ACTIVE
SUB-CON-00423,Danielle,Smith,sharris@example.org,503-652-6356x0229,94153,CONSUMER,BUDGET,2024-09-02,795.64,0.11,7,SUSPENDED
SUB-CON-00424,Erin,Mckinney,jamie46@example.net,2668643749,94130,CONSUMER,PREMIUM,2021-06-06,302.09,0.06,9,ACTIVE
SUB-CON-00425,Heather,Cole,chadwilson@example.org,612.385.2464x8449,94159,CONSUMER,STANDARD,2022-02-02,829.08,0.39,5,ACTIVE
SUB-CON-00426,Ralph,Blackwell,stephaniepeters@example.com,228.807.7113,94143,CONSUMER,PREMIUM,2022-08-24,278.11,0.21,8,ACTIVE
SUB-CON-00427,Christopher,Steele,allenchristina@example.com,001-727-690-8335x0902,94135,CONSUMER,STANDARD,2022-07-27,3817.72,0.19,9,ACTIVE
SUB-CON-00428,Michael,Gonzalez,myerseric@example.com,413.423.5707x13984,94163,CONSUMER,PREMIUM,2025-09-23,425.95,0.15,8,SUSPENDED
SUB-CON-00429,Tamara,Brown,ortizamanda@example.net,001-825-350-2130x6090,94182,CONSUMER,BUDGET,2022-12-26,4246.76,0.38,5,ACTIVE
SUB-CON-00430,Kathleen,Johnson,smithmadison@example.com,001-664-796-7379,94128,CONSUMER,BUDGET,2024-12-11,4162.19,0.1,7,SUSPENDED
SUB-CON-00431,Timothy,Roach,xherrera@example.org,(642)464-2506,94128,CONSUMER,BUDGET,2021-06-09,622.48,0.3,7,ACTIVE
SUB-CON-00432,Steve,Page,vanessamartinez@example.net,(736)866-7776x755,94188,CONSUMER,BUDGET,2022-03-17,1446.5,0.32,5,ACTIVE
SUB-CON-00433,Jennifer,Harris,jennifercarroll@example.net,+1-995-678-6543x62718,94138,CONSUMER,BUDGET,2024-07-31,1465.89,0.29,8,ACTIVE
SUB-CON-00434,Brent,Robinson,donnagiles@example.com,(470)836-9249,94189,CONSUMER,BUDGET,2025-12-19,4639.32,0.25,5,ACTIVE
SUB-CON-00435,Kimberly,Gonzalez,pstewart@example.net,(375)299-8011,94140,CONSUMER,BUDGET,2021-02-23,3814.57,0.36,8,SUSPENDED
SUB-CON-00436,Samantha,Booth,melissa55@example.org,001-623-641-5959x7752,94185,CONSUMER,BUDGET,2021-12-09,2704.47,0.13,8,SUSPENDED
SUB-CON-00437,Leah,Moore,frankwilson@example.net,(928)887-4312x71026,94135,CONSUMER,STANDARD,2025-02-17,3908.69,0.22,5,ACTIVE
SUB-CON-00438,George,Smith,sarah99@example.org,607.895.5151x229,94198,CONSUMER,STANDARD,2022-05-07,3614.63,0.17,6,ACTIVE
SUB-CON-00439,Daniel,Donovan,suzanneflores@example.net,759-670-9962,94188,CONSUMER,BUDGET,2022-09-16,560.69,0.22,6,ACTIVE
SUB-CON-00440,William,Hendrix,burnsrebecca@example.org,+1-234-447-6504x7158,94185,CONSUMER,BUDGET,2021-03-02,2447.12,0.18,8,ACTIVE
SUB-CON-00441,Jessica,Smith,egonzalez@example.com,(504)965-5866x5254,94143,CONSUMER,BUDGET,2023-06-22,4107.18,0.32,9,ACTIVE
SUB-CON-00442,Joseph,Gentry,trujillorobin@example.net,402-513-1251,94197,CONSUMER,STANDARD,2021-10-26,3600.86,0.28,9,ACTIVE
SUB-CON-00443,Michelle,Smith,doylematthew@example.net,429-575-1910,94116,CONSUMER,BUDGET,2021-10-07,4600.15,0.18,8,ACTIVE
SUB-CON-00444,Jacob,Higgins,smithlatasha@example.org,901.465.8373,94199,CONSUMER,STANDARD,2025-01-24,1102.18,0.15,6,ACTIVE
SUB-CON-00445,Keith,Lowe,ramoswilliam@example.org,(534)428-9311,94173,CONSUMER,PREMIUM,2023-10-23,689.91,0.21,5,ACTIVE
SUB-CON-00446,Katelyn,Perez,lreid@example.com,+1-668-443-6453x804,94130,CONSUMER,BUDGET,2021-08-16,4491.67,0.12,5,SUSPENDED
SUB-CON-00447,Bryan,Snyder,harveylisa@example.org,+1-970-715-9591x94575,94184,CONSUMER,PREMIUM,2025-04-29,2372.68,0.14,9,ACTIVE
SUB-CON-00448,Kevin,Burns,jeremyjackson@example.net,(867)275-6777x226,94145,CONSUMER,STANDARD,2022-04-06,1217.92,0.19,8,ACTIVE
SUB-CON-00449,Kristina,James,reginaldsmith@example.net,(429)623-1067,94106,CONSUMER,STANDARD,2023-12-12,1508.43,0.08,10,SUSPENDED
SUB-CON-00450,James,Crawford,kevinmoses@example.net,333-379-7662x705,94193,CONSUMER,STANDARD,2023-10-29,1130.87,0.12,6,ACTIVE
SUB-CON-00451,Janice,Franklin,joeharding@example.org,(670)742-5496x91928,94167,CONSUMER,PREMIUM,2024-04-01,2569.36,0.2,10,ACTIVE
SUB-CON-00452,Lindsay,Shields,annette71@example.org,756.533.5357x485,94182,CONSUMER,BUDGET,2022-02-26,4803.06,0.13,5,ACTIVE
SUB-CON-00453,Tammy,Harrington,jeanlynch@example.org,997.905.8162x9518,94173,CONSUMER,STANDARD,2023-05-04,1346.08,0.24,7,ACTIVE
SUB-CON-00454,Carl,Price,laceyhill@example.org,(607)733-0559x782,94179,CONSUMER,PREMIUM,2025-03-13,3635.95,0.19,5,ACTIVE
SUB-CON-00455,Tricia,Jacobs,madisonbrewer@example.net,+1-614-603-8843x660,94193,CONSUMER,PREMIUM,2022-10-24,1487.68,0.12,6,ACTIVE
SUB-CON-00456,Douglas,Johnson,dmiller@example.org,968.629.7514x743,94181,CONSUMER,STANDARD,2022-06-18,3588.1,0.15,5,ACTIVE
SUB-CON-00457,Brenda,Morris,martinezmindy@example.net,252.656.8065x6259,94123,CONSUMER,PREMIUM,2023-10-31,4557.36,0.27,10,ACTIVE
SUB-CON-00458,Ariel,Carroll,sharpjennifer@example.com,712-721-8231,94188,CONSUMER,BUDGET,2023-12-14,1017.12,0.29,6,ACTIVE
SUB-CON-00459,Christopher,Cooper,vasquezamy@example.net,(262)281-3721x43308,94142,CONSUMER,STANDARD,2022-12-29,880.8,0.05,8,SUSPENDED
SUB-CON-00460,Timothy,Williams,stephaniebest@example.org,555.266.0847x06810,94142,CONSUMER,BUDGET,2022-11-07,1052.07,0.14,5,ACTIVE
SUB-CON-00461,Jerome,Henry,jacqueline95@example.net,(763)828-0944,94186,CONSUMER,BUDGET,2022-06-08,3051.22,0.39,9,ACTIVE
SUB-CON-00462,Mary,Webster,matthew54@example.com,447-307-9863,94162,CONSUMER,BUDGET,2021-06-06,2468.33,0.07,5,ACTIVE
SUB-CON-00463,Paul,Rodriguez,jameshudson@example.net,639-245-7039x4380,94129,CONSUMER,PREMIUM,2022-12-01,2615.1,0.31,5,ACTIVE
SUB-CON-00464,Maria,Dalton,victorcortez@example.net,276-292-7789x43191,94138,CONSUMER,PREMIUM,2021-07-02,1811.25,0.22,7,ACTIVE
SUB-CON-00465,Mercedes,Arroyo,turnerpatrick@example.net,(610)853-3651,94184,CONSUMER,STANDARD,2021-04-07,1416.98,0.21,7,ACTIVE
SUB-CON-00466,Kenneth,Johnson,turnerjose@example.org,607-620-1137,94190,CONSUMER,STANDARD,2021-04-08,4478.59,0.32,9,SUSPENDED
SUB-CON-00467,Jacqueline,Castillo,jasonsanders@example.com,2073676209,94114,CONSUMER,STANDARD,2023-06-19,3491.76,0.3,5,ACTIVE
SUB-CON-00468,Jennifer,Higgins,lauriejohnson@example.com,537.200.9687,94152,CONSUMER,BUDGET,2023-07-07,3364.96,0.1,8,ACTIVE
SUB-CON-00469,Michael,George,ihoover@example.org,(958)782-5562x965,94131,CONSUMER,PREMIUM,2023-07-25,3756.86,0.39,7,ACTIVE
SUB-CON-00470,Dylan,Chambers,alowe@example.com,(419)742-5577x82058,94195,CONSUMER,BUDGET,2025-09-02,1130.44,0.38,10,ACTIVE
SUB-CON-00471,Cynthia,Garner,tiffanysparks@example.net,(416)518-8081x9048,94135,CONSUMER,PREMIUM,2023-12-04,3458.25,0.36,8,ACTIVE
SUB-CON-00472,Tracy,Nguyen,amy68@example.net,(939)456-1372x3081,94133,CONSUMER,PREMIUM,2021-09-09,1874.46,0.17,9,SUSPENDED
SUB-CON-00473,Heather,Parker,nturner@example.net,+1-913-300-0413x2114,94135,CONSUMER,STANDARD,2024-08-30,1114.75,0.25,10,ACTIVE
SUB-CON-00474,Shirley,Stanley,wolfekevin@example.com,(934)769-9799x070,94178,CONSUMER,BUDGET,2024-01-25,2280.61,0.21,7,ACTIVE
SUB-CON-00475,Anthony,Haynes,xmullins@example.org,(399)557-0607x17481,94114,CONSUMER,BUDGET,2021-11-16,2594.85,0.29,8,ACTIVE
SUB-CON-00476,Shawn,Curry,cassandraharrison@example.com,387-439-6102x9087,94166,CONSUMER,STANDARD,2025-01-06,3194.22,0.28,7,SUSPENDED
SUB-CON-00477,Joshua,Cunningham,kingdavid@example.net,527.942.0495x6121,94136,CONSUMER,BUDGET,2025-03-18,4038.97,0.06,5,ACTIVE
SUB-CON-00478,John,Hughes,kelseywilliams@example.org,459.473.7112,94136,CONSUMER,PREMIUM,2025-11-11,792.49,0.22,5,SUSPENDED
SUB-CON-00479,Andrew,Crawford,hsmith@example.net,(381)667-0468x611,94145,CONSUMER,PREMIUM,2024-02-13,4203.73,0.07,6,ACTIVE
SUB-CON-00480,Thomas,Hunter,rebeccahutchinson@example.org,6219923785,94136,CONSUMER,PREMIUM,2021-08-23,3393.56,0.32,6,ACTIVE
SUB-CON-00481,Tara,Douglas,cwilson@example.org,224.326.0508,94191,CONSUMER,STANDARD,2025-07-15,884.69,0.31,8,ACTIVE
SUB-CON-00482,Elizabeth,Richards,turnerlisa@example.com,473.837.7731,94137,CONSUMER,BUDGET,2025-10-12,354.26,0.38,6,SUSPENDED
SUB-CON-00483,Cynthia,Weaver,thomasdavid@example.net,(717)581-9236,94154,CONSUMER,STANDARD,2023-04-23,4841.15,0.08,7,ACTIVE
SUB-CON-00484,Richard,Goodwin,harrellkimberly@example.org,856.479.3279,94176,CONSUMER,STANDARD,2023-02-16,1031.85,0.2,7,ACTIVE
SUB-CON-00485,Carol,Roberts,reynoldsanthony@example.org,+1-712-605-4647,94187,CONSUMER,BUDGET,2025-08-18,1400.1,0.2,6,ACTIVE
SUB-CON-00486,Catherine,Calhoun,ydixon@example.net,001-989-799-2751,94139,CONSUMER,BUDGET,2025-08-10,1627.2,0.37,8,ACTIVE
SUB-CON-00487,Zachary,Welch,crystal44@example.net,635.853.9354x35864,94148,CONSUMER,STANDARD,2022-09-05,661.0,0.23,10,ACTIVE
SUB-CON-00488,Kayla,Zamora,leahbarker@example.org,+1-758-485-3798x21433,94164,CONSUMER,PREMIUM,2025-04-20,3620.47,0.21,8,SUSPENDED
SUB-CON-00489,Nicholas,Myers,sarah78@example.com,(249)314-1686,94153,CONSUMER,STANDARD,2022-09-06,2414.16,0.37,5,SUSPENDED
SUB-CON-00490,Lisa,Scott,jgibson@example.net,889-863-4067x917,94111,CONSUMER,BUDGET,2023-09-27,3153.0,0.16,6,ACTIVE
SUB-CON-00491,David,White,kathleen00@example.org,218-384-2163x090,94116,CONSUMER,PREMIUM,2023-12-12,2807.69,0.25,7,ACTIVE
SUB-CON-00492,Tiffany,Ball,russell33@example.net,+1-494-885-3208x953,94196,CONSUMER,STANDARD,2022-10-21,804.49,0.28,8,SUSPENDED
SUB-CON-00493,Amber,Smith,christopheryang@example.com,311.236.3379x2234,94106,CONSUMER,BUDGET,2023-02-08,462.53,0.34,10,ACTIVE
SUB-CON-00494,Emily,Graham,ogriffin@example.org,667-572-6960,94142,CONSUMER,PREMIUM,2025-04-04,667.52,0.15,8,ACTIVE
SUB-CON-00495,Samuel,Golden,marc78@example.net,(779)735-2196x2633,94107,CONSUMER,BUDGET,2024-07-09,3754.27,0.29,10,ACTIVE
SUB-CON-00496,Joshua,Espinoza,nicolasrich@example.org,+1-993-817-0695x56076,94189,CONSUMER,BUDGET,2021-11-01,2678.07,0.25,8,ACTIVE
SUB-CON-00497,Samuel,Bailey,michael47@example.org,(739)289-8306,94128,CONSUMER,PREMIUM,2023-01-08,3270.41,0.1,10,ACTIVE
SUB-CON-00498,Christopher,Moon,gilbertangela@example.com,484-572-4264,94192,CONSUMER,BUDGET,2024-07-23,4066.96,0.27,6,ACTIVE
SUB-CON-00499,Larry,Meyer,monicaoliver@example.net,+1-324-687-6230x3911,94108,CONSUMER,BUDGET,2022-08-06,934.51,0.36,9,ACTIVE
SUB-CON-00500,Amanda,Maxwell,jennifer28@example.org,205.824.8088,94131,CONSUMER,BUDGET,2022-03-23,697.31,0.06,9,SUSPENDED
SUB-CON-00501,Gary,Harrison,johnlynch@example.com,001-247-337-2132,94150,CONSUMER,BUDGET,2024-04-14,4645.01,0.15,8,ACTIVE
SUB-CON-00502,Derek,Mitchell,zbyrd@example.net,+1-668-878-5996,94130,CONSUMER,PREMIUM,2022-06-30,1449.3,0.26,8,ACTIVE
SUB-CON-00503,Wesley,Porter,clarkcarol@example.com,519-866-6450x5730,94155,CONSUMER,BUDGET,2022-04-30,3253.75,0.11,10,ACTIVE
SUB-CON-00504,Shannon,Garza,deborahturner@example.org,(703)574-7677,94121,CONSUMER,PREMIUM,2025-01-06,3759.99,0.24,8,SUSPENDED
SUB-CON-00505,David,Moyer,stacieprince@example.org,950-257-6619x4588,94137,CONSUMER,STANDARD,2025-02-25,3404.17,0.39,8,ACTIVE
SUB-CON-00506,Carlos,Rivera,sandra20@example.org,(284)900-8385,94185,CONSUMER,STANDARD,2024-07-04,2077.71,0.29,5,SUSPENDED
SUB-CON-00507,Matthew,Austin,christy45@example.org,791.977.6808x98126,94153,CONSUMER,STANDARD,2023-05-07,911.2,0.15,5,SUSPENDED
SUB-CON-00508,Douglas,Gill,christopherreyes@example.com,500.840.2369,94101,CONSUMER,PREMIUM,2022-05-14,1653.26,0.28,10,SUSPENDED
SUB-CON-00509,Ronald,Carroll,aaronjones@example.org,771-937-2711x759,94105,CONSUMER,STANDARD,2023-04-09,4821.42,0.21,10,SUSPENDED
SUB-CON-00510,Barbara,Kelley,crystal58@example.org,+1-998-849-3306x74584,94135,CONSUMER,BUDGET,2021-07-06,4912.42,0.18,9,ACTIVE
SUB-CON-00511,Stephanie,Evans,daniel28@example.org,837.821.8856,94144,CONSUMER,PREMIUM,2025-11-23,2720.27,0.23,6,ACTIVE
SUB-CON-00512,Mark,Miller,cindyfry@example.net,250-766-6267,94145,CONSUMER,PREMIUM,2024-03-23,3652.2,0.17,10,ACTIVE
SUB-CON-00513,David,Young,zreilly@example.net,466.734.3925,94135,CONSUMER,PREMIUM,2024-04-12,1654.06,0.19,10,SUSPENDED
SUB-CON-00514,Melissa,Garcia,hoganalan@example.net,(371)220-0720x24559,94148,CONSUMER,STANDARD,2022-06-25,3108.04,0.11,10,ACTIVE
SUB-CON-00515,Patricia,Rivera,davieschristopher@example.org,+1-303-626-7149x498,94116,CONSUMER,PREMIUM,2022-04-03,1755.57,0.38,7,SUSPENDED
SUB-CON-00516,Calvin,Obrien,eric81@example.com,+1-634-806-5277x584,94108,CONSUMER,BUDGET,2024-08-18,341.7,0.31,6,ACTIVE
SUB-CON-00517,Lindsay,Young,elizabeth33@example.com,(920)410-9121,94185,CONSUMER,BUDGET,2022-05-06,2597.28,0.29,7,ACTIVE
SUB-CON-00518,Jennifer,Campbell,gwendolyn93@example.net,566.718.9437x0526,94198,CONSUMER,PREMIUM,2021-08-21,4018.9,0.09,6,SUSPENDED
SUB-CON-00519,Brandon,Randall,perry77@example.net,(357)925-6592x0246,94196,CONSUMER,STANDARD,2023-12-03,4627.4,0.07,7,ACTIVE
SUB-CON-00520,Eddie,Henson,williamsimpson@example.com,726.200.5595,94104,CONSUMER,PREMIUM,2021-12-18,549.83,0.32,9,ACTIVE
SUB-CON-00521,Timothy,Holloway,jasoncook@example.net,001-684-986-8999x3607,94122,CONSUMER,STANDARD,2021-06-15,716.77,0.21,6,ACTIVE
SUB-CON-00522,Justin,Smith,wellsnatalie@example.com,+1-693-859-3744x039,94125,CONSUMER,STANDARD,2023-05-02,2557.29,0.29,6,ACTIVE
SUB-CON-00523,Adam,Perez,stephaniecole@example.com,6602148860,94194,CONSUMER,BUDGET,2025-04-19,2283.5,0.23,6,ACTIVE
SUB-CON-00524,Vanessa,Lewis,kimberly36@example.net,001-452-683-0615x3701,94174,CONSUMER,BUDGET,2022-07-07,3219.76,0.28,6,ACTIVE
SUB-CON-00525,Diane,Powers,bmartin@example.org,001-525-314-4881x1210,94117,CONSUMER,BUDGET,2023-05-17,1925.89,0.19,9,ACTIVE
SUB-CON-00526,Tammy,Wilson,gmorgan@example.net,581.679.4151x526,94143,CONSUMER,BUDGET,2021-03-25,3475.33,0.39,10,SUSPENDED
SUB-CON-00527,Rhonda,Oliver,gayfrancis@example.com,(888)337-5056,94124,CONSUMER,BUDGET,2025-06-08,2937.78,0.22,7,ACTIVE
SUB-CON-00528,Kimberly,Powell,jameswalsh@example.net,001-513-278-7655x3007,94179,CONSUMER,PREMIUM,2025-12-06,4296.42,0.33,8,SUSPENDED
SUB-CON-00529,Michael,Huerta,deborah60@example.com,712.319.8819x277,94180,CONSUMER,STANDARD,2021-05-08,4395.09,0.25,6,ACTIVE
SUB-CON-00530,Kristi,Little,larryshort@example.com,7108424624,94112,CONSUMER,BUDGET,2021-09-16,2593.82,0.07,9,ACTIVE
SUB-CON-00531,Theresa,Cox,tparker@example.com,3047521289,94102,CONSUMER,BUDGET,2022-01-15,4142.37,0.15,7,SUSPENDED
SUB-CON-00532,Cody,Baker,lucas12@example.net,391.630.4488,94190,CONSUMER,STANDARD,2025-10-10,526.17,0.36,7,ACTIVE
SUB-CON-00533,Diane,Garcia,cgoodwin@example.com,(715)840-2119x01707,94168,CONSUMER,PREMIUM,2025-09-07,1358.71,0.23,9,ACTIVE
SUB-CON-00534,Daniel,Moore,christopherjackson@example.net,001-810-273-2283,94151,CONSUMER,PREMIUM,2025-07-10,471.91,0.29,5,SUSPENDED
SUB-CON-00535,Nancy,Ray,travisyoung@example.com,896.638.4526,94133,CONSUMER,PREMIUM,2023-05-14,343.89,0.17,7,ACTIVE
SUB-CON-00536,John,Chase,mannjonathan@example.net,401.269.3429x2913,94142,CONSUMER,BUDGET,2023-01-15,868.59,0.24,10,ACTIVE
SUB-CON-00537,Whitney,Mcgee,suttondean@example.org,419-403-1061x537,94196,CONSUMER,PREMIUM,2022-02-14,4579.13,0.07,8,ACTIVE
SUB-CON-00538,Misty,Nguyen,hgray@example.net,873-223-6533x774,94172,CONSUMER,PREMIUM,2023-03-22,3574.84,0.32,5,ACTIVE
SUB-CON-00539,Aaron,Ford,harringtonmartha@example.net,284.936.1424x426,94109,CONSUMER,STANDARD,2025-07-31,3071.11,0.26,5,SUSPENDED
SUB-CON-00540,Cameron,Gibson,dawn73@example.net,876-542-7372x037,94116,CONSUMER,STANDARD,2025-10-08,3671.98,0.09,8,ACTIVE
SUB-CON-00541,William,Villa,adamsnathan@example.com,001-614-584-6019x134,94183,CONSUMER,STANDARD,2025-10-21,2271.27,0.16,6,ACTIVE
SUB-CON-00542,Melissa,Andrews,courtneymadden@example.org,(505)486-9507,94107,CONSUMER,BUDGET,2021-12-30,3913.34,0.33,9,SUSPENDED
SUB-CON-00543,Jessica,Le,zking@example.com,001-936-599-9516,94187,CONSUMER,PREMIUM,2023-02-27,3742.03,0.24,5,SUSPENDED
SUB-CON-00544,Mark,Hodge,thomas38@example.com,936.880.1192x3603,94198,CONSUMER,STANDARD,2025-08-17,3538.11,0.2,8,ACTIVE
SUB-CON-00545,Wendy,Jones,ohiggins@example.net,335.610.4096,94114,CONSUMER,STANDARD,2024-11-25,766.36,0.27,7,ACTIVE
SUB-CON-00546,Patricia,Davis,cheryldavis@example.com,+1-783-307-4820x736,94124,CONSUMER,STANDARD,2021-10-30,2295.32,0.07,6,ACTIVE
SUB-CON-00547,William,Perez,aaron55@example.com,+1-420-519-0432,94175,CONSUMER,BUDGET,2021-06-17,1290.2,0.31,9,ACTIVE
SUB-CON-00548,Jessica,Gonzalez,jamesphillips@example.org,+1-973-892-0135x46212,94101,CONSUMER,PREMIUM,2021-02-20,1399.63,0.07,5,ACTIVE
SUB-CON-00549,George,Johnson,gabrielleorozco@example.org,423-612-6163,94156,CONSUMER,BUDGET,2025-07-02,1556.46,0.16,9,ACTIVE
SUB-CON-00550,Jennifer,Stephenson,olivia29@example.net,+1-593-876-2974x54930,94137,CONSUMER,BUDGET,2023-08-04,3109.39,0.22,5,ACTIVE
SUB-CON-00551,Nicholas,Nichols,baxterdarrell@example.net,(403)281-8769,94109,CONSUMER,STANDARD,2025-06-25,4704.18,0.12,10,ACTIVE
SUB-CON-00552,Hector,Liu,johnwilliams@example.net,+1-313-688-1588,94128,CONSUMER,STANDARD,2023-04-19,3623.04,0.38,9,ACTIVE
SUB-CON-00553,Martin,Taylor,bradleyhenry@example.org,(331)782-9716,94183,CONSUMER,BUDGET,2024-12-29,2728.85,0.14,10,ACTIVE
SUB-CON-00554,Franklin,Hill,anthony00@example.net,001-900-715-2911x371,94106,CONSUMER,STANDARD,2021-07-24,4522.04,0.3,9,SUSPENDED
SUB-CON-00555,Kristin,Goodman,ballvanessa@example.com,(918)644-4218x2998,94135,CONSUMER,BUDGET,2025-04-02,1177.06,0.1,9,ACTIVE
SUB-CON-00556,Alexa,Tate,gregoryhines@example.net,+1-205-267-0867x009,94139,CONSUMER,PREMIUM,2023-04-19,2854.24,0.09,10,ACTIVE
SUB-CON-00557,Nina,Gray,christopher84@example.net,(566)791-3624,94104,CONSUMER,BUDGET,2024-03-21,3552.04,0.28,8,ACTIVE
SUB-CON-00558,Donna,Diaz,kristenbennett@example.org,+1-907-706-3369,94102,CONSUMER,STANDARD,2021-03-21,4214.36,0.14,9,SUSPENDED
SUB-CON-00559,Kelsey,Osborne,davidbrown@example.org,664-481-8804,94138,CONSUMER,BUDGET,2025-09-24,486.66,0.35,8,SUSPENDED
SUB-CON-00560,Stacy,Jimenez,zacharygray@example.org,616.843.2126x94289,94102,CONSUMER,STANDARD,2023-08-10,2046.38,0.07,6,SUSPENDED
SUB-CON-00561,Eric,Sanchez,iavila@example.com,001-486-731-4417x0646,94123,CONSUMER,PREMIUM,2024-04-02,2269.21,0.07,7,ACTIVE
SUB-CON-00562,Katherine,Cline,lopezkristina@example.net,+1-655-282-4301x76464,94169,CONSUMER,STANDARD,2022-12-30,4698.67,0.37,7,ACTIVE
SUB-CON-00563,Jessica,Richardson,mariahill@example.net,(579)505-0404,94196,CONSUMER,PREMIUM,2022-11-30,1239.41,0.06,10,SUSPENDED
SUB-CON-00564,Jason,Hubbard,james84@example.net,216-532-1119x78718,94154,CONSUMER,PREMIUM,2023-02-16,4657.12,0.31,5,SUSPENDED
SUB-CON-00565,Brittney,Mccoy,travistaylor@example.net,830-260-1198x75617,94192,CONSUMER,PREMIUM,2021-03-02,1579.61,0.4,9,SUSPENDED
SUB-CON-00566,Rhonda,Clark,osbornanthony@example.org,661-382-9803x65774,94154,CONSUMER,PREMIUM,2024-08-10,3652.26,0.32,7,ACTIVE
SUB-CON-00567,Sabrina,Khan,peterlynch@example.com,(601)349-1189,94148,CONSUMER,STANDARD,2025-08-30,3779.04,0.37,6,ACTIVE
SUB-CON-00568,Kelly,Hall,bcooper@example.net,(463)322-3998,94135,CONSUMER,PREMIUM,2023-02-13,4764.64,0.08,6,ACTIVE
SUB-CON-00569,Shannon,Rogers,qjones@example.org,001-842-888-6050x537,94143,CONSUMER,PREMIUM,2024-10-11,2094.09,0.27,7,ACTIVE
SUB-CON-00570,Tammy,Manning,wilsondavid@example.org,3302835669,94184,CONSUMER,STANDARD,2024-05-12,3955.65,0.33,9,ACTIVE
SUB-CON-00571,Eric,Bryant,shelby31@example.org,001-934-855-0688x26917,94115,CONSUMER,STANDARD,2025-11-07,2928.52,0.16,7,ACTIVE
SUB-CON-00572,Dawn,Thomas,traceyguerra@example.com,001-901-434-8087x3543,94156,CONSUMER,STANDARD,2024-07-16,282.88,0.05,5,ACTIVE
SUB-CON-00573,Brandon,Hall,christina10@example.org,+1-457-209-0859x91449,94161,CONSUMER,PREMIUM,2024-12-05,4252.76,0.13,5,ACTIVE
SUB-CON-00574,Victoria,Aguilar,richardharper@example.net,+1-669-496-4899x718,94135,CONSUMER,PREMIUM,2025-08-18,2846.95,0.38,8,ACTIVE
SUB-CON-00575,Kristen,Riley,dylancunningham@example.com,4845993231,94133,CONSUMER,STANDARD,2023-07-31,1445.8,0.22,6,ACTIVE
SUB-CON-00576,Kimberly,Parsons,jpowell@example.org,(690)587-2617x60723,94118,CONSUMER,PREMIUM,2025-07-01,3348.7,0.13,10,ACTIVE
SUB-CON-00577,Catherine,Nguyen,debra82@example.net,+1-804-705-6129,94123,CONSUMER,PREMIUM,2021-05-01,2632.25,0.2,7,ACTIVE
SUB-CON-00578,Andrea,Sweeney,richardhines@example.net,+1-926-841-8696x56130,94170,CONSUMER,PREMIUM,2021-11-29,1294.17,0.38,7,ACTIVE
SUB-CON-00579,Emily,Jennings,katieaguirre@example.com,001-551-643-4682,94102,CONSUMER,PREMIUM,2025-05-28,4255.67,0.35,9,ACTIVE
SUB-CON-00580,Joseph,Nolan,wallfrank@example.org,3088696610,94176,CONSUMER,BUDGET,2025-05-12,1878.7,0.08,8,ACTIVE
SUB-CON-00581,James,Miller,lisarogers@example.org,3167809414,94165,CONSUMER,BUDGET,2021-07-15,1337.5,0.16,7,SUSPENDED
SUB-CON-00582,Shawn,Ayala,monicaavery@example.net,(420)253-4407x77946,94109,CONSUMER,PREMIUM,2024-11-23,2247.08,0.15,5,ACTIVE
SUB-CON-00583,Nicole,Barber,mpowers@example.org,(608)217-7602x991,94177,CONSUMER,STANDARD,2024-06-15,1807.93,0.19,10,ACTIVE
SUB-CON-00584,Sharon,Leonard,carlos33@example.org,331.925.5235x617,94160,CONSUMER,STANDARD,2021-03-02,3185.2,0.11,5,ACTIVE
SUB-CON-00585,Jamie,Ferrell,erikamiller@example.org,9619363852,94119,CONSUMER,PREMIUM,2025-09-20,322.57,0.26,7,ACTIVE
SUB-CON-00586,Ashley,Cooper,leeseth@example.net,+1-244-449-0295,94127,CONSUMER,STANDARD,2024-06-10,4187.49,0.06,10,ACTIVE
SUB-CON-00587,Kelly,Williams,reynoldsjustin@example.org,473.941.6781,94148,CONSUMER,PREMIUM,2025-04-29,576.54,0.08,6,SUSPENDED
SUB-CON-00588,Elizabeth,Jackson,charlesflowers@example.net,879-482-1348,94168,CONSUMER,PREMIUM,2025-12-11,781.96,0.36,5,SUSPENDED
SUB-CON-00589,Amy,Navarro,rmueller@example.net,236.738.3182x856,94184,CONSUMER,PREMIUM,2023-01-09,2697.61,0.16,6,ACTIVE
SUB-CON-00590,Ashley,Cole,vasquezjacqueline@example.net,001-266-717-7067x3682,94131,CONSUMER,STANDARD,2021-02-03,1366.75,0.32,7,ACTIVE
SUB-CON-00591,Nicholas,Thomas,henrysoto@example.com,+1-321-465-0587x14692,94158,CONSUMER,STANDARD,2021-09-11,3791.3,0.09,6,SUSPENDED
SUB-CON-00592,Tina,Taylor,wnovak@example.net,6892843699,94193,CONSUMER,STANDARD,2022-06-03,1937.03,0.17,9,ACTIVE
SUB-CON-00593,David,Sellers,lauren93@example.net,+1-769-348-4249,94146,CONSUMER,PREMIUM,2021-10-16,2523.94,0.13,8,ACTIVE
SUB-CON-00594,Justin,Hayes,wrivers@example.org,001-471-252-3867x673,94172,CONSUMER,BUDGET,2024-12-02,4643.44,0.14,8,ACTIVE
SUB-CON-00595,Joshua,Deleon,ballelizabeth@example.com,498.776.8299x6872,94177,CONSUMER,STANDARD,2025-06-19,4020.11,0.17,5,ACTIVE
SUB-CON-00596,Barbara,Snyder,gibbsamanda@example.net,906.223.5040x56695,94152,CONSUMER,STANDARD,2021-05-03,2624.12,0.1,8,ACTIVE
SUB-CON-00597,Emily,Jackson,kimberlycooper@example.com,642-486-7963x259,94123,CONSUMER,STANDARD,2023-03-05,274.46,0.09,7,SUSPENDED
SUB-CON-00598,Cynthia,Anderson,kristine33@example.net,001-715-962-4152,94195,CONSUMER,BUDGET,2022-08-03,806.71,0.06,8,ACTIVE
SUB-CON-00599,Robin,Cooper,tanyajackson@example.net,335.889.5138,94188,CONSUMER,BUDGET,2024-03-20,4951.68,0.1,9,SUSPENDED
SUB-CON-00600,Michael,Lynn,ystone@example.net,309-357-4430x34918,94154,CONSUMER,STANDARD,2025-03-03,811.77,0.29,6,ACTIVE
SUB-CON-00601,Carol,Martin,adriennebush@example.net,740.615.3641,94115,CONSUMER,STANDARD,2024-12-07,4507.65,0.36,9,ACTIVE
SUB-CON-00602,Daniel,Carey,danieldaniel@example.com,+1-636-478-1367x500,94192,CONSUMER,BUDGET,2022-01-01,554.01,0.37,8,SUSPENDED
SUB-CON-00603,Justin,Carrillo,johnsonmichael@example.com,(698)719-8780x9270,94180,CONSUMER,STANDARD,2022-03-07,3755.35,0.2,8,ACTIVE
SUB-CON-00604,Jimmy,Palmer,richard25@example.net,001-466-905-9867x87442,94193,CONSUMER,BUDGET,2023-12-13,3673.8,0.26,9,ACTIVE
SUB-CON-00605,William,Bird,amber59@example.com,(759)242-8249x116,94119,CONSUMER,BUDGET,2022-03-26,3049.06,0.18,10,SUSPENDED
SUB-CON-00606,Sarah,Smith,williamslaurie@example.com,+1-739-731-3215x5130,94148,CONSUMER,STANDARD,2025-02-28,2305.22,0.23,9,ACTIVE
SUB-CON-00607,Arthur,Harris,lpeters@example.net,944-448-8966,94198,CONSUMER,BUDGET,2025-04-29,1314.87,0.22,5,SUSPENDED
SUB-CON-00608,Sylvia,Vaughn,rodneynolan@example.com,001-546-420-2582x5431,94136,CONSUMER,STANDARD,2025-09-12,2043.53,0.32,6,ACTIVE
SUB-CON-00609,Lindsey,Rodriguez,jamesbrown@example.org,+1-820-649-1060x183,94194,CONSUMER,PREMIUM,2025-03-28,1211.27,0.23,9,ACTIVE
SUB-CON-00610,Ethan,Robbins,icooper@example.org,001-676-981-7225x77545,94112,CONSUMER,STANDARD,2022-03-25,1567.0,0.09,7,SUSPENDED
SUB-CON-00611,Nicholas,Huffman,nguyenchristine@example.net,001-376-983-1608x27172,94156,CONSUMER,BUDGET,2022-11-27,4449.68,0.15,7,ACTIVE
SUB-CON-00612,James,Cobb,sararios@example.org,8524229993,94129,CONSUMER,PREMIUM,2021-12-07,1537.42,0.08,9,ACTIVE
SUB-CON-00613,Jessica,Lloyd,bowmanjoel@example.net,(732)655-3983,94103,CONSUMER,PREMIUM,2023-05-06,4532.2,0.39,9,ACTIVE
SUB-CON-00614,Robert,Burns,fmclaughlin@example.org,(964)330-9544,94100,CONSUMER,STANDARD,2022-08-11,4196.02,0.06,6,ACTIVE
SUB-CON-00615,Patricia,Munoz,ksmith@example.org,912.705.3978x713,94173,CONSUMER,STANDARD,2022-04-02,3714.03,0.23,8,ACTIVE
SUB-CON-00616,Bethany,Grant,davidjohnson@example.net,001-912-956-0832x00487,94114,CONSUMER,PREMIUM,2024-01-18,3590.35,0.35,8,SUSPENDED
SUB-CON-00617,Frances,Steele,elizabeth52@example.org,+1-786-300-3044x3619,94163,CONSUMER,STANDARD,2024-12-27,616.95,0.1,7,ACTIVE
SUB-CON-00618,Carl,Conley,stephaniewiggins@example.net,602-592-9501,94145,CONSUMER,BUDGET,2025-02-20,3772.53,0.13,5,ACTIVE
SUB-CON-00619,Joshua,Parrish,brianmorrow@example.org,001-367-413-9719,94120,CONSUMER,PREMIUM,2024-06-16,1809.62,0.21,10,ACTIVE
SUB-CON-00620,Brandon,Hernandez,darrellmoore@example.net,001-876-372-0191x116,94190,CONSUMER,PREMIUM,2022-03-06,1711.09,0.37,8,ACTIVE
SUB-CON-00621,Robin,Williams,griffinjennifer@example.net,001-787-533-9304x9366,94190,CONSUMER,PREMIUM,2025-08-20,1724.13,0.34,10,ACTIVE
SUB-CON-00622,Alexander,White,kimberly12@example.com,(711)240-8682,94181,CONSUMER,PREMIUM,2025-12-23,238.26,0.1,8,ACTIVE
SUB-CON-00623,Elizabeth,Hendrix,caitlynbennett@example.org,001-735-456-1039,94186,CONSUMER,BUDGET,2026-01-14,1473.37,0.1,6,SUSPENDED
SUB-CON-00624,Tyler,Smith,perezshawn@example.org,236-658-5856x423,94136,CONSUMER,BUDGET,2021-09-17,1153.15,0.36,9,ACTIVE
SUB-CON-00625,Pamela,Osborne,thomastimothy@example.org,(215)992-7387x40299,94100,CONSUMER,STANDARD,2021-10-20,522.85,0.25,6,ACTIVE
SUB-CON-00626,Ryan,Atkins,gutierrezdavid@example.com,715.854.2034x03010,94104,CONSUMER,STANDARD,2025-04-19,3502.31,0.26,10,ACTIVE
SUB-CON-00627,Anne,Tate,yrichardson@example.com,+1-915-379-5546x234,94181,CONSUMER,STANDARD,2022-03-29,2524.32,0.28,6,ACTIVE
SUB-CON-00628,Mary,King,csmith@example.net,5183103068,94129,CONSUMER,STANDARD,2024-11-24,3406.28,0.22,10,SUSPENDED
SUB-CON-00629,Raymond,Hines,burnsrodney@example.org,+1-208-315-7129,94176,CONSUMER,STANDARD,2023-12-28,2808.38,0.15,6,ACTIVE
SUB-CON-00630,Janet,Ford,williamortiz@example.org,607.935.1045,94196,CONSUMER,STANDARD,2023-08-18,2214.05,0.21,6,SUSPENDED
SUB-CON-00631,James,Morales,padillaangel@example.net,(325)288-5766x94703,94114,CONSUMER,BUDGET,2023-11-30,2430.73,0.16,5,ACTIVE
SUB-CON-00632,James,Lambert,catherinemoore@example.com,966-262-1591x832,94189,CONSUMER,STANDARD,2021-05-07,3583.13,0.32,8,SUSPENDED
SUB-CON-00633,Brian,Adams,tcoleman@example.com,+1-290-611-0797x7140,94176,CONSUMER,STANDARD,2026-01-21,3498.67,0.06,7,ACTIVE
SUB-CON-00634,Joel,Tate,hooveranna@example.net,001-249-605-3152x049,94152,CONSUMER,BUDGET,2025-04-20,2898.84,0.16,10,ACTIVE
SUB-CON-00635,Sarah,Foster,pfowler@example.org,679.371.6698,94152,CONSUMER,STANDARD,2024-07-27,4083.35,0.2,7,ACTIVE
SUB-CON-00636,Rebecca,Moses,javiermitchell@example.org,679.343.3256x2389,94134,CONSUMER,STANDARD,2024-11-13,3695.3,0.17,5,ACTIVE
SUB-CON-00637,Lindsay,Jones,frederick62@example.org,870.287.8211,94157,CONSUMER,STANDARD,2022-06-04,1262.29,0.36,9,ACTIVE
SUB-CON-00638,Donna,Hopkins,cody81@example.org,(299)689-8972x117,94199,CONSUMER,PREMIUM,2025-05-25,729.51,0.39,9,ACTIVE
SUB-CON-00639,Anthony,Hoover,wallersarah@example.com,782-921-7588x3978,94116,CONSUMER,PREMIUM,2021-03-04,2790.88,0.38,5,SUSPENDED
SUB-CON-00640,Amber,Brown,greenbrandon@example.com,971-623-6914x96112,94111,CONSUMER,PREMIUM,2022-06-25,1799.78,0.17,9,ACTIVE
SUB-CON-00641,Carol,Henderson,stevengoodwin@example.net,+1-770-840-9531x41961,94183,CONSUMER,BUDGET,2021-06-13,2689.52,0.18,6,ACTIVE
SUB-CON-00642,Troy,Arnold,gregorymitchell@example.net,+1-883-456-5179,94168,CONSUMER,STANDARD,2023-07-26,4326.67,0.13,6,ACTIVE
SUB-CON-00643,Danielle,Dyer,smiles@example.net,(368)934-9604x7842,94142,CONSUMER,STANDARD,2021-03-05,1234.95,0.31,5,ACTIVE
SUB-CON-00644,Eric,Morgan,wthomas@example.net,001-536-248-8208x93486,94102,CONSUMER,PREMIUM,2024-10-13,692.1,0.19,8,ACTIVE
SUB-CON-00645,Derrick,Green,whernandez@example.net,399.516.0911x413,94120,CONSUMER,STANDARD,2024-02-13,1647.04,0.13,10,ACTIVE
SUB-CON-00646,Donna,Benitez,yolandamarks@example.net,(313)837-6052x30458,94104,CONSUMER,STANDARD,2023-11-26,3799.59,0.33,8,SUSPENDED
SUB-CON-00647,Kimberly,Graves,michaelblanchard@example.com,824.819.1650x3440,94116,CONSUMER,PREMIUM,2021-08-12,4407.78,0.35,5,ACTIVE
SUB-CON-00648,Theodore,Yang,bartondavid@example.com,+1-389-680-8806x782,94164,CONSUMER,PREMIUM,2021-10-02,3576.75,0.31,5,ACTIVE
SUB-CON-00649,Scott,Gutierrez,cobbmary@example.net,(566)848-6989,94195,CONSUMER,PREMIUM,2025-10-01,3103.38,0.1,10,SUSPENDED
SUB-CON-00650,Scott,Conrad,sbradley@example.org,759-545-0119x29207,94124,CONSUMER,PREMIUM,2024-04-27,4324.65,0.32,8,ACTIVE
SUB-CON-00651,Pamela,Williams,joneschristian@example.net,001-303-698-8636x5362,94138,CONSUMER,STANDARD,2023-11-11,2402.75,0.08,10,SUSPENDED
SUB-CON-00652,Nathan,Brown,bsmith@example.net,+1-694-824-8942x0466,94148,CONSUMER,STANDARD,2024-09-29,2261.77,0.13,8,ACTIVE
SUB-CON-00653,Tyler,Williams,abaker@example.com,265-877-5809x74533,94161,CONSUMER,STANDARD,2022-03-10,4556.8,0.24,6,SUSPENDED
SUB-CON-00654,John,Casey,lauren62@example.net,(765)540-1659,94102,CONSUMER,STANDARD,2021-07-13,3692.28,0.38,9,ACTIVE
SUB-CON-00655,Albert,Frederick,lmartin@example.org,(824)427-6774,94157,CONSUMER,BUDGET,2023-10-06,2973.82,0.06,6,SUSPENDED
SUB-CON-00656,Christina,Price,millerjuan@example.org,258-348-8600,94147,CONSUMER,STANDARD,2025-02-10,2903.14,0.27,7,ACTIVE
SUB-CON-00657,Brianna,Hendrix,jdawson@example.org,912.499.5704,94180,CONSUMER,BUDGET,2024-07-20,657.87,0.11,8,ACTIVE
SUB-CON-00658,Laura,Farrell,ujones@example.org,(803)784-3753,94110,CONSUMER,BUDGET,2024-05-10,2135.34,0.34,9,ACTIVE
SUB-CON-00659,Michelle,Patel,ospencer@example.org,(748)624-2183x854,94107,CONSUMER,STANDARD,2021-06-23,1409.71,0.16,7,ACTIVE
SUB-CON-00660,Anthony,Blackburn,kevin54@example.net,952.331.1232x748,94104,CONSUMER,STANDARD,2024-11-28,3507.19,0.26,5,ACTIVE
SUB-CON-00661,Samuel,Ayala,johncarter@example.net,+1-227-320-3886x21750,94188,CONSUMER,BUDGET,2024-05-14,3824.18,0.33,9,SUSPENDED
SUB-CON-00662,Suzanne,Serrano,mark30@example.com,+1-235-288-2493x534,94140,CONSUMER,PREMIUM,2021-12-16,1331.55,0.21,8,ACTIVE
SUB-CON-00663,Xavier,Espinoza,galexander@example.com,516.752.4445x44608,94113,CONSUMER,STANDARD,2021-08-20,3556.43,0.18,5,ACTIVE
SUB-CON-00664,Thomas,Harvey,jbush@example.org,6538912878,94166,CONSUMER,PREMIUM,2025-11-27,783.09,0.12,5,ACTIVE
SUB-CON-00665,Beth,Mcneil,nicoleduran@example.net,9454792714,94154,CONSUMER,STANDARD,2023-03-27,1019.47,0.33,8,ACTIVE
SUB-CON-00666,Nicholas,Johnson,hensleyvalerie@example.net,001-564-524-2383x9728,94195,CONSUMER,PREMIUM,2025-11-27,2207.11,0.05,5,SUSPENDED
SUB-CON-00667,Laura,Hernandez,gallowaydonna@example.com,5624932880,94137,CONSUMER,PREMIUM,2022-04-25,4625.46,0.29,9,ACTIVE
SUB-CON-00668,David,Velasquez,lopezgregory@example.org,2189676610,94178,CONSUMER,STANDARD,2024-05-11,2906.29,0.11,7,ACTIVE
SUB-CON-00669,David,Kelley,jaime61@example.com,2389453198,94178,CONSUMER,PREMIUM,2023-06-05,1982.02,0.26,8,SUSPENDED
SUB-CON-00670,Robert,Potter,jamesparker@example.net,810-903-0762x05459,94126,CONSUMER,STANDARD,2021-09-16,4649.98,0.3,6,ACTIVE
SUB-CON-00671,Mark,Leach,grahamteresa@example.net,(264)911-0654x1134,94167,CONSUMER,PREMIUM,2025-09-06,4181.16,0.05,8,ACTIVE
SUB-CON-00672,Mario,Ross,kelsey70@example.net,+1-805-883-6683x482,94119,CONSUMER,STANDARD,2022-06-06,521.83,0.39,7,ACTIVE
SUB-CON-00673,Paul,Stevens,riceamber@example.net,+1-789-217-8791,94125,CONSUMER,PREMIUM,2024-03-25,650.47,0.21,5,ACTIVE
SUB-CON-00674,Leah,Patterson,shawn19@example.com,(409)832-0126x5789,94179,CONSUMER,STANDARD,2021-03-14,3053.38,0.07,10,ACTIVE
SUB-CON-00675,Kevin,Miller,juareztina@example.net,(621)375-5851x777,94144,CONSUMER,PREMIUM,2022-04-01,267.82,0.12,7,SUSPENDED
SUB-CON-00676,Tracy,Cruz,kristendavis@example.net,+1-482-941-9962x6422,94174,CONSUMER,PREMIUM,2023-12-02,1667.6,0.27,8,ACTIVE
SUB-CON-00677,William,Jones,shepherdnicole@example.com,001-454-221-8545x7056,94171,CONSUMER,PREMIUM,2025-12-28,3279.68,0.12,9,ACTIVE
SUB-CON-00678,Donald,Richard,tyler09@example.org,001-601-963-5640x7232,94113,CONSUMER,PREMIUM,2022-08-02,1238.92,0.11,9,ACTIVE
SUB-CON-00679,Wesley,Calhoun,paige40@example.org,378-482-2473,94116,CONSUMER,PREMIUM,2024-08-23,3019.12,0.32,7,ACTIVE
SUB-CON-00680,Charles,David,adam10@example.com,+1-901-319-5092,94194,CONSUMER,PREMIUM,2021-10-22,3408.79,0.22,6,ACTIVE
SUB-CON-00681,Leslie,Simmons,manningjeremy@example.com,7922300716,94129,CONSUMER,BUDGET,2021-02-11,638.42,0.33,6,ACTIVE
SUB-CON-00682,Susan,Scott,wileyaudrey@example.com,+1-554-832-9876,94121,CONSUMER,STANDARD,2024-01-03,4398.15,0.16,5,ACTIVE
SUB-CON-00683,David,Scott,amiranda@example.net,598-327-3481,94165,CONSUMER,STANDARD,2021-05-18,2241.95,0.22,7,ACTIVE
SUB-CON-00684,Jonathan,Williams,kim96@example.org,+1-221-874-3574x83526,94130,CONSUMER,PREMIUM,2023-05-26,2087.58,0.32,10,SUSPENDED
SUB-CON-00685,Tiffany,Graham,lwest@example.net,744.588.3842,94145,CONSUMER,STANDARD,2024-04-30,4225.52,0.16,5,ACTIVE
SUB-CON-00686,Samantha,Salinas,richard28@example.org,750-877-4065x79551,94121,CONSUMER,PREMIUM,2022-06-07,4201.3,0.3,8,SUSPENDED
SUB-CON-00687,Jamie,White,wheeleramber@example.com,001-851-307-4091x31117,94162,CONSUMER,PREMIUM,2021-03-28,3987.03,0.29,9,SUSPENDED
SUB-CON-00688,Douglas,Trujillo,dfleming@example.net,001-222-306-9535x412,94183,CONSUMER,STANDARD,2022-03-24,1054.46,0.35,8,ACTIVE
SUB-CON-00689,Ian,Santana,monica00@example.org,(201)951-5325x94795,94193,CONSUMER,STANDARD,2023-06-24,1226.14,0.25,6,SUSPENDED
SUB-CON-00690,Bradley,Davenport,hubbardjanet@example.org,898.605.9503x100,94147,CONSUMER,BUDGET,2022-11-30,4679.32,0.4,6,SUSPENDED
SUB-CON-00691,Tara,Mejia,harrisphyllis@example.org,6453203608,94146,CONSUMER,PREMIUM,2021-09-08,1135.47,0.26,7,ACTIVE
SUB-CON-00692,Amy,Sims,mosesveronica@example.com,+1-792-885-5359x520,94147,CONSUMER,STANDARD,2021-09-04,2613.41,0.05,7,ACTIVE
SUB-CON-00693,Arthur,Russell,khudson@example.org,+1-206-596-8018x6774,94182,CONSUMER,STANDARD,2025-02-24,3280.04,0.19,10,ACTIVE
SUB-CON-00694,Vincent,Benson,jenniferhuber@example.net,894.949.5300,94135,CONSUMER,PREMIUM,2024-12-22,474.69,0.25,5,SUSPENDED
SUB-CON-00695,Nicholas,Charles,matthewsmith@example.org,+1-350-917-3654x2624,94177,CONSUMER,PREMIUM,2025-08-24,2381.51,0.11,10,ACTIVE
SUB-CON-00696,Jonathan,Perkins,dorisarmstrong@example.org,234.851.1009,94104,CONSUMER,STANDARD,2021-06-21,338.42,0.36,6,ACTIVE
SUB-CON-00697,Michael,Smith,pdixon@example.org,(211)666-7329,94116,CONSUMER,BUDGET,2023-12-03,2213.95,0.35,5,SUSPENDED
SUB-CON-00698,Susan,Mclean,kcook@example.net,+1-875-692-1299,94181,CONSUMER,PREMIUM,2022-07-02,499.16,0.08,9,ACTIVE
SUB-CON-00699,Randall,Hall,robertbrock@example.org,9279558214,94124,CONSUMER,PREMIUM,2021-04-14,3147.22,0.06,10,ACTIVE
SUB-CON-00700,Heather,Martinez,zwilson@example.com,(438)302-3621,94190,CONSUMER,BUDGET,2024-01-28,4547.48,0.26,7,ACTIVE
SUB-CON-00701,Rebecca,Warren,boydrenee@example.net,5597161186,94185,CONSUMER,STANDARD,2023-11-26,2198.62,0.28,5,ACTIVE
SUB-CON-00702,Andrea,Miller,ashley77@example.org,001-516-388-0053x789,94124,CONSUMER,PREMIUM,2025-09-24,908.07,0.14,6,SUSPENDED
SUB-CON-00703,Tiffany,Franklin,williamperkins@example.org,545.640.1822x72002,94105,CONSUMER,STANDARD,2025-08-22,3120.94,0.29,8,ACTIVE
SUB-CON-00704,David,House,derekdougherty@example.org,714-547-4328x116,94181,CONSUMER,PREMIUM,2021-02-28,4242.2,0.38,7,ACTIVE
SUB-CON-00705,Emily,Fitzgerald,andersoncynthia@example.org,523-222-7752x135,94171,CONSUMER,STANDARD,2022-03-09,765.03,0.21,10,ACTIVE
SUB-CON-00706,Wesley,Butler,russellrandy@example.org,+1-505-493-7775x69198,94172,CONSUMER,STANDARD,2021-09-05,623.18,0.37,6,ACTIVE
SUB-CON-00707,Gabriela,Pearson,perrynicole@example.net,001-617-546-9029x8310,94123,CONSUMER,STANDARD,2025-09-05,3037.51,0.39,6,ACTIVE
SUB-CON-00708,Lori,Jones,jmyers@example.net,831-767-0805,94127,CONSUMER,PREMIUM,2024-08-17,1997.74,0.08,10,ACTIVE
SUB-CON-00709,Mckenzie,Solomon,cfinley@example.com,262.619.8655,94139,CONSUMER,PREMIUM,2026-01-07,3283.12,0.37,6,ACTIVE
SUB-CON-00710,Justin,Hines,kevin07@example.com,(434)993-3965x0496,94139,CONSUMER,BUDGET,2022-09-09,2020.69,0.15,7,ACTIVE
SUB-CON-00711,David,Jackson,ryanflowers@example.org,224-936-2585x4218,94172,CONSUMER,STANDARD,2021-11-28,2187.12,0.34,7,ACTIVE
SUB-CON-00712,Jodi,Conrad,danielleramsey@example.net,599-464-3385,94122,CONSUMER,STANDARD,2023-06-22,1444.9,0.2,5,SUSPENDED
SUB-CON-00713,Stacey,Dickson,pamelaestrada@example.com,+1-333-734-3031,94145,CONSUMER,PREMIUM,2025-07-29,1945.34,0.32,9,SUSPENDED
SUB-CON-00714,Victor,Johnson,mitchell76@example.net,001-547-757-6945,94180,CONSUMER,PREMIUM,2023-02-12,4192.31,0.06,9,SUSPENDED
SUB-CON-00715,Samuel,Elliott,phillip98@example.com,763-242-1254,94119,CONSUMER,PREMIUM,2025-08-18,2929.81,0.4,8,ACTIVE
SUB-CON-00716,Heidi,Smith,sara94@example.net,852-869-2559,94182,CONSUMER,PREMIUM,2023-08-24,4022.1,0.12,10,ACTIVE
SUB-CON-00717,Megan,White,alexanderberg@example.com,(635)291-4261,94111,CONSUMER,PREMIUM,2023-04-30,3912.36,0.14,8,ACTIVE
SUB-CON-00718,Debra,Silva,lauramoore@example.com,545-943-0796,94104,CONSUMER,BUDGET,2022-12-31,2681.74,0.27,8,ACTIVE
SUB-CON-00719,Damon,Solomon,johnsondebbie@example.net,978-352-2115,94159,CONSUMER,PREMIUM,2025-10-24,1750.36,0.25,10,ACTIVE
SUB-CON-00720,Juan,Moore,lisa42@example.com,474.547.0173x20865,94141,CONSUMER,PREMIUM,2024-11-09,702.14,0.18,5,ACTIVE
SUB-CON-00721,Steven,Anderson,uross@example.com,437.901.4005,94153,CONSUMER,STANDARD,2025-08-23,1806.62,0.28,5,ACTIVE
SUB-CON-00722,Bryan,Pennington,mark80@example.org,9275221425,94145,CONSUMER,STANDARD,2022-02-04,981.18,0.24,5,SUSPENDED
SUB-CON-00723,Ronald,Munoz,tammyschwartz@example.org,001-736-481-7203x13695,94178,CONSUMER,STANDARD,2025-06-25,3049.16,0.29,10,SUSPENDED
SUB-CON-00724,Kimberly,Thompson,burkejacob@example.net,+1-973-552-5953x3222,94160,CONSUMER,BUDGET,2022-09-10,1412.36,0.18,7,SUSPENDED
SUB-CON-00725,Patricia,Morrison,aaroncox@example.com,001-935-832-3661x850,94186,CONSUMER,STANDARD,2021-11-08,1640.83,0.39,6,ACTIVE
SUB-CON-00726,Rebecca,Arnold,lwilliams@example.com,+1-471-882-3601x071,94153,CONSUMER,STANDARD,2021-12-03,3915.55,0.38,8,ACTIVE
SUB-CON-00727,Michael,Bruce,patriciagrant@example.net,+1-621-476-4846x7357,94120,CONSUMER,PREMIUM,2022-04-23,998.65,0.16,9,ACTIVE
SUB-CON-00728,Jason,Booker,tinahaas@example.org,(480)419-4425,94172,CONSUMER,BUDGET,2022-08-06,823.48,0.17,5,ACTIVE
SUB-CON-00729,Jessica,Gomez,bennettlori@example.net,935-606-3731x18046,94139,CONSUMER,BUDGET,2021-12-18,4047.15,0.21,6,SUSPENDED
SUB-CON-00730,Maria,Smith,jermaine84@example.org,+1-885-520-1362x6084,94100,CONSUMER,PREMIUM,2025-12-06,907.96,0.36,7,ACTIVE
SUB-CON-00731,Maria,Wells,paul54@example.com,3558491215,94110,CONSUMER,BUDGET,2023-05-09,1333.68,0.12,5,ACTIVE
SUB-CON-00732,Charles,Knight,mark40@example.net,+1-919-269-3957x87520,94119,CONSUMER,PREMIUM,2022-03-29,2865.67,0.32,5,SUSPENDED
SUB-CON-00733,Andrew,Jackson,elizabethjones@example.net,912.912.4139x3696,94120,CONSUMER,STANDARD,2024-07-12,679.58,0.24,8,ACTIVE
SUB-CON-00734,Benjamin,Friedman,klewis@example.com,973.819.2276x0759,94160,CONSUMER,PREMIUM,2024-01-27,2006.2,0.21,6,ACTIVE
SUB-CON-00735,John,Walsh,sheliacohen@example.net,001-743-419-1654x308,94149,CONSUMER,BUDGET,2023-01-22,1728.11,0.38,8,ACTIVE
SUB-CON-00736,David,Williams,willismichael@example.org,001-857-964-4974x70002,94136,CONSUMER,PREMIUM,2024-06-10,3705.79,0.2,8,ACTIVE
SUB-CON-00737,Kevin,Gardner,tcrawford@example.net,797.241.6365x604,94144,CONSUMER,STANDARD,2021-04-09,3415.41,0.39,5,ACTIVE
SUB-CON-00738,Richard,Gomez,thomasjohnson@example.net,(849)569-2771x1952,94177,CONSUMER,BUDGET,2023-10-22,3885.65,0.18,7,ACTIVE
SUB-CON-00739,Jamie,Neal,lball@example.com,(712)682-7636x431,94178,CONSUMER,PREMIUM,2025-07-15,3808.09,0.37,10,ACTIVE
SUB-CON-00740,Christine,Hansen,cheryl54@example.com,+1-863-545-4434x41491,94117,CONSUMER,STANDARD,2023-02-20,1102.26,0.12,8,ACTIVE
SUB-CON-00741,Martha,Duffy,joshua74@example.org,001-546-240-8822,94143,CONSUMER,STANDARD,2023-11-13,3339.42,0.2,7,ACTIVE
SUB-CON-00742,Vincent,Anderson,ncummings@example.net,+1-488-394-1321x09720,94149,CONSUMER,PREMIUM,2025-02-23,4142.12,0.06,8,ACTIVE
SUB-CON-00743,Kathleen,Mendoza,rachel85@example.org,665-857-9220x3004,94120,CONSUMER,STANDARD,2023-08-31,3475.23,0.34,8,ACTIVE
SUB-CON-00744,Patrick,Brown,ashleymorrow@example.org,001-551-721-3756x5896,94144,CONSUMER,PREMIUM,2026-01-11,3716.82,0.28,8,ACTIVE
SUB-CON-00745,Matthew,Byrd,jmaynard@example.com,599-631-4584,94120,CONSUMER,STANDARD,2023-11-10,817.95,0.23,10,SUSPENDED
SUB-CON-00746,Randy,Walker,walkeramber@example.com,5345236220,94101,CONSUMER,STANDARD,2023-09-18,3338.32,0.28,8,ACTIVE
SUB-CON-00747,Stephen,White,gclark@example.org,637-896-8680x0852,94138,CONSUMER,STANDARD,2026-01-11,1441.52,0.27,9,SUSPENDED
SUB-CON-00748,Susan,Hernandez,lucasteresa@example.com,717-243-0435x0238,94164,CONSUMER,STANDARD,2022-06-19,3948.82,0.3,9,ACTIVE
SUB-CON-00749,Fernando,Hansen,robert52@example.com,001-752-833-2829x30202,94114,CONSUMER,BUDGET,2025-12-15,4907.53,0.24,8,ACTIVE
SUB-CON-00750,Victoria,Lewis,halljeffrey@example.com,(777)711-6750x76279,94119,CONSUMER,BUDGET,2023-03-12,1818.16,0.38,9,ACTIVE
SUB-CON-00751,Rachel,Brown,darlene30@example.org,(539)684-7230,94125,CONSUMER,PREMIUM,2022-03-13,4101.61,0.3,8,SUSPENDED
SUB-CON-00752,Brandon,Fernandez,zjones@example.net,001-601-972-2240x5076,94106,CONSUMER,STANDARD,2021-12-09,1552.23,0.09,8,SUSPENDED
SUB-CON-00753,Marie,Alvarez,qmorris@example.com,599-924-0658,94146,CONSUMER,BUDGET,2022-05-21,4468.0,0.29,7,SUSPENDED
SUB-CON-00754,Kristina,Harrison,matthewbrennan@example.org,(625)690-9566,94143,CONSUMER,PREMIUM,2025-05-22,1621.49,0.34,9,ACTIVE
SUB-CON-00755,Jenny,Hernandez,toddburton@example.com,001-912-212-1101,94122,CONSUMER,STANDARD,2023-01-30,1913.05,0.06,7,ACTIVE
SUB-CON-00756,Heidi,Haas,vaguirre@example.net,4177074039,94181,CONSUMER,BUDGET,2021-12-15,3059.74,0.18,5,SUSPENDED
SUB-CON-00757,Briana,Harvey,heather29@example.com,001-917-412-2276x4338,94131,CONSUMER,BUDGET,2022-06-20,603.42,0.08,10,ACTIVE
SUB-CON-00758,Andrew,Vincent,drewbennett@example.com,+1-954-296-3308x33444,94181,CONSUMER,STANDARD,2023-09-01,2269.28,0.15,8,ACTIVE
SUB-CON-00759,Wayne,Stone,alexander70@example.org,5599685195,94193,CONSUMER,PREMIUM,2025-04-20,2931.53,0.06,7,ACTIVE
SUB-CON-00760,Jonathan,Miles,raywalters@example.org,(995)763-4277,94104,CONSUMER,BUDGET,2022-07-11,3124.9,0.3,5,SUSPENDED
SUB-CON-00761,Ernest,Howard,andresmiller@example.com,(681)329-2059x229,94165,CONSUMER,PREMIUM,2021-09-06,578.07,0.37,10,ACTIVE
SUB-CON-00762,Marcus,Hancock,jrobinson@example.net,259-863-6372x62942,94154,CONSUMER,STANDARD,2024-04-13,307.44,0.38,7,ACTIVE
SUB-CON-00763,Charles,Alvarado,lucasandrea@example.org,531.438.0049,94155,CONSUMER,BUDGET,2021-08-15,4009.5,0.25,7,ACTIVE
SUB-CON-00764,Lori,Miller,clintonpoole@example.org,(848)615-8268x687,94188,CONSUMER,BUDGET,2021-02-23,1996.33,0.22,8,ACTIVE
SUB-CON-00765,Dalton,Aguilar,jose80@example.com,542-700-6298x7787,94195,CONSUMER,PREMIUM,2025-07-04,3935.88,0.15,10,ACTIVE
SUB-CON-00766,Mark,Doyle,slittle@example.com,001-441-496-2342x1926,94177,CONSUMER,STANDARD,2021-09-18,4566.78,0.29,7,ACTIVE
SUB-CON-00767,James,Smith,williamsfrank@example.com,+1-931-947-8911,94152,CONSUMER,BUDGET,2022-05-19,289.85,0.2,6,ACTIVE
SUB-CON-00768,Marcia,Sullivan,barbara81@example.net,(883)818-0036,94134,CONSUMER,STANDARD,2021-04-03,3075.58,0.39,7,ACTIVE
SUB-CON-00769,Joan,Mcgee,brownmichael@example.org,001-428-653-8631x0505,94128,CONSUMER,BUDGET,2023-02-25,286.75,0.16,5,ACTIVE
SUB-CON-00770,Olivia,Nolan,mcconnellangela@example.org,(592)599-0076x86276,94193,CONSUMER,PREMIUM,2022-08-01,3124.72,0.21,8,ACTIVE
SUB-CON-00771,Megan,Haney,nicolemason@example.com,+1-333-576-1851x86267,94169,CONSUMER,STANDARD,2024-10-07,2482.89,0.25,7,ACTIVE
SUB-CON-00772,Andrea,Sanford,smithcharles@example.org,+1-382-933-9218x83527,94140,CONSUMER,STANDARD,2023-11-04,4148.62,0.1,10,SUSPENDED
SUB-CON-00773,Jeanette,Duran,sullivanpaula@example.com,(310)465-9208x8143,94126,CONSUMER,PREMIUM,2025-01-18,3549.08,0.29,7,SUSPENDED
SUB-CON-00774,Catherine,Huber,murraywesley@example.org,(496)898-3845x720,94104,CONSUMER,PREMIUM,2024-04-12,4291.0,0.39,10,SUSPENDED
SUB-CON-00775,Miguel,Ashley,wferguson@example.org,+1-459-712-5734x989,94171,CONSUMER,STANDARD,2023-11-07,598.84,0.31,9,ACTIVE
SUB-CON-00776,Jeffrey,Nelson,afuller@example.com,001-642-399-0747x2966,94138,CONSUMER,STANDARD,2024-10-19,3804.12,0.21,8,ACTIVE
SUB-CON-00777,Audrey,Sanders,hartangela@example.net,547.648.5994x641,94119,CONSUMER,PREMIUM,2022-01-12,3007.7,0.27,9,SUSPENDED
SUB-CON-00778,Robert,Sanchez,ostone@example.com,269.688.1649,94153,CONSUMER,BUDGET,2023-07-18,3806.66,0.15,10,SUSPENDED
SUB-CON-00779,Leslie,Sparks,elizabethrobertson@example.com,2528102627,94130,CONSUMER,STANDARD,2024-06-24,4621.65,0.1,9,ACTIVE
SUB-CON-00780,Kelly,Guzman,smithamy@example.com,+1-545-281-3088,94112,CONSUMER,STANDARD,2023-11-18,1247.87,0.4,9,ACTIVE
SUB-CON-00781,Timothy,Estrada,christinedoyle@example.com,001-518-256-3027x5000,94122,CONSUMER,BUDGET,2024-01-04,3881.0,0.39,8,SUSPENDED
SUB-CON-00782,Jennifer,Wolf,xgarcia@example.net,(630)856-4184x937,94145,CONSUMER,BUDGET,2024-11-22,2207.26,0.26,7,ACTIVE
SUB-CON-00783,Ashley,Shaw,bsloan@example.net,887-726-0013,94180,CONSUMER,BUDGET,2022-02-13,3388.33,0.29,10,ACTIVE
SUB-CON-00784,Brandon,Nelson,kevin42@example.net,+1-206-874-5686x524,94164,CONSUMER,PREMIUM,2022-04-13,2756.04,0.13,8,SUSPENDED
SUB-CON-00785,Kristin,Martinez,renee99@example.com,625.962.2219x0533,94196,CONSUMER,STANDARD,2021-04-29,1574.16,0.37,6,ACTIVE
SUB-CON-00786,Jonathan,Parker,storres@example.net,959-339-6521x38350,94151,CONSUMER,STANDARD,2022-03-30,216.02,0.34,8,ACTIVE
SUB-CON-00787,Karl,Chandler,craigmiles@example.net,5034622117,94187,CONSUMER,BUDGET,2025-01-06,2040.1,0.28,8,SUSPENDED
SUB-CON-00788,Troy,Coleman,amanda83@example.net,(485)758-5229x425,94124,CONSUMER,PREMIUM,2021-12-09,339.4,0.13,9,ACTIVE
SUB-CON-00789,Richard,Madden,tracy91@example.com,305-608-0549,94176,CONSUMER,PREMIUM,2024-11-20,3714.31,0.38,7,ACTIVE
SUB-CON-00790,Shawn,Adams,kathyfowler@example.com,001-524-678-4171x59497,94121,CONSUMER,PREMIUM,2023-07-16,3202.38,0.29,7,ACTIVE
SUB-CON-00791,Melanie,Morrison,cooktracy@example.net,5335183611,94195,CONSUMER,PREMIUM,2025-07-05,4440.86,0.28,9,ACTIVE
SUB-CON-00792,Samantha,Baird,gmayer@example.com,882.481.5278x73048,94120,CONSUMER,STANDARD,2023-10-06,1971.51,0.36,6,SUSPENDED
SUB-CON-00793,Gabrielle,Edwards,wallacekevin@example.com,+1-535-637-8018x91567,94191,CONSUMER,BUDGET,2023-06-14,1749.08,0.15,5,ACTIVE
SUB-CON-00794,Molly,Crawford,yramos@example.org,001-669-814-3362,94173,CONSUMER,STANDARD,2024-09-24,2404.13,0.29,8,ACTIVE
SUB-CON-00795,Jose,Escobar,lynchbarbara@example.org,001-501-708-9857x390,94122,CONSUMER,STANDARD,2022-06-20,2601.03,0.09,9,ACTIVE
SUB-CON-00796,Cody,Miller,salvarado@example.com,(946)748-8499,94120,CONSUMER,BUDGET,2024-10-19,2418.62,0.39,5,ACTIVE
SUB-CON-00797,George,Bartlett,madison75@example.net,001-995-982-8190x221,94187,CONSUMER,PREMIUM,2025-08-29,2150.46,0.23,8,SUSPENDED
SUB-CON-00798,Chelsea,Prince,wilkinskevin@example.net,697.617.0598,94109,CONSUMER,STANDARD,2023-11-15,4796.36,0.36,9,ACTIVE
SUB-CON-00799,Lisa,Tyler,ronaldhodges@example.org,368.311.2303x88568,94191,CONSUMER,PREMIUM,2025-12-29,3306.03,0.24,5,SUSPENDED
SUB-CON-00800,John,Andersen,fflowers@example.com,490-809-9217x79055,94161,CONSUMER,PREMIUM,2024-09-03,486.97,0.33,10,ACTIVE
SUB-CON-00801,Brenda,Walker,christopher58@example.net,001-307-205-3260x11939,94146,CONSUMER,STANDARD,2023-03-11,3639.8,0.23,10,SUSPENDED
SUB-CON-00802,Susan,Patel,pparker@example.com,(313)260-9085x818,94154,CONSUMER,BUDGET,2023-06-27,697.39,0.35,9,ACTIVE
SUB-CON-00803,Mark,Suarez,jason73@example.com,358-573-6627,94192,CONSUMER,BUDGET,2024-01-16,1959.03,0.28,6,ACTIVE
SUB-CON-00804,William,Greene,jasonallen@example.net,9055856154,94161,CONSUMER,BUDGET,2021-10-22,1469.64,0.17,10,ACTIVE
SUB-CON-00805,Debra,Valencia,fallen@example.net,(255)411-6436,94158,CONSUMER,PREMIUM,2025-05-25,2559.57,0.14,7,ACTIVE
SUB-CON-00806,Rhonda,Ruiz,stephenwyatt@example.net,+1-666-660-5342x816,94137,CONSUMER,PREMIUM,2021-08-29,2334.43,0.33,10,ACTIVE
SUB-CON-00807,Lisa,Vega,johnsondaniel@example.net,553.258.4640x510,94172,CONSUMER,STANDARD,2022-03-24,3053.26,0.32,6,ACTIVE
SUB-CON-00808,Tracy,Lewis,douglas63@example.com,(581)744-4718,94103,CONSUMER,BUDGET,2022-11-15,4424.82,0.25,10,ACTIVE
SUB-CON-00809,Sara,Johnston,barnesrichard@example.net,001-790-392-2884x98745,94139,CONSUMER,PREMIUM,2023-02-03,959.85,0.27,8,SUSPENDED
SUB-CON-00810,Mariah,Wang,ftaylor@example.org,543.606.8811x640,94186,CONSUMER,STANDARD,2022-11-06,941.32,0.33,6,ACTIVE
SUB-CON-00811,Brittany,Wolf,hunterjamie@example.com,358.533.3647x704,94177,CONSUMER,STANDARD,2021-02-23,4323.91,0.14,6,ACTIVE
SUB-CON-00812,Cassidy,Dean,mcmahonmichael@example.net,+1-360-428-2625x4204,94127,CONSUMER,PREMIUM,2023-01-20,1654.19,0.25,7,ACTIVE
SUB-CON-00813,Patricia,Carr,shannon20@example.com,001-541-300-7941x93245,94192,CONSUMER,PREMIUM,2021-07-31,3778.19,0.4,8,SUSPENDED
SUB-CON-00814,Christine,Klein,corey22@example.com,+1-870-598-7264,94179,CONSUMER,BUDGET,2022-08-20,4867.54,0.28,9,ACTIVE
SUB-CON-00815,Gregory,Miller,ywilkinson@example.org,(240)243-2611,94166,CONSUMER,STANDARD,2022-09-17,2014.3,0.37,10,ACTIVE
SUB-CON-00816,Kevin,Fox,wattsjason@example.com,2287672020,94167,CONSUMER,STANDARD,2023-02-01,1041.86,0.36,5,ACTIVE
SUB-CON-00817,Peter,Lang,chadward@example.com,+1-290-205-7795,94143,CONSUMER,BUDGET,2021-11-21,1684.68,0.13,7,ACTIVE
SUB-CON-00818,Troy,Taylor,johnsonsteven@example.net,213.907.2211x386,94183,CONSUMER,BUDGET,2021-09-19,1911.21,0.21,10,ACTIVE
SUB-CON-00819,Diana,Simpson,davidbrock@example.com,646-517-1928x17074,94195,CONSUMER,PREMIUM,2024-07-15,4511.05,0.31,7,ACTIVE
SUB-CON-00820,Brian,Good,katherinecarter@example.org,(552)616-0252,94151,CONSUMER,PREMIUM,2021-10-10,674.43,0.17,5,ACTIVE
SUB-CON-00821,Donald,Oconnor,aguilarkevin@example.com,926.890.3265x5132,94170,CONSUMER,PREMIUM,2021-09-30,4263.71,0.24,5,ACTIVE
SUB-CON-00822,Denise,Morrison,jennifer02@example.com,(359)785-1602x119,94157,CONSUMER,PREMIUM,2025-08-23,2710.15,0.14,10,ACTIVE
SUB-CON-00823,Bonnie,Skinner,lindafernandez@example.com,001-849-286-4786x86237,94188,CONSUMER,PREMIUM,2021-02-27,4316.11,0.13,10,SUSPENDED
SUB-CON-00824,Vincent,Adams,ggreen@example.net,678.419.1907,94122,CONSUMER,BUDGET,2021-10-21,4901.01,0.14,7,ACTIVE
SUB-CON-00825,Samuel,Williams,uduncan@example.net,001-936-292-3534x84864,94195,CONSUMER,BUDGET,2025-05-13,3720.02,0.37,6,ACTIVE
SUB-CON-00826,Eric,Walker,bflores@example.org,(702)712-3720,94107,CONSUMER,BUDGET,2021-02-01,1292.41,0.25,9,SUSPENDED
SUB-CON-00827,Natalie,Juarez,brownandrew@example.net,(334)367-3919x0088,94159,CONSUMER,BUDGET,2023-03-22,2777.28,0.32,7,ACTIVE
SUB-CON-00828,David,Yates,rileymelissa@example.org,(292)832-7379x8979,94125,CONSUMER,STANDARD,2021-02-24,758.75,0.08,6,ACTIVE
SUB-CON-00829,Amber,Quinn,amy18@example.com,846.330.0099x8433,94169,CONSUMER,PREMIUM,2021-11-24,1231.97,0.22,9,ACTIVE
SUB-CON-00830,Jennifer,Sanchez,gmiller@example.net,451-698-5458,94174,CONSUMER,STANDARD,2022-05-09,4333.47,0.09,8,ACTIVE
SUB-CON-00831,Teresa,Lopez,linda01@example.com,853.646.6075,94175,CONSUMER,PREMIUM,2023-06-27,3149.18,0.21,5,ACTIVE
SUB-CON-00832,Brandi,Padilla,jreynolds@example.net,3104824028,94196,CONSUMER,STANDARD,2022-04-01,3086.5,0.22,6,ACTIVE
SUB-CON-00833,Denise,Palmer,tammy26@example.org,9855817452,94164,CONSUMER,STANDARD,2024-02-15,2668.16,0.38,7,ACTIVE
SUB-CON-00834,Dana,Lee,ernest35@example.com,7043129182,94168,CONSUMER,BUDGET,2025-09-29,1837.48,0.29,9,ACTIVE
SUB-CON-00835,Darren,Barnes,fullerkristie@example.com,(290)646-1007x923,94180,CONSUMER,STANDARD,2024-09-13,735.06,0.31,6,SUSPENDED
SUB-CON-00836,Ricky,Brown,annaboyd@example.com,701-323-2961,94100,CONSUMER,STANDARD,2022-02-20,4488.16,0.23,8,ACTIVE
SUB-CON-00837,Anthony,Conway,alexander66@example.com,844.560.4227,94122,CONSUMER,BUDGET,2023-08-17,3850.1,0.29,5,SUSPENDED
SUB-CON-00838,Patrick,Burch,howellmason@example.org,(973)847-2435x861,94143,CONSUMER,PREMIUM,2025-08-16,3497.4,0.34,6,ACTIVE
SUB-CON-00839,Gary,Bentley,bradydavid@example.com,+1-326-970-8666x56224,94197,CONSUMER,BUDGET,2024-07-21,1223.44,0.23,7,SUSPENDED
SUB-CON-00840,Melissa,Ramos,kristy47@example.com,329-603-5006,94113,CONSUMER,PREMIUM,2025-05-02,1640.29,0.26,9,ACTIVE
SUB-CON-00841,Ariel,Holder,davidedwards@example.com,440.346.6821,94141,CONSUMER,BUDGET,2023-12-08,1121.14,0.19,6,ACTIVE
SUB-CON-00842,Krystal,Reynolds,cassandra52@example.com,592-306-4411x197,94178,CONSUMER,PREMIUM,2025-08-05,954.24,0.38,8,SUSPENDED
SUB-CON-00843,Dwayne,Wright,ohall@example.com,+1-894-888-2188x49680,94199,CONSUMER,PREMIUM,2023-04-14,1493.04,0.38,8,ACTIVE
SUB-CON-00844,Michelle,Smith,velasquezvictoria@example.org,225-343-4123,94147,CONSUMER,BUDGET,2024-06-28,1669.92,0.3,10,ACTIVE
SUB-CON-00845,Brent,Carr,psmith@example.com,(518)360-0320,94157,CONSUMER,STANDARD,2024-11-15,2241.43,0.19,8,ACTIVE
SUB-CON-00846,Andrea,Vargas,millerlindsey@example.org,9348713171,94197,CONSUMER,STANDARD,2021-06-18,465.48,0.19,10,ACTIVE
SUB-CON-00847,Kimberly,Garcia,jhenson@example.com,+1-390-584-1947x85501,94158,CONSUMER,STANDARD,2024-10-18,293.5,0.3,6,ACTIVE
SUB-CON-00848,Matthew,Morgan,jasminjohnson@example.org,+1-287-580-7279,94137,CONSUMER,STANDARD,2025-01-20,313.66,0.2,8,ACTIVE
SUB-CON-00849,Daniel,Perry,sjohnson@example.net,697-922-3996,94171,CONSUMER,PREMIUM,2025-03-31,3747.28,0.33,9,SUSPENDED
SUB-CON-00850,Kimberly,Nichols,omorgan@example.org,968.210.2480x855,94135,CONSUMER,BUDGET,2021-03-14,557.25,0.11,10,SUSPENDED
SUB-CON-00851,Geoffrey,Scott,james23@example.com,(721)969-0696,94192,CONSUMER,PREMIUM,2023-04-14,2455.38,0.39,5,SUSPENDED
SUB-CON-00852,Raymond,Kennedy,rowen@example.net,(316)891-3952x150,94188,CONSUMER,PREMIUM,2023-08-12,2537.8,0.15,9,SUSPENDED
SUB-CON-00853,Madeline,Price,castilloalec@example.org,(408)642-4319x839,94107,CONSUMER,BUDGET,2025-09-07,469.35,0.17,9,ACTIVE
SUB-CON-00854,Melissa,Gordon,andrewturner@example.org,001-969-710-5302x1516,94156,CONSUMER,STANDARD,2025-10-02,732.95,0.1,10,ACTIVE
SUB-CON-00855,Veronica,Wolfe,pmarquez@example.org,+1-895-634-8110x50147,94141,CONSUMER,PREMIUM,2022-05-26,2186.13,0.1,6,ACTIVE
SUB-CON-00856,Tracy,Wilkins,hfoley@example.com,438.555.1281x7751,94173,CONSUMER,BUDGET,2024-03-29,2896.81,0.2,7,ACTIVE
SUB-CON-00857,Kathy,Jimenez,petersonjordan@example.com,+1-609-872-3602x4465,94171,CONSUMER,PREMIUM,2025-01-04,4123.09,0.29,6,ACTIVE
SUB-CON-00858,Taylor,Johnson,alexanderanthony@example.org,5879156478,94189,CONSUMER,PREMIUM,2021-08-06,3747.48,0.39,7,SUSPENDED
SUB-CON-00859,Jay,Tucker,tiffany80@example.org,441.748.5726x029,94195,CONSUMER,BUDGET,2023-04-14,1083.87,0.21,8,ACTIVE
SUB-CON-00860,Kaylee,Foster,czavala@example.org,+1-284-907-6642,94142,CONSUMER,BUDGET,2024-04-14,3452.81,0.3,7,ACTIVE
SUB-CON-00861,Felicia,Thomas,heathjasmine@example.com,586.876.2592,94117,CONSUMER,BUDGET,2025-05-12,3282.75,0.2,8,ACTIVE
SUB-CON-00862,Mary,Lawson,shuang@example.org,288-769-3205x534,94167,CONSUMER,BUDGET,2021-04-16,4582.31,0.23,5,SUSPENDED
SUB-CON-00863,Grace,Acevedo,thomaslane@example.net,759-876-4053,94104,CONSUMER,PREMIUM,2024-11-26,4390.79,0.16,9,SUSPENDED
SUB-CON-00864,Brian,Wells,vporter@example.com,526-819-0384x227,94136,CONSUMER,PREMIUM,2022-03-08,1802.01,0.07,5,ACTIVE
SUB-CON-00865,Stanley,Clark,mccarthygregory@example.net,(371)911-7576,94171,CONSUMER,BUDGET,2021-12-25,2752.46,0.33,5,SUSPENDED
SUB-CON-00866,Rodney,Brown,eric85@example.org,248-569-8305x2169,94178,CONSUMER,PREMIUM,2026-01-18,4966.16,0.31,10,SUSPENDED
SUB-CON-00867,Melissa,White,roachjulie@example.net,+1-201-842-6471,94135,CONSUMER,STANDARD,2025-09-21,2366.19,0.36,10,ACTIVE
SUB-CON-00868,Anthony,Jones,wstephenson@example.org,616.537.0500,94183,CONSUMER,STANDARD,2022-11-07,550.52,0.28,7,SUSPENDED
SUB-CON-00869,Jack,Conley,jonramirez@example.net,217.529.4763,94167,CONSUMER,PREMIUM,2025-11-11,3749.4,0.38,5,SUSPENDED
SUB-CON-00870,Antonio,Sanders,jordan25@example.net,001-498-351-9393x2727,94173,CONSUMER,STANDARD,2022-06-09,230.5,0.34,5,ACTIVE
SUB-CON-00871,Patricia,Wilson,pwalker@example.org,696-702-6676x5272,94128,CONSUMER,STANDARD,2022-10-28,2250.32,0.14,6,ACTIVE
SUB-CON-00872,Brianna,Baker,andrew08@example.net,(440)267-5602x08019,94168,CONSUMER,STANDARD,2022-06-27,3337.34,0.12,9,ACTIVE
SUB-CON-00873,Jacob,Jones,kimberly43@example.net,4447890932,94191,CONSUMER,PREMIUM,2022-09-17,932.5,0.32,6,ACTIVE
SUB-CON-00874,John,Thompson,johnjones@example.org,(855)601-9354x503,94123,CONSUMER,BUDGET,2022-11-05,325.88,0.26,5,ACTIVE
SUB-CON-00875,Cindy,Fischer,jamesmartin@example.org,(429)662-0805x9831,94169,CONSUMER,STANDARD,2023-05-17,4782.37,0.16,7,ACTIVE
SUB-CON-00876,Christopher,Hobbs,wallacemathew@example.net,(359)999-2012x3763,94184,CONSUMER,BUDGET,2024-12-26,1168.17,0.11,7,ACTIVE
SUB-CON-00877,Kyle,Watson,cameronsmith@example.org,+1-841-993-7591x922,94127,CONSUMER,STANDARD,2021-09-21,331.02,0.36,8,ACTIVE
SUB-CON-00878,Jacqueline,Garcia,jesse62@example.com,875-328-6461x209,94148,CONSUMER,BUDGET,2024-11-21,2330.97,0.31,10,ACTIVE
SUB-CON-00879,Lindsey,Perez,duncaneric@example.net,+1-345-724-0321,94148,CONSUMER,BUDGET,2023-01-13,2344.7,0.19,6,SUSPENDED
SUB-CON-00880,Michelle,Gomez,clinton32@example.org,001-914-430-8779,94175,CONSUMER,BUDGET,2023-04-18,645.69,0.11,9,ACTIVE
SUB-CON-00881,Steven,Dickson,heather42@example.org,488-234-5819,94120,CONSUMER,BUDGET,2023-08-25,777.72,0.22,9,ACTIVE
SUB-CON-00882,Kelsey,Webb,reynoldscynthia@example.net,333.729.9865,94195,CONSUMER,STANDARD,2021-07-24,2192.61,0.12,5,ACTIVE
SUB-CON-00883,Gabriel,Mcdonald,susan40@example.net,285-688-3825x67262,94161,CONSUMER,STANDARD,2024-06-17,2641.93,0.38,5,ACTIVE
SUB-CON-00884,Timothy,Barrett,michaelbradshaw@example.net,451-796-2822x25018,94148,CONSUMER,STANDARD,2024-07-11,2121.48,0.35,7,ACTIVE
SUB-CON-00885,Gary,Andrade,seth86@example.org,001-342-601-2234,94139,CONSUMER,BUDGET,2025-12-03,2283.91,0.35,7,ACTIVE
SUB-CON-00886,Ashley,Wheeler,jacobsdiana@example.com,(270)726-6045,94189,CONSUMER,BUDGET,2024-09-25,3322.08,0.33,8,ACTIVE
SUB-CON-00887,James,Jones,deborah03@example.net,401-493-3538,94135,CONSUMER,PREMIUM,2022-06-10,3307.33,0.16,6,ACTIVE
SUB-CON-00888,Kenneth,Ford,herringjeffrey@example.org,001-806-308-2770x564,94122,CONSUMER,PREMIUM,2024-08-18,244.51,0.23,6,SUSPENDED
SUB-CON-00889,Mariah,Brown,zberg@example.com,485.500.9537,94197,CONSUMER,BUDGET,2023-05-21,493.67,0.33,10,ACTIVE
SUB-CON-00890,Rodney,Wallace,ohopkins@example.net,333-861-0944,94147,CONSUMER,PREMIUM,2023-08-17,2191.41,0.11,6,ACTIVE
SUB-CON-00891,Derrick,Gonzalez,pricejoshua@example.com,937-827-7685,94166,CONSUMER,BUDGET,2021-05-06,3761.44,0.33,6,ACTIVE
SUB-CON-00892,Robert,Schwartz,cassandra29@example.org,961-575-5188x701,94114,CONSUMER,BUDGET,2022-07-17,343.9,0.12,8,ACTIVE
SUB-CON-00893,Kevin,White,justinrobinson@example.com,841-672-3456x538,94133,CONSUMER,PREMIUM,2024-11-21,1741.15,0.32,7,ACTIVE
SUB-CON-00894,Ashley,Bright,michaelcarter@example.net,(836)626-8904x723,94160,CONSUMER,BUDGET,2021-08-12,3727.76,0.1,8,ACTIVE
SUB-CON-00895,Denise,Krause,larsonjeremy@example.com,+1-257-542-1643x5990,94169,CONSUMER,STANDARD,2025-02-17,3860.01,0.3,6,ACTIVE
SUB-CON-00896,Amanda,Green,fwilliams@example.net,+1-861-843-7884x4370,94112,CONSUMER,BUDGET,2021-10-10,1873.6,0.13,8,ACTIVE
SUB-CON-00897,Amy,Hayes,natalie46@example.com,(763)268-1541,94114,CONSUMER,STANDARD,2021-08-01,2429.28,0.2,9,SUSPENDED
SUB-CON-00898,Edward,Alvarez,barbararodriguez@example.net,750-278-6043x5660,94117,CONSUMER,PREMIUM,2023-01-06,4085.24,0.05,8,SUSPENDED
SUB-CON-00899,Janice,Wallace,pvargas@example.org,4674730671,94132,CONSUMER,BUDGET,2022-08-20,1749.81,0.24,9,ACTIVE
SUB-CON-00900,Robert,Barron,ppruitt@example.com,001-219-808-7886x53859,94161,CONSUMER,STANDARD,2025-01-29,3793.85,0.35,6,ACTIVE
SUB-CON-00901,Karen,Armstrong,kevinli@example.net,998.276.0550x49221,94128,CONSUMER,PREMIUM,2023-04-23,823.08,0.38,6,ACTIVE
SUB-CON-00902,Deborah,Hoffman,gardnerrichard@example.net,906.563.2016x290,94195,CONSUMER,BUDGET,2026-01-04,3642.89,0.15,9,ACTIVE
SUB-CON-00903,Bonnie,Wang,chambersashley@example.net,(971)382-6533,94131,CONSUMER,BUDGET,2024-12-19,1403.22,0.31,7,ACTIVE
SUB-CON-00904,Joan,Weeks,tshort@example.net,526-794-2039x831,94190,CONSUMER,STANDARD,2023-08-25,3408.11,0.23,9,ACTIVE
SUB-CON-00905,Gloria,Bowman,rodriguezmichael@example.net,+1-567-206-9219x587,94197,CONSUMER,BUDGET,2024-03-15,1774.13,0.18,6,ACTIVE
SUB-CON-00906,Jonathan,Lawson,susannelson@example.net,843.602.1781x67806,94195,CONSUMER,STANDARD,2022-12-18,3233.03,0.33,6,ACTIVE
SUB-CON-00907,Erica,Cooper,garciadebra@example.com,001-492-881-5037x01709,94118,CONSUMER,PREMIUM,2023-08-12,363.75,0.33,6,SUSPENDED
SUB-CON-00908,Brad,Hobbs,anthonysoto@example.org,717.226.2829x68244,94141,CONSUMER,BUDGET,2021-03-28,2946.02,0.22,7,ACTIVE
SUB-CON-00909,Stephen,Black,stephanie27@example.net,411-968-0691x961,94180,CONSUMER,PREMIUM,2024-07-12,2147.15,0.4,8,ACTIVE
SUB-CON-00910,Philip,Smith,morenomary@example.org,+1-817-402-6344x435,94169,CONSUMER,STANDARD,2023-03-25,765.53,0.15,9,ACTIVE
SUB-CON-00911,Matthew,Boyd,fyoder@example.org,2423425369,94143,CONSUMER,BUDGET,2022-05-28,1425.37,0.33,8,SUSPENDED
SUB-CON-00912,Summer,Ellis,albertarnold@example.com,001-476-603-9670,94184,CONSUMER,BUDGET,2023-02-19,3406.46,0.17,9,ACTIVE
SUB-CON-00913,Nicholas,Anderson,bobby53@example.net,001-464-381-8754x03648,94108,CONSUMER,STANDARD,2024-01-27,2247.27,0.06,9,ACTIVE
SUB-CON-00914,Morgan,Hudson,xwright@example.com,001-866-623-2360x667,94112,CONSUMER,BUDGET,2026-01-20,4880.42,0.34,5,ACTIVE
SUB-CON-00915,Charles,Watson,ashley72@example.org,001-204-829-8622x6992,94116,CONSUMER,STANDARD,2024-08-15,1673.75,0.2,5,ACTIVE
SUB-CON-00916,Raymond,Levy,wthompson@example.com,+1-899-929-9833x587,94150,CONSUMER,PREMIUM,2025-04-16,1135.41,0.34,6,ACTIVE
SUB-CON-00917,Shannon,Lopez,hsmith@example.org,582-308-4931x539,94125,CONSUMER,PREMIUM,2022-05-23,3774.06,0.23,6,ACTIVE
SUB-CON-00918,Vickie,Powell,smithcarl@example.com,6763291430,94168,CONSUMER,STANDARD,2022-12-05,2789.39,0.29,9,ACTIVE
SUB-CON-00919,Kevin,Smith,omorris@example.net,220.799.8656x4224,94147,CONSUMER,BUDGET,2022-05-13,680.66,0.11,10,ACTIVE
SUB-CON-00920,Brian,White,marie09@example.com,(869)419-4896x29805,94196,CONSUMER,PREMIUM,2021-02-10,929.85,0.38,9,SUSPENDED
SUB-CON-00921,Christopher,Hopkins,courtneysmith@example.net,(961)686-9572x40434,94125,CONSUMER,STANDARD,2022-02-06,434.78,0.39,8,ACTIVE
SUB-CON-00922,Jennifer,Stewart,douglastimothy@example.net,561-800-7773x21750,94149,CONSUMER,PREMIUM,2021-10-22,4865.64,0.36,8,ACTIVE
SUB-CON-00923,Katherine,Gill,tammythomas@example.com,+1-599-619-3873x370,94117,CONSUMER,PREMIUM,2022-08-22,4703.09,0.05,7,ACTIVE
SUB-CON-00924,Lisa,Christian,joshua74@example.net,+1-304-276-0786x235,94126,CONSUMER,PREMIUM,2025-01-28,3142.96,0.39,5,SUSPENDED
SUB-CON-00925,Robert,Jones,hartmancrystal@example.net,+1-351-673-2895,94117,CONSUMER,BUDGET,2024-01-25,2508.47,0.11,6,SUSPENDED
SUB-CON-00926,Patrick,Bonilla,jacobscharles@example.com,505.358.1157x44965,94120,CONSUMER,PREMIUM,2024-06-18,2211.24,0.26,6,ACTIVE
SUB-CON-00927,Brandon,Vasquez,ssmith@example.org,001-230-545-4184,94109,CONSUMER,BUDGET,2025-09-20,4824.12,0.15,8,ACTIVE
SUB-CON-00928,Edward,Miller,beckerbrianna@example.com,001-220-438-5886x40788,94192,CONSUMER,PREMIUM,2024-05-29,3012.46,0.29,6,SUSPENDED
SUB-CON-00929,Marc,Franklin,christopher64@example.net,(693)233-5623x03974,94118,CONSUMER,PREMIUM,2025-05-10,1522.26,0.16,10,ACTIVE
SUB-CON-00930,Rebecca,Yoder,gfreeman@example.net,+1-687-509-2019x918,94166,CONSUMER,STANDARD,2021-09-30,2716.36,0.32,9,SUSPENDED
SUB-CON-00931,Christopher,Becker,lisagray@example.org,884-285-8052x63211,94129,CONSUMER,PREMIUM,2023-08-03,2303.71,0.34,9,SUSPENDED
SUB-CON-00932,Virginia,Lindsey,dwayneedwards@example.net,307.974.5447x0823,94119,CONSUMER,BUDGET,2021-08-13,4425.09,0.31,10,ACTIVE
SUB-CON-00933,Keith,Reese,jessica94@example.com,266.426.2359x6053,94134,CONSUMER,BUDGET,2024-05-06,2031.21,0.36,5,SUSPENDED
SUB-CON-00934,Charles,Nichols,andersontodd@example.net,803.868.6050x630,94154,CONSUMER,PREMIUM,2023-02-08,1008.59,0.3,8,ACTIVE
SUB-CON-00935,Ryan,Smith,andersonalyssa@example.net,564-209-8910,94128,CONSUMER,PREMIUM,2022-01-30,694.64,0.4,9,ACTIVE
SUB-CON-00936,Vanessa,Brown,daniellethomas@example.org,9947523759,94130,CONSUMER,PREMIUM,2023-01-16,2573.75,0.3,8,SUSPENDED
SUB-CON-00937,Meredith,Andrews,tanyawilliams@example.net,001-486-202-7574x544,94107,CONSUMER,PREMIUM,2023-10-16,704.91,0.32,10,ACTIVE
SUB-CON-00938,Justin,Hawkins,heather53@example.net,718-708-1896,94132,CONSUMER,PREMIUM,2025-07-30,2637.55,0.2,7,ACTIVE
SUB-CON-00939,Jason,Mercado,kathleen66@example.org,(795)821-7970,94110,CONSUMER,BUDGET,2024-04-22,685.43,0.33,6,SUSPENDED
SUB-CON-00940,Alexander,Montes,agarcia@example.org,586-707-0472x6602,94128,CONSUMER,PREMIUM,2021-08-11,2282.08,0.14,10,SUSPENDED
SUB-CON-00941,Michael,Diaz,brooksjames@example.org,273-716-7156,94171,CONSUMER,PREMIUM,2025-07-21,4219.58,0.18,9,SUSPENDED
SUB-CON-00942,Scott,Brown,haroldturner@example.org,695.747.9406,94105,CONSUMER,PREMIUM,2022-11-23,717.43,0.34,10,ACTIVE
SUB-CON-00943,Colton,Cain,usilva@example.net,519.818.9866x469,94173,CONSUMER,BUDGET,2023-11-19,763.87,0.32,7,SUSPENDED
SUB-CON-00944,Paul,Martinez,jamesmorris@example.net,948.376.8057x0237,94150,CONSUMER,PREMIUM,2025-09-08,3772.69,0.17,8,SUSPENDED
SUB-CON-00945,Joseph,Foley,elliottfrank@example.net,(867)633-3297x323,94173,CONSUMER,PREMIUM,2023-04-12,378.93,0.19,10,SUSPENDED
SUB-CON-00946,Bill,Oneill,marcohines@example.com,569.792.4277x392,94185,CONSUMER,BUDGET,2022-04-10,1236.99,0.11,10,ACTIVE
SUB-CON-00947,Brandon,Allen,andrewdavis@example.net,6164933284,94112,CONSUMER,STANDARD,2022-11-18,4619.21,0.33,10,SUSPENDED
SUB-CON-00948,Suzanne,Simpson,jacobsalicia@example.net,8752515452,94132,CONSUMER,STANDARD,2024-11-03,4128.17,0.17,6,ACTIVE
SUB-CON-00949,Mario,Carroll,harrissusan@example.org,4064433226,94157,CONSUMER,BUDGET,2025-04-07,1757.66,0.29,10,ACTIVE
SUB-CON-00950,Shannon,Owens,sheilaperry@example.net,806.264.7070x38503,94198,CONSUMER,BUDGET,2023-12-04,1205.03,0.32,9,ACTIVE
SUB-CON-00951,Christina,Jackson,derek41@example.net,9747027406,94194,CONSUMER,STANDARD,2025-05-20,3815.93,0.32,6,SUSPENDED
SUB-CON-00952,Gary,Chavez,nathanhowe@example.com,(600)836-3856,94111,CONSUMER,STANDARD,2021-09-05,1888.66,0.24,6,ACTIVE
SUB-CON-00953,Justin,West,brooke93@example.org,239.797.9849x14986,94139,CONSUMER,BUDGET,2023-09-29,4588.02,0.08,8,ACTIVE
SUB-CON-00954,Alexis,Campbell,douglasbutler@example.com,332-323-9461x2128,94179,CONSUMER,STANDARD,2023-11-17,3269.48,0.31,6,ACTIVE
SUB-CON-00955,Christina,Hart,jeremy00@example.net,627-962-2398,94190,CONSUMER,STANDARD,2023-08-18,1882.85,0.33,7,ACTIVE
SUB-CON-00956,Gerald,Preston,matthewespinoza@example.net,771.688.8223x78870,94121,CONSUMER,STANDARD,2021-08-25,276.45,0.12,7,ACTIVE
SUB-CON-00957,Paul,Williams,archerjames@example.net,795-864-7998x460,94196,CONSUMER,PREMIUM,2024-11-06,2783.62,0.19,10,ACTIVE
SUB-CON-00958,Cindy,Bradley,rlee@example.net,209.472.3610,94125,CONSUMER,BUDGET,2024-08-16,634.6,0.26,10,SUSPENDED
SUB-CON-00959,Christopher,Morales,garciamarcus@example.com,001-778-364-5786x5557,94133,CONSUMER,BUDGET,2022-07-16,3636.26,0.24,8,ACTIVE
SUB-CON-00960,Jonathan,Jordan,smithpaul@example.com,386-482-4051x66545,94149,CONSUMER,BUDGET,2022-07-26,4256.05,0.31,7,ACTIVE
SUB-CON-00961,Patricia,Hensley,casey89@example.net,740.923.3868x6083,94141,CONSUMER,BUDGET,2021-06-07,2324.17,0.06,9,ACTIVE
SUB-CON-00962,Jessica,Chavez,rickywilliams@example.net,542-238-6020x5089,94185,CONSUMER,STANDARD,2023-06-10,326.52,0.13,10,ACTIVE
SUB-CON-00963,Julie,Lewis,silvaryan@example.org,+1-379-579-7245x284,94131,CONSUMER,BUDGET,2024-02-28,2313.71,0.33,6,ACTIVE
SUB-CON-00964,Paul,Nelson,evansrobin@example.com,956.574.8095,94137,CONSUMER,BUDGET,2025-12-13,4830.03,0.35,8,SUSPENDED
SUB-CON-00965,John,Smith,breanna80@example.org,+1-460-729-4420x31589,94153,CONSUMER,PREMIUM,2025-07-03,2845.89,0.25,8,ACTIVE
SUB-CON-00966,Juan,Skinner,mcdonaldmegan@example.org,8319977748,94166,CONSUMER,PREMIUM,2024-02-28,2118.16,0.25,8,ACTIVE
SUB-CON-00967,Chelsea,Sosa,douglascarl@example.com,001-648-323-0882x9586,94190,CONSUMER,STANDARD,2025-12-05,4056.45,0.14,7,ACTIVE
SUB-CON-00968,Robert,Sanchez,garysnow@example.org,001-358-969-4276x7483,94130,CONSUMER,STANDARD,2022-09-17,2793.77,0.08,10,ACTIVE
SUB-CON-00969,Holly,Cruz,meganlewis@example.net,+1-715-618-1788x24265,94141,CONSUMER,PREMIUM,2024-08-07,1385.1,0.24,6,ACTIVE
SUB-CON-00970,Cindy,Wheeler,mahoneysarah@example.org,(272)437-1798,94164,CONSUMER,PREMIUM,2022-07-14,2483.54,0.16,9,ACTIVE
SUB-CON-00971,Jeremy,Shelton,johnsonlisa@example.com,848-970-8477x95417,94192,CONSUMER,STANDARD,2023-09-30,3644.31,0.28,9,ACTIVE
SUB-CON-00972,Lee,Watkins,zhangnatalie@example.net,+1-390-773-7815,94159,CONSUMER,STANDARD,2025-04-12,2956.44,0.07,9,SUSPENDED
SUB-CON-00973,Carrie,Grant,mike96@example.org,(283)984-8876x3802,94163,CONSUMER,PREMIUM,2024-06-19,2293.68,0.38,6,ACTIVE
SUB-CON-00974,Christian,Young,lmaldonado@example.org,+1-390-451-8812x9886,94171,CONSUMER,STANDARD,2021-04-20,2883.18,0.07,7,SUSPENDED
SUB-CON-00975,Deborah,Freeman,whughes@example.net,4108792372,94190,CONSUMER,BUDGET,2025-10-12,506.13,0.17,10,ACTIVE
SUB-CON-00976,Catherine,Hall,rebecca86@example.net,897-503-5067x5789,94172,CONSUMER,STANDARD,2022-09-13,4747.29,0.3,10,SUSPENDED
SUB-CON-00977,Matthew,Vaughn,mcbridescott@example.net,923-215-5505,94155,CONSUMER,PREMIUM,2024-02-12,3868.95,0.1,8,ACTIVE
SUB-CON-00978,David,Davis,rwilliamson@example.net,584.344.0458,94184,CONSUMER,STANDARD,2021-09-22,1687.16,0.29,7,ACTIVE
SUB-CON-00979,Larry,Parker,ptapia@example.net,323-750-3687,94129,CONSUMER,PREMIUM,2024-06-03,4032.4,0.23,8,ACTIVE
SUB-CON-00980,Lori,Frank,manningbrandi@example.com,697.680.2344x568,94198,CONSUMER,PREMIUM,2024-07-31,4904.86,0.26,5,ACTIVE
SUB-CON-00981,Tiffany,Andrews,angel36@example.net,(340)716-3295x73783,94191,CONSUMER,STANDARD,2026-01-11,3019.75,0.32,5,ACTIVE
SUB-CON-00982,Sierra,Diaz,carolynwarner@example.org,+1-773-618-6830x29158,94167,CONSUMER,STANDARD,2022-06-20,3705.83,0.31,6,ACTIVE
SUB-CON-00983,Wendy,Perez,kevinbennett@example.net,(518)654-8396x607,94123,CONSUMER,BUDGET,2023-07-23,3317.15,0.22,5,ACTIVE
SUB-CON-00984,Laura,Bradford,paul15@example.net,+1-295-784-1749x1617,94111,CONSUMER,BUDGET,2021-03-09,4741.51,0.25,10,SUSPENDED
SUB-CON-00985,Stacy,Merritt,palmerclifford@example.net,+1-214-613-4476,94152,CONSUMER,STANDARD,2025-11-10,3542.79,0.1,7,ACTIVE
SUB-CON-00986,James,Tucker,vroberts@example.org,001-828-764-3302,94112,CONSUMER,STANDARD,2021-04-29,1904.75,0.3,7,SUSPENDED
SUB-CON-00987,Barbara,Brewer,lmann@example.org,+1-836-867-7196,94111,CONSUMER,BUDGET,2024-10-12,1450.43,0.12,7,ACTIVE
SUB-CON-00988,Stephanie,Smith,julie34@example.org,2223234998,94143,CONSUMER,STANDARD,2022-11-07,3808.71,0.23,5,ACTIVE
SUB-CON-00989,Jessica,Stanton,patriciafreeman@example.net,001-601-677-9152x4461,94171,CONSUMER,BUDGET,2021-04-21,3477.01,0.08,5,ACTIVE
SUB-CON-00990,Christina,Lewis,bryan46@example.com,(742)860-1863x72631,94100,CONSUMER,STANDARD,2023-12-04,2046.82,0.06,9,ACTIVE
SUB-CON-00991,Michael,Chang,toddgonzales@example.com,449-700-3850,94108,CONSUMER,BUDGET,2023-12-30,1104.71,0.27,6,ACTIVE
SUB-CON-00992,Bryan,Bowen,mariecasey@example.com,001-944-586-7228x83904,94144,CONSUMER,BUDGET,2023-01-23,4386.07,0.37,9,ACTIVE
SUB-CON-00993,Carl,Buckley,nicholas15@example.net,949.732.5114x9788,94173,CONSUMER,BUDGET,2022-11-22,4478.9,0.3,6,ACTIVE
SUB-CON-00994,Bryan,Golden,robertsbrandy@example.com,777.266.1830,94156,CONSUMER,BUDGET,2021-08-01,3186.0,0.38,5,ACTIVE
SUB-CON-00995,Cory,Horton,fhanna@example.com,991.851.1436,94137,CONSUMER,BUDGET,2022-07-12,1875.46,0.11,9,ACTIVE
SUB-CON-00996,Crystal,Landry,tuckeramy@example.net,210.896.8564x257,94112,CONSUMER,STANDARD,2025-09-26,1127.17,0.1,9,ACTIVE
SUB-CON-00997,Denise,Smith,qshort@example.org,215.442.3060,94158,CONSUMER,PREMIUM,2022-09-26,2830.31,0.19,8,ACTIVE
SUB-CON-00998,Brian,Haley,psawyer@example.net,205-322-4114x20667,94185,CONSUMER,PREMIUM,2023-10-03,514.23,0.14,6,ACTIVE
SUB-CON-00999,Charles,Flores,andrewbird@example.com,(433)482-2224x00539,94162,CONSUMER,BUDGET,2022-07-29,4011.46,0.06,5,SUSPENDED
SUB-CON-01000,Brandon,Gray,daviselizabeth@example.net,001-401-713-4843x39133,94184,CONSUMER,PREMIUM,2022-08-15,3822.14,0.26,9,ACTIVE
SUB-CON-01001,Zachary,Moses,hoganeric@example.net,+1-645-664-5234x286,94184,CONSUMER,PREMIUM,2024-11-03,1738.65,0.23,9,SUSPENDED
SUB-CON-01002,Ronnie,Smith,brandy66@example.org,720-495-3677x349,94196,CONSUMER,PREMIUM,2025-02-02,3287.35,0.15,6,SUSPENDED
SUB-CON-01003,Maria,Kelly,cookgregory@example.com,(855)891-4762x5380,94197,CONSUMER,BUDGET,2023-08-18,1606.2,0.27,8,SUSPENDED
SUB-CON-01004,Daniel,Kennedy,jeffrey69@example.net,(824)474-6653x538,94148,CONSUMER,BUDGET,2025-12-24,2554.23,0.22,7,SUSPENDED
SUB-CON-01005,Andrea,Morgan,ericharris@example.net,001-567-792-4157x12763,94178,CONSUMER,STANDARD,2023-05-21,1668.31,0.4,7,ACTIVE
SUB-CON-01006,Jason,Hopkins,gdunn@example.net,(339)806-1682x49793,94167,CONSUMER,BUDGET,2021-11-22,1102.78,0.08,9,ACTIVE
SUB-CON-01007,Michael,Walker,garciapenny@example.net,+1-937-410-3073x7260,94182,CONSUMER,STANDARD,2021-02-09,3748.43,0.24,5,ACTIVE
SUB-CON-01008,Sherry,Hill,jolsen@example.net,3826649312,94149,CONSUMER,BUDGET,2024-06-18,1888.47,0.24,10,SUSPENDED
SUB-CON-01009,Kristen,Vargas,krista76@example.org,442-692-6456x33917,94194,CONSUMER,PREMIUM,2021-03-04,2715.13,0.11,7,ACTIVE
SUB-CON-01010,Jason,Hoover,william11@example.org,+1-566-549-7196x7068,94127,CONSUMER,BUDGET,2023-11-15,2394.72,0.11,6,ACTIVE
SUB-CON-01011,Jeffrey,Rodriguez,blancharddaniel@example.com,001-590-616-3994x90133,94109,CONSUMER,PREMIUM,2023-05-22,1177.32,0.12,10,ACTIVE
SUB-CON-01012,Jason,Lowery,qwhitaker@example.org,+1-548-214-0984x10167,94105,CONSUMER,STANDARD,2021-09-14,1188.94,0.29,7,ACTIVE
SUB-CON-01013,Virginia,Kerr,garciaalex@example.com,001-891-800-4202,94130,CONSUMER,PREMIUM,2022-02-01,4105.46,0.34,6,SUSPENDED
SUB-CON-01014,Richard,Stephens,adkinscharles@example.net,+1-603-442-1348x548,94129,CONSUMER,STANDARD,2021-08-02,4604.4,0.19,6,ACTIVE
SUB-CON-01015,Jason,Gonzalez,ebrown@example.net,+1-917-391-3860x15711,94176,CONSUMER,BUDGET,2022-10-21,3184.47,0.14,8,ACTIVE
SUB-CON-01016,Natalie,Patton,aguilarkyle@example.org,(347)302-8814,94126,CONSUMER,PREMIUM,2022-03-15,3735.84,0.15,10,ACTIVE
SUB-CON-01017,Mary,Stevens,logan71@example.net,567.385.7646,94153,CONSUMER,STANDARD,2023-02-09,2010.23,0.34,6,SUSPENDED
SUB-CON-01018,Angela,Maynard,hardinvictor@example.net,761-694-2321,94132,CONSUMER,PREMIUM,2021-06-25,250.06,0.29,5,SUSPENDED
SUB-CON-01019,Charles,Young,jeff06@example.net,+1-662-361-6845x52527,94116,CONSUMER,PREMIUM,2021-02-03,3509.6,0.07,5,ACTIVE
SUB-CON-01020,Don,Cox,ele@example.net,698.599.4885x669,94120,CONSUMER,STANDARD,2021-07-28,519.2,0.24,6,ACTIVE
SUB-CON-01021,Anthony,Rodriguez,ryan56@example.org,(458)742-2717x266,94187,CONSUMER,PREMIUM,2024-07-09,4666.97,0.19,9,ACTIVE
SUB-CON-01022,Michael,Green,alvarezelizabeth@example.org,341-230-6862x4087,94136,CONSUMER,PREMIUM,2021-02-07,1455.2,0.32,8,ACTIVE
SUB-CON-01023,Tanya,Hooper,mortiz@example.org,+1-341-772-8207x62381,94111,CONSUMER,PREMIUM,2022-06-13,4262.98,0.12,9,ACTIVE
SUB-CON-01024,Donald,Thomas,henryhawkins@example.com,6842752835,94160,CONSUMER,STANDARD,2021-02-01,724.85,0.13,8,ACTIVE
SUB-CON-01025,Joshua,Williams,shaun13@example.com,413-450-5357,94110,CONSUMER,PREMIUM,2025-08-03,4070.76,0.13,9,ACTIVE
SUB-CON-01026,Brittany,Mclean,moodysamuel@example.org,+1-357-280-9783x0280,94156,CONSUMER,PREMIUM,2023-08-18,885.24,0.26,5,ACTIVE
SUB-CON-01027,Curtis,Roberts,john19@example.com,001-428-314-4786x74280,94198,CONSUMER,BUDGET,2025-05-31,3679.57,0.07,5,ACTIVE
SUB-CON-01028,Emily,House,andrewwalker@example.com,680.537.8912x1397,94143,CONSUMER,STANDARD,2024-07-01,4624.83,0.17,6,ACTIVE
SUB-CON-01029,Caitlyn,Smith,angela57@example.com,001-894-808-4290,94150,CONSUMER,STANDARD,2025-11-22,934.87,0.15,5,ACTIVE
SUB-CON-01030,Dana,Norris,patricia89@example.net,(906)210-6567x33745,94123,CONSUMER,PREMIUM,2021-10-12,1132.83,0.28,8,ACTIVE
SUB-CON-01031,Raymond,Thomas,odavis@example.com,+1-981-849-8025x30843,94156,CONSUMER,BUDGET,2022-06-11,4248.43,0.26,7,ACTIVE
SUB-CON-01032,Danielle,Sweeney,joseph77@example.org,608-342-3242x34800,94118,CONSUMER,PREMIUM,2024-12-09,4828.05,0.07,10,ACTIVE
SUB-CON-01033,Jenna,Parker,matthew69@example.org,485-657-4906x27960,94152,CONSUMER,PREMIUM,2022-06-23,2764.51,0.27,6,ACTIVE
SUB-CON-01034,Miguel,Brown,jeffreythomas@example.com,+1-694-252-3158x28630,94147,CONSUMER,BUDGET,2022-04-07,888.74,0.09,6,ACTIVE
SUB-CON-01035,Cassie,Long,ramoscory@example.com,(492)320-4167,94148,CONSUMER,BUDGET,2024-02-17,2901.02,0.33,9,ACTIVE
SUB-CON-01036,Gabrielle,Garza,nreyes@example.com,4632250313,94128,CONSUMER,PREMIUM,2023-08-24,368.94,0.24,5,SUSPENDED
SUB-CON-01037,Amanda,Pace,adrian20@example.com,590-919-3335,94173,CONSUMER,PREMIUM,2025-03-21,2053.06,0.29,8,SUSPENDED
SUB-CON-01038,Christopher,Brown,lucasivan@example.net,+1-756-716-2256x4718,94195,CONSUMER,BUDGET,2023-09-15,3477.83,0.26,7,SUSPENDED
SUB-CON-01039,Aaron,Cole,jeremymitchell@example.com,001-632-931-6778x1456,94161,CONSUMER,BUDGET,2023-07-11,2380.27,0.36,6,ACTIVE
SUB-CON-01040,Mary,Wallace,mendezsierra@example.com,791.217.7666,94136,CONSUMER,PREMIUM,2024-01-03,3708.7,0.39,8,ACTIVE
SUB-CON-01041,Gregory,Ruiz,bjones@example.net,(281)457-8061,94120,CONSUMER,STANDARD,2022-03-14,3752.03,0.2,7,ACTIVE
SUB-CON-01042,John,Leonard,jmendoza@example.net,306.776.3532x237,94105,CONSUMER,STANDARD,2026-01-21,2169.78,0.36,6,SUSPENDED
SUB-CON-01043,Eric,Melton,hcardenas@example.net,285-263-7114x2943,94116,CONSUMER,PREMIUM,2021-04-27,1894.12,0.38,8,SUSPENDED
SUB-CON-01044,Sheila,Sanchez,kendra39@example.net,001-823-813-2465,94158,CONSUMER,PREMIUM,2022-11-07,2371.1,0.38,8,ACTIVE
SUB-CON-01045,David,Mendoza,dakota83@example.net,265.891.5382x0114,94143,CONSUMER,STANDARD,2024-01-30,3393.79,0.1,9,ACTIVE
SUB-CON-01046,Frank,Patterson,jack73@example.com,927-724-5533,94131,CONSUMER,BUDGET,2024-05-30,3620.43,0.25,10,ACTIVE
SUB-CON-01047,Lee,Potter,qmadden@example.net,284.696.2249x451,94159,CONSUMER,PREMIUM,2024-07-14,4339.71,0.33,7,ACTIVE
SUB-CON-01048,Colleen,Edwards,klane@example.com,568-751-2062x76729,94127,CONSUMER,STANDARD,2021-04-05,878.39,0.09,10,SUSPENDED
SUB-CON-01049,Christina,Silva,jonathanwiley@example.org,429-514-6502,94138,CONSUMER,PREMIUM,2023-07-26,2178.17,0.12,7,ACTIVE
SUB-CON-01050,Patricia,Murray,mitchellmichael@example.com,001-497-325-1840x7033,94184,CONSUMER,STANDARD,2023-07-26,4698.19,0.2,8,ACTIVE
SUB-CON-01051,Shawn,Becker,kimlee@example.net,001-520-894-5167x6706,94188,CONSUMER,BUDGET,2022-12-11,2052.66,0.28,7,ACTIVE
SUB-CON-01052,Emily,Allison,hgonzalez@example.org,(820)608-4842,94182,CONSUMER,STANDARD,2025-09-11,2960.33,0.33,6,SUSPENDED
SUB-CON-01053,James,Haney,rodneyhayes@example.net,(608)628-9671x3605,94140,CONSUMER,STANDARD,2024-10-10,1379.35,0.31,8,ACTIVE
SUB-CON-01054,Nancy,Greene,hartmitchell@example.com,790-213-2495x193,94178,CONSUMER,PREMIUM,2021-01-30,2746.82,0.27,5,ACTIVE
SUB-CON-01055,Chris,Nolan,peter75@example.net,001-208-603-8890x441,94108,CONSUMER,BUDGET,2021-08-06,303.04,0.37,5,ACTIVE
SUB-CON-01056,Joseph,Brown,gcruz@example.com,935-638-1483,94111,CONSUMER,STANDARD,2024-12-21,4671.5,0.17,10,ACTIVE
SUB-CON-01057,Luis,Wagner,bobbyfowler@example.org,(285)464-7177x8401,94127,CONSUMER,STANDARD,2025-01-04,4235.26,0.18,7,SUSPENDED
SUB-CON-01058,Kristy,Sandoval,hmerritt@example.net,+1-837-816-1158,94160,CONSUMER,STANDARD,2025-06-23,3577.3,0.15,5,ACTIVE
SUB-CON-01059,Tiffany,Rodriguez,yserrano@example.com,(798)533-2617x050,94119,CONSUMER,BUDGET,2024-04-06,2192.89,0.24,9,SUSPENDED
SUB-CON-01060,Jake,Kelly,chapmanrobert@example.com,001-628-453-5339x982,94120,CONSUMER,PREMIUM,2024-05-17,2851.14,0.21,7,ACTIVE
SUB-CON-01061,Ricardo,Thomas,swhitehead@example.com,580-215-8466x87930,94114,CONSUMER,PREMIUM,2022-05-14,4737.93,0.37,5,ACTIVE
SUB-CON-01062,Kristina,Peterson,rachelmurray@example.com,001-766-698-3451x50252,94117,CONSUMER,STANDARD,2024-09-13,2469.5,0.22,5,ACTIVE
SUB-CON-01063,Daniel,Allen,ameyers@example.net,001-972-907-3827,94156,CONSUMER,PREMIUM,2024-12-14,2945.17,0.21,5,SUSPENDED
SUB-CON-01064,Samantha,Clements,martinezkathleen@example.com,(252)278-6309,94185,CONSUMER,PREMIUM,2024-11-03,1850.38,0.17,5,ACTIVE
SUB-CON-01065,Rebecca,Thomas,wilcoxjennifer@example.com,(934)947-3057,94108,CONSUMER,BUDGET,2021-11-15,847.73,0.16,8,ACTIVE
SUB-CON-01066,Katherine,Flowers,rmichael@example.net,001-871-965-9656,94114,CONSUMER,PREMIUM,2024-07-14,1146.23,0.27,7,ACTIVE
SUB-CON-01067,Kenneth,Lawson,pwarren@example.org,940-509-5224x2653,94145,CONSUMER,PREMIUM,2022-08-17,4921.14,0.22,9,SUSPENDED
SUB-CON-01068,David,Davis,wolfjohn@example.net,001-907-305-4736x015,94121,CONSUMER,STANDARD,2021-10-11,4286.01,0.12,7,ACTIVE
SUB-CON-01069,Rebecca,Murphy,williamsrandy@example.org,(900)580-2658x93475,94162,CONSUMER,STANDARD,2022-12-14,4547.92,0.07,6,ACTIVE
SUB-CON-01070,Lucas,Romero,michaelkline@example.net,(814)596-7914,94133,CONSUMER,STANDARD,2025-05-17,4981.54,0.17,7,SUSPENDED
SUB-CON-01071,Sandra,Mercer,rfarrell@example.org,(403)417-2665,94184,CONSUMER,BUDGET,2023-09-19,1798.01,0.06,9,ACTIVE
SUB-CON-01072,Philip,Cook,vanessajimenez@example.org,700-302-0860x1460,94194,CONSUMER,PREMIUM,2021-04-12,292.22,0.18,8,SUSPENDED
SUB-CON-01073,Anita,Morgan,madisonsimpson@example.org,(230)233-5636x9301,94149,CONSUMER,BUDGET,2021-05-25,3537.38,0.14,8,ACTIVE
SUB-CON-01074,Bridget,Fox,cameronramos@example.org,001-404-280-2835x4158,94146,CONSUMER,PREMIUM,2023-01-12,4297.41,0.32,8,ACTIVE
SUB-CON-01075,Brandon,Baker,cynthiabutler@example.org,466.828.0812,94116,CONSUMER,STANDARD,2025-07-01,3651.76,0.24,8,ACTIVE
SUB-CON-01076,Carl,Farrell,kimberly47@example.org,(931)510-5833x096,94134,CONSUMER,BUDGET,2024-11-19,4584.12,0.37,5,ACTIVE
SUB-CON-01077,Christine,Roberts,codyrichards@example.org,001-842-969-3765x0167,94165,CONSUMER,BUDGET,2021-11-29,310.44,0.09,5,ACTIVE
SUB-CON-01078,William,Mendoza,dominiquedaniels@example.org,(436)488-5016x27629,94109,CONSUMER,BUDGET,2024-09-09,1992.26,0.1,6,ACTIVE
SUB-CON-01079,Ryan,Wallace,hudsongwendolyn@example.com,+1-661-565-2289x8907,94109,CONSUMER,BUDGET,2023-10-12,3670.91,0.31,7,ACTIVE
SUB-CON-01080,Ariana,Rodriguez,matthew77@example.com,(565)797-6408,94119,CONSUMER,PREMIUM,2025-08-08,3205.41,0.35,8,ACTIVE
SUB-CON-01081,Angel,Johnson,sellersshelly@example.com,371-465-7893,94185,CONSUMER,BUDGET,2024-01-28,3140.31,0.07,6,ACTIVE
SUB-CON-01082,Michelle,Bell,fergusonscott@example.net,448-660-0500,94195,CONSUMER,BUDGET,2023-05-16,1090.76,0.3,5,ACTIVE
SUB-CON-01083,Brooke,Little,fhoffman@example.com,+1-270-330-2930x1125,94155,CONSUMER,PREMIUM,2025-05-22,1318.76,0.07,5,SUSPENDED
SUB-CON-01084,Peter,Garrett,khill@example.org,(295)822-2336x9318,94141,CONSUMER,PREMIUM,2022-07-04,2740.8,0.22,6,SUSPENDED
SUB-CON-01085,Olivia,Smith,bfowler@example.org,226-762-4975x374,94177,CONSUMER,PREMIUM,2025-04-14,1093.11,0.15,10,ACTIVE
SUB-CON-01086,Nicole,Vaughn,kevin95@example.com,+1-774-306-8735x44534,94156,CONSUMER,BUDGET,2023-06-19,2636.41,0.08,6,ACTIVE
SUB-CON-01087,Oscar,Patterson,ggomez@example.org,+1-848-834-8358x62673,94118,CONSUMER,PREMIUM,2023-08-17,2962.08,0.12,5,ACTIVE
SUB-CON-01088,Zachary,Allen,valencialisa@example.com,(587)608-9432x698,94124,CONSUMER,BUDGET,2023-08-20,4273.36,0.31,6,ACTIVE
SUB-CON-01089,John,Cantrell,sshea@example.com,+1-405-604-5050,94150,CONSUMER,PREMIUM,2024-06-26,4212.99,0.15,8,ACTIVE
SUB-CON-01090,Steven,Oconnor,williamsjames@example.org,001-293-590-7737x29545,94127,CONSUMER,STANDARD,2025-11-09,1404.56,0.17,6,ACTIVE
SUB-CON-01091,Sara,Brown,matthewhaney@example.org,(702)504-5028x143,94183,CONSUMER,PREMIUM,2021-08-17,1408.01,0.31,5,ACTIVE
SUB-CON-01092,Donald,Marshall,kelsey33@example.com,+1-453-811-1235x904,94108,CONSUMER,STANDARD,2024-02-14,1852.27,0.31,9,SUSPENDED
SUB-CON-01093,Jack,Murray,edward66@example.org,+1-751-308-5738x38554,94110,CONSUMER,PREMIUM,2023-04-14,3869.28,0.3,5,ACTIVE
SUB-CON-01094,Crystal,Reynolds,yatesmadison@example.net,793-751-1745,94140,CONSUMER,PREMIUM,2022-12-12,3902.65,0.37,10,ACTIVE
SUB-CON-01095,Haley,Hale,ltaylor@example.net,467-333-7461,94172,CONSUMER,STANDARD,2023-10-11,3690.31,0.16,7,SUSPENDED
SUB-CON-01096,Maria,Brooks,wball@example.net,(364)912-6084,94147,CONSUMER,STANDARD,2024-05-30,1641.19,0.22,9,ACTIVE
SUB-CON-01097,Ernest,Lawrence,colemanjim@example.net,(730)439-9516x70450,94129,CONSUMER,PREMIUM,2022-02-20,1018.65,0.29,8,SUSPENDED
SUB-CON-01098,Robin,Padilla,ralexander@example.org,(734)338-8804,94159,CONSUMER,STANDARD,2023-07-23,4632.54,0.35,8,SUSPENDED
SUB-CON-01099,Debra,Brown,cathy36@example.com,(702)982-3134x275,94159,CONSUMER,STANDARD,2024-04-18,932.89,0.31,8,SUSPENDED
SUB-CON-01100,Steven,Obrien,rodriguezmark@example.net,8447318343,94103,CONSUMER,BUDGET,2022-12-28,3983.67,0.18,10,ACTIVE
SUB-CON-01101,Rose,Miller,jenningsmelissa@example.net,001-377-911-5062,94151,CONSUMER,STANDARD,2022-02-25,266.96,0.33,10,ACTIVE
SUB-CON-01102,Peter,Casey,lisa73@example.org,516.829.1087x39221,94119,CONSUMER,PREMIUM,2025-11-25,4741.01,0.13,5,SUSPENDED
SUB-CON-01103,Rachel,Buchanan,drobinson@example.com,001-371-705-2987x70745,94160,CONSUMER,BUDGET,2022-09-30,1500.27,0.12,8,SUSPENDED
SUB-CON-01104,Brian,Hill,smithvanessa@example.org,(568)638-7890,94120,CONSUMER,STANDARD,2024-01-08,4182.94,0.35,7,ACTIVE
SUB-CON-01105,Nicole,Jackson,wesley76@example.org,704.609.3467,94124,CONSUMER,STANDARD,2021-08-29,3112.76,0.22,8,ACTIVE
SUB-CON-01106,Amanda,Cummings,kristinaweaver@example.org,7133827210,94162,CONSUMER,PREMIUM,2023-02-24,486.85,0.39,5,ACTIVE
SUB-CON-01107,John,Brooks,gardnererik@example.org,538-382-5320,94190,CONSUMER,STANDARD,2024-05-13,3117.52,0.1,9,SUSPENDED
SUB-CON-01108,Alexandra,Cummings,awalker@example.org,+1-691-973-6907,94127,CONSUMER,STANDARD,2024-09-20,2554.43,0.38,10,ACTIVE
SUB-CON-01109,Timothy,Williams,gomezchristopher@example.net,001-210-770-7163x485,94143,CONSUMER,PREMIUM,2021-12-17,1690.94,0.27,9,ACTIVE
SUB-CON-01110,Henry,Ellis,christopher19@example.org,+1-744-754-5697x296,94176,CONSUMER,BUDGET,2024-05-22,2742.26,0.17,7,ACTIVE
SUB-CON-01111,Mackenzie,Greene,fpatterson@example.org,371.488.6263x956,94147,CONSUMER,PREMIUM,2024-06-29,4858.07,0.07,8,ACTIVE
SUB-CON-01112,Kathy,James,bstephens@example.com,(473)571-3887x402,94153,CONSUMER,BUDGET,2023-07-13,1205.39,0.16,6,ACTIVE
SUB-CON-01113,Elizabeth,Ali,kenneth66@example.org,363.730.4117x6142,94181,CONSUMER,STANDARD,2022-08-27,3976.67,0.24,9,ACTIVE
SUB-CON-01114,Kenneth,Perez,vmooney@example.com,864.970.4656,94189,CONSUMER,BUDGET,2021-04-05,4528.91,0.39,10,ACTIVE
SUB-CON-01115,Javier,Arnold,aaronramirez@example.org,993.263.1592x2912,94190,CONSUMER,PREMIUM,2024-05-02,3125.06,0.33,6,SUSPENDED
SUB-CON-01116,Mark,Walker,williamsjoseph@example.com,001-329-511-8722x8247,94172,CONSUMER,STANDARD,2021-04-01,4474.67,0.16,5,SUSPENDED
SUB-CON-01117,Christopher,Wilson,epearson@example.com,+1-278-798-4974x99799,94196,CONSUMER,BUDGET,2022-06-12,3193.31,0.08,8,SUSPENDED
SUB-CON-01118,Sarah,Taylor,rmartinez@example.net,(556)758-1898x10617,94177,CONSUMER,PREMIUM,2024-07-13,1476.84,0.21,6,ACTIVE
SUB-CON-01119,Michelle,Davis,ggonzalez@example.org,+1-875-557-2616x949,94191,CONSUMER,BUDGET,2025-03-24,1946.16,0.32,8,ACTIVE
SUB-CON-01120,Robin,Hunter,berrypatricia@example.net,001-999-390-6820x130,94128,CONSUMER,PREMIUM,2024-09-12,214.66,0.17,9,SUSPENDED
SUB-CON-01121,Vickie,Bailey,dannywalker@example.net,661.231.7985,94171,CONSUMER,BUDGET,2021-06-18,3961.68,0.38,8,ACTIVE
SUB-CON-01122,Lance,Guzman,sanchezemily@example.net,(345)485-8356x399,94177,CONSUMER,PREMIUM,2025-03-04,1160.28,0.33,6,ACTIVE
SUB-CON-01123,Melissa,Kidd,cassandramoore@example.com,001-451-374-1925x81476,94137,CONSUMER,PREMIUM,2022-08-17,490.7,0.36,9,ACTIVE
SUB-CON-01124,Jasmine,Sullivan,martinezamber@example.org,001-794-554-1384,94131,CONSUMER,STANDARD,2021-11-15,2230.36,0.34,5,ACTIVE
SUB-CON-01125,Lee,Robinson,morrisonalan@example.com,+1-968-459-0964x598,94133,CONSUMER,BUDGET,2023-06-09,891.49,0.06,10,SUSPENDED
SUB-CON-01126,Robin,Johnson,jacquelinemurray@example.net,001-835-916-6811x33973,94110,CONSUMER,STANDARD,2021-04-27,2431.71,0.37,6,SUSPENDED
SUB-CON-01127,Timothy,Taylor,tsandoval@example.com,5242222419,94180,CONSUMER,STANDARD,2024-07-30,2865.27,0.26,7,ACTIVE
SUB-CON-01128,Emily,Sanchez,ryanparker@example.org,681-444-4248,94135,CONSUMER,STANDARD,2021-05-03,1524.56,0.3,8,ACTIVE
SUB-CON-01129,Eric,Ramirez,adrian94@example.com,(351)618-6156x40994,94120,CONSUMER,PREMIUM,2025-04-14,816.97,0.38,5,ACTIVE
SUB-CON-01130,Michael,Oliver,merritttaylor@example.com,524-751-9082x6110,94141,CONSUMER,PREMIUM,2024-05-02,2490.09,0.1,10,SUSPENDED
SUB-CON-01131,Luis,Adams,austinfrye@example.org,866.369.6922x9533,94170,CONSUMER,BUDGET,2025-11-29,3218.67,0.28,8,ACTIVE
SUB-CON-01132,John,Davenport,chelseasmith@example.net,442.542.4066,94141,CONSUMER,PREMIUM,2023-05-17,4213.15,0.06,7,ACTIVE
SUB-CON-01133,Robert,Harris,emily89@example.org,643.275.1866,94172,CONSUMER,PREMIUM,2025-05-24,389.03,0.23,10,ACTIVE
SUB-CON-01134,Ryan,Stokes,gregory38@example.org,(792)485-5074x3509,94163,CONSUMER,BUDGET,2025-11-01,4649.35,0.1,5,ACTIVE
SUB-CON-01135,Cynthia,Boyle,chelsea70@example.org,001-369-964-5359,94191,CONSUMER,BUDGET,2024-07-08,640.93,0.18,7,ACTIVE
