sale_id,date,store_id,item_id,unit_sales,onpromotion
1,2024-01-01,1,1,40,False
2,2024-01-01,1,2,30,False
3,2024-01-01,1,3,21,False
4,2024-01-01,1,4,24,False
5,2024-01-01,1,5,16,False
6,2024-01-01,1,6,27,False
7,2024-01-01,1,7,26,False
8,2024-01-01,1,8,33,False
9,2024-01-01,1,9,17,False
10,2024-01-01,1,10,30,False
11,2024-01-01,1,11,24,False
12,2024-01-01,1,12,34,False
13,2024-01-01,1,13,18,False
14,2024-01-01,1,14,29,False
15,2024-01-01,1,15,8,False
16,2024-01-01,1,16,12,False
17,2024-01-01,1,17,15,False
18,2024-01-01,1,18,31,False
19,2024-01-01,1,19,31,False
20,2024-01-01,1,20,13,False
21,2024-01-01,1,21,11,False
22,2024-01-01,1,22,18,False
23,2024-01-01,1,23,11,False
24,2024-01-01,1,24,3,False
25,2024-01-01,1,25,21,False
26,2024-01-01,2,1,25,False
27,2024-01-01,2,2,24,False
28,2024-01-01,2,3,17,False
29,2024-01-01,2,4,20,False
30,2024-01-01,2,5,12,True
31,2024-01-01,2,6,16,False
32,2024-01-01,2,7,23,False
33,2024-01-01,2,8,21,False
34,2024-01-01,2,9,14,False
35,2024-01-01,2,10,17,False
36,2024-01-01,2,11,32,False
37,2024-01-01,2,12,24,False
38,2024-01-01,2,13,14,False
39,2024-01-01,2,14,14,False
40,2024-01-01,2,15,8,False
41,2024-01-01,2,16,8,False
42,2024-01-01,2,17,17,False
43,2024-01-01,2,18,18,False
44,2024-01-01,2,19,24,False
45,2024-01-01,2,20,15,False
46,2024-01-01,2,21,9,False
47,2024-01-01,2,22,14,False
48,2024-01-01,2,23,4,False
49,2024-01-01,2,24,9,False
50,2024-01-01,2,25,16,False
51,2024-01-01,3,1,11,False
52,2024-01-01,3,2,7,False
53,2024-01-01,3,3,1,False
54,2024-01-01,3,4,16,False
55,2024-01-01,3,5,4,False
56,2024-01-01,3,6,10,False
57,2024-01-01,3,7,13,False
58,2024-01-01,3,8,17,False
59,2024-01-01,3,9,8,False
60,2024-01-01,3,10,13,False
61,2024-01-01,3,11,20,False
62,2024-01-01,3,12,14,False
63,2024-01-01,3,13,10,False
64,2024-01-01,3,14,14,False
65,2024-01-01,3,15,6,False
66,2024-01-01,3,16,9,False
67,2024-01-01,3,17,9,False
68,2024-01-01,3,18,14,False
69,2024-01-01,3,19,15,False
70,2024-01-01,3,20,10,False
71,2024-01-01,3,21,5,False
72,2024-01-01,3,22,3,False
73,2024-01-01,3,23,2,False
74,2024-01-01,3,24,3,False
75,2024-01-01,3,25,5,False
76,2024-01-02,1,1,35,False
77,2024-01-02,1,2,51,True
78,2024-01-02,1,3,12,False
79,2024-01-02,1,4,36,False
80,2024-01-02,1,5,14,False
81,2024-01-02,1,6,42,False
82,2024-01-02,1,7,22,False
83,2024-01-02,1,8,23,False
84,2024-01-02,1,9,23,False
85,2024-01-02,1,10,28,False
86,2024-01-02,1,11,32,False
87,2024-01-02,1,12,35,False
88,2024-01-02,1,13,15,False
89,2024-01-02,1,14,26,False
90,2024-01-02,1,15,22,False
91,2024-01-02,1,16,11,False
92,2024-01-02,1,17,17,False
93,2024-01-02,1,18,22,False
94,2024-01-02,1,19,26,False
95,2024-01-02,1,20,19,False
96,2024-01-02,1,21,14,False
97,2024-01-02,1,22,11,False
98,2024-01-02,1,23,8,False
99,2024-01-02,1,24,9,False
100,2024-01-02,1,25,16,False
101,2024-01-02,2,1,31,False
102,2024-01-02,2,2,18,False
103,2024-01-02,2,3,8,False
104,2024-01-02,2,4,22,False
105,2024-01-02,2,5,6,False
106,2024-01-02,2,6,18,False
107,2024-01-02,2,7,24,False
108,2024-01-02,2,8,21,False
109,2024-01-02,2,9,14,False
110,2024-01-02,2,10,31,False
111,2024-01-02,2,11,17,False
112,2024-01-02,2,12,20,False
113,2024-01-02,2,13,17,True
114,2024-01-02,2,14,18,False
115,2024-01-02,2,15,17,False
116,2024-01-02,2,16,10,False
117,2024-01-02,2,17,21,False
118,2024-01-02,2,18,19,False
119,2024-01-02,2,19,22,True
120,2024-01-02,2,20,2,False
121,2024-01-02,2,21,4,False
122,2024-01-02,2,22,14,False
123,2024-01-02,2,23,7,False
124,2024-01-02,2,24,10,False
125,2024-01-02,2,25,8,False
126,2024-01-02,3,1,10,False
127,2024-01-02,3,2,9,False
128,2024-01-02,3,3,11,False
129,2024-01-02,3,4,16,False
130,2024-01-02,3,5,11,False
131,2024-01-02,3,6,14,False
132,2024-01-02,3,7,27,True
133,2024-01-02,3,8,4,False
134,2024-01-02,3,9,6,False
135,2024-01-02,3,10,13,False
136,2024-01-02,3,11,18,False
137,2024-01-02,3,12,12,False
138,2024-01-02,3,13,6,False
139,2024-01-02,3,14,18,True
140,2024-01-02,3,15,5,False
141,2024-01-02,3,16,4,True
142,2024-01-02,3,17,14,False
143,2024-01-02,3,18,3,False
144,2024-01-02,3,19,13,False
145,2024-01-02,3,20,7,False
146,2024-01-02,3,21,1,False
147,2024-01-02,3,22,8,False
148,2024-01-02,3,23,1,False
149,2024-01-02,3,24,6,False
150,2024-01-02,3,25,2,False
151,2024-01-03,1,1,35,False
152,2024-01-03,1,2,24,False
153,2024-01-03,1,3,13,False
154,2024-01-03,1,4,36,False
155,2024-01-03,1,5,22,False
156,2024-01-03,1,6,34,False
157,2024-01-03,1,7,33,False
158,2024-01-03,1,8,23,False
159,2024-01-03,1,9,16,False
160,2024-01-03,1,10,30,False
161,2024-01-03,1,11,34,False
162,2024-01-03,1,12,30,False
163,2024-01-03,1,13,11,False
164,2024-01-03,1,14,23,False
165,2024-01-03,1,15,11,False
166,2024-01-03,1,16,13,False
167,2024-01-03,1,17,34,True
168,2024-01-03,1,18,22,False
169,2024-01-03,1,19,17,False
170,2024-01-03,1,20,18,False
171,2024-01-03,1,21,15,False
172,2024-01-03,1,22,9,False
173,2024-01-03,1,23,8,False
174,2024-01-03,1,24,10,False
175,2024-01-03,1,25,11,False
176,2024-01-03,2,1,32,False
177,2024-01-03,2,2,15,False
178,2024-01-03,2,3,15,False
179,2024-01-03,2,4,20,False
180,2024-01-03,2,5,21,False
181,2024-01-03,2,6,24,False
182,2024-01-03,2,7,28,False
183,2024-01-03,2,8,20,False
184,2024-01-03,2,9,19,False
185,2024-01-03,2,10,19,False
186,2024-01-03,2,11,27,False
187,2024-01-03,2,12,23,False
188,2024-01-03,2,13,13,True
189,2024-01-03,2,14,17,False
190,2024-01-03,2,15,9,False
191,2024-01-03,2,16,12,False
192,2024-01-03,2,17,13,False
193,2024-01-03,2,18,19,False
194,2024-01-03,2,19,18,False
195,2024-01-03,2,20,10,False
196,2024-01-03,2,21,10,False
197,2024-01-03,2,22,9,False
198,2024-01-03,2,23,11,False
199,2024-01-03,2,24,11,True
200,2024-01-03,2,25,16,False
201,2024-01-03,3,1,17,False
202,2024-01-03,3,2,15,False
203,2024-01-03,3,3,9,False
204,2024-01-03,3,4,9,False
205,2024-01-03,3,5,5,False
206,2024-01-03,3,6,16,False
207,2024-01-03,3,7,9,False
208,2024-01-03,3,8,13,False
209,2024-01-03,3,9,9,False
210,2024-01-03,3,10,13,False
211,2024-01-03,3,11,16,False
212,2024-01-03,3,12,16,False
213,2024-01-03,3,13,7,False
214,2024-01-03,3,14,14,True
215,2024-01-03,3,15,5,False
216,2024-01-03,3,16,8,False
217,2024-01-03,3,17,6,False
218,2024-01-03,3,18,14,False
219,2024-01-03,3,19,9,False
220,2024-01-03,3,20,8,False
221,2024-01-03,3,21,5,False
222,2024-01-03,3,22,4,False
223,2024-01-03,3,23,2,False
224,2024-01-03,3,24,4,False
225,2024-01-03,3,25,5,False
226,2024-01-04,1,1,41,False
227,2024-01-04,1,2,14,False
228,2024-01-04,1,3,32,False
229,2024-01-04,1,4,29,False
230,2024-01-04,1,5,10,False
231,2024-01-04,1,6,35,False
232,2024-01-04,1,7,26,False
233,2024-01-04,1,8,40,False
234,2024-01-04,1,9,18,False
235,2024-01-04,1,10,34,False
236,2024-01-04,1,11,31,False
237,2024-01-04,1,12,28,False
238,2024-01-04,1,13,21,False
239,2024-01-04,1,14,28,False
240,2024-01-04,1,15,20,False
241,2024-01-04,1,16,17,False
242,2024-01-04,1,17,35,True
243,2024-01-04,1,18,19,False
244,2024-01-04,1,19,29,False
245,2024-01-04,1,20,14,False
246,2024-01-04,1,21,11,False
247,2024-01-04,1,22,16,False
248,2024-01-04,1,23,13,False
249,2024-01-04,1,24,7,False
250,2024-01-04,1,25,8,False
251,2024-01-04,2,1,25,False
252,2024-01-04,2,2,12,False
253,2024-01-04,2,3,11,False
254,2024-01-04,2,4,15,False
255,2024-01-04,2,5,13,False
256,2024-01-04,2,6,48,True
257,2024-01-04,2,7,26,False
258,2024-01-04,2,8,25,False
259,2024-01-04,2,9,8,False
260,2024-01-04,2,10,26,False
261,2024-01-04,2,11,39,False
262,2024-01-04,2,12,34,False
263,2024-01-04,2,13,14,False
264,2024-01-04,2,14,20,False
265,2024-01-04,2,15,9,False
266,2024-01-04,2,16,8,False
267,2024-01-04,2,17,11,False
268,2024-01-04,2,18,9,False
269,2024-01-04,2,19,18,False
270,2024-01-04,2,20,13,False
271,2024-01-04,2,21,12,False
272,2024-01-04,2,22,10,False
273,2024-01-04,2,23,7,False
274,2024-01-04,2,24,7,False
275,2024-01-04,2,25,16,False
276,2024-01-04,3,1,20,False
277,2024-01-04,3,2,13,False
278,2024-01-04,3,3,11,False
279,2024-01-04,3,4,8,False
280,2024-01-04,3,5,8,False
281,2024-01-04,3,6,7,False
282,2024-01-04,3,7,9,False
283,2024-01-04,3,8,13,False
284,2024-01-04,3,9,7,False
285,2024-01-04,3,10,8,False
286,2024-01-04,3,11,13,False
287,2024-01-04,3,12,15,False
288,2024-01-04,3,13,7,False
289,2024-01-04,3,14,9,False
290,2024-01-04,3,15,10,False
291,2024-01-04,3,16,4,False
292,2024-01-04,3,17,14,False
293,2024-01-04,3,18,8,False
294,2024-01-04,3,19,9,False
295,2024-01-04,3,20,8,False
296,2024-01-04,3,21,9,False
297,2024-01-04,3,22,7,False
298,2024-01-04,3,23,5,False
299,2024-01-04,3,24,7,True
300,2024-01-04,3,25,11,False
301,2024-01-05,1,1,41,False
302,2024-01-05,1,2,23,False
303,2024-01-05,1,3,19,False
304,2024-01-05,1,4,23,False
305,2024-01-05,1,5,13,False
306,2024-01-05,1,6,30,False
307,2024-01-05,1,7,27,False
308,2024-01-05,1,8,35,False
309,2024-01-05,1,9,19,False
310,2024-01-05,1,10,37,False
311,2024-01-05,1,11,50,True
312,2024-01-05,1,12,32,False
313,2024-01-05,1,13,26,False
314,2024-01-05,1,14,20,False
315,2024-01-05,1,15,12,False
316,2024-01-05,1,16,10,False
317,2024-01-05,1,17,23,False
318,2024-01-05,1,18,22,False
319,2024-01-05,1,19,32,False
320,2024-01-05,1,20,13,False
321,2024-01-05,1,21,7,False
322,2024-01-05,1,22,7,False
323,2024-01-05,1,23,15,False
324,2024-01-05,1,24,11,False
325,2024-01-05,1,25,18,False
326,2024-01-05,2,1,31,False
327,2024-01-05,2,2,24,False
328,2024-01-05,2,3,11,False
329,2024-01-05,2,4,23,False
330,2024-01-05,2,5,14,False
331,2024-01-05,2,6,18,False
332,2024-01-05,2,7,19,False
333,2024-01-05,2,8,20,False
334,2024-01-05,2,9,15,False
335,2024-01-05,2,10,26,False
336,2024-01-05,2,11,16,False
337,2024-01-05,2,12,23,False
338,2024-01-05,2,13,12,False
339,2024-01-05,2,14,20,False
340,2024-01-05,2,15,15,True
341,2024-01-05,2,16,15,False
342,2024-01-05,2,17,17,False
343,2024-01-05,2,18,19,False
344,2024-01-05,2,19,22,False
345,2024-01-05,2,20,11,False
346,2024-01-05,2,21,6,False
347,2024-01-05,2,22,8,False
348,2024-01-05,2,23,1,False
349,2024-01-05,2,24,8,False
350,2024-01-05,2,25,16,False
351,2024-01-05,3,1,15,False
352,2024-01-05,3,2,19,False
353,2024-01-05,3,3,4,False
354,2024-01-05,3,4,15,False
355,2024-01-05,3,5,6,False
356,2024-01-05,3,6,10,False
357,2024-01-05,3,7,15,False
358,2024-01-05,3,8,22,False
359,2024-01-05,3,9,12,False
360,2024-01-05,3,10,20,False
361,2024-01-05,3,11,13,False
362,2024-01-05,3,12,18,False
363,2024-01-05,3,13,10,False
364,2024-01-05,3,14,9,False
365,2024-01-05,3,15,8,False
366,2024-01-05,3,16,4,False
367,2024-01-05,3,17,7,False
368,2024-01-05,3,18,12,True
369,2024-01-05,3,19,9,False
370,2024-01-05,3,20,2,False
371,2024-01-05,3,21,4,False
372,2024-01-05,3,22,7,False
373,2024-01-05,3,23,0,False
374,2024-01-05,3,24,3,False
375,2024-01-05,3,25,5,False
376,2024-01-06,1,1,51,False
377,2024-01-06,1,2,29,False
378,2024-01-06,1,3,18,False
379,2024-01-06,1,4,28,False
380,2024-01-06,1,5,23,False
381,2024-01-06,1,6,41,False
382,2024-01-06,1,7,38,False
383,2024-01-06,1,8,32,False
384,2024-01-06,1,9,19,False
385,2024-01-06,1,10,45,False
386,2024-01-06,1,11,38,False
387,2024-01-06,1,12,42,False
388,2024-01-06,1,13,21,False
389,2024-01-06,1,14,25,False
390,2024-01-06,1,15,14,False
391,2024-01-06,1,16,13,False
392,2024-01-06,1,17,38,True
393,2024-01-06,1,18,31,False
394,2024-01-06,1,19,40,False
395,2024-01-06,1,20,21,False
396,2024-01-06,1,21,14,False
397,2024-01-06,1,22,19,False
398,2024-01-06,1,23,17,False
399,2024-01-06,1,24,11,False
400,2024-01-06,1,25,30,True
401,2024-01-06,2,1,38,False
402,2024-01-06,2,2,23,False
403,2024-01-06,2,3,15,False
404,2024-01-06,2,4,23,False
405,2024-01-06,2,5,19,False
406,2024-01-06,2,6,20,False
407,2024-01-06,2,7,32,False
408,2024-01-06,2,8,28,False
409,2024-01-06,2,9,10,False
410,2024-01-06,2,10,31,False
411,2024-01-06,2,11,27,False
412,2024-01-06,2,12,32,False
413,2024-01-06,2,13,19,False
414,2024-01-06,2,14,14,False
415,2024-01-06,2,15,13,False
416,2024-01-06,2,16,10,False
417,2024-01-06,2,17,25,False
418,2024-01-06,2,18,36,True
419,2024-01-06,2,19,36,False
420,2024-01-06,2,20,11,False
421,2024-01-06,2,21,8,False
422,2024-01-06,2,22,8,False
423,2024-01-06,2,23,10,False
424,2024-01-06,2,24,12,False
425,2024-01-06,2,25,23,True
426,2024-01-06,3,1,19,False
427,2024-01-06,3,2,14,False
428,2024-01-06,3,3,6,False
429,2024-01-06,3,4,19,False
430,2024-01-06,3,5,5,False
431,2024-01-06,3,6,20,False
432,2024-01-06,3,7,14,False
433,2024-01-06,3,8,16,False
434,2024-01-06,3,9,3,False
435,2024-01-06,3,10,13,False
436,2024-01-06,3,11,20,False
437,2024-01-06,3,12,14,False
438,2024-01-06,3,13,12,False
439,2024-01-06,3,14,9,False
440,2024-01-06,3,15,8,False
441,2024-01-06,3,16,7,False
442,2024-01-06,3,17,16,False
443,2024-01-06,3,18,13,False
444,2024-01-06,3,19,14,False
445,2024-01-06,3,20,6,False
446,2024-01-06,3,21,4,True
447,2024-01-06,3,22,5,False
448,2024-01-06,3,23,9,False
449,2024-01-06,3,24,7,False
450,2024-01-06,3,25,3,False
451,2024-01-07,1,1,34,False
452,2024-01-07,1,2,36,False
453,2024-01-07,1,3,37,False
454,2024-01-07,1,4,34,False
455,2024-01-07,1,5,18,False
456,2024-01-07,1,6,39,False
457,2024-01-07,1,7,34,False
458,2024-01-07,1,8,39,False
459,2024-01-07,1,9,27,False
460,2024-01-07,1,10,42,False
461,2024-01-07,1,11,46,False
462,2024-01-07,1,12,49,False
463,2024-01-07,1,13,22,False
464,2024-01-07,1,14,30,False
465,2024-01-07,1,15,12,False
466,2024-01-07,1,16,18,False
467,2024-01-07,1,17,31,False
468,2024-01-07,1,18,36,False
469,2024-01-07,1,19,33,False
470,2024-01-07,1,20,28,False
471,2024-01-07,1,21,20,False
472,2024-01-07,1,22,36,True
473,2024-01-07,1,23,18,False
474,2024-01-07,1,24,14,False
475,2024-01-07,1,25,11,False
476,2024-01-07,2,1,25,False
477,2024-01-07,2,2,30,False
478,2024-01-07,2,3,20,False
479,2024-01-07,2,4,58,True
480,2024-01-07,2,5,15,False
481,2024-01-07,2,6,26,False
482,2024-01-07,2,7,21,False
483,2024-01-07,2,8,25,False
484,2024-01-07,2,9,19,False
485,2024-01-07,2,10,35,False
486,2024-01-07,2,11,32,False
487,2024-01-07,2,12,33,False
488,2024-01-07,2,13,16,False
489,2024-01-07,2,14,21,False
490,2024-01-07,2,15,12,False
491,2024-01-07,2,16,6,False
492,2024-01-07,2,17,30,True
493,2024-01-07,2,18,17,False
494,2024-01-07,2,19,28,False
495,2024-01-07,2,20,7,False
496,2024-01-07,2,21,21,False
497,2024-01-07,2,22,17,False
498,2024-01-07,2,23,16,False
499,2024-01-07,2,24,10,False
500,2024-01-07,2,25,13,False
501,2024-01-07,3,1,14,False
502,2024-01-07,3,2,14,False
503,2024-01-07,3,3,12,False
504,2024-01-07,3,4,13,False
505,2024-01-07,3,5,9,False
506,2024-01-07,3,6,8,False
507,2024-01-07,3,7,13,False
508,2024-01-07,3,8,14,False
509,2024-01-07,3,9,13,False
510,2024-01-07,3,10,21,False
511,2024-01-07,3,11,22,False
512,2024-01-07,3,12,12,False
513,2024-01-07,3,13,15,False
514,2024-01-07,3,14,10,False
515,2024-01-07,3,15,8,False
516,2024-01-07,3,16,5,False
517,2024-01-07,3,17,11,False
518,2024-01-07,3,18,10,False
519,2024-01-07,3,19,15,False
520,2024-01-07,3,20,9,False
521,2024-01-07,3,21,9,False
522,2024-01-07,3,22,8,False
523,2024-01-07,3,23,5,False
524,2024-01-07,3,24,7,False
525,2024-01-07,3,25,14,False
526,2024-01-08,1,1,33,False
527,2024-01-08,1,2,27,False
528,2024-01-08,1,3,34,True
529,2024-01-08,1,4,38,False
530,2024-01-08,1,5,18,False
531,2024-01-08,1,6,27,False
532,2024-01-08,1,7,30,False
533,2024-01-08,1,8,26,False
534,2024-01-08,1,9,37,True
535,2024-01-08,1,10,28,False
536,2024-01-08,1,11,31,False
537,2024-01-08,1,12,29,False
538,2024-01-08,1,13,18,False
539,2024-01-08,1,14,24,False
540,2024-01-08,1,15,11,False
541,2024-01-08,1,16,10,False
542,2024-01-08,1,17,13,False
543,2024-01-08,1,18,23,False
544,2024-01-08,1,19,18,False
545,2024-01-08,1,20,11,False
546,2024-01-08,1,21,6,False
547,2024-01-08,1,22,14,False
548,2024-01-08,1,23,7,False
549,2024-01-08,1,24,11,False
550,2024-01-08,1,25,16,False
551,2024-01-08,2,1,18,False
552,2024-01-08,2,2,20,False
553,2024-01-08,2,3,17,False
554,2024-01-08,2,4,23,False
555,2024-01-08,2,5,11,False
556,2024-01-08,2,6,19,False
557,2024-01-08,2,7,15,False
558,2024-01-08,2,8,13,False
559,2024-01-08,2,9,12,False
560,2024-01-08,2,10,39,False
561,2024-01-08,2,11,25,False
562,2024-01-08,2,12,23,False
563,2024-01-08,2,13,13,False
564,2024-01-08,2,14,21,False
565,2024-01-08,2,15,10,False
566,2024-01-08,2,16,3,False
567,2024-01-08,2,17,21,False
568,2024-01-08,2,18,19,False
569,2024-01-08,2,19,37,False
570,2024-01-08,2,20,11,False
571,2024-01-08,2,21,11,False
572,2024-01-08,2,22,5,False
573,2024-01-08,2,23,7,False
574,2024-01-08,2,24,5,False
575,2024-01-08,2,25,7,False
576,2024-01-08,3,1,14,False
577,2024-01-08,3,2,8,False
578,2024-01-08,3,3,6,False
579,2024-01-08,3,4,14,False
580,2024-01-08,3,5,6,False
581,2024-01-08,3,6,11,False
582,2024-01-08,3,7,15,False
583,2024-01-08,3,8,10,False
584,2024-01-08,3,9,7,False
585,2024-01-08,3,10,15,False
586,2024-01-08,3,11,13,False
587,2024-01-08,3,12,9,False
588,2024-01-08,3,13,9,False
589,2024-01-08,3,14,9,False
590,2024-01-08,3,15,7,False
591,2024-01-08,3,16,3,False
592,2024-01-08,3,17,6,False
593,2024-01-08,3,18,4,False
594,2024-01-08,3,19,19,False
595,2024-01-08,3,20,4,False
596,2024-01-08,3,21,6,False
597,2024-01-08,3,22,3,False
598,2024-01-08,3,23,5,False
599,2024-01-08,3,24,2,False
600,2024-01-08,3,25,6,False
601,2024-01-09,1,1,24,False
602,2024-01-09,1,2,32,False
603,2024-01-09,1,3,16,False
604,2024-01-09,1,4,26,False
605,2024-01-09,1,5,21,False
606,2024-01-09,1,6,32,False
607,2024-01-09,1,7,26,False
608,2024-01-09,1,8,18,False
609,2024-01-09,1,9,15,False
610,2024-01-09,1,10,43,False
611,2024-01-09,1,11,28,False
612,2024-01-09,1,12,35,False
613,2024-01-09,1,13,34,True
614,2024-01-09,1,14,23,False
615,2024-01-09,1,15,5,False
616,2024-01-09,1,16,12,False
617,2024-01-09,1,17,24,False
618,2024-01-09,1,18,24,False
619,2024-01-09,1,19,24,False
620,2024-01-09,1,20,11,False
621,2024-01-09,1,21,13,False
622,2024-01-09,1,22,13,False
623,2024-01-09,1,23,13,False
624,2024-01-09,1,24,6,False
625,2024-01-09,1,25,20,False
626,2024-01-09,2,1,20,False
627,2024-01-09,2,2,12,False
628,2024-01-09,2,3,20,True
629,2024-01-09,2,4,28,False
630,2024-01-09,2,5,10,False
631,2024-01-09,2,6,22,False
632,2024-01-09,2,7,27,False
633,2024-01-09,2,8,25,False
634,2024-01-09,2,9,16,False
635,2024-01-09,2,10,29,False
636,2024-01-09,2,11,28,True
637,2024-01-09,2,12,20,False
638,2024-01-09,2,13,17,False
639,2024-01-09,2,14,17,False
640,2024-01-09,2,15,8,False
641,2024-01-09,2,16,8,False
642,2024-01-09,2,17,13,False
643,2024-01-09,2,18,15,False
644,2024-01-09,2,19,27,False
645,2024-01-09,2,20,16,False
646,2024-01-09,2,21,12,False
647,2024-01-09,2,22,11,False
648,2024-01-09,2,23,7,False
649,2024-01-09,2,24,6,False
650,2024-01-09,2,25,8,False
651,2024-01-09,3,1,10,False
652,2024-01-09,3,2,14,True
653,2024-01-09,3,3,4,False
654,2024-01-09,3,4,26,True
655,2024-01-09,3,5,1,False
656,2024-01-09,3,6,15,False
657,2024-01-09,3,7,19,False
658,2024-01-09,3,8,12,False
659,2024-01-09,3,9,15,False
660,2024-01-09,3,10,15,False
661,2024-01-09,3,11,20,False
662,2024-01-09,3,12,12,False
663,2024-01-09,3,13,14,False
664,2024-01-09,3,14,7,False
665,2024-01-09,3,15,4,False
666,2024-01-09,3,16,9,True
667,2024-01-09,3,17,14,False
668,2024-01-09,3,18,14,False
669,2024-01-09,3,19,14,False
670,2024-01-09,3,20,10,False
671,2024-01-09,3,21,4,False
672,2024-01-09,3,22,7,False
673,2024-01-09,3,23,7,True
674,2024-01-09,3,24,4,False
675,2024-01-09,3,25,11,False
676,2024-01-10,1,1,37,False
677,2024-01-10,1,2,31,False
678,2024-01-10,1,3,22,False
679,2024-01-10,1,4,21,False
680,2024-01-10,1,5,13,False
681,2024-01-10,1,6,26,False
682,2024-01-10,1,7,23,False
683,2024-01-10,1,8,25,False
684,2024-01-10,1,9,16,False
685,2024-01-10,1,10,30,False
686,2024-01-10,1,11,25,False
687,2024-01-10,1,12,34,False
688,2024-01-10,1,13,15,False
689,2024-01-10,1,14,27,False
690,2024-01-10,1,15,15,False
691,2024-01-10,1,16,19,False
692,2024-01-10,1,17,14,False
693,2024-01-10,1,18,21,False
694,2024-01-10,1,19,40,True
695,2024-01-10,1,20,17,False
696,2024-01-10,1,21,13,False
697,2024-01-10,1,22,19,False
698,2024-01-10,1,23,10,False
699,2024-01-10,1,24,17,False
700,2024-01-10,1,25,17,False
701,2024-01-10,2,1,20,False
702,2024-01-10,2,2,17,False
703,2024-01-10,2,3,14,False
704,2024-01-10,2,4,27,False
705,2024-01-10,2,5,8,False
706,2024-01-10,2,6,25,False
707,2024-01-10,2,7,28,False
708,2024-01-10,2,8,25,False
709,2024-01-10,2,9,22,False
710,2024-01-10,2,10,18,False
711,2024-01-10,2,11,23,False
712,2024-01-10,2,12,23,False
713,2024-01-10,2,13,13,False
714,2024-01-10,2,14,23,True
715,2024-01-10,2,15,10,True
716,2024-01-10,2,16,7,False
717,2024-01-10,2,17,20,False
718,2024-01-10,2,18,15,False
719,2024-01-10,2,19,20,False
720,2024-01-10,2,20,9,False
721,2024-01-10,2,21,11,False
722,2024-01-10,2,22,11,False
723,2024-01-10,2,23,6,False
724,2024-01-10,2,24,6,False
725,2024-01-10,2,25,10,False
726,2024-01-10,3,1,14,False
727,2024-01-10,3,2,13,False
728,2024-01-10,3,3,11,False
729,2024-01-10,3,4,14,False
730,2024-01-10,3,5,7,False
731,2024-01-10,3,6,16,False
732,2024-01-10,3,7,10,False
733,2024-01-10,3,8,20,True
734,2024-01-10,3,9,4,False
735,2024-01-10,3,10,20,False
736,2024-01-10,3,11,18,False
737,2024-01-10,3,12,21,False
738,2024-01-10,3,13,10,False
739,2024-01-10,3,14,9,False
740,2024-01-10,3,15,6,False
741,2024-01-10,3,16,2,False
742,2024-01-10,3,17,12,False
743,2024-01-10,3,18,3,False
744,2024-01-10,3,19,10,False
745,2024-01-10,3,20,4,False
746,2024-01-10,3,21,6,False
747,2024-01-10,3,22,9,False
748,2024-01-10,3,23,2,False
749,2024-01-10,3,24,4,False
750,2024-01-10,3,25,5,False
751,2024-01-11,1,1,38,False
752,2024-01-11,1,2,31,False
753,2024-01-11,1,3,25,False
754,2024-01-11,1,4,22,False
755,2024-01-11,1,5,22,False
756,2024-01-11,1,6,35,False
757,2024-01-11,1,7,38,True
758,2024-01-11,1,8,20,False
759,2024-01-11,1,9,22,False
760,2024-01-11,1,10,41,False
761,2024-01-11,1,11,29,False
762,2024-01-11,1,12,36,False
763,2024-01-11,1,13,18,False
764,2024-01-11,1,14,32,False
765,2024-01-11,1,15,16,False
766,2024-01-11,1,16,15,False
767,2024-01-11,1,17,24,False
768,2024-01-11,1,18,23,False
769,2024-01-11,1,19,22,False
770,2024-01-11,1,20,17,False
771,2024-01-11,1,21,13,False
772,2024-01-11,1,22,16,False
773,2024-01-11,1,23,15,True
774,2024-01-11,1,24,6,False
775,2024-01-11,1,25,5,False
776,2024-01-11,2,1,26,False
777,2024-01-11,2,2,22,False
778,2024-01-11,2,3,23,True
779,2024-01-11,2,4,18,False
780,2024-01-11,2,5,16,False
781,2024-01-11,2,6,30,False
782,2024-01-11,2,7,15,False
783,2024-01-11,2,8,24,False
784,2024-01-11,2,9,14,False
785,2024-01-11,2,10,16,False
786,2024-01-11,2,11,28,False
787,2024-01-11,2,12,27,False
788,2024-01-11,2,13,13,False
789,2024-01-11,2,14,18,False
790,2024-01-11,2,15,6,False
791,2024-01-11,2,16,2,False
792,2024-01-11,2,17,23,False
793,2024-01-11,2,18,18,False
794,2024-01-11,2,19,18,False
795,2024-01-11,2,20,11,False
796,2024-01-11,2,21,4,False
797,2024-01-11,2,22,12,False
798,2024-01-11,2,23,17,True
799,2024-01-11,2,24,12,False
800,2024-01-11,2,25,14,False
801,2024-01-11,3,1,23,True
802,2024-01-11,3,2,18,False
803,2024-01-11,3,3,7,False
804,2024-01-11,3,4,9,False
805,2024-01-11,3,5,6,False
806,2024-01-11,3,6,16,False
807,2024-01-11,3,7,16,False
808,2024-01-11,3,8,17,False
809,2024-01-11,3,9,7,False
810,2024-01-11,3,10,22,False
811,2024-01-11,3,11,16,False
812,2024-01-11,3,12,16,False
813,2024-01-11,3,13,7,False
814,2024-01-11,3,14,9,False
815,2024-01-11,3,15,8,False
816,2024-01-11,3,16,5,False
817,2024-01-11,3,17,7,False
818,2024-01-11,3,18,11,False
819,2024-01-11,3,19,15,False
820,2024-01-11,3,20,8,False
821,2024-01-11,3,21,4,False
822,2024-01-11,3,22,6,True
823,2024-01-11,3,23,8,True
824,2024-01-11,3,24,8,True
825,2024-01-11,3,25,5,False
826,2024-01-12,1,1,33,False
827,2024-01-12,1,2,19,False
828,2024-01-12,1,3,15,False
829,2024-01-12,1,4,29,False
830,2024-01-12,1,5,18,False
831,2024-01-12,1,6,38,False
832,2024-01-12,1,7,20,False
833,2024-01-12,1,8,21,False
834,2024-01-12,1,9,19,False
835,2024-01-12,1,10,37,False
836,2024-01-12,1,11,35,False
837,2024-01-12,1,12,27,False
838,2024-01-12,1,13,24,False
839,2024-01-12,1,14,21,False
840,2024-01-12,1,15,11,False
841,2024-01-12,1,16,17,False
842,2024-01-12,1,17,27,False
843,2024-01-12,1,18,26,False
844,2024-01-12,1,19,25,False
845,2024-01-12,1,20,19,False
846,2024-01-12,1,21,5,False
847,2024-01-12,1,22,15,False
848,2024-01-12,1,23,8,False
849,2024-01-12,1,24,6,False
850,2024-01-12,1,25,10,False
851,2024-01-12,2,1,27,False
852,2024-01-12,2,2,17,False
853,2024-01-12,2,3,15,False
854,2024-01-12,2,4,27,False
855,2024-01-12,2,5,13,False
856,2024-01-12,2,6,25,False
857,2024-01-12,2,7,27,False
858,2024-01-12,2,8,24,False
859,2024-01-12,2,9,12,False
860,2024-01-12,2,10,21,False
861,2024-01-12,2,11,29,False
862,2024-01-12,2,12,30,False
863,2024-01-12,2,13,15,False
864,2024-01-12,2,14,17,False
865,2024-01-12,2,15,10,False
866,2024-01-12,2,16,8,False
867,2024-01-12,2,17,13,False
868,2024-01-12,2,18,13,False
869,2024-01-12,2,19,13,False
870,2024-01-12,2,20,3,False
871,2024-01-12,2,21,12,False
872,2024-01-12,2,22,8,False
873,2024-01-12,2,23,9,False
874,2024-01-12,2,24,1,False
875,2024-01-12,2,25,3,False
876,2024-01-12,3,1,12,False
877,2024-01-12,3,2,13,False
878,2024-01-12,3,3,14,False
879,2024-01-12,3,4,10,False
880,2024-01-12,3,5,9,False
881,2024-01-12,3,6,10,False
882,2024-01-12,3,7,8,False
883,2024-01-12,3,8,10,False
884,2024-01-12,3,9,7,False
885,2024-01-12,3,10,17,False
886,2024-01-12,3,11,18,False
887,2024-01-12,3,12,12,False
888,2024-01-12,3,13,11,False
889,2024-01-12,3,14,8,False
890,2024-01-12,3,15,0,False
891,2024-01-12,3,16,5,True
892,2024-01-12,3,17,12,False
893,2024-01-12,3,18,9,False
894,2024-01-12,3,19,13,False
895,2024-01-12,3,20,7,False
896,2024-01-12,3,21,10,False
897,2024-01-12,3,22,6,False
898,2024-01-12,3,23,4,True
899,2024-01-12,3,24,2,False
900,2024-01-12,3,25,6,False
901,2024-01-13,1,1,53,False
902,2024-01-13,1,2,35,False
903,2024-01-13,1,3,24,False
904,2024-01-13,1,4,30,False
905,2024-01-13,1,5,21,False
906,2024-01-13,1,6,36,False
907,2024-01-13,1,7,32,False
908,2024-01-13,1,8,41,False
909,2024-01-13,1,9,22,False
910,2024-01-13,1,10,43,False
911,2024-01-13,1,11,51,False
912,2024-01-13,1,12,38,False
913,2024-01-13,1,13,25,False
914,2024-01-13,1,14,35,False
915,2024-01-13,1,15,15,False
916,2024-01-13,1,16,18,False
917,2024-01-13,1,17,27,False
918,2024-01-13,1,18,26,False
919,2024-01-13,1,19,29,False
920,2024-01-13,1,20,19,False
921,2024-01-13,1,21,14,False
922,2024-01-13,1,22,18,False
923,2024-01-13,1,23,19,False
924,2024-01-13,1,24,15,False
925,2024-01-13,1,25,21,False
926,2024-01-13,2,1,27,False
927,2024-01-13,2,2,23,False
928,2024-01-13,2,3,13,False
929,2024-01-13,2,4,22,False
930,2024-01-13,2,5,14,False
931,2024-01-13,2,6,27,False
932,2024-01-13,2,7,18,False
933,2024-01-13,2,8,23,False
934,2024-01-13,2,9,16,False
935,2024-01-13,2,10,40,False
936,2024-01-13,2,11,58,True
937,2024-01-13,2,12,23,False
938,2024-01-13,2,13,13,False
939,2024-01-13,2,14,25,False
940,2024-01-13,2,15,21,True
941,2024-01-13,2,16,11,False
942,2024-01-13,2,17,16,False
943,2024-01-13,2,18,19,False
944,2024-01-13,2,19,22,False
945,2024-01-13,2,20,18,False
946,2024-01-13,2,21,12,False
947,2024-01-13,2,22,22,True
948,2024-01-13,2,23,11,False
949,2024-01-13,2,24,12,False
950,2024-01-13,2,25,9,False
951,2024-01-13,3,1,17,False
952,2024-01-13,3,2,10,False
953,2024-01-13,3,3,9,False
954,2024-01-13,3,4,12,False
955,2024-01-13,3,5,8,False
956,2024-01-13,3,6,19,False
957,2024-01-13,3,7,13,False
958,2024-01-13,3,8,17,False
959,2024-01-13,3,9,12,False
960,2024-01-13,3,10,16,False
961,2024-01-13,3,11,22,False
962,2024-01-13,3,12,20,False
963,2024-01-13,3,13,8,False
964,2024-01-13,3,14,9,False
965,2024-01-13,3,15,5,False
966,2024-01-13,3,16,12,False
967,2024-01-13,3,17,5,False
968,2024-01-13,3,18,11,False
969,2024-01-13,3,19,21,False
970,2024-01-13,3,20,10,False
971,2024-01-13,3,21,6,True
972,2024-01-13,3,22,2,False
973,2024-01-13,3,23,6,False
974,2024-01-13,3,24,9,False
975,2024-01-13,3,25,2,False
976,2024-01-14,1,1,58,False
977,2024-01-14,1,2,40,False
978,2024-01-14,1,3,22,False
979,2024-01-14,1,4,26,False
980,2024-01-14,1,5,14,False
981,2024-01-14,1,6,33,False
982,2024-01-14,1,7,32,False
983,2024-01-14,1,8,31,False
984,2024-01-14,1,9,28,False
985,2024-01-14,1,10,36,False
986,2024-01-14,1,11,43,False
987,2024-01-14,1,12,37,False
988,2024-01-14,1,13,27,False
989,2024-01-14,1,14,31,False
990,2024-01-14,1,15,20,False
991,2024-01-14,1,16,12,False
992,2024-01-14,1,17,36,False
993,2024-01-14,1,18,34,False
994,2024-01-14,1,19,50,False
995,2024-01-14,1,20,17,False
996,2024-01-14,1,21,17,False
997,2024-01-14,1,22,18,False
998,2024-01-14,1,23,15,False
999,2024-01-14,1,24,11,False
1000,2024-01-14,1,25,19,False
1001,2024-01-14,2,1,45,True
1002,2024-01-14,2,2,24,False
1003,2024-01-14,2,3,15,False
1004,2024-01-14,2,4,53,True
1005,2024-01-14,2,5,4,False
1006,2024-01-14,2,6,29,False
1007,2024-01-14,2,7,27,False
1008,2024-01-14,2,8,19,False
1009,2024-01-14,2,9,21,False
1010,2024-01-14,2,10,28,False
1011,2024-01-14,2,11,29,False
1012,2024-01-14,2,12,33,False
1013,2024-01-14,2,13,18,False
1014,2024-01-14,2,14,24,False
1015,2024-01-14,2,15,13,False
1016,2024-01-14,2,16,18,False
1017,2024-01-14,2,17,18,False
1018,2024-01-14,2,18,22,False
1019,2024-01-14,2,19,19,False
1020,2024-01-14,2,20,18,False
1021,2024-01-14,2,21,13,False
1022,2024-01-14,2,22,11,False
1023,2024-01-14,2,23,9,False
1024,2024-01-14,2,24,5,False
1025,2024-01-14,2,25,10,False
1026,2024-01-14,3,1,16,False
1027,2024-01-14,3,2,16,False
1028,2024-01-14,3,3,10,False
1029,2024-01-14,3,4,14,False
1030,2024-01-14,3,5,12,False
1031,2024-01-14,3,6,19,False
1032,2024-01-14,3,7,12,False
1033,2024-01-14,3,8,9,False
1034,2024-01-14,3,9,5,False
1035,2024-01-14,3,10,20,False
1036,2024-01-14,3,11,13,False
1037,2024-01-14,3,12,11,False
1038,2024-01-14,3,13,4,False
1039,2024-01-14,3,14,17,False
1040,2024-01-14,3,15,9,False
1041,2024-01-14,3,16,5,False
1042,2024-01-14,3,17,14,False
1043,2024-01-14,3,18,10,False
1044,2024-01-14,3,19,10,False
1045,2024-01-14,3,20,8,False
1046,2024-01-14,3,21,5,False
1047,2024-01-14,3,22,11,False
1048,2024-01-14,3,23,5,False
1049,2024-01-14,3,24,5,False
1050,2024-01-14,3,25,5,False
1051,2024-01-15,1,1,32,False
1052,2024-01-15,1,2,30,False
1053,2024-01-15,1,3,22,False
1054,2024-01-15,1,4,30,False
1055,2024-01-15,1,5,15,False
1056,2024-01-15,1,6,30,False
1057,2024-01-15,1,7,25,False
1058,2024-01-15,1,8,27,False
1059,2024-01-15,1,9,17,False
1060,2024-01-15,1,10,60,True
1061,2024-01-15,1,11,30,False
1062,2024-01-15,1,12,34,False
1063,2024-01-15,1,13,20,False
1064,2024-01-15,1,14,42,True
1065,2024-01-15,1,15,13,False
1066,2024-01-15,1,16,14,False
1067,2024-01-15,1,17,17,False
1068,2024-01-15,1,18,36,True
1069,2024-01-15,1,19,26,False
1070,2024-01-15,1,20,19,False
1071,2024-01-15,1,21,18,False
1072,2024-01-15,1,22,15,False
1073,2024-01-15,1,23,13,False
1074,2024-01-15,1,24,7,False
1075,2024-01-15,1,25,15,False
1076,2024-01-15,2,1,33,False
1077,2024-01-15,2,2,25,False
1078,2024-01-15,2,3,20,False
1079,2024-01-15,2,4,17,False
1080,2024-01-15,2,5,6,False
1081,2024-01-15,2,6,17,False
1082,2024-01-15,2,7,20,False
1083,2024-01-15,2,8,24,False
1084,2024-01-15,2,9,10,False
1085,2024-01-15,2,10,23,False
1086,2024-01-15,2,11,28,False
1087,2024-01-15,2,12,17,False
1088,2024-01-15,2,13,7,False
1089,2024-01-15,2,14,25,False
1090,2024-01-15,2,15,13,False
1091,2024-01-15,2,16,13,False
1092,2024-01-15,2,17,17,False
1093,2024-01-15,2,18,9,False
1094,2024-01-15,2,19,9,False
1095,2024-01-15,2,20,20,False
1096,2024-01-15,2,21,10,False
1097,2024-01-15,2,22,13,False
1098,2024-01-15,2,23,14,False
1099,2024-01-15,2,24,13,False
1100,2024-01-15,2,25,11,False
1101,2024-01-15,3,1,16,False
1102,2024-01-15,3,2,7,False
1103,2024-01-15,3,3,10,False
1104,2024-01-15,3,4,13,False
1105,2024-01-15,3,5,4,False
1106,2024-01-15,3,6,12,False
1107,2024-01-15,3,7,16,False
1108,2024-01-15,3,8,13,False
1109,2024-01-15,3,9,8,False
1110,2024-01-15,3,10,16,False
1111,2024-01-15,3,11,8,False
1112,2024-01-15,3,12,10,False
1113,2024-01-15,3,13,5,False
1114,2024-01-15,3,14,11,False
1115,2024-01-15,3,15,9,True
1116,2024-01-15,3,16,7,False
1117,2024-01-15,3,17,9,False
1118,2024-01-15,3,18,8,False
1119,2024-01-15,3,19,10,False
1120,2024-01-15,3,20,3,False
1121,2024-01-15,3,21,3,False
1122,2024-01-15,3,22,3,False
1123,2024-01-15,3,23,3,False
1124,2024-01-15,3,24,2,False
1125,2024-01-15,3,25,8,False
1126,2024-01-16,1,1,34,False
1127,2024-01-16,1,2,38,True
1128,2024-01-16,1,3,15,False
1129,2024-01-16,1,4,32,False
1130,2024-01-16,1,5,18,False
1131,2024-01-16,1,6,22,False
1132,2024-01-16,1,7,27,False
1133,2024-01-16,1,8,34,False
1134,2024-01-16,1,9,35,True
1135,2024-01-16,1,10,37,False
1136,2024-01-16,1,11,25,False
1137,2024-01-16,1,12,27,False
1138,2024-01-16,1,13,11,False
1139,2024-01-16,1,14,21,False
1140,2024-01-16,1,15,15,False
1141,2024-01-16,1,16,14,False
1142,2024-01-16,1,17,15,False
1143,2024-01-16,1,18,24,False
1144,2024-01-16,1,19,19,False
1145,2024-01-16,1,20,19,False
1146,2024-01-16,1,21,14,False
1147,2024-01-16,1,22,13,False
1148,2024-01-16,1,23,16,False
1149,2024-01-16,1,24,5,False
1150,2024-01-16,1,25,9,False
1151,2024-01-16,2,1,23,False
1152,2024-01-16,2,2,8,False
1153,2024-01-16,2,3,27,False
1154,2024-01-16,2,4,20,False
1155,2024-01-16,2,5,13,False
1156,2024-01-16,2,6,21,False
1157,2024-01-16,2,7,15,False
1158,2024-01-16,2,8,17,False
1159,2024-01-16,2,9,11,False
1160,2024-01-16,2,10,37,True
1161,2024-01-16,2,11,27,False
1162,2024-01-16,2,12,16,False
1163,2024-01-16,2,13,9,False
1164,2024-01-16,2,14,18,False
1165,2024-01-16,2,15,10,False
1166,2024-01-16,2,16,2,False
1167,2024-01-16,2,17,18,False
1168,2024-01-16,2,18,20,False
1169,2024-01-16,2,19,17,False
1170,2024-01-16,2,20,12,False
1171,2024-01-16,2,21,15,True
1172,2024-01-16,2,22,5,False
1173,2024-01-16,2,23,7,False
1174,2024-01-16,2,24,10,False
1175,2024-01-16,2,25,9,False
1176,2024-01-16,3,1,16,False
1177,2024-01-16,3,2,10,False
1178,2024-01-16,3,3,5,False
1179,2024-01-16,3,4,11,False
1180,2024-01-16,3,5,9,False
1181,2024-01-16,3,6,10,False
1182,2024-01-16,3,7,8,False
1183,2024-01-16,3,8,10,False
1184,2024-01-16,3,9,6,False
1185,2024-01-16,3,10,20,False
1186,2024-01-16,3,11,7,False
1187,2024-01-16,3,12,15,False
1188,2024-01-16,3,13,16,True
1189,2024-01-16,3,14,9,False
1190,2024-01-16,3,15,14,False
1191,2024-01-16,3,16,6,False
1192,2024-01-16,3,17,12,False
1193,2024-01-16,3,18,10,False
1194,2024-01-16,3,19,11,False
1195,2024-01-16,3,20,12,False
1196,2024-01-16,3,21,9,False
1197,2024-01-16,3,22,7,False
1198,2024-01-16,3,23,3,False
1199,2024-01-16,3,24,5,False
1200,2024-01-16,3,25,4,False
1201,2024-01-17,1,1,42,False
1202,2024-01-17,1,2,30,False
1203,2024-01-17,1,3,32,True
1204,2024-01-17,1,4,43,False
1205,2024-01-17,1,5,18,False
1206,2024-01-17,1,6,26,False
1207,2024-01-17,1,7,27,False
1208,2024-01-17,1,8,18,False
1209,2024-01-17,1,9,17,False
1210,2024-01-17,1,10,32,False
1211,2024-01-17,1,11,34,False
1212,2024-01-17,1,12,40,False
1213,2024-01-17,1,13,14,False
1214,2024-01-17,1,14,23,False
1215,2024-01-17,1,15,13,False
1216,2024-01-17,1,16,16,False
1217,2024-01-17,1,17,22,False
1218,2024-01-17,1,18,28,False
1219,2024-01-17,1,19,33,False
1220,2024-01-17,1,20,16,False
1221,2024-01-17,1,21,10,False
1222,2024-01-17,1,22,13,False
1223,2024-01-17,1,23,9,False
1224,2024-01-17,1,24,8,False
1225,2024-01-17,1,25,12,False
1226,2024-01-17,2,1,33,False
1227,2024-01-17,2,2,22,False
1228,2024-01-17,2,3,13,False
1229,2024-01-17,2,4,22,False
1230,2024-01-17,2,5,15,False
1231,2024-01-17,2,6,9,False
1232,2024-01-17,2,7,11,False
1233,2024-01-17,2,8,17,False
1234,2024-01-17,2,9,13,False
1235,2024-01-17,2,10,34,False
1236,2024-01-17,2,11,28,False
1237,2024-01-17,2,12,19,False
1238,2024-01-17,2,13,19,False
1239,2024-01-17,2,14,21,False
1240,2024-01-17,2,15,7,False
1241,2024-01-17,2,16,19,False
1242,2024-01-17,2,17,11,False
1243,2024-01-17,2,18,19,False
1244,2024-01-17,2,19,20,False
1245,2024-01-17,2,20,10,False
1246,2024-01-17,2,21,6,False
1247,2024-01-17,2,22,15,False
1248,2024-01-17,2,23,2,False
1249,2024-01-17,2,24,8,False
1250,2024-01-17,2,25,11,False
1251,2024-01-17,3,1,16,False
1252,2024-01-17,3,2,12,False
1253,2024-01-17,3,3,7,False
1254,2024-01-17,3,4,10,False
1255,2024-01-17,3,5,11,False
1256,2024-01-17,3,6,11,False
1257,2024-01-17,3,7,10,False
1258,2024-01-17,3,8,10,False
1259,2024-01-17,3,9,9,False
1260,2024-01-17,3,10,15,False
1261,2024-01-17,3,11,20,False
1262,2024-01-17,3,12,11,False
1263,2024-01-17,3,13,5,False
1264,2024-01-17,3,14,9,False
1265,2024-01-17,3,15,8,False
1266,2024-01-17,3,16,1,False
1267,2024-01-17,3,17,10,False
1268,2024-01-17,3,18,2,False
1269,2024-01-17,3,19,10,False
1270,2024-01-17,3,20,4,False
1271,2024-01-17,3,21,4,False
1272,2024-01-17,3,22,11,False
1273,2024-01-17,3,23,7,False
1274,2024-01-17,3,24,1,False
1275,2024-01-17,3,25,9,False
1276,2024-01-18,1,1,28,False
1277,2024-01-18,1,2,25,False
1278,2024-01-18,1,3,20,False
1279,2024-01-18,1,4,24,False
1280,2024-01-18,1,5,12,False
1281,2024-01-18,1,6,39,False
1282,2024-01-18,1,7,44,True
1283,2024-01-18,1,8,29,False
1284,2024-01-18,1,9,22,False
1285,2024-01-18,1,10,29,False
1286,2024-01-18,1,11,37,False
1287,2024-01-18,1,12,28,False
1288,2024-01-18,1,13,16,False
1289,2024-01-18,1,14,22,False
1290,2024-01-18,1,15,10,False
1291,2024-01-18,1,16,6,False
1292,2024-01-18,1,17,21,False
1293,2024-01-18,1,18,22,False
1294,2024-01-18,1,19,24,False
1295,2024-01-18,1,20,17,False
1296,2024-01-18,1,21,13,False
1297,2024-01-18,1,22,25,False
1298,2024-01-18,1,23,10,False
1299,2024-01-18,1,24,6,False
1300,2024-01-18,1,25,23,False
1301,2024-01-18,2,1,22,False
1302,2024-01-18,2,2,22,False
1303,2024-01-18,2,3,14,False
1304,2024-01-18,2,4,20,False
1305,2024-01-18,2,5,13,False
1306,2024-01-18,2,6,20,False
1307,2024-01-18,2,7,20,False
1308,2024-01-18,2,8,23,False
1309,2024-01-18,2,9,13,False
1310,2024-01-18,2,10,24,False
1311,2024-01-18,2,11,19,False
1312,2024-01-18,2,12,24,False
1313,2024-01-18,2,13,19,False
1314,2024-01-18,2,14,19,False
1315,2024-01-18,2,15,9,False
1316,2024-01-18,2,16,9,False
1317,2024-01-18,2,17,14,False
1318,2024-01-18,2,18,20,False
1319,2024-01-18,2,19,18,True
1320,2024-01-18,2,20,18,False
1321,2024-01-18,2,21,13,False
1322,2024-01-18,2,22,9,False
1323,2024-01-18,2,23,8,False
1324,2024-01-18,2,24,6,False
1325,2024-01-18,2,25,17,False
1326,2024-01-18,3,1,7,False
1327,2024-01-18,3,2,12,False
1328,2024-01-18,3,3,10,False
1329,2024-01-18,3,4,8,False
1330,2024-01-18,3,5,9,False
1331,2024-01-18,3,6,15,False
1332,2024-01-18,3,7,9,False
1333,2024-01-18,3,8,11,False
1334,2024-01-18,3,9,11,False
1335,2024-01-18,3,10,14,False
1336,2024-01-18,3,11,15,False
1337,2024-01-18,3,12,12,False
1338,2024-01-18,3,13,6,False
1339,2024-01-18,3,14,11,False
1340,2024-01-18,3,15,5,False
1341,2024-01-18,3,16,7,False
1342,2024-01-18,3,17,17,False
1343,2024-01-18,3,18,10,False
1344,2024-01-18,3,19,26,True
1345,2024-01-18,3,20,4,False
1346,2024-01-18,3,21,7,False
1347,2024-01-18,3,22,5,False
1348,2024-01-18,3,23,5,False
1349,2024-01-18,3,24,3,False
1350,2024-01-18,3,25,2,False
1351,2024-01-19,1,1,38,False
1352,2024-01-19,1,2,39,True
1353,2024-01-19,1,3,18,False
1354,2024-01-19,1,4,32,False
1355,2024-01-19,1,5,15,False
1356,2024-01-19,1,6,28,False
1357,2024-01-19,1,7,23,False
1358,2024-01-19,1,8,28,False
1359,2024-01-19,1,9,22,False
1360,2024-01-19,1,10,41,False
1361,2024-01-19,1,11,39,False
1362,2024-01-19,1,12,54,True
1363,2024-01-19,1,13,24,False
1364,2024-01-19,1,14,35,False
1365,2024-01-19,1,15,17,False
1366,2024-01-19,1,16,12,False
1367,2024-01-19,1,17,18,False
1368,2024-01-19,1,18,33,False
1369,2024-01-19,1,19,20,False
1370,2024-01-19,1,20,20,False
1371,2024-01-19,1,21,16,False
1372,2024-01-19,1,22,17,False
1373,2024-01-19,1,23,11,False
1374,2024-01-19,1,24,8,False
1375,2024-01-19,1,25,10,False
1376,2024-01-19,2,1,41,True
1377,2024-01-19,2,2,16,False
1378,2024-01-19,2,3,19,False
1379,2024-01-19,2,4,28,False
1380,2024-01-19,2,5,13,False
1381,2024-01-19,2,6,21,False
1382,2024-01-19,2,7,17,False
1383,2024-01-19,2,8,32,True
1384,2024-01-19,2,9,15,False
1385,2024-01-19,2,10,22,False
1386,2024-01-19,2,11,28,False
1387,2024-01-19,2,12,29,False
1388,2024-01-19,2,13,12,False
1389,2024-01-19,2,14,16,False
1390,2024-01-19,2,15,3,False
1391,2024-01-19,2,16,5,False
1392,2024-01-19,2,17,23,False
1393,2024-01-19,2,18,19,False
1394,2024-01-19,2,19,16,False
1395,2024-01-19,2,20,19,True
1396,2024-01-19,2,21,9,False
1397,2024-01-19,2,22,8,False
1398,2024-01-19,2,23,8,False
1399,2024-01-19,2,24,7,False
1400,2024-01-19,2,25,12,False
1401,2024-01-19,3,1,12,False
1402,2024-01-19,3,2,12,False
1403,2024-01-19,3,3,8,False
1404,2024-01-19,3,4,15,False
1405,2024-01-19,3,5,12,False
1406,2024-01-19,3,6,18,False
1407,2024-01-19,3,7,12,False
1408,2024-01-19,3,8,12,False
1409,2024-01-19,3,9,10,False
1410,2024-01-19,3,10,15,False
1411,2024-01-19,3,11,15,False
1412,2024-01-19,3,12,14,False
1413,2024-01-19,3,13,4,False
1414,2024-01-19,3,14,4,False
1415,2024-01-19,3,15,10,False
1416,2024-01-19,3,16,1,False
1417,2024-01-19,3,17,13,False
1418,2024-01-19,3,18,11,False
1419,2024-01-19,3,19,3,False
1420,2024-01-19,3,20,7,False
1421,2024-01-19,3,21,12,False
1422,2024-01-19,3,22,8,False
1423,2024-01-19,3,23,8,False
1424,2024-01-19,3,24,0,False
1425,2024-01-19,3,25,8,False
1426,2024-01-20,1,1,71,True
1427,2024-01-20,1,2,29,False
1428,2024-01-20,1,3,20,False
1429,2024-01-20,1,4,38,False
1430,2024-01-20,1,5,21,False
1431,2024-01-20,1,6,42,False
1432,2024-01-20,1,7,31,False
1433,2024-01-20,1,8,49,False
1434,2024-01-20,1,9,29,False
1435,2024-01-20,1,10,55,False
1436,2024-01-20,1,11,44,False
1437,2024-01-20,1,12,45,False
1438,2024-01-20,1,13,23,False
1439,2024-01-20,1,14,28,False
1440,2024-01-20,1,15,20,False
1441,2024-01-20,1,16,19,False
1442,2024-01-20,1,17,26,False
1443,2024-01-20,1,18,23,False
1444,2024-01-20,1,19,36,False
1445,2024-01-20,1,20,17,False
1446,2024-01-20,1,21,27,True
1447,2024-01-20,1,22,15,False
1448,2024-01-20,1,23,14,False
1449,2024-01-20,1,24,8,False
1450,2024-01-20,1,25,18,False
1451,2024-01-20,2,1,37,False
1452,2024-01-20,2,2,20,False
1453,2024-01-20,2,3,18,False
1454,2024-01-20,2,4,28,False
1455,2024-01-20,2,5,12,False
1456,2024-01-20,2,6,31,False
1457,2024-01-20,2,7,26,False
1458,2024-01-20,2,8,22,False
1459,2024-01-20,2,9,33,True
1460,2024-01-20,2,10,32,False
1461,2024-01-20,2,11,41,False
1462,2024-01-20,2,12,21,False
1463,2024-01-20,2,13,17,False
1464,2024-01-20,2,14,29,False
1465,2024-01-20,2,15,12,False
1466,2024-01-20,2,16,11,False
1467,2024-01-20,2,17,17,False
1468,2024-01-20,2,18,26,False
1469,2024-01-20,2,19,27,False
1470,2024-01-20,2,20,23,False
1471,2024-01-20,2,21,12,False
1472,2024-01-20,2,22,10,False
1473,2024-01-20,2,23,11,False
1474,2024-01-20,2,24,11,False
1475,2024-01-20,2,25,5,False
1476,2024-01-20,3,1,14,False
1477,2024-01-20,3,2,19,False
1478,2024-01-20,3,3,7,False
1479,2024-01-20,3,4,15,False
1480,2024-01-20,3,5,9,False
1481,2024-01-20,3,6,7,False
1482,2024-01-20,3,7,14,False
1483,2024-01-20,3,8,14,False
1484,2024-01-20,3,9,14,False
1485,2024-01-20,3,10,13,False
1486,2024-01-20,3,11,19,False
1487,2024-01-20,3,12,13,False
1488,2024-01-20,3,13,14,False
1489,2024-01-20,3,14,14,False
1490,2024-01-20,3,15,9,False
1491,2024-01-20,3,16,0,False
1492,2024-01-20,3,17,4,False
1493,2024-01-20,3,18,10,False
1494,2024-01-20,3,19,17,False
1495,2024-01-20,3,20,9,False
1496,2024-01-20,3,21,4,False
1497,2024-01-20,3,22,5,False
1498,2024-01-20,3,23,1,False
1499,2024-01-20,3,24,15,False
1500,2024-01-20,3,25,4,False
1501,2024-01-21,1,1,60,False
1502,2024-01-21,1,2,30,False
1503,2024-01-21,1,3,27,False
1504,2024-01-21,1,4,38,False
1505,2024-01-21,1,5,27,True
1506,2024-01-21,1,6,35,False
1507,2024-01-21,1,7,43,False
1508,2024-01-21,1,8,38,False
1509,2024-01-21,1,9,27,False
1510,2024-01-21,1,10,43,False
1511,2024-01-21,1,11,40,False
1512,2024-01-21,1,12,45,False
1513,2024-01-21,1,13,22,False
1514,2024-01-21,1,14,33,False
1515,2024-01-21,1,15,24,False
1516,2024-01-21,1,16,16,False
1517,2024-01-21,1,17,34,False
1518,2024-01-21,1,18,30,False
1519,2024-01-21,1,19,28,False
1520,2024-01-21,1,20,19,False
1521,2024-01-21,1,21,16,False
1522,2024-01-21,1,22,13,False
1523,2024-01-21,1,23,18,False
1524,2024-01-21,1,24,8,False
1525,2024-01-21,1,25,21,False
1526,2024-01-21,2,1,32,False
1527,2024-01-21,2,2,25,False
1528,2024-01-21,2,3,22,False
1529,2024-01-21,2,4,30,False
1530,2024-01-21,2,5,14,False
1531,2024-01-21,2,6,24,False
1532,2024-01-21,2,7,22,False
1533,2024-01-21,2,8,26,False
1534,2024-01-21,2,9,14,False
1535,2024-01-21,2,10,53,True
1536,2024-01-21,2,11,28,False
1537,2024-01-21,2,12,29,False
1538,2024-01-21,2,13,20,False
1539,2024-01-21,2,14,23,False
1540,2024-01-21,2,15,8,False
1541,2024-01-21,2,16,11,False
1542,2024-01-21,2,17,19,False
1543,2024-01-21,2,18,17,False
1544,2024-01-21,2,19,25,False
1545,2024-01-21,2,20,20,False
1546,2024-01-21,2,21,14,False
1547,2024-01-21,2,22,12,False
1548,2024-01-21,2,23,13,False
1549,2024-01-21,2,24,10,False
1550,2024-01-21,2,25,15,False
1551,2024-01-21,3,1,16,False
1552,2024-01-21,3,2,20,False
1553,2024-01-21,3,3,10,False
1554,2024-01-21,3,4,24,False
1555,2024-01-21,3,5,12,False
1556,2024-01-21,3,6,15,False
1557,2024-01-21,3,7,15,False
1558,2024-01-21,3,8,10,False
1559,2024-01-21,3,9,17,False
1560,2024-01-21,3,10,27,False
1561,2024-01-21,3,11,19,False
1562,2024-01-21,3,12,21,False
1563,2024-01-21,3,13,10,False
1564,2024-01-21,3,14,13,False
1565,2024-01-21,3,15,4,False
1566,2024-01-21,3,16,5,False
1567,2024-01-21,3,17,12,False
1568,2024-01-21,3,18,8,False
1569,2024-01-21,3,19,14,False
1570,2024-01-21,3,20,15,True
1571,2024-01-21,3,21,9,False
1572,2024-01-21,3,22,6,False
1573,2024-01-21,3,23,5,False
1574,2024-01-21,3,24,7,False
1575,2024-01-21,3,25,11,False
1576,2024-01-22,1,1,38,False
1577,2024-01-22,1,2,27,False
1578,2024-01-22,1,3,20,False
1579,2024-01-22,1,4,21,False
1580,2024-01-22,1,5,17,False
1581,2024-01-22,1,6,29,False
1582,2024-01-22,1,7,17,False
1583,2024-01-22,1,8,29,False
1584,2024-01-22,1,9,24,False
1585,2024-01-22,1,10,37,False
1586,2024-01-22,1,11,36,False
1587,2024-01-22,1,12,41,False
1588,2024-01-22,1,13,9,False
1589,2024-01-22,1,14,40,False
1590,2024-01-22,1,15,18,False
1591,2024-01-22,1,16,20,False
1592,2024-01-22,1,17,25,False
1593,2024-01-22,1,18,19,False
1594,2024-01-22,1,19,26,False
1595,2024-01-22,1,20,26,True
1596,2024-01-22,1,21,6,False
1597,2024-01-22,1,22,22,False
1598,2024-01-22,1,23,16,False
1599,2024-01-22,1,24,10,False
1600,2024-01-22,1,25,11,False
1601,2024-01-22,2,1,30,False
1602,2024-01-22,2,2,22,False
1603,2024-01-22,2,3,23,False
1604,2024-01-22,2,4,23,False
1605,2024-01-22,2,5,18,False
1606,2024-01-22,2,6,24,False
1607,2024-01-22,2,7,11,False
1608,2024-01-22,2,8,18,False
1609,2024-01-22,2,9,18,False
1610,2024-01-22,2,10,23,False
1611,2024-01-22,2,11,27,False
1612,2024-01-22,2,12,21,False
1613,2024-01-22,2,13,15,False
1614,2024-01-22,2,14,21,False
1615,2024-01-22,2,15,11,False
1616,2024-01-22,2,16,3,False
1617,2024-01-22,2,17,13,False
1618,2024-01-22,2,18,18,False
1619,2024-01-22,2,19,22,False
1620,2024-01-22,2,20,13,False
1621,2024-01-22,2,21,13,False
1622,2024-01-22,2,22,13,False
1623,2024-01-22,2,23,5,False
1624,2024-01-22,2,24,2,False
1625,2024-01-22,2,25,8,False
1626,2024-01-22,3,1,17,False
1627,2024-01-22,3,2,9,False
1628,2024-01-22,3,3,8,False
1629,2024-01-22,3,4,9,False
1630,2024-01-22,3,5,8,False
1631,2024-01-22,3,6,15,False
1632,2024-01-22,3,7,11,False
1633,2024-01-22,3,8,10,False
1634,2024-01-22,3,9,1,False
1635,2024-01-22,3,10,13,False
1636,2024-01-22,3,11,13,True
1637,2024-01-22,3,12,15,False
1638,2024-01-22,3,13,8,False
1639,2024-01-22,3,14,10,False
1640,2024-01-22,3,15,6,False
1641,2024-01-22,3,16,6,False
1642,2024-01-22,3,17,8,False
1643,2024-01-22,3,18,15,True
1644,2024-01-22,3,19,8,False
1645,2024-01-22,3,20,4,False
1646,2024-01-22,3,21,6,True
1647,2024-01-22,3,22,0,False
1648,2024-01-22,3,23,9,False
1649,2024-01-22,3,24,4,False
1650,2024-01-22,3,25,5,False
1651,2024-01-23,1,1,35,False
1652,2024-01-23,1,2,30,False
1653,2024-01-23,1,3,15,False
1654,2024-01-23,1,4,22,False
1655,2024-01-23,1,5,8,False
1656,2024-01-23,1,6,26,False
1657,2024-01-23,1,7,28,False
1658,2024-01-23,1,8,31,False
1659,2024-01-23,1,9,14,False
1660,2024-01-23,1,10,47,False
1661,2024-01-23,1,11,37,False
1662,2024-01-23,1,12,39,False
1663,2024-01-23,1,13,20,False
1664,2024-01-23,1,14,16,False
1665,2024-01-23,1,15,7,False
1666,2024-01-23,1,16,11,False
1667,2024-01-23,1,17,20,False
1668,2024-01-23,1,18,22,False
1669,2024-01-23,1,19,18,False
1670,2024-01-23,1,20,16,False
1671,2024-01-23,1,21,13,False
1672,2024-01-23,1,22,9,False
1673,2024-01-23,1,23,11,False
1674,2024-01-23,1,24,10,False
1675,2024-01-23,1,25,12,False
1676,2024-01-23,2,1,15,False
1677,2024-01-23,2,2,15,False
1678,2024-01-23,2,3,18,False
1679,2024-01-23,2,4,30,True
1680,2024-01-23,2,5,6,False
1681,2024-01-23,2,6,24,False
1682,2024-01-23,2,7,12,False
1683,2024-01-23,2,8,23,False
1684,2024-01-23,2,9,13,False
1685,2024-01-23,2,10,20,False
1686,2024-01-23,2,11,33,False
1687,2024-01-23,2,12,18,False
1688,2024-01-23,2,13,14,False
1689,2024-01-23,2,14,18,False
1690,2024-01-23,2,15,10,False
1691,2024-01-23,2,16,6,False
1692,2024-01-23,2,17,16,False
1693,2024-01-23,2,18,14,False
1694,2024-01-23,2,19,26,False
1695,2024-01-23,2,20,11,False
1696,2024-01-23,2,21,11,False
1697,2024-01-23,2,22,10,False
1698,2024-01-23,2,23,7,False
1699,2024-01-23,2,24,8,False
1700,2024-01-23,2,25,19,False
1701,2024-01-23,3,1,10,False
1702,2024-01-23,3,2,13,False
1703,2024-01-23,3,3,6,False
1704,2024-01-23,3,4,9,False
1705,2024-01-23,3,5,12,True
1706,2024-01-23,3,6,15,False
1707,2024-01-23,3,7,14,False
1708,2024-01-23,3,8,20,False
1709,2024-01-23,3,9,7,False
1710,2024-01-23,3,10,14,False
1711,2024-01-23,3,11,15,False
1712,2024-01-23,3,12,10,False
1713,2024-01-23,3,13,6,False
1714,2024-01-23,3,14,9,False
1715,2024-01-23,3,15,5,False
1716,2024-01-23,3,16,5,False
1717,2024-01-23,3,17,3,False
1718,2024-01-23,3,18,8,False
1719,2024-01-23,3,19,10,False
1720,2024-01-23,3,20,8,False
1721,2024-01-23,3,21,10,False
1722,2024-01-23,3,22,6,False
1723,2024-01-23,3,23,6,False
1724,2024-01-23,3,24,1,False
1725,2024-01-23,3,25,7,False
1726,2024-01-24,1,1,28,False
1727,2024-01-24,1,2,28,False
1728,2024-01-24,1,3,19,False
1729,2024-01-24,1,4,23,False
1730,2024-01-24,1,5,16,False
1731,2024-01-24,1,6,48,True
1732,2024-01-24,1,7,28,False
1733,2024-01-24,1,8,26,False
1734,2024-01-24,1,9,19,False
1735,2024-01-24,1,10,30,False
1736,2024-01-24,1,11,49,False
1737,2024-01-24,1,12,58,True
1738,2024-01-24,1,13,12,False
1739,2024-01-24,1,14,20,False
1740,2024-01-24,1,15,19,True
1741,2024-01-24,1,16,25,True
1742,2024-01-24,1,17,24,False
1743,2024-01-24,1,18,19,False
1744,2024-01-24,1,19,42,False
1745,2024-01-24,1,20,21,True
1746,2024-01-24,1,21,12,False
1747,2024-01-24,1,22,12,False
1748,2024-01-24,1,23,6,False
1749,2024-01-24,1,24,13,False
1750,2024-01-24,1,25,22,False
1751,2024-01-24,2,1,49,True
1752,2024-01-24,2,2,12,False
1753,2024-01-24,2,3,13,False
1754,2024-01-24,2,4,21,False
1755,2024-01-24,2,5,8,False
1756,2024-01-24,2,6,30,False
1757,2024-01-24,2,7,15,False
1758,2024-01-24,2,8,19,False
1759,2024-01-24,2,9,10,False
1760,2024-01-24,2,10,19,False
1761,2024-01-24,2,11,19,False
1762,2024-01-24,2,12,22,False
1763,2024-01-24,2,13,14,False
1764,2024-01-24,2,14,17,False
1765,2024-01-24,2,15,13,False
1766,2024-01-24,2,16,4,False
1767,2024-01-24,2,17,16,False
1768,2024-01-24,2,18,18,False
1769,2024-01-24,2,19,22,False
1770,2024-01-24,2,20,7,False
1771,2024-01-24,2,21,14,False
1772,2024-01-24,2,22,6,False
1773,2024-01-24,2,23,6,False
1774,2024-01-24,2,24,12,False
1775,2024-01-24,2,25,7,False
1776,2024-01-24,3,1,11,False
1777,2024-01-24,3,2,14,False
1778,2024-01-24,3,3,5,False
1779,2024-01-24,3,4,9,False
1780,2024-01-24,3,5,8,False
1781,2024-01-24,3,6,15,False
1782,2024-01-24,3,7,10,False
1783,2024-01-24,3,8,11,False
1784,2024-01-24,3,9,7,False
1785,2024-01-24,3,10,9,False
1786,2024-01-24,3,11,13,False
1787,2024-01-24,3,12,12,True
1788,2024-01-24,3,13,13,False
1789,2024-01-24,3,14,7,False
1790,2024-01-24,3,15,8,False
1791,2024-01-24,3,16,4,False
1792,2024-01-24,3,17,12,False
1793,2024-01-24,3,18,13,False
1794,2024-01-24,3,19,9,False
1795,2024-01-24,3,20,7,False
1796,2024-01-24,3,21,3,False
1797,2024-01-24,3,22,5,False
1798,2024-01-24,3,23,1,False
1799,2024-01-24,3,24,4,False
1800,2024-01-24,3,25,5,False
1801,2024-01-25,1,1,31,False
1802,2024-01-25,1,2,19,False
1803,2024-01-25,1,3,20,False
1804,2024-01-25,1,4,24,False
1805,2024-01-25,1,5,17,False
1806,2024-01-25,1,6,28,False
1807,2024-01-25,1,7,26,False
1808,2024-01-25,1,8,30,False
1809,2024-01-25,1,9,19,False
1810,2024-01-25,1,10,36,False
1811,2024-01-25,1,11,33,False
1812,2024-01-25,1,12,26,False
1813,2024-01-25,1,13,31,True
1814,2024-01-25,1,14,19,False
1815,2024-01-25,1,15,7,False
1816,2024-01-25,1,16,11,False
1817,2024-01-25,1,17,16,False
1818,2024-01-25,1,18,28,False
1819,2024-01-25,1,19,23,False
1820,2024-01-25,1,20,13,False
1821,2024-01-25,1,21,17,False
1822,2024-01-25,1,22,8,False
1823,2024-01-25,1,23,10,False
1824,2024-01-25,1,24,26,True
1825,2024-01-25,1,25,13,True
1826,2024-01-25,2,1,21,False
1827,2024-01-25,2,2,15,False
1828,2024-01-25,2,3,9,False
1829,2024-01-25,2,4,16,False
1830,2024-01-25,2,5,13,False
1831,2024-01-25,2,6,26,False
1832,2024-01-25,2,7,16,False
1833,2024-01-25,2,8,34,True
1834,2024-01-25,2,9,17,False
1835,2024-01-25,2,10,32,False
1836,2024-01-25,2,11,17,False
1837,2024-01-25,2,12,22,False
1838,2024-01-25,2,13,14,False
1839,2024-01-25,2,14,22,False
1840,2024-01-25,2,15,13,False
1841,2024-01-25,2,16,8,False
1842,2024-01-25,2,17,19,False
1843,2024-01-25,2,18,17,False
1844,2024-01-25,2,19,21,False
1845,2024-01-25,2,20,12,False
1846,2024-01-25,2,21,7,False
1847,2024-01-25,2,22,7,False
1848,2024-01-25,2,23,4,False
1849,2024-01-25,2,24,0,False
1850,2024-01-25,2,25,11,False
1851,2024-01-25,3,1,16,False
1852,2024-01-25,3,2,14,False
1853,2024-01-25,3,3,3,False
1854,2024-01-25,3,4,19,False
1855,2024-01-25,3,5,6,False
1856,2024-01-25,3,6,13,False
1857,2024-01-25,3,7,10,False
1858,2024-01-25,3,8,11,False
1859,2024-01-25,3,9,7,False
1860,2024-01-25,3,10,7,False
1861,2024-01-25,3,11,16,False
1862,2024-01-25,3,12,6,False
1863,2024-01-25,3,13,4,False
1864,2024-01-25,3,14,9,False
1865,2024-01-25,3,15,5,False
1866,2024-01-25,3,16,3,False
1867,2024-01-25,3,17,17,False
1868,2024-01-25,3,18,11,False
1869,2024-01-25,3,19,10,False
1870,2024-01-25,3,20,8,False
1871,2024-01-25,3,21,7,False
1872,2024-01-25,3,22,5,False
1873,2024-01-25,3,23,4,False
1874,2024-01-25,3,24,3,False
1875,2024-01-25,3,25,4,False
1876,2024-01-26,1,1,26,False
1877,2024-01-26,1,2,21,False
1878,2024-01-26,1,3,29,True
1879,2024-01-26,1,4,26,False
1880,2024-01-26,1,5,16,False
1881,2024-01-26,1,6,28,False
1882,2024-01-26,1,7,22,False
1883,2024-01-26,1,8,22,False
1884,2024-01-26,1,9,18,False
1885,2024-01-26,1,10,23,False
1886,2024-01-26,1,11,31,False
1887,2024-01-26,1,12,24,False
1888,2024-01-26,1,13,19,False
1889,2024-01-26,1,14,35,False
1890,2024-01-26,1,15,17,False
1891,2024-01-26,1,16,12,False
1892,2024-01-26,1,17,21,False
1893,2024-01-26,1,18,26,False
1894,2024-01-26,1,19,49,True
1895,2024-01-26,1,20,23,False
1896,2024-01-26,1,21,7,False
1897,2024-01-26,1,22,26,False
1898,2024-01-26,1,23,8,False
1899,2024-01-26,1,24,10,False
1900,2024-01-26,1,25,14,False
1901,2024-01-26,2,1,30,False
1902,2024-01-26,2,2,45,True
1903,2024-01-26,2,3,17,False
1904,2024-01-26,2,4,25,False
1905,2024-01-26,2,5,9,False
1906,2024-01-26,2,6,31,True
1907,2024-01-26,2,7,16,False
1908,2024-01-26,2,8,12,False
1909,2024-01-26,2,9,7,False
1910,2024-01-26,2,10,17,False
1911,2024-01-26,2,11,22,False
1912,2024-01-26,2,12,23,False
1913,2024-01-26,2,13,9,False
1914,2024-01-26,2,14,23,False
1915,2024-01-26,2,15,10,False
1916,2024-01-26,2,16,6,False
1917,2024-01-26,2,17,16,False
1918,2024-01-26,2,18,23,False
1919,2024-01-26,2,19,26,False
1920,2024-01-26,2,20,13,False
1921,2024-01-26,2,21,7,False
1922,2024-01-26,2,22,9,False
1923,2024-01-26,2,23,2,False
1924,2024-01-26,2,24,10,False
1925,2024-01-26,2,25,8,False
1926,2024-01-26,3,1,16,False
1927,2024-01-26,3,2,23,True
1928,2024-01-26,3,3,10,False
1929,2024-01-26,3,4,7,False
1930,2024-01-26,3,5,3,False
1931,2024-01-26,3,6,15,False
1932,2024-01-26,3,7,16,False
1933,2024-01-26,3,8,18,False
1934,2024-01-26,3,9,9,False
1935,2024-01-26,3,10,18,False
1936,2024-01-26,3,11,9,False
1937,2024-01-26,3,12,16,False
1938,2024-01-26,3,13,8,False
1939,2024-01-26,3,14,15,False
1940,2024-01-26,3,15,7,False
1941,2024-01-26,3,16,7,False
1942,2024-01-26,3,17,8,False
1943,2024-01-26,3,18,8,False
1944,2024-01-26,3,19,25,False
1945,2024-01-26,3,20,13,False
1946,2024-01-26,3,21,7,False
1947,2024-01-26,3,22,3,False
1948,2024-01-26,3,23,5,False
1949,2024-01-26,3,24,0,False
1950,2024-01-26,3,25,8,False
1951,2024-01-27,1,1,48,False
1952,2024-01-27,1,2,21,False
1953,2024-01-27,1,3,37,False
1954,2024-01-27,1,4,35,False
1955,2024-01-27,1,5,22,False
1956,2024-01-27,1,6,36,False
1957,2024-01-27,1,7,30,False
1958,2024-01-27,1,8,64,True
1959,2024-01-27,1,9,19,False
1960,2024-01-27,1,10,32,False
1961,2024-01-27,1,11,39,False
1962,2024-01-27,1,12,38,False
1963,2024-01-27,1,13,23,False
1964,2024-01-27,1,14,56,True
1965,2024-01-27,1,15,16,False
1966,2024-01-27,1,16,12,False
1967,2024-01-27,1,17,23,False
1968,2024-01-27,1,18,23,False
1969,2024-01-27,1,19,32,False
1970,2024-01-27,1,20,22,False
1971,2024-01-27,1,21,10,False
1972,2024-01-27,1,22,12,False
1973,2024-01-27,1,23,12,False
1974,2024-01-27,1,24,14,False
1975,2024-01-27,1,25,17,False
1976,2024-01-27,2,1,31,False
1977,2024-01-27,2,2,22,False
1978,2024-01-27,2,3,20,False
1979,2024-01-27,2,4,18,False
1980,2024-01-27,2,5,14,False
1981,2024-01-27,2,6,34,False
1982,2024-01-27,2,7,25,False
1983,2024-01-27,2,8,32,False
1984,2024-01-27,2,9,25,False
1985,2024-01-27,2,10,24,False
1986,2024-01-27,2,11,19,False
1987,2024-01-27,2,12,27,False
1988,2024-01-27,2,13,25,False
1989,2024-01-27,2,14,16,False
1990,2024-01-27,2,15,12,False
1991,2024-01-27,2,16,17,False
1992,2024-01-27,2,17,16,False
1993,2024-01-27,2,18,24,False
1994,2024-01-27,2,19,29,False
1995,2024-01-27,2,20,16,False
1996,2024-01-27,2,21,15,False
1997,2024-01-27,2,22,11,False
1998,2024-01-27,2,23,7,False
1999,2024-01-27,2,24,13,False
2000,2024-01-27,2,25,7,False
2001,2024-01-27,3,1,22,False
2002,2024-01-27,3,2,18,False
2003,2024-01-27,3,3,12,False
2004,2024-01-27,3,4,11,False
2005,2024-01-27,3,5,12,False
2006,2024-01-27,3,6,20,False
2007,2024-01-27,3,7,11,False
2008,2024-01-27,3,8,15,False
2009,2024-01-27,3,9,6,False
2010,2024-01-27,3,10,18,False
2011,2024-01-27,3,11,13,False
2012,2024-01-27,3,12,12,False
2013,2024-01-27,3,13,20,False
2014,2024-01-27,3,14,16,False
2015,2024-01-27,3,15,13,False
2016,2024-01-27,3,16,4,False
2017,2024-01-27,3,17,9,False
2018,2024-01-27,3,18,14,False
2019,2024-01-27,3,19,16,False
2020,2024-01-27,3,20,9,False
2021,2024-01-27,3,21,9,False
2022,2024-01-27,3,22,11,False
2023,2024-01-27,3,23,3,False
2024,2024-01-27,3,24,7,False
2025,2024-01-27,3,25,7,False
2026,2024-01-28,1,1,53,False
2027,2024-01-28,1,2,35,False
2028,2024-01-28,1,3,16,False
2029,2024-01-28,1,4,37,False
2030,2024-01-28,1,5,18,False
2031,2024-01-28,1,6,41,False
2032,2024-01-28,1,7,25,False
2033,2024-01-28,1,8,32,False
2034,2024-01-28,1,9,17,False
2035,2024-01-28,1,10,44,False
2036,2024-01-28,1,11,43,False
2037,2024-01-28,1,12,60,True
2038,2024-01-28,1,13,12,False
2039,2024-01-28,1,14,35,False
2040,2024-01-28,1,15,13,False
2041,2024-01-28,1,16,18,False
2042,2024-01-28,1,17,27,False
2043,2024-01-28,1,18,25,False
2044,2024-01-28,1,19,37,False
2045,2024-01-28,1,20,16,False
2046,2024-01-28,1,21,11,False
2047,2024-01-28,1,22,11,False
2048,2024-01-28,1,23,8,False
2049,2024-01-28,1,24,6,False
2050,2024-01-28,1,25,15,False
2051,2024-01-28,2,1,22,False
2052,2024-01-28,2,2,28,False
2053,2024-01-28,2,3,16,False
2054,2024-01-28,2,4,31,True
2055,2024-01-28,2,5,13,False
2056,2024-01-28,2,6,31,False
2057,2024-01-28,2,7,28,False
2058,2024-01-28,2,8,40,False
2059,2024-01-28,2,9,21,False
2060,2024-01-28,2,10,25,False
2061,2024-01-28,2,11,39,False
2062,2024-01-28,2,12,31,False
2063,2024-01-28,2,13,11,False
2064,2024-01-28,2,14,18,False
2065,2024-01-28,2,15,14,False
2066,2024-01-28,2,16,14,False
2067,2024-01-28,2,17,27,False
2068,2024-01-28,2,18,29,False
2069,2024-01-28,2,19,20,False
2070,2024-01-28,2,20,17,False
2071,2024-01-28,2,21,17,False
2072,2024-01-28,2,22,14,False
2073,2024-01-28,2,23,10,False
2074,2024-01-28,2,24,8,False
2075,2024-01-28,2,25,18,False
2076,2024-01-28,3,1,24,False
2077,2024-01-28,3,2,19,False
2078,2024-01-28,3,3,10,False
2079,2024-01-28,3,4,22,False
2080,2024-01-28,3,5,14,False
2081,2024-01-28,3,6,26,False
2082,2024-01-28,3,7,12,False
2083,2024-01-28,3,8,26,False
2084,2024-01-28,3,9,8,False
2085,2024-01-28,3,10,19,False
2086,2024-01-28,3,11,12,False
2087,2024-01-28,3,12,17,False
2088,2024-01-28,3,13,7,False
2089,2024-01-28,3,14,14,False
2090,2024-01-28,3,15,8,False
2091,2024-01-28,3,16,11,False
2092,2024-01-28,3,17,12,False
2093,2024-01-28,3,18,16,False
2094,2024-01-28,3,19,21,False
2095,2024-01-28,3,20,9,False
2096,2024-01-28,3,21,7,False
2097,2024-01-28,3,22,7,False
2098,2024-01-28,3,23,7,False
2099,2024-01-28,3,24,0,False
2100,2024-01-28,3,25,8,False
2101,2024-01-29,1,1,31,False
2102,2024-01-29,1,2,31,False
2103,2024-01-29,1,3,23,False
2104,2024-01-29,1,4,33,False
2105,2024-01-29,1,5,15,False
2106,2024-01-29,1,6,34,False
2107,2024-01-29,1,7,30,False
2108,2024-01-29,1,8,39,False
2109,2024-01-29,1,9,18,False
2110,2024-01-29,1,10,33,False
2111,2024-01-29,1,11,48,True
2112,2024-01-29,1,12,38,False
2113,2024-01-29,1,13,13,False
2114,2024-01-29,1,14,29,False
2115,2024-01-29,1,15,16,False
2116,2024-01-29,1,16,7,False
2117,2024-01-29,1,17,24,False
2118,2024-01-29,1,18,26,False
2119,2024-01-29,1,19,23,False
2120,2024-01-29,1,20,17,False
2121,2024-01-29,1,21,14,False
2122,2024-01-29,1,22,18,False
2123,2024-01-29,1,23,3,False
2124,2024-01-29,1,24,11,False
2125,2024-01-29,1,25,11,False
2126,2024-01-29,2,1,26,False
2127,2024-01-29,2,2,10,False
2128,2024-01-29,2,3,16,False
2129,2024-01-29,2,4,14,False
2130,2024-01-29,2,5,6,False
2131,2024-01-29,2,6,14,False
2132,2024-01-29,2,7,17,False
2133,2024-01-29,2,8,20,False
2134,2024-01-29,2,9,16,False
2135,2024-01-29,2,10,28,False
2136,2024-01-29,2,11,28,False
2137,2024-01-29,2,12,33,True
2138,2024-01-29,2,13,15,False
2139,2024-01-29,2,14,13,False
2140,2024-01-29,2,15,8,False
2141,2024-01-29,2,16,9,False
2142,2024-01-29,2,17,17,False
2143,2024-01-29,2,18,11,False
2144,2024-01-29,2,19,20,False
2145,2024-01-29,2,20,5,False
2146,2024-01-29,2,21,11,True
2147,2024-01-29,2,22,14,False
2148,2024-01-29,2,23,13,False
2149,2024-01-29,2,24,2,False
2150,2024-01-29,2,25,12,False
2151,2024-01-29,3,1,13,False
2152,2024-01-29,3,2,13,False
2153,2024-01-29,3,3,11,False
2154,2024-01-29,3,4,11,False
2155,2024-01-29,3,5,4,False
2156,2024-01-29,3,6,17,False
2157,2024-01-29,3,7,15,False
2158,2024-01-29,3,8,6,False
2159,2024-01-29,3,9,5,False
2160,2024-01-29,3,10,20,False
2161,2024-01-29,3,11,11,False
2162,2024-01-29,3,12,11,False
2163,2024-01-29,3,13,6,False
2164,2024-01-29,3,14,11,False
2165,2024-01-29,3,15,6,False
2166,2024-01-29,3,16,2,False
2167,2024-01-29,3,17,10,False
2168,2024-01-29,3,18,20,True
2169,2024-01-29,3,19,10,False
2170,2024-01-29,3,20,8,False
2171,2024-01-29,3,21,7,False
2172,2024-01-29,3,22,6,False
2173,2024-01-29,3,23,9,True
2174,2024-01-29,3,24,2,False
2175,2024-01-29,3,25,5,False
2176,2024-01-30,1,1,30,False
2177,2024-01-30,1,2,25,False
2178,2024-01-30,1,3,18,False
2179,2024-01-30,1,4,32,False
2180,2024-01-30,1,5,15,False
2181,2024-01-30,1,6,27,False
2182,2024-01-30,1,7,25,False
2183,2024-01-30,1,8,21,False
2184,2024-01-30,1,9,21,False
2185,2024-01-30,1,10,30,False
2186,2024-01-30,1,11,31,False
2187,2024-01-30,1,12,34,False
2188,2024-01-30,1,13,17,False
2189,2024-01-30,1,14,31,False
2190,2024-01-30,1,15,7,False
2191,2024-01-30,1,16,12,False
2192,2024-01-30,1,17,30,False
2193,2024-01-30,1,18,19,False
2194,2024-01-30,1,19,27,False
2195,2024-01-30,1,20,14,False
2196,2024-01-30,1,21,11,False
2197,2024-01-30,1,22,12,False
2198,2024-01-30,1,23,9,False
2199,2024-01-30,1,24,12,False
2200,2024-01-30,1,25,16,False
2201,2024-01-30,2,1,22,False
2202,2024-01-30,2,2,19,False
2203,2024-01-30,2,3,15,False
2204,2024-01-30,2,4,20,False
2205,2024-01-30,2,5,11,False
2206,2024-01-30,2,6,27,True
2207,2024-01-30,2,7,19,False
2208,2024-01-30,2,8,15,False
2209,2024-01-30,2,9,10,False
2210,2024-01-30,2,10,31,False
2211,2024-01-30,2,11,30,False
2212,2024-01-30,2,12,16,False
2213,2024-01-30,2,13,11,False
2214,2024-01-30,2,14,21,False
2215,2024-01-30,2,15,7,False
2216,2024-01-30,2,16,9,False
2217,2024-01-30,2,17,16,False
2218,2024-01-30,2,18,21,False
2219,2024-01-30,2,19,19,False
2220,2024-01-30,2,20,7,False
2221,2024-01-30,2,21,13,False
2222,2024-01-30,2,22,9,False
2223,2024-01-30,2,23,2,False
2224,2024-01-30,2,24,7,False
2225,2024-01-30,2,25,9,False
2226,2024-01-30,3,1,11,False
2227,2024-01-30,3,2,10,False
2228,2024-01-30,3,3,14,False
2229,2024-01-30,3,4,10,False
2230,2024-01-30,3,5,4,False
2231,2024-01-30,3,6,14,False
2232,2024-01-30,3,7,8,False
2233,2024-01-30,3,8,11,False
2234,2024-01-30,3,9,10,False
2235,2024-01-30,3,10,7,False
2236,2024-01-30,3,11,20,False
2237,2024-01-30,3,12,13,False
2238,2024-01-30,3,13,9,False
2239,2024-01-30,3,14,10,False
2240,2024-01-30,3,15,10,True
2241,2024-01-30,3,16,3,False
2242,2024-01-30,3,17,11,False
2243,2024-01-30,3,18,24,False
2244,2024-01-30,3,19,15,False
2245,2024-01-30,3,20,5,False
2246,2024-01-30,3,21,5,False
2247,2024-01-30,3,22,6,False
2248,2024-01-30,3,23,5,False
2249,2024-01-30,3,24,4,False
2250,2024-01-30,3,25,6,False
2251,2024-01-31,1,1,37,False
2252,2024-01-31,1,2,30,False
2253,2024-01-31,1,3,9,False
2254,2024-01-31,1,4,32,False
2255,2024-01-31,1,5,12,False
2256,2024-01-31,1,6,36,False
2257,2024-01-31,1,7,35,False
2258,2024-01-31,1,8,40,False
2259,2024-01-31,1,9,18,False
2260,2024-01-31,1,10,58,True
2261,2024-01-31,1,11,34,False
2262,2024-01-31,1,12,32,False
2263,2024-01-31,1,13,22,False
2264,2024-01-31,1,14,27,False
2265,2024-01-31,1,15,19,False
2266,2024-01-31,1,16,16,False
2267,2024-01-31,1,17,24,False
2268,2024-01-31,1,18,17,False
2269,2024-01-31,1,19,27,False
2270,2024-01-31,1,20,14,False
2271,2024-01-31,1,21,17,False
2272,2024-01-31,1,22,10,False
2273,2024-01-31,1,23,10,False
2274,2024-01-31,1,24,14,False
2275,2024-01-31,1,25,12,False
2276,2024-01-31,2,1,26,False
2277,2024-01-31,2,2,23,False
2278,2024-01-31,2,3,14,False
2279,2024-01-31,2,4,23,False
2280,2024-01-31,2,5,10,False
2281,2024-01-31,2,6,25,False
2282,2024-01-31,2,7,15,False
2283,2024-01-31,2,8,19,False
2284,2024-01-31,2,9,14,False
2285,2024-01-31,2,10,22,False
2286,2024-01-31,2,11,25,False
2287,2024-01-31,2,12,28,False
2288,2024-01-31,2,13,19,False
2289,2024-01-31,2,14,15,False
2290,2024-01-31,2,15,11,False
2291,2024-01-31,2,16,9,False
2292,2024-01-31,2,17,10,False
2293,2024-01-31,2,18,12,False
2294,2024-01-31,2,19,23,False
2295,2024-01-31,2,20,9,False
2296,2024-01-31,2,21,8,False
2297,2024-01-31,2,22,4,False
2298,2024-01-31,2,23,5,False
2299,2024-01-31,2,24,9,False
2300,2024-01-31,2,25,6,False
2301,2024-01-31,3,1,10,False
2302,2024-01-31,3,2,11,False
2303,2024-01-31,3,3,4,False
2304,2024-01-31,3,4,14,False
2305,2024-01-31,3,5,11,False
2306,2024-01-31,3,6,16,False
2307,2024-01-31,3,7,11,False
2308,2024-01-31,3,8,16,False
2309,2024-01-31,3,9,5,False
2310,2024-01-31,3,10,21,False
2311,2024-01-31,3,11,17,False
2312,2024-01-31,3,12,17,False
2313,2024-01-31,3,13,11,True
2314,2024-01-31,3,14,9,False
2315,2024-01-31,3,15,9,False
2316,2024-01-31,3,16,5,False
2317,2024-01-31,3,17,15,False
2318,2024-01-31,3,18,8,False
2319,2024-01-31,3,19,13,False
2320,2024-01-31,3,20,8,False
2321,2024-01-31,3,21,6,False
2322,2024-01-31,3,22,8,False
2323,2024-01-31,3,23,8,False
2324,2024-01-31,3,24,1,False
2325,2024-01-31,3,25,5,False
2326,2024-02-01,1,1,32,False
2327,2024-02-01,1,2,30,False
2328,2024-02-01,1,3,24,False
2329,2024-02-01,1,4,22,False
2330,2024-02-01,1,5,15,False
2331,2024-02-01,1,6,29,False
2332,2024-02-01,1,7,28,False
2333,2024-02-01,1,8,33,False
2334,2024-02-01,1,9,32,False
2335,2024-02-01,1,10,29,False
2336,2024-02-01,1,11,36,False
2337,2024-02-01,1,12,53,True
2338,2024-02-01,1,13,15,False
2339,2024-02-01,1,14,26,False
2340,2024-02-01,1,15,25,True
2341,2024-02-01,1,16,14,False
2342,2024-02-01,1,17,17,False
2343,2024-02-01,1,18,23,False
2344,2024-02-01,1,19,31,False
2345,2024-02-01,1,20,12,False
2346,2024-02-01,1,21,13,False
2347,2024-02-01,1,22,16,False
2348,2024-02-01,1,23,6,False
2349,2024-02-01,1,24,11,False
2350,2024-02-01,1,25,17,False
2351,2024-02-01,2,1,30,False
2352,2024-02-01,2,2,27,True
2353,2024-02-01,2,3,23,False
2354,2024-02-01,2,4,19,False
2355,2024-02-01,2,5,10,False
2356,2024-02-01,2,6,21,False
2357,2024-02-01,2,7,25,True
2358,2024-02-01,2,8,23,False
2359,2024-02-01,2,9,8,False
2360,2024-02-01,2,10,25,False
2361,2024-02-01,2,11,18,False
2362,2024-02-01,2,12,41,True
2363,2024-02-01,2,13,9,False
2364,2024-02-01,2,14,25,False
2365,2024-02-01,2,15,12,False
2366,2024-02-01,2,16,6,False
2367,2024-02-01,2,17,17,False
2368,2024-02-01,2,18,14,False
2369,2024-02-01,2,19,15,False
2370,2024-02-01,2,20,8,False
2371,2024-02-01,2,21,12,False
2372,2024-02-01,2,22,11,False
2373,2024-02-01,2,23,12,False
2374,2024-02-01,2,24,10,False
2375,2024-02-01,2,25,7,False
2376,2024-02-01,3,1,21,False
2377,2024-02-01,3,2,12,False
2378,2024-02-01,3,3,9,False
2379,2024-02-01,3,4,13,False
2380,2024-02-01,3,5,8,False
2381,2024-02-01,3,6,16,False
2382,2024-02-01,3,7,7,False
2383,2024-02-01,3,8,18,False
2384,2024-02-01,3,9,9,False
2385,2024-02-01,3,10,17,False
2386,2024-02-01,3,11,11,False
2387,2024-02-01,3,12,3,False
2388,2024-02-01,3,13,7,False
2389,2024-02-01,3,14,13,False
2390,2024-02-01,3,15,5,False
2391,2024-02-01,3,16,3,False
2392,2024-02-01,3,17,7,False
2393,2024-02-01,3,18,15,False
2394,2024-02-01,3,19,14,False
2395,2024-02-01,3,20,6,False
2396,2024-02-01,3,21,6,False
2397,2024-02-01,3,22,5,False
2398,2024-02-01,3,23,3,False
2399,2024-02-01,3,24,0,False
2400,2024-02-01,3,25,9,False
2401,2024-02-02,1,1,39,False
2402,2024-02-02,1,2,26,False
2403,2024-02-02,1,3,20,False
2404,2024-02-02,1,4,30,False
2405,2024-02-02,1,5,27,False
2406,2024-02-02,1,6,35,False
2407,2024-02-02,1,7,23,False
2408,2024-02-02,1,8,24,False
2409,2024-02-02,1,9,20,False
2410,2024-02-02,1,10,27,False
2411,2024-02-02,1,11,33,False
2412,2024-02-02,1,12,28,False
2413,2024-02-02,1,13,21,False
2414,2024-02-02,1,14,20,False
2415,2024-02-02,1,15,18,False
2416,2024-02-02,1,16,10,False
2417,2024-02-02,1,17,12,False
2418,2024-02-02,1,18,26,False
2419,2024-02-02,1,19,23,False
2420,2024-02-02,1,20,13,False
2421,2024-02-02,1,21,16,False
2422,2024-02-02,1,22,26,True
2423,2024-02-02,1,23,6,False
2424,2024-02-02,1,24,11,False
2425,2024-02-02,1,25,13,False
2426,2024-02-02,2,1,21,False
2427,2024-02-02,2,2,29,False
2428,2024-02-02,2,3,17,False
2429,2024-02-02,2,4,32,True
2430,2024-02-02,2,5,17,False
2431,2024-02-02,2,6,29,False
2432,2024-02-02,2,7,19,False
2433,2024-02-02,2,8,28,False
2434,2024-02-02,2,9,8,False
2435,2024-02-02,2,10,25,False
2436,2024-02-02,2,11,22,False
2437,2024-02-02,2,12,26,False
2438,2024-02-02,2,13,17,False
2439,2024-02-02,2,14,18,False
2440,2024-02-02,2,15,9,False
2441,2024-02-02,2,16,12,False
2442,2024-02-02,2,17,13,False
2443,2024-02-02,2,18,20,False
2444,2024-02-02,2,19,20,False
2445,2024-02-02,2,20,6,False
2446,2024-02-02,2,21,7,False
2447,2024-02-02,2,22,7,False
2448,2024-02-02,2,23,14,False
2449,2024-02-02,2,24,7,False
2450,2024-02-02,2,25,10,False
2451,2024-02-02,3,1,6,False
2452,2024-02-02,3,2,8,False
2453,2024-02-02,3,3,0,False
2454,2024-02-02,3,4,21,False
2455,2024-02-02,3,5,7,False
2456,2024-02-02,3,6,15,False
2457,2024-02-02,3,7,7,False
2458,2024-02-02,3,8,10,False
2459,2024-02-02,3,9,5,False
2460,2024-02-02,3,10,17,False
2461,2024-02-02,3,11,15,False
2462,2024-02-02,3,12,14,False
2463,2024-02-02,3,13,12,False
2464,2024-02-02,3,14,15,False
2465,2024-02-02,3,15,6,False
2466,2024-02-02,3,16,1,False
2467,2024-02-02,3,17,11,False
2468,2024-02-02,3,18,12,False
2469,2024-02-02,3,19,9,False
2470,2024-02-02,3,20,9,False
2471,2024-02-02,3,21,1,False
2472,2024-02-02,3,22,3,False
2473,2024-02-02,3,23,4,False
2474,2024-02-02,3,24,7,False
2475,2024-02-02,3,25,1,False
2476,2024-02-03,1,1,38,False
2477,2024-02-03,1,2,37,False
2478,2024-02-03,1,3,21,False
2479,2024-02-03,1,4,45,False
2480,2024-02-03,1,5,24,False
2481,2024-02-03,1,6,44,False
2482,2024-02-03,1,7,35,False
2483,2024-02-03,1,8,39,False
2484,2024-02-03,1,9,28,False
2485,2024-02-03,1,10,36,False
2486,2024-02-03,1,11,44,False
2487,2024-02-03,1,12,35,False
2488,2024-02-03,1,13,19,False
2489,2024-02-03,1,14,25,False
2490,2024-02-03,1,15,13,False
2491,2024-02-03,1,16,11,False
2492,2024-02-03,1,17,42,True
2493,2024-02-03,1,18,25,False
2494,2024-02-03,1,19,29,False
2495,2024-02-03,1,20,19,False
2496,2024-02-03,1,21,15,False
2497,2024-02-03,1,22,17,False
2498,2024-02-03,1,23,12,False
2499,2024-02-03,1,24,14,True
2500,2024-02-03,1,25,20,False
2501,2024-02-03,2,1,35,False
2502,2024-02-03,2,2,18,False
2503,2024-02-03,2,3,19,False
2504,2024-02-03,2,4,21,False
2505,2024-02-03,2,5,17,False
2506,2024-02-03,2,6,28,False
2507,2024-02-03,2,7,22,False
2508,2024-02-03,2,8,23,False
2509,2024-02-03,2,9,12,False
2510,2024-02-03,2,10,15,False
2511,2024-02-03,2,11,17,False
2512,2024-02-03,2,12,33,False
2513,2024-02-03,2,13,20,False
2514,2024-02-03,2,14,22,False
2515,2024-02-03,2,15,5,False
2516,2024-02-03,2,16,16,True
2517,2024-02-03,2,17,17,False
2518,2024-02-03,2,18,25,False
2519,2024-02-03,2,19,49,True
2520,2024-02-03,2,20,12,False
2521,2024-02-03,2,21,19,True
2522,2024-02-03,2,22,16,False
2523,2024-02-03,2,23,10,False
2524,2024-02-03,2,24,6,False
2525,2024-02-03,2,25,8,False
2526,2024-02-03,3,1,13,False
2527,2024-02-03,3,2,13,False
2528,2024-02-03,3,3,9,False
2529,2024-02-03,3,4,14,False
2530,2024-02-03,3,5,7,False
2531,2024-02-03,3,6,16,False
2532,2024-02-03,3,7,6,False
2533,2024-02-03,3,8,17,False
2534,2024-02-03,3,9,10,False
2535,2024-02-03,3,10,17,False
2536,2024-02-03,3,11,9,False
2537,2024-02-03,3,12,15,False
2538,2024-02-03,3,13,11,False
2539,2024-02-03,3,14,11,False
2540,2024-02-03,3,15,9,False
2541,2024-02-03,3,16,7,False
2542,2024-02-03,3,17,9,False
2543,2024-02-03,3,18,14,False
2544,2024-02-03,3,19,19,False
2545,2024-02-03,3,20,6,False
2546,2024-02-03,3,21,11,False
2547,2024-02-03,3,22,9,False
2548,2024-02-03,3,23,5,False
2549,2024-02-03,3,24,3,False
2550,2024-02-03,3,25,7,False
2551,2024-02-04,1,1,47,False
2552,2024-02-04,1,2,27,False
2553,2024-02-04,1,3,26,False
2554,2024-02-04,1,4,37,False
2555,2024-02-04,1,5,23,False
2556,2024-02-04,1,6,37,False
2557,2024-02-04,1,7,36,False
2558,2024-02-04,1,8,32,False
2559,2024-02-04,1,9,21,False
2560,2024-02-04,1,10,40,False
2561,2024-02-04,1,11,35,False
2562,2024-02-04,1,12,44,False
2563,2024-02-04,1,13,13,False
2564,2024-02-04,1,14,27,False
2565,2024-02-04,1,15,14,False
2566,2024-02-04,1,16,19,False
2567,2024-02-04,1,17,24,False
2568,2024-02-04,1,18,35,False
2569,2024-02-04,1,19,34,False
2570,2024-02-04,1,20,16,False
2571,2024-02-04,1,21,24,False
2572,2024-02-04,1,22,10,False
2573,2024-02-04,1,23,12,False
2574,2024-02-04,1,24,13,False
2575,2024-02-04,1,25,16,False
2576,2024-02-04,2,1,31,False
2577,2024-02-04,2,2,15,False
2578,2024-02-04,2,3,18,False
2579,2024-02-04,2,4,24,False
2580,2024-02-04,2,5,26,True
2581,2024-02-04,2,6,23,False
2582,2024-02-04,2,7,17,False
2583,2024-02-04,2,8,20,False
2584,2024-02-04,2,9,21,False
2585,2024-02-04,2,10,23,False
2586,2024-02-04,2,11,31,False
2587,2024-02-04,2,12,31,False
2588,2024-02-04,2,13,14,False
2589,2024-02-04,2,14,25,False
2590,2024-02-04,2,15,13,False
2591,2024-02-04,2,16,11,False
2592,2024-02-04,2,17,23,False
2593,2024-02-04,2,18,24,False
2594,2024-02-04,2,19,31,False
2595,2024-02-04,2,20,13,False
2596,2024-02-04,2,21,4,False
2597,2024-02-04,2,22,14,False
2598,2024-02-04,2,23,14,False
2599,2024-02-04,2,24,8,False
2600,2024-02-04,2,25,15,False
2601,2024-02-04,3,1,20,False
2602,2024-02-04,3,2,10,False
2603,2024-02-04,3,3,6,False
2604,2024-02-04,3,4,17,False
2605,2024-02-04,3,5,3,False
2606,2024-02-04,3,6,12,False
2607,2024-02-04,3,7,15,False
2608,2024-02-04,3,8,20,False
2609,2024-02-04,3,9,14,False
2610,2024-02-04,3,10,19,False
2611,2024-02-04,3,11,27,True
2612,2024-02-04,3,12,13,False
2613,2024-02-04,3,13,11,False
2614,2024-02-04,3,14,7,False
2615,2024-02-04,3,15,10,False
2616,2024-02-04,3,16,10,False
2617,2024-02-04,3,17,9,False
2618,2024-02-04,3,18,12,False
2619,2024-02-04,3,19,17,False
2620,2024-02-04,3,20,14,False
2621,2024-02-04,3,21,3,False
2622,2024-02-04,3,22,8,False
2623,2024-02-04,3,23,9,False
2624,2024-02-04,3,24,6,False
2625,2024-02-04,3,25,9,False
2626,2024-02-05,1,1,29,False
2627,2024-02-05,1,2,38,False
2628,2024-02-05,1,3,18,False
2629,2024-02-05,1,4,25,False
2630,2024-02-05,1,5,23,False
2631,2024-02-05,1,6,28,False
2632,2024-02-05,1,7,30,False
2633,2024-02-05,1,8,48,True
2634,2024-02-05,1,9,17,False
2635,2024-02-05,1,10,33,False
2636,2024-02-05,1,11,37,False
2637,2024-02-05,1,12,38,False
2638,2024-02-05,1,13,18,False
2639,2024-02-05,1,14,29,False
2640,2024-02-05,1,15,16,False
2641,2024-02-05,1,16,13,False
2642,2024-02-05,1,17,25,False
2643,2024-02-05,1,18,24,False
2644,2024-02-05,1,19,34,False
2645,2024-02-05,1,20,18,False
2646,2024-02-05,1,21,16,False
2647,2024-02-05,1,22,21,False
2648,2024-02-05,1,23,14,True
2649,2024-02-05,1,24,7,False
2650,2024-02-05,1,25,11,False
2651,2024-02-05,2,1,28,False
2652,2024-02-05,2,2,22,False
2653,2024-02-05,2,3,14,False
2654,2024-02-05,2,4,17,False
2655,2024-02-05,2,5,6,False
2656,2024-02-05,2,6,25,False
2657,2024-02-05,2,7,16,False
2658,2024-02-05,2,8,23,False
2659,2024-02-05,2,9,22,True
2660,2024-02-05,2,10,34,False
2661,2024-02-05,2,11,29,False
2662,2024-02-05,2,12,16,False
2663,2024-02-05,2,13,13,False
2664,2024-02-05,2,14,16,False
2665,2024-02-05,2,15,21,True
2666,2024-02-05,2,16,19,False
2667,2024-02-05,2,17,12,False
2668,2024-02-05,2,18,15,False
2669,2024-02-05,2,19,20,False
2670,2024-02-05,2,20,13,False
2671,2024-02-05,2,21,14,False
2672,2024-02-05,2,22,10,False
2673,2024-02-05,2,23,8,False
2674,2024-02-05,2,24,8,False
2675,2024-02-05,2,25,17,False
2676,2024-02-05,3,1,28,False
2677,2024-02-05,3,2,10,False
2678,2024-02-05,3,3,6,False
2679,2024-02-05,3,4,17,False
2680,2024-02-05,3,5,7,False
2681,2024-02-05,3,6,15,False
2682,2024-02-05,3,7,10,False
2683,2024-02-05,3,8,19,True
2684,2024-02-05,3,9,6,False
2685,2024-02-05,3,10,19,False
2686,2024-02-05,3,11,11,False
2687,2024-02-05,3,12,16,False
2688,2024-02-05,3,13,10,False
2689,2024-02-05,3,14,8,False
2690,2024-02-05,3,15,6,False
2691,2024-02-05,3,16,8,False
2692,2024-02-05,3,17,9,False
2693,2024-02-05,3,18,11,False
2694,2024-02-05,3,19,10,True
2695,2024-02-05,3,20,7,False
2696,2024-02-05,3,21,8,True
2697,2024-02-05,3,22,1,False
2698,2024-02-05,3,23,9,False
2699,2024-02-05,3,24,4,False
2700,2024-02-05,3,25,6,False
2701,2024-02-06,1,1,35,False
2702,2024-02-06,1,2,22,False
2703,2024-02-06,1,3,21,False
2704,2024-02-06,1,4,36,False
2705,2024-02-06,1,5,16,False
2706,2024-02-06,1,6,31,False
2707,2024-02-06,1,7,28,False
2708,2024-02-06,1,8,36,False
2709,2024-02-06,1,9,28,False
2710,2024-02-06,1,10,47,False
2711,2024-02-06,1,11,26,False
2712,2024-02-06,1,12,29,False
2713,2024-02-06,1,13,15,False
2714,2024-02-06,1,14,30,False
2715,2024-02-06,1,15,11,False
2716,2024-02-06,1,16,14,False
2717,2024-02-06,1,17,15,False
2718,2024-02-06,1,18,17,False
2719,2024-02-06,1,19,24,False
2720,2024-02-06,1,20,16,False
2721,2024-02-06,1,21,9,False
2722,2024-02-06,1,22,24,False
2723,2024-02-06,1,23,12,False
2724,2024-02-06,1,24,11,False
2725,2024-02-06,1,25,18,False
2726,2024-02-06,2,1,24,False
2727,2024-02-06,2,2,16,False
2728,2024-02-06,2,3,16,False
2729,2024-02-06,2,4,26,False
2730,2024-02-06,2,5,15,False
2731,2024-02-06,2,6,23,False
2732,2024-02-06,2,7,19,False
2733,2024-02-06,2,8,26,False
2734,2024-02-06,2,9,12,False
2735,2024-02-06,2,10,32,False
2736,2024-02-06,2,11,33,False
2737,2024-02-06,2,12,10,False
2738,2024-02-06,2,13,16,True
2739,2024-02-06,2,14,19,False
2740,2024-02-06,2,15,22,True
2741,2024-02-06,2,16,12,False
2742,2024-02-06,2,17,19,False
2743,2024-02-06,2,18,18,False
2744,2024-02-06,2,19,21,False
2745,2024-02-06,2,20,8,False
2746,2024-02-06,2,21,15,False
2747,2024-02-06,2,22,21,False
2748,2024-02-06,2,23,6,False
2749,2024-02-06,2,24,8,False
2750,2024-02-06,2,25,14,False
2751,2024-02-06,3,1,17,False
2752,2024-02-06,3,2,12,False
2753,2024-02-06,3,3,11,False
2754,2024-02-06,3,4,11,False
2755,2024-02-06,3,5,5,False
2756,2024-02-06,3,6,6,False
2757,2024-02-06,3,7,11,False
2758,2024-02-06,3,8,17,False
2759,2024-02-06,3,9,14,False
2760,2024-02-06,3,10,15,False
2761,2024-02-06,3,11,18,False
2762,2024-02-06,3,12,13,False
2763,2024-02-06,3,13,8,False
2764,2024-02-06,3,14,14,False
2765,2024-02-06,3,15,8,False
2766,2024-02-06,3,16,8,False
2767,2024-02-06,3,17,13,False
2768,2024-02-06,3,18,9,False
2769,2024-02-06,3,19,13,False
2770,2024-02-06,3,20,7,False
2771,2024-02-06,3,21,8,False
2772,2024-02-06,3,22,6,False
2773,2024-02-06,3,23,5,False
2774,2024-02-06,3,24,2,False
2775,2024-02-06,3,25,4,False
2776,2024-02-07,1,1,38,False
2777,2024-02-07,1,2,22,False
2778,2024-02-07,1,3,11,False
2779,2024-02-07,1,4,32,False
2780,2024-02-07,1,5,20,False
2781,2024-02-07,1,6,31,False
2782,2024-02-07,1,7,24,False
2783,2024-02-07,1,8,39,True
2784,2024-02-07,1,9,18,False
2785,2024-02-07,1,10,36,False
2786,2024-02-07,1,11,34,False
2787,2024-02-07,1,12,30,False
2788,2024-02-07,1,13,15,False
2789,2024-02-07,1,14,21,False
2790,2024-02-07,1,15,12,False
2791,2024-02-07,1,16,16,False
2792,2024-02-07,1,17,28,False
2793,2024-02-07,1,18,13,False
2794,2024-02-07,1,19,29,False
2795,2024-02-07,1,20,16,False
2796,2024-02-07,1,21,11,False
2797,2024-02-07,1,22,16,False
2798,2024-02-07,1,23,10,False
2799,2024-02-07,1,24,8,False
2800,2024-02-07,1,25,18,False
2801,2024-02-07,2,1,27,False
2802,2024-02-07,2,2,13,False
2803,2024-02-07,2,3,19,False
2804,2024-02-07,2,4,19,False
2805,2024-02-07,2,5,19,False
2806,2024-02-07,2,6,15,False
2807,2024-02-07,2,7,16,False
2808,2024-02-07,2,8,23,False
2809,2024-02-07,2,9,15,False
2810,2024-02-07,2,10,23,False
2811,2024-02-07,2,11,20,False
2812,2024-02-07,2,12,25,False
2813,2024-02-07,2,13,13,False
2814,2024-02-07,2,14,22,False
2815,2024-02-07,2,15,11,False
2816,2024-02-07,2,16,17,False
2817,2024-02-07,2,17,13,False
2818,2024-02-07,2,18,23,False
2819,2024-02-07,2,19,28,False
2820,2024-02-07,2,20,7,False
2821,2024-02-07,2,21,14,False
2822,2024-02-07,2,22,11,False
2823,2024-02-07,2,23,5,False
2824,2024-02-07,2,24,3,False
2825,2024-02-07,2,25,15,False
2826,2024-02-07,3,1,13,False
2827,2024-02-07,3,2,18,False
2828,2024-02-07,3,3,11,False
2829,2024-02-07,3,4,16,False
2830,2024-02-07,3,5,7,False
2831,2024-02-07,3,6,18,False
2832,2024-02-07,3,7,11,False
2833,2024-02-07,3,8,14,False
2834,2024-02-07,3,9,9,False
2835,2024-02-07,3,10,18,False
2836,2024-02-07,3,11,13,False
2837,2024-02-07,3,12,8,False
2838,2024-02-07,3,13,6,False
2839,2024-02-07,3,14,12,False
2840,2024-02-07,3,15,4,False
2841,2024-02-07,3,16,5,False
2842,2024-02-07,3,17,7,False
2843,2024-02-07,3,18,11,False
2844,2024-02-07,3,19,7,False
2845,2024-02-07,3,20,8,False
2846,2024-02-07,3,21,3,False
2847,2024-02-07,3,22,4,False
2848,2024-02-07,3,23,6,False
2849,2024-02-07,3,24,7,False
2850,2024-02-07,3,25,9,False
2851,2024-02-08,1,1,36,False
2852,2024-02-08,1,2,25,False
2853,2024-02-08,1,3,24,False
2854,2024-02-08,1,4,28,False
2855,2024-02-08,1,5,18,False
2856,2024-02-08,1,6,25,False
2857,2024-02-08,1,7,20,False
2858,2024-02-08,1,8,31,False
2859,2024-02-08,1,9,18,False
2860,2024-02-08,1,10,23,False
2861,2024-02-08,1,11,37,False
2862,2024-02-08,1,12,33,False
2863,2024-02-08,1,13,20,False
2864,2024-02-08,1,14,31,False
2865,2024-02-08,1,15,8,False
2866,2024-02-08,1,16,15,False
2867,2024-02-08,1,17,30,False
2868,2024-02-08,1,18,16,False
2869,2024-02-08,1,19,24,False
2870,2024-02-08,1,20,12,False
2871,2024-02-08,1,21,13,False
2872,2024-02-08,1,22,19,False
2873,2024-02-08,1,23,12,False
2874,2024-02-08,1,24,10,False
2875,2024-02-08,1,25,14,False
2876,2024-02-08,2,1,20,False
2877,2024-02-08,2,2,26,False
2878,2024-02-08,2,3,10,False
2879,2024-02-08,2,4,21,False
2880,2024-02-08,2,5,10,False
2881,2024-02-08,2,6,16,False
2882,2024-02-08,2,7,27,True
2883,2024-02-08,2,8,19,False
2884,2024-02-08,2,9,20,False
2885,2024-02-08,2,10,29,False
2886,2024-02-08,2,11,21,False
2887,2024-02-08,2,12,28,False
2888,2024-02-08,2,13,5,False
2889,2024-02-08,2,14,18,False
2890,2024-02-08,2,15,10,False
2891,2024-02-08,2,16,11,False
2892,2024-02-08,2,17,12,False
2893,2024-02-08,2,18,22,False
2894,2024-02-08,2,19,15,False
2895,2024-02-08,2,20,10,False
2896,2024-02-08,2,21,13,True
2897,2024-02-08,2,22,15,False
2898,2024-02-08,2,23,10,False
2899,2024-02-08,2,24,10,False
2900,2024-02-08,2,25,14,False
2901,2024-02-08,3,1,16,False
2902,2024-02-08,3,2,2,False
2903,2024-02-08,3,3,7,False
2904,2024-02-08,3,4,11,False
2905,2024-02-08,3,5,3,False
2906,2024-02-08,3,6,14,False
2907,2024-02-08,3,7,10,False
2908,2024-02-08,3,8,9,False
2909,2024-02-08,3,9,6,False
2910,2024-02-08,3,10,12,False
2911,2024-02-08,3,11,15,False
2912,2024-02-08,3,12,23,False
2913,2024-02-08,3,13,7,False
2914,2024-02-08,3,14,10,False
2915,2024-02-08,3,15,13,False
2916,2024-02-08,3,16,8,False
2917,2024-02-08,3,17,7,False
2918,2024-02-08,3,18,10,False
2919,2024-02-08,3,19,13,False
2920,2024-02-08,3,20,9,True
2921,2024-02-08,3,21,4,False
2922,2024-02-08,3,22,3,False
2923,2024-02-08,3,23,8,True
2924,2024-02-08,3,24,3,False
2925,2024-02-08,3,25,9,False
2926,2024-02-09,1,1,33,False
2927,2024-02-09,1,2,19,False
2928,2024-02-09,1,3,23,False
2929,2024-02-09,1,4,36,False
2930,2024-02-09,1,5,25,True
2931,2024-02-09,1,6,32,False
2932,2024-02-09,1,7,21,False
2933,2024-02-09,1,8,33,False
2934,2024-02-09,1,9,15,False
2935,2024-02-09,1,10,35,False
2936,2024-02-09,1,11,28,False
2937,2024-02-09,1,12,24,False
2938,2024-02-09,1,13,25,False
2939,2024-02-09,1,14,19,False
2940,2024-02-09,1,15,12,False
2941,2024-02-09,1,16,14,False
2942,2024-02-09,1,17,17,False
2943,2024-02-09,1,18,21,False
2944,2024-02-09,1,19,24,False
2945,2024-02-09,1,20,18,False
2946,2024-02-09,1,21,20,False
2947,2024-02-09,1,22,15,False
2948,2024-02-09,1,23,4,False
2949,2024-02-09,1,24,9,False
2950,2024-02-09,1,25,11,False
2951,2024-02-09,2,1,27,False
2952,2024-02-09,2,2,19,False
2953,2024-02-09,2,3,28,True
2954,2024-02-09,2,4,25,False
2955,2024-02-09,2,5,12,False
2956,2024-02-09,2,6,19,False
2957,2024-02-09,2,7,29,True
2958,2024-02-09,2,8,18,False
2959,2024-02-09,2,9,27,True
2960,2024-02-09,2,10,26,False
2961,2024-02-09,2,11,28,False
2962,2024-02-09,2,12,16,False
2963,2024-02-09,2,13,25,False
2964,2024-02-09,2,14,18,False
2965,2024-02-09,2,15,11,False
2966,2024-02-09,2,16,13,False
2967,2024-02-09,2,17,19,False
2968,2024-02-09,2,18,16,False
2969,2024-02-09,2,19,19,False
2970,2024-02-09,2,20,20,False
2971,2024-02-09,2,21,12,False
2972,2024-02-09,2,22,14,True
2973,2024-02-09,2,23,8,False
2974,2024-02-09,2,24,9,False
2975,2024-02-09,2,25,13,False
2976,2024-02-09,3,1,9,False
2977,2024-02-09,3,2,5,False
2978,2024-02-09,3,3,3,False
2979,2024-02-09,3,4,18,False
2980,2024-02-09,3,5,5,False
2981,2024-02-09,3,6,5,False
2982,2024-02-09,3,7,13,False
2983,2024-02-09,3,8,10,False
2984,2024-02-09,3,9,6,False
2985,2024-02-09,3,10,11,False
2986,2024-02-09,3,11,13,False
2987,2024-02-09,3,12,16,False
2988,2024-02-09,3,13,10,False
2989,2024-02-09,3,14,10,False
2990,2024-02-09,3,15,2,False
2991,2024-02-09,3,16,7,False
2992,2024-02-09,3,17,8,False
2993,2024-02-09,3,18,12,False
2994,2024-02-09,3,19,11,False
2995,2024-02-09,3,20,6,False
2996,2024-02-09,3,21,15,False
2997,2024-02-09,3,22,5,False
2998,2024-02-09,3,23,6,False
2999,2024-02-09,3,24,8,False
3000,2024-02-09,3,25,6,False
3001,2024-02-10,1,1,41,False
3002,2024-02-10,1,2,34,False
3003,2024-02-10,1,3,14,False
3004,2024-02-10,1,4,38,False
3005,2024-02-10,1,5,19,False
3006,2024-02-10,1,6,36,False
3007,2024-02-10,1,7,31,False
3008,2024-02-10,1,8,36,False
3009,2024-02-10,1,9,23,False
3010,2024-02-10,1,10,35,False
3011,2024-02-10,1,11,54,False
3012,2024-02-10,1,12,51,False
3013,2024-02-10,1,13,23,False
3014,2024-02-10,1,14,28,False
3015,2024-02-10,1,15,36,True
3016,2024-02-10,1,16,13,False
3017,2024-02-10,1,17,30,False
3018,2024-02-10,1,18,22,False
3019,2024-02-10,1,19,23,False
3020,2024-02-10,1,20,18,False
3021,2024-02-10,1,21,13,False
3022,2024-02-10,1,22,26,False
3023,2024-02-10,1,23,7,False
3024,2024-02-10,1,24,13,False
3025,2024-02-10,1,25,21,False
3026,2024-02-10,2,1,34,False
3027,2024-02-10,2,2,28,False
3028,2024-02-10,2,3,32,True
3029,2024-02-10,2,4,24,False
3030,2024-02-10,2,5,19,False
3031,2024-02-10,2,6,23,False
3032,2024-02-10,2,7,20,False
3033,2024-02-10,2,8,26,False
3034,2024-02-10,2,9,15,False
3035,2024-02-10,2,10,28,False
3036,2024-02-10,2,11,56,True
3037,2024-02-10,2,12,32,False
3038,2024-02-10,2,13,14,False
3039,2024-02-10,2,14,31,False
3040,2024-02-10,2,15,7,False
3041,2024-02-10,2,16,17,False
3042,2024-02-10,2,17,31,False
3043,2024-02-10,2,18,20,False
3044,2024-02-10,2,19,25,False
3045,2024-02-10,2,20,12,False
3046,2024-02-10,2,21,6,False
3047,2024-02-10,2,22,14,False
3048,2024-02-10,2,23,10,False
3049,2024-02-10,2,24,8,False
3050,2024-02-10,2,25,17,False
3051,2024-02-10,3,1,17,False
3052,2024-02-10,3,2,16,False
3053,2024-02-10,3,3,19,False
3054,2024-02-10,3,4,13,False
3055,2024-02-10,3,5,18,False
3056,2024-02-10,3,6,9,False
3057,2024-02-10,3,7,9,False
3058,2024-02-10,3,8,12,False
3059,2024-02-10,3,9,8,False
3060,2024-02-10,3,10,14,False
3061,2024-02-10,3,11,29,True
3062,2024-02-10,3,12,17,False
3063,2024-02-10,3,13,12,False
3064,2024-02-10,3,14,11,False
3065,2024-02-10,3,15,7,False
3066,2024-02-10,3,16,6,False
3067,2024-02-10,3,17,11,False
3068,2024-02-10,3,18,5,False
3069,2024-02-10,3,19,15,False
3070,2024-02-10,3,20,7,False
3071,2024-02-10,3,21,12,False
3072,2024-02-10,3,22,2,False
3073,2024-02-10,3,23,9,False
3074,2024-02-10,3,24,3,False
3075,2024-02-10,3,25,8,False
3076,2024-02-11,1,1,37,False
3077,2024-02-11,1,2,29,False
3078,2024-02-11,1,3,28,False
3079,2024-02-11,1,4,43,False
3080,2024-02-11,1,5,25,False
3081,2024-02-11,1,6,41,False
3082,2024-02-11,1,7,45,False
3083,2024-02-11,1,8,36,False
3084,2024-02-11,1,9,41,True
3085,2024-02-11,1,10,44,False
3086,2024-02-11,1,11,39,False
3087,2024-02-11,1,12,42,False
3088,2024-02-11,1,13,21,False
3089,2024-02-11,1,14,27,False
3090,2024-02-11,1,15,21,False
3091,2024-02-11,1,16,17,False
3092,2024-02-11,1,17,33,False
3093,2024-02-11,1,18,31,False
3094,2024-02-11,1,19,22,False
3095,2024-02-11,1,20,24,False
3096,2024-02-11,1,21,16,False
3097,2024-02-11,1,22,15,False
3098,2024-02-11,1,23,15,False
3099,2024-02-11,1,24,12,False
3100,2024-02-11,1,25,24,False
3101,2024-02-11,2,1,26,False
3102,2024-02-11,2,2,23,False
3103,2024-02-11,2,3,20,False
3104,2024-02-11,2,4,34,False
3105,2024-02-11,2,5,18,False
3106,2024-02-11,2,6,26,False
3107,2024-02-11,2,7,27,False
3108,2024-02-11,2,8,32,False
3109,2024-02-11,2,9,17,False
3110,2024-02-11,2,10,30,False
3111,2024-02-11,2,11,32,False
3112,2024-02-11,2,12,23,False
3113,2024-02-11,2,13,27,False
3114,2024-02-11,2,14,40,True
3115,2024-02-11,2,15,14,False
3116,2024-02-11,2,16,11,False
3117,2024-02-11,2,17,23,False
3118,2024-02-11,2,18,38,True
3119,2024-02-11,2,19,18,False
3120,2024-02-11,2,20,13,False
3121,2024-02-11,2,21,9,False
3122,2024-02-11,2,22,9,False
3123,2024-02-11,2,23,13,False
3124,2024-02-11,2,24,7,False
3125,2024-02-11,2,25,8,False
3126,2024-02-11,3,1,28,False
3127,2024-02-11,3,2,11,False
3128,2024-02-11,3,3,7,False
3129,2024-02-11,3,4,24,False
3130,2024-02-11,3,5,9,False
3131,2024-02-11,3,6,16,False
3132,2024-02-11,3,7,18,False
3133,2024-02-11,3,8,15,False
3134,2024-02-11,3,9,9,False
3135,2024-02-11,3,10,12,False
3136,2024-02-11,3,11,13,False
3137,2024-02-11,3,12,18,False
3138,2024-02-11,3,13,16,False
3139,2024-02-11,3,14,9,False
3140,2024-02-11,3,15,12,False
3141,2024-02-11,3,16,6,False
3142,2024-02-11,3,17,12,False
3143,2024-02-11,3,18,14,False
3144,2024-02-11,3,19,15,False
3145,2024-02-11,3,20,1,False
3146,2024-02-11,3,21,3,False
3147,2024-02-11,3,22,10,False
3148,2024-02-11,3,23,6,False
3149,2024-02-11,3,24,10,False
3150,2024-02-11,3,25,5,False
3151,2024-02-12,1,1,37,False
3152,2024-02-12,1,2,23,False
3153,2024-02-12,1,3,16,False
3154,2024-02-12,1,4,22,False
3155,2024-02-12,1,5,13,False
3156,2024-02-12,1,6,33,False
3157,2024-02-12,1,7,17,False
3158,2024-02-12,1,8,27,False
3159,2024-02-12,1,9,22,False
3160,2024-02-12,1,10,38,False
3161,2024-02-12,1,11,32,False
3162,2024-02-12,1,12,30,False
3163,2024-02-12,1,13,23,False
3164,2024-02-12,1,14,18,False
3165,2024-02-12,1,15,7,False
3166,2024-02-12,1,16,12,False
3167,2024-02-12,1,17,26,False
3168,2024-02-12,1,18,24,False
3169,2024-02-12,1,19,27,False
3170,2024-02-12,1,20,21,False
3171,2024-02-12,1,21,8,False
3172,2024-02-12,1,22,9,False
3173,2024-02-12,1,23,21,False
3174,2024-02-12,1,24,10,False
3175,2024-02-12,1,25,23,False
3176,2024-02-12,2,1,33,False
3177,2024-02-12,2,2,16,False
3178,2024-02-12,2,3,22,False
3179,2024-02-12,2,4,21,False
3180,2024-02-12,2,5,8,False
3181,2024-02-12,2,6,16,False
3182,2024-02-12,2,7,22,False
3183,2024-02-12,2,8,20,False
3184,2024-02-12,2,9,13,False
3185,2024-02-12,2,10,22,False
3186,2024-02-12,2,11,19,False
3187,2024-02-12,2,12,20,False
3188,2024-02-12,2,13,6,False
3189,2024-02-12,2,14,15,False
3190,2024-02-12,2,15,11,False
3191,2024-02-12,2,16,7,False
3192,2024-02-12,2,17,31,True
3193,2024-02-12,2,18,11,False
3194,2024-02-12,2,19,25,False
3195,2024-02-12,2,20,10,False
3196,2024-02-12,2,21,5,False
3197,2024-02-12,2,22,10,False
3198,2024-02-12,2,23,8,False
3199,2024-02-12,2,24,6,False
3200,2024-02-12,2,25,11,False
3201,2024-02-12,3,1,17,False
3202,2024-02-12,3,2,11,False
3203,2024-02-12,3,3,10,False
3204,2024-02-12,3,4,14,False
3205,2024-02-12,3,5,8,False
3206,2024-02-12,3,6,13,False
3207,2024-02-12,3,7,15,False
3208,2024-02-12,3,8,12,False
3209,2024-02-12,3,9,11,False
3210,2024-02-12,3,10,6,False
3211,2024-02-12,3,11,13,False
3212,2024-02-12,3,12,17,False
3213,2024-02-12,3,13,7,False
3214,2024-02-12,3,14,8,False
3215,2024-02-12,3,15,9,False
3216,2024-02-12,3,16,7,False
3217,2024-02-12,3,17,8,False
3218,2024-02-12,3,18,8,False
3219,2024-02-12,3,19,6,False
3220,2024-02-12,3,20,8,False
3221,2024-02-12,3,21,8,False
3222,2024-02-12,3,22,9,False
3223,2024-02-12,3,23,2,False
3224,2024-02-12,3,24,5,False
3225,2024-02-12,3,25,7,False
3226,2024-02-13,1,1,39,False
3227,2024-02-13,1,2,26,False
3228,2024-02-13,1,3,23,False
3229,2024-02-13,1,4,26,False
3230,2024-02-13,1,5,15,False
3231,2024-02-13,1,6,22,False
3232,2024-02-13,1,7,26,False
3233,2024-02-13,1,8,28,False
3234,2024-02-13,1,9,19,False
3235,2024-02-13,1,10,43,False
3236,2024-02-13,1,11,39,False
3237,2024-02-13,1,12,30,False
3238,2024-02-13,1,13,15,False
3239,2024-02-13,1,14,32,True
3240,2024-02-13,1,15,21,False
3241,2024-02-13,1,16,9,False
3242,2024-02-13,1,17,27,False
3243,2024-02-13,1,18,27,False
3244,2024-02-13,1,19,30,False
3245,2024-02-13,1,20,17,False
3246,2024-02-13,1,21,12,False
3247,2024-02-13,1,22,13,False
3248,2024-02-13,1,23,17,False
3249,2024-02-13,1,24,5,False
3250,2024-02-13,1,25,18,False
3251,2024-02-13,2,1,34,False
3252,2024-02-13,2,2,17,False
3253,2024-02-13,2,3,18,False
3254,2024-02-13,2,4,35,True
3255,2024-02-13,2,5,13,False
3256,2024-02-13,2,6,29,False
3257,2024-02-13,2,7,24,False
3258,2024-02-13,2,8,15,False
3259,2024-02-13,2,9,20,False
3260,2024-02-13,2,10,36,False
3261,2024-02-13,2,11,23,False
3262,2024-02-13,2,12,10,False
3263,2024-02-13,2,13,11,False
3264,2024-02-13,2,14,23,False
3265,2024-02-13,2,15,6,False
3266,2024-02-13,2,16,9,False
3267,2024-02-13,2,17,17,False
3268,2024-02-13,2,18,14,False
3269,2024-02-13,2,19,17,False
3270,2024-02-13,2,20,4,False
3271,2024-02-13,2,21,11,False
3272,2024-02-13,2,22,15,False
3273,2024-02-13,2,23,11,False
3274,2024-02-13,2,24,6,False
3275,2024-02-13,2,25,14,False
3276,2024-02-13,3,1,17,False
3277,2024-02-13,3,2,19,False
3278,2024-02-13,3,3,7,False
3279,2024-02-13,3,4,14,False
3280,2024-02-13,3,5,13,False
3281,2024-02-13,3,6,15,False
3282,2024-02-13,3,7,13,False
3283,2024-02-13,3,8,12,False
3284,2024-02-13,3,9,8,False
3285,2024-02-13,3,10,8,False
3286,2024-02-13,3,11,19,False
3287,2024-02-13,3,12,16,False
3288,2024-02-13,3,13,8,False
3289,2024-02-13,3,14,14,False
3290,2024-02-13,3,15,6,False
3291,2024-02-13,3,16,6,False
3292,2024-02-13,3,17,7,False
3293,2024-02-13,3,18,4,False
3294,2024-02-13,3,19,8,False
3295,2024-02-13,3,20,4,False
3296,2024-02-13,3,21,13,False
3297,2024-02-13,3,22,6,False
3298,2024-02-13,3,23,2,False
3299,2024-02-13,3,24,6,False
3300,2024-02-13,3,25,2,False
3301,2024-02-14,1,1,35,False
3302,2024-02-14,1,2,28,False
3303,2024-02-14,1,3,17,False
3304,2024-02-14,1,4,29,False
3305,2024-02-14,1,5,17,False
3306,2024-02-14,1,6,29,False
3307,2024-02-14,1,7,21,False
3308,2024-02-14,1,8,44,True
3309,2024-02-14,1,9,22,False
3310,2024-02-14,1,10,50,False
3311,2024-02-14,1,11,31,False
3312,2024-02-14,1,12,36,False
3313,2024-02-14,1,13,22,False
3314,2024-02-14,1,14,27,False
3315,2024-02-14,1,15,11,False
3316,2024-02-14,1,16,10,False
3317,2024-02-14,1,17,17,False
3318,2024-02-14,1,18,22,False
3319,2024-02-14,1,19,35,False
3320,2024-02-14,1,20,15,False
3321,2024-02-14,1,21,20,False
3322,2024-02-14,1,22,18,False
3323,2024-02-14,1,23,12,False
3324,2024-02-14,1,24,12,False
3325,2024-02-14,1,25,19,False
3326,2024-02-14,2,1,25,False
3327,2024-02-14,2,2,22,False
3328,2024-02-14,2,3,6,False
3329,2024-02-14,2,4,17,False
3330,2024-02-14,2,5,13,False
3331,2024-02-14,2,6,17,False
3332,2024-02-14,2,7,25,False
3333,2024-02-14,2,8,21,False
3334,2024-02-14,2,9,15,False
3335,2024-02-14,2,10,23,False
3336,2024-02-14,2,11,30,False
3337,2024-02-14,2,12,21,False
3338,2024-02-14,2,13,11,False
3339,2024-02-14,2,14,18,False
3340,2024-02-14,2,15,9,False
3341,2024-02-14,2,16,7,False
3342,2024-02-14,2,17,17,False
3343,2024-02-14,2,18,11,False
3344,2024-02-14,2,19,22,False
3345,2024-02-14,2,20,12,False
3346,2024-02-14,2,21,9,False
3347,2024-02-14,2,22,12,False
3348,2024-02-14,2,23,1,False
3349,2024-02-14,2,24,7,False
3350,2024-02-14,2,25,15,False
3351,2024-02-14,3,1,16,False
3352,2024-02-14,3,2,13,False
3353,2024-02-14,3,3,14,False
3354,2024-02-14,3,4,10,False
3355,2024-02-14,3,5,9,False
3356,2024-02-14,3,6,14,False
3357,2024-02-14,3,7,13,False
3358,2024-02-14,3,8,14,False
3359,2024-02-14,3,9,15,False
3360,2024-02-14,3,10,20,False
3361,2024-02-14,3,11,18,False
3362,2024-02-14,3,12,20,False
3363,2024-02-14,3,13,9,False
3364,2024-02-14,3,14,14,False
3365,2024-02-14,3,15,9,False
3366,2024-02-14,3,16,5,False
3367,2024-02-14,3,17,14,False
3368,2024-02-14,3,18,7,False
3369,2024-02-14,3,19,10,False
3370,2024-02-14,3,20,5,False
3371,2024-02-14,3,21,9,True
3372,2024-02-14,3,22,7,False
3373,2024-02-14,3,23,9,False
3374,2024-02-14,3,24,4,False
3375,2024-02-14,3,25,6,False
3376,2024-02-15,1,1,29,False
3377,2024-02-15,1,2,25,False
3378,2024-02-15,1,3,32,False
3379,2024-02-15,1,4,16,False
3380,2024-02-15,1,5,16,False
3381,2024-02-15,1,6,31,False
3382,2024-02-15,1,7,25,False
3383,2024-02-15,1,8,28,False
3384,2024-02-15,1,9,27,True
3385,2024-02-15,1,10,35,False
3386,2024-02-15,1,11,33,False
3387,2024-02-15,1,12,26,False
3388,2024-02-15,1,13,22,False
3389,2024-02-15,1,14,22,False
3390,2024-02-15,1,15,11,False
3391,2024-02-15,1,16,17,False
3392,2024-02-15,1,17,39,True
3393,2024-02-15,1,18,22,False
3394,2024-02-15,1,19,40,True
3395,2024-02-15,1,20,15,False
3396,2024-02-15,1,21,14,False
3397,2024-02-15,1,22,14,False
3398,2024-02-15,1,23,3,False
3399,2024-02-15,1,24,5,False
3400,2024-02-15,1,25,10,False
3401,2024-02-15,2,1,33,False
3402,2024-02-15,2,2,23,True
3403,2024-02-15,2,3,15,False
3404,2024-02-15,2,4,19,False
3405,2024-02-15,2,5,18,False
3406,2024-02-15,2,6,13,False
3407,2024-02-15,2,7,9,False
3408,2024-02-15,2,8,24,False
3409,2024-02-15,2,9,17,False
3410,2024-02-15,2,10,36,True
3411,2024-02-15,2,11,19,False
3412,2024-02-15,2,12,21,False
3413,2024-02-15,2,13,8,False
3414,2024-02-15,2,14,23,False
3415,2024-02-15,2,15,8,False
3416,2024-02-15,2,16,8,False
3417,2024-02-15,2,17,16,False
3418,2024-02-15,2,18,15,False
3419,2024-02-15,2,19,11,False
3420,2024-02-15,2,20,8,False
3421,2024-02-15,2,21,10,False
3422,2024-02-15,2,22,8,False
3423,2024-02-15,2,23,6,False
3424,2024-02-15,2,24,1,False
3425,2024-02-15,2,25,13,False
3426,2024-02-15,3,1,15,False
3427,2024-02-15,3,2,9,False
3428,2024-02-15,3,3,12,False
3429,2024-02-15,3,4,10,False
3430,2024-02-15,3,5,7,False
3431,2024-02-15,3,6,6,False
3432,2024-02-15,3,7,12,False
3433,2024-02-15,3,8,12,False
3434,2024-02-15,3,9,10,False
3435,2024-02-15,3,10,10,False
3436,2024-02-15,3,11,12,False
3437,2024-02-15,3,12,12,False
3438,2024-02-15,3,13,11,False
3439,2024-02-15,3,14,8,False
3440,2024-02-15,3,15,3,False
3441,2024-02-15,3,16,4,False
3442,2024-02-15,3,17,15,False
3443,2024-02-15,3,18,10,False
3444,2024-02-15,3,19,10,False
3445,2024-02-15,3,20,12,False
3446,2024-02-15,3,21,4,False
3447,2024-02-15,3,22,8,False
3448,2024-02-15,3,23,4,False
3449,2024-02-15,3,24,0,False
3450,2024-02-15,3,25,8,False
3451,2024-02-16,1,1,39,False
3452,2024-02-16,1,2,24,False
3453,2024-02-16,1,3,18,False
3454,2024-02-16,1,4,32,False
3455,2024-02-16,1,5,22,False
3456,2024-02-16,1,6,27,False
3457,2024-02-16,1,7,33,False
3458,2024-02-16,1,8,24,False
3459,2024-02-16,1,9,21,False
3460,2024-02-16,1,10,39,False
3461,2024-02-16,1,11,37,False
3462,2024-02-16,1,12,27,False
3463,2024-02-16,1,13,14,False
3464,2024-02-16,1,14,29,False
3465,2024-02-16,1,15,17,False
3466,2024-02-16,1,16,9,False
3467,2024-02-16,1,17,25,False
3468,2024-02-16,1,18,22,False
3469,2024-02-16,1,19,31,False
3470,2024-02-16,1,20,19,False
3471,2024-02-16,1,21,12,False
3472,2024-02-16,1,22,13,False
3473,2024-02-16,1,23,6,False
3474,2024-02-16,1,24,5,False
3475,2024-02-16,1,25,10,False
3476,2024-02-16,2,1,27,False
3477,2024-02-16,2,2,20,False
3478,2024-02-16,2,3,21,False
3479,2024-02-16,2,4,33,True
3480,2024-02-16,2,5,7,False
3481,2024-02-16,2,6,18,False
3482,2024-02-16,2,7,15,False
3483,2024-02-16,2,8,26,False
3484,2024-02-16,2,9,30,True
3485,2024-02-16,2,10,19,False
3486,2024-02-16,2,11,20,False
3487,2024-02-16,2,12,29,False
3488,2024-02-16,2,13,14,False
3489,2024-02-16,2,14,25,False
3490,2024-02-16,2,15,3,False
3491,2024-02-16,2,16,11,False
3492,2024-02-16,2,17,24,False
3493,2024-02-16,2,18,22,False
3494,2024-02-16,2,19,20,False
3495,2024-02-16,2,20,8,False
3496,2024-02-16,2,21,7,False
3497,2024-02-16,2,22,10,False
3498,2024-02-16,2,23,8,False
3499,2024-02-16,2,24,11,True
3500,2024-02-16,2,25,8,False
3501,2024-02-16,3,1,7,False
3502,2024-02-16,3,2,6,False
3503,2024-02-16,3,3,6,False
3504,2024-02-16,3,4,11,False
3505,2024-02-16,3,5,11,True
3506,2024-02-16,3,6,10,False
3507,2024-02-16,3,7,12,False
3508,2024-02-16,3,8,8,False
3509,2024-02-16,3,9,16,True
3510,2024-02-16,3,10,12,False
3511,2024-02-16,3,11,22,False
3512,2024-02-16,3,12,10,False
3513,2024-02-16,3,13,3,False
3514,2024-02-16,3,14,19,False
3515,2024-02-16,3,15,0,False
3516,2024-02-16,3,16,11,False
3517,2024-02-16,3,17,5,False
3518,2024-02-16,3,18,16,False
3519,2024-02-16,3,19,10,False
3520,2024-02-16,3,20,7,False
3521,2024-02-16,3,21,3,False
3522,2024-02-16,3,22,9,False
3523,2024-02-16,3,23,7,False
3524,2024-02-16,3,24,4,False
3525,2024-02-16,3,25,6,True
3526,2024-02-17,1,1,40,False
3527,2024-02-17,1,2,29,False
3528,2024-02-17,1,3,20,False
3529,2024-02-17,1,4,39,False
3530,2024-02-17,1,5,26,False
3531,2024-02-17,1,6,42,False
3532,2024-02-17,1,7,38,False
3533,2024-02-17,1,8,32,False
3534,2024-02-17,1,9,17,False
3535,2024-02-17,1,10,49,False
3536,2024-02-17,1,11,49,False
3537,2024-02-17,1,12,33,False
3538,2024-02-17,1,13,30,False
3539,2024-02-17,1,14,39,False
3540,2024-02-17,1,15,20,False
3541,2024-02-17,1,16,22,False
3542,2024-02-17,1,17,25,False
3543,2024-02-17,1,18,26,False
3544,2024-02-17,1,19,28,False
3545,2024-02-17,1,20,19,False
3546,2024-02-17,1,21,27,True
3547,2024-02-17,1,22,32,True
3548,2024-02-17,1,23,10,False
3549,2024-02-17,1,24,10,False
3550,2024-02-17,1,25,17,False
3551,2024-02-17,2,1,31,False
3552,2024-02-17,2,2,27,False
3553,2024-02-17,2,3,20,False
3554,2024-02-17,2,4,46,True
3555,2024-02-17,2,5,12,False
3556,2024-02-17,2,6,28,False
3557,2024-02-17,2,7,32,False
3558,2024-02-17,2,8,26,False
3559,2024-02-17,2,9,24,False
3560,2024-02-17,2,10,32,False
3561,2024-02-17,2,11,35,False
3562,2024-02-17,2,12,23,False
3563,2024-02-17,2,13,13,False
3564,2024-02-17,2,14,21,False
3565,2024-02-17,2,15,13,False
3566,2024-02-17,2,16,15,False
3567,2024-02-17,2,17,17,False
3568,2024-02-17,2,18,24,False
3569,2024-02-17,2,19,22,False
3570,2024-02-17,2,20,14,False
3571,2024-02-17,2,21,10,False
3572,2024-02-17,2,22,17,False
3573,2024-02-17,2,23,17,False
3574,2024-02-17,2,24,15,True
3575,2024-02-17,2,25,12,False
3576,2024-02-17,3,1,14,False
3577,2024-02-17,3,2,13,False
3578,2024-02-17,3,3,17,False
3579,2024-02-17,3,4,9,False
3580,2024-02-17,3,5,4,False
3581,2024-02-17,3,6,9,False
3582,2024-02-17,3,7,13,False
3583,2024-02-17,3,8,13,False
3584,2024-02-17,3,9,5,False
3585,2024-02-17,3,10,21,False
3586,2024-02-17,3,11,25,False
3587,2024-02-17,3,12,18,False
3588,2024-02-17,3,13,14,False
3589,2024-02-17,3,14,15,False
3590,2024-02-17,3,15,10,False
3591,2024-02-17,3,16,12,False
3592,2024-02-17,3,17,11,False
3593,2024-02-17,3,18,12,False
3594,2024-02-17,3,19,14,False
3595,2024-02-17,3,20,14,False
3596,2024-02-17,3,21,2,False
3597,2024-02-17,3,22,12,False
3598,2024-02-17,3,23,4,False
3599,2024-02-17,3,24,8,False
3600,2024-02-17,3,25,5,False
3601,2024-02-18,1,1,35,False
3602,2024-02-18,1,2,33,False
3603,2024-02-18,1,3,36,True
3604,2024-02-18,1,4,33,False
3605,2024-02-18,1,5,18,False
3606,2024-02-18,1,6,51,False
3607,2024-02-18,1,7,35,True
3608,2024-02-18,1,8,31,False
3609,2024-02-18,1,9,36,True
3610,2024-02-18,1,10,43,False
3611,2024-02-18,1,11,39,False
3612,2024-02-18,1,12,38,False
3613,2024-02-18,1,13,41,True
3614,2024-02-18,1,14,42,True
3615,2024-02-18,1,15,16,False
3616,2024-02-18,1,16,24,False
3617,2024-02-18,1,17,27,False
3618,2024-02-18,1,18,33,False
3619,2024-02-18,1,19,37,False
3620,2024-02-18,1,20,16,False
3621,2024-02-18,1,21,12,False
3622,2024-02-18,1,22,18,False
3623,2024-02-18,1,23,30,True
3624,2024-02-18,1,24,13,False
3625,2024-02-18,1,25,13,False
3626,2024-02-18,2,1,38,False
3627,2024-02-18,2,2,23,False
3628,2024-02-18,2,3,15,False
3629,2024-02-18,2,4,29,False
3630,2024-02-18,2,5,25,True
3631,2024-02-18,2,6,39,True
3632,2024-02-18,2,7,25,False
3633,2024-02-18,2,8,23,False
3634,2024-02-18,2,9,23,False
3635,2024-02-18,2,10,35,False
3636,2024-02-18,2,11,32,False
3637,2024-02-18,2,12,35,False
3638,2024-02-18,2,13,13,False
3639,2024-02-18,2,14,22,False
3640,2024-02-18,2,15,11,False
3641,2024-02-18,2,16,9,False
3642,2024-02-18,2,17,17,False
3643,2024-02-18,2,18,27,False
3644,2024-02-18,2,19,20,False
3645,2024-02-18,2,20,11,False
3646,2024-02-18,2,21,7,False
3647,2024-02-18,2,22,11,False
3648,2024-02-18,2,23,14,False
3649,2024-02-18,2,24,7,False
3650,2024-02-18,2,25,13,False
3651,2024-02-18,3,1,16,False
3652,2024-02-18,3,2,19,False
3653,2024-02-18,3,3,11,False
3654,2024-02-18,3,4,15,False
3655,2024-02-18,3,5,9,False
3656,2024-02-18,3,6,16,False
3657,2024-02-18,3,7,15,False
3658,2024-02-18,3,8,17,False
3659,2024-02-18,3,9,13,False
3660,2024-02-18,3,10,20,False
3661,2024-02-18,3,11,16,False
3662,2024-02-18,3,12,15,False
3663,2024-02-18,3,13,15,False
3664,2024-02-18,3,14,12,False
3665,2024-02-18,3,15,6,False
3666,2024-02-18,3,16,9,False
3667,2024-02-18,3,17,22,True
3668,2024-02-18,3,18,14,False
3669,2024-02-18,3,19,17,False
3670,2024-02-18,3,20,5,False
3671,2024-02-18,3,21,5,False
3672,2024-02-18,3,22,10,False
3673,2024-02-18,3,23,4,False
3674,2024-02-18,3,24,6,False
3675,2024-02-18,3,25,6,False
3676,2024-02-19,1,1,36,False
3677,2024-02-19,1,2,29,False
3678,2024-02-19,1,3,18,False
3679,2024-02-19,1,4,26,False
3680,2024-02-19,1,5,17,False
3681,2024-02-19,1,6,35,False
3682,2024-02-19,1,7,25,False
3683,2024-02-19,1,8,29,False
3684,2024-02-19,1,9,27,False
3685,2024-02-19,1,10,33,False
3686,2024-02-19,1,11,40,False
3687,2024-02-19,1,12,49,True
3688,2024-02-19,1,13,26,False
3689,2024-02-19,1,14,19,False
3690,2024-02-19,1,15,16,False
3691,2024-02-19,1,16,9,False
3692,2024-02-19,1,17,20,False
3693,2024-02-19,1,18,17,False
3694,2024-02-19,1,19,28,False
3695,2024-02-19,1,20,18,False
3696,2024-02-19,1,21,7,False
3697,2024-02-19,1,22,14,False
3698,2024-02-19,1,23,12,False
3699,2024-02-19,1,24,5,False
3700,2024-02-19,1,25,18,False
3701,2024-02-19,2,1,22,False
3702,2024-02-19,2,2,16,False
3703,2024-02-19,2,3,11,False
3704,2024-02-19,2,4,18,False
3705,2024-02-19,2,5,12,False
3706,2024-02-19,2,6,37,True
3707,2024-02-19,2,7,28,False
3708,2024-02-19,2,8,19,False
3709,2024-02-19,2,9,8,False
3710,2024-02-19,2,10,26,False
3711,2024-02-19,2,11,28,False
3712,2024-02-19,2,12,20,False
3713,2024-02-19,2,13,13,False
3714,2024-02-19,2,14,16,False
3715,2024-02-19,2,15,17,False
3716,2024-02-19,2,16,3,False
3717,2024-02-19,2,17,20,True
3718,2024-02-19,2,18,9,False
3719,2024-02-19,2,19,19,False
3720,2024-02-19,2,20,12,False
3721,2024-02-19,2,21,10,False
3722,2024-02-19,2,22,7,False
3723,2024-02-19,2,23,6,False
3724,2024-02-19,2,24,4,False
3725,2024-02-19,2,25,6,False
3726,2024-02-19,3,1,11,False
3727,2024-02-19,3,2,12,False
3728,2024-02-19,3,3,17,False
3729,2024-02-19,3,4,18,False
3730,2024-02-19,3,5,5,False
3731,2024-02-19,3,6,13,False
3732,2024-02-19,3,7,16,False
3733,2024-02-19,3,8,14,False
3734,2024-02-19,3,9,6,False
3735,2024-02-19,3,10,8,False
3736,2024-02-19,3,11,11,False
3737,2024-02-19,3,12,18,False
3738,2024-02-19,3,13,9,False
3739,2024-02-19,3,14,12,False
3740,2024-02-19,3,15,2,False
3741,2024-02-19,3,16,5,False
3742,2024-02-19,3,17,10,False
3743,2024-02-19,3,18,7,False
3744,2024-02-19,3,19,11,False
3745,2024-02-19,3,20,7,False
3746,2024-02-19,3,21,9,False
3747,2024-02-19,3,22,10,False
3748,2024-02-19,3,23,6,False
3749,2024-02-19,3,24,7,False
3750,2024-02-19,3,25,3,False
3751,2024-02-20,1,1,24,False
3752,2024-02-20,1,2,23,False
3753,2024-02-20,1,3,18,False
3754,2024-02-20,1,4,29,False
3755,2024-02-20,1,5,16,False
3756,2024-02-20,1,6,35,False
3757,2024-02-20,1,7,28,False
3758,2024-02-20,1,8,30,False
3759,2024-02-20,1,9,17,False
3760,2024-02-20,1,10,48,False
3761,2024-02-20,1,11,40,False
3762,2024-02-20,1,12,36,False
3763,2024-02-20,1,13,9,False
3764,2024-02-20,1,14,38,True
3765,2024-02-20,1,15,14,False
3766,2024-02-20,1,16,13,False
3767,2024-02-20,1,17,26,False
3768,2024-02-20,1,18,24,False
3769,2024-02-20,1,19,44,False
3770,2024-02-20,1,20,14,False
3771,2024-02-20,1,21,11,False
3772,2024-02-20,1,22,18,False
3773,2024-02-20,1,23,12,False
3774,2024-02-20,1,24,10,False
3775,2024-02-20,1,25,13,False
3776,2024-02-20,2,1,33,True
3777,2024-02-20,2,2,16,False
3778,2024-02-20,2,3,17,False
3779,2024-02-20,2,4,33,True
3780,2024-02-20,2,5,15,False
3781,2024-02-20,2,6,45,True
3782,2024-02-20,2,7,12,False
3783,2024-02-20,2,8,18,False
3784,2024-02-20,2,9,16,False
3785,2024-02-20,2,10,32,True
3786,2024-02-20,2,11,28,False
3787,2024-02-20,2,12,25,False
3788,2024-02-20,2,13,17,False
3789,2024-02-20,2,14,25,False
3790,2024-02-20,2,15,8,False
3791,2024-02-20,2,16,12,False
3792,2024-02-20,2,17,23,False
3793,2024-02-20,2,18,18,False
3794,2024-02-20,2,19,29,False
3795,2024-02-20,2,20,12,False
3796,2024-02-20,2,21,14,False
3797,2024-02-20,2,22,13,False
3798,2024-02-20,2,23,7,False
3799,2024-02-20,2,24,4,False
3800,2024-02-20,2,25,11,True
3801,2024-02-20,3,1,10,False
3802,2024-02-20,3,2,5,False
3803,2024-02-20,3,3,4,False
3804,2024-02-20,3,4,6,False
3805,2024-02-20,3,5,10,False
3806,2024-02-20,3,6,14,False
3807,2024-02-20,3,7,6,False
3808,2024-02-20,3,8,20,False
3809,2024-02-20,3,9,6,False
3810,2024-02-20,3,10,14,False
3811,2024-02-20,3,11,22,False
3812,2024-02-20,3,12,10,False
3813,2024-02-20,3,13,10,False
3814,2024-02-20,3,14,6,False
3815,2024-02-20,3,15,5,False
3816,2024-02-20,3,16,5,False
3817,2024-02-20,3,17,6,False
3818,2024-02-20,3,18,6,False
3819,2024-02-20,3,19,9,False
3820,2024-02-20,3,20,10,False
3821,2024-02-20,3,21,7,False
3822,2024-02-20,3,22,3,False
3823,2024-02-20,3,23,5,False
3824,2024-02-20,3,24,5,False
3825,2024-02-20,3,25,8,False
3826,2024-02-21,1,1,36,False
3827,2024-02-21,1,2,35,False
3828,2024-02-21,1,3,21,False
3829,2024-02-21,1,4,29,False
3830,2024-02-21,1,5,18,False
3831,2024-02-21,1,6,29,False
3832,2024-02-21,1,7,31,False
3833,2024-02-21,1,8,21,False
3834,2024-02-21,1,9,21,False
3835,2024-02-21,1,10,37,False
3836,2024-02-21,1,11,48,False
3837,2024-02-21,1,12,39,False
3838,2024-02-21,1,13,18,False
3839,2024-02-21,1,14,23,False
3840,2024-02-21,1,15,27,False
3841,2024-02-21,1,16,9,False
3842,2024-02-21,1,17,30,False
3843,2024-02-21,1,18,29,False
3844,2024-02-21,1,19,42,False
3845,2024-02-21,1,20,17,False
3846,2024-02-21,1,21,12,False
3847,2024-02-21,1,22,11,False
3848,2024-02-21,1,23,16,False
3849,2024-02-21,1,24,8,False
3850,2024-02-21,1,25,13,False
3851,2024-02-21,2,1,26,False
3852,2024-02-21,2,2,18,False
3853,2024-02-21,2,3,15,False
3854,2024-02-21,2,4,15,False
3855,2024-02-21,2,5,8,False
3856,2024-02-21,2,6,40,True
3857,2024-02-21,2,7,22,False
3858,2024-02-21,2,8,27,False
3859,2024-02-21,2,9,14,False
3860,2024-02-21,2,10,28,False
3861,2024-02-21,2,11,25,False
3862,2024-02-21,2,12,14,False
3863,2024-02-21,2,13,13,False
3864,2024-02-21,2,14,20,False
3865,2024-02-21,2,15,7,False
3866,2024-02-21,2,16,10,False
3867,2024-02-21,2,17,19,False
3868,2024-02-21,2,18,16,False
3869,2024-02-21,2,19,16,False
3870,2024-02-21,2,20,10,False
3871,2024-02-21,2,21,9,False
3872,2024-02-21,2,22,16,False
3873,2024-02-21,2,23,9,False
3874,2024-02-21,2,24,5,False
3875,2024-02-21,2,25,12,False
3876,2024-02-21,3,1,15,False
3877,2024-02-21,3,2,10,False
3878,2024-02-21,3,3,9,False
3879,2024-02-21,3,4,18,False
3880,2024-02-21,3,5,6,False
3881,2024-02-21,3,6,21,False
3882,2024-02-21,3,7,13,False
3883,2024-02-21,3,8,13,False
3884,2024-02-21,3,9,12,False
3885,2024-02-21,3,10,15,False
3886,2024-02-21,3,11,22,True
3887,2024-02-21,3,12,17,False
3888,2024-02-21,3,13,12,False
3889,2024-02-21,3,14,5,False
3890,2024-02-21,3,15,7,False
3891,2024-02-21,3,16,4,False
3892,2024-02-21,3,17,6,False
3893,2024-02-21,3,18,18,False
3894,2024-02-21,3,19,7,False
3895,2024-02-21,3,20,9,False
3896,2024-02-21,3,21,6,False
3897,2024-02-21,3,22,9,False
3898,2024-02-21,3,23,3,False
3899,2024-02-21,3,24,4,False
3900,2024-02-21,3,25,7,False
3901,2024-02-22,1,1,38,False
3902,2024-02-22,1,2,25,False
3903,2024-02-22,1,3,11,False
3904,2024-02-22,1,4,21,False
3905,2024-02-22,1,5,10,False
3906,2024-02-22,1,6,26,False
3907,2024-02-22,1,7,23,False
3908,2024-02-22,1,8,33,False
3909,2024-02-22,1,9,24,False
3910,2024-02-22,1,10,30,False
3911,2024-02-22,1,11,36,False
3912,2024-02-22,1,12,31,False
3913,2024-02-22,1,13,20,False
3914,2024-02-22,1,14,25,False
3915,2024-02-22,1,15,20,False
3916,2024-02-22,1,16,14,False
3917,2024-02-22,1,17,27,False
3918,2024-02-22,1,18,23,False
3919,2024-02-22,1,19,23,False
3920,2024-02-22,1,20,17,False
3921,2024-02-22,1,21,13,False
3922,2024-02-22,1,22,13,False
3923,2024-02-22,1,23,11,False
3924,2024-02-22,1,24,9,False
3925,2024-02-22,1,25,20,False
3926,2024-02-22,2,1,24,False
3927,2024-02-22,2,2,21,False
3928,2024-02-22,2,3,15,False
3929,2024-02-22,2,4,24,False
3930,2024-02-22,2,5,13,False
3931,2024-02-22,2,6,29,False
3932,2024-02-22,2,7,22,False
3933,2024-02-22,2,8,13,False
3934,2024-02-22,2,9,15,False
3935,2024-02-22,2,10,31,False
3936,2024-02-22,2,11,28,False
3937,2024-02-22,2,12,20,False
3938,2024-02-22,2,13,14,False
3939,2024-02-22,2,14,23,False
3940,2024-02-22,2,15,7,False
3941,2024-02-22,2,16,15,False
3942,2024-02-22,2,17,18,False
3943,2024-02-22,2,18,13,False
3944,2024-02-22,2,19,18,False
3945,2024-02-22,2,20,12,False
3946,2024-02-22,2,21,6,False
3947,2024-02-22,2,22,14,False
3948,2024-02-22,2,23,7,False
3949,2024-02-22,2,24,4,False
3950,2024-02-22,2,25,6,False
3951,2024-02-22,3,1,18,False
3952,2024-02-22,3,2,15,False
3953,2024-02-22,3,3,13,False
3954,2024-02-22,3,4,9,False
3955,2024-02-22,3,5,4,False
3956,2024-02-22,3,6,10,False
3957,2024-02-22,3,7,13,False
3958,2024-02-22,3,8,15,False
3959,2024-02-22,3,9,11,False
3960,2024-02-22,3,10,21,False
3961,2024-02-22,3,11,16,False
3962,2024-02-22,3,12,8,False
3963,2024-02-22,3,13,18,True
3964,2024-02-22,3,14,7,False
3965,2024-02-22,3,15,6,False
3966,2024-02-22,3,16,8,False
3967,2024-02-22,3,17,24,True
3968,2024-02-22,3,18,3,False
3969,2024-02-22,3,19,11,False
3970,2024-02-22,3,20,10,False
3971,2024-02-22,3,21,8,True
3972,2024-02-22,3,22,11,True
3973,2024-02-22,3,23,1,False
3974,2024-02-22,3,24,5,False
3975,2024-02-22,3,25,5,False
3976,2024-02-23,1,1,36,False
3977,2024-02-23,1,2,24,False
3978,2024-02-23,1,3,18,False
3979,2024-02-23,1,4,21,False
3980,2024-02-23,1,5,10,False
3981,2024-02-23,1,6,22,False
3982,2024-02-23,1,7,26,False
3983,2024-02-23,1,8,24,False
3984,2024-02-23,1,9,27,False
3985,2024-02-23,1,10,23,False
3986,2024-02-23,1,11,40,False
3987,2024-02-23,1,12,24,False
3988,2024-02-23,1,13,20,False
3989,2024-02-23,1,14,30,False
3990,2024-02-23,1,15,28,True
3991,2024-02-23,1,16,10,False
3992,2024-02-23,1,17,23,False
3993,2024-02-23,1,18,37,False
3994,2024-02-23,1,19,33,False
3995,2024-02-23,1,20,24,False
3996,2024-02-23,1,21,12,False
3997,2024-02-23,1,22,15,False
3998,2024-02-23,1,23,7,False
3999,2024-02-23,1,24,15,False
4000,2024-02-23,1,25,14,False
4001,2024-02-23,2,1,48,True
4002,2024-02-23,2,2,13,False
4003,2024-02-23,2,3,18,False
4004,2024-02-23,2,4,17,False
4005,2024-02-23,2,5,12,False
4006,2024-02-23,2,6,16,False
4007,2024-02-23,2,7,14,False
4008,2024-02-23,2,8,25,False
4009,2024-02-23,2,9,12,False
4010,2024-02-23,2,10,19,False
4011,2024-02-23,2,11,19,False
4012,2024-02-23,2,12,14,False
4013,2024-02-23,2,13,16,False
4014,2024-02-23,2,14,16,False
4015,2024-02-23,2,15,17,False
4016,2024-02-23,2,16,14,False
4017,2024-02-23,2,17,23,False
4018,2024-02-23,2,18,13,False
4019,2024-02-23,2,19,16,False
4020,2024-02-23,2,20,18,True
4021,2024-02-23,2,21,12,False
4022,2024-02-23,2,22,13,False
4023,2024-02-23,2,23,5,False
4024,2024-02-23,2,24,10,False
4025,2024-02-23,2,25,9,False
4026,2024-02-23,3,1,15,False
4027,2024-02-23,3,2,17,False
4028,2024-02-23,3,3,11,False
4029,2024-02-23,3,4,10,False
4030,2024-02-23,3,5,18,False
4031,2024-02-23,3,6,16,False
4032,2024-02-23,3,7,10,False
4033,2024-02-23,3,8,9,False
4034,2024-02-23,3,9,5,False
4035,2024-02-23,3,10,13,False
4036,2024-02-23,3,11,8,False
4037,2024-02-23,3,12,11,False
4038,2024-02-23,3,13,5,False
4039,2024-02-23,3,14,12,False
4040,2024-02-23,3,15,7,False
4041,2024-02-23,3,16,4,False
4042,2024-02-23,3,17,8,False
4043,2024-02-23,3,18,11,False
4044,2024-02-23,3,19,6,False
4045,2024-02-23,3,20,10,True
4046,2024-02-23,3,21,6,False
4047,2024-02-23,3,22,3,False
4048,2024-02-23,3,23,5,False
4049,2024-02-23,3,24,6,False
4050,2024-02-23,3,25,8,False
4051,2024-02-24,1,1,42,False
4052,2024-02-24,1,2,34,False
4053,2024-02-24,1,3,27,False
4054,2024-02-24,1,4,30,False
4055,2024-02-24,1,5,21,False
4056,2024-02-24,1,6,30,False
4057,2024-02-24,1,7,37,False
4058,2024-02-24,1,8,35,False
4059,2024-02-24,1,9,33,False
4060,2024-02-24,1,10,48,False
4061,2024-02-24,1,11,37,False
4062,2024-02-24,1,12,48,False
4063,2024-02-24,1,13,19,False
4064,2024-02-24,1,14,25,False
4065,2024-02-24,1,15,14,False
4066,2024-02-24,1,16,21,False
4067,2024-02-24,1,17,35,False
4068,2024-02-24,1,18,35,False
4069,2024-02-24,1,19,32,False
4070,2024-02-24,1,20,20,False
4071,2024-02-24,1,21,27,False
4072,2024-02-24,1,22,20,False
4073,2024-02-24,1,23,20,False
4074,2024-02-24,1,24,13,True
4075,2024-02-24,1,25,23,False
4076,2024-02-24,2,1,31,False
4077,2024-02-24,2,2,25,False
4078,2024-02-24,2,3,18,False
4079,2024-02-24,2,4,23,False
4080,2024-02-24,2,5,11,False
4081,2024-02-24,2,6,26,False
4082,2024-02-24,2,7,23,False
4083,2024-02-24,2,8,15,False
4084,2024-02-24,2,9,21,False
4085,2024-02-24,2,10,30,False
4086,2024-02-24,2,11,38,False
4087,2024-02-24,2,12,39,False
4088,2024-02-24,2,13,15,False
4089,2024-02-24,2,14,18,False
4090,2024-02-24,2,15,14,False
4091,2024-02-24,2,16,12,False
4092,2024-02-24,2,17,19,False
4093,2024-02-24,2,18,26,False
4094,2024-02-24,2,19,30,False
4095,2024-02-24,2,20,17,False
4096,2024-02-24,2,21,8,False
4097,2024-02-24,2,22,21,True
4098,2024-02-24,2,23,10,True
4099,2024-02-24,2,24,11,False
4100,2024-02-24,2,25,17,False
4101,2024-02-24,3,1,24,False
4102,2024-02-24,3,2,21,False
4103,2024-02-24,3,3,10,False
4104,2024-02-24,3,4,11,False
4105,2024-02-24,3,5,13,False
4106,2024-02-24,3,6,22,False
4107,2024-02-24,3,7,14,False
4108,2024-02-24,3,8,19,False
4109,2024-02-24,3,9,16,False
4110,2024-02-24,3,10,14,False
4111,2024-02-24,3,11,18,False
4112,2024-02-24,3,12,20,False
4113,2024-02-24,3,13,12,False
4114,2024-02-24,3,14,8,False
4115,2024-02-24,3,15,7,False
4116,2024-02-24,3,16,11,True
4117,2024-02-24,3,17,12,False
4118,2024-02-24,3,18,12,False
4119,2024-02-24,3,19,20,False
4120,2024-02-24,3,20,8,False
4121,2024-02-24,3,21,5,False
4122,2024-02-24,3,22,4,False
4123,2024-02-24,3,23,4,False
4124,2024-02-24,3,24,2,False
4125,2024-02-24,3,25,4,False
4126,2024-02-25,1,1,40,False
4127,2024-02-25,1,2,32,False
4128,2024-02-25,1,3,25,False
4129,2024-02-25,1,4,38,False
4130,2024-02-25,1,5,21,False
4131,2024-02-25,1,6,36,False
4132,2024-02-25,1,7,33,False
4133,2024-02-25,1,8,40,False
4134,2024-02-25,1,9,21,False
4135,2024-02-25,1,10,41,False
4136,2024-02-25,1,11,44,False
4137,2024-02-25,1,12,35,False
4138,2024-02-25,1,13,14,False
4139,2024-02-25,1,14,40,False
4140,2024-02-25,1,15,19,False
4141,2024-02-25,1,16,16,False
4142,2024-02-25,1,17,20,False
4143,2024-02-25,1,18,36,False
4144,2024-02-25,1,19,34,False
4145,2024-02-25,1,20,24,False
4146,2024-02-25,1,21,19,False
4147,2024-02-25,1,22,13,False
4148,2024-02-25,1,23,12,False
4149,2024-02-25,1,24,14,False
4150,2024-02-25,1,25,19,False
4151,2024-02-25,2,1,26,False
4152,2024-02-25,2,2,34,False
4153,2024-02-25,2,3,16,False
4154,2024-02-25,2,4,29,False
4155,2024-02-25,2,5,21,True
4156,2024-02-25,2,6,28,False
4157,2024-02-25,2,7,26,False
4158,2024-02-25,2,8,17,False
4159,2024-02-25,2,9,13,False
4160,2024-02-25,2,10,38,False
4161,2024-02-25,2,11,25,False
4162,2024-02-25,2,12,19,False
4163,2024-02-25,2,13,12,False
4164,2024-02-25,2,14,25,False
4165,2024-02-25,2,15,11,False
4166,2024-02-25,2,16,10,False
4167,2024-02-25,2,17,21,False
4168,2024-02-25,2,18,13,False
4169,2024-02-25,2,19,34,False
4170,2024-02-25,2,20,7,False
4171,2024-02-25,2,21,12,False
4172,2024-02-25,2,22,18,False
4173,2024-02-25,2,23,4,False
4174,2024-02-25,2,24,19,True
4175,2024-02-25,2,25,17,False
4176,2024-02-25,3,1,13,False
4177,2024-02-25,3,2,11,False
4178,2024-02-25,3,3,12,False
4179,2024-02-25,3,4,15,False
4180,2024-02-25,3,5,3,False
4181,2024-02-25,3,6,18,False
4182,2024-02-25,3,7,15,False
4183,2024-02-25,3,8,18,False
4184,2024-02-25,3,9,7,False
4185,2024-02-25,3,10,17,False
4186,2024-02-25,3,11,22,False
4187,2024-02-25,3,12,23,False
4188,2024-02-25,3,13,11,False
4189,2024-02-25,3,14,17,False
4190,2024-02-25,3,15,7,False
4191,2024-02-25,3,16,12,False
4192,2024-02-25,3,17,27,True
4193,2024-02-25,3,18,12,False
4194,2024-02-25,3,19,12,False
4195,2024-02-25,3,20,13,False
4196,2024-02-25,3,21,7,False
4197,2024-02-25,3,22,12,False
4198,2024-02-25,3,23,5,False
4199,2024-02-25,3,24,12,False
4200,2024-02-25,3,25,11,False
4201,2024-02-26,1,1,27,False
4202,2024-02-26,1,2,24,False
4203,2024-02-26,1,3,27,False
4204,2024-02-26,1,4,28,False
4205,2024-02-26,1,5,25,False
4206,2024-02-26,1,6,32,False
4207,2024-02-26,1,7,35,False
4208,2024-02-26,1,8,33,False
4209,2024-02-26,1,9,22,False
4210,2024-02-26,1,10,36,False
4211,2024-02-26,1,11,40,False
4212,2024-02-26,1,12,27,False
4213,2024-02-26,1,13,14,False
4214,2024-02-26,1,14,17,False
4215,2024-02-26,1,15,11,False
4216,2024-02-26,1,16,12,False
4217,2024-02-26,1,17,29,False
4218,2024-02-26,1,18,22,False
4219,2024-02-26,1,19,40,True
4220,2024-02-26,1,20,17,False
4221,2024-02-26,1,21,7,False
4222,2024-02-26,1,22,11,False
4223,2024-02-26,1,23,15,False
4224,2024-02-26,1,24,10,False
4225,2024-02-26,1,25,6,False
4226,2024-02-26,2,1,21,False
4227,2024-02-26,2,2,18,False
4228,2024-02-26,2,3,21,False
4229,2024-02-26,2,4,23,False
4230,2024-02-26,2,5,11,False
4231,2024-02-26,2,6,26,False
4232,2024-02-26,2,7,22,False
4233,2024-02-26,2,8,13,False
4234,2024-02-26,2,9,15,False
4235,2024-02-26,2,10,30,False
4236,2024-02-26,2,11,24,False
4237,2024-02-26,2,12,24,False
4238,2024-02-26,2,13,14,False
4239,2024-02-26,2,14,15,False
4240,2024-02-26,2,15,14,False
4241,2024-02-26,2,16,8,False
4242,2024-02-26,2,17,17,False
4243,2024-02-26,2,18,13,False
4244,2024-02-26,2,19,20,False
4245,2024-02-26,2,20,15,False
4246,2024-02-26,2,21,12,False
4247,2024-02-26,2,22,8,False
4248,2024-02-26,2,23,4,False
4249,2024-02-26,2,24,10,False
4250,2024-02-26,2,25,9,False
4251,2024-02-26,3,1,12,False
4252,2024-02-26,3,2,13,False
4253,2024-02-26,3,3,10,False
4254,2024-02-26,3,4,15,False
4255,2024-02-26,3,5,12,True
4256,2024-02-26,3,6,17,True
4257,2024-02-26,3,7,16,True
4258,2024-02-26,3,8,11,False
4259,2024-02-26,3,9,13,False
4260,2024-02-26,3,10,16,False
4261,2024-02-26,3,11,18,False
4262,2024-02-26,3,12,15,False
4263,2024-02-26,3,13,11,False
4264,2024-02-26,3,14,11,False
4265,2024-02-26,3,15,8,False
4266,2024-02-26,3,16,4,False
4267,2024-02-26,3,17,7,False
4268,2024-02-26,3,18,7,False
4269,2024-02-26,3,19,7,False
4270,2024-02-26,3,20,5,False
4271,2024-02-26,3,21,5,False
4272,2024-02-26,3,22,4,False
4273,2024-02-26,3,23,6,False
4274,2024-02-26,3,24,4,False
4275,2024-02-26,3,25,11,False
4276,2024-02-27,1,1,33,False
4277,2024-02-27,1,2,29,False
4278,2024-02-27,1,3,25,False
4279,2024-02-27,1,4,29,False
4280,2024-02-27,1,5,20,False
4281,2024-02-27,1,6,22,False
4282,2024-02-27,1,7,31,False
4283,2024-02-27,1,8,32,False
4284,2024-02-27,1,9,16,False
4285,2024-02-27,1,10,32,False
4286,2024-02-27,1,11,38,False
4287,2024-02-27,1,12,33,False
4288,2024-02-27,1,13,19,False
4289,2024-02-27,1,14,23,False
4290,2024-02-27,1,15,15,False
4291,2024-02-27,1,16,13,False
4292,2024-02-27,1,17,35,False
4293,2024-02-27,1,18,28,False
4294,2024-02-27,1,19,32,False
4295,2024-02-27,1,20,17,False
4296,2024-02-27,1,21,13,False
4297,2024-02-27,1,22,9,False
4298,2024-02-27,1,23,7,False
4299,2024-02-27,1,24,15,False
4300,2024-02-27,1,25,12,False
4301,2024-02-27,2,1,18,False
4302,2024-02-27,2,2,16,False
4303,2024-02-27,2,3,14,False
4304,2024-02-27,2,4,17,False
4305,2024-02-27,2,5,5,False
4306,2024-02-27,2,6,26,False
4307,2024-02-27,2,7,17,False
4308,2024-02-27,2,8,20,False
4309,2024-02-27,2,9,15,False
4310,2024-02-27,2,10,20,False
4311,2024-02-27,2,11,18,False
4312,2024-02-27,2,12,23,False
4313,2024-02-27,2,13,10,False
4314,2024-02-27,2,14,21,False
4315,2024-02-27,2,15,9,False
4316,2024-02-27,2,16,2,False
4317,2024-02-27,2,17,15,False
4318,2024-02-27,2,18,16,False
4319,2024-02-27,2,19,20,False
4320,2024-02-27,2,20,7,False
4321,2024-02-27,2,21,9,False
4322,2024-02-27,2,22,11,False
4323,2024-02-27,2,23,5,False
4324,2024-02-27,2,24,10,False
4325,2024-02-27,2,25,13,False
4326,2024-02-27,3,1,15,False
4327,2024-02-27,3,2,8,False
4328,2024-02-27,3,3,10,False
4329,2024-02-27,3,4,13,False
4330,2024-02-27,3,5,7,False
4331,2024-02-27,3,6,10,False
4332,2024-02-27,3,7,10,False
4333,2024-02-27,3,8,12,False
4334,2024-02-27,3,9,13,False
4335,2024-02-27,3,10,11,False
4336,2024-02-27,3,11,18,False
4337,2024-02-27,3,12,12,False
4338,2024-02-27,3,13,12,False
4339,2024-02-27,3,14,4,False
4340,2024-02-27,3,15,6,False
4341,2024-02-27,3,16,4,False
4342,2024-02-27,3,17,6,False
4343,2024-02-27,3,18,8,False
4344,2024-02-27,3,19,14,False
4345,2024-02-27,3,20,9,False
4346,2024-02-27,3,21,6,False
4347,2024-02-27,3,22,7,False
4348,2024-02-27,3,23,4,False
4349,2024-02-27,3,24,4,False
4350,2024-02-27,3,25,5,False
4351,2024-02-28,1,1,41,False
4352,2024-02-28,1,2,24,False
4353,2024-02-28,1,3,20,False
4354,2024-02-28,1,4,28,False
4355,2024-02-28,1,5,11,False
4356,2024-02-28,1,6,25,False
4357,2024-02-28,1,7,28,False
4358,2024-02-28,1,8,32,False
4359,2024-02-28,1,9,18,False
4360,2024-02-28,1,10,29,False
4361,2024-02-28,1,11,30,False
4362,2024-02-28,1,12,47,True
4363,2024-02-28,1,13,12,False
4364,2024-02-28,1,14,37,False
4365,2024-02-28,1,15,29,True
4366,2024-02-28,1,16,12,False
4367,2024-02-28,1,17,31,False
4368,2024-02-28,1,18,21,False
4369,2024-02-28,1,19,19,False
4370,2024-02-28,1,20,14,False
4371,2024-02-28,1,21,12,False
4372,2024-02-28,1,22,16,False
4373,2024-02-28,1,23,11,False
4374,2024-02-28,1,24,7,False
4375,2024-02-28,1,25,5,False
4376,2024-02-28,2,1,29,False
4377,2024-02-28,2,2,15,False
4378,2024-02-28,2,3,24,False
4379,2024-02-28,2,4,22,False
4380,2024-02-28,2,5,23,False
4381,2024-02-28,2,6,15,False
4382,2024-02-28,2,7,17,False
4383,2024-02-28,2,8,18,False
4384,2024-02-28,2,9,14,False
4385,2024-02-28,2,10,28,False
4386,2024-02-28,2,11,20,False
4387,2024-02-28,2,12,26,False
4388,2024-02-28,2,13,4,False
4389,2024-02-28,2,14,14,False
4390,2024-02-28,2,15,9,False
4391,2024-02-28,2,16,11,False
4392,2024-02-28,2,17,17,False
4393,2024-02-28,2,18,18,False
4394,2024-02-28,2,19,17,False
4395,2024-02-28,2,20,22,True
4396,2024-02-28,2,21,5,False
4397,2024-02-28,2,22,10,False
4398,2024-02-28,2,23,5,False
4399,2024-02-28,2,24,7,False
4400,2024-02-28,2,25,5,False
4401,2024-02-28,3,1,25,True
4402,2024-02-28,3,2,7,False
4403,2024-02-28,3,3,5,False
4404,2024-02-28,3,4,14,False
4405,2024-02-28,3,5,6,False
4406,2024-02-28,3,6,7,False
4407,2024-02-28,3,7,10,False
4408,2024-02-28,3,8,10,False
4409,2024-02-28,3,9,9,False
4410,2024-02-28,3,10,10,False
4411,2024-02-28,3,11,12,False
4412,2024-02-28,3,12,14,False
4413,2024-02-28,3,13,2,False
4414,2024-02-28,3,14,10,False
4415,2024-02-28,3,15,3,False
4416,2024-02-28,3,16,10,False
4417,2024-02-28,3,17,11,True
4418,2024-02-28,3,18,18,False
4419,2024-02-28,3,19,7,False
4420,2024-02-28,3,20,9,False
4421,2024-02-28,3,21,4,False
4422,2024-02-28,3,22,3,False
4423,2024-02-28,3,23,1,False
4424,2024-02-28,3,24,3,False
4425,2024-02-28,3,25,0,False
4426,2024-02-29,1,1,35,False
4427,2024-02-29,1,2,27,False
4428,2024-02-29,1,3,21,False
4429,2024-02-29,1,4,32,False
4430,2024-02-29,1,5,14,False
4431,2024-02-29,1,6,33,False
4432,2024-02-29,1,7,25,False
4433,2024-02-29,1,8,31,False
4434,2024-02-29,1,9,18,False
4435,2024-02-29,1,10,40,False
4436,2024-02-29,1,11,35,False
4437,2024-02-29,1,12,27,False
4438,2024-02-29,1,13,26,False
4439,2024-02-29,1,14,17,False
4440,2024-02-29,1,15,13,False
4441,2024-02-29,1,16,13,False
4442,2024-02-29,1,17,35,True
4443,2024-02-29,1,18,22,False
4444,2024-02-29,1,19,34,False
4445,2024-02-29,1,20,19,False
4446,2024-02-29,1,21,17,False
4447,2024-02-29,1,22,23,True
4448,2024-02-29,1,23,12,False
4449,2024-02-29,1,24,8,False
4450,2024-02-29,1,25,14,False
4451,2024-02-29,2,1,22,False
4452,2024-02-29,2,2,17,False
4453,2024-02-29,2,3,17,False
4454,2024-02-29,2,4,24,False
4455,2024-02-29,2,5,8,False
4456,2024-02-29,2,6,16,False
4457,2024-02-29,2,7,21,False
4458,2024-02-29,2,8,28,False
4459,2024-02-29,2,9,18,False
4460,2024-02-29,2,10,22,False
4461,2024-02-29,2,11,28,False
4462,2024-02-29,2,12,13,False
4463,2024-02-29,2,13,11,False
4464,2024-02-29,2,14,25,False
4465,2024-02-29,2,15,8,False
4466,2024-02-29,2,16,10,False
4467,2024-02-29,2,17,18,False
4468,2024-02-29,2,18,19,False
4469,2024-02-29,2,19,17,False
4470,2024-02-29,2,20,16,False
4471,2024-02-29,2,21,0,False
4472,2024-02-29,2,22,11,False
4473,2024-02-29,2,23,6,False
4474,2024-02-29,2,24,2,False
4475,2024-02-29,2,25,10,False
4476,2024-02-29,3,1,11,False
4477,2024-02-29,3,2,9,False
4478,2024-02-29,3,3,5,False
4479,2024-02-29,3,4,9,False
4480,2024-02-29,3,5,9,False
4481,2024-02-29,3,6,15,True
4482,2024-02-29,3,7,10,False
4483,2024-02-29,3,8,13,False
4484,2024-02-29,3,9,7,False
4485,2024-02-29,3,10,10,False
4486,2024-02-29,3,11,22,True
4487,2024-02-29,3,12,12,False
4488,2024-02-29,3,13,9,False
4489,2024-02-29,3,14,16,False
4490,2024-02-29,3,15,6,False
4491,2024-02-29,3,16,4,False
4492,2024-02-29,3,17,6,False
4493,2024-02-29,3,18,14,False
4494,2024-02-29,3,19,14,False
4495,2024-02-29,3,20,13,False
4496,2024-02-29,3,21,1,False
4497,2024-02-29,3,22,4,False
4498,2024-02-29,3,23,8,False
4499,2024-02-29,3,24,7,False
4500,2024-02-29,3,25,5,False
4501,2024-03-01,1,1,29,False
4502,2024-03-01,1,2,22,False
4503,2024-03-01,1,3,23,False
4504,2024-03-01,1,4,36,False
4505,2024-03-01,1,5,16,False
4506,2024-03-01,1,6,28,False
4507,2024-03-01,1,7,20,False
4508,2024-03-01,1,8,23,False
4509,2024-03-01,1,9,33,False
4510,2024-03-01,1,10,25,False
4511,2024-03-01,1,11,31,False
4512,2024-03-01,1,12,44,False
4513,2024-03-01,1,13,16,False
4514,2024-03-01,1,14,24,False
4515,2024-03-01,1,15,13,False
4516,2024-03-01,1,16,11,False
4517,2024-03-01,1,17,26,False
4518,2024-03-01,1,18,21,False
4519,2024-03-01,1,19,15,False
4520,2024-03-01,1,20,13,False
4521,2024-03-01,1,21,8,False
4522,2024-03-01,1,22,19,False
4523,2024-03-01,1,23,8,False
4524,2024-03-01,1,24,8,False
4525,2024-03-01,1,25,17,False
4526,2024-03-01,2,1,25,False
4527,2024-03-01,2,2,19,False
4528,2024-03-01,2,3,14,False
4529,2024-03-01,2,4,16,False
4530,2024-03-01,2,5,11,False
4531,2024-03-01,2,6,27,False
4532,2024-03-01,2,7,26,False
4533,2024-03-01,2,8,18,False
4534,2024-03-01,2,9,13,False
4535,2024-03-01,2,10,22,False
4536,2024-03-01,2,11,20,False
4537,2024-03-01,2,12,26,False
4538,2024-03-01,2,13,9,False
4539,2024-03-01,2,14,21,False
4540,2024-03-01,2,15,5,False
4541,2024-03-01,2,16,4,False
4542,2024-03-01,2,17,15,False
4543,2024-03-01,2,18,22,False
4544,2024-03-01,2,19,21,False
4545,2024-03-01,2,20,13,False
4546,2024-03-01,2,21,9,False
4547,2024-03-01,2,22,11,False
4548,2024-03-01,2,23,7,False
4549,2024-03-01,2,24,5,False
4550,2024-03-01,2,25,4,False
4551,2024-03-01,3,1,20,False
4552,2024-03-01,3,2,18,False
4553,2024-03-01,3,3,8,False
4554,2024-03-01,3,4,14,False
4555,2024-03-01,3,5,1,False
4556,2024-03-01,3,6,13,False
4557,2024-03-01,3,7,5,False
4558,2024-03-01,3,8,17,True
4559,2024-03-01,3,9,9,False
4560,2024-03-01,3,10,17,False
4561,2024-03-01,3,11,13,False
4562,2024-03-01,3,12,13,False
4563,2024-03-01,3,13,7,False
4564,2024-03-01,3,14,10,False
4565,2024-03-01,3,15,8,False
4566,2024-03-01,3,16,2,False
4567,2024-03-01,3,17,6,False
4568,2024-03-01,3,18,5,False
4569,2024-03-01,3,19,7,False
4570,2024-03-01,3,20,9,False
4571,2024-03-01,3,21,3,False
4572,2024-03-01,3,22,5,False
4573,2024-03-01,3,23,4,False
4574,2024-03-01,3,24,3,False
4575,2024-03-01,3,25,10,False
4576,2024-03-02,1,1,37,False
4577,2024-03-02,1,2,36,False
4578,2024-03-02,1,3,25,False
4579,2024-03-02,1,4,30,False
4580,2024-03-02,1,5,20,False
4581,2024-03-02,1,6,35,False
4582,2024-03-02,1,7,29,False
4583,2024-03-02,1,8,30,False
4584,2024-03-02,1,9,41,True
4585,2024-03-02,1,10,44,False
4586,2024-03-02,1,11,38,False
4587,2024-03-02,1,12,44,False
4588,2024-03-02,1,13,24,False
4589,2024-03-02,1,14,27,False
4590,2024-03-02,1,15,16,False
4591,2024-03-02,1,16,11,False
4592,2024-03-02,1,17,35,False
4593,2024-03-02,1,18,20,False
4594,2024-03-02,1,19,32,False
4595,2024-03-02,1,20,19,False
4596,2024-03-02,1,21,18,False
4597,2024-03-02,1,22,23,False
4598,2024-03-02,1,23,18,False
4599,2024-03-02,1,24,16,False
4600,2024-03-02,1,25,4,False
4601,2024-03-02,2,1,62,True
4602,2024-03-02,2,2,23,False
4603,2024-03-02,2,3,20,False
4604,2024-03-02,2,4,25,False
4605,2024-03-02,2,5,11,False
4606,2024-03-02,2,6,33,False
4607,2024-03-02,2,7,27,False
4608,2024-03-02,2,8,22,False
4609,2024-03-02,2,9,14,False
4610,2024-03-02,2,10,33,False
4611,2024-03-02,2,11,31,False
4612,2024-03-02,2,12,20,False
4613,2024-03-02,2,13,19,False
4614,2024-03-02,2,14,13,False
4615,2024-03-02,2,15,18,False
4616,2024-03-02,2,16,12,False
4617,2024-03-02,2,17,20,False
4618,2024-03-02,2,18,22,False
4619,2024-03-02,2,19,21,False
4620,2024-03-02,2,20,14,False
4621,2024-03-02,2,21,13,False
4622,2024-03-02,2,22,3,False
4623,2024-03-02,2,23,13,False
4624,2024-03-02,2,24,7,False
4625,2024-03-02,2,25,9,False
4626,2024-03-02,3,1,21,False
4627,2024-03-02,3,2,12,False
4628,2024-03-02,3,3,14,True
4629,2024-03-02,3,4,19,False
4630,2024-03-02,3,5,8,False
4631,2024-03-02,3,6,12,False
4632,2024-03-02,3,7,10,False
4633,2024-03-02,3,8,15,False
4634,2024-03-02,3,9,9,False
4635,2024-03-02,3,10,18,False
4636,2024-03-02,3,11,17,False
4637,2024-03-02,3,12,31,True
4638,2024-03-02,3,13,11,False
4639,2024-03-02,3,14,8,False
4640,2024-03-02,3,15,10,False
4641,2024-03-02,3,16,4,False
4642,2024-03-02,3,17,14,False
4643,2024-03-02,3,18,11,False
4644,2024-03-02,3,19,19,False
4645,2024-03-02,3,20,13,False
4646,2024-03-02,3,21,6,False
4647,2024-03-02,3,22,5,False
4648,2024-03-02,3,23,8,False
4649,2024-03-02,3,24,4,False
4650,2024-03-02,3,25,5,False
4651,2024-03-03,1,1,45,False
4652,2024-03-03,1,2,31,False
4653,2024-03-03,1,3,43,True
4654,2024-03-03,1,4,49,True
4655,2024-03-03,1,5,14,False
4656,2024-03-03,1,6,31,False
4657,2024-03-03,1,7,46,False
4658,2024-03-03,1,8,31,False
4659,2024-03-03,1,9,24,False
4660,2024-03-03,1,10,36,False
4661,2024-03-03,1,11,33,False
4662,2024-03-03,1,12,41,False
4663,2024-03-03,1,13,22,False
4664,2024-03-03,1,14,33,False
4665,2024-03-03,1,15,18,False
4666,2024-03-03,1,16,13,False
4667,2024-03-03,1,17,30,False
4668,2024-03-03,1,18,57,True
4669,2024-03-03,1,19,29,False
4670,2024-03-03,1,20,30,True
4671,2024-03-03,1,21,18,False
4672,2024-03-03,1,22,15,False
4673,2024-03-03,1,23,19,False
4674,2024-03-03,1,24,15,False
4675,2024-03-03,1,25,17,False
4676,2024-03-03,2,1,27,False
4677,2024-03-03,2,2,23,False
4678,2024-03-03,2,3,24,False
4679,2024-03-03,2,4,20,False
4680,2024-03-03,2,5,15,False
4681,2024-03-03,2,6,22,False
4682,2024-03-03,2,7,23,False
4683,2024-03-03,2,8,20,False
4684,2024-03-03,2,9,20,False
4685,2024-03-03,2,10,38,False
4686,2024-03-03,2,11,40,False
4687,2024-03-03,2,12,35,False
4688,2024-03-03,2,13,21,False
4689,2024-03-03,2,14,23,False
4690,2024-03-03,2,15,11,False
4691,2024-03-03,2,16,10,False
4692,2024-03-03,2,17,12,False
4693,2024-03-03,2,18,28,False
4694,2024-03-03,2,19,22,False
4695,2024-03-03,2,20,13,False
4696,2024-03-03,2,21,13,False
4697,2024-03-03,2,22,5,False
4698,2024-03-03,2,23,5,False
4699,2024-03-03,2,24,9,False
4700,2024-03-03,2,25,20,True
4701,2024-03-03,3,1,26,False
4702,2024-03-03,3,2,19,False
4703,2024-03-03,3,3,13,False
4704,2024-03-03,3,4,18,False
4705,2024-03-03,3,5,7,False
4706,2024-03-03,3,6,17,False
4707,2024-03-03,3,7,11,False
4708,2024-03-03,3,8,14,False
4709,2024-03-03,3,9,13,False
4710,2024-03-03,3,10,23,False
4711,2024-03-03,3,11,17,False
4712,2024-03-03,3,12,21,False
4713,2024-03-03,3,13,8,False
4714,2024-03-03,3,14,16,False
4715,2024-03-03,3,15,10,False
4716,2024-03-03,3,16,5,False
4717,2024-03-03,3,17,11,False
4718,2024-03-03,3,18,11,False
4719,2024-03-03,3,19,23,False
4720,2024-03-03,3,20,7,False
4721,2024-03-03,3,21,7,False
4722,2024-03-03,3,22,7,False
4723,2024-03-03,3,23,6,False
4724,2024-03-03,3,24,10,True
4725,2024-03-03,3,25,10,False
4726,2024-03-04,1,1,30,False
4727,2024-03-04,1,2,29,False
4728,2024-03-04,1,3,19,False
4729,2024-03-04,1,4,40,False
4730,2024-03-04,1,5,20,False
4731,2024-03-04,1,6,36,False
4732,2024-03-04,1,7,23,False
4733,2024-03-04,1,8,27,False
4734,2024-03-04,1,9,35,False
4735,2024-03-04,1,10,32,False
4736,2024-03-04,1,11,28,False
4737,2024-03-04,1,12,48,True
4738,2024-03-04,1,13,17,False
4739,2024-03-04,1,14,23,False
4740,2024-03-04,1,15,13,False
4741,2024-03-04,1,16,17,True
4742,2024-03-04,1,17,18,False
4743,2024-03-04,1,18,19,False
4744,2024-03-04,1,19,34,False
4745,2024-03-04,1,20,20,False
4746,2024-03-04,1,21,13,False
4747,2024-03-04,1,22,14,False
4748,2024-03-04,1,23,9,False
4749,2024-03-04,1,24,7,False
4750,2024-03-04,1,25,16,False
4751,2024-03-04,2,1,22,False
4752,2024-03-04,2,2,20,False
4753,2024-03-04,2,3,18,False
4754,2024-03-04,2,4,25,False
4755,2024-03-04,2,5,14,False
4756,2024-03-04,2,6,16,False
4757,2024-03-04,2,7,14,False
4758,2024-03-04,2,8,19,False
4759,2024-03-04,2,9,19,False
4760,2024-03-04,2,10,21,False
4761,2024-03-04,2,11,28,False
4762,2024-03-04,2,12,29,False
4763,2024-03-04,2,13,9,False
4764,2024-03-04,2,14,16,False
4765,2024-03-04,2,15,23,True
4766,2024-03-04,2,16,8,False
4767,2024-03-04,2,17,17,False
4768,2024-03-04,2,18,22,True
4769,2024-03-04,2,19,30,False
4770,2024-03-04,2,20,13,False
4771,2024-03-04,2,21,8,False
4772,2024-03-04,2,22,13,False
4773,2024-03-04,2,23,10,False
4774,2024-03-04,2,24,8,False
4775,2024-03-04,2,25,7,False
4776,2024-03-04,3,1,15,False
4777,2024-03-04,3,2,14,False
4778,2024-03-04,3,3,7,False
4779,2024-03-04,3,4,11,False
4780,2024-03-04,3,5,3,False
4781,2024-03-04,3,6,15,False
4782,2024-03-04,3,7,15,False
4783,2024-03-04,3,8,13,False
4784,2024-03-04,3,9,16,False
4785,2024-03-04,3,10,16,False
4786,2024-03-04,3,11,19,False
4787,2024-03-04,3,12,13,False
4788,2024-03-04,3,13,6,False
4789,2024-03-04,3,14,5,False
4790,2024-03-04,3,15,2,False
4791,2024-03-04,3,16,4,False
4792,2024-03-04,3,17,15,True
4793,2024-03-04,3,18,6,False
4794,2024-03-04,3,19,19,False
4795,2024-03-04,3,20,2,False
4796,2024-03-04,3,21,3,False
4797,2024-03-04,3,22,6,True
4798,2024-03-04,3,23,8,True
4799,2024-03-04,3,24,7,False
4800,2024-03-04,3,25,7,False
4801,2024-03-05,1,1,34,False
4802,2024-03-05,1,2,44,True
4803,2024-03-05,1,3,11,False
4804,2024-03-05,1,4,26,False
4805,2024-03-05,1,5,16,False
4806,2024-03-05,1,6,36,False
4807,2024-03-05,1,7,27,False
4808,2024-03-05,1,8,21,False
4809,2024-03-05,1,9,19,False
4810,2024-03-05,1,10,33,False
4811,2024-03-05,1,11,25,False
4812,2024-03-05,1,12,26,False
4813,2024-03-05,1,13,14,False
4814,2024-03-05,1,14,19,False
4815,2024-03-05,1,15,12,False
4816,2024-03-05,1,16,13,False
4817,2024-03-05,1,17,21,False
4818,2024-03-05,1,18,26,False
4819,2024-03-05,1,19,20,False
4820,2024-03-05,1,20,17,False
4821,2024-03-05,1,21,21,True
4822,2024-03-05,1,22,15,False
4823,2024-03-05,1,23,8,False
4824,2024-03-05,1,24,7,False
4825,2024-03-05,1,25,20,False
4826,2024-03-05,2,1,25,False
4827,2024-03-05,2,2,17,False
4828,2024-03-05,2,3,16,False
4829,2024-03-05,2,4,19,False
4830,2024-03-05,2,5,12,False
4831,2024-03-05,2,6,23,False
4832,2024-03-05,2,7,27,True
4833,2024-03-05,2,8,25,False
4834,2024-03-05,2,9,15,False
4835,2024-03-05,2,10,19,False
4836,2024-03-05,2,11,38,False
4837,2024-03-05,2,12,25,False
4838,2024-03-05,2,13,9,False
4839,2024-03-05,2,14,14,False
4840,2024-03-05,2,15,15,False
4841,2024-03-05,2,16,14,False
4842,2024-03-05,2,17,32,False
4843,2024-03-05,2,18,9,False
4844,2024-03-05,2,19,20,False
4845,2024-03-05,2,20,8,False
4846,2024-03-05,2,21,9,False
4847,2024-03-05,2,22,10,False
4848,2024-03-05,2,23,0,False
4849,2024-03-05,2,24,4,False
4850,2024-03-05,2,25,13,False
4851,2024-03-05,3,1,18,False
4852,2024-03-05,3,2,6,False
4853,2024-03-05,3,3,9,False
4854,2024-03-05,3,4,14,False
4855,2024-03-05,3,5,10,False
4856,2024-03-05,3,6,13,False
4857,2024-03-05,3,7,12,False
4858,2024-03-05,3,8,13,False
4859,2024-03-05,3,9,6,False
4860,2024-03-05,3,10,10,False
4861,2024-03-05,3,11,16,False
4862,2024-03-05,3,12,13,False
4863,2024-03-05,3,13,10,False
4864,2024-03-05,3,14,12,False
4865,2024-03-05,3,15,13,True
4866,2024-03-05,3,16,8,False
4867,2024-03-05,3,17,12,True
4868,2024-03-05,3,18,14,False
4869,2024-03-05,3,19,12,False
4870,2024-03-05,3,20,7,False
4871,2024-03-05,3,21,7,False
4872,2024-03-05,3,22,2,False
4873,2024-03-05,3,23,4,False
4874,2024-03-05,3,24,4,False
4875,2024-03-05,3,25,6,False
4876,2024-03-06,1,1,39,False
4877,2024-03-06,1,2,21,False
4878,2024-03-06,1,3,18,False
4879,2024-03-06,1,4,30,False
4880,2024-03-06,1,5,13,False
4881,2024-03-06,1,6,21,False
4882,2024-03-06,1,7,34,False
4883,2024-03-06,1,8,30,False
4884,2024-03-06,1,9,19,False
4885,2024-03-06,1,10,37,False
4886,2024-03-06,1,11,40,False
4887,2024-03-06,1,12,19,False
4888,2024-03-06,1,13,10,False
4889,2024-03-06,1,14,35,False
4890,2024-03-06,1,15,12,False
4891,2024-03-06,1,16,16,False
4892,2024-03-06,1,17,24,False
4893,2024-03-06,1,18,16,False
4894,2024-03-06,1,19,19,False
4895,2024-03-06,1,20,11,False
4896,2024-03-06,1,21,13,False
4897,2024-03-06,1,22,9,False
4898,2024-03-06,1,23,16,False
4899,2024-03-06,1,24,8,False
4900,2024-03-06,1,25,10,False
4901,2024-03-06,2,1,23,False
4902,2024-03-06,2,2,19,False
4903,2024-03-06,2,3,18,False
4904,2024-03-06,2,4,33,True
4905,2024-03-06,2,5,9,False
4906,2024-03-06,2,6,17,False
4907,2024-03-06,2,7,26,False
4908,2024-03-06,2,8,16,False
4909,2024-03-06,2,9,12,False
4910,2024-03-06,2,10,30,False
4911,2024-03-06,2,11,22,False
4912,2024-03-06,2,12,28,False
4913,2024-03-06,2,13,7,False
4914,2024-03-06,2,14,12,False
4915,2024-03-06,2,15,14,False
4916,2024-03-06,2,16,9,False
4917,2024-03-06,2,17,19,False
4918,2024-03-06,2,18,14,False
4919,2024-03-06,2,19,15,False
4920,2024-03-06,2,20,11,False
4921,2024-03-06,2,21,11,False
4922,2024-03-06,2,22,10,False
4923,2024-03-06,2,23,14,False
4924,2024-03-06,2,24,5,False
4925,2024-03-06,2,25,9,False
4926,2024-03-06,3,1,12,False
4927,2024-03-06,3,2,10,False
4928,2024-03-06,3,3,11,False
4929,2024-03-06,3,4,14,False
4930,2024-03-06,3,5,9,False
4931,2024-03-06,3,6,11,False
4932,2024-03-06,3,7,22,False
4933,2024-03-06,3,8,13,False
4934,2024-03-06,3,9,9,False
4935,2024-03-06,3,10,10,False
4936,2024-03-06,3,11,13,False
4937,2024-03-06,3,12,12,False
4938,2024-03-06,3,13,10,False
4939,2024-03-06,3,14,11,False
4940,2024-03-06,3,15,4,False
4941,2024-03-06,3,16,3,False
4942,2024-03-06,3,17,6,False
4943,2024-03-06,3,18,7,False
4944,2024-03-06,3,19,13,False
4945,2024-03-06,3,20,5,False
4946,2024-03-06,3,21,12,False
4947,2024-03-06,3,22,8,False
4948,2024-03-06,3,23,3,False
4949,2024-03-06,3,24,8,False
4950,2024-03-06,3,25,5,False
4951,2024-03-07,1,1,43,False
4952,2024-03-07,1,2,25,False
4953,2024-03-07,1,3,21,False
4954,2024-03-07,1,4,39,False
4955,2024-03-07,1,5,29,False
4956,2024-03-07,1,6,42,False
4957,2024-03-07,1,7,31,False
4958,2024-03-07,1,8,28,False
4959,2024-03-07,1,9,21,False
4960,2024-03-07,1,10,34,False
4961,2024-03-07,1,11,32,False
4962,2024-03-07,1,12,45,False
4963,2024-03-07,1,13,15,False
4964,2024-03-07,1,14,37,True
4965,2024-03-07,1,15,16,False
4966,2024-03-07,1,16,13,False
4967,2024-03-07,1,17,22,False
4968,2024-03-07,1,18,33,False
4969,2024-03-07,1,19,30,False
4970,2024-03-07,1,20,19,False
4971,2024-03-07,1,21,21,False
4972,2024-03-07,1,22,22,True
4973,2024-03-07,1,23,10,False
4974,2024-03-07,1,24,10,False
4975,2024-03-07,1,25,15,False
4976,2024-03-07,2,1,27,False
4977,2024-03-07,2,2,19,False
4978,2024-03-07,2,3,10,False
4979,2024-03-07,2,4,21,False
4980,2024-03-07,2,5,7,False
4981,2024-03-07,2,6,27,False
4982,2024-03-07,2,7,19,False
4983,2024-03-07,2,8,25,False
4984,2024-03-07,2,9,17,False
4985,2024-03-07,2,10,23,False
4986,2024-03-07,2,11,23,False
4987,2024-03-07,2,12,28,False
4988,2024-03-07,2,13,8,False
4989,2024-03-07,2,14,22,False
4990,2024-03-07,2,15,8,False
4991,2024-03-07,2,16,10,False
4992,2024-03-07,2,17,14,False
4993,2024-03-07,2,18,14,False
4994,2024-03-07,2,19,24,False
4995,2024-03-07,2,20,7,False
4996,2024-03-07,2,21,9,False
4997,2024-03-07,2,22,7,False
4998,2024-03-07,2,23,10,False
4999,2024-03-07,2,24,7,False
5000,2024-03-07,2,25,19,True
5001,2024-03-07,3,1,14,False
5002,2024-03-07,3,2,9,False
5003,2024-03-07,3,3,11,False
5004,2024-03-07,3,4,16,False
5005,2024-03-07,3,5,8,False
5006,2024-03-07,3,6,15,False
5007,2024-03-07,3,7,11,False
5008,2024-03-07,3,8,11,False
5009,2024-03-07,3,9,10,False
5010,2024-03-07,3,10,14,False
5011,2024-03-07,3,11,17,False
5012,2024-03-07,3,12,11,False
5013,2024-03-07,3,13,9,False
5014,2024-03-07,3,14,12,False
5015,2024-03-07,3,15,6,False
5016,2024-03-07,3,16,7,False
5017,2024-03-07,3,17,7,False
5018,2024-03-07,3,18,13,False
5019,2024-03-07,3,19,13,False
5020,2024-03-07,3,20,9,True
5021,2024-03-07,3,21,3,False
5022,2024-03-07,3,22,6,False
5023,2024-03-07,3,23,7,False
5024,2024-03-07,3,24,1,False
5025,2024-03-07,3,25,4,False
5026,2024-03-08,1,1,34,False
5027,2024-03-08,1,2,18,False
5028,2024-03-08,1,3,27,False
5029,2024-03-08,1,4,41,False
5030,2024-03-08,1,5,36,True
5031,2024-03-08,1,6,25,False
5032,2024-03-08,1,7,26,False
5033,2024-03-08,1,8,31,False
5034,2024-03-08,1,9,40,True
5035,2024-03-08,1,10,27,False
5036,2024-03-08,1,11,35,False
5037,2024-03-08,1,12,28,False
5038,2024-03-08,1,13,13,False
5039,2024-03-08,1,14,11,False
5040,2024-03-08,1,15,8,False
5041,2024-03-08,1,16,14,False
5042,2024-03-08,1,17,23,False
5043,2024-03-08,1,18,18,False
5044,2024-03-08,1,19,18,False
5045,2024-03-08,1,20,14,False
5046,2024-03-08,1,21,22,False
5047,2024-03-08,1,22,18,False
5048,2024-03-08,1,23,12,False
5049,2024-03-08,1,24,10,False
5050,2024-03-08,1,25,12,False
5051,2024-03-08,2,1,33,False
5052,2024-03-08,2,2,17,False
5053,2024-03-08,2,3,10,False
5054,2024-03-08,2,4,21,False
5055,2024-03-08,2,5,13,False
5056,2024-03-08,2,6,9,False
5057,2024-03-08,2,7,21,False
5058,2024-03-08,2,8,26,False
5059,2024-03-08,2,9,16,False
5060,2024-03-08,2,10,21,False
5061,2024-03-08,2,11,17,False
5062,2024-03-08,2,12,15,False
5063,2024-03-08,2,13,16,False
5064,2024-03-08,2,14,12,False
5065,2024-03-08,2,15,8,False
5066,2024-03-08,2,16,11,False
5067,2024-03-08,2,17,17,False
5068,2024-03-08,2,18,12,False
5069,2024-03-08,2,19,22,False
5070,2024-03-08,2,20,14,False
5071,2024-03-08,2,21,5,False
5072,2024-03-08,2,22,12,False
5073,2024-03-08,2,23,9,False
5074,2024-03-08,2,24,4,False
5075,2024-03-08,2,25,12,False
5076,2024-03-08,3,1,19,False
5077,2024-03-08,3,2,12,False
5078,2024-03-08,3,3,17,False
5079,2024-03-08,3,4,19,False
5080,2024-03-08,3,5,12,False
5081,2024-03-08,3,6,15,False
5082,2024-03-08,3,7,13,False
5083,2024-03-08,3,8,13,False
5084,2024-03-08,3,9,13,False
5085,2024-03-08,3,10,6,False
5086,2024-03-08,3,11,22,False
5087,2024-03-08,3,12,14,False
5088,2024-03-08,3,13,6,False
5089,2024-03-08,3,14,10,False
5090,2024-03-08,3,15,6,False
5091,2024-03-08,3,16,6,False
5092,2024-03-08,3,17,10,False
5093,2024-03-08,3,18,12,False
5094,2024-03-08,3,19,12,False
5095,2024-03-08,3,20,4,False
5096,2024-03-08,3,21,4,False
5097,2024-03-08,3,22,4,False
5098,2024-03-08,3,23,1,False
5099,2024-03-08,3,24,6,False
5100,2024-03-08,3,25,8,False
5101,2024-03-09,1,1,38,False
5102,2024-03-09,1,2,31,False
5103,2024-03-09,1,3,21,False
5104,2024-03-09,1,4,36,False
5105,2024-03-09,1,5,18,False
5106,2024-03-09,1,6,43,False
5107,2024-03-09,1,7,32,False
5108,2024-03-09,1,8,28,False
5109,2024-03-09,1,9,20,False
5110,2024-03-09,1,10,39,False
5111,2024-03-09,1,11,70,True
5112,2024-03-09,1,12,31,False
5113,2024-03-09,1,13,23,False
5114,2024-03-09,1,14,32,False
5115,2024-03-09,1,15,14,False
5116,2024-03-09,1,16,16,False
5117,2024-03-09,1,17,27,False
5118,2024-03-09,1,18,30,False
5119,2024-03-09,1,19,66,True
5120,2024-03-09,1,20,15,False
5121,2024-03-09,1,21,10,False
5122,2024-03-09,1,22,13,False
5123,2024-03-09,1,23,11,False
5124,2024-03-09,1,24,11,False
5125,2024-03-09,1,25,8,False
5126,2024-03-09,2,1,26,False
5127,2024-03-09,2,2,26,False
5128,2024-03-09,2,3,23,False
5129,2024-03-09,2,4,26,False
5130,2024-03-09,2,5,17,False
5131,2024-03-09,2,6,27,False
5132,2024-03-09,2,7,18,False
5133,2024-03-09,2,8,24,False
5134,2024-03-09,2,9,13,False
5135,2024-03-09,2,10,29,False
5136,2024-03-09,2,11,41,False
5137,2024-03-09,2,12,28,False
5138,2024-03-09,2,13,19,False
5139,2024-03-09,2,14,30,False
5140,2024-03-09,2,15,19,False
5141,2024-03-09,2,16,9,False
5142,2024-03-09,2,17,22,False
5143,2024-03-09,2,18,23,False
5144,2024-03-09,2,19,29,False
5145,2024-03-09,2,20,19,False
5146,2024-03-09,2,21,14,False
5147,2024-03-09,2,22,12,False
5148,2024-03-09,2,23,11,False
5149,2024-03-09,2,24,11,False
5150,2024-03-09,2,25,11,False
5151,2024-03-09,3,1,15,False
5152,2024-03-09,3,2,18,False
5153,2024-03-09,3,3,6,False
5154,2024-03-09,3,4,13,False
5155,2024-03-09,3,5,9,False
5156,2024-03-09,3,6,16,False
5157,2024-03-09,3,7,14,False
5158,2024-03-09,3,8,19,False
5159,2024-03-09,3,9,8,False
5160,2024-03-09,3,10,15,False
5161,2024-03-09,3,11,21,False
5162,2024-03-09,3,12,17,False
5163,2024-03-09,3,13,5,False
5164,2024-03-09,3,14,9,False
5165,2024-03-09,3,15,7,False
5166,2024-03-09,3,16,6,False
5167,2024-03-09,3,17,13,False
5168,2024-03-09,3,18,18,False
5169,2024-03-09,3,19,20,False
5170,2024-03-09,3,20,14,False
5171,2024-03-09,3,21,5,False
5172,2024-03-09,3,22,7,False
5173,2024-03-09,3,23,7,False
5174,2024-03-09,3,24,2,False
5175,2024-03-09,3,25,6,False
5176,2024-03-10,1,1,49,False
5177,2024-03-10,1,2,35,False
5178,2024-03-10,1,3,19,False
5179,2024-03-10,1,4,35,False
5180,2024-03-10,1,5,19,False
5181,2024-03-10,1,6,38,False
5182,2024-03-10,1,7,37,False
5183,2024-03-10,1,8,30,False
5184,2024-03-10,1,9,34,False
5185,2024-03-10,1,10,40,False
5186,2024-03-10,1,11,49,False
5187,2024-03-10,1,12,34,False
5188,2024-03-10,1,13,31,True
5189,2024-03-10,1,14,34,False
5190,2024-03-10,1,15,10,False
5191,2024-03-10,1,16,16,False
5192,2024-03-10,1,17,24,False
5193,2024-03-10,1,18,26,False
5194,2024-03-10,1,19,47,False
5195,2024-03-10,1,20,22,False
5196,2024-03-10,1,21,18,False
5197,2024-03-10,1,22,29,False
5198,2024-03-10,1,23,17,False
5199,2024-03-10,1,24,10,False
5200,2024-03-10,1,25,25,False
5201,2024-03-10,2,1,36,False
5202,2024-03-10,2,2,27,False
5203,2024-03-10,2,3,18,False
5204,2024-03-10,2,4,22,False
5205,2024-03-10,2,5,17,False
5206,2024-03-10,2,6,31,False
5207,2024-03-10,2,7,22,False
5208,2024-03-10,2,8,25,False
5209,2024-03-10,2,9,21,False
5210,2024-03-10,2,10,28,False
5211,2024-03-10,2,11,30,False
5212,2024-03-10,2,12,25,False
5213,2024-03-10,2,13,15,False
5214,2024-03-10,2,14,27,False
5215,2024-03-10,2,15,15,False
5216,2024-03-10,2,16,14,False
5217,2024-03-10,2,17,26,False
5218,2024-03-10,2,18,27,False
5219,2024-03-10,2,19,28,False
5220,2024-03-10,2,20,19,False
5221,2024-03-10,2,21,15,False
5222,2024-03-10,2,22,9,False
5223,2024-03-10,2,23,11,False
5224,2024-03-10,2,24,10,False
5225,2024-03-10,2,25,10,False
5226,2024-03-10,3,1,16,False
5227,2024-03-10,3,2,19,False
5228,2024-03-10,3,3,9,False
5229,2024-03-10,3,4,14,False
5230,2024-03-10,3,5,10,False
5231,2024-03-10,3,6,17,False
5232,2024-03-10,3,7,17,False
5233,2024-03-10,3,8,18,False
5234,2024-03-10,3,9,12,False
5235,2024-03-10,3,10,14,False
5236,2024-03-10,3,11,30,False
5237,2024-03-10,3,12,22,False
5238,2024-03-10,3,13,18,False
5239,2024-03-10,3,14,12,False
5240,2024-03-10,3,15,7,False
5241,2024-03-10,3,16,7,False
5242,2024-03-10,3,17,11,False
5243,2024-03-10,3,18,12,False
5244,2024-03-10,3,19,13,False
5245,2024-03-10,3,20,5,False
5246,2024-03-10,3,21,8,False
5247,2024-03-10,3,22,11,False
5248,2024-03-10,3,23,2,False
5249,2024-03-10,3,24,3,False
5250,2024-03-10,3,25,5,False
5251,2024-03-11,1,1,29,False
5252,2024-03-11,1,2,21,False
5253,2024-03-11,1,3,40,True
5254,2024-03-11,1,4,31,False
5255,2024-03-11,1,5,13,False
5256,2024-03-11,1,6,25,False
5257,2024-03-11,1,7,33,False
5258,2024-03-11,1,8,20,False
5259,2024-03-11,1,9,17,False
5260,2024-03-11,1,10,37,False
5261,2024-03-11,1,11,46,False
5262,2024-03-11,1,12,35,False
5263,2024-03-11,1,13,20,False
5264,2024-03-11,1,14,26,False
5265,2024-03-11,1,15,33,True
5266,2024-03-11,1,16,6,False
5267,2024-03-11,1,17,24,False
5268,2024-03-11,1,18,28,False
5269,2024-03-11,1,19,25,False
5270,2024-03-11,1,20,17,False
5271,2024-03-11,1,21,16,False
5272,2024-03-11,1,22,23,True
5273,2024-03-11,1,23,12,True
5274,2024-03-11,1,24,10,False
5275,2024-03-11,1,25,20,False
5276,2024-03-11,2,1,34,False
5277,2024-03-11,2,2,20,False
5278,2024-03-11,2,3,20,True
5279,2024-03-11,2,4,23,True
5280,2024-03-11,2,5,8,False
5281,2024-03-11,2,6,16,False
5282,2024-03-11,2,7,8,False
5283,2024-03-11,2,8,20,False
5284,2024-03-11,2,9,15,False
5285,2024-03-11,2,10,20,False
5286,2024-03-11,2,11,20,False
5287,2024-03-11,2,12,34,False
5288,2024-03-11,2,13,13,False
5289,2024-03-11,2,14,18,False
5290,2024-03-11,2,15,8,False
5291,2024-03-11,2,16,9,False
5292,2024-03-11,2,17,13,False
5293,2024-03-11,2,18,26,True
5294,2024-03-11,2,19,10,False
5295,2024-03-11,2,20,14,False
5296,2024-03-11,2,21,9,False
5297,2024-03-11,2,22,10,False
5298,2024-03-11,2,23,4,False
5299,2024-03-11,2,24,7,False
5300,2024-03-11,2,25,13,False
5301,2024-03-11,3,1,13,False
5302,2024-03-11,3,2,12,False
5303,2024-03-11,3,3,6,False
5304,2024-03-11,3,4,24,True
5305,2024-03-11,3,5,5,False
5306,2024-03-11,3,6,16,False
5307,2024-03-11,3,7,6,False
5308,2024-03-11,3,8,22,False
5309,2024-03-11,3,9,9,False
5310,2024-03-11,3,10,13,False
5311,2024-03-11,3,11,12,False
5312,2024-03-11,3,12,13,False
5313,2024-03-11,3,13,9,False
5314,2024-03-11,3,14,14,False
5315,2024-03-11,3,15,6,False
5316,2024-03-11,3,16,5,False
5317,2024-03-11,3,17,11,False
5318,2024-03-11,3,18,4,False
5319,2024-03-11,3,19,15,False
5320,2024-03-11,3,20,9,False
5321,2024-03-11,3,21,3,False
5322,2024-03-11,3,22,13,True
5323,2024-03-11,3,23,2,False
5324,2024-03-11,3,24,6,False
5325,2024-03-11,3,25,4,False
5326,2024-03-12,1,1,36,False
5327,2024-03-12,1,2,23,False
5328,2024-03-12,1,3,29,False
5329,2024-03-12,1,4,32,False
5330,2024-03-12,1,5,17,False
5331,2024-03-12,1,6,21,False
5332,2024-03-12,1,7,24,False
5333,2024-03-12,1,8,27,False
5334,2024-03-12,1,9,13,False
5335,2024-03-12,1,10,53,True
5336,2024-03-12,1,11,33,False
5337,2024-03-12,1,12,31,False
5338,2024-03-12,1,13,19,False
5339,2024-03-12,1,14,24,False
5340,2024-03-12,1,15,12,False
5341,2024-03-12,1,16,11,False
5342,2024-03-12,1,17,25,False
5343,2024-03-12,1,18,15,False
5344,2024-03-12,1,19,22,False
5345,2024-03-12,1,20,15,False
5346,2024-03-12,1,21,17,False
5347,2024-03-12,1,22,19,False
5348,2024-03-12,1,23,8,False
5349,2024-03-12,1,24,10,False
5350,2024-03-12,1,25,14,False
5351,2024-03-12,2,1,25,False
5352,2024-03-12,2,2,20,False
5353,2024-03-12,2,3,8,False
5354,2024-03-12,2,4,18,False
5355,2024-03-12,2,5,17,False
5356,2024-03-12,2,6,24,False
5357,2024-03-12,2,7,13,False
5358,2024-03-12,2,8,17,False
5359,2024-03-12,2,9,10,False
5360,2024-03-12,2,10,22,False
5361,2024-03-12,2,11,23,False
5362,2024-03-12,2,12,18,False
5363,2024-03-12,2,13,8,False
5364,2024-03-12,2,14,15,False
5365,2024-03-12,2,15,8,False
5366,2024-03-12,2,16,7,False
5367,2024-03-12,2,17,12,False
5368,2024-03-12,2,18,20,False
5369,2024-03-12,2,19,12,False
5370,2024-03-12,2,20,12,False
5371,2024-03-12,2,21,10,False
5372,2024-03-12,2,22,10,False
5373,2024-03-12,2,23,10,False
5374,2024-03-12,2,24,10,False
5375,2024-03-12,2,25,9,False
5376,2024-03-12,3,1,13,False
5377,2024-03-12,3,2,11,False
5378,2024-03-12,3,3,4,False
5379,2024-03-12,3,4,12,False
5380,2024-03-12,3,5,10,False
5381,2024-03-12,3,6,13,False
5382,2024-03-12,3,7,14,False
5383,2024-03-12,3,8,12,False
5384,2024-03-12,3,9,4,False
5385,2024-03-12,3,10,20,False
5386,2024-03-12,3,11,15,False
5387,2024-03-12,3,12,12,False
5388,2024-03-12,3,13,7,False
5389,2024-03-12,3,14,14,False
5390,2024-03-12,3,15,7,False
5391,2024-03-12,3,16,3,False
5392,2024-03-12,3,17,5,False
5393,2024-03-12,3,18,22,True
5394,2024-03-12,3,19,15,False
5395,2024-03-12,3,20,4,False
5396,2024-03-12,3,21,8,False
5397,2024-03-12,3,22,5,False
5398,2024-03-12,3,23,5,False
5399,2024-03-12,3,24,3,False
5400,2024-03-12,3,25,7,False
5401,2024-03-13,1,1,37,False
5402,2024-03-13,1,2,24,False
5403,2024-03-13,1,3,20,False
5404,2024-03-13,1,4,26,False
5405,2024-03-13,1,5,17,False
5406,2024-03-13,1,6,28,False
5407,2024-03-13,1,7,21,False
5408,2024-03-13,1,8,36,False
5409,2024-03-13,1,9,23,True
5410,2024-03-13,1,10,31,False
5411,2024-03-13,1,11,38,False
5412,2024-03-13,1,12,37,False
5413,2024-03-13,1,13,21,False
5414,2024-03-13,1,14,24,False
5415,2024-03-13,1,15,11,False
5416,2024-03-13,1,16,13,False
5417,2024-03-13,1,17,28,False
5418,2024-03-13,1,18,18,False
5419,2024-03-13,1,19,49,True
5420,2024-03-13,1,20,19,False
5421,2024-03-13,1,21,5,False
5422,2024-03-13,1,22,20,False
5423,2024-03-13,1,23,9,False
5424,2024-03-13,1,24,7,False
5425,2024-03-13,1,25,19,False
5426,2024-03-13,2,1,22,False
5427,2024-03-13,2,2,18,False
5428,2024-03-13,2,3,16,False
5429,2024-03-13,2,4,21,False
5430,2024-03-13,2,5,16,False
5431,2024-03-13,2,6,22,False
5432,2024-03-13,2,7,26,False
5433,2024-03-13,2,8,16,False
5434,2024-03-13,2,9,12,False
5435,2024-03-13,2,10,14,False
5436,2024-03-13,2,11,33,False
5437,2024-03-13,2,12,24,False
5438,2024-03-13,2,13,10,False
5439,2024-03-13,2,14,20,False
5440,2024-03-13,2,15,10,False
5441,2024-03-13,2,16,11,False
5442,2024-03-13,2,17,19,False
5443,2024-03-13,2,18,17,False
5444,2024-03-13,2,19,24,False
5445,2024-03-13,2,20,7,False
5446,2024-03-13,2,21,8,False
5447,2024-03-13,2,22,14,False
5448,2024-03-13,2,23,4,False
5449,2024-03-13,2,24,7,True
5450,2024-03-13,2,25,7,False
5451,2024-03-13,3,1,15,False
5452,2024-03-13,3,2,10,False
5453,2024-03-13,3,3,8,False
5454,2024-03-13,3,4,13,False
5455,2024-03-13,3,5,3,False
5456,2024-03-13,3,6,9,False
5457,2024-03-13,3,7,13,False
5458,2024-03-13,3,8,12,False
5459,2024-03-13,3,9,16,True
5460,2024-03-13,3,10,23,True
5461,2024-03-13,3,11,20,False
5462,2024-03-13,3,12,21,False
5463,2024-03-13,3,13,6,False
5464,2024-03-13,3,14,9,False
5465,2024-03-13,3,15,6,False
5466,2024-03-13,3,16,3,False
5467,2024-03-13,3,17,15,False
5468,2024-03-13,3,18,12,False
5469,2024-03-13,3,19,10,False
5470,2024-03-13,3,20,10,False
5471,2024-03-13,3,21,6,False
5472,2024-03-13,3,22,5,False
5473,2024-03-13,3,23,0,False
5474,2024-03-13,3,24,5,False
5475,2024-03-13,3,25,6,False
5476,2024-03-14,1,1,29,False
5477,2024-03-14,1,2,21,False
5478,2024-03-14,1,3,14,False
5479,2024-03-14,1,4,24,False
5480,2024-03-14,1,5,17,False
5481,2024-03-14,1,6,44,False
5482,2024-03-14,1,7,19,False
5483,2024-03-14,1,8,32,False
5484,2024-03-14,1,9,27,False
5485,2024-03-14,1,10,38,False
5486,2024-03-14,1,11,45,False
5487,2024-03-14,1,12,28,False
5488,2024-03-14,1,13,16,False
5489,2024-03-14,1,14,27,False
5490,2024-03-14,1,15,18,False
5491,2024-03-14,1,16,17,False
5492,2024-03-14,1,17,26,False
5493,2024-03-14,1,18,23,False
5494,2024-03-14,1,19,27,False
5495,2024-03-14,1,20,14,False
5496,2024-03-14,1,21,11,False
5497,2024-03-14,1,22,9,False
5498,2024-03-14,1,23,13,False
5499,2024-03-14,1,24,10,False
5500,2024-03-14,1,25,28,True
5501,2024-03-14,2,1,22,False
5502,2024-03-14,2,2,25,True
5503,2024-03-14,2,3,25,True
5504,2024-03-14,2,4,29,False
5505,2024-03-14,2,5,15,False
5506,2024-03-14,2,6,23,False
5507,2024-03-14,2,7,28,False
5508,2024-03-14,2,8,23,False
5509,2024-03-14,2,9,14,False
5510,2024-03-14,2,10,32,False
5511,2024-03-14,2,11,24,False
5512,2024-03-14,2,12,26,False
5513,2024-03-14,2,13,6,False
5514,2024-03-14,2,14,11,False
5515,2024-03-14,2,15,13,False
5516,2024-03-14,2,16,7,False
5517,2024-03-14,2,17,8,False
5518,2024-03-14,2,18,24,False
5519,2024-03-14,2,19,16,False
5520,2024-03-14,2,20,6,False
5521,2024-03-14,2,21,10,False
5522,2024-03-14,2,22,13,False
5523,2024-03-14,2,23,2,False
5524,2024-03-14,2,24,2,False
5525,2024-03-14,2,25,14,False
5526,2024-03-14,3,1,14,False
5527,2024-03-14,3,2,12,False
5528,2024-03-14,3,3,7,False
5529,2024-03-14,3,4,9,False
5530,2024-03-14,3,5,8,False
5531,2024-03-14,3,6,11,False
5532,2024-03-14,3,7,12,False
5533,2024-03-14,3,8,17,False
5534,2024-03-14,3,9,7,False
5535,2024-03-14,3,10,16,False
5536,2024-03-14,3,11,11,False
5537,2024-03-14,3,12,12,False
5538,2024-03-14,3,13,10,False
5539,2024-03-14,3,14,17,False
5540,2024-03-14,3,15,10,False
5541,2024-03-14,3,16,8,False
5542,2024-03-14,3,17,9,False
5543,2024-03-14,3,18,9,False
5544,2024-03-14,3,19,16,False
5545,2024-03-14,3,20,5,False
5546,2024-03-14,3,21,7,False
5547,2024-03-14,3,22,7,False
5548,2024-03-14,3,23,4,False
5549,2024-03-14,3,24,9,False
5550,2024-03-14,3,25,3,False
5551,2024-03-15,1,1,36,False
5552,2024-03-15,1,2,29,False
5553,2024-03-15,1,3,17,False
5554,2024-03-15,1,4,29,False
5555,2024-03-15,1,5,19,False
5556,2024-03-15,1,6,29,False
5557,2024-03-15,1,7,24,False
5558,2024-03-15,1,8,24,False
5559,2024-03-15,1,9,20,False
5560,2024-03-15,1,10,42,False
5561,2024-03-15,1,11,44,False
5562,2024-03-15,1,12,20,False
5563,2024-03-15,1,13,14,False
5564,2024-03-15,1,14,26,False
5565,2024-03-15,1,15,17,False
5566,2024-03-15,1,16,13,False
5567,2024-03-15,1,17,19,False
5568,2024-03-15,1,18,23,False
5569,2024-03-15,1,19,36,False
5570,2024-03-15,1,20,14,False
5571,2024-03-15,1,21,22,False
5572,2024-03-15,1,22,8,False
5573,2024-03-15,1,23,17,False
5574,2024-03-15,1,24,12,False
5575,2024-03-15,1,25,10,False
5576,2024-03-15,2,1,17,False
5577,2024-03-15,2,2,17,False
5578,2024-03-15,2,3,8,False
5579,2024-03-15,2,4,18,False
5580,2024-03-15,2,5,14,False
5581,2024-03-15,2,6,12,False
5582,2024-03-15,2,7,17,False
5583,2024-03-15,2,8,21,False
5584,2024-03-15,2,9,12,False
5585,2024-03-15,2,10,22,False
5586,2024-03-15,2,11,26,False
5587,2024-03-15,2,12,21,False
5588,2024-03-15,2,13,15,False
5589,2024-03-15,2,14,21,False
5590,2024-03-15,2,15,6,False
5591,2024-03-15,2,16,18,False
5592,2024-03-15,2,17,11,False
5593,2024-03-15,2,18,22,False
5594,2024-03-15,2,19,18,False
5595,2024-03-15,2,20,12,False
5596,2024-03-15,2,21,14,False
5597,2024-03-15,2,22,17,False
5598,2024-03-15,2,23,7,False
5599,2024-03-15,2,24,2,False
5600,2024-03-15,2,25,9,False
5601,2024-03-15,3,1,24,False
5602,2024-03-15,3,2,22,False
5603,2024-03-15,3,3,10,False
5604,2024-03-15,3,4,5,False
5605,2024-03-15,3,5,7,False
5606,2024-03-15,3,6,12,False
5607,2024-03-15,3,7,9,False
5608,2024-03-15,3,8,21,True
5609,2024-03-15,3,9,15,False
5610,2024-03-15,3,10,16,False
5611,2024-03-15,3,11,16,False
5612,2024-03-15,3,12,11,False
5613,2024-03-15,3,13,9,False
5614,2024-03-15,3,14,10,False
5615,2024-03-15,3,15,6,False
5616,2024-03-15,3,16,4,False
5617,2024-03-15,3,17,8,False
5618,2024-03-15,3,18,9,False
5619,2024-03-15,3,19,13,False
5620,2024-03-15,3,20,10,False
5621,2024-03-15,3,21,10,True
5622,2024-03-15,3,22,9,False
5623,2024-03-15,3,23,1,False
5624,2024-03-15,3,24,2,False
5625,2024-03-15,3,25,5,False
5626,2024-03-16,1,1,47,False
5627,2024-03-16,1,2,35,False
5628,2024-03-16,1,3,28,False
5629,2024-03-16,1,4,38,False
5630,2024-03-16,1,5,28,False
5631,2024-03-16,1,6,45,False
5632,2024-03-16,1,7,36,True
5633,2024-03-16,1,8,38,False
5634,2024-03-16,1,9,23,False
5635,2024-03-16,1,10,38,False
5636,2024-03-16,1,11,44,False
5637,2024-03-16,1,12,40,False
5638,2024-03-16,1,13,13,False
5639,2024-03-16,1,14,20,False
5640,2024-03-16,1,15,16,False
5641,2024-03-16,1,16,11,False
5642,2024-03-16,1,17,27,False
5643,2024-03-16,1,18,32,False
5644,2024-03-16,1,19,28,False
5645,2024-03-16,1,20,12,False
5646,2024-03-16,1,21,13,False
5647,2024-03-16,1,22,20,False
5648,2024-03-16,1,23,5,False
5649,2024-03-16,1,24,13,False
5650,2024-03-16,1,25,23,False
5651,2024-03-16,2,1,40,False
5652,2024-03-16,2,2,25,False
5653,2024-03-16,2,3,31,True
5654,2024-03-16,2,4,28,False
5655,2024-03-16,2,5,13,False
5656,2024-03-16,2,6,31,False
5657,2024-03-16,2,7,24,False
5658,2024-03-16,2,8,25,False
5659,2024-03-16,2,9,21,False
5660,2024-03-16,2,10,37,False
5661,2024-03-16,2,11,38,True
5662,2024-03-16,2,12,29,False
5663,2024-03-16,2,13,13,False
5664,2024-03-16,2,14,24,False
5665,2024-03-16,2,15,15,False
5666,2024-03-16,2,16,12,False
5667,2024-03-16,2,17,14,False
5668,2024-03-16,2,18,25,False
5669,2024-03-16,2,19,23,False
5670,2024-03-16,2,20,10,False
5671,2024-03-16,2,21,14,True
5672,2024-03-16,2,22,7,False
5673,2024-03-16,2,23,15,False
5674,2024-03-16,2,24,7,False
5675,2024-03-16,2,25,15,False
5676,2024-03-16,3,1,20,False
5677,2024-03-16,3,2,8,False
5678,2024-03-16,3,3,17,True
5679,2024-03-16,3,4,15,False
5680,2024-03-16,3,5,11,False
5681,2024-03-16,3,6,17,False
5682,2024-03-16,3,7,19,False
5683,2024-03-16,3,8,21,False
5684,2024-03-16,3,9,15,False
5685,2024-03-16,3,10,18,False
5686,2024-03-16,3,11,17,False
5687,2024-03-16,3,12,16,False
5688,2024-03-16,3,13,11,False
5689,2024-03-16,3,14,15,False
5690,2024-03-16,3,15,11,False
5691,2024-03-16,3,16,7,False
5692,2024-03-16,3,17,20,False
5693,2024-03-16,3,18,12,False
5694,2024-03-16,3,19,11,False
5695,2024-03-16,3,20,8,False
5696,2024-03-16,3,21,5,False
5697,2024-03-16,3,22,2,False
5698,2024-03-16,3,23,7,False
5699,2024-03-16,3,24,5,False
5700,2024-03-16,3,25,7,False
5701,2024-03-17,1,1,43,False
5702,2024-03-17,1,2,34,False
5703,2024-03-17,1,3,17,False
5704,2024-03-17,1,4,37,False
5705,2024-03-17,1,5,14,False
5706,2024-03-17,1,6,46,False
5707,2024-03-17,1,7,42,False
5708,2024-03-17,1,8,29,False
5709,2024-03-17,1,9,21,False
5710,2024-03-17,1,10,43,False
5711,2024-03-17,1,11,38,False
5712,2024-03-17,1,12,44,False
5713,2024-03-17,1,13,23,False
5714,2024-03-17,1,14,34,False
5715,2024-03-17,1,15,23,False
5716,2024-03-17,1,16,24,False
5717,2024-03-17,1,17,35,False
5718,2024-03-17,1,18,26,False
5719,2024-03-17,1,19,46,False
5720,2024-03-17,1,20,11,False
5721,2024-03-17,1,21,25,False
5722,2024-03-17,1,22,14,False
5723,2024-03-17,1,23,9,False
5724,2024-03-17,1,24,15,False
5725,2024-03-17,1,25,21,False
5726,2024-03-17,2,1,37,False
5727,2024-03-17,2,2,25,False
5728,2024-03-17,2,3,12,False
5729,2024-03-17,2,4,19,False
5730,2024-03-17,2,5,20,False
5731,2024-03-17,2,6,30,False
5732,2024-03-17,2,7,24,False
5733,2024-03-17,2,8,22,False
5734,2024-03-17,2,9,20,False
5735,2024-03-17,2,10,25,False
5736,2024-03-17,2,11,24,False
5737,2024-03-17,2,12,28,False
5738,2024-03-17,2,13,18,False
5739,2024-03-17,2,14,19,False
5740,2024-03-17,2,15,20,False
5741,2024-03-17,2,16,11,False
5742,2024-03-17,2,17,35,True
5743,2024-03-17,2,18,16,False
5744,2024-03-17,2,19,23,False
5745,2024-03-17,2,20,15,False
5746,2024-03-17,2,21,9,False
5747,2024-03-17,2,22,13,False
5748,2024-03-17,2,23,4,False
5749,2024-03-17,2,24,15,False
5750,2024-03-17,2,25,18,False
5751,2024-03-17,3,1,26,False
5752,2024-03-17,3,2,8,False
5753,2024-03-17,3,3,12,False
5754,2024-03-17,3,4,13,False
5755,2024-03-17,3,5,9,False
5756,2024-03-17,3,6,9,False
5757,2024-03-17,3,7,15,False
5758,2024-03-17,3,8,17,False
5759,2024-03-17,3,9,8,False
5760,2024-03-17,3,10,21,False
5761,2024-03-17,3,11,17,False
5762,2024-03-17,3,12,13,False
5763,2024-03-17,3,13,11,False
5764,2024-03-17,3,14,8,False
5765,2024-03-17,3,15,10,False
5766,2024-03-17,3,16,9,False
5767,2024-03-17,3,17,10,False
5768,2024-03-17,3,18,14,False
5769,2024-03-17,3,19,14,False
5770,2024-03-17,3,20,4,False
5771,2024-03-17,3,21,7,False
5772,2024-03-17,3,22,10,False
5773,2024-03-17,3,23,6,False
5774,2024-03-17,3,24,5,False
5775,2024-03-17,3,25,8,False
5776,2024-03-18,1,1,39,False
5777,2024-03-18,1,2,33,False
5778,2024-03-18,1,3,19,False
5779,2024-03-18,1,4,28,False
5780,2024-03-18,1,5,18,False
5781,2024-03-18,1,6,39,False
5782,2024-03-18,1,7,34,False
5783,2024-03-18,1,8,29,False
5784,2024-03-18,1,9,10,False
5785,2024-03-18,1,10,40,False
5786,2024-03-18,1,11,30,False
5787,2024-03-18,1,12,29,False
5788,2024-03-18,1,13,16,False
5789,2024-03-18,1,14,21,False
5790,2024-03-18,1,15,16,False
5791,2024-03-18,1,16,7,False
5792,2024-03-18,1,17,18,False
5793,2024-03-18,1,18,21,False
5794,2024-03-18,1,19,29,False
5795,2024-03-18,1,20,9,False
5796,2024-03-18,1,21,20,False
5797,2024-03-18,1,22,22,False
5798,2024-03-18,1,23,7,False
5799,2024-03-18,1,24,7,False
5800,2024-03-18,1,25,21,False
5801,2024-03-18,2,1,30,False
5802,2024-03-18,2,2,17,False
5803,2024-03-18,2,3,20,False
5804,2024-03-18,2,4,21,False
5805,2024-03-18,2,5,20,False
5806,2024-03-18,2,6,20,False
5807,2024-03-18,2,7,23,False
5808,2024-03-18,2,8,22,False
5809,2024-03-18,2,9,19,False
5810,2024-03-18,2,10,29,False
5811,2024-03-18,2,11,53,True
5812,2024-03-18,2,12,26,False
5813,2024-03-18,2,13,14,False
5814,2024-03-18,2,14,9,False
5815,2024-03-18,2,15,10,False
5816,2024-03-18,2,16,8,False
5817,2024-03-18,2,17,13,False
5818,2024-03-18,2,18,18,False
5819,2024-03-18,2,19,19,False
5820,2024-03-18,2,20,14,False
5821,2024-03-18,2,21,10,False
5822,2024-03-18,2,22,12,False
5823,2024-03-18,2,23,2,False
5824,2024-03-18,2,24,5,False
5825,2024-03-18,2,25,7,False
5826,2024-03-18,3,1,13,False
5827,2024-03-18,3,2,13,False
5828,2024-03-18,3,3,12,False
5829,2024-03-18,3,4,13,False
5830,2024-03-18,3,5,7,False
5831,2024-03-18,3,6,11,False
5832,2024-03-18,3,7,6,False
5833,2024-03-18,3,8,14,False
5834,2024-03-18,3,9,8,False
5835,2024-03-18,3,10,20,False
5836,2024-03-18,3,11,16,False
5837,2024-03-18,3,12,11,False
5838,2024-03-18,3,13,8,False
5839,2024-03-18,3,14,9,False
5840,2024-03-18,3,15,11,False
5841,2024-03-18,3,16,6,False
5842,2024-03-18,3,17,10,True
5843,2024-03-18,3,18,16,False
5844,2024-03-18,3,19,15,True
5845,2024-03-18,3,20,2,False
5846,2024-03-18,3,21,8,True
5847,2024-03-18,3,22,7,False
5848,2024-03-18,3,23,6,False
5849,2024-03-18,3,24,5,False
5850,2024-03-18,3,25,8,False
5851,2024-03-19,1,1,39,False
5852,2024-03-19,1,2,30,False
5853,2024-03-19,1,3,19,False
5854,2024-03-19,1,4,34,False
5855,2024-03-19,1,5,18,False
5856,2024-03-19,1,6,31,False
5857,2024-03-19,1,7,25,False
5858,2024-03-19,1,8,31,False
5859,2024-03-19,1,9,14,False
5860,2024-03-19,1,10,23,False
5861,2024-03-19,1,11,33,False
5862,2024-03-19,1,12,28,False
5863,2024-03-19,1,13,11,False
5864,2024-03-19,1,14,22,False
5865,2024-03-19,1,15,12,False
5866,2024-03-19,1,16,11,False
5867,2024-03-19,1,17,20,False
5868,2024-03-19,1,18,14,False
5869,2024-03-19,1,19,24,False
5870,2024-03-19,1,20,19,False
5871,2024-03-19,1,21,15,False
5872,2024-03-19,1,22,11,False
5873,2024-03-19,1,23,17,False
5874,2024-03-19,1,24,13,False
5875,2024-03-19,1,25,18,False
5876,2024-03-19,2,1,30,True
5877,2024-03-19,2,2,27,False
5878,2024-03-19,2,3,13,False
5879,2024-03-19,2,4,31,False
5880,2024-03-19,2,5,13,False
5881,2024-03-19,2,6,17,False
5882,2024-03-19,2,7,24,False
5883,2024-03-19,2,8,22,False
5884,2024-03-19,2,9,13,False
5885,2024-03-19,2,10,17,False
5886,2024-03-19,2,11,20,False
5887,2024-03-19,2,12,21,False
5888,2024-03-19,2,13,15,False
5889,2024-03-19,2,14,17,False
5890,2024-03-19,2,15,9,False
5891,2024-03-19,2,16,13,False
5892,2024-03-19,2,17,19,False
5893,2024-03-19,2,18,19,False
5894,2024-03-19,2,19,20,False
5895,2024-03-19,2,20,12,False
5896,2024-03-19,2,21,4,False
5897,2024-03-19,2,22,14,False
5898,2024-03-19,2,23,8,False
5899,2024-03-19,2,24,15,False
5900,2024-03-19,2,25,19,True
5901,2024-03-19,3,1,14,False
5902,2024-03-19,3,2,5,False
5903,2024-03-19,3,3,10,False
5904,2024-03-19,3,4,10,False
5905,2024-03-19,3,5,7,False
5906,2024-03-19,3,6,11,False
5907,2024-03-19,3,7,15,False
5908,2024-03-19,3,8,6,False
5909,2024-03-19,3,9,11,False
5910,2024-03-19,3,10,15,False
5911,2024-03-19,3,11,16,False
5912,2024-03-19,3,12,8,False
5913,2024-03-19,3,13,4,False
5914,2024-03-19,3,14,10,False
5915,2024-03-19,3,15,11,False
5916,2024-03-19,3,16,7,False
5917,2024-03-19,3,17,14,False
5918,2024-03-19,3,18,11,False
5919,2024-03-19,3,19,8,False
5920,2024-03-19,3,20,13,False
5921,2024-03-19,3,21,8,False
5922,2024-03-19,3,22,7,False
5923,2024-03-19,3,23,6,False
5924,2024-03-19,3,24,6,False
5925,2024-03-19,3,25,3,False
5926,2024-03-20,1,1,36,False
5927,2024-03-20,1,2,17,False
5928,2024-03-20,1,3,21,False
5929,2024-03-20,1,4,23,False
5930,2024-03-20,1,5,14,False
5931,2024-03-20,1,6,32,False
5932,2024-03-20,1,7,33,False
5933,2024-03-20,1,8,47,False
5934,2024-03-20,1,9,22,False
5935,2024-03-20,1,10,38,False
5936,2024-03-20,1,11,28,False
5937,2024-03-20,1,12,33,False
5938,2024-03-20,1,13,15,False
5939,2024-03-20,1,14,20,False
5940,2024-03-20,1,15,17,False
5941,2024-03-20,1,16,24,False
5942,2024-03-20,1,17,25,False
5943,2024-03-20,1,18,13,False
5944,2024-03-20,1,19,24,False
5945,2024-03-20,1,20,16,False
5946,2024-03-20,1,21,9,False
5947,2024-03-20,1,22,10,False
5948,2024-03-20,1,23,11,False
5949,2024-03-20,1,24,9,False
5950,2024-03-20,1,25,7,False
5951,2024-03-20,2,1,43,True
5952,2024-03-20,2,2,22,False
5953,2024-03-20,2,3,20,False
5954,2024-03-20,2,4,28,False
5955,2024-03-20,2,5,2,False
5956,2024-03-20,2,6,18,False
5957,2024-03-20,2,7,18,False
5958,2024-03-20,2,8,20,False
5959,2024-03-20,2,9,10,False
5960,2024-03-20,2,10,19,False
5961,2024-03-20,2,11,30,False
5962,2024-03-20,2,12,24,False
5963,2024-03-20,2,13,11,False
5964,2024-03-20,2,14,14,False
5965,2024-03-20,2,15,7,False
5966,2024-03-20,2,16,4,False
5967,2024-03-20,2,17,12,False
5968,2024-03-20,2,18,29,False
5969,2024-03-20,2,19,16,False
5970,2024-03-20,2,20,13,True
5971,2024-03-20,2,21,18,True
5972,2024-03-20,2,22,10,False
5973,2024-03-20,2,23,13,False
5974,2024-03-20,2,24,8,False
5975,2024-03-20,2,25,14,False
5976,2024-03-20,3,1,15,False
5977,2024-03-20,3,2,11,False
5978,2024-03-20,3,3,11,False
5979,2024-03-20,3,4,10,False
5980,2024-03-20,3,5,3,False
5981,2024-03-20,3,6,17,False
5982,2024-03-20,3,7,15,False
5983,2024-03-20,3,8,18,False
5984,2024-03-20,3,9,3,False
5985,2024-03-20,3,10,15,False
5986,2024-03-20,3,11,16,False
5987,2024-03-20,3,12,17,False
5988,2024-03-20,3,13,8,False
5989,2024-03-20,3,14,12,False
5990,2024-03-20,3,15,1,False
5991,2024-03-20,3,16,4,False
5992,2024-03-20,3,17,6,False
5993,2024-03-20,3,18,15,False
5994,2024-03-20,3,19,10,False
5995,2024-03-20,3,20,5,False
5996,2024-03-20,3,21,5,False
5997,2024-03-20,3,22,11,False
5998,2024-03-20,3,23,5,False
5999,2024-03-20,3,24,6,False
6000,2024-03-20,3,25,5,False
6001,2024-03-21,1,1,28,False
6002,2024-03-21,1,2,27,False
6003,2024-03-21,1,3,17,False
6004,2024-03-21,1,4,33,False
6005,2024-03-21,1,5,19,False
6006,2024-03-21,1,6,32,False
6007,2024-03-21,1,7,23,False
6008,2024-03-21,1,8,30,False
6009,2024-03-21,1,9,13,False
6010,2024-03-21,1,10,28,False
6011,2024-03-21,1,11,34,False
6012,2024-03-21,1,12,28,False
6013,2024-03-21,1,13,14,False
6014,2024-03-21,1,14,25,False
6015,2024-03-21,1,15,14,False
6016,2024-03-21,1,16,10,False
6017,2024-03-21,1,17,31,False
6018,2024-03-21,1,18,12,False
6019,2024-03-21,1,19,24,False
6020,2024-03-21,1,20,16,False
6021,2024-03-21,1,21,14,False
6022,2024-03-21,1,22,21,False
6023,2024-03-21,1,23,13,False
6024,2024-03-21,1,24,6,False
6025,2024-03-21,1,25,13,False
6026,2024-03-21,2,1,18,False
6027,2024-03-21,2,2,19,False
6028,2024-03-21,2,3,12,False
6029,2024-03-21,2,4,22,False
6030,2024-03-21,2,5,17,False
6031,2024-03-21,2,6,31,False
6032,2024-03-21,2,7,14,False
6033,2024-03-21,2,8,30,False
6034,2024-03-21,2,9,12,False
6035,2024-03-21,2,10,17,False
6036,2024-03-21,2,11,21,False
6037,2024-03-21,2,12,27,False
6038,2024-03-21,2,13,16,False
6039,2024-03-21,2,14,24,False
6040,2024-03-21,2,15,9,False
6041,2024-03-21,2,16,11,False
6042,2024-03-21,2,17,16,False
6043,2024-03-21,2,18,16,False
6044,2024-03-21,2,19,10,False
6045,2024-03-21,2,20,16,False
6046,2024-03-21,2,21,9,False
6047,2024-03-21,2,22,11,False
6048,2024-03-21,2,23,10,False
6049,2024-03-21,2,24,4,False
6050,2024-03-21,2,25,9,False
6051,2024-03-21,3,1,19,False
6052,2024-03-21,3,2,14,False
6053,2024-03-21,3,3,17,True
6054,2024-03-21,3,4,11,False
6055,2024-03-21,3,5,6,False
6056,2024-03-21,3,6,15,False
6057,2024-03-21,3,7,9,False
6058,2024-03-21,3,8,12,False
6059,2024-03-21,3,9,8,False
6060,2024-03-21,3,10,11,False
6061,2024-03-21,3,11,15,False
6062,2024-03-21,3,12,19,False
6063,2024-03-21,3,13,3,False
6064,2024-03-21,3,14,21,True
6065,2024-03-21,3,15,6,False
6066,2024-03-21,3,16,4,False
6067,2024-03-21,3,17,20,True
6068,2024-03-21,3,18,12,False
6069,2024-03-21,3,19,18,False
6070,2024-03-21,3,20,2,False
6071,2024-03-21,3,21,2,False
6072,2024-03-21,3,22,14,True
6073,2024-03-21,3,23,3,False
6074,2024-03-21,3,24,2,False
6075,2024-03-21,3,25,6,False
6076,2024-03-22,1,1,27,False
6077,2024-03-22,1,2,40,True
6078,2024-03-22,1,3,28,False
6079,2024-03-22,1,4,39,False
6080,2024-03-22,1,5,21,False
6081,2024-03-22,1,6,35,False
6082,2024-03-22,1,7,25,False
6083,2024-03-22,1,8,55,True
6084,2024-03-22,1,9,19,False
6085,2024-03-22,1,10,31,False
6086,2024-03-22,1,11,29,False
6087,2024-03-22,1,12,31,False
6088,2024-03-22,1,13,10,False
6089,2024-03-22,1,14,22,False
6090,2024-03-22,1,15,17,False
6091,2024-03-22,1,16,13,False
6092,2024-03-22,1,17,18,False
6093,2024-03-22,1,18,28,False
6094,2024-03-22,1,19,39,False
6095,2024-03-22,1,20,14,False
6096,2024-03-22,1,21,18,False
6097,2024-03-22,1,22,14,False
6098,2024-03-22,1,23,3,False
6099,2024-03-22,1,24,7,False
6100,2024-03-22,1,25,21,False
6101,2024-03-22,2,1,11,False
6102,2024-03-22,2,2,9,False
6103,2024-03-22,2,3,26,True
6104,2024-03-22,2,4,21,False
6105,2024-03-22,2,5,10,False
6106,2024-03-22,2,6,24,False
6107,2024-03-22,2,7,17,False
6108,2024-03-22,2,8,15,False
6109,2024-03-22,2,9,16,False
6110,2024-03-22,2,10,27,False
6111,2024-03-22,2,11,23,False
6112,2024-03-22,2,12,26,False
6113,2024-03-22,2,13,16,False
6114,2024-03-22,2,14,23,False
6115,2024-03-22,2,15,15,False
6116,2024-03-22,2,16,19,False
6117,2024-03-22,2,17,7,False
6118,2024-03-22,2,18,13,False
6119,2024-03-22,2,19,13,False
6120,2024-03-22,2,20,16,False
6121,2024-03-22,2,21,12,False
6122,2024-03-22,2,22,8,False
6123,2024-03-22,2,23,6,False
6124,2024-03-22,2,24,3,False
6125,2024-03-22,2,25,10,False
6126,2024-03-22,3,1,9,False
6127,2024-03-22,3,2,11,True
6128,2024-03-22,3,3,9,False
6129,2024-03-22,3,4,10,False
6130,2024-03-22,3,5,13,False
6131,2024-03-22,3,6,11,False
6132,2024-03-22,3,7,11,False
6133,2024-03-22,3,8,8,False
6134,2024-03-22,3,9,9,False
6135,2024-03-22,3,10,13,False
6136,2024-03-22,3,11,20,True
6137,2024-03-22,3,12,19,False
6138,2024-03-22,3,13,6,False
6139,2024-03-22,3,14,12,False
6140,2024-03-22,3,15,7,False
6141,2024-03-22,3,16,7,False
6142,2024-03-22,3,17,9,False
6143,2024-03-22,3,18,8,False
6144,2024-03-22,3,19,8,False
6145,2024-03-22,3,20,11,False
6146,2024-03-22,3,21,7,False
6147,2024-03-22,3,22,10,False
6148,2024-03-22,3,23,6,False
6149,2024-03-22,3,24,5,False
6150,2024-03-22,3,25,11,False
6151,2024-03-23,1,1,45,False
6152,2024-03-23,1,2,28,False
6153,2024-03-23,1,3,22,False
6154,2024-03-23,1,4,29,False
6155,2024-03-23,1,5,18,False
6156,2024-03-23,1,6,42,False
6157,2024-03-23,1,7,37,False
6158,2024-03-23,1,8,43,False
6159,2024-03-23,1,9,26,False
6160,2024-03-23,1,10,31,False
6161,2024-03-23,1,11,48,False
6162,2024-03-23,1,12,41,False
6163,2024-03-23,1,13,22,False
6164,2024-03-23,1,14,32,False
6165,2024-03-23,1,15,16,False
6166,2024-03-23,1,16,15,False
6167,2024-03-23,1,17,26,False
6168,2024-03-23,1,18,24,False
6169,2024-03-23,1,19,34,False
6170,2024-03-23,1,20,25,False
6171,2024-03-23,1,21,15,False
6172,2024-03-23,1,22,15,False
6173,2024-03-23,1,23,10,False
6174,2024-03-23,1,24,13,False
6175,2024-03-23,1,25,19,False
6176,2024-03-23,2,1,31,False
6177,2024-03-23,2,2,20,False
6178,2024-03-23,2,3,10,False
6179,2024-03-23,2,4,34,False
6180,2024-03-23,2,5,17,False
6181,2024-03-23,2,6,30,False
6182,2024-03-23,2,7,27,False
6183,2024-03-23,2,8,18,False
6184,2024-03-23,2,9,18,False
6185,2024-03-23,2,10,31,False
6186,2024-03-23,2,11,28,False
6187,2024-03-23,2,12,59,True
6188,2024-03-23,2,13,19,False
6189,2024-03-23,2,14,25,False
6190,2024-03-23,2,15,15,False
6191,2024-03-23,2,16,12,False
6192,2024-03-23,2,17,20,False
6193,2024-03-23,2,18,27,False
6194,2024-03-23,2,19,17,False
6195,2024-03-23,2,20,20,False
6196,2024-03-23,2,21,18,False
6197,2024-03-23,2,22,12,False
6198,2024-03-23,2,23,12,False
6199,2024-03-23,2,24,14,False
6200,2024-03-23,2,25,14,False
6201,2024-03-23,3,1,16,False
6202,2024-03-23,3,2,13,False
6203,2024-03-23,3,3,10,False
6204,2024-03-23,3,4,6,False
6205,2024-03-23,3,5,7,False
6206,2024-03-23,3,6,22,False
6207,2024-03-23,3,7,12,False
6208,2024-03-23,3,8,33,False
6209,2024-03-23,3,9,9,False
6210,2024-03-23,3,10,15,False
6211,2024-03-23,3,11,21,False
6212,2024-03-23,3,12,18,False
6213,2024-03-23,3,13,12,False
6214,2024-03-23,3,14,12,False
6215,2024-03-23,3,15,5,False
6216,2024-03-23,3,16,4,False
6217,2024-03-23,3,17,20,False
6218,2024-03-23,3,18,27,True
6219,2024-03-23,3,19,17,False
6220,2024-03-23,3,20,4,False
6221,2024-03-23,3,21,11,False
6222,2024-03-23,3,22,6,False
6223,2024-03-23,3,23,4,False
6224,2024-03-23,3,24,4,False
6225,2024-03-23,3,25,4,False
6226,2024-03-24,1,1,37,False
6227,2024-03-24,1,2,27,False
6228,2024-03-24,1,3,21,False
6229,2024-03-24,1,4,33,False
6230,2024-03-24,1,5,18,False
6231,2024-03-24,1,6,40,False
6232,2024-03-24,1,7,32,False
6233,2024-03-24,1,8,39,False
6234,2024-03-24,1,9,32,False
6235,2024-03-24,1,10,33,False
6236,2024-03-24,1,11,49,False
6237,2024-03-24,1,12,33,False
6238,2024-03-24,1,13,19,False
6239,2024-03-24,1,14,29,False
6240,2024-03-24,1,15,16,False
6241,2024-03-24,1,16,22,False
6242,2024-03-24,1,17,41,True
6243,2024-03-24,1,18,22,False
6244,2024-03-24,1,19,38,False
6245,2024-03-24,1,20,28,False
6246,2024-03-24,1,21,17,False
6247,2024-03-24,1,22,16,False
6248,2024-03-24,1,23,8,False
6249,2024-03-24,1,24,15,False
6250,2024-03-24,1,25,18,False
6251,2024-03-24,2,1,39,False
6252,2024-03-24,2,2,27,False
6253,2024-03-24,2,3,27,False
6254,2024-03-24,2,4,27,False
6255,2024-03-24,2,5,20,False
6256,2024-03-24,2,6,25,False
6257,2024-03-24,2,7,21,False
6258,2024-03-24,2,8,21,False
6259,2024-03-24,2,9,18,False
6260,2024-03-24,2,10,44,False
6261,2024-03-24,2,11,26,False
6262,2024-03-24,2,12,32,False
6263,2024-03-24,2,13,11,False
6264,2024-03-24,2,14,22,False
6265,2024-03-24,2,15,15,False
6266,2024-03-24,2,16,17,True
6267,2024-03-24,2,17,24,False
6268,2024-03-24,2,18,31,True
6269,2024-03-24,2,19,22,False
6270,2024-03-24,2,20,16,False
6271,2024-03-24,2,21,11,False
6272,2024-03-24,2,22,14,False
6273,2024-03-24,2,23,13,False
6274,2024-03-24,2,24,10,False
6275,2024-03-24,2,25,15,False
6276,2024-03-24,3,1,20,False
6277,2024-03-24,3,2,21,False
6278,2024-03-24,3,3,18,True
6279,2024-03-24,3,4,15,False
6280,2024-03-24,3,5,9,False
6281,2024-03-24,3,6,5,False
6282,2024-03-24,3,7,13,False
6283,2024-03-24,3,8,16,False
6284,2024-03-24,3,9,11,False
6285,2024-03-24,3,10,13,False
6286,2024-03-24,3,11,34,True
6287,2024-03-24,3,12,16,False
6288,2024-03-24,3,13,9,False
6289,2024-03-24,3,14,13,False
6290,2024-03-24,3,15,5,False
6291,2024-03-24,3,16,11,False
6292,2024-03-24,3,17,11,False
6293,2024-03-24,3,18,19,False
6294,2024-03-24,3,19,18,False
6295,2024-03-24,3,20,11,False
6296,2024-03-24,3,21,6,False
6297,2024-03-24,3,22,1,False
6298,2024-03-24,3,23,4,False
6299,2024-03-24,3,24,6,False
6300,2024-03-24,3,25,9,False
6301,2024-03-25,1,1,30,False
6302,2024-03-25,1,2,20,False
6303,2024-03-25,1,3,18,False
6304,2024-03-25,1,4,30,False
6305,2024-03-25,1,5,13,False
6306,2024-03-25,1,6,34,False
6307,2024-03-25,1,7,31,False
6308,2024-03-25,1,8,25,False
6309,2024-03-25,1,9,18,False
6310,2024-03-25,1,10,36,False
6311,2024-03-25,1,11,28,False
6312,2024-03-25,1,12,31,False
6313,2024-03-25,1,13,24,False
6314,2024-03-25,1,14,21,False
6315,2024-03-25,1,15,22,False
6316,2024-03-25,1,16,12,False
6317,2024-03-25,1,17,30,False
6318,2024-03-25,1,18,24,False
6319,2024-03-25,1,19,35,False
6320,2024-03-25,1,20,20,False
6321,2024-03-25,1,21,14,False
6322,2024-03-25,1,22,11,False
6323,2024-03-25,1,23,12,False
6324,2024-03-25,1,24,10,False
6325,2024-03-25,1,25,19,False
6326,2024-03-25,2,1,25,False
6327,2024-03-25,2,2,29,True
6328,2024-03-25,2,3,20,False
6329,2024-03-25,2,4,22,False
6330,2024-03-25,2,5,10,False
6331,2024-03-25,2,6,19,False
6332,2024-03-25,2,7,21,False
6333,2024-03-25,2,8,19,False
6334,2024-03-25,2,9,15,False
6335,2024-03-25,2,10,34,True
6336,2024-03-25,2,11,26,False
6337,2024-03-25,2,12,27,False
6338,2024-03-25,2,13,15,False
6339,2024-03-25,2,14,14,False
6340,2024-03-25,2,15,11,False
6341,2024-03-25,2,16,8,False
6342,2024-03-25,2,17,13,False
6343,2024-03-25,2,18,22,False
6344,2024-03-25,2,19,14,False
6345,2024-03-25,2,20,14,False
6346,2024-03-25,2,21,13,False
6347,2024-03-25,2,22,12,False
6348,2024-03-25,2,23,5,False
6349,2024-03-25,2,24,6,False
6350,2024-03-25,2,25,5,False
6351,2024-03-25,3,1,12,False
6352,2024-03-25,3,2,8,False
6353,2024-03-25,3,3,8,False
6354,2024-03-25,3,4,9,False
6355,2024-03-25,3,5,2,False
6356,2024-03-25,3,6,22,False
6357,2024-03-25,3,7,10,False
6358,2024-03-25,3,8,12,False
6359,2024-03-25,3,9,13,False
6360,2024-03-25,3,10,10,False
6361,2024-03-25,3,11,18,False
6362,2024-03-25,3,12,17,False
6363,2024-03-25,3,13,7,False
6364,2024-03-25,3,14,11,False
6365,2024-03-25,3,15,5,False
6366,2024-03-25,3,16,3,False
6367,2024-03-25,3,17,5,False
6368,2024-03-25,3,18,18,False
6369,2024-03-25,3,19,4,False
6370,2024-03-25,3,20,9,True
6371,2024-03-25,3,21,3,False
6372,2024-03-25,3,22,4,False
6373,2024-03-25,3,23,2,False
6374,2024-03-25,3,24,4,False
6375,2024-03-25,3,25,7,False
6376,2024-03-26,1,1,31,False
6377,2024-03-26,1,2,23,False
6378,2024-03-26,1,3,23,False
6379,2024-03-26,1,4,30,False
6380,2024-03-26,1,5,23,False
6381,2024-03-26,1,6,53,True
6382,2024-03-26,1,7,55,True
6383,2024-03-26,1,8,23,False
6384,2024-03-26,1,9,24,False
6385,2024-03-26,1,10,27,False
6386,2024-03-26,1,11,42,False
6387,2024-03-26,1,12,36,False
6388,2024-03-26,1,13,18,False
6389,2024-03-26,1,14,24,False
6390,2024-03-26,1,15,8,False
6391,2024-03-26,1,16,5,False
6392,2024-03-26,1,17,28,False
6393,2024-03-26,1,18,21,False
6394,2024-03-26,1,19,28,False
6395,2024-03-26,1,20,13,False
6396,2024-03-26,1,21,3,False
6397,2024-03-26,1,22,11,False
6398,2024-03-26,1,23,15,False
6399,2024-03-26,1,24,12,True
6400,2024-03-26,1,25,13,False
6401,2024-03-26,2,1,25,False
6402,2024-03-26,2,2,15,False
6403,2024-03-26,2,3,19,False
6404,2024-03-26,2,4,26,False
6405,2024-03-26,2,5,12,False
6406,2024-03-26,2,6,19,False
6407,2024-03-26,2,7,17,False
6408,2024-03-26,2,8,14,False
6409,2024-03-26,2,9,21,False
6410,2024-03-26,2,10,26,False
6411,2024-03-26,2,11,28,False
6412,2024-03-26,2,12,22,False
6413,2024-03-26,2,13,11,False
6414,2024-03-26,2,14,12,False
6415,2024-03-26,2,15,14,False
6416,2024-03-26,2,16,9,False
6417,2024-03-26,2,17,15,False
6418,2024-03-26,2,18,15,False
6419,2024-03-26,2,19,21,False
6420,2024-03-26,2,20,6,False
6421,2024-03-26,2,21,9,False
6422,2024-03-26,2,22,6,False
6423,2024-03-26,2,23,9,False
6424,2024-03-26,2,24,4,False
6425,2024-03-26,2,25,14,False
6426,2024-03-26,3,1,17,False
6427,2024-03-26,3,2,13,False
6428,2024-03-26,3,3,5,False
6429,2024-03-26,3,4,11,False
6430,2024-03-26,3,5,6,False
6431,2024-03-26,3,6,11,False
6432,2024-03-26,3,7,6,False
6433,2024-03-26,3,8,12,False
6434,2024-03-26,3,9,5,False
6435,2024-03-26,3,10,11,False
6436,2024-03-26,3,11,17,False
6437,2024-03-26,3,12,19,False
6438,2024-03-26,3,13,14,False
6439,2024-03-26,3,14,9,False
6440,2024-03-26,3,15,4,False
6441,2024-03-26,3,16,7,False
6442,2024-03-26,3,17,9,False
6443,2024-03-26,3,18,11,False
6444,2024-03-26,3,19,18,True
6445,2024-03-26,3,20,8,False
6446,2024-03-26,3,21,5,False
6447,2024-03-26,3,22,6,False
6448,2024-03-26,3,23,4,False
6449,2024-03-26,3,24,2,False
6450,2024-03-26,3,25,5,False
6451,2024-03-27,1,1,35,False
6452,2024-03-27,1,2,28,False
6453,2024-03-27,1,3,19,False
6454,2024-03-27,1,4,39,False
6455,2024-03-27,1,5,23,False
6456,2024-03-27,1,6,31,False
6457,2024-03-27,1,7,34,False
6458,2024-03-27,1,8,30,False
6459,2024-03-27,1,9,21,False
6460,2024-03-27,1,10,30,False
6461,2024-03-27,1,11,71,True
6462,2024-03-27,1,12,46,False
6463,2024-03-27,1,13,14,False
6464,2024-03-27,1,14,17,False
6465,2024-03-27,1,15,17,False
6466,2024-03-27,1,16,10,False
6467,2024-03-27,1,17,13,False
6468,2024-03-27,1,18,20,False
6469,2024-03-27,1,19,27,False
6470,2024-03-27,1,20,11,False
6471,2024-03-27,1,21,13,False
6472,2024-03-27,1,22,23,False
6473,2024-03-27,1,23,8,False
6474,2024-03-27,1,24,11,False
6475,2024-03-27,1,25,20,False
6476,2024-03-27,2,1,21,False
6477,2024-03-27,2,2,27,False
6478,2024-03-27,2,3,19,False
6479,2024-03-27,2,4,20,False
6480,2024-03-27,2,5,8,False
6481,2024-03-27,2,6,27,False
6482,2024-03-27,2,7,18,False
6483,2024-03-27,2,8,21,False
6484,2024-03-27,2,9,16,False
6485,2024-03-27,2,10,27,False
6486,2024-03-27,2,11,31,False
6487,2024-03-27,2,12,30,False
6488,2024-03-27,2,13,13,False
6489,2024-03-27,2,14,23,False
6490,2024-03-27,2,15,10,False
6491,2024-03-27,2,16,13,False
6492,2024-03-27,2,17,17,False
6493,2024-03-27,2,18,23,False
6494,2024-03-27,2,19,20,False
6495,2024-03-27,2,20,14,False
6496,2024-03-27,2,21,3,False
6497,2024-03-27,2,22,5,False
6498,2024-03-27,2,23,12,False
6499,2024-03-27,2,24,8,False
6500,2024-03-27,2,25,7,False
6501,2024-03-27,3,1,11,False
6502,2024-03-27,3,2,13,False
6503,2024-03-27,3,3,7,False
6504,2024-03-27,3,4,23,False
6505,2024-03-27,3,5,4,False
6506,2024-03-27,3,6,22,False
6507,2024-03-27,3,7,12,False
6508,2024-03-27,3,8,15,False
6509,2024-03-27,3,9,7,False
6510,2024-03-27,3,10,19,True
6511,2024-03-27,3,11,17,False
6512,2024-03-27,3,12,20,True
6513,2024-03-27,3,13,17,True
6514,2024-03-27,3,14,10,False
6515,2024-03-27,3,15,2,False
6516,2024-03-27,3,16,6,False
6517,2024-03-27,3,17,12,False
6518,2024-03-27,3,18,5,False
6519,2024-03-27,3,19,7,False
6520,2024-03-27,3,20,7,False
6521,2024-03-27,3,21,10,True
6522,2024-03-27,3,22,3,False
6523,2024-03-27,3,23,8,False
6524,2024-03-27,3,24,6,False
6525,2024-03-27,3,25,4,False
6526,2024-03-28,1,1,33,False
6527,2024-03-28,1,2,19,False
6528,2024-03-28,1,3,20,False
6529,2024-03-28,1,4,32,False
6530,2024-03-28,1,5,25,False
6531,2024-03-28,1,6,21,False
6532,2024-03-28,1,7,39,True
6533,2024-03-28,1,8,22,False
6534,2024-03-28,1,9,15,False
6535,2024-03-28,1,10,37,False
6536,2024-03-28,1,11,51,False
6537,2024-03-28,1,12,30,False
6538,2024-03-28,1,13,17,False
6539,2024-03-28,1,14,26,False
6540,2024-03-28,1,15,17,False
6541,2024-03-28,1,16,13,False
6542,2024-03-28,1,17,29,False
6543,2024-03-28,1,18,17,False
6544,2024-03-28,1,19,28,False
6545,2024-03-28,1,20,18,False
6546,2024-03-28,1,21,16,False
6547,2024-03-28,1,22,18,False
6548,2024-03-28,1,23,11,False
6549,2024-03-28,1,24,6,False
6550,2024-03-28,1,25,15,False
6551,2024-03-28,2,1,21,False
6552,2024-03-28,2,2,21,False
6553,2024-03-28,2,3,17,False
6554,2024-03-28,2,4,29,True
6555,2024-03-28,2,5,8,False
6556,2024-03-28,2,6,26,False
6557,2024-03-28,2,7,22,False
6558,2024-03-28,2,8,27,False
6559,2024-03-28,2,9,19,False
6560,2024-03-28,2,10,11,False
6561,2024-03-28,2,11,23,False
6562,2024-03-28,2,12,19,False
6563,2024-03-28,2,13,5,False
6564,2024-03-28,2,14,18,False
6565,2024-03-28,2,15,12,False
6566,2024-03-28,2,16,8,False
6567,2024-03-28,2,17,16,False
6568,2024-03-28,2,18,18,False
6569,2024-03-28,2,19,18,False
6570,2024-03-28,2,20,4,False
6571,2024-03-28,2,21,9,True
6572,2024-03-28,2,22,11,True
6573,2024-03-28,2,23,7,False
6574,2024-03-28,2,24,9,False
6575,2024-03-28,2,25,14,False
6576,2024-03-28,3,1,14,False
6577,2024-03-28,3,2,10,False
6578,2024-03-28,3,3,5,False
6579,2024-03-28,3,4,9,False
6580,2024-03-28,3,5,7,False
6581,2024-03-28,3,6,12,False
6582,2024-03-28,3,7,15,False
6583,2024-03-28,3,8,15,False
6584,2024-03-28,3,9,12,False
6585,2024-03-28,3,10,12,False
6586,2024-03-28,3,11,15,False
6587,2024-03-28,3,12,11,False
6588,2024-03-28,3,13,11,False
6589,2024-03-28,3,14,10,False
6590,2024-03-28,3,15,8,False
6591,2024-03-28,3,16,4,False
6592,2024-03-28,3,17,8,False
6593,2024-03-28,3,18,7,False
6594,2024-03-28,3,19,15,False
6595,2024-03-28,3,20,10,False
6596,2024-03-28,3,21,7,False
6597,2024-03-28,3,22,9,False
6598,2024-03-28,3,23,3,False
6599,2024-03-28,3,24,1,False
6600,2024-03-28,3,25,7,False
6601,2024-03-29,1,1,33,False
6602,2024-03-29,1,2,38,False
6603,2024-03-29,1,3,22,False
6604,2024-03-29,1,4,24,False
6605,2024-03-29,1,5,19,False
6606,2024-03-29,1,6,35,False
6607,2024-03-29,1,7,33,False
6608,2024-03-29,1,8,25,False
6609,2024-03-29,1,9,20,False
6610,2024-03-29,1,10,34,False
6611,2024-03-29,1,11,41,False
6612,2024-03-29,1,12,34,False
6613,2024-03-29,1,13,20,False
6614,2024-03-29,1,14,26,False
6615,2024-03-29,1,15,10,False
6616,2024-03-29,1,16,11,False
6617,2024-03-29,1,17,19,False
6618,2024-03-29,1,18,15,False
6619,2024-03-29,1,19,34,False
6620,2024-03-29,1,20,15,False
6621,2024-03-29,1,21,18,False
6622,2024-03-29,1,22,13,False
6623,2024-03-29,1,23,14,False
6624,2024-03-29,1,24,8,False
6625,2024-03-29,1,25,12,False
6626,2024-03-29,2,1,25,False
6627,2024-03-29,2,2,23,True
6628,2024-03-29,2,3,19,False
6629,2024-03-29,2,4,11,False
6630,2024-03-29,2,5,18,False
6631,2024-03-29,2,6,24,False
6632,2024-03-29,2,7,16,False
6633,2024-03-29,2,8,18,False
6634,2024-03-29,2,9,21,False
6635,2024-03-29,2,10,29,False
6636,2024-03-29,2,11,17,False
6637,2024-03-29,2,12,27,False
6638,2024-03-29,2,13,6,False
6639,2024-03-29,2,14,13,False
6640,2024-03-29,2,15,20,True
6641,2024-03-29,2,16,11,False
6642,2024-03-29,2,17,17,False
6643,2024-03-29,2,18,12,False
6644,2024-03-29,2,19,11,False
6645,2024-03-29,2,20,13,False
6646,2024-03-29,2,21,7,False
6647,2024-03-29,2,22,7,False
6648,2024-03-29,2,23,2,False
6649,2024-03-29,2,24,5,False
6650,2024-03-29,2,25,19,False
6651,2024-03-29,3,1,19,False
6652,2024-03-29,3,2,9,False
6653,2024-03-29,3,3,5,False
6654,2024-03-29,3,4,11,False
6655,2024-03-29,3,5,8,False
6656,2024-03-29,3,6,11,False
6657,2024-03-29,3,7,9,False
6658,2024-03-29,3,8,17,False
6659,2024-03-29,3,9,12,False
6660,2024-03-29,3,10,20,False
6661,2024-03-29,3,11,12,False
6662,2024-03-29,3,12,14,False
6663,2024-03-29,3,13,7,False
6664,2024-03-29,3,14,8,False
6665,2024-03-29,3,15,5,False
6666,2024-03-29,3,16,4,False
6667,2024-03-29,3,17,12,False
6668,2024-03-29,3,18,3,False
6669,2024-03-29,3,19,27,True
6670,2024-03-29,3,20,7,False
6671,2024-03-29,3,21,4,False
6672,2024-03-29,3,22,6,False
6673,2024-03-29,3,23,7,False
6674,2024-03-29,3,24,2,False
6675,2024-03-29,3,25,5,False
6676,2024-03-30,1,1,47,False
6677,2024-03-30,1,2,31,False
6678,2024-03-30,1,3,29,False
6679,2024-03-30,1,4,35,False
6680,2024-03-30,1,5,15,False
6681,2024-03-30,1,6,41,False
6682,2024-03-30,1,7,31,False
6683,2024-03-30,1,8,29,False
6684,2024-03-30,1,9,24,False
6685,2024-03-30,1,10,50,False
6686,2024-03-30,1,11,39,False
6687,2024-03-30,1,12,44,False
6688,2024-03-30,1,13,24,False
6689,2024-03-30,1,14,21,False
6690,2024-03-30,1,15,20,False
6691,2024-03-30,1,16,27,False
6692,2024-03-30,1,17,30,False
6693,2024-03-30,1,18,26,False
6694,2024-03-30,1,19,37,False
6695,2024-03-30,1,20,22,False
6696,2024-03-30,1,21,20,False
6697,2024-03-30,1,22,13,False
6698,2024-03-30,1,23,15,False
6699,2024-03-30,1,24,11,False
6700,2024-03-30,1,25,25,False
6701,2024-03-30,2,1,29,False
6702,2024-03-30,2,2,17,False
6703,2024-03-30,2,3,16,False
6704,2024-03-30,2,4,30,False
6705,2024-03-30,2,5,22,True
6706,2024-03-30,2,6,26,False
6707,2024-03-30,2,7,27,False
6708,2024-03-30,2,8,19,False
6709,2024-03-30,2,9,23,False
6710,2024-03-30,2,10,25,False
6711,2024-03-30,2,11,38,False
6712,2024-03-30,2,12,21,False
6713,2024-03-30,2,13,22,False
6714,2024-03-30,2,14,21,False
6715,2024-03-30,2,15,9,False
6716,2024-03-30,2,16,14,False
6717,2024-03-30,2,17,16,False
6718,2024-03-30,2,18,21,False
6719,2024-03-30,2,19,32,False
6720,2024-03-30,2,20,17,False
6721,2024-03-30,2,21,14,False
6722,2024-03-30,2,22,7,False
6723,2024-03-30,2,23,7,False
6724,2024-03-30,2,24,7,False
6725,2024-03-30,2,25,15,False
6726,2024-03-30,3,1,18,False
6727,2024-03-30,3,2,12,False
6728,2024-03-30,3,3,9,False
6729,2024-03-30,3,4,22,False
6730,2024-03-30,3,5,22,True
6731,2024-03-30,3,6,22,False
6732,2024-03-30,3,7,13,False
6733,2024-03-30,3,8,16,False
6734,2024-03-30,3,9,10,False
6735,2024-03-30,3,10,19,False
6736,2024-03-30,3,11,20,False
6737,2024-03-30,3,12,22,False
6738,2024-03-30,3,13,14,False
6739,2024-03-30,3,14,21,False
6740,2024-03-30,3,15,5,False
6741,2024-03-30,3,16,6,False
6742,2024-03-30,3,17,9,False
6743,2024-03-30,3,18,12,False
6744,2024-03-30,3,19,14,False
6745,2024-03-30,3,20,10,False
6746,2024-03-30,3,21,6,False
6747,2024-03-30,3,22,9,True
6748,2024-03-30,3,23,12,False
6749,2024-03-30,3,24,10,False
6750,2024-03-30,3,25,4,False
6751,2024-03-31,1,1,43,False
6752,2024-03-31,1,2,34,False
6753,2024-03-31,1,3,27,False
6754,2024-03-31,1,4,38,False
6755,2024-03-31,1,5,21,False
6756,2024-03-31,1,6,29,False
6757,2024-03-31,1,7,31,False
6758,2024-03-31,1,8,41,False
6759,2024-03-31,1,9,22,False
6760,2024-03-31,1,10,53,False
6761,2024-03-31,1,11,46,False
6762,2024-03-31,1,12,30,False
6763,2024-03-31,1,13,25,False
6764,2024-03-31,1,14,39,False
6765,2024-03-31,1,15,21,False
6766,2024-03-31,1,16,21,False
6767,2024-03-31,1,17,31,False
6768,2024-03-31,1,18,41,False
6769,2024-03-31,1,19,33,False
6770,2024-03-31,1,20,18,False
6771,2024-03-31,1,21,25,True
6772,2024-03-31,1,22,8,False
6773,2024-03-31,1,23,13,False
6774,2024-03-31,1,24,13,False
6775,2024-03-31,1,25,23,False
6776,2024-03-31,2,1,39,False
6777,2024-03-31,2,2,21,False
6778,2024-03-31,2,3,24,False
6779,2024-03-31,2,4,33,False
6780,2024-03-31,2,5,7,False
6781,2024-03-31,2,6,27,False
6782,2024-03-31,2,7,31,False
6783,2024-03-31,2,8,24,False
6784,2024-03-31,2,9,14,False
6785,2024-03-31,2,10,37,False
6786,2024-03-31,2,11,26,False
6787,2024-03-31,2,12,21,False
6788,2024-03-31,2,13,14,False
6789,2024-03-31,2,14,14,False
6790,2024-03-31,2,15,12,False
6791,2024-03-31,2,16,4,False
6792,2024-03-31,2,17,28,False
6793,2024-03-31,2,18,22,False
6794,2024-03-31,2,19,23,False
6795,2024-03-31,2,20,15,False
6796,2024-03-31,2,21,9,False
6797,2024-03-31,2,22,11,False
6798,2024-03-31,2,23,8,False
6799,2024-03-31,2,24,13,False
6800,2024-03-31,2,25,11,False
6801,2024-03-31,3,1,18,False
6802,2024-03-31,3,2,9,False
6803,2024-03-31,3,3,13,False
6804,2024-03-31,3,4,17,False
6805,2024-03-31,3,5,13,False
6806,2024-03-31,3,6,17,False
6807,2024-03-31,3,7,12,False
6808,2024-03-31,3,8,13,False
6809,2024-03-31,3,9,10,False
6810,2024-03-31,3,10,18,False
6811,2024-03-31,3,11,19,False
6812,2024-03-31,3,12,15,False
6813,2024-03-31,3,13,9,False
6814,2024-03-31,3,14,14,False
6815,2024-03-31,3,15,8,False
6816,2024-03-31,3,16,6,False
6817,2024-03-31,3,17,12,False
6818,2024-03-31,3,18,14,False
6819,2024-03-31,3,19,13,False
6820,2024-03-31,3,20,9,False
6821,2024-03-31,3,21,9,False
6822,2024-03-31,3,22,9,False
6823,2024-03-31,3,23,7,False
6824,2024-03-31,3,24,6,False
6825,2024-03-31,3,25,7,False
6826,2024-04-01,1,1,40,False
6827,2024-04-01,1,2,28,False
6828,2024-04-01,1,3,22,False
6829,2024-04-01,1,4,27,False
6830,2024-04-01,1,5,26,False
6831,2024-04-01,1,6,33,False
6832,2024-04-01,1,7,31,False
6833,2024-04-01,1,8,26,False
6834,2024-04-01,1,9,21,False
6835,2024-04-01,1,10,42,False
6836,2024-04-01,1,11,45,False
6837,2024-04-01,1,12,26,False
6838,2024-04-01,1,13,10,False
6839,2024-04-01,1,14,22,False
6840,2024-04-01,1,15,13,False
6841,2024-04-01,1,16,16,False
6842,2024-04-01,1,17,18,False
6843,2024-04-01,1,18,22,False
6844,2024-04-01,1,19,20,False
6845,2024-04-01,1,20,12,False
6846,2024-04-01,1,21,16,False
6847,2024-04-01,1,22,23,True
6848,2024-04-01,1,23,8,False
6849,2024-04-01,1,24,7,False
6850,2024-04-01,1,25,15,False
6851,2024-04-01,2,1,21,False
6852,2024-04-01,2,2,17,False
6853,2024-04-01,2,3,18,False
6854,2024-04-01,2,4,14,False
6855,2024-04-01,2,5,21,True
6856,2024-04-01,2,6,16,False
6857,2024-04-01,2,7,22,False
6858,2024-04-01,2,8,24,False
6859,2024-04-01,2,9,17,False
6860,2024-04-01,2,10,28,False
6861,2024-04-01,2,11,23,False
6862,2024-04-01,2,12,29,False
6863,2024-04-01,2,13,17,False
6864,2024-04-01,2,14,18,False
6865,2024-04-01,2,15,8,False
6866,2024-04-01,2,16,11,False
6867,2024-04-01,2,17,17,False
6868,2024-04-01,2,18,25,True
6869,2024-04-01,2,19,12,False
6870,2024-04-01,2,20,2,False
6871,2024-04-01,2,21,18,True
6872,2024-04-01,2,22,13,False
6873,2024-04-01,2,23,11,False
6874,2024-04-01,2,24,4,False
6875,2024-04-01,2,25,12,False
6876,2024-04-01,3,1,12,False
6877,2024-04-01,3,2,8,False
6878,2024-04-01,3,3,10,False
6879,2024-04-01,3,4,17,False
6880,2024-04-01,3,5,4,False
6881,2024-04-01,3,6,13,False
6882,2024-04-01,3,7,5,False
6883,2024-04-01,3,8,15,False
6884,2024-04-01,3,9,4,False
6885,2024-04-01,3,10,19,True
6886,2024-04-01,3,11,26,False
6887,2024-04-01,3,12,14,False
6888,2024-04-01,3,13,9,False
6889,2024-04-01,3,14,13,False
6890,2024-04-01,3,15,7,False
6891,2024-04-01,3,16,8,False
6892,2024-04-01,3,17,14,True
6893,2024-04-01,3,18,13,False
6894,2024-04-01,3,19,13,False
6895,2024-04-01,3,20,3,False
6896,2024-04-01,3,21,5,False
6897,2024-04-01,3,22,5,False
6898,2024-04-01,3,23,2,False
6899,2024-04-01,3,24,3,False
6900,2024-04-01,3,25,10,False
6901,2024-04-02,1,1,52,False
6902,2024-04-02,1,2,25,False
6903,2024-04-02,1,3,16,False
6904,2024-04-02,1,4,31,False
6905,2024-04-02,1,5,20,False
6906,2024-04-02,1,6,31,False
6907,2024-04-02,1,7,35,False
6908,2024-04-02,1,8,21,False
6909,2024-04-02,1,9,25,False
6910,2024-04-02,1,10,32,False
6911,2024-04-02,1,11,38,False
6912,2024-04-02,1,12,46,True
6913,2024-04-02,1,13,27,False
6914,2024-04-02,1,14,31,False
6915,2024-04-02,1,15,14,False
6916,2024-04-02,1,16,28,True
6917,2024-04-02,1,17,19,False
6918,2024-04-02,1,18,28,False
6919,2024-04-02,1,19,27,False
6920,2024-04-02,1,20,14,False
6921,2024-04-02,1,21,14,False
6922,2024-04-02,1,22,11,False
6923,2024-04-02,1,23,11,False
6924,2024-04-02,1,24,13,False
6925,2024-04-02,1,25,17,False
6926,2024-04-02,2,1,21,False
6927,2024-04-02,2,2,26,False
6928,2024-04-02,2,3,19,False
6929,2024-04-02,2,4,26,False
6930,2024-04-02,2,5,15,False
6931,2024-04-02,2,6,22,False
6932,2024-04-02,2,7,21,False
6933,2024-04-02,2,8,12,False
6934,2024-04-02,2,9,15,False
6935,2024-04-02,2,10,25,False
6936,2024-04-02,2,11,39,True
6937,2024-04-02,2,12,16,False
6938,2024-04-02,2,13,14,False
6939,2024-04-02,2,14,14,False
6940,2024-04-02,2,15,11,False
6941,2024-04-02,2,16,6,False
6942,2024-04-02,2,17,13,False
6943,2024-04-02,2,18,20,False
6944,2024-04-02,2,19,22,False
6945,2024-04-02,2,20,19,False
6946,2024-04-02,2,21,13,False
6947,2024-04-02,2,22,7,False
6948,2024-04-02,2,23,6,False
6949,2024-04-02,2,24,4,False
6950,2024-04-02,2,25,14,False
6951,2024-04-02,3,1,12,False
6952,2024-04-02,3,2,15,False
6953,2024-04-02,3,3,5,False
6954,2024-04-02,3,4,13,False
6955,2024-04-02,3,5,4,False
6956,2024-04-02,3,6,7,False
6957,2024-04-02,3,7,30,True
6958,2024-04-02,3,8,26,True
6959,2024-04-02,3,9,12,False
6960,2024-04-02,3,10,11,False
6961,2024-04-02,3,11,10,False
6962,2024-04-02,3,12,14,False
6963,2024-04-02,3,13,10,False
6964,2024-04-02,3,14,7,False
6965,2024-04-02,3,15,11,False
6966,2024-04-02,3,16,6,False
6967,2024-04-02,3,17,6,False
6968,2024-04-02,3,18,16,False
6969,2024-04-02,3,19,13,True
6970,2024-04-02,3,20,6,False
6971,2024-04-02,3,21,10,False
6972,2024-04-02,3,22,7,False
6973,2024-04-02,3,23,2,False
6974,2024-04-02,3,24,4,False
6975,2024-04-02,3,25,8,True
6976,2024-04-03,1,1,36,False
6977,2024-04-03,1,2,35,True
6978,2024-04-03,1,3,27,False
6979,2024-04-03,1,4,25,False
6980,2024-04-03,1,5,18,False
6981,2024-04-03,1,6,47,True
6982,2024-04-03,1,7,33,False
6983,2024-04-03,1,8,50,True
6984,2024-04-03,1,9,28,False
6985,2024-04-03,1,10,35,False
6986,2024-04-03,1,11,35,False
6987,2024-04-03,1,12,27,False
6988,2024-04-03,1,13,27,False
6989,2024-04-03,1,14,43,True
6990,2024-04-03,1,15,10,False
6991,2024-04-03,1,16,17,False
6992,2024-04-03,1,17,30,True
6993,2024-04-03,1,18,23,False
6994,2024-04-03,1,19,30,False
6995,2024-04-03,1,20,12,False
6996,2024-04-03,1,21,17,False
6997,2024-04-03,1,22,23,True
6998,2024-04-03,1,23,11,False
6999,2024-04-03,1,24,13,False
7000,2024-04-03,1,25,5,False
7001,2024-04-03,2,1,12,False
7002,2024-04-03,2,2,20,False
7003,2024-04-03,2,3,14,False
7004,2024-04-03,2,4,21,False
7005,2024-04-03,2,5,11,False
7006,2024-04-03,2,6,24,False
7007,2024-04-03,2,7,22,False
7008,2024-04-03,2,8,23,False
7009,2024-04-03,2,9,22,False
7010,2024-04-03,2,10,26,False
7011,2024-04-03,2,11,23,False
7012,2024-04-03,2,12,18,False
7013,2024-04-03,2,13,7,False
7014,2024-04-03,2,14,21,False
7015,2024-04-03,2,15,17,False
7016,2024-04-03,2,16,11,False
7017,2024-04-03,2,17,7,False
7018,2024-04-03,2,18,15,False
7019,2024-04-03,2,19,15,False
7020,2024-04-03,2,20,17,False
7021,2024-04-03,2,21,5,False
7022,2024-04-03,2,22,14,False
7023,2024-04-03,2,23,1,False
7024,2024-04-03,2,24,6,False
7025,2024-04-03,2,25,16,False
7026,2024-04-03,3,1,14,False
7027,2024-04-03,3,2,11,False
7028,2024-04-03,3,3,4,False
7029,2024-04-03,3,4,14,False
7030,2024-04-03,3,5,16,False
7031,2024-04-03,3,6,26,True
7032,2024-04-03,3,7,7,False
7033,2024-04-03,3,8,13,False
7034,2024-04-03,3,9,9,False
7035,2024-04-03,3,10,19,False
7036,2024-04-03,3,11,14,False
7037,2024-04-03,3,12,10,False
7038,2024-04-03,3,13,3,False
7039,2024-04-03,3,14,10,False
7040,2024-04-03,3,15,9,False
7041,2024-04-03,3,16,4,False
7042,2024-04-03,3,17,10,False
7043,2024-04-03,3,18,15,False
7044,2024-04-03,3,19,11,False
7045,2024-04-03,3,20,4,False
7046,2024-04-03,3,21,5,False
7047,2024-04-03,3,22,13,False
7048,2024-04-03,3,23,9,True
7049,2024-04-03,3,24,2,False
7050,2024-04-03,3,25,5,False
7051,2024-04-04,1,1,36,False
7052,2024-04-04,1,2,32,False
7053,2024-04-04,1,3,23,False
7054,2024-04-04,1,4,37,False
7055,2024-04-04,1,5,19,False
7056,2024-04-04,1,6,38,False
7057,2024-04-04,1,7,23,False
7058,2024-04-04,1,8,26,False
7059,2024-04-04,1,9,21,False
7060,2024-04-04,1,10,40,False
7061,2024-04-04,1,11,25,False
7062,2024-04-04,1,12,30,False
7063,2024-04-04,1,13,25,False
7064,2024-04-04,1,14,26,False
7065,2024-04-04,1,15,21,False
7066,2024-04-04,1,16,11,False
7067,2024-04-04,1,17,19,False
7068,2024-04-04,1,18,22,False
7069,2024-04-04,1,19,27,False
7070,2024-04-04,1,20,25,True
7071,2024-04-04,1,21,9,False
7072,2024-04-04,1,22,9,False
7073,2024-04-04,1,23,10,False
7074,2024-04-04,1,24,8,False
7075,2024-04-04,1,25,20,False
7076,2024-04-04,2,1,19,False
7077,2024-04-04,2,2,21,False
7078,2024-04-04,2,3,18,False
7079,2024-04-04,2,4,24,False
7080,2024-04-04,2,5,12,False
7081,2024-04-04,2,6,18,False
7082,2024-04-04,2,7,19,False
7083,2024-04-04,2,8,25,False
7084,2024-04-04,2,9,17,True
7085,2024-04-04,2,10,25,False
7086,2024-04-04,2,11,20,False
7087,2024-04-04,2,12,27,False
7088,2024-04-04,2,13,12,False
7089,2024-04-04,2,14,17,False
7090,2024-04-04,2,15,10,False
7091,2024-04-04,2,16,8,True
7092,2024-04-04,2,17,17,False
7093,2024-04-04,2,18,17,False
7094,2024-04-04,2,19,21,False
7095,2024-04-04,2,20,10,False
7096,2024-04-04,2,21,14,False
7097,2024-04-04,2,22,15,False
7098,2024-04-04,2,23,10,False
7099,2024-04-04,2,24,2,False
7100,2024-04-04,2,25,10,False
7101,2024-04-04,3,1,14,True
7102,2024-04-04,3,2,14,False
7103,2024-04-04,3,3,7,False
7104,2024-04-04,3,4,15,False
7105,2024-04-04,3,5,6,False
7106,2024-04-04,3,6,16,False
7107,2024-04-04,3,7,12,False
7108,2024-04-04,3,8,12,False
7109,2024-04-04,3,9,9,False
7110,2024-04-04,3,10,9,False
7111,2024-04-04,3,11,16,False
7112,2024-04-04,3,12,18,False
7113,2024-04-04,3,13,14,False
7114,2024-04-04,3,14,8,False
7115,2024-04-04,3,15,10,False
7116,2024-04-04,3,16,4,False
7117,2024-04-04,3,17,9,False
7118,2024-04-04,3,18,12,False
7119,2024-04-04,3,19,20,True
7120,2024-04-04,3,20,11,False
7121,2024-04-04,3,21,2,False
7122,2024-04-04,3,22,5,False
7123,2024-04-04,3,23,8,False
7124,2024-04-04,3,24,1,False
7125,2024-04-04,3,25,3,False
7126,2024-04-05,1,1,22,False
7127,2024-04-05,1,2,25,False
7128,2024-04-05,1,3,24,False
7129,2024-04-05,1,4,37,False
7130,2024-04-05,1,5,12,False
7131,2024-04-05,1,6,24,False
7132,2024-04-05,1,7,27,False
7133,2024-04-05,1,8,30,False
7134,2024-04-05,1,9,15,False
7135,2024-04-05,1,10,27,False
7136,2024-04-05,1,11,35,False
7137,2024-04-05,1,12,30,False
7138,2024-04-05,1,13,22,False
7139,2024-04-05,1,14,24,False
7140,2024-04-05,1,15,19,False
7141,2024-04-05,1,16,12,False
7142,2024-04-05,1,17,19,False
7143,2024-04-05,1,18,26,False
7144,2024-04-05,1,19,23,False
7145,2024-04-05,1,20,41,True
7146,2024-04-05,1,21,13,False
7147,2024-04-05,1,22,10,False
7148,2024-04-05,1,23,4,False
7149,2024-04-05,1,24,7,False
7150,2024-04-05,1,25,17,False
7151,2024-04-05,2,1,33,False
7152,2024-04-05,2,2,28,False
7153,2024-04-05,2,3,16,False
7154,2024-04-05,2,4,16,False
7155,2024-04-05,2,5,10,False
7156,2024-04-05,2,6,19,False
7157,2024-04-05,2,7,17,False
7158,2024-04-05,2,8,18,False
7159,2024-04-05,2,9,13,False
7160,2024-04-05,2,10,31,False
7161,2024-04-05,2,11,28,False
7162,2024-04-05,2,12,36,True
7163,2024-04-05,2,13,17,False
7164,2024-04-05,2,14,21,False
7165,2024-04-05,2,15,8,False
7166,2024-04-05,2,16,6,False
7167,2024-04-05,2,17,24,False
7168,2024-04-05,2,18,22,False
7169,2024-04-05,2,19,22,False
7170,2024-04-05,2,20,8,False
7171,2024-04-05,2,21,13,True
7172,2024-04-05,2,22,11,False
7173,2024-04-05,2,23,9,False
7174,2024-04-05,2,24,11,False
7175,2024-04-05,2,25,10,False
7176,2024-04-05,3,1,18,False
7177,2024-04-05,3,2,15,False
7178,2024-04-05,3,3,9,False
7179,2024-04-05,3,4,16,False
7180,2024-04-05,3,5,6,False
7181,2024-04-05,3,6,14,False
7182,2024-04-05,3,7,9,False
7183,2024-04-05,3,8,13,False
7184,2024-04-05,3,9,11,False
7185,2024-04-05,3,10,11,False
7186,2024-04-05,3,11,29,True
7187,2024-04-05,3,12,13,False
7188,2024-04-05,3,13,14,False
7189,2024-04-05,3,14,4,False
7190,2024-04-05,3,15,7,False
7191,2024-04-05,3,16,1,False
7192,2024-04-05,3,17,3,False
7193,2024-04-05,3,18,9,False
7194,2024-04-05,3,19,7,False
7195,2024-04-05,3,20,14,True
7196,2024-04-05,3,21,5,False
7197,2024-04-05,3,22,10,False
7198,2024-04-05,3,23,7,False
7199,2024-04-05,3,24,4,False
7200,2024-04-05,3,25,1,False
7201,2024-04-06,1,1,48,False
7202,2024-04-06,1,2,31,False
7203,2024-04-06,1,3,24,False
7204,2024-04-06,1,4,40,False
7205,2024-04-06,1,5,37,True
7206,2024-04-06,1,6,37,False
7207,2024-04-06,1,7,29,False
7208,2024-04-06,1,8,65,True
7209,2024-04-06,1,9,21,False
7210,2024-04-06,1,10,50,False
7211,2024-04-06,1,11,48,False
7212,2024-04-06,1,12,44,False
7213,2024-04-06,1,13,20,False
7214,2024-04-06,1,14,31,False
7215,2024-04-06,1,15,17,False
7216,2024-04-06,1,16,19,False
7217,2024-04-06,1,17,20,False
7218,2024-04-06,1,18,35,False
7219,2024-04-06,1,19,51,True
7220,2024-04-06,1,20,22,False
7221,2024-04-06,1,21,11,False
7222,2024-04-06,1,22,19,False
7223,2024-04-06,1,23,13,False
7224,2024-04-06,1,24,14,False
7225,2024-04-06,1,25,18,False
7226,2024-04-06,2,1,37,False
7227,2024-04-06,2,2,24,False
7228,2024-04-06,2,3,10,False
7229,2024-04-06,2,4,31,False
7230,2024-04-06,2,5,26,True
7231,2024-04-06,2,6,26,False
7232,2024-04-06,2,7,24,False
7233,2024-04-06,2,8,29,False
7234,2024-04-06,2,9,18,False
7235,2024-04-06,2,10,26,False
7236,2024-04-06,2,11,30,False
7237,2024-04-06,2,12,34,False
7238,2024-04-06,2,13,9,False
7239,2024-04-06,2,14,24,False
7240,2024-04-06,2,15,13,False
7241,2024-04-06,2,16,8,False
7242,2024-04-06,2,17,26,False
7243,2024-04-06,2,18,24,False
7244,2024-04-06,2,19,26,False
7245,2024-04-06,2,20,12,False
7246,2024-04-06,2,21,10,False
7247,2024-04-06,2,22,13,False
7248,2024-04-06,2,23,4,False
7249,2024-04-06,2,24,8,False
7250,2024-04-06,2,25,22,False
7251,2024-04-06,3,1,20,False
7252,2024-04-06,3,2,20,True
7253,2024-04-06,3,3,11,False
7254,2024-04-06,3,4,22,False
7255,2024-04-06,3,5,10,False
7256,2024-04-06,3,6,8,False
7257,2024-04-06,3,7,15,False
7258,2024-04-06,3,8,15,False
7259,2024-04-06,3,9,13,False
7260,2024-04-06,3,10,20,False
7261,2024-04-06,3,11,12,False
7262,2024-04-06,3,12,17,False
7263,2024-04-06,3,13,8,False
7264,2024-04-06,3,14,14,False
7265,2024-04-06,3,15,8,False
7266,2024-04-06,3,16,3,False
7267,2024-04-06,3,17,12,False
7268,2024-04-06,3,18,17,False
7269,2024-04-06,3,19,12,False
7270,2024-04-06,3,20,12,False
7271,2024-04-06,3,21,8,False
7272,2024-04-06,3,22,10,True
7273,2024-04-06,3,23,8,False
7274,2024-04-06,3,24,2,False
7275,2024-04-06,3,25,10,False
7276,2024-04-07,1,1,40,False
7277,2024-04-07,1,2,38,False
7278,2024-04-07,1,3,20,False
7279,2024-04-07,1,4,28,False
7280,2024-04-07,1,5,27,True
7281,2024-04-07,1,6,29,False
7282,2024-04-07,1,7,38,False
7283,2024-04-07,1,8,34,False
7284,2024-04-07,1,9,36,True
7285,2024-04-07,1,10,56,False
7286,2024-04-07,1,11,48,False
7287,2024-04-07,1,12,50,False
7288,2024-04-07,1,13,24,False
7289,2024-04-07,1,14,29,False
7290,2024-04-07,1,15,16,False
7291,2024-04-07,1,16,18,False
7292,2024-04-07,1,17,30,False
7293,2024-04-07,1,18,33,False
7294,2024-04-07,1,19,39,False
7295,2024-04-07,1,20,13,False
7296,2024-04-07,1,21,18,False
7297,2024-04-07,1,22,14,False
7298,2024-04-07,1,23,18,False
7299,2024-04-07,1,24,11,False
7300,2024-04-07,1,25,19,False
7301,2024-04-07,2,1,24,False
7302,2024-04-07,2,2,24,False
7303,2024-04-07,2,3,14,False
7304,2024-04-07,2,4,17,False
7305,2024-04-07,2,5,31,True
7306,2024-04-07,2,6,21,False
7307,2024-04-07,2,7,34,False
7308,2024-04-07,2,8,30,False
7309,2024-04-07,2,9,22,False
7310,2024-04-07,2,10,37,False
7311,2024-04-07,2,11,56,True
7312,2024-04-07,2,12,21,False
7313,2024-04-07,2,13,14,False
7314,2024-04-07,2,14,29,False
7315,2024-04-07,2,15,8,False
7316,2024-04-07,2,16,16,False
7317,2024-04-07,2,17,17,False
7318,2024-04-07,2,18,19,False
7319,2024-04-07,2,19,27,False
7320,2024-04-07,2,20,7,False
7321,2024-04-07,2,21,21,False
7322,2024-04-07,2,22,17,False
7323,2024-04-07,2,23,9,False
7324,2024-04-07,2,24,12,False
7325,2024-04-07,2,25,19,False
7326,2024-04-07,3,1,18,False
7327,2024-04-07,3,2,12,False
7328,2024-04-07,3,3,11,False
7329,2024-04-07,3,4,12,False
7330,2024-04-07,3,5,6,False
7331,2024-04-07,3,6,19,False
7332,2024-04-07,3,7,12,False
7333,2024-04-07,3,8,13,False
7334,2024-04-07,3,9,13,False
7335,2024-04-07,3,10,19,False
7336,2024-04-07,3,11,23,False
7337,2024-04-07,3,12,23,False
7338,2024-04-07,3,13,13,True
7339,2024-04-07,3,14,11,False
7340,2024-04-07,3,15,11,False
7341,2024-04-07,3,16,8,False
7342,2024-04-07,3,17,12,False
7343,2024-04-07,3,18,18,False
7344,2024-04-07,3,19,13,False
7345,2024-04-07,3,20,8,False
7346,2024-04-07,3,21,7,False
7347,2024-04-07,3,22,9,False
7348,2024-04-07,3,23,9,False
7349,2024-04-07,3,24,8,False
7350,2024-04-07,3,25,7,False
7351,2024-04-08,1,1,30,False
7352,2024-04-08,1,2,28,False
7353,2024-04-08,1,3,23,False
7354,2024-04-08,1,4,34,False
7355,2024-04-08,1,5,12,False
7356,2024-04-08,1,6,28,False
7357,2024-04-08,1,7,29,True
7358,2024-04-08,1,8,20,False
7359,2024-04-08,1,9,17,False
7360,2024-04-08,1,10,37,False
7361,2024-04-08,1,11,31,False
7362,2024-04-08,1,12,30,False
7363,2024-04-08,1,13,21,False
7364,2024-04-08,1,14,22,False
7365,2024-04-08,1,15,17,False
7366,2024-04-08,1,16,16,False
7367,2024-04-08,1,17,25,False
7368,2024-04-08,1,18,15,False
7369,2024-04-08,1,19,28,False
7370,2024-04-08,1,20,9,False
7371,2024-04-08,1,21,9,False
7372,2024-04-08,1,22,17,False
7373,2024-04-08,1,23,11,False
7374,2024-04-08,1,24,5,False
7375,2024-04-08,1,25,19,False
7376,2024-04-08,2,1,24,False
7377,2024-04-08,2,2,14,False
7378,2024-04-08,2,3,25,False
7379,2024-04-08,2,4,17,False
7380,2024-04-08,2,5,13,False
7381,2024-04-08,2,6,23,False
7382,2024-04-08,2,7,25,False
7383,2024-04-08,2,8,18,False
7384,2024-04-08,2,9,12,False
7385,2024-04-08,2,10,25,False
7386,2024-04-08,2,11,13,False
7387,2024-04-08,2,12,27,False
7388,2024-04-08,2,13,15,False
7389,2024-04-08,2,14,17,False
7390,2024-04-08,2,15,20,True
7391,2024-04-08,2,16,16,False
7392,2024-04-08,2,17,24,False
7393,2024-04-08,2,18,13,False
7394,2024-04-08,2,19,20,False
7395,2024-04-08,2,20,14,False
7396,2024-04-08,2,21,9,False
7397,2024-04-08,2,22,8,False
7398,2024-04-08,2,23,3,False
7399,2024-04-08,2,24,11,False
7400,2024-04-08,2,25,15,False
7401,2024-04-08,3,1,19,False
7402,2024-04-08,3,2,12,False
7403,2024-04-08,3,3,6,False
7404,2024-04-08,3,4,15,False
7405,2024-04-08,3,5,11,False
7406,2024-04-08,3,6,17,False
7407,2024-04-08,3,7,13,False
7408,2024-04-08,3,8,12,False
7409,2024-04-08,3,9,4,False
7410,2024-04-08,3,10,15,False
7411,2024-04-08,3,11,18,False
7412,2024-04-08,3,12,15,False
7413,2024-04-08,3,13,11,False
7414,2024-04-08,3,14,6,False
7415,2024-04-08,3,15,7,True
7416,2024-04-08,3,16,7,False
7417,2024-04-08,3,17,12,False
7418,2024-04-08,3,18,10,False
7419,2024-04-08,3,19,12,False
7420,2024-04-08,3,20,8,False
7421,2024-04-08,3,21,3,False
7422,2024-04-08,3,22,5,False
7423,2024-04-08,3,23,9,True
7424,2024-04-08,3,24,3,False
7425,2024-04-08,3,25,6,False
7426,2024-04-09,1,1,35,False
7427,2024-04-09,1,2,25,False
7428,2024-04-09,1,3,30,True
7429,2024-04-09,1,4,36,False
7430,2024-04-09,1,5,15,False
7431,2024-04-09,1,6,28,False
7432,2024-04-09,1,7,28,False
7433,2024-04-09,1,8,23,False
7434,2024-04-09,1,9,19,False
7435,2024-04-09,1,10,27,False
7436,2024-04-09,1,11,35,False
7437,2024-04-09,1,12,25,False
7438,2024-04-09,1,13,18,False
7439,2024-04-09,1,14,35,False
7440,2024-04-09,1,15,16,False
7441,2024-04-09,1,16,9,False
7442,2024-04-09,1,17,23,False
7443,2024-04-09,1,18,19,False
7444,2024-04-09,1,19,27,False
7445,2024-04-09,1,20,20,False
7446,2024-04-09,1,21,11,False
7447,2024-04-09,1,22,17,False
7448,2024-04-09,1,23,11,False
7449,2024-04-09,1,24,1,False
7450,2024-04-09,1,25,16,False
7451,2024-04-09,2,1,31,False
7452,2024-04-09,2,2,16,False
7453,2024-04-09,2,3,17,False
7454,2024-04-09,2,4,17,False
7455,2024-04-09,2,5,14,False
7456,2024-04-09,2,6,25,False
7457,2024-04-09,2,7,16,False
7458,2024-04-09,2,8,25,False
7459,2024-04-09,2,9,19,False
7460,2024-04-09,2,10,31,False
7461,2024-04-09,2,11,13,False
7462,2024-04-09,2,12,23,False
7463,2024-04-09,2,13,10,False
7464,2024-04-09,2,14,15,False
7465,2024-04-09,2,15,7,False
7466,2024-04-09,2,16,10,False
7467,2024-04-09,2,17,14,False
7468,2024-04-09,2,18,17,False
7469,2024-04-09,2,19,22,False
7470,2024-04-09,2,20,9,False
7471,2024-04-09,2,21,15,False
7472,2024-04-09,2,22,24,True
7473,2024-04-09,2,23,16,True
7474,2024-04-09,2,24,10,False
7475,2024-04-09,2,25,12,False
7476,2024-04-09,3,1,19,False
7477,2024-04-09,3,2,7,False
7478,2024-04-09,3,3,10,False
7479,2024-04-09,3,4,15,False
7480,2024-04-09,3,5,10,False
7481,2024-04-09,3,6,13,False
7482,2024-04-09,3,7,18,False
7483,2024-04-09,3,8,11,False
7484,2024-04-09,3,9,15,False
7485,2024-04-09,3,10,23,False
7486,2024-04-09,3,11,16,False
7487,2024-04-09,3,12,10,False
7488,2024-04-09,3,13,11,False
7489,2024-04-09,3,14,9,False
7490,2024-04-09,3,15,12,False
7491,2024-04-09,3,16,8,False
7492,2024-04-09,3,17,12,False
7493,2024-04-09,3,18,12,False
7494,2024-04-09,3,19,21,False
7495,2024-04-09,3,20,9,False
7496,2024-04-09,3,21,8,False
7497,2024-04-09,3,22,7,False
7498,2024-04-09,3,23,9,False
7499,2024-04-09,3,24,1,False
7500,2024-04-09,3,25,5,False
7501,2024-04-10,1,1,27,False
7502,2024-04-10,1,2,26,False
7503,2024-04-10,1,3,18,False
7504,2024-04-10,1,4,27,False
7505,2024-04-10,1,5,15,False
7506,2024-04-10,1,6,22,False
7507,2024-04-10,1,7,19,False
7508,2024-04-10,1,8,53,True
7509,2024-04-10,1,9,20,False
7510,2024-04-10,1,10,28,False
7511,2024-04-10,1,11,36,False
7512,2024-04-10,1,12,22,False
7513,2024-04-10,1,13,14,False
7514,2024-04-10,1,14,24,False
7515,2024-04-10,1,15,12,False
7516,2024-04-10,1,16,13,False
7517,2024-04-10,1,17,27,False
7518,2024-04-10,1,18,28,False
7519,2024-04-10,1,19,33,False
7520,2024-04-10,1,20,12,False
7521,2024-04-10,1,21,12,False
7522,2024-04-10,1,22,13,False
7523,2024-04-10,1,23,12,False
7524,2024-04-10,1,24,19,False
7525,2024-04-10,1,25,9,False
7526,2024-04-10,2,1,14,False
7527,2024-04-10,2,2,14,False
7528,2024-04-10,2,3,12,False
7529,2024-04-10,2,4,21,False
7530,2024-04-10,2,5,5,False
7531,2024-04-10,2,6,21,False
7532,2024-04-10,2,7,13,False
7533,2024-04-10,2,8,18,False
7534,2024-04-10,2,9,16,False
7535,2024-04-10,2,10,40,True
7536,2024-04-10,2,11,30,False
7537,2024-04-10,2,12,24,False
7538,2024-04-10,2,13,8,False
7539,2024-04-10,2,14,22,False
7540,2024-04-10,2,15,20,False
7541,2024-04-10,2,16,8,False
7542,2024-04-10,2,17,18,False
7543,2024-04-10,2,18,12,False
7544,2024-04-10,2,19,25,False
7545,2024-04-10,2,20,13,False
7546,2024-04-10,2,21,9,False
7547,2024-04-10,2,22,6,False
7548,2024-04-10,2,23,7,False
7549,2024-04-10,2,24,3,False
7550,2024-04-10,2,25,9,False
7551,2024-04-10,3,1,18,False
7552,2024-04-10,3,2,12,False
7553,2024-04-10,3,3,15,True
7554,2024-04-10,3,4,12,False
7555,2024-04-10,3,5,1,False
7556,2024-04-10,3,6,9,False
7557,2024-04-10,3,7,12,False
7558,2024-04-10,3,8,10,False
7559,2024-04-10,3,9,5,False
7560,2024-04-10,3,10,23,False
7561,2024-04-10,3,11,20,False
7562,2024-04-10,3,12,16,False
7563,2024-04-10,3,13,9,False
7564,2024-04-10,3,14,11,False
7565,2024-04-10,3,15,13,True
7566,2024-04-10,3,16,3,False
7567,2024-04-10,3,17,6,False
7568,2024-04-10,3,18,14,False
7569,2024-04-10,3,19,7,False
7570,2024-04-10,3,20,10,False
7571,2024-04-10,3,21,5,False
7572,2024-04-10,3,22,4,False
7573,2024-04-10,3,23,2,False
7574,2024-04-10,3,24,1,False
7575,2024-04-10,3,25,8,False
7576,2024-04-11,1,1,30,False
7577,2024-04-11,1,2,23,False
7578,2024-04-11,1,3,23,False
7579,2024-04-11,1,4,36,False
7580,2024-04-11,1,5,14,False
7581,2024-04-11,1,6,42,True
7582,2024-04-11,1,7,16,False
7583,2024-04-11,1,8,23,False
7584,2024-04-11,1,9,28,False
7585,2024-04-11,1,10,30,False
7586,2024-04-11,1,11,42,False
7587,2024-04-11,1,12,36,False
7588,2024-04-11,1,13,19,False
7589,2024-04-11,1,14,29,False
7590,2024-04-11,1,15,12,False
7591,2024-04-11,1,16,6,False
7592,2024-04-11,1,17,25,False
7593,2024-04-11,1,18,32,False
7594,2024-04-11,1,19,20,False
7595,2024-04-11,1,20,18,False
7596,2024-04-11,1,21,8,False
7597,2024-04-11,1,22,10,False
7598,2024-04-11,1,23,16,False
7599,2024-04-11,1,24,8,False
7600,2024-04-11,1,25,15,False
7601,2024-04-11,2,1,29,False
7602,2024-04-11,2,2,23,False
7603,2024-04-11,2,3,10,False
7604,2024-04-11,2,4,14,False
7605,2024-04-11,2,5,15,False
7606,2024-04-11,2,6,19,False
7607,2024-04-11,2,7,12,False
7608,2024-04-11,2,8,19,False
7609,2024-04-11,2,9,13,False
7610,2024-04-11,2,10,30,False
7611,2024-04-11,2,11,25,False
7612,2024-04-11,2,12,38,True
7613,2024-04-11,2,13,7,False
7614,2024-04-11,2,14,19,False
7615,2024-04-11,2,15,8,False
7616,2024-04-11,2,16,7,False
7617,2024-04-11,2,17,12,False
7618,2024-04-11,2,18,22,False
7619,2024-04-11,2,19,14,False
7620,2024-04-11,2,20,9,False
7621,2024-04-11,2,21,9,False
7622,2024-04-11,2,22,10,False
7623,2024-04-11,2,23,7,False
7624,2024-04-11,2,24,0,False
7625,2024-04-11,2,25,9,False
7626,2024-04-11,3,1,14,False
7627,2024-04-11,3,2,6,False
7628,2024-04-11,3,3,7,False
7629,2024-04-11,3,4,15,False
7630,2024-04-11,3,5,7,True
7631,2024-04-11,3,6,10,False
7632,2024-04-11,3,7,14,False
7633,2024-04-11,3,8,13,False
7634,2024-04-11,3,9,7,False
7635,2024-04-11,3,10,13,False
7636,2024-04-11,3,11,13,False
7637,2024-04-11,3,12,12,False
7638,2024-04-11,3,13,6,False
7639,2024-04-11,3,14,13,False
7640,2024-04-11,3,15,8,False
7641,2024-04-11,3,16,9,False
7642,2024-04-11,3,17,7,False
7643,2024-04-11,3,18,7,False
7644,2024-04-11,3,19,11,False
7645,2024-04-11,3,20,11,False
7646,2024-04-11,3,21,6,False
7647,2024-04-11,3,22,7,False
7648,2024-04-11,3,23,3,False
7649,2024-04-11,3,24,6,False
7650,2024-04-11,3,25,5,False
7651,2024-04-12,1,1,34,False
7652,2024-04-12,1,2,22,False
7653,2024-04-12,1,3,18,False
7654,2024-04-12,1,4,39,False
7655,2024-04-12,1,5,18,False
7656,2024-04-12,1,6,26,False
7657,2024-04-12,1,7,31,False
7658,2024-04-12,1,8,27,False
7659,2024-04-12,1,9,19,False
7660,2024-04-12,1,10,19,False
7661,2024-04-12,1,11,31,False
7662,2024-04-12,1,12,41,False
7663,2024-04-12,1,13,18,False
7664,2024-04-12,1,14,25,False
7665,2024-04-12,1,15,18,False
7666,2024-04-12,1,16,10,False
7667,2024-04-12,1,17,34,False
7668,2024-04-12,1,18,18,False
7669,2024-04-12,1,19,28,False
7670,2024-04-12,1,20,13,False
7671,2024-04-12,1,21,9,False
7672,2024-04-12,1,22,15,False
7673,2024-04-12,1,23,18,False
7674,2024-04-12,1,24,10,False
7675,2024-04-12,1,25,16,False
7676,2024-04-12,2,1,24,False
7677,2024-04-12,2,2,15,False
7678,2024-04-12,2,3,13,False
7679,2024-04-12,2,4,28,False
7680,2024-04-12,2,5,10,False
7681,2024-04-12,2,6,21,False
7682,2024-04-12,2,7,15,False
7683,2024-04-12,2,8,29,False
7684,2024-04-12,2,9,15,False
7685,2024-04-12,2,10,16,False
7686,2024-04-12,2,11,23,False
7687,2024-04-12,2,12,24,False
7688,2024-04-12,2,13,14,False
7689,2024-04-12,2,14,16,False
7690,2024-04-12,2,15,11,False
7691,2024-04-12,2,16,19,True
7692,2024-04-12,2,17,19,False
7693,2024-04-12,2,18,14,False
7694,2024-04-12,2,19,13,False
7695,2024-04-12,2,20,15,False
7696,2024-04-12,2,21,14,True
7697,2024-04-12,2,22,13,False
7698,2024-04-12,2,23,7,False
7699,2024-04-12,2,24,4,False
7700,2024-04-12,2,25,13,False
7701,2024-04-12,3,1,14,False
7702,2024-04-12,3,2,13,False
7703,2024-04-12,3,3,3,False
7704,2024-04-12,3,4,10,False
7705,2024-04-12,3,5,11,False
7706,2024-04-12,3,6,10,False
7707,2024-04-12,3,7,14,False
7708,2024-04-12,3,8,13,False
7709,2024-04-12,3,9,9,False
7710,2024-04-12,3,10,14,False
7711,2024-04-12,3,11,15,False
7712,2024-04-12,3,12,26,False
7713,2024-04-12,3,13,0,False
7714,2024-04-12,3,14,12,False
7715,2024-04-12,3,15,7,False
7716,2024-04-12,3,16,7,True
7717,2024-04-12,3,17,13,False
7718,2024-04-12,3,18,13,False
7719,2024-04-12,3,19,9,False
7720,2024-04-12,3,20,10,False
7721,2024-04-12,3,21,5,False
7722,2024-04-12,3,22,10,False
7723,2024-04-12,3,23,6,False
7724,2024-04-12,3,24,1,False
7725,2024-04-12,3,25,4,False
7726,2024-04-13,1,1,43,False
7727,2024-04-13,1,2,45,False
7728,2024-04-13,1,3,29,False
7729,2024-04-13,1,4,30,False
7730,2024-04-13,1,5,12,False
7731,2024-04-13,1,6,39,False
7732,2024-04-13,1,7,29,False
7733,2024-04-13,1,8,32,False
7734,2024-04-13,1,9,19,False
7735,2024-04-13,1,10,31,False
7736,2024-04-13,1,11,45,False
7737,2024-04-13,1,12,40,False
7738,2024-04-13,1,13,28,False
7739,2024-04-13,1,14,30,False
7740,2024-04-13,1,15,19,False
7741,2024-04-13,1,16,11,False
7742,2024-04-13,1,17,13,False
7743,2024-04-13,1,18,30,False
7744,2024-04-13,1,19,37,False
7745,2024-04-13,1,20,19,False
7746,2024-04-13,1,21,19,False
7747,2024-04-13,1,22,20,False
7748,2024-04-13,1,23,18,False
7749,2024-04-13,1,24,13,False
7750,2024-04-13,1,25,17,False
7751,2024-04-13,2,1,36,False
7752,2024-04-13,2,2,20,False
7753,2024-04-13,2,3,12,False
7754,2024-04-13,2,4,16,False
7755,2024-04-13,2,5,15,False
7756,2024-04-13,2,6,28,False
7757,2024-04-13,2,7,37,False
7758,2024-04-13,2,8,23,False
7759,2024-04-13,2,9,16,False
7760,2024-04-13,2,10,38,False
7761,2024-04-13,2,11,37,False
7762,2024-04-13,2,12,24,False
7763,2024-04-13,2,13,10,False
7764,2024-04-13,2,14,18,False
7765,2024-04-13,2,15,14,False
7766,2024-04-13,2,16,15,False
7767,2024-04-13,2,17,23,True
7768,2024-04-13,2,18,27,False
7769,2024-04-13,2,19,27,False
7770,2024-04-13,2,20,18,False
7771,2024-04-13,2,21,8,False
7772,2024-04-13,2,22,7,False
7773,2024-04-13,2,23,7,False
7774,2024-04-13,2,24,3,False
7775,2024-04-13,2,25,14,False
7776,2024-04-13,3,1,15,False
7777,2024-04-13,3,2,16,False
7778,2024-04-13,3,3,9,False
7779,2024-04-13,3,4,28,True
7780,2024-04-13,3,5,6,False
7781,2024-04-13,3,6,18,False
7782,2024-04-13,3,7,17,False
7783,2024-04-13,3,8,22,True
7784,2024-04-13,3,9,12,False
7785,2024-04-13,3,10,18,False
7786,2024-04-13,3,11,19,False
7787,2024-04-13,3,12,25,False
7788,2024-04-13,3,13,11,False
7789,2024-04-13,3,14,14,False
7790,2024-04-13,3,15,11,False
7791,2024-04-13,3,16,6,False
7792,2024-04-13,3,17,16,False
7793,2024-04-13,3,18,19,False
7794,2024-04-13,3,19,15,False
7795,2024-04-13,3,20,12,False
7796,2024-04-13,3,21,6,False
7797,2024-04-13,3,22,10,False
7798,2024-04-13,3,23,2,False
7799,2024-04-13,3,24,1,False
7800,2024-04-13,3,25,13,False
7801,2024-04-14,1,1,44,False
7802,2024-04-14,1,2,22,False
7803,2024-04-14,1,3,16,False
7804,2024-04-14,1,4,33,False
7805,2024-04-14,1,5,17,False
7806,2024-04-14,1,6,39,False
7807,2024-04-14,1,7,31,False
7808,2024-04-14,1,8,51,True
7809,2024-04-14,1,9,28,False
7810,2024-04-14,1,10,39,False
7811,2024-04-14,1,11,44,False
7812,2024-04-14,1,12,49,False
7813,2024-04-14,1,13,22,False
7814,2024-04-14,1,14,38,False
7815,2024-04-14,1,15,19,False
7816,2024-04-14,1,16,8,False
7817,2024-04-14,1,17,30,False
7818,2024-04-14,1,18,32,False
7819,2024-04-14,1,19,31,False
7820,2024-04-14,1,20,26,False
7821,2024-04-14,1,21,16,False
7822,2024-04-14,1,22,27,False
7823,2024-04-14,1,23,12,False
7824,2024-04-14,1,24,8,False
7825,2024-04-14,1,25,13,False
7826,2024-04-14,2,1,25,False
7827,2024-04-14,2,2,18,False
7828,2024-04-14,2,3,9,False
7829,2024-04-14,2,4,17,False
7830,2024-04-14,2,5,10,False
7831,2024-04-14,2,6,24,False
7832,2024-04-14,2,7,23,False
7833,2024-04-14,2,8,26,False
7834,2024-04-14,2,9,13,False
7835,2024-04-14,2,10,28,False
7836,2024-04-14,2,11,28,False
7837,2024-04-14,2,12,18,False
7838,2024-04-14,2,13,9,False
7839,2024-04-14,2,14,19,False
7840,2024-04-14,2,15,16,False
7841,2024-04-14,2,16,13,False
7842,2024-04-14,2,17,34,False
7843,2024-04-14,2,18,28,False
7844,2024-04-14,2,19,28,False
7845,2024-04-14,2,20,10,False
7846,2024-04-14,2,21,19,False
7847,2024-04-14,2,22,18,False
7848,2024-04-14,2,23,10,False
7849,2024-04-14,2,24,9,False
7850,2024-04-14,2,25,15,False
7851,2024-04-14,3,1,23,False
7852,2024-04-14,3,2,9,False
7853,2024-04-14,3,3,7,False
7854,2024-04-14,3,4,13,False
7855,2024-04-14,3,5,7,False
7856,2024-04-14,3,6,20,False
7857,2024-04-14,3,7,12,False
7858,2024-04-14,3,8,22,True
7859,2024-04-14,3,9,9,False
7860,2024-04-14,3,10,28,False
7861,2024-04-14,3,11,20,False
7862,2024-04-14,3,12,20,False
7863,2024-04-14,3,13,7,False
7864,2024-04-14,3,14,10,False
7865,2024-04-14,3,15,7,False
7866,2024-04-14,3,16,14,False
7867,2024-04-14,3,17,18,False
7868,2024-04-14,3,18,21,False
7869,2024-04-14,3,19,9,False
7870,2024-04-14,3,20,15,True
7871,2024-04-14,3,21,9,False
7872,2024-04-14,3,22,2,False
7873,2024-04-14,3,23,5,False
7874,2024-04-14,3,24,4,False
7875,2024-04-14,3,25,8,False
7876,2024-04-15,1,1,44,False
7877,2024-04-15,1,2,29,False
7878,2024-04-15,1,3,20,False
7879,2024-04-15,1,4,33,False
7880,2024-04-15,1,5,17,False
7881,2024-04-15,1,6,25,False
7882,2024-04-15,1,7,27,False
7883,2024-04-15,1,8,33,False
7884,2024-04-15,1,9,21,False
7885,2024-04-15,1,10,26,False
7886,2024-04-15,1,11,34,False
7887,2024-04-15,1,12,29,False
7888,2024-04-15,1,13,17,False
7889,2024-04-15,1,14,23,False
7890,2024-04-15,1,15,12,False
7891,2024-04-15,1,16,10,False
7892,2024-04-15,1,17,28,False
7893,2024-04-15,1,18,31,False
7894,2024-04-15,1,19,24,False
7895,2024-04-15,1,20,13,False
7896,2024-04-15,1,21,20,False
7897,2024-04-15,1,22,11,False
7898,2024-04-15,1,23,6,False
7899,2024-04-15,1,24,6,False
7900,2024-04-15,1,25,14,False
7901,2024-04-15,2,1,33,False
7902,2024-04-15,2,2,14,False
7903,2024-04-15,2,3,16,False
7904,2024-04-15,2,4,23,False
7905,2024-04-15,2,5,9,False
7906,2024-04-15,2,6,18,False
7907,2024-04-15,2,7,17,False
7908,2024-04-15,2,8,23,False
7909,2024-04-15,2,9,16,False
7910,2024-04-15,2,10,22,False
7911,2024-04-15,2,11,22,False
7912,2024-04-15,2,12,40,True
7913,2024-04-15,2,13,5,False
7914,2024-04-15,2,14,19,False
7915,2024-04-15,2,15,8,False
7916,2024-04-15,2,16,13,False
7917,2024-04-15,2,17,20,False
7918,2024-04-15,2,18,23,False
7919,2024-04-15,2,19,15,False
7920,2024-04-15,2,20,16,False
7921,2024-04-15,2,21,9,False
7922,2024-04-15,2,22,17,False
7923,2024-04-15,2,23,9,False
7924,2024-04-15,2,24,4,False
7925,2024-04-15,2,25,8,False
7926,2024-04-15,3,1,19,False
7927,2024-04-15,3,2,14,False
7928,2024-04-15,3,3,8,False
7929,2024-04-15,3,4,10,False
7930,2024-04-15,3,5,8,False
7931,2024-04-15,3,6,9,False
7932,2024-04-15,3,7,14,False
7933,2024-04-15,3,8,10,False
7934,2024-04-15,3,9,9,False
7935,2024-04-15,3,10,15,False
7936,2024-04-15,3,11,14,False
7937,2024-04-15,3,12,10,False
7938,2024-04-15,3,13,8,False
7939,2024-04-15,3,14,12,False
7940,2024-04-15,3,15,5,False
7941,2024-04-15,3,16,6,False
7942,2024-04-15,3,17,11,False
7943,2024-04-15,3,18,9,False
7944,2024-04-15,3,19,13,False
7945,2024-04-15,3,20,10,False
7946,2024-04-15,3,21,6,False
7947,2024-04-15,3,22,8,False
7948,2024-04-15,3,23,1,False
7949,2024-04-15,3,24,7,False
7950,2024-04-15,3,25,6,False
7951,2024-04-16,1,1,31,False
7952,2024-04-16,1,2,29,False
7953,2024-04-16,1,3,21,False
7954,2024-04-16,1,4,31,False
7955,2024-04-16,1,5,10,False
7956,2024-04-16,1,6,29,False
7957,2024-04-16,1,7,24,False
7958,2024-04-16,1,8,20,False
7959,2024-04-16,1,9,23,False
7960,2024-04-16,1,10,31,False
7961,2024-04-16,1,11,34,False
7962,2024-04-16,1,12,32,False
7963,2024-04-16,1,13,25,False
7964,2024-04-16,1,14,25,False
7965,2024-04-16,1,15,14,False
7966,2024-04-16,1,16,10,False
7967,2024-04-16,1,17,32,False
7968,2024-04-16,1,18,15,False
7969,2024-04-16,1,19,28,False
7970,2024-04-16,1,20,10,False
7971,2024-04-16,1,21,11,False
7972,2024-04-16,1,22,10,False
7973,2024-04-16,1,23,14,False
7974,2024-04-16,1,24,9,False
7975,2024-04-16,1,25,16,False
7976,2024-04-16,2,1,22,False
7977,2024-04-16,2,2,9,False
7978,2024-04-16,2,3,14,False
7979,2024-04-16,2,4,20,False
7980,2024-04-16,2,5,11,False
7981,2024-04-16,2,6,29,False
7982,2024-04-16,2,7,19,False
7983,2024-04-16,2,8,17,False
7984,2024-04-16,2,9,11,False
7985,2024-04-16,2,10,17,False
7986,2024-04-16,2,11,21,False
7987,2024-04-16,2,12,23,False
7988,2024-04-16,2,13,8,False
7989,2024-04-16,2,14,20,False
7990,2024-04-16,2,15,9,True
7991,2024-04-16,2,16,8,False
7992,2024-04-16,2,17,17,False
7993,2024-04-16,2,18,26,True
7994,2024-04-16,2,19,33,True
7995,2024-04-16,2,20,13,False
7996,2024-04-16,2,21,15,False
7997,2024-04-16,2,22,12,False
7998,2024-04-16,2,23,5,False
7999,2024-04-16,2,24,3,False
8000,2024-04-16,2,25,15,False
8001,2024-04-16,3,1,17,False
8002,2024-04-16,3,2,19,False
8003,2024-04-16,3,3,16,False
8004,2024-04-16,3,4,15,False
8005,2024-04-16,3,5,7,True
8006,2024-04-16,3,6,19,True
8007,2024-04-16,3,7,8,False
8008,2024-04-16,3,8,11,False
8009,2024-04-16,3,9,6,False
8010,2024-04-16,3,10,7,False
8011,2024-04-16,3,11,9,False
8012,2024-04-16,3,12,13,False
8013,2024-04-16,3,13,6,False
8014,2024-04-16,3,14,10,False
8015,2024-04-16,3,15,7,False
8016,2024-04-16,3,16,9,True
8017,2024-04-16,3,17,4,False
8018,2024-04-16,3,18,7,False
8019,2024-04-16,3,19,12,False
8020,2024-04-16,3,20,6,False
8021,2024-04-16,3,21,10,False
8022,2024-04-16,3,22,5,False
8023,2024-04-16,3,23,9,False
8024,2024-04-16,3,24,6,False
8025,2024-04-16,3,25,9,False
8026,2024-04-17,1,1,38,False
8027,2024-04-17,1,2,12,False
8028,2024-04-17,1,3,23,False
8029,2024-04-17,1,4,34,True
8030,2024-04-17,1,5,16,False
8031,2024-04-17,1,6,56,True
8032,2024-04-17,1,7,30,False
8033,2024-04-17,1,8,23,False
8034,2024-04-17,1,9,9,False
8035,2024-04-17,1,10,31,False
8036,2024-04-17,1,11,25,False
8037,2024-04-17,1,12,36,False
8038,2024-04-17,1,13,21,False
8039,2024-04-17,1,14,22,False
8040,2024-04-17,1,15,22,False
8041,2024-04-17,1,16,14,False
8042,2024-04-17,1,17,26,False
8043,2024-04-17,1,18,28,False
8044,2024-04-17,1,19,32,False
8045,2024-04-17,1,20,21,False
8046,2024-04-17,1,21,10,False
8047,2024-04-17,1,22,14,False
8048,2024-04-17,1,23,12,False
8049,2024-04-17,1,24,13,False
8050,2024-04-17,1,25,19,False
8051,2024-04-17,2,1,27,False
8052,2024-04-17,2,2,27,True
8053,2024-04-17,2,3,17,False
8054,2024-04-17,2,4,19,False
8055,2024-04-17,2,5,16,False
8056,2024-04-17,2,6,26,False
8057,2024-04-17,2,7,21,False
8058,2024-04-17,2,8,22,False
8059,2024-04-17,2,9,16,False
8060,2024-04-17,2,10,25,False
8061,2024-04-17,2,11,25,False
8062,2024-04-17,2,12,22,False
8063,2024-04-17,2,13,8,False
8064,2024-04-17,2,14,23,False
8065,2024-04-17,2,15,10,False
8066,2024-04-17,2,16,6,False
8067,2024-04-17,2,17,16,False
8068,2024-04-17,2,18,19,False
8069,2024-04-17,2,19,20,False
8070,2024-04-17,2,20,9,False
8071,2024-04-17,2,21,9,False
8072,2024-04-17,2,22,16,False
8073,2024-04-17,2,23,5,True
8074,2024-04-17,2,24,10,False
8075,2024-04-17,2,25,10,False
8076,2024-04-17,3,1,12,False
8077,2024-04-17,3,2,7,False
8078,2024-04-17,3,3,5,False
8079,2024-04-17,3,4,13,False
8080,2024-04-17,3,5,9,False
8081,2024-04-17,3,6,11,False
8082,2024-04-17,3,7,5,False
8083,2024-04-17,3,8,15,False
8084,2024-04-17,3,9,14,False
8085,2024-04-17,3,10,21,False
8086,2024-04-17,3,11,9,False
8087,2024-04-17,3,12,15,True
8088,2024-04-17,3,13,12,False
8089,2024-04-17,3,14,6,False
8090,2024-04-17,3,15,11,False
8091,2024-04-17,3,16,8,False
8092,2024-04-17,3,17,9,False
8093,2024-04-17,3,18,14,False
8094,2024-04-17,3,19,15,False
8095,2024-04-17,3,20,4,False
8096,2024-04-17,3,21,1,False
8097,2024-04-17,3,22,0,False
8098,2024-04-17,3,23,4,False
8099,2024-04-17,3,24,4,False
8100,2024-04-17,3,25,8,False
8101,2024-04-18,1,1,42,False
8102,2024-04-18,1,2,32,False
8103,2024-04-18,1,3,22,False
8104,2024-04-18,1,4,28,False
8105,2024-04-18,1,5,16,False
8106,2024-04-18,1,6,30,False
8107,2024-04-18,1,7,33,False
8108,2024-04-18,1,8,44,False
8109,2024-04-18,1,9,18,False
8110,2024-04-18,1,10,34,False
8111,2024-04-18,1,11,33,False
8112,2024-04-18,1,12,41,False
8113,2024-04-18,1,13,20,False
8114,2024-04-18,1,14,25,False
8115,2024-04-18,1,15,15,False
8116,2024-04-18,1,16,12,False
8117,2024-04-18,1,17,25,False
8118,2024-04-18,1,18,15,False
8119,2024-04-18,1,19,33,False
8120,2024-04-18,1,20,15,False
8121,2024-04-18,1,21,11,False
8122,2024-04-18,1,22,12,False
8123,2024-04-18,1,23,12,False
8124,2024-04-18,1,24,6,False
8125,2024-04-18,1,25,10,False
8126,2024-04-18,2,1,25,False
8127,2024-04-18,2,2,24,False
8128,2024-04-18,2,3,12,False
8129,2024-04-18,2,4,23,False
8130,2024-04-18,2,5,12,False
8131,2024-04-18,2,6,11,False
8132,2024-04-18,2,7,30,False
8133,2024-04-18,2,8,19,False
8134,2024-04-18,2,9,12,False
8135,2024-04-18,2,10,26,False
8136,2024-04-18,2,11,22,False
8137,2024-04-18,2,12,20,False
8138,2024-04-18,2,13,9,False
8139,2024-04-18,2,14,14,False
8140,2024-04-18,2,15,9,False
8141,2024-04-18,2,16,10,False
8142,2024-04-18,2,17,16,False
8143,2024-04-18,2,18,21,False
8144,2024-04-18,2,19,20,False
8145,2024-04-18,2,20,7,False
8146,2024-04-18,2,21,6,False
8147,2024-04-18,2,22,12,True
8148,2024-04-18,2,23,6,False
8149,2024-04-18,2,24,5,False
8150,2024-04-18,2,25,10,False
8151,2024-04-18,3,1,9,False
8152,2024-04-18,3,2,13,False
8153,2024-04-18,3,3,13,False
8154,2024-04-18,3,4,9,False
8155,2024-04-18,3,5,11,False
8156,2024-04-18,3,6,11,False
8157,2024-04-18,3,7,15,False
8158,2024-04-18,3,8,13,False
8159,2024-04-18,3,9,9,False
8160,2024-04-18,3,10,19,False
8161,2024-04-18,3,11,14,False
8162,2024-04-18,3,12,21,False
8163,2024-04-18,3,13,5,False
8164,2024-04-18,3,14,13,False
8165,2024-04-18,3,15,3,False
8166,2024-04-18,3,16,9,True
8167,2024-04-18,3,17,7,False
8168,2024-04-18,3,18,11,False
8169,2024-04-18,3,19,10,False
8170,2024-04-18,3,20,9,False
8171,2024-04-18,3,21,6,False
8172,2024-04-18,3,22,8,False
8173,2024-04-18,3,23,2,False
8174,2024-04-18,3,24,3,False
8175,2024-04-18,3,25,4,False
8176,2024-04-19,1,1,29,False
8177,2024-04-19,1,2,26,False
8178,2024-04-19,1,3,31,False
8179,2024-04-19,1,4,26,False
8180,2024-04-19,1,5,17,False
8181,2024-04-19,1,6,24,False
8182,2024-04-19,1,7,26,False
8183,2024-04-19,1,8,29,False
8184,2024-04-19,1,9,10,False
8185,2024-04-19,1,10,24,False
8186,2024-04-19,1,11,43,False
8187,2024-04-19,1,12,39,False
8188,2024-04-19,1,13,13,False
8189,2024-04-19,1,14,23,False
8190,2024-04-19,1,15,13,False
8191,2024-04-19,1,16,6,False
8192,2024-04-19,1,17,24,False
8193,2024-04-19,1,18,22,False
8194,2024-04-19,1,19,27,False
8195,2024-04-19,1,20,11,False
8196,2024-04-19,1,21,10,False
8197,2024-04-19,1,22,20,True
8198,2024-04-19,1,23,9,False
8199,2024-04-19,1,24,11,False
8200,2024-04-19,1,25,13,False
8201,2024-04-19,2,1,38,False
8202,2024-04-19,2,2,13,False
8203,2024-04-19,2,3,12,False
8204,2024-04-19,2,4,20,False
8205,2024-04-19,2,5,12,False
8206,2024-04-19,2,6,26,False
8207,2024-04-19,2,7,17,False
8208,2024-04-19,2,8,20,False
8209,2024-04-19,2,9,10,False
8210,2024-04-19,2,10,17,False
8211,2024-04-19,2,11,23,False
8212,2024-04-19,2,12,25,False
8213,2024-04-19,2,13,12,False
8214,2024-04-19,2,14,22,False
8215,2024-04-19,2,15,13,False
8216,2024-04-19,2,16,14,False
8217,2024-04-19,2,17,16,False
8218,2024-04-19,2,18,7,False
8219,2024-04-19,2,19,24,False
8220,2024-04-19,2,20,9,False
8221,2024-04-19,2,21,9,False
8222,2024-04-19,2,22,9,False
8223,2024-04-19,2,23,6,False
8224,2024-04-19,2,24,10,False
8225,2024-04-19,2,25,5,False
8226,2024-04-19,3,1,15,False
8227,2024-04-19,3,2,14,False
8228,2024-04-19,3,3,5,False
8229,2024-04-19,3,4,10,False
8230,2024-04-19,3,5,6,False
8231,2024-04-19,3,6,13,False
8232,2024-04-19,3,7,13,False
8233,2024-04-19,3,8,9,False
8234,2024-04-19,3,9,7,False
8235,2024-04-19,3,10,13,False
8236,2024-04-19,3,11,19,False
8237,2024-04-19,3,12,12,False
8238,2024-04-19,3,13,7,False
8239,2024-04-19,3,14,10,False
8240,2024-04-19,3,15,7,False
8241,2024-04-19,3,16,5,False
8242,2024-04-19,3,17,10,False
8243,2024-04-19,3,18,11,False
8244,2024-04-19,3,19,10,False
8245,2024-04-19,3,20,4,True
8246,2024-04-19,3,21,4,False
8247,2024-04-19,3,22,10,False
8248,2024-04-19,3,23,5,False
8249,2024-04-19,3,24,6,False
8250,2024-04-19,3,25,3,False
8251,2024-04-20,1,1,44,False
8252,2024-04-20,1,2,33,False
8253,2024-04-20,1,3,31,False
8254,2024-04-20,1,4,33,False
8255,2024-04-20,1,5,14,False
8256,2024-04-20,1,6,40,False
8257,2024-04-20,1,7,25,False
8258,2024-04-20,1,8,35,False
8259,2024-04-20,1,9,18,False
8260,2024-04-20,1,10,51,False
8261,2024-04-20,1,11,38,False
8262,2024-04-20,1,12,32,False
8263,2024-04-20,1,13,17,False
8264,2024-04-20,1,14,35,False
8265,2024-04-20,1,15,28,True
8266,2024-04-20,1,16,17,False
8267,2024-04-20,1,17,33,False
8268,2024-04-20,1,18,31,False
8269,2024-04-20,1,19,32,False
8270,2024-04-20,1,20,16,False
8271,2024-04-20,1,21,17,False
8272,2024-04-20,1,22,15,False
8273,2024-04-20,1,23,10,False
8274,2024-04-20,1,24,15,False
8275,2024-04-20,1,25,12,False
8276,2024-04-20,2,1,34,False
8277,2024-04-20,2,2,21,False
8278,2024-04-20,2,3,22,False
8279,2024-04-20,2,4,26,False
8280,2024-04-20,2,5,15,False
8281,2024-04-20,2,6,19,False
8282,2024-04-20,2,7,29,False
8283,2024-04-20,2,8,25,False
8284,2024-04-20,2,9,16,False
8285,2024-04-20,2,10,31,False
8286,2024-04-20,2,11,28,False
8287,2024-04-20,2,12,37,False
8288,2024-04-20,2,13,12,False
8289,2024-04-20,2,14,17,False
8290,2024-04-20,2,15,11,False
8291,2024-04-20,2,16,14,False
8292,2024-04-20,2,17,27,False
8293,2024-04-20,2,18,14,False
8294,2024-04-20,2,19,24,False
8295,2024-04-20,2,20,26,False
8296,2024-04-20,2,21,10,False
8297,2024-04-20,2,22,9,False
8298,2024-04-20,2,23,4,False
8299,2024-04-20,2,24,13,False
8300,2024-04-20,2,25,9,False
8301,2024-04-20,3,1,17,False
8302,2024-04-20,3,2,13,False
8303,2024-04-20,3,3,14,False
8304,2024-04-20,3,4,23,False
8305,2024-04-20,3,5,9,True
8306,2024-04-20,3,6,18,False
8307,2024-04-20,3,7,14,False
8308,2024-04-20,3,8,14,False
8309,2024-04-20,3,9,9,False
8310,2024-04-20,3,10,20,False
8311,2024-04-20,3,11,20,False
8312,2024-04-20,3,12,12,False
8313,2024-04-20,3,13,10,False
8314,2024-04-20,3,14,14,False
8315,2024-04-20,3,15,3,False
8316,2024-04-20,3,16,5,False
8317,2024-04-20,3,17,9,False
8318,2024-04-20,3,18,13,False
8319,2024-04-20,3,19,15,False
8320,2024-04-20,3,20,6,False
8321,2024-04-20,3,21,2,False
8322,2024-04-20,3,22,8,False
8323,2024-04-20,3,23,2,False
8324,2024-04-20,3,24,10,False
8325,2024-04-20,3,25,5,False
8326,2024-04-21,1,1,51,False
8327,2024-04-21,1,2,40,False
8328,2024-04-21,1,3,16,False
8329,2024-04-21,1,4,33,False
8330,2024-04-21,1,5,22,False
8331,2024-04-21,1,6,32,False
8332,2024-04-21,1,7,36,False
8333,2024-04-21,1,8,31,False
8334,2024-04-21,1,9,33,False
8335,2024-04-21,1,10,36,False
8336,2024-04-21,1,11,49,False
8337,2024-04-21,1,12,35,False
8338,2024-04-21,1,13,26,False
8339,2024-04-21,1,14,53,True
8340,2024-04-21,1,15,21,False
8341,2024-04-21,1,16,22,False
8342,2024-04-21,1,17,32,False
8343,2024-04-21,1,18,35,False
8344,2024-04-21,1,19,43,False
8345,2024-04-21,1,20,33,True
8346,2024-04-21,1,21,21,True
8347,2024-04-21,1,22,19,False
8348,2024-04-21,1,23,16,False
8349,2024-04-21,1,24,8,False
8350,2024-04-21,1,25,20,False
8351,2024-04-21,2,1,35,False
8352,2024-04-21,2,2,23,False
8353,2024-04-21,2,3,17,False
8354,2024-04-21,2,4,24,False
8355,2024-04-21,2,5,20,False
8356,2024-04-21,2,6,14,False
8357,2024-04-21,2,7,26,False
8358,2024-04-21,2,8,18,False
8359,2024-04-21,2,9,15,False
8360,2024-04-21,2,10,33,False
8361,2024-04-21,2,11,31,False
8362,2024-04-21,2,12,26,False
8363,2024-04-21,2,13,16,False
8364,2024-04-21,2,14,16,False
8365,2024-04-21,2,15,7,False
8366,2024-04-21,2,16,12,False
8367,2024-04-21,2,17,18,False
8368,2024-04-21,2,18,25,False
8369,2024-04-21,2,19,22,False
8370,2024-04-21,2,20,18,False
8371,2024-04-21,2,21,5,False
8372,2024-04-21,2,22,11,False
8373,2024-04-21,2,23,10,False
8374,2024-04-21,2,24,8,False
8375,2024-04-21,2,25,12,False
8376,2024-04-21,3,1,15,False
8377,2024-04-21,3,2,14,False
8378,2024-04-21,3,3,7,False
8379,2024-04-21,3,4,12,False
8380,2024-04-21,3,5,7,False
8381,2024-04-21,3,6,12,False
8382,2024-04-21,3,7,21,False
8383,2024-04-21,3,8,13,False
8384,2024-04-21,3,9,24,False
8385,2024-04-21,3,10,7,False
8386,2024-04-21,3,11,20,False
8387,2024-04-21,3,12,10,False
8388,2024-04-21,3,13,10,False
8389,2024-04-21,3,14,19,False
8390,2024-04-21,3,15,14,False
8391,2024-04-21,3,16,6,False
8392,2024-04-21,3,17,13,False
8393,2024-04-21,3,18,15,False
8394,2024-04-21,3,19,10,False
8395,2024-04-21,3,20,11,False
8396,2024-04-21,3,21,8,False
8397,2024-04-21,3,22,4,False
8398,2024-04-21,3,23,6,False
8399,2024-04-21,3,24,8,False
8400,2024-04-21,3,25,8,False
8401,2024-04-22,1,1,37,False
8402,2024-04-22,1,2,31,False
8403,2024-04-22,1,3,17,False
8404,2024-04-22,1,4,24,False
8405,2024-04-22,1,5,25,False
8406,2024-04-22,1,6,23,False
8407,2024-04-22,1,7,37,False
8408,2024-04-22,1,8,33,False
8409,2024-04-22,1,9,27,False
8410,2024-04-22,1,10,34,False
8411,2024-04-22,1,11,32,False
8412,2024-04-22,1,12,40,False
8413,2024-04-22,1,13,18,False
8414,2024-04-22,1,14,22,False
8415,2024-04-22,1,15,16,False
8416,2024-04-22,1,16,14,False
8417,2024-04-22,1,17,21,False
8418,2024-04-22,1,18,25,False
8419,2024-04-22,1,19,25,False
8420,2024-04-22,1,20,20,False
8421,2024-04-22,1,21,10,False
8422,2024-04-22,1,22,15,False
8423,2024-04-22,1,23,10,False
8424,2024-04-22,1,24,9,False
8425,2024-04-22,1,25,15,False
8426,2024-04-22,2,1,24,False
8427,2024-04-22,2,2,30,False
8428,2024-04-22,2,3,16,False
8429,2024-04-22,2,4,23,False
8430,2024-04-22,2,5,4,False
8431,2024-04-22,2,6,20,False
8432,2024-04-22,2,7,20,False
8433,2024-04-22,2,8,14,False
8434,2024-04-22,2,9,12,False
8435,2024-04-22,2,10,19,False
8436,2024-04-22,2,11,19,False
8437,2024-04-22,2,12,25,False
8438,2024-04-22,2,13,8,False
8439,2024-04-22,2,14,28,False
8440,2024-04-22,2,15,12,False
8441,2024-04-22,2,16,7,False
8442,2024-04-22,2,17,20,False
8443,2024-04-22,2,18,19,False
8444,2024-04-22,2,19,19,False
8445,2024-04-22,2,20,12,False
8446,2024-04-22,2,21,7,False
8447,2024-04-22,2,22,8,False
8448,2024-04-22,2,23,11,True
8449,2024-04-22,2,24,5,False
8450,2024-04-22,2,25,5,False
8451,2024-04-22,3,1,22,False
8452,2024-04-22,3,2,12,False
8453,2024-04-22,3,3,7,False
8454,2024-04-22,3,4,10,False
8455,2024-04-22,3,5,8,False
8456,2024-04-22,3,6,13,False
8457,2024-04-22,3,7,15,False
8458,2024-04-22,3,8,20,False
8459,2024-04-22,3,9,6,False
8460,2024-04-22,3,10,15,False
8461,2024-04-22,3,11,25,False
8462,2024-04-22,3,12,19,False
8463,2024-04-22,3,13,10,False
8464,2024-04-22,3,14,5,False
8465,2024-04-22,3,15,7,False
8466,2024-04-22,3,16,8,False
8467,2024-04-22,3,17,11,False
8468,2024-04-22,3,18,16,False
8469,2024-04-22,3,19,13,False
8470,2024-04-22,3,20,9,False
8471,2024-04-22,3,21,10,False
8472,2024-04-22,3,22,5,False
8473,2024-04-22,3,23,3,False
8474,2024-04-22,3,24,3,False
8475,2024-04-22,3,25,8,False
8476,2024-04-23,1,1,31,False
8477,2024-04-23,1,2,22,False
8478,2024-04-23,1,3,23,False
8479,2024-04-23,1,4,25,False
8480,2024-04-23,1,5,13,False
8481,2024-04-23,1,6,29,False
8482,2024-04-23,1,7,17,False
8483,2024-04-23,1,8,23,False
8484,2024-04-23,1,9,9,False
8485,2024-04-23,1,10,31,False
8486,2024-04-23,1,11,30,False
8487,2024-04-23,1,12,25,False
8488,2024-04-23,1,13,18,False
8489,2024-04-23,1,14,18,False
8490,2024-04-23,1,15,14,False
8491,2024-04-23,1,16,11,False
8492,2024-04-23,1,17,26,False
8493,2024-04-23,1,18,41,True
8494,2024-04-23,1,19,23,False
8495,2024-04-23,1,20,18,False
8496,2024-04-23,1,21,19,False
8497,2024-04-23,1,22,14,False
8498,2024-04-23,1,23,8,False
8499,2024-04-23,1,24,7,False
8500,2024-04-23,1,25,8,False
8501,2024-04-23,2,1,21,False
8502,2024-04-23,2,2,15,False
8503,2024-04-23,2,3,17,False
8504,2024-04-23,2,4,24,False
8505,2024-04-23,2,5,11,False
8506,2024-04-23,2,6,20,False
8507,2024-04-23,2,7,18,False
8508,2024-04-23,2,8,18,False
8509,2024-04-23,2,9,22,False
8510,2024-04-23,2,10,28,False
8511,2024-04-23,2,11,24,False
8512,2024-04-23,2,12,27,False
8513,2024-04-23,2,13,13,False
8514,2024-04-23,2,14,15,False
8515,2024-04-23,2,15,5,False
8516,2024-04-23,2,16,15,False
8517,2024-04-23,2,17,10,False
8518,2024-04-23,2,18,19,False
8519,2024-04-23,2,19,16,False
8520,2024-04-23,2,20,13,False
8521,2024-04-23,2,21,6,False
8522,2024-04-23,2,22,5,False
8523,2024-04-23,2,23,7,False
8524,2024-04-23,2,24,1,False
8525,2024-04-23,2,25,12,False
8526,2024-04-23,3,1,16,False
8527,2024-04-23,3,2,14,False
8528,2024-04-23,3,3,9,False
8529,2024-04-23,3,4,17,False
8530,2024-04-23,3,5,11,True
8531,2024-04-23,3,6,18,False
8532,2024-04-23,3,7,14,False
8533,2024-04-23,3,8,17,False
8534,2024-04-23,3,9,9,False
8535,2024-04-23,3,10,8,False
8536,2024-04-23,3,11,23,False
8537,2024-04-23,3,12,14,False
8538,2024-04-23,3,13,8,False
8539,2024-04-23,3,14,8,False
8540,2024-04-23,3,15,5,False
8541,2024-04-23,3,16,5,False
8542,2024-04-23,3,17,7,False
8543,2024-04-23,3,18,15,False
8544,2024-04-23,3,19,12,False
8545,2024-04-23,3,20,11,False
8546,2024-04-23,3,21,3,False
8547,2024-04-23,3,22,8,False
8548,2024-04-23,3,23,2,False
8549,2024-04-23,3,24,11,False
8550,2024-04-23,3,25,2,False
8551,2024-04-24,1,1,35,False
8552,2024-04-24,1,2,31,False
8553,2024-04-24,1,3,20,False
8554,2024-04-24,1,4,48,True
8555,2024-04-24,1,5,16,False
8556,2024-04-24,1,6,33,False
8557,2024-04-24,1,7,23,False
8558,2024-04-24,1,8,28,False
8559,2024-04-24,1,9,18,False
8560,2024-04-24,1,10,36,False
8561,2024-04-24,1,11,36,False
8562,2024-04-24,1,12,31,False
8563,2024-04-24,1,13,16,False
8564,2024-04-24,1,14,39,True
8565,2024-04-24,1,15,19,False
8566,2024-04-24,1,16,14,False
8567,2024-04-24,1,17,23,False
8568,2024-04-24,1,18,27,False
8569,2024-04-24,1,19,29,False
8570,2024-04-24,1,20,12,False
8571,2024-04-24,1,21,12,False
8572,2024-04-24,1,22,11,False
8573,2024-04-24,1,23,12,False
8574,2024-04-24,1,24,11,False
8575,2024-04-24,1,25,14,False
8576,2024-04-24,2,1,29,False
8577,2024-04-24,2,2,9,False
8578,2024-04-24,2,3,12,False
8579,2024-04-24,2,4,27,False
8580,2024-04-24,2,5,16,False
8581,2024-04-24,2,6,26,False
8582,2024-04-24,2,7,15,False
8583,2024-04-24,2,8,20,False
8584,2024-04-24,2,9,26,True
8585,2024-04-24,2,10,25,False
8586,2024-04-24,2,11,19,False
8587,2024-04-24,2,12,26,False
8588,2024-04-24,2,13,17,True
8589,2024-04-24,2,14,13,False
8590,2024-04-24,2,15,6,False
8591,2024-04-24,2,16,6,False
8592,2024-04-24,2,17,16,False
8593,2024-04-24,2,18,16,False
8594,2024-04-24,2,19,20,False
8595,2024-04-24,2,20,13,False
8596,2024-04-24,2,21,7,False
8597,2024-04-24,2,22,8,False
8598,2024-04-24,2,23,7,False
8599,2024-04-24,2,24,9,True
8600,2024-04-24,2,25,5,False
8601,2024-04-24,3,1,17,False
8602,2024-04-24,3,2,24,True
8603,2024-04-24,3,3,11,False
8604,2024-04-24,3,4,15,False
8605,2024-04-24,3,5,9,False
8606,2024-04-24,3,6,12,False
8607,2024-04-24,3,7,15,False
8608,2024-04-24,3,8,13,False
8609,2024-04-24,3,9,9,False
8610,2024-04-24,3,10,16,False
8611,2024-04-24,3,11,12,False
8612,2024-04-24,3,12,17,False
8613,2024-04-24,3,13,10,True
8614,2024-04-24,3,14,11,False
8615,2024-04-24,3,15,8,False
8616,2024-04-24,3,16,4,False
8617,2024-04-24,3,17,8,False
8618,2024-04-24,3,18,9,False
8619,2024-04-24,3,19,18,False
8620,2024-04-24,3,20,11,False
8621,2024-04-24,3,21,5,False
8622,2024-04-24,3,22,4,False
8623,2024-04-24,3,23,4,False
8624,2024-04-24,3,24,4,False
8625,2024-04-24,3,25,3,False
8626,2024-04-25,1,1,29,False
8627,2024-04-25,1,2,25,False
8628,2024-04-25,1,3,13,False
8629,2024-04-25,1,4,27,False
8630,2024-04-25,1,5,14,False
8631,2024-04-25,1,6,27,False
8632,2024-04-25,1,7,34,False
8633,2024-04-25,1,8,34,False
8634,2024-04-25,1,9,23,False
8635,2024-04-25,1,10,32,False
8636,2024-04-25,1,11,32,False
8637,2024-04-25,1,12,24,False
8638,2024-04-25,1,13,24,False
8639,2024-04-25,1,14,22,False
8640,2024-04-25,1,15,18,False
8641,2024-04-25,1,16,14,False
8642,2024-04-25,1,17,11,False
8643,2024-04-25,1,18,22,False
8644,2024-04-25,1,19,38,False
8645,2024-04-25,1,20,9,False
8646,2024-04-25,1,21,13,False
8647,2024-04-25,1,22,12,False
8648,2024-04-25,1,23,14,False
8649,2024-04-25,1,24,11,False
8650,2024-04-25,1,25,20,False
8651,2024-04-25,2,1,26,False
8652,2024-04-25,2,2,20,False
8653,2024-04-25,2,3,15,False
8654,2024-04-25,2,4,20,False
8655,2024-04-25,2,5,10,False
8656,2024-04-25,2,6,25,False
8657,2024-04-25,2,7,14,False
8658,2024-04-25,2,8,22,False
8659,2024-04-25,2,9,17,False
8660,2024-04-25,2,10,42,True
8661,2024-04-25,2,11,35,False
8662,2024-04-25,2,12,17,False
8663,2024-04-25,2,13,19,False
8664,2024-04-25,2,14,14,False
8665,2024-04-25,2,15,9,False
8666,2024-04-25,2,16,10,False
8667,2024-04-25,2,17,17,False
8668,2024-04-25,2,18,23,False
8669,2024-04-25,2,19,22,False
8670,2024-04-25,2,20,4,False
8671,2024-04-25,2,21,6,False
8672,2024-04-25,2,22,12,False
8673,2024-04-25,2,23,12,False
8674,2024-04-25,2,24,8,False
8675,2024-04-25,2,25,12,False
8676,2024-04-25,3,1,16,False
8677,2024-04-25,3,2,13,False
8678,2024-04-25,3,3,16,True
8679,2024-04-25,3,4,17,False
8680,2024-04-25,3,5,4,False
8681,2024-04-25,3,6,11,False
8682,2024-04-25,3,7,7,False
8683,2024-04-25,3,8,13,False
8684,2024-04-25,3,9,13,False
8685,2024-04-25,3,10,19,True
8686,2024-04-25,3,11,17,False
8687,2024-04-25,3,12,17,True
8688,2024-04-25,3,13,5,False
8689,2024-04-25,3,14,12,False
8690,2024-04-25,3,15,6,False
8691,2024-04-25,3,16,7,False
8692,2024-04-25,3,17,4,False
8693,2024-04-25,3,18,11,False
8694,2024-04-25,3,19,12,False
8695,2024-04-25,3,20,10,False
8696,2024-04-25,3,21,11,False
8697,2024-04-25,3,22,2,False
8698,2024-04-25,3,23,8,False
8699,2024-04-25,3,24,4,False
8700,2024-04-25,3,25,4,False
8701,2024-04-26,1,1,33,False
8702,2024-04-26,1,2,32,False
8703,2024-04-26,1,3,16,False
8704,2024-04-26,1,4,35,False
8705,2024-04-26,1,5,11,False
8706,2024-04-26,1,6,30,False
8707,2024-04-26,1,7,21,False
8708,2024-04-26,1,8,31,False
8709,2024-04-26,1,9,15,False
8710,2024-04-26,1,10,38,False
8711,2024-04-26,1,11,37,False
8712,2024-04-26,1,12,37,False
8713,2024-04-26,1,13,28,True
8714,2024-04-26,1,14,19,False
8715,2024-04-26,1,15,14,False
8716,2024-04-26,1,16,16,False
8717,2024-04-26,1,17,19,False
8718,2024-04-26,1,18,22,False
8719,2024-04-26,1,19,32,False
8720,2024-04-26,1,20,11,False
8721,2024-04-26,1,21,11,False
8722,2024-04-26,1,22,24,False
8723,2024-04-26,1,23,9,False
8724,2024-04-26,1,24,11,False
8725,2024-04-26,1,25,13,False
8726,2024-04-26,2,1,23,False
8727,2024-04-26,2,2,17,False
8728,2024-04-26,2,3,14,False
8729,2024-04-26,2,4,23,False
8730,2024-04-26,2,5,11,False
8731,2024-04-26,2,6,15,False
8732,2024-04-26,2,7,22,False
8733,2024-04-26,2,8,15,False
8734,2024-04-26,2,9,15,False
8735,2024-04-26,2,10,25,False
8736,2024-04-26,2,11,38,False
8737,2024-04-26,2,12,20,False
8738,2024-04-26,2,13,12,False
8739,2024-04-26,2,14,18,False
8740,2024-04-26,2,15,11,False
8741,2024-04-26,2,16,12,False
8742,2024-04-26,2,17,34,True
8743,2024-04-26,2,18,12,False
8744,2024-04-26,2,19,19,False
8745,2024-04-26,2,20,12,True
8746,2024-04-26,2,21,8,False
8747,2024-04-26,2,22,13,False
8748,2024-04-26,2,23,9,False
8749,2024-04-26,2,24,3,False
8750,2024-04-26,2,25,11,False
8751,2024-04-26,3,1,19,False
8752,2024-04-26,3,2,12,False
8753,2024-04-26,3,3,12,False
8754,2024-04-26,3,4,12,False
8755,2024-04-26,3,5,7,False
8756,2024-04-26,3,6,9,False
8757,2024-04-26,3,7,11,False
8758,2024-04-26,3,8,13,False
8759,2024-04-26,3,9,5,False
8760,2024-04-26,3,10,9,False
8761,2024-04-26,3,11,12,False
8762,2024-04-26,3,12,16,False
8763,2024-04-26,3,13,11,False
8764,2024-04-26,3,14,11,False
8765,2024-04-26,3,15,9,False
8766,2024-04-26,3,16,6,False
8767,2024-04-26,3,17,9,False
8768,2024-04-26,3,18,9,False
8769,2024-04-26,3,19,17,False
8770,2024-04-26,3,20,6,False
8771,2024-04-26,3,21,4,False
8772,2024-04-26,3,22,6,False
8773,2024-04-26,3,23,8,False
8774,2024-04-26,3,24,6,False
8775,2024-04-26,3,25,3,False
8776,2024-04-27,1,1,44,False
8777,2024-04-27,1,2,40,False
8778,2024-04-27,1,3,27,False
8779,2024-04-27,1,4,32,False
8780,2024-04-27,1,5,35,False
8781,2024-04-27,1,6,30,False
8782,2024-04-27,1,7,26,False
8783,2024-04-27,1,8,38,False
8784,2024-04-27,1,9,28,False
8785,2024-04-27,1,10,46,False
8786,2024-04-27,1,11,46,False
8787,2024-04-27,1,12,39,False
8788,2024-04-27,1,13,31,False
8789,2024-04-27,1,14,33,False
8790,2024-04-27,1,15,16,False
8791,2024-04-27,1,16,17,False
8792,2024-04-27,1,17,48,True
8793,2024-04-27,1,18,24,False
8794,2024-04-27,1,19,34,False
8795,2024-04-27,1,20,13,False
8796,2024-04-27,1,21,18,True
8797,2024-04-27,1,22,18,False
8798,2024-04-27,1,23,11,False
8799,2024-04-27,1,24,11,False
8800,2024-04-27,1,25,26,True
8801,2024-04-27,2,1,35,False
8802,2024-04-27,2,2,29,False
8803,2024-04-27,2,3,22,False
8804,2024-04-27,2,4,23,False
8805,2024-04-27,2,5,7,False
8806,2024-04-27,2,6,30,False
8807,2024-04-27,2,7,27,False
8808,2024-04-27,2,8,25,False
8809,2024-04-27,2,9,16,False
8810,2024-04-27,2,10,35,False
8811,2024-04-27,2,11,34,False
8812,2024-04-27,2,12,37,False
8813,2024-04-27,2,13,18,False
8814,2024-04-27,2,14,22,False
8815,2024-04-27,2,15,11,False
8816,2024-04-27,2,16,8,False
8817,2024-04-27,2,17,17,False
8818,2024-04-27,2,18,16,False
8819,2024-04-27,2,19,37,False
8820,2024-04-27,2,20,16,False
8821,2024-04-27,2,21,14,False
8822,2024-04-27,2,22,13,False
8823,2024-04-27,2,23,1,False
8824,2024-04-27,2,24,9,False
8825,2024-04-27,2,25,17,False
8826,2024-04-27,3,1,23,False
8827,2024-04-27,3,2,24,False
8828,2024-04-27,3,3,12,False
8829,2024-04-27,3,4,6,False
8830,2024-04-27,3,5,3,False
8831,2024-04-27,3,6,24,False
8832,2024-04-27,3,7,14,False
8833,2024-04-27,3,8,17,False
8834,2024-04-27,3,9,19,False
8835,2024-04-27,3,10,22,False
8836,2024-04-27,3,11,20,False
8837,2024-04-27,3,12,13,False
8838,2024-04-27,3,13,5,False
8839,2024-04-27,3,14,16,False
8840,2024-04-27,3,15,6,False
8841,2024-04-27,3,16,6,False
8842,2024-04-27,3,17,14,False
8843,2024-04-27,3,18,24,True
8844,2024-04-27,3,19,13,False
8845,2024-04-27,3,20,8,False
8846,2024-04-27,3,21,8,False
8847,2024-04-27,3,22,9,False
8848,2024-04-27,3,23,6,False
8849,2024-04-27,3,24,5,False
8850,2024-04-27,3,25,9,False
8851,2024-04-28,1,1,43,False
8852,2024-04-28,1,2,30,False
8853,2024-04-28,1,3,22,False
8854,2024-04-28,1,4,37,False
8855,2024-04-28,1,5,16,False
8856,2024-04-28,1,6,39,False
8857,2024-04-28,1,7,51,True
8858,2024-04-28,1,8,32,False
8859,2024-04-28,1,9,25,False
8860,2024-04-28,1,10,31,False
8861,2024-04-28,1,11,48,False
8862,2024-04-28,1,12,49,False
8863,2024-04-28,1,13,21,False
8864,2024-04-28,1,14,30,False
8865,2024-04-28,1,15,16,False
8866,2024-04-28,1,16,23,False
8867,2024-04-28,1,17,23,False
8868,2024-04-28,1,18,32,False
8869,2024-04-28,1,19,44,False
8870,2024-04-28,1,20,15,False
8871,2024-04-28,1,21,17,False
8872,2024-04-28,1,22,20,False
8873,2024-04-28,1,23,11,False
8874,2024-04-28,1,24,15,False
8875,2024-04-28,1,25,21,False
8876,2024-04-28,2,1,28,False
8877,2024-04-28,2,2,25,False
8878,2024-04-28,2,3,21,False
8879,2024-04-28,2,4,14,False
8880,2024-04-28,2,5,9,False
8881,2024-04-28,2,6,22,False
8882,2024-04-28,2,7,23,False
8883,2024-04-28,2,8,25,False
8884,2024-04-28,2,9,18,False
8885,2024-04-28,2,10,27,False
8886,2024-04-28,2,11,33,False
8887,2024-04-28,2,12,20,False
8888,2024-04-28,2,13,25,True
8889,2024-04-28,2,14,35,True
8890,2024-04-28,2,15,11,False
8891,2024-04-28,2,16,8,False
8892,2024-04-28,2,17,15,False
8893,2024-04-28,2,18,17,False
8894,2024-04-28,2,19,19,False
8895,2024-04-28,2,20,18,False
8896,2024-04-28,2,21,14,False
8897,2024-04-28,2,22,16,False
8898,2024-04-28,2,23,5,False
8899,2024-04-28,2,24,8,False
8900,2024-04-28,2,25,16,False
8901,2024-04-28,3,1,19,False
8902,2024-04-28,3,2,17,False
8903,2024-04-28,3,3,18,False
8904,2024-04-28,3,4,25,False
8905,2024-04-28,3,5,6,False
8906,2024-04-28,3,6,16,False
8907,2024-04-28,3,7,12,False
8908,2024-04-28,3,8,8,False
8909,2024-04-28,3,9,10,False
8910,2024-04-28,3,10,16,False
8911,2024-04-28,3,11,17,False
8912,2024-04-28,3,12,15,False
8913,2024-04-28,3,13,14,False
8914,2024-04-28,3,14,13,False
8915,2024-04-28,3,15,4,False
8916,2024-04-28,3,16,7,False
8917,2024-04-28,3,17,17,True
8918,2024-04-28,3,18,9,False
8919,2024-04-28,3,19,12,False
8920,2024-04-28,3,20,5,False
8921,2024-04-28,3,21,8,False
8922,2024-04-28,3,22,9,False
8923,2024-04-28,3,23,8,False
8924,2024-04-28,3,24,9,True
8925,2024-04-28,3,25,8,False
8926,2024-04-29,1,1,35,False
8927,2024-04-29,1,2,37,False
8928,2024-04-29,1,3,32,False
8929,2024-04-29,1,4,29,False
8930,2024-04-29,1,5,11,False
8931,2024-04-29,1,6,29,False
8932,2024-04-29,1,7,24,False
8933,2024-04-29,1,8,27,False
8934,2024-04-29,1,9,19,False
8935,2024-04-29,1,10,44,False
8936,2024-04-29,1,11,43,False
8937,2024-04-29,1,12,26,False
8938,2024-04-29,1,13,17,False
8939,2024-04-29,1,14,17,False
8940,2024-04-29,1,15,13,False
8941,2024-04-29,1,16,8,False
8942,2024-04-29,1,17,23,False
8943,2024-04-29,1,18,20,False
8944,2024-04-29,1,19,22,False
8945,2024-04-29,1,20,16,False
8946,2024-04-29,1,21,28,True
8947,2024-04-29,1,22,19,False
8948,2024-04-29,1,23,3,False
8949,2024-04-29,1,24,13,False
8950,2024-04-29,1,25,14,False
8951,2024-04-29,2,1,26,False
8952,2024-04-29,2,2,18,False
8953,2024-04-29,2,3,15,False
8954,2024-04-29,2,4,20,False
8955,2024-04-29,2,5,15,False
8956,2024-04-29,2,6,20,False
8957,2024-04-29,2,7,21,False
8958,2024-04-29,2,8,20,False
8959,2024-04-29,2,9,15,False
8960,2024-04-29,2,10,19,False
8961,2024-04-29,2,11,34,True
8962,2024-04-29,2,12,17,False
8963,2024-04-29,2,13,9,False
8964,2024-04-29,2,14,22,False
8965,2024-04-29,2,15,11,False
8966,2024-04-29,2,16,1,False
8967,2024-04-29,2,17,19,False
8968,2024-04-29,2,18,26,True
8969,2024-04-29,2,19,21,False
8970,2024-04-29,2,20,8,False
8971,2024-04-29,2,21,6,False
8972,2024-04-29,2,22,5,False
8973,2024-04-29,2,23,6,False
8974,2024-04-29,2,24,12,True
8975,2024-04-29,2,25,10,False
8976,2024-04-29,3,1,12,False
8977,2024-04-29,3,2,6,False
8978,2024-04-29,3,3,12,False
8979,2024-04-29,3,4,15,False
8980,2024-04-29,3,5,7,False
8981,2024-04-29,3,6,10,False
8982,2024-04-29,3,7,14,False
8983,2024-04-29,3,8,7,False
8984,2024-04-29,3,9,4,False
8985,2024-04-29,3,10,21,False
8986,2024-04-29,3,11,18,False
8987,2024-04-29,3,12,5,False
8988,2024-04-29,3,13,2,False
8989,2024-04-29,3,14,12,False
8990,2024-04-29,3,15,4,False
8991,2024-04-29,3,16,9,False
8992,2024-04-29,3,17,8,False
8993,2024-04-29,3,18,10,False
8994,2024-04-29,3,19,9,False
8995,2024-04-29,3,20,8,False
8996,2024-04-29,3,21,6,True
8997,2024-04-29,3,22,7,False
8998,2024-04-29,3,23,5,False
8999,2024-04-29,3,24,4,False
9000,2024-04-29,3,25,5,False
9001,2024-04-30,1,1,33,False
9002,2024-04-30,1,2,30,False
9003,2024-04-30,1,3,18,False
9004,2024-04-30,1,4,33,False
9005,2024-04-30,1,5,25,True
9006,2024-04-30,1,6,26,False
9007,2024-04-30,1,7,31,False
9008,2024-04-30,1,8,31,False
9009,2024-04-30,1,9,22,False
9010,2024-04-30,1,10,34,False
9011,2024-04-30,1,11,47,False
9012,2024-04-30,1,12,38,False
9013,2024-04-30,1,13,13,False
9014,2024-04-30,1,14,30,False
9015,2024-04-30,1,15,13,False
9016,2024-04-30,1,16,10,False
9017,2024-04-30,1,17,20,False
9018,2024-04-30,1,18,42,True
9019,2024-04-30,1,19,28,False
9020,2024-04-30,1,20,18,False
9021,2024-04-30,1,21,11,False
9022,2024-04-30,1,22,11,False
9023,2024-04-30,1,23,13,False
9024,2024-04-30,1,24,4,False
9025,2024-04-30,1,25,15,False
9026,2024-04-30,2,1,22,False
9027,2024-04-30,2,2,15,False
9028,2024-04-30,2,3,21,False
9029,2024-04-30,2,4,22,False
9030,2024-04-30,2,5,4,False
9031,2024-04-30,2,6,28,False
9032,2024-04-30,2,7,11,False
9033,2024-04-30,2,8,17,False
9034,2024-04-30,2,9,10,False
9035,2024-04-30,2,10,20,False
9036,2024-04-30,2,11,20,False
9037,2024-04-30,2,12,24,False
9038,2024-04-30,2,13,9,False
9039,2024-04-30,2,14,14,False
9040,2024-04-30,2,15,8,True
9041,2024-04-30,2,16,10,False
9042,2024-04-30,2,17,16,False
9043,2024-04-30,2,18,22,False
9044,2024-04-30,2,19,20,False
9045,2024-04-30,2,20,13,False
9046,2024-04-30,2,21,9,False
9047,2024-04-30,2,22,9,False
9048,2024-04-30,2,23,5,False
9049,2024-04-30,2,24,10,False
9050,2024-04-30,2,25,9,False
9051,2024-04-30,3,1,20,False
9052,2024-04-30,3,2,14,False
9053,2024-04-30,3,3,10,False
9054,2024-04-30,3,4,11,False
9055,2024-04-30,3,5,6,False
9056,2024-04-30,3,6,11,False
9057,2024-04-30,3,7,9,False
9058,2024-04-30,3,8,8,False
9059,2024-04-30,3,9,8,False
9060,2024-04-30,3,10,10,False
9061,2024-04-30,3,11,14,False
9062,2024-04-30,3,12,17,False
9063,2024-04-30,3,13,17,True
9064,2024-04-30,3,14,8,False
9065,2024-04-30,3,15,7,False
9066,2024-04-30,3,16,2,False
9067,2024-04-30,3,17,7,False
9068,2024-04-30,3,18,6,False
9069,2024-04-30,3,19,6,False
9070,2024-04-30,3,20,10,False
9071,2024-04-30,3,21,5,False
9072,2024-04-30,3,22,1,False
9073,2024-04-30,3,23,0,False
9074,2024-04-30,3,24,8,False
9075,2024-04-30,3,25,13,False
9076,2024-05-01,1,1,43,False
9077,2024-05-01,1,2,20,False
9078,2024-05-01,1,3,20,False
9079,2024-05-01,1,4,27,False
9080,2024-05-01,1,5,17,False
9081,2024-05-01,1,6,47,False
9082,2024-05-01,1,7,27,False
9083,2024-05-01,1,8,29,False
9084,2024-05-01,1,9,26,False
9085,2024-05-01,1,10,35,False
9086,2024-05-01,1,11,26,False
9087,2024-05-01,1,12,25,False
9088,2024-05-01,1,13,23,False
9089,2024-05-01,1,14,21,False
9090,2024-05-01,1,15,13,False
9091,2024-05-01,1,16,5,False
9092,2024-05-01,1,17,17,False
9093,2024-05-01,1,18,13,False
9094,2024-05-01,1,19,17,False
9095,2024-05-01,1,20,13,False
9096,2024-05-01,1,21,20,False
9097,2024-05-01,1,22,18,False
9098,2024-05-01,1,23,14,False
9099,2024-05-01,1,24,8,False
9100,2024-05-01,1,25,15,False
9101,2024-05-01,2,1,24,False
9102,2024-05-01,2,2,31,False
9103,2024-05-01,2,3,18,False
9104,2024-05-01,2,4,20,False
9105,2024-05-01,2,5,16,False
9106,2024-05-01,2,6,24,False
9107,2024-05-01,2,7,20,False
9108,2024-05-01,2,8,28,False
9109,2024-05-01,2,9,19,False
9110,2024-05-01,2,10,20,False
9111,2024-05-01,2,11,29,False
9112,2024-05-01,2,12,29,False
9113,2024-05-01,2,13,8,False
9114,2024-05-01,2,14,20,False
9115,2024-05-01,2,15,12,False
9116,2024-05-01,2,16,4,False
9117,2024-05-01,2,17,14,False
9118,2024-05-01,2,18,14,False
9119,2024-05-01,2,19,17,False
9120,2024-05-01,2,20,4,False
9121,2024-05-01,2,21,12,False
9122,2024-05-01,2,22,13,False
9123,2024-05-01,2,23,15,False
9124,2024-05-01,2,24,6,False
9125,2024-05-01,2,25,6,False
9126,2024-05-01,3,1,19,False
9127,2024-05-01,3,2,11,False
9128,2024-05-01,3,3,13,False
9129,2024-05-01,3,4,7,False
9130,2024-05-01,3,5,8,False
9131,2024-05-01,3,6,11,False
9132,2024-05-01,3,7,15,False
9133,2024-05-01,3,8,22,True
9134,2024-05-01,3,9,10,False
9135,2024-05-01,3,10,14,False
9136,2024-05-01,3,11,8,False
9137,2024-05-01,3,12,10,False
9138,2024-05-01,3,13,13,False
9139,2024-05-01,3,14,9,False
9140,2024-05-01,3,15,7,False
9141,2024-05-01,3,16,3,False
9142,2024-05-01,3,17,16,False
9143,2024-05-01,3,18,15,False
9144,2024-05-01,3,19,12,False
9145,2024-05-01,3,20,7,False
9146,2024-05-01,3,21,3,False
9147,2024-05-01,3,22,4,False
9148,2024-05-01,3,23,5,False
9149,2024-05-01,3,24,8,False
9150,2024-05-01,3,25,12,False
9151,2024-05-02,1,1,39,False
9152,2024-05-02,1,2,30,False
9153,2024-05-02,1,3,17,False
9154,2024-05-02,1,4,28,False
9155,2024-05-02,1,5,14,False
9156,2024-05-02,1,6,35,False
9157,2024-05-02,1,7,22,False
9158,2024-05-02,1,8,32,False
9159,2024-05-02,1,9,24,False
9160,2024-05-02,1,10,36,False
9161,2024-05-02,1,11,33,False
9162,2024-05-02,1,12,55,True
9163,2024-05-02,1,13,23,False
9164,2024-05-02,1,14,30,False
9165,2024-05-02,1,15,22,False
9166,2024-05-02,1,16,15,False
9167,2024-05-02,1,17,15,False
9168,2024-05-02,1,18,11,False
9169,2024-05-02,1,19,37,True
9170,2024-05-02,1,20,22,False
9171,2024-05-02,1,21,13,False
9172,2024-05-02,1,22,16,False
9173,2024-05-02,1,23,7,False
9174,2024-05-02,1,24,15,False
9175,2024-05-02,1,25,16,False
9176,2024-05-02,2,1,27,False
9177,2024-05-02,2,2,19,False
9178,2024-05-02,2,3,32,True
9179,2024-05-02,2,4,16,False
9180,2024-05-02,2,5,16,False
9181,2024-05-02,2,6,28,False
9182,2024-05-02,2,7,15,False
9183,2024-05-02,2,8,18,False
9184,2024-05-02,2,9,18,True
9185,2024-05-02,2,10,23,False
9186,2024-05-02,2,11,28,False
9187,2024-05-02,2,12,35,False
9188,2024-05-02,2,13,20,False
9189,2024-05-02,2,14,14,False
9190,2024-05-02,2,15,4,False
9191,2024-05-02,2,16,2,False
9192,2024-05-02,2,17,10,False
9193,2024-05-02,2,18,23,False
9194,2024-05-02,2,19,18,False
9195,2024-05-02,2,20,14,False
9196,2024-05-02,2,21,12,False
9197,2024-05-02,2,22,8,False
9198,2024-05-02,2,23,7,False
9199,2024-05-02,2,24,6,False
9200,2024-05-02,2,25,9,False
9201,2024-05-02,3,1,16,False
9202,2024-05-02,3,2,7,False
9203,2024-05-02,3,3,4,False
9204,2024-05-02,3,4,24,False
9205,2024-05-02,3,5,6,False
9206,2024-05-02,3,6,15,False
9207,2024-05-02,3,7,13,False
9208,2024-05-02,3,8,15,False
9209,2024-05-02,3,9,7,False
9210,2024-05-02,3,10,17,False
9211,2024-05-02,3,11,16,False
9212,2024-05-02,3,12,19,False
9213,2024-05-02,3,13,10,False
9214,2024-05-02,3,14,12,False
9215,2024-05-02,3,15,6,False
9216,2024-05-02,3,16,10,False
9217,2024-05-02,3,17,12,False
9218,2024-05-02,3,18,11,False
9219,2024-05-02,3,19,12,False
9220,2024-05-02,3,20,3,False
9221,2024-05-02,3,21,2,False
9222,2024-05-02,3,22,3,False
9223,2024-05-02,3,23,7,False
9224,2024-05-02,3,24,3,False
9225,2024-05-02,3,25,4,False
9226,2024-05-03,1,1,36,False
9227,2024-05-03,1,2,32,False
9228,2024-05-03,1,3,33,True
9229,2024-05-03,1,4,37,False
9230,2024-05-03,1,5,22,False
9231,2024-05-03,1,6,23,False
9232,2024-05-03,1,7,25,False
9233,2024-05-03,1,8,25,False
9234,2024-05-03,1,9,19,False
9235,2024-05-03,1,10,30,False
9236,2024-05-03,1,11,33,False
9237,2024-05-03,1,12,46,True
9238,2024-05-03,1,13,10,False
9239,2024-05-03,1,14,34,False
9240,2024-05-03,1,15,17,False
9241,2024-05-03,1,16,19,True
9242,2024-05-03,1,17,22,False
9243,2024-05-03,1,18,31,True
9244,2024-05-03,1,19,52,True
9245,2024-05-03,1,20,20,False
9246,2024-05-03,1,21,15,True
9247,2024-05-03,1,22,21,False
9248,2024-05-03,1,23,14,False
9249,2024-05-03,1,24,6,False
9250,2024-05-03,1,25,22,True
9251,2024-05-03,2,1,28,False
9252,2024-05-03,2,2,16,False
9253,2024-05-03,2,3,24,True
9254,2024-05-03,2,4,18,False
9255,2024-05-03,2,5,10,False
9256,2024-05-03,2,6,22,False
9257,2024-05-03,2,7,23,True
9258,2024-05-03,2,8,23,False
9259,2024-05-03,2,9,15,False
9260,2024-05-03,2,10,12,False
9261,2024-05-03,2,11,22,False
9262,2024-05-03,2,12,22,False
9263,2024-05-03,2,13,12,False
9264,2024-05-03,2,14,10,False
9265,2024-05-03,2,15,12,False
9266,2024-05-03,2,16,9,False
9267,2024-05-03,2,17,5,False
9268,2024-05-03,2,18,16,False
9269,2024-05-03,2,19,15,False
9270,2024-05-03,2,20,9,False
9271,2024-05-03,2,21,12,False
9272,2024-05-03,2,22,5,False
9273,2024-05-03,2,23,13,False
9274,2024-05-03,2,24,10,False
9275,2024-05-03,2,25,17,False
9276,2024-05-03,3,1,13,False
9277,2024-05-03,3,2,14,False
9278,2024-05-03,3,3,2,False
9279,2024-05-03,3,4,17,False
9280,2024-05-03,3,5,13,False
9281,2024-05-03,3,6,11,False
9282,2024-05-03,3,7,9,False
9283,2024-05-03,3,8,12,False
9284,2024-05-03,3,9,10,False
9285,2024-05-03,3,10,17,False
9286,2024-05-03,3,11,9,False
9287,2024-05-03,3,12,19,False
9288,2024-05-03,3,13,6,False
9289,2024-05-03,3,14,4,False
9290,2024-05-03,3,15,3,False
9291,2024-05-03,3,16,5,False
9292,2024-05-03,3,17,4,False
9293,2024-05-03,3,18,8,False
9294,2024-05-03,3,19,4,False
9295,2024-05-03,3,20,5,False
9296,2024-05-03,3,21,2,False
9297,2024-05-03,3,22,9,False
9298,2024-05-03,3,23,2,False
9299,2024-05-03,3,24,2,False
9300,2024-05-03,3,25,8,False
9301,2024-05-04,1,1,49,False
9302,2024-05-04,1,2,27,False
9303,2024-05-04,1,3,32,False
9304,2024-05-04,1,4,44,False
9305,2024-05-04,1,5,14,False
9306,2024-05-04,1,6,38,False
9307,2024-05-04,1,7,33,False
9308,2024-05-04,1,8,27,False
9309,2024-05-04,1,9,27,False
9310,2024-05-04,1,10,52,False
9311,2024-05-04,1,11,37,False
9312,2024-05-04,1,12,38,False
9313,2024-05-04,1,13,19,False
9314,2024-05-04,1,14,34,False
9315,2024-05-04,1,15,15,False
9316,2024-05-04,1,16,16,False
9317,2024-05-04,1,17,28,False
9318,2024-05-04,1,18,23,False
9319,2024-05-04,1,19,35,False
9320,2024-05-04,1,20,22,False
9321,2024-05-04,1,21,17,False
9322,2024-05-04,1,22,19,False
9323,2024-05-04,1,23,18,False
9324,2024-05-04,1,24,18,False
9325,2024-05-04,1,25,17,False
9326,2024-05-04,2,1,29,False
9327,2024-05-04,2,2,21,False
9328,2024-05-04,2,3,22,False
9329,2024-05-04,2,4,41,False
9330,2024-05-04,2,5,6,False
9331,2024-05-04,2,6,26,False
9332,2024-05-04,2,7,13,False
9333,2024-05-04,2,8,23,False
9334,2024-05-04,2,9,15,False
9335,2024-05-04,2,10,29,False
9336,2024-05-04,2,11,30,False
9337,2024-05-04,2,12,24,False
9338,2024-05-04,2,13,18,False
9339,2024-05-04,2,14,19,False
9340,2024-05-04,2,15,10,False
9341,2024-05-04,2,16,9,False
9342,2024-05-04,2,17,22,False
9343,2024-05-04,2,18,18,False
9344,2024-05-04,2,19,18,False
9345,2024-05-04,2,20,14,False
9346,2024-05-04,2,21,17,False
9347,2024-05-04,2,22,14,False
9348,2024-05-04,2,23,6,False
9349,2024-05-04,2,24,7,False
9350,2024-05-04,2,25,18,False
9351,2024-05-04,3,1,26,False
9352,2024-05-04,3,2,14,False
9353,2024-05-04,3,3,6,False
9354,2024-05-04,3,4,21,False
9355,2024-05-04,3,5,8,False
9356,2024-05-04,3,6,12,False
9357,2024-05-04,3,7,11,False
9358,2024-05-04,3,8,14,False
9359,2024-05-04,3,9,9,False
9360,2024-05-04,3,10,16,False
9361,2024-05-04,3,11,17,False
9362,2024-05-04,3,12,24,False
9363,2024-05-04,3,13,11,False
9364,2024-05-04,3,14,11,False
9365,2024-05-04,3,15,8,False
9366,2024-05-04,3,16,13,False
9367,2024-05-04,3,17,11,False
9368,2024-05-04,3,18,15,False
9369,2024-05-04,3,19,18,False
9370,2024-05-04,3,20,10,False
9371,2024-05-04,3,21,11,False
9372,2024-05-04,3,22,4,False
9373,2024-05-04,3,23,9,False
9374,2024-05-04,3,24,0,False
9375,2024-05-04,3,25,7,False
9376,2024-05-05,1,1,52,False
9377,2024-05-05,1,2,36,False
9378,2024-05-05,1,3,33,False
9379,2024-05-05,1,4,35,False
9380,2024-05-05,1,5,29,False
9381,2024-05-05,1,6,43,False
9382,2024-05-05,1,7,36,False
9383,2024-05-05,1,8,39,False
9384,2024-05-05,1,9,25,False
9385,2024-05-05,1,10,43,False
9386,2024-05-05,1,11,60,False
9387,2024-05-05,1,12,42,False
9388,2024-05-05,1,13,21,False
9389,2024-05-05,1,14,35,False
9390,2024-05-05,1,15,18,False
9391,2024-05-05,1,16,21,True
9392,2024-05-05,1,17,37,True
9393,2024-05-05,1,18,20,False
9394,2024-05-05,1,19,23,False
9395,2024-05-05,1,20,17,False
9396,2024-05-05,1,21,16,False
9397,2024-05-05,1,22,16,False
9398,2024-05-05,1,23,14,False
9399,2024-05-05,1,24,19,False
9400,2024-05-05,1,25,22,False
9401,2024-05-05,2,1,27,False
9402,2024-05-05,2,2,26,False
9403,2024-05-05,2,3,19,False
9404,2024-05-05,2,4,22,False
9405,2024-05-05,2,5,9,False
9406,2024-05-05,2,6,24,False
9407,2024-05-05,2,7,17,False
9408,2024-05-05,2,8,16,False
9409,2024-05-05,2,9,11,False
9410,2024-05-05,2,10,32,False
9411,2024-05-05,2,11,30,False
9412,2024-05-05,2,12,28,False
9413,2024-05-05,2,13,19,False
9414,2024-05-05,2,14,46,True
9415,2024-05-05,2,15,12,False
9416,2024-05-05,2,16,17,False
9417,2024-05-05,2,17,21,False
9418,2024-05-05,2,18,17,False
9419,2024-05-05,2,19,26,False
9420,2024-05-05,2,20,11,False
9421,2024-05-05,2,21,14,False
9422,2024-05-05,2,22,13,False
9423,2024-05-05,2,23,14,False
9424,2024-05-05,2,24,6,False
9425,2024-05-05,2,25,9,False
9426,2024-05-05,3,1,15,False
9427,2024-05-05,3,2,26,True
9428,2024-05-05,3,3,5,False
9429,2024-05-05,3,4,25,True
9430,2024-05-05,3,5,9,True
9431,2024-05-05,3,6,8,False
9432,2024-05-05,3,7,10,False
9433,2024-05-05,3,8,22,False
9434,2024-05-05,3,9,12,False
9435,2024-05-05,3,10,11,False
9436,2024-05-05,3,11,12,False
9437,2024-05-05,3,12,22,False
9438,2024-05-05,3,13,8,False
9439,2024-05-05,3,14,14,False
9440,2024-05-05,3,15,8,False
9441,2024-05-05,3,16,10,False
9442,2024-05-05,3,17,9,False
9443,2024-05-05,3,18,10,False
9444,2024-05-05,3,19,14,False
9445,2024-05-05,3,20,8,False
9446,2024-05-05,3,21,6,False
9447,2024-05-05,3,22,6,True
9448,2024-05-05,3,23,1,False
9449,2024-05-05,3,24,3,False
9450,2024-05-05,3,25,4,False
9451,2024-05-06,1,1,46,False
9452,2024-05-06,1,2,21,False
9453,2024-05-06,1,3,12,False
9454,2024-05-06,1,4,23,False
9455,2024-05-06,1,5,14,False
9456,2024-05-06,1,6,30,False
9457,2024-05-06,1,7,32,False
9458,2024-05-06,1,8,24,False
9459,2024-05-06,1,9,26,False
9460,2024-05-06,1,10,46,False
9461,2024-05-06,1,11,48,False
9462,2024-05-06,1,12,30,False
9463,2024-05-06,1,13,23,False
9464,2024-05-06,1,14,22,False
9465,2024-05-06,1,15,20,False
9466,2024-05-06,1,16,10,False
9467,2024-05-06,1,17,26,False
9468,2024-05-06,1,18,24,False
9469,2024-05-06,1,19,23,False
9470,2024-05-06,1,20,17,False
9471,2024-05-06,1,21,11,True
9472,2024-05-06,1,22,8,False
9473,2024-05-06,1,23,15,False
9474,2024-05-06,1,24,8,False
9475,2024-05-06,1,25,8,False
9476,2024-05-06,2,1,19,False
9477,2024-05-06,2,2,18,False
9478,2024-05-06,2,3,9,False
9479,2024-05-06,2,4,23,False
9480,2024-05-06,2,5,12,False
9481,2024-05-06,2,6,24,False
9482,2024-05-06,2,7,24,False
9483,2024-05-06,2,8,38,True
9484,2024-05-06,2,9,17,False
9485,2024-05-06,2,10,20,False
9486,2024-05-06,2,11,23,False
9487,2024-05-06,2,12,23,False
9488,2024-05-06,2,13,14,False
9489,2024-05-06,2,14,15,False
9490,2024-05-06,2,15,12,False
9491,2024-05-06,2,16,14,False
9492,2024-05-06,2,17,17,False
9493,2024-05-06,2,18,31,False
9494,2024-05-06,2,19,15,False
9495,2024-05-06,2,20,11,False
9496,2024-05-06,2,21,7,False
9497,2024-05-06,2,22,6,False
9498,2024-05-06,2,23,3,False
9499,2024-05-06,2,24,7,False
9500,2024-05-06,2,25,9,False
9501,2024-05-06,3,1,14,False
9502,2024-05-06,3,2,11,False
9503,2024-05-06,3,3,8,False
9504,2024-05-06,3,4,11,False
9505,2024-05-06,3,5,3,False
9506,2024-05-06,3,6,11,False
9507,2024-05-06,3,7,20,False
9508,2024-05-06,3,8,9,False
9509,2024-05-06,3,9,7,False
9510,2024-05-06,3,10,15,False
9511,2024-05-06,3,11,16,False
9512,2024-05-06,3,12,9,False
9513,2024-05-06,3,13,9,False
9514,2024-05-06,3,14,11,False
9515,2024-05-06,3,15,8,False
9516,2024-05-06,3,16,7,False
9517,2024-05-06,3,17,13,False
9518,2024-05-06,3,18,4,False
9519,2024-05-06,3,19,11,False
9520,2024-05-06,3,20,1,False
9521,2024-05-06,3,21,9,False
9522,2024-05-06,3,22,5,False
9523,2024-05-06,3,23,5,False
9524,2024-05-06,3,24,2,False
9525,2024-05-06,3,25,7,False
9526,2024-05-07,1,1,38,False
9527,2024-05-07,1,2,23,False
9528,2024-05-07,1,3,32,False
9529,2024-05-07,1,4,31,False
9530,2024-05-07,1,5,12,False
9531,2024-05-07,1,6,26,False
9532,2024-05-07,1,7,25,False
9533,2024-05-07,1,8,23,False
9534,2024-05-07,1,9,26,False
9535,2024-05-07,1,10,34,False
9536,2024-05-07,1,11,37,False
9537,2024-05-07,1,12,33,False
9538,2024-05-07,1,13,12,False
9539,2024-05-07,1,14,17,False
9540,2024-05-07,1,15,13,False
9541,2024-05-07,1,16,21,False
9542,2024-05-07,1,17,28,False
9543,2024-05-07,1,18,44,True
9544,2024-05-07,1,19,34,False
9545,2024-05-07,1,20,19,False
9546,2024-05-07,1,21,13,False
9547,2024-05-07,1,22,16,False
9548,2024-05-07,1,23,15,True
9549,2024-05-07,1,24,10,False
9550,2024-05-07,1,25,12,False
9551,2024-05-07,2,1,25,False
9552,2024-05-07,2,2,16,False
9553,2024-05-07,2,3,15,False
9554,2024-05-07,2,4,19,False
9555,2024-05-07,2,5,9,True
9556,2024-05-07,2,6,13,False
9557,2024-05-07,2,7,25,False
9558,2024-05-07,2,8,23,False
9559,2024-05-07,2,9,8,False
9560,2024-05-07,2,10,29,False
9561,2024-05-07,2,11,13,False
9562,2024-05-07,2,12,8,False
9563,2024-05-07,2,13,7,False
9564,2024-05-07,2,14,17,False
9565,2024-05-07,2,15,9,False
9566,2024-05-07,2,16,2,False
9567,2024-05-07,2,17,15,False
9568,2024-05-07,2,18,27,False
9569,2024-05-07,2,19,21,False
9570,2024-05-07,2,20,4,False
9571,2024-05-07,2,21,13,False
9572,2024-05-07,2,22,6,False
9573,2024-05-07,2,23,9,False
9574,2024-05-07,2,24,8,False
9575,2024-05-07,2,25,16,False
9576,2024-05-07,3,1,21,False
9577,2024-05-07,3,2,12,False
9578,2024-05-07,3,3,12,False
9579,2024-05-07,3,4,16,True
9580,2024-05-07,3,5,15,False
9581,2024-05-07,3,6,19,False
9582,2024-05-07,3,7,10,False
9583,2024-05-07,3,8,8,False
9584,2024-05-07,3,9,10,False
9585,2024-05-07,3,10,20,False
9586,2024-05-07,3,11,14,False
9587,2024-05-07,3,12,14,False
9588,2024-05-07,3,13,5,False
9589,2024-05-07,3,14,11,False
9590,2024-05-07,3,15,4,False
9591,2024-05-07,3,16,5,False
9592,2024-05-07,3,17,11,False
9593,2024-05-07,3,18,12,False
9594,2024-05-07,3,19,8,False
9595,2024-05-07,3,20,9,False
9596,2024-05-07,3,21,3,False
9597,2024-05-07,3,22,8,False
9598,2024-05-07,3,23,8,False
9599,2024-05-07,3,24,6,False
9600,2024-05-07,3,25,9,False
9601,2024-05-08,1,1,35,False
9602,2024-05-08,1,2,24,False
9603,2024-05-08,1,3,21,False
9604,2024-05-08,1,4,22,False
9605,2024-05-08,1,5,10,False
9606,2024-05-08,1,6,34,False
9607,2024-05-08,1,7,34,False
9608,2024-05-08,1,8,23,False
9609,2024-05-08,1,9,19,False
9610,2024-05-08,1,10,32,False
9611,2024-05-08,1,11,38,False
9612,2024-05-08,1,12,32,False
9613,2024-05-08,1,13,17,False
9614,2024-05-08,1,14,19,False
9615,2024-05-08,1,15,11,False
9616,2024-05-08,1,16,8,False
9617,2024-05-08,1,17,27,False
9618,2024-05-08,1,18,33,False
9619,2024-05-08,1,19,35,False
9620,2024-05-08,1,20,12,False
9621,2024-05-08,1,21,14,False
9622,2024-05-08,1,22,8,False
9623,2024-05-08,1,23,5,False
9624,2024-05-08,1,24,9,False
9625,2024-05-08,1,25,17,False
9626,2024-05-08,2,1,33,False
9627,2024-05-08,2,2,17,False
9628,2024-05-08,2,3,23,False
9629,2024-05-08,2,4,14,False
9630,2024-05-08,2,5,15,False
9631,2024-05-08,2,6,17,False
9632,2024-05-08,2,7,20,False
9633,2024-05-08,2,8,24,False
9634,2024-05-08,2,9,14,False
9635,2024-05-08,2,10,24,False
9636,2024-05-08,2,11,21,False
9637,2024-05-08,2,12,26,False
9638,2024-05-08,2,13,12,False
9639,2024-05-08,2,14,16,False
9640,2024-05-08,2,15,3,False
9641,2024-05-08,2,16,6,False
9642,2024-05-08,2,17,16,False
9643,2024-05-08,2,18,23,False
9644,2024-05-08,2,19,15,False
9645,2024-05-08,2,20,21,True
9646,2024-05-08,2,21,10,True
9647,2024-05-08,2,22,15,False
9648,2024-05-08,2,23,8,False
9649,2024-05-08,2,24,8,False
9650,2024-05-08,2,25,11,False
9651,2024-05-08,3,1,10,False
9652,2024-05-08,3,2,15,False
9653,2024-05-08,3,3,12,False
9654,2024-05-08,3,4,15,False
9655,2024-05-08,3,5,9,False
9656,2024-05-08,3,6,14,False
9657,2024-05-08,3,7,9,False
9658,2024-05-08,3,8,20,True
9659,2024-05-08,3,9,9,False
9660,2024-05-08,3,10,10,False
9661,2024-05-08,3,11,18,False
9662,2024-05-08,3,12,13,False
9663,2024-05-08,3,13,8,False
9664,2024-05-08,3,14,9,False
9665,2024-05-08,3,15,8,False
9666,2024-05-08,3,16,4,False
9667,2024-05-08,3,17,8,False
9668,2024-05-08,3,18,8,False
9669,2024-05-08,3,19,7,False
9670,2024-05-08,3,20,10,False
9671,2024-05-08,3,21,3,False
9672,2024-05-08,3,22,8,False
9673,2024-05-08,3,23,7,False
9674,2024-05-08,3,24,7,False
9675,2024-05-08,3,25,3,False
9676,2024-05-09,1,1,35,False
9677,2024-05-09,1,2,28,False
9678,2024-05-09,1,3,26,False
9679,2024-05-09,1,4,32,False
9680,2024-05-09,1,5,16,False
9681,2024-05-09,1,6,27,False
9682,2024-05-09,1,7,20,False
9683,2024-05-09,1,8,23,False
9684,2024-05-09,1,9,20,False
9685,2024-05-09,1,10,40,False
9686,2024-05-09,1,11,35,False
9687,2024-05-09,1,12,33,False
9688,2024-05-09,1,13,11,False
9689,2024-05-09,1,14,20,False
9690,2024-05-09,1,15,17,False
9691,2024-05-09,1,16,12,False
9692,2024-05-09,1,17,27,False
9693,2024-05-09,1,18,25,False
9694,2024-05-09,1,19,28,False
9695,2024-05-09,1,20,30,True
9696,2024-05-09,1,21,13,False
9697,2024-05-09,1,22,14,False
9698,2024-05-09,1,23,11,False
9699,2024-05-09,1,24,3,False
9700,2024-05-09,1,25,9,False
9701,2024-05-09,2,1,27,False
9702,2024-05-09,2,2,15,False
9703,2024-05-09,2,3,14,False
9704,2024-05-09,2,4,19,False
9705,2024-05-09,2,5,8,False
9706,2024-05-09,2,6,20,False
9707,2024-05-09,2,7,20,False
9708,2024-05-09,2,8,17,False
9709,2024-05-09,2,9,5,False
9710,2024-05-09,2,10,28,False
9711,2024-05-09,2,11,35,False
9712,2024-05-09,2,12,24,False
9713,2024-05-09,2,13,12,False
9714,2024-05-09,2,14,24,False
9715,2024-05-09,2,15,13,False
9716,2024-05-09,2,16,12,False
9717,2024-05-09,2,17,15,False
9718,2024-05-09,2,18,11,False
9719,2024-05-09,2,19,34,True
9720,2024-05-09,2,20,8,False
9721,2024-05-09,2,21,11,True
9722,2024-05-09,2,22,15,False
9723,2024-05-09,2,23,9,False
9724,2024-05-09,2,24,4,False
9725,2024-05-09,2,25,8,False
9726,2024-05-09,3,1,23,False
9727,2024-05-09,3,2,10,False
9728,2024-05-09,3,3,9,False
9729,2024-05-09,3,4,15,False
9730,2024-05-09,3,5,8,False
9731,2024-05-09,3,6,10,False
9732,2024-05-09,3,7,12,False
9733,2024-05-09,3,8,16,False
9734,2024-05-09,3,9,5,False
9735,2024-05-09,3,10,11,False
9736,2024-05-09,3,11,18,False
9737,2024-05-09,3,12,8,False
9738,2024-05-09,3,13,4,False
9739,2024-05-09,3,14,10,False
9740,2024-05-09,3,15,5,False
9741,2024-05-09,3,16,4,False
9742,2024-05-09,3,17,7,False
9743,2024-05-09,3,18,12,False
9744,2024-05-09,3,19,11,False
9745,2024-05-09,3,20,5,False
9746,2024-05-09,3,21,7,False
9747,2024-05-09,3,22,6,False
9748,2024-05-09,3,23,6,False
9749,2024-05-09,3,24,3,False
9750,2024-05-09,3,25,6,False
9751,2024-05-10,1,1,31,False
9752,2024-05-10,1,2,30,False
9753,2024-05-10,1,3,20,False
9754,2024-05-10,1,4,23,False
9755,2024-05-10,1,5,16,False
9756,2024-05-10,1,6,44,True
9757,2024-05-10,1,7,24,False
9758,2024-05-10,1,8,32,False
9759,2024-05-10,1,9,13,False
9760,2024-05-10,1,10,30,False
9761,2024-05-10,1,11,31,False
9762,2024-05-10,1,12,34,False
9763,2024-05-10,1,13,23,False
9764,2024-05-10,1,14,30,False
9765,2024-05-10,1,15,15,False
9766,2024-05-10,1,16,14,False
9767,2024-05-10,1,17,28,False
9768,2024-05-10,1,18,19,False
9769,2024-05-10,1,19,31,False
9770,2024-05-10,1,20,8,False
9771,2024-05-10,1,21,13,True
9772,2024-05-10,1,22,23,False
9773,2024-05-10,1,23,9,False
9774,2024-05-10,1,24,13,False
9775,2024-05-10,1,25,12,False
9776,2024-05-10,2,1,28,False
9777,2024-05-10,2,2,24,False
9778,2024-05-10,2,3,19,False
9779,2024-05-10,2,4,21,False
9780,2024-05-10,2,5,9,False
9781,2024-05-10,2,6,24,False
9782,2024-05-10,2,7,14,False
9783,2024-05-10,2,8,19,False
9784,2024-05-10,2,9,16,False
9785,2024-05-10,2,10,25,False
9786,2024-05-10,2,11,27,False
9787,2024-05-10,2,12,20,False
9788,2024-05-10,2,13,9,False
9789,2024-05-10,2,14,19,False
9790,2024-05-10,2,15,13,False
9791,2024-05-10,2,16,17,False
9792,2024-05-10,2,17,10,False
9793,2024-05-10,2,18,24,False
9794,2024-05-10,2,19,17,False
9795,2024-05-10,2,20,18,False
9796,2024-05-10,2,21,9,False
9797,2024-05-10,2,22,8,False
9798,2024-05-10,2,23,13,False
9799,2024-05-10,2,24,13,False
9800,2024-05-10,2,25,13,False
9801,2024-05-10,3,1,8,False
9802,2024-05-10,3,2,14,False
9803,2024-05-10,3,3,10,False
9804,2024-05-10,3,4,14,False
9805,2024-05-10,3,5,8,False
9806,2024-05-10,3,6,22,False
9807,2024-05-10,3,7,12,False
9808,2024-05-10,3,8,9,False
9809,2024-05-10,3,9,12,False
9810,2024-05-10,3,10,15,False
9811,2024-05-10,3,11,20,False
9812,2024-05-10,3,12,15,False
9813,2024-05-10,3,13,14,False
9814,2024-05-10,3,14,9,False
9815,2024-05-10,3,15,5,False
9816,2024-05-10,3,16,8,False
9817,2024-05-10,3,17,8,False
9818,2024-05-10,3,18,12,False
9819,2024-05-10,3,19,12,False
9820,2024-05-10,3,20,8,False
9821,2024-05-10,3,21,6,False
9822,2024-05-10,3,22,6,False
9823,2024-05-10,3,23,4,False
9824,2024-05-10,3,24,4,False
9825,2024-05-10,3,25,3,False
9826,2024-05-11,1,1,56,True
9827,2024-05-11,1,2,31,False
9828,2024-05-11,1,3,23,False
9829,2024-05-11,1,4,27,False
9830,2024-05-11,1,5,18,False
9831,2024-05-11,1,6,35,False
9832,2024-05-11,1,7,29,False
9833,2024-05-11,1,8,48,False
9834,2024-05-11,1,9,26,False
9835,2024-05-11,1,10,45,False
9836,2024-05-11,1,11,32,False
9837,2024-05-11,1,12,43,False
9838,2024-05-11,1,13,18,False
9839,2024-05-11,1,14,32,False
9840,2024-05-11,1,15,20,False
9841,2024-05-11,1,16,16,False
9842,2024-05-11,1,17,29,False
9843,2024-05-11,1,18,31,False
9844,2024-05-11,1,19,28,False
9845,2024-05-11,1,20,25,False
9846,2024-05-11,1,21,22,False
9847,2024-05-11,1,22,13,False
9848,2024-05-11,1,23,11,False
9849,2024-05-11,1,24,15,False
9850,2024-05-11,1,25,28,False
9851,2024-05-11,2,1,32,False
9852,2024-05-11,2,2,21,False
9853,2024-05-11,2,3,11,False
9854,2024-05-11,2,4,23,False
9855,2024-05-11,2,5,18,False
9856,2024-05-11,2,6,23,False
9857,2024-05-11,2,7,22,False
9858,2024-05-11,2,8,23,False
9859,2024-05-11,2,9,20,False
9860,2024-05-11,2,10,35,False
9861,2024-05-11,2,11,55,True
9862,2024-05-11,2,12,26,False
9863,2024-05-11,2,13,20,False
9864,2024-05-11,2,14,21,False
9865,2024-05-11,2,15,12,False
9866,2024-05-11,2,16,17,False
9867,2024-05-11,2,17,16,False
9868,2024-05-11,2,18,20,True
9869,2024-05-11,2,19,18,False
9870,2024-05-11,2,20,14,False
9871,2024-05-11,2,21,5,False
9872,2024-05-11,2,22,6,False
9873,2024-05-11,2,23,11,False
9874,2024-05-11,2,24,16,False
9875,2024-05-11,2,25,11,False
9876,2024-05-11,3,1,14,False
9877,2024-05-11,3,2,16,False
9878,2024-05-11,3,3,8,False
9879,2024-05-11,3,4,19,False
9880,2024-05-11,3,5,5,False
9881,2024-05-11,3,6,13,False
9882,2024-05-11,3,7,14,False
9883,2024-05-11,3,8,11,False
9884,2024-05-11,3,9,8,False
9885,2024-05-11,3,10,17,False
9886,2024-05-11,3,11,13,False
9887,2024-05-11,3,12,18,False
9888,2024-05-11,3,13,8,False
9889,2024-05-11,3,14,14,False
9890,2024-05-11,3,15,9,False
9891,2024-05-11,3,16,8,False
9892,2024-05-11,3,17,16,False
9893,2024-05-11,3,18,16,False
9894,2024-05-11,3,19,19,False
9895,2024-05-11,3,20,12,False
9896,2024-05-11,3,21,3,False
9897,2024-05-11,3,22,7,False
9898,2024-05-11,3,23,1,False
9899,2024-05-11,3,24,6,False
9900,2024-05-11,3,25,12,False
9901,2024-05-12,1,1,85,True
9902,2024-05-12,1,2,35,False
9903,2024-05-12,1,3,24,False
9904,2024-05-12,1,4,27,False
9905,2024-05-12,1,5,21,False
9906,2024-05-12,1,6,28,False
9907,2024-05-12,1,7,33,False
9908,2024-05-12,1,8,41,False
9909,2024-05-12,1,9,24,False
9910,2024-05-12,1,10,33,False
9911,2024-05-12,1,11,39,False
9912,2024-05-12,1,12,36,False
9913,2024-05-12,1,13,26,False
9914,2024-05-12,1,14,53,True
9915,2024-05-12,1,15,16,False
9916,2024-05-12,1,16,16,False
9917,2024-05-12,1,17,28,False
9918,2024-05-12,1,18,30,False
9919,2024-05-12,1,19,21,False
9920,2024-05-12,1,20,25,False
9921,2024-05-12,1,21,16,False
9922,2024-05-12,1,22,28,True
9923,2024-05-12,1,23,22,False
9924,2024-05-12,1,24,13,False
9925,2024-05-12,1,25,13,False
9926,2024-05-12,2,1,37,False
9927,2024-05-12,2,2,28,False
9928,2024-05-12,2,3,14,False
9929,2024-05-12,2,4,22,False
9930,2024-05-12,2,5,20,False
9931,2024-05-12,2,6,22,False
9932,2024-05-12,2,7,22,False
9933,2024-05-12,2,8,25,False
9934,2024-05-12,2,9,22,False
9935,2024-05-12,2,10,37,False
9936,2024-05-12,2,11,24,False
9937,2024-05-12,2,12,21,False
9938,2024-05-12,2,13,18,False
9939,2024-05-12,2,14,20,False
9940,2024-05-12,2,15,22,False
9941,2024-05-12,2,16,9,False
9942,2024-05-12,2,17,24,False
9943,2024-05-12,2,18,16,False
9944,2024-05-12,2,19,31,False
9945,2024-05-12,2,20,17,False
9946,2024-05-12,2,21,10,True
9947,2024-05-12,2,22,18,False
9948,2024-05-12,2,23,9,False
9949,2024-05-12,2,24,9,False
9950,2024-05-12,2,25,12,False
9951,2024-05-12,3,1,15,False
9952,2024-05-12,3,2,12,False
9953,2024-05-12,3,3,13,False
9954,2024-05-12,3,4,21,False
9955,2024-05-12,3,5,4,False
9956,2024-05-12,3,6,20,False
9957,2024-05-12,3,7,16,False
9958,2024-05-12,3,8,14,False
9959,2024-05-12,3,9,12,False
9960,2024-05-12,3,10,19,False
9961,2024-05-12,3,11,17,False
9962,2024-05-12,3,12,19,False
9963,2024-05-12,3,13,13,False
9964,2024-05-12,3,14,17,False
9965,2024-05-12,3,15,7,False
9966,2024-05-12,3,16,12,False
9967,2024-05-12,3,17,18,False
9968,2024-05-12,3,18,9,False
9969,2024-05-12,3,19,17,False
9970,2024-05-12,3,20,10,False
9971,2024-05-12,3,21,7,False
9972,2024-05-12,3,22,11,True
9973,2024-05-12,3,23,1,False
9974,2024-05-12,3,24,1,False
9975,2024-05-12,3,25,11,False
9976,2024-05-13,1,1,67,True
9977,2024-05-13,1,2,29,False
9978,2024-05-13,1,3,18,False
9979,2024-05-13,1,4,31,False
9980,2024-05-13,1,5,21,False
9981,2024-05-13,1,6,29,False
9982,2024-05-13,1,7,18,False
9983,2024-05-13,1,8,27,False
9984,2024-05-13,1,9,25,False
9985,2024-05-13,1,10,30,False
9986,2024-05-13,1,11,62,True
9987,2024-05-13,1,12,36,False
9988,2024-05-13,1,13,16,False
9989,2024-05-13,1,14,28,False
9990,2024-05-13,1,15,10,False
9991,2024-05-13,1,16,16,False
9992,2024-05-13,1,17,23,False
9993,2024-05-13,1,18,21,False
9994,2024-05-13,1,19,43,True
9995,2024-05-13,1,20,18,False
9996,2024-05-13,1,21,18,False
9997,2024-05-13,1,22,9,False
9998,2024-05-13,1,23,1,False
9999,2024-05-13,1,24,1,False
10000,2024-05-13,1,25,14,False
10001,2024-05-13,2,1,28,False
10002,2024-05-13,2,2,14,False
10003,2024-05-13,2,3,13,False
10004,2024-05-13,2,4,31,False
10005,2024-05-13,2,5,5,False
10006,2024-05-13,2,6,18,False
10007,2024-05-13,2,7,21,False
10008,2024-05-13,2,8,18,False
10009,2024-05-13,2,9,12,False
10010,2024-05-13,2,10,43,True
10011,2024-05-13,2,11,18,False
10012,2024-05-13,2,12,30,False
10013,2024-05-13,2,13,15,False
10014,2024-05-13,2,14,19,False
10015,2024-05-13,2,15,13,False
10016,2024-05-13,2,16,6,False
10017,2024-05-13,2,17,9,False
10018,2024-05-13,2,18,12,False
10019,2024-05-13,2,19,19,False
10020,2024-05-13,2,20,12,False
10021,2024-05-13,2,21,9,False
10022,2024-05-13,2,22,6,False
10023,2024-05-13,2,23,7,False
10024,2024-05-13,2,24,8,False
10025,2024-05-13,2,25,2,False
10026,2024-05-13,3,1,14,False
10027,2024-05-13,3,2,10,False
10028,2024-05-13,3,3,9,False
10029,2024-05-13,3,4,14,False
10030,2024-05-13,3,5,11,False
10031,2024-05-13,3,6,12,False
10032,2024-05-13,3,7,8,False
10033,2024-05-13,3,8,14,False
10034,2024-05-13,3,9,9,False
10035,2024-05-13,3,10,10,False
10036,2024-05-13,3,11,8,False
10037,2024-05-13,3,12,16,False
10038,2024-05-13,3,13,10,False
10039,2024-05-13,3,14,11,False
10040,2024-05-13,3,15,8,False
10041,2024-05-13,3,16,7,False
10042,2024-05-13,3,17,7,False
10043,2024-05-13,3,18,5,False
10044,2024-05-13,3,19,8,False
10045,2024-05-13,3,20,8,False
10046,2024-05-13,3,21,5,False
10047,2024-05-13,3,22,9,False
10048,2024-05-13,3,23,2,False
10049,2024-05-13,3,24,4,False
10050,2024-05-13,3,25,6,False
10051,2024-05-14,1,1,26,False
10052,2024-05-14,1,2,21,False
10053,2024-05-14,1,3,22,False
10054,2024-05-14,1,4,28,False
10055,2024-05-14,1,5,22,False
10056,2024-05-14,1,6,24,False
10057,2024-05-14,1,7,29,False
10058,2024-05-14,1,8,29,False
10059,2024-05-14,1,9,23,False
10060,2024-05-14,1,10,38,False
10061,2024-05-14,1,11,35,False
10062,2024-05-14,1,12,22,False
10063,2024-05-14,1,13,19,False
10064,2024-05-14,1,14,23,False
10065,2024-05-14,1,15,17,False
10066,2024-05-14,1,16,8,False
10067,2024-05-14,1,17,25,False
10068,2024-05-14,1,18,19,False
10069,2024-05-14,1,19,28,False
10070,2024-05-14,1,20,15,False
10071,2024-05-14,1,21,10,False
10072,2024-05-14,1,22,14,False
10073,2024-05-14,1,23,6,False
10074,2024-05-14,1,24,7,False
10075,2024-05-14,1,25,24,True
10076,2024-05-14,2,1,43,True
10077,2024-05-14,2,2,16,False
10078,2024-05-14,2,3,26,True
10079,2024-05-14,2,4,29,False
10080,2024-05-14,2,5,6,False
10081,2024-05-14,2,6,19,False
10082,2024-05-14,2,7,32,True
10083,2024-05-14,2,8,29,True
10084,2024-05-14,2,9,20,False
10085,2024-05-14,2,10,28,False
10086,2024-05-14,2,11,28,False
10087,2024-05-14,2,12,25,False
10088,2024-05-14,2,13,18,False
10089,2024-05-14,2,14,9,False
10090,2024-05-14,2,15,7,False
10091,2024-05-14,2,16,15,True
10092,2024-05-14,2,17,18,False
10093,2024-05-14,2,18,21,False
10094,2024-05-14,2,19,15,False
10095,2024-05-14,2,20,10,False
10096,2024-05-14,2,21,5,False
10097,2024-05-14,2,22,6,False
10098,2024-05-14,2,23,15,True
10099,2024-05-14,2,24,3,False
10100,2024-05-14,2,25,7,False
10101,2024-05-14,3,1,18,False
10102,2024-05-14,3,2,13,False
10103,2024-05-14,3,3,8,False
10104,2024-05-14,3,4,14,False
10105,2024-05-14,3,5,5,False
10106,2024-05-14,3,6,8,False
10107,2024-05-14,3,7,15,False
10108,2024-05-14,3,8,9,False
10109,2024-05-14,3,9,6,False
10110,2024-05-14,3,10,16,False
10111,2024-05-14,3,11,11,False
10112,2024-05-14,3,12,19,False
10113,2024-05-14,3,13,10,False
10114,2024-05-14,3,14,8,False
10115,2024-05-14,3,15,12,False
10116,2024-05-14,3,16,6,False
10117,2024-05-14,3,17,9,False
10118,2024-05-14,3,18,11,False
10119,2024-05-14,3,19,5,False
10120,2024-05-14,3,20,11,False
10121,2024-05-14,3,21,6,False
10122,2024-05-14,3,22,11,False
10123,2024-05-14,3,23,2,False
10124,2024-05-14,3,24,4,False
10125,2024-05-14,3,25,2,False
10126,2024-05-15,1,1,38,False
10127,2024-05-15,1,2,28,False
10128,2024-05-15,1,3,21,False
10129,2024-05-15,1,4,36,False
10130,2024-05-15,1,5,28,False
10131,2024-05-15,1,6,36,False
10132,2024-05-15,1,7,19,False
10133,2024-05-15,1,8,28,False
10134,2024-05-15,1,9,25,False
10135,2024-05-15,1,10,38,False
10136,2024-05-15,1,11,52,True
10137,2024-05-15,1,12,30,False
10138,2024-05-15,1,13,13,False
10139,2024-05-15,1,14,19,False
10140,2024-05-15,1,15,16,False
10141,2024-05-15,1,16,13,False
10142,2024-05-15,1,17,23,False
10143,2024-05-15,1,18,24,False
10144,2024-05-15,1,19,29,False
10145,2024-05-15,1,20,5,False
10146,2024-05-15,1,21,24,True
10147,2024-05-15,1,22,20,False
10148,2024-05-15,1,23,12,False
10149,2024-05-15,1,24,9,False
10150,2024-05-15,1,25,12,False
10151,2024-05-15,2,1,28,False
10152,2024-05-15,2,2,14,False
10153,2024-05-15,2,3,12,False
10154,2024-05-15,2,4,14,False
10155,2024-05-15,2,5,14,False
10156,2024-05-15,2,6,7,False
10157,2024-05-15,2,7,22,True
10158,2024-05-15,2,8,23,False
10159,2024-05-15,2,9,13,False
10160,2024-05-15,2,10,14,False
10161,2024-05-15,2,11,26,False
10162,2024-05-15,2,12,22,False
10163,2024-05-15,2,13,8,False
10164,2024-05-15,2,14,17,False
10165,2024-05-15,2,15,9,False
10166,2024-05-15,2,16,14,False
10167,2024-05-15,2,17,13,False
10168,2024-05-15,2,18,22,False
10169,2024-05-15,2,19,42,True
10170,2024-05-15,2,20,11,False
10171,2024-05-15,2,21,7,False
10172,2024-05-15,2,22,12,False
10173,2024-05-15,2,23,13,False
10174,2024-05-15,2,24,5,False
10175,2024-05-15,2,25,6,False
10176,2024-05-15,3,1,15,False
10177,2024-05-15,3,2,9,False
10178,2024-05-15,3,3,2,False
10179,2024-05-15,3,4,15,False
10180,2024-05-15,3,5,6,False
10181,2024-05-15,3,6,14,False
10182,2024-05-15,3,7,11,False
10183,2024-05-15,3,8,12,False
10184,2024-05-15,3,9,9,False
10185,2024-05-15,3,10,10,False
10186,2024-05-15,3,11,12,False
10187,2024-05-15,3,12,14,False
10188,2024-05-15,3,13,7,False
10189,2024-05-15,3,14,13,False
10190,2024-05-15,3,15,9,False
10191,2024-05-15,3,16,2,False
10192,2024-05-15,3,17,13,False
10193,2024-05-15,3,18,12,False
10194,2024-05-15,3,19,5,False
10195,2024-05-15,3,20,13,False
10196,2024-05-15,3,21,2,False
10197,2024-05-15,3,22,4,True
10198,2024-05-15,3,23,0,False
10199,2024-05-15,3,24,4,False
10200,2024-05-15,3,25,3,False
10201,2024-05-16,1,1,38,False
10202,2024-05-16,1,2,27,False
10203,2024-05-16,1,3,16,False
10204,2024-05-16,1,4,41,False
10205,2024-05-16,1,5,17,False
10206,2024-05-16,1,6,30,False
10207,2024-05-16,1,7,29,False
10208,2024-05-16,1,8,29,False
10209,2024-05-16,1,9,21,False
10210,2024-05-16,1,10,36,False
10211,2024-05-16,1,11,36,False
10212,2024-05-16,1,12,43,True
10213,2024-05-16,1,13,13,False
10214,2024-05-16,1,14,25,False
10215,2024-05-16,1,15,15,False
10216,2024-05-16,1,16,7,False
10217,2024-05-16,1,17,17,False
10218,2024-05-16,1,18,18,False
10219,2024-05-16,1,19,32,False
10220,2024-05-16,1,20,20,True
10221,2024-05-16,1,21,15,False
10222,2024-05-16,1,22,19,False
10223,2024-05-16,1,23,5,False
10224,2024-05-16,1,24,10,False
10225,2024-05-16,1,25,14,False
10226,2024-05-16,2,1,19,False
10227,2024-05-16,2,2,16,False
10228,2024-05-16,2,3,18,False
10229,2024-05-16,2,4,24,False
10230,2024-05-16,2,5,12,False
10231,2024-05-16,2,6,25,False
10232,2024-05-16,2,7,14,False
10233,2024-05-16,2,8,20,False
10234,2024-05-16,2,9,12,False
10235,2024-05-16,2,10,25,False
10236,2024-05-16,2,11,25,False
10237,2024-05-16,2,12,25,False
10238,2024-05-16,2,13,12,False
10239,2024-05-16,2,14,13,False
10240,2024-05-16,2,15,12,True
10241,2024-05-16,2,16,4,False
10242,2024-05-16,2,17,14,False
10243,2024-05-16,2,18,23,False
10244,2024-05-16,2,19,16,False
10245,2024-05-16,2,20,11,False
10246,2024-05-16,2,21,11,False
10247,2024-05-16,2,22,6,False
10248,2024-05-16,2,23,4,False
10249,2024-05-16,2,24,8,False
10250,2024-05-16,2,25,6,False
10251,2024-05-16,3,1,19,True
10252,2024-05-16,3,2,11,False
10253,2024-05-16,3,3,14,False
10254,2024-05-16,3,4,9,False
10255,2024-05-16,3,5,7,False
10256,2024-05-16,3,6,17,False
10257,2024-05-16,3,7,11,False
10258,2024-05-16,3,8,6,False
10259,2024-05-16,3,9,5,False
10260,2024-05-16,3,10,12,False
10261,2024-05-16,3,11,19,False
10262,2024-05-16,3,12,11,False
10263,2024-05-16,3,13,5,False
10264,2024-05-16,3,14,9,False
10265,2024-05-16,3,15,7,False
10266,2024-05-16,3,16,6,False
10267,2024-05-16,3,17,12,False
10268,2024-05-16,3,18,6,False
10269,2024-05-16,3,19,18,True
10270,2024-05-16,3,20,3,False
10271,2024-05-16,3,21,6,False
10272,2024-05-16,3,22,10,False
10273,2024-05-16,3,23,3,False
10274,2024-05-16,3,24,5,False
10275,2024-05-16,3,25,4,False
10276,2024-05-17,1,1,48,False
10277,2024-05-17,1,2,22,False
10278,2024-05-17,1,3,16,False
10279,2024-05-17,1,4,28,False
10280,2024-05-17,1,5,18,False
10281,2024-05-17,1,6,42,False
10282,2024-05-17,1,7,34,False
10283,2024-05-17,1,8,23,False
10284,2024-05-17,1,9,20,False
10285,2024-05-17,1,10,30,False
10286,2024-05-17,1,11,33,False
10287,2024-05-17,1,12,35,False
10288,2024-05-17,1,13,19,False
10289,2024-05-17,1,14,28,False
10290,2024-05-17,1,15,17,False
10291,2024-05-17,1,16,15,False
10292,2024-05-17,1,17,21,False
10293,2024-05-17,1,18,14,False
10294,2024-05-17,1,19,30,False
10295,2024-05-17,1,20,18,False
10296,2024-05-17,1,21,10,False
10297,2024-05-17,1,22,14,False
10298,2024-05-17,1,23,7,False
10299,2024-05-17,1,24,12,False
10300,2024-05-17,1,25,15,False
10301,2024-05-17,2,1,36,True
10302,2024-05-17,2,2,22,False
10303,2024-05-17,2,3,29,False
10304,2024-05-17,2,4,15,False
10305,2024-05-17,2,5,7,False
10306,2024-05-17,2,6,13,False
10307,2024-05-17,2,7,22,False
10308,2024-05-17,2,8,21,False
10309,2024-05-17,2,9,16,False
10310,2024-05-17,2,10,22,False
10311,2024-05-17,2,11,29,False
10312,2024-05-17,2,12,22,False
10313,2024-05-17,2,13,11,False
10314,2024-05-17,2,14,30,True
10315,2024-05-17,2,15,16,False
10316,2024-05-17,2,16,11,False
10317,2024-05-17,2,17,25,False
10318,2024-05-17,2,18,9,False
10319,2024-05-17,2,19,17,False
10320,2024-05-17,2,20,9,False
10321,2024-05-17,2,21,14,True
10322,2024-05-17,2,22,12,False
10323,2024-05-17,2,23,12,False
10324,2024-05-17,2,24,8,False
10325,2024-05-17,2,25,12,False
10326,2024-05-17,3,1,16,False
10327,2024-05-17,3,2,10,False
10328,2024-05-17,3,3,6,False
10329,2024-05-17,3,4,8,False
10330,2024-05-17,3,5,4,False
10331,2024-05-17,3,6,11,False
10332,2024-05-17,3,7,9,False
10333,2024-05-17,3,8,12,False
10334,2024-05-17,3,9,2,False
10335,2024-05-17,3,10,20,True
10336,2024-05-17,3,11,10,False
10337,2024-05-17,3,12,19,False
10338,2024-05-17,3,13,6,False
10339,2024-05-17,3,14,7,False
10340,2024-05-17,3,15,6,False
10341,2024-05-17,3,16,4,False
10342,2024-05-17,3,17,8,False
10343,2024-05-17,3,18,12,False
10344,2024-05-17,3,19,11,False
10345,2024-05-17,3,20,5,False
10346,2024-05-17,3,21,3,False
10347,2024-05-17,3,22,5,False
10348,2024-05-17,3,23,5,False
10349,2024-05-17,3,24,3,False
10350,2024-05-17,3,25,7,False
10351,2024-05-18,1,1,39,False
10352,2024-05-18,1,2,28,False
10353,2024-05-18,1,3,23,False
10354,2024-05-18,1,4,36,False
10355,2024-05-18,1,5,20,False
10356,2024-05-18,1,6,56,True
10357,2024-05-18,1,7,31,False
10358,2024-05-18,1,8,49,False
10359,2024-05-18,1,9,25,False
10360,2024-05-18,1,10,36,False
10361,2024-05-18,1,11,34,False
10362,2024-05-18,1,12,37,False
10363,2024-05-18,1,13,24,False
10364,2024-05-18,1,14,30,False
10365,2024-05-18,1,15,16,False
10366,2024-05-18,1,16,6,False
10367,2024-05-18,1,17,25,False
10368,2024-05-18,1,18,19,False
10369,2024-05-18,1,19,36,False
10370,2024-05-18,1,20,25,False
10371,2024-05-18,1,21,14,False
10372,2024-05-18,1,22,22,False
10373,2024-05-18,1,23,15,False
10374,2024-05-18,1,24,5,False
10375,2024-05-18,1,25,11,False
10376,2024-05-18,2,1,41,False
10377,2024-05-18,2,2,18,False
10378,2024-05-18,2,3,22,False
10379,2024-05-18,2,4,20,False
10380,2024-05-18,2,5,18,False
10381,2024-05-18,2,6,36,False
10382,2024-05-18,2,7,28,False
10383,2024-05-18,2,8,40,True
10384,2024-05-18,2,9,31,False
10385,2024-05-18,2,10,32,False
10386,2024-05-18,2,11,37,False
10387,2024-05-18,2,12,26,False
10388,2024-05-18,2,13,22,False
10389,2024-05-18,2,14,25,False
10390,2024-05-18,2,15,15,False
10391,2024-05-18,2,16,11,False
10392,2024-05-18,2,17,21,False
10393,2024-05-18,2,18,21,False
10394,2024-05-18,2,19,22,False
10395,2024-05-18,2,20,11,False
10396,2024-05-18,2,21,12,False
10397,2024-05-18,2,22,16,False
10398,2024-05-18,2,23,5,False
10399,2024-05-18,2,24,7,False
10400,2024-05-18,2,25,12,False
10401,2024-05-18,3,1,27,False
10402,2024-05-18,3,2,21,False
10403,2024-05-18,3,3,9,False
10404,2024-05-18,3,4,9,False
10405,2024-05-18,3,5,9,False
10406,2024-05-18,3,6,19,False
10407,2024-05-18,3,7,25,False
10408,2024-05-18,3,8,11,False
10409,2024-05-18,3,9,8,False
10410,2024-05-18,3,10,19,False
10411,2024-05-18,3,11,15,False
10412,2024-05-18,3,12,18,False
10413,2024-05-18,3,13,5,False
10414,2024-05-18,3,14,17,False
10415,2024-05-18,3,15,6,False
10416,2024-05-18,3,16,9,False
10417,2024-05-18,3,17,7,False
10418,2024-05-18,3,18,8,False
10419,2024-05-18,3,19,12,False
10420,2024-05-18,3,20,8,False
10421,2024-05-18,3,21,7,False
10422,2024-05-18,3,22,4,False
10423,2024-05-18,3,23,9,True
10424,2024-05-18,3,24,3,False
10425,2024-05-18,3,25,11,False
10426,2024-05-19,1,1,48,False
10427,2024-05-19,1,2,29,False
10428,2024-05-19,1,3,27,False
10429,2024-05-19,1,4,35,False
10430,2024-05-19,1,5,21,False
10431,2024-05-19,1,6,58,False
10432,2024-05-19,1,7,31,False
10433,2024-05-19,1,8,33,False
10434,2024-05-19,1,9,33,False
10435,2024-05-19,1,10,41,False
10436,2024-05-19,1,11,41,False
10437,2024-05-19,1,12,37,False
10438,2024-05-19,1,13,28,False
10439,2024-05-19,1,14,36,False
10440,2024-05-19,1,15,22,False
10441,2024-05-19,1,16,19,False
10442,2024-05-19,1,17,28,False
10443,2024-05-19,1,18,24,False
10444,2024-05-19,1,19,31,False
10445,2024-05-19,1,20,16,False
10446,2024-05-19,1,21,14,False
10447,2024-05-19,1,22,14,False
10448,2024-05-19,1,23,11,False
10449,2024-05-19,1,24,10,False
10450,2024-05-19,1,25,13,False
10451,2024-05-19,2,1,27,False
10452,2024-05-19,2,2,17,False
10453,2024-05-19,2,3,19,False
10454,2024-05-19,2,4,31,False
10455,2024-05-19,2,5,17,False
10456,2024-05-19,2,6,39,False
10457,2024-05-19,2,7,17,False
10458,2024-05-19,2,8,18,False
10459,2024-05-19,2,9,18,False
10460,2024-05-19,2,10,29,False
10461,2024-05-19,2,11,27,False
10462,2024-05-19,2,12,29,False
10463,2024-05-19,2,13,18,False
10464,2024-05-19,2,14,13,False
10465,2024-05-19,2,15,14,False
10466,2024-05-19,2,16,9,False
10467,2024-05-19,2,17,14,False
10468,2024-05-19,2,18,25,False
10469,2024-05-19,2,19,26,False
10470,2024-05-19,2,20,9,False
10471,2024-05-19,2,21,11,False
10472,2024-05-19,2,22,13,False
10473,2024-05-19,2,23,12,False
10474,2024-05-19,2,24,16,True
10475,2024-05-19,2,25,10,False
10476,2024-05-19,3,1,26,False
10477,2024-05-19,3,2,10,False
10478,2024-05-19,3,3,10,False
10479,2024-05-19,3,4,28,True
10480,2024-05-19,3,5,10,False
10481,2024-05-19,3,6,11,False
10482,2024-05-19,3,7,18,False
10483,2024-05-19,3,8,13,False
10484,2024-05-19,3,9,6,False
10485,2024-05-19,3,10,21,False
10486,2024-05-19,3,11,20,False
10487,2024-05-19,3,12,13,False
10488,2024-05-19,3,13,13,False
10489,2024-05-19,3,14,13,False
10490,2024-05-19,3,15,11,False
10491,2024-05-19,3,16,12,False
10492,2024-05-19,3,17,18,False
10493,2024-05-19,3,18,8,False
10494,2024-05-19,3,19,7,False
10495,2024-05-19,3,20,15,False
10496,2024-05-19,3,21,4,False
10497,2024-05-19,3,22,6,False
10498,2024-05-19,3,23,5,False
10499,2024-05-19,3,24,7,False
10500,2024-05-19,3,25,11,False
10501,2024-05-20,1,1,37,False
10502,2024-05-20,1,2,14,False
10503,2024-05-20,1,3,13,False
10504,2024-05-20,1,4,28,False
10505,2024-05-20,1,5,21,False
10506,2024-05-20,1,6,38,False
10507,2024-05-20,1,7,21,False
10508,2024-05-20,1,8,30,False
10509,2024-05-20,1,9,20,False
10510,2024-05-20,1,10,36,False
10511,2024-05-20,1,11,27,False
10512,2024-05-20,1,12,31,False
10513,2024-05-20,1,13,19,False
10514,2024-05-20,1,14,28,False
10515,2024-05-20,1,15,15,False
10516,2024-05-20,1,16,14,False
10517,2024-05-20,1,17,16,False
10518,2024-05-20,1,18,25,False
10519,2024-05-20,1,19,23,False
10520,2024-05-20,1,20,20,False
10521,2024-05-20,1,21,12,False
10522,2024-05-20,1,22,11,False
10523,2024-05-20,1,23,9,False
10524,2024-05-20,1,24,12,False
10525,2024-05-20,1,25,15,False
10526,2024-05-20,2,1,25,False
10527,2024-05-20,2,2,29,True
10528,2024-05-20,2,3,26,False
10529,2024-05-20,2,4,26,False
10530,2024-05-20,2,5,24,True
10531,2024-05-20,2,6,37,True
10532,2024-05-20,2,7,23,False
10533,2024-05-20,2,8,37,True
10534,2024-05-20,2,9,20,True
10535,2024-05-20,2,10,31,False
10536,2024-05-20,2,11,26,False
10537,2024-05-20,2,12,15,False
10538,2024-05-20,2,13,14,False
10539,2024-05-20,2,14,20,False
10540,2024-05-20,2,15,13,False
10541,2024-05-20,2,16,8,False
10542,2024-05-20,2,17,16,False
10543,2024-05-20,2,18,10,False
10544,2024-05-20,2,19,12,False
10545,2024-05-20,2,20,6,False
10546,2024-05-20,2,21,13,False
10547,2024-05-20,2,22,8,False
10548,2024-05-20,2,23,11,False
10549,2024-05-20,2,24,12,False
10550,2024-05-20,2,25,19,True
10551,2024-05-20,3,1,12,False
10552,2024-05-20,3,2,12,False
10553,2024-05-20,3,3,7,False
10554,2024-05-20,3,4,9,False
10555,2024-05-20,3,5,6,True
10556,2024-05-20,3,6,12,False
10557,2024-05-20,3,7,16,False
10558,2024-05-20,3,8,14,False
10559,2024-05-20,3,9,11,False
10560,2024-05-20,3,10,3,False
10561,2024-05-20,3,11,13,False
10562,2024-05-20,3,12,7,False
10563,2024-05-20,3,13,6,False
10564,2024-05-20,3,14,16,False
10565,2024-05-20,3,15,3,False
10566,2024-05-20,3,16,4,False
10567,2024-05-20,3,17,8,False
10568,2024-05-20,3,18,6,False
10569,2024-05-20,3,19,15,False
10570,2024-05-20,3,20,8,False
10571,2024-05-20,3,21,6,False
10572,2024-05-20,3,22,6,False
10573,2024-05-20,3,23,5,False
10574,2024-05-20,3,24,2,False
10575,2024-05-20,3,25,4,False
10576,2024-05-21,1,1,24,False
10577,2024-05-21,1,2,28,False
10578,2024-05-21,1,3,23,False
10579,2024-05-21,1,4,32,False
10580,2024-05-21,1,5,16,False
10581,2024-05-21,1,6,36,False
10582,2024-05-21,1,7,26,False
10583,2024-05-21,1,8,26,False
10584,2024-05-21,1,9,13,False
10585,2024-05-21,1,10,35,False
10586,2024-05-21,1,11,45,False
10587,2024-05-21,1,12,37,False
10588,2024-05-21,1,13,16,False
10589,2024-05-21,1,14,33,False
10590,2024-05-21,1,15,16,False
10591,2024-05-21,1,16,9,False
10592,2024-05-21,1,17,26,False
10593,2024-05-21,1,18,17,False
10594,2024-05-21,1,19,23,False
10595,2024-05-21,1,20,12,False
10596,2024-05-21,1,21,21,True
10597,2024-05-21,1,22,10,False
10598,2024-05-21,1,23,13,False
10599,2024-05-21,1,24,7,False
10600,2024-05-21,1,25,15,True
10601,2024-05-21,2,1,29,False
10602,2024-05-21,2,2,25,False
10603,2024-05-21,2,3,13,False
10604,2024-05-21,2,4,22,False
10605,2024-05-21,2,5,29,True
10606,2024-05-21,2,6,23,True
10607,2024-05-21,2,7,19,False
10608,2024-05-21,2,8,25,False
10609,2024-05-21,2,9,23,True
10610,2024-05-21,2,10,25,False
10611,2024-05-21,2,11,25,False
10612,2024-05-21,2,12,16,False
10613,2024-05-21,2,13,11,False
10614,2024-05-21,2,14,22,False
10615,2024-05-21,2,15,12,False
10616,2024-05-21,2,16,10,False
10617,2024-05-21,2,17,30,False
10618,2024-05-21,2,18,14,False
10619,2024-05-21,2,19,16,False
10620,2024-05-21,2,20,15,False
10621,2024-05-21,2,21,10,False
10622,2024-05-21,2,22,10,False
10623,2024-05-21,2,23,5,False
10624,2024-05-21,2,24,8,False
10625,2024-05-21,2,25,13,False
10626,2024-05-21,3,1,17,False
10627,2024-05-21,3,2,13,False
10628,2024-05-21,3,3,9,False
10629,2024-05-21,3,4,13,False
10630,2024-05-21,3,5,5,False
10631,2024-05-21,3,6,14,False
10632,2024-05-21,3,7,6,False
10633,2024-05-21,3,8,8,False
10634,2024-05-21,3,9,8,False
10635,2024-05-21,3,10,23,True
10636,2024-05-21,3,11,12,False
10637,2024-05-21,3,12,11,False
10638,2024-05-21,3,13,14,True
10639,2024-05-21,3,14,11,False
10640,2024-05-21,3,15,9,False
10641,2024-05-21,3,16,7,False
10642,2024-05-21,3,17,7,False
10643,2024-05-21,3,18,3,False
10644,2024-05-21,3,19,14,False
10645,2024-05-21,3,20,7,False
10646,2024-05-21,3,21,1,False
10647,2024-05-21,3,22,4,False
10648,2024-05-21,3,23,1,False
10649,2024-05-21,3,24,4,False
10650,2024-05-21,3,25,6,False
10651,2024-05-22,1,1,59,True
10652,2024-05-22,1,2,27,False
10653,2024-05-22,1,3,24,False
10654,2024-05-22,1,4,52,True
10655,2024-05-22,1,5,21,False
10656,2024-05-22,1,6,22,False
10657,2024-05-22,1,7,31,False
10658,2024-05-22,1,8,30,False
10659,2024-05-22,1,9,16,False
10660,2024-05-22,1,10,31,False
10661,2024-05-22,1,11,33,False
10662,2024-05-22,1,12,32,False
10663,2024-05-22,1,13,13,False
10664,2024-05-22,1,14,26,False
10665,2024-05-22,1,15,20,False
10666,2024-05-22,1,16,20,False
10667,2024-05-22,1,17,13,False
10668,2024-05-22,1,18,26,False
10669,2024-05-22,1,19,42,True
10670,2024-05-22,1,20,11,False
10671,2024-05-22,1,21,10,False
10672,2024-05-22,1,22,15,False
10673,2024-05-22,1,23,12,False
10674,2024-05-22,1,24,9,False
10675,2024-05-22,1,25,18,False
10676,2024-05-22,2,1,22,False
10677,2024-05-22,2,2,21,False
10678,2024-05-22,2,3,14,False
10679,2024-05-22,2,4,23,False
10680,2024-05-22,2,5,21,False
10681,2024-05-22,2,6,16,False
10682,2024-05-22,2,7,16,False
10683,2024-05-22,2,8,20,False
10684,2024-05-22,2,9,17,False
10685,2024-05-22,2,10,24,False
10686,2024-05-22,2,11,27,False
10687,2024-05-22,2,12,25,False
10688,2024-05-22,2,13,9,False
10689,2024-05-22,2,14,10,False
10690,2024-05-22,2,15,9,False
10691,2024-05-22,2,16,7,False
10692,2024-05-22,2,17,17,False
10693,2024-05-22,2,18,17,False
10694,2024-05-22,2,19,16,False
10695,2024-05-22,2,20,6,False
10696,2024-05-22,2,21,10,False
10697,2024-05-22,2,22,7,False
10698,2024-05-22,2,23,9,False
10699,2024-05-22,2,24,9,True
10700,2024-05-22,2,25,12,False
10701,2024-05-22,3,1,21,False
10702,2024-05-22,3,2,14,False
10703,2024-05-22,3,3,8,False
10704,2024-05-22,3,4,12,False
10705,2024-05-22,3,5,17,False
10706,2024-05-22,3,6,19,True
10707,2024-05-22,3,7,8,False
10708,2024-05-22,3,8,13,False
10709,2024-05-22,3,9,9,False
10710,2024-05-22,3,10,10,False
10711,2024-05-22,3,11,24,False
10712,2024-05-22,3,12,10,False
10713,2024-05-22,3,13,10,False
10714,2024-05-22,3,14,9,False
10715,2024-05-22,3,15,5,False
10716,2024-05-22,3,16,6,False
10717,2024-05-22,3,17,4,False
10718,2024-05-22,3,18,12,False
10719,2024-05-22,3,19,18,False
10720,2024-05-22,3,20,9,False
10721,2024-05-22,3,21,4,False
10722,2024-05-22,3,22,10,False
10723,2024-05-22,3,23,6,False
10724,2024-05-22,3,24,1,False
10725,2024-05-22,3,25,5,False
10726,2024-05-23,1,1,35,False
10727,2024-05-23,1,2,37,False
10728,2024-05-23,1,3,25,False
10729,2024-05-23,1,4,23,False
10730,2024-05-23,1,5,11,False
10731,2024-05-23,1,6,33,False
10732,2024-05-23,1,7,24,False
10733,2024-05-23,1,8,32,False
10734,2024-05-23,1,9,17,False
10735,2024-05-23,1,10,35,False
10736,2024-05-23,1,11,41,False
10737,2024-05-23,1,12,32,False
10738,2024-05-23,1,13,24,False
10739,2024-05-23,1,14,30,False
10740,2024-05-23,1,15,18,False
10741,2024-05-23,1,16,11,False
10742,2024-05-23,1,17,21,False
10743,2024-05-23,1,18,20,False
10744,2024-05-23,1,19,22,False
10745,2024-05-23,1,20,15,False
10746,2024-05-23,1,21,13,False
10747,2024-05-23,1,22,14,False
10748,2024-05-23,1,23,16,False
10749,2024-05-23,1,24,18,False
10750,2024-05-23,1,25,20,False
10751,2024-05-23,2,1,28,False
10752,2024-05-23,2,2,15,False
10753,2024-05-23,2,3,10,False
10754,2024-05-23,2,4,14,False
10755,2024-05-23,2,5,11,False
10756,2024-05-23,2,6,18,False
10757,2024-05-23,2,7,13,False
10758,2024-05-23,2,8,24,False
10759,2024-05-23,2,9,19,False
10760,2024-05-23,2,10,22,False
10761,2024-05-23,2,11,20,False
10762,2024-05-23,2,12,22,False
10763,2024-05-23,2,13,15,False
10764,2024-05-23,2,14,17,False
10765,2024-05-23,2,15,15,False
10766,2024-05-23,2,16,9,False
10767,2024-05-23,2,17,18,False
10768,2024-05-23,2,18,19,False
10769,2024-05-23,2,19,33,True
10770,2024-05-23,2,20,4,False
10771,2024-05-23,2,21,9,False
10772,2024-05-23,2,22,8,False
10773,2024-05-23,2,23,12,False
10774,2024-05-23,2,24,7,False
10775,2024-05-23,2,25,11,False
10776,2024-05-23,3,1,15,False
10777,2024-05-23,3,2,6,False
10778,2024-05-23,3,3,4,False
10779,2024-05-23,3,4,15,False
10780,2024-05-23,3,5,2,False
10781,2024-05-23,3,6,19,False
10782,2024-05-23,3,7,12,False
10783,2024-05-23,3,8,11,False
10784,2024-05-23,3,9,7,False
10785,2024-05-23,3,10,13,False
10786,2024-05-23,3,11,12,False
10787,2024-05-23,3,12,21,False
10788,2024-05-23,3,13,11,False
10789,2024-05-23,3,14,7,False
10790,2024-05-23,3,15,9,False
10791,2024-05-23,3,16,10,False
10792,2024-05-23,3,17,7,False
10793,2024-05-23,3,18,6,False
10794,2024-05-23,3,19,16,False
10795,2024-05-23,3,20,7,False
10796,2024-05-23,3,21,3,False
10797,2024-05-23,3,22,1,False
10798,2024-05-23,3,23,3,False
10799,2024-05-23,3,24,5,False
10800,2024-05-23,3,25,7,False
10801,2024-05-24,1,1,36,False
10802,2024-05-24,1,2,25,False
10803,2024-05-24,1,3,23,False
10804,2024-05-24,1,4,27,False
10805,2024-05-24,1,5,15,False
10806,2024-05-24,1,6,32,False
10807,2024-05-24,1,7,20,False
10808,2024-05-24,1,8,24,False
10809,2024-05-24,1,9,16,False
10810,2024-05-24,1,10,56,True
10811,2024-05-24,1,11,39,False
10812,2024-05-24,1,12,28,False
10813,2024-05-24,1,13,16,False
10814,2024-05-24,1,14,33,False
10815,2024-05-24,1,15,13,False
10816,2024-05-24,1,16,11,False
10817,2024-05-24,1,17,20,False
10818,2024-05-24,1,18,34,True
10819,2024-05-24,1,19,29,False
10820,2024-05-24,1,20,17,True
10821,2024-05-24,1,21,12,True
10822,2024-05-24,1,22,19,False
10823,2024-05-24,1,23,14,False
10824,2024-05-24,1,24,10,False
10825,2024-05-24,1,25,20,False
10826,2024-05-24,2,1,29,False
10827,2024-05-24,2,2,22,False
10828,2024-05-24,2,3,16,False
10829,2024-05-24,2,4,30,True
10830,2024-05-24,2,5,8,False
10831,2024-05-24,2,6,16,False
10832,2024-05-24,2,7,16,False
10833,2024-05-24,2,8,22,False
10834,2024-05-24,2,9,11,False
10835,2024-05-24,2,10,23,False
10836,2024-05-24,2,11,45,True
10837,2024-05-24,2,12,29,False
10838,2024-05-24,2,13,16,False
10839,2024-05-24,2,14,13,False
10840,2024-05-24,2,15,15,False
10841,2024-05-24,2,16,6,False
10842,2024-05-24,2,17,12,False
10843,2024-05-24,2,18,21,False
10844,2024-05-24,2,19,19,False
10845,2024-05-24,2,20,8,False
10846,2024-05-24,2,21,9,False
10847,2024-05-24,2,22,5,False
10848,2024-05-24,2,23,9,False
10849,2024-05-24,2,24,7,False
10850,2024-05-24,2,25,12,False
10851,2024-05-24,3,1,10,False
10852,2024-05-24,3,2,17,False
10853,2024-05-24,3,3,9,False
10854,2024-05-24,3,4,10,False
10855,2024-05-24,3,5,10,False
10856,2024-05-24,3,6,14,False
10857,2024-05-24,3,7,12,False
10858,2024-05-24,3,8,15,False
10859,2024-05-24,3,9,14,False
10860,2024-05-24,3,10,18,False
10861,2024-05-24,3,11,14,False
10862,2024-05-24,3,12,11,False
10863,2024-05-24,3,13,4,False
10864,2024-05-24,3,14,10,False
10865,2024-05-24,3,15,7,False
10866,2024-05-24,3,16,5,False
10867,2024-05-24,3,17,5,False
10868,2024-05-24,3,18,12,True
10869,2024-05-24,3,19,11,False
10870,2024-05-24,3,20,4,False
10871,2024-05-24,3,21,2,False
10872,2024-05-24,3,22,8,False
10873,2024-05-24,3,23,5,False
10874,2024-05-24,3,24,3,False
10875,2024-05-24,3,25,6,False
10876,2024-05-25,1,1,39,False
10877,2024-05-25,1,2,27,False
10878,2024-05-25,1,3,25,False
10879,2024-05-25,1,4,33,False
10880,2024-05-25,1,5,20,False
10881,2024-05-25,1,6,28,False
10882,2024-05-25,1,7,28,False
10883,2024-05-25,1,8,36,False
10884,2024-05-25,1,9,22,False
10885,2024-05-25,1,10,23,False
10886,2024-05-25,1,11,52,False
10887,2024-05-25,1,12,46,False
10888,2024-05-25,1,13,22,False
10889,2024-05-25,1,14,30,False
10890,2024-05-25,1,15,13,False
10891,2024-05-25,1,16,14,False
10892,2024-05-25,1,17,36,False
10893,2024-05-25,1,18,26,False
10894,2024-05-25,1,19,36,False
10895,2024-05-25,1,20,17,False
10896,2024-05-25,1,21,15,False
10897,2024-05-25,1,22,18,False
10898,2024-05-25,1,23,16,False
10899,2024-05-25,1,24,5,False
10900,2024-05-25,1,25,17,False
10901,2024-05-25,2,1,37,False
10902,2024-05-25,2,2,21,False
10903,2024-05-25,2,3,16,False
10904,2024-05-25,2,4,27,False
10905,2024-05-25,2,5,9,False
10906,2024-05-25,2,6,31,False
10907,2024-05-25,2,7,18,False
10908,2024-05-25,2,8,21,False
10909,2024-05-25,2,9,21,False
10910,2024-05-25,2,10,55,True
10911,2024-05-25,2,11,24,False
10912,2024-05-25,2,12,29,False
10913,2024-05-25,2,13,19,False
10914,2024-05-25,2,14,26,False
10915,2024-05-25,2,15,20,False
10916,2024-05-25,2,16,11,False
10917,2024-05-25,2,17,21,False
10918,2024-05-25,2,18,25,False
10919,2024-05-25,2,19,16,False
10920,2024-05-25,2,20,14,False
10921,2024-05-25,2,21,6,False
10922,2024-05-25,2,22,7,False
10923,2024-05-25,2,23,12,False
10924,2024-05-25,2,24,18,False
10925,2024-05-25,2,25,12,False
10926,2024-05-25,3,1,9,False
10927,2024-05-25,3,2,19,True
10928,2024-05-25,3,3,11,False
10929,2024-05-25,3,4,13,False
10930,2024-05-25,3,5,12,False
10931,2024-05-25,3,6,12,False
10932,2024-05-25,3,7,21,False
10933,2024-05-25,3,8,14,False
10934,2024-05-25,3,9,5,False
10935,2024-05-25,3,10,16,False
10936,2024-05-25,3,11,16,False
10937,2024-05-25,3,12,16,False
10938,2024-05-25,3,13,2,False
10939,2024-05-25,3,14,20,False
10940,2024-05-25,3,15,6,False
10941,2024-05-25,3,16,17,True
10942,2024-05-25,3,17,15,False
10943,2024-05-25,3,18,16,False
10944,2024-05-25,3,19,8,False
10945,2024-05-25,3,20,6,False
10946,2024-05-25,3,21,12,False
10947,2024-05-25,3,22,8,False
10948,2024-05-25,3,23,5,False
10949,2024-05-25,3,24,4,False
10950,2024-05-25,3,25,9,False
10951,2024-05-26,1,1,39,False
10952,2024-05-26,1,2,32,False
10953,2024-05-26,1,3,30,False
10954,2024-05-26,1,4,35,False
10955,2024-05-26,1,5,19,False
10956,2024-05-26,1,6,39,False
10957,2024-05-26,1,7,30,False
10958,2024-05-26,1,8,32,False
10959,2024-05-26,1,9,21,False
10960,2024-05-26,1,10,44,False
10961,2024-05-26,1,11,43,False
10962,2024-05-26,1,12,45,False
10963,2024-05-26,1,13,20,False
10964,2024-05-26,1,14,23,False
10965,2024-05-26,1,15,26,False
10966,2024-05-26,1,16,20,False
10967,2024-05-26,1,17,33,False
10968,2024-05-26,1,18,17,False
10969,2024-05-26,1,19,25,False
10970,2024-05-26,1,20,21,False
10971,2024-05-26,1,21,20,False
10972,2024-05-26,1,22,14,False
10973,2024-05-26,1,23,13,False
10974,2024-05-26,1,24,15,False
10975,2024-05-26,1,25,15,False
10976,2024-05-26,2,1,46,False
10977,2024-05-26,2,2,18,False
10978,2024-05-26,2,3,23,False
10979,2024-05-26,2,4,28,False
10980,2024-05-26,2,5,9,False
10981,2024-05-26,2,6,27,False
10982,2024-05-26,2,7,21,False
10983,2024-05-26,2,8,31,False
10984,2024-05-26,2,9,19,False
10985,2024-05-26,2,10,39,False
10986,2024-05-26,2,11,32,False
10987,2024-05-26,2,12,31,False
10988,2024-05-26,2,13,20,False
10989,2024-05-26,2,14,17,False
10990,2024-05-26,2,15,14,False
10991,2024-05-26,2,16,14,False
10992,2024-05-26,2,17,35,True
10993,2024-05-26,2,18,24,False
10994,2024-05-26,2,19,20,False
10995,2024-05-26,2,20,18,False
10996,2024-05-26,2,21,11,False
10997,2024-05-26,2,22,11,False
10998,2024-05-26,2,23,9,False
10999,2024-05-26,2,24,11,False
11000,2024-05-26,2,25,9,False
11001,2024-05-26,3,1,20,False
11002,2024-05-26,3,2,15,False
11003,2024-05-26,3,3,6,False
11004,2024-05-26,3,4,15,False
11005,2024-05-26,3,5,11,False
11006,2024-05-26,3,6,15,False
11007,2024-05-26,3,7,19,False
11008,2024-05-26,3,8,14,False
11009,2024-05-26,3,9,8,False
11010,2024-05-26,3,10,17,False
11011,2024-05-26,3,11,13,False
11012,2024-05-26,3,12,8,False
11013,2024-05-26,3,13,8,False
11014,2024-05-26,3,14,15,False
11015,2024-05-26,3,15,6,False
11016,2024-05-26,3,16,7,False
11017,2024-05-26,3,17,17,True
11018,2024-05-26,3,18,11,False
11019,2024-05-26,3,19,21,False
11020,2024-05-26,3,20,5,False
11021,2024-05-26,3,21,0,False
11022,2024-05-26,3,22,11,False
11023,2024-05-26,3,23,3,False
11024,2024-05-26,3,24,10,False
11025,2024-05-26,3,25,9,False
11026,2024-05-27,1,1,35,False
11027,2024-05-27,1,2,29,False
11028,2024-05-27,1,3,20,False
11029,2024-05-27,1,4,32,False
11030,2024-05-27,1,5,10,False
11031,2024-05-27,1,6,29,False
11032,2024-05-27,1,7,26,False
11033,2024-05-27,1,8,33,False
11034,2024-05-27,1,9,24,False
11035,2024-05-27,1,10,23,False
11036,2024-05-27,1,11,31,False
11037,2024-05-27,1,12,26,False
11038,2024-05-27,1,13,17,False
11039,2024-05-27,1,14,20,False
11040,2024-05-27,1,15,17,False
11041,2024-05-27,1,16,7,False
11042,2024-05-27,1,17,23,False
11043,2024-05-27,1,18,20,False
11044,2024-05-27,1,19,27,False
11045,2024-05-27,1,20,17,False
11046,2024-05-27,1,21,17,False
11047,2024-05-27,1,22,20,False
11048,2024-05-27,1,23,11,False
11049,2024-05-27,1,24,2,False
11050,2024-05-27,1,25,16,False
11051,2024-05-27,2,1,25,False
11052,2024-05-27,2,2,13,False
11053,2024-05-27,2,3,13,False
11054,2024-05-27,2,4,25,False
11055,2024-05-27,2,5,14,False
11056,2024-05-27,2,6,19,False
11057,2024-05-27,2,7,13,False
11058,2024-05-27,2,8,24,False
11059,2024-05-27,2,9,19,False
11060,2024-05-27,2,10,20,False
11061,2024-05-27,2,11,27,False
11062,2024-05-27,2,12,26,False
11063,2024-05-27,2,13,14,False
11064,2024-05-27,2,14,21,False
11065,2024-05-27,2,15,4,False
11066,2024-05-27,2,16,9,False
11067,2024-05-27,2,17,17,False
11068,2024-05-27,2,18,11,False
11069,2024-05-27,2,19,16,False
11070,2024-05-27,2,20,11,False
11071,2024-05-27,2,21,3,False
11072,2024-05-27,2,22,11,False
11073,2024-05-27,2,23,11,False
11074,2024-05-27,2,24,9,False
11075,2024-05-27,2,25,12,False
11076,2024-05-27,3,1,11,False
11077,2024-05-27,3,2,10,False
11078,2024-05-27,3,3,7,False
11079,2024-05-27,3,4,18,False
11080,2024-05-27,3,5,10,False
11081,2024-05-27,3,6,10,False
11082,2024-05-27,3,7,9,False
11083,2024-05-27,3,8,10,False
11084,2024-05-27,3,9,9,False
11085,2024-05-27,3,10,13,False
11086,2024-05-27,3,11,15,False
11087,2024-05-27,3,12,14,False
11088,2024-05-27,3,13,8,False
11089,2024-05-27,3,14,7,False
11090,2024-05-27,3,15,6,False
11091,2024-05-27,3,16,0,False
11092,2024-05-27,3,17,12,False
11093,2024-05-27,3,18,12,False
11094,2024-05-27,3,19,6,False
11095,2024-05-27,3,20,11,False
11096,2024-05-27,3,21,8,False
11097,2024-05-27,3,22,10,False
11098,2024-05-27,3,23,5,False
11099,2024-05-27,3,24,9,False
11100,2024-05-27,3,25,8,False
11101,2024-05-28,1,1,29,False
11102,2024-05-28,1,2,26,False
11103,2024-05-28,1,3,19,False
11104,2024-05-28,1,4,19,False
11105,2024-05-28,1,5,22,True
11106,2024-05-28,1,6,35,False
11107,2024-05-28,1,7,29,False
11108,2024-05-28,1,8,25,False
11109,2024-05-28,1,9,23,False
11110,2024-05-28,1,10,33,False
11111,2024-05-28,1,11,46,False
11112,2024-05-28,1,12,30,False
11113,2024-05-28,1,13,24,True
11114,2024-05-28,1,14,22,False
11115,2024-05-28,1,15,29,False
11116,2024-05-28,1,16,11,False
11117,2024-05-28,1,17,21,False
11118,2024-05-28,1,18,16,False
11119,2024-05-28,1,19,26,False
11120,2024-05-28,1,20,21,False
11121,2024-05-28,1,21,10,False
11122,2024-05-28,1,22,14,False
11123,2024-05-28,1,23,8,False
11124,2024-05-28,1,24,8,False
11125,2024-05-28,1,25,5,False
11126,2024-05-28,2,1,27,False
11127,2024-05-28,2,2,19,False
11128,2024-05-28,2,3,17,False
11129,2024-05-28,2,4,20,False
11130,2024-05-28,2,5,8,False
11131,2024-05-28,2,6,19,False
11132,2024-05-28,2,7,19,False
11133,2024-05-28,2,8,20,False
11134,2024-05-28,2,9,17,False
11135,2024-05-28,2,10,23,False
11136,2024-05-28,2,11,25,False
11137,2024-05-28,2,12,26,False
11138,2024-05-28,2,13,12,False
11139,2024-05-28,2,14,14,False
11140,2024-05-28,2,15,9,False
11141,2024-05-28,2,16,8,False
11142,2024-05-28,2,17,22,False
11143,2024-05-28,2,18,15,False
11144,2024-05-28,2,19,19,False
11145,2024-05-28,2,20,16,False
11146,2024-05-28,2,21,17,False
11147,2024-05-28,2,22,9,False
11148,2024-05-28,2,23,13,False
11149,2024-05-28,2,24,9,False
11150,2024-05-28,2,25,9,False
11151,2024-05-28,3,1,16,False
11152,2024-05-28,3,2,8,False
11153,2024-05-28,3,3,9,False
11154,2024-05-28,3,4,14,False
11155,2024-05-28,3,5,10,False
11156,2024-05-28,3,6,19,False
11157,2024-05-28,3,7,16,False
11158,2024-05-28,3,8,20,False
11159,2024-05-28,3,9,12,False
11160,2024-05-28,3,10,15,False
11161,2024-05-28,3,11,10,False
11162,2024-05-28,3,12,23,False
11163,2024-05-28,3,13,3,False
11164,2024-05-28,3,14,7,False
11165,2024-05-28,3,15,5,False
11166,2024-05-28,3,16,6,False
11167,2024-05-28,3,17,7,False
11168,2024-05-28,3,18,9,False
11169,2024-05-28,3,19,7,False
11170,2024-05-28,3,20,7,False
11171,2024-05-28,3,21,0,False
11172,2024-05-28,3,22,8,False
11173,2024-05-28,3,23,8,False
11174,2024-05-28,3,24,4,False
11175,2024-05-28,3,25,4,False
11176,2024-05-29,1,1,27,False
11177,2024-05-29,1,2,36,False
11178,2024-05-29,1,3,18,False
11179,2024-05-29,1,4,20,False
11180,2024-05-29,1,5,28,True
11181,2024-05-29,1,6,38,False
11182,2024-05-29,1,7,17,False
11183,2024-05-29,1,8,30,False
11184,2024-05-29,1,9,24,False
11185,2024-05-29,1,10,31,False
11186,2024-05-29,1,11,29,False
11187,2024-05-29,1,12,30,False
11188,2024-05-29,1,13,21,False
11189,2024-05-29,1,14,18,False
11190,2024-05-29,1,15,18,False
11191,2024-05-29,1,16,10,False
11192,2024-05-29,1,17,21,False
11193,2024-05-29,1,18,36,False
11194,2024-05-29,1,19,27,False
11195,2024-05-29,1,20,17,False
11196,2024-05-29,1,21,15,False
11197,2024-05-29,1,22,20,False
11198,2024-05-29,1,23,12,False
11199,2024-05-29,1,24,4,False
11200,2024-05-29,1,25,18,False
11201,2024-05-29,2,1,28,False
11202,2024-05-29,2,2,25,False
11203,2024-05-29,2,3,22,False
11204,2024-05-29,2,4,19,False
11205,2024-05-29,2,5,12,False
11206,2024-05-29,2,6,20,False
11207,2024-05-29,2,7,21,False
11208,2024-05-29,2,8,32,False
11209,2024-05-29,2,9,12,False
11210,2024-05-29,2,10,22,False
11211,2024-05-29,2,11,22,False
11212,2024-05-29,2,12,18,False
11213,2024-05-29,2,13,13,False
11214,2024-05-29,2,14,18,False
11215,2024-05-29,2,15,16,False
11216,2024-05-29,2,16,5,False
11217,2024-05-29,2,17,14,False
11218,2024-05-29,2,18,14,False
11219,2024-05-29,2,19,20,False
11220,2024-05-29,2,20,14,False
11221,2024-05-29,2,21,13,False
11222,2024-05-29,2,22,6,False
11223,2024-05-29,2,23,9,False
11224,2024-05-29,2,24,5,False
11225,2024-05-29,2,25,19,True
11226,2024-05-29,3,1,23,False
11227,2024-05-29,3,2,7,False
11228,2024-05-29,3,3,9,False
11229,2024-05-29,3,4,6,False
11230,2024-05-29,3,5,3,False
11231,2024-05-29,3,6,20,False
11232,2024-05-29,3,7,13,False
11233,2024-05-29,3,8,18,False
11234,2024-05-29,3,9,11,False
11235,2024-05-29,3,10,11,False
11236,2024-05-29,3,11,13,False
11237,2024-05-29,3,12,12,False
11238,2024-05-29,3,13,8,False
11239,2024-05-29,3,14,26,False
11240,2024-05-29,3,15,7,False
11241,2024-05-29,3,16,8,True
11242,2024-05-29,3,17,4,False
11243,2024-05-29,3,18,9,False
11244,2024-05-29,3,19,15,False
11245,2024-05-29,3,20,2,False
11246,2024-05-29,3,21,7,False
11247,2024-05-29,3,22,5,False
11248,2024-05-29,3,23,6,False
11249,2024-05-29,3,24,5,True
11250,2024-05-29,3,25,12,False
11251,2024-05-30,1,1,39,False
11252,2024-05-30,1,2,29,False
11253,2024-05-30,1,3,17,False
11254,2024-05-30,1,4,25,False
11255,2024-05-30,1,5,18,True
11256,2024-05-30,1,6,37,False
11257,2024-05-30,1,7,30,False
11258,2024-05-30,1,8,29,False
11259,2024-05-30,1,9,31,False
11260,2024-05-30,1,10,28,False
11261,2024-05-30,1,11,33,False
11262,2024-05-30,1,12,24,False
11263,2024-05-30,1,13,18,False
11264,2024-05-30,1,14,22,False
11265,2024-05-30,1,15,15,False
11266,2024-05-30,1,16,15,False
11267,2024-05-30,1,17,26,False
11268,2024-05-30,1,18,17,False
11269,2024-05-30,1,19,22,False
11270,2024-05-30,1,20,17,False
11271,2024-05-30,1,21,12,False
11272,2024-05-30,1,22,15,False
11273,2024-05-30,1,23,15,True
11274,2024-05-30,1,24,6,False
11275,2024-05-30,1,25,8,False
11276,2024-05-30,2,1,14,False
11277,2024-05-30,2,2,14,False
11278,2024-05-30,2,3,16,False
11279,2024-05-30,2,4,18,False
11280,2024-05-30,2,5,16,False
11281,2024-05-30,2,6,29,False
11282,2024-05-30,2,7,23,False
11283,2024-05-30,2,8,22,False
11284,2024-05-30,2,9,18,False
11285,2024-05-30,2,10,21,False
11286,2024-05-30,2,11,24,False
11287,2024-05-30,2,12,18,False
11288,2024-05-30,2,13,19,False
11289,2024-05-30,2,14,23,False
11290,2024-05-30,2,15,11,False
11291,2024-05-30,2,16,7,False
11292,2024-05-30,2,17,13,False
11293,2024-05-30,2,18,17,False
11294,2024-05-30,2,19,18,False
11295,2024-05-30,2,20,13,False
11296,2024-05-30,2,21,27,True
11297,2024-05-30,2,22,7,False
11298,2024-05-30,2,23,9,False
11299,2024-05-30,2,24,5,False
11300,2024-05-30,2,25,12,False
11301,2024-05-30,3,1,14,False
11302,2024-05-30,3,2,12,False
11303,2024-05-30,3,3,4,False
11304,2024-05-30,3,4,21,False
11305,2024-05-30,3,5,1,False
11306,2024-05-30,3,6,17,False
11307,2024-05-30,3,7,13,False
11308,2024-05-30,3,8,16,False
11309,2024-05-30,3,9,7,False
11310,2024-05-30,3,10,18,False
11311,2024-05-30,3,11,17,False
11312,2024-05-30,3,12,15,False
11313,2024-05-30,3,13,11,False
11314,2024-05-30,3,14,12,False
11315,2024-05-30,3,15,10,False
11316,2024-05-30,3,16,2,False
11317,2024-05-30,3,17,8,False
11318,2024-05-30,3,18,9,False
11319,2024-05-30,3,19,16,False
11320,2024-05-30,3,20,5,False
11321,2024-05-30,3,21,6,False
11322,2024-05-30,3,22,13,False
11323,2024-05-30,3,23,5,False
11324,2024-05-30,3,24,1,False
11325,2024-05-30,3,25,5,False
11326,2024-05-31,1,1,43,False
11327,2024-05-31,1,2,23,False
11328,2024-05-31,1,3,24,False
11329,2024-05-31,1,4,37,False
11330,2024-05-31,1,5,13,False
11331,2024-05-31,1,6,45,True
11332,2024-05-31,1,7,20,False
11333,2024-05-31,1,8,23,False
11334,2024-05-31,1,9,22,False
11335,2024-05-31,1,10,28,False
11336,2024-05-31,1,11,36,False
11337,2024-05-31,1,12,24,False
11338,2024-05-31,1,13,16,False
11339,2024-05-31,1,14,21,False
11340,2024-05-31,1,15,15,False
11341,2024-05-31,1,16,12,False
11342,2024-05-31,1,17,23,False
11343,2024-05-31,1,18,27,False
11344,2024-05-31,1,19,22,False
11345,2024-05-31,1,20,14,False
11346,2024-05-31,1,21,9,False
11347,2024-05-31,1,22,12,False
11348,2024-05-31,1,23,8,False
11349,2024-05-31,1,24,12,False
11350,2024-05-31,1,25,15,False
11351,2024-05-31,2,1,17,False
11352,2024-05-31,2,2,21,False
11353,2024-05-31,2,3,24,False
11354,2024-05-31,2,4,17,False
11355,2024-05-31,2,5,10,False
11356,2024-05-31,2,6,28,False
11357,2024-05-31,2,7,17,False
11358,2024-05-31,2,8,23,False
11359,2024-05-31,2,9,14,False
11360,2024-05-31,2,10,18,False
11361,2024-05-31,2,11,27,False
11362,2024-05-31,2,12,22,False
11363,2024-05-31,2,13,9,False
11364,2024-05-31,2,14,22,False
11365,2024-05-31,2,15,6,False
11366,2024-05-31,2,16,11,False
11367,2024-05-31,2,17,17,False
11368,2024-05-31,2,18,13,False
11369,2024-05-31,2,19,13,False
11370,2024-05-31,2,20,8,False
11371,2024-05-31,2,21,7,False
11372,2024-05-31,2,22,10,False
11373,2024-05-31,2,23,9,False
11374,2024-05-31,2,24,13,False
11375,2024-05-31,2,25,7,False
11376,2024-05-31,3,1,20,False
11377,2024-05-31,3,2,8,False
11378,2024-05-31,3,3,10,False
11379,2024-05-31,3,4,15,False
11380,2024-05-31,3,5,16,True
11381,2024-05-31,3,6,11,False
11382,2024-05-31,3,7,14,False
11383,2024-05-31,3,8,15,False
11384,2024-05-31,3,9,10,False
11385,2024-05-31,3,10,9,False
11386,2024-05-31,3,11,14,False
11387,2024-05-31,3,12,13,False
11388,2024-05-31,3,13,10,False
11389,2024-05-31,3,14,12,False
11390,2024-05-31,3,15,5,False
11391,2024-05-31,3,16,8,False
11392,2024-05-31,3,17,9,False
11393,2024-05-31,3,18,4,False
11394,2024-05-31,3,19,10,False
11395,2024-05-31,3,20,8,False
11396,2024-05-31,3,21,3,False
11397,2024-05-31,3,22,5,False
11398,2024-05-31,3,23,4,False
11399,2024-05-31,3,24,9,False
11400,2024-05-31,3,25,7,False
11401,2024-06-01,1,1,54,False
11402,2024-06-01,1,2,33,False
11403,2024-06-01,1,3,25,False
11404,2024-06-01,1,4,34,False
11405,2024-06-01,1,5,17,False
11406,2024-06-01,1,6,41,False
11407,2024-06-01,1,7,34,False
11408,2024-06-01,1,8,32,False
11409,2024-06-01,1,9,26,False
11410,2024-06-01,1,10,45,False
11411,2024-06-01,1,11,53,False
11412,2024-06-01,1,12,72,True
11413,2024-06-01,1,13,16,False
11414,2024-06-01,1,14,33,False
11415,2024-06-01,1,15,21,True
11416,2024-06-01,1,16,18,False
11417,2024-06-01,1,17,39,False
11418,2024-06-01,1,18,30,False
11419,2024-06-01,1,19,29,False
11420,2024-06-01,1,20,26,False
11421,2024-06-01,1,21,14,False
11422,2024-06-01,1,22,24,False
11423,2024-06-01,1,23,20,False
11424,2024-06-01,1,24,19,True
11425,2024-06-01,1,25,20,False
11426,2024-06-01,2,1,38,False
11427,2024-06-01,2,2,23,False
11428,2024-06-01,2,3,25,False
11429,2024-06-01,2,4,28,False
11430,2024-06-01,2,5,17,False
11431,2024-06-01,2,6,29,False
11432,2024-06-01,2,7,19,False
11433,2024-06-01,2,8,34,False
11434,2024-06-01,2,9,26,False
11435,2024-06-01,2,10,30,False
11436,2024-06-01,2,11,33,False
11437,2024-06-01,2,12,27,False
11438,2024-06-01,2,13,14,False
11439,2024-06-01,2,14,27,False
11440,2024-06-01,2,15,14,False
11441,2024-06-01,2,16,11,False
11442,2024-06-01,2,17,30,False
11443,2024-06-01,2,18,23,False
11444,2024-06-01,2,19,32,False
11445,2024-06-01,2,20,20,False
11446,2024-06-01,2,21,9,False
11447,2024-06-01,2,22,10,False
11448,2024-06-01,2,23,3,False
11449,2024-06-01,2,24,6,False
11450,2024-06-01,2,25,14,False
11451,2024-06-01,3,1,29,False
11452,2024-06-01,3,2,16,False
11453,2024-06-01,3,3,10,False
11454,2024-06-01,3,4,24,False
11455,2024-06-01,3,5,12,False
11456,2024-06-01,3,6,20,False
11457,2024-06-01,3,7,14,False
11458,2024-06-01,3,8,23,False
11459,2024-06-01,3,9,13,False
11460,2024-06-01,3,10,14,False
11461,2024-06-01,3,11,23,False
11462,2024-06-01,3,12,11,False
11463,2024-06-01,3,13,11,False
11464,2024-06-01,3,14,9,False
11465,2024-06-01,3,15,8,False
11466,2024-06-01,3,16,6,False
11467,2024-06-01,3,17,28,True
11468,2024-06-01,3,18,13,False
11469,2024-06-01,3,19,13,False
11470,2024-06-01,3,20,9,False
11471,2024-06-01,3,21,9,False
11472,2024-06-01,3,22,4,False
11473,2024-06-01,3,23,3,False
11474,2024-06-01,3,24,1,False
11475,2024-06-01,3,25,9,False
11476,2024-06-02,1,1,47,False
11477,2024-06-02,1,2,38,False
11478,2024-06-02,1,3,30,False
11479,2024-06-02,1,4,46,False
11480,2024-06-02,1,5,13,False
11481,2024-06-02,1,6,40,False
11482,2024-06-02,1,7,39,False
11483,2024-06-02,1,8,35,False
11484,2024-06-02,1,9,26,False
11485,2024-06-02,1,10,40,False
11486,2024-06-02,1,11,49,False
11487,2024-06-02,1,12,41,False
11488,2024-06-02,1,13,27,False
11489,2024-06-02,1,14,31,False
11490,2024-06-02,1,15,22,False
11491,2024-06-02,1,16,16,False
11492,2024-06-02,1,17,30,False
11493,2024-06-02,1,18,25,False
11494,2024-06-02,1,19,43,False
11495,2024-06-02,1,20,21,False
11496,2024-06-02,1,21,8,False
11497,2024-06-02,1,22,24,False
11498,2024-06-02,1,23,27,False
11499,2024-06-02,1,24,22,False
11500,2024-06-02,1,25,20,False
11501,2024-06-02,2,1,29,False
11502,2024-06-02,2,2,44,True
11503,2024-06-02,2,3,28,False
11504,2024-06-02,2,4,28,False
11505,2024-06-02,2,5,19,False
11506,2024-06-02,2,6,26,False
11507,2024-06-02,2,7,29,False
11508,2024-06-02,2,8,27,False
11509,2024-06-02,2,9,29,False
11510,2024-06-02,2,10,29,False
11511,2024-06-02,2,11,39,False
11512,2024-06-02,2,12,31,False
11513,2024-06-02,2,13,23,False
11514,2024-06-02,2,14,17,False
11515,2024-06-02,2,15,15,False
11516,2024-06-02,2,16,10,False
11517,2024-06-02,2,17,20,False
11518,2024-06-02,2,18,32,False
11519,2024-06-02,2,19,31,False
11520,2024-06-02,2,20,13,False
11521,2024-06-02,2,21,17,False
11522,2024-06-02,2,22,12,False
11523,2024-06-02,2,23,9,False
11524,2024-06-02,2,24,12,False
11525,2024-06-02,2,25,14,False
11526,2024-06-02,3,1,23,False
11527,2024-06-02,3,2,12,False
11528,2024-06-02,3,3,5,False
11529,2024-06-02,3,4,17,False
11530,2024-06-02,3,5,6,False
11531,2024-06-02,3,6,23,False
11532,2024-06-02,3,7,15,False
11533,2024-06-02,3,8,7,False
11534,2024-06-02,3,9,8,False
11535,2024-06-02,3,10,15,False
11536,2024-06-02,3,11,27,False
11537,2024-06-02,3,12,25,False
11538,2024-06-02,3,13,14,False
11539,2024-06-02,3,14,19,False
11540,2024-06-02,3,15,12,False
11541,2024-06-02,3,16,10,False
11542,2024-06-02,3,17,12,False
11543,2024-06-02,3,18,15,False
11544,2024-06-02,3,19,20,False
11545,2024-06-02,3,20,14,True
11546,2024-06-02,3,21,8,False
11547,2024-06-02,3,22,10,False
11548,2024-06-02,3,23,4,False
11549,2024-06-02,3,24,4,False
11550,2024-06-02,3,25,5,False
11551,2024-06-03,1,1,42,False
11552,2024-06-03,1,2,24,False
11553,2024-06-03,1,3,21,False
11554,2024-06-03,1,4,28,False
11555,2024-06-03,1,5,18,False
11556,2024-06-03,1,6,35,False
11557,2024-06-03,1,7,25,False
11558,2024-06-03,1,8,28,False
11559,2024-06-03,1,9,25,False
11560,2024-06-03,1,10,47,False
11561,2024-06-03,1,11,44,False
11562,2024-06-03,1,12,38,False
11563,2024-06-03,1,13,11,False
11564,2024-06-03,1,14,37,False
11565,2024-06-03,1,15,15,False
11566,2024-06-03,1,16,11,False
11567,2024-06-03,1,17,29,False
11568,2024-06-03,1,18,22,False
11569,2024-06-03,1,19,30,False
11570,2024-06-03,1,20,20,False
11571,2024-06-03,1,21,9,False
11572,2024-06-03,1,22,15,False
11573,2024-06-03,1,23,15,False
11574,2024-06-03,1,24,11,False
11575,2024-06-03,1,25,16,False
11576,2024-06-03,2,1,22,False
11577,2024-06-03,2,2,22,False
11578,2024-06-03,2,3,14,False
11579,2024-06-03,2,4,20,False
11580,2024-06-03,2,5,7,False
11581,2024-06-03,2,6,20,False
11582,2024-06-03,2,7,22,False
11583,2024-06-03,2,8,26,False
11584,2024-06-03,2,9,19,False
11585,2024-06-03,2,10,25,False
11586,2024-06-03,2,11,24,False
11587,2024-06-03,2,12,24,False
11588,2024-06-03,2,13,6,False
11589,2024-06-03,2,14,22,False
11590,2024-06-03,2,15,14,False
11591,2024-06-03,2,16,8,False
11592,2024-06-03,2,17,19,False
11593,2024-06-03,2,18,35,True
11594,2024-06-03,2,19,29,False
11595,2024-06-03,2,20,16,False
11596,2024-06-03,2,21,9,False
11597,2024-06-03,2,22,9,False
11598,2024-06-03,2,23,8,False
11599,2024-06-03,2,24,7,False
11600,2024-06-03,2,25,12,False
11601,2024-06-03,3,1,21,False
11602,2024-06-03,3,2,10,False
11603,2024-06-03,3,3,12,False
11604,2024-06-03,3,4,15,False
11605,2024-06-03,3,5,8,False
11606,2024-06-03,3,6,14,False
11607,2024-06-03,3,7,13,False
11608,2024-06-03,3,8,17,False
11609,2024-06-03,3,9,9,False
11610,2024-06-03,3,10,14,False
11611,2024-06-03,3,11,26,False
11612,2024-06-03,3,12,17,False
11613,2024-06-03,3,13,16,False
11614,2024-06-03,3,14,15,False
11615,2024-06-03,3,15,2,False
11616,2024-06-03,3,16,6,False
11617,2024-06-03,3,17,9,False
11618,2024-06-03,3,18,7,False
11619,2024-06-03,3,19,9,False
11620,2024-06-03,3,20,12,False
11621,2024-06-03,3,21,7,False
11622,2024-06-03,3,22,5,False
11623,2024-06-03,3,23,3,False
11624,2024-06-03,3,24,3,False
11625,2024-06-03,3,25,12,False
11626,2024-06-04,1,1,34,False
11627,2024-06-04,1,2,29,False
11628,2024-06-04,1,3,20,False
11629,2024-06-04,1,4,30,False
11630,2024-06-04,1,5,22,False
11631,2024-06-04,1,6,29,False
11632,2024-06-04,1,7,27,False
11633,2024-06-04,1,8,36,False
11634,2024-06-04,1,9,19,False
11635,2024-06-04,1,10,29,False
11636,2024-06-04,1,11,32,False
11637,2024-06-04,1,12,37,False
11638,2024-06-04,1,13,23,False
11639,2024-06-04,1,14,38,False
11640,2024-06-04,1,15,17,False
11641,2024-06-04,1,16,16,False
11642,2024-06-04,1,17,18,False
11643,2024-06-04,1,18,27,False
11644,2024-06-04,1,19,29,False
11645,2024-06-04,1,20,8,False
11646,2024-06-04,1,21,15,False
11647,2024-06-04,1,22,14,False
11648,2024-06-04,1,23,11,False
11649,2024-06-04,1,24,11,False
11650,2024-06-04,1,25,10,False
11651,2024-06-04,2,1,24,False
11652,2024-06-04,2,2,13,False
11653,2024-06-04,2,3,10,False
11654,2024-06-04,2,4,22,False
11655,2024-06-04,2,5,13,False
11656,2024-06-04,2,6,28,False
11657,2024-06-04,2,7,24,False
11658,2024-06-04,2,8,30,False
11659,2024-06-04,2,9,12,False
11660,2024-06-04,2,10,22,False
11661,2024-06-04,2,11,32,False
11662,2024-06-04,2,12,29,False
11663,2024-06-04,2,13,22,False
11664,2024-06-04,2,14,21,False
11665,2024-06-04,2,15,15,False
11666,2024-06-04,2,16,12,False
11667,2024-06-04,2,17,21,False
11668,2024-06-04,2,18,20,False
11669,2024-06-04,2,19,21,False
11670,2024-06-04,2,20,11,False
11671,2024-06-04,2,21,11,False
11672,2024-06-04,2,22,7,False
11673,2024-06-04,2,23,16,True
11674,2024-06-04,2,24,6,False
11675,2024-06-04,2,25,15,True
11676,2024-06-04,3,1,13,False
11677,2024-06-04,3,2,11,False
11678,2024-06-04,3,3,7,False
11679,2024-06-04,3,4,20,False
11680,2024-06-04,3,5,5,False
11681,2024-06-04,3,6,14,False
11682,2024-06-04,3,7,15,False
11683,2024-06-04,3,8,12,False
11684,2024-06-04,3,9,7,False
11685,2024-06-04,3,10,14,False
11686,2024-06-04,3,11,18,False
11687,2024-06-04,3,12,8,False
11688,2024-06-04,3,13,10,False
11689,2024-06-04,3,14,14,True
11690,2024-06-04,3,15,6,False
11691,2024-06-04,3,16,6,False
11692,2024-06-04,3,17,9,False
11693,2024-06-04,3,18,14,False
11694,2024-06-04,3,19,15,False
11695,2024-06-04,3,20,7,False
11696,2024-06-04,3,21,4,False
11697,2024-06-04,3,22,10,False
11698,2024-06-04,3,23,5,False
11699,2024-06-04,3,24,4,False
11700,2024-06-04,3,25,8,False
11701,2024-06-05,1,1,43,False
11702,2024-06-05,1,2,30,False
11703,2024-06-05,1,3,22,False
11704,2024-06-05,1,4,25,False
11705,2024-06-05,1,5,14,False
11706,2024-06-05,1,6,35,False
11707,2024-06-05,1,7,31,False
11708,2024-06-05,1,8,27,False
11709,2024-06-05,1,9,18,False
11710,2024-06-05,1,10,35,False
11711,2024-06-05,1,11,44,False
11712,2024-06-05,1,12,35,False
11713,2024-06-05,1,13,21,False
11714,2024-06-05,1,14,22,False
11715,2024-06-05,1,15,18,False
11716,2024-06-05,1,16,22,False
11717,2024-06-05,1,17,24,False
11718,2024-06-05,1,18,26,False
11719,2024-06-05,1,19,28,False
11720,2024-06-05,1,20,21,False
11721,2024-06-05,1,21,20,False
11722,2024-06-05,1,22,21,False
11723,2024-06-05,1,23,11,False
11724,2024-06-05,1,24,11,False
11725,2024-06-05,1,25,25,False
11726,2024-06-05,2,1,33,False
11727,2024-06-05,2,2,23,True
11728,2024-06-05,2,3,13,False
11729,2024-06-05,2,4,24,False
11730,2024-06-05,2,5,5,False
11731,2024-06-05,2,6,22,False
11732,2024-06-05,2,7,34,True
11733,2024-06-05,2,8,15,False
11734,2024-06-05,2,9,15,False
11735,2024-06-05,2,10,32,False
11736,2024-06-05,2,11,27,False
11737,2024-06-05,2,12,21,False
11738,2024-06-05,2,13,16,False
11739,2024-06-05,2,14,22,False
11740,2024-06-05,2,15,11,False
11741,2024-06-05,2,16,14,False
11742,2024-06-05,2,17,26,True
11743,2024-06-05,2,18,10,False
11744,2024-06-05,2,19,22,False
11745,2024-06-05,2,20,14,False
11746,2024-06-05,2,21,13,False
11747,2024-06-05,2,22,7,False
11748,2024-06-05,2,23,3,False
11749,2024-06-05,2,24,12,True
11750,2024-06-05,2,25,12,False
11751,2024-06-05,3,1,20,False
11752,2024-06-05,3,2,14,False
11753,2024-06-05,3,3,6,False
11754,2024-06-05,3,4,15,False
11755,2024-06-05,3,5,7,False
11756,2024-06-05,3,6,20,False
11757,2024-06-05,3,7,20,False
11758,2024-06-05,3,8,16,False
11759,2024-06-05,3,9,8,False
11760,2024-06-05,3,10,23,False
11761,2024-06-05,3,11,13,False
11762,2024-06-05,3,12,20,False
11763,2024-06-05,3,13,8,False
11764,2024-06-05,3,14,5,False
11765,2024-06-05,3,15,2,False
11766,2024-06-05,3,16,8,False
11767,2024-06-05,3,17,16,False
11768,2024-06-05,3,18,13,False
11769,2024-06-05,3,19,11,False
11770,2024-06-05,3,20,5,False
11771,2024-06-05,3,21,5,False
11772,2024-06-05,3,22,9,False
11773,2024-06-05,3,23,7,False
11774,2024-06-05,3,24,2,False
11775,2024-06-05,3,25,10,False
11776,2024-06-06,1,1,44,False
11777,2024-06-06,1,2,32,False
11778,2024-06-06,1,3,25,False
11779,2024-06-06,1,4,40,False
11780,2024-06-06,1,5,22,False
11781,2024-06-06,1,6,30,False
11782,2024-06-06,1,7,46,True
11783,2024-06-06,1,8,31,False
11784,2024-06-06,1,9,26,False
11785,2024-06-06,1,10,42,False
11786,2024-06-06,1,11,30,False
11787,2024-06-06,1,12,44,False
11788,2024-06-06,1,13,25,False
11789,2024-06-06,1,14,26,False
11790,2024-06-06,1,15,20,False
11791,2024-06-06,1,16,6,False
11792,2024-06-06,1,17,23,False
11793,2024-06-06,1,18,20,False
11794,2024-06-06,1,19,32,False
11795,2024-06-06,1,20,11,False
11796,2024-06-06,1,21,18,False
11797,2024-06-06,1,22,12,False
11798,2024-06-06,1,23,14,False
11799,2024-06-06,1,24,13,False
11800,2024-06-06,1,25,12,False
11801,2024-06-06,2,1,31,False
11802,2024-06-06,2,2,14,False
11803,2024-06-06,2,3,21,False
11804,2024-06-06,2,4,28,False
11805,2024-06-06,2,5,15,False
11806,2024-06-06,2,6,25,False
11807,2024-06-06,2,7,21,False
11808,2024-06-06,2,8,16,False
11809,2024-06-06,2,9,16,False
11810,2024-06-06,2,10,20,False
11811,2024-06-06,2,11,25,False
11812,2024-06-06,2,12,41,True
11813,2024-06-06,2,13,15,False
11814,2024-06-06,2,14,20,False
11815,2024-06-06,2,15,5,False
11816,2024-06-06,2,16,13,True
11817,2024-06-06,2,17,19,False
11818,2024-06-06,2,18,17,False
11819,2024-06-06,2,19,24,False
11820,2024-06-06,2,20,13,False
11821,2024-06-06,2,21,10,False
11822,2024-06-06,2,22,15,False
11823,2024-06-06,2,23,10,False
11824,2024-06-06,2,24,3,False
11825,2024-06-06,2,25,25,True
11826,2024-06-06,3,1,11,False
11827,2024-06-06,3,2,11,False
11828,2024-06-06,3,3,11,False
11829,2024-06-06,3,4,15,False
11830,2024-06-06,3,5,13,False
11831,2024-06-06,3,6,11,False
11832,2024-06-06,3,7,9,False
11833,2024-06-06,3,8,13,False
11834,2024-06-06,3,9,13,True
11835,2024-06-06,3,10,15,False
11836,2024-06-06,3,11,13,False
11837,2024-06-06,3,12,20,True
11838,2024-06-06,3,13,11,False
11839,2024-06-06,3,14,8,False
11840,2024-06-06,3,15,6,False
11841,2024-06-06,3,16,3,False
11842,2024-06-06,3,17,20,True
11843,2024-06-06,3,18,16,False
11844,2024-06-06,3,19,8,False
11845,2024-06-06,3,20,8,False
11846,2024-06-06,3,21,2,False
11847,2024-06-06,3,22,7,False
11848,2024-06-06,3,23,12,True
11849,2024-06-06,3,24,3,True
11850,2024-06-06,3,25,11,False
11851,2024-06-07,1,1,45,False
11852,2024-06-07,1,2,32,False
11853,2024-06-07,1,3,21,False
11854,2024-06-07,1,4,23,False
11855,2024-06-07,1,5,24,False
11856,2024-06-07,1,6,37,False
11857,2024-06-07,1,7,22,False
11858,2024-06-07,1,8,23,False
11859,2024-06-07,1,9,23,False
11860,2024-06-07,1,10,46,False
11861,2024-06-07,1,11,50,False
11862,2024-06-07,1,12,36,False
11863,2024-06-07,1,13,25,False
11864,2024-06-07,1,14,26,False
11865,2024-06-07,1,15,12,False
11866,2024-06-07,1,16,13,False
11867,2024-06-07,1,17,24,False
11868,2024-06-07,1,18,26,False
11869,2024-06-07,1,19,32,False
11870,2024-06-07,1,20,14,False
11871,2024-06-07,1,21,17,False
11872,2024-06-07,1,22,10,False
11873,2024-06-07,1,23,4,False
11874,2024-06-07,1,24,11,False
11875,2024-06-07,1,25,14,False
11876,2024-06-07,2,1,45,False
11877,2024-06-07,2,2,20,False
11878,2024-06-07,2,3,14,False
11879,2024-06-07,2,4,29,False
11880,2024-06-07,2,5,14,False
11881,2024-06-07,2,6,23,False
11882,2024-06-07,2,7,21,False
11883,2024-06-07,2,8,32,False
11884,2024-06-07,2,9,20,False
11885,2024-06-07,2,10,26,False
11886,2024-06-07,2,11,26,False
11887,2024-06-07,2,12,21,False
11888,2024-06-07,2,13,16,False
11889,2024-06-07,2,14,22,False
11890,2024-06-07,2,15,13,False
11891,2024-06-07,2,16,6,False
11892,2024-06-07,2,17,11,False
11893,2024-06-07,2,18,24,False
11894,2024-06-07,2,19,23,False
11895,2024-06-07,2,20,12,False
11896,2024-06-07,2,21,5,False
11897,2024-06-07,2,22,16,False
11898,2024-06-07,2,23,8,False
11899,2024-06-07,2,24,8,False
11900,2024-06-07,2,25,8,False
11901,2024-06-07,3,1,14,False
11902,2024-06-07,3,2,11,False
11903,2024-06-07,3,3,15,True
11904,2024-06-07,3,4,18,False
11905,2024-06-07,3,5,8,False
11906,2024-06-07,3,6,24,False
11907,2024-06-07,3,7,14,False
11908,2024-06-07,3,8,12,False
11909,2024-06-07,3,9,15,False
11910,2024-06-07,3,10,12,False
11911,2024-06-07,3,11,13,False
11912,2024-06-07,3,12,12,False
11913,2024-06-07,3,13,11,False
11914,2024-06-07,3,14,21,False
11915,2024-06-07,3,15,6,False
11916,2024-06-07,3,16,5,False
11917,2024-06-07,3,17,10,False
11918,2024-06-07,3,18,10,False
11919,2024-06-07,3,19,9,False
11920,2024-06-07,3,20,9,False
11921,2024-06-07,3,21,5,False
11922,2024-06-07,3,22,3,False
11923,2024-06-07,3,23,10,False
11924,2024-06-07,3,24,7,False
11925,2024-06-07,3,25,4,False
11926,2024-06-08,1,1,51,False
11927,2024-06-08,1,2,21,False
11928,2024-06-08,1,3,33,False
11929,2024-06-08,1,4,48,False
11930,2024-06-08,1,5,24,False
11931,2024-06-08,1,6,53,False
11932,2024-06-08,1,7,41,False
11933,2024-06-08,1,8,44,False
11934,2024-06-08,1,9,17,False
11935,2024-06-08,1,10,45,False
11936,2024-06-08,1,11,53,False
11937,2024-06-08,1,12,65,False
11938,2024-06-08,1,13,22,False
11939,2024-06-08,1,14,29,False
11940,2024-06-08,1,15,25,True
11941,2024-06-08,1,16,33,False
11942,2024-06-08,1,17,36,False
11943,2024-06-08,1,18,22,False
11944,2024-06-08,1,19,40,False
11945,2024-06-08,1,20,25,False
11946,2024-06-08,1,21,20,False
11947,2024-06-08,1,22,18,False
11948,2024-06-08,1,23,9,False
11949,2024-06-08,1,24,11,False
11950,2024-06-08,1,25,21,False
11951,2024-06-08,2,1,43,False
11952,2024-06-08,2,2,21,False
11953,2024-06-08,2,3,24,False
11954,2024-06-08,2,4,23,False
11955,2024-06-08,2,5,26,False
11956,2024-06-08,2,6,26,False
11957,2024-06-08,2,7,29,False
11958,2024-06-08,2,8,28,False
11959,2024-06-08,2,9,22,False
11960,2024-06-08,2,10,26,False
11961,2024-06-08,2,11,27,False
11962,2024-06-08,2,12,28,False
11963,2024-06-08,2,13,17,False
11964,2024-06-08,2,14,26,False
11965,2024-06-08,2,15,10,False
11966,2024-06-08,2,16,11,False
11967,2024-06-08,2,17,20,False
11968,2024-06-08,2,18,18,False
11969,2024-06-08,2,19,24,False
11970,2024-06-08,2,20,14,False
11971,2024-06-08,2,21,6,False
11972,2024-06-08,2,22,13,True
11973,2024-06-08,2,23,10,False
11974,2024-06-08,2,24,6,False
11975,2024-06-08,2,25,15,False
11976,2024-06-08,3,1,23,False
11977,2024-06-08,3,2,12,False
11978,2024-06-08,3,3,11,False
11979,2024-06-08,3,4,8,False
11980,2024-06-08,3,5,11,False
11981,2024-06-08,3,6,19,False
11982,2024-06-08,3,7,17,False
11983,2024-06-08,3,8,19,False
11984,2024-06-08,3,9,16,False
11985,2024-06-08,3,10,18,False
11986,2024-06-08,3,11,13,False
11987,2024-06-08,3,12,19,False
11988,2024-06-08,3,13,9,False
11989,2024-06-08,3,14,11,False
11990,2024-06-08,3,15,8,False
11991,2024-06-08,3,16,12,False
11992,2024-06-08,3,17,13,False
11993,2024-06-08,3,18,27,True
11994,2024-06-08,3,19,27,False
11995,2024-06-08,3,20,8,False
11996,2024-06-08,3,21,11,False
11997,2024-06-08,3,22,16,False
11998,2024-06-08,3,23,11,False
11999,2024-06-08,3,24,4,False
12000,2024-06-08,3,25,10,False
12001,2024-06-09,1,1,44,False
12002,2024-06-09,1,2,27,False
12003,2024-06-09,1,3,18,False
12004,2024-06-09,1,4,34,False
12005,2024-06-09,1,5,13,False
12006,2024-06-09,1,6,39,False
12007,2024-06-09,1,7,40,False
12008,2024-06-09,1,8,35,False
12009,2024-06-09,1,9,37,False
12010,2024-06-09,1,10,48,False
12011,2024-06-09,1,11,34,False
12012,2024-06-09,1,12,49,False
12013,2024-06-09,1,13,16,False
12014,2024-06-09,1,14,33,False
12015,2024-06-09,1,15,23,False
12016,2024-06-09,1,16,10,False
12017,2024-06-09,1,17,31,False
12018,2024-06-09,1,18,43,True
12019,2024-06-09,1,19,31,False
12020,2024-06-09,1,20,22,False
12021,2024-06-09,1,21,18,False
12022,2024-06-09,1,22,20,False
12023,2024-06-09,1,23,11,False
12024,2024-06-09,1,24,22,False
12025,2024-06-09,1,25,22,False
12026,2024-06-09,2,1,41,False
12027,2024-06-09,2,2,35,False
12028,2024-06-09,2,3,25,False
12029,2024-06-09,2,4,26,False
12030,2024-06-09,2,5,18,False
12031,2024-06-09,2,6,28,False
12032,2024-06-09,2,7,25,False
12033,2024-06-09,2,8,18,False
12034,2024-06-09,2,9,15,False
12035,2024-06-09,2,10,31,False
12036,2024-06-09,2,11,32,False
12037,2024-06-09,2,12,29,False
12038,2024-06-09,2,13,15,False
12039,2024-06-09,2,14,20,False
12040,2024-06-09,2,15,11,False
12041,2024-06-09,2,16,19,False
12042,2024-06-09,2,17,22,False
12043,2024-06-09,2,18,15,False
12044,2024-06-09,2,19,33,False
12045,2024-06-09,2,20,17,False
12046,2024-06-09,2,21,12,False
12047,2024-06-09,2,22,14,False
12048,2024-06-09,2,23,7,False
12049,2024-06-09,2,24,7,False
12050,2024-06-09,2,25,17,False
12051,2024-06-09,3,1,14,False
12052,2024-06-09,3,2,17,False
12053,2024-06-09,3,3,14,False
12054,2024-06-09,3,4,15,False
12055,2024-06-09,3,5,13,False
12056,2024-06-09,3,6,17,False
12057,2024-06-09,3,7,15,False
12058,2024-06-09,3,8,27,False
12059,2024-06-09,3,9,13,False
12060,2024-06-09,3,10,21,False
12061,2024-06-09,3,11,17,False
12062,2024-06-09,3,12,22,False
12063,2024-06-09,3,13,5,False
12064,2024-06-09,3,14,11,False
12065,2024-06-09,3,15,6,False
12066,2024-06-09,3,16,7,False
12067,2024-06-09,3,17,13,False
12068,2024-06-09,3,18,11,False
12069,2024-06-09,3,19,21,False
12070,2024-06-09,3,20,17,False
12071,2024-06-09,3,21,10,False
12072,2024-06-09,3,22,3,False
12073,2024-06-09,3,23,9,False
12074,2024-06-09,3,24,6,False
12075,2024-06-09,3,25,17,False
12076,2024-06-10,1,1,73,True
12077,2024-06-10,1,2,36,True
12078,2024-06-10,1,3,20,False
12079,2024-06-10,1,4,20,False
12080,2024-06-10,1,5,14,False
12081,2024-06-10,1,6,31,False
12082,2024-06-10,1,7,11,False
12083,2024-06-10,1,8,40,False
12084,2024-06-10,1,9,18,False
12085,2024-06-10,1,10,39,False
12086,2024-06-10,1,11,36,False
12087,2024-06-10,1,12,40,False
12088,2024-06-10,1,13,26,False
12089,2024-06-10,1,14,30,False
12090,2024-06-10,1,15,21,True
12091,2024-06-10,1,16,11,False
12092,2024-06-10,1,17,24,False
12093,2024-06-10,1,18,19,False
12094,2024-06-10,1,19,30,False
12095,2024-06-10,1,20,14,False
12096,2024-06-10,1,21,13,False
12097,2024-06-10,1,22,10,False
12098,2024-06-10,1,23,7,False
12099,2024-06-10,1,24,10,False
12100,2024-06-10,1,25,18,False
12101,2024-06-10,2,1,27,False
12102,2024-06-10,2,2,21,False
12103,2024-06-10,2,3,21,False
12104,2024-06-10,2,4,11,False
12105,2024-06-10,2,5,19,False
12106,2024-06-10,2,6,24,False
12107,2024-06-10,2,7,23,False
12108,2024-06-10,2,8,25,False
12109,2024-06-10,2,9,27,False
12110,2024-06-10,2,10,29,False
12111,2024-06-10,2,11,51,True
12112,2024-06-10,2,12,21,False
12113,2024-06-10,2,13,13,False
12114,2024-06-10,2,14,21,False
12115,2024-06-10,2,15,8,False
12116,2024-06-10,2,16,12,False
12117,2024-06-10,2,17,8,False
12118,2024-06-10,2,18,14,False
12119,2024-06-10,2,19,19,False
12120,2024-06-10,2,20,10,False
12121,2024-06-10,2,21,10,False
12122,2024-06-10,2,22,11,False
12123,2024-06-10,2,23,7,False
12124,2024-06-10,2,24,11,False
12125,2024-06-10,2,25,16,False
12126,2024-06-10,3,1,18,False
12127,2024-06-10,3,2,21,False
12128,2024-06-10,3,3,7,False
12129,2024-06-10,3,4,10,False
12130,2024-06-10,3,5,11,False
12131,2024-06-10,3,6,7,False
12132,2024-06-10,3,7,20,False
12133,2024-06-10,3,8,18,False
12134,2024-06-10,3,9,9,False
12135,2024-06-10,3,10,14,False
12136,2024-06-10,3,11,20,False
12137,2024-06-10,3,12,10,False
12138,2024-06-10,3,13,3,False
12139,2024-06-10,3,14,15,False
12140,2024-06-10,3,15,5,False
12141,2024-06-10,3,16,4,False
12142,2024-06-10,3,17,13,False
12143,2024-06-10,3,18,9,False
12144,2024-06-10,3,19,9,False
12145,2024-06-10,3,20,10,False
12146,2024-06-10,3,21,4,False
12147,2024-06-10,3,22,4,False
12148,2024-06-10,3,23,11,False
12149,2024-06-10,3,24,6,False
12150,2024-06-10,3,25,6,False
12151,2024-06-11,1,1,34,False
12152,2024-06-11,1,2,36,False
12153,2024-06-11,1,3,25,False
12154,2024-06-11,1,4,26,False
12155,2024-06-11,1,5,19,False
12156,2024-06-11,1,6,37,False
12157,2024-06-11,1,7,33,False
12158,2024-06-11,1,8,31,False
12159,2024-06-11,1,9,25,False
12160,2024-06-11,1,10,40,False
12161,2024-06-11,1,11,25,False
12162,2024-06-11,1,12,37,False
12163,2024-06-11,1,13,21,False
12164,2024-06-11,1,14,26,False
12165,2024-06-11,1,15,16,False
12166,2024-06-11,1,16,19,False
12167,2024-06-11,1,17,23,False
12168,2024-06-11,1,18,45,True
12169,2024-06-11,1,19,29,False
12170,2024-06-11,1,20,14,False
12171,2024-06-11,1,21,20,False
12172,2024-06-11,1,22,12,False
12173,2024-06-11,1,23,11,False
12174,2024-06-11,1,24,16,False
12175,2024-06-11,1,25,21,False
12176,2024-06-11,2,1,42,True
12177,2024-06-11,2,2,25,False
12178,2024-06-11,2,3,16,False
12179,2024-06-11,2,4,19,False
12180,2024-06-11,2,5,18,False
12181,2024-06-11,2,6,29,False
12182,2024-06-11,2,7,26,False
12183,2024-06-11,2,8,18,False
12184,2024-06-11,2,9,11,False
12185,2024-06-11,2,10,31,False
12186,2024-06-11,2,11,31,False
12187,2024-06-11,2,12,27,False
12188,2024-06-11,2,13,15,False
12189,2024-06-11,2,14,17,False
12190,2024-06-11,2,15,12,False
12191,2024-06-11,2,16,19,False
12192,2024-06-11,2,17,16,False
12193,2024-06-11,2,18,21,False
12194,2024-06-11,2,19,22,False
12195,2024-06-11,2,20,16,False
12196,2024-06-11,2,21,9,False
12197,2024-06-11,2,22,5,False
12198,2024-06-11,2,23,10,False
12199,2024-06-11,2,24,10,False
12200,2024-06-11,2,25,12,False
12201,2024-06-11,3,1,20,False
12202,2024-06-11,3,2,12,False
12203,2024-06-11,3,3,9,False
12204,2024-06-11,3,4,13,False
12205,2024-06-11,3,5,3,False
12206,2024-06-11,3,6,15,False
12207,2024-06-11,3,7,14,False
12208,2024-06-11,3,8,11,False
12209,2024-06-11,3,9,15,False
12210,2024-06-11,3,10,26,True
12211,2024-06-11,3,11,17,False
12212,2024-06-11,3,12,9,False
12213,2024-06-11,3,13,9,False
12214,2024-06-11,3,14,15,False
12215,2024-06-11,3,15,4,False
12216,2024-06-11,3,16,8,False
12217,2024-06-11,3,17,10,False
12218,2024-06-11,3,18,7,False
12219,2024-06-11,3,19,12,False
12220,2024-06-11,3,20,9,False
12221,2024-06-11,3,21,9,False
12222,2024-06-11,3,22,3,False
12223,2024-06-11,3,23,3,False
12224,2024-06-11,3,24,3,False
12225,2024-06-11,3,25,7,False
12226,2024-06-12,1,1,35,False
12227,2024-06-12,1,2,24,False
12228,2024-06-12,1,3,21,False
12229,2024-06-12,1,4,34,False
12230,2024-06-12,1,5,15,False
12231,2024-06-12,1,6,28,False
12232,2024-06-12,1,7,23,False
12233,2024-06-12,1,8,28,False
12234,2024-06-12,1,9,23,False
12235,2024-06-12,1,10,29,False
12236,2024-06-12,1,11,47,False
12237,2024-06-12,1,12,24,False
12238,2024-06-12,1,13,27,False
12239,2024-06-12,1,14,26,False
12240,2024-06-12,1,15,16,False
12241,2024-06-12,1,16,19,False
12242,2024-06-12,1,17,24,False
12243,2024-06-12,1,18,25,False
12244,2024-06-12,1,19,32,False
12245,2024-06-12,1,20,20,False
12246,2024-06-12,1,21,14,False
12247,2024-06-12,1,22,13,False
12248,2024-06-12,1,23,14,False
12249,2024-06-12,1,24,11,False
12250,2024-06-12,1,25,5,False
12251,2024-06-12,2,1,39,False
12252,2024-06-12,2,2,28,False
12253,2024-06-12,2,3,11,False
12254,2024-06-12,2,4,31,False
12255,2024-06-12,2,5,17,False
12256,2024-06-12,2,6,20,False
12257,2024-06-12,2,7,22,False
12258,2024-06-12,2,8,21,False
12259,2024-06-12,2,9,15,False
12260,2024-06-12,2,10,27,False
12261,2024-06-12,2,11,23,False
12262,2024-06-12,2,12,23,False
12263,2024-06-12,2,13,11,False
12264,2024-06-12,2,14,19,False
12265,2024-06-12,2,15,15,True
12266,2024-06-12,2,16,4,False
12267,2024-06-12,2,17,14,False
12268,2024-06-12,2,18,16,False
12269,2024-06-12,2,19,30,True
12270,2024-06-12,2,20,17,False
12271,2024-06-12,2,21,11,False
12272,2024-06-12,2,22,16,False
12273,2024-06-12,2,23,19,False
12274,2024-06-12,2,24,12,True
12275,2024-06-12,2,25,14,False
12276,2024-06-12,3,1,19,False
12277,2024-06-12,3,2,15,False
12278,2024-06-12,3,3,11,False
12279,2024-06-12,3,4,18,False
12280,2024-06-12,3,5,8,False
12281,2024-06-12,3,6,9,False
12282,2024-06-12,3,7,15,False
12283,2024-06-12,3,8,11,False
12284,2024-06-12,3,9,5,False
12285,2024-06-12,3,10,15,False
12286,2024-06-12,3,11,25,True
12287,2024-06-12,3,12,17,False
12288,2024-06-12,3,13,7,False
12289,2024-06-12,3,14,10,False
12290,2024-06-12,3,15,8,False
12291,2024-06-12,3,16,4,False
12292,2024-06-12,3,17,11,False
12293,2024-06-12,3,18,12,False
12294,2024-06-12,3,19,14,False
12295,2024-06-12,3,20,8,False
12296,2024-06-12,3,21,3,False
12297,2024-06-12,3,22,4,False
12298,2024-06-12,3,23,7,False
12299,2024-06-12,3,24,8,False
12300,2024-06-12,3,25,8,False
12301,2024-06-13,1,1,38,False
12302,2024-06-13,1,2,20,False
12303,2024-06-13,1,3,35,False
12304,2024-06-13,1,4,33,False
12305,2024-06-13,1,5,16,False
12306,2024-06-13,1,6,40,False
12307,2024-06-13,1,7,27,False
12308,2024-06-13,1,8,28,False
12309,2024-06-13,1,9,27,False
12310,2024-06-13,1,10,26,False
12311,2024-06-13,1,11,40,False
12312,2024-06-13,1,12,33,False
12313,2024-06-13,1,13,13,False
12314,2024-06-13,1,14,26,False
12315,2024-06-13,1,15,23,False
12316,2024-06-13,1,16,16,False
12317,2024-06-13,1,17,24,False
12318,2024-06-13,1,18,27,False
12319,2024-06-13,1,19,26,False
12320,2024-06-13,1,20,24,False
12321,2024-06-13,1,21,9,False
12322,2024-06-13,1,22,11,False
12323,2024-06-13,1,23,11,False
12324,2024-06-13,1,24,12,False
12325,2024-06-13,1,25,16,False
12326,2024-06-13,2,1,26,False
12327,2024-06-13,2,2,16,False
12328,2024-06-13,2,3,19,False
12329,2024-06-13,2,4,32,False
12330,2024-06-13,2,5,18,False
12331,2024-06-13,2,6,24,False
12332,2024-06-13,2,7,19,False
12333,2024-06-13,2,8,19,False
12334,2024-06-13,2,9,14,False
12335,2024-06-13,2,10,23,False
12336,2024-06-13,2,11,55,True
12337,2024-06-13,2,12,24,False
12338,2024-06-13,2,13,8,False
12339,2024-06-13,2,14,28,False
12340,2024-06-13,2,15,10,False
12341,2024-06-13,2,16,11,False
12342,2024-06-13,2,17,19,False
12343,2024-06-13,2,18,21,False
12344,2024-06-13,2,19,25,False
12345,2024-06-13,2,20,16,False
12346,2024-06-13,2,21,17,False
12347,2024-06-13,2,22,10,False
12348,2024-06-13,2,23,13,False
12349,2024-06-13,2,24,9,False
12350,2024-06-13,2,25,14,False
12351,2024-06-13,3,1,16,False
12352,2024-06-13,3,2,15,False
12353,2024-06-13,3,3,8,False
12354,2024-06-13,3,4,12,False
12355,2024-06-13,3,5,11,False
12356,2024-06-13,3,6,22,False
12357,2024-06-13,3,7,14,False
12358,2024-06-13,3,8,9,False
12359,2024-06-13,3,9,9,False
12360,2024-06-13,3,10,18,False
12361,2024-06-13,3,11,34,True
12362,2024-06-13,3,12,12,False
12363,2024-06-13,3,13,12,False
12364,2024-06-13,3,14,7,False
12365,2024-06-13,3,15,8,False
12366,2024-06-13,3,16,6,False
12367,2024-06-13,3,17,10,False
12368,2024-06-13,3,18,8,False
12369,2024-06-13,3,19,13,False
12370,2024-06-13,3,20,11,False
12371,2024-06-13,3,21,6,False
12372,2024-06-13,3,22,6,False
12373,2024-06-13,3,23,1,False
12374,2024-06-13,3,24,6,False
12375,2024-06-13,3,25,7,False
12376,2024-06-14,1,1,34,False
12377,2024-06-14,1,2,30,False
12378,2024-06-14,1,3,15,False
12379,2024-06-14,1,4,25,False
12380,2024-06-14,1,5,14,False
12381,2024-06-14,1,6,33,False
12382,2024-06-14,1,7,25,False
12383,2024-06-14,1,8,32,False
12384,2024-06-14,1,9,30,False
12385,2024-06-14,1,10,30,False
12386,2024-06-14,1,11,55,False
12387,2024-06-14,1,12,34,False
12388,2024-06-14,1,13,24,False
12389,2024-06-14,1,14,23,False
12390,2024-06-14,1,15,20,True
12391,2024-06-14,1,16,14,False
12392,2024-06-14,1,17,23,False
12393,2024-06-14,1,18,29,False
12394,2024-06-14,1,19,30,False
12395,2024-06-14,1,20,18,False
12396,2024-06-14,1,21,18,False
12397,2024-06-14,1,22,10,False
12398,2024-06-14,1,23,4,False
12399,2024-06-14,1,24,10,False
12400,2024-06-14,1,25,36,True
12401,2024-06-14,2,1,25,False
12402,2024-06-14,2,2,18,False
12403,2024-06-14,2,3,15,False
12404,2024-06-14,2,4,22,False
12405,2024-06-14,2,5,10,False
12406,2024-06-14,2,6,21,False
12407,2024-06-14,2,7,31,False
12408,2024-06-14,2,8,22,False
12409,2024-06-14,2,9,16,False
12410,2024-06-14,2,10,25,False
12411,2024-06-14,2,11,21,False
12412,2024-06-14,2,12,18,False
12413,2024-06-14,2,13,17,False
12414,2024-06-14,2,14,17,False
12415,2024-06-14,2,15,9,False
12416,2024-06-14,2,16,9,False
12417,2024-06-14,2,17,14,False
12418,2024-06-14,2,18,23,False
12419,2024-06-14,2,19,24,False
12420,2024-06-14,2,20,14,False
12421,2024-06-14,2,21,12,False
12422,2024-06-14,2,22,9,False
12423,2024-06-14,2,23,8,False
12424,2024-06-14,2,24,12,False
12425,2024-06-14,2,25,15,False
12426,2024-06-14,3,1,12,False
12427,2024-06-14,3,2,13,False
12428,2024-06-14,3,3,9,False
12429,2024-06-14,3,4,20,False
12430,2024-06-14,3,5,4,False
12431,2024-06-14,3,6,18,False
12432,2024-06-14,3,7,7,False
12433,2024-06-14,3,8,13,False
12434,2024-06-14,3,9,11,False
12435,2024-06-14,3,10,18,False
12436,2024-06-14,3,11,15,False
12437,2024-06-14,3,12,15,False
12438,2024-06-14,3,13,14,False
12439,2024-06-14,3,14,15,False
12440,2024-06-14,3,15,10,False
12441,2024-06-14,3,16,10,False
12442,2024-06-14,3,17,9,False
12443,2024-06-14,3,18,8,False
12444,2024-06-14,3,19,11,False
12445,2024-06-14,3,20,9,False
12446,2024-06-14,3,21,5,False
12447,2024-06-14,3,22,7,False
12448,2024-06-14,3,23,7,False
12449,2024-06-14,3,24,2,False
12450,2024-06-14,3,25,7,False
12451,2024-06-15,1,1,54,False
12452,2024-06-15,1,2,31,False
12453,2024-06-15,1,3,30,False
12454,2024-06-15,1,4,33,False
12455,2024-06-15,1,5,21,False
12456,2024-06-15,1,6,42,False
12457,2024-06-15,1,7,37,False
12458,2024-06-15,1,8,36,False
12459,2024-06-15,1,9,29,False
12460,2024-06-15,1,10,46,False
12461,2024-06-15,1,11,43,False
12462,2024-06-15,1,12,47,False
12463,2024-06-15,1,13,25,False
12464,2024-06-15,1,14,39,False
12465,2024-06-15,1,15,26,False
12466,2024-06-15,1,16,19,False
12467,2024-06-15,1,17,31,False
12468,2024-06-15,1,18,27,False
12469,2024-06-15,1,19,28,False
12470,2024-06-15,1,20,25,False
12471,2024-06-15,1,21,17,False
12472,2024-06-15,1,22,20,False
12473,2024-06-15,1,23,11,False
12474,2024-06-15,1,24,17,False
12475,2024-06-15,1,25,16,False
12476,2024-06-15,2,1,31,False
12477,2024-06-15,2,2,35,False
12478,2024-06-15,2,3,18,False
12479,2024-06-15,2,4,31,False
12480,2024-06-15,2,5,13,False
12481,2024-06-15,2,6,33,False
12482,2024-06-15,2,7,27,False
12483,2024-06-15,2,8,40,True
12484,2024-06-15,2,9,16,False
12485,2024-06-15,2,10,30,False
12486,2024-06-15,2,11,34,True
12487,2024-06-15,2,12,31,False
12488,2024-06-15,2,13,14,False
12489,2024-06-15,2,14,20,False
12490,2024-06-15,2,15,13,False
12491,2024-06-15,2,16,13,False
12492,2024-06-15,2,17,13,False
12493,2024-06-15,2,18,18,False
12494,2024-06-15,2,19,24,False
12495,2024-06-15,2,20,14,False
12496,2024-06-15,2,21,4,False
12497,2024-06-15,2,22,18,False
12498,2024-06-15,2,23,11,False
12499,2024-06-15,2,24,16,False
12500,2024-06-15,2,25,13,False
12501,2024-06-15,3,1,28,False
12502,2024-06-15,3,2,8,False
12503,2024-06-15,3,3,12,False
12504,2024-06-15,3,4,24,False
12505,2024-06-15,3,5,10,False
12506,2024-06-15,3,6,21,False
12507,2024-06-15,3,7,18,False
12508,2024-06-15,3,8,15,False
12509,2024-06-15,3,9,7,False
12510,2024-06-15,3,10,30,False
12511,2024-06-15,3,11,13,False
12512,2024-06-15,3,12,26,False
12513,2024-06-15,3,13,5,False
12514,2024-06-15,3,14,10,False
12515,2024-06-15,3,15,0,False
12516,2024-06-15,3,16,8,False
12517,2024-06-15,3,17,8,False
12518,2024-06-15,3,18,22,False
12519,2024-06-15,3,19,12,False
12520,2024-06-15,3,20,11,True
12521,2024-06-15,3,21,5,False
12522,2024-06-15,3,22,14,False
12523,2024-06-15,3,23,9,True
12524,2024-06-15,3,24,5,False
12525,2024-06-15,3,25,6,False
12526,2024-06-16,1,1,41,False
12527,2024-06-16,1,2,44,False
12528,2024-06-16,1,3,27,False
12529,2024-06-16,1,4,29,False
12530,2024-06-16,1,5,26,False
12531,2024-06-16,1,6,43,False
12532,2024-06-16,1,7,37,False
12533,2024-06-16,1,8,43,False
12534,2024-06-16,1,9,31,False
12535,2024-06-16,1,10,40,False
12536,2024-06-16,1,11,43,False
12537,2024-06-16,1,12,48,False
12538,2024-06-16,1,13,23,False
12539,2024-06-16,1,14,43,False
12540,2024-06-16,1,15,10,False
12541,2024-06-16,1,16,13,False
12542,2024-06-16,1,17,40,False
12543,2024-06-16,1,18,37,False
12544,2024-06-16,1,19,55,True
12545,2024-06-16,1,20,15,False
12546,2024-06-16,1,21,14,False
12547,2024-06-16,1,22,23,False
12548,2024-06-16,1,23,23,True
12549,2024-06-16,1,24,6,False
12550,2024-06-16,1,25,25,True
12551,2024-06-16,2,1,23,False
12552,2024-06-16,2,2,26,False
12553,2024-06-16,2,3,17,False
12554,2024-06-16,2,4,25,False
12555,2024-06-16,2,5,16,False
12556,2024-06-16,2,6,34,False
12557,2024-06-16,2,7,21,False
12558,2024-06-16,2,8,26,False
12559,2024-06-16,2,9,19,False
12560,2024-06-16,2,10,37,False
12561,2024-06-16,2,11,26,False
12562,2024-06-16,2,12,26,False
12563,2024-06-16,2,13,12,False
12564,2024-06-16,2,14,16,False
12565,2024-06-16,2,15,10,False
12566,2024-06-16,2,16,17,False
12567,2024-06-16,2,17,25,False
12568,2024-06-16,2,18,19,False
12569,2024-06-16,2,19,26,False
12570,2024-06-16,2,20,13,False
12571,2024-06-16,2,21,17,False
12572,2024-06-16,2,22,12,False
12573,2024-06-16,2,23,5,False
12574,2024-06-16,2,24,14,False
12575,2024-06-16,2,25,21,False
12576,2024-06-16,3,1,20,False
12577,2024-06-16,3,2,12,False
12578,2024-06-16,3,3,9,False
12579,2024-06-16,3,4,20,False
12580,2024-06-16,3,5,6,False
12581,2024-06-16,3,6,16,False
12582,2024-06-16,3,7,9,False
12583,2024-06-16,3,8,12,False
12584,2024-06-16,3,9,7,False
12585,2024-06-16,3,10,17,False
12586,2024-06-16,3,11,20,False
12587,2024-06-16,3,12,31,False
12588,2024-06-16,3,13,10,False
12589,2024-06-16,3,14,15,False
12590,2024-06-16,3,15,10,False
12591,2024-06-16,3,16,10,False
12592,2024-06-16,3,17,16,False
12593,2024-06-16,3,18,15,False
12594,2024-06-16,3,19,20,False
12595,2024-06-16,3,20,14,False
12596,2024-06-16,3,21,11,False
12597,2024-06-16,3,22,6,False
12598,2024-06-16,3,23,8,False
12599,2024-06-16,3,24,4,False
12600,2024-06-16,3,25,9,False
12601,2024-06-17,1,1,34,False
12602,2024-06-17,1,2,26,False
12603,2024-06-17,1,3,21,False
12604,2024-06-17,1,4,32,False
12605,2024-06-17,1,5,20,False
12606,2024-06-17,1,6,34,False
12607,2024-06-17,1,7,29,False
12608,2024-06-17,1,8,37,False
12609,2024-06-17,1,9,12,False
12610,2024-06-17,1,10,32,False
12611,2024-06-17,1,11,49,False
12612,2024-06-17,1,12,36,False
12613,2024-06-17,1,13,22,False
12614,2024-06-17,1,14,19,False
12615,2024-06-17,1,15,13,False
12616,2024-06-17,1,16,12,False
12617,2024-06-17,1,17,30,False
12618,2024-06-17,1,18,29,False
12619,2024-06-17,1,19,25,False
12620,2024-06-17,1,20,19,False
12621,2024-06-17,1,21,10,False
12622,2024-06-17,1,22,27,False
12623,2024-06-17,1,23,9,False
12624,2024-06-17,1,24,10,False
12625,2024-06-17,1,25,19,False
12626,2024-06-17,2,1,23,False
12627,2024-06-17,2,2,30,False
12628,2024-06-17,2,3,12,False
12629,2024-06-17,2,4,32,False
12630,2024-06-17,2,5,10,False
12631,2024-06-17,2,6,26,False
12632,2024-06-17,2,7,18,False
12633,2024-06-17,2,8,17,False
12634,2024-06-17,2,9,18,False
12635,2024-06-17,2,10,26,False
12636,2024-06-17,2,11,37,False
12637,2024-06-17,2,12,32,False
12638,2024-06-17,2,13,5,False
12639,2024-06-17,2,14,16,False
12640,2024-06-17,2,15,13,False
12641,2024-06-17,2,16,15,False
12642,2024-06-17,2,17,14,False
12643,2024-06-17,2,18,17,False
12644,2024-06-17,2,19,34,True
12645,2024-06-17,2,20,20,True
12646,2024-06-17,2,21,9,False
12647,2024-06-17,2,22,18,False
12648,2024-06-17,2,23,11,False
12649,2024-06-17,2,24,6,False
12650,2024-06-17,2,25,6,False
12651,2024-06-17,3,1,21,False
12652,2024-06-17,3,2,13,False
12653,2024-06-17,3,3,5,False
12654,2024-06-17,3,4,13,False
12655,2024-06-17,3,5,13,False
12656,2024-06-17,3,6,16,False
12657,2024-06-17,3,7,9,False
12658,2024-06-17,3,8,13,False
12659,2024-06-17,3,9,14,False
12660,2024-06-17,3,10,12,False
12661,2024-06-17,3,11,15,False
12662,2024-06-17,3,12,13,False
12663,2024-06-17,3,13,11,False
12664,2024-06-17,3,14,3,False
12665,2024-06-17,3,15,6,True
12666,2024-06-17,3,16,9,False
12667,2024-06-17,3,17,12,False
12668,2024-06-17,3,18,6,False
12669,2024-06-17,3,19,16,False
12670,2024-06-17,3,20,13,False
12671,2024-06-17,3,21,7,False
12672,2024-06-17,3,22,7,False
12673,2024-06-17,3,23,5,False
12674,2024-06-17,3,24,4,False
12675,2024-06-17,3,25,0,False
12676,2024-06-18,1,1,44,False
12677,2024-06-18,1,2,20,False
12678,2024-06-18,1,3,17,False
12679,2024-06-18,1,4,37,False
12680,2024-06-18,1,5,11,False
12681,2024-06-18,1,6,51,True
12682,2024-06-18,1,7,28,False
12683,2024-06-18,1,8,32,False
12684,2024-06-18,1,9,19,False
12685,2024-06-18,1,10,44,False
12686,2024-06-18,1,11,41,False
12687,2024-06-18,1,12,28,False
12688,2024-06-18,1,13,22,False
12689,2024-06-18,1,14,24,False
12690,2024-06-18,1,15,16,False
12691,2024-06-18,1,16,12,False
12692,2024-06-18,1,17,17,False
12693,2024-06-18,1,18,37,True
12694,2024-06-18,1,19,21,False
12695,2024-06-18,1,20,21,False
12696,2024-06-18,1,21,19,True
12697,2024-06-18,1,22,13,False
12698,2024-06-18,1,23,9,False
12699,2024-06-18,1,24,7,False
12700,2024-06-18,1,25,11,False
12701,2024-06-18,2,1,34,False
12702,2024-06-18,2,2,23,False
12703,2024-06-18,2,3,23,False
12704,2024-06-18,2,4,25,False
12705,2024-06-18,2,5,16,False
12706,2024-06-18,2,6,19,False
12707,2024-06-18,2,7,30,False
12708,2024-06-18,2,8,21,False
12709,2024-06-18,2,9,16,False
12710,2024-06-18,2,10,19,False
12711,2024-06-18,2,11,19,False
12712,2024-06-18,2,12,30,False
12713,2024-06-18,2,13,12,False
12714,2024-06-18,2,14,17,False
12715,2024-06-18,2,15,11,False
12716,2024-06-18,2,16,14,False
12717,2024-06-18,2,17,22,False
12718,2024-06-18,2,18,21,False
12719,2024-06-18,2,19,30,False
12720,2024-06-18,2,20,13,False
12721,2024-06-18,2,21,15,False
12722,2024-06-18,2,22,12,False
12723,2024-06-18,2,23,7,False
12724,2024-06-18,2,24,10,False
12725,2024-06-18,2,25,6,False
12726,2024-06-18,3,1,34,True
12727,2024-06-18,3,2,9,False
12728,2024-06-18,3,3,13,False
12729,2024-06-18,3,4,11,False
12730,2024-06-18,3,5,10,False
12731,2024-06-18,3,6,26,False
12732,2024-06-18,3,7,8,False
12733,2024-06-18,3,8,7,False
12734,2024-06-18,3,9,8,False
12735,2024-06-18,3,10,19,False
12736,2024-06-18,3,11,18,False
12737,2024-06-18,3,12,21,False
12738,2024-06-18,3,13,10,False
12739,2024-06-18,3,14,6,False
12740,2024-06-18,3,15,7,False
12741,2024-06-18,3,16,10,False
12742,2024-06-18,3,17,13,False
12743,2024-06-18,3,18,10,False
12744,2024-06-18,3,19,9,False
12745,2024-06-18,3,20,5,False
12746,2024-06-18,3,21,8,False
12747,2024-06-18,3,22,7,False
12748,2024-06-18,3,23,5,False
12749,2024-06-18,3,24,7,False
12750,2024-06-18,3,25,6,False
12751,2024-06-19,1,1,40,False
12752,2024-06-19,1,2,47,True
12753,2024-06-19,1,3,19,False
12754,2024-06-19,1,4,24,False
12755,2024-06-19,1,5,25,False
12756,2024-06-19,1,6,25,False
12757,2024-06-19,1,7,32,False
12758,2024-06-19,1,8,37,False
12759,2024-06-19,1,9,19,False
12760,2024-06-19,1,10,30,False
12761,2024-06-19,1,11,40,False
12762,2024-06-19,1,12,35,False
12763,2024-06-19,1,13,20,False
12764,2024-06-19,1,14,22,False
12765,2024-06-19,1,15,9,False
12766,2024-06-19,1,16,16,False
12767,2024-06-19,1,17,28,False
12768,2024-06-19,1,18,35,False
12769,2024-06-19,1,19,33,False
12770,2024-06-19,1,20,23,False
12771,2024-06-19,1,21,15,False
12772,2024-06-19,1,22,11,False
12773,2024-06-19,1,23,15,False
12774,2024-06-19,1,24,9,False
12775,2024-06-19,1,25,18,False
12776,2024-06-19,2,1,29,False
12777,2024-06-19,2,2,25,False
12778,2024-06-19,2,3,17,False
12779,2024-06-19,2,4,23,False
12780,2024-06-19,2,5,14,False
12781,2024-06-19,2,6,21,False
12782,2024-06-19,2,7,19,False
12783,2024-06-19,2,8,23,False
12784,2024-06-19,2,9,9,False
12785,2024-06-19,2,10,13,False
12786,2024-06-19,2,11,29,False
12787,2024-06-19,2,12,27,False
12788,2024-06-19,2,13,12,False
12789,2024-06-19,2,14,34,False
12790,2024-06-19,2,15,10,False
12791,2024-06-19,2,16,13,False
12792,2024-06-19,2,17,22,False
12793,2024-06-19,2,18,21,False
12794,2024-06-19,2,19,22,False
12795,2024-06-19,2,20,9,False
12796,2024-06-19,2,21,6,False
12797,2024-06-19,2,22,15,False
12798,2024-06-19,2,23,9,False
12799,2024-06-19,2,24,11,False
12800,2024-06-19,2,25,6,False
12801,2024-06-19,3,1,12,False
12802,2024-06-19,3,2,17,False
12803,2024-06-19,3,3,6,False
12804,2024-06-19,3,4,7,False
12805,2024-06-19,3,5,8,False
12806,2024-06-19,3,6,12,False
12807,2024-06-19,3,7,15,False
12808,2024-06-19,3,8,8,False
12809,2024-06-19,3,9,4,False
12810,2024-06-19,3,10,11,False
12811,2024-06-19,3,11,18,False
12812,2024-06-19,3,12,21,False
12813,2024-06-19,3,13,11,True
12814,2024-06-19,3,14,17,False
12815,2024-06-19,3,15,6,False
12816,2024-06-19,3,16,7,False
12817,2024-06-19,3,17,6,False
12818,2024-06-19,3,18,5,False
12819,2024-06-19,3,19,13,True
12820,2024-06-19,3,20,10,False
12821,2024-06-19,3,21,8,False
12822,2024-06-19,3,22,4,False
12823,2024-06-19,3,23,2,False
12824,2024-06-19,3,24,4,False
12825,2024-06-19,3,25,5,False
12826,2024-06-20,1,1,46,False
12827,2024-06-20,1,2,30,False
12828,2024-06-20,1,3,20,False
12829,2024-06-20,1,4,31,False
12830,2024-06-20,1,5,24,False
12831,2024-06-20,1,6,35,False
12832,2024-06-20,1,7,27,False
12833,2024-06-20,1,8,27,False
12834,2024-06-20,1,9,31,False
12835,2024-06-20,1,10,30,False
12836,2024-06-20,1,11,57,True
12837,2024-06-20,1,12,37,False
12838,2024-06-20,1,13,19,False
12839,2024-06-20,1,14,29,False
12840,2024-06-20,1,15,9,False
12841,2024-06-20,1,16,15,False
12842,2024-06-20,1,17,23,False
12843,2024-06-20,1,18,24,False
12844,2024-06-20,1,19,23,False
12845,2024-06-20,1,20,17,False
12846,2024-06-20,1,21,14,False
12847,2024-06-20,1,22,12,False
12848,2024-06-20,1,23,28,True
12849,2024-06-20,1,24,2,False
12850,2024-06-20,1,25,8,False
12851,2024-06-20,2,1,19,False
12852,2024-06-20,2,2,17,False
12853,2024-06-20,2,3,24,False
12854,2024-06-20,2,4,28,False
12855,2024-06-20,2,5,25,False
12856,2024-06-20,2,6,19,False
12857,2024-06-20,2,7,13,False
12858,2024-06-20,2,8,14,False
12859,2024-06-20,2,9,10,False
12860,2024-06-20,2,10,14,False
12861,2024-06-20,2,11,32,True
12862,2024-06-20,2,12,25,False
12863,2024-06-20,2,13,10,False
12864,2024-06-20,2,14,19,False
12865,2024-06-20,2,15,16,False
12866,2024-06-20,2,16,11,False
12867,2024-06-20,2,17,18,False
12868,2024-06-20,2,18,21,False
12869,2024-06-20,2,19,13,False
12870,2024-06-20,2,20,18,False
12871,2024-06-20,2,21,15,False
12872,2024-06-20,2,22,8,False
12873,2024-06-20,2,23,2,False
12874,2024-06-20,2,24,8,True
12875,2024-06-20,2,25,9,True
12876,2024-06-20,3,1,20,True
12877,2024-06-20,3,2,14,False
12878,2024-06-20,3,3,9,False
12879,2024-06-20,3,4,15,False
12880,2024-06-20,3,5,4,False
12881,2024-06-20,3,6,11,False
12882,2024-06-20,3,7,9,False
12883,2024-06-20,3,8,14,False
12884,2024-06-20,3,9,5,False
12885,2024-06-20,3,10,19,False
12886,2024-06-20,3,11,8,False
12887,2024-06-20,3,12,17,False
12888,2024-06-20,3,13,4,False
12889,2024-06-20,3,14,14,False
12890,2024-06-20,3,15,4,False
12891,2024-06-20,3,16,4,False
12892,2024-06-20,3,17,14,False
12893,2024-06-20,3,18,7,False
12894,2024-06-20,3,19,19,False
12895,2024-06-20,3,20,9,False
12896,2024-06-20,3,21,5,False
12897,2024-06-20,3,22,12,True
12898,2024-06-20,3,23,7,False
12899,2024-06-20,3,24,4,False
12900,2024-06-20,3,25,5,False
12901,2024-06-21,1,1,31,False
12902,2024-06-21,1,2,30,False
12903,2024-06-21,1,3,25,False
12904,2024-06-21,1,4,35,False
12905,2024-06-21,1,5,23,False
12906,2024-06-21,1,6,40,False
12907,2024-06-21,1,7,29,False
12908,2024-06-21,1,8,34,False
12909,2024-06-21,1,9,31,False
12910,2024-06-21,1,10,30,False
12911,2024-06-21,1,11,32,False
12912,2024-06-21,1,12,45,False
12913,2024-06-21,1,13,18,False
12914,2024-06-21,1,14,27,False
12915,2024-06-21,1,15,12,False
12916,2024-06-21,1,16,10,False
12917,2024-06-21,1,17,36,True
12918,2024-06-21,1,18,28,False
12919,2024-06-21,1,19,30,False
12920,2024-06-21,1,20,30,True
12921,2024-06-21,1,21,14,False
12922,2024-06-21,1,22,20,False
12923,2024-06-21,1,23,9,False
12924,2024-06-21,1,24,9,False
12925,2024-06-21,1,25,12,False
12926,2024-06-21,2,1,34,False
12927,2024-06-21,2,2,24,False
12928,2024-06-21,2,3,10,False
12929,2024-06-21,2,4,18,False
12930,2024-06-21,2,5,16,False
12931,2024-06-21,2,6,24,False
12932,2024-06-21,2,7,18,False
12933,2024-06-21,2,8,17,False
12934,2024-06-21,2,9,15,False
12935,2024-06-21,2,10,24,False
12936,2024-06-21,2,11,29,False
12937,2024-06-21,2,12,23,False
12938,2024-06-21,2,13,17,False
12939,2024-06-21,2,14,10,False
12940,2024-06-21,2,15,16,False
12941,2024-06-21,2,16,6,False
12942,2024-06-21,2,17,12,False
12943,2024-06-21,2,18,16,False
12944,2024-06-21,2,19,19,False
12945,2024-06-21,2,20,12,False
12946,2024-06-21,2,21,12,True
12947,2024-06-21,2,22,9,False
12948,2024-06-21,2,23,5,False
12949,2024-06-21,2,24,4,False
12950,2024-06-21,2,25,12,False
12951,2024-06-21,3,1,15,False
12952,2024-06-21,3,2,6,False
12953,2024-06-21,3,3,6,False
12954,2024-06-21,3,4,10,False
12955,2024-06-21,3,5,8,False
12956,2024-06-21,3,6,21,False
12957,2024-06-21,3,7,17,False
12958,2024-06-21,3,8,15,False
12959,2024-06-21,3,9,8,False
12960,2024-06-21,3,10,17,False
12961,2024-06-21,3,11,17,False
12962,2024-06-21,3,12,15,False
12963,2024-06-21,3,13,7,False
12964,2024-06-21,3,14,16,False
12965,2024-06-21,3,15,11,False
12966,2024-06-21,3,16,10,False
12967,2024-06-21,3,17,9,False
12968,2024-06-21,3,18,15,False
12969,2024-06-21,3,19,22,False
12970,2024-06-21,3,20,7,False
12971,2024-06-21,3,21,3,False
12972,2024-06-21,3,22,5,False
12973,2024-06-21,3,23,0,False
12974,2024-06-21,3,24,12,False
12975,2024-06-21,3,25,3,False
12976,2024-06-22,1,1,52,False
12977,2024-06-22,1,2,35,False
12978,2024-06-22,1,3,43,True
12979,2024-06-22,1,4,44,False
12980,2024-06-22,1,5,23,False
12981,2024-06-22,1,6,35,False
12982,2024-06-22,1,7,29,False
12983,2024-06-22,1,8,41,False
12984,2024-06-22,1,9,35,False
12985,2024-06-22,1,10,62,False
12986,2024-06-22,1,11,51,False
12987,2024-06-22,1,12,59,True
12988,2024-06-22,1,13,30,False
12989,2024-06-22,1,14,27,False
12990,2024-06-22,1,15,22,False
12991,2024-06-22,1,16,21,False
12992,2024-06-22,1,17,30,False
12993,2024-06-22,1,18,40,True
12994,2024-06-22,1,19,36,False
12995,2024-06-22,1,20,19,False
12996,2024-06-22,1,21,15,False
12997,2024-06-22,1,22,16,False
12998,2024-06-22,1,23,11,False
12999,2024-06-22,1,24,19,False
13000,2024-06-22,1,25,13,False
13001,2024-06-22,2,1,32,False
13002,2024-06-22,2,2,36,False
13003,2024-06-22,2,3,19,False
13004,2024-06-22,2,4,26,False
13005,2024-06-22,2,5,17,False
13006,2024-06-22,2,6,38,False
13007,2024-06-22,2,7,24,False
13008,2024-06-22,2,8,27,False
13009,2024-06-22,2,9,16,False
13010,2024-06-22,2,10,29,False
13011,2024-06-22,2,11,29,False
13012,2024-06-22,2,12,36,False
13013,2024-06-22,2,13,9,False
13014,2024-06-22,2,14,21,False
13015,2024-06-22,2,15,11,False
13016,2024-06-22,2,16,10,False
13017,2024-06-22,2,17,26,False
13018,2024-06-22,2,18,20,False
13019,2024-06-22,2,19,35,False
13020,2024-06-22,2,20,12,False
13021,2024-06-22,2,21,16,False
13022,2024-06-22,2,22,11,False
13023,2024-06-22,2,23,11,False
13024,2024-06-22,2,24,4,False
13025,2024-06-22,2,25,7,False
13026,2024-06-22,3,1,21,False
13027,2024-06-22,3,2,11,False
13028,2024-06-22,3,3,8,False
13029,2024-06-22,3,4,11,False
13030,2024-06-22,3,5,12,False
13031,2024-06-22,3,6,18,False
13032,2024-06-22,3,7,16,False
13033,2024-06-22,3,8,20,False
13034,2024-06-22,3,9,19,False
13035,2024-06-22,3,10,13,False
13036,2024-06-22,3,11,19,False
13037,2024-06-22,3,12,19,False
13038,2024-06-22,3,13,11,False
13039,2024-06-22,3,14,14,False
13040,2024-06-22,3,15,14,False
13041,2024-06-22,3,16,7,False
13042,2024-06-22,3,17,12,False
13043,2024-06-22,3,18,18,False
13044,2024-06-22,3,19,14,False
13045,2024-06-22,3,20,10,False
13046,2024-06-22,3,21,13,False
13047,2024-06-22,3,22,6,False
13048,2024-06-22,3,23,8,False
13049,2024-06-22,3,24,5,False
13050,2024-06-22,3,25,4,False
13051,2024-06-23,1,1,55,False
13052,2024-06-23,1,2,37,False
13053,2024-06-23,1,3,27,False
13054,2024-06-23,1,4,35,False
13055,2024-06-23,1,5,16,False
13056,2024-06-23,1,6,47,False
13057,2024-06-23,1,7,33,False
13058,2024-06-23,1,8,40,False
13059,2024-06-23,1,9,29,False
13060,2024-06-23,1,10,42,False
13061,2024-06-23,1,11,46,False
13062,2024-06-23,1,12,44,False
13063,2024-06-23,1,13,23,False
13064,2024-06-23,1,14,33,False
13065,2024-06-23,1,15,35,True
13066,2024-06-23,1,16,13,False
13067,2024-06-23,1,17,31,False
13068,2024-06-23,1,18,27,False
13069,2024-06-23,1,19,29,False
13070,2024-06-23,1,20,21,False
13071,2024-06-23,1,21,17,False
13072,2024-06-23,1,22,17,False
13073,2024-06-23,1,23,11,False
13074,2024-06-23,1,24,18,False
13075,2024-06-23,1,25,18,False
13076,2024-06-23,2,1,35,False
13077,2024-06-23,2,2,30,False
13078,2024-06-23,2,3,24,False
13079,2024-06-23,2,4,25,False
13080,2024-06-23,2,5,12,False
13081,2024-06-23,2,6,32,False
13082,2024-06-23,2,7,26,False
13083,2024-06-23,2,8,45,True
13084,2024-06-23,2,9,19,False
13085,2024-06-23,2,10,41,False
13086,2024-06-23,2,11,41,False
13087,2024-06-23,2,12,24,False
13088,2024-06-23,2,13,18,False
13089,2024-06-23,2,14,28,False
13090,2024-06-23,2,15,10,False
13091,2024-06-23,2,16,18,False
13092,2024-06-23,2,17,19,False
13093,2024-06-23,2,18,29,False
13094,2024-06-23,2,19,26,False
13095,2024-06-23,2,20,24,False
13096,2024-06-23,2,21,11,False
13097,2024-06-23,2,22,16,False
13098,2024-06-23,2,23,13,False
13099,2024-06-23,2,24,14,False
13100,2024-06-23,2,25,12,False
13101,2024-06-23,3,1,25,False
13102,2024-06-23,3,2,16,False
13103,2024-06-23,3,3,14,False
13104,2024-06-23,3,4,26,False
13105,2024-06-23,3,5,14,False
13106,2024-06-23,3,6,21,False
13107,2024-06-23,3,7,10,False
13108,2024-06-23,3,8,17,False
13109,2024-06-23,3,9,19,False
13110,2024-06-23,3,10,23,False
13111,2024-06-23,3,11,24,False
13112,2024-06-23,3,12,13,False
13113,2024-06-23,3,13,6,False
13114,2024-06-23,3,14,18,True
13115,2024-06-23,3,15,9,False
13116,2024-06-23,3,16,4,False
13117,2024-06-23,3,17,19,False
13118,2024-06-23,3,18,13,False
13119,2024-06-23,3,19,15,False
13120,2024-06-23,3,20,12,False
13121,2024-06-23,3,21,8,False
13122,2024-06-23,3,22,9,False
13123,2024-06-23,3,23,9,False
13124,2024-06-23,3,24,10,False
13125,2024-06-23,3,25,6,False
13126,2024-06-24,1,1,39,False
13127,2024-06-24,1,2,22,False
13128,2024-06-24,1,3,27,False
13129,2024-06-24,1,4,34,False
13130,2024-06-24,1,5,11,False
13131,2024-06-24,1,6,40,False
13132,2024-06-24,1,7,29,False
13133,2024-06-24,1,8,18,False
13134,2024-06-24,1,9,17,False
13135,2024-06-24,1,10,66,True
13136,2024-06-24,1,11,36,False
13137,2024-06-24,1,12,48,True
13138,2024-06-24,1,13,20,False
13139,2024-06-24,1,14,26,False
13140,2024-06-24,1,15,12,False
13141,2024-06-24,1,16,13,False
13142,2024-06-24,1,17,22,False
13143,2024-06-24,1,18,30,False
13144,2024-06-24,1,19,27,False
13145,2024-06-24,1,20,18,False
13146,2024-06-24,1,21,10,False
13147,2024-06-24,1,22,15,False
13148,2024-06-24,1,23,10,False
13149,2024-06-24,1,24,8,False
13150,2024-06-24,1,25,11,False
13151,2024-06-24,2,1,28,False
13152,2024-06-24,2,2,18,False
13153,2024-06-24,2,3,18,False
13154,2024-06-24,2,4,22,False
13155,2024-06-24,2,5,21,False
13156,2024-06-24,2,6,27,False
13157,2024-06-24,2,7,16,False
13158,2024-06-24,2,8,22,False
13159,2024-06-24,2,9,13,False
13160,2024-06-24,2,10,27,False
13161,2024-06-24,2,11,27,False
13162,2024-06-24,2,12,29,False
13163,2024-06-24,2,13,15,False
13164,2024-06-24,2,14,19,False
13165,2024-06-24,2,15,12,False
13166,2024-06-24,2,16,4,False
13167,2024-06-24,2,17,23,False
13168,2024-06-24,2,18,27,False
13169,2024-06-24,2,19,33,False
13170,2024-06-24,2,20,9,False
13171,2024-06-24,2,21,8,False
13172,2024-06-24,2,22,14,False
13173,2024-06-24,2,23,7,False
13174,2024-06-24,2,24,7,False
13175,2024-06-24,2,25,10,False
13176,2024-06-24,3,1,28,False
13177,2024-06-24,3,2,15,False
13178,2024-06-24,3,3,13,False
13179,2024-06-24,3,4,25,True
13180,2024-06-24,3,5,16,True
13181,2024-06-24,3,6,16,False
13182,2024-06-24,3,7,14,False
13183,2024-06-24,3,8,9,False
13184,2024-06-24,3,9,13,False
13185,2024-06-24,3,10,15,False
13186,2024-06-24,3,11,13,False
13187,2024-06-24,3,12,16,False
13188,2024-06-24,3,13,11,False
13189,2024-06-24,3,14,13,False
13190,2024-06-24,3,15,8,False
13191,2024-06-24,3,16,8,False
13192,2024-06-24,3,17,6,False
13193,2024-06-24,3,18,12,False
13194,2024-06-24,3,19,12,False
13195,2024-06-24,3,20,5,False
13196,2024-06-24,3,21,6,False
13197,2024-06-24,3,22,6,False
13198,2024-06-24,3,23,7,False
13199,2024-06-24,3,24,8,False
13200,2024-06-24,3,25,7,False
13201,2024-06-25,1,1,39,False
13202,2024-06-25,1,2,28,False
13203,2024-06-25,1,3,21,False
13204,2024-06-25,1,4,26,False
13205,2024-06-25,1,5,12,False
13206,2024-06-25,1,6,29,False
13207,2024-06-25,1,7,30,False
13208,2024-06-25,1,8,31,False
13209,2024-06-25,1,9,15,False
13210,2024-06-25,1,10,37,False
13211,2024-06-25,1,11,45,False
13212,2024-06-25,1,12,26,False
13213,2024-06-25,1,13,18,False
13214,2024-06-25,1,14,27,False
13215,2024-06-25,1,15,25,False
13216,2024-06-25,1,16,12,False
13217,2024-06-25,1,17,23,False
13218,2024-06-25,1,18,33,False
13219,2024-06-25,1,19,29,False
13220,2024-06-25,1,20,19,False
13221,2024-06-25,1,21,11,True
13222,2024-06-25,1,22,13,False
13223,2024-06-25,1,23,19,False
13224,2024-06-25,1,24,12,False
13225,2024-06-25,1,25,10,False
13226,2024-06-25,2,1,26,False
13227,2024-06-25,2,2,20,False
13228,2024-06-25,2,3,16,False
13229,2024-06-25,2,4,10,False
13230,2024-06-25,2,5,15,False
13231,2024-06-25,2,6,18,False
13232,2024-06-25,2,7,16,False
13233,2024-06-25,2,8,33,False
13234,2024-06-25,2,9,14,False
13235,2024-06-25,2,10,26,False
13236,2024-06-25,2,11,37,False
13237,2024-06-25,2,12,21,False
13238,2024-06-25,2,13,18,False
13239,2024-06-25,2,14,23,False
13240,2024-06-25,2,15,3,False
13241,2024-06-25,2,16,14,False
13242,2024-06-25,2,17,18,False
13243,2024-06-25,2,18,22,False
13244,2024-06-25,2,19,17,False
13245,2024-06-25,2,20,12,False
13246,2024-06-25,2,21,7,False
13247,2024-06-25,2,22,11,False
13248,2024-06-25,2,23,2,False
13249,2024-06-25,2,24,4,False
13250,2024-06-25,2,25,18,False
13251,2024-06-25,3,1,7,False
13252,2024-06-25,3,2,22,False
13253,2024-06-25,3,3,4,False
13254,2024-06-25,3,4,10,False
13255,2024-06-25,3,5,5,False
13256,2024-06-25,3,6,14,False
13257,2024-06-25,3,7,13,False
13258,2024-06-25,3,8,9,False
13259,2024-06-25,3,9,13,False
13260,2024-06-25,3,10,16,False
13261,2024-06-25,3,11,13,False
13262,2024-06-25,3,12,19,False
13263,2024-06-25,3,13,7,False
13264,2024-06-25,3,14,8,False
13265,2024-06-25,3,15,10,False
13266,2024-06-25,3,16,10,False
13267,2024-06-25,3,17,14,False
13268,2024-06-25,3,18,7,False
13269,2024-06-25,3,19,13,False
13270,2024-06-25,3,20,10,False
13271,2024-06-25,3,21,9,False
13272,2024-06-25,3,22,7,False
13273,2024-06-25,3,23,7,False
13274,2024-06-25,3,24,5,False
13275,2024-06-25,3,25,8,False
13276,2024-06-26,1,1,30,False
13277,2024-06-26,1,2,26,False
13278,2024-06-26,1,3,22,False
13279,2024-06-26,1,4,30,False
13280,2024-06-26,1,5,18,False
13281,2024-06-26,1,6,30,False
13282,2024-06-26,1,7,20,False
13283,2024-06-26,1,8,27,False
13284,2024-06-26,1,9,29,True
13285,2024-06-26,1,10,32,False
13286,2024-06-26,1,11,45,False
13287,2024-06-26,1,12,46,False
13288,2024-06-26,1,13,16,False
13289,2024-06-26,1,14,30,False
13290,2024-06-26,1,15,17,False
13291,2024-06-26,1,16,13,False
13292,2024-06-26,1,17,23,False
13293,2024-06-26,1,18,25,False
13294,2024-06-26,1,19,36,False
13295,2024-06-26,1,20,19,False
13296,2024-06-26,1,21,15,False
13297,2024-06-26,1,22,15,False
13298,2024-06-26,1,23,21,False
13299,2024-06-26,1,24,12,False
13300,2024-06-26,1,25,23,False
13301,2024-06-26,2,1,23,False
13302,2024-06-26,2,2,25,False
13303,2024-06-26,2,3,10,False
13304,2024-06-26,2,4,17,False
13305,2024-06-26,2,5,12,False
13306,2024-06-26,2,6,33,False
13307,2024-06-26,2,7,26,False
13308,2024-06-26,2,8,30,False
13309,2024-06-26,2,9,10,False
13310,2024-06-26,2,10,39,False
13311,2024-06-26,2,11,30,False
13312,2024-06-26,2,12,20,False
13313,2024-06-26,2,13,17,False
13314,2024-06-26,2,14,19,False
13315,2024-06-26,2,15,19,False
13316,2024-06-26,2,16,8,False
13317,2024-06-26,2,17,25,False
13318,2024-06-26,2,18,23,False
13319,2024-06-26,2,19,18,False
13320,2024-06-26,2,20,13,False
13321,2024-06-26,2,21,9,False
13322,2024-06-26,2,22,13,False
13323,2024-06-26,2,23,3,False
13324,2024-06-26,2,24,6,False
13325,2024-06-26,2,25,6,False
13326,2024-06-26,3,1,12,False
13327,2024-06-26,3,2,10,False
13328,2024-06-26,3,3,9,False
13329,2024-06-26,3,4,4,False
13330,2024-06-26,3,5,7,False
13331,2024-06-26,3,6,19,False
13332,2024-06-26,3,7,13,False
13333,2024-06-26,3,8,6,False
13334,2024-06-26,3,9,5,False
13335,2024-06-26,3,10,7,False
13336,2024-06-26,3,11,21,False
13337,2024-06-26,3,12,17,False
13338,2024-06-26,3,13,10,False
13339,2024-06-26,3,14,8,False
13340,2024-06-26,3,15,9,False
13341,2024-06-26,3,16,10,False
13342,2024-06-26,3,17,7,False
13343,2024-06-26,3,18,13,False
13344,2024-06-26,3,19,16,False
13345,2024-06-26,3,20,12,False
13346,2024-06-26,3,21,3,False
13347,2024-06-26,3,22,13,False
13348,2024-06-26,3,23,5,False
13349,2024-06-26,3,24,3,False
13350,2024-06-26,3,25,10,False
13351,2024-06-27,1,1,39,False
13352,2024-06-27,1,2,23,False
13353,2024-06-27,1,3,25,True
13354,2024-06-27,1,4,33,False
13355,2024-06-27,1,5,18,False
13356,2024-06-27,1,6,28,False
13357,2024-06-27,1,7,55,True
13358,2024-06-27,1,8,21,False
13359,2024-06-27,1,9,27,False
13360,2024-06-27,1,10,42,False
13361,2024-06-27,1,11,32,False
13362,2024-06-27,1,12,37,False
13363,2024-06-27,1,13,23,False
13364,2024-06-27,1,14,24,False
13365,2024-06-27,1,15,13,True
13366,2024-06-27,1,16,8,False
13367,2024-06-27,1,17,23,False
13368,2024-06-27,1,18,32,False
13369,2024-06-27,1,19,20,False
13370,2024-06-27,1,20,22,False
13371,2024-06-27,1,21,15,False
13372,2024-06-27,1,22,17,False
13373,2024-06-27,1,23,14,False
13374,2024-06-27,1,24,3,False
13375,2024-06-27,1,25,16,False
13376,2024-06-27,2,1,15,False
13377,2024-06-27,2,2,19,False
13378,2024-06-27,2,3,10,False
13379,2024-06-27,2,4,24,False
13380,2024-06-27,2,5,9,False
13381,2024-06-27,2,6,21,False
13382,2024-06-27,2,7,17,False
13383,2024-06-27,2,8,16,False
13384,2024-06-27,2,9,24,False
13385,2024-06-27,2,10,21,False
13386,2024-06-27,2,11,20,False
13387,2024-06-27,2,12,21,False
13388,2024-06-27,2,13,14,False
13389,2024-06-27,2,14,26,False
13390,2024-06-27,2,15,16,False
13391,2024-06-27,2,16,11,False
13392,2024-06-27,2,17,17,False
13393,2024-06-27,2,18,37,True
13394,2024-06-27,2,19,35,False
13395,2024-06-27,2,20,10,False
13396,2024-06-27,2,21,12,False
13397,2024-06-27,2,22,13,False
13398,2024-06-27,2,23,2,False
13399,2024-06-27,2,24,10,False
13400,2024-06-27,2,25,7,False
13401,2024-06-27,3,1,15,False
13402,2024-06-27,3,2,18,False
13403,2024-06-27,3,3,8,False
13404,2024-06-27,3,4,12,False
13405,2024-06-27,3,5,5,False
13406,2024-06-27,3,6,10,False
13407,2024-06-27,3,7,17,False
13408,2024-06-27,3,8,11,False
13409,2024-06-27,3,9,19,True
13410,2024-06-27,3,10,18,False
13411,2024-06-27,3,11,16,False
13412,2024-06-27,3,12,19,False
13413,2024-06-27,3,13,11,False
13414,2024-06-27,3,14,7,False
13415,2024-06-27,3,15,11,True
13416,2024-06-27,3,16,3,False
13417,2024-06-27,3,17,10,False
13418,2024-06-27,3,18,7,False
13419,2024-06-27,3,19,14,True
13420,2024-06-27,3,20,14,False
13421,2024-06-27,3,21,5,False
13422,2024-06-27,3,22,5,False
13423,2024-06-27,3,23,7,False
13424,2024-06-27,3,24,6,False
13425,2024-06-27,3,25,6,False
13426,2024-06-28,1,1,48,False
13427,2024-06-28,1,2,22,False
13428,2024-06-28,1,3,39,True
13429,2024-06-28,1,4,28,False
13430,2024-06-28,1,5,11,False
13431,2024-06-28,1,6,35,False
13432,2024-06-28,1,7,36,False
13433,2024-06-28,1,8,38,False
13434,2024-06-28,1,9,30,True
13435,2024-06-28,1,10,38,False
13436,2024-06-28,1,11,36,False
13437,2024-06-28,1,12,24,False
13438,2024-06-28,1,13,20,False
13439,2024-06-28,1,14,27,False
13440,2024-06-28,1,15,17,False
13441,2024-06-28,1,16,19,False
13442,2024-06-28,1,17,21,False
13443,2024-06-28,1,18,14,False
13444,2024-06-28,1,19,19,False
13445,2024-06-28,1,20,16,False
13446,2024-06-28,1,21,14,False
13447,2024-06-28,1,22,13,False
13448,2024-06-28,1,23,10,False
13449,2024-06-28,1,24,15,False
13450,2024-06-28,1,25,21,False
13451,2024-06-28,2,1,25,False
13452,2024-06-28,2,2,21,False
13453,2024-06-28,2,3,23,False
13454,2024-06-28,2,4,22,False
13455,2024-06-28,2,5,19,False
13456,2024-06-28,2,6,20,False
13457,2024-06-28,2,7,7,False
13458,2024-06-28,2,8,22,False
13459,2024-06-28,2,9,33,True
13460,2024-06-28,2,10,24,False
13461,2024-06-28,2,11,39,False
13462,2024-06-28,2,12,24,False
13463,2024-06-28,2,13,16,False
13464,2024-06-28,2,14,23,False
13465,2024-06-28,2,15,12,False
13466,2024-06-28,2,16,15,False
13467,2024-06-28,2,17,20,False
13468,2024-06-28,2,18,16,False
13469,2024-06-28,2,19,17,False
13470,2024-06-28,2,20,16,False
13471,2024-06-28,2,21,10,False
13472,2024-06-28,2,22,15,False
13473,2024-06-28,2,23,5,False
13474,2024-06-28,2,24,6,False
13475,2024-06-28,2,25,12,False
13476,2024-06-28,3,1,19,False
13477,2024-06-28,3,2,13,False
13478,2024-06-28,3,3,18,True
13479,2024-06-28,3,4,14,False
13480,2024-06-28,3,5,12,False
13481,2024-06-28,3,6,15,False
13482,2024-06-28,3,7,15,False
13483,2024-06-28,3,8,6,False
13484,2024-06-28,3,9,9,False
13485,2024-06-28,3,10,24,False
13486,2024-06-28,3,11,18,False
13487,2024-06-28,3,12,12,False
13488,2024-06-28,3,13,16,False
13489,2024-06-28,3,14,11,False
13490,2024-06-28,3,15,6,False
13491,2024-06-28,3,16,11,False
13492,2024-06-28,3,17,15,False
13493,2024-06-28,3,18,11,False
13494,2024-06-28,3,19,11,False
13495,2024-06-28,3,20,6,False
13496,2024-06-28,3,21,12,False
13497,2024-06-28,3,22,3,False
13498,2024-06-28,3,23,2,False
13499,2024-06-28,3,24,5,False
13500,2024-06-28,3,25,7,False
13501,2024-06-29,1,1,59,False
13502,2024-06-29,1,2,32,False
13503,2024-06-29,1,3,31,False
13504,2024-06-29,1,4,39,False
13505,2024-06-29,1,5,24,False
13506,2024-06-29,1,6,61,True
13507,2024-06-29,1,7,36,False
13508,2024-06-29,1,8,30,False
13509,2024-06-29,1,9,23,False
13510,2024-06-29,1,10,45,False
13511,2024-06-29,1,11,68,True
13512,2024-06-29,1,12,57,False
13513,2024-06-29,1,13,19,False
13514,2024-06-29,1,14,40,False
13515,2024-06-29,1,15,27,False
13516,2024-06-29,1,16,11,False
13517,2024-06-29,1,17,37,False
13518,2024-06-29,1,18,25,False
13519,2024-06-29,1,19,28,False
13520,2024-06-29,1,20,19,False
13521,2024-06-29,1,21,22,False
13522,2024-06-29,1,22,18,False
13523,2024-06-29,1,23,13,False
13524,2024-06-29,1,24,15,False
13525,2024-06-29,1,25,22,False
13526,2024-06-29,2,1,51,True
13527,2024-06-29,2,2,35,False
13528,2024-06-29,2,3,27,False
13529,2024-06-29,2,4,28,False
13530,2024-06-29,2,5,24,False
13531,2024-06-29,2,6,42,False
13532,2024-06-29,2,7,34,False
13533,2024-06-29,2,8,27,False
13534,2024-06-29,2,9,20,False
13535,2024-06-29,2,10,39,False
13536,2024-06-29,2,11,31,False
13537,2024-06-29,2,12,29,False
13538,2024-06-29,2,13,15,False
13539,2024-06-29,2,14,24,False
13540,2024-06-29,2,15,21,False
13541,2024-06-29,2,16,11,False
13542,2024-06-29,2,17,25,False
13543,2024-06-29,2,18,26,False
13544,2024-06-29,2,19,24,False
13545,2024-06-29,2,20,9,False
13546,2024-06-29,2,21,16,False
13547,2024-06-29,2,22,10,False
13548,2024-06-29,2,23,5,False
13549,2024-06-29,2,24,6,False
13550,2024-06-29,2,25,10,False
13551,2024-06-29,3,1,25,False
13552,2024-06-29,3,2,21,False
13553,2024-06-29,3,3,14,False
13554,2024-06-29,3,4,16,False
13555,2024-06-29,3,5,16,True
13556,2024-06-29,3,6,26,False
13557,2024-06-29,3,7,10,False
13558,2024-06-29,3,8,14,False
13559,2024-06-29,3,9,17,False
13560,2024-06-29,3,10,17,False
13561,2024-06-29,3,11,20,False
13562,2024-06-29,3,12,19,False
13563,2024-06-29,3,13,11,False
13564,2024-06-29,3,14,12,False
13565,2024-06-29,3,15,22,True
13566,2024-06-29,3,16,7,False
13567,2024-06-29,3,17,12,False
13568,2024-06-29,3,18,14,False
13569,2024-06-29,3,19,31,True
13570,2024-06-29,3,20,15,False
13571,2024-06-29,3,21,12,False
13572,2024-06-29,3,22,10,False
13573,2024-06-29,3,23,6,False
13574,2024-06-29,3,24,6,False
13575,2024-06-29,3,25,9,False
13576,2024-06-30,1,1,53,False
13577,2024-06-30,1,2,41,False
13578,2024-06-30,1,3,32,False
13579,2024-06-30,1,4,54,False
13580,2024-06-30,1,5,17,False
13581,2024-06-30,1,6,33,False
13582,2024-06-30,1,7,39,False
13583,2024-06-30,1,8,72,True
13584,2024-06-30,1,9,24,False
13585,2024-06-30,1,10,42,False
13586,2024-06-30,1,11,46,False
13587,2024-06-30,1,12,39,False
13588,2024-06-30,1,13,28,False
13589,2024-06-30,1,14,29,False
13590,2024-06-30,1,15,16,False
13591,2024-06-30,1,16,18,False
13592,2024-06-30,1,17,31,False
13593,2024-06-30,1,18,28,False
13594,2024-06-30,1,19,42,False
13595,2024-06-30,1,20,17,False
13596,2024-06-30,1,21,23,False
13597,2024-06-30,1,22,16,False
13598,2024-06-30,1,23,26,True
13599,2024-06-30,1,24,15,False
13600,2024-06-30,1,25,29,False
13601,2024-06-30,2,1,34,False
13602,2024-06-30,2,2,28,False
13603,2024-06-30,2,3,14,False
13604,2024-06-30,2,4,21,False
13605,2024-06-30,2,5,15,False
13606,2024-06-30,2,6,28,False
13607,2024-06-30,2,7,21,False
13608,2024-06-30,2,8,26,False
13609,2024-06-30,2,9,12,False
13610,2024-06-30,2,10,41,False
13611,2024-06-30,2,11,43,False
13612,2024-06-30,2,12,38,False
13613,2024-06-30,2,13,22,False
13614,2024-06-30,2,14,30,False
13615,2024-06-30,2,15,20,False
13616,2024-06-30,2,16,12,False
13617,2024-06-30,2,17,18,False
13618,2024-06-30,2,18,29,False
13619,2024-06-30,2,19,26,False
13620,2024-06-30,2,20,15,False
13621,2024-06-30,2,21,16,False
13622,2024-06-30,2,22,17,False
13623,2024-06-30,2,23,10,False
13624,2024-06-30,2,24,7,False
13625,2024-06-30,2,25,19,False
13626,2024-06-30,3,1,22,False
13627,2024-06-30,3,2,16,False
13628,2024-06-30,3,3,12,False
13629,2024-06-30,3,4,12,False
13630,2024-06-30,3,5,9,False
13631,2024-06-30,3,6,13,False
13632,2024-06-30,3,7,15,False
13633,2024-06-30,3,8,18,False
13634,2024-06-30,3,9,5,False
13635,2024-06-30,3,10,28,False
13636,2024-06-30,3,11,13,False
13637,2024-06-30,3,12,17,False
13638,2024-06-30,3,13,23,False
13639,2024-06-30,3,14,20,False
13640,2024-06-30,3,15,8,False
13641,2024-06-30,3,16,7,False
13642,2024-06-30,3,17,17,False
13643,2024-06-30,3,18,9,False
13644,2024-06-30,3,19,16,False
13645,2024-06-30,3,20,7,False
13646,2024-06-30,3,21,3,False
13647,2024-06-30,3,22,9,False
13648,2024-06-30,3,23,4,False
13649,2024-06-30,3,24,0,False
13650,2024-06-30,3,25,5,False
13651,2024-07-01,1,1,29,False
13652,2024-07-01,1,2,46,True
13653,2024-07-01,1,3,17,False
13654,2024-07-01,1,4,35,False
13655,2024-07-01,1,5,14,False
13656,2024-07-01,1,6,42,False
13657,2024-07-01,1,7,26,False
13658,2024-07-01,1,8,36,False
13659,2024-07-01,1,9,14,False
13660,2024-07-01,1,10,37,False
13661,2024-07-01,1,11,45,False
13662,2024-07-01,1,12,34,False
13663,2024-07-01,1,13,31,True
13664,2024-07-01,1,14,56,True
13665,2024-07-01,1,15,26,True
13666,2024-07-01,1,16,21,False
13667,2024-07-01,1,17,20,False
13668,2024-07-01,1,18,26,False
13669,2024-07-01,1,19,25,False
13670,2024-07-01,1,20,12,False
13671,2024-07-01,1,21,15,False
13672,2024-07-01,1,22,21,False
13673,2024-07-01,1,23,15,False
13674,2024-07-01,1,24,18,False
13675,2024-07-01,1,25,35,True
13676,2024-07-01,2,1,37,False
13677,2024-07-01,2,2,19,False
13678,2024-07-01,2,3,22,False
13679,2024-07-01,2,4,20,False
13680,2024-07-01,2,5,7,False
13681,2024-07-01,2,6,25,False
13682,2024-07-01,2,7,16,False
13683,2024-07-01,2,8,16,False
13684,2024-07-01,2,9,9,False
13685,2024-07-01,2,10,17,False
13686,2024-07-01,2,11,26,False
13687,2024-07-01,2,12,22,False
13688,2024-07-01,2,13,9,False
13689,2024-07-01,2,14,34,True
13690,2024-07-01,2,15,12,False
13691,2024-07-01,2,16,8,False
13692,2024-07-01,2,17,17,False
13693,2024-07-01,2,18,12,False
13694,2024-07-01,2,19,24,False
13695,2024-07-01,2,20,16,True
13696,2024-07-01,2,21,8,False
13697,2024-07-01,2,22,4,False
13698,2024-07-01,2,23,10,False
13699,2024-07-01,2,24,11,False
13700,2024-07-01,2,25,7,False
13701,2024-07-01,3,1,17,False
13702,2024-07-01,3,2,8,False
13703,2024-07-01,3,3,9,False
13704,2024-07-01,3,4,11,False
13705,2024-07-01,3,5,13,False
13706,2024-07-01,3,6,11,False
13707,2024-07-01,3,7,9,False
13708,2024-07-01,3,8,16,False
13709,2024-07-01,3,9,6,False
13710,2024-07-01,3,10,18,False
13711,2024-07-01,3,11,23,True
13712,2024-07-01,3,12,10,False
13713,2024-07-01,3,13,7,False
13714,2024-07-01,3,14,7,False
13715,2024-07-01,3,15,7,False
13716,2024-07-01,3,16,4,False
13717,2024-07-01,3,17,6,False
13718,2024-07-01,3,18,14,False
13719,2024-07-01,3,19,10,False
13720,2024-07-01,3,20,8,False
13721,2024-07-01,3,21,5,False
13722,2024-07-01,3,22,5,False
13723,2024-07-01,3,23,5,False
13724,2024-07-01,3,24,3,False
13725,2024-07-01,3,25,9,True
13726,2024-07-02,1,1,33,False
13727,2024-07-02,1,2,30,False
13728,2024-07-02,1,3,22,False
13729,2024-07-02,1,4,34,False
13730,2024-07-02,1,5,13,False
13731,2024-07-02,1,6,37,False
13732,2024-07-02,1,7,29,False
13733,2024-07-02,1,8,28,False
13734,2024-07-02,1,9,30,True
13735,2024-07-02,1,10,35,False
13736,2024-07-02,1,11,33,False
13737,2024-07-02,1,12,28,False
13738,2024-07-02,1,13,19,False
13739,2024-07-02,1,14,20,False
13740,2024-07-02,1,15,15,False
13741,2024-07-02,1,16,13,False
13742,2024-07-02,1,17,25,False
13743,2024-07-02,1,18,19,False
13744,2024-07-02,1,19,29,False
13745,2024-07-02,1,20,21,False
13746,2024-07-02,1,21,11,False
13747,2024-07-02,1,22,5,False
13748,2024-07-02,1,23,18,False
13749,2024-07-02,1,24,19,True
13750,2024-07-02,1,25,16,False
13751,2024-07-02,2,1,23,False
13752,2024-07-02,2,2,22,False
13753,2024-07-02,2,3,15,False
13754,2024-07-02,2,4,21,False
13755,2024-07-02,2,5,12,False
13756,2024-07-02,2,6,23,False
13757,2024-07-02,2,7,16,False
13758,2024-07-02,2,8,22,False
13759,2024-07-02,2,9,18,False
13760,2024-07-02,2,10,39,False
13761,2024-07-02,2,11,27,False
13762,2024-07-02,2,12,31,False
13763,2024-07-02,2,13,20,False
13764,2024-07-02,2,14,24,False
13765,2024-07-02,2,15,15,False
13766,2024-07-02,2,16,15,False
13767,2024-07-02,2,17,10,False
13768,2024-07-02,2,18,17,False
13769,2024-07-02,2,19,24,False
13770,2024-07-02,2,20,16,False
13771,2024-07-02,2,21,6,False
13772,2024-07-02,2,22,13,False
13773,2024-07-02,2,23,7,False
13774,2024-07-02,2,24,6,False
13775,2024-07-02,2,25,16,False
13776,2024-07-02,3,1,17,False
13777,2024-07-02,3,2,8,False
13778,2024-07-02,3,3,14,False
13779,2024-07-02,3,4,11,False
13780,2024-07-02,3,5,4,False
13781,2024-07-02,3,6,12,False
13782,2024-07-02,3,7,10,False
13783,2024-07-02,3,8,9,False
13784,2024-07-02,3,9,15,True
13785,2024-07-02,3,10,20,False
13786,2024-07-02,3,11,12,False
13787,2024-07-02,3,12,13,False
13788,2024-07-02,3,13,13,False
13789,2024-07-02,3,14,12,False
13790,2024-07-02,3,15,9,True
13791,2024-07-02,3,16,4,False
13792,2024-07-02,3,17,17,False
13793,2024-07-02,3,18,7,False
13794,2024-07-02,3,19,11,False
13795,2024-07-02,3,20,7,False
13796,2024-07-02,3,21,9,True
13797,2024-07-02,3,22,4,False
13798,2024-07-02,3,23,2,False
13799,2024-07-02,3,24,9,False
13800,2024-07-02,3,25,7,False
13801,2024-07-03,1,1,36,False
13802,2024-07-03,1,2,33,False
13803,2024-07-03,1,3,22,False
13804,2024-07-03,1,4,32,False
13805,2024-07-03,1,5,15,False
13806,2024-07-03,1,6,39,False
13807,2024-07-03,1,7,29,False
13808,2024-07-03,1,8,33,False
13809,2024-07-03,1,9,28,False
13810,2024-07-03,1,10,35,False
13811,2024-07-03,1,11,28,False
13812,2024-07-03,1,12,33,False
13813,2024-07-03,1,13,19,False
13814,2024-07-03,1,14,28,False
13815,2024-07-03,1,15,13,False
13816,2024-07-03,1,16,12,False
13817,2024-07-03,1,17,24,False
13818,2024-07-03,1,18,25,False
13819,2024-07-03,1,19,38,False
13820,2024-07-03,1,20,20,False
13821,2024-07-03,1,21,11,False
13822,2024-07-03,1,22,15,False
13823,2024-07-03,1,23,18,True
13824,2024-07-03,1,24,7,False
13825,2024-07-03,1,25,13,False
13826,2024-07-03,2,1,40,True
13827,2024-07-03,2,2,10,False
13828,2024-07-03,2,3,12,False
13829,2024-07-03,2,4,22,False
13830,2024-07-03,2,5,9,False
13831,2024-07-03,2,6,26,False
13832,2024-07-03,2,7,21,False
13833,2024-07-03,2,8,28,False
13834,2024-07-03,2,9,14,False
13835,2024-07-03,2,10,23,False
13836,2024-07-03,2,11,27,False
13837,2024-07-03,2,12,30,False
13838,2024-07-03,2,13,13,False
13839,2024-07-03,2,14,23,False
13840,2024-07-03,2,15,9,False
13841,2024-07-03,2,16,6,False
13842,2024-07-03,2,17,20,False
13843,2024-07-03,2,18,13,False
13844,2024-07-03,2,19,18,False
13845,2024-07-03,2,20,12,False
13846,2024-07-03,2,21,17,False
13847,2024-07-03,2,22,6,False
13848,2024-07-03,2,23,10,False
13849,2024-07-03,2,24,8,False
13850,2024-07-03,2,25,13,False
13851,2024-07-03,3,1,24,False
13852,2024-07-03,3,2,15,False
13853,2024-07-03,3,3,8,False
13854,2024-07-03,3,4,10,False
13855,2024-07-03,3,5,5,False
13856,2024-07-03,3,6,14,False
13857,2024-07-03,3,7,14,False
13858,2024-07-03,3,8,6,False
13859,2024-07-03,3,9,22,True
13860,2024-07-03,3,10,14,False
13861,2024-07-03,3,11,15,False
13862,2024-07-03,3,12,14,False
13863,2024-07-03,3,13,11,False
13864,2024-07-03,3,14,4,False
13865,2024-07-03,3,15,8,False
13866,2024-07-03,3,16,8,False
13867,2024-07-03,3,17,12,False
13868,2024-07-03,3,18,14,False
13869,2024-07-03,3,19,9,False
13870,2024-07-03,3,20,14,True
13871,2024-07-03,3,21,12,False
13872,2024-07-03,3,22,4,False
13873,2024-07-03,3,23,3,False
13874,2024-07-03,3,24,3,False
13875,2024-07-03,3,25,8,False
13876,2024-07-04,1,1,56,False
13877,2024-07-04,1,2,31,False
13878,2024-07-04,1,3,27,False
13879,2024-07-04,1,4,30,False
13880,2024-07-04,1,5,13,False
13881,2024-07-04,1,6,26,False
13882,2024-07-04,1,7,43,True
13883,2024-07-04,1,8,34,False
13884,2024-07-04,1,9,18,False
13885,2024-07-04,1,10,42,False
13886,2024-07-04,1,11,37,False
13887,2024-07-04,1,12,36,False
13888,2024-07-04,1,13,23,False
13889,2024-07-04,1,14,24,False
13890,2024-07-04,1,15,17,False
13891,2024-07-04,1,16,11,False
13892,2024-07-04,1,17,22,False
13893,2024-07-04,1,18,19,False
13894,2024-07-04,1,19,31,False
13895,2024-07-04,1,20,22,False
13896,2024-07-04,1,21,13,False
13897,2024-07-04,1,22,21,False
13898,2024-07-04,1,23,9,False
13899,2024-07-04,1,24,13,False
13900,2024-07-04,1,25,4,False
13901,2024-07-04,2,1,22,False
13902,2024-07-04,2,2,18,False
13903,2024-07-04,2,3,15,False
13904,2024-07-04,2,4,30,False
13905,2024-07-04,2,5,15,False
13906,2024-07-04,2,6,23,False
13907,2024-07-04,2,7,29,False
13908,2024-07-04,2,8,23,False
13909,2024-07-04,2,9,16,False
13910,2024-07-04,2,10,56,True
13911,2024-07-04,2,11,30,False
13912,2024-07-04,2,12,28,False
13913,2024-07-04,2,13,11,False
13914,2024-07-04,2,14,19,False
13915,2024-07-04,2,15,8,False
13916,2024-07-04,2,16,8,False
13917,2024-07-04,2,17,18,False
13918,2024-07-04,2,18,17,False
13919,2024-07-04,2,19,23,False
13920,2024-07-04,2,20,14,False
13921,2024-07-04,2,21,14,False
13922,2024-07-04,2,22,11,False
13923,2024-07-04,2,23,4,False
13924,2024-07-04,2,24,6,False
13925,2024-07-04,2,25,17,False
13926,2024-07-04,3,1,8,False
13927,2024-07-04,3,2,25,False
13928,2024-07-04,3,3,7,False
13929,2024-07-04,3,4,10,False
13930,2024-07-04,3,5,3,False
13931,2024-07-04,3,6,17,False
13932,2024-07-04,3,7,10,False
13933,2024-07-04,3,8,13,False
13934,2024-07-04,3,9,13,False
13935,2024-07-04,3,10,12,False
13936,2024-07-04,3,11,16,False
13937,2024-07-04,3,12,14,False
13938,2024-07-04,3,13,15,False
13939,2024-07-04,3,14,16,False
13940,2024-07-04,3,15,11,False
13941,2024-07-04,3,16,8,False
13942,2024-07-04,3,17,16,False
13943,2024-07-04,3,18,10,False
13944,2024-07-04,3,19,16,False
13945,2024-07-04,3,20,11,False
13946,2024-07-04,3,21,8,False
13947,2024-07-04,3,22,15,False
13948,2024-07-04,3,23,3,False
13949,2024-07-04,3,24,11,False
13950,2024-07-04,3,25,3,False
13951,2024-07-05,1,1,47,False
13952,2024-07-05,1,2,25,False
13953,2024-07-05,1,3,23,False
13954,2024-07-05,1,4,23,False
13955,2024-07-05,1,5,32,False
13956,2024-07-05,1,6,25,False
13957,2024-07-05,1,7,29,False
13958,2024-07-05,1,8,33,False
13959,2024-07-05,1,9,21,False
13960,2024-07-05,1,10,31,False
13961,2024-07-05,1,11,36,False
13962,2024-07-05,1,12,37,False
13963,2024-07-05,1,13,23,False
13964,2024-07-05,1,14,28,False
13965,2024-07-05,1,15,17,False
13966,2024-07-05,1,16,19,False
13967,2024-07-05,1,17,26,False
13968,2024-07-05,1,18,28,False
13969,2024-07-05,1,19,35,False
13970,2024-07-05,1,20,13,False
13971,2024-07-05,1,21,12,False
13972,2024-07-05,1,22,14,False
13973,2024-07-05,1,23,6,False
13974,2024-07-05,1,24,8,False
13975,2024-07-05,1,25,21,False
13976,2024-07-05,2,1,29,False
13977,2024-07-05,2,2,19,False
13978,2024-07-05,2,3,20,False
13979,2024-07-05,2,4,25,False
13980,2024-07-05,2,5,20,False
13981,2024-07-05,2,6,21,False
13982,2024-07-05,2,7,16,False
13983,2024-07-05,2,8,16,False
13984,2024-07-05,2,9,23,False
13985,2024-07-05,2,10,24,False
13986,2024-07-05,2,11,16,False
13987,2024-07-05,2,12,20,False
13988,2024-07-05,2,13,16,False
13989,2024-07-05,2,14,23,False
13990,2024-07-05,2,15,13,False
13991,2024-07-05,2,16,11,False
13992,2024-07-05,2,17,22,True
13993,2024-07-05,2,18,21,False
13994,2024-07-05,2,19,14,False
13995,2024-07-05,2,20,10,False
13996,2024-07-05,2,21,8,False
13997,2024-07-05,2,22,15,False
13998,2024-07-05,2,23,12,True
13999,2024-07-05,2,24,8,False
14000,2024-07-05,2,25,12,False
14001,2024-07-05,3,1,17,False
14002,2024-07-05,3,2,9,False
14003,2024-07-05,3,3,12,False
14004,2024-07-05,3,4,13,False
14005,2024-07-05,3,5,14,False
14006,2024-07-05,3,6,14,False
14007,2024-07-05,3,7,12,False
14008,2024-07-05,3,8,10,False
14009,2024-07-05,3,9,11,False
14010,2024-07-05,3,10,11,False
14011,2024-07-05,3,11,13,False
14012,2024-07-05,3,12,16,False
14013,2024-07-05,3,13,8,False
14014,2024-07-05,3,14,13,False
14015,2024-07-05,3,15,11,False
14016,2024-07-05,3,16,5,False
14017,2024-07-05,3,17,5,False
14018,2024-07-05,3,18,16,False
14019,2024-07-05,3,19,9,False
14020,2024-07-05,3,20,8,False
14021,2024-07-05,3,21,7,False
14022,2024-07-05,3,22,5,False
14023,2024-07-05,3,23,10,False
14024,2024-07-05,3,24,6,False
14025,2024-07-05,3,25,12,False
14026,2024-07-06,1,1,41,False
14027,2024-07-06,1,2,44,False
14028,2024-07-06,1,3,26,False
14029,2024-07-06,1,4,36,False
14030,2024-07-06,1,5,23,False
14031,2024-07-06,1,6,36,False
14032,2024-07-06,1,7,30,False
14033,2024-07-06,1,8,39,False
14034,2024-07-06,1,9,19,False
14035,2024-07-06,1,10,41,False
14036,2024-07-06,1,11,51,False
14037,2024-07-06,1,12,40,False
14038,2024-07-06,1,13,15,False
14039,2024-07-06,1,14,40,False
14040,2024-07-06,1,15,20,False
14041,2024-07-06,1,16,10,False
14042,2024-07-06,1,17,28,False
14043,2024-07-06,1,18,33,False
14044,2024-07-06,1,19,30,False
14045,2024-07-06,1,20,25,False
14046,2024-07-06,1,21,9,False
14047,2024-07-06,1,22,32,False
14048,2024-07-06,1,23,20,False
14049,2024-07-06,1,24,13,False
14050,2024-07-06,1,25,27,False
14051,2024-07-06,2,1,33,False
14052,2024-07-06,2,2,18,False
14053,2024-07-06,2,3,26,False
14054,2024-07-06,2,4,39,False
14055,2024-07-06,2,5,10,False
14056,2024-07-06,2,6,34,False
14057,2024-07-06,2,7,19,False
14058,2024-07-06,2,8,27,False
14059,2024-07-06,2,9,27,False
14060,2024-07-06,2,10,42,False
14061,2024-07-06,2,11,29,False
14062,2024-07-06,2,12,30,False
14063,2024-07-06,2,13,17,False
14064,2024-07-06,2,14,26,False
14065,2024-07-06,2,15,19,False
14066,2024-07-06,2,16,14,False
14067,2024-07-06,2,17,18,False
14068,2024-07-06,2,18,22,False
14069,2024-07-06,2,19,32,False
14070,2024-07-06,2,20,9,False
14071,2024-07-06,2,21,22,False
14072,2024-07-06,2,22,15,False
14073,2024-07-06,2,23,8,False
14074,2024-07-06,2,24,11,False
14075,2024-07-06,2,25,16,False
14076,2024-07-06,3,1,22,False
14077,2024-07-06,3,2,24,False
14078,2024-07-06,3,3,13,False
14079,2024-07-06,3,4,16,False
14080,2024-07-06,3,5,14,False
14081,2024-07-06,3,6,12,False
14082,2024-07-06,3,7,21,False
14083,2024-07-06,3,8,19,False
14084,2024-07-06,3,9,18,False
14085,2024-07-06,3,10,18,False
14086,2024-07-06,3,11,15,False
14087,2024-07-06,3,12,21,False
14088,2024-07-06,3,13,16,False
14089,2024-07-06,3,14,8,False
14090,2024-07-06,3,15,8,False
14091,2024-07-06,3,16,9,False
14092,2024-07-06,3,17,14,False
14093,2024-07-06,3,18,17,False
14094,2024-07-06,3,19,12,False
14095,2024-07-06,3,20,8,False
14096,2024-07-06,3,21,7,False
14097,2024-07-06,3,22,8,False
14098,2024-07-06,3,23,4,False
14099,2024-07-06,3,24,8,False
14100,2024-07-06,3,25,11,False
14101,2024-07-07,1,1,48,False
14102,2024-07-07,1,2,35,False
14103,2024-07-07,1,3,26,False
14104,2024-07-07,1,4,32,False
14105,2024-07-07,1,5,23,False
14106,2024-07-07,1,6,41,False
14107,2024-07-07,1,7,60,True
14108,2024-07-07,1,8,50,False
14109,2024-07-07,1,9,20,False
14110,2024-07-07,1,10,53,False
14111,2024-07-07,1,11,49,False
14112,2024-07-07,1,12,47,False
14113,2024-07-07,1,13,35,True
14114,2024-07-07,1,14,27,False
14115,2024-07-07,1,15,20,False
14116,2024-07-07,1,16,28,True
14117,2024-07-07,1,17,32,False
14118,2024-07-07,1,18,34,False
14119,2024-07-07,1,19,45,False
14120,2024-07-07,1,20,19,False
14121,2024-07-07,1,21,16,False
14122,2024-07-07,1,22,18,False
14123,2024-07-07,1,23,14,False
14124,2024-07-07,1,24,20,False
14125,2024-07-07,1,25,19,False
14126,2024-07-07,2,1,44,False
14127,2024-07-07,2,2,19,False
14128,2024-07-07,2,3,26,False
14129,2024-07-07,2,4,32,False
14130,2024-07-07,2,5,17,False
14131,2024-07-07,2,6,35,False
14132,2024-07-07,2,7,23,False
14133,2024-07-07,2,8,34,False
14134,2024-07-07,2,9,24,False
14135,2024-07-07,2,10,33,False
14136,2024-07-07,2,11,43,False
14137,2024-07-07,2,12,31,False
14138,2024-07-07,2,13,15,False
14139,2024-07-07,2,14,19,False
14140,2024-07-07,2,15,16,False
14141,2024-07-07,2,16,16,False
14142,2024-07-07,2,17,18,False
14143,2024-07-07,2,18,31,False
14144,2024-07-07,2,19,24,False
14145,2024-07-07,2,20,13,False
14146,2024-07-07,2,21,19,False
14147,2024-07-07,2,22,10,False
14148,2024-07-07,2,23,13,False
14149,2024-07-07,2,24,15,False
14150,2024-07-07,2,25,17,False
14151,2024-07-07,3,1,25,False
14152,2024-07-07,3,2,16,False
14153,2024-07-07,3,3,14,False
14154,2024-07-07,3,4,18,False
14155,2024-07-07,3,5,10,False
14156,2024-07-07,3,6,12,False
14157,2024-07-07,3,7,22,False
14158,2024-07-07,3,8,12,False
14159,2024-07-07,3,9,8,False
14160,2024-07-07,3,10,21,False
14161,2024-07-07,3,11,22,False
14162,2024-07-07,3,12,27,False
14163,2024-07-07,3,13,8,False
14164,2024-07-07,3,14,14,False
14165,2024-07-07,3,15,16,False
14166,2024-07-07,3,16,6,False
14167,2024-07-07,3,17,12,False
14168,2024-07-07,3,18,15,False
14169,2024-07-07,3,19,20,False
14170,2024-07-07,3,20,6,False
14171,2024-07-07,3,21,10,False
14172,2024-07-07,3,22,7,False
14173,2024-07-07,3,23,5,False
14174,2024-07-07,3,24,3,False
14175,2024-07-07,3,25,8,False
14176,2024-07-08,1,1,35,False
14177,2024-07-08,1,2,32,False
14178,2024-07-08,1,3,10,False
14179,2024-07-08,1,4,45,True
14180,2024-07-08,1,5,10,False
14181,2024-07-08,1,6,26,False
14182,2024-07-08,1,7,28,False
14183,2024-07-08,1,8,34,False
14184,2024-07-08,1,9,31,False
14185,2024-07-08,1,10,24,False
14186,2024-07-08,1,11,40,False
14187,2024-07-08,1,12,25,False
14188,2024-07-08,1,13,21,False
14189,2024-07-08,1,14,18,False
14190,2024-07-08,1,15,16,False
14191,2024-07-08,1,16,17,False
14192,2024-07-08,1,17,24,False
14193,2024-07-08,1,18,30,False
14194,2024-07-08,1,19,29,False
14195,2024-07-08,1,20,12,False
14196,2024-07-08,1,21,21,False
14197,2024-07-08,1,22,15,False
14198,2024-07-08,1,23,8,False
14199,2024-07-08,1,24,8,False
14200,2024-07-08,1,25,18,False
14201,2024-07-08,2,1,24,False
14202,2024-07-08,2,2,16,False
14203,2024-07-08,2,3,17,False
14204,2024-07-08,2,4,22,False
14205,2024-07-08,2,5,23,True
14206,2024-07-08,2,6,32,False
14207,2024-07-08,2,7,22,False
14208,2024-07-08,2,8,24,False
14209,2024-07-08,2,9,21,False
14210,2024-07-08,2,10,33,False
14211,2024-07-08,2,11,23,False
14212,2024-07-08,2,12,17,False
14213,2024-07-08,2,13,16,False
14214,2024-07-08,2,14,19,False
14215,2024-07-08,2,15,16,False
14216,2024-07-08,2,16,10,False
14217,2024-07-08,2,17,17,False
14218,2024-07-08,2,18,19,False
14219,2024-07-08,2,19,30,False
14220,2024-07-08,2,20,13,False
14221,2024-07-08,2,21,17,False
14222,2024-07-08,2,22,12,False
14223,2024-07-08,2,23,9,False
14224,2024-07-08,2,24,7,False
14225,2024-07-08,2,25,10,False
14226,2024-07-08,3,1,26,False
14227,2024-07-08,3,2,10,False
14228,2024-07-08,3,3,6,False
14229,2024-07-08,3,4,11,False
14230,2024-07-08,3,5,14,False
14231,2024-07-08,3,6,15,False
14232,2024-07-08,3,7,11,False
14233,2024-07-08,3,8,14,False
14234,2024-07-08,3,9,16,False
14235,2024-07-08,3,10,10,False
14236,2024-07-08,3,11,7,False
14237,2024-07-08,3,12,20,False
14238,2024-07-08,3,13,6,False
14239,2024-07-08,3,14,14,False
14240,2024-07-08,3,15,6,False
14241,2024-07-08,3,16,6,False
14242,2024-07-08,3,17,11,False
14243,2024-07-08,3,18,4,False
14244,2024-07-08,3,19,8,False
14245,2024-07-08,3,20,2,False
14246,2024-07-08,3,21,8,False
14247,2024-07-08,3,22,8,False
14248,2024-07-08,3,23,2,False
14249,2024-07-08,3,24,1,False
14250,2024-07-08,3,25,3,False
14251,2024-07-09,1,1,36,False
14252,2024-07-09,1,2,29,False
14253,2024-07-09,1,3,25,False
14254,2024-07-09,1,4,37,False
14255,2024-07-09,1,5,24,False
14256,2024-07-09,1,6,24,False
14257,2024-07-09,1,7,29,False
14258,2024-07-09,1,8,36,False
14259,2024-07-09,1,9,18,False
14260,2024-07-09,1,10,29,False
14261,2024-07-09,1,11,39,False
14262,2024-07-09,1,12,32,False
14263,2024-07-09,1,13,14,False
14264,2024-07-09,1,14,30,False
14265,2024-07-09,1,15,15,False
14266,2024-07-09,1,16,15,False
14267,2024-07-09,1,17,38,True
14268,2024-07-09,1,18,23,False
14269,2024-07-09,1,19,32,False
14270,2024-07-09,1,20,8,False
14271,2024-07-09,1,21,14,False
14272,2024-07-09,1,22,17,False
14273,2024-07-09,1,23,14,False
14274,2024-07-09,1,24,12,False
14275,2024-07-09,1,25,20,False
14276,2024-07-09,2,1,24,False
14277,2024-07-09,2,2,18,False
14278,2024-07-09,2,3,26,False
14279,2024-07-09,2,4,16,False
14280,2024-07-09,2,5,13,False
14281,2024-07-09,2,6,22,False
14282,2024-07-09,2,7,16,False
14283,2024-07-09,2,8,22,False
14284,2024-07-09,2,9,16,False
14285,2024-07-09,2,10,19,False
14286,2024-07-09,2,11,26,False
14287,2024-07-09,2,12,20,False
14288,2024-07-09,2,13,19,False
14289,2024-07-09,2,14,16,False
14290,2024-07-09,2,15,14,False
14291,2024-07-09,2,16,9,True
14292,2024-07-09,2,17,18,False
14293,2024-07-09,2,18,24,False
14294,2024-07-09,2,19,21,False
14295,2024-07-09,2,20,12,False
14296,2024-07-09,2,21,11,False
14297,2024-07-09,2,22,12,False
14298,2024-07-09,2,23,13,False
14299,2024-07-09,2,24,7,False
14300,2024-07-09,2,25,10,True
14301,2024-07-09,3,1,24,True
14302,2024-07-09,3,2,6,False
14303,2024-07-09,3,3,10,False
14304,2024-07-09,3,4,14,False
14305,2024-07-09,3,5,7,False
14306,2024-07-09,3,6,6,False
14307,2024-07-09,3,7,5,False
14308,2024-07-09,3,8,14,False
14309,2024-07-09,3,9,5,False
14310,2024-07-09,3,10,9,False
14311,2024-07-09,3,11,12,False
14312,2024-07-09,3,12,14,False
14313,2024-07-09,3,13,14,False
14314,2024-07-09,3,14,13,False
14315,2024-07-09,3,15,2,False
14316,2024-07-09,3,16,5,False
14317,2024-07-09,3,17,12,False
14318,2024-07-09,3,18,13,False
14319,2024-07-09,3,19,12,False
14320,2024-07-09,3,20,5,False
14321,2024-07-09,3,21,4,False
14322,2024-07-09,3,22,6,False
14323,2024-07-09,3,23,5,False
14324,2024-07-09,3,24,7,False
14325,2024-07-09,3,25,3,False
14326,2024-07-10,1,1,35,False
14327,2024-07-10,1,2,37,False
14328,2024-07-10,1,3,31,False
14329,2024-07-10,1,4,27,False
14330,2024-07-10,1,5,18,False
14331,2024-07-10,1,6,26,False
14332,2024-07-10,1,7,21,False
14333,2024-07-10,1,8,43,False
14334,2024-07-10,1,9,23,False
14335,2024-07-10,1,10,30,False
14336,2024-07-10,1,11,42,False
14337,2024-07-10,1,12,33,False
14338,2024-07-10,1,13,30,False
14339,2024-07-10,1,14,25,False
14340,2024-07-10,1,15,11,False
14341,2024-07-10,1,16,10,False
14342,2024-07-10,1,17,20,False
14343,2024-07-10,1,18,35,False
14344,2024-07-10,1,19,28,False
14345,2024-07-10,1,20,23,False
14346,2024-07-10,1,21,10,False
14347,2024-07-10,1,22,13,False
14348,2024-07-10,1,23,7,False
14349,2024-07-10,1,24,9,False
14350,2024-07-10,1,25,20,False
14351,2024-07-10,2,1,28,False
14352,2024-07-10,2,2,23,False
14353,2024-07-10,2,3,28,False
14354,2024-07-10,2,4,17,False
14355,2024-07-10,2,5,8,False
14356,2024-07-10,2,6,31,False
14357,2024-07-10,2,7,23,False
14358,2024-07-10,2,8,22,False
14359,2024-07-10,2,9,12,False
14360,2024-07-10,2,10,37,False
14361,2024-07-10,2,11,25,False
14362,2024-07-10,2,12,26,False
14363,2024-07-10,2,13,14,False
14364,2024-07-10,2,14,19,False
14365,2024-07-10,2,15,3,False
14366,2024-07-10,2,16,14,False
14367,2024-07-10,2,17,22,False
14368,2024-07-10,2,18,11,False
14369,2024-07-10,2,19,21,False
14370,2024-07-10,2,20,6,False
14371,2024-07-10,2,21,11,False
14372,2024-07-10,2,22,13,False
14373,2024-07-10,2,23,8,False
14374,2024-07-10,2,24,11,True
14375,2024-07-10,2,25,12,False
14376,2024-07-10,3,1,11,False
14377,2024-07-10,3,2,5,False
14378,2024-07-10,3,3,10,False
14379,2024-07-10,3,4,12,False
14380,2024-07-10,3,5,8,False
14381,2024-07-10,3,6,8,False
14382,2024-07-10,3,7,16,False
14383,2024-07-10,3,8,19,False
14384,2024-07-10,3,9,7,False
14385,2024-07-10,3,10,19,False
14386,2024-07-10,3,11,12,False
14387,2024-07-10,3,12,11,False
14388,2024-07-10,3,13,6,False
14389,2024-07-10,3,14,13,True
14390,2024-07-10,3,15,2,False
14391,2024-07-10,3,16,9,False
14392,2024-07-10,3,17,13,False
14393,2024-07-10,3,18,14,False
14394,2024-07-10,3,19,12,False
14395,2024-07-10,3,20,4,False
14396,2024-07-10,3,21,0,False
14397,2024-07-10,3,22,3,False
14398,2024-07-10,3,23,3,False
14399,2024-07-10,3,24,3,False
14400,2024-07-10,3,25,11,False
14401,2024-07-11,1,1,36,False
14402,2024-07-11,1,2,33,False
14403,2024-07-11,1,3,27,False
14404,2024-07-11,1,4,33,False
14405,2024-07-11,1,5,15,False
14406,2024-07-11,1,6,35,False
14407,2024-07-11,1,7,27,False
14408,2024-07-11,1,8,41,False
14409,2024-07-11,1,9,22,False
14410,2024-07-11,1,10,35,False
14411,2024-07-11,1,11,49,False
14412,2024-07-11,1,12,27,False
14413,2024-07-11,1,13,9,False
14414,2024-07-11,1,14,18,False
14415,2024-07-11,1,15,19,False
14416,2024-07-11,1,16,18,False
14417,2024-07-11,1,17,25,False
14418,2024-07-11,1,18,15,False
14419,2024-07-11,1,19,27,False
14420,2024-07-11,1,20,28,True
14421,2024-07-11,1,21,16,False
14422,2024-07-11,1,22,16,False
14423,2024-07-11,1,23,12,False
14424,2024-07-11,1,24,8,False
14425,2024-07-11,1,25,20,False
14426,2024-07-11,2,1,18,False
14427,2024-07-11,2,2,25,False
14428,2024-07-11,2,3,17,False
14429,2024-07-11,2,4,28,False
14430,2024-07-11,2,5,7,False
14431,2024-07-11,2,6,24,False
14432,2024-07-11,2,7,20,False
14433,2024-07-11,2,8,25,False
14434,2024-07-11,2,9,14,False
14435,2024-07-11,2,10,33,False
14436,2024-07-11,2,11,29,False
14437,2024-07-11,2,12,25,False
14438,2024-07-11,2,13,7,False
14439,2024-07-11,2,14,12,False
14440,2024-07-11,2,15,14,False
14441,2024-07-11,2,16,15,False
14442,2024-07-11,2,17,18,False
14443,2024-07-11,2,18,16,False
14444,2024-07-11,2,19,18,False
14445,2024-07-11,2,20,9,False
14446,2024-07-11,2,21,9,False
14447,2024-07-11,2,22,12,False
14448,2024-07-11,2,23,7,False
14449,2024-07-11,2,24,13,True
14450,2024-07-11,2,25,11,False
14451,2024-07-11,3,1,16,False
14452,2024-07-11,3,2,12,False
14453,2024-07-11,3,3,12,False
14454,2024-07-11,3,4,13,False
14455,2024-07-11,3,5,7,False
14456,2024-07-11,3,6,13,False
14457,2024-07-11,3,7,12,False
14458,2024-07-11,3,8,18,False
14459,2024-07-11,3,9,19,True
14460,2024-07-11,3,10,18,False
14461,2024-07-11,3,11,11,False
14462,2024-07-11,3,12,12,False
14463,2024-07-11,3,13,7,False
14464,2024-07-11,3,14,11,False
14465,2024-07-11,3,15,3,False
14466,2024-07-11,3,16,6,False
14467,2024-07-11,3,17,14,False
14468,2024-07-11,3,18,12,False
14469,2024-07-11,3,19,12,False
14470,2024-07-11,3,20,4,False
14471,2024-07-11,3,21,14,False
14472,2024-07-11,3,22,5,False
14473,2024-07-11,3,23,1,False
14474,2024-07-11,3,24,5,False
14475,2024-07-11,3,25,7,False
14476,2024-07-12,1,1,42,False
14477,2024-07-12,1,2,21,False
14478,2024-07-12,1,3,19,False
14479,2024-07-12,1,4,17,False
14480,2024-07-12,1,5,18,False
14481,2024-07-12,1,6,36,False
14482,2024-07-12,1,7,25,False
14483,2024-07-12,1,8,50,True
14484,2024-07-12,1,9,22,False
14485,2024-07-12,1,10,40,False
14486,2024-07-12,1,11,37,False
14487,2024-07-12,1,12,35,False
14488,2024-07-12,1,13,15,False
14489,2024-07-12,1,14,33,False
14490,2024-07-12,1,15,20,False
14491,2024-07-12,1,16,14,False
14492,2024-07-12,1,17,22,False
14493,2024-07-12,1,18,21,False
14494,2024-07-12,1,19,38,False
14495,2024-07-12,1,20,8,False
14496,2024-07-12,1,21,17,False
14497,2024-07-12,1,22,11,False
14498,2024-07-12,1,23,10,False
14499,2024-07-12,1,24,14,False
14500,2024-07-12,1,25,24,False
14501,2024-07-12,2,1,27,False
14502,2024-07-12,2,2,23,False
14503,2024-07-12,2,3,19,False
14504,2024-07-12,2,4,33,False
14505,2024-07-12,2,5,22,False
14506,2024-07-12,2,6,26,False
14507,2024-07-12,2,7,32,False
14508,2024-07-12,2,8,13,False
14509,2024-07-12,2,9,18,False
14510,2024-07-12,2,10,22,False
14511,2024-07-12,2,11,34,False
14512,2024-07-12,2,12,30,False
14513,2024-07-12,2,13,11,False
14514,2024-07-12,2,14,15,False
14515,2024-07-12,2,15,10,False
14516,2024-07-12,2,16,6,False
14517,2024-07-12,2,17,13,False
14518,2024-07-12,2,18,20,False
14519,2024-07-12,2,19,16,False
14520,2024-07-12,2,20,15,False
14521,2024-07-12,2,21,10,False
14522,2024-07-12,2,22,14,False
14523,2024-07-12,2,23,6,False
14524,2024-07-12,2,24,9,True
14525,2024-07-12,2,25,10,False
14526,2024-07-12,3,1,25,False
14527,2024-07-12,3,2,12,False
14528,2024-07-12,3,3,14,False
14529,2024-07-12,3,4,13,False
14530,2024-07-12,3,5,11,False
14531,2024-07-12,3,6,15,False
14532,2024-07-12,3,7,17,False
14533,2024-07-12,3,8,11,False
14534,2024-07-12,3,9,9,False
14535,2024-07-12,3,10,13,False
14536,2024-07-12,3,11,10,False
14537,2024-07-12,3,12,20,False
14538,2024-07-12,3,13,6,False
14539,2024-07-12,3,14,7,False
14540,2024-07-12,3,15,3,False
14541,2024-07-12,3,16,10,True
14542,2024-07-12,3,17,5,False
14543,2024-07-12,3,18,9,False
14544,2024-07-12,3,19,20,False
14545,2024-07-12,3,20,9,False
14546,2024-07-12,3,21,5,False
14547,2024-07-12,3,22,6,False
14548,2024-07-12,3,23,10,False
14549,2024-07-12,3,24,2,False
14550,2024-07-12,3,25,0,False
14551,2024-07-13,1,1,50,False
14552,2024-07-13,1,2,23,False
14553,2024-07-13,1,3,32,False
14554,2024-07-13,1,4,36,False
14555,2024-07-13,1,5,17,False
14556,2024-07-13,1,6,39,False
14557,2024-07-13,1,7,32,False
14558,2024-07-13,1,8,39,False
14559,2024-07-13,1,9,23,False
14560,2024-07-13,1,10,53,False
14561,2024-07-13,1,11,52,False
14562,2024-07-13,1,12,44,False
14563,2024-07-13,1,13,20,False
14564,2024-07-13,1,14,39,False
14565,2024-07-13,1,15,23,False
14566,2024-07-13,1,16,16,False
14567,2024-07-13,1,17,30,False
14568,2024-07-13,1,18,32,False
14569,2024-07-13,1,19,39,False
14570,2024-07-13,1,20,25,False
14571,2024-07-13,1,21,19,False
14572,2024-07-13,1,22,16,False
14573,2024-07-13,1,23,25,False
14574,2024-07-13,1,24,14,False
14575,2024-07-13,1,25,20,False
14576,2024-07-13,2,1,35,False
14577,2024-07-13,2,2,20,False
14578,2024-07-13,2,3,19,False
14579,2024-07-13,2,4,24,False
14580,2024-07-13,2,5,13,False
14581,2024-07-13,2,6,26,False
14582,2024-07-13,2,7,18,False
14583,2024-07-13,2,8,30,False
14584,2024-07-13,2,9,19,False
14585,2024-07-13,2,10,38,False
14586,2024-07-13,2,11,23,False
14587,2024-07-13,2,12,26,False
14588,2024-07-13,2,13,10,False
14589,2024-07-13,2,14,23,False
14590,2024-07-13,2,15,11,False
14591,2024-07-13,2,16,22,False
14592,2024-07-13,2,17,21,False
14593,2024-07-13,2,18,19,False
14594,2024-07-13,2,19,17,False
14595,2024-07-13,2,20,19,False
14596,2024-07-13,2,21,19,False
14597,2024-07-13,2,22,12,False
14598,2024-07-13,2,23,12,False
14599,2024-07-13,2,24,6,False
14600,2024-07-13,2,25,21,False
14601,2024-07-13,3,1,19,False
14602,2024-07-13,3,2,13,False
14603,2024-07-13,3,3,13,False
14604,2024-07-13,3,4,16,False
14605,2024-07-13,3,5,8,False
14606,2024-07-13,3,6,19,False
14607,2024-07-13,3,7,15,False
14608,2024-07-13,3,8,19,False
14609,2024-07-13,3,9,17,False
14610,2024-07-13,3,10,24,False
14611,2024-07-13,3,11,17,False
14612,2024-07-13,3,12,20,False
14613,2024-07-13,3,13,14,False
14614,2024-07-13,3,14,23,False
14615,2024-07-13,3,15,6,False
14616,2024-07-13,3,16,7,False
14617,2024-07-13,3,17,15,False
14618,2024-07-13,3,18,9,False
14619,2024-07-13,3,19,17,False
14620,2024-07-13,3,20,10,False
14621,2024-07-13,3,21,5,False
14622,2024-07-13,3,22,4,False
14623,2024-07-13,3,23,11,False
14624,2024-07-13,3,24,8,False
14625,2024-07-13,3,25,10,False
14626,2024-07-14,1,1,46,False
14627,2024-07-14,1,2,32,False
14628,2024-07-14,1,3,20,False
14629,2024-07-14,1,4,40,False
14630,2024-07-14,1,5,24,False
14631,2024-07-14,1,6,35,False
14632,2024-07-14,1,7,43,False
14633,2024-07-14,1,8,44,False
14634,2024-07-14,1,9,18,False
14635,2024-07-14,1,10,50,False
14636,2024-07-14,1,11,60,False
14637,2024-07-14,1,12,41,False
14638,2024-07-14,1,13,17,False
14639,2024-07-14,1,14,47,True
14640,2024-07-14,1,15,26,False
14641,2024-07-14,1,16,37,True
14642,2024-07-14,1,17,32,False
14643,2024-07-14,1,18,35,False
14644,2024-07-14,1,19,45,False
14645,2024-07-14,1,20,25,False
14646,2024-07-14,1,21,14,False
14647,2024-07-14,1,22,22,False
14648,2024-07-14,1,23,10,False
14649,2024-07-14,1,24,11,False
14650,2024-07-14,1,25,22,False
14651,2024-07-14,2,1,31,False
14652,2024-07-14,2,2,29,False
14653,2024-07-14,2,3,23,False
14654,2024-07-14,2,4,18,False
14655,2024-07-14,2,5,14,False
14656,2024-07-14,2,6,32,False
14657,2024-07-14,2,7,33,False
14658,2024-07-14,2,8,23,False
14659,2024-07-14,2,9,18,False
14660,2024-07-14,2,10,42,False
14661,2024-07-14,2,11,31,False
14662,2024-07-14,2,12,32,False
14663,2024-07-14,2,13,23,False
14664,2024-07-14,2,14,25,False
14665,2024-07-14,2,15,18,False
14666,2024-07-14,2,16,16,False
14667,2024-07-14,2,17,24,False
14668,2024-07-14,2,18,20,False
14669,2024-07-14,2,19,29,False
14670,2024-07-14,2,20,16,False
14671,2024-07-14,2,21,13,False
14672,2024-07-14,2,22,18,True
14673,2024-07-14,2,23,11,False
14674,2024-07-14,2,24,8,False
14675,2024-07-14,2,25,12,False
14676,2024-07-14,3,1,21,False
14677,2024-07-14,3,2,14,False
14678,2024-07-14,3,3,24,True
14679,2024-07-14,3,4,25,False
14680,2024-07-14,3,5,12,False
14681,2024-07-14,3,6,16,False
14682,2024-07-14,3,7,15,False
14683,2024-07-14,3,8,22,False
14684,2024-07-14,3,9,4,False
14685,2024-07-14,3,10,21,False
14686,2024-07-14,3,11,19,False
14687,2024-07-14,3,12,20,False
14688,2024-07-14,3,13,12,False
14689,2024-07-14,3,14,14,False
14690,2024-07-14,3,15,11,False
14691,2024-07-14,3,16,7,False
14692,2024-07-14,3,17,16,False
14693,2024-07-14,3,18,18,False
14694,2024-07-14,3,19,5,False
14695,2024-07-14,3,20,6,False
14696,2024-07-14,3,21,6,False
14697,2024-07-14,3,22,4,False
14698,2024-07-14,3,23,3,False
14699,2024-07-14,3,24,3,False
14700,2024-07-14,3,25,7,False
14701,2024-07-15,1,1,46,False
14702,2024-07-15,1,2,23,False
14703,2024-07-15,1,3,36,True
14704,2024-07-15,1,4,25,False
14705,2024-07-15,1,5,18,False
14706,2024-07-15,1,6,26,False
14707,2024-07-15,1,7,33,False
14708,2024-07-15,1,8,28,False
14709,2024-07-15,1,9,24,False
14710,2024-07-15,1,10,42,False
14711,2024-07-15,1,11,41,False
14712,2024-07-15,1,12,34,False
14713,2024-07-15,1,13,19,False
14714,2024-07-15,1,14,29,False
14715,2024-07-15,1,15,9,False
14716,2024-07-15,1,16,13,False
14717,2024-07-15,1,17,22,False
14718,2024-07-15,1,18,16,False
14719,2024-07-15,1,19,25,False
14720,2024-07-15,1,20,17,False
14721,2024-07-15,1,21,12,False
14722,2024-07-15,1,22,19,False
14723,2024-07-15,1,23,20,False
14724,2024-07-15,1,24,7,False
14725,2024-07-15,1,25,17,False
14726,2024-07-15,2,1,37,False
14727,2024-07-15,2,2,16,False
14728,2024-07-15,2,3,14,False
14729,2024-07-15,2,4,21,False
14730,2024-07-15,2,5,10,False
14731,2024-07-15,2,6,25,False
14732,2024-07-15,2,7,29,False
14733,2024-07-15,2,8,18,False
14734,2024-07-15,2,9,12,False
14735,2024-07-15,2,10,28,False
14736,2024-07-15,2,11,20,False
14737,2024-07-15,2,12,23,False
14738,2024-07-15,2,13,9,False
14739,2024-07-15,2,14,33,True
14740,2024-07-15,2,15,10,False
14741,2024-07-15,2,16,6,False
14742,2024-07-15,2,17,15,False
14743,2024-07-15,2,18,25,False
14744,2024-07-15,2,19,30,False
14745,2024-07-15,2,20,14,False
14746,2024-07-15,2,21,6,False
14747,2024-07-15,2,22,4,False
14748,2024-07-15,2,23,8,False
14749,2024-07-15,2,24,12,False
14750,2024-07-15,2,25,10,False
14751,2024-07-15,3,1,15,False
14752,2024-07-15,3,2,10,False
14753,2024-07-15,3,3,9,False
14754,2024-07-15,3,4,17,False
14755,2024-07-15,3,5,11,False
14756,2024-07-15,3,6,11,False
14757,2024-07-15,3,7,4,False
14758,2024-07-15,3,8,15,False
14759,2024-07-15,3,9,12,False
14760,2024-07-15,3,10,12,False
14761,2024-07-15,3,11,7,False
14762,2024-07-15,3,12,15,False
14763,2024-07-15,3,13,6,False
14764,2024-07-15,3,14,19,False
14765,2024-07-15,3,15,9,False
14766,2024-07-15,3,16,7,False
14767,2024-07-15,3,17,20,False
14768,2024-07-15,3,18,9,False
14769,2024-07-15,3,19,9,False
14770,2024-07-15,3,20,8,False
14771,2024-07-15,3,21,3,False
14772,2024-07-15,3,22,11,False
14773,2024-07-15,3,23,5,False
14774,2024-07-15,3,24,7,False
14775,2024-07-15,3,25,9,True
14776,2024-07-16,1,1,39,False
14777,2024-07-16,1,2,35,False
14778,2024-07-16,1,3,23,False
14779,2024-07-16,1,4,56,True
14780,2024-07-16,1,5,11,False
14781,2024-07-16,1,6,22,False
14782,2024-07-16,1,7,30,False
14783,2024-07-16,1,8,35,False
14784,2024-07-16,1,9,22,False
14785,2024-07-16,1,10,22,False
14786,2024-07-16,1,11,43,False
14787,2024-07-16,1,12,28,False
14788,2024-07-16,1,13,16,False
14789,2024-07-16,1,14,27,False
14790,2024-07-16,1,15,14,False
14791,2024-07-16,1,16,16,False
14792,2024-07-16,1,17,19,False
14793,2024-07-16,1,18,32,False
14794,2024-07-16,1,19,38,False
14795,2024-07-16,1,20,15,False
14796,2024-07-16,1,21,17,False
14797,2024-07-16,1,22,15,False
14798,2024-07-16,1,23,16,False
14799,2024-07-16,1,24,15,False
14800,2024-07-16,1,25,13,False
14801,2024-07-16,2,1,27,False
14802,2024-07-16,2,2,21,False
14803,2024-07-16,2,3,19,False
14804,2024-07-16,2,4,26,False
14805,2024-07-16,2,5,13,False
14806,2024-07-16,2,6,24,False
14807,2024-07-16,2,7,32,False
14808,2024-07-16,2,8,22,False
14809,2024-07-16,2,9,13,False
14810,2024-07-16,2,10,21,False
14811,2024-07-16,2,11,30,False
14812,2024-07-16,2,12,28,False
14813,2024-07-16,2,13,21,False
14814,2024-07-16,2,14,18,False
14815,2024-07-16,2,15,16,False
14816,2024-07-16,2,16,9,False
14817,2024-07-16,2,17,14,False
14818,2024-07-16,2,18,23,False
14819,2024-07-16,2,19,15,False
14820,2024-07-16,2,20,16,False
14821,2024-07-16,2,21,16,False
14822,2024-07-16,2,22,9,False
14823,2024-07-16,2,23,9,False
14824,2024-07-16,2,24,10,False
14825,2024-07-16,2,25,16,False
14826,2024-07-16,3,1,14,False
14827,2024-07-16,3,2,16,False
14828,2024-07-16,3,3,6,False
14829,2024-07-16,3,4,10,False
14830,2024-07-16,3,5,5,False
14831,2024-07-16,3,6,18,False
14832,2024-07-16,3,7,10,False
14833,2024-07-16,3,8,13,False
14834,2024-07-16,3,9,6,False
14835,2024-07-16,3,10,13,False
14836,2024-07-16,3,11,20,False
14837,2024-07-16,3,12,15,False
14838,2024-07-16,3,13,5,False
14839,2024-07-16,3,14,9,False
14840,2024-07-16,3,15,12,False
14841,2024-07-16,3,16,5,False
14842,2024-07-16,3,17,14,False
14843,2024-07-16,3,18,9,False
14844,2024-07-16,3,19,14,False
14845,2024-07-16,3,20,10,False
14846,2024-07-16,3,21,3,False
14847,2024-07-16,3,22,3,False
14848,2024-07-16,3,23,9,False
14849,2024-07-16,3,24,9,False
14850,2024-07-16,3,25,14,False
14851,2024-07-17,1,1,33,False
14852,2024-07-17,1,2,28,False
14853,2024-07-17,1,3,18,False
14854,2024-07-17,1,4,35,False
14855,2024-07-17,1,5,14,False
14856,2024-07-17,1,6,40,False
14857,2024-07-17,1,7,27,False
14858,2024-07-17,1,8,27,False
14859,2024-07-17,1,9,29,False
14860,2024-07-17,1,10,28,False
14861,2024-07-17,1,11,38,False
14862,2024-07-17,1,12,43,False
14863,2024-07-17,1,13,21,False
14864,2024-07-17,1,14,30,False
14865,2024-07-17,1,15,24,False
14866,2024-07-17,1,16,14,False
14867,2024-07-17,1,17,22,False
14868,2024-07-17,1,18,34,False
14869,2024-07-17,1,19,26,False
14870,2024-07-17,1,20,22,False
14871,2024-07-17,1,21,17,False
14872,2024-07-17,1,22,14,False
14873,2024-07-17,1,23,11,False
14874,2024-07-17,1,24,13,False
14875,2024-07-17,1,25,22,False
14876,2024-07-17,2,1,22,False
14877,2024-07-17,2,2,25,False
14878,2024-07-17,2,3,16,False
14879,2024-07-17,2,4,29,False
14880,2024-07-17,2,5,13,False
14881,2024-07-17,2,6,26,False
14882,2024-07-17,2,7,17,False
14883,2024-07-17,2,8,28,False
14884,2024-07-17,2,9,6,False
14885,2024-07-17,2,10,19,False
14886,2024-07-17,2,11,31,False
14887,2024-07-17,2,12,27,False
14888,2024-07-17,2,13,12,False
14889,2024-07-17,2,14,26,False
14890,2024-07-17,2,15,11,False
14891,2024-07-17,2,16,8,False
14892,2024-07-17,2,17,19,False
14893,2024-07-17,2,18,14,False
14894,2024-07-17,2,19,16,False
14895,2024-07-17,2,20,17,False
14896,2024-07-17,2,21,3,False
14897,2024-07-17,2,22,11,False
14898,2024-07-17,2,23,12,False
14899,2024-07-17,2,24,3,False
14900,2024-07-17,2,25,11,False
14901,2024-07-17,3,1,16,False
14902,2024-07-17,3,2,6,False
14903,2024-07-17,3,3,9,False
14904,2024-07-17,3,4,14,False
14905,2024-07-17,3,5,11,False
14906,2024-07-17,3,6,16,False
14907,2024-07-17,3,7,8,False
14908,2024-07-17,3,8,21,False
14909,2024-07-17,3,9,9,False
14910,2024-07-17,3,10,11,False
14911,2024-07-17,3,11,20,False
14912,2024-07-17,3,12,16,False
14913,2024-07-17,3,13,8,False
14914,2024-07-17,3,14,8,False
14915,2024-07-17,3,15,7,False
14916,2024-07-17,3,16,10,False
14917,2024-07-17,3,17,12,False
14918,2024-07-17,3,18,13,False
14919,2024-07-17,3,19,8,False
14920,2024-07-17,3,20,5,False
14921,2024-07-17,3,21,5,False
14922,2024-07-17,3,22,8,True
14923,2024-07-17,3,23,0,False
14924,2024-07-17,3,24,6,False
14925,2024-07-17,3,25,7,False
14926,2024-07-18,1,1,42,False
14927,2024-07-18,1,2,35,False
14928,2024-07-18,1,3,19,False
14929,2024-07-18,1,4,39,False
14930,2024-07-18,1,5,13,False
14931,2024-07-18,1,6,54,True
14932,2024-07-18,1,7,27,False
14933,2024-07-18,1,8,33,False
14934,2024-07-18,1,9,10,False
14935,2024-07-18,1,10,32,False
14936,2024-07-18,1,11,47,False
14937,2024-07-18,1,12,38,False
14938,2024-07-18,1,13,25,False
14939,2024-07-18,1,14,25,False
14940,2024-07-18,1,15,18,False
14941,2024-07-18,1,16,16,False
14942,2024-07-18,1,17,30,False
14943,2024-07-18,1,18,36,False
14944,2024-07-18,1,19,22,False
14945,2024-07-18,1,20,17,False
14946,2024-07-18,1,21,10,False
14947,2024-07-18,1,22,24,False
14948,2024-07-18,1,23,12,False
14949,2024-07-18,1,24,10,False
14950,2024-07-18,1,25,22,False
14951,2024-07-18,2,1,37,False
14952,2024-07-18,2,2,22,False
14953,2024-07-18,2,3,14,False
14954,2024-07-18,2,4,18,False
14955,2024-07-18,2,5,7,False
14956,2024-07-18,2,6,20,False
14957,2024-07-18,2,7,23,False
14958,2024-07-18,2,8,15,False
14959,2024-07-18,2,9,26,True
14960,2024-07-18,2,10,23,False
14961,2024-07-18,2,11,25,False
14962,2024-07-18,2,12,20,False
14963,2024-07-18,2,13,15,False
14964,2024-07-18,2,14,20,False
14965,2024-07-18,2,15,21,False
14966,2024-07-18,2,16,3,False
14967,2024-07-18,2,17,25,False
14968,2024-07-18,2,18,21,False
14969,2024-07-18,2,19,19,False
14970,2024-07-18,2,20,9,False
14971,2024-07-18,2,21,12,False
14972,2024-07-18,2,22,8,False
14973,2024-07-18,2,23,9,False
14974,2024-07-18,2,24,11,False
14975,2024-07-18,2,25,12,False
14976,2024-07-18,3,1,17,False
14977,2024-07-18,3,2,15,False
14978,2024-07-18,3,3,19,False
14979,2024-07-18,3,4,13,False
14980,2024-07-18,3,5,10,False
14981,2024-07-18,3,6,13,False
14982,2024-07-18,3,7,17,False
14983,2024-07-18,3,8,8,False
14984,2024-07-18,3,9,8,False
14985,2024-07-18,3,10,17,False
14986,2024-07-18,3,11,15,False
14987,2024-07-18,3,12,14,False
14988,2024-07-18,3,13,9,False
14989,2024-07-18,3,14,18,False
14990,2024-07-18,3,15,11,False
14991,2024-07-18,3,16,8,False
14992,2024-07-18,3,17,8,False
14993,2024-07-18,3,18,19,False
14994,2024-07-18,3,19,13,False
14995,2024-07-18,3,20,4,False
14996,2024-07-18,3,21,5,False
14997,2024-07-18,3,22,5,False
14998,2024-07-18,3,23,2,False
14999,2024-07-18,3,24,3,False
15000,2024-07-18,3,25,6,False
15001,2024-07-19,1,1,36,False
15002,2024-07-19,1,2,22,False
15003,2024-07-19,1,3,19,False
15004,2024-07-19,1,4,32,False
15005,2024-07-19,1,5,13,False
15006,2024-07-19,1,6,30,False
15007,2024-07-19,1,7,26,False
15008,2024-07-19,1,8,29,False
15009,2024-07-19,1,9,22,False
15010,2024-07-19,1,10,51,False
15011,2024-07-19,1,11,33,False
15012,2024-07-19,1,12,38,False
15013,2024-07-19,1,13,16,False
15014,2024-07-19,1,14,27,False
15015,2024-07-19,1,15,16,False
15016,2024-07-19,1,16,18,False
15017,2024-07-19,1,17,19,False
15018,2024-07-19,1,18,25,False
15019,2024-07-19,1,19,46,True
15020,2024-07-19,1,20,19,False
15021,2024-07-19,1,21,15,False
15022,2024-07-19,1,22,11,False
15023,2024-07-19,1,23,14,False
15024,2024-07-19,1,24,13,False
15025,2024-07-19,1,25,19,False
15026,2024-07-19,2,1,25,False
15027,2024-07-19,2,2,26,False
15028,2024-07-19,2,3,16,False
15029,2024-07-19,2,4,28,False
15030,2024-07-19,2,5,15,False
15031,2024-07-19,2,6,22,False
15032,2024-07-19,2,7,22,False
15033,2024-07-19,2,8,21,False
15034,2024-07-19,2,9,7,False
15035,2024-07-19,2,10,31,False
15036,2024-07-19,2,11,30,False
15037,2024-07-19,2,12,28,False
15038,2024-07-19,2,13,13,False
15039,2024-07-19,2,14,15,False
15040,2024-07-19,2,15,13,False
15041,2024-07-19,2,16,13,False
15042,2024-07-19,2,17,5,False
15043,2024-07-19,2,18,19,False
15044,2024-07-19,2,19,19,False
15045,2024-07-19,2,20,20,False
15046,2024-07-19,2,21,8,False
15047,2024-07-19,2,22,9,False
15048,2024-07-19,2,23,10,False
15049,2024-07-19,2,24,6,False
15050,2024-07-19,2,25,16,False
15051,2024-07-19,3,1,14,False
15052,2024-07-19,3,2,11,False
15053,2024-07-19,3,3,14,False
15054,2024-07-19,3,4,12,False
15055,2024-07-19,3,5,6,False
15056,2024-07-19,3,6,31,True
15057,2024-07-19,3,7,14,False
15058,2024-07-19,3,8,15,False
15059,2024-07-19,3,9,7,False
15060,2024-07-19,3,10,10,False
15061,2024-07-19,3,11,16,False
15062,2024-07-19,3,12,12,False
15063,2024-07-19,3,13,12,False
15064,2024-07-19,3,14,13,False
15065,2024-07-19,3,15,6,False
15066,2024-07-19,3,16,8,False
15067,2024-07-19,3,17,11,False
15068,2024-07-19,3,18,12,False
15069,2024-07-19,3,19,1,False
15070,2024-07-19,3,20,8,False
15071,2024-07-19,3,21,6,False
15072,2024-07-19,3,22,5,False
15073,2024-07-19,3,23,9,False
15074,2024-07-19,3,24,5,False
15075,2024-07-19,3,25,5,False
15076,2024-07-20,1,1,52,False
15077,2024-07-20,1,2,34,False
15078,2024-07-20,1,3,22,False
15079,2024-07-20,1,4,45,False
15080,2024-07-20,1,5,18,False
15081,2024-07-20,1,6,60,True
15082,2024-07-20,1,7,38,False
15083,2024-07-20,1,8,30,False
15084,2024-07-20,1,9,18,False
15085,2024-07-20,1,10,41,False
15086,2024-07-20,1,11,42,False
15087,2024-07-20,1,12,44,False
15088,2024-07-20,1,13,24,False
15089,2024-07-20,1,14,26,False
15090,2024-07-20,1,15,25,False
15091,2024-07-20,1,16,17,False
15092,2024-07-20,1,17,32,False
15093,2024-07-20,1,18,28,False
15094,2024-07-20,1,19,33,False
15095,2024-07-20,1,20,20,False
15096,2024-07-20,1,21,15,False
15097,2024-07-20,1,22,17,False
15098,2024-07-20,1,23,17,False
15099,2024-07-20,1,24,13,False
15100,2024-07-20,1,25,22,False
15101,2024-07-20,2,1,37,False
15102,2024-07-20,2,2,18,False
15103,2024-07-20,2,3,21,False
15104,2024-07-20,2,4,28,False
15105,2024-07-20,2,5,9,False
15106,2024-07-20,2,6,30,False
15107,2024-07-20,2,7,30,False
15108,2024-07-20,2,8,25,False
15109,2024-07-20,2,9,18,False
15110,2024-07-20,2,10,25,False
15111,2024-07-20,2,11,40,False
15112,2024-07-20,2,12,43,False
15113,2024-07-20,2,13,19,False
15114,2024-07-20,2,14,26,False
15115,2024-07-20,2,15,21,False
15116,2024-07-20,2,16,17,False
15117,2024-07-20,2,17,13,False
15118,2024-07-20,2,18,22,False
15119,2024-07-20,2,19,28,False
15120,2024-07-20,2,20,16,False
15121,2024-07-20,2,21,18,True
15122,2024-07-20,2,22,19,False
15123,2024-07-20,2,23,7,False
15124,2024-07-20,2,24,4,False
15125,2024-07-20,2,25,12,False
15126,2024-07-20,3,1,26,False
15127,2024-07-20,3,2,25,False
15128,2024-07-20,3,3,19,True
15129,2024-07-20,3,4,16,False
15130,2024-07-20,3,5,7,False
15131,2024-07-20,3,6,14,False
15132,2024-07-20,3,7,22,False
15133,2024-07-20,3,8,20,False
15134,2024-07-20,3,9,13,False
15135,2024-07-20,3,10,13,False
15136,2024-07-20,3,11,14,False
15137,2024-07-20,3,12,16,False
15138,2024-07-20,3,13,13,False
15139,2024-07-20,3,14,16,False
15140,2024-07-20,3,15,11,False
15141,2024-07-20,3,16,2,False
15142,2024-07-20,3,17,8,False
15143,2024-07-20,3,18,22,False
15144,2024-07-20,3,19,18,False
15145,2024-07-20,3,20,14,False
15146,2024-07-20,3,21,11,False
15147,2024-07-20,3,22,11,False
15148,2024-07-20,3,23,3,False
15149,2024-07-20,3,24,10,False
15150,2024-07-20,3,25,8,False
15151,2024-07-21,1,1,44,False
15152,2024-07-21,1,2,41,False
15153,2024-07-21,1,3,26,False
15154,2024-07-21,1,4,37,False
15155,2024-07-21,1,5,30,True
15156,2024-07-21,1,6,46,False
15157,2024-07-21,1,7,39,False
15158,2024-07-21,1,8,38,False
15159,2024-07-21,1,9,25,False
15160,2024-07-21,1,10,55,False
15161,2024-07-21,1,11,57,False
15162,2024-07-21,1,12,49,False
15163,2024-07-21,1,13,34,False
15164,2024-07-21,1,14,44,False
15165,2024-07-21,1,15,16,False
15166,2024-07-21,1,16,17,False
15167,2024-07-21,1,17,35,False
15168,2024-07-21,1,18,37,False
15169,2024-07-21,1,19,34,False
15170,2024-07-21,1,20,26,False
15171,2024-07-21,1,21,15,False
15172,2024-07-21,1,22,17,False
15173,2024-07-21,1,23,16,False
15174,2024-07-21,1,24,14,False
15175,2024-07-21,1,25,19,False
15176,2024-07-21,2,1,34,False
15177,2024-07-21,2,2,14,False
15178,2024-07-21,2,3,20,False
15179,2024-07-21,2,4,27,False
15180,2024-07-21,2,5,17,False
15181,2024-07-21,2,6,36,False
15182,2024-07-21,2,7,29,False
15183,2024-07-21,2,8,32,False
15184,2024-07-21,2,9,16,False
15185,2024-07-21,2,10,33,False
15186,2024-07-21,2,11,32,False
15187,2024-07-21,2,12,32,False
15188,2024-07-21,2,13,13,False
15189,2024-07-21,2,14,25,False
15190,2024-07-21,2,15,22,False
15191,2024-07-21,2,16,8,False
15192,2024-07-21,2,17,22,False
15193,2024-07-21,2,18,32,False
15194,2024-07-21,2,19,26,False
15195,2024-07-21,2,20,19,False
15196,2024-07-21,2,21,8,False
15197,2024-07-21,2,22,9,False
15198,2024-07-21,2,23,10,False
15199,2024-07-21,2,24,9,False
15200,2024-07-21,2,25,14,False
15201,2024-07-21,3,1,22,False
15202,2024-07-21,3,2,12,False
15203,2024-07-21,3,3,12,False
15204,2024-07-21,3,4,18,False
15205,2024-07-21,3,5,12,False
15206,2024-07-21,3,6,19,False
15207,2024-07-21,3,7,19,False
15208,2024-07-21,3,8,15,False
15209,2024-07-21,3,9,12,False
15210,2024-07-21,3,10,24,False
15211,2024-07-21,3,11,26,False
15212,2024-07-21,3,12,18,False
15213,2024-07-21,3,13,8,False
15214,2024-07-21,3,14,11,False
15215,2024-07-21,3,15,4,False
15216,2024-07-21,3,16,3,False
15217,2024-07-21,3,17,14,False
15218,2024-07-21,3,18,9,False
15219,2024-07-21,3,19,22,False
15220,2024-07-21,3,20,15,False
15221,2024-07-21,3,21,8,False
15222,2024-07-21,3,22,17,False
15223,2024-07-21,3,23,11,False
15224,2024-07-21,3,24,5,False
15225,2024-07-21,3,25,10,False
15226,2024-07-22,1,1,32,False
15227,2024-07-22,1,2,27,False
15228,2024-07-22,1,3,18,False
15229,2024-07-22,1,4,24,False
15230,2024-07-22,1,5,20,False
15231,2024-07-22,1,6,23,False
15232,2024-07-22,1,7,32,False
15233,2024-07-22,1,8,37,False
15234,2024-07-22,1,9,20,False
15235,2024-07-22,1,10,39,False
15236,2024-07-22,1,11,43,False
15237,2024-07-22,1,12,30,False
15238,2024-07-22,1,13,25,False
15239,2024-07-22,1,14,22,False
15240,2024-07-22,1,15,26,True
15241,2024-07-22,1,16,13,False
15242,2024-07-22,1,17,20,False
15243,2024-07-22,1,18,27,False
15244,2024-07-22,1,19,21,False
15245,2024-07-22,1,20,18,True
15246,2024-07-22,1,21,16,False
15247,2024-07-22,1,22,23,False
15248,2024-07-22,1,23,17,False
15249,2024-07-22,1,24,14,False
15250,2024-07-22,1,25,16,False
15251,2024-07-22,2,1,23,False
15252,2024-07-22,2,2,16,False
15253,2024-07-22,2,3,14,False
15254,2024-07-22,2,4,22,False
15255,2024-07-22,2,5,10,False
15256,2024-07-22,2,6,26,False
15257,2024-07-22,2,7,23,False
15258,2024-07-22,2,8,15,False
15259,2024-07-22,2,9,26,False
15260,2024-07-22,2,10,20,False
15261,2024-07-22,2,11,29,False
15262,2024-07-22,2,12,24,False
15263,2024-07-22,2,13,17,False
15264,2024-07-22,2,14,6,False
15265,2024-07-22,2,15,7,False
15266,2024-07-22,2,16,10,False
15267,2024-07-22,2,17,15,False
15268,2024-07-22,2,18,24,False
15269,2024-07-22,2,19,18,False
15270,2024-07-22,2,20,9,False
15271,2024-07-22,2,21,16,False
15272,2024-07-22,2,22,7,False
15273,2024-07-22,2,23,7,False
15274,2024-07-22,2,24,12,False
15275,2024-07-22,2,25,10,False
15276,2024-07-22,3,1,15,False
15277,2024-07-22,3,2,14,False
15278,2024-07-22,3,3,13,False
15279,2024-07-22,3,4,13,False
15280,2024-07-22,3,5,13,False
15281,2024-07-22,3,6,23,False
15282,2024-07-22,3,7,9,False
15283,2024-07-22,3,8,8,False
15284,2024-07-22,3,9,11,False
15285,2024-07-22,3,10,20,False
15286,2024-07-22,3,11,15,False
15287,2024-07-22,3,12,17,False
15288,2024-07-22,3,13,8,False
15289,2024-07-22,3,14,11,False
15290,2024-07-22,3,15,6,False
15291,2024-07-22,3,16,2,False
15292,2024-07-22,3,17,14,False
15293,2024-07-22,3,18,13,True
15294,2024-07-22,3,19,15,False
15295,2024-07-22,3,20,5,False
15296,2024-07-22,3,21,11,False
15297,2024-07-22,3,22,5,False
15298,2024-07-22,3,23,3,False
15299,2024-07-22,3,24,3,False
15300,2024-07-22,3,25,10,False
15301,2024-07-23,1,1,42,False
15302,2024-07-23,1,2,31,False
15303,2024-07-23,1,3,27,False
15304,2024-07-23,1,4,29,False
15305,2024-07-23,1,5,15,False
15306,2024-07-23,1,6,31,False
15307,2024-07-23,1,7,36,False
15308,2024-07-23,1,8,26,False
15309,2024-07-23,1,9,25,False
15310,2024-07-23,1,10,27,False
15311,2024-07-23,1,11,42,False
15312,2024-07-23,1,12,31,False
15313,2024-07-23,1,13,16,False
15314,2024-07-23,1,14,27,False
15315,2024-07-23,1,15,16,False
15316,2024-07-23,1,16,19,False
15317,2024-07-23,1,17,39,True
15318,2024-07-23,1,18,20,False
15319,2024-07-23,1,19,25,False
15320,2024-07-23,1,20,20,False
15321,2024-07-23,1,21,17,False
15322,2024-07-23,1,22,20,False
15323,2024-07-23,1,23,10,False
15324,2024-07-23,1,24,11,False
15325,2024-07-23,1,25,17,False
15326,2024-07-23,2,1,20,False
15327,2024-07-23,2,2,25,False
15328,2024-07-23,2,3,11,False
15329,2024-07-23,2,4,18,False
15330,2024-07-23,2,5,10,False
15331,2024-07-23,2,6,22,False
15332,2024-07-23,2,7,14,False
15333,2024-07-23,2,8,20,False
15334,2024-07-23,2,9,9,False
15335,2024-07-23,2,10,30,False
15336,2024-07-23,2,11,26,False
15337,2024-07-23,2,12,20,False
15338,2024-07-23,2,13,20,False
15339,2024-07-23,2,14,13,False
15340,2024-07-23,2,15,13,True
15341,2024-07-23,2,16,14,False
15342,2024-07-23,2,17,20,False
15343,2024-07-23,2,18,21,False
15344,2024-07-23,2,19,20,False
15345,2024-07-23,2,20,11,False
15346,2024-07-23,2,21,16,True
15347,2024-07-23,2,22,13,False
15348,2024-07-23,2,23,5,False
15349,2024-07-23,2,24,9,False
15350,2024-07-23,2,25,7,False
15351,2024-07-23,3,1,17,False
15352,2024-07-23,3,2,11,False
15353,2024-07-23,3,3,10,False
15354,2024-07-23,3,4,17,False
15355,2024-07-23,3,5,7,False
15356,2024-07-23,3,6,12,False
15357,2024-07-23,3,7,14,False
15358,2024-07-23,3,8,15,False
15359,2024-07-23,3,9,10,False
15360,2024-07-23,3,10,21,False
15361,2024-07-23,3,11,19,False
15362,2024-07-23,3,12,13,False
15363,2024-07-23,3,13,14,False
15364,2024-07-23,3,14,3,False
15365,2024-07-23,3,15,11,False
15366,2024-07-23,3,16,4,False
15367,2024-07-23,3,17,8,False
15368,2024-07-23,3,18,9,False
15369,2024-07-23,3,19,12,False
15370,2024-07-23,3,20,6,False
15371,2024-07-23,3,21,10,False
15372,2024-07-23,3,22,9,False
15373,2024-07-23,3,23,7,False
15374,2024-07-23,3,24,5,False
15375,2024-07-23,3,25,10,False
15376,2024-07-24,1,1,53,False
15377,2024-07-24,1,2,27,False
15378,2024-07-24,1,3,23,False
15379,2024-07-24,1,4,29,False
15380,2024-07-24,1,5,24,False
15381,2024-07-24,1,6,35,False
15382,2024-07-24,1,7,24,False
15383,2024-07-24,1,8,34,False
15384,2024-07-24,1,9,13,False
15385,2024-07-24,1,10,48,False
15386,2024-07-24,1,11,39,False
15387,2024-07-24,1,12,52,True
15388,2024-07-24,1,13,15,False
15389,2024-07-24,1,14,29,False
15390,2024-07-24,1,15,18,True
15391,2024-07-24,1,16,16,False
15392,2024-07-24,1,17,16,False
15393,2024-07-24,1,18,25,False
15394,2024-07-24,1,19,40,False
15395,2024-07-24,1,20,19,False
15396,2024-07-24,1,21,14,False
15397,2024-07-24,1,22,25,False
15398,2024-07-24,1,23,17,False
15399,2024-07-24,1,24,4,False
15400,2024-07-24,1,25,10,False
15401,2024-07-24,2,1,30,False
15402,2024-07-24,2,2,18,False
15403,2024-07-24,2,3,12,False
15404,2024-07-24,2,4,16,False
15405,2024-07-24,2,5,10,False
15406,2024-07-24,2,6,24,False
15407,2024-07-24,2,7,19,False
15408,2024-07-24,2,8,15,False
15409,2024-07-24,2,9,14,True
15410,2024-07-24,2,10,26,False
15411,2024-07-24,2,11,22,False
15412,2024-07-24,2,12,25,False
15413,2024-07-24,2,13,18,False
15414,2024-07-24,2,14,16,False
15415,2024-07-24,2,15,16,False
15416,2024-07-24,2,16,2,False
15417,2024-07-24,2,17,12,False
15418,2024-07-24,2,18,20,False
15419,2024-07-24,2,19,17,False
15420,2024-07-24,2,20,5,False
15421,2024-07-24,2,21,12,False
15422,2024-07-24,2,22,11,False
15423,2024-07-24,2,23,11,False
15424,2024-07-24,2,24,12,False
15425,2024-07-24,2,25,12,False
15426,2024-07-24,3,1,10,False
15427,2024-07-24,3,2,14,False
15428,2024-07-24,3,3,9,False
15429,2024-07-24,3,4,7,False
15430,2024-07-24,3,5,10,False
15431,2024-07-24,3,6,24,True
15432,2024-07-24,3,7,5,False
15433,2024-07-24,3,8,16,False
15434,2024-07-24,3,9,6,False
15435,2024-07-24,3,10,9,False
15436,2024-07-24,3,11,19,False
15437,2024-07-24,3,12,12,False
15438,2024-07-24,3,13,4,False
15439,2024-07-24,3,14,12,False
15440,2024-07-24,3,15,9,False
15441,2024-07-24,3,16,0,False
15442,2024-07-24,3,17,16,False
15443,2024-07-24,3,18,15,False
15444,2024-07-24,3,19,17,False
15445,2024-07-24,3,20,7,False
15446,2024-07-24,3,21,8,False
15447,2024-07-24,3,22,5,False
15448,2024-07-24,3,23,2,False
15449,2024-07-24,3,24,4,False
15450,2024-07-24,3,25,6,False
15451,2024-07-25,1,1,44,False
15452,2024-07-25,1,2,27,False
15453,2024-07-25,1,3,30,False
15454,2024-07-25,1,4,41,False
15455,2024-07-25,1,5,23,False
15456,2024-07-25,1,6,45,False
15457,2024-07-25,1,7,23,False
15458,2024-07-25,1,8,40,False
15459,2024-07-25,1,9,20,False
15460,2024-07-25,1,10,31,False
15461,2024-07-25,1,11,33,False
15462,2024-07-25,1,12,25,False
15463,2024-07-25,1,13,17,False
15464,2024-07-25,1,14,26,False
15465,2024-07-25,1,15,10,False
15466,2024-07-25,1,16,20,False
15467,2024-07-25,1,17,19,False
15468,2024-07-25,1,18,31,False
15469,2024-07-25,1,19,27,False
15470,2024-07-25,1,20,13,False
15471,2024-07-25,1,21,13,False
15472,2024-07-25,1,22,17,False
15473,2024-07-25,1,23,20,True
15474,2024-07-25,1,24,12,False
15475,2024-07-25,1,25,17,False
15476,2024-07-25,2,1,22,False
15477,2024-07-25,2,2,15,False
15478,2024-07-25,2,3,18,False
15479,2024-07-25,2,4,27,False
15480,2024-07-25,2,5,15,False
15481,2024-07-25,2,6,26,False
15482,2024-07-25,2,7,18,False
15483,2024-07-25,2,8,15,False
15484,2024-07-25,2,9,9,False
15485,2024-07-25,2,10,27,False
15486,2024-07-25,2,11,25,False
15487,2024-07-25,2,12,28,False
15488,2024-07-25,2,13,9,False
15489,2024-07-25,2,14,9,False
15490,2024-07-25,2,15,9,False
15491,2024-07-25,2,16,5,False
15492,2024-07-25,2,17,10,False
15493,2024-07-25,2,18,15,False
15494,2024-07-25,2,19,32,False
15495,2024-07-25,2,20,16,False
15496,2024-07-25,2,21,12,False
15497,2024-07-25,2,22,10,False
15498,2024-07-25,2,23,7,False
15499,2024-07-25,2,24,6,False
15500,2024-07-25,2,25,14,False
15501,2024-07-25,3,1,26,False
15502,2024-07-25,3,2,11,False
15503,2024-07-25,3,3,10,False
15504,2024-07-25,3,4,17,False
15505,2024-07-25,3,5,6,False
15506,2024-07-25,3,6,11,True
15507,2024-07-25,3,7,8,False
15508,2024-07-25,3,8,12,False
15509,2024-07-25,3,9,15,False
15510,2024-07-25,3,10,14,False
15511,2024-07-25,3,11,11,False
15512,2024-07-25,3,12,31,True
15513,2024-07-25,3,13,4,False
15514,2024-07-25,3,14,12,False
15515,2024-07-25,3,15,11,False
15516,2024-07-25,3,16,7,False
15517,2024-07-25,3,17,8,False
15518,2024-07-25,3,18,9,False
15519,2024-07-25,3,19,7,False
15520,2024-07-25,3,20,8,False
15521,2024-07-25,3,21,3,False
15522,2024-07-25,3,22,10,False
15523,2024-07-25,3,23,4,False
15524,2024-07-25,3,24,7,False
15525,2024-07-25,3,25,5,False
15526,2024-07-26,1,1,35,False
15527,2024-07-26,1,2,27,False
15528,2024-07-26,1,3,22,False
15529,2024-07-26,1,4,27,False
15530,2024-07-26,1,5,9,False
15531,2024-07-26,1,6,29,False
15532,2024-07-26,1,7,13,False
15533,2024-07-26,1,8,36,False
15534,2024-07-26,1,9,22,False
15535,2024-07-26,1,10,34,False
15536,2024-07-26,1,11,36,False
15537,2024-07-26,1,12,32,False
15538,2024-07-26,1,13,22,False
15539,2024-07-26,1,14,28,False
15540,2024-07-26,1,15,13,False
15541,2024-07-26,1,16,19,False
15542,2024-07-26,1,17,20,False
15543,2024-07-26,1,18,22,False
15544,2024-07-26,1,19,28,False
15545,2024-07-26,1,20,17,False
15546,2024-07-26,1,21,8,False
15547,2024-07-26,1,22,18,False
15548,2024-07-26,1,23,14,False
15549,2024-07-26,1,24,23,True
15550,2024-07-26,1,25,19,False
15551,2024-07-26,2,1,32,False
15552,2024-07-26,2,2,20,False
15553,2024-07-26,2,3,22,False
15554,2024-07-26,2,4,13,False
15555,2024-07-26,2,5,12,False
15556,2024-07-26,2,6,18,False
15557,2024-07-26,2,7,24,False
15558,2024-07-26,2,8,23,False
15559,2024-07-26,2,9,18,False
15560,2024-07-26,2,10,24,False
15561,2024-07-26,2,11,26,False
15562,2024-07-26,2,12,23,False
15563,2024-07-26,2,13,16,False
15564,2024-07-26,2,14,17,False
15565,2024-07-26,2,15,8,False
15566,2024-07-26,2,16,14,False
15567,2024-07-26,2,17,19,False
15568,2024-07-26,2,18,22,False
15569,2024-07-26,2,19,19,False
15570,2024-07-26,2,20,14,False
15571,2024-07-26,2,21,9,False
15572,2024-07-26,2,22,10,False
15573,2024-07-26,2,23,4,False
15574,2024-07-26,2,24,4,False
15575,2024-07-26,2,25,15,False
15576,2024-07-26,3,1,15,False
15577,2024-07-26,3,2,9,False
15578,2024-07-26,3,3,12,False
15579,2024-07-26,3,4,16,False
15580,2024-07-26,3,5,14,True
15581,2024-07-26,3,6,13,False
15582,2024-07-26,3,7,13,False
15583,2024-07-26,3,8,19,False
15584,2024-07-26,3,9,11,False
15585,2024-07-26,3,10,14,False
15586,2024-07-26,3,11,14,False
15587,2024-07-26,3,12,18,False
15588,2024-07-26,3,13,9,False
15589,2024-07-26,3,14,11,False
15590,2024-07-26,3,15,5,False
15591,2024-07-26,3,16,9,False
15592,2024-07-26,3,17,11,False
15593,2024-07-26,3,18,2,False
15594,2024-07-26,3,19,14,False
15595,2024-07-26,3,20,5,False
15596,2024-07-26,3,21,5,False
15597,2024-07-26,3,22,10,False
15598,2024-07-26,3,23,2,False
15599,2024-07-26,3,24,9,False
15600,2024-07-26,3,25,9,False
15601,2024-07-27,1,1,58,False
15602,2024-07-27,1,2,39,False
15603,2024-07-27,1,3,28,False
15604,2024-07-27,1,4,39,False
15605,2024-07-27,1,5,20,False
15606,2024-07-27,1,6,32,False
15607,2024-07-27,1,7,29,False
15608,2024-07-27,1,8,33,False
15609,2024-07-27,1,9,27,False
15610,2024-07-27,1,10,52,False
15611,2024-07-27,1,11,70,True
15612,2024-07-27,1,12,44,False
15613,2024-07-27,1,13,55,True
15614,2024-07-27,1,14,28,False
15615,2024-07-27,1,15,30,False
15616,2024-07-27,1,16,15,False
15617,2024-07-27,1,17,25,False
15618,2024-07-27,1,18,25,False
15619,2024-07-27,1,19,47,False
15620,2024-07-27,1,20,27,False
15621,2024-07-27,1,21,25,False
15622,2024-07-27,1,22,16,False
15623,2024-07-27,1,23,13,False
15624,2024-07-27,1,24,9,False
15625,2024-07-27,1,25,24,False
15626,2024-07-27,2,1,36,False
15627,2024-07-27,2,2,26,False
15628,2024-07-27,2,3,19,False
15629,2024-07-27,2,4,25,False
15630,2024-07-27,2,5,12,False
15631,2024-07-27,2,6,26,False
15632,2024-07-27,2,7,31,False
15633,2024-07-27,2,8,24,False
15634,2024-07-27,2,9,19,False
15635,2024-07-27,2,10,31,False
15636,2024-07-27,2,11,46,False
15637,2024-07-27,2,12,26,False
15638,2024-07-27,2,13,15,False
15639,2024-07-27,2,14,22,False
15640,2024-07-27,2,15,16,False
15641,2024-07-27,2,16,10,False
15642,2024-07-27,2,17,17,False
15643,2024-07-27,2,18,22,False
15644,2024-07-27,2,19,26,False
15645,2024-07-27,2,20,16,False
15646,2024-07-27,2,21,15,False
15647,2024-07-27,2,22,10,False
15648,2024-07-27,2,23,10,False
15649,2024-07-27,2,24,12,False
15650,2024-07-27,2,25,12,False
15651,2024-07-27,3,1,25,False
15652,2024-07-27,3,2,14,False
15653,2024-07-27,3,3,12,False
15654,2024-07-27,3,4,23,True
15655,2024-07-27,3,5,9,False
15656,2024-07-27,3,6,23,False
15657,2024-07-27,3,7,19,False
15658,2024-07-27,3,8,16,False
15659,2024-07-27,3,9,10,False
15660,2024-07-27,3,10,14,False
15661,2024-07-27,3,11,21,False
15662,2024-07-27,3,12,25,False
15663,2024-07-27,3,13,15,False
15664,2024-07-27,3,14,7,False
15665,2024-07-27,3,15,9,False
15666,2024-07-27,3,16,10,False
15667,2024-07-27,3,17,10,False
15668,2024-07-27,3,18,16,False
15669,2024-07-27,3,19,15,False
15670,2024-07-27,3,20,13,False
15671,2024-07-27,3,21,11,False
15672,2024-07-27,3,22,9,False
15673,2024-07-27,3,23,10,False
15674,2024-07-27,3,24,3,False
15675,2024-07-27,3,25,9,False
15676,2024-07-28,1,1,87,True
15677,2024-07-28,1,2,37,False
15678,2024-07-28,1,3,19,False
15679,2024-07-28,1,4,34,False
15680,2024-07-28,1,5,31,False
15681,2024-07-28,1,6,46,False
15682,2024-07-28,1,7,33,False
15683,2024-07-28,1,8,28,False
15684,2024-07-28,1,9,29,False
15685,2024-07-28,1,10,35,False
15686,2024-07-28,1,11,50,False
15687,2024-07-28,1,12,57,False
15688,2024-07-28,1,13,24,False
15689,2024-07-28,1,14,43,False
15690,2024-07-28,1,15,27,False
15691,2024-07-28,1,16,18,False
15692,2024-07-28,1,17,35,False
15693,2024-07-28,1,18,34,False
15694,2024-07-28,1,19,42,False
15695,2024-07-28,1,20,16,False
15696,2024-07-28,1,21,24,False
15697,2024-07-28,1,22,17,False
15698,2024-07-28,1,23,15,False
15699,2024-07-28,1,24,21,False
15700,2024-07-28,1,25,15,False
15701,2024-07-28,2,1,28,False
15702,2024-07-28,2,2,42,False
15703,2024-07-28,2,3,18,False
15704,2024-07-28,2,4,45,True
15705,2024-07-28,2,5,15,False
15706,2024-07-28,2,6,25,False
15707,2024-07-28,2,7,22,False
15708,2024-07-28,2,8,23,False
15709,2024-07-28,2,9,14,False
15710,2024-07-28,2,10,34,False
15711,2024-07-28,2,11,36,False
15712,2024-07-28,2,12,26,False
15713,2024-07-28,2,13,13,False
15714,2024-07-28,2,14,28,False
15715,2024-07-28,2,15,6,False
15716,2024-07-28,2,16,11,False
15717,2024-07-28,2,17,33,False
15718,2024-07-28,2,18,16,False
15719,2024-07-28,2,19,16,False
15720,2024-07-28,2,20,21,False
15721,2024-07-28,2,21,10,False
15722,2024-07-28,2,22,15,False
15723,2024-07-28,2,23,14,True
15724,2024-07-28,2,24,7,False
15725,2024-07-28,2,25,8,False
15726,2024-07-28,3,1,30,False
15727,2024-07-28,3,2,12,False
15728,2024-07-28,3,3,17,False
15729,2024-07-28,3,4,17,False
15730,2024-07-28,3,5,13,False
15731,2024-07-28,3,6,23,False
15732,2024-07-28,3,7,12,False
15733,2024-07-28,3,8,13,False
15734,2024-07-28,3,9,15,False
15735,2024-07-28,3,10,22,False
15736,2024-07-28,3,11,23,False
15737,2024-07-28,3,12,21,False
15738,2024-07-28,3,13,10,False
15739,2024-07-28,3,14,18,False
15740,2024-07-28,3,15,8,False
15741,2024-07-28,3,16,4,False
15742,2024-07-28,3,17,13,False
15743,2024-07-28,3,18,12,False
15744,2024-07-28,3,19,13,False
15745,2024-07-28,3,20,4,False
15746,2024-07-28,3,21,11,True
15747,2024-07-28,3,22,15,False
15748,2024-07-28,3,23,6,False
15749,2024-07-28,3,24,7,False
15750,2024-07-28,3,25,6,False
15751,2024-07-29,1,1,38,False
15752,2024-07-29,1,2,35,False
15753,2024-07-29,1,3,28,False
15754,2024-07-29,1,4,35,False
15755,2024-07-29,1,5,39,True
15756,2024-07-29,1,6,39,False
15757,2024-07-29,1,7,32,False
15758,2024-07-29,1,8,18,False
15759,2024-07-29,1,9,23,False
15760,2024-07-29,1,10,33,False
15761,2024-07-29,1,11,50,False
15762,2024-07-29,1,12,27,False
15763,2024-07-29,1,13,22,False
15764,2024-07-29,1,14,31,False
15765,2024-07-29,1,15,27,False
15766,2024-07-29,1,16,12,False
15767,2024-07-29,1,17,32,False
15768,2024-07-29,1,18,32,False
15769,2024-07-29,1,19,28,False
15770,2024-07-29,1,20,18,False
15771,2024-07-29,1,21,11,False
15772,2024-07-29,1,22,16,False
15773,2024-07-29,1,23,8,False
15774,2024-07-29,1,24,14,False
15775,2024-07-29,1,25,11,False
15776,2024-07-29,2,1,24,False
15777,2024-07-29,2,2,20,False
15778,2024-07-29,2,3,22,False
15779,2024-07-29,2,4,17,False
15780,2024-07-29,2,5,16,False
15781,2024-07-29,2,6,25,False
15782,2024-07-29,2,7,12,False
15783,2024-07-29,2,8,22,False
15784,2024-07-29,2,9,13,False
15785,2024-07-29,2,10,27,False
15786,2024-07-29,2,11,29,False
15787,2024-07-29,2,12,29,False
15788,2024-07-29,2,13,16,False
15789,2024-07-29,2,14,11,False
15790,2024-07-29,2,15,13,False
15791,2024-07-29,2,16,9,False
15792,2024-07-29,2,17,13,False
15793,2024-07-29,2,18,14,False
15794,2024-07-29,2,19,27,False
15795,2024-07-29,2,20,10,False
15796,2024-07-29,2,21,13,False
15797,2024-07-29,2,22,9,False
15798,2024-07-29,2,23,9,False
15799,2024-07-29,2,24,6,False
15800,2024-07-29,2,25,11,False
15801,2024-07-29,3,1,19,False
15802,2024-07-29,3,2,17,False
15803,2024-07-29,3,3,6,False
15804,2024-07-29,3,4,13,False
15805,2024-07-29,3,5,12,False
15806,2024-07-29,3,6,12,False
15807,2024-07-29,3,7,18,False
15808,2024-07-29,3,8,20,False
15809,2024-07-29,3,9,15,True
15810,2024-07-29,3,10,20,False
15811,2024-07-29,3,11,19,False
15812,2024-07-29,3,12,14,False
15813,2024-07-29,3,13,8,False
15814,2024-07-29,3,14,16,False
15815,2024-07-29,3,15,11,False
15816,2024-07-29,3,16,9,False
15817,2024-07-29,3,17,15,False
15818,2024-07-29,3,18,14,False
15819,2024-07-29,3,19,22,True
15820,2024-07-29,3,20,7,False
15821,2024-07-29,3,21,9,False
15822,2024-07-29,3,22,6,False
15823,2024-07-29,3,23,5,False
15824,2024-07-29,3,24,3,False
15825,2024-07-29,3,25,4,False
15826,2024-07-30,1,1,36,False
15827,2024-07-30,1,2,28,False
15828,2024-07-30,1,3,30,False
15829,2024-07-30,1,4,31,False
15830,2024-07-30,1,5,21,False
15831,2024-07-30,1,6,30,False
15832,2024-07-30,1,7,22,False
15833,2024-07-30,1,8,38,False
15834,2024-07-30,1,9,15,False
15835,2024-07-30,1,10,40,False
15836,2024-07-30,1,11,29,False
15837,2024-07-30,1,12,32,False
15838,2024-07-30,1,13,21,False
15839,2024-07-30,1,14,22,False
15840,2024-07-30,1,15,20,False
15841,2024-07-30,1,16,17,False
15842,2024-07-30,1,17,37,False
15843,2024-07-30,1,18,25,False
15844,2024-07-30,1,19,27,False
15845,2024-07-30,1,20,20,False
15846,2024-07-30,1,21,9,False
15847,2024-07-30,1,22,11,False
15848,2024-07-30,1,23,6,False
15849,2024-07-30,1,24,8,False
15850,2024-07-30,1,25,14,False
15851,2024-07-30,2,1,31,False
15852,2024-07-30,2,2,29,False
15853,2024-07-30,2,3,18,False
15854,2024-07-30,2,4,23,False
15855,2024-07-30,2,5,15,False
15856,2024-07-30,2,6,24,False
15857,2024-07-30,2,7,25,False
15858,2024-07-30,2,8,19,False
15859,2024-07-30,2,9,12,False
15860,2024-07-30,2,10,29,False
15861,2024-07-30,2,11,28,False
15862,2024-07-30,2,12,19,False
15863,2024-07-30,2,13,11,False
15864,2024-07-30,2,14,10,False
15865,2024-07-30,2,15,15,True
15866,2024-07-30,2,16,10,False
15867,2024-07-30,2,17,9,False
15868,2024-07-30,2,18,14,False
15869,2024-07-30,2,19,21,False
15870,2024-07-30,2,20,13,False
15871,2024-07-30,2,21,8,True
15872,2024-07-30,2,22,17,False
15873,2024-07-30,2,23,11,False
15874,2024-07-30,2,24,3,False
15875,2024-07-30,2,25,11,False
15876,2024-07-30,3,1,19,False
15877,2024-07-30,3,2,11,False
15878,2024-07-30,3,3,10,False
15879,2024-07-30,3,4,11,False
15880,2024-07-30,3,5,1,False
15881,2024-07-30,3,6,15,False
15882,2024-07-30,3,7,10,False
15883,2024-07-30,3,8,13,False
15884,2024-07-30,3,9,14,False
15885,2024-07-30,3,10,13,False
15886,2024-07-30,3,11,7,False
15887,2024-07-30,3,12,6,False
15888,2024-07-30,3,13,14,False
15889,2024-07-30,3,14,16,False
15890,2024-07-30,3,15,7,False
15891,2024-07-30,3,16,1,False
15892,2024-07-30,3,17,7,False
15893,2024-07-30,3,18,8,False
15894,2024-07-30,3,19,15,False
15895,2024-07-30,3,20,6,False
15896,2024-07-30,3,21,4,False
15897,2024-07-30,3,22,3,False
15898,2024-07-30,3,23,7,True
15899,2024-07-30,3,24,3,False
15900,2024-07-30,3,25,7,False
15901,2024-07-31,1,1,45,False
15902,2024-07-31,1,2,24,False
15903,2024-07-31,1,3,20,False
15904,2024-07-31,1,4,24,False
15905,2024-07-31,1,5,19,False
15906,2024-07-31,1,6,20,False
15907,2024-07-31,1,7,23,False
15908,2024-07-31,1,8,36,False
15909,2024-07-31,1,9,22,False
15910,2024-07-31,1,10,24,False
15911,2024-07-31,1,11,34,False
15912,2024-07-31,1,12,31,False
15913,2024-07-31,1,13,22,False
15914,2024-07-31,1,14,26,False
15915,2024-07-31,1,15,14,False
15916,2024-07-31,1,16,10,False
15917,2024-07-31,1,17,25,False
15918,2024-07-31,1,18,24,False
15919,2024-07-31,1,19,33,False
15920,2024-07-31,1,20,24,True
15921,2024-07-31,1,21,14,False
15922,2024-07-31,1,22,21,False
15923,2024-07-31,1,23,12,False
15924,2024-07-31,1,24,10,False
15925,2024-07-31,1,25,15,False
15926,2024-07-31,2,1,22,False
15927,2024-07-31,2,2,27,False
15928,2024-07-31,2,3,21,False
15929,2024-07-31,2,4,17,False
15930,2024-07-31,2,5,14,False
15931,2024-07-31,2,6,24,False
15932,2024-07-31,2,7,9,False
15933,2024-07-31,2,8,23,False
15934,2024-07-31,2,9,14,False
15935,2024-07-31,2,10,35,True
15936,2024-07-31,2,11,30,False
15937,2024-07-31,2,12,23,False
15938,2024-07-31,2,13,9,False
15939,2024-07-31,2,14,20,False
15940,2024-07-31,2,15,13,False
15941,2024-07-31,2,16,10,False
15942,2024-07-31,2,17,19,False
15943,2024-07-31,2,18,26,False
15944,2024-07-31,2,19,16,False
15945,2024-07-31,2,20,13,False
15946,2024-07-31,2,21,9,False
15947,2024-07-31,2,22,11,False
15948,2024-07-31,2,23,14,True
15949,2024-07-31,2,24,11,False
15950,2024-07-31,2,25,14,False
15951,2024-07-31,3,1,20,False
15952,2024-07-31,3,2,14,False
15953,2024-07-31,3,3,27,False
15954,2024-07-31,3,4,11,False
15955,2024-07-31,3,5,6,False
15956,2024-07-31,3,6,12,False
15957,2024-07-31,3,7,15,False
15958,2024-07-31,3,8,15,False
15959,2024-07-31,3,9,4,False
15960,2024-07-31,3,10,17,False
15961,2024-07-31,3,11,21,False
15962,2024-07-31,3,12,16,False
15963,2024-07-31,3,13,7,False
15964,2024-07-31,3,14,16,False
15965,2024-07-31,3,15,12,True
15966,2024-07-31,3,16,9,False
15967,2024-07-31,3,17,10,False
15968,2024-07-31,3,18,15,True
15969,2024-07-31,3,19,14,False
15970,2024-07-31,3,20,12,False
15971,2024-07-31,3,21,8,False
15972,2024-07-31,3,22,3,False
15973,2024-07-31,3,23,0,False
15974,2024-07-31,3,24,5,False
15975,2024-07-31,3,25,7,False
15976,2024-08-01,1,1,28,False
15977,2024-08-01,1,2,54,True
15978,2024-08-01,1,3,23,False
15979,2024-08-01,1,4,46,True
15980,2024-08-01,1,5,18,False
15981,2024-08-01,1,6,29,False
15982,2024-08-01,1,7,23,False
15983,2024-08-01,1,8,21,False
15984,2024-08-01,1,9,19,False
15985,2024-08-01,1,10,56,True
15986,2024-08-01,1,11,61,True
15987,2024-08-01,1,12,27,False
15988,2024-08-01,1,13,24,False
15989,2024-08-01,1,14,28,False
15990,2024-08-01,1,15,17,False
15991,2024-08-01,1,16,4,False
15992,2024-08-01,1,17,18,False
15993,2024-08-01,1,18,33,False
15994,2024-08-01,1,19,38,False
15995,2024-08-01,1,20,12,False
15996,2024-08-01,1,21,14,False
15997,2024-08-01,1,22,22,False
15998,2024-08-01,1,23,9,False
15999,2024-08-01,1,24,9,False
16000,2024-08-01,1,25,12,False
16001,2024-08-01,2,1,23,False
16002,2024-08-01,2,2,22,False
16003,2024-08-01,2,3,19,False
16004,2024-08-01,2,4,13,False
16005,2024-08-01,2,5,9,False
16006,2024-08-01,2,6,19,False
16007,2024-08-01,2,7,17,False
16008,2024-08-01,2,8,17,False
16009,2024-08-01,2,9,12,False
16010,2024-08-01,2,10,19,False
16011,2024-08-01,2,11,24,False
16012,2024-08-01,2,12,26,False
16013,2024-08-01,2,13,16,False
16014,2024-08-01,2,14,14,False
16015,2024-08-01,2,15,7,False
16016,2024-08-01,2,16,12,False
16017,2024-08-01,2,17,21,False
16018,2024-08-01,2,18,25,False
16019,2024-08-01,2,19,19,False
16020,2024-08-01,2,20,11,False
16021,2024-08-01,2,21,11,False
16022,2024-08-01,2,22,15,False
16023,2024-08-01,2,23,4,False
16024,2024-08-01,2,24,10,False
16025,2024-08-01,2,25,8,False
16026,2024-08-01,3,1,13,False
16027,2024-08-01,3,2,16,False
16028,2024-08-01,3,3,6,False
16029,2024-08-01,3,4,8,False
16030,2024-08-01,3,5,1,False
16031,2024-08-01,3,6,9,False
16032,2024-08-01,3,7,12,False
16033,2024-08-01,3,8,4,False
16034,2024-08-01,3,9,6,False
16035,2024-08-01,3,10,13,False
16036,2024-08-01,3,11,15,False
16037,2024-08-01,3,12,11,False
16038,2024-08-01,3,13,2,False
16039,2024-08-01,3,14,18,False
16040,2024-08-01,3,15,4,False
16041,2024-08-01,3,16,5,False
16042,2024-08-01,3,17,14,False
16043,2024-08-01,3,18,8,False
16044,2024-08-01,3,19,21,False
16045,2024-08-01,3,20,7,False
16046,2024-08-01,3,21,15,True
16047,2024-08-01,3,22,5,False
16048,2024-08-01,3,23,2,False
16049,2024-08-01,3,24,3,False
16050,2024-08-01,3,25,10,True
16051,2024-08-02,1,1,31,False
16052,2024-08-02,1,2,25,False
16053,2024-08-02,1,3,15,False
16054,2024-08-02,1,4,26,False
16055,2024-08-02,1,5,14,False
16056,2024-08-02,1,6,46,True
16057,2024-08-02,1,7,23,False
16058,2024-08-02,1,8,30,False
16059,2024-08-02,1,9,19,False
16060,2024-08-02,1,10,25,False
16061,2024-08-02,1,11,41,False
16062,2024-08-02,1,12,31,False
16063,2024-08-02,1,13,24,False
16064,2024-08-02,1,14,26,False
16065,2024-08-02,1,15,17,False
16066,2024-08-02,1,16,16,False
16067,2024-08-02,1,17,26,False
16068,2024-08-02,1,18,22,False
16069,2024-08-02,1,19,22,False
16070,2024-08-02,1,20,13,False
16071,2024-08-02,1,21,17,True
16072,2024-08-02,1,22,15,False
16073,2024-08-02,1,23,12,False
16074,2024-08-02,1,24,12,False
16075,2024-08-02,1,25,9,False
16076,2024-08-02,2,1,28,False
16077,2024-08-02,2,2,27,False
16078,2024-08-02,2,3,14,False
16079,2024-08-02,2,4,18,False
16080,2024-08-02,2,5,14,False
16081,2024-08-02,2,6,15,False
16082,2024-08-02,2,7,30,False
16083,2024-08-02,2,8,10,False
16084,2024-08-02,2,9,14,False
16085,2024-08-02,2,10,23,False
16086,2024-08-02,2,11,28,False
16087,2024-08-02,2,12,19,False
16088,2024-08-02,2,13,9,False
16089,2024-08-02,2,14,14,False
16090,2024-08-02,2,15,9,False
16091,2024-08-02,2,16,12,False
16092,2024-08-02,2,17,18,False
16093,2024-08-02,2,18,16,False
16094,2024-08-02,2,19,23,False
16095,2024-08-02,2,20,9,False
16096,2024-08-02,2,21,16,True
16097,2024-08-02,2,22,9,False
16098,2024-08-02,2,23,12,False
16099,2024-08-02,2,24,11,False
16100,2024-08-02,2,25,7,False
16101,2024-08-02,3,1,19,False
16102,2024-08-02,3,2,15,False
16103,2024-08-02,3,3,13,False
16104,2024-08-02,3,4,10,False
16105,2024-08-02,3,5,4,False
16106,2024-08-02,3,6,10,False
16107,2024-08-02,3,7,14,False
16108,2024-08-02,3,8,15,False
16109,2024-08-02,3,9,12,False
16110,2024-08-02,3,10,15,False
16111,2024-08-02,3,11,7,False
16112,2024-08-02,3,12,20,False
16113,2024-08-02,3,13,9,False
16114,2024-08-02,3,14,18,False
16115,2024-08-02,3,15,2,False
16116,2024-08-02,3,16,4,False
16117,2024-08-02,3,17,7,False
16118,2024-08-02,3,18,6,False
16119,2024-08-02,3,19,11,False
16120,2024-08-02,3,20,3,False
16121,2024-08-02,3,21,9,True
16122,2024-08-02,3,22,4,False
16123,2024-08-02,3,23,5,False
16124,2024-08-02,3,24,2,False
16125,2024-08-02,3,25,4,False
16126,2024-08-03,1,1,57,False
16127,2024-08-03,1,2,33,False
16128,2024-08-03,1,3,19,False
16129,2024-08-03,1,4,49,False
16130,2024-08-03,1,5,22,False
16131,2024-08-03,1,6,49,False
16132,2024-08-03,1,7,41,False
16133,2024-08-03,1,8,29,False
16134,2024-08-03,1,9,19,False
16135,2024-08-03,1,10,44,False
16136,2024-08-03,1,11,39,False
16137,2024-08-03,1,12,33,False
16138,2024-08-03,1,13,18,False
16139,2024-08-03,1,14,32,False
16140,2024-08-03,1,15,31,False
16141,2024-08-03,1,16,19,False
16142,2024-08-03,1,17,23,False
16143,2024-08-03,1,18,30,False
16144,2024-08-03,1,19,38,False
16145,2024-08-03,1,20,21,False
16146,2024-08-03,1,21,10,False
16147,2024-08-03,1,22,15,False
16148,2024-08-03,1,23,14,False
16149,2024-08-03,1,24,13,False
16150,2024-08-03,1,25,19,False
16151,2024-08-03,2,1,31,False
16152,2024-08-03,2,2,23,False
16153,2024-08-03,2,3,13,False
16154,2024-08-03,2,4,47,True
16155,2024-08-03,2,5,9,False
16156,2024-08-03,2,6,31,False
16157,2024-08-03,2,7,24,False
16158,2024-08-03,2,8,24,False
16159,2024-08-03,2,9,13,False
16160,2024-08-03,2,10,32,False
16161,2024-08-03,2,11,28,False
16162,2024-08-03,2,12,15,False
16163,2024-08-03,2,13,13,False
16164,2024-08-03,2,14,24,False
16165,2024-08-03,2,15,16,False
16166,2024-08-03,2,16,16,False
16167,2024-08-03,2,17,20,False
16168,2024-08-03,2,18,22,False
16169,2024-08-03,2,19,27,False
16170,2024-08-03,2,20,15,False
16171,2024-08-03,2,21,17,False
16172,2024-08-03,2,22,20,True
16173,2024-08-03,2,23,5,False
16174,2024-08-03,2,24,5,False
16175,2024-08-03,2,25,9,False
16176,2024-08-03,3,1,17,False
16177,2024-08-03,3,2,17,False
16178,2024-08-03,3,3,13,False
16179,2024-08-03,3,4,16,False
16180,2024-08-03,3,5,9,False
16181,2024-08-03,3,6,20,False
16182,2024-08-03,3,7,29,True
16183,2024-08-03,3,8,14,False
16184,2024-08-03,3,9,11,False
16185,2024-08-03,3,10,23,False
16186,2024-08-03,3,11,23,True
16187,2024-08-03,3,12,8,False
16188,2024-08-03,3,13,17,False
16189,2024-08-03,3,14,13,False
16190,2024-08-03,3,15,5,False
16191,2024-08-03,3,16,2,False
16192,2024-08-03,3,17,19,True
16193,2024-08-03,3,18,12,False
16194,2024-08-03,3,19,15,False
16195,2024-08-03,3,20,11,False
16196,2024-08-03,3,21,13,True
16197,2024-08-03,3,22,14,False
16198,2024-08-03,3,23,5,False
16199,2024-08-03,3,24,2,False
16200,2024-08-03,3,25,8,False
16201,2024-08-04,1,1,44,False
16202,2024-08-04,1,2,30,False
16203,2024-08-04,1,3,25,False
16204,2024-08-04,1,4,26,False
16205,2024-08-04,1,5,31,True
16206,2024-08-04,1,6,33,False
16207,2024-08-04,1,7,24,False
16208,2024-08-04,1,8,42,False
16209,2024-08-04,1,9,23,False
16210,2024-08-04,1,10,46,False
16211,2024-08-04,1,11,45,False
16212,2024-08-04,1,12,42,False
16213,2024-08-04,1,13,23,False
16214,2024-08-04,1,14,30,False
16215,2024-08-04,1,15,16,False
16216,2024-08-04,1,16,21,False
16217,2024-08-04,1,17,23,False
16218,2024-08-04,1,18,27,False
16219,2024-08-04,1,19,37,False
16220,2024-08-04,1,20,25,False
16221,2024-08-04,1,21,20,False
16222,2024-08-04,1,22,18,False
16223,2024-08-04,1,23,14,False
16224,2024-08-04,1,24,21,False
16225,2024-08-04,1,25,18,False
16226,2024-08-04,2,1,36,False
16227,2024-08-04,2,2,23,False
16228,2024-08-04,2,3,15,False
16229,2024-08-04,2,4,36,False
16230,2024-08-04,2,5,13,False
16231,2024-08-04,2,6,29,False
16232,2024-08-04,2,7,23,False
16233,2024-08-04,2,8,19,False
16234,2024-08-04,2,9,19,False
16235,2024-08-04,2,10,25,False
16236,2024-08-04,2,11,35,False
16237,2024-08-04,2,12,30,False
16238,2024-08-04,2,13,16,False
16239,2024-08-04,2,14,14,False
16240,2024-08-04,2,15,16,False
16241,2024-08-04,2,16,12,False
16242,2024-08-04,2,17,13,False
16243,2024-08-04,2,18,11,False
16244,2024-08-04,2,19,35,False
16245,2024-08-04,2,20,13,False
16246,2024-08-04,2,21,10,False
16247,2024-08-04,2,22,16,False
16248,2024-08-04,2,23,15,False
16249,2024-08-04,2,24,11,False
16250,2024-08-04,2,25,10,False
16251,2024-08-04,3,1,27,True
16252,2024-08-04,3,2,11,False
16253,2024-08-04,3,3,10,False
16254,2024-08-04,3,4,12,False
16255,2024-08-04,3,5,6,False
16256,2024-08-04,3,6,28,True
16257,2024-08-04,3,7,15,True
16258,2024-08-04,3,8,15,False
16259,2024-08-04,3,9,10,False
16260,2024-08-04,3,10,20,False
16261,2024-08-04,3,11,23,False
16262,2024-08-04,3,12,14,False
16263,2024-08-04,3,13,2,False
16264,2024-08-04,3,14,8,False
16265,2024-08-04,3,15,8,False
16266,2024-08-04,3,16,4,False
16267,2024-08-04,3,17,12,False
16268,2024-08-04,3,18,8,False
16269,2024-08-04,3,19,15,False
16270,2024-08-04,3,20,5,False
16271,2024-08-04,3,21,8,True
16272,2024-08-04,3,22,8,False
16273,2024-08-04,3,23,1,False
16274,2024-08-04,3,24,4,False
16275,2024-08-04,3,25,9,False
16276,2024-08-05,1,1,43,False
16277,2024-08-05,1,2,20,False
16278,2024-08-05,1,3,21,False
16279,2024-08-05,1,4,25,False
16280,2024-08-05,1,5,19,False
16281,2024-08-05,1,6,40,False
16282,2024-08-05,1,7,24,False
16283,2024-08-05,1,8,27,False
16284,2024-08-05,1,9,12,False
16285,2024-08-05,1,10,33,False
16286,2024-08-05,1,11,38,False
16287,2024-08-05,1,12,35,False
16288,2024-08-05,1,13,27,False
16289,2024-08-05,1,14,24,False
16290,2024-08-05,1,15,17,False
16291,2024-08-05,1,16,6,False
16292,2024-08-05,1,17,28,False
16293,2024-08-05,1,18,39,True
16294,2024-08-05,1,19,31,False
16295,2024-08-05,1,20,17,False
16296,2024-08-05,1,21,20,False
16297,2024-08-05,1,22,22,False
16298,2024-08-05,1,23,15,False
16299,2024-08-05,1,24,21,False
16300,2024-08-05,1,25,14,False
16301,2024-08-05,2,1,26,False
16302,2024-08-05,2,2,19,False
16303,2024-08-05,2,3,15,False
16304,2024-08-05,2,4,21,False
16305,2024-08-05,2,5,8,False
16306,2024-08-05,2,6,21,False
16307,2024-08-05,2,7,24,False
16308,2024-08-05,2,8,23,False
16309,2024-08-05,2,9,9,False
16310,2024-08-05,2,10,24,False
16311,2024-08-05,2,11,21,False
16312,2024-08-05,2,12,22,False
16313,2024-08-05,2,13,8,False
16314,2024-08-05,2,14,23,False
16315,2024-08-05,2,15,4,False
16316,2024-08-05,2,16,14,True
16317,2024-08-05,2,17,12,False
16318,2024-08-05,2,18,18,False
16319,2024-08-05,2,19,17,False
16320,2024-08-05,2,20,8,False
16321,2024-08-05,2,21,8,False
16322,2024-08-05,2,22,10,False
16323,2024-08-05,2,23,3,False
16324,2024-08-05,2,24,9,False
16325,2024-08-05,2,25,10,False
16326,2024-08-05,3,1,28,True
16327,2024-08-05,3,2,11,False
16328,2024-08-05,3,3,7,False
16329,2024-08-05,3,4,20,True
16330,2024-08-05,3,5,6,False
16331,2024-08-05,3,6,16,False
16332,2024-08-05,3,7,16,False
16333,2024-08-05,3,8,13,True
16334,2024-08-05,3,9,8,False
16335,2024-08-05,3,10,9,False
16336,2024-08-05,3,11,18,False
16337,2024-08-05,3,12,14,False
16338,2024-08-05,3,13,8,False
16339,2024-08-05,3,14,10,False
16340,2024-08-05,3,15,6,False
16341,2024-08-05,3,16,7,False
16342,2024-08-05,3,17,12,False
16343,2024-08-05,3,18,14,True
16344,2024-08-05,3,19,11,False
16345,2024-08-05,3,20,9,False
16346,2024-08-05,3,21,10,False
16347,2024-08-05,3,22,3,False
16348,2024-08-05,3,23,3,False
16349,2024-08-05,3,24,3,True
16350,2024-08-05,3,25,2,False
16351,2024-08-06,1,1,37,False
16352,2024-08-06,1,2,21,False
16353,2024-08-06,1,3,23,False
16354,2024-08-06,1,4,39,False
16355,2024-08-06,1,5,23,False
16356,2024-08-06,1,6,32,False
16357,2024-08-06,1,7,22,False
16358,2024-08-06,1,8,26,False
16359,2024-08-06,1,9,23,False
16360,2024-08-06,1,10,32,False
16361,2024-08-06,1,11,37,False
16362,2024-08-06,1,12,37,False
16363,2024-08-06,1,13,16,False
16364,2024-08-06,1,14,42,True
16365,2024-08-06,1,15,8,False
16366,2024-08-06,1,16,11,False
16367,2024-08-06,1,17,49,True
16368,2024-08-06,1,18,29,False
16369,2024-08-06,1,19,25,False
16370,2024-08-06,1,20,11,False
16371,2024-08-06,1,21,10,False
16372,2024-08-06,1,22,16,False
16373,2024-08-06,1,23,14,False
16374,2024-08-06,1,24,7,False
16375,2024-08-06,1,25,13,False
16376,2024-08-06,2,1,21,False
16377,2024-08-06,2,2,14,False
16378,2024-08-06,2,3,24,False
16379,2024-08-06,2,4,23,False
16380,2024-08-06,2,5,15,False
16381,2024-08-06,2,6,31,False
16382,2024-08-06,2,7,16,False
16383,2024-08-06,2,8,19,False
16384,2024-08-06,2,9,14,False
16385,2024-08-06,2,10,23,False
16386,2024-08-06,2,11,40,True
16387,2024-08-06,2,12,20,False
16388,2024-08-06,2,13,13,False
16389,2024-08-06,2,14,22,False
16390,2024-08-06,2,15,4,False
16391,2024-08-06,2,16,10,False
16392,2024-08-06,2,17,13,False
16393,2024-08-06,2,18,21,False
16394,2024-08-06,2,19,25,False
16395,2024-08-06,2,20,16,False
16396,2024-08-06,2,21,12,False
16397,2024-08-06,2,22,13,False
16398,2024-08-06,2,23,4,False
16399,2024-08-06,2,24,8,False
16400,2024-08-06,2,25,11,False
16401,2024-08-06,3,1,14,False
16402,2024-08-06,3,2,11,False
16403,2024-08-06,3,3,14,True
16404,2024-08-06,3,4,9,False
16405,2024-08-06,3,5,7,False
16406,2024-08-06,3,6,15,False
16407,2024-08-06,3,7,9,False
16408,2024-08-06,3,8,6,False
16409,2024-08-06,3,9,14,False
16410,2024-08-06,3,10,16,False
16411,2024-08-06,3,11,25,False
16412,2024-08-06,3,12,10,False
16413,2024-08-06,3,13,2,False
16414,2024-08-06,3,14,10,False
16415,2024-08-06,3,15,4,False
16416,2024-08-06,3,16,3,False
16417,2024-08-06,3,17,9,False
16418,2024-08-06,3,18,12,False
16419,2024-08-06,3,19,12,False
16420,2024-08-06,3,20,10,False
16421,2024-08-06,3,21,3,False
16422,2024-08-06,3,22,9,False
16423,2024-08-06,3,23,2,False
16424,2024-08-06,3,24,3,False
16425,2024-08-06,3,25,5,False
16426,2024-08-07,1,1,63,True
16427,2024-08-07,1,2,36,False
16428,2024-08-07,1,3,21,False
16429,2024-08-07,1,4,28,False
16430,2024-08-07,1,5,13,False
16431,2024-08-07,1,6,28,False
16432,2024-08-07,1,7,21,False
16433,2024-08-07,1,8,36,False
16434,2024-08-07,1,9,19,False
16435,2024-08-07,1,10,31,False
16436,2024-08-07,1,11,32,False
16437,2024-08-07,1,12,35,False
16438,2024-08-07,1,13,17,False
16439,2024-08-07,1,14,22,False
16440,2024-08-07,1,15,17,False
16441,2024-08-07,1,16,17,False
16442,2024-08-07,1,17,16,False
16443,2024-08-07,1,18,26,False
16444,2024-08-07,1,19,29,False
16445,2024-08-07,1,20,13,False
16446,2024-08-07,1,21,17,False
16447,2024-08-07,1,22,16,False
16448,2024-08-07,1,23,11,False
16449,2024-08-07,1,24,5,False
16450,2024-08-07,1,25,17,False
16451,2024-08-07,2,1,28,False
16452,2024-08-07,2,2,15,False
16453,2024-08-07,2,3,14,False
16454,2024-08-07,2,4,24,False
16455,2024-08-07,2,5,17,False
16456,2024-08-07,2,6,19,False
16457,2024-08-07,2,7,14,False
16458,2024-08-07,2,8,22,False
16459,2024-08-07,2,9,21,False
16460,2024-08-07,2,10,33,True
16461,2024-08-07,2,11,27,False
16462,2024-08-07,2,12,18,False
16463,2024-08-07,2,13,19,False
16464,2024-08-07,2,14,16,False
16465,2024-08-07,2,15,11,False
16466,2024-08-07,2,16,13,False
16467,2024-08-07,2,17,12,False
16468,2024-08-07,2,18,14,False
16469,2024-08-07,2,19,23,False
16470,2024-08-07,2,20,15,False
16471,2024-08-07,2,21,11,False
16472,2024-08-07,2,22,19,False
16473,2024-08-07,2,23,3,False
16474,2024-08-07,2,24,9,True
16475,2024-08-07,2,25,10,False
16476,2024-08-07,3,1,10,False
16477,2024-08-07,3,2,7,False
16478,2024-08-07,3,3,6,False
16479,2024-08-07,3,4,20,False
16480,2024-08-07,3,5,9,False
16481,2024-08-07,3,6,10,False
16482,2024-08-07,3,7,6,False
16483,2024-08-07,3,8,16,False
16484,2024-08-07,3,9,10,False
16485,2024-08-07,3,10,12,False
16486,2024-08-07,3,11,10,False
16487,2024-08-07,3,12,5,False
16488,2024-08-07,3,13,11,False
16489,2024-08-07,3,14,15,False
16490,2024-08-07,3,15,6,False
16491,2024-08-07,3,16,7,False
16492,2024-08-07,3,17,13,False
16493,2024-08-07,3,18,8,False
16494,2024-08-07,3,19,10,False
16495,2024-08-07,3,20,6,False
16496,2024-08-07,3,21,5,False
16497,2024-08-07,3,22,4,False
16498,2024-08-07,3,23,4,False
16499,2024-08-07,3,24,6,False
16500,2024-08-07,3,25,14,False
16501,2024-08-08,1,1,32,False
16502,2024-08-08,1,2,20,False
16503,2024-08-08,1,3,17,False
16504,2024-08-08,1,4,18,False
16505,2024-08-08,1,5,9,False
16506,2024-08-08,1,6,29,False
16507,2024-08-08,1,7,22,False
16508,2024-08-08,1,8,30,False
16509,2024-08-08,1,9,13,False
16510,2024-08-08,1,10,32,False
16511,2024-08-08,1,11,27,False
16512,2024-08-08,1,12,39,False
16513,2024-08-08,1,13,14,False
16514,2024-08-08,1,14,31,False
16515,2024-08-08,1,15,14,False
16516,2024-08-08,1,16,9,False
16517,2024-08-08,1,17,41,True
16518,2024-08-08,1,18,26,False
16519,2024-08-08,1,19,25,False
16520,2024-08-08,1,20,20,False
16521,2024-08-08,1,21,10,False
16522,2024-08-08,1,22,17,False
16523,2024-08-08,1,23,12,False
16524,2024-08-08,1,24,11,False
16525,2024-08-08,1,25,14,False
16526,2024-08-08,2,1,25,False
16527,2024-08-08,2,2,16,False
16528,2024-08-08,2,3,20,False
16529,2024-08-08,2,4,19,False
16530,2024-08-08,2,5,15,False
16531,2024-08-08,2,6,18,False
16532,2024-08-08,2,7,23,False
16533,2024-08-08,2,8,20,False
16534,2024-08-08,2,9,16,False
16535,2024-08-08,2,10,24,False
16536,2024-08-08,2,11,18,False
16537,2024-08-08,2,12,23,False
16538,2024-08-08,2,13,7,False
16539,2024-08-08,2,14,17,False
16540,2024-08-08,2,15,12,False
16541,2024-08-08,2,16,16,False
16542,2024-08-08,2,17,14,False
16543,2024-08-08,2,18,13,False
16544,2024-08-08,2,19,18,False
16545,2024-08-08,2,20,8,False
16546,2024-08-08,2,21,7,False
16547,2024-08-08,2,22,20,False
16548,2024-08-08,2,23,13,False
16549,2024-08-08,2,24,11,False
16550,2024-08-08,2,25,17,True
16551,2024-08-08,3,1,20,False
16552,2024-08-08,3,2,13,False
16553,2024-08-08,3,3,5,False
16554,2024-08-08,3,4,18,False
16555,2024-08-08,3,5,16,False
16556,2024-08-08,3,6,13,False
16557,2024-08-08,3,7,12,False
16558,2024-08-08,3,8,9,False
16559,2024-08-08,3,9,5,False
16560,2024-08-08,3,10,12,False
16561,2024-08-08,3,11,13,False
16562,2024-08-08,3,12,12,False
16563,2024-08-08,3,13,8,False
16564,2024-08-08,3,14,10,False
16565,2024-08-08,3,15,4,False
16566,2024-08-08,3,16,9,False
16567,2024-08-08,3,17,17,True
16568,2024-08-08,3,18,5,False
16569,2024-08-08,3,19,8,False
16570,2024-08-08,3,20,9,False
16571,2024-08-08,3,21,7,False
16572,2024-08-08,3,22,4,False
16573,2024-08-08,3,23,7,False
16574,2024-08-08,3,24,3,False
16575,2024-08-08,3,25,10,False
16576,2024-08-09,1,1,35,False
16577,2024-08-09,1,2,28,False
16578,2024-08-09,1,3,15,False
16579,2024-08-09,1,4,36,False
16580,2024-08-09,1,5,12,False
16581,2024-08-09,1,6,41,False
16582,2024-08-09,1,7,23,False
16583,2024-08-09,1,8,28,False
16584,2024-08-09,1,9,23,False
16585,2024-08-09,1,10,33,False
16586,2024-08-09,1,11,24,False
16587,2024-08-09,1,12,30,False
16588,2024-08-09,1,13,19,False
16589,2024-08-09,1,14,28,True
16590,2024-08-09,1,15,11,False
16591,2024-08-09,1,16,9,False
16592,2024-08-09,1,17,39,True
16593,2024-08-09,1,18,27,False
16594,2024-08-09,1,19,26,False
16595,2024-08-09,1,20,15,False
16596,2024-08-09,1,21,19,False
16597,2024-08-09,1,22,11,False
16598,2024-08-09,1,23,10,False
16599,2024-08-09,1,24,16,True
16600,2024-08-09,1,25,19,False
16601,2024-08-09,2,1,21,False
16602,2024-08-09,2,2,26,False
16603,2024-08-09,2,3,11,False
16604,2024-08-09,2,4,20,False
16605,2024-08-09,2,5,15,False
16606,2024-08-09,2,6,20,False
16607,2024-08-09,2,7,19,False
16608,2024-08-09,2,8,26,False
16609,2024-08-09,2,9,14,False
16610,2024-08-09,2,10,23,False
16611,2024-08-09,2,11,11,False
16612,2024-08-09,2,12,20,False
16613,2024-08-09,2,13,11,False
16614,2024-08-09,2,14,28,True
16615,2024-08-09,2,15,8,False
16616,2024-08-09,2,16,6,False
16617,2024-08-09,2,17,18,False
16618,2024-08-09,2,18,19,False
16619,2024-08-09,2,19,20,False
16620,2024-08-09,2,20,16,False
16621,2024-08-09,2,21,7,False
16622,2024-08-09,2,22,15,False
16623,2024-08-09,2,23,6,False
16624,2024-08-09,2,24,4,False
16625,2024-08-09,2,25,5,False
16626,2024-08-09,3,1,13,False
16627,2024-08-09,3,2,12,False
16628,2024-08-09,3,3,6,False
16629,2024-08-09,3,4,13,False
16630,2024-08-09,3,5,6,False
16631,2024-08-09,3,6,15,False
16632,2024-08-09,3,7,11,False
16633,2024-08-09,3,8,13,False
16634,2024-08-09,3,9,15,False
16635,2024-08-09,3,10,19,False
16636,2024-08-09,3,11,16,False
16637,2024-08-09,3,12,15,False
16638,2024-08-09,3,13,9,False
16639,2024-08-09,3,14,6,False
16640,2024-08-09,3,15,3,False
16641,2024-08-09,3,16,2,False
16642,2024-08-09,3,17,13,False
16643,2024-08-09,3,18,7,False
16644,2024-08-09,3,19,10,False
16645,2024-08-09,3,20,10,False
16646,2024-08-09,3,21,4,False
16647,2024-08-09,3,22,7,False
16648,2024-08-09,3,23,12,False
16649,2024-08-09,3,24,5,False
16650,2024-08-09,3,25,5,False
16651,2024-08-10,1,1,46,False
16652,2024-08-10,1,2,33,False
16653,2024-08-10,1,3,22,False
16654,2024-08-10,1,4,41,False
16655,2024-08-10,1,5,26,False
16656,2024-08-10,1,6,39,False
16657,2024-08-10,1,7,24,False
16658,2024-08-10,1,8,37,False
16659,2024-08-10,1,9,19,False
16660,2024-08-10,1,10,49,False
16661,2024-08-10,1,11,30,False
16662,2024-08-10,1,12,31,False
16663,2024-08-10,1,13,13,False
16664,2024-08-10,1,14,34,False
16665,2024-08-10,1,15,22,False
16666,2024-08-10,1,16,17,False
16667,2024-08-10,1,17,27,False
16668,2024-08-10,1,18,29,False
16669,2024-08-10,1,19,38,False
16670,2024-08-10,1,20,20,False
16671,2024-08-10,1,21,20,False
16672,2024-08-10,1,22,21,False
16673,2024-08-10,1,23,19,False
16674,2024-08-10,1,24,18,False
16675,2024-08-10,1,25,24,False
16676,2024-08-10,2,1,34,False
16677,2024-08-10,2,2,30,False
16678,2024-08-10,2,3,19,False
16679,2024-08-10,2,4,21,False
16680,2024-08-10,2,5,15,False
16681,2024-08-10,2,6,31,False
16682,2024-08-10,2,7,27,False
16683,2024-08-10,2,8,32,False
16684,2024-08-10,2,9,22,False
16685,2024-08-10,2,10,39,False
16686,2024-08-10,2,11,27,False
16687,2024-08-10,2,12,23,False
16688,2024-08-10,2,13,16,False
16689,2024-08-10,2,14,21,False
16690,2024-08-10,2,15,23,False
16691,2024-08-10,2,16,20,False
16692,2024-08-10,2,17,21,False
16693,2024-08-10,2,18,24,False
16694,2024-08-10,2,19,25,False
16695,2024-08-10,2,20,6,False
16696,2024-08-10,2,21,13,False
16697,2024-08-10,2,22,7,False
16698,2024-08-10,2,23,6,False
16699,2024-08-10,2,24,3,False
16700,2024-08-10,2,25,8,False
16701,2024-08-10,3,1,13,False
16702,2024-08-10,3,2,13,False
16703,2024-08-10,3,3,5,False
16704,2024-08-10,3,4,22,True
16705,2024-08-10,3,5,5,False
16706,2024-08-10,3,6,9,False
16707,2024-08-10,3,7,10,False
16708,2024-08-10,3,8,16,False
16709,2024-08-10,3,9,15,False
16710,2024-08-10,3,10,15,False
16711,2024-08-10,3,11,20,False
16712,2024-08-10,3,12,11,False
16713,2024-08-10,3,13,15,False
16714,2024-08-10,3,14,12,False
16715,2024-08-10,3,15,6,False
16716,2024-08-10,3,16,6,False
16717,2024-08-10,3,17,14,False
16718,2024-08-10,3,18,17,False
16719,2024-08-10,3,19,15,False
16720,2024-08-10,3,20,13,True
16721,2024-08-10,3,21,6,False
16722,2024-08-10,3,22,7,False
16723,2024-08-10,3,23,6,True
16724,2024-08-10,3,24,1,False
16725,2024-08-10,3,25,7,False
16726,2024-08-11,1,1,38,False
16727,2024-08-11,1,2,34,False
16728,2024-08-11,1,3,24,False
16729,2024-08-11,1,4,41,False
16730,2024-08-11,1,5,24,False
16731,2024-08-11,1,6,44,False
16732,2024-08-11,1,7,30,False
16733,2024-08-11,1,8,42,False
16734,2024-08-11,1,9,30,False
16735,2024-08-11,1,10,52,False
16736,2024-08-11,1,11,58,False
16737,2024-08-11,1,12,36,False
16738,2024-08-11,1,13,31,False
16739,2024-08-11,1,14,25,False
16740,2024-08-11,1,15,22,False
16741,2024-08-11,1,16,18,False
16742,2024-08-11,1,17,29,False
16743,2024-08-11,1,18,26,False
16744,2024-08-11,1,19,28,False
16745,2024-08-11,1,20,34,True
16746,2024-08-11,1,21,17,False
16747,2024-08-11,1,22,18,False
16748,2024-08-11,1,23,16,False
16749,2024-08-11,1,24,14,False
16750,2024-08-11,1,25,22,False
16751,2024-08-11,2,1,36,False
16752,2024-08-11,2,2,23,False
16753,2024-08-11,2,3,28,False
16754,2024-08-11,2,4,46,False
16755,2024-08-11,2,5,8,False
16756,2024-08-11,2,6,33,False
16757,2024-08-11,2,7,29,False
16758,2024-08-11,2,8,22,False
16759,2024-08-11,2,9,18,False
16760,2024-08-11,2,10,34,False
16761,2024-08-11,2,11,29,False
16762,2024-08-11,2,12,26,False
16763,2024-08-11,2,13,13,False
16764,2024-08-11,2,14,20,False
16765,2024-08-11,2,15,11,False
16766,2024-08-11,2,16,11,False
16767,2024-08-11,2,17,20,False
16768,2024-08-11,2,18,30,True
16769,2024-08-11,2,19,23,False
16770,2024-08-11,2,20,11,False
16771,2024-08-11,2,21,10,False
16772,2024-08-11,2,22,8,False
16773,2024-08-11,2,23,9,False
16774,2024-08-11,2,24,9,False
16775,2024-08-11,2,25,13,False
16776,2024-08-11,3,1,21,False
16777,2024-08-11,3,2,11,False
16778,2024-08-11,3,3,14,False
16779,2024-08-11,3,4,15,False
16780,2024-08-11,3,5,6,False
16781,2024-08-11,3,6,12,False
16782,2024-08-11,3,7,9,False
16783,2024-08-11,3,8,14,False
16784,2024-08-11,3,9,13,False
16785,2024-08-11,3,10,19,False
16786,2024-08-11,3,11,23,False
16787,2024-08-11,3,12,10,False
16788,2024-08-11,3,13,9,False
16789,2024-08-11,3,14,14,False
16790,2024-08-11,3,15,8,False
16791,2024-08-11,3,16,9,False
16792,2024-08-11,3,17,10,False
16793,2024-08-11,3,18,9,False
16794,2024-08-11,3,19,13,False
16795,2024-08-11,3,20,10,False
16796,2024-08-11,3,21,6,False
16797,2024-08-11,3,22,9,False
16798,2024-08-11,3,23,4,False
16799,2024-08-11,3,24,6,False
16800,2024-08-11,3,25,5,False
16801,2024-08-12,1,1,31,False
16802,2024-08-12,1,2,20,False
16803,2024-08-12,1,3,16,False
16804,2024-08-12,1,4,38,False
16805,2024-08-12,1,5,13,False
16806,2024-08-12,1,6,32,False
16807,2024-08-12,1,7,22,False
16808,2024-08-12,1,8,50,True
16809,2024-08-12,1,9,24,False
16810,2024-08-12,1,10,32,False
16811,2024-08-12,1,11,36,False
16812,2024-08-12,1,12,20,False
16813,2024-08-12,1,13,13,False
16814,2024-08-12,1,14,25,False
16815,2024-08-12,1,15,24,False
16816,2024-08-12,1,16,8,False
16817,2024-08-12,1,17,27,False
16818,2024-08-12,1,18,28,False
16819,2024-08-12,1,19,25,False
16820,2024-08-12,1,20,10,False
16821,2024-08-12,1,21,11,False
16822,2024-08-12,1,22,9,False
16823,2024-08-12,1,23,12,False
16824,2024-08-12,1,24,9,False
16825,2024-08-12,1,25,17,False
16826,2024-08-12,2,1,21,False
16827,2024-08-12,2,2,16,False
16828,2024-08-12,2,3,20,False
16829,2024-08-12,2,4,20,False
16830,2024-08-12,2,5,10,False
16831,2024-08-12,2,6,26,False
16832,2024-08-12,2,7,21,False
16833,2024-08-12,2,8,15,False
16834,2024-08-12,2,9,15,False
16835,2024-08-12,2,10,23,False
16836,2024-08-12,2,11,13,False
16837,2024-08-12,2,12,32,False
16838,2024-08-12,2,13,13,False
16839,2024-08-12,2,14,18,False
16840,2024-08-12,2,15,7,False
16841,2024-08-12,2,16,7,False
16842,2024-08-12,2,17,13,False
16843,2024-08-12,2,18,17,False
16844,2024-08-12,2,19,20,False
16845,2024-08-12,2,20,10,False
16846,2024-08-12,2,21,6,False
16847,2024-08-12,2,22,7,False
16848,2024-08-12,2,23,5,False
16849,2024-08-12,2,24,6,False
16850,2024-08-12,2,25,6,False
16851,2024-08-12,3,1,12,False
16852,2024-08-12,3,2,13,False
16853,2024-08-12,3,3,9,False
16854,2024-08-12,3,4,6,False
16855,2024-08-12,3,5,5,False
16856,2024-08-12,3,6,11,False
16857,2024-08-12,3,7,8,False
16858,2024-08-12,3,8,16,False
16859,2024-08-12,3,9,10,False
16860,2024-08-12,3,10,9,False
16861,2024-08-12,3,11,13,False
16862,2024-08-12,3,12,18,False
16863,2024-08-12,3,13,3,False
16864,2024-08-12,3,14,13,False
16865,2024-08-12,3,15,1,False
16866,2024-08-12,3,16,4,False
16867,2024-08-12,3,17,2,False
16868,2024-08-12,3,18,8,False
16869,2024-08-12,3,19,8,False
16870,2024-08-12,3,20,4,False
16871,2024-08-12,3,21,11,False
16872,2024-08-12,3,22,7,False
16873,2024-08-12,3,23,5,False
16874,2024-08-12,3,24,14,True
16875,2024-08-12,3,25,2,False
16876,2024-08-13,1,1,32,False
16877,2024-08-13,1,2,24,False
16878,2024-08-13,1,3,19,False
16879,2024-08-13,1,4,23,False
16880,2024-08-13,1,5,20,True
16881,2024-08-13,1,6,48,False
16882,2024-08-13,1,7,23,False
16883,2024-08-13,1,8,27,False
16884,2024-08-13,1,9,21,False
16885,2024-08-13,1,10,22,False
16886,2024-08-13,1,11,27,False
16887,2024-08-13,1,12,23,False
16888,2024-08-13,1,13,19,False
16889,2024-08-13,1,14,26,False
16890,2024-08-13,1,15,19,False
16891,2024-08-13,1,16,14,False
16892,2024-08-13,1,17,34,False
16893,2024-08-13,1,18,23,False
16894,2024-08-13,1,19,29,False
16895,2024-08-13,1,20,17,False
16896,2024-08-13,1,21,19,False
16897,2024-08-13,1,22,10,False
16898,2024-08-13,1,23,6,False
16899,2024-08-13,1,24,9,False
16900,2024-08-13,1,25,11,False
16901,2024-08-13,2,1,18,False
16902,2024-08-13,2,2,25,False
16903,2024-08-13,2,3,20,False
16904,2024-08-13,2,4,16,False
16905,2024-08-13,2,5,7,False
16906,2024-08-13,2,6,33,False
16907,2024-08-13,2,7,19,False
16908,2024-08-13,2,8,29,True
16909,2024-08-13,2,9,13,False
16910,2024-08-13,2,10,26,False
16911,2024-08-13,2,11,29,False
16912,2024-08-13,2,12,20,False
16913,2024-08-13,2,13,15,False
16914,2024-08-13,2,14,32,True
16915,2024-08-13,2,15,9,False
16916,2024-08-13,2,16,8,False
16917,2024-08-13,2,17,13,False
16918,2024-08-13,2,18,17,False
16919,2024-08-13,2,19,20,False
16920,2024-08-13,2,20,10,False
16921,2024-08-13,2,21,12,False
16922,2024-08-13,2,22,8,False
16923,2024-08-13,2,23,11,False
16924,2024-08-13,2,24,2,False
16925,2024-08-13,2,25,4,False
16926,2024-08-13,3,1,17,False
16927,2024-08-13,3,2,15,False
16928,2024-08-13,3,3,3,False
16929,2024-08-13,3,4,15,False
16930,2024-08-13,3,5,4,False
16931,2024-08-13,3,6,8,False
16932,2024-08-13,3,7,5,False
16933,2024-08-13,3,8,14,False
16934,2024-08-13,3,9,4,False
16935,2024-08-13,3,10,12,False
16936,2024-08-13,3,11,13,False
16937,2024-08-13,3,12,10,False
16938,2024-08-13,3,13,12,False
16939,2024-08-13,3,14,7,False
16940,2024-08-13,3,15,4,False
16941,2024-08-13,3,16,1,False
16942,2024-08-13,3,17,9,False
16943,2024-08-13,3,18,11,False
16944,2024-08-13,3,19,16,False
16945,2024-08-13,3,20,8,False
16946,2024-08-13,3,21,5,False
16947,2024-08-13,3,22,3,False
16948,2024-08-13,3,23,3,False
16949,2024-08-13,3,24,4,False
16950,2024-08-13,3,25,4,False
16951,2024-08-14,1,1,27,False
16952,2024-08-14,1,2,26,False
16953,2024-08-14,1,3,24,False
16954,2024-08-14,1,4,29,False
16955,2024-08-14,1,5,17,False
16956,2024-08-14,1,6,24,False
16957,2024-08-14,1,7,22,False
16958,2024-08-14,1,8,36,False
16959,2024-08-14,1,9,18,False
16960,2024-08-14,1,10,31,False
16961,2024-08-14,1,11,34,False
16962,2024-08-14,1,12,31,False
16963,2024-08-14,1,13,17,False
16964,2024-08-14,1,14,22,False
16965,2024-08-14,1,15,15,False
16966,2024-08-14,1,16,16,False
16967,2024-08-14,1,17,17,False
16968,2024-08-14,1,18,39,True
16969,2024-08-14,1,19,26,False
16970,2024-08-14,1,20,14,False
16971,2024-08-14,1,21,16,False
16972,2024-08-14,1,22,24,False
16973,2024-08-14,1,23,12,False
16974,2024-08-14,1,24,13,False
16975,2024-08-14,1,25,11,False
16976,2024-08-14,2,1,30,False
16977,2024-08-14,2,2,18,False
16978,2024-08-14,2,3,21,False
16979,2024-08-14,2,4,15,False
16980,2024-08-14,2,5,13,False
16981,2024-08-14,2,6,18,False
16982,2024-08-14,2,7,16,False
16983,2024-08-14,2,8,20,False
16984,2024-08-14,2,9,12,False
16985,2024-08-14,2,10,18,False
16986,2024-08-14,2,11,20,False
16987,2024-08-14,2,12,21,False
16988,2024-08-14,2,13,6,False
16989,2024-08-14,2,14,8,False
16990,2024-08-14,2,15,5,False
16991,2024-08-14,2,16,14,False
16992,2024-08-14,2,17,17,False
16993,2024-08-14,2,18,16,False
16994,2024-08-14,2,19,15,False
16995,2024-08-14,2,20,3,False
16996,2024-08-14,2,21,11,False
16997,2024-08-14,2,22,12,False
16998,2024-08-14,2,23,8,False
16999,2024-08-14,2,24,4,False
17000,2024-08-14,2,25,14,False
17001,2024-08-14,3,1,12,False
17002,2024-08-14,3,2,17,False
17003,2024-08-14,3,3,5,False
17004,2024-08-14,3,4,13,False
17005,2024-08-14,3,5,9,False
17006,2024-08-14,3,6,17,False
17007,2024-08-14,3,7,9,False
17008,2024-08-14,3,8,7,False
17009,2024-08-14,3,9,8,False
17010,2024-08-14,3,10,13,False
17011,2024-08-14,3,11,15,False
17012,2024-08-14,3,12,23,False
17013,2024-08-14,3,13,4,False
17014,2024-08-14,3,14,16,False
17015,2024-08-14,3,15,9,False
17016,2024-08-14,3,16,4,False
17017,2024-08-14,3,17,9,False
17018,2024-08-14,3,18,10,False
17019,2024-08-14,3,19,10,False
17020,2024-08-14,3,20,4,False
17021,2024-08-14,3,21,2,False
17022,2024-08-14,3,22,7,False
17023,2024-08-14,3,23,6,False
17024,2024-08-14,3,24,5,False
17025,2024-08-14,3,25,7,False
17026,2024-08-15,1,1,46,True
17027,2024-08-15,1,2,25,False
17028,2024-08-15,1,3,16,False
17029,2024-08-15,1,4,52,True
17030,2024-08-15,1,5,14,False
17031,2024-08-15,1,6,31,False
17032,2024-08-15,1,7,33,False
17033,2024-08-15,1,8,36,False
17034,2024-08-15,1,9,11,False
17035,2024-08-15,1,10,39,False
17036,2024-08-15,1,11,33,False
17037,2024-08-15,1,12,35,False
17038,2024-08-15,1,13,14,False
17039,2024-08-15,1,14,47,True
17040,2024-08-15,1,15,14,True
17041,2024-08-15,1,16,15,False
17042,2024-08-15,1,17,16,False
17043,2024-08-15,1,18,30,False
17044,2024-08-15,1,19,38,False
17045,2024-08-15,1,20,17,False
17046,2024-08-15,1,21,17,False
17047,2024-08-15,1,22,12,False
17048,2024-08-15,1,23,11,False
17049,2024-08-15,1,24,8,False
17050,2024-08-15,1,25,15,False
17051,2024-08-15,2,1,27,False
17052,2024-08-15,2,2,27,False
17053,2024-08-15,2,3,10,False
17054,2024-08-15,2,4,22,False
17055,2024-08-15,2,5,8,False
17056,2024-08-15,2,6,22,False
17057,2024-08-15,2,7,19,False
17058,2024-08-15,2,8,26,False
17059,2024-08-15,2,9,12,False
17060,2024-08-15,2,10,27,False
17061,2024-08-15,2,11,24,False
17062,2024-08-15,2,12,18,False
17063,2024-08-15,2,13,10,False
17064,2024-08-15,2,14,21,False
17065,2024-08-15,2,15,9,False
17066,2024-08-15,2,16,8,False
17067,2024-08-15,2,17,18,False
17068,2024-08-15,2,18,17,False
17069,2024-08-15,2,19,17,False
17070,2024-08-15,2,20,17,False
17071,2024-08-15,2,21,6,False
17072,2024-08-15,2,22,11,False
17073,2024-08-15,2,23,9,False
17074,2024-08-15,2,24,8,False
17075,2024-08-15,2,25,2,False
17076,2024-08-15,3,1,15,False
17077,2024-08-15,3,2,1,False
17078,2024-08-15,3,3,8,False
17079,2024-08-15,3,4,14,False
17080,2024-08-15,3,5,9,False
17081,2024-08-15,3,6,9,False
17082,2024-08-15,3,7,7,False
17083,2024-08-15,3,8,17,False
17084,2024-08-15,3,9,12,False
17085,2024-08-15,3,10,13,False
17086,2024-08-15,3,11,21,False
17087,2024-08-15,3,12,16,False
17088,2024-08-15,3,13,13,False
17089,2024-08-15,3,14,5,False
17090,2024-08-15,3,15,5,False
17091,2024-08-15,3,16,6,False
17092,2024-08-15,3,17,7,False
17093,2024-08-15,3,18,7,False
17094,2024-08-15,3,19,11,False
17095,2024-08-15,3,20,8,False
17096,2024-08-15,3,21,5,False
17097,2024-08-15,3,22,8,False
17098,2024-08-15,3,23,6,False
17099,2024-08-15,3,24,4,False
17100,2024-08-15,3,25,1,False
17101,2024-08-16,1,1,33,False
17102,2024-08-16,1,2,31,False
17103,2024-08-16,1,3,17,False
17104,2024-08-16,1,4,27,False
17105,2024-08-16,1,5,32,True
17106,2024-08-16,1,6,30,False
17107,2024-08-16,1,7,27,False
17108,2024-08-16,1,8,29,False
17109,2024-08-16,1,9,20,False
17110,2024-08-16,1,10,40,False
17111,2024-08-16,1,11,43,True
17112,2024-08-16,1,12,22,False
17113,2024-08-16,1,13,16,False
17114,2024-08-16,1,14,26,False
17115,2024-08-16,1,15,17,False
17116,2024-08-16,1,16,18,False
17117,2024-08-16,1,17,20,False
17118,2024-08-16,1,18,21,False
17119,2024-08-16,1,19,23,False
17120,2024-08-16,1,20,20,False
17121,2024-08-16,1,21,10,False
17122,2024-08-16,1,22,17,False
17123,2024-08-16,1,23,7,False
17124,2024-08-16,1,24,10,False
17125,2024-08-16,1,25,13,False
17126,2024-08-16,2,1,29,False
17127,2024-08-16,2,2,19,False
17128,2024-08-16,2,3,11,False
17129,2024-08-16,2,4,12,False
17130,2024-08-16,2,5,14,False
17131,2024-08-16,2,6,27,False
17132,2024-08-16,2,7,21,False
17133,2024-08-16,2,8,26,False
17134,2024-08-16,2,9,16,False
17135,2024-08-16,2,10,24,False
17136,2024-08-16,2,11,23,False
17137,2024-08-16,2,12,18,False
17138,2024-08-16,2,13,9,False
17139,2024-08-16,2,14,16,False
17140,2024-08-16,2,15,11,False
17141,2024-08-16,2,16,9,False
17142,2024-08-16,2,17,16,False
17143,2024-08-16,2,18,11,False
17144,2024-08-16,2,19,21,False
17145,2024-08-16,2,20,9,False
17146,2024-08-16,2,21,14,False
17147,2024-08-16,2,22,21,False
17148,2024-08-16,2,23,8,False
17149,2024-08-16,2,24,6,False
17150,2024-08-16,2,25,9,False
17151,2024-08-16,3,1,9,False
17152,2024-08-16,3,2,7,False
17153,2024-08-16,3,3,12,False
17154,2024-08-16,3,4,5,False
17155,2024-08-16,3,5,7,False
17156,2024-08-16,3,6,13,False
17157,2024-08-16,3,7,7,False
17158,2024-08-16,3,8,24,False
17159,2024-08-16,3,9,5,False
17160,2024-08-16,3,10,5,False
17161,2024-08-16,3,11,19,False
17162,2024-08-16,3,12,12,False
17163,2024-08-16,3,13,9,False
17164,2024-08-16,3,14,13,False
17165,2024-08-16,3,15,8,False
17166,2024-08-16,3,16,1,False
17167,2024-08-16,3,17,7,False
17168,2024-08-16,3,18,7,False
17169,2024-08-16,3,19,13,False
17170,2024-08-16,3,20,8,False
17171,2024-08-16,3,21,3,False
17172,2024-08-16,3,22,4,False
17173,2024-08-16,3,23,2,False
17174,2024-08-16,3,24,5,False
17175,2024-08-16,3,25,15,True
17176,2024-08-17,1,1,44,False
17177,2024-08-17,1,2,35,False
17178,2024-08-17,1,3,26,False
17179,2024-08-17,1,4,39,False
17180,2024-08-17,1,5,22,False
17181,2024-08-17,1,6,32,False
17182,2024-08-17,1,7,36,True
17183,2024-08-17,1,8,44,False
17184,2024-08-17,1,9,27,False
17185,2024-08-17,1,10,31,False
17186,2024-08-17,1,11,35,False
17187,2024-08-17,1,12,39,False
17188,2024-08-17,1,13,19,False
17189,2024-08-17,1,14,24,False
17190,2024-08-17,1,15,13,False
17191,2024-08-17,1,16,9,False
17192,2024-08-17,1,17,29,False
17193,2024-08-17,1,18,24,False
17194,2024-08-17,1,19,33,False
17195,2024-08-17,1,20,21,False
17196,2024-08-17,1,21,18,False
17197,2024-08-17,1,22,28,False
17198,2024-08-17,1,23,3,False
17199,2024-08-17,1,24,6,False
17200,2024-08-17,1,25,25,False
17201,2024-08-17,2,1,35,False
17202,2024-08-17,2,2,19,False
17203,2024-08-17,2,3,16,False
17204,2024-08-17,2,4,18,False
17205,2024-08-17,2,5,4,False
17206,2024-08-17,2,6,37,False
17207,2024-08-17,2,7,24,False
17208,2024-08-17,2,8,34,False
17209,2024-08-17,2,9,28,False
17210,2024-08-17,2,10,34,False
17211,2024-08-17,2,11,45,False
17212,2024-08-17,2,12,26,False
17213,2024-08-17,2,13,21,True
17214,2024-08-17,2,14,21,False
17215,2024-08-17,2,15,9,False
17216,2024-08-17,2,16,14,False
17217,2024-08-17,2,17,16,False
17218,2024-08-17,2,18,15,False
17219,2024-08-17,2,19,20,False
17220,2024-08-17,2,20,19,False
17221,2024-08-17,2,21,11,False
17222,2024-08-17,2,22,10,False
17223,2024-08-17,2,23,11,False
17224,2024-08-17,2,24,7,False
17225,2024-08-17,2,25,15,False
17226,2024-08-17,3,1,23,False
17227,2024-08-17,3,2,21,False
17228,2024-08-17,3,3,9,False
17229,2024-08-17,3,4,9,False
17230,2024-08-17,3,5,5,False
17231,2024-08-17,3,6,12,False
17232,2024-08-17,3,7,12,False
17233,2024-08-17,3,8,16,False
17234,2024-08-17,3,9,9,False
17235,2024-08-17,3,10,15,False
17236,2024-08-17,3,11,24,False
17237,2024-08-17,3,12,24,False
17238,2024-08-17,3,13,11,False
17239,2024-08-17,3,14,9,False
17240,2024-08-17,3,15,13,True
17241,2024-08-17,3,16,9,False
17242,2024-08-17,3,17,16,False
17243,2024-08-17,3,18,16,False
17244,2024-08-17,3,19,10,False
17245,2024-08-17,3,20,10,False
17246,2024-08-17,3,21,4,False
17247,2024-08-17,3,22,9,False
17248,2024-08-17,3,23,5,False
17249,2024-08-17,3,24,3,False
17250,2024-08-17,3,25,12,False
17251,2024-08-18,1,1,41,False
17252,2024-08-18,1,2,24,False
17253,2024-08-18,1,3,28,False
17254,2024-08-18,1,4,37,False
17255,2024-08-18,1,5,18,False
17256,2024-08-18,1,6,55,True
17257,2024-08-18,1,7,21,False
17258,2024-08-18,1,8,61,True
17259,2024-08-18,1,9,25,False
17260,2024-08-18,1,10,53,False
17261,2024-08-18,1,11,38,False
17262,2024-08-18,1,12,31,False
17263,2024-08-18,1,13,23,False
17264,2024-08-18,1,14,43,False
17265,2024-08-18,1,15,23,True
17266,2024-08-18,1,16,24,False
17267,2024-08-18,1,17,36,False
17268,2024-08-18,1,18,32,False
17269,2024-08-18,1,19,34,False
17270,2024-08-18,1,20,13,False
17271,2024-08-18,1,21,12,False
17272,2024-08-18,1,22,21,False
17273,2024-08-18,1,23,12,False
17274,2024-08-18,1,24,13,False
17275,2024-08-18,1,25,12,False
17276,2024-08-18,2,1,30,False
17277,2024-08-18,2,2,21,False
17278,2024-08-18,2,3,13,False
17279,2024-08-18,2,4,31,False
17280,2024-08-18,2,5,20,False
17281,2024-08-18,2,6,42,True
17282,2024-08-18,2,7,24,False
17283,2024-08-18,2,8,31,False
17284,2024-08-18,2,9,13,False
17285,2024-08-18,2,10,31,False
17286,2024-08-18,2,11,27,False
17287,2024-08-18,2,12,22,False
17288,2024-08-18,2,13,15,False
17289,2024-08-18,2,14,16,False
17290,2024-08-18,2,15,17,False
17291,2024-08-18,2,16,9,False
17292,2024-08-18,2,17,32,False
17293,2024-08-18,2,18,20,False
17294,2024-08-18,2,19,26,False
17295,2024-08-18,2,20,16,False
17296,2024-08-18,2,21,11,False
17297,2024-08-18,2,22,12,False
17298,2024-08-18,2,23,6,False
17299,2024-08-18,2,24,7,False
17300,2024-08-18,2,25,15,False
17301,2024-08-18,3,1,21,False
17302,2024-08-18,3,2,16,False
17303,2024-08-18,3,3,11,False
17304,2024-08-18,3,4,12,False
17305,2024-08-18,3,5,12,False
17306,2024-08-18,3,6,22,False
17307,2024-08-18,3,7,20,False
17308,2024-08-18,3,8,14,False
17309,2024-08-18,3,9,10,False
17310,2024-08-18,3,10,21,False
17311,2024-08-18,3,11,39,True
17312,2024-08-18,3,12,24,False
17313,2024-08-18,3,13,13,False
17314,2024-08-18,3,14,10,False
17315,2024-08-18,3,15,10,False
17316,2024-08-18,3,16,8,False
17317,2024-08-18,3,17,14,False
17318,2024-08-18,3,18,28,True
17319,2024-08-18,3,19,18,False
17320,2024-08-18,3,20,15,False
17321,2024-08-18,3,21,7,False
17322,2024-08-18,3,22,8,False
17323,2024-08-18,3,23,4,False
17324,2024-08-18,3,24,7,False
17325,2024-08-18,3,25,8,False
17326,2024-08-19,1,1,36,False
17327,2024-08-19,1,2,39,False
17328,2024-08-19,1,3,22,False
17329,2024-08-19,1,4,31,False
17330,2024-08-19,1,5,18,False
17331,2024-08-19,1,6,33,False
17332,2024-08-19,1,7,29,False
17333,2024-08-19,1,8,27,False
17334,2024-08-19,1,9,15,False
17335,2024-08-19,1,10,36,False
17336,2024-08-19,1,11,35,False
17337,2024-08-19,1,12,38,False
17338,2024-08-19,1,13,22,False
17339,2024-08-19,1,14,16,False
17340,2024-08-19,1,15,13,False
17341,2024-08-19,1,16,13,False
17342,2024-08-19,1,17,17,False
17343,2024-08-19,1,18,26,False
17344,2024-08-19,1,19,20,False
17345,2024-08-19,1,20,15,False
17346,2024-08-19,1,21,11,False
17347,2024-08-19,1,22,9,False
17348,2024-08-19,1,23,14,False
17349,2024-08-19,1,24,6,False
17350,2024-08-19,1,25,23,False
17351,2024-08-19,2,1,25,False
17352,2024-08-19,2,2,12,False
17353,2024-08-19,2,3,13,False
17354,2024-08-19,2,4,25,False
17355,2024-08-19,2,5,21,True
17356,2024-08-19,2,6,29,False
17357,2024-08-19,2,7,7,False
17358,2024-08-19,2,8,22,False
17359,2024-08-19,2,9,17,False
17360,2024-08-19,2,10,17,False
17361,2024-08-19,2,11,18,False
17362,2024-08-19,2,12,19,False
17363,2024-08-19,2,13,12,False
17364,2024-08-19,2,14,16,False
17365,2024-08-19,2,15,14,False
17366,2024-08-19,2,16,4,False
17367,2024-08-19,2,17,21,False
17368,2024-08-19,2,18,18,False
17369,2024-08-19,2,19,19,False
17370,2024-08-19,2,20,19,True
17371,2024-08-19,2,21,9,False
17372,2024-08-19,2,22,15,True
17373,2024-08-19,2,23,3,False
17374,2024-08-19,2,24,5,False
17375,2024-08-19,2,25,4,False
17376,2024-08-19,3,1,16,False
17377,2024-08-19,3,2,4,False
17378,2024-08-19,3,3,16,False
17379,2024-08-19,3,4,8,False
17380,2024-08-19,3,5,4,False
17381,2024-08-19,3,6,15,False
17382,2024-08-19,3,7,13,False
17383,2024-08-19,3,8,17,False
17384,2024-08-19,3,9,10,False
17385,2024-08-19,3,10,8,False
17386,2024-08-19,3,11,13,False
17387,2024-08-19,3,12,18,False
17388,2024-08-19,3,13,14,False
17389,2024-08-19,3,14,12,False
17390,2024-08-19,3,15,6,False
17391,2024-08-19,3,16,5,False
17392,2024-08-19,3,17,5,False
17393,2024-08-19,3,18,10,False
17394,2024-08-19,3,19,11,False
17395,2024-08-19,3,20,15,True
17396,2024-08-19,3,21,1,False
17397,2024-08-19,3,22,5,False
17398,2024-08-19,3,23,4,False
17399,2024-08-19,3,24,5,False
17400,2024-08-19,3,25,4,False
17401,2024-08-20,1,1,45,False
17402,2024-08-20,1,2,19,False
17403,2024-08-20,1,3,22,False
17404,2024-08-20,1,4,28,False
17405,2024-08-20,1,5,17,False
17406,2024-08-20,1,6,35,False
17407,2024-08-20,1,7,23,False
17408,2024-08-20,1,8,34,False
17409,2024-08-20,1,9,16,False
17410,2024-08-20,1,10,19,False
17411,2024-08-20,1,11,31,False
17412,2024-08-20,1,12,40,False
17413,2024-08-20,1,13,13,False
17414,2024-08-20,1,14,24,False
17415,2024-08-20,1,15,16,False
17416,2024-08-20,1,16,15,False
17417,2024-08-20,1,17,22,False
17418,2024-08-20,1,18,20,False
17419,2024-08-20,1,19,28,False
17420,2024-08-20,1,20,23,False
17421,2024-08-20,1,21,12,False
17422,2024-08-20,1,22,11,False
17423,2024-08-20,1,23,13,False
17424,2024-08-20,1,24,7,False
17425,2024-08-20,1,25,13,False
17426,2024-08-20,2,1,19,False
17427,2024-08-20,2,2,14,False
17428,2024-08-20,2,3,17,False
17429,2024-08-20,2,4,14,False
17430,2024-08-20,2,5,13,False
17431,2024-08-20,2,6,26,False
17432,2024-08-20,2,7,21,False
17433,2024-08-20,2,8,11,False
17434,2024-08-20,2,9,7,False
17435,2024-08-20,2,10,24,False
17436,2024-08-20,2,11,28,False
17437,2024-08-20,2,12,20,False
17438,2024-08-20,2,13,8,False
17439,2024-08-20,2,14,13,False
17440,2024-08-20,2,15,11,False
17441,2024-08-20,2,16,12,False
17442,2024-08-20,2,17,20,False
17443,2024-08-20,2,18,21,False
17444,2024-08-20,2,19,24,False
17445,2024-08-20,2,20,13,False
17446,2024-08-20,2,21,9,False
17447,2024-08-20,2,22,10,False
17448,2024-08-20,2,23,9,False
17449,2024-08-20,2,24,6,False
17450,2024-08-20,2,25,5,False
17451,2024-08-20,3,1,13,False
17452,2024-08-20,3,2,11,False
17453,2024-08-20,3,3,9,False
17454,2024-08-20,3,4,15,False
17455,2024-08-20,3,5,8,False
17456,2024-08-20,3,6,12,False
17457,2024-08-20,3,7,10,False
17458,2024-08-20,3,8,8,False
17459,2024-08-20,3,9,10,False
17460,2024-08-20,3,10,11,False
17461,2024-08-20,3,11,19,False
17462,2024-08-20,3,12,20,False
17463,2024-08-20,3,13,6,False
17464,2024-08-20,3,14,14,False
17465,2024-08-20,3,15,9,False
17466,2024-08-20,3,16,5,False
17467,2024-08-20,3,17,9,False
17468,2024-08-20,3,18,9,False
17469,2024-08-20,3,19,18,False
17470,2024-08-20,3,20,4,False
17471,2024-08-20,3,21,3,False
17472,2024-08-20,3,22,8,False
17473,2024-08-20,3,23,3,False
17474,2024-08-20,3,24,9,True
17475,2024-08-20,3,25,11,False
17476,2024-08-21,1,1,32,False
17477,2024-08-21,1,2,26,False
17478,2024-08-21,1,3,22,False
17479,2024-08-21,1,4,33,False
17480,2024-08-21,1,5,19,False
17481,2024-08-21,1,6,28,False
17482,2024-08-21,1,7,22,False
17483,2024-08-21,1,8,28,False
17484,2024-08-21,1,9,23,False
17485,2024-08-21,1,10,35,False
17486,2024-08-21,1,11,44,False
17487,2024-08-21,1,12,36,False
17488,2024-08-21,1,13,25,True
17489,2024-08-21,1,14,26,False
17490,2024-08-21,1,15,21,False
17491,2024-08-21,1,16,9,False
17492,2024-08-21,1,17,28,False
17493,2024-08-21,1,18,29,False
17494,2024-08-21,1,19,35,False
17495,2024-08-21,1,20,14,False
17496,2024-08-21,1,21,19,True
17497,2024-08-21,1,22,25,False
17498,2024-08-21,1,23,5,False
17499,2024-08-21,1,24,11,False
17500,2024-08-21,1,25,13,False
17501,2024-08-21,2,1,23,False
17502,2024-08-21,2,2,14,False
17503,2024-08-21,2,3,8,False
17504,2024-08-21,2,4,14,False
17505,2024-08-21,2,5,16,False
17506,2024-08-21,2,6,26,False
17507,2024-08-21,2,7,12,False
17508,2024-08-21,2,8,24,False
17509,2024-08-21,2,9,20,False
17510,2024-08-21,2,10,35,False
17511,2024-08-21,2,11,22,False
17512,2024-08-21,2,12,21,False
17513,2024-08-21,2,13,13,False
17514,2024-08-21,2,14,20,True
17515,2024-08-21,2,15,18,False
17516,2024-08-21,2,16,12,False
17517,2024-08-21,2,17,11,False
17518,2024-08-21,2,18,19,False
17519,2024-08-21,2,19,16,False
17520,2024-08-21,2,20,8,False
17521,2024-08-21,2,21,3,False
17522,2024-08-21,2,22,8,False
17523,2024-08-21,2,23,7,False
17524,2024-08-21,2,24,7,False
17525,2024-08-21,2,25,12,False
17526,2024-08-21,3,1,15,False
17527,2024-08-21,3,2,8,False
17528,2024-08-21,3,3,4,False
17529,2024-08-21,3,4,10,False
17530,2024-08-21,3,5,11,False
17531,2024-08-21,3,6,19,False
17532,2024-08-21,3,7,21,True
17533,2024-08-21,3,8,16,False
17534,2024-08-21,3,9,8,False
17535,2024-08-21,3,10,24,False
17536,2024-08-21,3,11,18,False
17537,2024-08-21,3,12,12,False
17538,2024-08-21,3,13,5,False
17539,2024-08-21,3,14,15,False
17540,2024-08-21,3,15,10,False
17541,2024-08-21,3,16,3,False
17542,2024-08-21,3,17,12,False
17543,2024-08-21,3,18,9,False
17544,2024-08-21,3,19,21,True
17545,2024-08-21,3,20,7,False
17546,2024-08-21,3,21,10,True
17547,2024-08-21,3,22,11,False
17548,2024-08-21,3,23,7,False
17549,2024-08-21,3,24,3,False
17550,2024-08-21,3,25,3,False
17551,2024-08-22,1,1,42,False
17552,2024-08-22,1,2,21,False
17553,2024-08-22,1,3,16,False
17554,2024-08-22,1,4,29,False
17555,2024-08-22,1,5,16,False
17556,2024-08-22,1,6,32,False
17557,2024-08-22,1,7,25,False
17558,2024-08-22,1,8,30,False
17559,2024-08-22,1,9,14,False
17560,2024-08-22,1,10,39,False
17561,2024-08-22,1,11,28,False
17562,2024-08-22,1,12,13,False
17563,2024-08-22,1,13,20,False
17564,2024-08-22,1,14,33,False
17565,2024-08-22,1,15,19,False
17566,2024-08-22,1,16,10,False
17567,2024-08-22,1,17,28,False
17568,2024-08-22,1,18,23,False
17569,2024-08-22,1,19,26,False
17570,2024-08-22,1,20,16,False
17571,2024-08-22,1,21,4,False
17572,2024-08-22,1,22,14,False
17573,2024-08-22,1,23,21,False
17574,2024-08-22,1,24,14,False
17575,2024-08-22,1,25,19,False
17576,2024-08-22,2,1,19,False
17577,2024-08-22,2,2,18,False
17578,2024-08-22,2,3,19,False
17579,2024-08-22,2,4,27,False
17580,2024-08-22,2,5,17,False
17581,2024-08-22,2,6,19,False
17582,2024-08-22,2,7,17,False
17583,2024-08-22,2,8,19,False
17584,2024-08-22,2,9,18,False
17585,2024-08-22,2,10,30,False
17586,2024-08-22,2,11,28,False
17587,2024-08-22,2,12,33,True
17588,2024-08-22,2,13,7,False
17589,2024-08-22,2,14,15,False
17590,2024-08-22,2,15,8,False
17591,2024-08-22,2,16,8,False
17592,2024-08-22,2,17,14,False
17593,2024-08-22,2,18,19,False
17594,2024-08-22,2,19,16,False
17595,2024-08-22,2,20,7,False
17596,2024-08-22,2,21,8,False
17597,2024-08-22,2,22,9,False
17598,2024-08-22,2,23,8,False
17599,2024-08-22,2,24,11,False
17600,2024-08-22,2,25,14,False
17601,2024-08-22,3,1,19,False
17602,2024-08-22,3,2,13,False
17603,2024-08-22,3,3,8,False
17604,2024-08-22,3,4,23,False
17605,2024-08-22,3,5,6,False
17606,2024-08-22,3,6,13,False
17607,2024-08-22,3,7,15,False
17608,2024-08-22,3,8,16,False
17609,2024-08-22,3,9,8,False
17610,2024-08-22,3,10,12,False
17611,2024-08-22,3,11,19,False
17612,2024-08-22,3,12,12,False
17613,2024-08-22,3,13,7,False
17614,2024-08-22,3,14,10,False
17615,2024-08-22,3,15,6,False
17616,2024-08-22,3,16,4,False
17617,2024-08-22,3,17,11,False
17618,2024-08-22,3,18,11,False
17619,2024-08-22,3,19,9,False
17620,2024-08-22,3,20,1,False
17621,2024-08-22,3,21,10,False
17622,2024-08-22,3,22,8,False
17623,2024-08-22,3,23,7,False
17624,2024-08-22,3,24,6,False
17625,2024-08-22,3,25,7,False
17626,2024-08-23,1,1,36,False
17627,2024-08-23,1,2,29,False
17628,2024-08-23,1,3,44,True
17629,2024-08-23,1,4,37,False
17630,2024-08-23,1,5,25,False
17631,2024-08-23,1,6,34,False
17632,2024-08-23,1,7,27,False
17633,2024-08-23,1,8,33,False
17634,2024-08-23,1,9,26,False
17635,2024-08-23,1,10,43,False
17636,2024-08-23,1,11,30,False
17637,2024-08-23,1,12,37,False
17638,2024-08-23,1,13,22,False
17639,2024-08-23,1,14,28,False
17640,2024-08-23,1,15,7,False
17641,2024-08-23,1,16,11,False
17642,2024-08-23,1,17,20,False
17643,2024-08-23,1,18,15,False
17644,2024-08-23,1,19,19,False
17645,2024-08-23,1,20,21,False
17646,2024-08-23,1,21,20,True
17647,2024-08-23,1,22,12,False
17648,2024-08-23,1,23,9,False
17649,2024-08-23,1,24,13,False
17650,2024-08-23,1,25,11,False
17651,2024-08-23,2,1,35,False
17652,2024-08-23,2,2,18,False
17653,2024-08-23,2,3,14,False
17654,2024-08-23,2,4,15,False
17655,2024-08-23,2,5,16,False
17656,2024-08-23,2,6,26,False
17657,2024-08-23,2,7,11,False
17658,2024-08-23,2,8,33,False
17659,2024-08-23,2,9,10,False
17660,2024-08-23,2,10,39,True
17661,2024-08-23,2,11,23,False
17662,2024-08-23,2,12,20,False
17663,2024-08-23,2,13,11,False
17664,2024-08-23,2,14,15,False
17665,2024-08-23,2,15,7,False
17666,2024-08-23,2,16,11,True
17667,2024-08-23,2,17,18,False
17668,2024-08-23,2,18,12,False
17669,2024-08-23,2,19,24,False
17670,2024-08-23,2,20,14,False
17671,2024-08-23,2,21,12,False
17672,2024-08-23,2,22,6,False
17673,2024-08-23,2,23,6,False
17674,2024-08-23,2,24,7,False
17675,2024-08-23,2,25,7,False
17676,2024-08-23,3,1,17,False
17677,2024-08-23,3,2,8,False
17678,2024-08-23,3,3,8,False
17679,2024-08-23,3,4,13,False
17680,2024-08-23,3,5,4,False
17681,2024-08-23,3,6,12,False
17682,2024-08-23,3,7,9,False
17683,2024-08-23,3,8,14,False
17684,2024-08-23,3,9,7,False
17685,2024-08-23,3,10,8,False
17686,2024-08-23,3,11,12,False
17687,2024-08-23,3,12,11,False
17688,2024-08-23,3,13,10,False
17689,2024-08-23,3,14,12,False
17690,2024-08-23,3,15,5,False
17691,2024-08-23,3,16,1,False
17692,2024-08-23,3,17,9,False
17693,2024-08-23,3,18,7,False
17694,2024-08-23,3,19,10,False
17695,2024-08-23,3,20,9,False
17696,2024-08-23,3,21,7,False
17697,2024-08-23,3,22,7,False
17698,2024-08-23,3,23,5,False
17699,2024-08-23,3,24,8,False
17700,2024-08-23,3,25,10,False
17701,2024-08-24,1,1,86,True
17702,2024-08-24,1,2,36,False
17703,2024-08-24,1,3,32,False
17704,2024-08-24,1,4,28,False
17705,2024-08-24,1,5,16,False
17706,2024-08-24,1,6,34,False
17707,2024-08-24,1,7,29,False
17708,2024-08-24,1,8,53,True
17709,2024-08-24,1,9,28,False
17710,2024-08-24,1,10,27,False
17711,2024-08-24,1,11,41,False
17712,2024-08-24,1,12,42,False
17713,2024-08-24,1,13,17,False
17714,2024-08-24,1,14,35,False
17715,2024-08-24,1,15,33,True
17716,2024-08-24,1,16,17,False
17717,2024-08-24,1,17,26,False
17718,2024-08-24,1,18,33,False
17719,2024-08-24,1,19,38,False
17720,2024-08-24,1,20,22,False
17721,2024-08-24,1,21,22,False
17722,2024-08-24,1,22,15,False
17723,2024-08-24,1,23,8,False
17724,2024-08-24,1,24,18,False
17725,2024-08-24,1,25,21,False
17726,2024-08-24,2,1,26,False
17727,2024-08-24,2,2,16,False
17728,2024-08-24,2,3,17,False
17729,2024-08-24,2,4,25,False
17730,2024-08-24,2,5,10,False
17731,2024-08-24,2,6,27,False
17732,2024-08-24,2,7,27,False
17733,2024-08-24,2,8,25,False
17734,2024-08-24,2,9,15,False
17735,2024-08-24,2,10,25,False
17736,2024-08-24,2,11,17,False
17737,2024-08-24,2,12,25,False
17738,2024-08-24,2,13,13,False
17739,2024-08-24,2,14,35,True
17740,2024-08-24,2,15,8,False
17741,2024-08-24,2,16,8,False
17742,2024-08-24,2,17,14,False
17743,2024-08-24,2,18,17,False
17744,2024-08-24,2,19,23,False
17745,2024-08-24,2,20,16,False
17746,2024-08-24,2,21,13,False
17747,2024-08-24,2,22,13,False
17748,2024-08-24,2,23,7,False
17749,2024-08-24,2,24,16,False
17750,2024-08-24,2,25,8,False
17751,2024-08-24,3,1,16,False
17752,2024-08-24,3,2,16,False
17753,2024-08-24,3,3,19,False
17754,2024-08-24,3,4,13,False
17755,2024-08-24,3,5,8,False
17756,2024-08-24,3,6,20,False
17757,2024-08-24,3,7,10,False
17758,2024-08-24,3,8,17,False
17759,2024-08-24,3,9,3,False
17760,2024-08-24,3,10,25,True
17761,2024-08-24,3,11,15,False
17762,2024-08-24,3,12,20,False
17763,2024-08-24,3,13,11,False
17764,2024-08-24,3,14,8,False
17765,2024-08-24,3,15,5,False
17766,2024-08-24,3,16,10,False
17767,2024-08-24,3,17,5,False
17768,2024-08-24,3,18,9,False
17769,2024-08-24,3,19,14,False
17770,2024-08-24,3,20,12,False
17771,2024-08-24,3,21,7,False
17772,2024-08-24,3,22,21,False
17773,2024-08-24,3,23,5,False
17774,2024-08-24,3,24,3,False
17775,2024-08-24,3,25,13,False
17776,2024-08-25,1,1,45,False
17777,2024-08-25,1,2,30,False
17778,2024-08-25,1,3,29,False
17779,2024-08-25,1,4,35,False
17780,2024-08-25,1,5,15,False
17781,2024-08-25,1,6,34,False
17782,2024-08-25,1,7,28,False
17783,2024-08-25,1,8,41,False
17784,2024-08-25,1,9,50,True
17785,2024-08-25,1,10,50,False
17786,2024-08-25,1,11,41,False
17787,2024-08-25,1,12,38,False
17788,2024-08-25,1,13,20,False
17789,2024-08-25,1,14,29,False
17790,2024-08-25,1,15,15,False
17791,2024-08-25,1,16,19,False
17792,2024-08-25,1,17,37,False
17793,2024-08-25,1,18,28,False
17794,2024-08-25,1,19,26,False
17795,2024-08-25,1,20,28,False
17796,2024-08-25,1,21,11,False
17797,2024-08-25,1,22,20,False
17798,2024-08-25,1,23,17,False
17799,2024-08-25,1,24,15,False
17800,2024-08-25,1,25,27,True
17801,2024-08-25,2,1,37,False
17802,2024-08-25,2,2,31,False
17803,2024-08-25,2,3,21,False
17804,2024-08-25,2,4,18,False
17805,2024-08-25,2,5,17,False
17806,2024-08-25,2,6,27,False
17807,2024-08-25,2,7,18,False
17808,2024-08-25,2,8,20,False
17809,2024-08-25,2,9,16,False
17810,2024-08-25,2,10,31,False
17811,2024-08-25,2,11,58,True
17812,2024-08-25,2,12,23,False
17813,2024-08-25,2,13,11,False
17814,2024-08-25,2,14,23,False
17815,2024-08-25,2,15,11,False
17816,2024-08-25,2,16,11,False
17817,2024-08-25,2,17,17,False
17818,2024-08-25,2,18,24,False
17819,2024-08-25,2,19,17,False
17820,2024-08-25,2,20,11,False
17821,2024-08-25,2,21,12,False
17822,2024-08-25,2,22,19,False
17823,2024-08-25,2,23,9,False
17824,2024-08-25,2,24,13,False
17825,2024-08-25,2,25,9,False
17826,2024-08-25,3,1,22,False
17827,2024-08-25,3,2,12,False
17828,2024-08-25,3,3,15,False
17829,2024-08-25,3,4,20,False
17830,2024-08-25,3,5,5,False
17831,2024-08-25,3,6,12,False
17832,2024-08-25,3,7,18,True
17833,2024-08-25,3,8,11,False
17834,2024-08-25,3,9,14,False
17835,2024-08-25,3,10,27,False
17836,2024-08-25,3,11,19,False
17837,2024-08-25,3,12,16,False
17838,2024-08-25,3,13,6,False
17839,2024-08-25,3,14,11,False
17840,2024-08-25,3,15,10,False
17841,2024-08-25,3,16,11,False
17842,2024-08-25,3,17,8,False
17843,2024-08-25,3,18,12,False
17844,2024-08-25,3,19,14,False
17845,2024-08-25,3,20,14,True
17846,2024-08-25,3,21,8,False
17847,2024-08-25,3,22,5,False
17848,2024-08-25,3,23,7,False
17849,2024-08-25,3,24,8,False
17850,2024-08-25,3,25,9,False
17851,2024-08-26,1,1,43,False
17852,2024-08-26,1,2,37,False
17853,2024-08-26,1,3,17,False
17854,2024-08-26,1,4,34,False
17855,2024-08-26,1,5,14,False
17856,2024-08-26,1,6,30,False
17857,2024-08-26,1,7,34,True
17858,2024-08-26,1,8,27,False
17859,2024-08-26,1,9,35,True
17860,2024-08-26,1,10,37,False
17861,2024-08-26,1,11,30,False
17862,2024-08-26,1,12,36,False
17863,2024-08-26,1,13,23,False
17864,2024-08-26,1,14,26,False
17865,2024-08-26,1,15,18,False
17866,2024-08-26,1,16,5,False
17867,2024-08-26,1,17,33,True
17868,2024-08-26,1,18,27,False
17869,2024-08-26,1,19,25,False
17870,2024-08-26,1,20,18,False
17871,2024-08-26,1,21,13,False
17872,2024-08-26,1,22,21,False
17873,2024-08-26,1,23,12,False
17874,2024-08-26,1,24,5,False
17875,2024-08-26,1,25,12,False
17876,2024-08-26,2,1,10,False
17877,2024-08-26,2,2,18,False
17878,2024-08-26,2,3,11,False
17879,2024-08-26,2,4,30,False
17880,2024-08-26,2,5,16,False
17881,2024-08-26,2,6,12,False
17882,2024-08-26,2,7,18,False
17883,2024-08-26,2,8,20,False
17884,2024-08-26,2,9,19,False
17885,2024-08-26,2,10,51,True
17886,2024-08-26,2,11,17,False
17887,2024-08-26,2,12,26,False
17888,2024-08-26,2,13,16,False
17889,2024-08-26,2,14,14,False
17890,2024-08-26,2,15,22,False
17891,2024-08-26,2,16,14,False
17892,2024-08-26,2,17,22,False
17893,2024-08-26,2,18,15,False
17894,2024-08-26,2,19,15,False
17895,2024-08-26,2,20,14,False
17896,2024-08-26,2,21,11,True
17897,2024-08-26,2,22,6,False
17898,2024-08-26,2,23,12,False
17899,2024-08-26,2,24,9,False
17900,2024-08-26,2,25,10,False
17901,2024-08-26,3,1,9,False
17902,2024-08-26,3,2,10,False
17903,2024-08-26,3,3,5,False
17904,2024-08-26,3,4,19,True
17905,2024-08-26,3,5,7,False
17906,2024-08-26,3,6,14,False
17907,2024-08-26,3,7,16,False
17908,2024-08-26,3,8,14,False
17909,2024-08-26,3,9,10,False
17910,2024-08-26,3,10,19,False
17911,2024-08-26,3,11,15,False
17912,2024-08-26,3,12,16,False
17913,2024-08-26,3,13,8,False
17914,2024-08-26,3,14,11,False
17915,2024-08-26,3,15,2,False
17916,2024-08-26,3,16,5,False
17917,2024-08-26,3,17,11,False
17918,2024-08-26,3,18,12,False
17919,2024-08-26,3,19,5,False
17920,2024-08-26,3,20,8,False
17921,2024-08-26,3,21,7,False
17922,2024-08-26,3,22,6,False
17923,2024-08-26,3,23,4,False
17924,2024-08-26,3,24,2,False
17925,2024-08-26,3,25,10,False
17926,2024-08-27,1,1,34,False
17927,2024-08-27,1,2,34,False
17928,2024-08-27,1,3,16,False
17929,2024-08-27,1,4,43,False
17930,2024-08-27,1,5,22,False
17931,2024-08-27,1,6,27,False
17932,2024-08-27,1,7,46,True
17933,2024-08-27,1,8,50,True
17934,2024-08-27,1,9,26,False
17935,2024-08-27,1,10,38,False
17936,2024-08-27,1,11,38,False
17937,2024-08-27,1,12,27,False
17938,2024-08-27,1,13,20,False
17939,2024-08-27,1,14,25,False
17940,2024-08-27,1,15,13,False
17941,2024-08-27,1,16,20,False
17942,2024-08-27,1,17,18,False
17943,2024-08-27,1,18,27,False
17944,2024-08-27,1,19,36,True
17945,2024-08-27,1,20,22,False
17946,2024-08-27,1,21,17,False
17947,2024-08-27,1,22,20,False
17948,2024-08-27,1,23,10,False
17949,2024-08-27,1,24,9,False
17950,2024-08-27,1,25,20,False
17951,2024-08-27,2,1,45,True
17952,2024-08-27,2,2,24,False
17953,2024-08-27,2,3,20,True
17954,2024-08-27,2,4,13,False
17955,2024-08-27,2,5,11,False
17956,2024-08-27,2,6,16,False
17957,2024-08-27,2,7,14,False
17958,2024-08-27,2,8,17,False
17959,2024-08-27,2,9,12,False
17960,2024-08-27,2,10,54,True
17961,2024-08-27,2,11,24,False
17962,2024-08-27,2,12,17,False
17963,2024-08-27,2,13,7,False
17964,2024-08-27,2,14,31,True
17965,2024-08-27,2,15,5,False
17966,2024-08-27,2,16,11,False
17967,2024-08-27,2,17,14,False
17968,2024-08-27,2,18,15,False
17969,2024-08-27,2,19,26,False
17970,2024-08-27,2,20,17,False
17971,2024-08-27,2,21,7,False
17972,2024-08-27,2,22,6,False
17973,2024-08-27,2,23,3,False
17974,2024-08-27,2,24,10,False
17975,2024-08-27,2,25,8,False
17976,2024-08-27,3,1,18,False
17977,2024-08-27,3,2,11,True
17978,2024-08-27,3,3,9,False
17979,2024-08-27,3,4,21,False
17980,2024-08-27,3,5,3,False
17981,2024-08-27,3,6,14,False
17982,2024-08-27,3,7,13,False
17983,2024-08-27,3,8,13,False
17984,2024-08-27,3,9,13,True
17985,2024-08-27,3,10,22,False
17986,2024-08-27,3,11,4,False
17987,2024-08-27,3,12,19,False
17988,2024-08-27,3,13,3,False
17989,2024-08-27,3,14,11,False
17990,2024-08-27,3,15,2,False
17991,2024-08-27,3,16,6,False
17992,2024-08-27,3,17,12,False
17993,2024-08-27,3,18,5,False
17994,2024-08-27,3,19,11,False
17995,2024-08-27,3,20,4,False
17996,2024-08-27,3,21,5,False
17997,2024-08-27,3,22,5,False
17998,2024-08-27,3,23,2,False
17999,2024-08-27,3,24,5,False
18000,2024-08-27,3,25,4,False
18001,2024-08-28,1,1,36,False
18002,2024-08-28,1,2,29,False
18003,2024-08-28,1,3,18,False
18004,2024-08-28,1,4,28,False
18005,2024-08-28,1,5,17,False
18006,2024-08-28,1,6,34,False
18007,2024-08-28,1,7,26,False
18008,2024-08-28,1,8,28,False
18009,2024-08-28,1,9,21,False
18010,2024-08-28,1,10,34,False
18011,2024-08-28,1,11,45,False
18012,2024-08-28,1,12,36,False
18013,2024-08-28,1,13,15,False
18014,2024-08-28,1,14,21,False
18015,2024-08-28,1,15,15,False
18016,2024-08-28,1,16,12,False
18017,2024-08-28,1,17,22,False
18018,2024-08-28,1,18,20,False
18019,2024-08-28,1,19,33,True
18020,2024-08-28,1,20,6,False
18021,2024-08-28,1,21,11,False
18022,2024-08-28,1,22,14,False
18023,2024-08-28,1,23,8,False
18024,2024-08-28,1,24,12,False
18025,2024-08-28,1,25,14,False
18026,2024-08-28,2,1,26,False
18027,2024-08-28,2,2,16,False
18028,2024-08-28,2,3,10,False
18029,2024-08-28,2,4,14,False
18030,2024-08-28,2,5,7,False
18031,2024-08-28,2,6,25,False
18032,2024-08-28,2,7,17,False
18033,2024-08-28,2,8,20,False
18034,2024-08-28,2,9,8,False
18035,2024-08-28,2,10,32,True
18036,2024-08-28,2,11,29,False
18037,2024-08-28,2,12,17,False
18038,2024-08-28,2,13,16,False
18039,2024-08-28,2,14,33,True
18040,2024-08-28,2,15,13,False
18041,2024-08-28,2,16,14,False
18042,2024-08-28,2,17,15,False
18043,2024-08-28,2,18,16,False
18044,2024-08-28,2,19,15,False
18045,2024-08-28,2,20,12,False
18046,2024-08-28,2,21,7,False
18047,2024-08-28,2,22,13,False
18048,2024-08-28,2,23,8,False
18049,2024-08-28,2,24,6,False
18050,2024-08-28,2,25,15,False
18051,2024-08-28,3,1,12,False
18052,2024-08-28,3,2,18,False
18053,2024-08-28,3,3,11,False
18054,2024-08-28,3,4,16,False
18055,2024-08-28,3,5,8,False
18056,2024-08-28,3,6,9,False
18057,2024-08-28,3,7,2,False
18058,2024-08-28,3,8,11,False
18059,2024-08-28,3,9,8,False
18060,2024-08-28,3,10,17,False
18061,2024-08-28,3,11,15,False
18062,2024-08-28,3,12,26,False
18063,2024-08-28,3,13,7,False
18064,2024-08-28,3,14,6,False
18065,2024-08-28,3,15,8,False
18066,2024-08-28,3,16,6,False
18067,2024-08-28,3,17,3,False
18068,2024-08-28,3,18,6,False
18069,2024-08-28,3,19,13,False
18070,2024-08-28,3,20,13,False
18071,2024-08-28,3,21,5,False
18072,2024-08-28,3,22,9,False
18073,2024-08-28,3,23,10,False
18074,2024-08-28,3,24,6,False
18075,2024-08-28,3,25,8,False
18076,2024-08-29,1,1,43,False
18077,2024-08-29,1,2,25,False
18078,2024-08-29,1,3,25,False
18079,2024-08-29,1,4,23,False
18080,2024-08-29,1,5,13,False
18081,2024-08-29,1,6,27,False
18082,2024-08-29,1,7,42,False
18083,2024-08-29,1,8,27,False
18084,2024-08-29,1,9,18,False
18085,2024-08-29,1,10,36,False
18086,2024-08-29,1,11,37,False
18087,2024-08-29,1,12,29,False
18088,2024-08-29,1,13,29,False
18089,2024-08-29,1,14,23,False
18090,2024-08-29,1,15,24,True
18091,2024-08-29,1,16,15,False
18092,2024-08-29,1,17,49,True
18093,2024-08-29,1,18,23,False
18094,2024-08-29,1,19,51,True
18095,2024-08-29,1,20,29,True
18096,2024-08-29,1,21,11,False
18097,2024-08-29,1,22,12,False
18098,2024-08-29,1,23,13,False
18099,2024-08-29,1,24,4,False
18100,2024-08-29,1,25,12,False
18101,2024-08-29,2,1,24,False
18102,2024-08-29,2,2,18,False
18103,2024-08-29,2,3,12,False
18104,2024-08-29,2,4,32,True
18105,2024-08-29,2,5,7,False
18106,2024-08-29,2,6,20,False
18107,2024-08-29,2,7,16,False
18108,2024-08-29,2,8,22,False
18109,2024-08-29,2,9,14,False
18110,2024-08-29,2,10,17,False
18111,2024-08-29,2,11,26,False
18112,2024-08-29,2,12,20,False
18113,2024-08-29,2,13,15,False
18114,2024-08-29,2,14,16,False
18115,2024-08-29,2,15,9,False
18116,2024-08-29,2,16,10,False
18117,2024-08-29,2,17,17,False
18118,2024-08-29,2,18,22,False
18119,2024-08-29,2,19,21,False
18120,2024-08-29,2,20,13,False
18121,2024-08-29,2,21,9,False
18122,2024-08-29,2,22,11,False
18123,2024-08-29,2,23,12,False
18124,2024-08-29,2,24,5,False
18125,2024-08-29,2,25,10,False
18126,2024-08-29,3,1,9,False
18127,2024-08-29,3,2,19,False
18128,2024-08-29,3,3,5,False
18129,2024-08-29,3,4,17,False
18130,2024-08-29,3,5,7,False
18131,2024-08-29,3,6,15,False
18132,2024-08-29,3,7,15,False
18133,2024-08-29,3,8,13,False
18134,2024-08-29,3,9,5,False
18135,2024-08-29,3,10,10,False
18136,2024-08-29,3,11,12,False
18137,2024-08-29,3,12,15,False
18138,2024-08-29,3,13,16,True
18139,2024-08-29,3,14,17,False
18140,2024-08-29,3,15,5,False
18141,2024-08-29,3,16,6,False
18142,2024-08-29,3,17,12,False
18143,2024-08-29,3,18,9,False
18144,2024-08-29,3,19,9,False
18145,2024-08-29,3,20,4,False
18146,2024-08-29,3,21,8,False
18147,2024-08-29,3,22,2,False
18148,2024-08-29,3,23,9,True
18149,2024-08-29,3,24,2,False
18150,2024-08-29,3,25,5,False
18151,2024-08-30,1,1,37,False
18152,2024-08-30,1,2,31,False
18153,2024-08-30,1,3,27,False
18154,2024-08-30,1,4,22,False
18155,2024-08-30,1,5,18,False
18156,2024-08-30,1,6,28,False
18157,2024-08-30,1,7,29,False
18158,2024-08-30,1,8,29,False
18159,2024-08-30,1,9,21,False
18160,2024-08-30,1,10,37,False
18161,2024-08-30,1,11,26,False
18162,2024-08-30,1,12,32,False
18163,2024-08-30,1,13,13,False
18164,2024-08-30,1,14,29,False
18165,2024-08-30,1,15,13,False
18166,2024-08-30,1,16,12,False
18167,2024-08-30,1,17,45,True
18168,2024-08-30,1,18,25,False
18169,2024-08-30,1,19,22,False
18170,2024-08-30,1,20,17,False
18171,2024-08-30,1,21,13,False
18172,2024-08-30,1,22,16,False
18173,2024-08-30,1,23,9,False
18174,2024-08-30,1,24,6,False
18175,2024-08-30,1,25,12,False
18176,2024-08-30,2,1,32,False
18177,2024-08-30,2,2,16,False
18178,2024-08-30,2,3,11,False
18179,2024-08-30,2,4,18,False
18180,2024-08-30,2,5,15,False
18181,2024-08-30,2,6,19,False
18182,2024-08-30,2,7,14,False
18183,2024-08-30,2,8,20,False
18184,2024-08-30,2,9,15,False
18185,2024-08-30,2,10,19,False
18186,2024-08-30,2,11,24,False
18187,2024-08-30,2,12,17,False
18188,2024-08-30,2,13,13,False
18189,2024-08-30,2,14,17,False
18190,2024-08-30,2,15,9,False
18191,2024-08-30,2,16,10,False
18192,2024-08-30,2,17,14,False
18193,2024-08-30,2,18,24,False
18194,2024-08-30,2,19,17,False
18195,2024-08-30,2,20,12,False
18196,2024-08-30,2,21,7,False
18197,2024-08-30,2,22,12,False
18198,2024-08-30,2,23,12,False
18199,2024-08-30,2,24,3,False
18200,2024-08-30,2,25,9,False
18201,2024-08-30,3,1,15,False
18202,2024-08-30,3,2,10,False
18203,2024-08-30,3,3,9,False
18204,2024-08-30,3,4,19,False
18205,2024-08-30,3,5,2,False
18206,2024-08-30,3,6,10,False
18207,2024-08-30,3,7,10,False
18208,2024-08-30,3,8,12,False
18209,2024-08-30,3,9,10,False
18210,2024-08-30,3,10,20,False
18211,2024-08-30,3,11,14,False
18212,2024-08-30,3,12,21,True
18213,2024-08-30,3,13,5,False
18214,2024-08-30,3,14,17,True
18215,2024-08-30,3,15,14,True
18216,2024-08-30,3,16,2,False
18217,2024-08-30,3,17,11,True
18218,2024-08-30,3,18,14,False
18219,2024-08-30,3,19,10,False
18220,2024-08-30,3,20,9,False
18221,2024-08-30,3,21,10,True
18222,2024-08-30,3,22,7,False
18223,2024-08-30,3,23,5,False
18224,2024-08-30,3,24,6,False
18225,2024-08-30,3,25,8,False
18226,2024-08-31,1,1,45,False
18227,2024-08-31,1,2,36,False
18228,2024-08-31,1,3,24,False
18229,2024-08-31,1,4,34,False
18230,2024-08-31,1,5,15,False
18231,2024-08-31,1,6,38,False
18232,2024-08-31,1,7,34,False
18233,2024-08-31,1,8,43,False
18234,2024-08-31,1,9,29,False
18235,2024-08-31,1,10,41,False
18236,2024-08-31,1,11,46,False
18237,2024-08-31,1,12,36,False
18238,2024-08-31,1,13,32,False
18239,2024-08-31,1,14,29,False
18240,2024-08-31,1,15,21,False
18241,2024-08-31,1,16,15,False
18242,2024-08-31,1,17,26,False
18243,2024-08-31,1,18,34,False
18244,2024-08-31,1,19,39,False
18245,2024-08-31,1,20,17,False
18246,2024-08-31,1,21,20,False
18247,2024-08-31,1,22,25,False
18248,2024-08-31,1,23,12,False
18249,2024-08-31,1,24,15,False
18250,2024-08-31,1,25,10,False
18251,2024-08-31,2,1,38,False
18252,2024-08-31,2,2,27,False
18253,2024-08-31,2,3,35,True
18254,2024-08-31,2,4,25,False
18255,2024-08-31,2,5,15,False
18256,2024-08-31,2,6,30,False
18257,2024-08-31,2,7,29,False
18258,2024-08-31,2,8,22,False
18259,2024-08-31,2,9,25,False
18260,2024-08-31,2,10,25,False
18261,2024-08-31,2,11,39,False
18262,2024-08-31,2,12,27,False
18263,2024-08-31,2,13,21,False
18264,2024-08-31,2,14,27,False
18265,2024-08-31,2,15,13,False
18266,2024-08-31,2,16,11,False
18267,2024-08-31,2,17,9,False
18268,2024-08-31,2,18,16,False
18269,2024-08-31,2,19,21,False
18270,2024-08-31,2,20,20,False
18271,2024-08-31,2,21,12,False
18272,2024-08-31,2,22,18,False
18273,2024-08-31,2,23,3,False
18274,2024-08-31,2,24,11,False
18275,2024-08-31,2,25,10,False
18276,2024-08-31,3,1,28,True
18277,2024-08-31,3,2,5,False
18278,2024-08-31,3,3,16,True
18279,2024-08-31,3,4,16,False
18280,2024-08-31,3,5,4,False
18281,2024-08-31,3,6,16,False
18282,2024-08-31,3,7,22,False
18283,2024-08-31,3,8,17,False
18284,2024-08-31,3,9,13,False
18285,2024-08-31,3,10,19,False
18286,2024-08-31,3,11,25,True
18287,2024-08-31,3,12,24,False
18288,2024-08-31,3,13,13,False
18289,2024-08-31,3,14,10,False
18290,2024-08-31,3,15,5,False
18291,2024-08-31,3,16,10,False
18292,2024-08-31,3,17,14,False
18293,2024-08-31,3,18,14,False
18294,2024-08-31,3,19,18,False
18295,2024-08-31,3,20,22,True
18296,2024-08-31,3,21,4,False
18297,2024-08-31,3,22,5,False
18298,2024-08-31,3,23,8,False
18299,2024-08-31,3,24,3,False
18300,2024-08-31,3,25,10,False
18301,2024-09-01,1,1,51,False
18302,2024-09-01,1,2,32,False
18303,2024-09-01,1,3,23,False
18304,2024-09-01,1,4,39,False
18305,2024-09-01,1,5,17,False
18306,2024-09-01,1,6,63,True
18307,2024-09-01,1,7,23,False
18308,2024-09-01,1,8,24,False
18309,2024-09-01,1,9,21,False
18310,2024-09-01,1,10,44,False
18311,2024-09-01,1,11,29,False
18312,2024-09-01,1,12,52,False
18313,2024-09-01,1,13,20,False
18314,2024-09-01,1,14,30,False
18315,2024-09-01,1,15,14,False
18316,2024-09-01,1,16,18,False
18317,2024-09-01,1,17,27,False
18318,2024-09-01,1,18,22,False
18319,2024-09-01,1,19,38,False
18320,2024-09-01,1,20,22,False
18321,2024-09-01,1,21,11,False
18322,2024-09-01,1,22,16,False
18323,2024-09-01,1,23,10,False
18324,2024-09-01,1,24,8,False
18325,2024-09-01,1,25,23,False
18326,2024-09-01,2,1,27,False
18327,2024-09-01,2,2,32,False
18328,2024-09-01,2,3,15,False
18329,2024-09-01,2,4,22,False
18330,2024-09-01,2,5,16,False
18331,2024-09-01,2,6,21,False
18332,2024-09-01,2,7,31,False
18333,2024-09-01,2,8,24,False
18334,2024-09-01,2,9,21,False
18335,2024-09-01,2,10,18,False
18336,2024-09-01,2,11,33,False
18337,2024-09-01,2,12,32,False
18338,2024-09-01,2,13,15,False
18339,2024-09-01,2,14,25,False
18340,2024-09-01,2,15,12,False
18341,2024-09-01,2,16,12,False
18342,2024-09-01,2,17,16,False
18343,2024-09-01,2,18,38,False
18344,2024-09-01,2,19,30,False
18345,2024-09-01,2,20,14,False
18346,2024-09-01,2,21,11,False
18347,2024-09-01,2,22,14,False
18348,2024-09-01,2,23,14,False
18349,2024-09-01,2,24,7,False
18350,2024-09-01,2,25,15,False
18351,2024-09-01,3,1,20,False
18352,2024-09-01,3,2,7,False
18353,2024-09-01,3,3,8,False
18354,2024-09-01,3,4,23,True
18355,2024-09-01,3,5,10,False
18356,2024-09-01,3,6,23,False
18357,2024-09-01,3,7,13,False
18358,2024-09-01,3,8,17,False
18359,2024-09-01,3,9,12,False
18360,2024-09-01,3,10,17,False
18361,2024-09-01,3,11,21,False
18362,2024-09-01,3,12,12,False
18363,2024-09-01,3,13,10,False
18364,2024-09-01,3,14,11,False
18365,2024-09-01,3,15,6,False
18366,2024-09-01,3,16,17,True
18367,2024-09-01,3,17,14,False
18368,2024-09-01,3,18,17,False
18369,2024-09-01,3,19,23,False
18370,2024-09-01,3,20,8,False
18371,2024-09-01,3,21,8,False
18372,2024-09-01,3,22,8,False
18373,2024-09-01,3,23,4,False
18374,2024-09-01,3,24,3,False
18375,2024-09-01,3,25,5,False
18376,2024-09-02,1,1,36,False
18377,2024-09-02,1,2,10,False
18378,2024-09-02,1,3,19,False
18379,2024-09-02,1,4,36,False
18380,2024-09-02,1,5,19,False
18381,2024-09-02,1,6,23,False
18382,2024-09-02,1,7,33,False
18383,2024-09-02,1,8,38,False
18384,2024-09-02,1,9,19,False
18385,2024-09-02,1,10,23,False
18386,2024-09-02,1,11,30,False
18387,2024-09-02,1,12,31,False
18388,2024-09-02,1,13,9,False
18389,2024-09-02,1,14,30,False
18390,2024-09-02,1,15,15,False
18391,2024-09-02,1,16,9,False
18392,2024-09-02,1,17,18,False
18393,2024-09-02,1,18,22,False
18394,2024-09-02,1,19,40,True
18395,2024-09-02,1,20,19,False
18396,2024-09-02,1,21,11,False
18397,2024-09-02,1,22,10,False
18398,2024-09-02,1,23,10,False
18399,2024-09-02,1,24,10,False
18400,2024-09-02,1,25,17,False
18401,2024-09-02,2,1,33,False
18402,2024-09-02,2,2,18,False
18403,2024-09-02,2,3,13,False
18404,2024-09-02,2,4,26,False
18405,2024-09-02,2,5,7,False
18406,2024-09-02,2,6,19,False
18407,2024-09-02,2,7,18,False
18408,2024-09-02,2,8,18,False
18409,2024-09-02,2,9,15,False
18410,2024-09-02,2,10,19,False
18411,2024-09-02,2,11,30,True
18412,2024-09-02,2,12,30,False
18413,2024-09-02,2,13,15,False
18414,2024-09-02,2,14,14,False
18415,2024-09-02,2,15,10,False
18416,2024-09-02,2,16,5,False
18417,2024-09-02,2,17,14,False
18418,2024-09-02,2,18,17,False
18419,2024-09-02,2,19,23,False
18420,2024-09-02,2,20,8,False
18421,2024-09-02,2,21,18,False
18422,2024-09-02,2,22,14,False
18423,2024-09-02,2,23,3,False
18424,2024-09-02,2,24,5,False
18425,2024-09-02,2,25,16,False
18426,2024-09-02,3,1,15,False
18427,2024-09-02,3,2,11,False
18428,2024-09-02,3,3,10,False
18429,2024-09-02,3,4,15,False
18430,2024-09-02,3,5,8,False
18431,2024-09-02,3,6,23,True
18432,2024-09-02,3,7,13,False
18433,2024-09-02,3,8,14,False
18434,2024-09-02,3,9,14,False
18435,2024-09-02,3,10,12,False
18436,2024-09-02,3,11,18,False
18437,2024-09-02,3,12,9,False
18438,2024-09-02,3,13,9,False
18439,2024-09-02,3,14,7,False
18440,2024-09-02,3,15,8,False
18441,2024-09-02,3,16,3,False
18442,2024-09-02,3,17,10,False
18443,2024-09-02,3,18,7,False
18444,2024-09-02,3,19,11,False
18445,2024-09-02,3,20,8,False
18446,2024-09-02,3,21,7,False
18447,2024-09-02,3,22,2,False
18448,2024-09-02,3,23,6,False
18449,2024-09-02,3,24,5,False
18450,2024-09-02,3,25,8,False
18451,2024-09-03,1,1,31,False
18452,2024-09-03,1,2,24,False
18453,2024-09-03,1,3,20,False
18454,2024-09-03,1,4,25,False
18455,2024-09-03,1,5,11,False
18456,2024-09-03,1,6,25,False
18457,2024-09-03,1,7,24,False
18458,2024-09-03,1,8,22,False
18459,2024-09-03,1,9,26,False
18460,2024-09-03,1,10,34,False
18461,2024-09-03,1,11,41,False
18462,2024-09-03,1,12,27,False
18463,2024-09-03,1,13,32,True
18464,2024-09-03,1,14,22,False
18465,2024-09-03,1,15,21,False
18466,2024-09-03,1,16,18,False
18467,2024-09-03,1,17,20,False
18468,2024-09-03,1,18,25,False
18469,2024-09-03,1,19,34,False
18470,2024-09-03,1,20,15,False
18471,2024-09-03,1,21,14,False
18472,2024-09-03,1,22,17,False
18473,2024-09-03,1,23,10,False
18474,2024-09-03,1,24,11,False
18475,2024-09-03,1,25,16,False
18476,2024-09-03,2,1,12,False
18477,2024-09-03,2,2,19,False
18478,2024-09-03,2,3,9,False
18479,2024-09-03,2,4,25,False
18480,2024-09-03,2,5,8,False
18481,2024-09-03,2,6,20,False
18482,2024-09-03,2,7,18,False
18483,2024-09-03,2,8,20,False
18484,2024-09-03,2,9,13,False
18485,2024-09-03,2,10,31,False
18486,2024-09-03,2,11,35,False
18487,2024-09-03,2,12,25,False
18488,2024-09-03,2,13,14,False
18489,2024-09-03,2,14,26,True
18490,2024-09-03,2,15,7,False
18491,2024-09-03,2,16,9,False
18492,2024-09-03,2,17,11,False
18493,2024-09-03,2,18,23,False
18494,2024-09-03,2,19,24,False
18495,2024-09-03,2,20,20,False
18496,2024-09-03,2,21,12,False
18497,2024-09-03,2,22,10,False
18498,2024-09-03,2,23,11,False
18499,2024-09-03,2,24,7,False
18500,2024-09-03,2,25,8,False
18501,2024-09-03,3,1,10,False
18502,2024-09-03,3,2,11,False
18503,2024-09-03,3,3,15,False
18504,2024-09-03,3,4,17,True
18505,2024-09-03,3,5,3,False
18506,2024-09-03,3,6,12,False
18507,2024-09-03,3,7,9,False
18508,2024-09-03,3,8,5,False
18509,2024-09-03,3,9,5,True
18510,2024-09-03,3,10,13,False
18511,2024-09-03,3,11,10,False
18512,2024-09-03,3,12,16,False
18513,2024-09-03,3,13,5,False
18514,2024-09-03,3,14,12,False
18515,2024-09-03,3,15,8,False
18516,2024-09-03,3,16,4,False
18517,2024-09-03,3,17,15,True
18518,2024-09-03,3,18,10,False
18519,2024-09-03,3,19,13,False
18520,2024-09-03,3,20,6,False
18521,2024-09-03,3,21,9,False
18522,2024-09-03,3,22,8,False
18523,2024-09-03,3,23,6,False
18524,2024-09-03,3,24,3,False
18525,2024-09-03,3,25,11,False
18526,2024-09-04,1,1,28,False
18527,2024-09-04,1,2,30,False
18528,2024-09-04,1,3,20,False
18529,2024-09-04,1,4,34,False
18530,2024-09-04,1,5,13,False
18531,2024-09-04,1,6,37,False
18532,2024-09-04,1,7,29,False
18533,2024-09-04,1,8,30,False
18534,2024-09-04,1,9,19,False
18535,2024-09-04,1,10,29,False
18536,2024-09-04,1,11,44,False
18537,2024-09-04,1,12,34,False
18538,2024-09-04,1,13,28,False
18539,2024-09-04,1,14,22,False
18540,2024-09-04,1,15,18,False
18541,2024-09-04,1,16,10,False
18542,2024-09-04,1,17,27,False
18543,2024-09-04,1,18,27,False
18544,2024-09-04,1,19,33,False
18545,2024-09-04,1,20,23,False
18546,2024-09-04,1,21,13,False
18547,2024-09-04,1,22,8,False
18548,2024-09-04,1,23,7,False
18549,2024-09-04,1,24,10,False
18550,2024-09-04,1,25,17,False
18551,2024-09-04,2,1,14,False
18552,2024-09-04,2,2,19,False
18553,2024-09-04,2,3,16,False
18554,2024-09-04,2,4,22,False
18555,2024-09-04,2,5,15,False
18556,2024-09-04,2,6,26,False
18557,2024-09-04,2,7,24,False
18558,2024-09-04,2,8,21,False
18559,2024-09-04,2,9,18,False
18560,2024-09-04,2,10,21,False
18561,2024-09-04,2,11,23,False
18562,2024-09-04,2,12,22,False
18563,2024-09-04,2,13,11,False
18564,2024-09-04,2,14,18,False
18565,2024-09-04,2,15,12,False
18566,2024-09-04,2,16,11,False
18567,2024-09-04,2,17,13,False
18568,2024-09-04,2,18,14,False
18569,2024-09-04,2,19,25,False
18570,2024-09-04,2,20,15,False
18571,2024-09-04,2,21,7,False
18572,2024-09-04,2,22,12,False
18573,2024-09-04,2,23,9,False
18574,2024-09-04,2,24,6,False
18575,2024-09-04,2,25,15,False
18576,2024-09-04,3,1,18,False
18577,2024-09-04,3,2,9,False
18578,2024-09-04,3,3,8,False
18579,2024-09-04,3,4,7,False
18580,2024-09-04,3,5,7,False
18581,2024-09-04,3,6,7,False
18582,2024-09-04,3,7,17,False
18583,2024-09-04,3,8,11,False
18584,2024-09-04,3,9,7,False
18585,2024-09-04,3,10,15,False
18586,2024-09-04,3,11,10,False
18587,2024-09-04,3,12,14,False
18588,2024-09-04,3,13,8,False
18589,2024-09-04,3,14,17,False
18590,2024-09-04,3,15,5,False
18591,2024-09-04,3,16,5,False
18592,2024-09-04,3,17,19,True
18593,2024-09-04,3,18,25,True
18594,2024-09-04,3,19,11,False
18595,2024-09-04,3,20,11,False
18596,2024-09-04,3,21,4,False
18597,2024-09-04,3,22,8,False
18598,2024-09-04,3,23,6,False
18599,2024-09-04,3,24,1,False
18600,2024-09-04,3,25,12,False
18601,2024-09-05,1,1,27,False
18602,2024-09-05,1,2,23,False
18603,2024-09-05,1,3,15,False
18604,2024-09-05,1,4,14,False
18605,2024-09-05,1,5,21,False
18606,2024-09-05,1,6,49,True
18607,2024-09-05,1,7,21,False
18608,2024-09-05,1,8,35,False
18609,2024-09-05,1,9,18,False
18610,2024-09-05,1,10,40,False
18611,2024-09-05,1,11,43,False
18612,2024-09-05,1,12,43,False
18613,2024-09-05,1,13,22,False
18614,2024-09-05,1,14,28,False
18615,2024-09-05,1,15,11,False
18616,2024-09-05,1,16,11,False
18617,2024-09-05,1,17,23,False
18618,2024-09-05,1,18,18,False
18619,2024-09-05,1,19,31,False
18620,2024-09-05,1,20,16,False
18621,2024-09-05,1,21,14,False
18622,2024-09-05,1,22,15,False
18623,2024-09-05,1,23,13,False
18624,2024-09-05,1,24,7,False
18625,2024-09-05,1,25,9,False
18626,2024-09-05,2,1,35,False
18627,2024-09-05,2,2,19,False
18628,2024-09-05,2,3,21,False
18629,2024-09-05,2,4,40,True
18630,2024-09-05,2,5,11,False
18631,2024-09-05,2,6,17,False
18632,2024-09-05,2,7,16,False
18633,2024-09-05,2,8,39,True
18634,2024-09-05,2,9,9,False
18635,2024-09-05,2,10,19,False
18636,2024-09-05,2,11,27,False
18637,2024-09-05,2,12,23,False
18638,2024-09-05,2,13,7,False
18639,2024-09-05,2,14,16,False
18640,2024-09-05,2,15,16,False
18641,2024-09-05,2,16,5,False
18642,2024-09-05,2,17,21,False
18643,2024-09-05,2,18,13,False
18644,2024-09-05,2,19,32,True
18645,2024-09-05,2,20,10,False
18646,2024-09-05,2,21,13,False
18647,2024-09-05,2,22,9,False
18648,2024-09-05,2,23,7,False
18649,2024-09-05,2,24,0,False
18650,2024-09-05,2,25,4,False
18651,2024-09-05,3,1,15,False
18652,2024-09-05,3,2,12,False
18653,2024-09-05,3,3,7,False
18654,2024-09-05,3,4,14,False
18655,2024-09-05,3,5,6,False
18656,2024-09-05,3,6,13,False
18657,2024-09-05,3,7,11,False
18658,2024-09-05,3,8,15,False
18659,2024-09-05,3,9,7,False
18660,2024-09-05,3,10,10,False
18661,2024-09-05,3,11,13,False
18662,2024-09-05,3,12,10,False
18663,2024-09-05,3,13,7,False
18664,2024-09-05,3,14,10,False
18665,2024-09-05,3,15,2,False
18666,2024-09-05,3,16,7,False
18667,2024-09-05,3,17,11,False
18668,2024-09-05,3,18,14,False
18669,2024-09-05,3,19,11,False
18670,2024-09-05,3,20,3,False
18671,2024-09-05,3,21,6,False
18672,2024-09-05,3,22,4,False
18673,2024-09-05,3,23,0,False
18674,2024-09-05,3,24,6,False
18675,2024-09-05,3,25,8,False
18676,2024-09-06,1,1,33,False
18677,2024-09-06,1,2,23,False
18678,2024-09-06,1,3,21,False
18679,2024-09-06,1,4,27,False
18680,2024-09-06,1,5,18,False
18681,2024-09-06,1,6,39,False
18682,2024-09-06,1,7,24,False
18683,2024-09-06,1,8,30,False
18684,2024-09-06,1,9,22,False
18685,2024-09-06,1,10,36,False
18686,2024-09-06,1,11,35,False
18687,2024-09-06,1,12,28,False
18688,2024-09-06,1,13,12,False
18689,2024-09-06,1,14,29,False
18690,2024-09-06,1,15,19,False
18691,2024-09-06,1,16,11,False
18692,2024-09-06,1,17,17,False
18693,2024-09-06,1,18,20,False
18694,2024-09-06,1,19,30,False
18695,2024-09-06,1,20,13,False
18696,2024-09-06,1,21,13,False
18697,2024-09-06,1,22,13,False
18698,2024-09-06,1,23,17,False
18699,2024-09-06,1,24,7,False
18700,2024-09-06,1,25,13,False
18701,2024-09-06,2,1,22,False
18702,2024-09-06,2,2,18,False
18703,2024-09-06,2,3,12,False
18704,2024-09-06,2,4,22,False
18705,2024-09-06,2,5,12,False
18706,2024-09-06,2,6,25,False
18707,2024-09-06,2,7,20,False
18708,2024-09-06,2,8,19,False
18709,2024-09-06,2,9,7,False
18710,2024-09-06,2,10,29,False
18711,2024-09-06,2,11,24,False
18712,2024-09-06,2,12,23,False
18713,2024-09-06,2,13,13,False
18714,2024-09-06,2,14,15,False
18715,2024-09-06,2,15,21,True
18716,2024-09-06,2,16,10,False
18717,2024-09-06,2,17,22,False
18718,2024-09-06,2,18,17,False
18719,2024-09-06,2,19,22,False
18720,2024-09-06,2,20,10,False
18721,2024-09-06,2,21,6,False
18722,2024-09-06,2,22,14,False
18723,2024-09-06,2,23,7,False
18724,2024-09-06,2,24,8,False
18725,2024-09-06,2,25,5,False
18726,2024-09-06,3,1,22,False
18727,2024-09-06,3,2,13,False
18728,2024-09-06,3,3,3,False
18729,2024-09-06,3,4,11,False
18730,2024-09-06,3,5,7,False
18731,2024-09-06,3,6,15,False
18732,2024-09-06,3,7,16,False
18733,2024-09-06,3,8,19,True
18734,2024-09-06,3,9,14,False
18735,2024-09-06,3,10,7,False
18736,2024-09-06,3,11,11,False
18737,2024-09-06,3,12,27,True
18738,2024-09-06,3,13,11,False
18739,2024-09-06,3,14,8,False
18740,2024-09-06,3,15,5,False
18741,2024-09-06,3,16,8,False
18742,2024-09-06,3,17,16,True
18743,2024-09-06,3,18,8,False
18744,2024-09-06,3,19,11,False
18745,2024-09-06,3,20,7,False
18746,2024-09-06,3,21,4,False
18747,2024-09-06,3,22,6,False
18748,2024-09-06,3,23,9,False
18749,2024-09-06,3,24,1,False
18750,2024-09-06,3,25,6,False
18751,2024-09-07,1,1,57,True
18752,2024-09-07,1,2,24,False
18753,2024-09-07,1,3,27,False
18754,2024-09-07,1,4,41,False
18755,2024-09-07,1,5,20,False
18756,2024-09-07,1,6,41,False
18757,2024-09-07,1,7,24,False
18758,2024-09-07,1,8,38,False
18759,2024-09-07,1,9,20,False
18760,2024-09-07,1,10,44,False
18761,2024-09-07,1,11,40,False
18762,2024-09-07,1,12,35,False
18763,2024-09-07,1,13,22,False
18764,2024-09-07,1,14,26,False
18765,2024-09-07,1,15,21,False
18766,2024-09-07,1,16,13,False
18767,2024-09-07,1,17,35,False
18768,2024-09-07,1,18,35,False
18769,2024-09-07,1,19,34,False
18770,2024-09-07,1,20,25,False
18771,2024-09-07,1,21,17,False
18772,2024-09-07,1,22,17,False
18773,2024-09-07,1,23,8,False
18774,2024-09-07,1,24,12,False
18775,2024-09-07,1,25,14,False
18776,2024-09-07,2,1,32,False
18777,2024-09-07,2,2,24,False
18778,2024-09-07,2,3,35,True
18779,2024-09-07,2,4,26,False
18780,2024-09-07,2,5,26,True
18781,2024-09-07,2,6,26,False
18782,2024-09-07,2,7,24,False
18783,2024-09-07,2,8,19,False
18784,2024-09-07,2,9,16,False
18785,2024-09-07,2,10,39,False
18786,2024-09-07,2,11,34,False
18787,2024-09-07,2,12,42,True
18788,2024-09-07,2,13,11,False
18789,2024-09-07,2,14,26,False
18790,2024-09-07,2,15,17,False
18791,2024-09-07,2,16,10,False
18792,2024-09-07,2,17,19,False
18793,2024-09-07,2,18,25,False
18794,2024-09-07,2,19,34,False
18795,2024-09-07,2,20,11,False
18796,2024-09-07,2,21,9,False
18797,2024-09-07,2,22,11,False
18798,2024-09-07,2,23,14,True
18799,2024-09-07,2,24,8,False
18800,2024-09-07,2,25,29,True
18801,2024-09-07,3,1,13,False
18802,2024-09-07,3,2,13,False
18803,2024-09-07,3,3,9,False
18804,2024-09-07,3,4,7,False
18805,2024-09-07,3,5,10,False
18806,2024-09-07,3,6,33,True
18807,2024-09-07,3,7,11,False
18808,2024-09-07,3,8,12,False
18809,2024-09-07,3,9,11,False
18810,2024-09-07,3,10,20,False
18811,2024-09-07,3,11,13,False
18812,2024-09-07,3,12,22,False
18813,2024-09-07,3,13,6,False
18814,2024-09-07,3,14,7,False
18815,2024-09-07,3,15,10,False
18816,2024-09-07,3,16,8,False
18817,2024-09-07,3,17,12,False
18818,2024-09-07,3,18,10,False
18819,2024-09-07,3,19,17,False
18820,2024-09-07,3,20,7,False
18821,2024-09-07,3,21,9,False
18822,2024-09-07,3,22,10,False
18823,2024-09-07,3,23,4,False
18824,2024-09-07,3,24,5,False
18825,2024-09-07,3,25,7,False
18826,2024-09-08,1,1,42,False
18827,2024-09-08,1,2,38,True
18828,2024-09-08,1,3,31,False
18829,2024-09-08,1,4,43,False
18830,2024-09-08,1,5,36,True
18831,2024-09-08,1,6,39,False
18832,2024-09-08,1,7,55,True
18833,2024-09-08,1,8,28,False
18834,2024-09-08,1,9,20,False
18835,2024-09-08,1,10,33,False
18836,2024-09-08,1,11,52,False
18837,2024-09-08,1,12,39,False
18838,2024-09-08,1,13,22,False
18839,2024-09-08,1,14,30,False
18840,2024-09-08,1,15,23,False
18841,2024-09-08,1,16,24,True
18842,2024-09-08,1,17,24,False
18843,2024-09-08,1,18,32,False
18844,2024-09-08,1,19,29,False
18845,2024-09-08,1,20,15,False
18846,2024-09-08,1,21,20,False
18847,2024-09-08,1,22,20,False
18848,2024-09-08,1,23,6,False
18849,2024-09-08,1,24,13,False
18850,2024-09-08,1,25,18,False
18851,2024-09-08,2,1,32,False
18852,2024-09-08,2,2,27,False
18853,2024-09-08,2,3,34,False
18854,2024-09-08,2,4,20,False
18855,2024-09-08,2,5,10,False
18856,2024-09-08,2,6,28,False
18857,2024-09-08,2,7,16,False
18858,2024-09-08,2,8,43,True
18859,2024-09-08,2,9,16,False
18860,2024-09-08,2,10,26,False
18861,2024-09-08,2,11,34,False
18862,2024-09-08,2,12,31,False
18863,2024-09-08,2,13,10,False
18864,2024-09-08,2,14,17,False
18865,2024-09-08,2,15,13,False
18866,2024-09-08,2,16,7,False
18867,2024-09-08,2,17,9,False
18868,2024-09-08,2,18,16,False
18869,2024-09-08,2,19,23,False
18870,2024-09-08,2,20,9,False
18871,2024-09-08,2,21,6,False
18872,2024-09-08,2,22,12,False
18873,2024-09-08,2,23,7,False
18874,2024-09-08,2,24,10,False
18875,2024-09-08,2,25,8,False
18876,2024-09-08,3,1,11,False
18877,2024-09-08,3,2,17,False
18878,2024-09-08,3,3,11,False
18879,2024-09-08,3,4,26,True
18880,2024-09-08,3,5,9,False
18881,2024-09-08,3,6,15,False
18882,2024-09-08,3,7,19,False
18883,2024-09-08,3,8,11,False
18884,2024-09-08,3,9,6,False
18885,2024-09-08,3,10,26,False
18886,2024-09-08,3,11,16,False
18887,2024-09-08,3,12,15,False
18888,2024-09-08,3,13,12,False
18889,2024-09-08,3,14,9,False
18890,2024-09-08,3,15,3,False
18891,2024-09-08,3,16,10,False
18892,2024-09-08,3,17,15,False
18893,2024-09-08,3,18,26,True
18894,2024-09-08,3,19,13,False
18895,2024-09-08,3,20,4,False
18896,2024-09-08,3,21,4,False
18897,2024-09-08,3,22,5,False
18898,2024-09-08,3,23,5,False
18899,2024-09-08,3,24,5,False
18900,2024-09-08,3,25,4,False
18901,2024-09-09,1,1,39,False
18902,2024-09-09,1,2,32,False
18903,2024-09-09,1,3,19,False
18904,2024-09-09,1,4,35,False
18905,2024-09-09,1,5,17,False
18906,2024-09-09,1,6,33,False
18907,2024-09-09,1,7,24,False
18908,2024-09-09,1,8,28,False
18909,2024-09-09,1,9,23,False
18910,2024-09-09,1,10,35,False
18911,2024-09-09,1,11,29,False
18912,2024-09-09,1,12,37,False
18913,2024-09-09,1,13,14,False
18914,2024-09-09,1,14,20,False
18915,2024-09-09,1,15,20,False
18916,2024-09-09,1,16,7,False
18917,2024-09-09,1,17,22,False
18918,2024-09-09,1,18,20,False
18919,2024-09-09,1,19,34,False
18920,2024-09-09,1,20,19,False
18921,2024-09-09,1,21,16,False
18922,2024-09-09,1,22,18,True
18923,2024-09-09,1,23,9,False
18924,2024-09-09,1,24,14,False
18925,2024-09-09,1,25,19,False
18926,2024-09-09,2,1,28,False
18927,2024-09-09,2,2,17,False
18928,2024-09-09,2,3,11,False
18929,2024-09-09,2,4,21,False
18930,2024-09-09,2,5,6,False
18931,2024-09-09,2,6,30,False
18932,2024-09-09,2,7,10,False
18933,2024-09-09,2,8,18,False
18934,2024-09-09,2,9,15,False
18935,2024-09-09,2,10,10,False
18936,2024-09-09,2,11,28,False
18937,2024-09-09,2,12,30,False
18938,2024-09-09,2,13,19,False
18939,2024-09-09,2,14,16,False
18940,2024-09-09,2,15,8,False
18941,2024-09-09,2,16,9,False
18942,2024-09-09,2,17,9,False
18943,2024-09-09,2,18,16,False
18944,2024-09-09,2,19,25,False
18945,2024-09-09,2,20,10,False
18946,2024-09-09,2,21,8,False
18947,2024-09-09,2,22,10,False
18948,2024-09-09,2,23,8,False
18949,2024-09-09,2,24,4,False
18950,2024-09-09,2,25,11,False
18951,2024-09-09,3,1,13,False
18952,2024-09-09,3,2,9,False
18953,2024-09-09,3,3,14,False
18954,2024-09-09,3,4,8,False
18955,2024-09-09,3,5,8,True
18956,2024-09-09,3,6,13,False
18957,2024-09-09,3,7,11,False
18958,2024-09-09,3,8,20,True
18959,2024-09-09,3,9,10,True
18960,2024-09-09,3,10,20,False
18961,2024-09-09,3,11,18,False
18962,2024-09-09,3,12,18,False
18963,2024-09-09,3,13,4,False
18964,2024-09-09,3,14,6,False
18965,2024-09-09,3,15,10,False
18966,2024-09-09,3,16,7,False
18967,2024-09-09,3,17,5,False
18968,2024-09-09,3,18,6,False
18969,2024-09-09,3,19,13,False
18970,2024-09-09,3,20,4,False
18971,2024-09-09,3,21,2,False
18972,2024-09-09,3,22,6,False
18973,2024-09-09,3,23,8,False
18974,2024-09-09,3,24,1,False
18975,2024-09-09,3,25,2,False
18976,2024-09-10,1,1,31,False
18977,2024-09-10,1,2,17,False
18978,2024-09-10,1,3,17,False
18979,2024-09-10,1,4,31,False
18980,2024-09-10,1,5,16,False
18981,2024-09-10,1,6,25,False
18982,2024-09-10,1,7,28,False
18983,2024-09-10,1,8,31,False
18984,2024-09-10,1,9,26,False
18985,2024-09-10,1,10,41,False
18986,2024-09-10,1,11,45,True
18987,2024-09-10,1,12,23,False
18988,2024-09-10,1,13,27,True
18989,2024-09-10,1,14,18,False
18990,2024-09-10,1,15,18,False
18991,2024-09-10,1,16,15,True
18992,2024-09-10,1,17,32,False
18993,2024-09-10,1,18,21,False
18994,2024-09-10,1,19,21,False
18995,2024-09-10,1,20,11,False
18996,2024-09-10,1,21,11,False
18997,2024-09-10,1,22,10,False
18998,2024-09-10,1,23,9,False
18999,2024-09-10,1,24,5,False
19000,2024-09-10,1,25,22,False
19001,2024-09-10,2,1,32,False
19002,2024-09-10,2,2,23,False
19003,2024-09-10,2,3,13,False
19004,2024-09-10,2,4,27,False
19005,2024-09-10,2,5,6,False
19006,2024-09-10,2,6,18,False
19007,2024-09-10,2,7,10,False
19008,2024-09-10,2,8,21,False
19009,2024-09-10,2,9,15,False
19010,2024-09-10,2,10,21,False
19011,2024-09-10,2,11,28,False
19012,2024-09-10,2,12,22,False
19013,2024-09-10,2,13,13,False
19014,2024-09-10,2,14,21,False
19015,2024-09-10,2,15,12,False
19016,2024-09-10,2,16,11,False
19017,2024-09-10,2,17,17,False
19018,2024-09-10,2,18,14,False
19019,2024-09-10,2,19,16,False
19020,2024-09-10,2,20,17,False
19021,2024-09-10,2,21,11,False
19022,2024-09-10,2,22,14,False
19023,2024-09-10,2,23,10,False
19024,2024-09-10,2,24,5,False
19025,2024-09-10,2,25,13,False
19026,2024-09-10,3,1,24,False
19027,2024-09-10,3,2,11,True
19028,2024-09-10,3,3,8,False
19029,2024-09-10,3,4,11,False
19030,2024-09-10,3,5,12,False
19031,2024-09-10,3,6,20,False
19032,2024-09-10,3,7,13,False
19033,2024-09-10,3,8,13,False
19034,2024-09-10,3,9,7,False
19035,2024-09-10,3,10,21,False
19036,2024-09-10,3,11,18,False
19037,2024-09-10,3,12,16,False
19038,2024-09-10,3,13,9,False
19039,2024-09-10,3,14,20,False
19040,2024-09-10,3,15,12,False
19041,2024-09-10,3,16,8,False
19042,2024-09-10,3,17,4,False
19043,2024-09-10,3,18,10,False
19044,2024-09-10,3,19,14,False
19045,2024-09-10,3,20,12,False
19046,2024-09-10,3,21,9,False
19047,2024-09-10,3,22,12,False
19048,2024-09-10,3,23,6,False
19049,2024-09-10,3,24,1,False
19050,2024-09-10,3,25,8,False
19051,2024-09-11,1,1,37,False
19052,2024-09-11,1,2,31,False
19053,2024-09-11,1,3,20,False
19054,2024-09-11,1,4,25,False
19055,2024-09-11,1,5,9,False
19056,2024-09-11,1,6,35,False
19057,2024-09-11,1,7,19,False
19058,2024-09-11,1,8,29,False
19059,2024-09-11,1,9,20,False
19060,2024-09-11,1,10,36,False
19061,2024-09-11,1,11,37,False
19062,2024-09-11,1,12,42,False
19063,2024-09-11,1,13,24,False
19064,2024-09-11,1,14,21,False
19065,2024-09-11,1,15,19,False
19066,2024-09-11,1,16,11,False
19067,2024-09-11,1,17,31,True
19068,2024-09-11,1,18,16,False
19069,2024-09-11,1,19,17,False
19070,2024-09-11,1,20,16,False
19071,2024-09-11,1,21,14,False
19072,2024-09-11,1,22,16,False
19073,2024-09-11,1,23,16,False
19074,2024-09-11,1,24,7,False
19075,2024-09-11,1,25,14,False
19076,2024-09-11,2,1,30,False
19077,2024-09-11,2,2,19,False
19078,2024-09-11,2,3,10,False
19079,2024-09-11,2,4,17,False
19080,2024-09-11,2,5,12,False
19081,2024-09-11,2,6,17,False
19082,2024-09-11,2,7,19,False
19083,2024-09-11,2,8,22,False
19084,2024-09-11,2,9,17,True
19085,2024-09-11,2,10,13,False
19086,2024-09-11,2,11,23,False
19087,2024-09-11,2,12,23,False
19088,2024-09-11,2,13,13,True
19089,2024-09-11,2,14,16,False
19090,2024-09-11,2,15,14,False
19091,2024-09-11,2,16,9,False
19092,2024-09-11,2,17,9,False
19093,2024-09-11,2,18,20,False
19094,2024-09-11,2,19,28,False
19095,2024-09-11,2,20,16,False
19096,2024-09-11,2,21,10,False
19097,2024-09-11,2,22,7,False
19098,2024-09-11,2,23,8,False
19099,2024-09-11,2,24,9,False
19100,2024-09-11,2,25,13,False
19101,2024-09-11,3,1,14,False
19102,2024-09-11,3,2,10,False
19103,2024-09-11,3,3,4,False
19104,2024-09-11,3,4,17,False
19105,2024-09-11,3,5,12,True
19106,2024-09-11,3,6,13,False
19107,2024-09-11,3,7,18,True
19108,2024-09-11,3,8,21,False
19109,2024-09-11,3,9,14,False
19110,2024-09-11,3,10,17,False
19111,2024-09-11,3,11,14,False
19112,2024-09-11,3,12,20,False
19113,2024-09-11,3,13,2,False
19114,2024-09-11,3,14,7,False
19115,2024-09-11,3,15,5,False
19116,2024-09-11,3,16,4,False
19117,2024-09-11,3,17,7,False
19118,2024-09-11,3,18,18,False
19119,2024-09-11,3,19,5,False
19120,2024-09-11,3,20,7,False
19121,2024-09-11,3,21,5,False
19122,2024-09-11,3,22,14,False
19123,2024-09-11,3,23,7,False
19124,2024-09-11,3,24,4,True
19125,2024-09-11,3,25,6,False
19126,2024-09-12,1,1,33,False
19127,2024-09-12,1,2,25,False
19128,2024-09-12,1,3,18,False
19129,2024-09-12,1,4,23,False
19130,2024-09-12,1,5,15,False
19131,2024-09-12,1,6,28,False
19132,2024-09-12,1,7,32,False
19133,2024-09-12,1,8,25,False
19134,2024-09-12,1,9,31,True
19135,2024-09-12,1,10,26,False
19136,2024-09-12,1,11,35,False
19137,2024-09-12,1,12,34,False
19138,2024-09-12,1,13,18,False
19139,2024-09-12,1,14,28,False
19140,2024-09-12,1,15,14,False
19141,2024-09-12,1,16,13,False
19142,2024-09-12,1,17,14,False
19143,2024-09-12,1,18,27,False
19144,2024-09-12,1,19,32,False
19145,2024-09-12,1,20,14,False
19146,2024-09-12,1,21,11,False
19147,2024-09-12,1,22,19,False
19148,2024-09-12,1,23,11,False
19149,2024-09-12,1,24,9,False
19150,2024-09-12,1,25,18,False
19151,2024-09-12,2,1,21,False
19152,2024-09-12,2,2,9,False
19153,2024-09-12,2,3,13,False
19154,2024-09-12,2,4,26,False
19155,2024-09-12,2,5,11,False
19156,2024-09-12,2,6,28,False
19157,2024-09-12,2,7,24,False
19158,2024-09-12,2,8,18,False
19159,2024-09-12,2,9,22,False
19160,2024-09-12,2,10,20,False
19161,2024-09-12,2,11,23,False
19162,2024-09-12,2,12,32,True
19163,2024-09-12,2,13,10,False
19164,2024-09-12,2,14,18,False
19165,2024-09-12,2,15,14,False
19166,2024-09-12,2,16,7,False
19167,2024-09-12,2,17,14,False
19168,2024-09-12,2,18,20,False
19169,2024-09-12,2,19,21,False
19170,2024-09-12,2,20,13,False
19171,2024-09-12,2,21,12,False
19172,2024-09-12,2,22,11,False
19173,2024-09-12,2,23,10,False
19174,2024-09-12,2,24,6,False
19175,2024-09-12,2,25,5,False
19176,2024-09-12,3,1,14,False
19177,2024-09-12,3,2,17,False
19178,2024-09-12,3,3,9,False
19179,2024-09-12,3,4,14,False
19180,2024-09-12,3,5,8,False
19181,2024-09-12,3,6,15,False
19182,2024-09-12,3,7,11,False
19183,2024-09-12,3,8,9,False
19184,2024-09-12,3,9,9,False
19185,2024-09-12,3,10,19,False
19186,2024-09-12,3,11,19,False
19187,2024-09-12,3,12,16,False
19188,2024-09-12,3,13,1,False
19189,2024-09-12,3,14,13,False
19190,2024-09-12,3,15,5,False
19191,2024-09-12,3,16,10,False
19192,2024-09-12,3,17,8,False
19193,2024-09-12,3,18,18,False
19194,2024-09-12,3,19,11,False
19195,2024-09-12,3,20,7,False
19196,2024-09-12,3,21,1,False
19197,2024-09-12,3,22,5,False
19198,2024-09-12,3,23,3,False
19199,2024-09-12,3,24,3,False
19200,2024-09-12,3,25,5,False
19201,2024-09-13,1,1,40,False
19202,2024-09-13,1,2,20,False
19203,2024-09-13,1,3,18,False
19204,2024-09-13,1,4,35,False
19205,2024-09-13,1,5,13,False
19206,2024-09-13,1,6,47,True
19207,2024-09-13,1,7,31,False
19208,2024-09-13,1,8,40,True
19209,2024-09-13,1,9,19,False
19210,2024-09-13,1,10,35,False
19211,2024-09-13,1,11,31,False
19212,2024-09-13,1,12,50,True
19213,2024-09-13,1,13,10,False
19214,2024-09-13,1,14,28,False
19215,2024-09-13,1,15,15,False
19216,2024-09-13,1,16,5,False
19217,2024-09-13,1,17,24,False
19218,2024-09-13,1,18,26,False
19219,2024-09-13,1,19,35,False
19220,2024-09-13,1,20,13,False
19221,2024-09-13,1,21,12,False
19222,2024-09-13,1,22,20,False
19223,2024-09-13,1,23,9,False
19224,2024-09-13,1,24,15,False
19225,2024-09-13,1,25,13,False
19226,2024-09-13,2,1,26,False
19227,2024-09-13,2,2,18,False
19228,2024-09-13,2,3,12,False
19229,2024-09-13,2,4,23,False
19230,2024-09-13,2,5,8,False
19231,2024-09-13,2,6,25,False
19232,2024-09-13,2,7,17,False
19233,2024-09-13,2,8,24,False
19234,2024-09-13,2,9,15,False
19235,2024-09-13,2,10,22,False
19236,2024-09-13,2,11,23,False
19237,2024-09-13,2,12,14,False
19238,2024-09-13,2,13,12,False
19239,2024-09-13,2,14,10,False
19240,2024-09-13,2,15,15,False
19241,2024-09-13,2,16,12,False
19242,2024-09-13,2,17,16,False
19243,2024-09-13,2,18,13,False
19244,2024-09-13,2,19,25,False
19245,2024-09-13,2,20,12,False
19246,2024-09-13,2,21,10,False
19247,2024-09-13,2,22,13,False
19248,2024-09-13,2,23,11,False
19249,2024-09-13,2,24,4,False
19250,2024-09-13,2,25,9,False
19251,2024-09-13,3,1,21,False
19252,2024-09-13,3,2,13,False
19253,2024-09-13,3,3,8,False
19254,2024-09-13,3,4,14,False
19255,2024-09-13,3,5,11,False
19256,2024-09-13,3,6,22,True
19257,2024-09-13,3,7,14,False
19258,2024-09-13,3,8,16,False
19259,2024-09-13,3,9,10,False
19260,2024-09-13,3,10,15,False
19261,2024-09-13,3,11,19,False
19262,2024-09-13,3,12,14,False
19263,2024-09-13,3,13,12,False
19264,2024-09-13,3,14,16,False
19265,2024-09-13,3,15,9,False
19266,2024-09-13,3,16,9,False
19267,2024-09-13,3,17,9,False
19268,2024-09-13,3,18,5,False
19269,2024-09-13,3,19,7,False
19270,2024-09-13,3,20,1,False
19271,2024-09-13,3,21,3,False
19272,2024-09-13,3,22,7,False
19273,2024-09-13,3,23,0,False
19274,2024-09-13,3,24,2,False
19275,2024-09-13,3,25,13,False
19276,2024-09-14,1,1,50,False
19277,2024-09-14,1,2,32,False
19278,2024-09-14,1,3,32,False
19279,2024-09-14,1,4,34,False
19280,2024-09-14,1,5,26,False
19281,2024-09-14,1,6,42,False
19282,2024-09-14,1,7,40,False
19283,2024-09-14,1,8,33,False
19284,2024-09-14,1,9,21,False
19285,2024-09-14,1,10,46,False
19286,2024-09-14,1,11,55,False
19287,2024-09-14,1,12,44,False
19288,2024-09-14,1,13,33,False
19289,2024-09-14,1,14,31,False
19290,2024-09-14,1,15,11,False
19291,2024-09-14,1,16,19,False
19292,2024-09-14,1,17,23,False
19293,2024-09-14,1,18,37,False
19294,2024-09-14,1,19,33,False
19295,2024-09-14,1,20,10,False
19296,2024-09-14,1,21,15,False
19297,2024-09-14,1,22,18,False
19298,2024-09-14,1,23,10,False
19299,2024-09-14,1,24,13,False
19300,2024-09-14,1,25,22,False
19301,2024-09-14,2,1,29,False
19302,2024-09-14,2,2,43,True
19303,2024-09-14,2,3,19,False
19304,2024-09-14,2,4,43,True
19305,2024-09-14,2,5,23,False
19306,2024-09-14,2,6,22,False
19307,2024-09-14,2,7,26,False
19308,2024-09-14,2,8,16,False
19309,2024-09-14,2,9,12,False
19310,2024-09-14,2,10,36,False
19311,2024-09-14,2,11,46,True
19312,2024-09-14,2,12,23,False
19313,2024-09-14,2,13,21,False
19314,2024-09-14,2,14,17,False
19315,2024-09-14,2,15,15,False
19316,2024-09-14,2,16,26,True
19317,2024-09-14,2,17,12,False
19318,2024-09-14,2,18,30,False
19319,2024-09-14,2,19,25,False
19320,2024-09-14,2,20,6,False
19321,2024-09-14,2,21,11,False
19322,2024-09-14,2,22,16,False
19323,2024-09-14,2,23,12,True
19324,2024-09-14,2,24,7,False
19325,2024-09-14,2,25,12,False
19326,2024-09-14,3,1,14,False
19327,2024-09-14,3,2,22,False
19328,2024-09-14,3,3,11,False
19329,2024-09-14,3,4,14,False
19330,2024-09-14,3,5,13,False
19331,2024-09-14,3,6,13,False
19332,2024-09-14,3,7,10,False
19333,2024-09-14,3,8,13,False
19334,2024-09-14,3,9,17,True
19335,2024-09-14,3,10,20,False
19336,2024-09-14,3,11,12,False
19337,2024-09-14,3,12,15,False
19338,2024-09-14,3,13,9,False
19339,2024-09-14,3,14,17,False
19340,2024-09-14,3,15,12,False
19341,2024-09-14,3,16,9,True
19342,2024-09-14,3,17,16,False
19343,2024-09-14,3,18,11,False
19344,2024-09-14,3,19,21,False
19345,2024-09-14,3,20,6,False
19346,2024-09-14,3,21,6,False
19347,2024-09-14,3,22,8,False
19348,2024-09-14,3,23,4,True
19349,2024-09-14,3,24,8,False
19350,2024-09-14,3,25,9,False
19351,2024-09-15,1,1,49,False
19352,2024-09-15,1,2,37,False
19353,2024-09-15,1,3,20,False
19354,2024-09-15,1,4,36,False
19355,2024-09-15,1,5,20,False
19356,2024-09-15,1,6,39,False
19357,2024-09-15,1,7,33,False
19358,2024-09-15,1,8,36,False
19359,2024-09-15,1,9,20,False
19360,2024-09-15,1,10,43,False
19361,2024-09-15,1,11,55,True
19362,2024-09-15,1,12,40,False
19363,2024-09-15,1,13,19,False
19364,2024-09-15,1,14,35,False
19365,2024-09-15,1,15,17,False
19366,2024-09-15,1,16,22,False
19367,2024-09-15,1,17,27,False
19368,2024-09-15,1,18,34,False
19369,2024-09-15,1,19,57,True
19370,2024-09-15,1,20,13,False
19371,2024-09-15,1,21,18,False
19372,2024-09-15,1,22,26,False
19373,2024-09-15,1,23,14,False
19374,2024-09-15,1,24,14,False
19375,2024-09-15,1,25,20,False
19376,2024-09-15,2,1,34,False
19377,2024-09-15,2,2,25,False
19378,2024-09-15,2,3,19,False
19379,2024-09-15,2,4,34,False
19380,2024-09-15,2,5,16,False
19381,2024-09-15,2,6,23,False
19382,2024-09-15,2,7,22,False
19383,2024-09-15,2,8,27,False
19384,2024-09-15,2,9,21,False
19385,2024-09-15,2,10,26,False
19386,2024-09-15,2,11,48,True
19387,2024-09-15,2,12,33,False
19388,2024-09-15,2,13,13,False
19389,2024-09-15,2,14,21,False
19390,2024-09-15,2,15,10,False
19391,2024-09-15,2,16,16,True
19392,2024-09-15,2,17,23,False
19393,2024-09-15,2,18,21,False
19394,2024-09-15,2,19,26,False
19395,2024-09-15,2,20,9,False
19396,2024-09-15,2,21,11,False
19397,2024-09-15,2,22,9,False
19398,2024-09-15,2,23,12,False
19399,2024-09-15,2,24,10,False
19400,2024-09-15,2,25,12,False
19401,2024-09-15,3,1,24,False
19402,2024-09-15,3,2,8,False
19403,2024-09-15,3,3,5,False
19404,2024-09-15,3,4,14,False
19405,2024-09-15,3,5,12,False
19406,2024-09-15,3,6,13,False
19407,2024-09-15,3,7,14,False
19408,2024-09-15,3,8,8,False
19409,2024-09-15,3,9,5,False
19410,2024-09-15,3,10,16,False
19411,2024-09-15,3,11,22,False
19412,2024-09-15,3,12,14,False
19413,2024-09-15,3,13,15,False
19414,2024-09-15,3,14,8,False
19415,2024-09-15,3,15,8,False
19416,2024-09-15,3,16,5,False
19417,2024-09-15,3,17,10,False
19418,2024-09-15,3,18,13,False
19419,2024-09-15,3,19,12,False
19420,2024-09-15,3,20,9,False
19421,2024-09-15,3,21,3,False
19422,2024-09-15,3,22,10,False
19423,2024-09-15,3,23,2,False
19424,2024-09-15,3,24,5,False
19425,2024-09-15,3,25,3,False
19426,2024-09-16,1,1,34,False
19427,2024-09-16,1,2,28,False
19428,2024-09-16,1,3,21,False
19429,2024-09-16,1,4,31,False
19430,2024-09-16,1,5,18,False
19431,2024-09-16,1,6,39,False
19432,2024-09-16,1,7,21,False
19433,2024-09-16,1,8,32,False
19434,2024-09-16,1,9,32,True
19435,2024-09-16,1,10,41,False
19436,2024-09-16,1,11,34,False
19437,2024-09-16,1,12,27,False
19438,2024-09-16,1,13,17,False
19439,2024-09-16,1,14,22,False
19440,2024-09-16,1,15,17,False
19441,2024-09-16,1,16,18,True
19442,2024-09-16,1,17,25,False
19443,2024-09-16,1,18,27,False
19444,2024-09-16,1,19,33,False
19445,2024-09-16,1,20,21,False
19446,2024-09-16,1,21,16,False
19447,2024-09-16,1,22,22,False
19448,2024-09-16,1,23,12,False
19449,2024-09-16,1,24,19,False
19450,2024-09-16,1,25,21,False
19451,2024-09-16,2,1,22,False
19452,2024-09-16,2,2,16,False
19453,2024-09-16,2,3,11,False
19454,2024-09-16,2,4,24,False
19455,2024-09-16,2,5,17,False
19456,2024-09-16,2,6,33,False
19457,2024-09-16,2,7,18,False
19458,2024-09-16,2,8,9,False
19459,2024-09-16,2,9,17,False
19460,2024-09-16,2,10,24,False
19461,2024-09-16,2,11,23,False
19462,2024-09-16,2,12,17,False
19463,2024-09-16,2,13,3,False
19464,2024-09-16,2,14,25,False
19465,2024-09-16,2,15,13,False
19466,2024-09-16,2,16,12,False
19467,2024-09-16,2,17,18,False
19468,2024-09-16,2,18,13,False
19469,2024-09-16,2,19,20,False
19470,2024-09-16,2,20,14,False
19471,2024-09-16,2,21,9,False
19472,2024-09-16,2,22,7,False
19473,2024-09-16,2,23,15,False
19474,2024-09-16,2,24,9,True
19475,2024-09-16,2,25,11,False
19476,2024-09-16,3,1,24,True
19477,2024-09-16,3,2,10,True
19478,2024-09-16,3,3,7,False
19479,2024-09-16,3,4,13,False
19480,2024-09-16,3,5,9,False
19481,2024-09-16,3,6,16,False
19482,2024-09-16,3,7,9,False
19483,2024-09-16,3,8,25,False
19484,2024-09-16,3,9,10,False
19485,2024-09-16,3,10,10,False
19486,2024-09-16,3,11,22,True
19487,2024-09-16,3,12,13,False
19488,2024-09-16,3,13,8,False
19489,2024-09-16,3,14,11,False
19490,2024-09-16,3,15,2,False
19491,2024-09-16,3,16,0,False
19492,2024-09-16,3,17,11,False
19493,2024-09-16,3,18,10,False
19494,2024-09-16,3,19,14,False
19495,2024-09-16,3,20,3,False
19496,2024-09-16,3,21,6,False
19497,2024-09-16,3,22,8,False
19498,2024-09-16,3,23,4,False
19499,2024-09-16,3,24,0,False
19500,2024-09-16,3,25,7,False
19501,2024-09-17,1,1,32,False
19502,2024-09-17,1,2,32,False
19503,2024-09-17,1,3,22,False
19504,2024-09-17,1,4,30,False
19505,2024-09-17,1,5,15,False
19506,2024-09-17,1,6,28,False
19507,2024-09-17,1,7,28,False
19508,2024-09-17,1,8,39,False
19509,2024-09-17,1,9,24,False
19510,2024-09-17,1,10,50,True
19511,2024-09-17,1,11,40,False
19512,2024-09-17,1,12,33,False
19513,2024-09-17,1,13,10,False
19514,2024-09-17,1,14,23,False
19515,2024-09-17,1,15,15,False
19516,2024-09-17,1,16,18,False
19517,2024-09-17,1,17,28,False
19518,2024-09-17,1,18,16,False
19519,2024-09-17,1,19,32,False
19520,2024-09-17,1,20,14,False
19521,2024-09-17,1,21,14,False
19522,2024-09-17,1,22,15,False
19523,2024-09-17,1,23,7,False
19524,2024-09-17,1,24,10,False
19525,2024-09-17,1,25,23,True
19526,2024-09-17,2,1,25,False
19527,2024-09-17,2,2,13,False
19528,2024-09-17,2,3,16,False
19529,2024-09-17,2,4,19,False
19530,2024-09-17,2,5,9,False
19531,2024-09-17,2,6,25,False
19532,2024-09-17,2,7,17,False
19533,2024-09-17,2,8,24,False
19534,2024-09-17,2,9,16,False
19535,2024-09-17,2,10,18,False
19536,2024-09-17,2,11,29,False
19537,2024-09-17,2,12,19,False
19538,2024-09-17,2,13,12,False
19539,2024-09-17,2,14,16,False
19540,2024-09-17,2,15,8,False
19541,2024-09-17,2,16,10,False
19542,2024-09-17,2,17,20,False
19543,2024-09-17,2,18,19,False
19544,2024-09-17,2,19,21,False
19545,2024-09-17,2,20,11,False
19546,2024-09-17,2,21,6,False
19547,2024-09-17,2,22,7,False
19548,2024-09-17,2,23,2,False
19549,2024-09-17,2,24,11,False
19550,2024-09-17,2,25,14,False
19551,2024-09-17,3,1,22,False
19552,2024-09-17,3,2,13,False
19553,2024-09-17,3,3,9,False
19554,2024-09-17,3,4,19,False
19555,2024-09-17,3,5,9,False
19556,2024-09-17,3,6,8,False
19557,2024-09-17,3,7,11,False
19558,2024-09-17,3,8,18,True
19559,2024-09-17,3,9,18,False
19560,2024-09-17,3,10,19,False
19561,2024-09-17,3,11,19,False
19562,2024-09-17,3,12,12,False
19563,2024-09-17,3,13,2,False
19564,2024-09-17,3,14,8,False
19565,2024-09-17,3,15,8,False
19566,2024-09-17,3,16,3,False
19567,2024-09-17,3,17,10,False
19568,2024-09-17,3,18,9,False
19569,2024-09-17,3,19,12,False
19570,2024-09-17,3,20,8,False
19571,2024-09-17,3,21,5,False
19572,2024-09-17,3,22,10,False
19573,2024-09-17,3,23,11,False
19574,2024-09-17,3,24,4,False
19575,2024-09-17,3,25,3,False
19576,2024-09-18,1,1,36,False
19577,2024-09-18,1,2,27,False
19578,2024-09-18,1,3,31,True
19579,2024-09-18,1,4,27,False
19580,2024-09-18,1,5,17,False
19581,2024-09-18,1,6,32,False
19582,2024-09-18,1,7,20,False
19583,2024-09-18,1,8,15,False
19584,2024-09-18,1,9,31,True
19585,2024-09-18,1,10,41,False
19586,2024-09-18,1,11,32,False
19587,2024-09-18,1,12,39,False
19588,2024-09-18,1,13,23,False
19589,2024-09-18,1,14,26,False
19590,2024-09-18,1,15,20,False
19591,2024-09-18,1,16,14,False
19592,2024-09-18,1,17,22,False
19593,2024-09-18,1,18,29,False
19594,2024-09-18,1,19,27,False
19595,2024-09-18,1,20,13,False
19596,2024-09-18,1,21,15,False
19597,2024-09-18,1,22,19,False
19598,2024-09-18,1,23,10,False
19599,2024-09-18,1,24,7,False
19600,2024-09-18,1,25,14,False
19601,2024-09-18,2,1,20,False
19602,2024-09-18,2,2,20,False
19603,2024-09-18,2,3,21,False
19604,2024-09-18,2,4,21,False
19605,2024-09-18,2,5,11,False
19606,2024-09-18,2,6,21,False
19607,2024-09-18,2,7,11,False
19608,2024-09-18,2,8,21,False
19609,2024-09-18,2,9,8,False
19610,2024-09-18,2,10,30,False
19611,2024-09-18,2,11,26,False
19612,2024-09-18,2,12,19,False
19613,2024-09-18,2,13,11,False
19614,2024-09-18,2,14,19,False
19615,2024-09-18,2,15,10,False
19616,2024-09-18,2,16,12,False
19617,2024-09-18,2,17,19,False
19618,2024-09-18,2,18,14,False
19619,2024-09-18,2,19,19,False
19620,2024-09-18,2,20,7,False
19621,2024-09-18,2,21,7,False
19622,2024-09-18,2,22,7,False
19623,2024-09-18,2,23,10,False
19624,2024-09-18,2,24,5,False
19625,2024-09-18,2,25,14,False
19626,2024-09-18,3,1,15,False
19627,2024-09-18,3,2,14,False
19628,2024-09-18,3,3,6,False
19629,2024-09-18,3,4,19,False
19630,2024-09-18,3,5,12,False
19631,2024-09-18,3,6,11,False
19632,2024-09-18,3,7,11,False
19633,2024-09-18,3,8,19,True
19634,2024-09-18,3,9,9,False
19635,2024-09-18,3,10,10,False
19636,2024-09-18,3,11,12,False
19637,2024-09-18,3,12,9,False
19638,2024-09-18,3,13,7,False
19639,2024-09-18,3,14,13,False
19640,2024-09-18,3,15,12,False
19641,2024-09-18,3,16,9,False
19642,2024-09-18,3,17,5,False
19643,2024-09-18,3,18,12,False
19644,2024-09-18,3,19,14,False
19645,2024-09-18,3,20,8,False
19646,2024-09-18,3,21,1,False
19647,2024-09-18,3,22,7,False
19648,2024-09-18,3,23,7,False
19649,2024-09-18,3,24,8,False
19650,2024-09-18,3,25,8,False
19651,2024-09-19,1,1,51,False
19652,2024-09-19,1,2,25,False
19653,2024-09-19,1,3,22,False
19654,2024-09-19,1,4,27,False
19655,2024-09-19,1,5,16,False
19656,2024-09-19,1,6,36,False
19657,2024-09-19,1,7,25,False
19658,2024-09-19,1,8,25,False
19659,2024-09-19,1,9,24,False
19660,2024-09-19,1,10,38,False
19661,2024-09-19,1,11,44,True
19662,2024-09-19,1,12,27,False
19663,2024-09-19,1,13,17,False
19664,2024-09-19,1,14,26,False
19665,2024-09-19,1,15,17,False
19666,2024-09-19,1,16,13,False
19667,2024-09-19,1,17,19,False
19668,2024-09-19,1,18,9,False
19669,2024-09-19,1,19,22,False
19670,2024-09-19,1,20,13,False
19671,2024-09-19,1,21,9,False
19672,2024-09-19,1,22,14,False
19673,2024-09-19,1,23,12,False
19674,2024-09-19,1,24,11,False
19675,2024-09-19,1,25,16,False
19676,2024-09-19,2,1,21,False
19677,2024-09-19,2,2,19,False
19678,2024-09-19,2,3,18,False
19679,2024-09-19,2,4,27,False
19680,2024-09-19,2,5,26,True
19681,2024-09-19,2,6,16,False
19682,2024-09-19,2,7,20,False
19683,2024-09-19,2,8,21,False
19684,2024-09-19,2,9,11,False
19685,2024-09-19,2,10,25,False
19686,2024-09-19,2,11,20,False
19687,2024-09-19,2,12,22,False
19688,2024-09-19,2,13,8,False
19689,2024-09-19,2,14,15,False
19690,2024-09-19,2,15,18,True
19691,2024-09-19,2,16,6,False
19692,2024-09-19,2,17,17,False
19693,2024-09-19,2,18,17,False
19694,2024-09-19,2,19,15,False
19695,2024-09-19,2,20,13,False
19696,2024-09-19,2,21,5,False
19697,2024-09-19,2,22,13,False
19698,2024-09-19,2,23,3,False
19699,2024-09-19,2,24,12,False
19700,2024-09-19,2,25,12,False
19701,2024-09-19,3,1,10,False
19702,2024-09-19,3,2,8,False
19703,2024-09-19,3,3,6,False
19704,2024-09-19,3,4,17,False
19705,2024-09-19,3,5,8,False
19706,2024-09-19,3,6,22,True
19707,2024-09-19,3,7,11,False
19708,2024-09-19,3,8,8,False
19709,2024-09-19,3,9,14,False
19710,2024-09-19,3,10,9,False
19711,2024-09-19,3,11,21,False
19712,2024-09-19,3,12,17,False
19713,2024-09-19,3,13,6,False
19714,2024-09-19,3,14,7,False
19715,2024-09-19,3,15,4,False
19716,2024-09-19,3,16,4,False
19717,2024-09-19,3,17,4,False
19718,2024-09-19,3,18,10,False
19719,2024-09-19,3,19,10,False
19720,2024-09-19,3,20,8,False
19721,2024-09-19,3,21,3,False
19722,2024-09-19,3,22,4,False
19723,2024-09-19,3,23,4,False
19724,2024-09-19,3,24,1,False
19725,2024-09-19,3,25,3,False
19726,2024-09-20,1,1,41,False
19727,2024-09-20,1,2,21,False
19728,2024-09-20,1,3,18,False
19729,2024-09-20,1,4,17,False
19730,2024-09-20,1,5,16,False
19731,2024-09-20,1,6,26,False
19732,2024-09-20,1,7,35,False
19733,2024-09-20,1,8,30,False
19734,2024-09-20,1,9,20,False
19735,2024-09-20,1,10,32,False
19736,2024-09-20,1,11,38,False
19737,2024-09-20,1,12,62,True
19738,2024-09-20,1,13,16,False
19739,2024-09-20,1,14,27,False
19740,2024-09-20,1,15,15,False
19741,2024-09-20,1,16,13,False
19742,2024-09-20,1,17,20,False
19743,2024-09-20,1,18,32,False
19744,2024-09-20,1,19,29,False
19745,2024-09-20,1,20,20,False
19746,2024-09-20,1,21,14,False
19747,2024-09-20,1,22,15,False
19748,2024-09-20,1,23,9,False
19749,2024-09-20,1,24,9,True
19750,2024-09-20,1,25,12,False
19751,2024-09-20,2,1,22,False
19752,2024-09-20,2,2,19,False
19753,2024-09-20,2,3,16,False
19754,2024-09-20,2,4,19,False
19755,2024-09-20,2,5,9,False
19756,2024-09-20,2,6,19,False
19757,2024-09-20,2,7,22,False
19758,2024-09-20,2,8,17,False
19759,2024-09-20,2,9,14,False
19760,2024-09-20,2,10,26,False
19761,2024-09-20,2,11,29,False
19762,2024-09-20,2,12,26,False
19763,2024-09-20,2,13,9,False
19764,2024-09-20,2,14,15,False
19765,2024-09-20,2,15,13,False
19766,2024-09-20,2,16,11,False
19767,2024-09-20,2,17,21,False
19768,2024-09-20,2,18,16,False
19769,2024-09-20,2,19,20,False
19770,2024-09-20,2,20,13,False
19771,2024-09-20,2,21,13,False
19772,2024-09-20,2,22,8,False
19773,2024-09-20,2,23,13,False
19774,2024-09-20,2,24,5,False
19775,2024-09-20,2,25,14,False
19776,2024-09-20,3,1,17,False
19777,2024-09-20,3,2,14,False
19778,2024-09-20,3,3,7,False
19779,2024-09-20,3,4,22,False
19780,2024-09-20,3,5,3,False
19781,2024-09-20,3,6,16,False
19782,2024-09-20,3,7,13,False
19783,2024-09-20,3,8,16,False
19784,2024-09-20,3,9,13,False
19785,2024-09-20,3,10,12,False
19786,2024-09-20,3,11,18,False
19787,2024-09-20,3,12,15,False
19788,2024-09-20,3,13,11,False
19789,2024-09-20,3,14,10,False
19790,2024-09-20,3,15,7,True
19791,2024-09-20,3,16,4,False
19792,2024-09-20,3,17,15,True
19793,2024-09-20,3,18,20,False
19794,2024-09-20,3,19,20,False
19795,2024-09-20,3,20,8,False
19796,2024-09-20,3,21,3,False
19797,2024-09-20,3,22,5,True
19798,2024-09-20,3,23,4,False
19799,2024-09-20,3,24,2,False
19800,2024-09-20,3,25,6,False
19801,2024-09-21,1,1,36,False
19802,2024-09-21,1,2,22,False
19803,2024-09-21,1,3,29,True
19804,2024-09-21,1,4,30,False
19805,2024-09-21,1,5,23,False
19806,2024-09-21,1,6,37,False
19807,2024-09-21,1,7,36,False
19808,2024-09-21,1,8,41,False
19809,2024-09-21,1,9,20,False
19810,2024-09-21,1,10,41,False
19811,2024-09-21,1,11,46,False
19812,2024-09-21,1,12,39,False
19813,2024-09-21,1,13,19,False
19814,2024-09-21,1,14,34,False
19815,2024-09-21,1,15,13,False
19816,2024-09-21,1,16,17,False
19817,2024-09-21,1,17,28,False
19818,2024-09-21,1,18,38,False
19819,2024-09-21,1,19,26,False
19820,2024-09-21,1,20,24,False
19821,2024-09-21,1,21,16,False
19822,2024-09-21,1,22,16,False
19823,2024-09-21,1,23,14,False
19824,2024-09-21,1,24,9,False
19825,2024-09-21,1,25,12,False
19826,2024-09-21,2,1,32,False
19827,2024-09-21,2,2,18,False
19828,2024-09-21,2,3,17,False
19829,2024-09-21,2,4,19,False
19830,2024-09-21,2,5,9,False
19831,2024-09-21,2,6,15,False
19832,2024-09-21,2,7,35,False
19833,2024-09-21,2,8,32,False
19834,2024-09-21,2,9,13,False
19835,2024-09-21,2,10,28,False
19836,2024-09-21,2,11,29,False
19837,2024-09-21,2,12,29,False
19838,2024-09-21,2,13,10,False
19839,2024-09-21,2,14,22,False
19840,2024-09-21,2,15,15,False
19841,2024-09-21,2,16,7,False
19842,2024-09-21,2,17,17,False
19843,2024-09-21,2,18,22,False
19844,2024-09-21,2,19,15,False
19845,2024-09-21,2,20,22,False
19846,2024-09-21,2,21,15,True
19847,2024-09-21,2,22,13,False
19848,2024-09-21,2,23,4,False
19849,2024-09-21,2,24,9,False
19850,2024-09-21,2,25,12,False
19851,2024-09-21,3,1,18,False
19852,2024-09-21,3,2,9,False
19853,2024-09-21,3,3,15,False
19854,2024-09-21,3,4,17,False
19855,2024-09-21,3,5,9,False
19856,2024-09-21,3,6,14,False
19857,2024-09-21,3,7,12,False
19858,2024-09-21,3,8,15,False
19859,2024-09-21,3,9,11,False
19860,2024-09-21,3,10,18,False
19861,2024-09-21,3,11,18,False
19862,2024-09-21,3,12,13,False
19863,2024-09-21,3,13,7,False
19864,2024-09-21,3,14,12,False
19865,2024-09-21,3,15,4,False
19866,2024-09-21,3,16,9,False
19867,2024-09-21,3,17,14,False
19868,2024-09-21,3,18,16,False
19869,2024-09-21,3,19,13,False
19870,2024-09-21,3,20,13,False
19871,2024-09-21,3,21,5,False
19872,2024-09-21,3,22,13,True
19873,2024-09-21,3,23,3,False
19874,2024-09-21,3,24,4,False
19875,2024-09-21,3,25,6,False
19876,2024-09-22,1,1,47,False
19877,2024-09-22,1,2,31,False
19878,2024-09-22,1,3,22,False
19879,2024-09-22,1,4,58,True
19880,2024-09-22,1,5,14,False
19881,2024-09-22,1,6,37,False
19882,2024-09-22,1,7,31,False
19883,2024-09-22,1,8,38,False
19884,2024-09-22,1,9,22,False
19885,2024-09-22,1,10,35,False
19886,2024-09-22,1,11,43,False
19887,2024-09-22,1,12,31,False
19888,2024-09-22,1,13,15,False
19889,2024-09-22,1,14,35,False
19890,2024-09-22,1,15,17,False
19891,2024-09-22,1,16,16,False
19892,2024-09-22,1,17,29,False
19893,2024-09-22,1,18,37,False
19894,2024-09-22,1,19,41,False
19895,2024-09-22,1,20,21,False
19896,2024-09-22,1,21,16,False
19897,2024-09-22,1,22,13,False
19898,2024-09-22,1,23,15,False
19899,2024-09-22,1,24,24,True
19900,2024-09-22,1,25,16,False
19901,2024-09-22,2,1,39,False
19902,2024-09-22,2,2,22,False
19903,2024-09-22,2,3,26,False
19904,2024-09-22,2,4,33,False
19905,2024-09-22,2,5,14,False
19906,2024-09-22,2,6,26,False
19907,2024-09-22,2,7,25,False
19908,2024-09-22,2,8,18,False
19909,2024-09-22,2,9,22,False
19910,2024-09-22,2,10,35,False
19911,2024-09-22,2,11,31,False
19912,2024-09-22,2,12,21,False
19913,2024-09-22,2,13,17,False
19914,2024-09-22,2,14,19,False
19915,2024-09-22,2,15,8,False
19916,2024-09-22,2,16,13,False
19917,2024-09-22,2,17,15,False
19918,2024-09-22,2,18,16,False
19919,2024-09-22,2,19,21,False
19920,2024-09-22,2,20,11,False
19921,2024-09-22,2,21,18,True
19922,2024-09-22,2,22,20,False
19923,2024-09-22,2,23,9,False
19924,2024-09-22,2,24,3,False
19925,2024-09-22,2,25,8,False
19926,2024-09-22,3,1,15,False
19927,2024-09-22,3,2,12,False
19928,2024-09-22,3,3,15,False
19929,2024-09-22,3,4,16,False
19930,2024-09-22,3,5,12,False
19931,2024-09-22,3,6,22,False
19932,2024-09-22,3,7,14,False
19933,2024-09-22,3,8,19,False
19934,2024-09-22,3,9,20,True
19935,2024-09-22,3,10,19,False
19936,2024-09-22,3,11,19,False
19937,2024-09-22,3,12,22,False
19938,2024-09-22,3,13,5,False
19939,2024-09-22,3,14,6,False
19940,2024-09-22,3,15,10,False
19941,2024-09-22,3,16,13,False
19942,2024-09-22,3,17,23,True
19943,2024-09-22,3,18,11,False
19944,2024-09-22,3,19,10,False
19945,2024-09-22,3,20,13,False
19946,2024-09-22,3,21,5,False
19947,2024-09-22,3,22,6,False
19948,2024-09-22,3,23,5,False
19949,2024-09-22,3,24,4,False
19950,2024-09-22,3,25,8,False
19951,2024-09-23,1,1,42,False
19952,2024-09-23,1,2,21,False
19953,2024-09-23,1,3,24,False
19954,2024-09-23,1,4,19,False
19955,2024-09-23,1,5,26,True
19956,2024-09-23,1,6,37,False
19957,2024-09-23,1,7,21,False
19958,2024-09-23,1,8,34,False
19959,2024-09-23,1,9,20,False
19960,2024-09-23,1,10,52,True
19961,2024-09-23,1,11,39,False
19962,2024-09-23,1,12,27,False
19963,2024-09-23,1,13,24,False
19964,2024-09-23,1,14,23,False
19965,2024-09-23,1,15,16,False
19966,2024-09-23,1,16,13,False
19967,2024-09-23,1,17,14,False
19968,2024-09-23,1,18,23,False
19969,2024-09-23,1,19,28,False
19970,2024-09-23,1,20,21,False
19971,2024-09-23,1,21,12,False
19972,2024-09-23,1,22,16,False
19973,2024-09-23,1,23,9,False
19974,2024-09-23,1,24,3,False
19975,2024-09-23,1,25,20,False
19976,2024-09-23,2,1,23,False
19977,2024-09-23,2,2,16,False
19978,2024-09-23,2,3,16,False
19979,2024-09-23,2,4,16,False
19980,2024-09-23,2,5,9,False
19981,2024-09-23,2,6,29,False
19982,2024-09-23,2,7,15,False
19983,2024-09-23,2,8,22,False
19984,2024-09-23,2,9,14,False
19985,2024-09-23,2,10,20,False
19986,2024-09-23,2,11,35,False
19987,2024-09-23,2,12,19,False
19988,2024-09-23,2,13,15,False
19989,2024-09-23,2,14,23,False
19990,2024-09-23,2,15,12,False
19991,2024-09-23,2,16,9,False
19992,2024-09-23,2,17,16,False
19993,2024-09-23,2,18,19,False
19994,2024-09-23,2,19,10,False
19995,2024-09-23,2,20,7,False
19996,2024-09-23,2,21,5,False
19997,2024-09-23,2,22,9,False
19998,2024-09-23,2,23,11,False
19999,2024-09-23,2,24,11,False
20000,2024-09-23,2,25,13,False
20001,2024-09-23,3,1,8,False
20002,2024-09-23,3,2,15,False
20003,2024-09-23,3,3,14,False
20004,2024-09-23,3,4,11,False
20005,2024-09-23,3,5,7,False
20006,2024-09-23,3,6,15,False
20007,2024-09-23,3,7,19,False
20008,2024-09-23,3,8,13,False
20009,2024-09-23,3,9,1,False
20010,2024-09-23,3,10,28,True
20011,2024-09-23,3,11,11,False
20012,2024-09-23,3,12,20,False
20013,2024-09-23,3,13,7,False
20014,2024-09-23,3,14,12,False
20015,2024-09-23,3,15,4,False
20016,2024-09-23,3,16,2,False
20017,2024-09-23,3,17,10,False
20018,2024-09-23,3,18,12,False
20019,2024-09-23,3,19,15,False
20020,2024-09-23,3,20,10,True
20021,2024-09-23,3,21,10,False
20022,2024-09-23,3,22,6,False
20023,2024-09-23,3,23,6,False
20024,2024-09-23,3,24,6,False
20025,2024-09-23,3,25,2,False
20026,2024-09-24,1,1,32,False
20027,2024-09-24,1,2,29,False
20028,2024-09-24,1,3,17,False
20029,2024-09-24,1,4,28,False
20030,2024-09-24,1,5,12,False
20031,2024-09-24,1,6,38,False
20032,2024-09-24,1,7,24,False
20033,2024-09-24,1,8,37,False
20034,2024-09-24,1,9,22,False
20035,2024-09-24,1,10,33,False
20036,2024-09-24,1,11,32,False
20037,2024-09-24,1,12,31,False
20038,2024-09-24,1,13,17,False
20039,2024-09-24,1,14,18,False
20040,2024-09-24,1,15,16,False
20041,2024-09-24,1,16,9,False
20042,2024-09-24,1,17,13,False
20043,2024-09-24,1,18,22,False
20044,2024-09-24,1,19,22,False
20045,2024-09-24,1,20,17,False
20046,2024-09-24,1,21,9,False
20047,2024-09-24,1,22,14,False
20048,2024-09-24,1,23,10,False
20049,2024-09-24,1,24,15,False
20050,2024-09-24,1,25,14,False
20051,2024-09-24,2,1,25,False
20052,2024-09-24,2,2,15,False
20053,2024-09-24,2,3,13,False
20054,2024-09-24,2,4,17,False
20055,2024-09-24,2,5,8,False
20056,2024-09-24,2,6,21,False
20057,2024-09-24,2,7,19,False
20058,2024-09-24,2,8,12,False
20059,2024-09-24,2,9,16,False
20060,2024-09-24,2,10,21,False
20061,2024-09-24,2,11,22,False
20062,2024-09-24,2,12,12,False
20063,2024-09-24,2,13,8,False
20064,2024-09-24,2,14,18,False
20065,2024-09-24,2,15,10,False
20066,2024-09-24,2,16,4,False
20067,2024-09-24,2,17,12,False
20068,2024-09-24,2,18,21,False
20069,2024-09-24,2,19,15,False
20070,2024-09-24,2,20,13,False
20071,2024-09-24,2,21,10,False
20072,2024-09-24,2,22,11,False
20073,2024-09-24,2,23,12,False
20074,2024-09-24,2,24,2,False
20075,2024-09-24,2,25,13,False
20076,2024-09-24,3,1,21,False
20077,2024-09-24,3,2,10,False
20078,2024-09-24,3,3,7,False
20079,2024-09-24,3,4,34,True
20080,2024-09-24,3,5,5,False
20081,2024-09-24,3,6,12,False
20082,2024-09-24,3,7,8,False
20083,2024-09-24,3,8,10,False
20084,2024-09-24,3,9,14,False
20085,2024-09-24,3,10,13,False
20086,2024-09-24,3,11,24,False
20087,2024-09-24,3,12,9,False
20088,2024-09-24,3,13,6,False
20089,2024-09-24,3,14,11,False
20090,2024-09-24,3,15,4,False
20091,2024-09-24,3,16,3,False
20092,2024-09-24,3,17,9,False
20093,2024-09-24,3,18,6,False
20094,2024-09-24,3,19,10,False
20095,2024-09-24,3,20,5,False
20096,2024-09-24,3,21,1,False
20097,2024-09-24,3,22,5,False
20098,2024-09-24,3,23,3,False
20099,2024-09-24,3,24,2,False
20100,2024-09-24,3,25,7,True
20101,2024-09-25,1,1,36,False
20102,2024-09-25,1,2,32,False
20103,2024-09-25,1,3,20,False
20104,2024-09-25,1,4,32,False
20105,2024-09-25,1,5,20,False
20106,2024-09-25,1,6,21,False
20107,2024-09-25,1,7,23,False
20108,2024-09-25,1,8,33,False
20109,2024-09-25,1,9,26,False
20110,2024-09-25,1,10,25,False
20111,2024-09-25,1,11,40,False
20112,2024-09-25,1,12,46,True
20113,2024-09-25,1,13,16,False
20114,2024-09-25,1,14,28,False
20115,2024-09-25,1,15,9,False
20116,2024-09-25,1,16,16,False
20117,2024-09-25,1,17,25,False
20118,2024-09-25,1,18,44,True
20119,2024-09-25,1,19,26,False
20120,2024-09-25,1,20,13,False
20121,2024-09-25,1,21,10,False
20122,2024-09-25,1,22,16,False
20123,2024-09-25,1,23,6,False
20124,2024-09-25,1,24,12,False
20125,2024-09-25,1,25,11,False
20126,2024-09-25,2,1,30,False
20127,2024-09-25,2,2,20,False
20128,2024-09-25,2,3,7,False
20129,2024-09-25,2,4,27,False
20130,2024-09-25,2,5,11,False
20131,2024-09-25,2,6,22,False
20132,2024-09-25,2,7,19,False
20133,2024-09-25,2,8,26,False
20134,2024-09-25,2,9,14,False
20135,2024-09-25,2,10,21,False
20136,2024-09-25,2,11,16,False
20137,2024-09-25,2,12,22,False
20138,2024-09-25,2,13,11,False
20139,2024-09-25,2,14,29,False
20140,2024-09-25,2,15,15,False
20141,2024-09-25,2,16,12,False
20142,2024-09-25,2,17,13,False
20143,2024-09-25,2,18,13,False
20144,2024-09-25,2,19,18,False
20145,2024-09-25,2,20,10,False
20146,2024-09-25,2,21,21,False
20147,2024-09-25,2,22,9,False
20148,2024-09-25,2,23,7,False
20149,2024-09-25,2,24,5,False
20150,2024-09-25,2,25,14,False
20151,2024-09-25,3,1,19,False
20152,2024-09-25,3,2,9,False
20153,2024-09-25,3,3,11,False
20154,2024-09-25,3,4,10,False
20155,2024-09-25,3,5,5,False
20156,2024-09-25,3,6,10,False
20157,2024-09-25,3,7,10,False
20158,2024-09-25,3,8,12,False
20159,2024-09-25,3,9,9,False
20160,2024-09-25,3,10,15,False
20161,2024-09-25,3,11,18,True
20162,2024-09-25,3,12,9,False
20163,2024-09-25,3,13,8,False
20164,2024-09-25,3,14,8,False
20165,2024-09-25,3,15,6,False
20166,2024-09-25,3,16,6,False
20167,2024-09-25,3,17,6,False
20168,2024-09-25,3,18,14,False
20169,2024-09-25,3,19,11,False
20170,2024-09-25,3,20,5,False
20171,2024-09-25,3,21,2,False
20172,2024-09-25,3,22,7,False
20173,2024-09-25,3,23,2,False
20174,2024-09-25,3,24,8,False
20175,2024-09-25,3,25,2,False
20176,2024-09-26,1,1,31,False
20177,2024-09-26,1,2,17,False
20178,2024-09-26,1,3,19,False
20179,2024-09-26,1,4,29,False
20180,2024-09-26,1,5,15,False
20181,2024-09-26,1,6,24,False
20182,2024-09-26,1,7,27,False
20183,2024-09-26,1,8,27,False
20184,2024-09-26,1,9,19,False
20185,2024-09-26,1,10,32,False
20186,2024-09-26,1,11,36,False
20187,2024-09-26,1,12,59,True
20188,2024-09-26,1,13,18,False
20189,2024-09-26,1,14,26,False
20190,2024-09-26,1,15,13,False
20191,2024-09-26,1,16,12,False
20192,2024-09-26,1,17,22,False
20193,2024-09-26,1,18,29,False
20194,2024-09-26,1,19,39,False
20195,2024-09-26,1,20,12,False
20196,2024-09-26,1,21,9,False
20197,2024-09-26,1,22,24,False
20198,2024-09-26,1,23,6,False
20199,2024-09-26,1,24,9,False
20200,2024-09-26,1,25,19,False
20201,2024-09-26,2,1,14,False
20202,2024-09-26,2,2,13,False
20203,2024-09-26,2,3,12,False
20204,2024-09-26,2,4,17,False
20205,2024-09-26,2,5,14,False
20206,2024-09-26,2,6,27,False
20207,2024-09-26,2,7,18,False
20208,2024-09-26,2,8,24,False
20209,2024-09-26,2,9,11,False
20210,2024-09-26,2,10,24,False
20211,2024-09-26,2,11,23,False
20212,2024-09-26,2,12,26,False
20213,2024-09-26,2,13,12,False
20214,2024-09-26,2,14,15,False
20215,2024-09-26,2,15,7,False
20216,2024-09-26,2,16,11,False
20217,2024-09-26,2,17,15,False
20218,2024-09-26,2,18,14,False
20219,2024-09-26,2,19,21,False
20220,2024-09-26,2,20,9,False
20221,2024-09-26,2,21,10,False
20222,2024-09-26,2,22,11,False
20223,2024-09-26,2,23,12,False
20224,2024-09-26,2,24,9,False
20225,2024-09-26,2,25,6,False
20226,2024-09-26,3,1,21,False
20227,2024-09-26,3,2,15,False
20228,2024-09-26,3,3,5,False
20229,2024-09-26,3,4,26,True
20230,2024-09-26,3,5,6,True
20231,2024-09-26,3,6,15,False
20232,2024-09-26,3,7,9,False
20233,2024-09-26,3,8,12,False
20234,2024-09-26,3,9,9,False
20235,2024-09-26,3,10,10,False
20236,2024-09-26,3,11,10,False
20237,2024-09-26,3,12,18,False
20238,2024-09-26,3,13,11,False
20239,2024-09-26,3,14,13,False
20240,2024-09-26,3,15,5,False
20241,2024-09-26,3,16,3,False
20242,2024-09-26,3,17,14,False
20243,2024-09-26,3,18,16,False
20244,2024-09-26,3,19,20,False
20245,2024-09-26,3,20,4,False
20246,2024-09-26,3,21,2,False
20247,2024-09-26,3,22,2,False
20248,2024-09-26,3,23,8,False
20249,2024-09-26,3,24,0,False
20250,2024-09-26,3,25,2,False
20251,2024-09-27,1,1,38,False
20252,2024-09-27,1,2,29,False
20253,2024-09-27,1,3,18,False
20254,2024-09-27,1,4,23,False
20255,2024-09-27,1,5,13,False
20256,2024-09-27,1,6,23,False
20257,2024-09-27,1,7,29,False
20258,2024-09-27,1,8,51,True
20259,2024-09-27,1,9,15,False
20260,2024-09-27,1,10,27,False
20261,2024-09-27,1,11,36,False
20262,2024-09-27,1,12,28,False
20263,2024-09-27,1,13,17,False
20264,2024-09-27,1,14,21,False
20265,2024-09-27,1,15,14,False
20266,2024-09-27,1,16,19,False
20267,2024-09-27,1,17,21,False
20268,2024-09-27,1,18,48,True
20269,2024-09-27,1,19,26,False
20270,2024-09-27,1,20,18,False
20271,2024-09-27,1,21,13,False
20272,2024-09-27,1,22,13,False
20273,2024-09-27,1,23,16,True
20274,2024-09-27,1,24,7,False
20275,2024-09-27,1,25,7,False
20276,2024-09-27,2,1,34,False
20277,2024-09-27,2,2,22,False
20278,2024-09-27,2,3,29,True
20279,2024-09-27,2,4,13,False
20280,2024-09-27,2,5,11,False
20281,2024-09-27,2,6,19,False
20282,2024-09-27,2,7,17,False
20283,2024-09-27,2,8,21,False
20284,2024-09-27,2,9,13,False
20285,2024-09-27,2,10,25,False
20286,2024-09-27,2,11,23,False
20287,2024-09-27,2,12,23,False
20288,2024-09-27,2,13,15,False
20289,2024-09-27,2,14,18,False
20290,2024-09-27,2,15,7,False
20291,2024-09-27,2,16,9,False
20292,2024-09-27,2,17,12,False
20293,2024-09-27,2,18,25,False
20294,2024-09-27,2,19,25,False
20295,2024-09-27,2,20,14,False
20296,2024-09-27,2,21,8,False
20297,2024-09-27,2,22,8,False
20298,2024-09-27,2,23,6,False
20299,2024-09-27,2,24,3,False
20300,2024-09-27,2,25,11,False
20301,2024-09-27,3,1,13,False
20302,2024-09-27,3,2,16,False
20303,2024-09-27,3,3,7,False
20304,2024-09-27,3,4,11,False
20305,2024-09-27,3,5,5,False
20306,2024-09-27,3,6,8,False
20307,2024-09-27,3,7,9,False
20308,2024-09-27,3,8,19,False
20309,2024-09-27,3,9,6,False
20310,2024-09-27,3,10,11,False
20311,2024-09-27,3,11,17,False
20312,2024-09-27,3,12,14,False
20313,2024-09-27,3,13,5,False
20314,2024-09-27,3,14,12,False
20315,2024-09-27,3,15,3,False
20316,2024-09-27,3,16,9,False
20317,2024-09-27,3,17,18,True
20318,2024-09-27,3,18,7,False
20319,2024-09-27,3,19,13,False
20320,2024-09-27,3,20,5,False
20321,2024-09-27,3,21,1,False
20322,2024-09-27,3,22,10,False
20323,2024-09-27,3,23,3,False
20324,2024-09-27,3,24,5,False
20325,2024-09-27,3,25,7,False
20326,2024-09-28,1,1,46,False
20327,2024-09-28,1,2,25,False
20328,2024-09-28,1,3,31,False
20329,2024-09-28,1,4,32,False
20330,2024-09-28,1,5,14,False
20331,2024-09-28,1,6,44,False
20332,2024-09-28,1,7,33,False
20333,2024-09-28,1,8,50,False
20334,2024-09-28,1,9,21,False
20335,2024-09-28,1,10,31,False
20336,2024-09-28,1,11,36,False
20337,2024-09-28,1,12,56,True
20338,2024-09-28,1,13,21,False
20339,2024-09-28,1,14,30,False
20340,2024-09-28,1,15,17,False
20341,2024-09-28,1,16,18,False
20342,2024-09-28,1,17,25,False
20343,2024-09-28,1,18,29,False
20344,2024-09-28,1,19,34,False
20345,2024-09-28,1,20,18,False
20346,2024-09-28,1,21,12,False
20347,2024-09-28,1,22,31,True
20348,2024-09-28,1,23,11,False
20349,2024-09-28,1,24,9,False
20350,2024-09-28,1,25,16,False
20351,2024-09-28,2,1,38,False
20352,2024-09-28,2,2,24,False
20353,2024-09-28,2,3,21,False
20354,2024-09-28,2,4,24,False
20355,2024-09-28,2,5,5,False
20356,2024-09-28,2,6,26,False
20357,2024-09-28,2,7,23,False
20358,2024-09-28,2,8,30,False
20359,2024-09-28,2,9,19,False
20360,2024-09-28,2,10,29,False
20361,2024-09-28,2,11,20,False
20362,2024-09-28,2,12,29,False
20363,2024-09-28,2,13,24,False
20364,2024-09-28,2,14,21,False
20365,2024-09-28,2,15,21,True
20366,2024-09-28,2,16,12,False
20367,2024-09-28,2,17,30,False
20368,2024-09-28,2,18,23,False
20369,2024-09-28,2,19,18,False
20370,2024-09-28,2,20,18,False
20371,2024-09-28,2,21,16,True
20372,2024-09-28,2,22,9,False
20373,2024-09-28,2,23,5,False
20374,2024-09-28,2,24,8,False
20375,2024-09-28,2,25,16,False
20376,2024-09-28,3,1,16,False
20377,2024-09-28,3,2,21,False
20378,2024-09-28,3,3,15,False
20379,2024-09-28,3,4,10,False
20380,2024-09-28,3,5,13,False
20381,2024-09-28,3,6,13,False
20382,2024-09-28,3,7,22,False
20383,2024-09-28,3,8,13,False
20384,2024-09-28,3,9,8,False
20385,2024-09-28,3,10,20,False
20386,2024-09-28,3,11,16,False
20387,2024-09-28,3,12,16,False
20388,2024-09-28,3,13,11,False
20389,2024-09-28,3,14,10,False
20390,2024-09-28,3,15,20,False
20391,2024-09-28,3,16,10,False
20392,2024-09-28,3,17,11,False
20393,2024-09-28,3,18,15,False
20394,2024-09-28,3,19,17,False
20395,2024-09-28,3,20,16,False
20396,2024-09-28,3,21,7,False
20397,2024-09-28,3,22,3,False
20398,2024-09-28,3,23,4,False
20399,2024-09-28,3,24,1,False
20400,2024-09-28,3,25,9,False
20401,2024-09-29,1,1,42,False
20402,2024-09-29,1,2,34,False
20403,2024-09-29,1,3,28,False
20404,2024-09-29,1,4,28,False
20405,2024-09-29,1,5,29,False
20406,2024-09-29,1,6,43,False
20407,2024-09-29,1,7,33,False
20408,2024-09-29,1,8,29,False
20409,2024-09-29,1,9,28,False
20410,2024-09-29,1,10,48,False
20411,2024-09-29,1,11,49,False
20412,2024-09-29,1,12,39,False
20413,2024-09-29,1,13,33,False
20414,2024-09-29,1,14,36,False
20415,2024-09-29,1,15,13,False
20416,2024-09-29,1,16,20,False
20417,2024-09-29,1,17,32,False
20418,2024-09-29,1,18,28,False
20419,2024-09-29,1,19,27,False
20420,2024-09-29,1,20,20,False
20421,2024-09-29,1,21,14,False
20422,2024-09-29,1,22,24,False
20423,2024-09-29,1,23,13,False
20424,2024-09-29,1,24,4,False
20425,2024-09-29,1,25,10,False
20426,2024-09-29,2,1,27,False
20427,2024-09-29,2,2,15,False
20428,2024-09-29,2,3,21,False
20429,2024-09-29,2,4,25,False
20430,2024-09-29,2,5,12,False
20431,2024-09-29,2,6,29,False
20432,2024-09-29,2,7,22,False
20433,2024-09-29,2,8,22,False
20434,2024-09-29,2,9,14,False
20435,2024-09-29,2,10,30,False
20436,2024-09-29,2,11,21,False
20437,2024-09-29,2,12,24,False
20438,2024-09-29,2,13,19,False
20439,2024-09-29,2,14,17,False
20440,2024-09-29,2,15,12,False
20441,2024-09-29,2,16,14,False
20442,2024-09-29,2,17,11,False
20443,2024-09-29,2,18,19,False
20444,2024-09-29,2,19,25,False
20445,2024-09-29,2,20,22,True
20446,2024-09-29,2,21,16,False
20447,2024-09-29,2,22,8,False
20448,2024-09-29,2,23,10,False
20449,2024-09-29,2,24,18,True
20450,2024-09-29,2,25,16,False
20451,2024-09-29,3,1,20,False
20452,2024-09-29,3,2,16,False
20453,2024-09-29,3,3,12,False
20454,2024-09-29,3,4,14,False
20455,2024-09-29,3,5,11,False
20456,2024-09-29,3,6,28,False
20457,2024-09-29,3,7,8,False
20458,2024-09-29,3,8,13,False
20459,2024-09-29,3,9,12,False
20460,2024-09-29,3,10,23,False
20461,2024-09-29,3,11,21,False
20462,2024-09-29,3,12,9,False
20463,2024-09-29,3,13,8,False
20464,2024-09-29,3,14,17,False
20465,2024-09-29,3,15,1,False
20466,2024-09-29,3,16,6,False
20467,2024-09-29,3,17,5,False
20468,2024-09-29,3,18,9,False
20469,2024-09-29,3,19,16,False
20470,2024-09-29,3,20,9,False
20471,2024-09-29,3,21,8,False
20472,2024-09-29,3,22,7,False
20473,2024-09-29,3,23,1,False
20474,2024-09-29,3,24,11,False
20475,2024-09-29,3,25,8,False
20476,2024-09-30,1,1,43,False
20477,2024-09-30,1,2,29,False
20478,2024-09-30,1,3,24,False
20479,2024-09-30,1,4,20,False
20480,2024-09-30,1,5,8,False
20481,2024-09-30,1,6,29,False
20482,2024-09-30,1,7,22,False
20483,2024-09-30,1,8,21,False
20484,2024-09-30,1,9,18,False
20485,2024-09-30,1,10,33,False
20486,2024-09-30,1,11,44,False
20487,2024-09-30,1,12,44,False
20488,2024-09-30,1,13,19,False
20489,2024-09-30,1,14,36,False
20490,2024-09-30,1,15,12,False
20491,2024-09-30,1,16,15,False
20492,2024-09-30,1,17,23,False
20493,2024-09-30,1,18,23,False
20494,2024-09-30,1,19,20,False
20495,2024-09-30,1,20,6,False
20496,2024-09-30,1,21,14,False
20497,2024-09-30,1,22,13,False
20498,2024-09-30,1,23,13,False
20499,2024-09-30,1,24,10,False
20500,2024-09-30,1,25,14,False
20501,2024-09-30,2,1,32,False
20502,2024-09-30,2,2,20,False
20503,2024-09-30,2,3,12,False
20504,2024-09-30,2,4,10,False
20505,2024-09-30,2,5,16,False
20506,2024-09-30,2,6,22,False
20507,2024-09-30,2,7,14,False
20508,2024-09-30,2,8,21,False
20509,2024-09-30,2,9,7,False
20510,2024-09-30,2,10,29,False
20511,2024-09-30,2,11,23,False
20512,2024-09-30,2,12,21,False
20513,2024-09-30,2,13,19,False
20514,2024-09-30,2,14,23,False
20515,2024-09-30,2,15,9,False
20516,2024-09-30,2,16,11,False
20517,2024-09-30,2,17,12,False
20518,2024-09-30,2,18,14,False
20519,2024-09-30,2,19,18,False
20520,2024-09-30,2,20,13,False
20521,2024-09-30,2,21,11,False
20522,2024-09-30,2,22,6,False
20523,2024-09-30,2,23,6,False
20524,2024-09-30,2,24,9,False
20525,2024-09-30,2,25,13,False
20526,2024-09-30,3,1,9,False
20527,2024-09-30,3,2,5,False
20528,2024-09-30,3,3,7,False
20529,2024-09-30,3,4,6,False
20530,2024-09-30,3,5,6,False
20531,2024-09-30,3,6,12,False
20532,2024-09-30,3,7,9,False
20533,2024-09-30,3,8,12,False
20534,2024-09-30,3,9,7,False
20535,2024-09-30,3,10,8,False
20536,2024-09-30,3,11,7,False
20537,2024-09-30,3,12,15,False
20538,2024-09-30,3,13,8,False
20539,2024-09-30,3,14,13,False
20540,2024-09-30,3,15,3,False
20541,2024-09-30,3,16,5,False
20542,2024-09-30,3,17,10,False
20543,2024-09-30,3,18,9,False
20544,2024-09-30,3,19,12,False
20545,2024-09-30,3,20,4,False
20546,2024-09-30,3,21,1,False
20547,2024-09-30,3,22,4,False
20548,2024-09-30,3,23,2,False
20549,2024-09-30,3,24,1,False
20550,2024-09-30,3,25,3,False
20551,2024-10-01,1,1,31,False
20552,2024-10-01,1,2,28,False
20553,2024-10-01,1,3,24,False
20554,2024-10-01,1,4,29,False
20555,2024-10-01,1,5,11,False
20556,2024-10-01,1,6,26,False
20557,2024-10-01,1,7,34,False
20558,2024-10-01,1,8,24,False
20559,2024-10-01,1,9,12,False
20560,2024-10-01,1,10,31,False
20561,2024-10-01,1,11,39,False
20562,2024-10-01,1,12,29,False
20563,2024-10-01,1,13,17,False
20564,2024-10-01,1,14,20,False
20565,2024-10-01,1,15,10,False
20566,2024-10-01,1,16,16,False
20567,2024-10-01,1,17,16,False
20568,2024-10-01,1,18,37,True
20569,2024-10-01,1,19,25,False
20570,2024-10-01,1,20,14,False
20571,2024-10-01,1,21,12,False
20572,2024-10-01,1,22,14,False
20573,2024-10-01,1,23,5,False
20574,2024-10-01,1,24,13,False
20575,2024-10-01,1,25,14,False
20576,2024-10-01,2,1,27,False
20577,2024-10-01,2,2,20,False
20578,2024-10-01,2,3,18,False
20579,2024-10-01,2,4,30,False
20580,2024-10-01,2,5,17,False
20581,2024-10-01,2,6,35,True
20582,2024-10-01,2,7,19,False
20583,2024-10-01,2,8,23,False
20584,2024-10-01,2,9,19,False
20585,2024-10-01,2,10,25,False
20586,2024-10-01,2,11,26,False
20587,2024-10-01,2,12,22,False
20588,2024-10-01,2,13,14,False
20589,2024-10-01,2,14,17,False
20590,2024-10-01,2,15,17,True
20591,2024-10-01,2,16,5,False
20592,2024-10-01,2,17,16,False
20593,2024-10-01,2,18,25,False
20594,2024-10-01,2,19,25,False
20595,2024-10-01,2,20,13,False
20596,2024-10-01,2,21,8,False
20597,2024-10-01,2,22,10,False
20598,2024-10-01,2,23,11,False
20599,2024-10-01,2,24,11,False
20600,2024-10-01,2,25,9,False
20601,2024-10-01,3,1,21,False
20602,2024-10-01,3,2,9,False
20603,2024-10-01,3,3,6,False
20604,2024-10-01,3,4,7,False
20605,2024-10-01,3,5,7,False
20606,2024-10-01,3,6,16,False
20607,2024-10-01,3,7,10,False
20608,2024-10-01,3,8,11,False
20609,2024-10-01,3,9,8,False
20610,2024-10-01,3,10,14,False
20611,2024-10-01,3,11,17,False
20612,2024-10-01,3,12,18,False
20613,2024-10-01,3,13,9,False
20614,2024-10-01,3,14,9,False
20615,2024-10-01,3,15,8,False
20616,2024-10-01,3,16,7,False
20617,2024-10-01,3,17,10,False
20618,2024-10-01,3,18,11,False
20619,2024-10-01,3,19,10,False
20620,2024-10-01,3,20,5,False
20621,2024-10-01,3,21,8,False
20622,2024-10-01,3,22,7,False
20623,2024-10-01,3,23,0,False
20624,2024-10-01,3,24,4,False
20625,2024-10-01,3,25,7,False
20626,2024-10-02,1,1,33,False
20627,2024-10-02,1,2,27,False
20628,2024-10-02,1,3,22,False
20629,2024-10-02,1,4,27,False
20630,2024-10-02,1,5,12,False
20631,2024-10-02,1,6,29,False
20632,2024-10-02,1,7,19,False
20633,2024-10-02,1,8,24,False
20634,2024-10-02,1,9,18,False
20635,2024-10-02,1,10,37,False
20636,2024-10-02,1,11,26,False
20637,2024-10-02,1,12,37,False
20638,2024-10-02,1,13,15,False
20639,2024-10-02,1,14,33,False
20640,2024-10-02,1,15,10,False
20641,2024-10-02,1,16,15,False
20642,2024-10-02,1,17,18,False
20643,2024-10-02,1,18,25,False
20644,2024-10-02,1,19,29,False
20645,2024-10-02,1,20,25,False
20646,2024-10-02,1,21,9,False
20647,2024-10-02,1,22,9,False
20648,2024-10-02,1,23,9,False
20649,2024-10-02,1,24,6,False
20650,2024-10-02,1,25,14,False
20651,2024-10-02,2,1,31,False
20652,2024-10-02,2,2,8,False
20653,2024-10-02,2,3,13,False
20654,2024-10-02,2,4,17,False
20655,2024-10-02,2,5,21,False
20656,2024-10-02,2,6,24,False
20657,2024-10-02,2,7,10,False
20658,2024-10-02,2,8,19,False
20659,2024-10-02,2,9,19,False
20660,2024-10-02,2,10,27,False
20661,2024-10-02,2,11,14,False
20662,2024-10-02,2,12,40,False
20663,2024-10-02,2,13,7,False
20664,2024-10-02,2,14,23,False
20665,2024-10-02,2,15,14,False
20666,2024-10-02,2,16,9,False
20667,2024-10-02,2,17,30,True
20668,2024-10-02,2,18,19,False
20669,2024-10-02,2,19,16,False
20670,2024-10-02,2,20,6,False
20671,2024-10-02,2,21,15,True
20672,2024-10-02,2,22,8,False
20673,2024-10-02,2,23,2,False
20674,2024-10-02,2,24,4,False
20675,2024-10-02,2,25,7,False
20676,2024-10-02,3,1,13,False
20677,2024-10-02,3,2,11,False
20678,2024-10-02,3,3,11,False
20679,2024-10-02,3,4,12,False
20680,2024-10-02,3,5,7,False
20681,2024-10-02,3,6,17,False
20682,2024-10-02,3,7,19,False
20683,2024-10-02,3,8,13,False
20684,2024-10-02,3,9,14,False
20685,2024-10-02,3,10,15,False
20686,2024-10-02,3,11,10,False
20687,2024-10-02,3,12,13,False
20688,2024-10-02,3,13,11,False
20689,2024-10-02,3,14,6,False
20690,2024-10-02,3,15,4,False
20691,2024-10-02,3,16,6,False
20692,2024-10-02,3,17,11,False
20693,2024-10-02,3,18,6,False
20694,2024-10-02,3,19,11,False
20695,2024-10-02,3,20,4,False
20696,2024-10-02,3,21,12,False
20697,2024-10-02,3,22,4,False
20698,2024-10-02,3,23,1,False
20699,2024-10-02,3,24,0,False
20700,2024-10-02,3,25,5,False
20701,2024-10-03,1,1,34,False
20702,2024-10-03,1,2,23,False
20703,2024-10-03,1,3,20,False
20704,2024-10-03,1,4,40,True
20705,2024-10-03,1,5,27,False
20706,2024-10-03,1,6,45,True
20707,2024-10-03,1,7,24,False
20708,2024-10-03,1,8,28,False
20709,2024-10-03,1,9,16,False
20710,2024-10-03,1,10,31,False
20711,2024-10-03,1,11,31,False
20712,2024-10-03,1,12,46,False
20713,2024-10-03,1,13,29,False
20714,2024-10-03,1,14,24,False
20715,2024-10-03,1,15,16,False
20716,2024-10-03,1,16,16,False
20717,2024-10-03,1,17,26,False
20718,2024-10-03,1,18,20,False
20719,2024-10-03,1,19,27,False
20720,2024-10-03,1,20,16,False
20721,2024-10-03,1,21,9,False
20722,2024-10-03,1,22,17,False
20723,2024-10-03,1,23,13,False
20724,2024-10-03,1,24,7,False
20725,2024-10-03,1,25,15,False
20726,2024-10-03,2,1,40,False
20727,2024-10-03,2,2,20,False
20728,2024-10-03,2,3,8,False
20729,2024-10-03,2,4,15,False
20730,2024-10-03,2,5,5,False
20731,2024-10-03,2,6,22,False
20732,2024-10-03,2,7,23,False
20733,2024-10-03,2,8,26,False
20734,2024-10-03,2,9,10,False
20735,2024-10-03,2,10,20,False
20736,2024-10-03,2,11,31,False
20737,2024-10-03,2,12,23,False
20738,2024-10-03,2,13,11,False
20739,2024-10-03,2,14,28,False
20740,2024-10-03,2,15,9,False
20741,2024-10-03,2,16,10,False
20742,2024-10-03,2,17,26,True
20743,2024-10-03,2,18,21,False
20744,2024-10-03,2,19,20,False
20745,2024-10-03,2,20,11,False
20746,2024-10-03,2,21,9,False
20747,2024-10-03,2,22,10,False
20748,2024-10-03,2,23,7,False
20749,2024-10-03,2,24,5,False
20750,2024-10-03,2,25,11,False
20751,2024-10-03,3,1,15,False
20752,2024-10-03,3,2,16,True
20753,2024-10-03,3,3,11,False
20754,2024-10-03,3,4,18,False
20755,2024-10-03,3,5,11,False
20756,2024-10-03,3,6,8,False
20757,2024-10-03,3,7,16,False
20758,2024-10-03,3,8,11,False
20759,2024-10-03,3,9,11,False
20760,2024-10-03,3,10,17,False
20761,2024-10-03,3,11,17,False
20762,2024-10-03,3,12,14,False
20763,2024-10-03,3,13,10,False
20764,2024-10-03,3,14,21,True
20765,2024-10-03,3,15,4,False
20766,2024-10-03,3,16,2,False
20767,2024-10-03,3,17,3,False
20768,2024-10-03,3,18,12,True
20769,2024-10-03,3,19,7,False
20770,2024-10-03,3,20,10,False
20771,2024-10-03,3,21,7,False
20772,2024-10-03,3,22,8,False
20773,2024-10-03,3,23,3,False
20774,2024-10-03,3,24,6,False
20775,2024-10-03,3,25,6,False
20776,2024-10-04,1,1,35,False
20777,2024-10-04,1,2,37,False
20778,2024-10-04,1,3,36,True
20779,2024-10-04,1,4,30,False
20780,2024-10-04,1,5,10,False
20781,2024-10-04,1,6,35,False
20782,2024-10-04,1,7,17,False
20783,2024-10-04,1,8,29,False
20784,2024-10-04,1,9,21,False
20785,2024-10-04,1,10,36,False
20786,2024-10-04,1,11,54,True
20787,2024-10-04,1,12,32,False
20788,2024-10-04,1,13,12,False
20789,2024-10-04,1,14,39,True
20790,2024-10-04,1,15,15,False
20791,2024-10-04,1,16,13,False
20792,2024-10-04,1,17,21,False
20793,2024-10-04,1,18,20,False
20794,2024-10-04,1,19,36,False
20795,2024-10-04,1,20,13,False
20796,2024-10-04,1,21,10,False
20797,2024-10-04,1,22,14,False
20798,2024-10-04,1,23,9,False
20799,2024-10-04,1,24,11,False
20800,2024-10-04,1,25,8,False
20801,2024-10-04,2,1,33,False
20802,2024-10-04,2,2,26,False
20803,2024-10-04,2,3,22,False
20804,2024-10-04,2,4,14,False
20805,2024-10-04,2,5,10,False
20806,2024-10-04,2,6,22,False
20807,2024-10-04,2,7,11,False
20808,2024-10-04,2,8,16,False
20809,2024-10-04,2,9,18,False
20810,2024-10-04,2,10,25,False
20811,2024-10-04,2,11,22,False
20812,2024-10-04,2,12,16,False
20813,2024-10-04,2,13,11,False
20814,2024-10-04,2,14,14,False
20815,2024-10-04,2,15,12,True
20816,2024-10-04,2,16,6,False
20817,2024-10-04,2,17,21,False
20818,2024-10-04,2,18,14,False
20819,2024-10-04,2,19,23,False
20820,2024-10-04,2,20,9,False
20821,2024-10-04,2,21,9,False
20822,2024-10-04,2,22,8,False
20823,2024-10-04,2,23,9,False
20824,2024-10-04,2,24,10,False
20825,2024-10-04,2,25,6,False
20826,2024-10-04,3,1,20,False
20827,2024-10-04,3,2,15,False
20828,2024-10-04,3,3,12,False
20829,2024-10-04,3,4,12,False
20830,2024-10-04,3,5,6,False
20831,2024-10-04,3,6,15,False
20832,2024-10-04,3,7,6,False
20833,2024-10-04,3,8,10,False
20834,2024-10-04,3,9,19,False
20835,2024-10-04,3,10,12,False
20836,2024-10-04,3,11,9,False
20837,2024-10-04,3,12,9,False
20838,2024-10-04,3,13,9,False
20839,2024-10-04,3,14,8,False
20840,2024-10-04,3,15,7,False
20841,2024-10-04,3,16,3,False
20842,2024-10-04,3,17,5,False
20843,2024-10-04,3,18,7,False
20844,2024-10-04,3,19,12,False
20845,2024-10-04,3,20,10,False
20846,2024-10-04,3,21,5,False
20847,2024-10-04,3,22,5,False
20848,2024-10-04,3,23,8,False
20849,2024-10-04,3,24,2,False
20850,2024-10-04,3,25,0,False
20851,2024-10-05,1,1,57,False
20852,2024-10-05,1,2,32,False
20853,2024-10-05,1,3,27,False
20854,2024-10-05,1,4,32,False
20855,2024-10-05,1,5,21,False
20856,2024-10-05,1,6,29,False
20857,2024-10-05,1,7,33,False
20858,2024-10-05,1,8,37,False
20859,2024-10-05,1,9,38,True
20860,2024-10-05,1,10,67,True
20861,2024-10-05,1,11,38,False
20862,2024-10-05,1,12,33,False
20863,2024-10-05,1,13,13,False
20864,2024-10-05,1,14,36,True
20865,2024-10-05,1,15,16,False
20866,2024-10-05,1,16,15,False
20867,2024-10-05,1,17,33,False
20868,2024-10-05,1,18,24,False
20869,2024-10-05,1,19,36,False
20870,2024-10-05,1,20,20,False
20871,2024-10-05,1,21,15,False
20872,2024-10-05,1,22,23,False
20873,2024-10-05,1,23,10,False
20874,2024-10-05,1,24,14,False
20875,2024-10-05,1,25,9,False
20876,2024-10-05,2,1,41,False
20877,2024-10-05,2,2,28,False
20878,2024-10-05,2,3,13,False
20879,2024-10-05,2,4,21,False
20880,2024-10-05,2,5,15,False
20881,2024-10-05,2,6,28,False
20882,2024-10-05,2,7,19,False
20883,2024-10-05,2,8,23,False
20884,2024-10-05,2,9,17,False
20885,2024-10-05,2,10,38,False
20886,2024-10-05,2,11,30,False
20887,2024-10-05,2,12,32,False
20888,2024-10-05,2,13,17,False
20889,2024-10-05,2,14,23,False
20890,2024-10-05,2,15,19,False
20891,2024-10-05,2,16,15,False
20892,2024-10-05,2,17,12,False
20893,2024-10-05,2,18,26,False
20894,2024-10-05,2,19,35,False
20895,2024-10-05,2,20,14,False
20896,2024-10-05,2,21,7,False
20897,2024-10-05,2,22,10,False
20898,2024-10-05,2,23,7,False
20899,2024-10-05,2,24,9,False
20900,2024-10-05,2,25,14,False
20901,2024-10-05,3,1,17,False
20902,2024-10-05,3,2,17,False
20903,2024-10-05,3,3,11,False
20904,2024-10-05,3,4,13,False
20905,2024-10-05,3,5,5,False
20906,2024-10-05,3,6,15,False
20907,2024-10-05,3,7,18,False
20908,2024-10-05,3,8,14,False
20909,2024-10-05,3,9,17,False
20910,2024-10-05,3,10,26,True
20911,2024-10-05,3,11,17,False
20912,2024-10-05,3,12,20,False
20913,2024-10-05,3,13,18,False
20914,2024-10-05,3,14,14,False
20915,2024-10-05,3,15,9,True
20916,2024-10-05,3,16,12,False
20917,2024-10-05,3,17,10,False
20918,2024-10-05,3,18,17,False
20919,2024-10-05,3,19,18,False
20920,2024-10-05,3,20,11,False
20921,2024-10-05,3,21,9,False
20922,2024-10-05,3,22,10,True
20923,2024-10-05,3,23,3,False
20924,2024-10-05,3,24,4,False
20925,2024-10-05,3,25,16,False
20926,2024-10-06,1,1,46,False
20927,2024-10-06,1,2,27,False
20928,2024-10-06,1,3,25,False
20929,2024-10-06,1,4,30,False
20930,2024-10-06,1,5,20,False
20931,2024-10-06,1,6,31,False
20932,2024-10-06,1,7,31,False
20933,2024-10-06,1,8,36,False
20934,2024-10-06,1,9,20,False
20935,2024-10-06,1,10,30,False
20936,2024-10-06,1,11,36,False
20937,2024-10-06,1,12,53,False
20938,2024-10-06,1,13,24,False
20939,2024-10-06,1,14,32,False
20940,2024-10-06,1,15,17,False
20941,2024-10-06,1,16,18,False
20942,2024-10-06,1,17,22,False
20943,2024-10-06,1,18,28,False
20944,2024-10-06,1,19,33,False
20945,2024-10-06,1,20,20,False
20946,2024-10-06,1,21,24,False
20947,2024-10-06,1,22,18,False
20948,2024-10-06,1,23,15,False
20949,2024-10-06,1,24,11,False
20950,2024-10-06,1,25,16,False
20951,2024-10-06,2,1,30,False
20952,2024-10-06,2,2,21,False
20953,2024-10-06,2,3,23,False
20954,2024-10-06,2,4,19,False
20955,2024-10-06,2,5,8,False
20956,2024-10-06,2,6,32,False
20957,2024-10-06,2,7,20,False
20958,2024-10-06,2,8,23,False
20959,2024-10-06,2,9,20,False
20960,2024-10-06,2,10,31,False
20961,2024-10-06,2,11,32,False
20962,2024-10-06,2,12,30,False
20963,2024-10-06,2,13,13,False
20964,2024-10-06,2,14,24,False
20965,2024-10-06,2,15,13,False
20966,2024-10-06,2,16,10,False
20967,2024-10-06,2,17,19,False
20968,2024-10-06,2,18,23,False
20969,2024-10-06,2,19,17,False
20970,2024-10-06,2,20,10,False
20971,2024-10-06,2,21,9,False
20972,2024-10-06,2,22,11,False
20973,2024-10-06,2,23,5,False
20974,2024-10-06,2,24,6,False
20975,2024-10-06,2,25,23,False
20976,2024-10-06,3,1,19,False
20977,2024-10-06,3,2,16,False
20978,2024-10-06,3,3,13,False
20979,2024-10-06,3,4,19,False
20980,2024-10-06,3,5,5,False
20981,2024-10-06,3,6,17,False
20982,2024-10-06,3,7,8,False
20983,2024-10-06,3,8,23,False
20984,2024-10-06,3,9,10,False
20985,2024-10-06,3,10,20,False
20986,2024-10-06,3,11,18,False
20987,2024-10-06,3,12,10,False
20988,2024-10-06,3,13,9,False
20989,2024-10-06,3,14,8,False
20990,2024-10-06,3,15,8,False
20991,2024-10-06,3,16,8,False
20992,2024-10-06,3,17,16,False
20993,2024-10-06,3,18,5,False
20994,2024-10-06,3,19,14,False
20995,2024-10-06,3,20,5,False
20996,2024-10-06,3,21,12,False
20997,2024-10-06,3,22,7,False
20998,2024-10-06,3,23,6,False
20999,2024-10-06,3,24,3,False
21000,2024-10-06,3,25,4,False
21001,2024-10-07,1,1,31,False
21002,2024-10-07,1,2,17,False
21003,2024-10-07,1,3,19,False
21004,2024-10-07,1,4,66,True
21005,2024-10-07,1,5,18,False
21006,2024-10-07,1,6,34,False
21007,2024-10-07,1,7,19,False
21008,2024-10-07,1,8,29,False
21009,2024-10-07,1,9,22,False
21010,2024-10-07,1,10,28,False
21011,2024-10-07,1,11,27,False
21012,2024-10-07,1,12,29,False
21013,2024-10-07,1,13,17,False
21014,2024-10-07,1,14,26,False
21015,2024-10-07,1,15,17,False
21016,2024-10-07,1,16,12,False
21017,2024-10-07,1,17,22,False
21018,2024-10-07,1,18,22,False
21019,2024-10-07,1,19,21,False
21020,2024-10-07,1,20,33,True
21021,2024-10-07,1,21,12,False
21022,2024-10-07,1,22,12,False
21023,2024-10-07,1,23,10,False
21024,2024-10-07,1,24,12,False
21025,2024-10-07,1,25,16,False
21026,2024-10-07,2,1,23,False
21027,2024-10-07,2,2,24,False
21028,2024-10-07,2,3,13,False
21029,2024-10-07,2,4,36,True
21030,2024-10-07,2,5,10,False
21031,2024-10-07,2,6,18,False
21032,2024-10-07,2,7,17,False
21033,2024-10-07,2,8,25,False
21034,2024-10-07,2,9,10,False
21035,2024-10-07,2,10,30,False
21036,2024-10-07,2,11,37,False
21037,2024-10-07,2,12,33,False
21038,2024-10-07,2,13,18,False
21039,2024-10-07,2,14,9,False
21040,2024-10-07,2,15,21,False
21041,2024-10-07,2,16,4,False
21042,2024-10-07,2,17,15,False
21043,2024-10-07,2,18,16,False
21044,2024-10-07,2,19,18,False
21045,2024-10-07,2,20,7,False
21046,2024-10-07,2,21,14,False
21047,2024-10-07,2,22,12,False
21048,2024-10-07,2,23,7,False
21049,2024-10-07,2,24,6,False
21050,2024-10-07,2,25,4,False
21051,2024-10-07,3,1,16,False
21052,2024-10-07,3,2,13,False
21053,2024-10-07,3,3,12,False
21054,2024-10-07,3,4,12,False
21055,2024-10-07,3,5,15,True
21056,2024-10-07,3,6,18,False
21057,2024-10-07,3,7,17,False
21058,2024-10-07,3,8,21,True
21059,2024-10-07,3,9,11,False
21060,2024-10-07,3,10,15,False
21061,2024-10-07,3,11,13,False
21062,2024-10-07,3,12,21,False
21063,2024-10-07,3,13,13,False
21064,2024-10-07,3,14,6,False
21065,2024-10-07,3,15,5,False
21066,2024-10-07,3,16,2,False
21067,2024-10-07,3,17,7,False
21068,2024-10-07,3,18,8,False
21069,2024-10-07,3,19,13,False
21070,2024-10-07,3,20,11,False
21071,2024-10-07,3,21,3,False
21072,2024-10-07,3,22,6,False
21073,2024-10-07,3,23,2,False
21074,2024-10-07,3,24,1,False
21075,2024-10-07,3,25,5,False
21076,2024-10-08,1,1,37,False
21077,2024-10-08,1,2,21,False
21078,2024-10-08,1,3,21,False
21079,2024-10-08,1,4,36,False
21080,2024-10-08,1,5,17,False
21081,2024-10-08,1,6,26,False
21082,2024-10-08,1,7,44,True
21083,2024-10-08,1,8,30,False
21084,2024-10-08,1,9,19,False
21085,2024-10-08,1,10,46,True
21086,2024-10-08,1,11,38,False
21087,2024-10-08,1,12,34,False
21088,2024-10-08,1,13,22,False
21089,2024-10-08,1,14,23,False
21090,2024-10-08,1,15,17,False
21091,2024-10-08,1,16,10,False
21092,2024-10-08,1,17,18,False
21093,2024-10-08,1,18,22,False
21094,2024-10-08,1,19,26,False
21095,2024-10-08,1,20,15,False
21096,2024-10-08,1,21,10,False
21097,2024-10-08,1,22,12,False
21098,2024-10-08,1,23,11,False
21099,2024-10-08,1,24,5,False
21100,2024-10-08,1,25,16,False
21101,2024-10-08,2,1,20,False
21102,2024-10-08,2,2,16,False
21103,2024-10-08,2,3,18,False
21104,2024-10-08,2,4,19,False
21105,2024-10-08,2,5,10,False
21106,2024-10-08,2,6,31,True
21107,2024-10-08,2,7,13,False
21108,2024-10-08,2,8,25,False
21109,2024-10-08,2,9,15,False
21110,2024-10-08,2,10,29,False
21111,2024-10-08,2,11,26,False
21112,2024-10-08,2,12,23,False
21113,2024-10-08,2,13,9,False
21114,2024-10-08,2,14,22,False
21115,2024-10-08,2,15,8,False
21116,2024-10-08,2,16,6,False
21117,2024-10-08,2,17,15,False
21118,2024-10-08,2,18,23,False
21119,2024-10-08,2,19,14,False
21120,2024-10-08,2,20,18,False
21121,2024-10-08,2,21,6,False
21122,2024-10-08,2,22,11,False
21123,2024-10-08,2,23,6,False
21124,2024-10-08,2,24,11,False
21125,2024-10-08,2,25,8,False
21126,2024-10-08,3,1,11,False
21127,2024-10-08,3,2,8,False
21128,2024-10-08,3,3,9,False
21129,2024-10-08,3,4,9,False
21130,2024-10-08,3,5,8,False
21131,2024-10-08,3,6,15,False
21132,2024-10-08,3,7,9,False
21133,2024-10-08,3,8,7,False
21134,2024-10-08,3,9,10,False
21135,2024-10-08,3,10,14,False
21136,2024-10-08,3,11,14,False
21137,2024-10-08,3,12,23,True
21138,2024-10-08,3,13,5,False
21139,2024-10-08,3,14,16,True
21140,2024-10-08,3,15,6,False
21141,2024-10-08,3,16,7,False
21142,2024-10-08,3,17,13,False
21143,2024-10-08,3,18,12,False
21144,2024-10-08,3,19,10,False
21145,2024-10-08,3,20,14,True
21146,2024-10-08,3,21,7,False
21147,2024-10-08,3,22,4,False
21148,2024-10-08,3,23,6,False
21149,2024-10-08,3,24,6,False
21150,2024-10-08,3,25,1,False
21151,2024-10-09,1,1,26,False
21152,2024-10-09,1,2,28,False
21153,2024-10-09,1,3,24,False
21154,2024-10-09,1,4,26,False
21155,2024-10-09,1,5,12,False
21156,2024-10-09,1,6,37,False
21157,2024-10-09,1,7,28,False
21158,2024-10-09,1,8,26,False
21159,2024-10-09,1,9,14,False
21160,2024-10-09,1,10,29,False
21161,2024-10-09,1,11,39,False
21162,2024-10-09,1,12,32,False
21163,2024-10-09,1,13,27,False
21164,2024-10-09,1,14,27,False
21165,2024-10-09,1,15,12,False
21166,2024-10-09,1,16,18,False
21167,2024-10-09,1,17,29,False
21168,2024-10-09,1,18,19,False
21169,2024-10-09,1,19,31,False
21170,2024-10-09,1,20,14,False
21171,2024-10-09,1,21,6,False
21172,2024-10-09,1,22,20,False
21173,2024-10-09,1,23,6,False
21174,2024-10-09,1,24,11,False
21175,2024-10-09,1,25,12,False
21176,2024-10-09,2,1,26,False
21177,2024-10-09,2,2,20,False
21178,2024-10-09,2,3,17,False
21179,2024-10-09,2,4,32,False
21180,2024-10-09,2,5,11,False
21181,2024-10-09,2,6,30,False
21182,2024-10-09,2,7,17,False
21183,2024-10-09,2,8,21,False
21184,2024-10-09,2,9,9,False
21185,2024-10-09,2,10,23,False
21186,2024-10-09,2,11,29,False
21187,2024-10-09,2,12,29,False
21188,2024-10-09,2,13,16,False
21189,2024-10-09,2,14,15,False
21190,2024-10-09,2,15,9,False
21191,2024-10-09,2,16,10,False
21192,2024-10-09,2,17,14,False
21193,2024-10-09,2,18,14,False
21194,2024-10-09,2,19,24,False
21195,2024-10-09,2,20,9,False
21196,2024-10-09,2,21,12,False
21197,2024-10-09,2,22,13,False
21198,2024-10-09,2,23,6,False
21199,2024-10-09,2,24,9,False
21200,2024-10-09,2,25,16,True
21201,2024-10-09,3,1,14,False
21202,2024-10-09,3,2,7,False
21203,2024-10-09,3,3,8,False
21204,2024-10-09,3,4,7,False
21205,2024-10-09,3,5,11,False
21206,2024-10-09,3,6,14,False
21207,2024-10-09,3,7,10,False
21208,2024-10-09,3,8,11,False
21209,2024-10-09,3,9,9,False
21210,2024-10-09,3,10,10,False
21211,2024-10-09,3,11,13,False
21212,2024-10-09,3,12,7,False
21213,2024-10-09,3,13,6,False
21214,2024-10-09,3,14,9,False
21215,2024-10-09,3,15,6,False
21216,2024-10-09,3,16,7,True
21217,2024-10-09,3,17,10,False
21218,2024-10-09,3,18,8,False
21219,2024-10-09,3,19,15,False
21220,2024-10-09,3,20,8,False
21221,2024-10-09,3,21,2,False
21222,2024-10-09,3,22,10,False
21223,2024-10-09,3,23,3,False
21224,2024-10-09,3,24,5,True
21225,2024-10-09,3,25,5,False
21226,2024-10-10,1,1,24,False
21227,2024-10-10,1,2,16,False
21228,2024-10-10,1,3,21,False
21229,2024-10-10,1,4,34,False
21230,2024-10-10,1,5,22,False
21231,2024-10-10,1,6,25,False
21232,2024-10-10,1,7,21,False
21233,2024-10-10,1,8,21,False
21234,2024-10-10,1,9,25,False
21235,2024-10-10,1,10,68,True
21236,2024-10-10,1,11,36,False
21237,2024-10-10,1,12,30,False
21238,2024-10-10,1,13,19,False
21239,2024-10-10,1,14,32,False
21240,2024-10-10,1,15,14,False
21241,2024-10-10,1,16,20,True
21242,2024-10-10,1,17,37,False
21243,2024-10-10,1,18,25,False
21244,2024-10-10,1,19,25,False
21245,2024-10-10,1,20,17,True
21246,2024-10-10,1,21,9,False
21247,2024-10-10,1,22,21,False
21248,2024-10-10,1,23,6,False
21249,2024-10-10,1,24,8,False
21250,2024-10-10,1,25,17,False
21251,2024-10-10,2,1,47,True
21252,2024-10-10,2,2,19,False
21253,2024-10-10,2,3,15,False
21254,2024-10-10,2,4,12,False
21255,2024-10-10,2,5,16,False
21256,2024-10-10,2,6,20,False
21257,2024-10-10,2,7,11,False
21258,2024-10-10,2,8,20,False
21259,2024-10-10,2,9,17,False
21260,2024-10-10,2,10,19,False
21261,2024-10-10,2,11,44,True
21262,2024-10-10,2,12,20,False
21263,2024-10-10,2,13,20,True
21264,2024-10-10,2,14,23,False
21265,2024-10-10,2,15,12,False
21266,2024-10-10,2,16,5,False
21267,2024-10-10,2,17,12,False
21268,2024-10-10,2,18,16,False
21269,2024-10-10,2,19,23,False
21270,2024-10-10,2,20,8,False
21271,2024-10-10,2,21,11,False
21272,2024-10-10,2,22,9,False
21273,2024-10-10,2,23,3,False
21274,2024-10-10,2,24,7,False
21275,2024-10-10,2,25,12,False
21276,2024-10-10,3,1,23,True
21277,2024-10-10,3,2,11,False
21278,2024-10-10,3,3,9,False
21279,2024-10-10,3,4,6,False
21280,2024-10-10,3,5,6,False
21281,2024-10-10,3,6,13,False
21282,2024-10-10,3,7,9,False
21283,2024-10-10,3,8,15,False
21284,2024-10-10,3,9,12,False
21285,2024-10-10,3,10,13,False
21286,2024-10-10,3,11,12,False
21287,2024-10-10,3,12,9,False
21288,2024-10-10,3,13,4,False
21289,2024-10-10,3,14,9,False
21290,2024-10-10,3,15,1,False
21291,2024-10-10,3,16,1,False
21292,2024-10-10,3,17,8,False
21293,2024-10-10,3,18,5,False
21294,2024-10-10,3,19,14,False
21295,2024-10-10,3,20,6,False
21296,2024-10-10,3,21,9,False
21297,2024-10-10,3,22,5,False
21298,2024-10-10,3,23,1,False
21299,2024-10-10,3,24,2,False
21300,2024-10-10,3,25,9,False
21301,2024-10-11,1,1,31,False
21302,2024-10-11,1,2,23,False
21303,2024-10-11,1,3,27,False
21304,2024-10-11,1,4,22,False
21305,2024-10-11,1,5,12,False
21306,2024-10-11,1,6,18,False
21307,2024-10-11,1,7,26,False
21308,2024-10-11,1,8,32,False
21309,2024-10-11,1,9,24,False
21310,2024-10-11,1,10,30,False
21311,2024-10-11,1,11,63,True
21312,2024-10-11,1,12,25,False
21313,2024-10-11,1,13,12,False
21314,2024-10-11,1,14,27,False
21315,2024-10-11,1,15,7,False
21316,2024-10-11,1,16,9,False
21317,2024-10-11,1,17,24,False
21318,2024-10-11,1,18,21,False
21319,2024-10-11,1,19,24,False
21320,2024-10-11,1,20,9,False
21321,2024-10-11,1,21,17,False
21322,2024-10-11,1,22,12,False
21323,2024-10-11,1,23,13,False
21324,2024-10-11,1,24,10,False
21325,2024-10-11,1,25,20,False
21326,2024-10-11,2,1,20,False
21327,2024-10-11,2,2,15,False
21328,2024-10-11,2,3,12,False
21329,2024-10-11,2,4,18,False
21330,2024-10-11,2,5,11,False
21331,2024-10-11,2,6,20,False
21332,2024-10-11,2,7,17,False
21333,2024-10-11,2,8,20,False
21334,2024-10-11,2,9,10,False
21335,2024-10-11,2,10,23,False
21336,2024-10-11,2,11,25,False
21337,2024-10-11,2,12,18,False
21338,2024-10-11,2,13,14,False
21339,2024-10-11,2,14,12,False
21340,2024-10-11,2,15,10,False
21341,2024-10-11,2,16,10,True
21342,2024-10-11,2,17,13,False
21343,2024-10-11,2,18,19,False
21344,2024-10-11,2,19,25,False
21345,2024-10-11,2,20,15,False
21346,2024-10-11,2,21,6,False
21347,2024-10-11,2,22,8,False
21348,2024-10-11,2,23,6,False
21349,2024-10-11,2,24,3,False
21350,2024-10-11,2,25,12,False
21351,2024-10-11,3,1,13,False
21352,2024-10-11,3,2,15,True
21353,2024-10-11,3,3,5,False
21354,2024-10-11,3,4,15,False
21355,2024-10-11,3,5,9,False
21356,2024-10-11,3,6,11,False
21357,2024-10-11,3,7,5,False
21358,2024-10-11,3,8,15,False
21359,2024-10-11,3,9,11,False
21360,2024-10-11,3,10,9,False
21361,2024-10-11,3,11,15,False
21362,2024-10-11,3,12,18,False
21363,2024-10-11,3,13,8,False
21364,2024-10-11,3,14,8,False
21365,2024-10-11,3,15,7,False
21366,2024-10-11,3,16,7,False
21367,2024-10-11,3,17,7,False
21368,2024-10-11,3,18,10,False
21369,2024-10-11,3,19,13,False
21370,2024-10-11,3,20,3,False
21371,2024-10-11,3,21,8,False
21372,2024-10-11,3,22,9,False
21373,2024-10-11,3,23,5,False
21374,2024-10-11,3,24,1,False
21375,2024-10-11,3,25,4,False
21376,2024-10-12,1,1,48,False
21377,2024-10-12,1,2,38,False
21378,2024-10-12,1,3,16,False
21379,2024-10-12,1,4,45,False
21380,2024-10-12,1,5,25,False
21381,2024-10-12,1,6,32,False
21382,2024-10-12,1,7,25,False
21383,2024-10-12,1,8,33,False
21384,2024-10-12,1,9,30,False
21385,2024-10-12,1,10,45,False
21386,2024-10-12,1,11,45,False
21387,2024-10-12,1,12,54,False
21388,2024-10-12,1,13,17,False
21389,2024-10-12,1,14,24,False
21390,2024-10-12,1,15,19,False
21391,2024-10-12,1,16,12,False
21392,2024-10-12,1,17,20,False
21393,2024-10-12,1,18,30,False
21394,2024-10-12,1,19,36,False
21395,2024-10-12,1,20,19,False
21396,2024-10-12,1,21,16,False
21397,2024-10-12,1,22,12,False
21398,2024-10-12,1,23,14,False
21399,2024-10-12,1,24,13,True
21400,2024-10-12,1,25,14,False
21401,2024-10-12,2,1,36,False
21402,2024-10-12,2,2,18,False
21403,2024-10-12,2,3,13,False
21404,2024-10-12,2,4,31,False
21405,2024-10-12,2,5,14,False
21406,2024-10-12,2,6,22,False
21407,2024-10-12,2,7,18,False
21408,2024-10-12,2,8,28,False
21409,2024-10-12,2,9,21,False
21410,2024-10-12,2,10,41,False
21411,2024-10-12,2,11,37,False
21412,2024-10-12,2,12,38,False
21413,2024-10-12,2,13,22,False
21414,2024-10-12,2,14,16,False
21415,2024-10-12,2,15,15,False
21416,2024-10-12,2,16,10,False
21417,2024-10-12,2,17,23,False
21418,2024-10-12,2,18,24,False
21419,2024-10-12,2,19,19,False
21420,2024-10-12,2,20,9,False
21421,2024-10-12,2,21,15,False
21422,2024-10-12,2,22,12,False
21423,2024-10-12,2,23,11,False
21424,2024-10-12,2,24,14,False
21425,2024-10-12,2,25,14,False
21426,2024-10-12,3,1,13,False
21427,2024-10-12,3,2,7,False
21428,2024-10-12,3,3,11,False
21429,2024-10-12,3,4,18,False
21430,2024-10-12,3,5,4,False
21431,2024-10-12,3,6,14,False
21432,2024-10-12,3,7,12,False
21433,2024-10-12,3,8,30,True
21434,2024-10-12,3,9,11,False
21435,2024-10-12,3,10,11,False
21436,2024-10-12,3,11,21,False
21437,2024-10-12,3,12,26,False
21438,2024-10-12,3,13,5,False
21439,2024-10-12,3,14,6,False
21440,2024-10-12,3,15,1,False
21441,2024-10-12,3,16,11,False
21442,2024-10-12,3,17,14,False
21443,2024-10-12,3,18,11,False
21444,2024-10-12,3,19,16,False
21445,2024-10-12,3,20,10,False
21446,2024-10-12,3,21,12,False
21447,2024-10-12,3,22,7,False
21448,2024-10-12,3,23,5,False
21449,2024-10-12,3,24,8,False
21450,2024-10-12,3,25,10,False
21451,2024-10-13,1,1,44,False
21452,2024-10-13,1,2,51,False
21453,2024-10-13,1,3,27,False
21454,2024-10-13,1,4,37,False
21455,2024-10-13,1,5,10,False
21456,2024-10-13,1,6,38,False
21457,2024-10-13,1,7,48,True
21458,2024-10-13,1,8,32,False
21459,2024-10-13,1,9,28,False
21460,2024-10-13,1,10,50,False
21461,2024-10-13,1,11,38,False
21462,2024-10-13,1,12,36,False
21463,2024-10-13,1,13,26,False
21464,2024-10-13,1,14,29,False
21465,2024-10-13,1,15,15,False
21466,2024-10-13,1,16,18,False
21467,2024-10-13,1,17,24,False
21468,2024-10-13,1,18,25,False
21469,2024-10-13,1,19,38,False
21470,2024-10-13,1,20,18,False
21471,2024-10-13,1,21,15,False
21472,2024-10-13,1,22,13,False
21473,2024-10-13,1,23,12,False
21474,2024-10-13,1,24,11,False
21475,2024-10-13,1,25,12,False
21476,2024-10-13,2,1,63,True
21477,2024-10-13,2,2,23,False
21478,2024-10-13,2,3,18,False
21479,2024-10-13,2,4,25,False
21480,2024-10-13,2,5,11,False
21481,2024-10-13,2,6,28,False
21482,2024-10-13,2,7,25,False
21483,2024-10-13,2,8,26,False
21484,2024-10-13,2,9,27,False
21485,2024-10-13,2,10,33,False
21486,2024-10-13,2,11,37,False
21487,2024-10-13,2,12,21,False
21488,2024-10-13,2,13,26,True
21489,2024-10-13,2,14,27,False
21490,2024-10-13,2,15,10,False
21491,2024-10-13,2,16,15,False
21492,2024-10-13,2,17,16,False
21493,2024-10-13,2,18,33,False
21494,2024-10-13,2,19,27,False
21495,2024-10-13,2,20,26,True
21496,2024-10-13,2,21,18,False
21497,2024-10-13,2,22,16,False
21498,2024-10-13,2,23,11,False
21499,2024-10-13,2,24,10,False
21500,2024-10-13,2,25,7,False
21501,2024-10-13,3,1,24,False
21502,2024-10-13,3,2,18,False
21503,2024-10-13,3,3,16,False
21504,2024-10-13,3,4,16,False
21505,2024-10-13,3,5,14,False
21506,2024-10-13,3,6,12,False
21507,2024-10-13,3,7,14,False
21508,2024-10-13,3,8,14,False
21509,2024-10-13,3,9,10,False
21510,2024-10-13,3,10,14,False
21511,2024-10-13,3,11,11,False
21512,2024-10-13,3,12,19,False
21513,2024-10-13,3,13,13,False
21514,2024-10-13,3,14,13,False
21515,2024-10-13,3,15,4,False
21516,2024-10-13,3,16,7,False
21517,2024-10-13,3,17,11,False
21518,2024-10-13,3,18,26,False
21519,2024-10-13,3,19,13,False
21520,2024-10-13,3,20,19,True
21521,2024-10-13,3,21,14,True
21522,2024-10-13,3,22,4,False
21523,2024-10-13,3,23,6,False
21524,2024-10-13,3,24,2,False
21525,2024-10-13,3,25,6,False
21526,2024-10-14,1,1,22,False
21527,2024-10-14,1,2,28,False
21528,2024-10-14,1,3,22,False
21529,2024-10-14,1,4,18,False
21530,2024-10-14,1,5,18,False
21531,2024-10-14,1,6,37,False
21532,2024-10-14,1,7,28,False
21533,2024-10-14,1,8,36,False
21534,2024-10-14,1,9,16,False
21535,2024-10-14,1,10,57,False
21536,2024-10-14,1,11,39,False
21537,2024-10-14,1,12,18,False
21538,2024-10-14,1,13,24,False
21539,2024-10-14,1,14,29,False
21540,2024-10-14,1,15,12,False
21541,2024-10-14,1,16,8,False
21542,2024-10-14,1,17,18,False
21543,2024-10-14,1,18,21,False
21544,2024-10-14,1,19,29,False
21545,2024-10-14,1,20,17,False
21546,2024-10-14,1,21,12,False
21547,2024-10-14,1,22,17,False
21548,2024-10-14,1,23,10,False
21549,2024-10-14,1,24,12,False
21550,2024-10-14,1,25,10,False
21551,2024-10-14,2,1,29,False
21552,2024-10-14,2,2,24,False
21553,2024-10-14,2,3,10,False
21554,2024-10-14,2,4,18,False
21555,2024-10-14,2,5,18,False
21556,2024-10-14,2,6,15,False
21557,2024-10-14,2,7,18,False
21558,2024-10-14,2,8,30,False
21559,2024-10-14,2,9,15,False
21560,2024-10-14,2,10,28,False
21561,2024-10-14,2,11,23,False
21562,2024-10-14,2,12,33,False
21563,2024-10-14,2,13,10,False
21564,2024-10-14,2,14,21,False
21565,2024-10-14,2,15,18,False
21566,2024-10-14,2,16,14,False
21567,2024-10-14,2,17,14,False
21568,2024-10-14,2,18,11,False
21569,2024-10-14,2,19,22,False
21570,2024-10-14,2,20,18,False
21571,2024-10-14,2,21,12,False
21572,2024-10-14,2,22,12,False
21573,2024-10-14,2,23,5,False
21574,2024-10-14,2,24,9,False
21575,2024-10-14,2,25,11,False
21576,2024-10-14,3,1,22,False
21577,2024-10-14,3,2,15,True
21578,2024-10-14,3,3,13,False
21579,2024-10-14,3,4,13,False
21580,2024-10-14,3,5,7,False
21581,2024-10-14,3,6,9,False
21582,2024-10-14,3,7,9,False
21583,2024-10-14,3,8,14,False
21584,2024-10-14,3,9,8,False
21585,2024-10-14,3,10,11,False
21586,2024-10-14,3,11,13,False
21587,2024-10-14,3,12,17,False
21588,2024-10-14,3,13,7,False
21589,2024-10-14,3,14,17,True
21590,2024-10-14,3,15,7,False
21591,2024-10-14,3,16,4,False
21592,2024-10-14,3,17,10,False
21593,2024-10-14,3,18,6,False
21594,2024-10-14,3,19,17,False
21595,2024-10-14,3,20,7,False
21596,2024-10-14,3,21,9,False
21597,2024-10-14,3,22,6,False
21598,2024-10-14,3,23,5,False
21599,2024-10-14,3,24,2,False
21600,2024-10-14,3,25,8,False
21601,2024-10-15,1,1,35,False
21602,2024-10-15,1,2,29,True
21603,2024-10-15,1,3,18,False
21604,2024-10-15,1,4,31,False
21605,2024-10-15,1,5,30,True
21606,2024-10-15,1,6,25,False
21607,2024-10-15,1,7,18,False
21608,2024-10-15,1,8,19,False
21609,2024-10-15,1,9,13,False
21610,2024-10-15,1,10,30,False
21611,2024-10-15,1,11,33,False
21612,2024-10-15,1,12,55,True
21613,2024-10-15,1,13,13,False
21614,2024-10-15,1,14,21,False
21615,2024-10-15,1,15,17,False
21616,2024-10-15,1,16,12,False
21617,2024-10-15,1,17,25,False
21618,2024-10-15,1,18,19,False
21619,2024-10-15,1,19,46,True
21620,2024-10-15,1,20,16,True
21621,2024-10-15,1,21,16,False
21622,2024-10-15,1,22,15,False
21623,2024-10-15,1,23,14,False
21624,2024-10-15,1,24,5,False
21625,2024-10-15,1,25,24,True
21626,2024-10-15,2,1,16,False
21627,2024-10-15,2,2,22,False
21628,2024-10-15,2,3,13,False
21629,2024-10-15,2,4,25,False
21630,2024-10-15,2,5,11,False
21631,2024-10-15,2,6,18,False
21632,2024-10-15,2,7,18,False
21633,2024-10-15,2,8,20,False
21634,2024-10-15,2,9,18,False
21635,2024-10-15,2,10,34,False
21636,2024-10-15,2,11,27,False
21637,2024-10-15,2,12,19,False
21638,2024-10-15,2,13,5,False
21639,2024-10-15,2,14,22,False
21640,2024-10-15,2,15,9,False
21641,2024-10-15,2,16,9,False
21642,2024-10-15,2,17,21,False
21643,2024-10-15,2,18,10,False
21644,2024-10-15,2,19,27,False
21645,2024-10-15,2,20,12,False
21646,2024-10-15,2,21,12,False
21647,2024-10-15,2,22,10,False
21648,2024-10-15,2,23,5,False
21649,2024-10-15,2,24,8,False
21650,2024-10-15,2,25,12,False
21651,2024-10-15,3,1,21,False
21652,2024-10-15,3,2,14,False
21653,2024-10-15,3,3,14,False
21654,2024-10-15,3,4,11,False
21655,2024-10-15,3,5,9,False
21656,2024-10-15,3,6,12,False
21657,2024-10-15,3,7,10,False
21658,2024-10-15,3,8,7,False
21659,2024-10-15,3,9,9,False
21660,2024-10-15,3,10,16,False
21661,2024-10-15,3,11,17,False
21662,2024-10-15,3,12,10,False
21663,2024-10-15,3,13,0,False
21664,2024-10-15,3,14,16,False
21665,2024-10-15,3,15,8,False
21666,2024-10-15,3,16,6,False
21667,2024-10-15,3,17,16,False
21668,2024-10-15,3,18,15,False
21669,2024-10-15,3,19,12,False
21670,2024-10-15,3,20,8,False
21671,2024-10-15,3,21,4,False
21672,2024-10-15,3,22,7,False
21673,2024-10-15,3,23,9,False
21674,2024-10-15,3,24,0,False
21675,2024-10-15,3,25,4,False
21676,2024-10-16,1,1,37,False
21677,2024-10-16,1,2,37,False
21678,2024-10-16,1,3,17,False
21679,2024-10-16,1,4,26,False
21680,2024-10-16,1,5,8,False
21681,2024-10-16,1,6,41,False
21682,2024-10-16,1,7,26,False
21683,2024-10-16,1,8,24,False
21684,2024-10-16,1,9,16,False
21685,2024-10-16,1,10,59,True
21686,2024-10-16,1,11,35,False
21687,2024-10-16,1,12,32,False
21688,2024-10-16,1,13,18,False
21689,2024-10-16,1,14,24,False
21690,2024-10-16,1,15,20,False
21691,2024-10-16,1,16,10,False
21692,2024-10-16,1,17,22,False
21693,2024-10-16,1,18,28,False
21694,2024-10-16,1,19,17,False
21695,2024-10-16,1,20,19,True
21696,2024-10-16,1,21,16,False
21697,2024-10-16,1,22,20,False
21698,2024-10-16,1,23,10,False
21699,2024-10-16,1,24,11,False
21700,2024-10-16,1,25,16,False
21701,2024-10-16,2,1,24,False
21702,2024-10-16,2,2,20,False
21703,2024-10-16,2,3,16,False
21704,2024-10-16,2,4,26,False
21705,2024-10-16,2,5,12,False
21706,2024-10-16,2,6,28,False
21707,2024-10-16,2,7,21,False
21708,2024-10-16,2,8,23,False
21709,2024-10-16,2,9,26,False
21710,2024-10-16,2,10,20,False
21711,2024-10-16,2,11,27,False
21712,2024-10-16,2,12,24,False
21713,2024-10-16,2,13,15,False
21714,2024-10-16,2,14,15,False
21715,2024-10-16,2,15,13,False
21716,2024-10-16,2,16,8,False
21717,2024-10-16,2,17,18,False
21718,2024-10-16,2,18,16,False
21719,2024-10-16,2,19,24,False
21720,2024-10-16,2,20,7,False
21721,2024-10-16,2,21,13,False
21722,2024-10-16,2,22,11,False
21723,2024-10-16,2,23,10,False
21724,2024-10-16,2,24,9,False
21725,2024-10-16,2,25,8,False
21726,2024-10-16,3,1,12,False
21727,2024-10-16,3,2,9,False
21728,2024-10-16,3,3,11,False
21729,2024-10-16,3,4,12,False
21730,2024-10-16,3,5,9,False
21731,2024-10-16,3,6,11,False
21732,2024-10-16,3,7,12,False
21733,2024-10-16,3,8,9,False
21734,2024-10-16,3,9,2,False
21735,2024-10-16,3,10,13,False
21736,2024-10-16,3,11,13,False
21737,2024-10-16,3,12,13,False
21738,2024-10-16,3,13,8,False
21739,2024-10-16,3,14,11,False
21740,2024-10-16,3,15,11,False
21741,2024-10-16,3,16,4,False
21742,2024-10-16,3,17,9,False
21743,2024-10-16,3,18,13,False
21744,2024-10-16,3,19,18,False
21745,2024-10-16,3,20,11,False
21746,2024-10-16,3,21,7,False
21747,2024-10-16,3,22,10,False
21748,2024-10-16,3,23,4,False
21749,2024-10-16,3,24,0,False
21750,2024-10-16,3,25,3,False
21751,2024-10-17,1,1,64,True
21752,2024-10-17,1,2,22,False
21753,2024-10-17,1,3,24,False
21754,2024-10-17,1,4,28,False
21755,2024-10-17,1,5,27,False
21756,2024-10-17,1,6,36,False
21757,2024-10-17,1,7,27,False
21758,2024-10-17,1,8,29,False
21759,2024-10-17,1,9,24,False
21760,2024-10-17,1,10,35,False
21761,2024-10-17,1,11,38,False
21762,2024-10-17,1,12,30,False
21763,2024-10-17,1,13,16,False
21764,2024-10-17,1,14,20,False
21765,2024-10-17,1,15,10,False
21766,2024-10-17,1,16,11,False
21767,2024-10-17,1,17,23,False
21768,2024-10-17,1,18,28,False
21769,2024-10-17,1,19,23,False
21770,2024-10-17,1,20,13,False
21771,2024-10-17,1,21,12,False
21772,2024-10-17,1,22,12,False
21773,2024-10-17,1,23,5,False
21774,2024-10-17,1,24,10,False
21775,2024-10-17,1,25,20,False
21776,2024-10-17,2,1,24,False
21777,2024-10-17,2,2,14,False
21778,2024-10-17,2,3,19,False
21779,2024-10-17,2,4,16,False
21780,2024-10-17,2,5,11,False
21781,2024-10-17,2,6,26,False
21782,2024-10-17,2,7,18,False
21783,2024-10-17,2,8,18,False
21784,2024-10-17,2,9,13,False
21785,2024-10-17,2,10,18,False
21786,2024-10-17,2,11,26,False
21787,2024-10-17,2,12,18,False
21788,2024-10-17,2,13,10,False
21789,2024-10-17,2,14,12,False
21790,2024-10-17,2,15,16,True
21791,2024-10-17,2,16,3,False
21792,2024-10-17,2,17,21,False
21793,2024-10-17,2,18,16,False
21794,2024-10-17,2,19,26,False
21795,2024-10-17,2,20,10,False
21796,2024-10-17,2,21,12,False
21797,2024-10-17,2,22,13,False
21798,2024-10-17,2,23,5,False
21799,2024-10-17,2,24,7,False
21800,2024-10-17,2,25,12,False
21801,2024-10-17,3,1,9,False
21802,2024-10-17,3,2,13,False
21803,2024-10-17,3,3,15,True
21804,2024-10-17,3,4,13,False
21805,2024-10-17,3,5,10,False
21806,2024-10-17,3,6,12,False
21807,2024-10-17,3,7,10,False
21808,2024-10-17,3,8,14,False
21809,2024-10-17,3,9,4,False
21810,2024-10-17,3,10,15,False
21811,2024-10-17,3,11,12,False
21812,2024-10-17,3,12,13,False
21813,2024-10-17,3,13,11,True
21814,2024-10-17,3,14,7,False
21815,2024-10-17,3,15,4,False
21816,2024-10-17,3,16,2,False
21817,2024-10-17,3,17,7,False
21818,2024-10-17,3,18,19,True
21819,2024-10-17,3,19,3,False
21820,2024-10-17,3,20,7,False
21821,2024-10-17,3,21,10,False
21822,2024-10-17,3,22,6,False
21823,2024-10-17,3,23,5,False
21824,2024-10-17,3,24,6,False
21825,2024-10-17,3,25,8,False
21826,2024-10-18,1,1,41,False
21827,2024-10-18,1,2,25,False
21828,2024-10-18,1,3,23,False
21829,2024-10-18,1,4,29,False
21830,2024-10-18,1,5,20,True
21831,2024-10-18,1,6,34,False
21832,2024-10-18,1,7,25,False
21833,2024-10-18,1,8,49,True
21834,2024-10-18,1,9,23,False
21835,2024-10-18,1,10,44,False
21836,2024-10-18,1,11,38,False
21837,2024-10-18,1,12,39,False
21838,2024-10-18,1,13,15,False
21839,2024-10-18,1,14,31,False
21840,2024-10-18,1,15,10,False
21841,2024-10-18,1,16,15,False
21842,2024-10-18,1,17,17,False
21843,2024-10-18,1,18,28,False
21844,2024-10-18,1,19,32,False
21845,2024-10-18,1,20,14,False
21846,2024-10-18,1,21,10,False
21847,2024-10-18,1,22,16,False
21848,2024-10-18,1,23,8,False
21849,2024-10-18,1,24,5,False
21850,2024-10-18,1,25,14,False
21851,2024-10-18,2,1,27,False
21852,2024-10-18,2,2,14,False
21853,2024-10-18,2,3,12,False
21854,2024-10-18,2,4,21,False
21855,2024-10-18,2,5,14,False
21856,2024-10-18,2,6,26,False
21857,2024-10-18,2,7,20,False
21858,2024-10-18,2,8,22,False
21859,2024-10-18,2,9,14,False
21860,2024-10-18,2,10,21,False
21861,2024-10-18,2,11,28,False
21862,2024-10-18,2,12,18,False
21863,2024-10-18,2,13,22,True
21864,2024-10-18,2,14,7,False
21865,2024-10-18,2,15,5,False
21866,2024-10-18,2,16,7,False
21867,2024-10-18,2,17,21,False
21868,2024-10-18,2,18,15,False
21869,2024-10-18,2,19,25,False
21870,2024-10-18,2,20,18,False
21871,2024-10-18,2,21,9,False
21872,2024-10-18,2,22,6,False
21873,2024-10-18,2,23,4,False
21874,2024-10-18,2,24,4,False
21875,2024-10-18,2,25,12,False
21876,2024-10-18,3,1,11,False
21877,2024-10-18,3,2,10,False
21878,2024-10-18,3,3,9,False
21879,2024-10-18,3,4,10,False
21880,2024-10-18,3,5,10,False
21881,2024-10-18,3,6,16,False
21882,2024-10-18,3,7,5,False
21883,2024-10-18,3,8,13,False
21884,2024-10-18,3,9,8,False
21885,2024-10-18,3,10,13,False
21886,2024-10-18,3,11,15,False
21887,2024-10-18,3,12,8,False
21888,2024-10-18,3,13,10,False
21889,2024-10-18,3,14,12,False
21890,2024-10-18,3,15,6,False
21891,2024-10-18,3,16,4,False
21892,2024-10-18,3,17,10,False
21893,2024-10-18,3,18,10,False
21894,2024-10-18,3,19,8,False
21895,2024-10-18,3,20,6,False
21896,2024-10-18,3,21,6,False
21897,2024-10-18,3,22,5,False
21898,2024-10-18,3,23,4,False
21899,2024-10-18,3,24,7,False
21900,2024-10-18,3,25,3,False
21901,2024-10-19,1,1,57,True
21902,2024-10-19,1,2,41,False
21903,2024-10-19,1,3,35,False
21904,2024-10-19,1,4,38,False
21905,2024-10-19,1,5,13,False
21906,2024-10-19,1,6,46,False
21907,2024-10-19,1,7,37,False
21908,2024-10-19,1,8,17,False
21909,2024-10-19,1,9,23,False
21910,2024-10-19,1,10,48,False
21911,2024-10-19,1,11,37,False
21912,2024-10-19,1,12,47,False
21913,2024-10-19,1,13,22,False
21914,2024-10-19,1,14,30,False
21915,2024-10-19,1,15,13,False
21916,2024-10-19,1,16,16,False
21917,2024-10-19,1,17,32,False
21918,2024-10-19,1,18,32,False
21919,2024-10-19,1,19,36,False
21920,2024-10-19,1,20,22,False
21921,2024-10-19,1,21,14,False
21922,2024-10-19,1,22,10,False
21923,2024-10-19,1,23,9,False
21924,2024-10-19,1,24,8,False
21925,2024-10-19,1,25,24,False
21926,2024-10-19,2,1,28,False
21927,2024-10-19,2,2,21,False
21928,2024-10-19,2,3,10,False
21929,2024-10-19,2,4,27,False
21930,2024-10-19,2,5,12,False
21931,2024-10-19,2,6,30,False
21932,2024-10-19,2,7,19,False
21933,2024-10-19,2,8,27,False
21934,2024-10-19,2,9,11,False
21935,2024-10-19,2,10,20,False
21936,2024-10-19,2,11,28,False
21937,2024-10-19,2,12,34,False
21938,2024-10-19,2,13,20,False
21939,2024-10-19,2,14,25,False
21940,2024-10-19,2,15,7,False
21941,2024-10-19,2,16,10,False
21942,2024-10-19,2,17,15,False
21943,2024-10-19,2,18,23,False
21944,2024-10-19,2,19,34,False
21945,2024-10-19,2,20,15,False
21946,2024-10-19,2,21,12,False
21947,2024-10-19,2,22,11,False
21948,2024-10-19,2,23,8,False
21949,2024-10-19,2,24,13,False
21950,2024-10-19,2,25,16,False
21951,2024-10-19,3,1,47,True
21952,2024-10-19,3,2,11,False
21953,2024-10-19,3,3,9,False
21954,2024-10-19,3,4,19,False
21955,2024-10-19,3,5,4,False
21956,2024-10-19,3,6,14,False
21957,2024-10-19,3,7,20,False
21958,2024-10-19,3,8,18,False
21959,2024-10-19,3,9,13,False
21960,2024-10-19,3,10,15,False
21961,2024-10-19,3,11,20,False
21962,2024-10-19,3,12,10,False
21963,2024-10-19,3,13,15,False
21964,2024-10-19,3,14,19,False
21965,2024-10-19,3,15,15,False
21966,2024-10-19,3,16,7,False
21967,2024-10-19,3,17,13,False
21968,2024-10-19,3,18,15,False
21969,2024-10-19,3,19,13,False
21970,2024-10-19,3,20,1,False
21971,2024-10-19,3,21,8,False
21972,2024-10-19,3,22,9,False
21973,2024-10-19,3,23,9,False
21974,2024-10-19,3,24,6,True
21975,2024-10-19,3,25,8,False
21976,2024-10-20,1,1,37,False
21977,2024-10-20,1,2,32,False
21978,2024-10-20,1,3,25,False
21979,2024-10-20,1,4,36,False
21980,2024-10-20,1,5,17,False
21981,2024-10-20,1,6,49,True
21982,2024-10-20,1,7,24,False
21983,2024-10-20,1,8,37,False
21984,2024-10-20,1,9,19,False
21985,2024-10-20,1,10,39,False
21986,2024-10-20,1,11,65,True
21987,2024-10-20,1,12,49,False
21988,2024-10-20,1,13,19,False
21989,2024-10-20,1,14,32,False
21990,2024-10-20,1,15,25,False
21991,2024-10-20,1,16,16,False
21992,2024-10-20,1,17,23,False
21993,2024-10-20,1,18,23,False
21994,2024-10-20,1,19,37,False
21995,2024-10-20,1,20,16,False
21996,2024-10-20,1,21,7,False
21997,2024-10-20,1,22,22,False
21998,2024-10-20,1,23,13,False
21999,2024-10-20,1,24,13,False
22000,2024-10-20,1,25,16,False
22001,2024-10-20,2,1,39,False
22002,2024-10-20,2,2,29,False
22003,2024-10-20,2,3,12,False
22004,2024-10-20,2,4,22,False
22005,2024-10-20,2,5,21,False
22006,2024-10-20,2,6,27,False
22007,2024-10-20,2,7,21,False
22008,2024-10-20,2,8,25,False
22009,2024-10-20,2,9,18,False
22010,2024-10-20,2,10,27,False
22011,2024-10-20,2,11,35,False
22012,2024-10-20,2,12,20,False
22013,2024-10-20,2,13,13,False
22014,2024-10-20,2,14,16,False
22015,2024-10-20,2,15,15,False
22016,2024-10-20,2,16,14,False
22017,2024-10-20,2,17,12,False
22018,2024-10-20,2,18,22,False
22019,2024-10-20,2,19,19,False
22020,2024-10-20,2,20,18,False
22021,2024-10-20,2,21,13,False
22022,2024-10-20,2,22,12,False
22023,2024-10-20,2,23,8,False
22024,2024-10-20,2,24,6,False
22025,2024-10-20,2,25,14,False
22026,2024-10-20,3,1,18,False
22027,2024-10-20,3,2,17,False
22028,2024-10-20,3,3,14,False
22029,2024-10-20,3,4,12,False
22030,2024-10-20,3,5,7,False
22031,2024-10-20,3,6,28,True
22032,2024-10-20,3,7,20,False
22033,2024-10-20,3,8,24,False
22034,2024-10-20,3,9,12,False
22035,2024-10-20,3,10,24,True
22036,2024-10-20,3,11,28,True
22037,2024-10-20,3,12,16,False
22038,2024-10-20,3,13,6,False
22039,2024-10-20,3,14,13,False
22040,2024-10-20,3,15,6,False
22041,2024-10-20,3,16,3,False
22042,2024-10-20,3,17,17,False
22043,2024-10-20,3,18,9,False
22044,2024-10-20,3,19,6,False
22045,2024-10-20,3,20,11,False
22046,2024-10-20,3,21,5,False
22047,2024-10-20,3,22,7,False
22048,2024-10-20,3,23,8,False
22049,2024-10-20,3,24,15,False
22050,2024-10-20,3,25,9,False
22051,2024-10-21,1,1,33,False
22052,2024-10-21,1,2,36,False
22053,2024-10-21,1,3,26,False
22054,2024-10-21,1,4,34,False
22055,2024-10-21,1,5,17,False
22056,2024-10-21,1,6,25,False
22057,2024-10-21,1,7,17,False
22058,2024-10-21,1,8,35,False
22059,2024-10-21,1,9,11,False
22060,2024-10-21,1,10,29,False
22061,2024-10-21,1,11,23,False
22062,2024-10-21,1,12,45,True
22063,2024-10-21,1,13,22,True
22064,2024-10-21,1,14,19,False
22065,2024-10-21,1,15,12,False
22066,2024-10-21,1,16,5,False
22067,2024-10-21,1,17,24,False
22068,2024-10-21,1,18,20,False
22069,2024-10-21,1,19,20,False
22070,2024-10-21,1,20,11,False
22071,2024-10-21,1,21,11,False
22072,2024-10-21,1,22,17,False
22073,2024-10-21,1,23,11,False
22074,2024-10-21,1,24,8,False
22075,2024-10-21,1,25,15,False
22076,2024-10-21,2,1,22,False
22077,2024-10-21,2,2,23,False
22078,2024-10-21,2,3,18,True
22079,2024-10-21,2,4,32,False
22080,2024-10-21,2,5,6,False
22081,2024-10-21,2,6,16,False
22082,2024-10-21,2,7,18,False
22083,2024-10-21,2,8,15,False
22084,2024-10-21,2,9,14,False
22085,2024-10-21,2,10,18,False
22086,2024-10-21,2,11,27,False
22087,2024-10-21,2,12,18,False
22088,2024-10-21,2,13,9,False
22089,2024-10-21,2,14,8,False
22090,2024-10-21,2,15,7,False
22091,2024-10-21,2,16,10,False
22092,2024-10-21,2,17,13,False
22093,2024-10-21,2,18,17,False
22094,2024-10-21,2,19,15,False
22095,2024-10-21,2,20,13,False
22096,2024-10-21,2,21,7,False
22097,2024-10-21,2,22,11,False
22098,2024-10-21,2,23,9,False
22099,2024-10-21,2,24,7,False
22100,2024-10-21,2,25,15,False
22101,2024-10-21,3,1,15,False
22102,2024-10-21,3,2,8,False
22103,2024-10-21,3,3,9,False
22104,2024-10-21,3,4,11,False
22105,2024-10-21,3,5,6,False
22106,2024-10-21,3,6,23,True
22107,2024-10-21,3,7,12,False
22108,2024-10-21,3,8,12,False
22109,2024-10-21,3,9,7,False
22110,2024-10-21,3,10,14,False
22111,2024-10-21,3,11,18,False
22112,2024-10-21,3,12,13,False
22113,2024-10-21,3,13,10,False
22114,2024-10-21,3,14,7,False
22115,2024-10-21,3,15,8,False
22116,2024-10-21,3,16,5,False
22117,2024-10-21,3,17,17,True
22118,2024-10-21,3,18,11,False
22119,2024-10-21,3,19,8,False
22120,2024-10-21,3,20,2,False
22121,2024-10-21,3,21,11,False
22122,2024-10-21,3,22,4,False
22123,2024-10-21,3,23,4,False
22124,2024-10-21,3,24,5,False
22125,2024-10-21,3,25,9,False
22126,2024-10-22,1,1,37,False
22127,2024-10-22,1,2,30,False
22128,2024-10-22,1,3,19,False
22129,2024-10-22,1,4,22,False
22130,2024-10-22,1,5,19,False
22131,2024-10-22,1,6,31,False
22132,2024-10-22,1,7,22,False
22133,2024-10-22,1,8,30,False
22134,2024-10-22,1,9,26,False
22135,2024-10-22,1,10,33,False
22136,2024-10-22,1,11,32,False
22137,2024-10-22,1,12,31,False
22138,2024-10-22,1,13,22,False
22139,2024-10-22,1,14,17,False
22140,2024-10-22,1,15,23,True
22141,2024-10-22,1,16,11,False
22142,2024-10-22,1,17,24,False
22143,2024-10-22,1,18,21,False
22144,2024-10-22,1,19,24,False
22145,2024-10-22,1,20,22,False
22146,2024-10-22,1,21,17,False
22147,2024-10-22,1,22,19,False
22148,2024-10-22,1,23,13,False
22149,2024-10-22,1,24,11,False
22150,2024-10-22,1,25,19,False
22151,2024-10-22,2,1,19,False
22152,2024-10-22,2,2,17,False
22153,2024-10-22,2,3,15,False
22154,2024-10-22,2,4,20,False
22155,2024-10-22,2,5,13,False
22156,2024-10-22,2,6,18,False
22157,2024-10-22,2,7,23,True
22158,2024-10-22,2,8,16,False
22159,2024-10-22,2,9,13,False
22160,2024-10-22,2,10,18,False
22161,2024-10-22,2,11,25,False
22162,2024-10-22,2,12,28,False
22163,2024-10-22,2,13,15,False
22164,2024-10-22,2,14,18,False
22165,2024-10-22,2,15,7,False
22166,2024-10-22,2,16,14,False
22167,2024-10-22,2,17,21,False
22168,2024-10-22,2,18,18,False
22169,2024-10-22,2,19,20,False
22170,2024-10-22,2,20,10,False
22171,2024-10-22,2,21,6,False
22172,2024-10-22,2,22,7,False
22173,2024-10-22,2,23,8,False
22174,2024-10-22,2,24,6,False
22175,2024-10-22,2,25,9,False
22176,2024-10-22,3,1,24,False
22177,2024-10-22,3,2,11,False
22178,2024-10-22,3,3,5,False
22179,2024-10-22,3,4,16,True
22180,2024-10-22,3,5,10,False
22181,2024-10-22,3,6,17,False
22182,2024-10-22,3,7,9,False
22183,2024-10-22,3,8,10,False
22184,2024-10-22,3,9,9,False
22185,2024-10-22,3,10,10,False
22186,2024-10-22,3,11,9,False
22187,2024-10-22,3,12,9,False
22188,2024-10-22,3,13,2,False
22189,2024-10-22,3,14,9,False
22190,2024-10-22,3,15,6,False
22191,2024-10-22,3,16,6,False
22192,2024-10-22,3,17,12,False
22193,2024-10-22,3,18,10,False
22194,2024-10-22,3,19,24,True
22195,2024-10-22,3,20,3,False
22196,2024-10-22,3,21,5,False
22197,2024-10-22,3,22,5,False
22198,2024-10-22,3,23,6,False
22199,2024-10-22,3,24,3,False
22200,2024-10-22,3,25,1,False
22201,2024-10-23,1,1,32,False
22202,2024-10-23,1,2,20,False
22203,2024-10-23,1,3,21,False
22204,2024-10-23,1,4,27,False
22205,2024-10-23,1,5,18,True
22206,2024-10-23,1,6,33,False
22207,2024-10-23,1,7,27,False
22208,2024-10-23,1,8,31,False
22209,2024-10-23,1,9,24,False
22210,2024-10-23,1,10,51,True
22211,2024-10-23,1,11,33,False
22212,2024-10-23,1,12,36,False
22213,2024-10-23,1,13,19,False
22214,2024-10-23,1,14,20,False
22215,2024-10-23,1,15,11,False
22216,2024-10-23,1,16,18,False
22217,2024-10-23,1,17,25,False
22218,2024-10-23,1,18,36,True
22219,2024-10-23,1,19,27,False
22220,2024-10-23,1,20,13,False
22221,2024-10-23,1,21,11,False
22222,2024-10-23,1,22,18,False
22223,2024-10-23,1,23,7,False
22224,2024-10-23,1,24,13,True
22225,2024-10-23,1,25,12,False
22226,2024-10-23,2,1,28,False
22227,2024-10-23,2,2,15,True
22228,2024-10-23,2,3,22,False
22229,2024-10-23,2,4,22,False
22230,2024-10-23,2,5,10,False
22231,2024-10-23,2,6,21,False
22232,2024-10-23,2,7,17,False
22233,2024-10-23,2,8,28,False
22234,2024-10-23,2,9,7,False
22235,2024-10-23,2,10,22,False
22236,2024-10-23,2,11,22,False
22237,2024-10-23,2,12,26,False
22238,2024-10-23,2,13,14,False
22239,2024-10-23,2,14,17,False
22240,2024-10-23,2,15,16,False
22241,2024-10-23,2,16,6,False
22242,2024-10-23,2,17,15,False
22243,2024-10-23,2,18,18,False
22244,2024-10-23,2,19,21,False
22245,2024-10-23,2,20,11,False
22246,2024-10-23,2,21,13,False
22247,2024-10-23,2,22,5,False
22248,2024-10-23,2,23,3,False
22249,2024-10-23,2,24,13,False
22250,2024-10-23,2,25,21,False
22251,2024-10-23,3,1,19,False
22252,2024-10-23,3,2,8,False
22253,2024-10-23,3,3,2,False
22254,2024-10-23,3,4,13,False
22255,2024-10-23,3,5,0,False
22256,2024-10-23,3,6,22,False
22257,2024-10-23,3,7,8,False
22258,2024-10-23,3,8,16,False
22259,2024-10-23,3,9,5,False
22260,2024-10-23,3,10,16,False
22261,2024-10-23,3,11,17,False
22262,2024-10-23,3,12,8,False
22263,2024-10-23,3,13,7,False
22264,2024-10-23,3,14,9,False
22265,2024-10-23,3,15,5,False
22266,2024-10-23,3,16,7,False
22267,2024-10-23,3,17,11,False
22268,2024-10-23,3,18,11,False
22269,2024-10-23,3,19,15,False
22270,2024-10-23,3,20,10,True
22271,2024-10-23,3,21,5,False
22272,2024-10-23,3,22,6,False
22273,2024-10-23,3,23,10,True
22274,2024-10-23,3,24,4,False
22275,2024-10-23,3,25,14,False
22276,2024-10-24,1,1,32,False
22277,2024-10-24,1,2,30,False
22278,2024-10-24,1,3,21,False
22279,2024-10-24,1,4,22,False
22280,2024-10-24,1,5,19,False
22281,2024-10-24,1,6,33,False
22282,2024-10-24,1,7,14,False
22283,2024-10-24,1,8,36,False
22284,2024-10-24,1,9,20,False
22285,2024-10-24,1,10,65,True
22286,2024-10-24,1,11,30,False
22287,2024-10-24,1,12,32,False
22288,2024-10-24,1,13,24,False
22289,2024-10-24,1,14,31,False
22290,2024-10-24,1,15,14,False
22291,2024-10-24,1,16,14,False
22292,2024-10-24,1,17,23,False
22293,2024-10-24,1,18,28,False
22294,2024-10-24,1,19,28,False
22295,2024-10-24,1,20,15,False
22296,2024-10-24,1,21,18,False
22297,2024-10-24,1,22,17,False
22298,2024-10-24,1,23,15,False
22299,2024-10-24,1,24,7,False
22300,2024-10-24,1,25,17,False
22301,2024-10-24,2,1,23,False
22302,2024-10-24,2,2,18,False
22303,2024-10-24,2,3,15,False
22304,2024-10-24,2,4,26,False
22305,2024-10-24,2,5,18,False
22306,2024-10-24,2,6,25,False
22307,2024-10-24,2,7,23,False
22308,2024-10-24,2,8,22,False
22309,2024-10-24,2,9,15,False
22310,2024-10-24,2,10,30,False
22311,2024-10-24,2,11,23,False
22312,2024-10-24,2,12,20,False
22313,2024-10-24,2,13,20,True
22314,2024-10-24,2,14,21,False
22315,2024-10-24,2,15,12,False
22316,2024-10-24,2,16,12,False
22317,2024-10-24,2,17,10,False
22318,2024-10-24,2,18,14,False
22319,2024-10-24,2,19,18,False
22320,2024-10-24,2,20,20,True
22321,2024-10-24,2,21,9,False
22322,2024-10-24,2,22,9,False
22323,2024-10-24,2,23,8,False
22324,2024-10-24,2,24,4,False
22325,2024-10-24,2,25,12,False
22326,2024-10-24,3,1,20,True
22327,2024-10-24,3,2,11,False
22328,2024-10-24,3,3,10,False
22329,2024-10-24,3,4,15,False
22330,2024-10-24,3,5,6,False
22331,2024-10-24,3,6,17,False
22332,2024-10-24,3,7,1,False
22333,2024-10-24,3,8,10,False
22334,2024-10-24,3,9,8,False
22335,2024-10-24,3,10,19,True
22336,2024-10-24,3,11,14,False
22337,2024-10-24,3,12,12,False
22338,2024-10-24,3,13,7,False
22339,2024-10-24,3,14,6,False
22340,2024-10-24,3,15,1,False
22341,2024-10-24,3,16,8,False
22342,2024-10-24,3,17,12,False
22343,2024-10-24,3,18,9,False
22344,2024-10-24,3,19,14,False
22345,2024-10-24,3,20,14,True
22346,2024-10-24,3,21,2,False
22347,2024-10-24,3,22,6,False
22348,2024-10-24,3,23,5,False
22349,2024-10-24,3,24,0,False
22350,2024-10-24,3,25,5,False
22351,2024-10-25,1,1,27,False
22352,2024-10-25,1,2,38,False
22353,2024-10-25,1,3,21,False
22354,2024-10-25,1,4,32,False
22355,2024-10-25,1,5,19,False
22356,2024-10-25,1,6,26,False
22357,2024-10-25,1,7,18,False
22358,2024-10-25,1,8,35,False
22359,2024-10-25,1,9,11,False
22360,2024-10-25,1,10,31,False
22361,2024-10-25,1,11,25,False
22362,2024-10-25,1,12,26,False
22363,2024-10-25,1,13,14,False
22364,2024-10-25,1,14,27,False
22365,2024-10-25,1,15,16,False
22366,2024-10-25,1,16,11,False
22367,2024-10-25,1,17,19,False
22368,2024-10-25,1,18,34,False
22369,2024-10-25,1,19,28,False
22370,2024-10-25,1,20,16,False
22371,2024-10-25,1,21,16,False
22372,2024-10-25,1,22,22,False
22373,2024-10-25,1,23,5,False
22374,2024-10-25,1,24,7,False
22375,2024-10-25,1,25,17,False
22376,2024-10-25,2,1,25,False
22377,2024-10-25,2,2,28,True
22378,2024-10-25,2,3,8,False
22379,2024-10-25,2,4,20,False
22380,2024-10-25,2,5,10,False
22381,2024-10-25,2,6,24,False
22382,2024-10-25,2,7,22,False
22383,2024-10-25,2,8,15,False
22384,2024-10-25,2,9,12,False
22385,2024-10-25,2,10,23,False
22386,2024-10-25,2,11,29,False
22387,2024-10-25,2,12,24,False
22388,2024-10-25,2,13,14,False
22389,2024-10-25,2,14,34,True
22390,2024-10-25,2,15,13,False
22391,2024-10-25,2,16,10,False
22392,2024-10-25,2,17,16,False
22393,2024-10-25,2,18,11,False
22394,2024-10-25,2,19,17,False
22395,2024-10-25,2,20,16,False
22396,2024-10-25,2,21,10,False
22397,2024-10-25,2,22,6,False
22398,2024-10-25,2,23,6,False
22399,2024-10-25,2,24,9,False
22400,2024-10-25,2,25,5,False
22401,2024-10-25,3,1,15,False
22402,2024-10-25,3,2,10,False
22403,2024-10-25,3,3,10,False
22404,2024-10-25,3,4,15,False
22405,2024-10-25,3,5,5,False
22406,2024-10-25,3,6,10,False
22407,2024-10-25,3,7,7,False
22408,2024-10-25,3,8,13,False
22409,2024-10-25,3,9,5,False
22410,2024-10-25,3,10,12,False
22411,2024-10-25,3,11,18,False
22412,2024-10-25,3,12,14,False
22413,2024-10-25,3,13,8,False
22414,2024-10-25,3,14,13,False
22415,2024-10-25,3,15,5,True
22416,2024-10-25,3,16,3,False
22417,2024-10-25,3,17,11,False
22418,2024-10-25,3,18,4,False
22419,2024-10-25,3,19,13,False
22420,2024-10-25,3,20,5,False
22421,2024-10-25,3,21,5,False
22422,2024-10-25,3,22,4,False
22423,2024-10-25,3,23,0,False
22424,2024-10-25,3,24,6,False
22425,2024-10-25,3,25,6,False
22426,2024-10-26,1,1,33,False
22427,2024-10-26,1,2,31,False
22428,2024-10-26,1,3,16,False
22429,2024-10-26,1,4,32,False
22430,2024-10-26,1,5,31,True
22431,2024-10-26,1,6,39,False
22432,2024-10-26,1,7,34,False
22433,2024-10-26,1,8,36,False
22434,2024-10-26,1,9,20,False
22435,2024-10-26,1,10,41,False
22436,2024-10-26,1,11,55,False
22437,2024-10-26,1,12,43,False
22438,2024-10-26,1,13,20,False
22439,2024-10-26,1,14,22,False
22440,2024-10-26,1,15,21,False
22441,2024-10-26,1,16,13,False
22442,2024-10-26,1,17,29,False
22443,2024-10-26,1,18,27,False
22444,2024-10-26,1,19,36,False
22445,2024-10-26,1,20,16,False
22446,2024-10-26,1,21,19,False
22447,2024-10-26,1,22,13,False
22448,2024-10-26,1,23,17,False
22449,2024-10-26,1,24,8,False
22450,2024-10-26,1,25,12,False
22451,2024-10-26,2,1,31,False
22452,2024-10-26,2,2,19,False
22453,2024-10-26,2,3,16,False
22454,2024-10-26,2,4,29,False
22455,2024-10-26,2,5,20,False
22456,2024-10-26,2,6,25,False
22457,2024-10-26,2,7,17,False
22458,2024-10-26,2,8,26,False
22459,2024-10-26,2,9,17,False
22460,2024-10-26,2,10,35,False
22461,2024-10-26,2,11,38,False
22462,2024-10-26,2,12,26,False
22463,2024-10-26,2,13,24,False
22464,2024-10-26,2,14,21,False
22465,2024-10-26,2,15,21,False
22466,2024-10-26,2,16,14,False
22467,2024-10-26,2,17,23,False
22468,2024-10-26,2,18,22,False
22469,2024-10-26,2,19,17,False
22470,2024-10-26,2,20,15,False
22471,2024-10-26,2,21,10,False
22472,2024-10-26,2,22,11,False
22473,2024-10-26,2,23,11,False
22474,2024-10-26,2,24,7,False
22475,2024-10-26,2,25,12,False
22476,2024-10-26,3,1,37,True
22477,2024-10-26,3,2,18,True
22478,2024-10-26,3,3,2,False
22479,2024-10-26,3,4,13,False
22480,2024-10-26,3,5,10,False
22481,2024-10-26,3,6,13,False
22482,2024-10-26,3,7,19,False
22483,2024-10-26,3,8,13,False
22484,2024-10-26,3,9,15,False
22485,2024-10-26,3,10,19,False
22486,2024-10-26,3,11,27,False
22487,2024-10-26,3,12,15,False
22488,2024-10-26,3,13,14,False
22489,2024-10-26,3,14,9,False
22490,2024-10-26,3,15,5,False
22491,2024-10-26,3,16,11,False
22492,2024-10-26,3,17,14,False
22493,2024-10-26,3,18,10,False
22494,2024-10-26,3,19,8,False
22495,2024-10-26,3,20,11,False
22496,2024-10-26,3,21,2,False
22497,2024-10-26,3,22,7,False
22498,2024-10-26,3,23,3,False
22499,2024-10-26,3,24,2,False
22500,2024-10-26,3,25,6,False
22501,2024-10-27,1,1,56,False
22502,2024-10-27,1,2,27,False
22503,2024-10-27,1,3,31,False
22504,2024-10-27,1,4,24,False
22505,2024-10-27,1,5,25,False
22506,2024-10-27,1,6,27,False
22507,2024-10-27,1,7,36,False
22508,2024-10-27,1,8,23,False
22509,2024-10-27,1,9,23,False
22510,2024-10-27,1,10,49,False
22511,2024-10-27,1,11,41,False
22512,2024-10-27,1,12,48,False
22513,2024-10-27,1,13,18,False
22514,2024-10-27,1,14,32,False
22515,2024-10-27,1,15,24,False
22516,2024-10-27,1,16,9,False
22517,2024-10-27,1,17,30,False
22518,2024-10-27,1,18,28,False
22519,2024-10-27,1,19,51,True
22520,2024-10-27,1,20,15,False
22521,2024-10-27,1,21,13,False
22522,2024-10-27,1,22,17,False
22523,2024-10-27,1,23,12,False
22524,2024-10-27,1,24,12,False
22525,2024-10-27,1,25,28,False
22526,2024-10-27,2,1,32,False
22527,2024-10-27,2,2,42,True
22528,2024-10-27,2,3,16,False
22529,2024-10-27,2,4,25,False
22530,2024-10-27,2,5,16,False
22531,2024-10-27,2,6,28,False
22532,2024-10-27,2,7,19,False
22533,2024-10-27,2,8,30,False
22534,2024-10-27,2,9,25,False
22535,2024-10-27,2,10,21,False
22536,2024-10-27,2,11,36,False
22537,2024-10-27,2,12,50,False
22538,2024-10-27,2,13,20,False
22539,2024-10-27,2,14,21,False
22540,2024-10-27,2,15,13,False
22541,2024-10-27,2,16,13,False
22542,2024-10-27,2,17,23,False
22543,2024-10-27,2,18,20,False
22544,2024-10-27,2,19,28,False
22545,2024-10-27,2,20,10,False
22546,2024-10-27,2,21,14,False
22547,2024-10-27,2,22,14,False
22548,2024-10-27,2,23,9,False
22549,2024-10-27,2,24,11,False
22550,2024-10-27,2,25,10,False
22551,2024-10-27,3,1,14,False
22552,2024-10-27,3,2,18,False
22553,2024-10-27,3,3,6,False
22554,2024-10-27,3,4,11,False
22555,2024-10-27,3,5,7,False
22556,2024-10-27,3,6,15,False
22557,2024-10-27,3,7,15,False
22558,2024-10-27,3,8,16,False
22559,2024-10-27,3,9,11,False
22560,2024-10-27,3,10,20,False
22561,2024-10-27,3,11,12,False
22562,2024-10-27,3,12,16,False
22563,2024-10-27,3,13,8,False
22564,2024-10-27,3,14,15,False
22565,2024-10-27,3,15,7,False
22566,2024-10-27,3,16,8,False
22567,2024-10-27,3,17,7,False
22568,2024-10-27,3,18,15,False
22569,2024-10-27,3,19,15,False
22570,2024-10-27,3,20,6,False
22571,2024-10-27,3,21,7,False
22572,2024-10-27,3,22,6,False
22573,2024-10-27,3,23,4,False
22574,2024-10-27,3,24,3,False
22575,2024-10-27,3,25,8,False
22576,2024-10-28,1,1,39,False
22577,2024-10-28,1,2,27,False
22578,2024-10-28,1,3,15,False
22579,2024-10-28,1,4,48,True
22580,2024-10-28,1,5,16,False
22581,2024-10-28,1,6,32,False
22582,2024-10-28,1,7,17,False
22583,2024-10-28,1,8,32,False
22584,2024-10-28,1,9,22,False
22585,2024-10-28,1,10,44,False
22586,2024-10-28,1,11,38,False
22587,2024-10-28,1,12,33,False
22588,2024-10-28,1,13,27,False
22589,2024-10-28,1,14,20,False
22590,2024-10-28,1,15,21,False
22591,2024-10-28,1,16,9,False
22592,2024-10-28,1,17,23,False
22593,2024-10-28,1,18,27,False
22594,2024-10-28,1,19,25,False
22595,2024-10-28,1,20,27,True
22596,2024-10-28,1,21,9,False
22597,2024-10-28,1,22,16,False
22598,2024-10-28,1,23,5,False
22599,2024-10-28,1,24,8,False
22600,2024-10-28,1,25,8,False
22601,2024-10-28,2,1,25,False
22602,2024-10-28,2,2,16,False
22603,2024-10-28,2,3,10,False
22604,2024-10-28,2,4,19,False
22605,2024-10-28,2,5,15,False
22606,2024-10-28,2,6,24,False
22607,2024-10-28,2,7,23,False
22608,2024-10-28,2,8,12,False
22609,2024-10-28,2,9,15,False
22610,2024-10-28,2,10,29,False
22611,2024-10-28,2,11,25,False
22612,2024-10-28,2,12,23,False
22613,2024-10-28,2,13,10,False
22614,2024-10-28,2,14,22,False
22615,2024-10-28,2,15,5,False
22616,2024-10-28,2,16,14,False
22617,2024-10-28,2,17,18,False
22618,2024-10-28,2,18,19,False
22619,2024-10-28,2,19,18,False
22620,2024-10-28,2,20,10,False
22621,2024-10-28,2,21,11,True
22622,2024-10-28,2,22,11,False
22623,2024-10-28,2,23,6,False
22624,2024-10-28,2,24,12,False
22625,2024-10-28,2,25,9,False
22626,2024-10-28,3,1,20,False
22627,2024-10-28,3,2,13,False
22628,2024-10-28,3,3,12,False
22629,2024-10-28,3,4,10,False
22630,2024-10-28,3,5,7,False
22631,2024-10-28,3,6,14,False
22632,2024-10-28,3,7,14,False
22633,2024-10-28,3,8,10,False
22634,2024-10-28,3,9,9,False
22635,2024-10-28,3,10,19,False
22636,2024-10-28,3,11,13,False
22637,2024-10-28,3,12,13,False
22638,2024-10-28,3,13,3,False
22639,2024-10-28,3,14,7,False
22640,2024-10-28,3,15,4,False
22641,2024-10-28,3,16,0,False
22642,2024-10-28,3,17,11,False
22643,2024-10-28,3,18,7,False
22644,2024-10-28,3,19,9,False
22645,2024-10-28,3,20,4,False
22646,2024-10-28,3,21,6,False
22647,2024-10-28,3,22,8,False
22648,2024-10-28,3,23,7,False
22649,2024-10-28,3,24,2,False
22650,2024-10-28,3,25,15,False
22651,2024-10-29,1,1,49,False
22652,2024-10-29,1,2,27,False
22653,2024-10-29,1,3,22,False
22654,2024-10-29,1,4,23,False
22655,2024-10-29,1,5,14,False
22656,2024-10-29,1,6,34,False
22657,2024-10-29,1,7,27,False
22658,2024-10-29,1,8,22,False
22659,2024-10-29,1,9,20,False
22660,2024-10-29,1,10,33,False
22661,2024-10-29,1,11,29,False
22662,2024-10-29,1,12,33,False
22663,2024-10-29,1,13,18,False
22664,2024-10-29,1,14,23,False
22665,2024-10-29,1,15,11,False
22666,2024-10-29,1,16,12,False
22667,2024-10-29,1,17,14,False
22668,2024-10-29,1,18,25,False
22669,2024-10-29,1,19,42,True
22670,2024-10-29,1,20,26,False
22671,2024-10-29,1,21,10,False
22672,2024-10-29,1,22,18,False
22673,2024-10-29,1,23,16,False
22674,2024-10-29,1,24,8,False
22675,2024-10-29,1,25,15,False
22676,2024-10-29,2,1,42,True
22677,2024-10-29,2,2,20,False
22678,2024-10-29,2,3,8,False
22679,2024-10-29,2,4,31,False
22680,2024-10-29,2,5,11,False
22681,2024-10-29,2,6,19,False
22682,2024-10-29,2,7,12,False
22683,2024-10-29,2,8,31,False
22684,2024-10-29,2,9,20,False
22685,2024-10-29,2,10,22,False
22686,2024-10-29,2,11,25,False
22687,2024-10-29,2,12,32,True
22688,2024-10-29,2,13,9,False
22689,2024-10-29,2,14,21,False
22690,2024-10-29,2,15,12,False
22691,2024-10-29,2,16,11,False
22692,2024-10-29,2,17,10,False
22693,2024-10-29,2,18,20,False
22694,2024-10-29,2,19,12,False
22695,2024-10-29,2,20,14,False
22696,2024-10-29,2,21,8,False
22697,2024-10-29,2,22,16,False
22698,2024-10-29,2,23,7,False
22699,2024-10-29,2,24,6,False
22700,2024-10-29,2,25,15,False
22701,2024-10-29,3,1,18,False
22702,2024-10-29,3,2,17,False
22703,2024-10-29,3,3,10,False
22704,2024-10-29,3,4,10,False
22705,2024-10-29,3,5,10,False
22706,2024-10-29,3,6,14,False
22707,2024-10-29,3,7,5,False
22708,2024-10-29,3,8,17,False
22709,2024-10-29,3,9,16,False
22710,2024-10-29,3,10,12,False
22711,2024-10-29,3,11,18,False
22712,2024-10-29,3,12,5,False
22713,2024-10-29,3,13,9,False
22714,2024-10-29,3,14,11,False
22715,2024-10-29,3,15,7,False
22716,2024-10-29,3,16,10,False
22717,2024-10-29,3,17,17,False
22718,2024-10-29,3,18,10,False
22719,2024-10-29,3,19,12,False
22720,2024-10-29,3,20,8,False
22721,2024-10-29,3,21,8,False
22722,2024-10-29,3,22,8,False
22723,2024-10-29,3,23,4,False
22724,2024-10-29,3,24,5,False
22725,2024-10-29,3,25,7,False
22726,2024-10-30,1,1,38,False
22727,2024-10-30,1,2,27,False
22728,2024-10-30,1,3,12,False
22729,2024-10-30,1,4,31,False
22730,2024-10-30,1,5,16,False
22731,2024-10-30,1,6,33,False
22732,2024-10-30,1,7,21,False
22733,2024-10-30,1,8,35,False
22734,2024-10-30,1,9,20,False
22735,2024-10-30,1,10,27,False
22736,2024-10-30,1,11,55,True
22737,2024-10-30,1,12,63,True
22738,2024-10-30,1,13,17,False
22739,2024-10-30,1,14,18,False
22740,2024-10-30,1,15,10,False
22741,2024-10-30,1,16,14,False
22742,2024-10-30,1,17,28,False
22743,2024-10-30,1,18,42,True
22744,2024-10-30,1,19,23,False
22745,2024-10-30,1,20,15,False
22746,2024-10-30,1,21,9,False
22747,2024-10-30,1,22,14,False
22748,2024-10-30,1,23,10,False
22749,2024-10-30,1,24,14,True
22750,2024-10-30,1,25,16,False
22751,2024-10-30,2,1,19,False
22752,2024-10-30,2,2,15,False
22753,2024-10-30,2,3,19,False
22754,2024-10-30,2,4,20,False
22755,2024-10-30,2,5,10,False
22756,2024-10-30,2,6,20,False
22757,2024-10-30,2,7,13,False
22758,2024-10-30,2,8,23,False
22759,2024-10-30,2,9,14,False
22760,2024-10-30,2,10,27,False
22761,2024-10-30,2,11,24,False
22762,2024-10-30,2,12,25,False
22763,2024-10-30,2,13,19,False
22764,2024-10-30,2,14,12,False
22765,2024-10-30,2,15,11,False
22766,2024-10-30,2,16,2,False
22767,2024-10-30,2,17,17,False
22768,2024-10-30,2,18,15,False
22769,2024-10-30,2,19,24,False
22770,2024-10-30,2,20,5,False
22771,2024-10-30,2,21,14,False
22772,2024-10-30,2,22,15,False
22773,2024-10-30,2,23,6,False
22774,2024-10-30,2,24,2,False
22775,2024-10-30,2,25,8,False
22776,2024-10-30,3,1,13,False
22777,2024-10-30,3,2,11,False
22778,2024-10-30,3,3,7,False
22779,2024-10-30,3,4,12,False
22780,2024-10-30,3,5,7,False
22781,2024-10-30,3,6,18,False
22782,2024-10-30,3,7,16,False
22783,2024-10-30,3,8,6,False
22784,2024-10-30,3,9,11,False
22785,2024-10-30,3,10,14,False
22786,2024-10-30,3,11,14,False
22787,2024-10-30,3,12,13,False
22788,2024-10-30,3,13,4,False
22789,2024-10-30,3,14,10,False
22790,2024-10-30,3,15,4,False
22791,2024-10-30,3,16,13,True
22792,2024-10-30,3,17,13,False
22793,2024-10-30,3,18,13,False
22794,2024-10-30,3,19,15,False
22795,2024-10-30,3,20,5,False
22796,2024-10-30,3,21,6,False
22797,2024-10-30,3,22,8,False
22798,2024-10-30,3,23,0,False
22799,2024-10-30,3,24,6,True
22800,2024-10-30,3,25,4,False
22801,2024-10-31,1,1,39,False
22802,2024-10-31,1,2,27,False
22803,2024-10-31,1,3,21,False
22804,2024-10-31,1,4,32,False
22805,2024-10-31,1,5,14,False
22806,2024-10-31,1,6,21,False
22807,2024-10-31,1,7,30,False
22808,2024-10-31,1,8,29,False
22809,2024-10-31,1,9,17,False
22810,2024-10-31,1,10,37,False
22811,2024-10-31,1,11,35,False
22812,2024-10-31,1,12,36,False
22813,2024-10-31,1,13,22,False
22814,2024-10-31,1,14,29,False
22815,2024-10-31,1,15,18,False
22816,2024-10-31,1,16,17,False
22817,2024-10-31,1,17,20,False
22818,2024-10-31,1,18,25,False
22819,2024-10-31,1,19,22,False
22820,2024-10-31,1,20,22,False
22821,2024-10-31,1,21,10,False
22822,2024-10-31,1,22,17,False
22823,2024-10-31,1,23,6,False
22824,2024-10-31,1,24,10,False
22825,2024-10-31,1,25,12,False
22826,2024-10-31,2,1,25,False
22827,2024-10-31,2,2,19,False
22828,2024-10-31,2,3,16,False
22829,2024-10-31,2,4,16,False
22830,2024-10-31,2,5,10,False
22831,2024-10-31,2,6,22,False
22832,2024-10-31,2,7,25,False
22833,2024-10-31,2,8,17,False
22834,2024-10-31,2,9,18,False
22835,2024-10-31,2,10,18,False
22836,2024-10-31,2,11,30,True
22837,2024-10-31,2,12,25,False
22838,2024-10-31,2,13,14,False
22839,2024-10-31,2,14,12,False
22840,2024-10-31,2,15,13,False
22841,2024-10-31,2,16,16,False
22842,2024-10-31,2,17,22,False
22843,2024-10-31,2,18,17,False
22844,2024-10-31,2,19,15,False
22845,2024-10-31,2,20,8,False
22846,2024-10-31,2,21,10,False
22847,2024-10-31,2,22,14,False
22848,2024-10-31,2,23,8,False
22849,2024-10-31,2,24,7,False
22850,2024-10-31,2,25,11,False
22851,2024-10-31,3,1,13,False
22852,2024-10-31,3,2,10,False
22853,2024-10-31,3,3,11,False
22854,2024-10-31,3,4,14,False
22855,2024-10-31,3,5,2,False
22856,2024-10-31,3,6,14,False
22857,2024-10-31,3,7,11,False
22858,2024-10-31,3,8,12,False
22859,2024-10-31,3,9,13,False
22860,2024-10-31,3,10,7,False
22861,2024-10-31,3,11,17,False
22862,2024-10-31,3,12,12,False
22863,2024-10-31,3,13,13,False
22864,2024-10-31,3,14,14,False
22865,2024-10-31,3,15,9,True
22866,2024-10-31,3,16,5,False
22867,2024-10-31,3,17,17,False
22868,2024-10-31,3,18,7,False
22869,2024-10-31,3,19,6,False
22870,2024-10-31,3,20,4,False
22871,2024-10-31,3,21,4,False
22872,2024-10-31,3,22,7,False
22873,2024-10-31,3,23,6,False
22874,2024-10-31,3,24,8,False
22875,2024-10-31,3,25,0,False
22876,2024-11-01,1,1,34,False
22877,2024-11-01,1,2,32,False
22878,2024-11-01,1,3,16,False
22879,2024-11-01,1,4,25,False
22880,2024-11-01,1,5,16,False
22881,2024-11-01,1,6,20,False
22882,2024-11-01,1,7,25,False
22883,2024-11-01,1,8,33,False
22884,2024-11-01,1,9,21,False
22885,2024-11-01,1,10,68,True
22886,2024-11-01,1,11,44,False
22887,2024-11-01,1,12,32,False
22888,2024-11-01,1,13,21,False
22889,2024-11-01,1,14,30,False
22890,2024-11-01,1,15,18,False
22891,2024-11-01,1,16,13,False
22892,2024-11-01,1,17,26,False
22893,2024-11-01,1,18,17,False
22894,2024-11-01,1,19,30,False
22895,2024-11-01,1,20,19,False
22896,2024-11-01,1,21,12,False
22897,2024-11-01,1,22,15,False
22898,2024-11-01,1,23,10,False
22899,2024-11-01,1,24,10,True
22900,2024-11-01,1,25,16,False
22901,2024-11-01,2,1,27,False
22902,2024-11-01,2,2,24,True
22903,2024-11-01,2,3,16,False
22904,2024-11-01,2,4,13,False
22905,2024-11-01,2,5,8,False
22906,2024-11-01,2,6,14,False
22907,2024-11-01,2,7,23,False
22908,2024-11-01,2,8,20,False
22909,2024-11-01,2,9,15,False
22910,2024-11-01,2,10,23,False
22911,2024-11-01,2,11,30,False
22912,2024-11-01,2,12,22,False
22913,2024-11-01,2,13,13,False
22914,2024-11-01,2,14,16,False
22915,2024-11-01,2,15,6,False
22916,2024-11-01,2,16,8,False
22917,2024-11-01,2,17,17,False
22918,2024-11-01,2,18,15,False
22919,2024-11-01,2,19,15,False
22920,2024-11-01,2,20,13,False
22921,2024-11-01,2,21,7,False
22922,2024-11-01,2,22,6,False
22923,2024-11-01,2,23,10,False
22924,2024-11-01,2,24,16,False
22925,2024-11-01,2,25,11,False
22926,2024-11-01,3,1,20,False
22927,2024-11-01,3,2,14,True
22928,2024-11-01,3,3,11,False
22929,2024-11-01,3,4,12,False
22930,2024-11-01,3,5,10,False
22931,2024-11-01,3,6,12,False
22932,2024-11-01,3,7,15,False
22933,2024-11-01,3,8,9,False
22934,2024-11-01,3,9,5,False
22935,2024-11-01,3,10,11,False
22936,2024-11-01,3,11,24,False
22937,2024-11-01,3,12,15,False
22938,2024-11-01,3,13,8,False
22939,2024-11-01,3,14,12,False
22940,2024-11-01,3,15,7,False
22941,2024-11-01,3,16,7,False
22942,2024-11-01,3,17,13,False
22943,2024-11-01,3,18,23,True
22944,2024-11-01,3,19,10,True
22945,2024-11-01,3,20,8,False
22946,2024-11-01,3,21,7,False
22947,2024-11-01,3,22,10,False
22948,2024-11-01,3,23,4,False
22949,2024-11-01,3,24,3,False
22950,2024-11-01,3,25,5,False
22951,2024-11-02,1,1,59,False
22952,2024-11-02,1,2,29,False
22953,2024-11-02,1,3,22,False
22954,2024-11-02,1,4,36,False
22955,2024-11-02,1,5,20,False
22956,2024-11-02,1,6,33,False
22957,2024-11-02,1,7,60,True
22958,2024-11-02,1,8,39,False
22959,2024-11-02,1,9,21,False
22960,2024-11-02,1,10,43,False
22961,2024-11-02,1,11,40,False
22962,2024-11-02,1,12,37,False
22963,2024-11-02,1,13,23,False
22964,2024-11-02,1,14,26,False
22965,2024-11-02,1,15,21,False
22966,2024-11-02,1,16,19,False
22967,2024-11-02,1,17,30,False
22968,2024-11-02,1,18,24,False
22969,2024-11-02,1,19,31,False
22970,2024-11-02,1,20,14,False
22971,2024-11-02,1,21,18,False
22972,2024-11-02,1,22,21,False
22973,2024-11-02,1,23,14,False
22974,2024-11-02,1,24,13,False
22975,2024-11-02,1,25,20,False
22976,2024-11-02,2,1,35,False
22977,2024-11-02,2,2,24,False
22978,2024-11-02,2,3,18,False
22979,2024-11-02,2,4,28,False
22980,2024-11-02,2,5,15,False
22981,2024-11-02,2,6,28,False
22982,2024-11-02,2,7,17,False
22983,2024-11-02,2,8,26,False
22984,2024-11-02,2,9,20,False
22985,2024-11-02,2,10,20,False
22986,2024-11-02,2,11,39,False
22987,2024-11-02,2,12,35,False
22988,2024-11-02,2,13,14,False
22989,2024-11-02,2,14,27,False
22990,2024-11-02,2,15,10,False
22991,2024-11-02,2,16,12,False
22992,2024-11-02,2,17,15,False
22993,2024-11-02,2,18,18,False
22994,2024-11-02,2,19,24,False
22995,2024-11-02,2,20,12,False
22996,2024-11-02,2,21,14,False
22997,2024-11-02,2,22,26,True
22998,2024-11-02,2,23,6,False
22999,2024-11-02,2,24,2,False
23000,2024-11-02,2,25,8,False
23001,2024-11-02,3,1,23,False
23002,2024-11-02,3,2,32,True
23003,2024-11-02,3,3,12,False
23004,2024-11-02,3,4,16,False
23005,2024-11-02,3,5,11,False
23006,2024-11-02,3,6,7,False
23007,2024-11-02,3,7,16,False
23008,2024-11-02,3,8,11,False
23009,2024-11-02,3,9,9,False
23010,2024-11-02,3,10,17,False
23011,2024-11-02,3,11,19,False
23012,2024-11-02,3,12,12,False
23013,2024-11-02,3,13,12,False
23014,2024-11-02,3,14,14,False
23015,2024-11-02,3,15,3,False
23016,2024-11-02,3,16,11,True
23017,2024-11-02,3,17,10,False
23018,2024-11-02,3,18,14,False
23019,2024-11-02,3,19,21,False
23020,2024-11-02,3,20,6,False
23021,2024-11-02,3,21,9,True
23022,2024-11-02,3,22,8,False
23023,2024-11-02,3,23,5,False
23024,2024-11-02,3,24,0,False
23025,2024-11-02,3,25,8,False
23026,2024-11-03,1,1,55,False
23027,2024-11-03,1,2,26,False
23028,2024-11-03,1,3,25,False
23029,2024-11-03,1,4,44,False
23030,2024-11-03,1,5,21,False
23031,2024-11-03,1,6,38,False
23032,2024-11-03,1,7,38,False
23033,2024-11-03,1,8,43,False
23034,2024-11-03,1,9,26,False
23035,2024-11-03,1,10,47,False
23036,2024-11-03,1,11,50,False
23037,2024-11-03,1,12,58,True
23038,2024-11-03,1,13,32,False
23039,2024-11-03,1,14,21,False
23040,2024-11-03,1,15,11,False
23041,2024-11-03,1,16,15,False
23042,2024-11-03,1,17,34,False
23043,2024-11-03,1,18,26,False
23044,2024-11-03,1,19,22,False
23045,2024-11-03,1,20,18,False
23046,2024-11-03,1,21,23,False
23047,2024-11-03,1,22,15,False
23048,2024-11-03,1,23,11,False
23049,2024-11-03,1,24,10,False
23050,2024-11-03,1,25,14,False
23051,2024-11-03,2,1,32,False
23052,2024-11-03,2,2,15,False
23053,2024-11-03,2,3,17,False
23054,2024-11-03,2,4,32,False
23055,2024-11-03,2,5,10,False
23056,2024-11-03,2,6,25,False
23057,2024-11-03,2,7,24,False
23058,2024-11-03,2,8,30,False
23059,2024-11-03,2,9,15,False
23060,2024-11-03,2,10,21,False
23061,2024-11-03,2,11,36,False
23062,2024-11-03,2,12,26,False
23063,2024-11-03,2,13,16,False
23064,2024-11-03,2,14,22,False
23065,2024-11-03,2,15,23,True
23066,2024-11-03,2,16,6,False
23067,2024-11-03,2,17,14,False
23068,2024-11-03,2,18,20,False
23069,2024-11-03,2,19,28,False
23070,2024-11-03,2,20,17,False
23071,2024-11-03,2,21,12,False
23072,2024-11-03,2,22,4,False
23073,2024-11-03,2,23,9,False
23074,2024-11-03,2,24,5,False
23075,2024-11-03,2,25,16,False
23076,2024-11-03,3,1,20,False
23077,2024-11-03,3,2,8,False
23078,2024-11-03,3,3,12,False
23079,2024-11-03,3,4,22,False
23080,2024-11-03,3,5,10,False
23081,2024-11-03,3,6,15,False
23082,2024-11-03,3,7,10,False
23083,2024-11-03,3,8,15,False
23084,2024-11-03,3,9,14,False
23085,2024-11-03,3,10,13,False
23086,2024-11-03,3,11,18,False
23087,2024-11-03,3,12,14,False
23088,2024-11-03,3,13,6,False
23089,2024-11-03,3,14,14,False
23090,2024-11-03,3,15,5,False
23091,2024-11-03,3,16,9,False
23092,2024-11-03,3,17,13,False
23093,2024-11-03,3,18,5,False
23094,2024-11-03,3,19,16,False
23095,2024-11-03,3,20,7,False
23096,2024-11-03,3,21,7,False
23097,2024-11-03,3,22,11,True
23098,2024-11-03,3,23,8,False
23099,2024-11-03,3,24,5,False
23100,2024-11-03,3,25,7,False
23101,2024-11-04,1,1,26,False
23102,2024-11-04,1,2,31,False
23103,2024-11-04,1,3,16,False
23104,2024-11-04,1,4,40,False
23105,2024-11-04,1,5,36,True
23106,2024-11-04,1,6,26,False
23107,2024-11-04,1,7,28,False
23108,2024-11-04,1,8,27,False
23109,2024-11-04,1,9,20,False
23110,2024-11-04,1,10,35,False
23111,2024-11-04,1,11,42,False
23112,2024-11-04,1,12,40,False
23113,2024-11-04,1,13,20,False
23114,2024-11-04,1,14,20,False
23115,2024-11-04,1,15,5,False
23116,2024-11-04,1,16,12,False
23117,2024-11-04,1,17,25,False
23118,2024-11-04,1,18,33,False
23119,2024-11-04,1,19,26,False
23120,2024-11-04,1,20,12,False
23121,2024-11-04,1,21,11,False
23122,2024-11-04,1,22,21,False
23123,2024-11-04,1,23,14,False
23124,2024-11-04,1,24,9,False
23125,2024-11-04,1,25,16,False
23126,2024-11-04,2,1,22,False
23127,2024-11-04,2,2,19,False
23128,2024-11-04,2,3,23,True
23129,2024-11-04,2,4,22,False
23130,2024-11-04,2,5,5,False
23131,2024-11-04,2,6,19,False
23132,2024-11-04,2,7,27,False
23133,2024-11-04,2,8,22,False
23134,2024-11-04,2,9,16,False
23135,2024-11-04,2,10,29,False
23136,2024-11-04,2,11,32,False
23137,2024-11-04,2,12,30,False
23138,2024-11-04,2,13,12,False
23139,2024-11-04,2,14,18,False
23140,2024-11-04,2,15,9,False
23141,2024-11-04,2,16,6,False
23142,2024-11-04,2,17,12,False
23143,2024-11-04,2,18,22,False
23144,2024-11-04,2,19,19,False
23145,2024-11-04,2,20,13,False
23146,2024-11-04,2,21,13,False
23147,2024-11-04,2,22,4,False
23148,2024-11-04,2,23,12,False
23149,2024-11-04,2,24,14,False
23150,2024-11-04,2,25,8,False
23151,2024-11-04,3,1,18,False
23152,2024-11-04,3,2,12,False
23153,2024-11-04,3,3,7,False
23154,2024-11-04,3,4,17,False
23155,2024-11-04,3,5,9,False
23156,2024-11-04,3,6,15,False
23157,2024-11-04,3,7,6,False
23158,2024-11-04,3,8,15,True
23159,2024-11-04,3,9,5,False
23160,2024-11-04,3,10,6,False
23161,2024-11-04,3,11,11,False
23162,2024-11-04,3,12,19,False
23163,2024-11-04,3,13,12,False
23164,2024-11-04,3,14,8,False
23165,2024-11-04,3,15,8,False
23166,2024-11-04,3,16,10,False
23167,2024-11-04,3,17,11,False
23168,2024-11-04,3,18,8,False
23169,2024-11-04,3,19,15,False
23170,2024-11-04,3,20,3,False
23171,2024-11-04,3,21,12,True
23172,2024-11-04,3,22,5,False
23173,2024-11-04,3,23,3,False
23174,2024-11-04,3,24,6,False
23175,2024-11-04,3,25,14,False
23176,2024-11-05,1,1,40,False
23177,2024-11-05,1,2,32,False
23178,2024-11-05,1,3,15,False
23179,2024-11-05,1,4,25,False
23180,2024-11-05,1,5,16,False
23181,2024-11-05,1,6,35,False
23182,2024-11-05,1,7,25,False
23183,2024-11-05,1,8,28,False
23184,2024-11-05,1,9,25,False
23185,2024-11-05,1,10,30,False
23186,2024-11-05,1,11,31,False
23187,2024-11-05,1,12,36,True
23188,2024-11-05,1,13,21,False
23189,2024-11-05,1,14,30,False
23190,2024-11-05,1,15,11,False
23191,2024-11-05,1,16,10,False
23192,2024-11-05,1,17,23,False
23193,2024-11-05,1,18,15,False
23194,2024-11-05,1,19,21,False
23195,2024-11-05,1,20,11,False
23196,2024-11-05,1,21,10,False
23197,2024-11-05,1,22,12,False
23198,2024-11-05,1,23,15,False
23199,2024-11-05,1,24,3,False
23200,2024-11-05,1,25,12,False
23201,2024-11-05,2,1,26,False
23202,2024-11-05,2,2,12,False
23203,2024-11-05,2,3,16,False
23204,2024-11-05,2,4,22,False
23205,2024-11-05,2,5,8,False
23206,2024-11-05,2,6,12,False
23207,2024-11-05,2,7,11,False
23208,2024-11-05,2,8,24,False
23209,2024-11-05,2,9,19,False
23210,2024-11-05,2,10,22,False
23211,2024-11-05,2,11,19,False
23212,2024-11-05,2,12,18,False
23213,2024-11-05,2,13,14,False
23214,2024-11-05,2,14,10,False
23215,2024-11-05,2,15,8,False
23216,2024-11-05,2,16,10,False
23217,2024-11-05,2,17,14,False
23218,2024-11-05,2,18,18,False
23219,2024-11-05,2,19,13,False
23220,2024-11-05,2,20,17,False
23221,2024-11-05,2,21,9,True
23222,2024-11-05,2,22,17,True
23223,2024-11-05,2,23,6,False
23224,2024-11-05,2,24,6,False
23225,2024-11-05,2,25,13,False
23226,2024-11-05,3,1,18,False
23227,2024-11-05,3,2,8,False
23228,2024-11-05,3,3,4,False
23229,2024-11-05,3,4,12,False
23230,2024-11-05,3,5,8,False
23231,2024-11-05,3,6,12,False
23232,2024-11-05,3,7,13,False
23233,2024-11-05,3,8,13,False
23234,2024-11-05,3,9,10,False
23235,2024-11-05,3,10,16,False
23236,2024-11-05,3,11,7,False
23237,2024-11-05,3,12,12,False
23238,2024-11-05,3,13,12,False
23239,2024-11-05,3,14,7,False
23240,2024-11-05,3,15,12,False
23241,2024-11-05,3,16,7,False
23242,2024-11-05,3,17,14,False
23243,2024-11-05,3,18,10,False
23244,2024-11-05,3,19,13,False
23245,2024-11-05,3,20,14,False
23246,2024-11-05,3,21,0,False
23247,2024-11-05,3,22,6,False
23248,2024-11-05,3,23,3,False
23249,2024-11-05,3,24,5,False
23250,2024-11-05,3,25,9,False
23251,2024-11-06,1,1,29,False
23252,2024-11-06,1,2,28,False
23253,2024-11-06,1,3,28,False
23254,2024-11-06,1,4,33,False
23255,2024-11-06,1,5,14,False
23256,2024-11-06,1,6,31,False
23257,2024-11-06,1,7,32,False
23258,2024-11-06,1,8,32,False
23259,2024-11-06,1,9,25,False
23260,2024-11-06,1,10,30,False
23261,2024-11-06,1,11,30,False
23262,2024-11-06,1,12,38,False
23263,2024-11-06,1,13,20,False
23264,2024-11-06,1,14,27,False
23265,2024-11-06,1,15,17,False
23266,2024-11-06,1,16,11,False
23267,2024-11-06,1,17,17,False
23268,2024-11-06,1,18,25,False
23269,2024-11-06,1,19,31,False
23270,2024-11-06,1,20,13,False
23271,2024-11-06,1,21,12,False
23272,2024-11-06,1,22,7,False
23273,2024-11-06,1,23,8,False
23274,2024-11-06,1,24,7,False
23275,2024-11-06,1,25,19,False
23276,2024-11-06,2,1,21,False
23277,2024-11-06,2,2,16,False
23278,2024-11-06,2,3,15,False
23279,2024-11-06,2,4,24,False
23280,2024-11-06,2,5,14,False
23281,2024-11-06,2,6,30,False
23282,2024-11-06,2,7,17,False
23283,2024-11-06,2,8,16,False
23284,2024-11-06,2,9,7,False
23285,2024-11-06,2,10,27,False
23286,2024-11-06,2,11,55,True
23287,2024-11-06,2,12,27,False
23288,2024-11-06,2,13,16,False
23289,2024-11-06,2,14,17,False
23290,2024-11-06,2,15,1,False
23291,2024-11-06,2,16,9,False
23292,2024-11-06,2,17,7,False
23293,2024-11-06,2,18,22,False
23294,2024-11-06,2,19,19,False
23295,2024-11-06,2,20,19,False
23296,2024-11-06,2,21,4,False
23297,2024-11-06,2,22,6,False
23298,2024-11-06,2,23,10,False
23299,2024-11-06,2,24,11,False
23300,2024-11-06,2,25,11,True
23301,2024-11-06,3,1,12,False
23302,2024-11-06,3,2,21,False
23303,2024-11-06,3,3,6,False
23304,2024-11-06,3,4,14,False
23305,2024-11-06,3,5,8,False
23306,2024-11-06,3,6,8,False
23307,2024-11-06,3,7,15,False
23308,2024-11-06,3,8,16,False
23309,2024-11-06,3,9,8,False
23310,2024-11-06,3,10,13,False
23311,2024-11-06,3,11,26,True
23312,2024-11-06,3,12,19,False
23313,2024-11-06,3,13,9,False
23314,2024-11-06,3,14,10,False
23315,2024-11-06,3,15,12,False
23316,2024-11-06,3,16,7,False
23317,2024-11-06,3,17,11,False
23318,2024-11-06,3,18,9,False
23319,2024-11-06,3,19,7,False
23320,2024-11-06,3,20,6,False
23321,2024-11-06,3,21,7,True
23322,2024-11-06,3,22,5,False
23323,2024-11-06,3,23,5,False
23324,2024-11-06,3,24,7,False
23325,2024-11-06,3,25,5,False
23326,2024-11-07,1,1,33,False
23327,2024-11-07,1,2,51,True
23328,2024-11-07,1,3,16,False
23329,2024-11-07,1,4,24,False
23330,2024-11-07,1,5,22,False
23331,2024-11-07,1,6,27,False
23332,2024-11-07,1,7,26,False
23333,2024-11-07,1,8,24,False
23334,2024-11-07,1,9,27,False
23335,2024-11-07,1,10,35,False
23336,2024-11-07,1,11,27,False
23337,2024-11-07,1,12,30,False
23338,2024-11-07,1,13,20,False
23339,2024-11-07,1,14,30,False
23340,2024-11-07,1,15,12,False
23341,2024-11-07,1,16,13,False
23342,2024-11-07,1,17,21,False
23343,2024-11-07,1,18,21,False
23344,2024-11-07,1,19,29,False
23345,2024-11-07,1,20,22,False
23346,2024-11-07,1,21,11,False
23347,2024-11-07,1,22,14,False
23348,2024-11-07,1,23,7,False
23349,2024-11-07,1,24,13,False
23350,2024-11-07,1,25,14,False
23351,2024-11-07,2,1,17,False
23352,2024-11-07,2,2,14,False
23353,2024-11-07,2,3,10,False
23354,2024-11-07,2,4,19,False
23355,2024-11-07,2,5,9,False
23356,2024-11-07,2,6,22,False
23357,2024-11-07,2,7,12,False
23358,2024-11-07,2,8,20,False
23359,2024-11-07,2,9,13,False
23360,2024-11-07,2,10,28,False
23361,2024-11-07,2,11,20,False
23362,2024-11-07,2,12,31,False
23363,2024-11-07,2,13,12,False
23364,2024-11-07,2,14,23,False
23365,2024-11-07,2,15,11,False
23366,2024-11-07,2,16,14,False
23367,2024-11-07,2,17,10,False
23368,2024-11-07,2,18,17,False
23369,2024-11-07,2,19,23,False
23370,2024-11-07,2,20,19,True
23371,2024-11-07,2,21,6,False
23372,2024-11-07,2,22,8,False
23373,2024-11-07,2,23,6,False
23374,2024-11-07,2,24,7,False
23375,2024-11-07,2,25,3,False
23376,2024-11-07,3,1,13,False
23377,2024-11-07,3,2,10,False
23378,2024-11-07,3,3,12,False
23379,2024-11-07,3,4,11,False
23380,2024-11-07,3,5,3,False
23381,2024-11-07,3,6,11,False
23382,2024-11-07,3,7,11,False
23383,2024-11-07,3,8,15,False
23384,2024-11-07,3,9,1,False
23385,2024-11-07,3,10,9,False
23386,2024-11-07,3,11,14,False
23387,2024-11-07,3,12,10,False
23388,2024-11-07,3,13,17,True
23389,2024-11-07,3,14,13,False
23390,2024-11-07,3,15,4,False
23391,2024-11-07,3,16,5,False
23392,2024-11-07,3,17,5,False
23393,2024-11-07,3,18,6,False
23394,2024-11-07,3,19,7,False
23395,2024-11-07,3,20,3,False
23396,2024-11-07,3,21,6,False
23397,2024-11-07,3,22,7,False
23398,2024-11-07,3,23,5,False
23399,2024-11-07,3,24,11,True
23400,2024-11-07,3,25,9,False
23401,2024-11-08,1,1,38,False
23402,2024-11-08,1,2,28,False
23403,2024-11-08,1,3,18,False
23404,2024-11-08,1,4,25,False
23405,2024-11-08,1,5,13,False
23406,2024-11-08,1,6,30,False
23407,2024-11-08,1,7,23,False
23408,2024-11-08,1,8,16,False
23409,2024-11-08,1,9,30,True
23410,2024-11-08,1,10,36,False
23411,2024-11-08,1,11,36,False
23412,2024-11-08,1,12,23,False
23413,2024-11-08,1,13,16,False
23414,2024-11-08,1,14,28,False
23415,2024-11-08,1,15,23,True
23416,2024-11-08,1,16,21,False
23417,2024-11-08,1,17,20,False
23418,2024-11-08,1,18,15,False
23419,2024-11-08,1,19,25,False
23420,2024-11-08,1,20,15,False
23421,2024-11-08,1,21,17,False
23422,2024-11-08,1,22,18,False
23423,2024-11-08,1,23,8,False
23424,2024-11-08,1,24,5,False
23425,2024-11-08,1,25,13,False
23426,2024-11-08,2,1,31,False
23427,2024-11-08,2,2,17,False
23428,2024-11-08,2,3,14,False
23429,2024-11-08,2,4,21,False
23430,2024-11-08,2,5,11,False
23431,2024-11-08,2,6,21,False
23432,2024-11-08,2,7,17,False
23433,2024-11-08,2,8,15,False
23434,2024-11-08,2,9,15,False
23435,2024-11-08,2,10,36,False
23436,2024-11-08,2,11,22,False
23437,2024-11-08,2,12,25,False
23438,2024-11-08,2,13,16,False
23439,2024-11-08,2,14,18,False
23440,2024-11-08,2,15,17,False
23441,2024-11-08,2,16,6,False
23442,2024-11-08,2,17,20,False
23443,2024-11-08,2,18,20,False
23444,2024-11-08,2,19,27,False
23445,2024-11-08,2,20,19,False
23446,2024-11-08,2,21,12,False
23447,2024-11-08,2,22,7,False
23448,2024-11-08,2,23,12,False
23449,2024-11-08,2,24,5,False
23450,2024-11-08,2,25,13,False
23451,2024-11-08,3,1,11,False
23452,2024-11-08,3,2,13,False
23453,2024-11-08,3,3,8,False
23454,2024-11-08,3,4,15,False
23455,2024-11-08,3,5,4,False
23456,2024-11-08,3,6,15,False
23457,2024-11-08,3,7,21,False
23458,2024-11-08,3,8,18,False
23459,2024-11-08,3,9,10,False
23460,2024-11-08,3,10,3,False
23461,2024-11-08,3,11,27,True
23462,2024-11-08,3,12,13,False
23463,2024-11-08,3,13,9,False
23464,2024-11-08,3,14,15,False
23465,2024-11-08,3,15,5,False
23466,2024-11-08,3,16,11,False
23467,2024-11-08,3,17,9,True
23468,2024-11-08,3,18,6,False
23469,2024-11-08,3,19,16,False
23470,2024-11-08,3,20,7,False
23471,2024-11-08,3,21,3,False
23472,2024-11-08,3,22,7,False
23473,2024-11-08,3,23,5,False
23474,2024-11-08,3,24,5,False
23475,2024-11-08,3,25,3,False
23476,2024-11-09,1,1,50,False
23477,2024-11-09,1,2,29,False
23478,2024-11-09,1,3,22,False
23479,2024-11-09,1,4,42,False
23480,2024-11-09,1,5,24,False
23481,2024-11-09,1,6,39,False
23482,2024-11-09,1,7,27,False
23483,2024-11-09,1,8,50,False
23484,2024-11-09,1,9,23,False
23485,2024-11-09,1,10,31,False
23486,2024-11-09,1,11,54,False
23487,2024-11-09,1,12,44,False
23488,2024-11-09,1,13,20,False
23489,2024-11-09,1,14,27,False
23490,2024-11-09,1,15,21,False
23491,2024-11-09,1,16,22,False
23492,2024-11-09,1,17,20,False
23493,2024-11-09,1,18,33,False
23494,2024-11-09,1,19,37,False
23495,2024-11-09,1,20,19,False
23496,2024-11-09,1,21,18,False
23497,2024-11-09,1,22,15,False
23498,2024-11-09,1,23,16,False
23499,2024-11-09,1,24,13,False
23500,2024-11-09,1,25,25,False
23501,2024-11-09,2,1,30,False
23502,2024-11-09,2,2,27,False
23503,2024-11-09,2,3,18,False
23504,2024-11-09,2,4,34,False
23505,2024-11-09,2,5,12,False
23506,2024-11-09,2,6,34,False
23507,2024-11-09,2,7,20,False
23508,2024-11-09,2,8,27,False
23509,2024-11-09,2,9,24,False
23510,2024-11-09,2,10,32,False
23511,2024-11-09,2,11,28,False
23512,2024-11-09,2,12,28,False
23513,2024-11-09,2,13,17,False
23514,2024-11-09,2,14,25,False
23515,2024-11-09,2,15,19,False
23516,2024-11-09,2,16,17,False
23517,2024-11-09,2,17,25,False
23518,2024-11-09,2,18,21,False
23519,2024-11-09,2,19,26,False
23520,2024-11-09,2,20,12,False
23521,2024-11-09,2,21,11,False
23522,2024-11-09,2,22,7,False
23523,2024-11-09,2,23,8,False
23524,2024-11-09,2,24,10,True
23525,2024-11-09,2,25,13,False
23526,2024-11-09,3,1,26,False
23527,2024-11-09,3,2,14,False
23528,2024-11-09,3,3,12,False
23529,2024-11-09,3,4,20,False
23530,2024-11-09,3,5,11,False
23531,2024-11-09,3,6,18,False
23532,2024-11-09,3,7,16,False
23533,2024-11-09,3,8,15,False
23534,2024-11-09,3,9,11,False
23535,2024-11-09,3,10,15,False
23536,2024-11-09,3,11,21,False
23537,2024-11-09,3,12,18,False
23538,2024-11-09,3,13,11,False
23539,2024-11-09,3,14,10,False
23540,2024-11-09,3,15,8,False
23541,2024-11-09,3,16,8,False
23542,2024-11-09,3,17,14,False
23543,2024-11-09,3,18,8,False
23544,2024-11-09,3,19,11,False
23545,2024-11-09,3,20,10,False
23546,2024-11-09,3,21,8,False
23547,2024-11-09,3,22,8,False
23548,2024-11-09,3,23,11,False
23549,2024-11-09,3,24,7,False
23550,2024-11-09,3,25,7,False
23551,2024-11-10,1,1,40,False
23552,2024-11-10,1,2,54,False
23553,2024-11-10,1,3,25,False
23554,2024-11-10,1,4,39,False
23555,2024-11-10,1,5,26,False
23556,2024-11-10,1,6,43,False
23557,2024-11-10,1,7,29,False
23558,2024-11-10,1,8,36,False
23559,2024-11-10,1,9,32,False
23560,2024-11-10,1,10,41,False
23561,2024-11-10,1,11,39,False
23562,2024-11-10,1,12,30,False
23563,2024-11-10,1,13,20,False
23564,2024-11-10,1,14,26,False
23565,2024-11-10,1,15,13,False
23566,2024-11-10,1,16,18,False
23567,2024-11-10,1,17,29,False
23568,2024-11-10,1,18,35,False
23569,2024-11-10,1,19,39,False
23570,2024-11-10,1,20,13,False
23571,2024-11-10,1,21,19,False
23572,2024-11-10,1,22,20,False
23573,2024-11-10,1,23,13,False
23574,2024-11-10,1,24,16,False
23575,2024-11-10,1,25,13,False
23576,2024-11-10,2,1,25,False
23577,2024-11-10,2,2,26,False
23578,2024-11-10,2,3,29,False
23579,2024-11-10,2,4,15,False
23580,2024-11-10,2,5,12,False
23581,2024-11-10,2,6,26,False
23582,2024-11-10,2,7,27,False
23583,2024-11-10,2,8,27,False
23584,2024-11-10,2,9,22,False
23585,2024-11-10,2,10,30,False
23586,2024-11-10,2,11,28,False
23587,2024-11-10,2,12,33,False
23588,2024-11-10,2,13,19,False
23589,2024-11-10,2,14,15,False
23590,2024-11-10,2,15,21,False
23591,2024-11-10,2,16,6,False
23592,2024-11-10,2,17,12,False
23593,2024-11-10,2,18,19,False
23594,2024-11-10,2,19,42,True
23595,2024-11-10,2,20,10,False
23596,2024-11-10,2,21,11,False
23597,2024-11-10,2,22,16,False
23598,2024-11-10,2,23,12,False
23599,2024-11-10,2,24,11,False
23600,2024-11-10,2,25,8,False
23601,2024-11-10,3,1,16,False
23602,2024-11-10,3,2,19,False
23603,2024-11-10,3,3,11,False
23604,2024-11-10,3,4,12,False
23605,2024-11-10,3,5,3,False
23606,2024-11-10,3,6,18,False
23607,2024-11-10,3,7,15,False
23608,2024-11-10,3,8,17,False
23609,2024-11-10,3,9,13,True
23610,2024-11-10,3,10,19,False
23611,2024-11-10,3,11,16,False
23612,2024-11-10,3,12,24,False
23613,2024-11-10,3,13,24,True
23614,2024-11-10,3,14,12,False
23615,2024-11-10,3,15,9,False
23616,2024-11-10,3,16,11,False
23617,2024-11-10,3,17,7,False
23618,2024-11-10,3,18,19,True
23619,2024-11-10,3,19,18,False
23620,2024-11-10,3,20,4,False
23621,2024-11-10,3,21,10,False
23622,2024-11-10,3,22,9,True
23623,2024-11-10,3,23,7,False
23624,2024-11-10,3,24,8,False
23625,2024-11-10,3,25,8,False
23626,2024-11-11,1,1,39,False
23627,2024-11-11,1,2,29,False
23628,2024-11-11,1,3,23,False
23629,2024-11-11,1,4,26,False
23630,2024-11-11,1,5,24,True
23631,2024-11-11,1,6,33,False
23632,2024-11-11,1,7,24,False
23633,2024-11-11,1,8,29,False
23634,2024-11-11,1,9,19,False
23635,2024-11-11,1,10,30,False
23636,2024-11-11,1,11,41,False
23637,2024-11-11,1,12,24,False
23638,2024-11-11,1,13,17,False
23639,2024-11-11,1,14,24,False
23640,2024-11-11,1,15,15,False
23641,2024-11-11,1,16,6,False
23642,2024-11-11,1,17,12,False
23643,2024-11-11,1,18,21,False
23644,2024-11-11,1,19,21,False
23645,2024-11-11,1,20,13,False
23646,2024-11-11,1,21,28,True
23647,2024-11-11,1,22,8,False
23648,2024-11-11,1,23,5,False
23649,2024-11-11,1,24,6,False
23650,2024-11-11,1,25,15,False
23651,2024-11-11,2,1,26,False
23652,2024-11-11,2,2,20,False
23653,2024-11-11,2,3,14,False
23654,2024-11-11,2,4,22,False
23655,2024-11-11,2,5,9,False
23656,2024-11-11,2,6,19,False
23657,2024-11-11,2,7,17,False
23658,2024-11-11,2,8,35,False
23659,2024-11-11,2,9,8,False
23660,2024-11-11,2,10,24,False
23661,2024-11-11,2,11,21,False
23662,2024-11-11,2,12,27,False
23663,2024-11-11,2,13,12,False
23664,2024-11-11,2,14,9,False
23665,2024-11-11,2,15,8,False
23666,2024-11-11,2,16,8,False
23667,2024-11-11,2,17,29,True
23668,2024-11-11,2,18,23,False
23669,2024-11-11,2,19,19,False
23670,2024-11-11,2,20,11,False
23671,2024-11-11,2,21,9,False
23672,2024-11-11,2,22,6,False
23673,2024-11-11,2,23,1,False
23674,2024-11-11,2,24,5,False
23675,2024-11-11,2,25,12,False
23676,2024-11-11,3,1,13,False
23677,2024-11-11,3,2,18,False
23678,2024-11-11,3,3,6,False
23679,2024-11-11,3,4,13,False
23680,2024-11-11,3,5,4,False
23681,2024-11-11,3,6,17,False
23682,2024-11-11,3,7,17,False
23683,2024-11-11,3,8,8,False
23684,2024-11-11,3,9,9,False
23685,2024-11-11,3,10,16,True
23686,2024-11-11,3,11,14,False
23687,2024-11-11,3,12,20,False
23688,2024-11-11,3,13,11,True
23689,2024-11-11,3,14,17,False
23690,2024-11-11,3,15,10,False
23691,2024-11-11,3,16,3,False
23692,2024-11-11,3,17,8,False
23693,2024-11-11,3,18,13,False
23694,2024-11-11,3,19,9,False
23695,2024-11-11,3,20,7,False
23696,2024-11-11,3,21,7,False
23697,2024-11-11,3,22,7,False
23698,2024-11-11,3,23,5,False
23699,2024-11-11,3,24,2,False
23700,2024-11-11,3,25,11,False
23701,2024-11-12,1,1,35,False
23702,2024-11-12,1,2,30,False
23703,2024-11-12,1,3,15,False
23704,2024-11-12,1,4,27,False
23705,2024-11-12,1,5,10,False
23706,2024-11-12,1,6,28,False
23707,2024-11-12,1,7,21,False
23708,2024-11-12,1,8,22,False
23709,2024-11-12,1,9,23,False
23710,2024-11-12,1,10,31,False
23711,2024-11-12,1,11,26,False
23712,2024-11-12,1,12,32,False
23713,2024-11-12,1,13,25,False
23714,2024-11-12,1,14,24,False
23715,2024-11-12,1,15,16,False
23716,2024-11-12,1,16,14,False
23717,2024-11-12,1,17,15,False
23718,2024-11-12,1,18,18,False
23719,2024-11-12,1,19,36,False
23720,2024-11-12,1,20,14,False
23721,2024-11-12,1,21,6,False
23722,2024-11-12,1,22,29,True
23723,2024-11-12,1,23,15,False
23724,2024-11-12,1,24,12,False
23725,2024-11-12,1,25,9,False
23726,2024-11-12,2,1,30,False
23727,2024-11-12,2,2,29,True
23728,2024-11-12,2,3,19,True
23729,2024-11-12,2,4,24,False
23730,2024-11-12,2,5,8,False
23731,2024-11-12,2,6,19,False
23732,2024-11-12,2,7,23,False
23733,2024-11-12,2,8,16,False
23734,2024-11-12,2,9,8,False
23735,2024-11-12,2,10,28,False
23736,2024-11-12,2,11,23,False
23737,2024-11-12,2,12,28,False
23738,2024-11-12,2,13,13,False
23739,2024-11-12,2,14,32,True
23740,2024-11-12,2,15,17,False
23741,2024-11-12,2,16,4,False
23742,2024-11-12,2,17,19,False
23743,2024-11-12,2,18,17,False
23744,2024-11-12,2,19,25,False
23745,2024-11-12,2,20,11,False
23746,2024-11-12,2,21,8,False
23747,2024-11-12,2,22,11,False
23748,2024-11-12,2,23,9,False
23749,2024-11-12,2,24,13,False
23750,2024-11-12,2,25,13,False
23751,2024-11-12,3,1,19,False
23752,2024-11-12,3,2,15,False
23753,2024-11-12,3,3,10,False
23754,2024-11-12,3,4,14,False
23755,2024-11-12,3,5,9,False
23756,2024-11-12,3,6,12,False
23757,2024-11-12,3,7,16,False
23758,2024-11-12,3,8,14,False
23759,2024-11-12,3,9,12,True
23760,2024-11-12,3,10,16,False
23761,2024-11-12,3,11,9,False
23762,2024-11-12,3,12,10,False
23763,2024-11-12,3,13,10,False
23764,2024-11-12,3,14,7,False
23765,2024-11-12,3,15,5,False
23766,2024-11-12,3,16,8,False
23767,2024-11-12,3,17,8,False
23768,2024-11-12,3,18,9,False
23769,2024-11-12,3,19,10,False
23770,2024-11-12,3,20,8,True
23771,2024-11-12,3,21,6,False
23772,2024-11-12,3,22,6,False
23773,2024-11-12,3,23,4,False
23774,2024-11-12,3,24,3,False
23775,2024-11-12,3,25,4,False
23776,2024-11-13,1,1,32,False
23777,2024-11-13,1,2,36,False
23778,2024-11-13,1,3,23,False
23779,2024-11-13,1,4,24,False
23780,2024-11-13,1,5,11,False
23781,2024-11-13,1,6,24,False
23782,2024-11-13,1,7,34,False
23783,2024-11-13,1,8,24,False
23784,2024-11-13,1,9,17,False
23785,2024-11-13,1,10,41,False
23786,2024-11-13,1,11,35,False
23787,2024-11-13,1,12,37,False
23788,2024-11-13,1,13,12,False
23789,2024-11-13,1,14,25,False
23790,2024-11-13,1,15,17,False
23791,2024-11-13,1,16,16,False
23792,2024-11-13,1,17,18,False
23793,2024-11-13,1,18,24,False
23794,2024-11-13,1,19,28,False
23795,2024-11-13,1,20,19,False
23796,2024-11-13,1,21,19,False
23797,2024-11-13,1,22,15,False
23798,2024-11-13,1,23,11,True
23799,2024-11-13,1,24,11,False
23800,2024-11-13,1,25,18,False
23801,2024-11-13,2,1,28,False
23802,2024-11-13,2,2,14,False
23803,2024-11-13,2,3,6,False
23804,2024-11-13,2,4,22,False
23805,2024-11-13,2,5,14,False
23806,2024-11-13,2,6,15,False
23807,2024-11-13,2,7,23,False
23808,2024-11-13,2,8,10,False
23809,2024-11-13,2,9,20,False
23810,2024-11-13,2,10,27,False
23811,2024-11-13,2,11,28,False
23812,2024-11-13,2,12,21,False
23813,2024-11-13,2,13,17,False
23814,2024-11-13,2,14,12,False
23815,2024-11-13,2,15,13,False
23816,2024-11-13,2,16,5,False
23817,2024-11-13,2,17,19,False
23818,2024-11-13,2,18,27,False
23819,2024-11-13,2,19,22,False
23820,2024-11-13,2,20,5,False
23821,2024-11-13,2,21,9,True
23822,2024-11-13,2,22,11,False
23823,2024-11-13,2,23,12,False
23824,2024-11-13,2,24,5,False
23825,2024-11-13,2,25,12,False
23826,2024-11-13,3,1,16,False
23827,2024-11-13,3,2,9,False
23828,2024-11-13,3,3,9,False
23829,2024-11-13,3,4,10,False
23830,2024-11-13,3,5,12,False
23831,2024-11-13,3,6,3,False
23832,2024-11-13,3,7,4,False
23833,2024-11-13,3,8,8,False
23834,2024-11-13,3,9,14,False
23835,2024-11-13,3,10,12,False
23836,2024-11-13,3,11,10,False
23837,2024-11-13,3,12,13,False
23838,2024-11-13,3,13,6,False
23839,2024-11-13,3,14,13,False
23840,2024-11-13,3,15,4,False
23841,2024-11-13,3,16,2,False
23842,2024-11-13,3,17,9,False
23843,2024-11-13,3,18,21,True
23844,2024-11-13,3,19,24,True
23845,2024-11-13,3,20,7,True
23846,2024-11-13,3,21,7,False
23847,2024-11-13,3,22,7,False
23848,2024-11-13,3,23,5,False
23849,2024-11-13,3,24,3,False
23850,2024-11-13,3,25,10,False
23851,2024-11-14,1,1,29,False
23852,2024-11-14,1,2,26,False
23853,2024-11-14,1,3,19,False
23854,2024-11-14,1,4,28,False
23855,2024-11-14,1,5,20,False
23856,2024-11-14,1,6,36,False
23857,2024-11-14,1,7,29,False
23858,2024-11-14,1,8,26,False
23859,2024-11-14,1,9,22,False
23860,2024-11-14,1,10,30,False
23861,2024-11-14,1,11,49,False
23862,2024-11-14,1,12,33,False
23863,2024-11-14,1,13,21,False
23864,2024-11-14,1,14,16,False
23865,2024-11-14,1,15,17,False
23866,2024-11-14,1,16,20,False
23867,2024-11-14,1,17,18,False
23868,2024-11-14,1,18,25,False
23869,2024-11-14,1,19,31,False
23870,2024-11-14,1,20,20,False
23871,2024-11-14,1,21,9,False
23872,2024-11-14,1,22,10,False
23873,2024-11-14,1,23,13,False
23874,2024-11-14,1,24,7,False
23875,2024-11-14,1,25,14,False
23876,2024-11-14,2,1,24,False
23877,2024-11-14,2,2,20,False
23878,2024-11-14,2,3,21,True
23879,2024-11-14,2,4,28,False
23880,2024-11-14,2,5,14,True
23881,2024-11-14,2,6,27,False
23882,2024-11-14,2,7,12,False
23883,2024-11-14,2,8,22,False
23884,2024-11-14,2,9,19,False
23885,2024-11-14,2,10,26,False
23886,2024-11-14,2,11,22,False
23887,2024-11-14,2,12,21,False
23888,2024-11-14,2,13,17,False
23889,2024-11-14,2,14,23,False
23890,2024-11-14,2,15,14,False
23891,2024-11-14,2,16,5,False
23892,2024-11-14,2,17,12,False
23893,2024-11-14,2,18,14,False
23894,2024-11-14,2,19,21,False
23895,2024-11-14,2,20,13,False
23896,2024-11-14,2,21,3,False
23897,2024-11-14,2,22,8,False
23898,2024-11-14,2,23,3,False
23899,2024-11-14,2,24,8,False
23900,2024-11-14,2,25,5,False
23901,2024-11-14,3,1,15,False
23902,2024-11-14,3,2,8,False
23903,2024-11-14,3,3,10,False
23904,2024-11-14,3,4,11,False
23905,2024-11-14,3,5,4,False
23906,2024-11-14,3,6,22,True
23907,2024-11-14,3,7,13,False
23908,2024-11-14,3,8,6,False
23909,2024-11-14,3,9,2,False
23910,2024-11-14,3,10,11,False
23911,2024-11-14,3,11,14,False
23912,2024-11-14,3,12,19,False
23913,2024-11-14,3,13,9,False
23914,2024-11-14,3,14,12,False
23915,2024-11-14,3,15,5,False
23916,2024-11-14,3,16,2,False
23917,2024-11-14,3,17,10,False
23918,2024-11-14,3,18,1,False
23919,2024-11-14,3,19,15,False
23920,2024-11-14,3,20,4,False
23921,2024-11-14,3,21,7,False
23922,2024-11-14,3,22,7,False
23923,2024-11-14,3,23,6,False
23924,2024-11-14,3,24,7,False
23925,2024-11-14,3,25,8,False
23926,2024-11-15,1,1,29,False
23927,2024-11-15,1,2,23,False
23928,2024-11-15,1,3,20,False
23929,2024-11-15,1,4,41,False
23930,2024-11-15,1,5,15,False
23931,2024-11-15,1,6,32,False
23932,2024-11-15,1,7,39,True
23933,2024-11-15,1,8,22,False
23934,2024-11-15,1,9,22,False
23935,2024-11-15,1,10,40,False
23936,2024-11-15,1,11,31,False
23937,2024-11-15,1,12,39,False
23938,2024-11-15,1,13,11,False
23939,2024-11-15,1,14,37,False
23940,2024-11-15,1,15,21,False
23941,2024-11-15,1,16,21,False
23942,2024-11-15,1,17,18,False
23943,2024-11-15,1,18,19,False
23944,2024-11-15,1,19,26,False
23945,2024-11-15,1,20,14,False
23946,2024-11-15,1,21,11,False
23947,2024-11-15,1,22,10,False
23948,2024-11-15,1,23,7,False
23949,2024-11-15,1,24,7,False
23950,2024-11-15,1,25,22,False
23951,2024-11-15,2,1,35,False
23952,2024-11-15,2,2,26,False
23953,2024-11-15,2,3,21,False
23954,2024-11-15,2,4,23,False
23955,2024-11-15,2,5,10,False
23956,2024-11-15,2,6,22,False
23957,2024-11-15,2,7,25,False
23958,2024-11-15,2,8,25,False
23959,2024-11-15,2,9,15,False
23960,2024-11-15,2,10,21,False
23961,2024-11-15,2,11,25,False
23962,2024-11-15,2,12,21,False
23963,2024-11-15,2,13,9,False
23964,2024-11-15,2,14,17,False
23965,2024-11-15,2,15,9,False
23966,2024-11-15,2,16,5,False
23967,2024-11-15,2,17,20,False
23968,2024-11-15,2,18,16,False
23969,2024-11-15,2,19,24,False
23970,2024-11-15,2,20,9,False
23971,2024-11-15,2,21,9,False
23972,2024-11-15,2,22,15,False
23973,2024-11-15,2,23,5,False
23974,2024-11-15,2,24,12,False
23975,2024-11-15,2,25,5,False
23976,2024-11-15,3,1,11,False
23977,2024-11-15,3,2,8,False
23978,2024-11-15,3,3,6,False
23979,2024-11-15,3,4,9,False
23980,2024-11-15,3,5,12,False
23981,2024-11-15,3,6,8,False
23982,2024-11-15,3,7,8,False
23983,2024-11-15,3,8,14,False
23984,2024-11-15,3,9,5,False
23985,2024-11-15,3,10,12,False
23986,2024-11-15,3,11,12,False
23987,2024-11-15,3,12,10,False
23988,2024-11-15,3,13,13,False
23989,2024-11-15,3,14,17,False
23990,2024-11-15,3,15,5,False
23991,2024-11-15,3,16,3,False
23992,2024-11-15,3,17,15,False
23993,2024-11-15,3,18,9,False
23994,2024-11-15,3,19,10,False
23995,2024-11-15,3,20,4,False
23996,2024-11-15,3,21,6,False
23997,2024-11-15,3,22,9,False
23998,2024-11-15,3,23,5,False
23999,2024-11-15,3,24,5,False
24000,2024-11-15,3,25,3,False
24001,2024-11-16,1,1,40,False
24002,2024-11-16,1,2,26,False
24003,2024-11-16,1,3,24,False
24004,2024-11-16,1,4,37,False
24005,2024-11-16,1,5,17,False
24006,2024-11-16,1,6,39,False
24007,2024-11-16,1,7,26,False
24008,2024-11-16,1,8,37,False
24009,2024-11-16,1,9,21,False
24010,2024-11-16,1,10,55,False
24011,2024-11-16,1,11,46,False
24012,2024-11-16,1,12,48,False
24013,2024-11-16,1,13,26,False
24014,2024-11-16,1,14,27,False
24015,2024-11-16,1,15,21,False
24016,2024-11-16,1,16,16,False
24017,2024-11-16,1,17,35,False
24018,2024-11-16,1,18,28,False
24019,2024-11-16,1,19,33,False
24020,2024-11-16,1,20,19,False
24021,2024-11-16,1,21,23,False
24022,2024-11-16,1,22,22,False
24023,2024-11-16,1,23,13,False
24024,2024-11-16,1,24,8,False
24025,2024-11-16,1,25,18,False
24026,2024-11-16,2,1,31,False
24027,2024-11-16,2,2,21,False
24028,2024-11-16,2,3,25,False
24029,2024-11-16,2,4,15,False
24030,2024-11-16,2,5,14,False
24031,2024-11-16,2,6,19,False
24032,2024-11-16,2,7,19,False
24033,2024-11-16,2,8,24,False
24034,2024-11-16,2,9,23,False
24035,2024-11-16,2,10,27,False
24036,2024-11-16,2,11,28,False
24037,2024-11-16,2,12,33,False
24038,2024-11-16,2,13,18,False
24039,2024-11-16,2,14,18,False
24040,2024-11-16,2,15,7,False
24041,2024-11-16,2,16,12,False
24042,2024-11-16,2,17,21,False
24043,2024-11-16,2,18,20,False
24044,2024-11-16,2,19,17,False
24045,2024-11-16,2,20,22,False
24046,2024-11-16,2,21,9,False
24047,2024-11-16,2,22,12,False
24048,2024-11-16,2,23,10,False
24049,2024-11-16,2,24,6,False
24050,2024-11-16,2,25,14,False
24051,2024-11-16,3,1,27,False
24052,2024-11-16,3,2,24,False
24053,2024-11-16,3,3,12,False
24054,2024-11-16,3,4,13,False
24055,2024-11-16,3,5,5,False
24056,2024-11-16,3,6,21,False
24057,2024-11-16,3,7,18,False
24058,2024-11-16,3,8,24,False
24059,2024-11-16,3,9,11,False
24060,2024-11-16,3,10,25,False
24061,2024-11-16,3,11,22,False
24062,2024-11-16,3,12,20,False
24063,2024-11-16,3,13,11,False
24064,2024-11-16,3,14,19,False
24065,2024-11-16,3,15,8,False
24066,2024-11-16,3,16,15,True
24067,2024-11-16,3,17,6,False
24068,2024-11-16,3,18,7,False
24069,2024-11-16,3,19,10,False
24070,2024-11-16,3,20,5,False
24071,2024-11-16,3,21,9,False
24072,2024-11-16,3,22,13,False
24073,2024-11-16,3,23,2,False
24074,2024-11-16,3,24,6,False
24075,2024-11-16,3,25,11,False
24076,2024-11-17,1,1,46,False
24077,2024-11-17,1,2,31,False
24078,2024-11-17,1,3,26,False
24079,2024-11-17,1,4,40,False
24080,2024-11-17,1,5,18,False
24081,2024-11-17,1,6,40,False
24082,2024-11-17,1,7,36,False
24083,2024-11-17,1,8,30,False
24084,2024-11-17,1,9,24,False
24085,2024-11-17,1,10,35,False
24086,2024-11-17,1,11,40,False
24087,2024-11-17,1,12,37,False
24088,2024-11-17,1,13,17,False
24089,2024-11-17,1,14,25,False
24090,2024-11-17,1,15,22,False
24091,2024-11-17,1,16,18,False
24092,2024-11-17,1,17,25,False
24093,2024-11-17,1,18,18,False
24094,2024-11-17,1,19,43,False
24095,2024-11-17,1,20,17,False
24096,2024-11-17,1,21,25,False
24097,2024-11-17,1,22,15,False
24098,2024-11-17,1,23,11,False
24099,2024-11-17,1,24,4,False
24100,2024-11-17,1,25,18,False
24101,2024-11-17,2,1,37,False
24102,2024-11-17,2,2,18,False
24103,2024-11-17,2,3,20,False
24104,2024-11-17,2,4,23,False
24105,2024-11-17,2,5,17,False
24106,2024-11-17,2,6,33,False
24107,2024-11-17,2,7,26,False
24108,2024-11-17,2,8,21,False
24109,2024-11-17,2,9,14,False
24110,2024-11-17,2,10,28,False
24111,2024-11-17,2,11,24,False
24112,2024-11-17,2,12,29,False
24113,2024-11-17,2,13,16,False
24114,2024-11-17,2,14,28,False
24115,2024-11-17,2,15,14,False
24116,2024-11-17,2,16,14,False
24117,2024-11-17,2,17,32,True
24118,2024-11-17,2,18,26,False
24119,2024-11-17,2,19,24,False
24120,2024-11-17,2,20,14,False
24121,2024-11-17,2,21,8,False
24122,2024-11-17,2,22,18,False
24123,2024-11-17,2,23,4,False
24124,2024-11-17,2,24,5,False
24125,2024-11-17,2,25,13,False
24126,2024-11-17,3,1,21,False
24127,2024-11-17,3,2,16,True
24128,2024-11-17,3,3,17,False
24129,2024-11-17,3,4,17,False
24130,2024-11-17,3,5,8,False
24131,2024-11-17,3,6,15,False
24132,2024-11-17,3,7,18,False
24133,2024-11-17,3,8,17,False
24134,2024-11-17,3,9,10,False
24135,2024-11-17,3,10,25,False
24136,2024-11-17,3,11,22,False
24137,2024-11-17,3,12,15,False
24138,2024-11-17,3,13,9,False
24139,2024-11-17,3,14,20,False
24140,2024-11-17,3,15,5,False
24141,2024-11-17,3,16,4,False
24142,2024-11-17,3,17,17,False
24143,2024-11-17,3,18,7,False
24144,2024-11-17,3,19,16,False
24145,2024-11-17,3,20,7,False
24146,2024-11-17,3,21,11,False
24147,2024-11-17,3,22,8,False
24148,2024-11-17,3,23,7,False
24149,2024-11-17,3,24,6,False
24150,2024-11-17,3,25,8,False
24151,2024-11-18,1,1,26,False
24152,2024-11-18,1,2,36,False
24153,2024-11-18,1,3,31,False
24154,2024-11-18,1,4,53,True
24155,2024-11-18,1,5,8,False
24156,2024-11-18,1,6,24,False
24157,2024-11-18,1,7,34,False
24158,2024-11-18,1,8,31,False
24159,2024-11-18,1,9,15,False
24160,2024-11-18,1,10,35,False
24161,2024-11-18,1,11,31,False
24162,2024-11-18,1,12,35,False
24163,2024-11-18,1,13,15,False
24164,2024-11-18,1,14,37,False
24165,2024-11-18,1,15,9,False
24166,2024-11-18,1,16,11,False
24167,2024-11-18,1,17,26,False
24168,2024-11-18,1,18,25,False
24169,2024-11-18,1,19,32,False
24170,2024-11-18,1,20,17,False
24171,2024-11-18,1,21,10,False
24172,2024-11-18,1,22,16,False
24173,2024-11-18,1,23,12,False
24174,2024-11-18,1,24,7,False
24175,2024-11-18,1,25,12,False
24176,2024-11-18,2,1,26,False
24177,2024-11-18,2,2,22,False
24178,2024-11-18,2,3,11,False
24179,2024-11-18,2,4,20,False
24180,2024-11-18,2,5,18,False
24181,2024-11-18,2,6,25,False
24182,2024-11-18,2,7,23,False
24183,2024-11-18,2,8,19,False
24184,2024-11-18,2,9,14,False
24185,2024-11-18,2,10,30,False
24186,2024-11-18,2,11,29,False
24187,2024-11-18,2,12,26,False
24188,2024-11-18,2,13,6,False
24189,2024-11-18,2,14,17,False
24190,2024-11-18,2,15,12,False
24191,2024-11-18,2,16,7,False
24192,2024-11-18,2,17,15,False
24193,2024-11-18,2,18,17,False
24194,2024-11-18,2,19,21,False
24195,2024-11-18,2,20,11,False
24196,2024-11-18,2,21,7,False
24197,2024-11-18,2,22,13,False
24198,2024-11-18,2,23,8,False
24199,2024-11-18,2,24,10,False
24200,2024-11-18,2,25,8,False
24201,2024-11-18,3,1,12,False
24202,2024-11-18,3,2,9,False
24203,2024-11-18,3,3,17,False
24204,2024-11-18,3,4,10,False
24205,2024-11-18,3,5,7,False
24206,2024-11-18,3,6,18,False
24207,2024-11-18,3,7,14,False
24208,2024-11-18,3,8,7,False
24209,2024-11-18,3,9,11,False
24210,2024-11-18,3,10,16,False
24211,2024-11-18,3,11,12,False
24212,2024-11-18,3,12,11,False
24213,2024-11-18,3,13,4,False
24214,2024-11-18,3,14,6,False
24215,2024-11-18,3,15,7,False
24216,2024-11-18,3,16,12,True
24217,2024-11-18,3,17,12,False
24218,2024-11-18,3,18,17,False
24219,2024-11-18,3,19,7,False
24220,2024-11-18,3,20,8,False
24221,2024-11-18,3,21,1,False
24222,2024-11-18,3,22,3,False
24223,2024-11-18,3,23,1,False
24224,2024-11-18,3,24,11,True
24225,2024-11-18,3,25,6,False
24226,2024-11-19,1,1,44,False
24227,2024-11-19,1,2,31,False
24228,2024-11-19,1,3,16,False
24229,2024-11-19,1,4,24,False
24230,2024-11-19,1,5,15,False
24231,2024-11-19,1,6,31,False
24232,2024-11-19,1,7,24,False
24233,2024-11-19,1,8,29,False
24234,2024-11-19,1,9,24,False
24235,2024-11-19,1,10,35,False
24236,2024-11-19,1,11,40,False
24237,2024-11-19,1,12,29,False
24238,2024-11-19,1,13,22,False
24239,2024-11-19,1,14,20,False
24240,2024-11-19,1,15,15,False
24241,2024-11-19,1,16,14,False
24242,2024-11-19,1,17,19,False
24243,2024-11-19,1,18,24,False
24244,2024-11-19,1,19,26,False
24245,2024-11-19,1,20,20,False
24246,2024-11-19,1,21,6,False
24247,2024-11-19,1,22,23,False
24248,2024-11-19,1,23,6,False
24249,2024-11-19,1,24,11,False
24250,2024-11-19,1,25,8,False
24251,2024-11-19,2,1,27,False
24252,2024-11-19,2,2,16,False
24253,2024-11-19,2,3,23,True
24254,2024-11-19,2,4,16,False
24255,2024-11-19,2,5,16,False
24256,2024-11-19,2,6,28,False
24257,2024-11-19,2,7,22,False
24258,2024-11-19,2,8,32,False
24259,2024-11-19,2,9,10,False
24260,2024-11-19,2,10,21,False
24261,2024-11-19,2,11,41,True
24262,2024-11-19,2,12,29,True
24263,2024-11-19,2,13,13,False
24264,2024-11-19,2,14,11,False
24265,2024-11-19,2,15,5,False
24266,2024-11-19,2,16,10,False
24267,2024-11-19,2,17,9,False
24268,2024-11-19,2,18,12,False
24269,2024-11-19,2,19,16,False
24270,2024-11-19,2,20,12,False
24271,2024-11-19,2,21,7,False
24272,2024-11-19,2,22,13,False
24273,2024-11-19,2,23,7,False
24274,2024-11-19,2,24,4,False
24275,2024-11-19,2,25,11,False
24276,2024-11-19,3,1,9,False
24277,2024-11-19,3,2,9,False
24278,2024-11-19,3,3,14,True
24279,2024-11-19,3,4,11,True
24280,2024-11-19,3,5,9,False
24281,2024-11-19,3,6,9,False
24282,2024-11-19,3,7,12,False
24283,2024-11-19,3,8,17,False
24284,2024-11-19,3,9,13,False
24285,2024-11-19,3,10,6,False
24286,2024-11-19,3,11,17,False
24287,2024-11-19,3,12,16,False
24288,2024-11-19,3,13,7,False
24289,2024-11-19,3,14,14,False
24290,2024-11-19,3,15,5,False
24291,2024-11-19,3,16,1,False
24292,2024-11-19,3,17,14,False
24293,2024-11-19,3,18,8,False
24294,2024-11-19,3,19,9,False
24295,2024-11-19,3,20,12,False
24296,2024-11-19,3,21,7,False
24297,2024-11-19,3,22,6,True
24298,2024-11-19,3,23,5,False
24299,2024-11-19,3,24,3,False
24300,2024-11-19,3,25,4,False
24301,2024-11-20,1,1,47,False
24302,2024-11-20,1,2,31,False
24303,2024-11-20,1,3,22,False
24304,2024-11-20,1,4,27,False
24305,2024-11-20,1,5,21,False
24306,2024-11-20,1,6,38,False
24307,2024-11-20,1,7,23,False
24308,2024-11-20,1,8,24,False
24309,2024-11-20,1,9,13,False
24310,2024-11-20,1,10,25,False
24311,2024-11-20,1,11,52,True
24312,2024-11-20,1,12,34,False
24313,2024-11-20,1,13,11,False
24314,2024-11-20,1,14,23,False
24315,2024-11-20,1,15,18,False
24316,2024-11-20,1,16,11,True
24317,2024-11-20,1,17,23,False
24318,2024-11-20,1,18,18,False
24319,2024-11-20,1,19,28,False
24320,2024-11-20,1,20,15,False
24321,2024-11-20,1,21,11,False
24322,2024-11-20,1,22,4,False
24323,2024-11-20,1,23,9,False
24324,2024-11-20,1,24,7,False
24325,2024-11-20,1,25,12,False
24326,2024-11-20,2,1,23,False
24327,2024-11-20,2,2,14,False
24328,2024-11-20,2,3,17,False
24329,2024-11-20,2,4,23,False
24330,2024-11-20,2,5,12,False
24331,2024-11-20,2,6,21,False
24332,2024-11-20,2,7,9,False
24333,2024-11-20,2,8,11,False
24334,2024-11-20,2,9,8,False
24335,2024-11-20,2,10,21,False
24336,2024-11-20,2,11,36,False
24337,2024-11-20,2,12,20,False
24338,2024-11-20,2,13,7,False
24339,2024-11-20,2,14,20,False
24340,2024-11-20,2,15,9,False
24341,2024-11-20,2,16,9,False
24342,2024-11-20,2,17,19,False
24343,2024-11-20,2,18,31,True
24344,2024-11-20,2,19,15,False
24345,2024-11-20,2,20,12,False
24346,2024-11-20,2,21,10,False
24347,2024-11-20,2,22,11,False
24348,2024-11-20,2,23,5,False
24349,2024-11-20,2,24,4,False
24350,2024-11-20,2,25,9,False
24351,2024-11-20,3,1,16,False
24352,2024-11-20,3,2,14,False
24353,2024-11-20,3,3,18,True
24354,2024-11-20,3,4,11,False
24355,2024-11-20,3,5,6,False
24356,2024-11-20,3,6,16,False
24357,2024-11-20,3,7,13,False
24358,2024-11-20,3,8,18,False
24359,2024-11-20,3,9,13,False
24360,2024-11-20,3,10,17,False
24361,2024-11-20,3,11,13,False
24362,2024-11-20,3,12,14,False
24363,2024-11-20,3,13,9,False
24364,2024-11-20,3,14,17,False
24365,2024-11-20,3,15,7,False
24366,2024-11-20,3,16,9,False
24367,2024-11-20,3,17,5,False
24368,2024-11-20,3,18,14,False
24369,2024-11-20,3,19,15,False
24370,2024-11-20,3,20,9,False
24371,2024-11-20,3,21,0,False
24372,2024-11-20,3,22,8,False
24373,2024-11-20,3,23,5,False
24374,2024-11-20,3,24,7,True
24375,2024-11-20,3,25,10,False
24376,2024-11-21,1,1,36,False
24377,2024-11-21,1,2,39,True
24378,2024-11-21,1,3,25,True
24379,2024-11-21,1,4,25,False
24380,2024-11-21,1,5,19,False
24381,2024-11-21,1,6,32,False
24382,2024-11-21,1,7,25,False
24383,2024-11-21,1,8,27,False
24384,2024-11-21,1,9,20,False
24385,2024-11-21,1,10,31,False
24386,2024-11-21,1,11,49,False
24387,2024-11-21,1,12,39,False
24388,2024-11-21,1,13,17,False
24389,2024-11-21,1,14,25,False
24390,2024-11-21,1,15,13,False
24391,2024-11-21,1,16,12,False
24392,2024-11-21,1,17,21,False
24393,2024-11-21,1,18,23,False
24394,2024-11-21,1,19,32,False
24395,2024-11-21,1,20,19,False
24396,2024-11-21,1,21,14,False
24397,2024-11-21,1,22,13,False
24398,2024-11-21,1,23,9,False
24399,2024-11-21,1,24,4,False
24400,2024-11-21,1,25,20,False
24401,2024-11-21,2,1,25,False
24402,2024-11-21,2,2,29,True
24403,2024-11-21,2,3,9,False
24404,2024-11-21,2,4,23,True
24405,2024-11-21,2,5,12,False
24406,2024-11-21,2,6,24,False
24407,2024-11-21,2,7,25,False
24408,2024-11-21,2,8,21,False
24409,2024-11-21,2,9,15,False
24410,2024-11-21,2,10,21,False
24411,2024-11-21,2,11,26,False
24412,2024-11-21,2,12,22,False
24413,2024-11-21,2,13,5,False
24414,2024-11-21,2,14,16,False
24415,2024-11-21,2,15,7,False
24416,2024-11-21,2,16,15,False
24417,2024-11-21,2,17,11,False
24418,2024-11-21,2,18,15,False
24419,2024-11-21,2,19,13,False
24420,2024-11-21,2,20,22,True
24421,2024-11-21,2,21,11,False
24422,2024-11-21,2,22,15,False
24423,2024-11-21,2,23,7,False
24424,2024-11-21,2,24,7,False
24425,2024-11-21,2,25,10,False
24426,2024-11-21,3,1,15,False
24427,2024-11-21,3,2,14,False
24428,2024-11-21,3,3,8,False
24429,2024-11-21,3,4,15,True
24430,2024-11-21,3,5,7,False
24431,2024-11-21,3,6,9,False
24432,2024-11-21,3,7,10,False
24433,2024-11-21,3,8,14,False
24434,2024-11-21,3,9,15,True
24435,2024-11-21,3,10,21,False
24436,2024-11-21,3,11,13,False
24437,2024-11-21,3,12,8,False
24438,2024-11-21,3,13,9,False
24439,2024-11-21,3,14,6,False
24440,2024-11-21,3,15,10,False
24441,2024-11-21,3,16,3,False
24442,2024-11-21,3,17,7,False
24443,2024-11-21,3,18,7,False
24444,2024-11-21,3,19,13,False
24445,2024-11-21,3,20,6,False
24446,2024-11-21,3,21,6,False
24447,2024-11-21,3,22,7,False
24448,2024-11-21,3,23,7,False
24449,2024-11-21,3,24,4,False
24450,2024-11-21,3,25,8,False
24451,2024-11-22,1,1,33,False
24452,2024-11-22,1,2,18,False
24453,2024-11-22,1,3,14,False
24454,2024-11-22,1,4,23,False
24455,2024-11-22,1,5,14,False
24456,2024-11-22,1,6,38,False
24457,2024-11-22,1,7,18,False
24458,2024-11-22,1,8,34,False
24459,2024-11-22,1,9,14,False
24460,2024-11-22,1,10,29,False
24461,2024-11-22,1,11,36,False
24462,2024-11-22,1,12,38,False
24463,2024-11-22,1,13,18,False
24464,2024-11-22,1,14,49,True
24465,2024-11-22,1,15,11,False
24466,2024-11-22,1,16,22,False
24467,2024-11-22,1,17,28,False
24468,2024-11-22,1,18,23,False
24469,2024-11-22,1,19,27,False
24470,2024-11-22,1,20,19,False
24471,2024-11-22,1,21,4,False
24472,2024-11-22,1,22,21,False
24473,2024-11-22,1,23,5,False
24474,2024-11-22,1,24,18,False
24475,2024-11-22,1,25,10,False
24476,2024-11-22,2,1,27,False
24477,2024-11-22,2,2,23,False
24478,2024-11-22,2,3,10,False
24479,2024-11-22,2,4,17,False
24480,2024-11-22,2,5,15,False
24481,2024-11-22,2,6,18,False
24482,2024-11-22,2,7,21,False
24483,2024-11-22,2,8,16,False
24484,2024-11-22,2,9,10,False
24485,2024-11-22,2,10,32,False
24486,2024-11-22,2,11,46,True
24487,2024-11-22,2,12,19,False
24488,2024-11-22,2,13,13,False
24489,2024-11-22,2,14,23,False
24490,2024-11-22,2,15,6,False
24491,2024-11-22,2,16,7,False
24492,2024-11-22,2,17,10,True
24493,2024-11-22,2,18,17,False
24494,2024-11-22,2,19,23,False
24495,2024-11-22,2,20,14,False
24496,2024-11-22,2,21,5,False
24497,2024-11-22,2,22,10,False
24498,2024-11-22,2,23,3,False
24499,2024-11-22,2,24,3,False
24500,2024-11-22,2,25,14,False
24501,2024-11-22,3,1,13,False
24502,2024-11-22,3,2,0,False
24503,2024-11-22,3,3,11,False
24504,2024-11-22,3,4,9,False
24505,2024-11-22,3,5,5,False
24506,2024-11-22,3,6,7,False
24507,2024-11-22,3,7,12,False
24508,2024-11-22,3,8,9,False
24509,2024-11-22,3,9,3,False
24510,2024-11-22,3,10,19,False
24511,2024-11-22,3,11,11,False
24512,2024-11-22,3,12,12,False
24513,2024-11-22,3,13,6,False
24514,2024-11-22,3,14,13,False
24515,2024-11-22,3,15,7,False
24516,2024-11-22,3,16,8,False
24517,2024-11-22,3,17,11,False
24518,2024-11-22,3,18,9,False
24519,2024-11-22,3,19,10,False
24520,2024-11-22,3,20,4,False
24521,2024-11-22,3,21,13,True
24522,2024-11-22,3,22,3,False
24523,2024-11-22,3,23,4,False
24524,2024-11-22,3,24,6,False
24525,2024-11-22,3,25,3,False
24526,2024-11-23,1,1,35,False
24527,2024-11-23,1,2,43,False
24528,2024-11-23,1,3,21,False
24529,2024-11-23,1,4,52,False
24530,2024-11-23,1,5,34,False
24531,2024-11-23,1,6,35,False
24532,2024-11-23,1,7,40,False
24533,2024-11-23,1,8,30,False
24534,2024-11-23,1,9,26,False
24535,2024-11-23,1,10,47,False
24536,2024-11-23,1,11,47,False
24537,2024-11-23,1,12,32,False
24538,2024-11-23,1,13,25,False
24539,2024-11-23,1,14,32,False
24540,2024-11-23,1,15,20,False
24541,2024-11-23,1,16,12,False
24542,2024-11-23,1,17,22,False
24543,2024-11-23,1,18,25,False
24544,2024-11-23,1,19,40,False
24545,2024-11-23,1,20,19,False
24546,2024-11-23,1,21,16,False
24547,2024-11-23,1,22,16,False
24548,2024-11-23,1,23,13,False
24549,2024-11-23,1,24,5,False
24550,2024-11-23,1,25,19,True
24551,2024-11-23,2,1,22,False
24552,2024-11-23,2,2,27,False
24553,2024-11-23,2,3,17,False
24554,2024-11-23,2,4,33,False
24555,2024-11-23,2,5,13,False
24556,2024-11-23,2,6,26,False
24557,2024-11-23,2,7,51,True
24558,2024-11-23,2,8,18,False
24559,2024-11-23,2,9,19,False
24560,2024-11-23,2,10,23,False
24561,2024-11-23,2,11,44,False
24562,2024-11-23,2,12,33,False
24563,2024-11-23,2,13,19,False
24564,2024-11-23,2,14,22,False
24565,2024-11-23,2,15,18,False
24566,2024-11-23,2,16,16,False
24567,2024-11-23,2,17,22,False
24568,2024-11-23,2,18,20,False
24569,2024-11-23,2,19,20,False
24570,2024-11-23,2,20,17,False
24571,2024-11-23,2,21,14,False
24572,2024-11-23,2,22,12,False
24573,2024-11-23,2,23,8,False
24574,2024-11-23,2,24,12,False
24575,2024-11-23,2,25,18,False
24576,2024-11-23,3,1,22,False
24577,2024-11-23,3,2,23,False
24578,2024-11-23,3,3,10,False
24579,2024-11-23,3,4,9,False
24580,2024-11-23,3,5,6,False
24581,2024-11-23,3,6,21,False
24582,2024-11-23,3,7,13,False
24583,2024-11-23,3,8,16,False
24584,2024-11-23,3,9,16,False
24585,2024-11-23,3,10,20,False
24586,2024-11-23,3,11,20,False
24587,2024-11-23,3,12,12,False
24588,2024-11-23,3,13,9,False
24589,2024-11-23,3,14,18,False
24590,2024-11-23,3,15,6,False
24591,2024-11-23,3,16,10,False
24592,2024-11-23,3,17,19,False
24593,2024-11-23,3,18,14,False
24594,2024-11-23,3,19,15,False
24595,2024-11-23,3,20,6,False
24596,2024-11-23,3,21,6,False
24597,2024-11-23,3,22,6,False
24598,2024-11-23,3,23,8,False
24599,2024-11-23,3,24,2,False
24600,2024-11-23,3,25,14,False
24601,2024-11-24,1,1,44,False
24602,2024-11-24,1,2,29,False
24603,2024-11-24,1,3,27,False
24604,2024-11-24,1,4,34,False
24605,2024-11-24,1,5,26,False
24606,2024-11-24,1,6,41,False
24607,2024-11-24,1,7,42,False
24608,2024-11-24,1,8,35,False
24609,2024-11-24,1,9,22,False
24610,2024-11-24,1,10,47,False
24611,2024-11-24,1,11,37,False
24612,2024-11-24,1,12,41,False
24613,2024-11-24,1,13,23,False
24614,2024-11-24,1,14,29,False
24615,2024-11-24,1,15,26,False
24616,2024-11-24,1,16,18,False
24617,2024-11-24,1,17,27,False
24618,2024-11-24,1,18,26,False
24619,2024-11-24,1,19,28,False
24620,2024-11-24,1,20,21,False
24621,2024-11-24,1,21,13,False
24622,2024-11-24,1,22,19,False
24623,2024-11-24,1,23,17,False
24624,2024-11-24,1,24,13,False
24625,2024-11-24,1,25,8,False
24626,2024-11-24,2,1,34,False
24627,2024-11-24,2,2,24,False
24628,2024-11-24,2,3,20,False
24629,2024-11-24,2,4,29,False
24630,2024-11-24,2,5,13,False
24631,2024-11-24,2,6,32,False
24632,2024-11-24,2,7,31,False
24633,2024-11-24,2,8,18,False
24634,2024-11-24,2,9,15,False
24635,2024-11-24,2,10,31,False
24636,2024-11-24,2,11,25,False
24637,2024-11-24,2,12,26,False
24638,2024-11-24,2,13,17,False
24639,2024-11-24,2,14,15,False
24640,2024-11-24,2,15,19,False
24641,2024-11-24,2,16,14,False
24642,2024-11-24,2,17,21,False
24643,2024-11-24,2,18,22,False
24644,2024-11-24,2,19,34,False
24645,2024-11-24,2,20,10,False
24646,2024-11-24,2,21,20,False
24647,2024-11-24,2,22,19,True
24648,2024-11-24,2,23,9,False
24649,2024-11-24,2,24,11,False
24650,2024-11-24,2,25,15,False
24651,2024-11-24,3,1,20,False
24652,2024-11-24,3,2,14,False
24653,2024-11-24,3,3,9,False
24654,2024-11-24,3,4,11,False
24655,2024-11-24,3,5,6,False
24656,2024-11-24,3,6,11,False
24657,2024-11-24,3,7,14,False
24658,2024-11-24,3,8,9,False
24659,2024-11-24,3,9,3,False
24660,2024-11-24,3,10,24,False
24661,2024-11-24,3,11,15,False
24662,2024-11-24,3,12,18,False
24663,2024-11-24,3,13,7,False
24664,2024-11-24,3,14,4,False
24665,2024-11-24,3,15,8,False
24666,2024-11-24,3,16,5,False
24667,2024-11-24,3,17,10,False
24668,2024-11-24,3,18,13,False
24669,2024-11-24,3,19,13,False
24670,2024-11-24,3,20,12,False
24671,2024-11-24,3,21,6,False
24672,2024-11-24,3,22,10,False
24673,2024-11-24,3,23,14,False
24674,2024-11-24,3,24,6,True
24675,2024-11-24,3,25,6,False
24676,2024-11-25,1,1,37,False
24677,2024-11-25,1,2,22,False
24678,2024-11-25,1,3,19,False
24679,2024-11-25,1,4,52,True
24680,2024-11-25,1,5,24,False
24681,2024-11-25,1,6,31,False
24682,2024-11-25,1,7,36,False
24683,2024-11-25,1,8,32,False
24684,2024-11-25,1,9,22,False
24685,2024-11-25,1,10,35,False
24686,2024-11-25,1,11,24,False
24687,2024-11-25,1,12,32,False
24688,2024-11-25,1,13,15,False
24689,2024-11-25,1,14,21,False
24690,2024-11-25,1,15,17,False
24691,2024-11-25,1,16,13,False
24692,2024-11-25,1,17,15,False
24693,2024-11-25,1,18,18,False
24694,2024-11-25,1,19,33,False
24695,2024-11-25,1,20,18,False
24696,2024-11-25,1,21,13,False
24697,2024-11-25,1,22,19,False
24698,2024-11-25,1,23,11,False
24699,2024-11-25,1,24,9,False
24700,2024-11-25,1,25,16,False
24701,2024-11-25,2,1,18,False
24702,2024-11-25,2,2,21,False
24703,2024-11-25,2,3,16,False
24704,2024-11-25,2,4,29,False
24705,2024-11-25,2,5,10,False
24706,2024-11-25,2,6,20,False
24707,2024-11-25,2,7,15,False
24708,2024-11-25,2,8,16,False
24709,2024-11-25,2,9,15,False
24710,2024-11-25,2,10,21,False
24711,2024-11-25,2,11,35,False
24712,2024-11-25,2,12,22,False
24713,2024-11-25,2,13,11,False
24714,2024-11-25,2,14,14,False
24715,2024-11-25,2,15,11,False
24716,2024-11-25,2,16,9,False
24717,2024-11-25,2,17,12,False
24718,2024-11-25,2,18,14,False
24719,2024-11-25,2,19,23,False
24720,2024-11-25,2,20,12,False
24721,2024-11-25,2,21,7,False
24722,2024-11-25,2,22,6,False
24723,2024-11-25,2,23,10,False
24724,2024-11-25,2,24,5,False
24725,2024-11-25,2,25,12,False
24726,2024-11-25,3,1,16,False
24727,2024-11-25,3,2,13,False
24728,2024-11-25,3,3,3,False
24729,2024-11-25,3,4,15,False
24730,2024-11-25,3,5,6,False
24731,2024-11-25,3,6,19,False
24732,2024-11-25,3,7,19,False
24733,2024-11-25,3,8,9,False
24734,2024-11-25,3,9,10,False
24735,2024-11-25,3,10,16,False
24736,2024-11-25,3,11,13,False
24737,2024-11-25,3,12,14,False
24738,2024-11-25,3,13,12,False
24739,2024-11-25,3,14,14,False
24740,2024-11-25,3,15,7,False
24741,2024-11-25,3,16,9,False
24742,2024-11-25,3,17,11,False
24743,2024-11-25,3,18,7,False
24744,2024-11-25,3,19,5,False
24745,2024-11-25,3,20,5,False
24746,2024-11-25,3,21,7,False
24747,2024-11-25,3,22,6,False
24748,2024-11-25,3,23,7,False
24749,2024-11-25,3,24,3,False
24750,2024-11-25,3,25,6,False
24751,2024-11-26,1,1,36,False
24752,2024-11-26,1,2,32,True
24753,2024-11-26,1,3,15,False
24754,2024-11-26,1,4,22,False
24755,2024-11-26,1,5,11,False
24756,2024-11-26,1,6,33,False
24757,2024-11-26,1,7,19,False
24758,2024-11-26,1,8,32,False
24759,2024-11-26,1,9,36,True
24760,2024-11-26,1,10,35,False
24761,2024-11-26,1,11,42,False
24762,2024-11-26,1,12,39,False
24763,2024-11-26,1,13,17,False
24764,2024-11-26,1,14,19,False
24765,2024-11-26,1,15,16,False
24766,2024-11-26,1,16,19,False
24767,2024-11-26,1,17,16,False
24768,2024-11-26,1,18,28,False
24769,2024-11-26,1,19,32,False
24770,2024-11-26,1,20,16,False
24771,2024-11-26,1,21,11,False
24772,2024-11-26,1,22,13,False
24773,2024-11-26,1,23,13,False
24774,2024-11-26,1,24,4,False
24775,2024-11-26,1,25,16,False
24776,2024-11-26,2,1,42,True
24777,2024-11-26,2,2,20,False
24778,2024-11-26,2,3,17,False
24779,2024-11-26,2,4,29,True
24780,2024-11-26,2,5,12,False
24781,2024-11-26,2,6,17,False
24782,2024-11-26,2,7,21,False
24783,2024-11-26,2,8,16,False
24784,2024-11-26,2,9,15,False
24785,2024-11-26,2,10,21,False
24786,2024-11-26,2,11,28,False
24787,2024-11-26,2,12,28,False
24788,2024-11-26,2,13,16,False
24789,2024-11-26,2,14,20,False
24790,2024-11-26,2,15,13,False
24791,2024-11-26,2,16,12,False
24792,2024-11-26,2,17,13,False
24793,2024-11-26,2,18,13,False
24794,2024-11-26,2,19,16,False
24795,2024-11-26,2,20,12,False
24796,2024-11-26,2,21,16,True
24797,2024-11-26,2,22,9,False
24798,2024-11-26,2,23,10,True
24799,2024-11-26,2,24,12,False
24800,2024-11-26,2,25,7,False
24801,2024-11-26,3,1,26,True
24802,2024-11-26,3,2,18,True
24803,2024-11-26,3,3,6,False
24804,2024-11-26,3,4,8,False
24805,2024-11-26,3,5,8,False
24806,2024-11-26,3,6,13,False
24807,2024-11-26,3,7,12,False
24808,2024-11-26,3,8,14,False
24809,2024-11-26,3,9,8,False
24810,2024-11-26,3,10,16,False
24811,2024-11-26,3,11,20,False
24812,2024-11-26,3,12,15,False
24813,2024-11-26,3,13,10,False
24814,2024-11-26,3,14,18,False
24815,2024-11-26,3,15,1,False
24816,2024-11-26,3,16,8,False
24817,2024-11-26,3,17,14,True
24818,2024-11-26,3,18,8,False
24819,2024-11-26,3,19,12,False
24820,2024-11-26,3,20,5,False
24821,2024-11-26,3,21,3,False
24822,2024-11-26,3,22,7,False
24823,2024-11-26,3,23,4,False
24824,2024-11-26,3,24,6,False
24825,2024-11-26,3,25,4,False
24826,2024-11-27,1,1,46,False
24827,2024-11-27,1,2,19,False
24828,2024-11-27,1,3,18,False
24829,2024-11-27,1,4,38,False
24830,2024-11-27,1,5,14,False
24831,2024-11-27,1,6,23,False
24832,2024-11-27,1,7,21,False
24833,2024-11-27,1,8,21,False
24834,2024-11-27,1,9,36,True
24835,2024-11-27,1,10,37,False
24836,2024-11-27,1,11,26,False
24837,2024-11-27,1,12,35,False
24838,2024-11-27,1,13,17,False
24839,2024-11-27,1,14,26,False
24840,2024-11-27,1,15,16,False
24841,2024-11-27,1,16,8,False
24842,2024-11-27,1,17,13,False
24843,2024-11-27,1,18,23,False
24844,2024-11-27,1,19,30,False
24845,2024-11-27,1,20,15,False
24846,2024-11-27,1,21,15,False
24847,2024-11-27,1,22,9,False
24848,2024-11-27,1,23,12,False
24849,2024-11-27,1,24,8,False
24850,2024-11-27,1,25,16,False
24851,2024-11-27,2,1,26,False
24852,2024-11-27,2,2,14,False
24853,2024-11-27,2,3,15,False
24854,2024-11-27,2,4,19,False
24855,2024-11-27,2,5,14,False
24856,2024-11-27,2,6,24,True
24857,2024-11-27,2,7,13,False
24858,2024-11-27,2,8,21,False
24859,2024-11-27,2,9,16,False
24860,2024-11-27,2,10,19,False
24861,2024-11-27,2,11,21,False
24862,2024-11-27,2,12,30,False
24863,2024-11-27,2,13,15,False
24864,2024-11-27,2,14,18,False
24865,2024-11-27,2,15,18,True
24866,2024-11-27,2,16,9,False
24867,2024-11-27,2,17,19,False
24868,2024-11-27,2,18,20,False
24869,2024-11-27,2,19,14,False
24870,2024-11-27,2,20,9,False
24871,2024-11-27,2,21,6,False
24872,2024-11-27,2,22,8,False
24873,2024-11-27,2,23,8,False
24874,2024-11-27,2,24,6,False
24875,2024-11-27,2,25,13,True
24876,2024-11-27,3,1,19,False
24877,2024-11-27,3,2,19,True
24878,2024-11-27,3,3,9,False
24879,2024-11-27,3,4,16,False
24880,2024-11-27,3,5,7,False
24881,2024-11-27,3,6,11,False
24882,2024-11-27,3,7,16,False
24883,2024-11-27,3,8,12,False
24884,2024-11-27,3,9,12,False
24885,2024-11-27,3,10,11,False
24886,2024-11-27,3,11,20,False
24887,2024-11-27,3,12,9,False
24888,2024-11-27,3,13,11,False
24889,2024-11-27,3,14,16,False
24890,2024-11-27,3,15,10,False
24891,2024-11-27,3,16,1,False
24892,2024-11-27,3,17,7,False
24893,2024-11-27,3,18,7,False
24894,2024-11-27,3,19,13,False
24895,2024-11-27,3,20,11,True
24896,2024-11-27,3,21,11,False
24897,2024-11-27,3,22,5,False
24898,2024-11-27,3,23,6,False
24899,2024-11-27,3,24,3,False
24900,2024-11-27,3,25,12,False
24901,2024-11-28,1,1,36,False
24902,2024-11-28,1,2,40,True
24903,2024-11-28,1,3,20,False
24904,2024-11-28,1,4,28,False
24905,2024-11-28,1,5,19,False
24906,2024-11-28,1,6,24,False
24907,2024-11-28,1,7,29,False
24908,2024-11-28,1,8,33,False
24909,2024-11-28,1,9,27,False
24910,2024-11-28,1,10,26,False
24911,2024-11-28,1,11,38,False
24912,2024-11-28,1,12,38,False
24913,2024-11-28,1,13,20,False
24914,2024-11-28,1,14,22,False
24915,2024-11-28,1,15,12,False
24916,2024-11-28,1,16,12,False
24917,2024-11-28,1,17,18,False
24918,2024-11-28,1,18,24,False
24919,2024-11-28,1,19,28,False
24920,2024-11-28,1,20,17,False
24921,2024-11-28,1,21,12,False
24922,2024-11-28,1,22,12,False
24923,2024-11-28,1,23,7,False
24924,2024-11-28,1,24,11,False
24925,2024-11-28,1,25,11,False
24926,2024-11-28,2,1,18,False
24927,2024-11-28,2,2,19,False
24928,2024-11-28,2,3,20,False
24929,2024-11-28,2,4,25,False
24930,2024-11-28,2,5,14,False
24931,2024-11-28,2,6,26,False
24932,2024-11-28,2,7,20,False
24933,2024-11-28,2,8,15,False
24934,2024-11-28,2,9,12,False
24935,2024-11-28,2,10,26,False
24936,2024-11-28,2,11,29,False
24937,2024-11-28,2,12,22,False
24938,2024-11-28,2,13,15,False
24939,2024-11-28,2,14,19,False
24940,2024-11-28,2,15,9,False
24941,2024-11-28,2,16,6,False
24942,2024-11-28,2,17,11,False
24943,2024-11-28,2,18,13,False
24944,2024-11-28,2,19,18,False
24945,2024-11-28,2,20,17,False
24946,2024-11-28,2,21,6,False
24947,2024-11-28,2,22,13,False
24948,2024-11-28,2,23,6,False
24949,2024-11-28,2,24,10,False
24950,2024-11-28,2,25,12,False
24951,2024-11-28,3,1,19,False
24952,2024-11-28,3,2,7,False
24953,2024-11-28,3,3,9,False
24954,2024-11-28,3,4,20,False
24955,2024-11-28,3,5,6,False
24956,2024-11-28,3,6,18,False
24957,2024-11-28,3,7,12,False
24958,2024-11-28,3,8,14,False
24959,2024-11-28,3,9,5,False
24960,2024-11-28,3,10,14,False
24961,2024-11-28,3,11,21,False
24962,2024-11-28,3,12,13,False
24963,2024-11-28,3,13,26,True
24964,2024-11-28,3,14,6,False
24965,2024-11-28,3,15,11,False
24966,2024-11-28,3,16,3,False
24967,2024-11-28,3,17,13,False
24968,2024-11-28,3,18,15,True
24969,2024-11-28,3,19,7,False
24970,2024-11-28,3,20,7,True
24971,2024-11-28,3,21,6,False
24972,2024-11-28,3,22,4,False
24973,2024-11-28,3,23,5,False
24974,2024-11-28,3,24,5,False
24975,2024-11-28,3,25,2,False
24976,2024-11-29,1,1,34,False
24977,2024-11-29,1,2,34,False
24978,2024-11-29,1,3,31,False
24979,2024-11-29,1,4,30,False
24980,2024-11-29,1,5,11,False
24981,2024-11-29,1,6,27,False
24982,2024-11-29,1,7,38,False
24983,2024-11-29,1,8,30,False
24984,2024-11-29,1,9,12,False
24985,2024-11-29,1,10,35,False
24986,2024-11-29,1,11,22,False
24987,2024-11-29,1,12,32,False
24988,2024-11-29,1,13,21,False
24989,2024-11-29,1,14,19,False
24990,2024-11-29,1,15,23,False
24991,2024-11-29,1,16,14,False
24992,2024-11-29,1,17,23,False
24993,2024-11-29,1,18,21,False
24994,2024-11-29,1,19,19,False
24995,2024-11-29,1,20,24,True
24996,2024-11-29,1,21,13,False
24997,2024-11-29,1,22,11,False
24998,2024-11-29,1,23,7,False
24999,2024-11-29,1,24,8,False
25000,2024-11-29,1,25,22,False
25001,2024-11-29,2,1,30,False
25002,2024-11-29,2,2,19,False
25003,2024-11-29,2,3,15,False
25004,2024-11-29,2,4,24,False
25005,2024-11-29,2,5,5,False
25006,2024-11-29,2,6,32,False
25007,2024-11-29,2,7,21,False
25008,2024-11-29,2,8,22,False
25009,2024-11-29,2,9,15,False
25010,2024-11-29,2,10,21,False
25011,2024-11-29,2,11,26,False
25012,2024-11-29,2,12,17,False
25013,2024-11-29,2,13,12,False
25014,2024-11-29,2,14,16,False
25015,2024-11-29,2,15,10,False
25016,2024-11-29,2,16,8,False
25017,2024-11-29,2,17,17,False
25018,2024-11-29,2,18,13,False
25019,2024-11-29,2,19,16,False
25020,2024-11-29,2,20,14,False
25021,2024-11-29,2,21,10,False
25022,2024-11-29,2,22,9,False
25023,2024-11-29,2,23,14,False
25024,2024-11-29,2,24,4,False
25025,2024-11-29,2,25,16,False
25026,2024-11-29,3,1,21,False
25027,2024-11-29,3,2,17,False
25028,2024-11-29,3,3,12,False
25029,2024-11-29,3,4,7,False
25030,2024-11-29,3,5,7,False
25031,2024-11-29,3,6,16,False
25032,2024-11-29,3,7,13,False
25033,2024-11-29,3,8,12,False
25034,2024-11-29,3,9,5,False
25035,2024-11-29,3,10,15,False
25036,2024-11-29,3,11,21,False
25037,2024-11-29,3,12,14,False
25038,2024-11-29,3,13,6,False
25039,2024-11-29,3,14,7,False
25040,2024-11-29,3,15,1,False
25041,2024-11-29,3,16,8,False
25042,2024-11-29,3,17,3,False
25043,2024-11-29,3,18,23,True
25044,2024-11-29,3,19,3,False
25045,2024-11-29,3,20,8,False
25046,2024-11-29,3,21,7,False
25047,2024-11-29,3,22,5,False
25048,2024-11-29,3,23,7,False
25049,2024-11-29,3,24,6,False
25050,2024-11-29,3,25,9,False
25051,2024-11-30,1,1,42,False
25052,2024-11-30,1,2,33,False
25053,2024-11-30,1,3,27,False
25054,2024-11-30,1,4,33,False
25055,2024-11-30,1,5,20,False
25056,2024-11-30,1,6,34,False
25057,2024-11-30,1,7,28,False
25058,2024-11-30,1,8,41,False
25059,2024-11-30,1,9,27,False
25060,2024-11-30,1,10,41,False
25061,2024-11-30,1,11,57,True
25062,2024-11-30,1,12,38,False
25063,2024-11-30,1,13,21,False
25064,2024-11-30,1,14,33,False
25065,2024-11-30,1,15,17,False
25066,2024-11-30,1,16,14,False
25067,2024-11-30,1,17,19,False
25068,2024-11-30,1,18,49,True
25069,2024-11-30,1,19,42,False
25070,2024-11-30,1,20,21,False
25071,2024-11-30,1,21,28,True
25072,2024-11-30,1,22,17,False
25073,2024-11-30,1,23,8,False
25074,2024-11-30,1,24,10,False
25075,2024-11-30,1,25,15,False
25076,2024-11-30,2,1,29,False
25077,2024-11-30,2,2,29,False
25078,2024-11-30,2,3,20,False
25079,2024-11-30,2,4,34,False
25080,2024-11-30,2,5,15,False
25081,2024-11-30,2,6,30,False
25082,2024-11-30,2,7,23,False
25083,2024-11-30,2,8,23,False
25084,2024-11-30,2,9,15,False
25085,2024-11-30,2,10,28,False
25086,2024-11-30,2,11,24,False
25087,2024-11-30,2,12,24,False
25088,2024-11-30,2,13,14,False
25089,2024-11-30,2,14,16,False
25090,2024-11-30,2,15,15,False
25091,2024-11-30,2,16,25,True
25092,2024-11-30,2,17,24,False
25093,2024-11-30,2,18,16,False
25094,2024-11-30,2,19,24,False
25095,2024-11-30,2,20,13,False
25096,2024-11-30,2,21,11,False
25097,2024-11-30,2,22,12,False
25098,2024-11-30,2,23,6,False
25099,2024-11-30,2,24,5,False
25100,2024-11-30,2,25,11,False
25101,2024-11-30,3,1,19,False
25102,2024-11-30,3,2,6,False
25103,2024-11-30,3,3,9,False
25104,2024-11-30,3,4,12,False
25105,2024-11-30,3,5,12,False
25106,2024-11-30,3,6,27,True
25107,2024-11-30,3,7,16,False
25108,2024-11-30,3,8,20,False
25109,2024-11-30,3,9,10,False
25110,2024-11-30,3,10,23,False
25111,2024-11-30,3,11,21,False
25112,2024-11-30,3,12,17,False
25113,2024-11-30,3,13,7,False
25114,2024-11-30,3,14,18,False
25115,2024-11-30,3,15,9,False
25116,2024-11-30,3,16,5,False
25117,2024-11-30,3,17,9,False
25118,2024-11-30,3,18,13,False
25119,2024-11-30,3,19,17,False
25120,2024-11-30,3,20,8,False
25121,2024-11-30,3,21,6,False
25122,2024-11-30,3,22,5,False
25123,2024-11-30,3,23,3,False
25124,2024-11-30,3,24,8,False
25125,2024-11-30,3,25,7,False
25126,2024-12-01,1,1,58,False
25127,2024-12-01,1,2,49,False
25128,2024-12-01,1,3,32,False
25129,2024-12-01,1,4,41,False
25130,2024-12-01,1,5,40,False
25131,2024-12-01,1,6,56,False
25132,2024-12-01,1,7,48,False
25133,2024-12-01,1,8,39,False
25134,2024-12-01,1,9,33,False
25135,2024-12-01,1,10,44,False
25136,2024-12-01,1,11,66,False
25137,2024-12-01,1,12,66,False
25138,2024-12-01,1,13,35,False
25139,2024-12-01,1,14,49,False
25140,2024-12-01,1,15,28,False
25141,2024-12-01,1,16,17,False
25142,2024-12-01,1,17,30,False
25143,2024-12-01,1,18,45,False
25144,2024-12-01,1,19,62,False
25145,2024-12-01,1,20,29,False
25146,2024-12-01,1,21,33,False
25147,2024-12-01,1,22,24,False
25148,2024-12-01,1,23,19,False
25149,2024-12-01,1,24,17,False
25150,2024-12-01,1,25,24,False
25151,2024-12-01,2,1,44,False
25152,2024-12-01,2,2,27,False
25153,2024-12-01,2,3,35,False
25154,2024-12-01,2,4,38,False
25155,2024-12-01,2,5,23,False
25156,2024-12-01,2,6,34,False
25157,2024-12-01,2,7,29,False
25158,2024-12-01,2,8,31,False
25159,2024-12-01,2,9,30,False
25160,2024-12-01,2,10,49,False
25161,2024-12-01,2,11,39,False
25162,2024-12-01,2,12,52,False
25163,2024-12-01,2,13,28,False
25164,2024-12-01,2,14,33,False
25165,2024-12-01,2,15,17,False
25166,2024-12-01,2,16,11,False
25167,2024-12-01,2,17,33,False
25168,2024-12-01,2,18,33,False
25169,2024-12-01,2,19,51,False
25170,2024-12-01,2,20,23,False
25171,2024-12-01,2,21,25,False
25172,2024-12-01,2,22,13,False
25173,2024-12-01,2,23,15,False
25174,2024-12-01,2,24,8,False
25175,2024-12-01,2,25,16,False
25176,2024-12-01,3,1,33,False
25177,2024-12-01,3,2,18,False
25178,2024-12-01,3,3,20,False
25179,2024-12-01,3,4,15,False
25180,2024-12-01,3,5,13,False
25181,2024-12-01,3,6,17,False
25182,2024-12-01,3,7,25,False
25183,2024-12-01,3,8,27,False
25184,2024-12-01,3,9,16,False
25185,2024-12-01,3,10,41,True
25186,2024-12-01,3,11,28,False
25187,2024-12-01,3,12,39,True
25188,2024-12-01,3,13,12,False
25189,2024-12-01,3,14,14,False
25190,2024-12-01,3,15,7,False
25191,2024-12-01,3,16,8,False
25192,2024-12-01,3,17,17,False
25193,2024-12-01,3,18,13,False
25194,2024-12-01,3,19,17,False
25195,2024-12-01,3,20,15,False
25196,2024-12-01,3,21,10,False
25197,2024-12-01,3,22,13,False
25198,2024-12-01,3,23,9,False
25199,2024-12-01,3,24,10,False
25200,2024-12-01,3,25,12,False
25201,2024-12-02,1,1,52,False
25202,2024-12-02,1,2,36,False
25203,2024-12-02,1,3,33,False
25204,2024-12-02,1,4,74,True
25205,2024-12-02,1,5,25,False
25206,2024-12-02,1,6,37,False
25207,2024-12-02,1,7,32,False
25208,2024-12-02,1,8,44,False
25209,2024-12-02,1,9,39,False
25210,2024-12-02,1,10,49,False
25211,2024-12-02,1,11,59,False
25212,2024-12-02,1,12,41,False
25213,2024-12-02,1,13,25,False
25214,2024-12-02,1,14,23,False
25215,2024-12-02,1,15,23,False
25216,2024-12-02,1,16,6,False
25217,2024-12-02,1,17,39,False
25218,2024-12-02,1,18,25,False
25219,2024-12-02,1,19,58,True
25220,2024-12-02,1,20,24,False
25221,2024-12-02,1,21,26,False
25222,2024-12-02,1,22,14,False
25223,2024-12-02,1,23,12,False
25224,2024-12-02,1,24,12,False
25225,2024-12-02,1,25,20,False
25226,2024-12-02,2,1,31,False
25227,2024-12-02,2,2,32,False
25228,2024-12-02,2,3,18,False
25229,2024-12-02,2,4,31,False
25230,2024-12-02,2,5,24,False
25231,2024-12-02,2,6,23,False
25232,2024-12-02,2,7,27,False
25233,2024-12-02,2,8,36,False
25234,2024-12-02,2,9,18,False
25235,2024-12-02,2,10,28,False
25236,2024-12-02,2,11,31,False
25237,2024-12-02,2,12,23,False
25238,2024-12-02,2,13,17,False
25239,2024-12-02,2,14,31,False
25240,2024-12-02,2,15,5,False
25241,2024-12-02,2,16,12,False
25242,2024-12-02,2,17,31,False
25243,2024-12-02,2,18,19,False
25244,2024-12-02,2,19,27,False
25245,2024-12-02,2,20,17,False
25246,2024-12-02,2,21,14,False
25247,2024-12-02,2,22,14,False
25248,2024-12-02,2,23,12,False
25249,2024-12-02,2,24,14,False
25250,2024-12-02,2,25,10,False
25251,2024-12-02,3,1,22,False
25252,2024-12-02,3,2,20,True
25253,2024-12-02,3,3,15,False
25254,2024-12-02,3,4,19,False
25255,2024-12-02,3,5,16,False
25256,2024-12-02,3,6,17,False
25257,2024-12-02,3,7,13,False
25258,2024-12-02,3,8,17,False
25259,2024-12-02,3,9,10,False
25260,2024-12-02,3,10,18,False
25261,2024-12-02,3,11,16,False
25262,2024-12-02,3,12,20,False
25263,2024-12-02,3,13,11,False
25264,2024-12-02,3,14,11,False
25265,2024-12-02,3,15,7,False
25266,2024-12-02,3,16,6,False
25267,2024-12-02,3,17,8,False
25268,2024-12-02,3,18,10,False
25269,2024-12-02,3,19,24,False
25270,2024-12-02,3,20,12,False
25271,2024-12-02,3,21,13,False
25272,2024-12-02,3,22,14,False
25273,2024-12-02,3,23,6,False
25274,2024-12-02,3,24,5,False
25275,2024-12-02,3,25,5,False
25276,2024-12-03,1,1,56,False
25277,2024-12-03,1,2,36,False
25278,2024-12-03,1,3,34,False
25279,2024-12-03,1,4,48,False
25280,2024-12-03,1,5,22,False
25281,2024-12-03,1,6,37,False
25282,2024-12-03,1,7,35,False
25283,2024-12-03,1,8,49,False
25284,2024-12-03,1,9,20,False
25285,2024-12-03,1,10,52,False
25286,2024-12-03,1,11,40,False
25287,2024-12-03,1,12,48,False
25288,2024-12-03,1,13,28,False
25289,2024-12-03,1,14,41,False
25290,2024-12-03,1,15,22,False
25291,2024-12-03,1,16,14,False
25292,2024-12-03,1,17,41,False
25293,2024-12-03,1,18,26,False
25294,2024-12-03,1,19,31,False
25295,2024-12-03,1,20,23,False
25296,2024-12-03,1,21,17,False
25297,2024-12-03,1,22,12,False
25298,2024-12-03,1,23,14,False
25299,2024-12-03,1,24,21,False
25300,2024-12-03,1,25,20,False
25301,2024-12-03,2,1,30,False
25302,2024-12-03,2,2,17,False
25303,2024-12-03,2,3,26,False
25304,2024-12-03,2,4,29,False
25305,2024-12-03,2,5,34,True
25306,2024-12-03,2,6,29,False
25307,2024-12-03,2,7,33,False
25308,2024-12-03,2,8,38,True
25309,2024-12-03,2,9,19,False
25310,2024-12-03,2,10,28,False
25311,2024-12-03,2,11,45,False
25312,2024-12-03,2,12,31,False
25313,2024-12-03,2,13,25,False
25314,2024-12-03,2,14,29,False
25315,2024-12-03,2,15,8,False
25316,2024-12-03,2,16,10,False
25317,2024-12-03,2,17,17,False
25318,2024-12-03,2,18,26,False
25319,2024-12-03,2,19,22,False
25320,2024-12-03,2,20,20,False
25321,2024-12-03,2,21,7,False
25322,2024-12-03,2,22,10,False
25323,2024-12-03,2,23,18,False
25324,2024-12-03,2,24,15,False
25325,2024-12-03,2,25,13,False
25326,2024-12-03,3,1,24,False
25327,2024-12-03,3,2,15,False
25328,2024-12-03,3,3,7,False
25329,2024-12-03,3,4,19,False
25330,2024-12-03,3,5,17,False
25331,2024-12-03,3,6,17,False
25332,2024-12-03,3,7,15,False
25333,2024-12-03,3,8,17,False
25334,2024-12-03,3,9,10,False
25335,2024-12-03,3,10,16,False
25336,2024-12-03,3,11,25,False
25337,2024-12-03,3,12,19,False
25338,2024-12-03,3,13,13,False
25339,2024-12-03,3,14,11,False
25340,2024-12-03,3,15,11,False
25341,2024-12-03,3,16,6,False
25342,2024-12-03,3,17,14,False
25343,2024-12-03,3,18,11,False
25344,2024-12-03,3,19,27,False
25345,2024-12-03,3,20,14,False
25346,2024-12-03,3,21,11,False
25347,2024-12-03,3,22,12,True
25348,2024-12-03,3,23,7,False
25349,2024-12-03,3,24,2,False
25350,2024-12-03,3,25,11,False
25351,2024-12-04,1,1,53,False
25352,2024-12-04,1,2,43,False
25353,2024-12-04,1,3,30,False
25354,2024-12-04,1,4,39,False
25355,2024-12-04,1,5,17,False
25356,2024-12-04,1,6,38,False
25357,2024-12-04,1,7,37,False
25358,2024-12-04,1,8,44,False
25359,2024-12-04,1,9,30,False
25360,2024-12-04,1,10,38,False
25361,2024-12-04,1,11,52,False
25362,2024-12-04,1,12,77,True
25363,2024-12-04,1,13,22,False
25364,2024-12-04,1,14,37,False
25365,2024-12-04,1,15,26,False
25366,2024-12-04,1,16,18,False
25367,2024-12-04,1,17,33,False
25368,2024-12-04,1,18,39,False
25369,2024-12-04,1,19,40,False
25370,2024-12-04,1,20,23,False
25371,2024-12-04,1,21,15,False
25372,2024-12-04,1,22,27,False
25373,2024-12-04,1,23,20,False
25374,2024-12-04,1,24,18,False
25375,2024-12-04,1,25,23,False
25376,2024-12-04,2,1,32,False
25377,2024-12-04,2,2,28,False
25378,2024-12-04,2,3,15,False
25379,2024-12-04,2,4,24,False
25380,2024-12-04,2,5,22,False
25381,2024-12-04,2,6,26,False
25382,2024-12-04,2,7,18,False
25383,2024-12-04,2,8,31,False
25384,2024-12-04,2,9,23,False
25385,2024-12-04,2,10,36,False
25386,2024-12-04,2,11,30,False
25387,2024-12-04,2,12,40,False
25388,2024-12-04,2,13,25,False
25389,2024-12-04,2,14,18,False
25390,2024-12-04,2,15,16,False
25391,2024-12-04,2,16,12,False
25392,2024-12-04,2,17,28,True
25393,2024-12-04,2,18,18,False
25394,2024-12-04,2,19,20,False
25395,2024-12-04,2,20,10,False
25396,2024-12-04,2,21,21,False
25397,2024-12-04,2,22,14,False
25398,2024-12-04,2,23,12,False
25399,2024-12-04,2,24,9,False
25400,2024-12-04,2,25,12,False
25401,2024-12-04,3,1,16,False
25402,2024-12-04,3,2,15,False
25403,2024-12-04,3,3,14,False
25404,2024-12-04,3,4,17,False
25405,2024-12-04,3,5,16,False
25406,2024-12-04,3,6,15,False
25407,2024-12-04,3,7,13,False
25408,2024-12-04,3,8,16,False
25409,2024-12-04,3,9,6,False
25410,2024-12-04,3,10,19,False
25411,2024-12-04,3,11,22,False
25412,2024-12-04,3,12,24,False
25413,2024-12-04,3,13,16,False
25414,2024-12-04,3,14,31,True
25415,2024-12-04,3,15,8,False
25416,2024-12-04,3,16,14,True
25417,2024-12-04,3,17,14,False
25418,2024-12-04,3,18,13,False
25419,2024-12-04,3,19,21,False
25420,2024-12-04,3,20,10,False
25421,2024-12-04,3,21,10,False
25422,2024-12-04,3,22,11,False
25423,2024-12-04,3,23,6,False
25424,2024-12-04,3,24,6,False
25425,2024-12-04,3,25,4,False
25426,2024-12-05,1,1,50,False
25427,2024-12-05,1,2,35,False
25428,2024-12-05,1,3,23,False
25429,2024-12-05,1,4,41,False
25430,2024-12-05,1,5,17,False
25431,2024-12-05,1,6,34,False
25432,2024-12-05,1,7,36,False
25433,2024-12-05,1,8,32,False
25434,2024-12-05,1,9,43,False
25435,2024-12-05,1,10,45,False
25436,2024-12-05,1,11,48,False
25437,2024-12-05,1,12,39,False
25438,2024-12-05,1,13,28,False
25439,2024-12-05,1,14,34,False
25440,2024-12-05,1,15,27,False
25441,2024-12-05,1,16,17,False
25442,2024-12-05,1,17,56,True
25443,2024-12-05,1,18,30,False
25444,2024-12-05,1,19,34,False
25445,2024-12-05,1,20,16,False
25446,2024-12-05,1,21,15,False
25447,2024-12-05,1,22,16,False
25448,2024-12-05,1,23,10,False
25449,2024-12-05,1,24,17,False
25450,2024-12-05,1,25,20,False
25451,2024-12-05,2,1,45,False
25452,2024-12-05,2,2,25,False
25453,2024-12-05,2,3,16,False
25454,2024-12-05,2,4,27,False
25455,2024-12-05,2,5,25,False
25456,2024-12-05,2,6,30,False
25457,2024-12-05,2,7,29,False
25458,2024-12-05,2,8,20,False
25459,2024-12-05,2,9,28,False
25460,2024-12-05,2,10,37,False
25461,2024-12-05,2,11,33,False
25462,2024-12-05,2,12,29,False
25463,2024-12-05,2,13,16,False
25464,2024-12-05,2,14,24,False
25465,2024-12-05,2,15,16,False
25466,2024-12-05,2,16,17,False
25467,2024-12-05,2,17,22,False
25468,2024-12-05,2,18,26,False
25469,2024-12-05,2,19,20,False
25470,2024-12-05,2,20,21,False
25471,2024-12-05,2,21,21,False
25472,2024-12-05,2,22,11,False
25473,2024-12-05,2,23,10,False
25474,2024-12-05,2,24,12,False
25475,2024-12-05,2,25,12,False
25476,2024-12-05,3,1,23,False
25477,2024-12-05,3,2,12,False
25478,2024-12-05,3,3,15,False
25479,2024-12-05,3,4,37,True
25480,2024-12-05,3,5,8,False
25481,2024-12-05,3,6,22,False
25482,2024-12-05,3,7,12,False
25483,2024-12-05,3,8,17,False
25484,2024-12-05,3,9,26,True
25485,2024-12-05,3,10,29,False
25486,2024-12-05,3,11,14,False
25487,2024-12-05,3,12,20,False
25488,2024-12-05,3,13,12,False
25489,2024-12-05,3,14,17,False
25490,2024-12-05,3,15,9,False
25491,2024-12-05,3,16,7,False
25492,2024-12-05,3,17,14,False
25493,2024-12-05,3,18,19,False
25494,2024-12-05,3,19,21,False
25495,2024-12-05,3,20,12,False
25496,2024-12-05,3,21,6,False
25497,2024-12-05,3,22,8,False
25498,2024-12-05,3,23,4,False
25499,2024-12-05,3,24,2,False
25500,2024-12-05,3,25,10,True
25501,2024-12-06,1,1,85,True
25502,2024-12-06,1,2,40,False
25503,2024-12-06,1,3,30,False
25504,2024-12-06,1,4,47,False
25505,2024-12-06,1,5,25,False
25506,2024-12-06,1,6,38,False
25507,2024-12-06,1,7,38,False
25508,2024-12-06,1,8,49,False
25509,2024-12-06,1,9,18,False
25510,2024-12-06,1,10,52,False
25511,2024-12-06,1,11,48,False
25512,2024-12-06,1,12,45,False
25513,2024-12-06,1,13,16,False
25514,2024-12-06,1,14,25,False
25515,2024-12-06,1,15,22,False
25516,2024-12-06,1,16,13,False
25517,2024-12-06,1,17,30,False
25518,2024-12-06,1,18,29,False
25519,2024-12-06,1,19,40,False
25520,2024-12-06,1,20,33,True
25521,2024-12-06,1,21,21,False
25522,2024-12-06,1,22,13,False
25523,2024-12-06,1,23,19,False
25524,2024-12-06,1,24,8,False
25525,2024-12-06,1,25,23,False
25526,2024-12-06,2,1,31,False
25527,2024-12-06,2,2,27,False
25528,2024-12-06,2,3,25,False
25529,2024-12-06,2,4,29,False
25530,2024-12-06,2,5,22,False
25531,2024-12-06,2,6,26,False
25532,2024-12-06,2,7,24,False
25533,2024-12-06,2,8,44,False
25534,2024-12-06,2,9,18,False
25535,2024-12-06,2,10,37,False
25536,2024-12-06,2,11,29,False
25537,2024-12-06,2,12,24,False
25538,2024-12-06,2,13,18,False
25539,2024-12-06,2,14,15,False
25540,2024-12-06,2,15,21,False
25541,2024-12-06,2,16,12,False
25542,2024-12-06,2,17,26,False
25543,2024-12-06,2,18,24,False
25544,2024-12-06,2,19,26,False
25545,2024-12-06,2,20,9,False
25546,2024-12-06,2,21,14,False
25547,2024-12-06,2,22,22,True
25548,2024-12-06,2,23,11,False
25549,2024-12-06,2,24,13,True
25550,2024-12-06,2,25,10,False
25551,2024-12-06,3,1,32,True
25552,2024-12-06,3,2,15,False
25553,2024-12-06,3,3,6,False
25554,2024-12-06,3,4,20,False
25555,2024-12-06,3,5,6,False
25556,2024-12-06,3,6,23,False
25557,2024-12-06,3,7,19,False
25558,2024-12-06,3,8,28,False
25559,2024-12-06,3,9,16,False
25560,2024-12-06,3,10,27,False
25561,2024-12-06,3,11,27,False
25562,2024-12-06,3,12,22,False
25563,2024-12-06,3,13,10,False
25564,2024-12-06,3,14,10,False
25565,2024-12-06,3,15,9,False
25566,2024-12-06,3,16,2,False
25567,2024-12-06,3,17,19,False
25568,2024-12-06,3,18,11,False
25569,2024-12-06,3,19,22,False
25570,2024-12-06,3,20,14,False
25571,2024-12-06,3,21,8,False
25572,2024-12-06,3,22,7,False
25573,2024-12-06,3,23,4,False
25574,2024-12-06,3,24,4,False
25575,2024-12-06,3,25,8,False
25576,2024-12-07,1,1,47,False
25577,2024-12-07,1,2,49,False
25578,2024-12-07,1,3,48,False
25579,2024-12-07,1,4,46,False
25580,2024-12-07,1,5,26,False
25581,2024-12-07,1,6,52,False
25582,2024-12-07,1,7,47,False
25583,2024-12-07,1,8,54,False
25584,2024-12-07,1,9,42,False
25585,2024-12-07,1,10,52,False
25586,2024-12-07,1,11,63,False
25587,2024-12-07,1,12,61,False
25588,2024-12-07,1,13,31,False
25589,2024-12-07,1,14,45,False
25590,2024-12-07,1,15,27,True
25591,2024-12-07,1,16,22,False
25592,2024-12-07,1,17,44,False
25593,2024-12-07,1,18,47,False
25594,2024-12-07,1,19,49,False
25595,2024-12-07,1,20,45,True
25596,2024-12-07,1,21,21,False
25597,2024-12-07,1,22,23,False
25598,2024-12-07,1,23,22,False
25599,2024-12-07,1,24,19,False
25600,2024-12-07,1,25,15,False
25601,2024-12-07,2,1,46,False
25602,2024-12-07,2,2,24,False
25603,2024-12-07,2,3,31,False
25604,2024-12-07,2,4,44,False
25605,2024-12-07,2,5,22,False
25606,2024-12-07,2,6,43,False
25607,2024-12-07,2,7,28,False
25608,2024-12-07,2,8,33,False
25609,2024-12-07,2,9,15,False
25610,2024-12-07,2,10,45,False
25611,2024-12-07,2,11,64,True
25612,2024-12-07,2,12,43,False
25613,2024-12-07,2,13,33,False
25614,2024-12-07,2,14,29,False
25615,2024-12-07,2,15,24,False
25616,2024-12-07,2,16,10,False
25617,2024-12-07,2,17,27,False
25618,2024-12-07,2,18,31,False
25619,2024-12-07,2,19,33,False
25620,2024-12-07,2,20,14,False
25621,2024-12-07,2,21,12,False
25622,2024-12-07,2,22,21,False
25623,2024-12-07,2,23,14,False
25624,2024-12-07,2,24,16,False
25625,2024-12-07,2,25,19,False
25626,2024-12-07,3,1,24,False
25627,2024-12-07,3,2,9,False
25628,2024-12-07,3,3,20,False
25629,2024-12-07,3,4,33,True
25630,2024-12-07,3,5,14,False
25631,2024-12-07,3,6,32,True
25632,2024-12-07,3,7,18,False
25633,2024-12-07,3,8,21,False
25634,2024-12-07,3,9,13,False
25635,2024-12-07,3,10,22,False
25636,2024-12-07,3,11,32,False
25637,2024-12-07,3,12,46,True
25638,2024-12-07,3,13,14,False
25639,2024-12-07,3,14,20,False
25640,2024-12-07,3,15,13,False
25641,2024-12-07,3,16,12,False
25642,2024-12-07,3,17,12,False
25643,2024-12-07,3,18,20,False
25644,2024-12-07,3,19,20,False
25645,2024-12-07,3,20,17,False
25646,2024-12-07,3,21,7,False
25647,2024-12-07,3,22,9,False
25648,2024-12-07,3,23,13,False
25649,2024-12-07,3,24,4,False
25650,2024-12-07,3,25,9,False
25651,2024-12-08,1,1,60,False
25652,2024-12-08,1,2,47,False
25653,2024-12-08,1,3,31,False
25654,2024-12-08,1,4,39,False
25655,2024-12-08,1,5,37,False
25656,2024-12-08,1,6,57,False
25657,2024-12-08,1,7,47,False
25658,2024-12-08,1,8,56,False
25659,2024-12-08,1,9,38,False
25660,2024-12-08,1,10,55,False
25661,2024-12-08,1,11,57,False
25662,2024-12-08,1,12,64,False
25663,2024-12-08,1,13,32,False
25664,2024-12-08,1,14,49,False
25665,2024-12-08,1,15,29,False
25666,2024-12-08,1,16,26,False
25667,2024-12-08,1,17,37,False
25668,2024-12-08,1,18,33,False
25669,2024-12-08,1,19,52,False
25670,2024-12-08,1,20,26,False
25671,2024-12-08,1,21,21,False
25672,2024-12-08,1,22,23,False
25673,2024-12-08,1,23,19,False
25674,2024-12-08,1,24,16,False
25675,2024-12-08,1,25,25,False
25676,2024-12-08,2,1,40,False
25677,2024-12-08,2,2,33,False
25678,2024-12-08,2,3,21,False
25679,2024-12-08,2,4,40,False
25680,2024-12-08,2,5,33,False
25681,2024-12-08,2,6,25,False
25682,2024-12-08,2,7,31,False
25683,2024-12-08,2,8,29,False
25684,2024-12-08,2,9,18,False
25685,2024-12-08,2,10,41,False
25686,2024-12-08,2,11,40,False
25687,2024-12-08,2,12,51,False
25688,2024-12-08,2,13,19,False
25689,2024-12-08,2,14,28,False
25690,2024-12-08,2,15,17,False
25691,2024-12-08,2,16,24,False
25692,2024-12-08,2,17,27,False
25693,2024-12-08,2,18,24,False
25694,2024-12-08,2,19,38,False
25695,2024-12-08,2,20,18,False
25696,2024-12-08,2,21,14,False
25697,2024-12-08,2,22,20,False
25698,2024-12-08,2,23,17,False
25699,2024-12-08,2,24,11,False
25700,2024-12-08,2,25,19,False
25701,2024-12-08,3,1,39,True
25702,2024-12-08,3,2,21,False
25703,2024-12-08,3,3,16,False
25704,2024-12-08,3,4,47,True
25705,2024-12-08,3,5,9,False
25706,2024-12-08,3,6,18,False
25707,2024-12-08,3,7,19,False
25708,2024-12-08,3,8,17,False
25709,2024-12-08,3,9,17,False
25710,2024-12-08,3,10,27,False
25711,2024-12-08,3,11,25,False
25712,2024-12-08,3,12,22,False
25713,2024-12-08,3,13,10,False
25714,2024-12-08,3,14,31,True
25715,2024-12-08,3,15,16,True
25716,2024-12-08,3,16,11,False
25717,2024-12-08,3,17,10,False
25718,2024-12-08,3,18,11,False
25719,2024-12-08,3,19,24,False
25720,2024-12-08,3,20,12,False
25721,2024-12-08,3,21,6,False
25722,2024-12-08,3,22,6,False
25723,2024-12-08,3,23,11,True
25724,2024-12-08,3,24,5,False
25725,2024-12-08,3,25,5,False
25726,2024-12-09,1,1,54,False
25727,2024-12-09,1,2,39,False
25728,2024-12-09,1,3,43,False
25729,2024-12-09,1,4,40,False
25730,2024-12-09,1,5,28,False
25731,2024-12-09,1,6,40,False
25732,2024-12-09,1,7,32,False
25733,2024-12-09,1,8,46,False
25734,2024-12-09,1,9,26,False
25735,2024-12-09,1,10,49,False
25736,2024-12-09,1,11,37,False
25737,2024-12-09,1,12,68,True
25738,2024-12-09,1,13,33,False
25739,2024-12-09,1,14,31,False
25740,2024-12-09,1,15,29,False
25741,2024-12-09,1,16,14,False
25742,2024-12-09,1,17,34,False
25743,2024-12-09,1,18,29,False
25744,2024-12-09,1,19,40,False
25745,2024-12-09,1,20,42,True
25746,2024-12-09,1,21,23,False
25747,2024-12-09,1,22,31,True
25748,2024-12-09,1,23,16,False
25749,2024-12-09,1,24,16,False
25750,2024-12-09,1,25,18,False
25751,2024-12-09,2,1,35,False
25752,2024-12-09,2,2,25,False
25753,2024-12-09,2,3,30,False
25754,2024-12-09,2,4,34,False
25755,2024-12-09,2,5,18,False
25756,2024-12-09,2,6,29,False
25757,2024-12-09,2,7,50,True
25758,2024-12-09,2,8,26,False
25759,2024-12-09,2,9,12,False
25760,2024-12-09,2,10,24,False
25761,2024-12-09,2,11,30,False
25762,2024-12-09,2,12,45,True
25763,2024-12-09,2,13,17,False
25764,2024-12-09,2,14,21,False
25765,2024-12-09,2,15,14,False
25766,2024-12-09,2,16,15,False
25767,2024-12-09,2,17,30,False
25768,2024-12-09,2,18,32,False
25769,2024-12-09,2,19,28,False
25770,2024-12-09,2,20,16,False
25771,2024-12-09,2,21,17,False
25772,2024-12-09,2,22,9,False
25773,2024-12-09,2,23,8,False
25774,2024-12-09,2,24,6,False
25775,2024-12-09,2,25,18,False
25776,2024-12-09,3,1,31,False
25777,2024-12-09,3,2,15,False
25778,2024-12-09,3,3,19,False
25779,2024-12-09,3,4,11,False
25780,2024-12-09,3,5,11,False
25781,2024-12-09,3,6,12,False
25782,2024-12-09,3,7,15,False
25783,2024-12-09,3,8,8,False
25784,2024-12-09,3,9,14,False
25785,2024-12-09,3,10,14,False
25786,2024-12-09,3,11,25,False
25787,2024-12-09,3,12,16,False
25788,2024-12-09,3,13,5,False
25789,2024-12-09,3,14,12,False
25790,2024-12-09,3,15,3,False
25791,2024-12-09,3,16,7,False
25792,2024-12-09,3,17,11,False
25793,2024-12-09,3,18,11,False
25794,2024-12-09,3,19,18,False
25795,2024-12-09,3,20,6,False
25796,2024-12-09,3,21,9,False
25797,2024-12-09,3,22,5,False
25798,2024-12-09,3,23,11,False
25799,2024-12-09,3,24,5,False
25800,2024-12-09,3,25,11,True
25801,2024-12-10,1,1,46,False
25802,2024-12-10,1,2,41,False
25803,2024-12-10,1,3,23,False
25804,2024-12-10,1,4,39,False
25805,2024-12-10,1,5,23,False
25806,2024-12-10,1,6,42,False
25807,2024-12-10,1,7,46,False
25808,2024-12-10,1,8,34,False
25809,2024-12-10,1,9,38,False
25810,2024-12-10,1,10,65,False
25811,2024-12-10,1,11,53,False
25812,2024-12-10,1,12,42,False
25813,2024-12-10,1,13,26,False
25814,2024-12-10,1,14,39,False
25815,2024-12-10,1,15,17,False
25816,2024-12-10,1,16,22,False
25817,2024-12-10,1,17,41,False
25818,2024-12-10,1,18,30,False
25819,2024-12-10,1,19,29,False
25820,2024-12-10,1,20,21,False
25821,2024-12-10,1,21,15,False
25822,2024-12-10,1,22,21,False
25823,2024-12-10,1,23,18,False
25824,2024-12-10,1,24,21,False
25825,2024-12-10,1,25,27,False
25826,2024-12-10,2,1,36,False
25827,2024-12-10,2,2,27,False
25828,2024-12-10,2,3,27,False
25829,2024-12-10,2,4,26,False
25830,2024-12-10,2,5,17,False
25831,2024-12-10,2,6,27,False
25832,2024-12-10,2,7,22,False
25833,2024-12-10,2,8,49,True
25834,2024-12-10,2,9,30,True
25835,2024-12-10,2,10,34,False
25836,2024-12-10,2,11,32,False
25837,2024-12-10,2,12,19,False
25838,2024-12-10,2,13,18,False
25839,2024-12-10,2,14,19,False
25840,2024-12-10,2,15,23,True
25841,2024-12-10,2,16,12,False
25842,2024-12-10,2,17,24,False
25843,2024-12-10,2,18,48,True
25844,2024-12-10,2,19,31,False
25845,2024-12-10,2,20,20,False
25846,2024-12-10,2,21,14,False
25847,2024-12-10,2,22,10,False
25848,2024-12-10,2,23,8,False
25849,2024-12-10,2,24,9,False
25850,2024-12-10,2,25,21,False
25851,2024-12-10,3,1,22,False
25852,2024-12-10,3,2,13,False
25853,2024-12-10,3,3,5,False
25854,2024-12-10,3,4,15,False
25855,2024-12-10,3,5,9,False
25856,2024-12-10,3,6,12,False
25857,2024-12-10,3,7,18,False
25858,2024-12-10,3,8,8,False
25859,2024-12-10,3,9,13,False
25860,2024-12-10,3,10,11,False
25861,2024-12-10,3,11,20,False
25862,2024-12-10,3,12,29,False
25863,2024-12-10,3,13,18,False
25864,2024-12-10,3,14,15,False
25865,2024-12-10,3,15,9,False
25866,2024-12-10,3,16,7,False
25867,2024-12-10,3,17,14,False
25868,2024-12-10,3,18,6,False
25869,2024-12-10,3,19,14,False
25870,2024-12-10,3,20,7,False
25871,2024-12-10,3,21,7,False
25872,2024-12-10,3,22,9,False
25873,2024-12-10,3,23,4,False
25874,2024-12-10,3,24,5,False
25875,2024-12-10,3,25,6,False
25876,2024-12-11,1,1,44,False
25877,2024-12-11,1,2,29,False
25878,2024-12-11,1,3,22,False
25879,2024-12-11,1,4,46,False
25880,2024-12-11,1,5,15,False
25881,2024-12-11,1,6,31,False
25882,2024-12-11,1,7,42,False
25883,2024-12-11,1,8,30,False
25884,2024-12-11,1,9,26,False
25885,2024-12-11,1,10,47,False
25886,2024-12-11,1,11,40,False
25887,2024-12-11,1,12,38,False
25888,2024-12-11,1,13,29,False
25889,2024-12-11,1,14,37,False
25890,2024-12-11,1,15,18,False
25891,2024-12-11,1,16,10,False
25892,2024-12-11,1,17,30,False
25893,2024-12-11,1,18,33,False
25894,2024-12-11,1,19,32,False
25895,2024-12-11,1,20,18,False
25896,2024-12-11,1,21,20,False
25897,2024-12-11,1,22,22,False
25898,2024-12-11,1,23,21,False
25899,2024-12-11,1,24,12,False
25900,2024-12-11,1,25,24,False
25901,2024-12-11,2,1,42,False
25902,2024-12-11,2,2,26,False
25903,2024-12-11,2,3,20,False
25904,2024-12-11,2,4,26,False
25905,2024-12-11,2,5,18,True
25906,2024-12-11,2,6,38,False
25907,2024-12-11,2,7,27,False
25908,2024-12-11,2,8,29,False
25909,2024-12-11,2,9,19,False
25910,2024-12-11,2,10,38,False
25911,2024-12-11,2,11,20,False
25912,2024-12-11,2,12,33,False
25913,2024-12-11,2,13,21,False
25914,2024-12-11,2,14,20,False
25915,2024-12-11,2,15,10,False
25916,2024-12-11,2,16,13,False
25917,2024-12-11,2,17,21,False
25918,2024-12-11,2,18,37,True
25919,2024-12-11,2,19,33,False
25920,2024-12-11,2,20,22,False
25921,2024-12-11,2,21,12,False
25922,2024-12-11,2,22,19,False
25923,2024-12-11,2,23,13,False
25924,2024-12-11,2,24,11,False
25925,2024-12-11,2,25,16,False
25926,2024-12-11,3,1,33,False
25927,2024-12-11,3,2,19,False
25928,2024-12-11,3,3,6,False
25929,2024-12-11,3,4,19,False
25930,2024-12-11,3,5,7,False
25931,2024-12-11,3,6,18,False
25932,2024-12-11,3,7,19,False
25933,2024-12-11,3,8,20,False
25934,2024-12-11,3,9,10,False
25935,2024-12-11,3,10,23,False
25936,2024-12-11,3,11,21,False
25937,2024-12-11,3,12,14,False
25938,2024-12-11,3,13,6,False
25939,2024-12-11,3,14,20,False
25940,2024-12-11,3,15,5,False
25941,2024-12-11,3,16,7,False
25942,2024-12-11,3,17,12,False
25943,2024-12-11,3,18,11,False
25944,2024-12-11,3,19,14,False
25945,2024-12-11,3,20,7,False
25946,2024-12-11,3,21,11,False
25947,2024-12-11,3,22,9,False
25948,2024-12-11,3,23,6,False
25949,2024-12-11,3,24,5,False
25950,2024-12-11,3,25,8,False
25951,2024-12-12,1,1,50,False
25952,2024-12-12,1,2,28,False
25953,2024-12-12,1,3,29,False
25954,2024-12-12,1,4,40,False
25955,2024-12-12,1,5,17,False
25956,2024-12-12,1,6,54,False
25957,2024-12-12,1,7,26,False
25958,2024-12-12,1,8,29,False
25959,2024-12-12,1,9,23,False
25960,2024-12-12,1,10,54,False
25961,2024-12-12,1,11,38,False
25962,2024-12-12,1,12,45,False
25963,2024-12-12,1,13,22,False
25964,2024-12-12,1,14,33,False
25965,2024-12-12,1,15,24,False
25966,2024-12-12,1,16,17,False
25967,2024-12-12,1,17,33,False
25968,2024-12-12,1,18,31,False
25969,2024-12-12,1,19,41,False
25970,2024-12-12,1,20,14,False
25971,2024-12-12,1,21,20,False
25972,2024-12-12,1,22,26,False
25973,2024-12-12,1,23,13,False
25974,2024-12-12,1,24,6,False
25975,2024-12-12,1,25,39,True
25976,2024-12-12,2,1,28,False
25977,2024-12-12,2,2,23,False
25978,2024-12-12,2,3,24,False
25979,2024-12-12,2,4,21,False
25980,2024-12-12,2,5,14,False
25981,2024-12-12,2,6,28,False
25982,2024-12-12,2,7,26,False
25983,2024-12-12,2,8,33,False
25984,2024-12-12,2,9,17,False
25985,2024-12-12,2,10,20,False
25986,2024-12-12,2,11,38,False
25987,2024-12-12,2,12,32,False
25988,2024-12-12,2,13,19,False
25989,2024-12-12,2,14,24,False
25990,2024-12-12,2,15,11,False
25991,2024-12-12,2,16,13,False
25992,2024-12-12,2,17,26,False
25993,2024-12-12,2,18,22,False
25994,2024-12-12,2,19,31,False
25995,2024-12-12,2,20,8,False
25996,2024-12-12,2,21,16,False
25997,2024-12-12,2,22,13,False
25998,2024-12-12,2,23,13,False
25999,2024-12-12,2,24,11,False
26000,2024-12-12,2,25,23,True
26001,2024-12-12,3,1,36,False
26002,2024-12-12,3,2,16,False
26003,2024-12-12,3,3,13,False
26004,2024-12-12,3,4,15,False
26005,2024-12-12,3,5,14,False
26006,2024-12-12,3,6,12,False
26007,2024-12-12,3,7,7,False
26008,2024-12-12,3,8,16,False
26009,2024-12-12,3,9,11,False
26010,2024-12-12,3,10,24,False
26011,2024-12-12,3,11,29,True
26012,2024-12-12,3,12,20,False
26013,2024-12-12,3,13,13,False
26014,2024-12-12,3,14,13,False
26015,2024-12-12,3,15,8,False
26016,2024-12-12,3,16,4,False
26017,2024-12-12,3,17,13,False
26018,2024-12-12,3,18,12,False
26019,2024-12-12,3,19,17,False
26020,2024-12-12,3,20,2,False
26021,2024-12-12,3,21,8,False
26022,2024-12-12,3,22,9,False
26023,2024-12-12,3,23,3,False
26024,2024-12-12,3,24,11,False
26025,2024-12-12,3,25,13,False
26026,2024-12-13,1,1,58,False
26027,2024-12-13,1,2,40,False
26028,2024-12-13,1,3,42,False
26029,2024-12-13,1,4,37,False
26030,2024-12-13,1,5,24,False
26031,2024-12-13,1,6,36,False
26032,2024-12-13,1,7,34,False
26033,2024-12-13,1,8,43,False
26034,2024-12-13,1,9,31,False
26035,2024-12-13,1,10,45,False
26036,2024-12-13,1,11,39,False
26037,2024-12-13,1,12,63,True
26038,2024-12-13,1,13,38,False
26039,2024-12-13,1,14,35,False
26040,2024-12-13,1,15,28,False
26041,2024-12-13,1,16,11,False
26042,2024-12-13,1,17,37,False
26043,2024-12-13,1,18,27,False
26044,2024-12-13,1,19,49,False
26045,2024-12-13,1,20,16,False
26046,2024-12-13,1,21,15,False
26047,2024-12-13,1,22,26,True
26048,2024-12-13,1,23,14,False
26049,2024-12-13,1,24,19,False
26050,2024-12-13,1,25,27,False
26051,2024-12-13,2,1,43,False
26052,2024-12-13,2,2,23,False
26053,2024-12-13,2,3,22,False
26054,2024-12-13,2,4,36,False
26055,2024-12-13,2,5,25,False
26056,2024-12-13,2,6,27,False
26057,2024-12-13,2,7,28,False
26058,2024-12-13,2,8,26,False
26059,2024-12-13,2,9,38,True
26060,2024-12-13,2,10,31,False
26061,2024-12-13,2,11,32,False
26062,2024-12-13,2,12,34,False
26063,2024-12-13,2,13,19,False
26064,2024-12-13,2,14,25,False
26065,2024-12-13,2,15,10,False
26066,2024-12-13,2,16,18,False
26067,2024-12-13,2,17,21,False
26068,2024-12-13,2,18,22,False
26069,2024-12-13,2,19,39,False
26070,2024-12-13,2,20,22,False
26071,2024-12-13,2,21,9,False
26072,2024-12-13,2,22,15,False
26073,2024-12-13,2,23,26,True
26074,2024-12-13,2,24,6,False
26075,2024-12-13,2,25,10,False
26076,2024-12-13,3,1,33,False
26077,2024-12-13,3,2,17,False
26078,2024-12-13,3,3,14,False
26079,2024-12-13,3,4,11,False
26080,2024-12-13,3,5,7,False
26081,2024-12-13,3,6,15,False
26082,2024-12-13,3,7,15,False
26083,2024-12-13,3,8,25,False
26084,2024-12-13,3,9,7,False
26085,2024-12-13,3,10,36,True
26086,2024-12-13,3,11,17,False
26087,2024-12-13,3,12,20,False
26088,2024-12-13,3,13,9,False
26089,2024-12-13,3,14,23,False
26090,2024-12-13,3,15,11,False
26091,2024-12-13,3,16,4,False
26092,2024-12-13,3,17,9,False
26093,2024-12-13,3,18,17,False
26094,2024-12-13,3,19,17,False
26095,2024-12-13,3,20,14,False
26096,2024-12-13,3,21,5,False
26097,2024-12-13,3,22,11,False
26098,2024-12-13,3,23,4,False
26099,2024-12-13,3,24,8,False
26100,2024-12-13,3,25,7,False
26101,2024-12-14,1,1,76,False
26102,2024-12-14,1,2,43,False
26103,2024-12-14,1,3,46,False
26104,2024-12-14,1,4,74,True
26105,2024-12-14,1,5,25,False
26106,2024-12-14,1,6,90,True
26107,2024-12-14,1,7,44,False
26108,2024-12-14,1,8,56,False
26109,2024-12-14,1,9,39,False
26110,2024-12-14,1,10,54,False
26111,2024-12-14,1,11,73,False
26112,2024-12-14,1,12,57,False
26113,2024-12-14,1,13,29,False
26114,2024-12-14,1,14,38,False
26115,2024-12-14,1,15,21,False
26116,2024-12-14,1,16,25,False
26117,2024-12-14,1,17,37,False
26118,2024-12-14,1,18,45,False
26119,2024-12-14,1,19,51,False
26120,2024-12-14,1,20,27,False
26121,2024-12-14,1,21,25,False
26122,2024-12-14,1,22,21,False
26123,2024-12-14,1,23,24,False
26124,2024-12-14,1,24,25,False
26125,2024-12-14,1,25,27,False
26126,2024-12-14,2,1,39,False
26127,2024-12-14,2,2,23,False
26128,2024-12-14,2,3,22,False
26129,2024-12-14,2,4,58,True
26130,2024-12-14,2,5,25,False
26131,2024-12-14,2,6,30,False
26132,2024-12-14,2,7,30,False
26133,2024-12-14,2,8,40,False
26134,2024-12-14,2,9,14,False
26135,2024-12-14,2,10,50,False
26136,2024-12-14,2,11,63,False
26137,2024-12-14,2,12,50,False
26138,2024-12-14,2,13,15,False
26139,2024-12-14,2,14,42,False
26140,2024-12-14,2,15,15,False
26141,2024-12-14,2,16,21,False
26142,2024-12-14,2,17,28,False
26143,2024-12-14,2,18,20,False
26144,2024-12-14,2,19,30,False
26145,2024-12-14,2,20,18,False
26146,2024-12-14,2,21,14,False
26147,2024-12-14,2,22,16,False
26148,2024-12-14,2,23,6,False
26149,2024-12-14,2,24,15,False
26150,2024-12-14,2,25,14,False
26151,2024-12-14,3,1,24,False
26152,2024-12-14,3,2,21,False
26153,2024-12-14,3,3,13,False
26154,2024-12-14,3,4,21,False
26155,2024-12-14,3,5,7,False
26156,2024-12-14,3,6,29,False
26157,2024-12-14,3,7,21,False
26158,2024-12-14,3,8,21,False
26159,2024-12-14,3,9,13,False
26160,2024-12-14,3,10,46,True
26161,2024-12-14,3,11,26,False
26162,2024-12-14,3,12,27,False
26163,2024-12-14,3,13,18,False
26164,2024-12-14,3,14,23,False
26165,2024-12-14,3,15,9,False
26166,2024-12-14,3,16,11,False
26167,2024-12-14,3,17,14,False
26168,2024-12-14,3,18,13,False
26169,2024-12-14,3,19,35,True
26170,2024-12-14,3,20,15,False
26171,2024-12-14,3,21,12,True
26172,2024-12-14,3,22,13,False
26173,2024-12-14,3,23,6,False
26174,2024-12-14,3,24,9,False
26175,2024-12-14,3,25,16,False
26176,2024-12-15,1,1,68,False
26177,2024-12-15,1,2,51,False
26178,2024-12-15,1,3,41,False
26179,2024-12-15,1,4,65,False
26180,2024-12-15,1,5,32,False
26181,2024-12-15,1,6,64,False
26182,2024-12-15,1,7,48,False
26183,2024-12-15,1,8,62,False
26184,2024-12-15,1,9,31,False
26185,2024-12-15,1,10,58,False
26186,2024-12-15,1,11,59,False
26187,2024-12-15,1,12,61,False
26188,2024-12-15,1,13,38,False
26189,2024-12-15,1,14,45,False
26190,2024-12-15,1,15,29,False
26191,2024-12-15,1,16,20,False
26192,2024-12-15,1,17,66,True
26193,2024-12-15,1,18,45,False
26194,2024-12-15,1,19,86,True
26195,2024-12-15,1,20,26,False
26196,2024-12-15,1,21,29,False
26197,2024-12-15,1,22,22,False
26198,2024-12-15,1,23,16,False
26199,2024-12-15,1,24,18,False
26200,2024-12-15,1,25,22,False
26201,2024-12-15,2,1,42,False
26202,2024-12-15,2,2,25,False
26203,2024-12-15,2,3,25,False
26204,2024-12-15,2,4,36,False
26205,2024-12-15,2,5,18,False
26206,2024-12-15,2,6,47,False
26207,2024-12-15,2,7,36,False
26208,2024-12-15,2,8,27,False
26209,2024-12-15,2,9,23,False
26210,2024-12-15,2,10,38,False
26211,2024-12-15,2,11,44,False
26212,2024-12-15,2,12,38,False
26213,2024-12-15,2,13,26,False
26214,2024-12-15,2,14,28,False
26215,2024-12-15,2,15,19,False
26216,2024-12-15,2,16,9,False
26217,2024-12-15,2,17,34,False
26218,2024-12-15,2,18,41,False
26219,2024-12-15,2,19,39,False
26220,2024-12-15,2,20,19,False
26221,2024-12-15,2,21,16,False
26222,2024-12-15,2,22,17,False
26223,2024-12-15,2,23,15,False
26224,2024-12-15,2,24,11,False
26225,2024-12-15,2,25,21,False
26226,2024-12-15,3,1,22,False
26227,2024-12-15,3,2,21,False
26228,2024-12-15,3,3,17,False
26229,2024-12-15,3,4,26,False
26230,2024-12-15,3,5,14,False
26231,2024-12-15,3,6,19,False
26232,2024-12-15,3,7,19,False
26233,2024-12-15,3,8,19,False
26234,2024-12-15,3,9,10,False
26235,2024-12-15,3,10,13,False
26236,2024-12-15,3,11,25,False
26237,2024-12-15,3,12,26,False
26238,2024-12-15,3,13,15,False
26239,2024-12-15,3,14,14,False
26240,2024-12-15,3,15,10,False
26241,2024-12-15,3,16,6,False
26242,2024-12-15,3,17,15,False
26243,2024-12-15,3,18,19,False
26244,2024-12-15,3,19,23,False
26245,2024-12-15,3,20,7,False
26246,2024-12-15,3,21,2,False
26247,2024-12-15,3,22,5,False
26248,2024-12-15,3,23,11,False
26249,2024-12-15,3,24,9,False
26250,2024-12-15,3,25,6,False
26251,2024-12-16,1,1,51,False
26252,2024-12-16,1,2,29,False
26253,2024-12-16,1,3,35,False
26254,2024-12-16,1,4,55,False
26255,2024-12-16,1,5,16,False
26256,2024-12-16,1,6,32,False
26257,2024-12-16,1,7,35,False
26258,2024-12-16,1,8,43,False
26259,2024-12-16,1,9,31,False
26260,2024-12-16,1,10,44,False
26261,2024-12-16,1,11,45,False
26262,2024-12-16,1,12,53,False
26263,2024-12-16,1,13,23,False
26264,2024-12-16,1,14,38,False
26265,2024-12-16,1,15,18,False
26266,2024-12-16,1,16,14,False
26267,2024-12-16,1,17,32,False
26268,2024-12-16,1,18,46,False
26269,2024-12-16,1,19,39,False
26270,2024-12-16,1,20,15,False
26271,2024-12-16,1,21,27,False
26272,2024-12-16,1,22,16,False
26273,2024-12-16,1,23,8,False
26274,2024-12-16,1,24,12,False
26275,2024-12-16,1,25,13,False
26276,2024-12-16,2,1,49,True
26277,2024-12-16,2,2,27,False
26278,2024-12-16,2,3,27,False
26279,2024-12-16,2,4,35,False
26280,2024-12-16,2,5,16,False
26281,2024-12-16,2,6,37,False
26282,2024-12-16,2,7,14,False
26283,2024-12-16,2,8,35,False
26284,2024-12-16,2,9,23,False
26285,2024-12-16,2,10,44,False
26286,2024-12-16,2,11,33,False
26287,2024-12-16,2,12,35,False
26288,2024-12-16,2,13,22,False
26289,2024-12-16,2,14,18,False
26290,2024-12-16,2,15,13,False
26291,2024-12-16,2,16,18,False
26292,2024-12-16,2,17,20,False
26293,2024-12-16,2,18,20,False
26294,2024-12-16,2,19,27,False
26295,2024-12-16,2,20,21,False
26296,2024-12-16,2,21,11,False
26297,2024-12-16,2,22,23,False
26298,2024-12-16,2,23,15,False
26299,2024-12-16,2,24,10,False
26300,2024-12-16,2,25,8,False
26301,2024-12-16,3,1,9,False
26302,2024-12-16,3,2,12,False
26303,2024-12-16,3,3,16,True
26304,2024-12-16,3,4,10,False
26305,2024-12-16,3,5,9,False
26306,2024-12-16,3,6,26,True
26307,2024-12-16,3,7,17,False
26308,2024-12-16,3,8,21,False
26309,2024-12-16,3,9,7,False
26310,2024-12-16,3,10,21,False
26311,2024-12-16,3,11,15,False
26312,2024-12-16,3,12,18,False
26313,2024-12-16,3,13,12,False
26314,2024-12-16,3,14,18,False
26315,2024-12-16,3,15,19,True
26316,2024-12-16,3,16,11,False
26317,2024-12-16,3,17,14,False
26318,2024-12-16,3,18,15,False
26319,2024-12-16,3,19,19,False
26320,2024-12-16,3,20,8,False
26321,2024-12-16,3,21,7,False
26322,2024-12-16,3,22,4,False
26323,2024-12-16,3,23,12,False
26324,2024-12-16,3,24,4,True
26325,2024-12-16,3,25,8,False
26326,2024-12-17,1,1,62,False
26327,2024-12-17,1,2,37,False
26328,2024-12-17,1,3,36,False
26329,2024-12-17,1,4,40,False
26330,2024-12-17,1,5,18,False
26331,2024-12-17,1,6,34,False
26332,2024-12-17,1,7,40,False
26333,2024-12-17,1,8,34,False
26334,2024-12-17,1,9,50,True
26335,2024-12-17,1,10,60,False
26336,2024-12-17,1,11,50,False
26337,2024-12-17,1,12,40,False
26338,2024-12-17,1,13,23,False
26339,2024-12-17,1,14,30,False
26340,2024-12-17,1,15,14,False
26341,2024-12-17,1,16,15,False
26342,2024-12-17,1,17,46,False
26343,2024-12-17,1,18,25,False
26344,2024-12-17,1,19,42,False
26345,2024-12-17,1,20,22,False
26346,2024-12-17,1,21,17,False
26347,2024-12-17,1,22,22,False
26348,2024-12-17,1,23,14,False
26349,2024-12-17,1,24,11,False
26350,2024-12-17,1,25,18,False
26351,2024-12-17,2,1,27,False
26352,2024-12-17,2,2,24,False
26353,2024-12-17,2,3,25,False
26354,2024-12-17,2,4,22,False
26355,2024-12-17,2,5,19,False
26356,2024-12-17,2,6,34,False
26357,2024-12-17,2,7,22,False
26358,2024-12-17,2,8,23,False
26359,2024-12-17,2,9,20,False
26360,2024-12-17,2,10,26,False
26361,2024-12-17,2,11,31,False
26362,2024-12-17,2,12,25,False
26363,2024-12-17,2,13,17,False
26364,2024-12-17,2,14,23,False
26365,2024-12-17,2,15,21,False
26366,2024-12-17,2,16,15,False
26367,2024-12-17,2,17,20,False
26368,2024-12-17,2,18,25,False
26369,2024-12-17,2,19,28,False
26370,2024-12-17,2,20,13,False
26371,2024-12-17,2,21,14,False
26372,2024-12-17,2,22,14,False
26373,2024-12-17,2,23,15,True
26374,2024-12-17,2,24,15,False
26375,2024-12-17,2,25,13,False
26376,2024-12-17,3,1,19,False
26377,2024-12-17,3,2,16,False
26378,2024-12-17,3,3,12,False
26379,2024-12-17,3,4,13,False
26380,2024-12-17,3,5,8,False
26381,2024-12-17,3,6,22,False
26382,2024-12-17,3,7,16,False
26383,2024-12-17,3,8,12,False
26384,2024-12-17,3,9,11,False
26385,2024-12-17,3,10,24,False
26386,2024-12-17,3,11,21,False
26387,2024-12-17,3,12,13,False
26388,2024-12-17,3,13,7,False
26389,2024-12-17,3,14,6,False
26390,2024-12-17,3,15,6,False
26391,2024-12-17,3,16,12,False
26392,2024-12-17,3,17,14,False
26393,2024-12-17,3,18,13,False
26394,2024-12-17,3,19,14,False
26395,2024-12-17,3,20,5,False
26396,2024-12-17,3,21,11,True
26397,2024-12-17,3,22,11,False
26398,2024-12-17,3,23,7,False
26399,2024-12-17,3,24,4,False
26400,2024-12-17,3,25,6,False
26401,2024-12-18,1,1,41,False
26402,2024-12-18,1,2,45,False
26403,2024-12-18,1,3,34,False
26404,2024-12-18,1,4,47,False
26405,2024-12-18,1,5,30,False
26406,2024-12-18,1,6,40,False
26407,2024-12-18,1,7,39,False
26408,2024-12-18,1,8,36,False
26409,2024-12-18,1,9,17,False
26410,2024-12-18,1,10,45,False
26411,2024-12-18,1,11,61,False
26412,2024-12-18,1,12,52,False
26413,2024-12-18,1,13,19,False
26414,2024-12-18,1,14,41,False
26415,2024-12-18,1,15,22,False
26416,2024-12-18,1,16,22,False
26417,2024-12-18,1,17,26,False
26418,2024-12-18,1,18,34,False
26419,2024-12-18,1,19,39,False
26420,2024-12-18,1,20,22,False
26421,2024-12-18,1,21,21,False
26422,2024-12-18,1,22,23,False
26423,2024-12-18,1,23,12,False
26424,2024-12-18,1,24,17,False
26425,2024-12-18,1,25,26,False
26426,2024-12-18,2,1,33,False
26427,2024-12-18,2,2,27,False
26428,2024-12-18,2,3,17,False
26429,2024-12-18,2,4,51,True
26430,2024-12-18,2,5,12,False
26431,2024-12-18,2,6,32,False
26432,2024-12-18,2,7,36,False
26433,2024-12-18,2,8,22,False
26434,2024-12-18,2,9,17,False
26435,2024-12-18,2,10,36,False
26436,2024-12-18,2,11,27,False
26437,2024-12-18,2,12,21,False
26438,2024-12-18,2,13,23,False
26439,2024-12-18,2,14,30,False
26440,2024-12-18,2,15,17,False
26441,2024-12-18,2,16,12,False
26442,2024-12-18,2,17,15,False
26443,2024-12-18,2,18,36,False
26444,2024-12-18,2,19,20,False
26445,2024-12-18,2,20,20,False
26446,2024-12-18,2,21,11,False
26447,2024-12-18,2,22,18,False
26448,2024-12-18,2,23,16,False
26449,2024-12-18,2,24,9,False
26450,2024-12-18,2,25,14,False
26451,2024-12-18,3,1,20,False
26452,2024-12-18,3,2,15,False
26453,2024-12-18,3,3,10,False
26454,2024-12-18,3,4,17,False
26455,2024-12-18,3,5,18,False
26456,2024-12-18,3,6,25,False
26457,2024-12-18,3,7,17,False
26458,2024-12-18,3,8,13,False
26459,2024-12-18,3,9,12,False
26460,2024-12-18,3,10,16,False
26461,2024-12-18,3,11,16,False
26462,2024-12-18,3,12,18,False
26463,2024-12-18,3,13,17,False
26464,2024-12-18,3,14,15,False
26465,2024-12-18,3,15,7,False
26466,2024-12-18,3,16,12,False
26467,2024-12-18,3,17,15,False
26468,2024-12-18,3,18,21,False
26469,2024-12-18,3,19,21,False
26470,2024-12-18,3,20,6,False
26471,2024-12-18,3,21,4,False
26472,2024-12-18,3,22,4,False
26473,2024-12-18,3,23,7,False
26474,2024-12-18,3,24,6,False
26475,2024-12-18,3,25,14,False
26476,2024-12-19,1,1,52,False
26477,2024-12-19,1,2,37,False
26478,2024-12-19,1,3,25,False
26479,2024-12-19,1,4,30,False
26480,2024-12-19,1,5,14,False
26481,2024-12-19,1,6,42,False
26482,2024-12-19,1,7,35,False
26483,2024-12-19,1,8,41,False
26484,2024-12-19,1,9,29,False
26485,2024-12-19,1,10,40,False
26486,2024-12-19,1,11,36,False
26487,2024-12-19,1,12,44,False
26488,2024-12-19,1,13,18,False
26489,2024-12-19,1,14,29,False
26490,2024-12-19,1,15,29,False
26491,2024-12-19,1,16,15,False
26492,2024-12-19,1,17,44,False
26493,2024-12-19,1,18,31,False
26494,2024-12-19,1,19,42,False
26495,2024-12-19,1,20,21,False
26496,2024-12-19,1,21,20,False
26497,2024-12-19,1,22,21,False
26498,2024-12-19,1,23,19,True
26499,2024-12-19,1,24,12,False
26500,2024-12-19,1,25,12,False
26501,2024-12-19,2,1,47,False
26502,2024-12-19,2,2,25,False
26503,2024-12-19,2,3,17,False
26504,2024-12-19,2,4,36,False
26505,2024-12-19,2,5,10,False
26506,2024-12-19,2,6,37,False
26507,2024-12-19,2,7,33,False
26508,2024-12-19,2,8,30,False
26509,2024-12-19,2,9,25,False
26510,2024-12-19,2,10,21,False
26511,2024-12-19,2,11,39,False
26512,2024-12-19,2,12,22,False
26513,2024-12-19,2,13,32,False
26514,2024-12-19,2,14,34,True
26515,2024-12-19,2,15,11,False
26516,2024-12-19,2,16,11,False
26517,2024-12-19,2,17,17,False
26518,2024-12-19,2,18,24,False
26519,2024-12-19,2,19,30,False
26520,2024-12-19,2,20,20,False
26521,2024-12-19,2,21,14,False
26522,2024-12-19,2,22,15,False
26523,2024-12-19,2,23,12,False
26524,2024-12-19,2,24,5,False
26525,2024-12-19,2,25,15,False
26526,2024-12-19,3,1,15,False
26527,2024-12-19,3,2,13,False
26528,2024-12-19,3,3,10,False
26529,2024-12-19,3,4,15,False
26530,2024-12-19,3,5,11,False
26531,2024-12-19,3,6,22,False
26532,2024-12-19,3,7,10,False
26533,2024-12-19,3,8,20,False
26534,2024-12-19,3,9,13,False
26535,2024-12-19,3,10,24,False
26536,2024-12-19,3,11,20,False
26537,2024-12-19,3,12,14,False
26538,2024-12-19,3,13,21,False
26539,2024-12-19,3,14,12,False
26540,2024-12-19,3,15,8,False
26541,2024-12-19,3,16,6,False
26542,2024-12-19,3,17,16,False
26543,2024-12-19,3,18,11,False
26544,2024-12-19,3,19,23,False
26545,2024-12-19,3,20,15,True
26546,2024-12-19,3,21,7,False
26547,2024-12-19,3,22,12,False
26548,2024-12-19,3,23,3,False
26549,2024-12-19,3,24,1,False
26550,2024-12-19,3,25,13,False
26551,2024-12-20,1,1,63,False
26552,2024-12-20,1,2,40,False
26553,2024-12-20,1,3,31,False
26554,2024-12-20,1,4,41,False
26555,2024-12-20,1,5,28,False
26556,2024-12-20,1,6,50,False
26557,2024-12-20,1,7,29,False
26558,2024-12-20,1,8,62,False
26559,2024-12-20,1,9,31,False
26560,2024-12-20,1,10,53,False
26561,2024-12-20,1,11,45,False
26562,2024-12-20,1,12,55,False
26563,2024-12-20,1,13,24,False
26564,2024-12-20,1,14,33,False
26565,2024-12-20,1,15,19,False
26566,2024-12-20,1,16,14,False
26567,2024-12-20,1,17,31,False
26568,2024-12-20,1,18,28,False
26569,2024-12-20,1,19,40,False
26570,2024-12-20,1,20,34,True
26571,2024-12-20,1,21,10,False
26572,2024-12-20,1,22,16,False
26573,2024-12-20,1,23,10,False
26574,2024-12-20,1,24,9,False
26575,2024-12-20,1,25,24,False
26576,2024-12-20,2,1,28,False
26577,2024-12-20,2,2,22,False
26578,2024-12-20,2,3,14,False
26579,2024-12-20,2,4,30,False
26580,2024-12-20,2,5,14,False
26581,2024-12-20,2,6,35,False
26582,2024-12-20,2,7,25,False
26583,2024-12-20,2,8,27,False
26584,2024-12-20,2,9,13,False
26585,2024-12-20,2,10,29,False
26586,2024-12-20,2,11,33,False
26587,2024-12-20,2,12,26,False
26588,2024-12-20,2,13,29,False
26589,2024-12-20,2,14,24,False
26590,2024-12-20,2,15,9,False
26591,2024-12-20,2,16,8,False
26592,2024-12-20,2,17,22,False
26593,2024-12-20,2,18,21,False
26594,2024-12-20,2,19,17,False
26595,2024-12-20,2,20,16,False
26596,2024-12-20,2,21,11,False
26597,2024-12-20,2,22,9,False
26598,2024-12-20,2,23,12,False
26599,2024-12-20,2,24,13,True
26600,2024-12-20,2,25,14,False
26601,2024-12-20,3,1,26,False
26602,2024-12-20,3,2,19,False
26603,2024-12-20,3,3,11,False
26604,2024-12-20,3,4,33,True
26605,2024-12-20,3,5,5,False
26606,2024-12-20,3,6,12,False
26607,2024-12-20,3,7,16,False
26608,2024-12-20,3,8,30,True
26609,2024-12-20,3,9,6,False
26610,2024-12-20,3,10,20,False
26611,2024-12-20,3,11,15,False
26612,2024-12-20,3,12,23,False
26613,2024-12-20,3,13,14,False
26614,2024-12-20,3,14,12,False
26615,2024-12-20,3,15,10,False
26616,2024-12-20,3,16,7,False
26617,2024-12-20,3,17,18,False
26618,2024-12-20,3,18,14,False
26619,2024-12-20,3,19,14,False
26620,2024-12-20,3,20,10,False
26621,2024-12-20,3,21,9,False
26622,2024-12-20,3,22,6,False
26623,2024-12-20,3,23,7,False
26624,2024-12-20,3,24,8,False
26625,2024-12-20,3,25,12,False
26626,2024-12-21,1,1,57,False
26627,2024-12-21,1,2,54,False
26628,2024-12-21,1,3,59,True
26629,2024-12-21,1,4,65,False
26630,2024-12-21,1,5,27,False
26631,2024-12-21,1,6,45,False
26632,2024-12-21,1,7,39,False
26633,2024-12-21,1,8,56,False
26634,2024-12-21,1,9,31,False
26635,2024-12-21,1,10,60,False
26636,2024-12-21,1,11,50,False
26637,2024-12-21,1,12,56,False
26638,2024-12-21,1,13,34,False
26639,2024-12-21,1,14,47,False
26640,2024-12-21,1,15,24,False
26641,2024-12-21,1,16,22,False
26642,2024-12-21,1,17,44,False
26643,2024-12-21,1,18,41,False
26644,2024-12-21,1,19,52,False
26645,2024-12-21,1,20,24,False
26646,2024-12-21,1,21,21,False
26647,2024-12-21,1,22,21,False
26648,2024-12-21,1,23,23,False
26649,2024-12-21,1,24,16,False
26650,2024-12-21,1,25,27,False
26651,2024-12-21,2,1,49,False
26652,2024-12-21,2,2,33,False
26653,2024-12-21,2,3,18,False
26654,2024-12-21,2,4,43,False
26655,2024-12-21,2,5,13,False
26656,2024-12-21,2,6,31,False
26657,2024-12-21,2,7,41,False
26658,2024-12-21,2,8,45,False
26659,2024-12-21,2,9,21,False
26660,2024-12-21,2,10,37,False
26661,2024-12-21,2,11,48,False
26662,2024-12-21,2,12,33,False
26663,2024-12-21,2,13,20,False
26664,2024-12-21,2,14,36,False
26665,2024-12-21,2,15,22,False
26666,2024-12-21,2,16,12,False
26667,2024-12-21,2,17,26,False
26668,2024-12-21,2,18,51,True
26669,2024-12-21,2,19,32,False
26670,2024-12-21,2,20,22,False
26671,2024-12-21,2,21,13,False
26672,2024-12-21,2,22,12,False
26673,2024-12-21,2,23,18,False
26674,2024-12-21,2,24,10,False
26675,2024-12-21,2,25,19,False
26676,2024-12-21,3,1,29,False
26677,2024-12-21,3,2,13,False
26678,2024-12-21,3,3,18,False
26679,2024-12-21,3,4,25,False
26680,2024-12-21,3,5,9,False
26681,2024-12-21,3,6,18,False
26682,2024-12-21,3,7,12,False
26683,2024-12-21,3,8,25,False
26684,2024-12-21,3,9,30,True
26685,2024-12-21,3,10,24,False
26686,2024-12-21,3,11,28,False
26687,2024-12-21,3,12,22,False
26688,2024-12-21,3,13,16,False
26689,2024-12-21,3,14,14,False
26690,2024-12-21,3,15,10,False
26691,2024-12-21,3,16,4,False
26692,2024-12-21,3,17,16,False
26693,2024-12-21,3,18,14,False
26694,2024-12-21,3,19,26,False
26695,2024-12-21,3,20,16,False
26696,2024-12-21,3,21,10,False
26697,2024-12-21,3,22,15,False
26698,2024-12-21,3,23,8,False
26699,2024-12-21,3,24,8,False
26700,2024-12-21,3,25,12,False
26701,2024-12-22,1,1,59,False
26702,2024-12-22,1,2,34,False
26703,2024-12-22,1,3,46,False
26704,2024-12-22,1,4,58,False
26705,2024-12-22,1,5,30,False
26706,2024-12-22,1,6,51,False
26707,2024-12-22,1,7,40,False
26708,2024-12-22,1,8,66,False
26709,2024-12-22,1,9,36,False
26710,2024-12-22,1,10,57,False
26711,2024-12-22,1,11,59,False
26712,2024-12-22,1,12,52,False
26713,2024-12-22,1,13,25,False
26714,2024-12-22,1,14,45,False
26715,2024-12-22,1,15,14,False
26716,2024-12-22,1,16,21,False
26717,2024-12-22,1,17,30,False
26718,2024-12-22,1,18,62,True
26719,2024-12-22,1,19,51,False
26720,2024-12-22,1,20,18,False
26721,2024-12-22,1,21,22,False
26722,2024-12-22,1,22,20,False
26723,2024-12-22,1,23,21,False
26724,2024-12-22,1,24,21,False
26725,2024-12-22,1,25,25,False
26726,2024-12-22,2,1,39,False
26727,2024-12-22,2,2,35,False
26728,2024-12-22,2,3,15,False
26729,2024-12-22,2,4,29,False
26730,2024-12-22,2,5,21,False
26731,2024-12-22,2,6,32,False
26732,2024-12-22,2,7,35,False
26733,2024-12-22,2,8,40,False
26734,2024-12-22,2,9,43,True
26735,2024-12-22,2,10,67,True
26736,2024-12-22,2,11,46,False
26737,2024-12-22,2,12,48,False
26738,2024-12-22,2,13,19,False
26739,2024-12-22,2,14,32,False
26740,2024-12-22,2,15,22,False
26741,2024-12-22,2,16,11,False
26742,2024-12-22,2,17,43,True
26743,2024-12-22,2,18,27,False
26744,2024-12-22,2,19,26,False
26745,2024-12-22,2,20,15,False
26746,2024-12-22,2,21,13,False
26747,2024-12-22,2,22,18,False
26748,2024-12-22,2,23,13,False
26749,2024-12-22,2,24,16,False
26750,2024-12-22,2,25,20,False
26751,2024-12-22,3,1,27,False
26752,2024-12-22,3,2,12,False
26753,2024-12-22,3,3,11,False
26754,2024-12-22,3,4,17,False
26755,2024-12-22,3,5,15,False
26756,2024-12-22,3,6,20,False
26757,2024-12-22,3,7,17,False
26758,2024-12-22,3,8,23,False
26759,2024-12-22,3,9,16,False
26760,2024-12-22,3,10,26,False
26761,2024-12-22,3,11,15,False
26762,2024-12-22,3,12,20,False
26763,2024-12-22,3,13,11,False
26764,2024-12-22,3,14,19,False
26765,2024-12-22,3,15,6,False
26766,2024-12-22,3,16,7,False
26767,2024-12-22,3,17,17,False
26768,2024-12-22,3,18,18,False
26769,2024-12-22,3,19,28,False
26770,2024-12-22,3,20,13,False
26771,2024-12-22,3,21,12,True
26772,2024-12-22,3,22,11,False
26773,2024-12-22,3,23,8,False
26774,2024-12-22,3,24,10,False
26775,2024-12-22,3,25,18,False
26776,2024-12-23,1,1,48,False
26777,2024-12-23,1,2,30,False
26778,2024-12-23,1,3,26,False
26779,2024-12-23,1,4,39,False
26780,2024-12-23,1,5,33,True
26781,2024-12-23,1,6,42,False
26782,2024-12-23,1,7,43,False
26783,2024-12-23,1,8,43,False
26784,2024-12-23,1,9,18,False
26785,2024-12-23,1,10,40,False
26786,2024-12-23,1,11,56,False
26787,2024-12-23,1,12,53,False
26788,2024-12-23,1,13,29,False
26789,2024-12-23,1,14,33,False
26790,2024-12-23,1,15,22,False
26791,2024-12-23,1,16,12,False
26792,2024-12-23,1,17,25,False
26793,2024-12-23,1,18,37,False
26794,2024-12-23,1,19,41,False
26795,2024-12-23,1,20,25,False
26796,2024-12-23,1,21,18,False
26797,2024-12-23,1,22,23,False
26798,2024-12-23,1,23,16,False
26799,2024-12-23,1,24,12,False
26800,2024-12-23,1,25,25,False
26801,2024-12-23,2,1,32,False
26802,2024-12-23,2,2,35,False
26803,2024-12-23,2,3,24,False
26804,2024-12-23,2,4,23,False
26805,2024-12-23,2,5,19,False
26806,2024-12-23,2,6,27,False
26807,2024-12-23,2,7,29,False
26808,2024-12-23,2,8,30,False
26809,2024-12-23,2,9,17,False
26810,2024-12-23,2,10,36,False
26811,2024-12-23,2,11,37,False
26812,2024-12-23,2,12,33,False
26813,2024-12-23,2,13,18,False
26814,2024-12-23,2,14,20,False
26815,2024-12-23,2,15,22,False
26816,2024-12-23,2,16,7,False
26817,2024-12-23,2,17,16,False
26818,2024-12-23,2,18,25,False
26819,2024-12-23,2,19,25,False
26820,2024-12-23,2,20,16,False
26821,2024-12-23,2,21,15,False
26822,2024-12-23,2,22,12,False
26823,2024-12-23,2,23,12,False
26824,2024-12-23,2,24,4,False
26825,2024-12-23,2,25,13,False
26826,2024-12-23,3,1,22,False
26827,2024-12-23,3,2,10,False
26828,2024-12-23,3,3,8,False
26829,2024-12-23,3,4,27,True
26830,2024-12-23,3,5,6,False
26831,2024-12-23,3,6,19,False
26832,2024-12-23,3,7,15,False
26833,2024-12-23,3,8,15,False
26834,2024-12-23,3,9,15,False
26835,2024-12-23,3,10,22,True
26836,2024-12-23,3,11,16,False
26837,2024-12-23,3,12,14,False
26838,2024-12-23,3,13,12,False
26839,2024-12-23,3,14,15,False
26840,2024-12-23,3,15,10,True
26841,2024-12-23,3,16,8,False
26842,2024-12-23,3,17,26,True
26843,2024-12-23,3,18,14,False
26844,2024-12-23,3,19,15,False
26845,2024-12-23,3,20,7,False
26846,2024-12-23,3,21,7,False
26847,2024-12-23,3,22,12,True
26848,2024-12-23,3,23,5,False
26849,2024-12-23,3,24,2,False
26850,2024-12-23,3,25,12,False
26851,2024-12-24,1,1,42,False
26852,2024-12-24,1,2,30,False
26853,2024-12-24,1,3,29,False
26854,2024-12-24,1,4,33,False
26855,2024-12-24,1,5,14,False
26856,2024-12-24,1,6,42,False
26857,2024-12-24,1,7,39,False
26858,2024-12-24,1,8,40,False
26859,2024-12-24,1,9,27,False
26860,2024-12-24,1,10,39,False
26861,2024-12-24,1,11,55,False
26862,2024-12-24,1,12,42,False
26863,2024-12-24,1,13,23,False
26864,2024-12-24,1,14,32,False
26865,2024-12-24,1,15,20,False
26866,2024-12-24,1,16,10,False
26867,2024-12-24,1,17,30,False
26868,2024-12-24,1,18,35,False
26869,2024-12-24,1,19,44,False
26870,2024-12-24,1,20,25,False
26871,2024-12-24,1,21,23,False
26872,2024-12-24,1,22,21,False
26873,2024-12-24,1,23,12,False
26874,2024-12-24,1,24,11,False
26875,2024-12-24,1,25,26,False
26876,2024-12-24,2,1,33,False
26877,2024-12-24,2,2,26,False
26878,2024-12-24,2,3,26,False
26879,2024-12-24,2,4,39,False
26880,2024-12-24,2,5,20,False
26881,2024-12-24,2,6,28,False
26882,2024-12-24,2,7,30,False
26883,2024-12-24,2,8,22,False
26884,2024-12-24,2,9,25,False
26885,2024-12-24,2,10,29,False
26886,2024-12-24,2,11,35,False
26887,2024-12-24,2,12,21,False
26888,2024-12-24,2,13,12,False
26889,2024-12-24,2,14,15,False
26890,2024-12-24,2,15,10,False
26891,2024-12-24,2,16,16,False
26892,2024-12-24,2,17,15,False
26893,2024-12-24,2,18,21,False
26894,2024-12-24,2,19,32,False
26895,2024-12-24,2,20,20,False
26896,2024-12-24,2,21,9,False
26897,2024-12-24,2,22,11,False
26898,2024-12-24,2,23,2,False
26899,2024-12-24,2,24,1,False
26900,2024-12-24,2,25,22,False
26901,2024-12-24,3,1,18,False
26902,2024-12-24,3,2,16,False
26903,2024-12-24,3,3,7,False
26904,2024-12-24,3,4,23,False
26905,2024-12-24,3,5,6,False
26906,2024-12-24,3,6,16,False
26907,2024-12-24,3,7,12,False
26908,2024-12-24,3,8,17,False
26909,2024-12-24,3,9,20,False
26910,2024-12-24,3,10,16,False
26911,2024-12-24,3,11,31,True
26912,2024-12-24,3,12,12,False
26913,2024-12-24,3,13,13,False
26914,2024-12-24,3,14,12,False
26915,2024-12-24,3,15,8,False
26916,2024-12-24,3,16,11,False
26917,2024-12-24,3,17,4,False
26918,2024-12-24,3,18,16,False
26919,2024-12-24,3,19,17,False
26920,2024-12-24,3,20,8,False
26921,2024-12-24,3,21,11,False
26922,2024-12-24,3,22,9,False
26923,2024-12-24,3,23,8,False
26924,2024-12-24,3,24,4,False
26925,2024-12-24,3,25,9,False
26926,2024-12-25,1,1,57,False
26927,2024-12-25,1,2,41,False
26928,2024-12-25,1,3,56,True
26929,2024-12-25,1,4,38,False
26930,2024-12-25,1,5,19,False
26931,2024-12-25,1,6,46,False
26932,2024-12-25,1,7,41,False
26933,2024-12-25,1,8,41,False
26934,2024-12-25,1,9,34,False
26935,2024-12-25,1,10,41,False
26936,2024-12-25,1,11,45,False
26937,2024-12-25,1,12,36,False
26938,2024-12-25,1,13,22,False
26939,2024-12-25,1,14,39,False
26940,2024-12-25,1,15,20,False
26941,2024-12-25,1,16,17,False
26942,2024-12-25,1,17,27,False
26943,2024-12-25,1,18,32,False
26944,2024-12-25,1,19,34,False
26945,2024-12-25,1,20,27,False
26946,2024-12-25,1,21,18,False
26947,2024-12-25,1,22,17,False
26948,2024-12-25,1,23,15,False
26949,2024-12-25,1,24,13,False
26950,2024-12-25,1,25,23,False
26951,2024-12-25,2,1,38,False
26952,2024-12-25,2,2,33,False
26953,2024-12-25,2,3,17,False
26954,2024-12-25,2,4,24,False
26955,2024-12-25,2,5,27,True
26956,2024-12-25,2,6,60,True
26957,2024-12-25,2,7,30,False
26958,2024-12-25,2,8,31,False
26959,2024-12-25,2,9,23,False
26960,2024-12-25,2,10,41,False
26961,2024-12-25,2,11,33,False
26962,2024-12-25,2,12,35,False
26963,2024-12-25,2,13,24,False
26964,2024-12-25,2,14,34,False
26965,2024-12-25,2,15,10,False
26966,2024-12-25,2,16,10,False
26967,2024-12-25,2,17,26,False
26968,2024-12-25,2,18,23,False
26969,2024-12-25,2,19,34,False
26970,2024-12-25,2,20,16,False
26971,2024-12-25,2,21,11,False
26972,2024-12-25,2,22,13,False
26973,2024-12-25,2,23,5,False
26974,2024-12-25,2,24,7,False
26975,2024-12-25,2,25,18,False
26976,2024-12-25,3,1,21,False
26977,2024-12-25,3,2,17,False
26978,2024-12-25,3,3,16,False
26979,2024-12-25,3,4,13,False
26980,2024-12-25,3,5,8,False
26981,2024-12-25,3,6,12,False
26982,2024-12-25,3,7,11,False
26983,2024-12-25,3,8,32,True
26984,2024-12-25,3,9,20,False
26985,2024-12-25,3,10,19,False
26986,2024-12-25,3,11,26,False
26987,2024-12-25,3,12,25,False
26988,2024-12-25,3,13,9,False
26989,2024-12-25,3,14,13,False
26990,2024-12-25,3,15,11,False
26991,2024-12-25,3,16,4,False
26992,2024-12-25,3,17,11,False
26993,2024-12-25,3,18,7,False
26994,2024-12-25,3,19,18,False
26995,2024-12-25,3,20,9,False
26996,2024-12-25,3,21,14,True
26997,2024-12-25,3,22,5,False
26998,2024-12-25,3,23,5,False
26999,2024-12-25,3,24,7,False
27000,2024-12-25,3,25,6,False
27001,2024-12-26,1,1,50,False
27002,2024-12-26,1,2,45,False
27003,2024-12-26,1,3,25,False
27004,2024-12-26,1,4,46,False
27005,2024-12-26,1,5,24,False
27006,2024-12-26,1,6,28,False
27007,2024-12-26,1,7,46,False
27008,2024-12-26,1,8,40,False
27009,2024-12-26,1,9,28,False
27010,2024-12-26,1,10,43,False
27011,2024-12-26,1,11,50,False
27012,2024-12-26,1,12,50,False
27013,2024-12-26,1,13,28,False
27014,2024-12-26,1,14,42,False
27015,2024-12-26,1,15,16,False
27016,2024-12-26,1,16,19,False
27017,2024-12-26,1,17,32,False
27018,2024-12-26,1,18,46,True
27019,2024-12-26,1,19,37,False
27020,2024-12-26,1,20,22,False
27021,2024-12-26,1,21,17,False
27022,2024-12-26,1,22,12,False
27023,2024-12-26,1,23,24,False
27024,2024-12-26,1,24,13,False
27025,2024-12-26,1,25,24,False
27026,2024-12-26,2,1,41,False
27027,2024-12-26,2,2,29,False
27028,2024-12-26,2,3,23,False
27029,2024-12-26,2,4,23,False
27030,2024-12-26,2,5,16,False
27031,2024-12-26,2,6,37,False
27032,2024-12-26,2,7,23,False
27033,2024-12-26,2,8,27,False
27034,2024-12-26,2,9,24,False
27035,2024-12-26,2,10,26,False
27036,2024-12-26,2,11,27,False
27037,2024-12-26,2,12,48,False
27038,2024-12-26,2,13,16,False
27039,2024-12-26,2,14,31,False
27040,2024-12-26,2,15,15,False
27041,2024-12-26,2,16,11,False
27042,2024-12-26,2,17,26,False
27043,2024-12-26,2,18,28,False
27044,2024-12-26,2,19,27,False
27045,2024-12-26,2,20,19,False
27046,2024-12-26,2,21,12,False
27047,2024-12-26,2,22,13,False
27048,2024-12-26,2,23,7,False
27049,2024-12-26,2,24,11,False
27050,2024-12-26,2,25,8,False
27051,2024-12-26,3,1,21,False
27052,2024-12-26,3,2,22,True
27053,2024-12-26,3,3,19,False
27054,2024-12-26,3,4,18,False
27055,2024-12-26,3,5,13,False
27056,2024-12-26,3,6,29,False
27057,2024-12-26,3,7,11,False
27058,2024-12-26,3,8,18,False
27059,2024-12-26,3,9,13,False
27060,2024-12-26,3,10,25,False
27061,2024-12-26,3,11,21,False
27062,2024-12-26,3,12,18,False
27063,2024-12-26,3,13,4,False
27064,2024-12-26,3,14,11,False
27065,2024-12-26,3,15,14,False
27066,2024-12-26,3,16,7,False
27067,2024-12-26,3,17,11,False
27068,2024-12-26,3,18,12,False
27069,2024-12-26,3,19,14,False
27070,2024-12-26,3,20,10,False
27071,2024-12-26,3,21,10,False
27072,2024-12-26,3,22,4,False
27073,2024-12-26,3,23,5,False
27074,2024-12-26,3,24,8,False
27075,2024-12-26,3,25,4,False
27076,2024-12-27,1,1,58,False
27077,2024-12-27,1,2,36,False
27078,2024-12-27,1,3,35,False
27079,2024-12-27,1,4,46,False
27080,2024-12-27,1,5,16,False
27081,2024-12-27,1,6,30,False
27082,2024-12-27,1,7,39,False
27083,2024-12-27,1,8,42,False
27084,2024-12-27,1,9,27,False
27085,2024-12-27,1,10,41,False
27086,2024-12-27,1,11,46,False
27087,2024-12-27,1,12,29,False
27088,2024-12-27,1,13,20,False
27089,2024-12-27,1,14,42,False
27090,2024-12-27,1,15,11,False
27091,2024-12-27,1,16,18,False
27092,2024-12-27,1,17,28,False
27093,2024-12-27,1,18,54,True
27094,2024-12-27,1,19,43,False
27095,2024-12-27,1,20,44,True
27096,2024-12-27,1,21,14,False
27097,2024-12-27,1,22,19,False
27098,2024-12-27,1,23,15,False
27099,2024-12-27,1,24,8,False
27100,2024-12-27,1,25,26,False
27101,2024-12-27,2,1,42,False
27102,2024-12-27,2,2,17,False
27103,2024-12-27,2,3,15,False
27104,2024-12-27,2,4,34,False
27105,2024-12-27,2,5,13,False
27106,2024-12-27,2,6,26,False
27107,2024-12-27,2,7,32,False
27108,2024-12-27,2,8,24,False
27109,2024-12-27,2,9,21,False
27110,2024-12-27,2,10,49,False
27111,2024-12-27,2,11,37,False
27112,2024-12-27,2,12,24,False
27113,2024-12-27,2,13,21,False
27114,2024-12-27,2,14,26,False
27115,2024-12-27,2,15,14,False
27116,2024-12-27,2,16,28,True
27117,2024-12-27,2,17,19,False
27118,2024-12-27,2,18,22,False
27119,2024-12-27,2,19,33,False
27120,2024-12-27,2,20,14,False
27121,2024-12-27,2,21,14,False
27122,2024-12-27,2,22,16,False
27123,2024-12-27,2,23,10,False
27124,2024-12-27,2,24,18,False
27125,2024-12-27,2,25,7,False
27126,2024-12-27,3,1,26,False
27127,2024-12-27,3,2,12,False
27128,2024-12-27,3,3,11,False
27129,2024-12-27,3,4,18,False
27130,2024-12-27,3,5,5,False
27131,2024-12-27,3,6,18,False
27132,2024-12-27,3,7,12,False
27133,2024-12-27,3,8,24,False
27134,2024-12-27,3,9,15,False
27135,2024-12-27,3,10,28,False
27136,2024-12-27,3,11,25,False
27137,2024-12-27,3,12,19,False
27138,2024-12-27,3,13,6,False
27139,2024-12-27,3,14,14,False
27140,2024-12-27,3,15,18,False
27141,2024-12-27,3,16,9,False
27142,2024-12-27,3,17,17,False
27143,2024-12-27,3,18,12,False
27144,2024-12-27,3,19,16,False
27145,2024-12-27,3,20,11,False
27146,2024-12-27,3,21,7,False
27147,2024-12-27,3,22,6,False
27148,2024-12-27,3,23,2,False
27149,2024-12-27,3,24,9,False
27150,2024-12-27,3,25,13,False
27151,2024-12-28,1,1,69,False
27152,2024-12-28,1,2,33,False
27153,2024-12-28,1,3,41,False
27154,2024-12-28,1,4,45,False
27155,2024-12-28,1,5,32,False
27156,2024-12-28,1,6,60,False
27157,2024-12-28,1,7,41,False
27158,2024-12-28,1,8,35,False
27159,2024-12-28,1,9,43,False
27160,2024-12-28,1,10,59,False
27161,2024-12-28,1,11,82,False
27162,2024-12-28,1,12,42,False
27163,2024-12-28,1,13,26,False
27164,2024-12-28,1,14,56,False
27165,2024-12-28,1,15,25,False
27166,2024-12-28,1,16,13,False
27167,2024-12-28,1,17,33,False
27168,2024-12-28,1,18,27,False
27169,2024-12-28,1,19,50,False
27170,2024-12-28,1,20,32,False
27171,2024-12-28,1,21,24,False
27172,2024-12-28,1,22,26,False
27173,2024-12-28,1,23,14,False
27174,2024-12-28,1,24,18,False
27175,2024-12-28,1,25,24,False
27176,2024-12-28,2,1,45,False
27177,2024-12-28,2,2,29,False
27178,2024-12-28,2,3,24,False
27179,2024-12-28,2,4,32,False
27180,2024-12-28,2,5,14,False
27181,2024-12-28,2,6,35,False
27182,2024-12-28,2,7,26,False
27183,2024-12-28,2,8,36,False
27184,2024-12-28,2,9,21,False
27185,2024-12-28,2,10,41,False
27186,2024-12-28,2,11,34,False
27187,2024-12-28,2,12,41,False
27188,2024-12-28,2,13,17,False
27189,2024-12-28,2,14,33,False
27190,2024-12-28,2,15,18,False
27191,2024-12-28,2,16,23,False
27192,2024-12-28,2,17,27,False
27193,2024-12-28,2,18,29,False
27194,2024-12-28,2,19,27,False
27195,2024-12-28,2,20,15,False
27196,2024-12-28,2,21,9,False
27197,2024-12-28,2,22,21,False
27198,2024-12-28,2,23,21,False
27199,2024-12-28,2,24,17,True
27200,2024-12-28,2,25,24,False
27201,2024-12-28,3,1,27,False
27202,2024-12-28,3,2,26,False
27203,2024-12-28,3,3,17,False
27204,2024-12-28,3,4,22,False
27205,2024-12-28,3,5,9,False
27206,2024-12-28,3,6,22,False
27207,2024-12-28,3,7,12,False
27208,2024-12-28,3,8,15,False
27209,2024-12-28,3,9,18,False
27210,2024-12-28,3,10,25,False
27211,2024-12-28,3,11,21,False
27212,2024-12-28,3,12,18,False
27213,2024-12-28,3,13,13,False
27214,2024-12-28,3,14,7,False
27215,2024-12-28,3,15,8,False
27216,2024-12-28,3,16,11,False
27217,2024-12-28,3,17,13,False
27218,2024-12-28,3,18,19,False
27219,2024-12-28,3,19,21,False
27220,2024-12-28,3,20,12,False
27221,2024-12-28,3,21,9,False
27222,2024-12-28,3,22,8,False
27223,2024-12-28,3,23,7,False
27224,2024-12-28,3,24,2,False
27225,2024-12-28,3,25,8,False
27226,2024-12-29,1,1,59,False
27227,2024-12-29,1,2,44,False
27228,2024-12-29,1,3,53,True
27229,2024-12-29,1,4,48,False
27230,2024-12-29,1,5,23,False
27231,2024-12-29,1,6,46,False
27232,2024-12-29,1,7,35,False
27233,2024-12-29,1,8,40,False
27234,2024-12-29,1,9,50,False
27235,2024-12-29,1,10,75,False
27236,2024-12-29,1,11,50,False
27237,2024-12-29,1,12,37,False
27238,2024-12-29,1,13,31,False
27239,2024-12-29,1,14,43,False
27240,2024-12-29,1,15,22,False
27241,2024-12-29,1,16,15,False
27242,2024-12-29,1,17,29,False
27243,2024-12-29,1,18,53,False
27244,2024-12-29,1,19,54,False
27245,2024-12-29,1,20,23,False
27246,2024-12-29,1,21,28,False
27247,2024-12-29,1,22,25,False
27248,2024-12-29,1,23,35,True
27249,2024-12-29,1,24,10,False
27250,2024-12-29,1,25,32,False
27251,2024-12-29,2,1,57,False
27252,2024-12-29,2,2,37,False
27253,2024-12-29,2,3,17,False
27254,2024-12-29,2,4,34,False
27255,2024-12-29,2,5,25,False
27256,2024-12-29,2,6,35,False
27257,2024-12-29,2,7,27,False
27258,2024-12-29,2,8,39,False
27259,2024-12-29,2,9,27,False
27260,2024-12-29,2,10,41,False
27261,2024-12-29,2,11,46,False
27262,2024-12-29,2,12,47,False
27263,2024-12-29,2,13,30,False
27264,2024-12-29,2,14,25,False
27265,2024-12-29,2,15,12,False
27266,2024-12-29,2,16,21,False
27267,2024-12-29,2,17,52,True
27268,2024-12-29,2,18,20,False
27269,2024-12-29,2,19,31,False
27270,2024-12-29,2,20,26,False
27271,2024-12-29,2,21,16,False
27272,2024-12-29,2,22,24,False
27273,2024-12-29,2,23,7,False
27274,2024-12-29,2,24,10,False
27275,2024-12-29,2,25,20,False
27276,2024-12-29,3,1,32,False
27277,2024-12-29,3,2,13,False
27278,2024-12-29,3,3,10,False
27279,2024-12-29,3,4,22,False
27280,2024-12-29,3,5,10,False
27281,2024-12-29,3,6,31,False
27282,2024-12-29,3,7,14,False
27283,2024-12-29,3,8,24,False
27284,2024-12-29,3,9,26,False
27285,2024-12-29,3,10,29,False
27286,2024-12-29,3,11,15,False
27287,2024-12-29,3,12,20,False
27288,2024-12-29,3,13,16,False
27289,2024-12-29,3,14,17,False
27290,2024-12-29,3,15,15,True
27291,2024-12-29,3,16,5,False
27292,2024-12-29,3,17,25,False
27293,2024-12-29,3,18,14,False
27294,2024-12-29,3,19,21,False
27295,2024-12-29,3,20,8,False
27296,2024-12-29,3,21,11,False
27297,2024-12-29,3,22,18,False
27298,2024-12-29,3,23,8,False
27299,2024-12-29,3,24,13,False
27300,2024-12-29,3,25,8,False
27301,2024-12-30,1,1,44,False
27302,2024-12-30,1,2,54,False
27303,2024-12-30,1,3,40,False
27304,2024-12-30,1,4,61,True
27305,2024-12-30,1,5,31,True
27306,2024-12-30,1,6,47,False
27307,2024-12-30,1,7,27,False
27308,2024-12-30,1,8,50,False
27309,2024-12-30,1,9,31,False
27310,2024-12-30,1,10,55,False
27311,2024-12-30,1,11,39,False
27312,2024-12-30,1,12,44,False
27313,2024-12-30,1,13,23,False
27314,2024-12-30,1,14,35,False
27315,2024-12-30,1,15,16,False
27316,2024-12-30,1,16,20,False
27317,2024-12-30,1,17,33,False
27318,2024-12-30,1,18,38,False
27319,2024-12-30,1,19,42,False
27320,2024-12-30,1,20,27,False
27321,2024-12-30,1,21,33,False
27322,2024-12-30,1,22,22,False
27323,2024-12-30,1,23,14,False
27324,2024-12-30,1,24,10,False
27325,2024-12-30,1,25,37,True
27326,2024-12-30,2,1,51,False
27327,2024-12-30,2,2,26,False
27328,2024-12-30,2,3,20,False
27329,2024-12-30,2,4,26,False
27330,2024-12-30,2,5,16,False
27331,2024-12-30,2,6,31,False
27332,2024-12-30,2,7,20,False
27333,2024-12-30,2,8,24,False
27334,2024-12-30,2,9,28,False
27335,2024-12-30,2,10,39,False
27336,2024-12-30,2,11,35,False
27337,2024-12-30,2,12,26,False
27338,2024-12-30,2,13,16,False
27339,2024-12-30,2,14,33,False
27340,2024-12-30,2,15,19,False
27341,2024-12-30,2,16,14,False
27342,2024-12-30,2,17,22,False
27343,2024-12-30,2,18,29,False
27344,2024-12-30,2,19,29,False
27345,2024-12-30,2,20,20,False
27346,2024-12-30,2,21,13,False
27347,2024-12-30,2,22,9,False
27348,2024-12-30,2,23,12,False
27349,2024-12-30,2,24,8,False
27350,2024-12-30,2,25,9,False
27351,2024-12-30,3,1,23,False
27352,2024-12-30,3,2,16,False
27353,2024-12-30,3,3,8,False
27354,2024-12-30,3,4,20,True
27355,2024-12-30,3,5,8,False
27356,2024-12-30,3,6,26,False
27357,2024-12-30,3,7,13,False
27358,2024-12-30,3,8,24,False
27359,2024-12-30,3,9,11,False
27360,2024-12-30,3,10,16,False
27361,2024-12-30,3,11,29,False
27362,2024-12-30,3,12,25,False
27363,2024-12-30,3,13,7,False
27364,2024-12-30,3,14,12,False
27365,2024-12-30,3,15,7,False
27366,2024-12-30,3,16,9,False
27367,2024-12-30,3,17,12,False
27368,2024-12-30,3,18,6,False
27369,2024-12-30,3,19,24,False
27370,2024-12-30,3,20,19,True
27371,2024-12-30,3,21,5,False
27372,2024-12-30,3,22,11,False
27373,2024-12-30,3,23,11,False
27374,2024-12-30,3,24,6,False
27375,2024-12-30,3,25,10,False
