METRIC_ID,TOWER_ID,TIMESTAMP,LATENCY_MS,THROUGHPUT_MBPS,PACKET_LOSS_PCT,JITTER_MS,SIGNAL_STRENGTH_DBM,ACTIVE_CONNECTIONS,BANDWIDTH_UTILIZATION_PCT,ERROR_RATE
MET-320E431B-2,TWR-0001,2024-01-08T05:23:00,155.14,37.24,9.050,65.45,-88,385,34.8,1.360
MET-1913505C-5,TWR-0001,2024-01-19T03:57:00,291.20,20.77,13.836,25.33,-85,1959,93.3,1.059
MET-1AB1441D-9,TWR-0001,2024-02-04T01:09:00,110.75,30.14,14.006,53.29,-76,541,21.8,2.408
MET-266DBF5F-5,TWR-0001,2024-02-08T01:35:00,114.75,38.52,5.186,43.21,-95,1244,84.8,1.640
MET-5CC46D94-0,TWR-0001,2024-02-09T13:57:00,115.13,17.82,5.129,28.88,-92,1268,47.8,0.978
MET-B6B56A69-9,TWR-0001,2024-02-26T09:06:00,82.34,26.17,11.503,35.45,-88,442,30.1,4.870
MET-E2672BA6-4,TWR-0001,2024-04-27T20:25:00,179.90,37.38,3.453,28.14,-89,1365,31.1,1.420
MET-D0949816-6,TWR-0001,2024-06-19T13:57:00,130.58,44.17,8.696,74.00,-77,514,81.5,0.914
MET-DBD4A3AF-5,TWR-0001,2024-06-20T01:59:00,141.87,47.16,13.246,65.27,-81,192,25.3,0.731
MET-FF2A8337-9,TWR-0001,2024-06-22T00:31:00,248.45,29.75,2.250,42.06,-76,1041,92.8,1.178
MET-3F83C0DA-7,TWR-0001,2024-07-18T18:09:00,96.42,42.77,3.786,22.45,-75,871,79.8,1.540
MET-82CA83DE-D,TWR-0001,2024-08-12T14:50:00,291.90,18.71,6.146,51.72,-93,865,29.4,4.837
MET-92F5F5B7-D,TWR-0001,2024-08-15T07:50:00,103.69,22.35,2.316,47.14,-85,652,23.1,3.608
MET-911B3A37-1,TWR-0001,2024-08-20T23:11:00,99.42,9.25,14.323,20.09,-92,713,38.9,2.004
MET-2B1F3422-C,TWR-0001,2024-09-16T23:54:00,222.85,7.16,8.307,72.63,-76,1892,92.9,0.349
MET-8B6729D0-1,TWR-0001,2024-10-07T10:29:00,264.27,27.20,8.338,73.63,-92,372,94.6,1.477
MET-751DE5F0-0,TWR-0001,2024-10-09T01:07:00,137.53,37.20,6.299,23.51,-85,600,42.8,1.506
MET-96128EEE-7,TWR-0001,2024-10-20T15:10:00,192.91,6.55,2.701,43.41,-90,54,38.6,3.984
MET-A442CC33-A,TWR-0001,2024-11-30T20:49:00,243.63,34.44,4.513,69.34,-82,1874,42.9,4.574
MET-EF00BBDE-3,TWR-0001,2024-12-09T10:06:00,93.25,10.35,14.008,33.79,-92,1868,88.1,4.468
MET-F381CAD2-A,TWR-0002,2024-01-04T06:31:00,149.30,44.38,13.188,48.87,-90,1051,88.7,2.897
MET-433D015D-2,TWR-0002,2024-03-09T15:54:00,287.92,7.65,13.486,27.19,-92,1526,53.7,4.390
MET-4F75ACB0-B,TWR-0002,2024-03-13T15:24:00,222.47,34.37,4.712,52.89,-81,1580,59.8,3.655
MET-FDA46747-2,TWR-0002,2024-03-28T14:30:00,215.07,39.18,12.312,38.90,-79,1011,20.5,1.406
MET-042AF11F-A,TWR-0002,2024-03-29T02:26:00,230.95,8.02,10.487,70.38,-84,453,34.0,0.106
MET-83D86066-4,TWR-0002,2024-04-04T06:31:00,178.00,27.17,12.356,63.48,-75,1683,59.8,3.894
MET-956D840A-9,TWR-0002,2024-04-17T21:42:00,256.51,43.21,6.663,64.99,-75,211,28.1,0.860
MET-F5CC2563-A,TWR-0002,2024-05-23T11:52:00,155.51,42.06,5.610,25.83,-91,1475,41.6,1.223
MET-DE8D3546-2,TWR-0002,2024-05-24T07:00:00,222.76,45.34,11.794,66.98,-84,1952,42.4,0.330
MET-57AE027D-4,TWR-0002,2024-06-04T05:38:00,88.87,37.62,7.047,55.07,-93,570,91.3,0.464
MET-ED0C5208-6,TWR-0002,2024-06-20T10:01:00,230.34,32.91,6.907,67.38,-76,1959,24.8,2.738
MET-79BEF7A2-6,TWR-0002,2024-06-26T15:11:00,132.54,18.86,9.448,68.03,-86,1890,50.0,2.908
MET-C2AD18F2-7,TWR-0002,2024-07-10T23:40:00,133.64,19.05,5.615,52.25,-81,1509,22.3,4.740
MET-FAC150EA-A,TWR-0002,2024-07-15T06:29:00,132.95,11.44,6.324,76.17,-89,438,57.0,0.971
MET-0654990B-9,TWR-0002,2024-07-22T10:09:00,92.84,38.09,2.488,70.38,-76,1920,79.6,2.276
MET-B92E9406-8,TWR-0002,2024-08-16T14:58:00,169.33,21.32,6.482,77.23,-92,1615,58.2,0.164
MET-7A97B21E-B,TWR-0002,2024-09-23T11:50:00,154.12,27.61,12.706,30.10,-79,744,89.9,4.612
MET-F037A8D9-1,TWR-0002,2024-11-13T03:16:00,253.11,28.28,4.832,73.28,-90,1812,65.6,4.272
MET-43E69B68-D,TWR-0002,2024-11-18T13:46:00,174.51,6.04,4.010,36.42,-80,1813,23.8,2.113
MET-EC803DF5-B,TWR-0002,2024-11-28T15:23:00,116.92,10.00,6.566,54.46,-90,90,79.4,1.665
MET-0C33D175-B,TWR-0003,2024-01-09T09:42:00,116.11,20.92,11.382,37.37,-87,1478,48.5,1.211
MET-78EE2F94-3,TWR-0003,2024-01-18T20:24:00,133.65,46.60,5.920,69.92,-86,1828,81.8,1.517
MET-A3ADAD40-7,TWR-0003,2024-02-06T21:07:00,144.28,42.11,11.466,30.94,-91,1314,73.9,2.593
MET-87CB58FC-4,TWR-0003,2024-02-09T00:25:00,225.19,21.87,5.034,30.44,-86,1019,35.1,4.368
MET-7DDDB24A-A,TWR-0003,2024-03-21T19:30:00,256.75,8.59,7.609,59.38,-94,1124,54.6,1.937
MET-09D80008-F,TWR-0003,2024-03-30T09:58:00,294.71,25.61,8.838,53.46,-77,392,58.5,1.854
MET-EB2573E0-6,TWR-0003,2024-06-13T04:31:00,130.28,8.25,4.397,60.95,-89,1136,92.9,4.455
MET-D6F2CE3C-E,TWR-0003,2024-06-30T12:35:00,168.12,10.05,10.604,38.44,-75,564,69.1,0.617
MET-8A8690B8-9,TWR-0003,2024-07-04T19:04:00,254.87,6.09,7.469,38.55,-78,199,28.9,3.064
MET-C54D353E-9,TWR-0003,2024-07-14T10:44:00,244.93,20.73,7.268,64.26,-91,966,50.4,2.881
MET-46C45D07-0,TWR-0003,2024-07-28T16:50:00,288.52,45.36,7.877,29.01,-81,1895,67.8,1.934
MET-38FAF8BE-C,TWR-0003,2024-08-08T03:45:00,284.48,33.71,9.302,73.54,-79,568,86.8,3.648
MET-F727FE36-D,TWR-0003,2024-09-12T05:25:00,275.99,47.69,3.957,39.26,-89,399,43.5,2.426
MET-E9E4B546-8,TWR-0003,2024-09-26T13:43:00,149.51,12.36,8.577,32.38,-78,1574,26.2,3.069
MET-77562B24-7,TWR-0003,2024-09-28T11:44:00,287.44,14.08,14.584,37.90,-75,244,33.6,2.481
MET-73E07861-3,TWR-0003,2024-10-16T05:40:00,153.72,36.49,10.373,32.70,-90,373,58.8,0.928
MET-83497250-C,TWR-0003,2024-10-19T06:17:00,209.02,35.02,2.582,47.45,-79,342,39.7,3.562
MET-8829092B-F,TWR-0003,2024-10-23T20:56:00,116.60,40.23,2.559,67.65,-86,519,75.5,2.408
MET-C9AD5DED-B,TWR-0003,2024-11-01T00:18:00,215.91,6.04,10.044,26.47,-86,371,44.5,4.578
MET-E80A50B7-A,TWR-0003,2024-11-22T08:22:00,256.49,10.96,3.075,36.81,-82,1146,27.3,3.433
MET-BAFA8118-9,TWR-0004,2024-02-01T13:57:00,289.15,45.00,6.143,66.09,-90,1086,76.3,0.521
MET-B2A6B0A8-E,TWR-0004,2024-04-05T14:14:00,219.09,14.04,13.655,49.07,-91,807,47.8,4.239
MET-93F56C98-E,TWR-0004,2024-05-09T07:11:00,221.87,23.92,13.508,35.90,-80,83,83.5,0.732
MET-C38A3ADF-5,TWR-0004,2024-06-07T04:15:00,288.78,30.08,9.792,75.98,-92,603,58.7,0.180
MET-559C74FE-3,TWR-0004,2024-06-09T00:43:00,239.42,41.29,10.262,73.10,-91,512,51.8,4.692
MET-2C4E1AE2-6,TWR-0004,2024-06-16T05:00:00,186.11,14.11,2.257,59.68,-75,765,41.0,2.737
MET-95B6DDAB-3,TWR-0004,2024-06-19T09:10:00,135.09,14.21,13.491,66.19,-88,345,44.6,3.677
MET-A2BBC375-5,TWR-0004,2024-07-27T12:15:00,173.88,44.77,6.964,67.36,-78,760,37.6,3.173
MET-B21F1000-4,TWR-0004,2024-08-11T13:10:00,147.02,39.47,3.831,47.69,-93,1760,67.3,1.998
MET-6A084141-D,TWR-0004,2024-08-26T21:36:00,153.88,6.82,6.934,41.27,-84,327,46.5,1.153
MET-7D211EC7-7,TWR-0004,2024-09-23T00:49:00,226.77,23.79,9.681,65.59,-79,1256,24.9,0.998
MET-F1AC50E5-D,TWR-0004,2024-10-06T00:24:00,233.49,38.96,10.655,54.46,-82,1340,65.0,1.881
MET-68E2ECA2-5,TWR-0004,2024-10-22T03:09:00,235.67,40.54,2.389,66.10,-94,1014,90.5,2.538
MET-E5379FD0-2,TWR-0004,2024-10-26T20:28:00,201.13,46.06,3.376,49.03,-94,1169,28.7,1.996
MET-AABD38C4-4,TWR-0004,2024-11-04T22:47:00,292.32,35.94,10.218,22.30,-83,1366,84.0,2.581
MET-106B0B50-0,TWR-0004,2024-11-09T18:29:00,134.84,40.33,11.539,54.66,-84,1420,54.5,1.437
MET-FF5EA3E5-5,TWR-0004,2024-11-20T22:26:00,82.40,47.88,4.289,56.29,-95,1945,83.0,1.848
MET-71FC0EF5-2,TWR-0004,2024-11-25T16:58:00,299.85,28.36,6.148,32.24,-78,730,75.0,2.743
MET-7A1D782F-E,TWR-0004,2024-11-26T04:33:00,295.40,46.83,10.868,52.59,-82,564,30.0,4.188
MET-74359A2A-7,TWR-0004,2024-11-30T07:56:00,116.34,22.81,6.093,41.31,-83,1272,77.4,0.057
MET-2F2A9802-0,TWR-0005,2024-01-19T11:39:00,147.28,28.50,9.884,59.51,-92,1150,42.6,2.628
MET-610E242E-1,TWR-0005,2024-02-02T00:54:00,112.60,42.32,11.457,33.32,-84,905,72.9,3.556
MET-5BE1AB73-3,TWR-0005,2024-02-15T14:58:00,288.77,10.95,7.909,22.09,-77,294,30.9,3.208
MET-ECFDAF5B-3,TWR-0005,2024-02-19T19:31:00,294.04,27.04,12.137,53.85,-90,1482,94.8,3.276
MET-F3E00569-B,TWR-0005,2024-03-09T01:14:00,291.80,45.16,11.186,27.98,-87,445,41.9,1.692
MET-38484EB2-D,TWR-0005,2024-03-21T23:05:00,131.13,11.84,3.789,36.35,-84,1279,26.8,0.325
MET-2F4D3201-4,TWR-0005,2024-03-25T02:10:00,219.37,28.46,5.168,33.09,-81,94,86.8,0.224
MET-B9CAD3C4-5,TWR-0005,2024-04-11T08:12:00,177.88,49.74,2.528,69.85,-94,182,21.2,4.477
MET-811CF5FE-1,TWR-0005,2024-04-13T02:01:00,240.79,34.25,11.574,23.81,-86,1336,94.5,0.508
MET-3756A924-9,TWR-0005,2024-05-19T18:16:00,231.81,41.30,11.505,45.12,-88,1911,60.8,1.463
MET-5F09F3F3-6,TWR-0005,2024-06-06T01:15:00,241.57,42.59,11.657,58.39,-76,200,70.1,2.174
MET-D96A9E1E-1,TWR-0005,2024-06-13T10:56:00,226.29,38.36,11.597,60.48,-87,227,81.7,1.566
MET-C06458CD-5,TWR-0005,2024-07-02T13:43:00,239.60,45.48,4.507,22.62,-94,103,52.8,3.490
MET-6BFBBE67-8,TWR-0005,2024-08-13T11:25:00,103.85,19.92,11.189,49.84,-88,833,85.5,3.959
MET-4CA1430E-F,TWR-0005,2024-08-30T04:16:00,264.86,45.19,2.146,37.31,-86,762,88.1,3.110
MET-C7F9DDEF-D,TWR-0005,2024-09-08T02:13:00,171.60,24.22,11.315,46.35,-83,1773,51.5,0.124
MET-6FD4260A-F,TWR-0005,2024-09-19T16:14:00,84.58,13.47,13.078,73.87,-75,980,47.7,2.450
MET-16B7BD82-3,TWR-0005,2024-11-15T11:52:00,117.09,30.98,2.222,23.42,-92,1212,38.3,4.671
MET-36FCE71F-2,TWR-0005,2024-12-01T14:50:00,217.29,38.74,13.004,22.17,-89,232,51.1,3.570
MET-1226AECE-9,TWR-0005,2024-12-16T09:18:00,235.64,30.32,7.385,47.40,-82,1075,54.8,0.775
MET-0CA2D18C-5,TWR-0006,2024-01-21T10:55:00,152.46,36.77,8.508,72.69,-93,1977,82.7,2.095
MET-C9DC53AA-A,TWR-0006,2024-01-30T12:03:00,289.02,32.43,8.828,57.11,-79,1025,41.5,2.978
MET-80C48AA6-B,TWR-0006,2024-02-01T09:31:00,286.43,34.70,5.473,30.62,-95,379,53.6,0.728
MET-AD0D9D42-E,TWR-0006,2024-02-10T01:13:00,168.94,35.11,14.659,34.76,-92,1720,47.5,2.584
MET-F8CA6ED3-B,TWR-0006,2024-02-15T02:31:00,171.36,24.15,12.276,66.88,-95,701,33.9,2.773
MET-F710A7A0-1,TWR-0006,2024-04-01T02:12:00,277.42,7.20,6.624,37.83,-87,772,56.9,1.559
MET-90D26D99-8,TWR-0006,2024-04-16T14:52:00,86.68,20.93,10.177,76.24,-80,448,28.2,0.868
MET-D69727E7-F,TWR-0006,2024-04-26T20:00:00,106.74,28.19,2.481,49.26,-75,1607,39.9,1.016
MET-36B7C25E-3,TWR-0006,2024-05-12T14:27:00,127.86,18.48,9.538,73.13,-78,343,51.4,2.646
MET-E81C4C16-1,TWR-0006,2024-05-23T02:24:00,291.61,24.68,6.305,41.46,-89,1983,52.1,3.192
MET-FD9E38AA-1,TWR-0006,2024-05-24T17:19:00,247.34,16.55,13.952,54.88,-92,1139,63.6,3.423
MET-7E0E82A4-9,TWR-0006,2024-06-28T12:33:00,95.02,36.91,5.739,70.17,-88,1965,60.3,3.398
MET-8E7B0C2C-1,TWR-0006,2024-09-03T18:45:00,296.43,20.90,9.673,53.32,-81,1672,87.6,2.490
MET-35777499-1,TWR-0006,2024-09-15T03:23:00,142.75,44.85,7.653,23.66,-82,1911,65.7,2.194
MET-47A7B207-8,TWR-0006,2024-09-19T09:15:00,225.46,32.33,4.514,50.98,-91,1439,76.8,4.781
MET-6C2B29B1-9,TWR-0006,2024-10-07T06:00:00,152.26,21.03,8.223,44.30,-91,241,38.2,2.611
MET-213D1F01-9,TWR-0006,2024-11-21T09:00:00,232.81,13.97,3.150,25.92,-78,841,36.0,3.670
MET-C4EE933A-7,TWR-0006,2024-11-28T23:26:00,120.97,18.39,7.901,47.48,-86,1541,55.3,4.433
MET-25DE03B2-3,TWR-0006,2024-11-30T11:50:00,124.35,22.31,12.134,67.20,-90,694,90.7,3.549
MET-8A3D54B6-E,TWR-0006,2024-12-11T01:15:00,228.99,32.32,7.533,35.47,-89,1044,69.1,1.400
MET-E3D2E942-D,TWR-0007,2024-03-02T16:31:00,215.54,43.62,3.386,35.66,-79,1101,77.2,3.860
MET-E85FAF14-A,TWR-0007,2024-04-04T05:18:00,85.11,9.37,5.475,70.16,-77,983,70.5,3.870
MET-ED7D4E5D-8,TWR-0007,2024-04-19T09:17:00,193.52,27.84,12.384,25.03,-80,918,21.5,2.437
MET-E43879A5-F,TWR-0007,2024-05-02T09:10:00,116.14,47.61,8.571,35.95,-82,61,62.1,0.580
MET-2444D471-C,TWR-0007,2024-05-03T00:36:00,169.89,11.68,2.650,54.79,-80,369,87.5,0.849
MET-062CC553-2,TWR-0007,2024-05-03T02:12:00,228.60,8.24,3.711,77.40,-83,1368,34.0,1.575
MET-5DBF0152-F,TWR-0007,2024-05-27T06:51:00,99.43,16.66,9.578,65.09,-94,522,51.8,4.968
MET-DD48A9AA-6,TWR-0007,2024-06-03T18:09:00,116.97,22.81,7.850,72.13,-80,969,84.6,0.695
MET-3EA3D70A-4,TWR-0007,2024-06-04T22:10:00,155.28,12.60,14.866,39.74,-84,780,48.6,3.445
MET-F98352E9-1,TWR-0007,2024-08-14T21:51:00,138.44,36.63,12.408,78.41,-85,1953,78.0,4.356
MET-7FCD12BB-6,TWR-0007,2024-09-05T13:04:00,82.44,10.85,7.624,58.94,-87,1292,56.2,1.911
MET-844D1991-B,TWR-0007,2024-09-08T03:02:00,279.07,44.15,2.446,69.98,-94,302,57.9,4.633
MET-D515E880-4,TWR-0007,2024-09-11T08:36:00,231.11,16.43,8.046,79.24,-77,191,77.3,0.456
MET-6B50F4CF-D,TWR-0007,2024-09-19T01:04:00,248.64,31.49,6.348,69.69,-92,178,29.1,4.823
MET-1445AE72-E,TWR-0007,2024-09-23T07:26:00,121.76,21.08,6.031,31.07,-93,1356,59.2,0.823
MET-7C8DF0CE-4,TWR-0007,2024-09-29T05:52:00,198.50,12.53,12.650,62.74,-85,1590,67.3,1.086
MET-A2BB555B-4,TWR-0007,2024-10-20T19:04:00,129.51,17.64,3.524,39.55,-78,1918,69.0,1.478
MET-BD603ED4-B,TWR-0007,2024-10-21T15:52:00,150.18,6.35,11.249,21.75,-87,418,36.1,3.569
MET-4786DD5F-A,TWR-0007,2024-11-04T00:25:00,214.73,6.51,8.316,57.06,-95,1546,46.3,0.154
MET-A42FE367-D,TWR-0007,2024-11-28T15:12:00,120.76,39.55,13.547,42.76,-86,1495,20.1,3.769
MET-F466BBD6-5,TWR-0008,2024-01-21T20:29:00,141.68,22.48,12.775,72.91,-79,1844,26.4,0.977
MET-019D2DDB-6,TWR-0008,2024-01-25T13:52:00,219.26,10.72,2.838,79.35,-82,821,33.6,2.578
MET-4E1CEA92-2,TWR-0008,2024-02-06T10:42:00,289.42,45.42,6.667,71.50,-94,1221,83.2,1.917
MET-13482D8E-2,TWR-0008,2024-02-22T02:04:00,222.15,49.65,14.347,72.03,-85,1489,83.0,1.315
MET-E0EEA964-8,TWR-0008,2024-03-19T00:17:00,159.31,11.47,14.605,48.35,-81,1590,66.6,2.523
MET-A0DBAF9F-B,TWR-0008,2024-04-22T04:52:00,201.65,37.98,3.316,31.88,-79,630,68.3,4.261
MET-C537D786-6,TWR-0008,2024-05-12T17:44:00,210.02,37.15,2.825,30.01,-94,1883,42.1,4.844
MET-DDD90589-F,TWR-0008,2024-05-29T09:35:00,200.50,21.82,9.037,49.91,-95,783,59.2,1.607
MET-BE387527-B,TWR-0008,2024-06-04T09:03:00,180.38,45.43,5.687,53.34,-91,1653,48.4,0.779
MET-2350810B-5,TWR-0008,2024-06-06T18:10:00,92.70,32.50,7.578,40.48,-85,1716,77.7,2.247
MET-1B218D1A-C,TWR-0008,2024-06-11T03:07:00,252.92,38.16,2.484,49.17,-91,762,24.1,4.217
MET-CCBE559F-8,TWR-0008,2024-08-05T02:00:00,220.64,23.87,12.628,74.34,-95,1612,73.1,0.701
MET-1B85E50C-A,TWR-0008,2024-09-07T10:49:00,273.74,32.24,2.872,75.09,-95,1287,61.7,2.801
MET-A8857F61-8,TWR-0008,2024-09-14T22:28:00,261.19,41.06,13.090,23.39,-88,1073,58.4,3.068
MET-155E0DC9-6,TWR-0008,2024-10-04T13:32:00,206.47,21.86,8.631,78.09,-90,1945,35.8,0.025
MET-3B30E4C9-C,TWR-0008,2024-10-19T14:07:00,146.32,6.46,5.018,64.25,-83,1004,92.0,4.018
MET-95BA5F95-6,TWR-0008,2024-10-20T14:01:00,256.35,34.96,4.930,22.97,-75,1243,60.5,0.854
MET-FC2F09D4-4,TWR-0008,2024-11-06T06:07:00,198.30,47.94,12.126,77.15,-82,1618,88.6,1.967
MET-CDAB36C5-1,TWR-0008,2024-11-09T12:03:00,185.67,12.51,9.206,70.47,-92,1013,51.9,1.724
MET-20413701-D,TWR-0008,2024-12-04T14:11:00,229.35,32.84,13.092,52.48,-89,1667,37.9,4.399
MET-E5FD2605-D,TWR-0009,2024-01-17T03:57:00,112.19,10.90,10.092,77.41,-80,135,27.1,1.251
MET-FC32C016-C,TWR-0009,2024-02-10T11:37:00,248.74,46.28,12.361,73.13,-93,201,78.0,2.943
MET-3F773464-D,TWR-0009,2024-02-11T07:02:00,267.46,32.70,7.846,60.50,-76,603,91.8,3.471
MET-3028B92E-8,TWR-0009,2024-03-07T16:31:00,99.47,21.14,7.396,72.02,-75,257,93.2,1.923
MET-91971540-5,TWR-0009,2024-04-16T00:55:00,289.29,19.11,12.439,66.68,-81,1407,80.6,2.780
MET-3A2E3141-7,TWR-0009,2024-04-22T14:01:00,209.55,35.13,4.179,61.18,-83,1348,36.2,2.568
MET-0F3BAD0F-E,TWR-0009,2024-04-28T08:40:00,285.99,12.54,3.630,67.76,-78,211,47.1,3.393
MET-7B54B3C1-0,TWR-0009,2024-05-19T22:23:00,251.71,40.64,2.361,39.88,-80,682,75.0,1.281
MET-34DBBF07-8,TWR-0009,2024-06-18T15:24:00,90.85,40.32,13.967,43.60,-78,1085,40.6,4.125
MET-B3109FC3-0,TWR-0009,2024-07-08T20:32:00,141.52,11.19,5.205,63.08,-86,1330,84.1,1.410
MET-0FD31E5B-A,TWR-0009,2024-08-12T11:35:00,276.72,6.49,14.210,35.92,-92,1920,78.4,3.100
MET-8CC3A604-C,TWR-0009,2024-08-17T20:13:00,147.96,35.10,14.438,41.44,-83,1508,80.3,1.949
MET-F61C6EC0-3,TWR-0009,2024-09-04T13:53:00,167.31,42.99,14.458,51.99,-91,677,70.8,2.517
MET-9816A9DD-8,TWR-0009,2024-09-23T07:50:00,196.27,47.82,13.553,25.98,-84,1174,86.3,3.790
MET-B3C976E8-2,TWR-0009,2024-10-04T04:22:00,164.46,49.10,3.200,27.25,-95,1112,87.0,2.082
MET-4577057A-E,TWR-0009,2024-10-12T05:54:00,105.42,35.95,10.583,55.78,-87,1319,87.3,2.531
MET-842C5546-D,TWR-0009,2024-10-16T21:25:00,155.53,26.40,9.160,43.33,-78,1678,32.0,0.279
MET-6E32CC6D-B,TWR-0009,2024-10-25T22:44:00,245.66,20.03,14.832,79.38,-78,1447,66.4,2.782
MET-E94746F0-6,TWR-0009,2024-11-28T02:42:00,170.62,19.09,5.422,32.85,-80,902,23.6,3.879
MET-BF2E47FF-0,TWR-0009,2024-12-11T12:50:00,242.09,33.11,6.183,36.64,-77,1002,47.6,1.701
MET-7651E441-7,TWR-0010,2024-01-17T03:42:00,283.39,38.07,9.261,44.48,-90,1349,24.1,2.090
MET-BBDA3804-5,TWR-0010,2024-01-19T06:12:00,260.94,19.70,12.022,26.72,-86,372,92.5,1.608
MET-B8BE9F1D-5,TWR-0010,2024-03-10T05:36:00,116.80,30.18,11.480,65.39,-75,635,77.9,2.444
MET-F78235D3-B,TWR-0010,2024-05-14T23:47:00,208.36,34.89,6.364,39.61,-95,607,21.4,1.136
MET-D9F0CD26-6,TWR-0010,2024-05-21T16:17:00,232.37,32.61,11.747,72.33,-88,87,60.3,1.344
MET-B8F5380C-A,TWR-0010,2024-05-30T20:51:00,163.91,5.54,10.707,32.11,-78,1038,82.2,3.258
MET-34583555-0,TWR-0010,2024-07-14T09:47:00,181.77,21.28,13.348,75.80,-92,106,30.7,2.232
MET-D1AC7521-8,TWR-0010,2024-07-16T07:36:00,183.59,18.96,7.608,58.61,-95,1807,78.2,2.872
MET-A8085003-5,TWR-0010,2024-07-20T09:59:00,121.40,43.11,14.992,38.02,-81,1490,93.8,2.464
MET-ECCEB989-A,TWR-0010,2024-07-25T07:38:00,254.63,27.76,6.451,72.10,-91,219,92.6,2.453
MET-0543FC4B-5,TWR-0010,2024-08-04T14:06:00,272.49,45.45,3.576,50.92,-88,855,86.1,2.588
MET-0664E282-B,TWR-0010,2024-08-08T18:48:00,162.53,21.73,10.682,35.59,-80,1721,79.0,0.444
MET-6724F909-4,TWR-0010,2024-08-11T20:14:00,219.89,7.46,3.148,43.22,-89,1193,75.4,0.351
MET-AA4DC5E7-A,TWR-0010,2024-09-01T22:44:00,112.54,39.72,2.917,73.15,-95,873,66.7,0.301
MET-63CF2406-D,TWR-0010,2024-09-03T07:57:00,157.67,30.91,3.579,41.62,-83,1574,30.2,3.072
MET-8778690F-0,TWR-0010,2024-09-30T00:00:00,259.13,38.12,6.979,39.81,-82,1141,67.4,1.845
MET-17190958-3,TWR-0010,2024-10-15T18:14:00,187.49,30.92,10.914,29.90,-95,1329,57.7,1.051
MET-F978ECEF-1,TWR-0010,2024-11-02T02:21:00,237.33,37.57,6.249,27.42,-78,604,70.0,3.873
MET-127FD6AC-C,TWR-0010,2024-11-25T14:36:00,127.46,21.81,12.871,47.27,-83,1151,54.7,3.956
MET-E6E91C0E-E,TWR-0010,2024-11-29T10:11:00,171.64,27.76,6.484,43.15,-85,1462,74.9,0.271
MET-8EBC3A52-9,TWR-0011,2024-01-08T04:43:00,265.88,38.09,7.491,57.79,-84,1225,26.1,3.010
MET-FA9B74CF-8,TWR-0011,2024-01-08T18:24:00,127.60,46.16,10.860,59.24,-77,1270,83.1,3.086
MET-46EE9AA1-C,TWR-0011,2024-01-12T03:46:00,173.26,19.60,10.512,72.98,-75,1868,46.3,4.828
MET-0D82F2A5-6,TWR-0011,2024-02-14T15:20:00,81.22,37.81,14.330,34.66,-93,612,58.0,0.726
MET-A07FC20C-D,TWR-0011,2024-02-26T01:14:00,281.25,46.83,10.506,69.05,-88,131,34.4,0.690
MET-56B4AA33-6,TWR-0011,2024-02-28T02:47:00,96.17,27.44,13.414,33.67,-86,695,39.4,2.585
MET-C27F47E7-D,TWR-0011,2024-05-05T03:19:00,210.38,41.35,9.954,40.34,-78,1185,69.2,4.454
MET-91C45D4F-8,TWR-0011,2024-07-19T17:08:00,178.92,43.65,14.502,68.87,-91,1367,38.9,2.210
MET-8F3B2147-0,TWR-0011,2024-07-21T01:06:00,292.49,30.53,11.594,62.17,-84,1416,71.3,4.531
MET-94CD36A9-6,TWR-0011,2024-07-30T19:48:00,94.83,47.57,2.298,62.81,-79,644,50.8,1.338
MET-9CC8879D-9,TWR-0011,2024-09-03T11:09:00,105.55,25.62,4.159,65.72,-79,1736,24.0,0.587
MET-BBCAA7C5-A,TWR-0011,2024-09-03T15:10:00,190.90,18.68,6.271,48.08,-80,1890,65.4,0.558
MET-E02FBF81-F,TWR-0011,2024-09-19T15:57:00,262.78,48.44,12.739,36.41,-75,1358,64.9,2.548
MET-65036276-E,TWR-0011,2024-09-21T23:53:00,214.69,34.05,10.530,24.05,-80,1751,32.8,3.130
MET-FE4115D5-E,TWR-0011,2024-09-28T08:02:00,194.78,40.80,9.357,27.93,-83,71,80.0,2.283
MET-D74D4419-4,TWR-0011,2024-09-28T12:52:00,121.71,14.40,12.527,38.85,-80,1411,92.4,4.208
MET-A77245F2-9,TWR-0011,2024-10-06T06:33:00,150.00,15.43,5.856,33.28,-78,809,48.3,0.635
MET-7E7B7566-E,TWR-0011,2024-10-19T19:22:00,291.21,15.89,10.956,23.20,-83,444,85.9,3.528
MET-D8137DB6-F,TWR-0011,2024-10-25T18:04:00,88.87,21.88,13.389,48.00,-89,1107,69.7,2.101
MET-45970767-3,TWR-0011,2024-10-25T21:57:00,108.70,46.54,12.332,46.59,-80,894,60.9,3.540
MET-5E4DEC8A-B,TWR-0012,2024-01-06T10:45:00,258.64,20.94,6.606,65.40,-76,1793,41.1,3.478
MET-CB400DE3-9,TWR-0012,2024-02-02T10:18:00,136.13,32.72,6.026,52.29,-84,1342,34.1,3.635
MET-0B52A621-8,TWR-0012,2024-02-03T15:22:00,254.62,24.26,13.247,27.53,-86,1097,30.5,0.123
MET-4FF11512-8,TWR-0012,2024-02-12T17:17:00,105.11,17.63,10.938,40.36,-84,62,92.7,0.536
MET-48DCA33F-E,TWR-0012,2024-02-18T19:53:00,277.87,42.13,6.637,39.29,-93,1945,71.2,4.635
MET-7E5E1F11-1,TWR-0012,2024-03-31T21:15:00,145.23,13.60,10.835,54.72,-80,567,60.6,2.627
MET-0384640A-6,TWR-0012,2024-05-17T16:19:00,87.86,12.31,11.661,26.67,-89,456,60.3,0.922
MET-25188702-1,TWR-0012,2024-05-17T17:24:00,217.21,37.55,13.302,57.15,-93,696,79.3,3.443
MET-497538AE-E,TWR-0012,2024-06-08T03:23:00,188.37,40.79,10.003,49.00,-89,582,91.9,3.668
MET-190AED3F-3,TWR-0012,2024-06-13T07:40:00,171.10,15.19,7.049,49.42,-78,531,33.5,3.309
MET-7575B8D7-5,TWR-0012,2024-06-18T08:37:00,291.20,26.08,12.138,51.72,-84,787,64.5,0.818
MET-EA46801E-4,TWR-0012,2024-06-26T10:00:00,195.98,12.06,14.061,38.63,-94,658,42.8,3.696
MET-2636C4DB-B,TWR-0012,2024-06-29T15:34:00,99.02,8.25,9.247,36.40,-82,428,50.7,2.287
MET-1CBD175F-5,TWR-0012,2024-08-15T03:27:00,293.24,15.07,14.016,68.84,-90,1680,74.4,0.381
MET-FA243A22-6,TWR-0012,2024-08-28T16:15:00,107.95,34.27,4.827,58.81,-81,1366,92.7,2.739
MET-BFA55A06-6,TWR-0012,2024-09-27T07:40:00,297.72,12.00,13.794,67.26,-89,1152,42.8,2.970
MET-598EE101-A,TWR-0012,2024-10-04T21:33:00,237.94,16.38,12.365,28.51,-82,550,28.9,1.194
MET-727A8A81-4,TWR-0012,2024-11-13T21:14:00,104.55,13.00,3.061,45.59,-86,1616,20.7,3.046
MET-60838FE8-C,TWR-0012,2024-11-15T22:32:00,140.65,12.73,12.469,52.87,-93,263,91.3,3.998
MET-8BC8B5A6-D,TWR-0012,2024-11-17T16:14:00,115.12,36.45,12.841,40.16,-77,936,90.3,2.510
MET-D1968C7F-E,TWR-0013,2024-01-02T23:36:00,127.95,49.02,3.272,49.88,-85,1526,62.1,4.853
MET-33EAC0DB-B,TWR-0013,2024-01-05T01:33:00,157.07,6.80,10.359,21.32,-82,1477,87.7,0.852
MET-C0F9ED51-C,TWR-0013,2024-02-21T08:10:00,251.72,8.60,10.823,26.99,-90,142,25.6,4.120
MET-4891A9F1-8,TWR-0013,2024-03-18T15:39:00,215.13,45.55,13.211,61.47,-85,1766,75.7,4.287
MET-89ED2EEA-4,TWR-0013,2024-04-09T17:51:00,234.74,48.98,4.212,69.00,-94,1872,56.3,1.243
MET-D29D8778-C,TWR-0013,2024-04-10T09:10:00,185.18,32.29,11.791,21.54,-80,1019,77.2,2.628
MET-3F1745A1-1,TWR-0013,2024-05-18T10:14:00,247.73,18.26,5.030,75.50,-77,663,39.3,2.147
MET-D1096D1F-7,TWR-0013,2024-06-05T03:26:00,207.92,7.05,12.033,62.85,-78,433,52.7,2.561
MET-434D1335-3,TWR-0013,2024-07-13T04:39:00,155.35,19.24,6.106,65.61,-83,753,33.4,0.325
MET-FDB071DB-F,TWR-0013,2024-07-23T02:50:00,85.22,20.67,14.618,40.87,-95,947,65.8,0.222
MET-76413E20-D,TWR-0013,2024-07-28T22:45:00,167.51,31.05,13.684,78.27,-84,449,86.4,3.904
MET-0ED5D7E6-6,TWR-0013,2024-07-30T17:17:00,122.79,19.36,7.004,26.28,-95,1047,34.3,3.907
MET-0F03C060-9,TWR-0013,2024-08-18T02:05:00,191.41,35.94,5.353,44.40,-87,1625,40.3,0.277
MET-A2A37340-6,TWR-0013,2024-08-29T11:57:00,152.29,5.75,14.525,38.51,-87,438,41.2,3.367
MET-7CA62C80-1,TWR-0013,2024-10-01T23:15:00,99.93,22.43,7.339,21.37,-94,106,71.4,2.840
MET-A1755FE2-5,TWR-0013,2024-10-02T10:59:00,254.76,19.62,11.157,71.19,-90,1303,30.0,3.536
MET-21BB9549-C,TWR-0013,2024-10-19T00:09:00,294.84,32.20,9.853,68.71,-94,1464,84.4,2.204
MET-1154AD5D-F,TWR-0013,2024-11-05T00:10:00,281.42,19.60,2.746,26.07,-81,191,73.5,3.484
MET-5E5901B7-2,TWR-0013,2024-11-05T03:54:00,175.29,29.31,3.031,56.81,-91,1779,70.7,3.392
MET-F0DBE27D-5,TWR-0013,2024-11-17T22:42:00,189.51,45.68,7.240,70.27,-78,1146,47.9,0.662
MET-157043B1-E,TWR-0014,2024-01-06T19:34:00,182.98,27.85,7.233,31.84,-86,1136,71.4,0.202
MET-20C7C3A0-1,TWR-0014,2024-01-10T21:59:00,249.02,33.11,5.569,62.71,-80,693,37.6,0.832
MET-989FA18C-C,TWR-0014,2024-03-18T06:50:00,125.73,5.33,3.452,68.67,-85,1242,93.5,2.285
MET-DDD45C7A-8,TWR-0014,2024-03-24T07:52:00,138.22,30.94,11.638,72.36,-78,1382,77.3,4.126
MET-47B34EB8-F,TWR-0014,2024-03-30T13:00:00,124.91,34.99,8.331,79.23,-87,1141,79.8,2.206
MET-9B3C9070-F,TWR-0014,2024-04-04T00:54:00,210.03,10.94,6.205,74.38,-75,1151,83.9,4.676
MET-125D65FD-D,TWR-0014,2024-04-04T12:43:00,209.14,35.89,6.208,77.51,-94,1492,69.5,3.978
MET-17D54882-D,TWR-0014,2024-04-22T13:55:00,265.13,49.90,9.759,63.07,-95,1202,33.2,1.510
MET-1CD94B33-4,TWR-0014,2024-04-23T00:03:00,223.18,16.16,14.487,24.70,-78,1200,65.5,2.258
MET-F7609880-2,TWR-0014,2024-05-07T05:35:00,255.34,25.20,9.868,36.08,-77,1262,27.8,3.538
MET-4A565B7F-D,TWR-0014,2024-05-11T08:36:00,247.90,38.55,3.165,35.83,-77,117,84.7,1.864
MET-F12225D3-2,TWR-0014,2024-05-17T14:34:00,109.74,25.70,12.824,45.45,-83,1893,56.8,0.049
MET-AC542B5D-8,TWR-0014,2024-06-12T13:43:00,224.66,48.33,14.273,78.05,-84,434,35.4,1.105
MET-F14666FC-5,TWR-0014,2024-07-06T03:30:00,236.85,24.40,3.925,33.64,-94,916,56.7,2.393
MET-7E70E1B5-E,TWR-0014,2024-07-09T05:45:00,263.95,5.67,13.951,35.76,-92,686,61.3,3.839
MET-CA5ACF33-A,TWR-0014,2024-08-10T20:52:00,100.55,14.22,3.883,44.99,-78,821,61.1,3.654
MET-D7AC7C8C-8,TWR-0014,2024-08-11T11:50:00,243.16,11.64,2.551,53.93,-94,290,39.2,2.245
MET-0C702CB1-A,TWR-0014,2024-08-20T17:28:00,257.80,13.76,7.081,41.84,-85,639,78.2,3.498
MET-7EE90FA3-1,TWR-0014,2024-09-30T07:32:00,259.76,6.28,7.244,46.75,-82,132,81.3,4.689
MET-159A8B10-C,TWR-0014,2024-12-14T02:48:00,98.94,36.69,6.848,75.38,-76,1108,61.5,3.289
MET-4AB6ED43-2,TWR-0015,2024-01-03T17:17:00,233.14,39.32,7.600,51.90,-83,526,38.2,3.654
MET-8B5FD4E5-3,TWR-0015,2024-01-12T21:22:00,210.88,46.57,10.135,20.74,-92,751,60.8,2.311
MET-48373096-7,TWR-0015,2024-01-24T15:24:00,112.78,10.41,3.970,69.30,-77,789,57.9,3.210
MET-5D564EC9-D,TWR-0015,2024-01-27T18:31:00,202.26,25.22,13.891,78.51,-89,1171,26.4,4.895
MET-AB5ED464-5,TWR-0015,2024-02-06T08:08:00,270.58,35.35,4.912,67.87,-92,1704,67.7,3.580
MET-D8E235CA-4,TWR-0015,2024-02-20T02:24:00,167.05,44.04,3.785,47.93,-77,768,72.2,0.499
MET-A535A77D-8,TWR-0015,2024-03-18T16:47:00,81.98,39.96,3.530,65.69,-86,1978,48.2,2.500
MET-690BA4E2-E,TWR-0015,2024-05-03T05:56:00,146.27,26.36,9.200,44.06,-77,378,43.1,2.385
MET-2C4B55C2-C,TWR-0015,2024-05-04T23:42:00,226.84,46.99,9.022,53.30,-94,1304,48.2,4.065
MET-73E5DC0B-C,TWR-0015,2024-05-28T01:36:00,187.55,40.55,9.003,33.28,-76,1677,37.5,3.520
MET-89901F14-2,TWR-0015,2024-05-29T18:03:00,98.56,7.15,10.440,42.28,-79,308,68.6,3.202
MET-C2BD9EA1-8,TWR-0015,2024-06-15T01:07:00,214.71,49.41,12.170,44.42,-88,1775,41.9,2.671
MET-37D65CC2-6,TWR-0015,2024-07-11T22:47:00,282.15,21.27,10.404,39.95,-87,1223,46.5,3.961
MET-6140ADDC-0,TWR-0015,2024-07-12T01:37:00,292.84,16.01,11.491,59.25,-88,951,33.5,4.348
MET-DB036D65-D,TWR-0015,2024-07-14T04:39:00,120.24,12.49,7.513,52.31,-83,279,92.1,0.776
MET-E3F4A404-3,TWR-0015,2024-07-17T04:01:00,135.03,7.95,13.316,77.13,-76,1120,67.1,0.342
MET-92B5B642-8,TWR-0015,2024-08-20T06:23:00,128.10,5.84,4.266,60.19,-91,1553,69.0,1.278
MET-2C9E902D-7,TWR-0015,2024-09-14T05:55:00,224.20,35.23,8.878,75.66,-77,1940,40.9,2.881
MET-73720283-A,TWR-0015,2024-11-12T01:15:00,217.44,43.69,11.430,64.11,-81,1225,68.7,3.230
MET-F9CF5CFF-A,TWR-0015,2024-11-26T11:43:00,99.35,34.76,6.833,49.67,-83,224,72.1,0.069
MET-D64C06F6-1,TWR-0016,2024-01-08T14:18:00,20.85,401.33,0.150,14.75,-60,613,68.8,2.425
MET-8F25D8A2-C,TWR-0016,2024-01-16T15:36:00,33.82,407.95,0.947,7.71,-45,136,82.2,2.365
MET-79FC89B4-5,TWR-0016,2024-01-20T01:04:00,23.83,300.90,1.119,8.32,-58,409,66.6,0.371
MET-2D385BE1-0,TWR-0016,2024-02-01T03:33:00,42.00,208.04,1.000,9.19,-45,179,50.1,2.949
MET-6A953392-3,TWR-0016,2024-02-03T11:50:00,24.81,407.26,0.421,11.19,-58,993,66.6,2.770
MET-50295140-F,TWR-0016,2024-02-24T03:48:00,41.81,324.61,0.622,5.50,-53,1740,76.0,0.845
MET-0F6597F7-F,TWR-0016,2024-02-25T07:37:00,10.59,451.57,0.166,1.74,-50,1912,22.0,4.786
MET-DE184422-B,TWR-0016,2024-03-03T23:03:00,29.47,440.13,1.172,3.30,-69,194,41.1,1.607
MET-FDC0949D-B,TWR-0016,2024-03-11T19:59:00,40.86,240.00,0.141,5.86,-59,568,87.0,2.005
MET-BBD3B56A-E,TWR-0016,2024-04-01T00:06:00,42.63,286.57,1.478,2.06,-65,1687,21.5,3.129
MET-22DE662F-1,TWR-0016,2024-04-08T21:51:00,40.32,433.56,1.386,11.01,-62,1194,23.1,4.080
MET-5251AC2B-1,TWR-0016,2024-04-10T07:45:00,37.13,116.30,0.159,10.86,-42,1208,50.3,2.458
MET-10315497-E,TWR-0016,2024-05-12T11:18:00,16.53,291.14,0.739,2.15,-69,1119,25.4,3.287
MET-CDB218F1-8,TWR-0016,2024-05-29T08:09:00,40.60,178.87,1.157,11.05,-70,1381,31.9,1.373
MET-E2EA4D43-8,TWR-0016,2024-06-07T03:21:00,39.52,199.84,1.144,11.84,-40,1359,82.7,0.196
MET-F6B38C33-2,TWR-0016,2024-07-20T19:24:00,47.41,436.12,1.229,6.67,-65,934,56.7,0.819
MET-FFE6B62C-6,TWR-0016,2024-07-25T22:11:00,14.22,297.60,1.377,3.84,-47,1106,61.5,0.468
MET-C2E4C5F9-8,TWR-0016,2024-08-03T08:18:00,41.58,208.29,0.258,9.75,-59,615,74.0,1.756
MET-99C7FD44-1,TWR-0016,2024-11-22T08:52:00,29.40,133.48,0.318,12.23,-45,1040,88.7,0.304
MET-FAEC4C9D-4,TWR-0016,2024-12-09T15:48:00,20.57,490.11,0.957,13.88,-62,1634,31.7,2.562
MET-EFABDFCA-0,TWR-0017,2024-02-25T10:59:00,49.47,401.18,0.543,7.85,-64,66,28.8,4.386
MET-9815E108-B,TWR-0017,2024-03-01T08:47:00,23.03,443.79,0.348,11.42,-54,1103,20.0,3.059
MET-9F878BC4-0,TWR-0017,2024-03-10T10:49:00,38.57,334.19,0.190,14.42,-67,1867,34.8,0.934
MET-9739D988-C,TWR-0017,2024-03-11T07:37:00,37.46,140.64,1.391,4.91,-53,1491,85.6,4.784
MET-56DD14DF-3,TWR-0017,2024-03-11T17:21:00,11.41,109.31,1.240,2.96,-57,390,54.8,0.614
MET-12DC746F-F,TWR-0017,2024-04-10T19:09:00,20.67,147.03,0.691,8.35,-59,521,60.3,1.094
MET-31D626FD-D,TWR-0017,2024-04-21T18:14:00,39.15,289.46,0.404,5.74,-59,549,48.4,0.709
MET-81DB641F-F,TWR-0017,2024-05-05T06:41:00,35.82,212.75,0.257,6.02,-60,155,40.2,2.420
MET-D432B7BE-4,TWR-0017,2024-05-05T21:20:00,26.66,275.04,1.076,2.10,-70,1997,90.7,3.735
MET-87156751-5,TWR-0017,2024-05-18T17:37:00,48.75,385.38,0.402,14.96,-55,326,40.6,0.719
MET-29E04EF9-3,TWR-0017,2024-06-16T22:32:00,39.51,200.22,0.502,3.59,-42,1191,44.8,1.206
MET-73842E66-F,TWR-0017,2024-09-08T06:23:00,36.68,101.25,0.335,14.00,-66,1890,81.5,0.217
MET-FFEF3349-2,TWR-0017,2024-09-23T22:21:00,39.56,240.27,0.864,1.41,-58,54,30.7,1.967
MET-A1F2E4B7-1,TWR-0017,2024-10-01T08:33:00,26.76,334.27,0.684,7.42,-47,1757,57.5,4.349
MET-0405D4B3-5,TWR-0017,2024-10-01T11:28:00,18.24,118.82,1.003,9.02,-61,1555,46.6,2.584
MET-2C8ED2E8-B,TWR-0017,2024-10-23T18:48:00,12.35,402.32,0.523,14.71,-48,842,81.6,2.644
MET-A1DE1EDB-C,TWR-0017,2024-11-10T21:45:00,14.11,478.10,1.340,7.94,-47,1877,81.0,4.615
MET-2022634F-A,TWR-0017,2024-11-23T18:19:00,43.17,148.65,0.141,13.16,-69,1811,42.3,3.857
MET-86866E49-E,TWR-0017,2024-11-29T02:50:00,15.03,395.92,0.125,12.95,-54,1562,40.9,2.581
MET-F3A542F0-7,TWR-0017,2024-12-05T04:54:00,27.93,464.00,0.120,3.84,-44,1377,70.3,3.370
MET-A624306C-A,TWR-0018,2024-01-14T10:20:00,24.53,175.17,0.015,6.37,-59,570,83.7,2.885
MET-F8FBA4B0-6,TWR-0018,2024-01-25T08:20:00,16.56,281.22,1.313,2.25,-54,438,40.6,4.091
MET-B1B5B684-3,TWR-0018,2024-02-26T22:52:00,10.51,339.95,0.740,4.64,-70,1519,65.6,0.822
MET-1F994E9C-8,TWR-0018,2024-02-29T14:44:00,47.12,164.68,0.910,7.00,-58,1804,60.3,0.761
MET-4D6F6AA9-8,TWR-0018,2024-03-28T13:53:00,29.09,226.53,0.369,11.59,-51,1890,45.6,1.471
MET-AA36AC97-6,TWR-0018,2024-04-02T08:46:00,16.46,419.78,0.639,2.49,-60,1073,29.8,4.600
MET-1BF71F97-2,TWR-0018,2024-04-04T11:52:00,10.01,474.64,0.586,4.34,-60,1734,60.3,2.717
MET-4F596AF1-C,TWR-0018,2024-05-18T22:44:00,23.50,406.34,1.260,8.22,-51,1919,53.4,2.987
MET-CB1F4FE0-C,TWR-0018,2024-05-21T11:52:00,21.90,108.94,0.843,6.47,-66,1823,66.6,4.554
MET-36F74E30-E,TWR-0018,2024-06-15T23:43:00,25.44,214.88,0.677,6.16,-44,174,83.1,2.679
MET-19ABBCFC-B,TWR-0018,2024-06-20T18:55:00,21.57,188.43,1.472,14.02,-61,1205,72.5,1.829
MET-3633CF81-D,TWR-0018,2024-07-06T13:21:00,11.04,435.10,0.848,2.73,-64,871,79.6,3.937
MET-EB12992C-2,TWR-0018,2024-07-11T03:12:00,33.08,368.79,0.981,6.04,-53,1378,58.6,0.800
MET-3562E906-6,TWR-0018,2024-08-22T18:15:00,38.33,408.69,0.685,14.42,-40,1719,25.7,3.832
MET-EDC707ED-0,TWR-0018,2024-08-26T17:32:00,33.02,331.34,0.921,4.86,-65,1334,30.4,3.806
MET-9E195755-5,TWR-0018,2024-10-22T05:49:00,39.41,256.00,0.966,12.86,-51,1036,74.2,2.724
MET-BDBA6A7B-B,TWR-0018,2024-10-31T19:14:00,49.81,436.11,1.033,12.52,-60,1900,93.3,4.577
MET-99795F80-B,TWR-0018,2024-11-01T18:59:00,29.18,323.34,0.182,13.48,-63,581,82.3,1.282
MET-65FAD5F2-5,TWR-0018,2024-12-04T15:39:00,17.92,339.66,1.469,10.19,-70,362,62.7,2.374
MET-7B5A94E4-0,TWR-0018,2024-12-10T09:26:00,29.36,412.66,1.076,4.87,-65,1720,83.5,0.944
MET-CFF7DF41-D,TWR-0019,2024-02-12T19:08:00,47.59,392.45,1.437,10.74,-68,280,90.7,2.993
MET-6415B551-D,TWR-0019,2024-03-15T22:27:00,48.13,167.83,1.197,12.87,-56,967,29.9,4.753
MET-5F76C60F-F,TWR-0019,2024-03-27T11:02:00,42.83,408.80,0.100,14.56,-66,336,71.5,3.043
MET-90F663BA-D,TWR-0019,2024-03-30T23:18:00,10.18,249.07,1.475,2.65,-61,921,49.6,2.216
MET-E5C4AB9D-E,TWR-0019,2024-04-13T20:24:00,45.97,225.76,0.176,14.96,-70,1403,77.4,1.184
MET-F9AFA2B3-4,TWR-0019,2024-04-16T12:45:00,11.60,262.51,0.009,8.50,-65,764,23.7,2.841
MET-053822D6-E,TWR-0019,2024-04-17T18:52:00,45.23,271.23,0.370,8.38,-65,417,39.7,1.720
MET-D42EB4C3-8,TWR-0019,2024-04-22T17:41:00,31.71,341.40,0.530,2.79,-62,206,68.9,4.746
MET-711C9516-2,TWR-0019,2024-04-26T07:23:00,15.72,292.94,0.517,10.44,-58,1016,41.0,4.642
MET-DE707C0E-A,TWR-0019,2024-05-03T01:15:00,20.04,385.00,1.419,2.99,-40,516,87.1,0.260
MET-2CB6AFA5-1,TWR-0019,2024-05-04T11:02:00,11.33,475.14,0.649,1.42,-51,831,48.4,2.018
MET-B88A9C95-A,TWR-0019,2024-05-20T02:45:00,38.26,331.25,0.728,5.23,-56,1652,65.3,0.220
MET-0B3E06D4-E,TWR-0019,2024-05-23T03:10:00,25.07,377.51,1.142,7.86,-68,175,90.3,0.945
MET-DA8E22CC-D,TWR-0019,2024-06-02T03:32:00,18.68,457.33,1.156,13.16,-61,1294,65.7,4.037
MET-7F1BB110-F,TWR-0019,2024-06-25T23:36:00,33.36,328.31,0.197,4.02,-70,693,83.8,3.226
MET-8A353EE8-1,TWR-0019,2024-07-12T17:26:00,26.96,222.39,0.620,14.56,-57,1095,26.2,3.007
MET-267ABE05-7,TWR-0019,2024-07-18T07:05:00,43.90,194.36,0.506,4.95,-43,1233,36.7,4.316
MET-9B98882F-7,TWR-0019,2024-10-26T20:39:00,44.33,185.99,1.392,11.73,-53,1803,72.8,1.357
MET-AF20C337-3,TWR-0019,2024-10-28T05:51:00,32.88,470.98,0.483,10.03,-41,1087,87.4,4.984
MET-93E053E4-E,TWR-0019,2024-11-26T04:02:00,31.37,404.14,1.284,13.58,-52,1931,36.4,3.984
MET-A82E82DE-2,TWR-0020,2024-01-25T01:27:00,16.60,184.58,1.278,14.38,-48,349,58.1,2.040
MET-2BEFD5C8-6,TWR-0020,2024-02-08T23:05:00,19.90,452.44,1.111,12.36,-56,1192,26.4,0.427
MET-4AB464C3-B,TWR-0020,2024-02-15T00:39:00,40.54,214.48,0.104,7.07,-63,384,57.9,3.487
MET-752CB91C-E,TWR-0020,2024-03-07T06:38:00,33.53,431.09,0.072,5.76,-42,360,29.6,3.348
MET-A88847AF-6,TWR-0020,2024-03-27T03:49:00,49.68,295.97,0.749,12.97,-61,1344,72.3,2.969
MET-D60C2570-F,TWR-0020,2024-03-29T00:46:00,30.90,365.86,0.642,1.91,-58,1023,80.4,4.258
MET-D81F899E-F,TWR-0020,2024-04-02T09:31:00,38.84,406.19,0.232,10.10,-44,1862,62.0,4.260
MET-9E603D8D-9,TWR-0020,2024-05-03T20:23:00,18.97,274.70,0.446,4.38,-42,973,59.5,4.807
MET-046C1F72-2,TWR-0020,2024-05-16T16:45:00,36.86,495.88,0.238,6.09,-59,816,48.0,4.126
MET-B960CB74-E,TWR-0020,2024-05-19T06:07:00,15.68,304.89,1.421,1.11,-64,889,74.2,2.634
MET-5176777F-9,TWR-0020,2024-05-26T14:54:00,24.18,244.82,0.823,14.08,-60,1162,24.6,4.294
MET-0D4414B3-9,TWR-0020,2024-09-03T20:23:00,11.64,309.13,0.847,8.95,-53,1748,24.1,2.411
MET-BC256AEB-C,TWR-0020,2024-09-14T20:18:00,49.98,186.67,0.019,12.63,-63,1049,24.4,4.422
MET-61730972-2,TWR-0020,2024-09-22T00:34:00,17.26,380.95,0.487,3.07,-57,1472,83.9,2.889
MET-CA104019-1,TWR-0020,2024-09-29T20:05:00,32.05,242.99,0.703,2.52,-65,506,37.0,2.031
MET-4496F518-5,TWR-0020,2024-10-05T16:47:00,19.51,220.27,0.422,9.76,-45,1203,81.2,2.765
MET-EBFC7E6E-B,TWR-0020,2024-10-08T07:53:00,16.09,381.09,0.090,5.92,-52,69,31.5,3.524
MET-6E7CB12E-F,TWR-0020,2024-10-28T05:00:00,31.62,317.83,1.384,7.94,-44,1560,48.4,3.763
MET-BE91D140-4,TWR-0020,2024-11-11T06:12:00,49.30,421.64,0.367,8.12,-68,1539,70.4,2.268
MET-6335C6B7-6,TWR-0020,2024-11-22T16:44:00,24.36,457.41,0.168,12.70,-68,1569,92.5,4.772
MET-F07A7145-6,TWR-0021,2024-01-24T09:18:00,11.98,183.56,0.819,5.79,-56,503,93.5,0.508
MET-1FC3A419-2,TWR-0021,2024-01-26T05:23:00,41.10,111.17,0.013,3.14,-54,813,65.4,1.198
MET-13A308A7-E,TWR-0021,2024-02-11T14:42:00,12.49,286.04,1.285,5.98,-68,976,79.2,1.052
MET-A3386467-2,TWR-0021,2024-02-28T10:04:00,38.74,402.50,0.155,12.04,-44,828,91.5,4.698
MET-7EE4BA9E-3,TWR-0021,2024-03-14T14:08:00,44.96,494.02,0.652,13.32,-54,1333,53.5,0.885
MET-CCABAA2A-C,TWR-0021,2024-03-28T09:10:00,12.88,424.74,1.125,9.08,-42,1087,55.4,3.600
MET-FCFE2BF1-3,TWR-0021,2024-03-31T02:26:00,11.02,284.57,1.068,14.18,-55,500,57.1,3.583
MET-F07BE8D5-6,TWR-0021,2024-04-06T06:38:00,17.15,221.56,0.757,6.54,-55,408,21.8,3.260
MET-EF430F20-C,TWR-0021,2024-06-17T00:55:00,18.70,215.52,0.817,3.15,-68,1066,79.7,2.468
MET-6F1C7ED8-A,TWR-0021,2024-07-16T01:32:00,39.38,394.59,1.404,3.02,-41,1551,35.1,0.383
MET-12F1BFEB-7,TWR-0021,2024-07-16T18:20:00,16.29,264.13,0.461,7.10,-41,695,78.4,1.111
MET-B968E2FF-C,TWR-0021,2024-08-14T03:16:00,38.05,361.82,1.485,10.49,-54,1021,21.2,2.345
MET-727DAB20-9,TWR-0021,2024-09-15T19:49:00,39.82,285.04,0.401,7.59,-63,1253,81.9,0.792
MET-E261CD1E-C,TWR-0021,2024-09-19T13:07:00,13.53,332.87,0.380,12.46,-69,1878,76.0,4.253
MET-F22423EF-4,TWR-0021,2024-09-21T11:34:00,42.74,318.59,1.317,14.85,-55,1402,88.2,3.056
MET-F558A8D1-D,TWR-0021,2024-10-20T04:01:00,11.99,123.90,0.642,4.80,-51,620,88.3,4.918
MET-10569D08-F,TWR-0021,2024-10-27T22:50:00,40.52,347.06,0.162,5.19,-62,526,55.2,0.868
MET-FC9F31E6-F,TWR-0021,2024-10-31T07:23:00,33.22,332.36,0.909,7.17,-58,1866,26.6,0.920
MET-7961F064-1,TWR-0021,2024-12-16T02:15:00,33.51,432.04,0.600,6.76,-58,705,31.2,0.505
MET-D626011C-8,TWR-0021,2024-12-16T02:42:00,42.42,486.13,0.319,8.09,-49,1015,62.0,3.074
MET-8E45BAD2-D,TWR-0022,2024-01-18T15:48:00,24.76,181.40,1.078,10.18,-61,246,22.1,1.794
MET-0D6A4835-3,TWR-0022,2024-02-19T18:53:00,38.74,471.82,0.844,12.91,-42,767,76.0,0.311
MET-5DFC6483-5,TWR-0022,2024-02-20T18:15:00,24.19,497.72,0.405,6.90,-69,1515,64.2,4.192
MET-D6D1BE11-B,TWR-0022,2024-02-24T13:13:00,33.66,356.77,0.827,7.53,-50,1918,33.2,2.338
MET-28D6192E-A,TWR-0022,2024-03-18T21:28:00,47.61,477.87,0.771,12.45,-65,1426,69.3,1.115
MET-814BC74B-5,TWR-0022,2024-03-20T21:59:00,44.31,192.70,1.038,5.54,-43,1693,77.4,3.424
MET-19E83B67-6,TWR-0022,2024-03-31T12:51:00,47.65,314.83,0.613,1.42,-60,1982,47.1,2.228
MET-761660A6-B,TWR-0022,2024-04-09T03:03:00,48.41,210.21,0.280,7.44,-46,1672,69.6,0.330
MET-56911E98-8,TWR-0022,2024-04-16T11:47:00,13.04,340.30,0.954,12.13,-53,1523,75.1,1.748
MET-01FC1B9D-D,TWR-0022,2024-04-25T16:31:00,24.63,150.83,0.228,13.27,-43,971,47.8,0.007
MET-453BEB79-C,TWR-0022,2024-05-03T19:02:00,29.48,327.76,0.676,5.62,-54,746,50.7,2.637
MET-9DF3FDD8-9,TWR-0022,2024-05-13T16:05:00,14.60,137.97,0.231,13.36,-44,1423,53.8,3.486
MET-86581489-C,TWR-0022,2024-06-19T01:18:00,48.58,174.96,1.351,4.94,-44,522,76.9,2.958
MET-1F8AC3A7-7,TWR-0022,2024-07-03T10:13:00,48.79,122.97,0.182,4.53,-66,1597,46.3,4.798
MET-4F07F246-0,TWR-0022,2024-07-14T01:50:00,10.39,174.43,0.696,4.36,-43,395,20.3,2.096
MET-4B154543-A,TWR-0022,2024-08-06T03:32:00,34.64,166.57,0.773,2.89,-69,1006,47.6,1.026
MET-48E23369-1,TWR-0022,2024-08-10T04:53:00,40.77,427.19,1.143,13.91,-57,633,33.5,0.886
MET-9D9DF912-9,TWR-0022,2024-08-30T13:45:00,45.46,157.60,1.190,13.04,-64,1667,64.6,0.786
MET-C885DA14-4,TWR-0022,2024-11-07T00:47:00,34.63,448.05,0.178,9.72,-61,1143,74.5,4.477
MET-44791892-7,TWR-0022,2024-11-09T10:25:00,44.19,309.33,1.129,11.40,-62,599,33.5,1.707
MET-9877A885-E,TWR-0023,2024-01-10T19:50:00,47.54,370.03,0.933,5.36,-63,167,76.9,1.344
MET-63606620-2,TWR-0023,2024-01-31T12:16:00,32.52,436.57,0.517,3.25,-40,1675,92.4,4.749
MET-8B758DF7-2,TWR-0023,2024-02-25T05:36:00,22.11,487.66,0.798,11.20,-41,1571,91.7,1.009
MET-3C0825BD-8,TWR-0023,2024-04-05T14:35:00,32.20,366.77,0.377,7.03,-56,583,36.7,4.238
MET-140444BE-9,TWR-0023,2024-04-06T06:57:00,22.27,422.81,1.284,13.71,-46,1185,61.4,3.431
MET-5593AC98-9,TWR-0023,2024-05-12T15:45:00,18.81,113.09,0.938,3.93,-60,551,92.3,1.183
MET-D7ADA101-8,TWR-0023,2024-05-14T03:12:00,41.18,294.82,0.745,4.93,-41,1775,21.8,2.750
MET-03B6418D-7,TWR-0023,2024-06-21T23:24:00,23.61,129.98,0.206,4.13,-43,169,74.6,4.880
MET-30E1E4B5-4,TWR-0023,2024-06-30T10:33:00,17.83,304.62,0.053,3.04,-40,1126,83.8,3.461
MET-E6ABAD24-B,TWR-0023,2024-07-07T08:41:00,18.09,180.05,0.149,12.22,-45,229,42.5,4.779
MET-AB1C174D-B,TWR-0023,2024-07-11T03:28:00,47.89,107.22,0.365,11.14,-63,1278,71.7,1.256
MET-A30A73E7-A,TWR-0023,2024-08-05T04:17:00,30.22,332.14,0.856,5.35,-49,1560,54.7,0.099
MET-1BD76032-9,TWR-0023,2024-08-16T07:25:00,29.53,139.94,1.260,5.05,-60,1426,54.2,1.783
MET-D77872A2-7,TWR-0023,2024-08-17T11:38:00,48.16,188.93,0.883,9.81,-64,1723,37.7,0.256
MET-286A07FF-7,TWR-0023,2024-09-13T03:30:00,36.22,467.02,1.047,10.91,-44,209,42.2,1.203
MET-AF6B2025-9,TWR-0023,2024-09-17T12:33:00,44.94,392.07,0.927,11.13,-47,1398,91.7,4.829
MET-12641CD0-4,TWR-0023,2024-09-24T06:17:00,22.98,304.13,0.271,5.84,-51,972,55.8,2.974
MET-4536012C-E,TWR-0023,2024-09-25T15:05:00,49.21,498.33,0.851,8.82,-49,958,58.2,3.746
MET-0F555D39-7,TWR-0023,2024-10-26T08:11:00,44.20,267.33,1.471,9.12,-53,186,73.4,3.451
MET-513CD0F6-1,TWR-0023,2024-11-12T08:04:00,12.09,235.94,0.762,5.53,-59,1474,42.0,4.685
MET-3279CFC3-0,TWR-0024,2024-01-03T08:38:00,48.02,217.77,0.349,3.95,-64,123,62.0,0.818
MET-96A85047-2,TWR-0024,2024-02-01T07:14:00,11.91,443.86,0.802,12.00,-68,958,40.6,3.133
MET-74846490-C,TWR-0024,2024-02-14T10:07:00,27.41,164.92,1.280,7.95,-42,760,87.8,4.634
MET-DFC42A69-4,TWR-0024,2024-02-21T20:07:00,33.01,428.68,0.735,11.31,-69,894,46.8,1.799
MET-F01CA66E-A,TWR-0024,2024-03-06T01:18:00,31.87,123.24,0.758,13.49,-56,1329,52.3,2.534
MET-76AAC3EF-4,TWR-0024,2024-05-07T04:04:00,31.40,203.39,0.281,14.20,-47,536,44.1,3.809
MET-A3CD41F9-A,TWR-0024,2024-05-21T18:04:00,13.87,405.70,0.608,10.80,-66,278,44.8,2.460
MET-B3B3990C-A,TWR-0024,2024-05-30T11:30:00,30.30,336.20,1.157,2.18,-54,514,30.1,4.515
MET-4CACD39B-4,TWR-0024,2024-06-28T22:19:00,35.79,261.38,0.214,6.41,-47,1068,71.5,3.921
MET-05AF52D9-8,TWR-0024,2024-06-30T04:01:00,11.04,244.10,1.320,1.46,-40,830,57.5,3.969
MET-7D47BCA5-9,TWR-0024,2024-07-01T02:32:00,28.54,107.35,0.277,11.94,-43,650,24.9,2.428
MET-F99FE891-C,TWR-0024,2024-09-03T16:44:00,15.35,471.30,0.551,11.84,-58,811,66.9,1.478
MET-1553DE16-E,TWR-0024,2024-09-09T16:12:00,22.99,324.60,0.188,11.55,-67,1392,68.7,4.815
MET-1A9D2E9A-8,TWR-0024,2024-09-26T14:48:00,48.66,246.17,0.519,7.48,-56,1297,60.5,4.926
MET-58D40871-C,TWR-0024,2024-09-30T18:12:00,10.07,102.76,1.072,14.24,-41,911,45.2,0.966
MET-5A402203-F,TWR-0024,2024-10-02T03:49:00,45.45,275.97,0.745,12.13,-70,1460,89.1,1.501
MET-8FE345B0-6,TWR-0024,2024-10-10T07:31:00,30.79,258.48,0.388,2.69,-49,1443,72.2,3.853
MET-87238FDD-0,TWR-0024,2024-10-24T13:38:00,22.61,400.63,0.438,2.93,-61,768,33.6,0.699
MET-30DC857B-C,TWR-0024,2024-10-28T00:30:00,35.04,134.44,0.039,1.63,-59,1374,54.7,2.948
MET-B2A04E52-B,TWR-0024,2024-11-07T18:40:00,25.01,234.30,0.519,10.50,-51,1466,39.8,0.118
MET-63754961-F,TWR-0025,2024-02-19T18:04:00,12.93,496.83,0.693,4.78,-60,1683,28.4,0.092
MET-F9853DD4-7,TWR-0025,2024-02-29T02:11:00,26.92,192.47,0.876,10.04,-50,689,57.0,2.114
MET-4D8E3F57-9,TWR-0025,2024-03-13T03:44:00,19.71,248.59,0.239,3.61,-43,324,32.3,4.147
MET-161D73D5-A,TWR-0025,2024-04-05T09:10:00,23.74,279.35,1.089,2.26,-60,1705,51.6,1.096
MET-BA3BC5CE-9,TWR-0025,2024-04-24T08:48:00,33.69,150.21,0.509,8.40,-67,1704,73.2,3.665
MET-DDD084B6-F,TWR-0025,2024-04-25T02:55:00,17.77,290.10,0.928,4.74,-63,1109,75.1,2.304
MET-5C5E7142-6,TWR-0025,2024-05-22T23:15:00,12.94,361.95,0.863,10.42,-64,1068,73.5,4.744
MET-CC9A2810-A,TWR-0025,2024-06-20T23:06:00,37.77,187.43,1.080,8.88,-67,1458,39.5,4.998
MET-E57018EA-D,TWR-0025,2024-07-09T18:36:00,29.32,161.11,0.731,8.14,-44,1404,65.1,3.829
MET-38A00AAD-A,TWR-0025,2024-08-09T08:20:00,29.17,154.87,0.261,2.27,-60,1985,95.0,3.186
MET-0E9EE5F7-2,TWR-0025,2024-09-23T05:32:00,46.19,135.28,1.270,4.23,-48,398,38.6,1.554
MET-99DEEE34-C,TWR-0025,2024-09-26T04:05:00,28.90,358.54,0.654,11.84,-59,1739,51.9,2.824
MET-F731E2D5-A,TWR-0025,2024-10-11T07:17:00,39.80,129.83,0.917,13.70,-45,1277,64.4,4.579
MET-116562F4-9,TWR-0025,2024-10-20T13:22:00,18.14,444.85,0.382,13.24,-57,899,23.8,2.644
MET-646F6049-2,TWR-0025,2024-11-10T08:16:00,10.63,289.26,0.825,10.44,-53,1295,70.9,3.286
MET-9F3F8376-2,TWR-0025,2024-11-12T08:09:00,10.86,260.37,1.417,12.82,-41,296,48.3,0.431
MET-D110DEFE-9,TWR-0025,2024-11-26T06:28:00,23.21,161.73,1.324,1.51,-61,231,50.4,1.855
MET-FDC82AA2-9,TWR-0025,2024-12-08T14:09:00,18.73,109.53,1.449,14.40,-55,484,37.1,3.094
MET-6439FC5F-E,TWR-0025,2024-12-16T04:48:00,22.18,496.11,0.617,4.75,-41,492,36.8,3.703
MET-45125297-A,TWR-0025,2024-12-16T19:36:00,36.01,128.69,1.227,1.34,-41,1447,88.6,2.034
MET-961E40C2-B,TWR-0026,2024-03-20T03:55:00,48.19,161.97,0.197,14.50,-47,820,27.6,2.054
MET-5635389D-5,TWR-0026,2024-03-31T10:02:00,17.33,151.41,1.485,12.37,-66,1218,41.6,2.647
MET-72AB5591-9,TWR-0026,2024-04-12T20:14:00,14.52,340.39,1.387,6.94,-44,1504,80.6,1.618
MET-C1B37674-E,TWR-0026,2024-04-21T10:39:00,41.47,393.14,1.328,7.40,-43,1623,71.7,2.485
MET-C9D519F7-B,TWR-0026,2024-04-25T01:45:00,20.42,437.01,0.559,8.71,-61,135,59.4,3.586
MET-EF964AFB-2,TWR-0026,2024-05-22T04:46:00,32.87,135.14,1.356,11.92,-44,507,30.3,1.771
MET-B8F89FAF-C,TWR-0026,2024-06-03T19:43:00,10.26,127.71,0.771,10.07,-67,659,35.2,4.082
MET-E580DEE7-5,TWR-0026,2024-06-30T16:11:00,23.54,172.72,0.606,4.54,-53,1239,21.6,1.666
MET-0CACDCBC-7,TWR-0026,2024-07-15T07:57:00,11.06,379.33,1.036,7.90,-55,922,39.6,4.856
MET-A4226F07-F,TWR-0026,2024-07-21T04:50:00,45.31,177.56,1.003,13.39,-42,481,76.0,4.349
MET-36EDE4EB-0,TWR-0026,2024-08-18T06:58:00,37.74,238.28,1.325,8.31,-61,1969,81.1,1.078
MET-74BF0481-7,TWR-0026,2024-08-28T01:13:00,39.39,133.15,1.357,5.28,-60,1869,55.0,0.685
MET-E2585212-A,TWR-0026,2024-09-04T10:48:00,14.21,397.24,0.308,11.57,-58,96,30.8,1.528
MET-899EFB4D-2,TWR-0026,2024-09-25T10:23:00,15.60,303.66,0.270,8.05,-46,1998,30.4,0.508
MET-4D65FFFD-A,TWR-0026,2024-09-29T08:50:00,16.38,322.28,0.252,13.19,-48,1632,23.4,1.943
MET-27156236-4,TWR-0026,2024-10-11T14:30:00,23.30,187.22,0.426,6.35,-67,1968,75.4,2.147
MET-6418CEDD-E,TWR-0026,2024-10-21T11:56:00,42.88,340.51,1.029,1.98,-57,518,81.2,0.497
MET-917B1162-B,TWR-0026,2024-10-23T04:04:00,44.60,339.70,1.161,12.51,-42,1570,46.4,2.960
MET-3E9384AA-A,TWR-0026,2024-11-01T16:52:00,24.85,165.28,1.141,7.21,-60,1909,74.4,3.013
MET-9D135461-C,TWR-0026,2024-11-06T03:10:00,40.71,353.51,0.390,13.41,-40,1691,88.5,4.384
MET-1DD79D6F-1,TWR-0027,2024-01-07T02:00:00,30.59,486.74,0.668,14.56,-44,1325,68.9,4.631
MET-2737DC2E-5,TWR-0027,2024-01-16T23:27:00,46.26,326.81,1.060,10.24,-68,795,44.6,1.804
MET-3C7CCDE4-D,TWR-0027,2024-02-23T19:35:00,43.06,101.58,1.250,1.21,-57,513,80.5,2.288
MET-2FD9CDD8-3,TWR-0027,2024-03-22T13:40:00,42.35,276.41,1.037,2.93,-51,1801,44.2,2.730
MET-7D7A9CC6-F,TWR-0027,2024-04-10T06:43:00,42.18,479.46,0.342,6.93,-48,696,51.3,0.142
MET-D9F40C61-7,TWR-0027,2024-04-12T20:42:00,47.29,254.19,0.339,3.24,-65,762,47.8,2.120
MET-4A7CB8FC-B,TWR-0027,2024-05-08T09:26:00,40.80,268.16,1.443,13.99,-46,677,34.1,3.500
MET-02A9E09A-0,TWR-0027,2024-07-05T15:29:00,47.48,450.27,0.812,6.91,-70,836,70.1,2.577
MET-34612380-1,TWR-0027,2024-07-29T13:51:00,36.44,160.55,1.344,10.24,-60,995,77.1,3.731
MET-BB639785-4,TWR-0027,2024-08-10T07:14:00,36.97,481.00,0.258,12.83,-67,1194,57.8,4.185
MET-C7EDAD1D-B,TWR-0027,2024-08-19T20:06:00,42.54,460.61,1.321,11.80,-70,973,23.8,0.016
MET-B9CC0306-0,TWR-0027,2024-08-30T11:58:00,46.21,131.12,0.993,6.42,-47,256,41.6,0.273
MET-B6D86001-F,TWR-0027,2024-10-06T05:14:00,13.49,467.92,0.895,10.54,-62,1551,41.3,2.647
MET-BF5F47A2-C,TWR-0027,2024-10-10T16:17:00,35.55,292.05,0.253,5.03,-60,1275,59.0,3.100
MET-5A692370-1,TWR-0027,2024-10-12T19:42:00,19.14,226.01,0.701,11.24,-45,1476,44.8,2.453
MET-B1275A11-7,TWR-0027,2024-10-26T22:24:00,12.33,361.79,1.004,3.78,-40,1691,39.6,3.461
MET-78582E97-F,TWR-0027,2024-11-02T02:11:00,42.23,468.88,0.214,3.86,-48,1675,71.0,4.360
MET-6620D1DE-3,TWR-0027,2024-11-04T22:32:00,41.14,247.23,0.592,2.93,-57,667,52.6,4.057
MET-D64BA494-8,TWR-0027,2024-12-02T14:39:00,31.52,268.12,0.978,8.34,-53,311,33.9,1.294
MET-0B299A72-0,TWR-0027,2024-12-11T01:58:00,33.52,202.18,0.945,6.47,-44,1704,58.4,3.540
MET-27CD5FD0-8,TWR-0028,2024-01-20T17:26:00,47.70,494.84,1.139,7.31,-43,1084,50.8,1.134
MET-296098B6-F,TWR-0028,2024-01-23T17:06:00,25.14,461.76,0.694,6.50,-51,768,38.4,0.479
MET-02F9BC8E-6,TWR-0028,2024-02-29T10:20:00,25.47,229.45,1.179,9.90,-52,371,23.5,2.544
MET-94A9B931-C,TWR-0028,2024-04-21T21:02:00,34.97,273.55,1.474,10.42,-49,1422,26.1,1.041
MET-FE1D9408-D,TWR-0028,2024-05-23T08:19:00,24.61,273.16,0.426,14.61,-61,1803,94.9,1.796
MET-B8457D93-B,TWR-0028,2024-06-15T17:55:00,30.05,141.42,0.566,1.47,-44,1858,80.9,2.076
MET-ABE78FD5-9,TWR-0028,2024-06-18T12:25:00,35.37,144.08,1.070,12.93,-55,627,34.3,4.073
MET-81782515-1,TWR-0028,2024-06-22T02:49:00,27.85,357.65,1.116,14.15,-70,103,71.1,1.887
MET-E52AB1C4-B,TWR-0028,2024-06-25T21:42:00,29.17,332.55,0.323,3.52,-45,1239,34.5,0.178
MET-D062F662-7,TWR-0028,2024-06-29T11:32:00,32.21,369.18,1.382,9.03,-66,316,24.1,3.075
MET-E472A813-7,TWR-0028,2024-07-04T04:45:00,46.60,366.02,1.439,4.94,-68,1249,76.9,1.951
MET-06B835A0-7,TWR-0028,2024-07-08T18:01:00,24.01,227.63,0.060,8.76,-51,1936,40.1,0.699
MET-D18698B3-9,TWR-0028,2024-07-27T16:27:00,16.28,242.83,0.475,10.78,-41,1414,69.5,0.470
MET-ECE2A489-A,TWR-0028,2024-08-06T16:07:00,28.07,392.54,0.465,7.26,-70,917,72.1,3.647
MET-03B7E27C-7,TWR-0028,2024-08-12T12:45:00,13.51,285.14,1.411,13.68,-53,1458,55.2,1.041
MET-1212B95A-F,TWR-0028,2024-08-20T00:41:00,31.32,254.74,1.148,11.41,-42,716,72.2,2.023
MET-D494B5F0-C,TWR-0028,2024-08-23T08:15:00,39.75,215.11,0.985,4.93,-67,1473,44.3,1.915
MET-C921E67B-9,TWR-0028,2024-09-12T11:13:00,12.49,354.49,0.912,2.70,-40,1323,67.3,3.414
MET-AE47760E-F,TWR-0028,2024-10-07T09:26:00,40.77,361.96,1.391,9.17,-48,1882,50.2,1.114
MET-C81D87A6-D,TWR-0028,2024-10-08T01:25:00,23.89,422.76,1.476,14.93,-59,1836,24.4,1.588
MET-8CA743B6-D,TWR-0029,2024-01-16T02:56:00,16.52,105.44,1.025,8.26,-57,1143,57.4,2.020
MET-2C031D35-4,TWR-0029,2024-02-15T18:56:00,23.35,146.99,1.419,12.13,-70,1557,76.8,3.365
MET-DB0C94C6-6,TWR-0029,2024-03-20T22:26:00,30.81,334.09,1.421,13.09,-59,1344,35.5,3.672
MET-750798A7-9,TWR-0029,2024-04-06T17:24:00,26.44,388.05,1.139,4.52,-53,490,85.2,4.652
MET-5FC9F2D7-7,TWR-0029,2024-05-03T11:58:00,13.29,116.87,1.347,14.43,-62,1977,73.5,0.065
MET-1B457DE0-5,TWR-0029,2024-05-04T16:35:00,49.96,229.54,0.054,8.73,-68,1183,78.5,0.742
MET-499C740E-3,TWR-0029,2024-05-30T14:22:00,18.97,345.16,0.613,13.42,-69,461,36.4,1.136
MET-6F76E21C-5,TWR-0029,2024-06-25T08:55:00,23.72,365.83,0.447,5.58,-54,637,78.5,3.488
MET-9C3F04D2-B,TWR-0029,2024-06-26T08:50:00,29.55,457.20,0.514,2.43,-43,1865,65.1,4.125
MET-3F3616B1-7,TWR-0029,2024-07-03T02:58:00,40.99,469.02,0.166,3.96,-59,1151,31.2,0.899
MET-51B5B0E6-1,TWR-0029,2024-07-03T15:21:00,21.68,338.73,0.417,14.20,-43,1623,54.8,3.616
MET-2B6B6BF6-1,TWR-0029,2024-07-15T03:52:00,11.06,344.40,1.348,1.10,-58,192,23.6,0.929
MET-981EEEDD-E,TWR-0029,2024-07-27T22:26:00,24.15,148.17,0.821,5.08,-67,258,91.4,2.166
MET-36EAD33A-8,TWR-0029,2024-07-28T02:34:00,35.24,214.37,1.301,2.31,-52,1423,71.1,4.853
MET-2B9FCFFF-C,TWR-0029,2024-08-30T03:09:00,44.90,139.91,1.394,14.34,-53,1709,74.8,2.338
MET-FB611247-F,TWR-0029,2024-09-07T18:44:00,12.22,470.92,0.809,14.28,-58,1187,47.6,1.474
MET-3837E3E6-C,TWR-0029,2024-09-19T06:30:00,35.61,437.61,0.532,1.99,-46,1586,84.6,3.099
MET-9AB12916-A,TWR-0029,2024-11-01T07:38:00,36.38,468.40,0.501,5.02,-63,1202,75.4,1.171
MET-A8B5D813-F,TWR-0029,2024-11-24T21:02:00,18.66,497.96,1.479,1.57,-46,1077,24.4,0.210
MET-C0EBC0DC-7,TWR-0029,2024-11-28T09:50:00,47.09,146.32,1.402,9.96,-46,1603,74.2,1.700
MET-0C6C4385-B,TWR-0030,2024-03-03T06:14:00,22.74,203.02,0.252,8.04,-54,1512,74.5,4.104
MET-7C940086-9,TWR-0030,2024-03-14T17:11:00,31.13,454.62,0.769,9.75,-60,864,57.1,1.287
MET-AF2E18F0-9,TWR-0030,2024-03-30T17:08:00,14.73,339.30,1.262,10.14,-68,971,49.4,4.600
MET-C96B019A-1,TWR-0030,2024-04-06T07:54:00,31.23,493.61,0.817,14.19,-41,1856,40.3,4.002
MET-A7771823-8,TWR-0030,2024-04-07T18:06:00,43.33,244.71,1.327,2.91,-52,969,50.5,4.238
MET-0CE13E48-F,TWR-0030,2024-05-08T09:27:00,45.35,468.75,0.501,3.88,-46,59,39.1,1.049
MET-B63BCBFC-3,TWR-0030,2024-05-09T11:47:00,32.12,319.63,0.726,7.34,-58,1839,67.2,4.837
MET-2D803089-2,TWR-0030,2024-05-09T15:30:00,22.00,341.71,1.024,8.54,-55,1360,64.1,0.040
MET-ADB44C17-7,TWR-0030,2024-06-24T14:52:00,49.22,308.17,0.459,1.27,-45,594,71.3,3.134
MET-B95E7103-8,TWR-0030,2024-06-27T20:37:00,37.35,402.64,0.431,10.37,-66,1512,92.1,3.851
MET-5E3BB894-D,TWR-0030,2024-07-13T13:46:00,11.45,157.74,0.338,9.41,-40,1141,91.9,0.742
MET-D741B836-3,TWR-0030,2024-08-16T22:23:00,47.21,459.79,0.519,7.83,-68,597,62.2,1.396
MET-F2FB68AE-4,TWR-0030,2024-08-17T05:59:00,10.42,149.24,1.444,11.11,-55,1164,85.3,4.375
MET-E726D02D-5,TWR-0030,2024-08-23T20:11:00,32.09,353.20,1.359,6.94,-43,1193,35.1,4.318
MET-CA640097-F,TWR-0030,2024-09-06T10:16:00,23.12,111.03,0.677,7.32,-63,94,34.0,0.080
MET-A942B580-3,TWR-0030,2024-10-12T20:11:00,49.25,274.64,1.313,5.59,-67,1448,50.3,0.818
MET-F962243C-2,TWR-0030,2024-11-02T14:49:00,32.49,196.46,0.325,4.11,-59,1594,38.4,4.481
MET-49FC8B33-9,TWR-0030,2024-11-14T03:47:00,37.52,141.37,1.033,6.89,-51,1433,70.1,0.681
MET-5E6A064A-D,TWR-0030,2024-11-28T14:08:00,19.56,206.15,1.379,9.45,-45,884,67.5,2.741
MET-3E26E97E-1,TWR-0030,2024-12-05T19:17:00,33.01,387.14,0.730,8.02,-63,939,42.1,0.077
MET-51FA15F9-0,TWR-0031,2024-01-15T11:07:00,37.92,106.95,0.448,12.29,-69,1739,45.4,2.100
MET-B0AB4E69-4,TWR-0031,2024-02-24T07:52:00,41.76,407.97,0.492,6.09,-65,1531,73.6,0.240
MET-2123AE6B-2,TWR-0031,2024-02-25T20:13:00,12.90,312.64,0.813,1.57,-49,374,45.1,0.251
MET-8E905251-0,TWR-0031,2024-02-29T23:10:00,36.44,124.86,1.349,11.88,-52,1314,85.0,4.595
MET-A2E2EBC4-9,TWR-0031,2024-03-01T08:46:00,31.98,257.55,0.087,9.56,-54,1154,62.8,4.900
MET-BE3A5304-7,TWR-0031,2024-03-17T22:20:00,41.62,127.93,0.913,14.15,-45,1764,83.4,3.619
MET-F5B7722D-F,TWR-0031,2024-04-11T21:36:00,18.63,457.76,0.537,5.29,-58,116,50.5,3.882
MET-26C4A597-E,TWR-0031,2024-04-25T07:15:00,40.46,463.55,1.145,7.19,-68,526,59.4,4.943
MET-75689B9A-C,TWR-0031,2024-06-06T01:50:00,21.10,460.80,0.844,5.40,-49,1893,49.0,3.364
MET-F772E0BC-B,TWR-0031,2024-06-26T21:01:00,30.24,464.33,0.997,8.60,-44,958,94.1,0.630
MET-63E3FEC1-2,TWR-0031,2024-07-04T21:20:00,46.94,195.68,0.217,5.81,-45,1366,34.6,0.673
MET-6531711D-6,TWR-0031,2024-08-17T23:03:00,42.77,245.99,1.035,5.71,-61,943,92.8,3.796
MET-E3A5E932-F,TWR-0031,2024-08-20T11:43:00,36.64,211.87,0.496,2.72,-61,699,46.2,3.486
MET-ED240D16-C,TWR-0031,2024-08-21T19:21:00,43.08,105.37,0.825,10.02,-47,597,22.9,0.027
MET-2BA067C4-D,TWR-0031,2024-09-03T00:57:00,47.60,348.58,0.634,6.01,-50,192,35.1,1.084
MET-4FE5C7B5-3,TWR-0031,2024-09-06T06:58:00,12.42,425.34,0.792,14.72,-67,1685,67.8,4.111
MET-50E63074-D,TWR-0031,2024-10-13T04:03:00,23.22,353.14,0.019,13.12,-53,1793,79.0,2.788
MET-AA32EE90-0,TWR-0031,2024-11-27T03:07:00,22.77,189.33,0.990,7.28,-70,1719,90.5,4.154
MET-45A1EC1E-9,TWR-0031,2024-12-10T05:30:00,42.14,265.00,1.489,5.77,-64,1418,33.2,2.889
MET-94F8D025-9,TWR-0031,2024-12-13T00:33:00,26.35,250.33,0.173,12.79,-40,1689,46.1,4.961
MET-743C9EC3-A,TWR-0032,2024-01-16T22:59:00,33.53,484.14,1.283,9.22,-70,947,79.0,4.072
MET-D6416118-1,TWR-0032,2024-01-31T16:50:00,18.55,245.49,0.792,12.73,-56,79,40.2,2.123
MET-26C1CD9D-7,TWR-0032,2024-02-14T15:51:00,13.03,452.62,0.827,4.05,-49,850,54.1,0.856
MET-E5F2C3C9-1,TWR-0032,2024-03-27T20:37:00,28.55,469.93,0.078,7.69,-67,1355,91.3,3.484
MET-DD77DBDC-B,TWR-0032,2024-04-01T16:51:00,42.31,431.81,0.889,10.37,-59,57,37.3,0.617
MET-79CBF580-3,TWR-0032,2024-04-28T01:27:00,24.19,141.39,0.285,5.71,-54,1733,26.4,1.529
MET-A09475E8-A,TWR-0032,2024-05-14T10:49:00,49.44,475.22,0.713,5.54,-47,363,41.0,2.375
MET-E09130CE-8,TWR-0032,2024-05-26T13:57:00,48.60,361.40,0.473,9.96,-60,1790,28.4,3.496
MET-50A6F7D9-4,TWR-0032,2024-05-30T17:32:00,41.78,250.99,0.517,3.06,-69,838,20.7,3.289
MET-88D289B9-E,TWR-0032,2024-06-23T21:53:00,33.95,325.91,0.504,13.69,-67,1627,71.5,0.516
MET-FD8D803A-F,TWR-0032,2024-06-28T15:56:00,28.78,173.48,0.967,2.59,-45,1369,53.5,1.219
MET-8922BCF7-B,TWR-0032,2024-07-13T02:38:00,26.43,164.21,0.033,14.79,-45,1411,26.7,1.716
MET-84B57341-6,TWR-0032,2024-07-19T12:50:00,49.75,368.95,0.485,8.65,-64,233,51.8,4.769
MET-936BF00A-6,TWR-0032,2024-07-22T12:12:00,23.01,248.17,0.521,6.09,-40,1347,52.1,3.969
MET-C911620F-D,TWR-0032,2024-08-27T10:37:00,40.27,178.46,1.157,7.80,-64,1067,54.9,4.255
MET-4EBFDB31-7,TWR-0032,2024-09-04T05:58:00,21.13,363.16,1.126,3.32,-58,487,59.7,0.453
MET-5C61DB93-3,TWR-0032,2024-10-16T13:27:00,29.92,213.81,0.936,12.46,-43,394,92.8,0.436
MET-F4FB78E9-3,TWR-0032,2024-10-24T11:45:00,10.43,119.04,0.422,3.79,-43,562,72.1,3.492
MET-559520B9-1,TWR-0032,2024-11-04T02:30:00,42.80,472.99,0.735,7.99,-42,465,25.5,1.663
MET-8DE9AF45-B,TWR-0032,2024-11-27T00:04:00,12.67,368.36,0.620,1.52,-58,801,67.5,0.768
MET-00388FB9-A,TWR-0033,2024-01-11T20:26:00,36.47,464.43,0.810,2.28,-48,1941,61.0,1.380
MET-A0C17B29-4,TWR-0033,2024-01-17T03:54:00,43.98,415.67,0.327,7.48,-55,175,24.4,1.571
MET-11133E4D-0,TWR-0033,2024-03-09T17:48:00,47.95,345.73,1.450,1.10,-56,1565,56.2,0.133
MET-75F7E3DB-4,TWR-0033,2024-03-25T09:28:00,34.39,150.47,0.020,10.71,-42,1337,34.9,3.212
MET-A343AB6B-7,TWR-0033,2024-05-13T08:30:00,26.58,143.43,0.570,1.15,-64,1896,63.0,0.030
MET-4AF3D177-1,TWR-0033,2024-05-28T13:27:00,37.69,343.54,0.030,14.72,-50,1895,49.1,1.064
MET-E97F18E1-E,TWR-0033,2024-05-31T08:20:00,37.42,165.46,0.340,6.73,-40,1348,85.0,4.583
MET-EEC9990D-9,TWR-0033,2024-06-05T04:59:00,45.76,425.29,0.636,9.02,-42,738,55.0,0.376
MET-1FFA651D-0,TWR-0033,2024-06-05T16:10:00,37.30,127.39,0.212,14.48,-43,918,78.2,2.138
MET-A77598CC-5,TWR-0033,2024-06-11T01:04:00,22.00,109.67,0.591,10.88,-70,1720,64.2,2.262
MET-956C8FC7-8,TWR-0033,2024-06-18T16:54:00,14.02,158.05,0.810,8.35,-50,560,35.9,3.418
MET-23494BC1-6,TWR-0033,2024-08-12T07:54:00,10.93,377.27,1.375,1.72,-40,1944,25.3,4.029
MET-3F3599C3-2,TWR-0033,2024-08-18T15:50:00,21.40,124.29,0.201,14.97,-60,243,75.8,0.009
MET-1A75B34A-1,TWR-0033,2024-08-27T02:04:00,43.60,268.57,0.487,5.11,-69,1389,20.6,2.198
MET-33063184-6,TWR-0033,2024-08-30T16:50:00,29.34,148.26,0.277,6.42,-52,550,71.3,4.976
MET-8B09AE09-8,TWR-0033,2024-09-03T05:30:00,30.37,294.92,0.714,6.72,-62,93,87.5,1.171
MET-5FEED5FD-6,TWR-0033,2024-09-16T14:04:00,47.54,473.71,0.009,14.39,-65,837,75.2,3.972
MET-F0BF49ED-C,TWR-0033,2024-09-26T16:35:00,26.85,372.52,1.059,11.66,-40,1422,23.9,0.530
MET-EF424C37-8,TWR-0033,2024-10-02T03:03:00,19.13,303.20,0.882,3.07,-42,780,87.2,4.866
MET-D67683F1-3,TWR-0033,2024-11-20T14:56:00,29.12,270.12,1.429,8.06,-63,1134,32.9,4.569
MET-815F90AC-F,TWR-0034,2024-01-04T13:25:00,39.46,321.84,1.463,9.05,-63,1342,31.8,2.129
MET-CB964987-D,TWR-0034,2024-01-31T00:15:00,17.51,112.51,0.154,8.83,-52,1806,34.0,1.231
MET-C09216F6-4,TWR-0034,2024-02-08T06:15:00,34.89,421.97,1.133,2.76,-53,1578,38.4,0.409
MET-F1D0EF4C-C,TWR-0034,2024-02-16T02:51:00,46.86,320.84,0.728,7.22,-58,1950,36.4,4.036
MET-983E3FF6-0,TWR-0034,2024-02-22T21:36:00,17.67,445.28,0.546,13.31,-46,1343,23.8,4.556
MET-C638B99C-4,TWR-0034,2024-03-07T04:46:00,31.15,345.38,0.261,5.68,-50,1265,61.7,2.684
MET-0C65490D-5,TWR-0034,2024-04-20T20:03:00,23.14,225.64,0.183,8.39,-68,1095,45.6,0.117
MET-686CDDC8-0,TWR-0034,2024-05-16T17:41:00,47.42,403.28,0.371,8.66,-46,1513,33.2,4.745
MET-27AC5685-3,TWR-0034,2024-06-16T21:26:00,49.03,463.82,0.815,14.48,-40,1668,86.2,2.377
MET-AF7153E1-2,TWR-0034,2024-06-19T18:09:00,44.19,321.60,1.051,14.99,-58,1301,87.9,1.367
MET-3CAD73DE-D,TWR-0034,2024-07-11T07:29:00,31.41,236.55,0.012,13.27,-43,1360,21.0,4.926
MET-2B2301D2-4,TWR-0034,2024-07-24T02:54:00,44.97,323.09,0.158,10.67,-68,356,82.5,2.081
MET-7AD7588E-4,TWR-0034,2024-09-12T15:23:00,16.33,313.91,1.311,7.53,-61,1839,55.8,0.902
MET-A579AD49-D,TWR-0034,2024-10-04T00:34:00,35.26,499.04,1.226,6.75,-47,1444,69.3,1.770
MET-0D5E2A0B-F,TWR-0034,2024-10-06T03:54:00,43.45,487.14,1.036,9.30,-66,1558,71.0,0.306
MET-000A4571-2,TWR-0034,2024-10-11T04:04:00,44.29,337.92,0.624,5.10,-56,803,64.6,4.068
MET-A58C0D76-9,TWR-0034,2024-10-22T22:00:00,19.09,413.04,0.656,1.20,-47,1528,81.3,2.176
MET-6B8288FF-1,TWR-0034,2024-11-12T22:33:00,31.95,442.03,0.553,8.44,-51,1031,73.5,3.300
MET-C3FA854B-0,TWR-0034,2024-11-17T05:58:00,47.50,400.65,0.247,4.33,-59,773,65.5,1.573
MET-C3E05CC4-C,TWR-0034,2024-11-25T19:57:00,17.54,195.62,0.512,5.40,-55,518,67.9,3.230
MET-02A1EFB9-A,TWR-0035,2024-01-22T05:58:00,43.01,256.55,0.787,4.18,-63,1660,36.0,3.839
MET-4CBF946F-5,TWR-0035,2024-02-15T08:44:00,37.38,137.19,0.396,6.24,-42,1600,60.3,2.360
MET-7123E19D-A,TWR-0035,2024-03-16T15:29:00,34.31,106.99,0.357,13.74,-61,109,58.9,4.353
MET-EDC87FDD-7,TWR-0035,2024-03-25T10:24:00,41.52,274.10,0.955,6.80,-60,407,71.1,4.045
MET-FBEAA672-9,TWR-0035,2024-03-27T13:12:00,44.91,317.79,0.284,4.15,-43,680,93.9,4.299
MET-F84931A7-8,TWR-0035,2024-04-04T23:18:00,16.21,490.76,0.886,10.68,-49,990,31.8,4.004
MET-2C0E91AC-5,TWR-0035,2024-04-12T17:46:00,40.66,215.05,0.289,1.19,-61,1409,39.7,0.633
MET-875AFFB8-0,TWR-0035,2024-06-05T09:29:00,47.54,383.48,0.508,5.66,-43,398,60.5,3.067
MET-5C24F19B-C,TWR-0035,2024-06-11T07:36:00,24.58,101.09,0.758,4.75,-42,258,42.6,3.510
MET-B8589BD6-2,TWR-0035,2024-07-11T14:44:00,28.80,346.37,0.918,2.53,-60,1186,91.9,2.047
MET-29DD2DFB-0,TWR-0035,2024-07-19T19:13:00,23.64,142.41,0.946,5.00,-68,1798,42.6,1.092
MET-20BFFF5A-4,TWR-0035,2024-07-25T11:46:00,14.89,395.25,0.085,10.28,-63,71,85.1,4.467
MET-F1F3A215-E,TWR-0035,2024-08-13T18:27:00,34.61,221.24,0.643,13.34,-66,1458,44.0,0.641
MET-6DD611C1-D,TWR-0035,2024-08-21T23:13:00,27.65,174.53,1.192,3.60,-49,1411,52.0,1.687
MET-FD861422-E,TWR-0035,2024-08-30T13:08:00,41.74,293.44,1.389,10.47,-50,383,70.0,1.624
MET-25FD4E8C-E,TWR-0035,2024-08-30T23:46:00,39.28,125.62,0.197,2.07,-67,711,65.6,2.068
MET-1B571B77-E,TWR-0035,2024-09-22T12:34:00,38.69,425.86,1.492,12.88,-58,740,64.3,0.658
MET-6DE65B01-6,TWR-0035,2024-10-13T16:08:00,18.82,487.40,1.093,2.44,-41,900,72.2,3.382
MET-BDF40160-5,TWR-0035,2024-11-24T03:18:00,20.31,269.32,1.258,9.88,-59,929,80.3,0.579
MET-738E76ED-5,TWR-0035,2024-11-29T00:19:00,33.05,457.22,0.979,4.34,-43,71,67.5,0.334
MET-978731A0-2,TWR-0036,2024-02-04T20:11:00,34.97,102.40,0.036,9.63,-44,1832,59.8,1.463
MET-8C5BE847-B,TWR-0036,2024-02-17T19:15:00,10.20,282.11,0.607,10.44,-67,1471,87.5,2.155
MET-2CCB7226-D,TWR-0036,2024-03-06T16:30:00,48.15,349.20,0.237,6.36,-66,552,33.3,1.446
MET-F5718881-C,TWR-0036,2024-04-11T00:45:00,30.36,173.90,1.058,12.89,-51,1407,42.3,1.836
MET-AF63D14D-2,TWR-0036,2024-04-21T08:51:00,18.53,310.34,1.429,9.52,-45,102,83.8,0.383
MET-A3DFCD73-E,TWR-0036,2024-04-22T05:22:00,21.30,169.99,1.429,8.85,-45,1841,53.2,4.775
MET-E5C31690-4,TWR-0036,2024-04-26T18:32:00,30.79,288.03,0.874,14.96,-46,500,80.5,1.797
MET-F660FAE7-9,TWR-0036,2024-05-02T07:39:00,48.10,305.64,0.848,13.57,-57,1843,28.1,1.266
MET-0F02FDAB-E,TWR-0036,2024-05-13T19:41:00,10.95,453.94,0.717,1.15,-54,1333,55.0,4.869
MET-5DD82C73-E,TWR-0036,2024-05-14T16:38:00,38.30,283.78,1.423,5.98,-43,1254,91.8,4.367
MET-C70CB21D-8,TWR-0036,2024-05-24T14:14:00,39.21,122.01,0.286,5.33,-59,1206,40.1,2.308
MET-46C6B378-6,TWR-0036,2024-05-29T04:39:00,24.53,499.78,0.207,7.53,-63,488,69.7,1.984
MET-E6DC311C-8,TWR-0036,2024-07-29T19:00:00,35.25,302.30,1.374,3.23,-56,1177,74.0,2.694
MET-54D6CA2C-E,TWR-0036,2024-08-19T20:12:00,44.25,430.81,0.744,12.30,-49,924,58.3,4.961
MET-A9FE8E07-C,TWR-0036,2024-09-11T17:28:00,28.74,491.59,0.333,1.25,-62,1971,56.8,2.369
MET-FC918A5F-8,TWR-0036,2024-10-04T01:30:00,10.60,141.66,0.994,6.89,-42,777,68.1,2.726
MET-8C86118E-1,TWR-0036,2024-11-10T19:37:00,45.91,304.39,1.278,9.73,-59,396,54.7,3.267
MET-191249AE-F,TWR-0036,2024-11-22T03:39:00,34.21,222.33,0.757,7.63,-67,225,65.8,0.511
MET-9012B72D-3,TWR-0036,2024-11-23T03:05:00,32.08,273.39,0.596,1.45,-54,1587,23.1,1.488
MET-065C4DCD-6,TWR-0036,2024-12-05T21:26:00,12.49,187.16,1.340,5.76,-51,1850,27.6,1.328
MET-D4A4853C-D,TWR-0037,2024-01-16T22:14:00,14.76,235.97,1.441,14.65,-51,774,52.6,3.261
MET-605B84BA-1,TWR-0037,2024-02-08T19:24:00,20.06,143.01,0.496,2.77,-58,490,49.8,2.338
MET-59F17908-C,TWR-0037,2024-02-12T19:39:00,42.69,314.97,0.940,9.11,-56,1142,28.3,0.340
MET-DF8B7E63-0,TWR-0037,2024-03-01T17:44:00,41.30,476.49,0.416,8.67,-48,1216,94.1,0.774
MET-0B0EC82B-F,TWR-0037,2024-03-02T00:14:00,49.93,110.35,0.151,3.65,-53,944,61.2,4.912
MET-E406BEFC-B,TWR-0037,2024-03-11T22:21:00,46.05,173.68,0.934,11.42,-62,861,55.7,4.985
MET-267F956B-E,TWR-0037,2024-04-01T01:37:00,48.32,499.50,0.095,13.62,-60,1072,63.3,4.260
MET-B2F7D42A-0,TWR-0037,2024-04-15T04:32:00,48.32,148.63,1.469,10.83,-53,366,35.6,4.181
MET-44785EBA-7,TWR-0037,2024-05-05T18:26:00,27.83,282.59,0.211,5.95,-49,765,45.1,4.630
MET-1E23EA03-6,TWR-0037,2024-05-20T22:16:00,48.17,420.53,0.488,5.90,-52,1964,53.5,1.686
MET-95C7EA41-C,TWR-0037,2024-06-05T03:31:00,22.64,145.59,0.090,9.99,-61,436,56.2,4.965
MET-6E5A9C63-F,TWR-0037,2024-06-20T05:13:00,35.43,478.57,0.816,4.03,-41,1745,24.5,3.574
MET-BAECA74A-E,TWR-0037,2024-06-25T12:10:00,32.02,348.26,0.220,4.55,-51,956,46.2,1.230
MET-1AC21853-7,TWR-0037,2024-08-10T17:12:00,27.62,163.80,0.526,9.15,-62,1212,55.9,2.170
MET-0D1BC829-C,TWR-0037,2024-08-14T23:04:00,42.11,297.21,0.357,2.78,-60,1329,93.0,4.844
MET-88E413C3-8,TWR-0037,2024-08-19T21:07:00,44.38,225.35,0.352,1.63,-46,1164,69.9,4.354
MET-C884C413-D,TWR-0037,2024-10-24T12:57:00,18.71,170.29,0.288,9.66,-45,1911,72.6,2.365
MET-6B3548F0-3,TWR-0037,2024-11-05T15:43:00,15.51,417.66,0.707,12.25,-43,1908,73.4,0.570
MET-5A0DCE04-2,TWR-0037,2024-12-04T19:18:00,12.55,456.63,1.202,6.64,-47,1860,50.6,0.639
MET-96719D02-E,TWR-0037,2024-12-08T20:15:00,11.00,244.40,1.340,5.99,-65,1167,58.6,3.525
MET-81BF1201-0,TWR-0038,2024-01-05T12:08:00,26.31,365.40,0.432,11.40,-61,1980,51.9,0.526
MET-5CE607FB-8,TWR-0038,2024-01-20T05:40:00,10.44,237.65,0.755,4.24,-66,1978,39.8,3.966
MET-B07C70F0-E,TWR-0038,2024-02-07T06:54:00,12.51,108.99,1.346,5.83,-57,1290,73.4,3.579
MET-9EF2A13C-0,TWR-0038,2024-02-10T20:22:00,47.95,202.89,1.112,1.39,-55,1223,71.9,0.646
MET-EF1D5485-3,TWR-0038,2024-02-14T10:19:00,32.53,247.65,0.203,2.61,-53,1882,77.1,1.365
MET-C9990540-0,TWR-0038,2024-02-16T23:50:00,42.17,319.18,0.899,1.06,-68,282,70.4,1.601
MET-EA4BB546-A,TWR-0038,2024-03-14T15:57:00,27.37,385.65,0.941,3.13,-40,291,53.5,2.758
MET-226FDFE2-0,TWR-0038,2024-03-26T13:32:00,13.54,346.19,1.173,14.16,-68,771,77.9,2.833
MET-1C61EC7C-D,TWR-0038,2024-04-26T19:51:00,12.78,317.86,0.105,11.46,-64,139,21.6,1.184
MET-CC71BF61-6,TWR-0038,2024-05-02T03:15:00,32.64,186.25,1.426,12.80,-43,170,75.6,4.429
MET-92043F3E-6,TWR-0038,2024-06-18T08:51:00,13.15,191.19,1.097,13.88,-69,101,66.9,3.075
MET-2122EBCC-C,TWR-0038,2024-07-15T17:17:00,44.05,302.24,0.493,14.00,-64,1737,31.9,0.604
MET-2DAA93F8-3,TWR-0038,2024-07-17T03:36:00,46.56,207.87,0.187,1.15,-48,355,79.1,2.054
MET-B1E9FBEA-C,TWR-0038,2024-07-23T17:01:00,36.02,391.68,1.033,8.73,-52,1217,60.2,3.211
MET-71C9F963-1,TWR-0038,2024-08-15T03:26:00,31.41,340.12,0.433,1.10,-55,419,42.5,2.936
MET-9F3DA5F8-E,TWR-0038,2024-08-31T22:43:00,47.02,250.57,0.316,8.23,-45,870,81.3,2.088
MET-E01849EE-A,TWR-0038,2024-09-09T12:19:00,10.77,476.48,1.338,12.09,-68,1862,42.5,0.050
MET-BF06954A-5,TWR-0038,2024-11-02T06:21:00,30.58,248.10,0.391,13.92,-50,1074,46.6,1.636
MET-1441CA58-1,TWR-0038,2024-11-25T03:52:00,47.02,343.52,1.437,4.94,-53,1510,33.6,0.717
MET-31850DB5-7,TWR-0038,2024-12-01T07:59:00,29.21,285.39,0.212,13.85,-70,599,22.9,1.775
MET-FAB3476D-7,TWR-0039,2024-03-18T01:14:00,10.60,207.83,0.380,11.71,-69,1266,81.4,4.660
MET-52405D4A-C,TWR-0039,2024-04-16T14:05:00,41.46,306.25,1.189,11.41,-49,942,55.4,0.878
MET-53B4FAAF-8,TWR-0039,2024-04-22T14:03:00,46.61,249.15,0.451,2.44,-42,826,44.5,2.675
MET-2BC005F0-C,TWR-0039,2024-04-25T02:58:00,32.80,458.63,0.305,1.04,-57,267,92.3,0.310
MET-E0102229-B,TWR-0039,2024-04-26T13:18:00,34.63,375.80,1.106,8.88,-68,912,21.9,3.611
MET-60AC6B11-9,TWR-0039,2024-04-30T08:33:00,11.10,277.16,0.656,14.14,-51,736,43.4,2.546
MET-8314D778-2,TWR-0039,2024-05-02T03:45:00,46.68,282.53,0.312,2.12,-65,648,32.7,2.894
MET-5049605C-1,TWR-0039,2024-05-28T16:42:00,15.98,370.94,0.436,12.41,-64,1150,70.0,1.782
MET-19DED38B-C,TWR-0039,2024-06-04T16:42:00,10.79,275.23,0.756,2.68,-52,299,51.4,3.380
MET-E010DABB-F,TWR-0039,2024-07-02T02:58:00,37.10,354.79,1.189,10.07,-55,82,90.1,4.808
MET-F0784364-A,TWR-0039,2024-08-13T03:09:00,19.01,114.82,1.456,12.51,-42,1364,65.5,0.183
MET-6F2347E0-0,TWR-0039,2024-08-25T14:18:00,37.40,389.34,0.881,11.35,-60,570,89.0,1.375
MET-60F96A03-7,TWR-0039,2024-08-26T06:49:00,19.53,355.41,0.874,8.80,-48,941,28.1,3.955
MET-3C28B6D6-9,TWR-0039,2024-08-27T06:40:00,31.55,162.73,0.180,2.49,-49,1285,84.1,4.608
MET-E93E27E7-A,TWR-0039,2024-10-13T23:44:00,39.82,187.66,0.729,14.51,-47,760,85.0,0.360
MET-5514E094-8,TWR-0039,2024-11-05T09:57:00,36.11,151.94,0.460,12.19,-59,190,58.0,2.465
MET-6A6FAA7C-3,TWR-0039,2024-11-18T06:20:00,28.99,396.57,0.196,2.56,-59,1985,66.2,0.655
MET-5C6CA3BF-3,TWR-0039,2024-12-07T09:49:00,38.20,384.53,0.350,3.72,-54,1703,39.2,4.347
MET-02240D5B-2,TWR-0039,2024-12-09T05:26:00,23.04,235.33,1.192,10.14,-40,1483,93.6,0.030
MET-82CD3317-B,TWR-0039,2024-12-13T17:05:00,21.52,222.67,0.062,6.68,-57,1861,67.3,3.868
MET-875FD7D3-3,TWR-0040,2024-02-20T06:18:00,40.95,197.77,0.714,5.74,-55,1529,64.4,3.499
MET-2432EAE2-0,TWR-0040,2024-02-20T13:31:00,18.35,157.25,1.039,4.37,-62,1558,89.8,1.491
MET-D9DF39CF-E,TWR-0040,2024-03-07T15:07:00,21.74,121.85,1.204,2.59,-63,618,22.6,0.242
MET-8ACAA507-0,TWR-0040,2024-03-26T15:56:00,30.98,247.29,1.494,4.39,-67,257,82.0,2.390
MET-C3E35D93-A,TWR-0040,2024-03-29T04:23:00,43.19,120.63,1.000,5.14,-43,1238,27.2,2.933
MET-31F6512F-F,TWR-0040,2024-04-26T15:17:00,15.02,169.16,1.331,11.79,-68,678,75.3,1.354
MET-08D62447-2,TWR-0040,2024-06-08T10:14:00,31.85,196.48,1.165,5.76,-60,980,23.5,0.738
MET-8AB923D9-9,TWR-0040,2024-06-30T03:09:00,12.69,339.47,0.965,13.98,-55,912,87.2,0.116
MET-D401A882-D,TWR-0040,2024-07-03T13:26:00,16.24,112.30,1.444,13.48,-45,1291,86.7,1.684
MET-77C36949-7,TWR-0040,2024-07-07T05:25:00,21.15,326.75,0.165,7.22,-42,656,81.2,2.103
MET-BA7AE0A5-7,TWR-0040,2024-07-14T12:55:00,19.88,432.38,0.423,3.14,-66,322,50.1,0.832
MET-E8AAD058-4,TWR-0040,2024-09-14T23:23:00,24.15,151.92,0.938,5.36,-57,1368,58.3,0.514
MET-CF1D2792-1,TWR-0040,2024-10-06T05:07:00,16.70,378.44,0.385,13.89,-70,1444,33.3,1.751
MET-D7BAC693-C,TWR-0040,2024-10-06T12:34:00,10.17,316.44,0.689,13.39,-50,1378,90.2,4.061
MET-9C0EB160-1,TWR-0040,2024-10-24T09:53:00,23.76,153.30,0.782,13.46,-60,1359,72.8,3.644
MET-83603936-7,TWR-0040,2024-11-04T07:12:00,46.08,111.86,0.187,7.44,-59,76,26.1,2.925
MET-A7B86E6B-9,TWR-0040,2024-11-26T16:07:00,49.89,104.28,1.104,11.67,-67,1389,27.7,0.643
MET-5D107B3E-7,TWR-0040,2024-11-29T01:00:00,14.76,323.88,0.659,14.30,-52,1368,71.2,4.228
MET-7E564CBA-1,TWR-0040,2024-11-30T05:18:00,21.95,133.95,1.078,5.62,-40,559,66.3,1.196
MET-093CF7E4-8,TWR-0040,2024-12-05T07:16:00,18.32,219.21,0.149,7.53,-45,855,88.3,1.792
MET-5AEB88E2-5,TWR-0041,2024-01-09T06:41:00,33.30,158.75,0.833,7.16,-68,332,86.0,0.941
MET-1ECCEDDD-7,TWR-0041,2024-01-10T13:18:00,30.86,145.26,0.465,3.92,-42,1321,76.0,3.614
MET-EBB23FD0-6,TWR-0041,2024-02-26T15:28:00,26.94,340.39,0.654,8.89,-51,476,80.4,3.673
MET-2E255191-8,TWR-0041,2024-03-20T19:13:00,21.74,389.19,1.006,9.64,-61,1871,50.9,0.544
MET-715273B0-3,TWR-0041,2024-04-12T13:55:00,33.90,289.41,1.186,13.89,-57,838,28.8,0.311
MET-0EA41242-1,TWR-0041,2024-04-18T02:52:00,44.18,212.32,1.102,4.72,-41,115,60.1,2.908
MET-A040DBCA-D,TWR-0041,2024-05-03T12:13:00,29.12,124.63,1.426,3.88,-65,753,30.6,3.880
MET-700E5ADC-9,TWR-0041,2024-06-10T19:38:00,28.85,150.16,0.685,11.39,-64,1425,40.5,1.188
MET-C18AFE86-9,TWR-0041,2024-06-13T08:58:00,34.92,261.45,0.693,4.93,-51,1865,90.6,4.843
MET-085EAB68-F,TWR-0041,2024-07-01T03:31:00,14.48,255.34,0.762,13.48,-57,738,43.8,1.068
MET-BB9922B8-0,TWR-0041,2024-07-07T20:49:00,17.81,307.51,1.467,2.17,-50,1981,92.7,4.750
MET-021D8F94-7,TWR-0041,2024-07-19T22:50:00,34.76,196.19,0.112,8.35,-51,1450,29.6,3.578
MET-2BCE8C34-B,TWR-0041,2024-09-16T19:37:00,29.78,100.53,1.462,3.82,-51,442,49.9,4.332
MET-FFB01CF1-F,TWR-0041,2024-10-15T21:11:00,41.16,127.84,1.481,12.68,-48,58,93.8,3.695
MET-6BD70A71-6,TWR-0041,2024-11-01T13:07:00,25.70,478.32,0.868,9.11,-59,521,27.9,4.049
MET-39138C25-F,TWR-0041,2024-11-09T05:25:00,36.50,371.34,1.155,2.93,-60,954,81.6,2.767
MET-59395F65-9,TWR-0041,2024-11-16T07:53:00,47.06,243.90,1.448,13.00,-46,293,53.1,2.199
MET-0D3C5A5E-6,TWR-0041,2024-11-23T14:43:00,13.45,112.97,0.472,2.11,-60,1189,49.7,0.462
MET-B036E980-B,TWR-0041,2024-12-08T05:42:00,47.37,158.30,1.044,3.05,-46,170,94.9,0.818
MET-6CD3BAFC-D,TWR-0041,2024-12-08T06:00:00,30.63,404.29,1.339,12.92,-43,887,66.5,0.001
MET-8869708D-A,TWR-0042,2024-01-07T15:09:00,46.90,188.82,0.265,3.18,-70,1110,65.5,2.625
MET-6E622C65-3,TWR-0042,2024-01-27T01:26:00,42.02,463.52,0.363,9.98,-54,364,71.3,3.436
MET-D0E9404D-7,TWR-0042,2024-01-27T15:26:00,13.33,207.41,0.355,5.38,-54,749,65.2,1.947
MET-A1CF46B0-9,TWR-0042,2024-02-05T08:39:00,31.13,220.46,0.082,7.70,-66,1845,69.3,4.781
MET-E38ADFF9-5,TWR-0042,2024-02-14T10:47:00,33.59,171.31,0.728,11.76,-70,1616,61.2,2.011
MET-213F2163-5,TWR-0042,2024-02-18T14:21:00,14.38,428.33,0.715,4.08,-51,167,66.2,3.329
MET-66A8EAD6-1,TWR-0042,2024-02-26T14:52:00,25.85,267.61,1.085,3.94,-52,1679,66.1,3.930
MET-2F73BCD1-F,TWR-0042,2024-03-02T06:12:00,12.27,261.89,1.225,5.53,-58,408,69.2,2.335
MET-F9D35DB0-C,TWR-0042,2024-05-05T16:12:00,48.46,237.91,0.395,6.57,-44,1077,87.4,1.940
MET-AEDF3A6F-9,TWR-0042,2024-05-20T11:53:00,18.97,118.52,0.724,4.24,-50,79,49.4,3.473
MET-257F99A4-E,TWR-0042,2024-06-06T14:37:00,10.43,325.06,0.576,3.60,-68,493,40.8,3.223
MET-9E11F3A4-E,TWR-0042,2024-06-06T22:23:00,43.24,106.18,1.447,8.66,-56,1280,21.0,0.714
MET-C6C38961-3,TWR-0042,2024-06-11T14:35:00,17.27,374.46,0.414,7.41,-43,957,33.5,2.496
MET-A53BAA69-1,TWR-0042,2024-06-19T18:08:00,36.01,367.62,1.263,4.82,-50,932,57.0,4.382
MET-735BAEE9-D,TWR-0042,2024-06-30T10:28:00,16.80,443.12,1.035,5.85,-53,1802,88.8,0.389
MET-F55BBBBB-C,TWR-0042,2024-07-19T10:47:00,15.33,454.75,0.977,3.90,-69,1739,63.3,0.521
MET-1AD613FA-6,TWR-0042,2024-07-24T16:45:00,13.40,175.87,0.873,13.50,-54,216,69.9,4.733
MET-FC51E1AC-9,TWR-0042,2024-08-10T05:06:00,36.98,269.13,0.728,1.47,-49,717,38.1,4.032
MET-B5ADA567-E,TWR-0042,2024-10-17T20:11:00,11.17,130.61,0.064,7.10,-46,1501,62.6,2.628
MET-419264E7-9,TWR-0042,2024-10-28T18:34:00,22.01,172.22,1.146,9.25,-70,977,20.5,1.129
MET-416FF80B-C,TWR-0043,2024-01-05T02:12:00,12.50,289.01,1.034,13.42,-60,475,55.8,0.211
MET-C4451797-F,TWR-0043,2024-01-11T22:23:00,40.58,429.73,0.691,9.16,-69,1785,63.8,2.547
MET-F6DABABC-3,TWR-0043,2024-01-19T15:32:00,21.63,131.56,0.784,4.20,-43,1522,28.8,0.337
MET-14793D76-6,TWR-0043,2024-03-19T14:26:00,31.53,217.75,0.732,14.05,-43,122,47.6,0.161
MET-18F2B45F-C,TWR-0043,2024-03-27T17:48:00,12.69,348.37,1.206,11.63,-66,1010,42.8,0.886
MET-47C36D95-D,TWR-0043,2024-04-08T21:45:00,32.27,437.64,1.165,14.47,-50,53,46.7,0.652
MET-7F61FC18-B,TWR-0043,2024-04-12T12:00:00,34.66,243.68,0.509,13.86,-68,226,29.6,4.311
MET-9AB3DEC2-7,TWR-0043,2024-05-26T15:22:00,34.59,118.13,1.476,1.36,-44,981,78.3,3.383
MET-1BC3038A-9,TWR-0043,2024-06-30T03:27:00,17.20,241.62,0.938,10.72,-51,1102,62.4,1.021
MET-9F7FE88E-1,TWR-0043,2024-07-11T02:08:00,32.94,171.56,0.891,9.11,-41,504,66.1,4.744
MET-3F12179C-B,TWR-0043,2024-07-15T18:12:00,42.76,365.51,1.376,9.72,-46,395,31.8,3.649
MET-2B53595C-5,TWR-0043,2024-08-11T14:03:00,30.74,422.11,0.154,4.90,-55,694,94.4,4.086
MET-80766442-9,TWR-0043,2024-08-17T14:07:00,48.10,467.01,1.286,14.70,-50,135,30.1,3.754
MET-9080E466-F,TWR-0043,2024-08-23T15:02:00,28.70,335.34,1.255,5.13,-59,202,60.2,0.417
MET-0DAEEDF8-2,TWR-0043,2024-09-14T07:56:00,19.23,213.57,1.191,11.66,-51,894,59.1,4.178
MET-1223C4B2-E,TWR-0043,2024-09-22T16:44:00,38.74,166.27,1.230,6.29,-57,1043,36.9,4.896
MET-201CC892-D,TWR-0043,2024-10-05T16:59:00,26.26,201.20,0.649,14.51,-68,552,92.6,2.817
MET-25300D9F-7,TWR-0043,2024-10-25T08:36:00,29.24,430.22,1.157,5.88,-66,1414,66.9,4.170
MET-151DF0F9-3,TWR-0043,2024-11-01T15:32:00,38.74,200.73,0.848,9.77,-47,1501,88.9,0.586
MET-822A09EE-A,TWR-0043,2024-11-22T19:26:00,20.98,109.80,0.028,9.72,-50,1388,36.3,0.575
MET-A125C163-B,TWR-0044,2024-01-10T15:56:00,18.64,285.52,1.245,11.55,-56,1204,36.1,0.037
MET-73ECD4E4-6,TWR-0044,2024-01-14T22:17:00,49.75,489.41,1.487,8.57,-60,1551,65.3,2.710
MET-39C6ED0C-F,TWR-0044,2024-01-15T07:28:00,12.19,284.84,1.044,6.76,-61,813,75.1,0.207
MET-2E478798-C,TWR-0044,2024-02-04T09:51:00,27.18,425.19,0.391,4.06,-65,656,53.9,0.177
MET-BB95C11C-8,TWR-0044,2024-03-04T06:48:00,15.97,413.75,1.100,11.46,-70,312,69.9,0.387
MET-BF48530E-F,TWR-0044,2024-03-04T16:27:00,34.71,250.05,0.717,6.53,-70,547,82.7,1.932
MET-508A47B4-4,TWR-0044,2024-03-13T10:56:00,13.95,483.00,0.170,11.34,-63,819,27.0,3.301
MET-5A9E3C91-B,TWR-0044,2024-04-15T17:20:00,24.95,220.73,0.516,8.12,-70,1935,77.2,0.674
MET-781EE205-8,TWR-0044,2024-04-18T15:00:00,43.30,171.49,0.298,9.97,-64,1791,79.9,3.921
MET-CD2F75C7-B,TWR-0044,2024-05-08T21:31:00,14.45,234.12,0.818,9.70,-61,528,62.9,0.576
MET-418B8CD5-2,TWR-0044,2024-07-05T16:27:00,21.77,241.26,1.409,3.31,-58,402,84.6,4.677
MET-D74A3569-B,TWR-0044,2024-07-12T00:05:00,24.06,163.84,0.110,5.26,-68,845,73.7,3.886
MET-85E7CC1A-1,TWR-0044,2024-07-30T06:41:00,23.66,489.52,0.122,10.75,-50,1615,23.3,3.241
MET-8E74FB1D-8,TWR-0044,2024-10-01T03:51:00,47.89,242.07,1.445,10.77,-44,1413,46.0,0.140
MET-BE2A5046-E,TWR-0044,2024-10-05T02:38:00,21.49,338.21,0.393,11.38,-69,1716,75.7,4.310
MET-096155B7-9,TWR-0044,2024-10-16T02:29:00,28.11,109.24,0.763,1.05,-64,245,24.5,2.927
MET-62608EFE-D,TWR-0044,2024-11-08T20:59:00,10.01,418.08,0.923,5.98,-57,317,33.2,2.140
MET-A8C491CF-0,TWR-0044,2024-11-24T21:52:00,13.11,363.25,1.306,11.10,-67,1189,83.6,1.711
MET-E12B6CBA-9,TWR-0044,2024-12-01T09:58:00,13.75,252.57,0.434,11.63,-64,704,63.0,0.995
MET-E2A6F6CE-E,TWR-0044,2024-12-03T05:47:00,16.68,498.10,0.461,14.50,-60,795,67.8,0.617
MET-A5928A1E-9,TWR-0045,2024-01-05T19:55:00,47.91,335.24,0.720,10.41,-56,286,80.8,2.092
MET-57420255-9,TWR-0045,2024-01-14T20:06:00,20.63,303.69,1.230,2.76,-48,240,67.8,2.428
MET-B6F899AB-F,TWR-0045,2024-01-19T01:48:00,27.96,365.94,0.924,5.90,-58,358,91.9,0.753
MET-8E4C1DEE-3,TWR-0045,2024-01-30T04:38:00,26.23,263.81,0.344,3.82,-48,1177,78.7,1.172
MET-789BC087-E,TWR-0045,2024-02-02T13:48:00,30.26,107.24,0.290,12.98,-56,783,84.5,4.653
MET-52108888-0,TWR-0045,2024-03-03T11:29:00,18.10,418.68,0.444,13.62,-56,331,21.0,2.081
MET-D931186A-A,TWR-0045,2024-04-03T06:46:00,46.65,111.15,1.206,3.98,-65,585,86.4,2.329
MET-0B766762-D,TWR-0045,2024-04-05T00:12:00,25.25,383.63,0.020,4.36,-59,946,78.9,1.299
MET-A4593A16-7,TWR-0045,2024-04-05T20:36:00,29.78,161.09,0.375,4.08,-48,455,68.0,0.159
MET-849B03C0-2,TWR-0045,2024-04-18T09:42:00,43.29,368.60,1.426,4.39,-57,660,41.9,4.072
MET-2E05EC23-B,TWR-0045,2024-05-27T03:55:00,48.88,206.46,1.380,13.66,-64,956,64.3,0.821
MET-7B403586-D,TWR-0045,2024-07-05T01:25:00,48.18,160.00,0.956,6.23,-70,1472,46.0,1.176
MET-F3D1746A-2,TWR-0045,2024-07-22T07:28:00,21.65,210.99,0.046,5.43,-44,618,79.0,3.438
MET-65A8373E-2,TWR-0045,2024-08-25T13:08:00,23.87,445.42,0.021,10.46,-51,419,55.2,3.077
MET-F2FFD361-5,TWR-0045,2024-09-08T17:27:00,17.65,238.34,0.182,11.13,-49,703,86.0,2.538
MET-2699D070-A,TWR-0045,2024-09-24T23:05:00,29.63,285.87,0.492,5.67,-44,1976,68.7,4.161
MET-AB486306-3,TWR-0045,2024-09-27T08:42:00,32.85,384.61,0.478,6.12,-63,559,42.4,0.338
MET-CB11D940-1,TWR-0045,2024-10-30T03:07:00,39.82,458.77,0.662,2.84,-66,1000,81.6,0.379
MET-EF7F76E7-1,TWR-0045,2024-11-19T09:00:00,16.91,468.00,0.205,3.30,-57,758,59.6,2.633
MET-D9620683-E,TWR-0045,2024-11-27T11:35:00,31.92,257.09,0.815,1.82,-58,1585,39.4,1.089
MET-0F71A8E1-2,TWR-0046,2024-01-07T05:10:00,35.85,246.28,0.323,6.84,-68,1847,62.5,4.159
MET-BE1DA5ED-1,TWR-0046,2024-01-09T11:07:00,43.00,463.87,0.392,4.15,-40,1526,83.4,3.426
MET-8EF45701-E,TWR-0046,2024-01-15T15:51:00,39.69,482.35,0.625,13.37,-48,1357,81.0,2.323
MET-D5CC412F-B,TWR-0046,2024-03-12T10:43:00,18.64,120.19,1.079,1.11,-50,1177,26.2,1.575
MET-6BBA1D07-8,TWR-0046,2024-03-23T09:03:00,23.26,117.24,0.114,8.14,-61,1153,63.0,1.703
MET-EE5F69D5-E,TWR-0046,2024-03-23T10:05:00,15.86,348.52,0.539,9.12,-62,1440,93.1,1.864
MET-F88FCD6B-5,TWR-0046,2024-04-18T06:28:00,20.17,203.54,0.258,4.04,-48,1266,25.9,0.316
MET-471FEB6D-0,TWR-0046,2024-04-26T14:09:00,28.70,192.77,0.684,6.79,-50,311,38.4,0.087
MET-FEADBDD7-4,TWR-0046,2024-04-26T16:00:00,33.17,139.17,0.385,14.34,-57,962,31.6,3.957
MET-97A4395C-0,TWR-0046,2024-05-09T00:02:00,43.20,425.76,0.047,5.71,-52,521,62.1,3.758
MET-0AEFF1BD-7,TWR-0046,2024-05-12T16:39:00,17.24,106.65,0.751,5.67,-57,666,89.2,1.800
MET-C9F14100-C,TWR-0046,2024-06-24T03:45:00,49.74,295.31,1.432,7.26,-61,672,74.2,0.563
MET-7A1AC78D-D,TWR-0046,2024-06-26T08:16:00,40.04,425.41,0.709,12.19,-47,455,64.8,2.457
MET-97DA260E-6,TWR-0046,2024-07-03T08:38:00,23.16,340.20,0.705,14.96,-49,1796,93.2,4.781
MET-F1FA9DA8-C,TWR-0046,2024-07-08T01:13:00,35.08,382.64,0.148,9.04,-70,360,27.2,0.720
MET-4A214F2D-D,TWR-0046,2024-07-20T21:37:00,36.69,203.08,0.960,1.08,-43,1971,90.0,2.542
MET-F852A198-1,TWR-0046,2024-08-06T20:18:00,34.43,356.96,1.289,3.33,-68,1896,67.7,4.388
MET-0B3536DF-9,TWR-0046,2024-09-26T11:49:00,15.70,292.76,0.839,4.92,-70,121,94.1,4.734
MET-3BB87368-0,TWR-0046,2024-11-02T04:56:00,35.48,294.89,0.571,4.83,-46,1934,87.4,3.965
MET-ABD2F435-F,TWR-0046,2024-11-03T10:57:00,15.15,249.22,0.212,12.73,-67,1123,52.2,1.694
MET-EF1F7C50-E,TWR-0047,2024-01-03T17:13:00,35.02,453.16,1.073,3.14,-42,1788,48.0,1.933
MET-53BAA443-2,TWR-0047,2024-01-13T03:09:00,42.82,275.05,1.055,1.38,-56,1811,87.8,1.161
MET-6B0579A8-E,TWR-0047,2024-01-24T03:06:00,27.38,270.35,1.318,3.83,-49,265,78.6,3.954
MET-7DFED66A-9,TWR-0047,2024-01-28T12:07:00,12.46,165.53,1.150,14.96,-58,1738,78.7,4.222
MET-F420822F-1,TWR-0047,2024-02-24T20:56:00,49.27,151.64,0.339,13.75,-59,672,52.9,0.307
MET-A54BBE34-5,TWR-0047,2024-03-10T13:52:00,46.36,276.44,1.044,13.61,-61,1226,73.7,2.506
MET-DFD8E077-E,TWR-0047,2024-03-21T19:34:00,45.94,233.01,0.968,4.83,-55,1963,56.8,0.778
MET-20B04741-7,TWR-0047,2024-03-22T14:42:00,37.90,404.81,0.916,5.62,-55,935,28.6,0.868
MET-DB8DBAB1-B,TWR-0047,2024-04-10T15:50:00,13.51,330.90,0.042,14.09,-58,459,65.1,0.682
MET-8D1ADB85-6,TWR-0047,2024-05-02T05:11:00,41.99,446.66,0.844,8.99,-70,1553,79.1,3.832
MET-06DEE9F2-C,TWR-0047,2024-05-11T15:07:00,39.57,325.12,0.828,4.00,-56,310,50.4,0.106
MET-DFC51250-6,TWR-0047,2024-06-09T08:54:00,49.84,312.60,0.941,14.62,-52,1127,57.2,2.827
MET-0133D52C-A,TWR-0047,2024-06-25T06:51:00,20.36,150.95,1.146,7.65,-53,235,62.3,3.090
MET-3C9EF5AF-E,TWR-0047,2024-06-29T19:43:00,17.38,455.90,0.832,13.39,-46,1316,94.2,2.812
MET-4CADB9BD-3,TWR-0047,2024-07-08T05:00:00,30.71,414.73,1.107,5.88,-61,891,52.0,1.135
MET-025F1171-4,TWR-0047,2024-08-08T16:16:00,19.89,318.16,0.191,14.12,-50,1435,50.5,3.041
MET-1437F54F-B,TWR-0047,2024-09-18T16:22:00,32.12,207.72,1.133,3.43,-50,1615,22.0,0.014
MET-4817AE86-F,TWR-0047,2024-10-06T18:47:00,38.16,243.20,1.254,5.19,-67,492,36.5,3.474
MET-0EF5377E-E,TWR-0047,2024-10-19T08:00:00,25.53,211.04,1.349,8.48,-47,1666,81.1,4.105
MET-85C552E1-0,TWR-0047,2024-11-11T17:50:00,40.39,389.52,0.254,1.48,-45,55,66.0,4.660
MET-D0836FA3-D,TWR-0048,2024-01-03T05:08:00,29.53,297.27,1.281,4.30,-60,1288,94.6,2.534
MET-4D7FECFE-3,TWR-0048,2024-01-27T18:06:00,18.46,388.55,1.183,10.85,-58,1151,57.9,0.813
MET-692F9AD6-3,TWR-0048,2024-02-01T04:54:00,45.65,300.58,1.394,7.08,-65,565,55.5,2.159
MET-D7B80051-8,TWR-0048,2024-02-02T13:32:00,12.54,101.07,0.736,13.05,-66,1649,70.7,2.505
MET-33412542-F,TWR-0048,2024-02-17T20:56:00,34.35,373.74,1.409,12.29,-70,359,20.2,2.059
MET-26DD5A8E-2,TWR-0048,2024-03-13T02:11:00,35.15,265.89,0.301,6.28,-42,900,35.7,4.796
MET-4220573C-F,TWR-0048,2024-03-18T03:58:00,23.68,476.22,0.639,12.90,-42,864,52.6,0.813
MET-09B19A44-3,TWR-0048,2024-03-30T08:37:00,32.55,483.31,1.292,6.75,-58,100,89.5,3.556
MET-22385B30-1,TWR-0048,2024-04-23T12:41:00,18.39,104.86,0.069,4.75,-67,1925,44.6,4.592
MET-7E9E82EB-6,TWR-0048,2024-04-26T05:21:00,48.93,169.32,0.936,13.39,-51,1957,44.8,1.371
MET-F7493D6D-E,TWR-0048,2024-05-03T02:02:00,43.20,370.25,0.716,4.78,-49,103,71.5,2.529
MET-F6A8C4B2-3,TWR-0048,2024-05-26T02:23:00,44.07,393.92,1.415,11.14,-58,770,58.8,4.458
MET-D9A0A8B2-8,TWR-0048,2024-06-07T05:13:00,30.68,406.09,0.121,9.08,-64,1320,78.2,4.741
MET-5150CA4F-A,TWR-0048,2024-06-07T09:34:00,34.25,389.18,1.253,2.29,-64,1948,59.6,1.419
MET-39A1FB1B-F,TWR-0048,2024-06-20T01:06:00,22.61,298.66,0.612,1.83,-63,1514,43.1,2.029
MET-6E060E38-A,TWR-0048,2024-06-29T14:06:00,38.21,499.06,1.217,9.45,-58,707,58.6,1.940
MET-5DD818D5-3,TWR-0048,2024-08-21T03:20:00,36.19,268.08,0.585,5.22,-62,275,41.1,1.397
MET-B08C2CFF-6,TWR-0048,2024-10-18T19:42:00,36.98,326.17,0.158,4.16,-45,1871,43.6,1.163
MET-2B2782F2-7,TWR-0048,2024-11-05T14:23:00,25.30,218.27,0.385,7.06,-65,652,82.7,1.436
MET-D453F77A-1,TWR-0048,2024-12-16T20:40:00,19.50,443.90,0.030,6.99,-54,1143,70.3,2.594
MET-2F17D1D1-4,TWR-0049,2024-01-19T10:23:00,25.43,454.14,0.913,1.04,-43,1861,51.0,1.750
MET-5E2DCC87-2,TWR-0049,2024-01-20T00:58:00,34.83,146.50,0.338,10.27,-42,1463,39.2,2.248
MET-7685D1D1-F,TWR-0049,2024-02-02T17:55:00,26.59,107.84,0.596,12.79,-44,1755,32.6,2.128
MET-6A0BB10A-B,TWR-0049,2024-02-22T12:04:00,37.83,197.89,0.276,8.59,-43,1903,52.7,0.970
MET-863B7072-0,TWR-0049,2024-03-14T23:16:00,15.04,183.66,0.151,3.01,-55,1744,40.9,4.410
MET-92C6FA56-5,TWR-0049,2024-04-03T03:08:00,32.95,327.22,0.735,4.45,-55,634,87.5,1.472
MET-AB31CF73-A,TWR-0049,2024-05-20T02:50:00,30.58,452.04,0.057,11.08,-41,543,47.0,3.250
MET-48ED6D91-9,TWR-0049,2024-06-01T00:10:00,30.90,312.32,1.404,7.45,-57,247,50.9,2.504
MET-961B5DF0-2,TWR-0049,2024-07-01T17:27:00,24.25,179.47,1.074,12.85,-48,1010,93.0,2.474
MET-4B8001E3-D,TWR-0049,2024-07-26T14:12:00,43.56,208.59,0.159,10.64,-48,1775,60.8,4.253
MET-04ECB63C-C,TWR-0049,2024-07-28T05:33:00,10.17,418.83,1.196,5.43,-60,1593,38.7,3.405
MET-0832D1E7-3,TWR-0049,2024-07-31T13:53:00,43.70,243.66,1.398,8.11,-62,1228,32.0,2.174
MET-321A3F26-A,TWR-0049,2024-08-21T18:09:00,27.10,373.63,1.134,3.18,-69,161,35.8,3.926
MET-1B1FAD9B-2,TWR-0049,2024-09-03T10:37:00,19.50,277.93,0.400,1.36,-68,469,78.1,3.597
MET-EDAB9C1E-9,TWR-0049,2024-09-12T21:44:00,38.45,339.59,0.884,11.28,-64,1905,20.3,2.387
MET-609CDB6E-3,TWR-0049,2024-09-25T17:21:00,44.17,274.36,0.044,6.30,-56,602,27.5,4.212
MET-AB1772C3-8,TWR-0049,2024-10-26T20:05:00,23.42,424.78,0.868,4.82,-58,1398,52.6,3.544
MET-23ED7D5A-9,TWR-0049,2024-10-31T18:43:00,42.88,478.99,1.300,10.64,-42,1427,24.8,2.458
MET-25A8F2A9-5,TWR-0049,2024-11-06T20:46:00,14.46,364.74,1.276,3.00,-46,630,87.8,4.955
MET-6174E945-6,TWR-0049,2024-11-13T01:58:00,14.87,391.96,0.685,6.97,-69,824,52.9,1.185
MET-1481F974-0,TWR-0050,2024-01-24T06:46:00,19.18,447.89,0.974,14.38,-60,1244,86.1,3.707
MET-7C4D8D25-2,TWR-0050,2024-02-02T20:40:00,44.03,472.32,1.421,9.67,-48,332,34.1,3.897
MET-7F6F3C14-C,TWR-0050,2024-02-09T23:30:00,42.22,273.64,0.746,1.26,-57,896,46.0,4.514
MET-1A36A87C-0,TWR-0050,2024-02-21T15:50:00,25.19,352.58,0.520,9.79,-51,1573,56.7,0.594
MET-72626D56-8,TWR-0050,2024-03-13T08:58:00,19.39,267.39,1.257,11.29,-43,109,45.9,2.007
MET-23EA8802-F,TWR-0050,2024-03-17T04:30:00,20.56,109.50,0.883,3.39,-49,1594,50.9,4.515
MET-05AAABC8-4,TWR-0050,2024-03-28T02:19:00,48.95,365.46,0.496,10.89,-56,837,48.6,4.341
MET-42967D97-E,TWR-0050,2024-04-29T09:41:00,13.45,341.24,1.348,9.21,-58,1335,67.4,4.477
MET-D65578BA-4,TWR-0050,2024-05-19T01:47:00,23.84,491.90,0.374,2.91,-64,838,67.8,1.648
MET-81923F74-0,TWR-0050,2024-05-25T07:16:00,19.06,300.96,1.064,2.81,-59,1224,30.3,4.144
MET-76E14B1E-A,TWR-0050,2024-07-25T04:07:00,41.34,415.75,0.746,14.04,-40,1906,20.5,2.056
MET-24B24F7D-1,TWR-0050,2024-08-09T00:13:00,43.57,323.37,0.710,3.73,-58,594,27.1,2.087
MET-E2719209-F,TWR-0050,2024-08-22T03:42:00,29.92,426.35,0.540,9.79,-46,331,94.8,4.482
MET-D6300243-D,TWR-0050,2024-08-23T12:19:00,36.08,224.92,1.308,5.20,-55,1207,39.9,0.372
MET-9A672D12-E,TWR-0050,2024-08-30T20:07:00,21.37,198.39,0.046,13.79,-68,1252,62.0,1.913
MET-C6E4FC04-C,TWR-0050,2024-09-17T10:25:00,20.45,226.89,0.250,13.10,-66,1803,25.1,3.453
MET-836C8DA7-4,TWR-0050,2024-09-25T21:48:00,28.50,288.00,0.739,5.01,-70,1039,82.0,2.374
MET-D45591F4-D,TWR-0050,2024-10-07T06:52:00,44.67,150.20,0.577,8.58,-68,420,34.2,1.134
MET-342456B2-A,TWR-0050,2024-11-06T02:07:00,17.03,129.47,0.060,12.05,-62,942,72.4,3.828
MET-4A3DC37A-7,TWR-0050,2024-11-24T19:41:00,31.56,133.25,0.515,14.84,-62,910,94.2,3.554
MET-FCDF33A9-4,TWR-0051,2024-01-25T10:27:00,20.56,368.91,0.268,7.83,-42,606,24.8,2.512
MET-410C53C6-C,TWR-0051,2024-02-08T17:19:00,27.32,237.75,0.156,4.41,-61,1303,94.8,1.660
MET-65B0C4CA-F,TWR-0051,2024-02-23T08:02:00,29.17,173.38,0.538,11.73,-67,842,58.3,2.580
MET-8A6CCEF2-7,TWR-0051,2024-03-04T08:25:00,29.58,103.40,1.054,1.12,-60,1863,85.8,1.354
MET-84B9F436-4,TWR-0051,2024-03-20T02:28:00,35.46,488.76,0.365,10.11,-60,397,59.0,1.633
MET-92337D7A-7,TWR-0051,2024-04-21T18:01:00,14.40,223.54,1.111,7.69,-68,1497,34.2,3.121
MET-3FCB9662-2,TWR-0051,2024-04-27T22:49:00,26.57,187.55,0.156,1.34,-56,516,68.0,0.551
MET-ED59E2FE-3,TWR-0051,2024-05-05T13:13:00,33.12,313.37,1.135,2.69,-69,864,75.8,4.780
MET-9D1F7596-8,TWR-0051,2024-05-12T16:29:00,24.28,453.43,0.407,7.33,-62,1385,29.1,4.184
MET-DF0712B7-D,TWR-0051,2024-05-31T11:54:00,15.37,279.63,0.630,9.92,-57,316,85.5,2.212
MET-CD9EF982-D,TWR-0051,2024-06-06T06:59:00,20.45,227.32,0.612,12.46,-59,63,30.1,0.139
MET-39020A74-6,TWR-0051,2024-06-22T02:07:00,28.21,382.75,0.073,8.34,-70,1307,56.9,2.867
MET-781B29B8-3,TWR-0051,2024-07-17T13:00:00,40.35,168.59,1.129,7.76,-69,768,49.2,0.693
MET-6A3060E6-D,TWR-0051,2024-07-22T23:04:00,40.01,486.07,1.105,8.92,-66,958,67.7,4.383
MET-4677E5F4-D,TWR-0051,2024-08-09T11:03:00,36.45,310.76,1.360,1.26,-55,276,68.3,2.244
MET-DB3F6CB9-B,TWR-0051,2024-08-19T02:15:00,37.70,324.67,0.160,6.95,-49,185,80.3,3.256
MET-88437627-7,TWR-0051,2024-10-28T23:01:00,30.03,104.09,0.092,13.12,-46,324,69.7,2.108
MET-874FC16E-B,TWR-0051,2024-11-18T10:02:00,14.34,317.41,0.127,8.97,-67,380,51.4,0.301
MET-FF001115-0,TWR-0051,2024-11-21T13:47:00,44.20,439.12,1.270,8.06,-51,1037,80.9,1.146
MET-CD14C086-9,TWR-0051,2024-12-10T11:45:00,25.27,287.46,0.613,10.71,-65,1108,21.9,2.555
MET-A875531B-B,TWR-0052,2024-01-03T15:23:00,23.34,156.86,0.962,2.99,-41,154,84.4,4.095
MET-26E79775-3,TWR-0052,2024-01-23T09:14:00,33.47,315.72,0.434,13.55,-51,1720,47.3,0.202
MET-063B1DCF-B,TWR-0052,2024-01-24T10:46:00,34.96,319.10,1.128,7.01,-68,149,67.1,1.493
MET-4BB5EDEE-1,TWR-0052,2024-01-28T18:36:00,12.49,270.60,1.386,9.60,-65,1248,43.9,1.620
MET-14E55E74-7,TWR-0052,2024-02-16T08:42:00,13.23,252.16,0.925,6.93,-42,1916,56.6,4.761
MET-D266FB2D-C,TWR-0052,2024-02-19T04:35:00,35.03,102.15,1.266,5.64,-61,1439,40.1,0.198
MET-B6CA9C64-0,TWR-0052,2024-03-28T07:24:00,31.58,272.69,0.077,11.65,-44,781,25.4,0.517
MET-AF4F2364-B,TWR-0052,2024-04-23T02:23:00,46.88,414.37,1.241,9.86,-57,663,36.7,2.363
MET-2C747040-0,TWR-0052,2024-05-11T03:24:00,22.52,342.48,0.459,1.73,-41,118,94.5,1.219
MET-20E6BF2B-E,TWR-0052,2024-05-30T22:37:00,26.56,335.35,0.008,4.49,-60,245,74.3,4.564
MET-A5276D02-5,TWR-0052,2024-06-21T15:20:00,13.51,314.22,0.902,4.12,-67,1492,77.8,4.456
MET-6FA21756-D,TWR-0052,2024-07-04T21:45:00,34.64,293.83,1.250,13.96,-49,1567,22.2,2.530
MET-99D91785-D,TWR-0052,2024-07-06T05:34:00,30.39,389.63,0.505,14.96,-67,1169,71.5,0.379
MET-87FC0CFF-E,TWR-0052,2024-07-10T04:16:00,27.27,267.90,0.945,9.52,-59,1707,58.1,0.422
MET-24FA9D8D-3,TWR-0052,2024-10-02T22:04:00,34.31,281.23,1.195,2.31,-54,441,23.3,1.565
MET-27E4FE93-5,TWR-0052,2024-10-12T06:43:00,26.76,391.33,0.037,8.66,-57,322,35.1,3.166
MET-36BC85E6-5,TWR-0052,2024-10-13T21:37:00,12.56,415.08,0.160,1.66,-43,155,89.1,3.987
MET-6EB978CF-D,TWR-0052,2024-10-15T11:38:00,36.00,105.63,0.053,5.94,-68,1117,54.8,4.150
MET-0BAD7C12-5,TWR-0052,2024-11-12T05:02:00,26.66,255.87,0.814,14.27,-55,1636,64.6,4.847
MET-CBD5AF46-C,TWR-0052,2024-12-11T15:46:00,24.66,359.31,0.547,2.95,-61,566,92.9,4.345
MET-9281A983-6,TWR-0053,2024-01-10T22:02:00,16.42,101.63,0.446,8.71,-60,967,38.6,3.286
MET-3B50553B-8,TWR-0053,2024-02-05T22:45:00,23.11,106.44,0.453,12.72,-57,1603,51.1,2.054
MET-EF521BC9-2,TWR-0053,2024-02-29T18:31:00,49.45,154.34,0.687,1.59,-43,1575,83.4,0.502
MET-B3233A40-9,TWR-0053,2024-03-14T09:16:00,21.05,407.79,0.108,1.02,-65,353,40.8,1.670
MET-867AC242-3,TWR-0053,2024-04-10T08:08:00,12.44,134.68,1.240,6.43,-61,997,48.3,0.924
MET-D9296CAB-C,TWR-0053,2024-04-23T11:57:00,16.97,177.42,0.967,7.00,-57,730,32.6,3.695
MET-B4B46B1C-2,TWR-0053,2024-05-08T09:23:00,36.68,260.54,0.109,6.05,-57,633,33.4,4.138
MET-30F4F6DF-5,TWR-0053,2024-05-10T04:12:00,47.09,244.08,0.330,1.46,-48,326,84.7,3.396
MET-72264651-D,TWR-0053,2024-05-16T23:47:00,19.19,151.70,0.221,7.87,-63,806,59.4,3.727
MET-9902DDBB-5,TWR-0053,2024-07-02T13:11:00,21.20,119.15,1.197,5.13,-68,748,74.1,0.877
MET-F8C32203-F,TWR-0053,2024-07-05T23:27:00,25.93,269.59,0.511,3.75,-49,1207,82.4,2.332
MET-142F02F6-A,TWR-0053,2024-07-11T13:33:00,32.75,291.58,0.957,9.55,-46,1452,72.2,0.812
MET-CD92E93C-F,TWR-0053,2024-07-12T01:26:00,46.68,156.06,0.993,2.01,-67,1302,51.8,4.917
MET-BD24D808-5,TWR-0053,2024-07-13T21:10:00,14.93,270.57,1.491,11.59,-50,1907,54.6,4.501
MET-97AE4FB5-7,TWR-0053,2024-09-10T00:54:00,44.13,179.75,1.266,14.63,-61,649,59.8,2.857
MET-230405D2-A,TWR-0053,2024-09-12T13:49:00,39.11,287.69,0.957,14.68,-55,1017,56.4,2.296
MET-90DFA428-6,TWR-0053,2024-11-03T01:53:00,13.43,204.76,0.701,4.59,-65,805,81.3,0.007
MET-02471263-F,TWR-0053,2024-11-06T10:46:00,31.97,429.42,0.844,10.82,-53,1466,65.1,2.705
MET-3F808B38-E,TWR-0053,2024-11-08T08:49:00,44.54,101.50,0.753,14.64,-46,1559,90.1,0.690
MET-D981A97F-7,TWR-0053,2024-11-10T11:53:00,43.55,236.23,0.088,13.01,-41,296,47.5,3.442
MET-C109DE7A-D,TWR-0054,2024-01-24T09:57:00,25.05,211.52,1.280,6.79,-61,1899,87.4,0.232
MET-832F65A7-A,TWR-0054,2024-03-08T09:20:00,19.46,209.88,0.998,4.81,-52,699,94.3,3.829
MET-DB3D0D05-D,TWR-0054,2024-03-10T16:38:00,10.11,279.98,0.204,6.90,-57,1900,23.7,2.901
MET-AE2C4FFB-2,TWR-0054,2024-03-30T23:57:00,26.83,294.42,1.124,8.15,-63,1516,53.6,3.919
MET-C1F80F12-F,TWR-0054,2024-04-03T09:58:00,21.01,476.30,0.873,10.51,-51,693,65.5,4.949
MET-E3EFB4F3-5,TWR-0054,2024-04-25T12:10:00,11.15,211.70,0.741,4.55,-65,1132,59.3,0.884
MET-5202F2FC-7,TWR-0054,2024-05-17T00:07:00,32.00,266.82,0.859,7.38,-40,478,46.0,0.396
MET-8A19A0BD-7,TWR-0054,2024-06-02T08:26:00,12.10,221.55,0.288,9.15,-44,1062,87.7,3.712
MET-FA6C95D2-A,TWR-0054,2024-06-23T17:50:00,38.91,418.24,0.271,10.46,-65,1443,21.7,2.730
MET-E1021708-E,TWR-0054,2024-07-15T21:39:00,39.89,303.01,0.062,11.88,-67,280,84.5,2.830
MET-27F280C0-7,TWR-0054,2024-07-22T19:53:00,33.60,368.44,0.314,2.03,-43,1382,46.9,4.063
MET-80327D92-5,TWR-0054,2024-08-22T03:33:00,29.70,416.67,0.654,4.58,-41,1299,55.5,1.449
MET-D1DAE84F-6,TWR-0054,2024-09-22T01:23:00,17.15,385.16,0.121,13.44,-45,357,85.2,0.565
MET-331BEF9C-3,TWR-0054,2024-09-24T23:42:00,26.91,371.94,0.822,6.34,-56,1348,27.1,1.465
MET-6F8ED946-9,TWR-0054,2024-10-02T08:12:00,31.69,125.41,1.069,4.51,-62,147,85.8,1.692
MET-82DCB391-B,TWR-0054,2024-10-05T15:59:00,46.10,186.90,0.396,13.77,-60,1623,46.5,4.148
MET-44FF9E18-5,TWR-0054,2024-10-23T07:53:00,39.09,400.15,0.127,3.07,-52,117,67.8,3.070
MET-F4FF1A87-8,TWR-0054,2024-11-28T14:43:00,33.81,105.00,1.002,14.38,-46,1165,51.8,0.782
MET-A2BC0665-A,TWR-0054,2024-11-30T17:06:00,20.11,286.10,0.446,14.58,-50,1469,37.5,1.603
MET-0BEDAA27-F,TWR-0054,2024-12-16T06:58:00,36.72,453.50,0.373,10.42,-66,228,58.9,3.460
MET-DA8F1861-4,TWR-0055,2024-01-05T14:44:00,32.54,411.90,1.180,13.06,-60,1287,52.5,4.995
MET-B130EDCC-3,TWR-0055,2024-01-09T08:53:00,35.24,431.15,1.207,14.93,-62,1616,52.9,1.786
MET-9119095E-2,TWR-0055,2024-01-13T02:36:00,21.34,353.41,1.004,11.05,-60,192,54.6,1.778
MET-0425D424-6,TWR-0055,2024-01-14T10:40:00,10.27,252.70,0.172,12.47,-50,929,74.7,3.104
MET-D293B353-8,TWR-0055,2024-01-28T02:27:00,13.86,286.37,1.257,2.69,-52,1887,25.9,3.654
MET-89320C6C-7,TWR-0055,2024-01-28T15:51:00,26.33,270.90,0.252,8.40,-55,104,46.6,4.160
MET-167043E8-5,TWR-0055,2024-04-02T10:35:00,25.96,123.64,0.300,4.61,-50,755,76.4,0.137
MET-D377F903-D,TWR-0055,2024-04-20T05:46:00,34.06,267.69,1.055,11.04,-40,1606,92.5,0.695
MET-F99188C8-D,TWR-0055,2024-04-29T11:07:00,23.59,395.12,1.004,7.76,-62,300,48.9,0.613
MET-12E15061-D,TWR-0055,2024-05-17T01:19:00,30.90,456.62,1.038,2.32,-63,1665,77.8,0.672
MET-C99C8C2A-0,TWR-0055,2024-05-17T19:46:00,30.02,346.00,0.697,13.27,-45,787,75.2,1.253
MET-2F8E9452-D,TWR-0055,2024-06-18T00:47:00,15.42,458.89,0.649,7.46,-43,1828,67.2,2.411
MET-6406104F-9,TWR-0055,2024-07-11T01:15:00,19.99,287.44,0.085,8.64,-44,804,36.7,1.228
MET-1ACA366E-A,TWR-0055,2024-08-08T04:29:00,19.30,447.91,0.572,2.73,-69,444,24.4,2.036
MET-2B3AD892-6,TWR-0055,2024-08-12T16:54:00,35.15,185.78,0.403,11.01,-47,842,51.3,4.738
MET-907AAB93-F,TWR-0055,2024-08-19T12:11:00,37.89,309.27,0.096,12.12,-41,276,82.5,4.140
MET-04E888AE-F,TWR-0055,2024-08-26T03:53:00,36.31,231.56,1.173,7.23,-56,540,43.5,3.178
MET-F3F5F226-3,TWR-0055,2024-09-29T19:27:00,45.20,452.21,0.288,8.42,-53,337,22.9,2.028
MET-8A17E1E5-5,TWR-0055,2024-10-13T11:22:00,36.32,228.85,1.192,13.69,-51,1430,23.7,2.298
MET-7F22982C-3,TWR-0055,2024-11-24T07:46:00,23.83,343.77,0.867,5.32,-40,1630,94.9,2.422
MET-87739CEB-F,TWR-0056,2024-01-07T12:03:00,19.76,131.25,0.505,8.65,-56,979,44.4,1.844
MET-7C6018A1-9,TWR-0056,2024-01-10T22:47:00,21.54,255.96,1.134,3.23,-66,229,57.3,0.578
MET-E93AF07F-8,TWR-0056,2024-01-27T15:55:00,18.32,417.64,1.267,1.46,-69,1049,55.8,4.910
MET-479B9488-6,TWR-0056,2024-01-29T22:19:00,39.20,204.58,0.691,1.17,-52,916,70.3,4.297
MET-D79A5FE3-0,TWR-0056,2024-02-24T22:48:00,45.93,473.71,0.964,5.84,-43,1301,91.6,4.557
MET-72A07BEC-0,TWR-0056,2024-02-27T20:18:00,10.71,208.96,0.317,6.58,-53,1345,43.1,1.626
MET-BA06A887-5,TWR-0056,2024-04-23T13:53:00,26.65,441.07,1.150,6.37,-44,512,46.6,1.455
MET-C2C2598D-A,TWR-0056,2024-04-27T06:53:00,35.50,328.61,0.061,13.07,-48,169,52.6,4.734
MET-7E52005F-6,TWR-0056,2024-05-02T12:46:00,29.82,364.09,0.572,13.57,-70,908,32.6,0.609
MET-831A1800-1,TWR-0056,2024-05-15T03:58:00,42.98,336.99,1.104,10.89,-69,414,49.2,2.439
MET-3EC94870-5,TWR-0056,2024-06-01T15:54:00,20.63,268.16,0.801,8.14,-58,1251,48.4,0.038
MET-F5620966-8,TWR-0056,2024-06-16T00:06:00,29.43,439.61,0.360,8.86,-47,1201,71.0,4.530
MET-73176D43-3,TWR-0056,2024-07-16T20:57:00,22.05,328.42,0.092,13.74,-44,1051,29.3,0.847
MET-DEA9AD5D-9,TWR-0056,2024-07-18T16:21:00,33.39,473.59,0.378,10.15,-61,791,36.9,2.248
MET-2F467C06-A,TWR-0056,2024-08-02T12:51:00,24.60,213.40,0.489,9.87,-68,1777,33.1,0.352
MET-DAA7D023-8,TWR-0056,2024-08-07T17:39:00,24.17,349.51,1.244,3.82,-49,206,38.0,2.918
MET-085F96F4-3,TWR-0056,2024-08-08T23:39:00,10.08,164.08,1.367,10.74,-41,893,51.1,4.485
MET-3D21570F-E,TWR-0056,2024-08-21T00:18:00,24.47,165.01,1.312,3.44,-55,1123,86.5,0.631
MET-C8B7B038-4,TWR-0056,2024-10-13T02:06:00,29.81,248.53,0.938,12.30,-60,1436,38.4,2.353
MET-1001B661-4,TWR-0056,2024-12-04T15:16:00,30.84,456.91,1.458,14.40,-43,305,69.9,4.551
MET-0B2F014A-D,TWR-0057,2024-01-14T23:54:00,44.88,214.56,1.401,3.21,-64,408,82.3,2.737
MET-72C13C56-E,TWR-0057,2024-01-19T22:01:00,17.73,337.24,0.648,14.10,-58,1093,59.6,4.972
MET-50E345B1-C,TWR-0057,2024-01-21T22:33:00,24.40,446.53,1.139,4.19,-48,1791,25.6,4.753
MET-C99BC8C2-F,TWR-0057,2024-01-22T03:15:00,41.19,487.64,0.447,1.43,-65,203,82.2,3.640
MET-02FC197F-1,TWR-0057,2024-01-24T23:58:00,12.57,262.82,0.459,14.19,-40,911,25.9,3.987
MET-A28779CF-7,TWR-0057,2024-02-11T04:10:00,41.08,247.10,0.410,10.75,-50,1313,41.4,1.428
MET-947D08E2-A,TWR-0057,2024-03-01T18:41:00,37.98,200.23,0.042,1.24,-63,1011,61.2,1.890
MET-1B7F0198-A,TWR-0057,2024-04-04T15:28:00,40.10,449.23,0.204,6.17,-54,1799,36.7,1.058
MET-0E6F5EEB-A,TWR-0057,2024-04-07T00:02:00,47.62,432.47,0.667,4.00,-54,1928,72.1,3.628
MET-808F3E9A-D,TWR-0057,2024-04-07T11:24:00,34.63,288.42,0.058,3.10,-66,145,94.4,0.166
MET-8DBF7513-2,TWR-0057,2024-04-22T11:16:00,18.29,202.00,0.965,1.77,-40,995,53.4,4.785
MET-B0B4E25D-5,TWR-0057,2024-05-10T20:52:00,33.41,380.99,1.084,11.14,-49,483,55.9,3.110
MET-611527D9-2,TWR-0057,2024-07-30T08:55:00,44.61,166.55,1.279,5.51,-67,958,74.3,1.646
MET-3252A239-A,TWR-0057,2024-08-19T13:14:00,39.36,327.62,0.197,13.87,-48,746,32.8,0.682
MET-7B44B8C4-9,TWR-0057,2024-09-18T22:26:00,47.25,484.02,0.618,8.84,-47,1501,64.6,2.766
MET-ED495CEA-6,TWR-0057,2024-09-24T12:30:00,49.38,113.39,0.752,14.33,-45,1979,75.1,4.000
MET-47F60018-6,TWR-0057,2024-10-06T07:44:00,20.96,259.85,0.497,12.00,-47,468,45.6,3.446
MET-8ED3FC1D-7,TWR-0057,2024-10-08T07:19:00,25.82,342.83,0.003,14.90,-61,867,47.1,3.776
MET-ACD11303-2,TWR-0057,2024-11-08T04:07:00,49.23,214.58,1.410,11.76,-61,945,59.9,0.460
MET-2E13180C-B,TWR-0057,2024-11-25T05:01:00,36.17,106.59,0.103,12.64,-59,730,40.4,1.332
MET-CBE1C681-5,TWR-0058,2024-01-05T23:53:00,33.65,299.97,0.946,8.78,-49,1912,89.1,4.271
MET-B6141D3B-F,TWR-0058,2024-01-14T08:17:00,43.53,284.11,0.845,7.99,-47,215,25.0,2.026
MET-42A1266E-3,TWR-0058,2024-01-23T17:19:00,14.25,156.92,1.312,3.28,-66,274,50.0,3.022
MET-9C3E182C-C,TWR-0058,2024-02-14T16:27:00,40.99,442.20,0.172,11.91,-51,1991,57.4,0.934
MET-AC89DDD4-A,TWR-0058,2024-04-08T22:00:00,33.26,366.76,0.043,10.59,-50,878,29.2,0.529
MET-E544A121-6,TWR-0058,2024-05-03T14:11:00,30.55,309.69,0.374,11.67,-51,460,52.9,1.847
MET-ED8D23DA-E,TWR-0058,2024-05-15T06:03:00,46.61,423.84,0.785,5.98,-45,581,46.4,0.527
MET-171FDFD8-A,TWR-0058,2024-06-14T00:23:00,28.95,338.55,0.146,13.60,-46,513,90.7,2.949
MET-FCFD3E44-1,TWR-0058,2024-06-15T20:42:00,42.83,460.33,1.092,2.14,-50,469,51.3,4.166
MET-1AF7E35E-3,TWR-0058,2024-07-21T02:57:00,40.03,225.04,1.435,10.62,-62,1264,77.5,1.535
MET-CA69BDF1-E,TWR-0058,2024-07-29T00:36:00,28.28,387.77,1.338,4.14,-48,1777,78.8,4.400
MET-722F13FF-9,TWR-0058,2024-08-13T08:02:00,29.55,409.88,0.393,3.13,-57,364,67.1,3.061
MET-25D80FBA-B,TWR-0058,2024-08-21T01:56:00,45.88,377.56,0.765,2.30,-58,602,25.1,1.724
MET-7EDCAE87-B,TWR-0058,2024-09-08T03:39:00,28.58,400.46,0.113,8.22,-56,719,81.9,0.666
MET-F33F6817-6,TWR-0058,2024-09-16T21:04:00,25.98,411.58,0.694,3.84,-59,1350,44.3,3.559
MET-D3AEEFCB-5,TWR-0058,2024-10-01T19:12:00,21.52,328.28,0.167,9.75,-63,1091,92.6,2.499
MET-2EEE77C5-3,TWR-0058,2024-10-23T20:25:00,25.81,374.23,0.202,8.11,-67,326,65.5,2.546
MET-10235C5E-4,TWR-0058,2024-10-24T05:55:00,12.87,299.34,0.942,2.02,-51,1108,93.2,1.254
MET-71C2DA18-0,TWR-0058,2024-11-05T07:04:00,22.43,122.90,0.163,4.33,-66,1698,76.8,1.225
MET-0431021F-2,TWR-0058,2024-11-10T23:53:00,17.02,423.37,0.252,4.66,-42,380,29.9,4.308
MET-5A43A22F-5,TWR-0059,2024-01-01T09:32:00,34.62,126.52,0.190,6.69,-42,204,76.9,2.050
MET-2D2420C0-8,TWR-0059,2024-01-22T11:58:00,13.20,436.78,1.319,10.60,-56,1271,49.5,2.639
MET-A70BCAC4-F,TWR-0059,2024-03-06T00:36:00,45.96,157.87,0.950,3.36,-63,1068,52.1,2.653
MET-C94D8235-F,TWR-0059,2024-03-13T02:59:00,11.41,238.04,1.111,1.95,-50,1241,55.6,0.672
MET-4C146DC0-8,TWR-0059,2024-03-28T21:22:00,47.06,319.48,0.539,11.11,-41,501,35.8,2.082
MET-1E0AB14C-E,TWR-0059,2024-03-29T15:03:00,28.81,203.71,0.673,11.99,-47,1652,86.9,2.148
MET-D20BFB5B-B,TWR-0059,2024-05-22T22:57:00,12.02,398.31,0.532,13.31,-59,1398,69.0,3.928
MET-C5634039-B,TWR-0059,2024-05-25T13:03:00,20.96,439.26,0.491,14.80,-40,1535,53.0,2.929
MET-AA9B6BB1-D,TWR-0059,2024-06-19T16:29:00,15.79,164.83,0.235,14.79,-60,867,55.6,4.248
MET-9392E7C4-4,TWR-0059,2024-06-27T22:19:00,47.08,263.47,1.427,3.70,-44,1831,61.7,4.076
MET-01792925-A,TWR-0059,2024-07-23T14:01:00,15.21,162.85,0.582,4.61,-58,1966,77.0,4.932
MET-76D73B43-4,TWR-0059,2024-08-12T10:07:00,45.82,426.47,0.163,4.82,-51,1822,48.3,0.306
MET-67E2DB37-1,TWR-0059,2024-09-18T12:42:00,20.70,170.97,1.196,13.68,-67,1784,40.8,3.156
MET-86330088-B,TWR-0059,2024-09-19T05:42:00,41.85,271.69,1.318,10.61,-47,115,58.9,2.637
MET-B447BD9B-4,TWR-0059,2024-09-28T04:46:00,32.46,475.15,1.172,3.51,-51,1449,25.3,0.875
MET-26BFA471-2,TWR-0059,2024-10-16T02:43:00,13.21,231.16,0.441,11.98,-58,1850,32.0,2.858
MET-144922A3-E,TWR-0059,2024-10-31T20:01:00,47.20,139.88,0.133,7.30,-54,1127,53.7,1.301
MET-75B185EB-8,TWR-0059,2024-11-19T01:39:00,29.68,114.56,0.592,5.92,-64,223,26.3,0.242
MET-C5B50188-E,TWR-0059,2024-12-10T01:11:00,38.20,368.43,0.177,11.47,-70,1158,81.8,2.075
MET-99E23740-0,TWR-0059,2024-12-12T06:43:00,40.02,280.05,0.962,11.91,-46,1129,67.8,2.060
MET-64AA8F1B-6,TWR-0060,2024-01-14T06:15:00,47.15,235.21,1.143,14.14,-66,451,20.5,1.457
MET-798C4918-E,TWR-0060,2024-01-26T04:40:00,12.05,170.63,0.196,14.58,-54,653,22.2,2.903
MET-FA82FFD3-A,TWR-0060,2024-02-28T12:04:00,45.17,153.61,0.490,11.75,-46,266,73.4,1.452
MET-28F8A77A-F,TWR-0060,2024-03-07T08:36:00,27.18,362.69,1.419,2.03,-57,165,41.3,2.947
MET-DEDA4AF6-D,TWR-0060,2024-03-09T17:10:00,44.70,202.61,1.372,1.60,-48,1236,49.2,2.591
MET-5F24FE02-3,TWR-0060,2024-03-18T03:22:00,27.26,420.59,1.079,10.35,-48,1660,32.3,2.439
MET-E8E3EB61-1,TWR-0060,2024-03-19T17:11:00,18.73,497.44,0.686,11.52,-57,1301,55.6,0.276
MET-A43A3964-E,TWR-0060,2024-03-26T00:57:00,36.02,416.04,0.875,1.09,-70,333,37.8,3.185
MET-C06C05BC-5,TWR-0060,2024-03-27T21:10:00,30.68,252.82,0.807,5.10,-43,595,75.6,0.845
MET-83F5DA4A-A,TWR-0060,2024-04-16T17:36:00,47.05,343.06,1.233,1.33,-65,1750,25.7,0.251
MET-F769DEAF-E,TWR-0060,2024-04-21T10:38:00,38.28,215.05,1.332,4.46,-47,971,75.3,3.331
MET-2384BFDE-D,TWR-0060,2024-04-26T11:52:00,13.49,213.35,0.740,3.59,-64,778,23.6,1.594
MET-12256807-8,TWR-0060,2024-05-27T00:05:00,35.00,191.02,1.418,4.97,-70,1303,66.6,3.318
MET-11B0B2E1-3,TWR-0060,2024-06-24T03:00:00,48.93,436.11,0.993,7.83,-54,884,87.5,2.478
MET-9B73A437-4,TWR-0060,2024-07-12T10:36:00,28.59,283.50,1.087,9.47,-43,1340,82.5,1.081
MET-11FEA73C-9,TWR-0060,2024-11-01T01:40:00,20.59,362.75,1.267,11.02,-63,659,28.0,2.891
MET-C67656C1-5,TWR-0060,2024-11-05T16:20:00,12.29,175.34,1.141,11.51,-58,1121,46.0,2.669
MET-EAF8173C-A,TWR-0060,2024-11-08T03:41:00,34.84,322.26,0.517,8.97,-55,851,32.7,0.400
MET-7F5EB8EB-1,TWR-0060,2024-11-09T04:22:00,44.08,344.58,1.417,1.33,-70,367,76.4,2.497
MET-96E719F4-E,TWR-0060,2024-12-16T19:20:00,33.66,180.14,1.459,6.57,-45,1606,64.0,1.949
MET-FE3A7B10-C,TWR-0061,2024-01-15T05:49:00,30.77,423.79,1.024,6.65,-48,682,66.6,2.939
MET-0DC0BDBC-9,TWR-0061,2024-01-17T00:43:00,19.80,429.01,0.624,7.52,-41,414,25.6,1.226
MET-F9922872-4,TWR-0061,2024-02-12T11:44:00,20.90,363.49,1.031,7.22,-53,599,25.3,3.072
MET-E315A1D2-B,TWR-0061,2024-02-22T12:21:00,49.96,167.61,0.245,8.76,-69,386,71.8,2.504
MET-95DE5B00-3,TWR-0061,2024-03-22T07:57:00,45.75,437.94,0.753,3.51,-62,689,60.8,3.161
MET-67CDD851-0,TWR-0061,2024-03-27T07:35:00,18.04,170.22,0.758,14.81,-42,1154,21.4,4.725
MET-35F0DDAA-8,TWR-0061,2024-05-03T03:58:00,17.20,402.04,1.493,7.73,-70,1673,43.1,0.729
MET-B550830F-6,TWR-0061,2024-06-15T14:37:00,39.03,245.82,1.238,12.54,-55,970,93.4,2.971
MET-FC0A7572-D,TWR-0061,2024-06-16T05:08:00,43.10,389.36,0.425,13.71,-46,1677,49.6,3.008
MET-A4B7E08D-7,TWR-0061,2024-06-17T14:39:00,32.70,102.10,0.277,10.08,-44,1652,29.1,1.271
MET-608487B0-7,TWR-0061,2024-07-26T03:46:00,38.78,142.84,0.835,3.08,-52,1855,30.2,4.116
MET-BE2CD91D-4,TWR-0061,2024-07-31T04:38:00,11.43,481.77,1.163,2.06,-53,1766,45.2,3.336
MET-C81FDC49-9,TWR-0061,2024-08-03T12:09:00,13.26,399.25,0.174,8.06,-41,705,83.9,3.531
MET-7BD52838-0,TWR-0061,2024-08-15T20:53:00,20.27,111.16,0.073,13.28,-49,1668,90.7,4.445
MET-96365EBA-5,TWR-0061,2024-09-06T23:53:00,30.15,490.78,1.176,2.37,-40,946,27.3,4.695
MET-65D2259D-7,TWR-0061,2024-09-15T08:00:00,32.02,354.49,0.286,8.67,-51,1259,39.8,3.419
MET-86CE2A1F-D,TWR-0061,2024-09-30T22:42:00,27.94,288.94,0.268,10.99,-40,760,82.5,2.520
MET-1F060523-1,TWR-0061,2024-10-11T03:57:00,18.83,462.87,0.285,10.45,-45,1167,60.8,1.519
MET-26A8C489-D,TWR-0061,2024-10-16T19:21:00,39.93,430.83,1.382,10.66,-49,230,89.4,3.045
MET-63ED2109-4,TWR-0061,2024-11-02T07:43:00,34.94,158.39,0.541,5.60,-53,1643,39.4,3.036
MET-57539691-0,TWR-0062,2024-01-15T19:25:00,23.63,109.71,0.931,13.57,-48,215,35.5,2.550
MET-9CAC0A3C-0,TWR-0062,2024-01-28T20:51:00,49.57,431.46,0.595,3.61,-68,1881,81.5,4.600
MET-1AFE22AC-8,TWR-0062,2024-02-16T06:17:00,19.08,205.56,1.121,11.98,-42,1305,27.4,3.635
MET-8ED0D150-C,TWR-0062,2024-02-26T02:16:00,47.60,256.13,0.271,1.48,-66,1908,36.6,4.744
MET-E8DC9257-F,TWR-0062,2024-03-11T07:25:00,35.34,170.56,0.183,8.26,-54,63,77.4,4.409
MET-1E229B54-8,TWR-0062,2024-03-13T15:16:00,17.92,364.02,0.119,1.26,-61,184,44.0,4.414
MET-1557462E-3,TWR-0062,2024-03-26T05:19:00,29.11,495.47,0.734,3.60,-67,215,66.6,0.224
MET-03E17F75-A,TWR-0062,2024-03-30T19:01:00,48.92,114.18,0.225,2.50,-52,1007,71.5,3.750
MET-48A64EAD-A,TWR-0062,2024-04-09T01:12:00,15.65,321.62,0.750,7.13,-49,1583,20.1,2.356
MET-96636086-1,TWR-0062,2024-05-14T00:18:00,13.96,102.68,0.828,11.41,-42,1609,45.8,0.865
MET-0E43EA9C-D,TWR-0062,2024-06-22T06:10:00,18.62,323.86,0.185,4.91,-41,1874,66.5,3.659
MET-90A6D2D9-D,TWR-0062,2024-07-28T14:14:00,13.53,226.06,1.365,11.29,-70,1248,80.5,1.975
MET-FFB207A1-F,TWR-0062,2024-08-05T19:42:00,24.02,277.55,0.502,10.42,-50,1060,84.9,2.016
MET-748F648C-9,TWR-0062,2024-10-09T06:15:00,32.18,318.95,0.960,13.12,-67,1888,84.9,1.860
MET-E11CE83A-F,TWR-0062,2024-10-18T06:10:00,49.08,223.27,0.231,10.74,-46,442,81.9,2.106
MET-9DBA41D6-C,TWR-0062,2024-10-18T15:09:00,40.37,146.76,0.742,4.67,-54,352,49.0,0.306
MET-19B50229-8,TWR-0062,2024-11-03T23:48:00,25.98,288.56,0.547,2.88,-68,951,32.2,4.269
MET-6C249833-2,TWR-0062,2024-12-02T22:34:00,25.60,272.33,0.602,2.46,-50,1581,89.9,1.061
MET-BBD4FCF8-D,TWR-0062,2024-12-05T05:09:00,10.89,281.01,0.464,9.28,-50,1269,48.4,0.342
MET-256D0123-3,TWR-0062,2024-12-14T21:29:00,16.94,302.60,1.275,6.80,-42,612,85.4,1.363
MET-4FFC0EF3-3,TWR-0063,2024-01-02T11:05:00,32.96,375.83,0.255,14.52,-61,451,69.8,0.065
MET-EE36E4FF-4,TWR-0063,2024-01-05T11:57:00,36.90,230.14,0.511,1.30,-48,1800,61.1,0.260
MET-1B4346B8-9,TWR-0063,2024-01-08T14:43:00,10.28,325.89,1.060,8.78,-53,1891,51.5,2.157
MET-A2E4340E-3,TWR-0063,2024-01-09T23:38:00,27.20,385.59,0.943,5.43,-69,1527,84.9,4.690
MET-201D0EB6-1,TWR-0063,2024-01-15T08:24:00,45.70,159.87,0.880,14.04,-48,1555,44.6,0.777
MET-B1D423CE-7,TWR-0063,2024-01-28T12:22:00,38.96,221.49,0.304,10.99,-69,894,84.2,4.277
MET-9E5604B5-D,TWR-0063,2024-02-19T13:08:00,43.54,147.79,1.074,11.85,-50,246,74.6,2.071
MET-66B3DD61-3,TWR-0063,2024-02-25T16:52:00,12.04,303.16,0.498,7.68,-56,1898,91.4,2.827
MET-489E7D7F-6,TWR-0063,2024-03-13T10:11:00,16.58,160.32,0.874,5.83,-41,518,36.3,4.488
MET-12D8D09D-A,TWR-0063,2024-03-27T21:11:00,29.29,264.91,1.231,14.30,-41,1995,86.3,0.799
MET-6C84915E-7,TWR-0063,2024-03-28T12:36:00,32.14,219.44,0.202,12.75,-63,492,25.2,1.237
MET-9AB13E3F-B,TWR-0063,2024-07-21T22:24:00,16.94,173.28,1.303,9.70,-68,1504,63.3,2.440
MET-819CCA94-6,TWR-0063,2024-08-01T08:54:00,20.04,299.26,1.229,9.05,-69,1937,65.6,2.570
MET-647682F0-E,TWR-0063,2024-08-10T07:32:00,38.77,437.93,0.128,2.29,-43,1962,43.8,3.944
MET-5FED62A1-4,TWR-0063,2024-08-31T19:40:00,36.11,302.61,0.330,3.11,-41,711,30.2,3.621
MET-8361D6F4-E,TWR-0063,2024-09-28T13:02:00,16.51,157.29,1.308,3.80,-52,1423,34.4,4.572
MET-1E5A49BA-F,TWR-0063,2024-10-13T03:10:00,36.21,347.35,0.810,1.31,-61,1943,70.2,0.111
MET-AB28530C-6,TWR-0063,2024-10-14T09:38:00,39.10,140.67,1.087,13.61,-44,1334,86.4,0.757
MET-65EBEAEB-F,TWR-0063,2024-11-07T07:53:00,13.43,299.46,0.482,4.98,-47,262,58.6,0.226
MET-04CE2C38-7,TWR-0063,2024-11-11T01:15:00,14.32,415.59,0.035,14.52,-65,1369,39.9,0.851
MET-EB0EE113-8,TWR-0064,2024-01-07T11:26:00,38.63,405.81,1.329,5.25,-53,722,56.0,2.529
MET-A02B5071-6,TWR-0064,2024-01-08T03:54:00,39.92,299.90,1.401,2.58,-61,853,89.6,2.485
MET-07A4F5BB-C,TWR-0064,2024-02-13T02:04:00,39.00,120.13,0.554,12.08,-56,720,56.4,1.227
MET-BBA6882E-5,TWR-0064,2024-03-12T04:30:00,32.09,428.41,1.465,13.71,-51,832,53.0,2.217
MET-EBE360FF-B,TWR-0064,2024-03-15T13:21:00,33.20,214.24,1.275,8.81,-68,1252,87.5,3.402
MET-FECD09A4-6,TWR-0064,2024-03-30T20:52:00,14.07,266.92,0.950,9.70,-52,1505,40.4,3.205
MET-B7383C25-0,TWR-0064,2024-04-02T19:13:00,28.00,404.82,1.500,11.03,-63,1083,23.4,1.776
MET-3EFD102A-5,TWR-0064,2024-04-16T20:11:00,44.80,315.86,0.929,11.40,-56,1373,87.7,0.642
MET-49AFD035-A,TWR-0064,2024-06-05T21:37:00,49.77,328.25,0.556,8.80,-56,1579,22.9,0.671
MET-DA445B4A-D,TWR-0064,2024-06-30T21:26:00,46.52,152.73,1.053,6.44,-60,998,44.7,1.535
MET-8DD09257-F,TWR-0064,2024-07-01T03:03:00,15.03,114.64,0.173,9.24,-64,1134,24.1,2.869
MET-8CE60296-8,TWR-0064,2024-07-04T00:50:00,49.79,109.04,0.846,9.75,-46,1646,48.4,4.211
MET-194B0B3F-1,TWR-0064,2024-09-05T11:13:00,39.24,138.18,0.199,1.18,-56,1645,61.8,1.942
MET-21BEFAE7-D,TWR-0064,2024-09-23T12:43:00,35.95,321.84,0.611,4.46,-65,521,71.0,3.590
MET-F3350BD8-C,TWR-0064,2024-09-25T09:12:00,29.66,106.85,1.399,4.87,-52,1716,92.7,1.300
MET-2AD2FC4E-6,TWR-0064,2024-10-24T15:22:00,38.35,200.12,1.334,6.76,-40,1394,80.9,2.216
MET-E13B0CB4-5,TWR-0064,2024-10-29T06:54:00,44.81,216.82,0.897,13.94,-47,796,76.5,4.634
MET-618EDE03-7,TWR-0064,2024-11-24T12:03:00,44.58,402.46,0.431,1.58,-69,1698,89.9,2.789
MET-D1F680BB-4,TWR-0064,2024-12-07T05:20:00,23.99,432.73,0.056,9.11,-61,1660,88.6,2.049
MET-863C5D68-1,TWR-0064,2024-12-09T07:40:00,13.83,125.79,1.024,9.38,-69,67,59.8,4.544
MET-2F088F6B-7,TWR-0065,2024-01-31T15:35:00,10.34,200.76,0.095,2.60,-58,1780,87.1,0.045
MET-80FDD798-4,TWR-0065,2024-04-15T00:56:00,43.11,112.16,0.331,5.11,-47,1610,61.3,0.614
MET-846D9D4E-2,TWR-0065,2024-05-07T04:45:00,32.52,224.35,1.085,12.49,-53,923,70.5,1.796
MET-121D2E26-8,TWR-0065,2024-05-10T18:08:00,49.79,322.28,0.496,5.76,-59,1702,68.6,4.609
MET-523D2BE9-7,TWR-0065,2024-06-07T07:24:00,42.91,446.07,1.448,1.20,-69,441,79.8,1.925
MET-27E1B751-C,TWR-0065,2024-06-13T20:29:00,49.74,192.74,0.767,2.66,-59,1002,49.2,0.278
MET-2046C458-1,TWR-0065,2024-07-07T08:33:00,40.21,257.63,0.610,6.65,-50,1346,76.2,2.752
MET-5130B36F-E,TWR-0065,2024-07-31T18:21:00,18.53,236.44,0.183,13.89,-52,693,40.1,3.108
MET-9E278A5D-A,TWR-0065,2024-08-27T18:27:00,19.52,126.76,0.298,13.97,-58,1980,23.1,1.900
MET-BB8F26A5-1,TWR-0065,2024-08-31T20:38:00,46.85,271.78,0.944,2.10,-55,981,79.1,4.944
MET-60A1E722-5,TWR-0065,2024-10-01T23:56:00,22.14,478.14,1.111,14.85,-40,419,38.8,1.272
MET-98319147-5,TWR-0065,2024-10-05T13:59:00,31.41,402.17,1.212,10.92,-46,1150,41.7,1.580
MET-EBD4977F-B,TWR-0065,2024-10-11T17:20:00,13.13,394.86,1.244,13.65,-61,1979,60.0,1.714
MET-4AE465FE-0,TWR-0065,2024-10-18T23:27:00,21.11,216.44,0.411,6.24,-46,1495,21.4,4.870
MET-36E81B10-0,TWR-0065,2024-10-21T22:36:00,34.39,293.15,0.574,6.10,-58,1096,36.7,0.764
MET-E9F839F0-5,TWR-0065,2024-11-13T17:36:00,36.81,475.42,0.054,10.40,-51,1345,21.7,3.869
MET-7C5AD3F4-A,TWR-0065,2024-12-02T03:49:00,14.84,469.73,0.996,3.13,-47,774,25.8,3.904
MET-9F677164-B,TWR-0065,2024-12-04T18:02:00,26.26,101.17,0.061,2.00,-48,1902,47.9,3.203
MET-2CDC06FC-2,TWR-0065,2024-12-15T23:23:00,36.20,100.86,1.416,3.50,-57,697,67.9,3.883
MET-9AFA0A7E-4,TWR-0065,2024-12-16T16:36:00,23.89,298.93,1.467,4.00,-40,397,54.1,1.151
MET-F52B43A7-9,TWR-0066,2024-01-03T21:05:00,14.24,315.32,0.137,3.23,-60,2000,63.1,3.751
MET-AB33EDBF-E,TWR-0066,2024-01-15T03:35:00,12.02,185.04,0.637,8.41,-45,1635,78.3,3.586
MET-4BF6761E-1,TWR-0066,2024-04-25T10:04:00,44.55,144.72,1.029,10.32,-51,971,37.0,2.448
MET-A53B781D-2,TWR-0066,2024-05-28T13:41:00,26.66,370.20,0.136,2.65,-51,1954,90.0,1.650
MET-8DBFDA72-B,TWR-0066,2024-06-03T20:26:00,26.46,218.68,0.798,6.40,-64,982,46.5,1.210
MET-FDE50016-C,TWR-0066,2024-06-08T11:23:00,11.65,277.25,0.442,3.13,-62,1005,23.2,4.875
MET-D1386313-F,TWR-0066,2024-06-30T18:04:00,14.15,109.93,0.427,7.87,-49,869,47.1,2.344
MET-023A5E32-D,TWR-0066,2024-07-11T20:03:00,21.23,309.72,0.498,12.30,-41,1211,70.8,3.243
MET-4A95B257-6,TWR-0066,2024-07-20T15:17:00,30.30,437.08,0.255,4.43,-49,219,83.8,0.679
MET-7FDC0091-4,TWR-0066,2024-08-07T13:27:00,21.12,188.89,0.069,10.67,-50,1834,47.1,2.001
MET-F7A1C652-3,TWR-0066,2024-08-11T02:33:00,13.06,376.71,0.164,7.80,-52,1456,53.0,4.055
MET-A300CD69-8,TWR-0066,2024-08-16T09:22:00,43.73,318.27,1.426,4.67,-67,702,35.9,2.491
MET-C760B7CB-2,TWR-0066,2024-08-26T00:36:00,28.16,103.05,0.064,11.57,-62,1354,78.3,4.000
MET-74D1040F-D,TWR-0066,2024-10-06T09:29:00,30.64,147.08,0.420,14.97,-53,386,55.1,1.963
MET-AE766710-C,TWR-0066,2024-10-10T13:40:00,19.23,446.57,0.793,11.27,-45,414,75.9,4.942
MET-57C1605D-8,TWR-0066,2024-10-15T00:36:00,18.92,342.46,0.627,10.80,-46,1014,82.8,0.971
MET-4578FD72-5,TWR-0066,2024-11-10T04:54:00,40.98,363.52,1.179,4.44,-50,494,64.6,0.891
MET-2C5A98CA-B,TWR-0066,2024-11-13T19:10:00,19.12,209.87,0.209,6.86,-41,1751,55.2,2.115
MET-C5E18C57-6,TWR-0066,2024-12-08T05:07:00,11.61,171.93,0.583,12.29,-40,58,50.4,1.314
MET-78DB2050-2,TWR-0066,2024-12-12T16:25:00,14.04,198.79,0.809,13.25,-61,1963,30.5,4.408
MET-1218FD69-8,TWR-0067,2024-01-10T07:14:00,38.43,300.48,0.837,2.95,-52,1275,65.7,2.895
MET-934E9DB8-6,TWR-0067,2024-01-19T03:41:00,13.90,162.46,0.088,8.49,-55,1458,45.5,3.848
MET-56F57009-D,TWR-0067,2024-01-20T07:57:00,13.97,117.94,1.397,3.72,-53,1342,23.6,2.674
MET-44C38DC2-4,TWR-0067,2024-03-06T15:46:00,15.35,169.72,0.329,6.31,-69,1032,86.0,0.715
MET-A168B99D-F,TWR-0067,2024-04-12T02:04:00,26.16,474.48,0.990,13.04,-54,1374,69.2,4.105
MET-4B79D0C2-D,TWR-0067,2024-05-12T21:16:00,11.03,462.54,1.256,4.43,-46,1331,22.4,0.940
MET-2A5E21D8-0,TWR-0067,2024-06-26T19:52:00,37.87,346.26,0.582,8.73,-56,98,33.6,1.253
MET-B730D2ED-0,TWR-0067,2024-07-10T00:40:00,20.03,174.30,0.189,10.47,-63,1378,36.7,1.380
MET-42199D67-A,TWR-0067,2024-09-02T08:35:00,36.20,433.63,0.827,5.32,-62,905,79.0,2.062
MET-77E4DEDD-5,TWR-0067,2024-09-11T06:22:00,35.61,296.26,0.469,4.95,-62,595,59.6,4.126
MET-DA49DB17-D,TWR-0067,2024-09-11T12:08:00,11.59,488.93,1.080,9.07,-42,98,85.2,3.085
MET-0093B2BC-8,TWR-0067,2024-09-15T06:50:00,15.53,147.39,1.256,11.88,-54,1772,87.7,1.802
MET-92548BED-B,TWR-0067,2024-09-17T13:53:00,45.53,390.65,1.024,2.07,-59,1264,89.9,2.552
MET-118DCC03-4,TWR-0067,2024-09-21T16:38:00,48.38,333.32,1.025,10.96,-66,1305,29.7,0.464
MET-6D0DDFDC-E,TWR-0067,2024-09-24T06:05:00,14.26,141.94,0.846,13.84,-53,90,76.2,4.782
MET-9E64FC9E-9,TWR-0067,2024-10-13T06:02:00,37.31,123.08,0.456,12.43,-61,1542,32.0,0.663
MET-BC35FA1C-7,TWR-0067,2024-10-15T19:39:00,25.21,352.30,0.450,9.08,-59,1038,82.9,2.725
MET-0C8596F9-1,TWR-0067,2024-10-23T20:41:00,24.41,205.75,0.883,11.28,-70,676,63.0,1.389
MET-6EC495FE-F,TWR-0067,2024-12-05T23:09:00,15.54,484.22,0.084,13.12,-46,675,61.4,1.977
MET-30404D98-C,TWR-0067,2024-12-10T05:57:00,35.03,174.47,1.449,14.33,-57,1335,53.3,4.665
MET-0FEDA5AD-9,TWR-0068,2024-01-07T19:31:00,10.23,125.54,0.557,4.59,-61,1911,72.9,1.137
MET-34B87DAF-4,TWR-0068,2024-02-22T21:20:00,36.35,390.08,0.354,3.00,-56,481,73.9,3.754
MET-850AFE1B-9,TWR-0068,2024-04-04T20:38:00,17.62,265.89,1.165,14.96,-47,965,50.3,3.629
MET-CFD9B833-7,TWR-0068,2024-04-07T22:14:00,15.13,442.89,0.115,7.25,-65,646,32.2,1.889
MET-767779A5-6,TWR-0068,2024-04-14T00:35:00,40.90,441.87,1.164,11.40,-58,1812,64.5,3.029
MET-5AFDB449-4,TWR-0068,2024-05-05T05:40:00,14.74,191.18,0.563,8.33,-52,502,92.0,2.069
MET-5ADC2B80-3,TWR-0068,2024-05-11T12:12:00,24.10,279.69,0.390,7.12,-49,1801,51.6,4.510
MET-ADD1FD0D-E,TWR-0068,2024-05-19T05:16:00,12.26,461.77,0.272,12.73,-56,287,77.9,1.676
MET-1B53BD56-6,TWR-0068,2024-05-31T03:40:00,26.53,320.53,1.404,9.66,-56,1458,47.4,3.153
MET-6E9ECB25-D,TWR-0068,2024-06-03T16:54:00,26.56,374.87,1.214,10.02,-53,603,48.3,4.729
MET-8398F428-F,TWR-0068,2024-07-22T13:18:00,34.30,339.53,0.852,5.15,-48,610,25.4,0.976
MET-3BC7DE10-4,TWR-0068,2024-08-08T16:10:00,17.08,462.36,0.374,10.17,-50,1980,64.0,1.481
MET-E44800D5-1,TWR-0068,2024-09-14T17:33:00,33.60,141.49,0.256,6.85,-64,1118,43.4,4.322
MET-713FD297-E,TWR-0068,2024-09-19T18:09:00,40.09,474.37,0.208,4.98,-56,1757,25.0,1.102
MET-456E242D-9,TWR-0068,2024-09-26T14:39:00,16.56,376.26,0.201,3.44,-57,1169,42.1,4.122
MET-3F5F7F01-1,TWR-0068,2024-09-26T17:27:00,41.98,443.27,0.483,13.43,-45,179,80.6,4.589
MET-2B9DBDC4-7,TWR-0068,2024-10-03T10:42:00,34.78,189.50,0.935,5.31,-54,1373,82.2,3.469
MET-B1D3F1F4-5,TWR-0068,2024-10-09T17:03:00,17.30,321.92,1.003,12.16,-54,1904,81.7,0.741
MET-25F6E6EF-D,TWR-0068,2024-10-14T05:10:00,45.40,229.80,1.288,8.64,-60,1743,48.2,4.526
MET-E0E1447F-F,TWR-0068,2024-11-15T01:22:00,39.96,231.79,0.508,6.37,-55,1796,63.6,4.105
MET-6287C3A1-B,TWR-0069,2024-01-05T15:37:00,18.48,320.95,0.343,4.94,-42,1026,84.4,3.771
MET-D00A3A22-7,TWR-0069,2024-01-10T13:53:00,40.17,202.50,1.061,2.04,-55,825,57.2,3.665
MET-D13911CD-6,TWR-0069,2024-02-03T09:54:00,18.25,349.93,0.645,3.10,-65,925,49.4,3.507
MET-BCAF489F-C,TWR-0069,2024-02-05T08:13:00,33.44,354.57,1.006,10.01,-45,870,20.8,0.977
MET-81509695-0,TWR-0069,2024-02-16T14:45:00,49.21,134.27,1.038,2.91,-67,156,61.6,4.187
MET-F1C80F9A-9,TWR-0069,2024-02-17T16:12:00,32.25,353.42,0.596,14.25,-57,199,22.8,3.913
MET-DDB02D7D-F,TWR-0069,2024-03-19T02:38:00,11.92,281.23,0.904,9.50,-70,980,40.3,0.402
MET-83A8F673-4,TWR-0069,2024-04-03T22:14:00,21.83,320.83,0.501,4.88,-52,964,47.0,0.939
MET-20E2D046-9,TWR-0069,2024-04-27T10:41:00,24.64,137.01,0.029,12.40,-41,592,63.6,0.436
MET-4C52D7C8-C,TWR-0069,2024-05-04T05:03:00,48.83,258.25,1.260,2.32,-45,104,61.8,3.648
MET-BE94EB80-C,TWR-0069,2024-05-16T14:52:00,16.36,395.02,0.829,2.56,-55,932,62.8,0.776
MET-152DC857-4,TWR-0069,2024-05-26T07:00:00,19.22,365.90,0.185,1.70,-47,1185,49.9,3.754
MET-FD010F8B-3,TWR-0069,2024-06-01T00:21:00,11.03,289.73,0.695,11.37,-44,1831,55.1,2.454
MET-8CC56E44-C,TWR-0069,2024-06-07T04:29:00,10.74,172.78,0.521,8.92,-42,1033,55.1,1.522
MET-E2097599-8,TWR-0069,2024-06-24T03:43:00,11.70,200.90,0.024,5.95,-44,1703,65.8,1.405
MET-2E665B26-5,TWR-0069,2024-06-30T10:18:00,26.48,122.66,1.207,11.31,-51,1878,90.0,3.595
MET-5FB84340-B,TWR-0069,2024-08-25T17:03:00,25.81,185.83,0.870,5.08,-69,81,47.4,4.913
MET-BD028333-4,TWR-0069,2024-09-21T16:26:00,33.31,188.96,0.033,3.55,-42,1196,35.0,1.317
MET-C0CA6E06-7,TWR-0069,2024-10-06T13:42:00,19.49,311.36,1.076,10.82,-41,610,47.5,3.042
MET-CBE1B7EC-7,TWR-0069,2024-11-02T12:01:00,26.94,157.89,0.944,1.17,-50,1277,87.6,3.607
MET-005FD240-3,TWR-0070,2024-02-10T21:39:00,42.50,302.04,0.634,12.64,-49,1297,51.7,2.853
MET-50B6F132-E,TWR-0070,2024-02-17T23:36:00,47.34,182.24,0.184,11.04,-43,1216,43.5,4.249
MET-893AC1C9-4,TWR-0070,2024-02-19T11:55:00,28.52,280.93,1.179,2.37,-45,1457,49.1,1.635
MET-8077C4F6-4,TWR-0070,2024-02-21T18:35:00,20.01,488.33,0.140,13.70,-69,513,45.6,4.074
MET-AC07BEC1-6,TWR-0070,2024-02-26T18:41:00,14.50,281.66,0.582,9.26,-60,582,93.8,2.156
MET-123F3D0E-F,TWR-0070,2024-02-29T00:52:00,29.65,431.98,0.734,8.41,-60,578,68.3,0.787
MET-D5344B0E-D,TWR-0070,2024-03-23T07:18:00,35.93,389.70,0.004,12.54,-57,1891,81.1,1.159
MET-BECA2F44-0,TWR-0070,2024-04-12T04:52:00,44.60,279.72,0.772,1.29,-68,1724,36.3,3.137
MET-634B0577-0,TWR-0070,2024-06-09T07:01:00,40.27,450.45,0.937,14.87,-51,203,32.4,4.798
MET-5C47B2E1-F,TWR-0070,2024-06-21T14:25:00,18.81,207.09,1.167,2.65,-53,169,87.9,0.919
MET-802E7F54-7,TWR-0070,2024-07-13T17:31:00,37.57,408.00,1.134,3.83,-53,1756,80.0,1.848
MET-A52CC68E-F,TWR-0070,2024-07-18T17:07:00,37.76,166.79,1.253,13.61,-62,337,29.2,1.948
MET-A4B4754F-E,TWR-0070,2024-08-15T01:51:00,38.39,219.11,0.094,10.70,-50,755,40.9,0.490
MET-36751159-5,TWR-0070,2024-08-26T23:19:00,39.88,173.72,0.309,1.62,-66,1773,88.5,0.438
MET-791E881F-6,TWR-0070,2024-09-08T13:19:00,34.50,401.28,1.490,13.05,-56,1150,55.8,2.873
MET-8B3AD9C7-9,TWR-0070,2024-10-12T09:30:00,18.87,321.42,0.493,14.87,-50,1931,33.8,4.509
MET-F6FA1C95-4,TWR-0070,2024-11-13T05:18:00,23.56,175.71,0.837,12.65,-49,1938,29.9,0.978
MET-4D06B453-D,TWR-0070,2024-11-14T17:12:00,39.63,448.01,0.737,11.36,-57,905,26.0,4.839
MET-1E2AD6FF-0,TWR-0070,2024-11-16T05:34:00,12.00,486.04,0.671,6.20,-68,903,25.9,3.919
MET-DF2B62EF-D,TWR-0070,2024-11-23T16:13:00,14.41,356.53,0.205,2.93,-44,1659,36.6,1.707
MET-02D1802D-8,TWR-0071,2024-01-21T21:29:00,18.60,133.79,0.098,11.33,-42,57,70.5,3.184
MET-24CD0F0B-A,TWR-0071,2024-01-31T20:50:00,34.36,240.73,0.273,5.04,-69,201,21.1,2.816
MET-4C632615-4,TWR-0071,2024-02-14T06:56:00,45.58,476.34,0.165,11.01,-61,1774,48.2,4.485
MET-3F0D66C4-4,TWR-0071,2024-02-15T20:58:00,15.02,219.03,1.123,12.93,-42,332,51.2,2.181
MET-91AC3C67-F,TWR-0071,2024-02-28T03:28:00,24.30,342.58,0.988,3.63,-60,124,48.5,3.222
MET-62E2FE34-B,TWR-0071,2024-02-28T12:06:00,31.64,429.05,0.087,13.57,-61,60,37.9,4.954
MET-C7EC9DEB-3,TWR-0071,2024-03-30T02:56:00,40.65,348.41,1.498,10.26,-57,403,47.1,4.398
MET-7201607D-A,TWR-0071,2024-04-22T06:29:00,47.62,168.67,0.392,6.78,-58,704,67.0,3.494
MET-E7A61CA0-8,TWR-0071,2024-04-24T11:05:00,14.70,465.30,0.860,4.07,-44,1288,58.8,1.154
MET-E2DD5414-0,TWR-0071,2024-05-14T06:56:00,38.60,364.45,1.008,2.02,-62,1871,30.1,2.987
MET-2EAB56D1-5,TWR-0071,2024-06-03T01:05:00,38.17,197.82,1.140,4.53,-70,1249,58.6,0.462
MET-A6FC359B-7,TWR-0071,2024-07-04T22:52:00,35.30,175.41,0.980,1.70,-45,1953,53.6,3.443
MET-E37BF980-5,TWR-0071,2024-07-17T00:40:00,13.95,138.74,0.123,9.03,-46,92,71.5,4.671
MET-308FEC6A-8,TWR-0071,2024-07-19T21:28:00,17.92,469.10,0.237,1.32,-52,709,48.1,2.189
MET-48845A59-6,TWR-0071,2024-09-21T22:15:00,13.60,323.14,1.290,10.05,-47,1683,76.8,3.351
MET-7A342899-3,TWR-0071,2024-10-07T14:26:00,10.19,265.36,0.493,8.38,-50,1507,47.0,1.860
MET-6BAF4EFF-5,TWR-0071,2024-10-09T15:26:00,47.02,362.22,0.957,11.27,-52,1727,84.7,3.550
MET-A2C7BB50-7,TWR-0071,2024-10-25T17:03:00,37.79,246.40,0.810,2.39,-64,299,90.1,3.421
MET-BAE87A4A-1,TWR-0071,2024-10-31T15:49:00,39.07,255.53,0.091,5.25,-55,309,75.7,2.722
MET-80645C0F-2,TWR-0071,2024-11-18T04:55:00,20.18,343.18,0.204,12.37,-70,310,50.8,1.132
MET-390D7A9E-2,TWR-0072,2024-02-19T15:34:00,31.83,452.43,0.102,8.94,-67,677,56.3,0.435
MET-88DF4C55-F,TWR-0072,2024-03-03T00:46:00,46.35,188.40,1.160,12.01,-63,853,31.5,3.461
MET-E26794C3-D,TWR-0072,2024-03-03T07:10:00,10.44,222.73,0.640,6.29,-53,1851,92.0,2.440
MET-0F72915F-8,TWR-0072,2024-03-03T12:07:00,13.65,402.82,1.203,4.06,-65,1652,28.3,4.475
MET-E8A15000-0,TWR-0072,2024-03-15T05:03:00,29.48,315.97,1.113,3.88,-59,673,54.6,1.611
MET-A28E2A56-D,TWR-0072,2024-04-26T01:08:00,21.92,320.53,0.575,6.10,-59,331,86.2,0.469
MET-1471C159-A,TWR-0072,2024-05-02T17:28:00,28.35,492.94,0.252,10.46,-70,836,60.5,1.145
MET-9D892EB0-2,TWR-0072,2024-05-20T19:58:00,31.34,482.72,0.326,2.21,-46,245,69.0,3.573
MET-D2A61B4D-B,TWR-0072,2024-05-26T13:39:00,38.05,228.65,0.713,3.07,-62,407,55.6,1.755
MET-FA856817-F,TWR-0072,2024-06-18T08:32:00,11.27,253.16,0.662,11.55,-61,1998,68.7,1.850
MET-AA8DE7D7-4,TWR-0072,2024-06-19T03:55:00,44.09,335.40,0.154,6.13,-55,1378,73.7,3.860
MET-C3AABBD4-F,TWR-0072,2024-07-19T14:38:00,32.52,467.56,1.134,14.87,-45,820,29.9,2.727
MET-A72821FF-5,TWR-0072,2024-08-10T15:30:00,16.01,189.56,0.418,12.03,-65,778,58.4,0.875
MET-5A6BF68C-9,TWR-0072,2024-08-13T07:35:00,10.49,478.20,0.701,10.95,-66,1606,81.1,0.462
MET-0818D501-D,TWR-0072,2024-08-17T10:08:00,14.82,499.98,0.232,8.40,-64,407,76.2,4.603
MET-5E8F659E-7,TWR-0072,2024-08-27T17:58:00,37.01,349.02,1.255,1.98,-45,1040,92.5,3.862
MET-A0F61AE4-0,TWR-0072,2024-09-16T12:12:00,47.63,117.89,1.317,5.89,-49,923,50.4,1.129
MET-59AABAB5-1,TWR-0072,2024-10-07T23:06:00,47.66,208.82,0.257,2.94,-70,1265,44.9,0.620
MET-E71C08DE-B,TWR-0072,2024-10-18T05:59:00,26.51,224.21,0.009,6.65,-58,1440,82.7,2.288
MET-C5BD495E-C,TWR-0072,2024-10-20T04:58:00,42.41,234.97,1.254,1.04,-53,1736,28.5,1.029
MET-9A92C3BB-B,TWR-0073,2024-01-01T14:09:00,34.54,151.21,0.563,6.69,-44,1305,31.7,3.976
MET-66D65ADB-6,TWR-0073,2024-01-11T16:23:00,15.53,470.54,0.257,8.93,-68,966,65.5,1.481
MET-EE60BC2E-C,TWR-0073,2024-01-21T11:47:00,46.59,332.64,1.199,5.26,-40,1704,93.6,4.107
MET-82FEEA72-5,TWR-0073,2024-01-22T18:29:00,47.79,316.45,0.638,9.11,-68,275,40.2,0.909
MET-4A115B13-4,TWR-0073,2024-02-14T10:07:00,36.38,238.64,1.482,12.43,-59,1267,59.4,3.325
MET-74A964AF-2,TWR-0073,2024-02-14T16:26:00,49.88,404.26,0.754,11.65,-44,354,62.9,4.435
MET-3578F946-8,TWR-0073,2024-03-15T00:34:00,24.49,130.73,0.529,13.31,-62,1955,55.5,4.340
MET-E3B66018-A,TWR-0073,2024-04-12T17:34:00,11.42,175.64,0.672,1.54,-50,748,62.3,3.246
MET-16FF168A-E,TWR-0073,2024-04-30T19:05:00,43.44,127.24,0.865,5.59,-41,1237,61.9,0.880
MET-A21BD861-2,TWR-0073,2024-05-02T09:17:00,40.87,140.87,0.439,12.91,-65,1519,40.0,4.909
MET-D10CD24F-F,TWR-0073,2024-05-04T02:22:00,14.27,224.27,1.379,4.36,-59,87,61.5,1.953
MET-0998E673-B,TWR-0073,2024-05-21T23:10:00,46.40,422.90,0.961,6.01,-56,1248,56.4,1.183
MET-C04700C5-9,TWR-0073,2024-06-02T05:07:00,21.27,495.29,0.365,8.09,-52,737,91.6,4.473
MET-E599F4C6-D,TWR-0073,2024-06-07T05:06:00,35.80,104.20,0.077,8.19,-53,853,69.1,2.686
MET-E9C91AFB-C,TWR-0073,2024-06-21T23:33:00,37.11,155.13,0.273,13.66,-57,1319,86.1,0.614
MET-7F058655-E,TWR-0073,2024-06-27T13:07:00,18.20,363.27,0.102,7.41,-40,1011,40.5,2.448
MET-1BC078A4-7,TWR-0073,2024-07-07T18:30:00,38.42,147.10,0.868,13.90,-54,1371,55.9,2.736
MET-051A8F11-0,TWR-0073,2024-08-19T01:23:00,44.20,434.12,0.570,11.92,-43,640,34.9,1.772
MET-D234D5F0-A,TWR-0073,2024-11-18T22:38:00,27.94,217.40,1.129,13.67,-69,64,73.3,4.180
MET-0F7ADC8F-1,TWR-0073,2024-11-30T02:04:00,48.21,260.41,0.573,14.27,-51,1799,52.1,1.795
MET-65945CE2-C,TWR-0074,2024-01-06T08:21:00,34.03,287.96,0.616,6.43,-70,1024,60.2,4.944
MET-147F12DF-0,TWR-0074,2024-01-06T18:49:00,37.61,241.06,1.395,6.13,-66,1272,82.5,3.339
MET-B387FED4-3,TWR-0074,2024-02-16T08:21:00,36.07,257.02,0.583,8.09,-51,1768,41.5,3.529
MET-50E5FE07-3,TWR-0074,2024-02-21T06:11:00,43.54,442.60,0.388,7.65,-61,1223,61.4,3.863
MET-9E1DBD3C-2,TWR-0074,2024-03-07T00:07:00,42.08,160.59,0.933,6.33,-60,875,90.8,4.122
MET-9288FCB6-7,TWR-0074,2024-03-22T06:37:00,47.07,270.43,0.357,9.99,-56,625,26.0,0.608
MET-B884FEF1-1,TWR-0074,2024-04-20T13:18:00,26.65,168.44,1.050,12.27,-63,1786,50.7,0.793
MET-E400156A-C,TWR-0074,2024-04-28T13:33:00,11.35,103.23,0.538,13.73,-61,1013,31.1,3.375
MET-E0E10D86-0,TWR-0074,2024-05-06T04:04:00,23.72,266.81,1.137,7.03,-58,332,27.0,0.544
MET-74CB3B74-C,TWR-0074,2024-05-23T00:34:00,24.85,429.89,1.342,6.45,-51,1667,36.3,1.278
MET-083A3ACF-D,TWR-0074,2024-06-15T18:17:00,24.27,270.91,1.255,6.92,-48,974,67.4,4.739
MET-0B4374BA-E,TWR-0074,2024-07-08T10:29:00,19.76,381.14,0.354,11.32,-64,1404,54.5,2.240
MET-A1CF98AD-7,TWR-0074,2024-08-02T09:24:00,17.13,255.81,0.412,5.45,-63,1270,42.4,2.814
MET-26E9B17E-4,TWR-0074,2024-08-06T23:46:00,21.74,102.79,1.120,5.98,-55,711,51.1,1.553
MET-903570C4-F,TWR-0074,2024-08-20T23:56:00,13.27,212.67,1.268,7.82,-55,370,77.0,0.054
MET-798795C2-E,TWR-0074,2024-08-31T09:19:00,23.78,463.02,0.274,3.17,-66,1702,25.6,1.089
MET-CA749945-8,TWR-0074,2024-09-09T15:07:00,11.30,409.88,1.217,4.49,-57,1691,56.1,2.192
MET-BAE7CA39-A,TWR-0074,2024-09-13T10:12:00,25.20,162.89,0.238,5.47,-42,1498,27.3,4.287
MET-A41C1B87-E,TWR-0074,2024-10-16T07:32:00,23.02,330.52,0.017,5.22,-64,1751,31.7,0.249
MET-053E8769-5,TWR-0074,2024-12-01T04:54:00,12.58,466.54,0.474,4.03,-56,1151,91.8,4.377
MET-B0A5D416-1,TWR-0075,2024-01-24T10:37:00,34.06,264.63,1.198,3.10,-40,806,72.8,2.979
MET-FEC76321-5,TWR-0075,2024-02-05T13:04:00,18.59,497.78,0.250,12.02,-41,226,88.3,0.140
MET-8CA89D7B-7,TWR-0075,2024-03-28T09:13:00,32.30,439.44,1.321,8.25,-57,1081,51.4,0.532
MET-8FF0E871-5,TWR-0075,2024-04-23T21:22:00,18.43,337.54,0.622,12.38,-53,1946,35.6,0.969
MET-D48049AE-6,TWR-0075,2024-05-13T18:57:00,18.19,135.56,0.531,10.78,-43,159,65.9,3.370
MET-640AC240-1,TWR-0075,2024-05-15T05:15:00,19.95,130.89,0.111,1.10,-70,401,65.5,1.994
MET-4C1BD788-7,TWR-0075,2024-06-13T09:37:00,11.10,257.80,1.434,11.16,-63,1919,84.0,1.462
MET-072BD2AA-2,TWR-0075,2024-06-26T12:24:00,29.26,383.32,1.097,9.78,-53,1332,46.1,1.831
MET-84917928-5,TWR-0075,2024-07-02T16:55:00,14.37,331.09,0.502,4.13,-54,91,47.7,2.605
MET-C3BB01AD-6,TWR-0075,2024-07-09T01:56:00,23.97,281.33,1.039,1.18,-40,642,83.1,3.080
MET-8441C110-C,TWR-0075,2024-07-18T07:53:00,23.59,193.29,1.033,11.11,-63,996,88.7,2.884
MET-C1ADE3CE-4,TWR-0075,2024-08-02T14:02:00,39.96,276.59,0.242,13.76,-46,1512,45.9,4.474
MET-2A099ADE-9,TWR-0075,2024-08-21T17:59:00,38.61,495.92,0.897,11.93,-67,1225,25.0,3.822
MET-6841161A-0,TWR-0075,2024-09-30T08:50:00,40.86,297.56,0.735,9.77,-46,182,51.1,1.095
MET-A531FFFD-1,TWR-0075,2024-10-03T09:04:00,42.81,112.70,1.039,3.67,-42,1350,34.2,3.405
MET-30F77E01-1,TWR-0075,2024-10-30T19:28:00,20.56,318.67,1.457,12.16,-67,1022,81.3,0.199
MET-32F63A34-4,TWR-0075,2024-11-10T14:46:00,39.56,174.46,0.486,12.34,-43,854,56.1,3.783
MET-45DB2D3A-7,TWR-0075,2024-11-10T23:12:00,35.50,242.02,1.356,10.19,-49,1498,48.4,1.605
MET-2F68CB62-3,TWR-0075,2024-12-03T11:14:00,19.06,448.11,0.458,13.94,-53,1153,44.4,0.501
MET-B221A65C-4,TWR-0075,2024-12-05T19:57:00,33.17,367.67,1.190,2.99,-60,844,90.4,1.351
MET-D94398EB-F,TWR-0076,2024-01-01T00:26:00,46.88,330.61,1.245,9.04,-66,1456,72.4,1.775
MET-0E8EC4D2-4,TWR-0076,2024-02-23T06:36:00,18.93,445.10,0.323,8.50,-48,1578,51.9,0.124
MET-447CE2FB-D,TWR-0076,2024-04-06T17:44:00,38.17,412.66,0.066,3.63,-52,1344,65.4,1.177
MET-C71634AB-1,TWR-0076,2024-04-08T20:40:00,14.59,187.18,1.332,11.88,-60,693,26.6,0.837
MET-13931460-F,TWR-0076,2024-04-14T14:36:00,40.53,275.95,1.088,7.17,-42,1943,33.3,1.416
MET-4AC055D3-A,TWR-0076,2024-04-16T05:02:00,26.91,225.08,0.495,6.57,-68,1417,20.7,4.784
MET-B0AC9569-9,TWR-0076,2024-04-19T08:05:00,32.23,337.71,0.848,14.20,-55,1192,47.7,1.614
MET-DD9BD857-4,TWR-0076,2024-04-25T07:13:00,26.04,298.97,1.020,12.57,-63,1843,60.3,4.553
MET-573B49B0-C,TWR-0076,2024-05-17T00:31:00,11.04,105.39,0.986,7.12,-47,533,59.6,4.163
MET-9E02718A-0,TWR-0076,2024-05-22T01:42:00,34.06,274.32,0.125,5.42,-52,657,65.6,4.502
MET-309FA7B7-C,TWR-0076,2024-06-19T20:41:00,30.58,377.01,0.618,12.99,-56,293,61.3,2.669
MET-01C1D1C7-C,TWR-0076,2024-07-19T11:47:00,23.21,125.77,0.218,7.67,-70,562,20.7,1.932
MET-6D41A4E6-2,TWR-0076,2024-07-29T23:29:00,44.56,464.39,1.447,4.82,-48,1916,43.6,2.136
MET-E9C62705-0,TWR-0076,2024-09-16T08:34:00,31.27,416.04,0.266,9.22,-53,166,25.0,4.723
MET-86D0409C-C,TWR-0076,2024-10-09T21:26:00,18.15,397.29,0.821,9.20,-60,703,89.3,3.303
MET-B39907F7-6,TWR-0076,2024-10-24T05:55:00,33.45,378.39,0.442,10.02,-66,1781,70.6,4.113
MET-745DB5B8-2,TWR-0076,2024-11-12T21:21:00,40.08,119.35,1.169,6.63,-48,1200,66.9,1.923
MET-C47923FD-D,TWR-0076,2024-11-24T09:45:00,17.37,349.19,1.111,7.32,-67,500,49.3,2.684
MET-E9188AEE-E,TWR-0076,2024-11-30T08:53:00,35.17,233.54,0.095,12.42,-52,1263,60.1,1.681
MET-8B892251-1,TWR-0076,2024-12-06T08:42:00,31.64,119.88,0.906,7.02,-62,1010,68.7,3.892
MET-98524DDA-D,TWR-0077,2024-01-27T08:53:00,20.52,185.50,0.558,2.10,-51,1019,40.8,4.063
MET-3955995A-7,TWR-0077,2024-02-05T05:46:00,42.16,230.58,1.059,9.54,-52,1372,39.0,2.702
MET-5EF9A190-E,TWR-0077,2024-02-19T23:42:00,19.86,439.11,1.349,9.69,-54,1633,78.1,0.910
MET-45ACD2A7-B,TWR-0077,2024-02-23T22:10:00,18.66,157.49,0.278,13.61,-60,181,23.9,3.141
MET-F8EBFD22-4,TWR-0077,2024-02-26T08:21:00,30.82,251.55,1.470,1.95,-68,1345,61.3,1.286
MET-88685E07-2,TWR-0077,2024-03-18T08:40:00,27.98,274.19,0.044,4.02,-46,686,32.2,4.332
MET-9805007B-4,TWR-0077,2024-03-31T17:09:00,35.10,173.15,0.037,4.72,-48,921,33.9,3.943
MET-35CADFC2-E,TWR-0077,2024-04-26T15:28:00,30.78,325.28,0.404,9.53,-57,110,38.1,2.706
MET-4A23BF50-A,TWR-0077,2024-04-28T07:01:00,32.73,281.89,0.731,1.54,-46,1571,25.5,0.658
MET-AA92187B-E,TWR-0077,2024-05-19T20:15:00,12.70,231.70,1.331,14.86,-50,759,84.1,3.392
MET-FE8602AA-2,TWR-0077,2024-07-22T22:41:00,17.68,166.42,0.527,9.13,-49,1604,37.4,1.513
MET-DCD377D9-9,TWR-0077,2024-08-22T13:21:00,40.58,258.54,0.069,10.66,-61,1164,48.9,3.919
MET-37924543-4,TWR-0077,2024-08-29T06:42:00,42.55,390.94,1.418,7.32,-52,1356,90.6,2.984
MET-E927B217-7,TWR-0077,2024-09-15T08:57:00,31.86,466.86,0.447,8.00,-69,1672,59.6,2.110
MET-E2632A99-2,TWR-0077,2024-09-16T18:38:00,20.60,450.92,0.018,11.61,-41,1470,46.6,4.875
MET-7D5269CD-A,TWR-0077,2024-09-29T02:53:00,44.84,270.57,0.579,1.04,-54,391,26.5,3.880
MET-9C2AA723-A,TWR-0077,2024-10-15T20:00:00,18.49,151.91,1.384,5.40,-69,341,21.3,0.285
MET-B22C2814-1,TWR-0077,2024-10-20T00:12:00,39.46,236.02,0.673,10.29,-45,322,27.9,3.219
MET-39912EBC-1,TWR-0077,2024-10-24T12:22:00,16.10,387.94,0.925,8.52,-56,448,63.3,4.508
MET-4BBAA3F5-0,TWR-0077,2024-11-07T20:44:00,47.99,283.72,0.654,5.25,-63,1179,40.2,4.664
MET-69454CDB-8,TWR-0078,2024-01-26T04:44:00,13.49,323.81,0.163,7.15,-65,1457,90.2,4.111
MET-6516E07B-F,TWR-0078,2024-01-27T18:50:00,24.46,157.71,0.386,8.08,-61,1676,69.3,2.871
MET-D2357EF7-9,TWR-0078,2024-02-09T10:07:00,28.81,230.55,0.777,4.63,-52,1836,39.8,1.682
MET-870025E1-C,TWR-0078,2024-02-11T16:26:00,19.51,181.76,0.876,2.38,-54,1002,79.5,2.449
MET-92AEAFFA-3,TWR-0078,2024-02-14T20:09:00,18.54,313.56,0.226,8.21,-53,519,59.7,0.790
MET-ABD1410F-E,TWR-0078,2024-02-20T12:31:00,19.16,203.27,0.093,10.47,-47,274,27.3,3.117
MET-5C7B28EF-F,TWR-0078,2024-02-25T23:41:00,35.29,139.77,1.448,3.04,-58,1980,77.6,0.468
MET-70495E66-B,TWR-0078,2024-03-27T00:03:00,18.72,285.28,1.147,1.19,-64,1770,68.0,2.673
MET-CEA6D3B7-3,TWR-0078,2024-04-16T21:16:00,39.22,417.59,0.416,6.22,-51,1003,32.1,3.529
MET-589AE21C-2,TWR-0078,2024-07-01T01:51:00,32.39,216.93,0.955,1.01,-65,1233,29.4,0.801
MET-4745283B-C,TWR-0078,2024-07-06T06:43:00,38.57,205.49,1.157,11.02,-66,1756,94.5,2.691
MET-8BC9F41D-F,TWR-0078,2024-07-13T05:37:00,37.62,466.29,0.493,12.39,-70,960,85.9,1.782
MET-262BF79E-8,TWR-0078,2024-08-05T12:14:00,42.24,336.95,0.961,8.07,-52,1902,44.9,0.608
MET-2451398D-8,TWR-0078,2024-08-30T09:04:00,49.44,309.31,0.791,7.27,-56,903,75.9,0.382
MET-E646DBEE-0,TWR-0078,2024-10-14T08:59:00,12.54,396.85,1.393,13.42,-56,253,51.4,2.773
MET-BF9C5673-2,TWR-0078,2024-10-18T05:54:00,13.52,336.94,0.148,6.51,-66,630,33.8,2.668
MET-7D9D5282-3,TWR-0078,2024-11-03T21:51:00,18.31,398.49,0.919,4.06,-68,1301,27.4,1.280
MET-CECE8972-E,TWR-0078,2024-11-14T11:06:00,31.62,308.85,0.165,11.78,-45,1329,94.6,1.776
MET-34943A49-3,TWR-0078,2024-11-28T16:31:00,20.95,440.21,1.090,12.42,-67,1439,26.6,3.004
MET-B4DCD0E6-3,TWR-0078,2024-12-05T06:14:00,10.37,208.67,0.656,1.73,-58,1955,45.8,2.964
MET-120E6B0C-9,TWR-0079,2024-01-18T15:34:00,45.01,380.46,0.182,13.61,-64,668,33.9,4.333
MET-CB77A6B7-3,TWR-0079,2024-01-20T22:43:00,24.49,382.01,0.207,4.79,-68,1903,91.5,0.659
MET-36D654DB-2,TWR-0079,2024-01-27T11:27:00,15.40,179.47,1.351,7.94,-54,1677,91.1,2.250
MET-A08FDF9C-9,TWR-0079,2024-02-01T14:43:00,34.09,108.00,0.323,3.37,-41,401,31.2,4.637
MET-6F39264D-3,TWR-0079,2024-02-14T16:29:00,31.87,355.78,1.097,3.61,-65,441,76.0,1.849
MET-3E6B0041-1,TWR-0079,2024-03-18T22:08:00,39.79,490.13,0.385,9.13,-52,100,82.0,2.915
MET-B91A3021-4,TWR-0079,2024-04-06T15:30:00,21.55,447.50,0.893,8.79,-69,418,50.5,4.318
MET-8BFE537B-E,TWR-0079,2024-05-21T04:39:00,13.63,242.15,1.452,2.06,-58,1142,20.1,4.083
MET-7E500E22-C,TWR-0079,2024-05-26T21:30:00,17.06,346.93,0.598,7.60,-55,993,65.0,4.979
MET-78E9D109-6,TWR-0079,2024-06-24T12:01:00,38.41,426.11,1.265,4.61,-41,1370,86.6,1.758
MET-E60577D2-D,TWR-0079,2024-06-30T16:02:00,23.22,209.06,1.017,5.12,-60,1422,41.7,0.988
MET-72F2D624-8,TWR-0079,2024-07-12T10:54:00,10.69,480.34,0.306,1.92,-68,1700,67.6,0.431
MET-B0387076-D,TWR-0079,2024-08-08T04:00:00,36.15,242.09,0.472,10.76,-59,1873,63.2,3.201
MET-17CA2BBA-E,TWR-0079,2024-08-20T06:10:00,19.95,227.52,0.849,8.31,-44,138,31.9,0.822
MET-75D7184B-3,TWR-0079,2024-08-20T13:44:00,27.45,247.67,1.475,10.95,-56,1536,43.2,3.061
MET-2F857489-6,TWR-0079,2024-09-20T13:42:00,34.21,157.68,0.268,7.91,-52,1513,81.0,0.055
MET-049627C5-D,TWR-0079,2024-10-03T04:49:00,20.26,273.71,0.609,1.93,-56,1897,33.2,1.153
MET-C16232A4-D,TWR-0079,2024-11-09T06:23:00,23.53,265.90,0.720,5.95,-55,728,43.3,0.346
MET-6B544450-8,TWR-0079,2024-11-18T13:02:00,32.08,226.25,0.314,6.86,-67,615,40.5,1.190
MET-27DC0350-9,TWR-0079,2024-12-08T08:27:00,15.27,383.55,0.321,14.14,-69,1460,34.8,3.433
MET-BE94B15B-A,TWR-0080,2024-01-30T13:49:00,28.15,358.33,1.195,13.12,-60,1758,66.1,1.281
MET-5A17CA6D-2,TWR-0080,2024-02-04T23:50:00,32.20,331.87,0.186,12.82,-61,203,45.7,1.533
MET-F52CC95E-E,TWR-0080,2024-03-23T13:53:00,18.74,491.18,0.808,8.51,-63,672,63.2,2.184
MET-F967436A-F,TWR-0080,2024-06-02T06:29:00,33.45,108.72,0.820,2.72,-53,1487,36.1,1.730
MET-386727E9-A,TWR-0080,2024-07-08T11:41:00,22.28,178.74,0.126,4.10,-48,1061,28.4,1.074
MET-B5A95C15-D,TWR-0080,2024-07-25T09:31:00,44.36,439.92,1.032,14.15,-40,1271,78.4,2.768
MET-222E1387-9,TWR-0080,2024-07-31T02:16:00,42.93,260.86,1.101,14.86,-47,1943,58.4,1.646
MET-D2561EC3-F,TWR-0080,2024-08-14T09:36:00,47.90,466.57,1.473,6.04,-66,820,84.2,4.720
MET-F61F47D3-A,TWR-0080,2024-08-19T04:24:00,30.78,363.02,1.232,11.82,-63,321,41.5,4.272
MET-3F2B45EB-F,TWR-0080,2024-09-03T12:11:00,38.17,345.27,0.170,11.52,-44,358,82.2,0.607
MET-CB78F66C-7,TWR-0080,2024-09-11T20:03:00,22.93,268.16,1.373,2.65,-66,815,71.5,1.840
MET-EDD9CA5C-D,TWR-0080,2024-09-13T20:04:00,25.90,368.37,0.549,11.14,-53,582,91.6,0.290
MET-33CE2BF3-9,TWR-0080,2024-09-20T05:02:00,30.63,483.30,0.121,6.46,-67,1956,30.3,4.667
MET-A803D049-8,TWR-0080,2024-09-26T20:39:00,37.43,498.84,0.781,2.35,-70,1959,38.5,1.444
MET-A932E23D-2,TWR-0080,2024-10-01T00:58:00,28.23,101.54,0.234,7.75,-45,186,62.4,2.293
MET-36F260C2-3,TWR-0080,2024-11-09T19:09:00,42.12,331.02,1.220,3.95,-52,1719,78.4,2.842
MET-8518AC8B-4,TWR-0080,2024-11-16T17:54:00,17.00,416.96,0.075,3.46,-63,1368,94.7,4.811
MET-832083E1-4,TWR-0080,2024-11-17T12:22:00,39.72,275.27,1.295,5.91,-56,229,38.2,2.375
MET-B3253050-8,TWR-0080,2024-11-20T16:02:00,28.28,266.19,1.324,3.74,-62,1799,74.7,1.860
MET-CB7C41F0-4,TWR-0080,2024-11-25T14:17:00,37.37,436.91,1.198,10.85,-54,1958,80.0,4.371
MET-F983B880-E,TWR-0081,2024-01-20T23:35:00,39.89,190.53,1.427,3.11,-41,1712,86.6,4.736
MET-4278BF38-B,TWR-0081,2024-01-21T05:24:00,40.51,403.87,1.238,9.39,-57,1371,68.9,2.944
MET-E84E37C6-7,TWR-0081,2024-01-27T18:06:00,20.58,122.65,1.202,3.44,-51,1727,82.5,1.975
MET-BEFA5071-F,TWR-0081,2024-01-28T06:21:00,16.42,153.58,0.557,2.08,-51,1457,91.0,4.257
MET-5CEA3C70-B,TWR-0081,2024-01-29T15:34:00,49.51,359.51,0.583,13.45,-63,774,60.5,4.679
MET-D3C22C2E-9,TWR-0081,2024-02-21T12:16:00,48.68,205.68,0.778,12.82,-41,1804,82.3,3.051
MET-16BF33D3-E,TWR-0081,2024-03-12T07:21:00,32.64,338.97,1.182,2.83,-59,1364,69.5,3.824
MET-C4CA632D-4,TWR-0081,2024-04-19T23:11:00,10.16,150.22,1.124,4.90,-52,722,45.3,0.612
MET-F936C7A2-3,TWR-0081,2024-04-29T00:01:00,36.76,374.51,0.332,2.39,-56,808,34.3,4.698
MET-B53ECD26-6,TWR-0081,2024-05-07T19:51:00,10.87,375.38,0.456,4.50,-48,264,37.3,2.996
MET-4D4F44EA-D,TWR-0081,2024-05-28T05:43:00,23.30,398.71,0.132,10.23,-53,1985,62.0,4.834
MET-AEE33CF0-8,TWR-0081,2024-06-07T02:24:00,34.58,378.17,0.535,10.64,-53,1960,42.4,4.265
MET-8347FEF5-0,TWR-0081,2024-06-19T04:16:00,29.95,338.65,1.174,11.93,-51,201,45.9,0.850
MET-5D974D87-6,TWR-0081,2024-08-25T10:27:00,26.58,100.94,1.058,9.99,-48,174,51.3,1.715
MET-720C22B0-1,TWR-0081,2024-10-06T15:29:00,44.82,482.81,1.093,11.11,-56,863,29.7,1.094
MET-D7425D00-A,TWR-0081,2024-10-11T10:44:00,26.82,480.73,0.386,14.00,-49,1566,81.1,2.442
MET-C30220F6-4,TWR-0081,2024-10-21T03:16:00,21.75,310.91,0.879,3.73,-55,448,81.4,4.507
MET-424A2305-4,TWR-0081,2024-10-23T08:14:00,46.50,178.16,1.011,7.01,-52,946,92.5,2.586
MET-0AEF6AEA-5,TWR-0081,2024-10-27T00:05:00,30.47,389.05,1.383,2.39,-50,1386,21.9,2.596
MET-B4109833-E,TWR-0081,2024-11-12T10:50:00,42.53,153.69,0.065,1.73,-60,1669,30.4,1.868
MET-432B9951-E,TWR-0082,2024-01-10T06:24:00,21.40,227.13,0.217,14.75,-64,309,40.1,4.225
MET-84F0B956-1,TWR-0082,2024-01-16T19:59:00,49.20,230.60,1.205,3.08,-54,1029,90.2,1.131
MET-A64B7148-7,TWR-0082,2024-01-25T12:07:00,16.97,337.97,0.995,9.73,-66,1537,87.9,3.585
MET-59402314-9,TWR-0082,2024-03-15T16:17:00,27.50,141.05,0.729,10.80,-61,551,61.9,4.856
MET-496E9CDB-A,TWR-0082,2024-03-22T16:23:00,15.52,308.60,1.135,13.64,-43,259,81.1,1.744
MET-BFBBE039-D,TWR-0082,2024-03-31T17:55:00,24.36,405.49,0.585,9.55,-53,769,51.0,4.790
MET-D2090A32-1,TWR-0082,2024-04-17T11:17:00,16.45,328.14,1.077,1.48,-41,225,73.4,1.226
MET-B456B1F9-E,TWR-0082,2024-04-28T02:10:00,19.39,276.60,1.328,11.32,-45,1044,21.8,0.911
MET-827825E3-3,TWR-0082,2024-06-10T09:28:00,47.29,402.31,0.108,10.99,-65,1824,37.3,2.061
MET-9C9B5559-1,TWR-0082,2024-06-16T03:21:00,41.57,179.48,0.250,5.20,-52,1494,21.6,0.025
MET-09102F1D-D,TWR-0082,2024-06-20T06:12:00,29.76,340.47,0.692,3.15,-65,674,81.0,2.456
MET-62754B90-D,TWR-0082,2024-06-30T02:09:00,10.59,124.50,0.823,4.33,-60,478,67.3,3.582
MET-26CEDD68-C,TWR-0082,2024-07-02T23:51:00,41.53,210.50,1.473,9.45,-52,1789,84.4,1.713
MET-7D78FA93-5,TWR-0082,2024-07-07T22:23:00,18.12,436.19,1.213,13.31,-65,811,57.0,4.230
MET-E3A05BF1-F,TWR-0082,2024-07-26T10:32:00,34.12,436.80,0.795,1.78,-63,128,82.0,0.013
MET-7AF05605-A,TWR-0082,2024-08-10T13:32:00,24.86,485.26,0.034,2.69,-58,1508,47.0,3.073
MET-99630E73-3,TWR-0082,2024-08-11T17:36:00,39.66,495.92,1.104,11.51,-56,1876,44.5,0.517
MET-296ED56D-C,TWR-0082,2024-08-17T11:46:00,45.09,329.15,0.746,11.13,-67,1107,81.8,2.688
MET-8696A5FA-B,TWR-0082,2024-09-21T20:06:00,43.53,316.53,0.392,2.88,-68,1056,93.7,2.192
MET-C71926B0-0,TWR-0082,2024-10-26T22:39:00,23.61,303.30,0.457,9.06,-52,329,65.0,1.950
MET-E4EB0FBA-C,TWR-0083,2024-01-12T14:26:00,35.13,203.26,1.146,3.92,-67,275,43.4,0.880
MET-C4A04E52-C,TWR-0083,2024-01-14T07:05:00,40.99,160.44,0.170,10.11,-63,1426,94.7,4.410
MET-119C5DC3-C,TWR-0083,2024-01-15T20:56:00,17.10,127.84,1.362,12.85,-50,1984,67.9,0.907
MET-EABD9C1F-6,TWR-0083,2024-01-17T05:50:00,49.86,421.83,0.150,5.30,-40,639,52.7,0.665
MET-65033E1D-9,TWR-0083,2024-02-25T21:26:00,18.58,251.71,1.248,3.58,-70,1786,46.3,3.567
MET-9B3828CF-4,TWR-0083,2024-03-15T15:29:00,16.42,423.34,0.765,4.15,-60,113,55.9,0.692
MET-DFC5FB4D-6,TWR-0083,2024-03-25T02:58:00,15.52,134.06,0.594,6.28,-64,873,75.2,2.136
MET-3536563C-6,TWR-0083,2024-03-29T17:28:00,28.90,422.05,1.143,14.50,-49,1516,28.9,3.411
MET-395A4E7F-9,TWR-0083,2024-04-05T17:13:00,48.01,290.62,0.554,1.18,-65,126,88.5,1.446
MET-92246881-5,TWR-0083,2024-04-12T18:18:00,42.32,339.04,0.530,9.13,-55,1014,50.6,4.373
MET-3A445B14-F,TWR-0083,2024-04-14T16:21:00,44.13,460.49,0.679,9.19,-62,234,58.7,4.990
MET-F0445D51-1,TWR-0083,2024-04-25T10:51:00,27.76,103.46,0.881,3.60,-40,611,36.1,2.073
MET-6ACE2D58-1,TWR-0083,2024-06-14T01:45:00,15.51,277.98,1.122,1.89,-63,1833,75.8,3.214
MET-91EB2E92-1,TWR-0083,2024-07-07T13:06:00,15.65,410.83,1.499,2.43,-40,1228,40.6,2.047
MET-55263D78-5,TWR-0083,2024-08-17T17:36:00,38.16,200.04,0.820,11.33,-48,1674,41.7,4.477
MET-7C67797C-9,TWR-0083,2024-09-20T02:06:00,34.94,257.55,0.971,1.40,-61,1333,52.2,1.526
MET-EFB84007-B,TWR-0083,2024-11-23T11:12:00,29.95,177.54,0.211,10.77,-46,1655,84.3,0.804
MET-69B32362-A,TWR-0083,2024-11-28T06:20:00,49.52,192.26,0.628,9.93,-47,703,71.4,2.726
MET-3F238C41-7,TWR-0083,2024-12-01T23:39:00,48.87,498.78,0.580,1.57,-41,472,74.5,0.196
MET-62840246-1,TWR-0083,2024-12-03T23:05:00,41.08,435.69,0.135,2.64,-47,386,93.5,0.056
MET-688DC0C2-2,TWR-0084,2024-02-01T00:12:00,41.33,451.13,0.976,12.96,-62,229,21.4,4.352
MET-4C68B600-3,TWR-0084,2024-02-06T06:01:00,25.05,172.86,1.178,11.25,-50,630,48.2,4.505
MET-338D0533-6,TWR-0084,2024-02-14T01:37:00,42.48,385.26,1.175,14.98,-50,1111,42.6,4.034
MET-59CF18F3-F,TWR-0084,2024-04-05T10:53:00,36.47,292.21,0.307,9.12,-69,1983,51.7,4.537
MET-77D71B25-9,TWR-0084,2024-04-13T04:46:00,22.73,100.91,0.745,14.12,-49,438,67.9,1.680
MET-C0D0DF87-8,TWR-0084,2024-04-15T05:11:00,33.24,168.01,0.732,10.13,-58,1831,94.9,1.885
MET-8D1042E2-4,TWR-0084,2024-04-18T03:25:00,17.72,454.72,0.360,4.55,-63,1668,23.1,4.304
MET-98D7E87D-8,TWR-0084,2024-06-18T07:10:00,34.85,152.07,0.311,6.70,-56,864,45.2,4.380
MET-3E61899E-3,TWR-0084,2024-07-20T03:42:00,27.50,381.47,1.151,10.26,-68,1249,65.9,4.003
MET-7347EDA2-C,TWR-0084,2024-07-22T20:29:00,41.81,332.78,1.256,7.25,-54,1134,91.1,4.537
MET-B032965E-2,TWR-0084,2024-07-24T01:10:00,10.82,153.34,1.299,8.73,-51,1122,46.7,4.188
MET-9069A2C9-A,TWR-0084,2024-08-29T02:22:00,17.12,192.89,0.351,9.49,-60,1904,91.8,1.918
MET-B61AFDFC-1,TWR-0084,2024-09-04T09:53:00,46.46,256.12,1.359,2.72,-59,1987,55.8,0.847
MET-907F09BD-9,TWR-0084,2024-09-11T08:55:00,46.71,329.35,0.560,4.32,-65,383,36.7,2.323
MET-9230DA5C-4,TWR-0084,2024-10-17T20:57:00,41.14,328.99,1.312,9.41,-67,1485,73.9,2.977
MET-6CC1AAC1-3,TWR-0084,2024-10-28T12:39:00,46.88,299.81,0.357,13.32,-67,280,26.8,3.033
MET-B30BC1BA-1,TWR-0084,2024-10-28T13:12:00,29.28,202.63,0.253,5.89,-67,628,84.6,1.125
MET-6BCA1E75-3,TWR-0084,2024-11-20T23:16:00,25.98,432.89,0.957,10.24,-41,1715,81.3,3.267
MET-084D4C40-E,TWR-0084,2024-12-05T09:12:00,31.43,253.01,0.282,13.36,-59,1640,64.0,0.424
MET-B3686D51-7,TWR-0084,2024-12-07T18:42:00,22.84,105.67,0.672,10.12,-46,604,63.1,2.516
MET-7EB154C3-2,TWR-0085,2024-01-10T20:34:00,10.39,241.40,0.868,4.73,-65,591,79.8,4.118
MET-5B91724D-F,TWR-0085,2024-01-22T19:12:00,36.03,211.35,0.063,14.22,-41,406,38.0,3.122
MET-E9B15B61-4,TWR-0085,2024-02-01T16:35:00,16.14,444.02,1.350,4.27,-66,1890,27.6,4.353
MET-DA600025-1,TWR-0085,2024-04-09T03:33:00,10.24,454.17,1.353,2.09,-70,1782,78.6,0.354
MET-AE2C4183-9,TWR-0085,2024-04-11T00:50:00,18.14,359.24,1.152,13.78,-61,359,46.8,2.523
MET-78767956-B,TWR-0085,2024-04-15T10:02:00,14.68,293.18,0.314,12.24,-69,413,51.1,0.939
MET-4107AA9F-4,TWR-0085,2024-04-18T13:20:00,47.36,314.55,1.499,14.72,-62,1523,44.4,0.662
MET-FC330FB7-1,TWR-0085,2024-04-20T23:24:00,48.35,315.35,1.423,2.29,-50,918,63.8,1.223
MET-936DEB2D-5,TWR-0085,2024-05-20T09:00:00,47.86,305.30,0.353,10.62,-57,1217,42.6,1.432
MET-50E8D85D-6,TWR-0085,2024-05-30T06:06:00,33.90,112.53,0.347,2.17,-56,1622,79.9,2.503
MET-5F9C6EC3-0,TWR-0085,2024-06-07T01:57:00,36.32,204.21,0.269,9.02,-48,478,74.1,3.841
MET-7756BA44-8,TWR-0085,2024-06-20T05:13:00,24.70,283.99,0.553,14.81,-55,583,22.7,4.645
MET-855F22C3-A,TWR-0085,2024-06-29T02:58:00,24.39,107.33,0.984,9.04,-51,1495,40.7,4.866
MET-0BE8701F-B,TWR-0085,2024-08-15T20:00:00,46.12,395.34,0.631,13.82,-56,365,87.2,4.831
MET-13772A7E-2,TWR-0085,2024-08-19T14:15:00,12.02,118.73,0.162,10.95,-53,1943,52.8,3.161
MET-826EB11F-7,TWR-0085,2024-08-26T17:25:00,43.23,387.07,0.552,1.66,-51,1924,35.1,1.475
MET-8DC8C212-B,TWR-0085,2024-09-23T23:31:00,31.28,275.82,1.231,9.94,-69,125,70.4,2.575
MET-86A0CB58-2,TWR-0085,2024-11-13T00:55:00,28.71,186.69,0.035,13.88,-46,649,44.3,3.507
MET-38AB9905-E,TWR-0085,2024-11-29T08:29:00,18.77,234.49,0.667,12.68,-70,1386,33.1,2.737
MET-801F3670-E,TWR-0085,2024-11-30T01:08:00,26.32,205.85,0.344,14.92,-57,500,88.5,1.394
MET-7CC3E1AE-A,TWR-0086,2024-01-21T04:54:00,32.91,290.64,1.461,3.21,-48,168,50.6,0.117
MET-18F9C2C5-E,TWR-0086,2024-02-11T09:39:00,45.04,369.91,1.197,13.70,-49,476,78.2,0.830
MET-890AC4D1-B,TWR-0086,2024-03-05T21:26:00,35.31,345.78,1.127,9.44,-53,871,46.0,0.156
MET-E6D885F1-4,TWR-0086,2024-03-17T10:23:00,12.46,486.19,0.984,7.99,-55,459,39.7,0.957
MET-E9421451-9,TWR-0086,2024-03-24T04:14:00,28.67,170.66,0.205,12.10,-55,1741,94.9,1.627
MET-43176D25-0,TWR-0086,2024-04-08T03:13:00,18.28,398.15,0.778,3.15,-69,758,41.3,1.343
MET-B4196D3D-5,TWR-0086,2024-04-20T03:19:00,15.20,105.79,0.961,1.07,-70,742,31.2,4.032
MET-86944F10-8,TWR-0086,2024-04-28T14:00:00,23.80,480.13,1.318,11.81,-62,1502,73.4,0.154
MET-55A5704E-5,TWR-0086,2024-05-02T08:21:00,46.07,290.40,0.568,4.36,-61,476,53.1,4.920
MET-67B68A6A-8,TWR-0086,2024-06-15T12:08:00,18.14,213.67,0.605,11.61,-62,1833,93.2,3.430
MET-E274908F-7,TWR-0086,2024-06-21T20:18:00,20.36,376.90,0.294,13.40,-69,1986,68.2,4.288
MET-46D5F831-D,TWR-0086,2024-06-26T22:09:00,47.28,403.09,1.001,8.66,-47,1187,73.8,1.941
MET-99B3AF6C-E,TWR-0086,2024-07-16T01:32:00,15.09,132.33,0.757,6.26,-68,376,62.5,3.011
MET-EF307829-B,TWR-0086,2024-07-21T10:00:00,16.81,364.24,0.456,11.61,-53,323,33.9,4.038
MET-BBBB4CB9-3,TWR-0086,2024-07-28T22:31:00,45.21,251.02,1.301,2.70,-52,329,61.5,4.532
MET-8DFA2DF1-4,TWR-0086,2024-07-29T13:42:00,43.97,213.66,0.431,5.76,-47,1913,41.3,2.618
MET-6BEAFC30-E,TWR-0086,2024-09-25T21:00:00,32.49,178.74,1.083,14.71,-64,788,79.1,0.218
MET-4ED32D81-7,TWR-0086,2024-09-26T12:33:00,49.49,366.56,0.253,6.20,-58,209,49.9,2.975
MET-FAD642BA-3,TWR-0086,2024-11-20T19:15:00,44.60,490.76,1.106,9.51,-60,1292,23.6,0.980
MET-4B620C20-F,TWR-0086,2024-12-11T03:27:00,39.97,204.70,1.193,9.55,-70,1298,52.7,4.122
MET-AE7E10F9-C,TWR-0087,2024-01-18T06:57:00,22.79,211.19,0.872,9.72,-55,613,58.9,4.373
MET-1CCCFE19-9,TWR-0087,2024-02-10T17:37:00,25.00,436.85,1.310,12.58,-42,1441,64.0,3.491
MET-72985F0F-3,TWR-0087,2024-02-24T02:30:00,21.20,100.28,0.836,10.33,-61,471,39.2,1.570
MET-1C565BA7-F,TWR-0087,2024-03-05T00:18:00,22.41,221.08,0.425,11.92,-53,1276,44.3,1.705
MET-354A4798-C,TWR-0087,2024-03-20T13:46:00,19.67,112.51,1.270,2.05,-59,1567,83.4,1.965
MET-29201F8D-B,TWR-0087,2024-04-08T21:31:00,36.51,492.99,1.408,9.71,-52,1348,80.7,1.595
MET-14C4A2B7-F,TWR-0087,2024-04-18T03:21:00,17.23,359.75,1.180,4.44,-50,1150,91.2,0.868
MET-05EA9F10-F,TWR-0087,2024-04-26T06:40:00,25.84,280.31,0.274,8.49,-51,1539,36.2,2.881
MET-ED84E98D-5,TWR-0087,2024-05-03T07:52:00,41.93,154.25,1.172,12.04,-49,1209,71.3,0.804
MET-D3FC08B6-9,TWR-0087,2024-05-04T10:14:00,44.81,365.29,0.859,8.86,-63,1785,70.2,3.329
MET-00FAC660-C,TWR-0087,2024-05-18T01:09:00,26.30,457.29,0.144,13.21,-46,416,71.3,4.196
MET-B9DAC75A-1,TWR-0087,2024-05-20T12:34:00,11.94,288.77,1.166,6.17,-47,428,30.4,1.622
MET-F36C2E7D-B,TWR-0087,2024-06-17T04:22:00,39.91,164.62,1.482,1.11,-67,71,44.1,3.748
MET-E60A0238-2,TWR-0087,2024-08-24T19:38:00,34.52,171.15,1.113,14.13,-45,87,68.1,3.425
MET-5117CD9E-7,TWR-0087,2024-08-25T01:15:00,42.46,258.65,0.791,6.11,-70,756,24.8,2.580
MET-963FBB9E-0,TWR-0087,2024-09-18T06:58:00,27.59,420.67,0.559,10.50,-61,614,68.3,3.062
MET-D98260C4-1,TWR-0087,2024-10-06T02:30:00,46.74,444.38,1.365,6.41,-65,1468,56.9,2.087
MET-6D36F9ED-0,TWR-0087,2024-11-17T10:19:00,44.87,485.80,0.135,12.11,-46,1621,77.9,3.447
MET-8B02C93B-E,TWR-0087,2024-11-27T08:40:00,43.64,219.64,0.095,7.80,-66,290,90.9,1.559
MET-E3249A54-B,TWR-0087,2024-12-16T23:48:00,39.97,209.37,0.135,11.87,-57,1247,41.3,2.409
MET-8017C08C-3,TWR-0088,2024-01-01T08:42:00,21.90,349.41,0.945,5.45,-50,150,66.9,4.532
MET-BADDD1FA-3,TWR-0088,2024-01-22T00:22:00,20.91,383.92,1.018,7.34,-47,1737,56.4,2.400
MET-492FB96E-B,TWR-0088,2024-01-22T12:47:00,47.55,379.05,0.094,5.63,-46,1118,78.7,2.412
MET-C0AF741E-0,TWR-0088,2024-01-26T02:27:00,47.52,101.37,0.122,6.61,-42,1078,48.5,0.257
MET-3D6981D4-C,TWR-0088,2024-03-24T06:32:00,47.80,472.00,0.092,11.33,-57,364,93.4,3.785
MET-797C0994-7,TWR-0088,2024-04-06T11:00:00,48.97,203.15,1.355,7.83,-48,425,60.8,4.173
MET-46AFF4B0-1,TWR-0088,2024-04-22T19:38:00,48.84,451.12,0.150,14.99,-40,680,87.5,4.627
MET-8A641955-1,TWR-0088,2024-05-12T22:39:00,39.89,473.44,0.556,5.40,-61,497,88.5,4.287
MET-F0B0AEF9-E,TWR-0088,2024-05-31T20:51:00,11.16,204.56,1.429,12.19,-53,861,22.1,1.724
MET-B93AB6F9-1,TWR-0088,2024-06-12T03:39:00,20.84,325.50,1.170,3.13,-47,635,77.1,0.956
MET-F0C78884-9,TWR-0088,2024-07-10T21:55:00,37.90,405.35,0.137,5.57,-59,339,59.7,0.680
MET-757C84AF-0,TWR-0088,2024-07-20T09:42:00,29.37,376.22,1.321,10.43,-65,235,90.2,4.209
MET-81126799-8,TWR-0088,2024-07-25T10:46:00,28.52,418.85,0.040,8.85,-51,940,73.3,0.825
MET-C1EA3DEE-4,TWR-0088,2024-08-12T06:25:00,10.42,304.56,0.560,1.45,-50,1754,37.0,0.860
MET-655A47EA-4,TWR-0088,2024-09-06T00:22:00,42.18,162.06,0.148,5.38,-70,1563,35.6,0.901
MET-92AB1C49-5,TWR-0088,2024-09-08T16:19:00,34.64,228.61,0.230,1.55,-46,756,80.4,1.621
MET-78FD5C09-E,TWR-0088,2024-10-14T20:17:00,49.17,212.05,1.044,5.37,-62,718,93.8,1.035
MET-FFF571D8-3,TWR-0088,2024-11-11T08:50:00,42.10,284.12,1.321,13.41,-45,549,78.1,3.345
MET-C3690B01-1,TWR-0088,2024-11-14T23:00:00,43.92,157.06,1.011,13.28,-68,1495,49.8,1.960
MET-79C0CE4C-F,TWR-0088,2024-11-16T10:56:00,11.55,432.27,1.498,1.15,-61,1074,69.2,4.065
MET-FD19AEF3-2,TWR-0089,2024-01-03T01:14:00,29.67,386.89,1.350,2.28,-50,1851,73.0,2.451
MET-F45FE2AD-F,TWR-0089,2024-01-06T04:46:00,35.19,150.85,1.236,10.34,-42,1525,53.3,3.966
MET-C9005C2A-2,TWR-0089,2024-01-26T11:01:00,35.12,341.19,0.922,10.30,-53,977,70.4,4.015
MET-1B1B1B23-4,TWR-0089,2024-02-03T21:03:00,35.38,276.51,0.887,8.47,-51,976,52.1,4.897
MET-9D7C4C68-C,TWR-0089,2024-02-21T23:23:00,22.77,487.91,0.333,9.11,-50,992,21.6,1.436
MET-4E58A8EC-2,TWR-0089,2024-03-18T02:34:00,17.43,345.86,0.616,6.92,-68,1879,68.8,0.954
MET-417C2538-4,TWR-0089,2024-04-06T16:36:00,27.63,110.40,0.565,13.27,-46,67,78.1,0.326
MET-52E80600-F,TWR-0089,2024-04-25T11:47:00,26.89,395.18,0.805,14.03,-55,319,95.0,3.035
MET-7B8A50AA-E,TWR-0089,2024-05-03T19:38:00,21.60,106.21,0.991,9.85,-51,124,78.8,4.239
MET-6721CC78-D,TWR-0089,2024-06-12T03:47:00,41.39,365.19,0.490,9.99,-51,1912,53.3,2.837
MET-E6F6BC09-6,TWR-0089,2024-06-13T22:01:00,11.36,442.40,0.791,5.39,-57,1848,73.8,3.080
MET-AB8ABF24-5,TWR-0089,2024-06-21T07:12:00,35.09,116.93,0.357,12.60,-56,1726,73.0,2.310
MET-16CCE632-4,TWR-0089,2024-07-02T13:26:00,43.56,372.19,0.076,13.23,-49,189,88.8,1.429
MET-2FA92EEC-1,TWR-0089,2024-08-24T03:52:00,37.07,153.07,0.727,9.72,-46,1564,88.9,1.950
MET-19FBAE70-F,TWR-0089,2024-08-28T12:39:00,26.31,467.76,1.315,7.84,-55,780,29.0,4.448
MET-75B20A3F-4,TWR-0089,2024-11-11T21:46:00,15.75,292.68,1.146,1.10,-52,869,70.1,0.407
MET-788EA881-5,TWR-0089,2024-11-13T07:13:00,36.14,432.48,0.218,11.06,-63,1379,49.0,1.812
MET-5CE4313E-1,TWR-0089,2024-12-02T11:01:00,20.01,300.90,0.935,6.26,-56,1511,51.9,3.695
MET-86482420-1,TWR-0089,2024-12-02T13:25:00,46.86,499.34,1.165,13.51,-44,518,80.2,4.864
MET-62D2D338-B,TWR-0089,2024-12-09T02:33:00,33.14,431.22,1.160,7.80,-59,587,56.4,4.787
MET-5C473028-5,TWR-0090,2024-01-02T18:25:00,27.82,370.05,0.523,9.37,-53,973,74.5,3.122
MET-6774EC90-7,TWR-0090,2024-01-03T17:21:00,39.64,371.12,0.993,13.14,-65,171,58.0,1.521
MET-6AB1B7AD-8,TWR-0090,2024-01-17T21:22:00,45.28,490.46,0.206,8.03,-56,1228,84.8,2.794
MET-C047A430-1,TWR-0090,2024-02-21T03:06:00,27.09,127.18,0.043,4.42,-62,320,59.3,3.061
MET-732B5205-D,TWR-0090,2024-02-29T08:36:00,22.35,155.00,0.609,13.17,-60,1936,73.9,4.523
MET-43755D31-7,TWR-0090,2024-03-08T10:50:00,13.73,239.10,1.377,1.61,-44,1994,75.2,4.538
MET-73EB2B40-8,TWR-0090,2024-04-30T15:11:00,38.33,325.52,1.125,12.97,-54,1053,67.9,1.921
MET-A1A7B929-2,TWR-0090,2024-05-07T12:07:00,43.46,166.44,0.347,4.96,-58,1691,65.1,0.264
MET-925876B8-B,TWR-0090,2024-05-08T20:42:00,22.34,332.36,1.209,13.09,-63,1379,25.3,3.798
MET-434E55DE-D,TWR-0090,2024-05-23T01:38:00,29.85,226.51,1.100,13.34,-43,1750,28.5,1.645
MET-9D9F13C7-A,TWR-0090,2024-05-28T18:53:00,22.08,495.57,0.035,3.26,-55,1098,34.8,0.271
MET-01067211-4,TWR-0090,2024-05-30T17:56:00,46.79,317.61,1.012,11.63,-69,73,41.6,2.255
MET-52D477A0-0,TWR-0090,2024-06-04T16:56:00,20.24,222.52,0.340,5.61,-54,1603,22.8,4.124
MET-BC937E95-9,TWR-0090,2024-07-12T16:51:00,20.07,385.21,0.628,11.71,-48,989,84.4,2.363
MET-05C1D67D-0,TWR-0090,2024-08-18T12:10:00,18.48,232.10,0.635,1.60,-42,660,32.9,2.745
MET-6FF95246-7,TWR-0090,2024-08-21T02:46:00,11.93,256.82,0.724,14.56,-45,258,54.5,0.914
MET-4D634957-E,TWR-0090,2024-09-01T00:15:00,38.23,127.84,0.780,4.88,-49,805,93.8,1.585
MET-0A408B09-1,TWR-0090,2024-09-04T07:47:00,46.10,495.57,1.402,3.92,-68,586,79.2,1.150
MET-ADB34FE8-9,TWR-0090,2024-09-11T14:48:00,18.79,466.95,0.153,9.44,-46,930,60.3,4.216
MET-10E47374-7,TWR-0090,2024-10-27T07:14:00,32.76,229.56,0.579,12.66,-50,1668,38.0,0.604
MET-E1A57755-4,TWR-0091,2024-01-30T19:16:00,37.10,252.34,0.907,7.26,-40,678,71.4,4.424
MET-9B5DF014-4,TWR-0091,2024-02-14T22:54:00,18.49,357.81,0.624,12.44,-45,299,52.7,3.055
MET-5AE49280-C,TWR-0091,2024-02-25T04:58:00,23.18,191.75,1.496,13.17,-66,637,28.6,3.412
MET-98C1526D-D,TWR-0091,2024-03-22T12:04:00,22.05,193.51,0.353,9.73,-49,1106,23.0,2.090
MET-BE6D3D4E-C,TWR-0091,2024-03-28T19:50:00,13.62,293.35,1.220,5.19,-52,87,21.4,2.702
MET-1D17B6F7-6,TWR-0091,2024-04-06T14:01:00,25.73,209.41,0.101,9.81,-47,1928,47.1,0.283
MET-359516EC-5,TWR-0091,2024-04-07T07:26:00,38.86,412.24,0.231,5.89,-62,675,36.7,0.805
MET-B43E73DB-2,TWR-0091,2024-04-07T16:40:00,49.48,409.60,0.912,11.74,-46,665,76.1,0.761
MET-D566A53D-B,TWR-0091,2024-04-13T19:10:00,23.70,222.36,1.200,14.09,-43,73,25.0,2.503
MET-D47F7401-C,TWR-0091,2024-04-15T11:27:00,48.25,234.93,0.107,1.83,-61,347,94.7,4.981
MET-E187F817-4,TWR-0091,2024-04-29T22:37:00,46.42,213.54,1.047,2.06,-64,1688,81.5,2.075
MET-AC3B68D7-9,TWR-0091,2024-05-30T12:23:00,36.58,446.60,0.027,7.14,-59,1493,76.7,1.151
MET-CAD723FD-A,TWR-0091,2024-05-31T06:52:00,13.08,493.72,1.347,7.54,-66,1289,30.8,2.590
MET-F2A43428-F,TWR-0091,2024-06-03T18:11:00,25.77,333.95,0.291,8.35,-47,234,55.4,3.749
MET-7F0B4391-E,TWR-0091,2024-07-07T19:12:00,42.23,111.68,1.412,5.17,-46,1307,88.9,1.826
MET-3AAEE7FA-2,TWR-0091,2024-07-12T02:36:00,32.65,282.09,0.213,1.07,-60,1825,77.2,3.164
MET-110F8707-3,TWR-0091,2024-08-30T19:23:00,35.42,345.05,1.086,12.32,-42,1887,46.1,2.008
MET-54D685DE-1,TWR-0091,2024-10-03T14:29:00,42.01,119.87,1.334,4.84,-59,1681,64.4,2.289
MET-354490C6-B,TWR-0091,2024-10-09T23:27:00,34.29,377.31,0.404,7.56,-54,788,35.8,3.186
MET-F7822A16-4,TWR-0091,2024-11-20T06:14:00,38.65,410.59,1.491,2.46,-67,465,72.3,1.462
MET-0FABEBDA-5,TWR-0092,2024-01-23T08:26:00,33.32,229.75,0.631,5.08,-65,1295,22.2,0.662
MET-CBA07ADB-5,TWR-0092,2024-01-23T15:32:00,38.95,288.13,0.715,2.44,-64,244,68.2,1.858
MET-165D17B2-6,TWR-0092,2024-02-12T02:13:00,49.36,299.10,1.133,10.16,-53,339,87.9,0.259
MET-327AFA25-9,TWR-0092,2024-02-24T02:41:00,32.13,384.17,0.522,9.28,-63,1370,66.4,1.229
MET-E5106903-C,TWR-0092,2024-04-02T16:50:00,33.56,402.07,0.163,11.97,-41,71,76.6,0.281
MET-1AC63A8F-0,TWR-0092,2024-05-17T11:58:00,34.40,310.55,1.087,3.53,-58,820,89.0,2.970
MET-E82CAA12-7,TWR-0092,2024-06-01T20:06:00,40.41,473.40,0.533,4.79,-54,766,39.2,3.216
MET-BAF349B6-4,TWR-0092,2024-06-18T05:21:00,46.87,418.40,0.742,13.92,-70,64,85.3,2.240
MET-3560A478-B,TWR-0092,2024-06-26T00:12:00,43.78,132.22,1.206,1.53,-68,1016,55.6,3.731
MET-032C235D-5,TWR-0092,2024-07-03T03:29:00,19.46,231.31,0.438,12.96,-55,1308,29.7,1.747
MET-F8B72A72-F,TWR-0092,2024-07-22T09:14:00,14.47,407.59,0.727,14.50,-50,621,26.6,1.254
MET-2880516C-C,TWR-0092,2024-08-22T21:43:00,37.02,283.71,0.948,11.99,-54,1373,87.5,2.854
MET-21D879D5-9,TWR-0092,2024-09-12T04:30:00,43.73,380.52,1.101,10.78,-56,1512,46.7,3.774
MET-8451FF91-9,TWR-0092,2024-09-30T05:49:00,40.13,142.05,1.015,13.80,-42,1345,70.3,2.804
MET-8C194AA0-5,TWR-0092,2024-10-01T16:00:00,37.15,109.11,0.639,2.71,-60,1401,92.9,2.605
MET-E6701C43-9,TWR-0092,2024-10-15T06:30:00,48.15,364.05,1.405,11.94,-64,276,92.6,3.965
MET-3813B1EB-3,TWR-0092,2024-10-22T11:41:00,11.65,301.31,1.395,8.55,-43,985,93.0,4.742
MET-1D2F3A5A-F,TWR-0092,2024-10-23T15:03:00,14.19,243.62,0.277,8.33,-67,647,61.9,2.747
MET-AE5C2236-1,TWR-0092,2024-11-21T20:44:00,31.67,216.23,1.244,3.34,-45,1949,22.1,2.453
MET-7D951ACC-B,TWR-0092,2024-11-28T01:10:00,29.32,448.34,1.412,10.94,-64,1350,42.9,0.368
MET-F3191489-9,TWR-0093,2024-01-01T23:30:00,34.89,441.86,0.640,13.58,-70,403,80.4,4.568
MET-32FEA63E-E,TWR-0093,2024-01-08T08:25:00,20.20,240.56,1.322,8.44,-58,1873,36.7,2.368
MET-D35D709E-B,TWR-0093,2024-01-16T06:47:00,49.74,402.83,0.054,13.80,-40,271,53.0,1.818
MET-35E4EADA-F,TWR-0093,2024-02-06T21:12:00,43.59,330.91,0.258,2.51,-63,1779,70.6,4.832
MET-CAC219E9-8,TWR-0093,2024-02-09T06:53:00,21.47,494.41,0.882,11.28,-48,1999,40.3,4.246
MET-DCA274B9-5,TWR-0093,2024-02-24T05:34:00,15.90,192.00,0.592,14.51,-49,905,24.2,1.485
MET-FC937768-C,TWR-0093,2024-03-18T07:59:00,31.02,108.74,0.855,2.58,-50,192,89.7,4.016
MET-6E648059-C,TWR-0093,2024-03-20T14:26:00,41.69,116.31,1.288,7.39,-51,1513,61.5,2.096
MET-45E5EAAA-7,TWR-0093,2024-03-22T19:01:00,35.47,138.77,1.096,5.52,-43,745,42.7,0.485
MET-58DB74AA-B,TWR-0093,2024-04-27T19:16:00,16.33,337.28,0.923,14.55,-42,513,81.4,4.614
MET-0A869D35-7,TWR-0093,2024-05-11T03:20:00,43.17,355.17,1.082,9.78,-68,1481,77.5,0.856
MET-10DB2A01-6,TWR-0093,2024-07-26T23:23:00,27.40,303.51,0.065,11.45,-48,919,43.4,3.567
MET-5C4BB71E-6,TWR-0093,2024-07-28T00:23:00,29.25,187.42,1.487,1.21,-63,782,74.5,1.062
MET-4CEA8E22-3,TWR-0093,2024-07-31T02:13:00,48.18,402.63,0.807,12.80,-66,589,71.1,0.299
MET-F0881ACB-2,TWR-0093,2024-08-29T09:52:00,24.60,113.24,0.339,8.36,-70,734,22.6,1.213
MET-93751E49-B,TWR-0093,2024-09-17T20:15:00,18.13,258.09,0.532,6.77,-51,614,74.3,2.389
MET-9FE41F1C-1,TWR-0093,2024-10-09T22:47:00,41.20,116.83,0.048,2.41,-69,995,81.1,0.831
MET-196894DD-B,TWR-0093,2024-10-16T07:25:00,30.73,358.05,0.700,4.97,-41,880,45.8,0.114
MET-38B36007-2,TWR-0093,2024-10-22T19:02:00,10.94,439.57,0.560,5.72,-65,1740,81.1,0.034
MET-0C84C8A3-C,TWR-0093,2024-11-25T02:45:00,16.78,408.53,1.196,9.12,-56,1000,52.4,4.073
MET-A261EC01-9,TWR-0094,2024-01-07T20:27:00,48.55,431.91,0.662,12.39,-57,830,38.1,4.219
MET-0BD95B4C-4,TWR-0094,2024-01-18T05:48:00,45.93,388.33,0.559,13.20,-56,1452,70.9,0.995
MET-5962ECD5-F,TWR-0094,2024-01-20T10:13:00,38.84,480.58,0.880,8.83,-48,291,82.3,4.818
MET-03B25171-3,TWR-0094,2024-03-12T00:59:00,15.04,390.39,0.363,7.38,-49,1850,65.0,0.015
MET-130DC189-3,TWR-0094,2024-03-22T12:11:00,40.50,128.00,1.104,4.24,-45,1675,36.5,2.396
MET-2FAF6450-E,TWR-0094,2024-04-28T16:17:00,25.84,169.87,1.020,1.66,-64,1737,50.4,0.220
MET-5842997D-F,TWR-0094,2024-04-28T17:23:00,31.80,264.56,0.551,10.46,-54,112,30.2,1.267
MET-76B62162-4,TWR-0094,2024-05-08T18:46:00,27.22,127.73,0.350,9.85,-59,1942,29.6,0.322
MET-23AA1725-5,TWR-0094,2024-05-15T19:16:00,22.26,306.52,0.671,6.17,-66,1698,66.1,0.226
MET-7C268480-2,TWR-0094,2024-05-20T00:30:00,34.36,364.95,0.345,8.84,-63,1511,32.3,0.896
MET-0D0A2C51-1,TWR-0094,2024-06-12T00:25:00,21.83,399.90,0.183,9.31,-60,868,42.0,2.937
MET-2EF83095-4,TWR-0094,2024-06-19T12:39:00,15.75,230.17,0.768,6.76,-40,302,84.1,0.207
MET-87A090AC-0,TWR-0094,2024-06-27T13:42:00,20.35,430.59,1.311,6.67,-41,1979,24.3,1.994
MET-678F3676-3,TWR-0094,2024-06-29T23:28:00,21.45,460.45,0.708,11.26,-68,195,84.5,1.727
MET-F179F085-3,TWR-0094,2024-10-12T12:03:00,28.49,350.60,0.893,2.51,-53,1210,29.4,1.056
MET-E348B8EA-4,TWR-0094,2024-10-24T10:58:00,47.34,460.59,0.716,14.52,-66,1086,29.8,1.454
MET-7C97A4E1-4,TWR-0094,2024-10-31T16:54:00,21.76,306.41,0.729,10.77,-64,922,38.5,2.744
MET-A906E855-6,TWR-0094,2024-11-03T08:46:00,48.73,201.23,0.745,8.42,-63,201,20.6,0.739
MET-1916F9D7-6,TWR-0094,2024-11-24T11:02:00,14.25,172.45,0.429,6.53,-64,1539,82.3,1.471
MET-9F6AB12C-6,TWR-0094,2024-12-07T23:03:00,49.14,492.13,0.026,9.40,-43,320,49.0,4.454
MET-1CC0E800-3,TWR-0095,2024-01-17T12:29:00,24.06,233.13,1.111,5.42,-58,317,59.0,4.253
MET-F68329A9-9,TWR-0095,2024-01-23T21:25:00,26.03,192.73,0.147,8.49,-54,143,22.9,0.436
MET-BEB352C1-5,TWR-0095,2024-01-31T04:12:00,12.95,376.25,0.315,1.38,-49,982,61.7,2.347
MET-2D5F625F-3,TWR-0095,2024-02-01T03:15:00,40.41,174.06,1.387,9.19,-43,245,85.0,3.483
MET-7CDA583D-9,TWR-0095,2024-03-05T17:50:00,44.07,136.40,1.459,12.48,-69,1122,24.5,2.028
MET-BF95D380-1,TWR-0095,2024-03-08T19:08:00,37.32,185.99,0.537,7.16,-58,1229,38.4,3.992
MET-5C9FA370-C,TWR-0095,2024-03-26T16:01:00,42.21,170.48,1.418,10.03,-59,1176,65.2,0.193
MET-72C6B219-A,TWR-0095,2024-04-07T18:19:00,32.60,311.17,0.700,9.70,-53,1057,48.8,4.821
MET-6E0ADD03-D,TWR-0095,2024-06-24T20:46:00,45.84,302.34,0.829,10.33,-52,1281,20.5,2.858
MET-0D8206CF-0,TWR-0095,2024-06-27T07:34:00,15.41,209.72,0.903,13.58,-64,1162,23.6,1.562
MET-EA9579F2-9,TWR-0095,2024-07-13T13:55:00,48.91,348.51,1.221,3.32,-59,595,73.6,4.917
MET-BD9DF363-2,TWR-0095,2024-08-03T20:03:00,40.15,449.56,0.157,10.19,-40,1961,93.7,0.412
MET-B8B80A98-E,TWR-0095,2024-08-11T12:53:00,26.23,492.52,0.535,1.49,-56,1860,67.7,4.652
MET-0B8D4FB8-1,TWR-0095,2024-09-18T01:03:00,30.79,322.59,0.889,1.73,-48,935,37.2,1.048
MET-344D2A9B-4,TWR-0095,2024-09-29T06:38:00,41.26,197.64,0.322,12.64,-54,1007,51.6,4.848
MET-196E3340-9,TWR-0095,2024-10-21T19:02:00,25.17,429.90,0.943,12.09,-41,1147,72.1,0.101
MET-2277C88F-1,TWR-0095,2024-10-26T15:01:00,25.56,203.11,0.202,5.25,-47,287,72.0,3.097
MET-3E8EFFBF-6,TWR-0095,2024-11-10T20:46:00,44.34,288.14,1.218,11.91,-68,1810,42.0,4.056
MET-D0C97757-4,TWR-0095,2024-12-02T07:09:00,10.52,497.86,0.546,6.49,-60,146,59.8,2.160
MET-460E000C-6,TWR-0095,2024-12-02T09:39:00,19.04,459.75,0.765,9.82,-57,254,28.3,2.018
MET-BF3A848B-D,TWR-0096,2024-01-04T20:10:00,41.81,248.43,1.073,1.73,-67,1515,32.6,4.055
MET-0F32CF63-3,TWR-0096,2024-02-05T05:16:00,13.80,296.88,1.310,1.53,-52,287,31.8,1.366
MET-F1019E55-E,TWR-0096,2024-02-22T22:45:00,32.31,100.90,1.220,10.69,-41,254,36.4,1.746
MET-E51959D4-E,TWR-0096,2024-03-03T03:04:00,38.51,338.36,1.330,1.55,-51,311,36.4,0.677
MET-FD3B89E4-4,TWR-0096,2024-03-09T06:32:00,32.75,130.36,0.488,2.98,-48,1657,66.7,2.939
MET-27850FA0-B,TWR-0096,2024-03-24T17:27:00,11.94,383.50,0.927,3.68,-53,1872,83.2,4.749
MET-91D9A41A-4,TWR-0096,2024-04-28T09:07:00,16.77,237.92,0.707,4.63,-70,457,63.7,3.924
MET-D78000BE-E,TWR-0096,2024-04-30T07:09:00,32.84,454.94,0.877,11.14,-63,1708,85.1,1.044
MET-983F1915-B,TWR-0096,2024-05-04T08:13:00,41.42,316.88,0.414,5.76,-41,827,64.3,1.577
MET-4C2E7A9A-5,TWR-0096,2024-07-05T06:00:00,40.85,352.92,0.811,9.45,-62,1975,92.1,2.631
MET-571A9661-D,TWR-0096,2024-07-10T03:32:00,16.08,392.80,1.407,10.45,-44,1809,55.5,1.680
MET-0BC210F9-C,TWR-0096,2024-07-25T07:07:00,21.44,239.76,0.798,9.74,-70,824,70.7,1.070
MET-BB816D96-7,TWR-0096,2024-08-25T16:40:00,23.63,267.65,0.153,12.12,-40,632,63.9,1.237
MET-05620F94-0,TWR-0096,2024-08-29T23:31:00,12.53,487.47,0.819,9.45,-47,192,57.3,2.175
MET-9E4F10BB-6,TWR-0096,2024-09-02T02:16:00,40.67,485.26,1.164,12.38,-47,681,74.4,4.135
MET-5525FEA3-6,TWR-0096,2024-10-07T17:42:00,40.25,141.10,1.274,13.97,-42,1474,51.5,1.811
MET-573E19A3-E,TWR-0096,2024-11-09T17:51:00,43.93,210.97,0.450,3.97,-51,607,23.7,4.701
MET-5DFC90EF-6,TWR-0096,2024-11-27T07:18:00,25.21,371.62,0.938,2.63,-57,167,82.9,2.512
MET-671B84E6-3,TWR-0096,2024-11-30T02:48:00,13.42,227.21,0.607,13.71,-69,689,32.2,0.474
MET-3FA67607-F,TWR-0096,2024-12-02T04:52:00,12.20,106.18,1.342,11.61,-60,1100,23.2,4.442
MET-1781A274-3,TWR-0097,2024-01-21T20:41:00,17.57,433.74,0.577,9.24,-51,1709,27.5,0.370
MET-811BA1D0-B,TWR-0097,2024-03-03T19:10:00,43.88,367.71,1.152,7.70,-41,1497,62.2,3.767
MET-E86D8C6E-8,TWR-0097,2024-03-16T01:55:00,33.00,336.62,1.334,5.88,-66,899,25.7,3.431
MET-32FFCF7B-6,TWR-0097,2024-03-24T13:51:00,37.04,360.17,0.619,2.41,-45,1518,44.3,0.172
MET-F7A34ACB-2,TWR-0097,2024-05-10T11:17:00,47.41,464.97,1.263,12.84,-55,96,94.4,1.628
MET-A8087893-E,TWR-0097,2024-05-14T04:00:00,24.22,428.63,0.400,3.88,-65,1652,90.2,0.683
MET-6E4A9525-A,TWR-0097,2024-05-15T02:09:00,24.15,230.04,0.999,2.90,-47,546,47.8,3.599
MET-7961BB8F-3,TWR-0097,2024-05-18T16:57:00,14.90,371.71,0.603,3.39,-49,610,58.9,2.345
MET-8C255414-C,TWR-0097,2024-07-01T17:18:00,37.26,255.53,1.348,4.40,-65,1492,43.6,3.563
MET-3976E5CA-8,TWR-0097,2024-07-25T03:06:00,37.99,350.49,0.294,11.15,-50,907,62.8,1.252
MET-BC9837FC-A,TWR-0097,2024-07-25T05:55:00,13.00,144.01,0.342,9.09,-62,1120,74.3,4.211
MET-841FEEB7-B,TWR-0097,2024-07-25T11:29:00,14.92,445.12,1.363,11.52,-56,992,91.3,4.207
MET-BED9FAFD-9,TWR-0097,2024-08-22T09:33:00,37.10,387.60,1.151,12.70,-62,628,81.2,1.849
MET-7926FBBD-4,TWR-0097,2024-09-12T18:44:00,30.70,421.95,0.915,10.27,-40,156,49.7,0.906
MET-F992DA5E-7,TWR-0097,2024-10-06T00:37:00,38.32,465.28,0.747,6.64,-55,935,54.0,2.430
MET-6561797B-B,TWR-0097,2024-10-25T16:59:00,15.51,340.82,1.126,9.13,-56,1020,35.6,0.540
MET-F26F237F-3,TWR-0097,2024-10-27T19:13:00,37.00,271.41,0.586,13.43,-52,1562,88.0,0.243
MET-CA86079E-D,TWR-0097,2024-11-07T06:48:00,19.82,480.39,0.172,2.29,-45,158,93.5,0.023
MET-973D990E-0,TWR-0097,2024-11-10T05:02:00,25.42,193.28,1.307,4.43,-49,859,28.1,1.162
MET-E6628915-C,TWR-0097,2024-12-06T12:17:00,20.33,161.29,0.943,5.01,-51,1874,76.9,0.753
MET-987DC6B0-0,TWR-0098,2024-01-31T03:15:00,15.75,310.44,1.249,8.42,-56,1171,49.7,0.680
MET-6399BCDE-9,TWR-0098,2024-02-03T12:26:00,37.84,228.23,1.205,10.82,-68,780,86.6,1.356
MET-E2711228-9,TWR-0098,2024-02-15T14:21:00,16.64,326.87,1.022,8.10,-52,466,40.6,2.617
MET-E86850BF-D,TWR-0098,2024-03-03T10:49:00,39.11,236.77,0.797,11.00,-61,677,35.8,2.293
MET-7931EAA8-6,TWR-0098,2024-03-05T09:24:00,10.88,480.36,1.277,8.21,-65,742,65.2,2.037
MET-5324EBE1-E,TWR-0098,2024-03-15T04:49:00,43.13,200.63,1.327,10.19,-55,900,42.6,3.375
MET-E856DAD2-E,TWR-0098,2024-03-20T02:03:00,24.71,123.73,0.044,3.70,-42,401,69.2,1.325
MET-E9E0A6CC-B,TWR-0098,2024-04-08T16:30:00,47.30,436.72,0.091,14.07,-58,1480,39.7,0.347
MET-0F2C0C0A-6,TWR-0098,2024-05-03T17:43:00,15.48,341.58,0.313,11.06,-59,1330,64.6,2.386
MET-C2968BDE-D,TWR-0098,2024-05-30T18:00:00,37.16,289.96,1.081,5.27,-51,824,65.1,0.268
MET-B9D2E297-5,TWR-0098,2024-07-06T17:26:00,15.77,482.02,1.030,8.95,-67,539,77.0,2.989
MET-887B2D17-3,TWR-0098,2024-07-24T17:08:00,45.67,354.37,1.382,10.91,-52,1573,81.0,4.031
MET-883A29E5-8,TWR-0098,2024-08-15T20:18:00,39.87,293.56,1.111,3.53,-60,1161,39.9,1.729
MET-66D9057C-4,TWR-0098,2024-08-25T08:40:00,29.05,116.65,0.919,10.38,-48,1771,41.5,4.321
MET-8D00CEBB-D,TWR-0098,2024-09-01T15:22:00,38.45,263.42,0.146,6.90,-68,1757,45.6,2.348
MET-0FDB83DC-8,TWR-0098,2024-09-29T06:17:00,37.08,327.58,1.137,4.44,-44,1708,51.7,3.664
MET-5F68E7C9-7,TWR-0098,2024-10-04T07:59:00,40.47,426.35,1.370,1.02,-43,719,93.9,3.207
MET-D6D4F5C0-3,TWR-0098,2024-11-22T18:26:00,47.22,383.41,0.673,1.98,-41,445,74.9,0.529
MET-8A3208F4-A,TWR-0098,2024-12-11T04:26:00,40.50,384.67,0.555,2.72,-57,151,89.4,1.010
MET-8C68127A-D,TWR-0098,2024-12-14T09:35:00,10.98,126.88,0.136,11.45,-59,1190,74.7,1.744
MET-2758CBEC-6,TWR-0099,2024-02-12T08:12:00,45.04,315.24,1.296,5.47,-60,778,64.2,1.509
MET-7B51D3A7-8,TWR-0099,2024-02-24T06:24:00,19.31,179.67,0.399,4.51,-70,312,80.2,0.466
MET-B8C6EDD8-C,TWR-0099,2024-03-01T00:12:00,13.79,335.68,0.042,14.33,-40,927,68.8,1.132
MET-85190032-0,TWR-0099,2024-03-14T16:27:00,21.06,392.53,1.248,7.93,-66,1696,45.0,4.301
MET-EFA220F9-E,TWR-0099,2024-04-06T16:30:00,21.47,379.90,0.707,7.82,-49,1230,76.3,3.705
MET-B11B1F95-B,TWR-0099,2024-04-17T12:12:00,26.72,133.43,0.717,2.42,-65,1992,61.7,1.494
MET-E881351A-6,TWR-0099,2024-04-20T07:26:00,44.62,330.04,0.976,2.26,-57,278,37.9,2.367
MET-1F153DE7-3,TWR-0099,2024-05-09T13:12:00,14.53,333.09,1.351,5.65,-58,132,94.0,3.514
MET-E6E6AFE8-1,TWR-0099,2024-05-22T10:11:00,15.39,290.20,0.605,12.97,-50,411,61.7,4.927
MET-6B630B7E-3,TWR-0099,2024-05-24T01:56:00,14.49,408.32,1.389,14.56,-41,1449,23.5,2.826
MET-072D7734-4,TWR-0099,2024-05-31T01:16:00,45.82,350.91,1.313,11.31,-62,683,41.7,2.302
MET-3D4354E0-1,TWR-0099,2024-08-09T06:28:00,14.34,327.40,1.240,14.84,-58,1304,91.6,0.064
MET-F14649C7-2,TWR-0099,2024-09-10T18:21:00,31.03,222.63,0.394,14.42,-53,1900,92.9,0.770
MET-8E818CE0-1,TWR-0099,2024-09-20T18:24:00,13.25,312.10,1.278,1.36,-60,1354,31.8,0.977
MET-55BB1BC1-D,TWR-0099,2024-10-19T20:46:00,29.17,262.55,0.988,3.10,-57,1693,65.9,3.291
MET-AEFC6D44-C,TWR-0099,2024-10-19T22:33:00,21.52,371.27,0.681,1.72,-60,702,55.9,4.180
MET-FE2B7DFC-3,TWR-0099,2024-11-08T23:31:00,24.83,459.52,0.599,3.31,-65,1138,64.6,0.042
MET-F41525F7-4,TWR-0099,2024-11-11T03:58:00,16.82,487.08,0.850,11.54,-64,824,77.9,0.845
MET-7F98DA2C-A,TWR-0099,2024-11-17T18:40:00,32.39,422.78,0.020,14.45,-46,892,63.0,2.020
MET-2EC6F289-7,TWR-0099,2024-11-27T14:25:00,46.79,462.31,1.343,8.69,-45,1588,33.6,3.101
MET-5CD55572-D,TWR-0100,2024-01-14T14:22:00,37.02,282.19,1.159,7.35,-66,367,33.6,1.882
MET-247908F5-A,TWR-0100,2024-01-19T01:54:00,36.36,436.10,1.149,10.54,-57,814,46.0,1.689
MET-862D872F-5,TWR-0100,2024-02-18T12:37:00,16.24,137.70,0.274,10.15,-59,1661,63.2,0.359
MET-47BD0060-9,TWR-0100,2024-03-13T21:04:00,22.21,193.95,1.244,14.10,-70,1742,52.8,4.041
MET-8B25505A-6,TWR-0100,2024-03-22T03:28:00,14.78,194.49,1.227,4.46,-64,1077,21.9,4.926
MET-355424BC-9,TWR-0100,2024-04-06T11:14:00,22.56,318.43,1.085,3.17,-70,1050,33.8,0.697
MET-481E585C-2,TWR-0100,2024-04-06T11:28:00,17.93,357.94,1.410,5.47,-45,550,76.8,4.884
MET-154E9E56-0,TWR-0100,2024-04-11T01:20:00,32.60,314.55,1.435,12.42,-54,406,69.4,4.643
MET-BD054955-7,TWR-0100,2024-05-04T08:43:00,42.94,155.67,0.856,1.48,-64,114,33.7,2.067
MET-49DB4C8C-D,TWR-0100,2024-05-21T06:10:00,30.75,440.83,1.032,10.22,-61,1350,80.1,1.260
MET-4FFB0C4F-7,TWR-0100,2024-06-03T15:59:00,15.77,415.08,0.725,8.99,-59,641,48.9,1.174
MET-1C8C1539-2,TWR-0100,2024-06-05T13:39:00,48.06,464.32,0.588,6.30,-50,1126,36.6,0.576
MET-884507C4-1,TWR-0100,2024-07-25T04:11:00,37.72,149.49,1.248,7.60,-57,1545,79.8,3.665
MET-FA8F80C3-D,TWR-0100,2024-07-25T09:07:00,40.82,257.16,0.870,1.76,-70,822,79.6,0.130
MET-F254E894-D,TWR-0100,2024-08-01T03:12:00,17.68,284.04,0.809,3.89,-66,631,27.4,0.958
MET-268C2782-A,TWR-0100,2024-08-07T00:43:00,31.59,429.35,1.114,4.90,-56,1908,79.0,2.011
MET-82D21940-2,TWR-0100,2024-08-08T08:20:00,31.03,150.93,1.393,3.90,-69,167,55.2,2.209
MET-834BFC64-0,TWR-0100,2024-09-02T09:50:00,11.41,290.93,1.409,14.23,-60,996,74.4,2.646
MET-7C37ABFD-5,TWR-0100,2024-11-02T10:20:00,42.29,305.38,1.417,10.86,-49,102,22.2,0.113
MET-B0EB3C86-A,TWR-0100,2024-12-14T08:19:00,17.65,484.60,0.083,4.73,-65,1130,89.7,1.319
MET-5F85F934-E,TWR-0101,2024-02-15T02:43:00,23.34,454.86,0.522,4.68,-61,435,89.0,4.690
MET-04BB665F-7,TWR-0101,2024-02-25T17:49:00,40.45,495.38,1.060,10.40,-65,1135,53.4,0.155
MET-BD8E597B-F,TWR-0101,2024-02-27T03:24:00,42.37,485.81,1.012,13.36,-60,217,79.2,3.939
MET-34D9B598-F,TWR-0101,2024-03-04T22:44:00,14.05,280.75,0.488,7.77,-68,778,81.0,0.065
MET-712C9B84-2,TWR-0101,2024-03-08T12:27:00,32.00,201.72,1.279,14.55,-69,1007,75.1,3.984
MET-19AC401C-E,TWR-0101,2024-04-18T10:23:00,16.05,179.53,0.964,9.06,-67,366,85.2,0.179
MET-95010D27-7,TWR-0101,2024-06-03T11:12:00,11.88,238.47,1.130,7.93,-70,406,43.6,2.193
MET-A3BF18AE-6,TWR-0101,2024-06-09T19:52:00,33.12,468.61,0.841,10.71,-43,1913,92.5,1.609
MET-60746C11-4,TWR-0101,2024-06-23T00:19:00,25.54,240.89,1.014,6.83,-54,833,62.2,1.562
MET-580021CB-4,TWR-0101,2024-07-10T20:31:00,16.84,199.98,0.936,5.53,-45,1318,54.1,3.261
MET-48191B72-E,TWR-0101,2024-07-29T12:39:00,48.71,315.25,0.762,4.79,-50,1336,64.2,2.933
MET-8E50917C-B,TWR-0101,2024-08-08T01:28:00,30.52,142.76,1.026,4.39,-40,167,46.9,3.523
MET-2957891C-7,TWR-0101,2024-08-13T22:01:00,46.13,485.55,1.471,7.83,-40,788,34.4,2.541
MET-F0BE6E6B-0,TWR-0101,2024-08-15T16:58:00,35.40,155.33,0.375,5.77,-52,1883,28.6,0.691
MET-340C0520-F,TWR-0101,2024-08-28T14:40:00,39.91,495.95,1.323,11.94,-48,1135,63.4,1.820
MET-E8F5EBEC-4,TWR-0101,2024-09-15T06:44:00,42.43,487.13,0.792,7.33,-66,1272,43.0,3.901
MET-C4FC8F92-A,TWR-0101,2024-09-19T03:05:00,47.62,462.35,0.414,14.41,-45,1079,87.4,2.645
MET-0653C4F2-4,TWR-0101,2024-09-23T21:16:00,10.44,185.51,1.012,5.43,-42,1652,75.5,0.940
MET-D8797844-3,TWR-0101,2024-09-25T11:04:00,38.21,267.85,0.565,7.73,-65,637,62.0,2.013
MET-681CAE12-C,TWR-0101,2024-11-10T16:50:00,23.41,261.93,0.573,4.36,-47,1826,78.0,3.100
MET-C9D6B42D-2,TWR-0102,2024-01-31T21:01:00,13.30,234.63,0.435,9.79,-40,155,54.6,0.834
MET-32B157C2-F,TWR-0102,2024-02-12T01:43:00,23.44,247.09,0.510,4.53,-60,1822,40.7,2.882
MET-F1060FBD-C,TWR-0102,2024-05-23T07:31:00,18.77,417.99,1.060,14.22,-48,342,73.4,2.840
MET-59EAADAC-F,TWR-0102,2024-05-30T02:10:00,43.86,291.82,0.460,2.32,-64,1655,24.2,1.323
MET-B563DF71-6,TWR-0102,2024-05-30T10:23:00,16.05,338.01,1.169,11.63,-64,1082,94.1,0.162
MET-3F94D6CF-E,TWR-0102,2024-06-10T14:47:00,49.62,482.59,1.327,1.86,-63,551,53.5,2.103
MET-C8493E0F-3,TWR-0102,2024-06-12T05:47:00,11.00,341.60,0.529,7.25,-53,320,57.6,1.423
MET-5B77E403-F,TWR-0102,2024-07-25T09:57:00,48.84,447.33,0.022,2.55,-49,282,83.8,2.147
MET-C57C43B0-8,TWR-0102,2024-08-18T08:30:00,36.76,389.97,0.203,3.85,-42,1554,85.2,4.750
MET-7D9FDBB5-0,TWR-0102,2024-08-19T15:00:00,40.62,348.41,1.426,9.81,-40,1194,40.7,3.961
MET-8A69213C-3,TWR-0102,2024-09-01T00:18:00,27.59,198.39,0.052,8.71,-49,653,84.4,3.857
MET-82D1B775-7,TWR-0102,2024-09-06T04:13:00,46.71,404.62,0.902,1.41,-58,418,63.6,2.130
MET-89EC39C7-4,TWR-0102,2024-09-07T11:16:00,19.32,200.32,1.436,6.33,-53,1017,90.3,0.463
MET-879553F7-4,TWR-0102,2024-09-15T11:32:00,46.23,284.77,0.512,12.15,-69,1991,39.8,3.608
MET-26B56BE4-4,TWR-0102,2024-10-04T08:23:00,45.77,449.84,0.064,4.57,-46,672,61.0,0.307
MET-0A32286A-7,TWR-0102,2024-10-28T05:03:00,31.02,302.05,1.050,7.80,-70,1758,54.6,3.983
MET-95936409-A,TWR-0102,2024-10-28T22:30:00,13.35,163.32,0.536,11.61,-46,1900,29.5,0.665
MET-CD4D11A0-0,TWR-0102,2024-11-09T21:09:00,30.46,207.02,1.082,1.71,-57,655,42.2,2.833
MET-A6949E6D-1,TWR-0102,2024-11-21T10:14:00,33.69,450.59,0.098,9.28,-68,1386,72.2,2.601
MET-FE618FB8-A,TWR-0102,2024-11-24T05:53:00,28.44,449.37,0.212,4.78,-56,788,94.3,3.627
MET-2E5B0B3A-0,TWR-0103,2024-01-09T23:37:00,45.81,220.08,0.774,3.81,-53,1912,83.5,0.678
MET-546087A6-A,TWR-0103,2024-02-13T21:42:00,21.24,495.78,0.925,8.69,-42,1687,79.7,0.796
MET-46DCFEBA-F,TWR-0103,2024-02-24T12:48:00,49.32,454.11,0.154,13.94,-62,1470,71.2,0.902
MET-3C14023C-5,TWR-0103,2024-03-26T06:11:00,47.34,171.85,1.265,12.16,-61,1506,74.9,4.672
MET-081A9405-F,TWR-0103,2024-03-31T07:12:00,22.54,349.92,1.391,1.23,-40,1538,68.2,3.951
MET-2C7C2D1F-C,TWR-0103,2024-04-04T10:22:00,14.67,426.60,0.059,2.67,-57,1931,85.6,1.646
MET-0213FC8F-3,TWR-0103,2024-04-11T01:55:00,15.15,208.93,0.964,14.35,-63,1193,59.2,3.515
MET-C6832E2C-D,TWR-0103,2024-05-02T05:49:00,38.35,440.01,1.003,14.01,-40,844,53.1,3.467
MET-1040C783-D,TWR-0103,2024-05-06T08:26:00,39.52,123.39,1.015,5.25,-63,250,24.0,2.345
MET-0C94F2CB-B,TWR-0103,2024-05-25T12:05:00,20.36,111.79,1.422,13.89,-48,315,50.1,1.430
MET-533C78A3-8,TWR-0103,2024-07-02T06:28:00,21.68,406.62,0.988,6.09,-55,1654,91.2,2.234
MET-7A11046D-2,TWR-0103,2024-07-11T23:02:00,30.04,129.98,0.365,3.58,-61,1060,56.4,0.290
MET-314C9DD7-2,TWR-0103,2024-07-15T10:08:00,22.83,144.87,0.498,5.08,-54,438,21.1,2.548
MET-2818A9BD-D,TWR-0103,2024-07-16T14:50:00,41.13,335.56,0.188,10.15,-51,1137,40.6,2.711
MET-F8730768-8,TWR-0103,2024-07-24T17:26:00,15.27,261.35,1.442,6.37,-57,1458,73.8,1.155
MET-5B1DC0A6-1,TWR-0103,2024-07-25T13:14:00,23.15,482.12,0.424,14.21,-66,1150,82.8,1.251
MET-8CE7903A-1,TWR-0103,2024-07-27T17:03:00,33.86,351.29,0.216,6.44,-49,60,93.0,1.519
MET-33FDA9EB-E,TWR-0103,2024-10-07T17:58:00,49.78,140.92,0.070,12.58,-58,801,44.6,3.596
MET-55253B65-F,TWR-0103,2024-11-24T06:38:00,15.07,222.97,1.148,9.49,-56,588,31.5,2.295
MET-DDE2B21F-2,TWR-0103,2024-12-16T02:25:00,27.16,439.41,0.983,14.12,-64,781,57.2,3.520
MET-582506F9-8,TWR-0104,2024-01-01T01:50:00,38.76,314.86,0.617,14.11,-69,1306,40.1,0.856
MET-71A8EF24-3,TWR-0104,2024-01-06T00:51:00,16.20,403.63,1.161,5.82,-57,1915,30.6,2.398
MET-1D369349-9,TWR-0104,2024-01-16T23:18:00,41.00,363.98,1.096,3.70,-48,1843,72.7,2.559
MET-2D577593-4,TWR-0104,2024-02-17T22:47:00,26.47,465.22,0.166,12.76,-50,93,86.6,2.474
MET-952FF3AB-D,TWR-0104,2024-02-21T00:37:00,33.11,272.59,1.198,10.50,-46,1807,60.9,1.340
MET-4BFC3C38-0,TWR-0104,2024-03-18T04:36:00,32.76,335.43,1.327,12.25,-50,1337,60.5,3.253
MET-C6D8A672-7,TWR-0104,2024-04-17T03:45:00,19.81,369.44,1.066,9.76,-48,1742,39.2,2.973
MET-274E11D7-A,TWR-0104,2024-04-20T15:04:00,16.98,369.48,0.221,10.89,-47,1026,51.6,0.863
MET-0FECEC3C-5,TWR-0104,2024-05-07T22:58:00,24.95,372.28,0.374,3.23,-50,887,29.9,1.562
MET-3255233F-2,TWR-0104,2024-06-09T18:16:00,45.74,153.13,0.215,11.91,-49,1010,65.3,0.344
MET-119C1A12-A,TWR-0104,2024-06-25T15:08:00,46.81,125.15,1.142,12.74,-58,1024,47.4,3.658
MET-E9B2B592-C,TWR-0104,2024-06-30T09:17:00,35.21,499.08,0.965,6.73,-68,199,83.8,3.001
MET-42E68675-B,TWR-0104,2024-07-15T22:51:00,49.70,144.97,0.019,13.74,-68,1231,47.9,1.271
MET-D17FB919-2,TWR-0104,2024-07-27T06:20:00,20.72,143.19,0.367,6.17,-66,1780,69.1,3.008
MET-9E011CC8-6,TWR-0104,2024-08-14T08:07:00,28.49,273.04,0.398,1.07,-53,1907,85.7,4.854
MET-DFF726DF-6,TWR-0104,2024-09-06T01:13:00,38.69,152.28,0.782,1.77,-67,1716,67.5,4.626
MET-E4784DAA-3,TWR-0104,2024-09-20T09:08:00,35.11,381.62,0.231,13.07,-67,1961,69.9,2.944
MET-539F9FD2-2,TWR-0104,2024-10-06T19:55:00,46.92,104.35,1.156,7.15,-40,1101,45.6,0.379
MET-E99FB250-E,TWR-0104,2024-10-25T18:40:00,32.68,196.91,0.291,4.90,-65,1610,67.5,2.820
MET-F67A2BE0-C,TWR-0104,2024-11-26T19:42:00,48.66,322.94,0.673,7.23,-45,395,25.1,3.192
MET-617C154E-E,TWR-0105,2024-01-22T08:30:00,27.57,254.53,1.130,12.98,-65,1021,22.6,4.938
MET-589A4BD4-8,TWR-0105,2024-02-22T23:35:00,33.57,197.21,1.459,2.01,-51,1430,93.6,2.270
MET-8E87E56F-D,TWR-0105,2024-03-25T14:46:00,10.99,107.63,0.401,11.47,-43,1225,36.6,2.012
MET-24D63732-0,TWR-0105,2024-03-29T01:14:00,35.80,423.81,1.321,13.52,-53,1936,36.6,2.552
MET-9E0FE9F6-F,TWR-0105,2024-05-23T16:41:00,17.77,160.55,0.043,9.51,-69,387,75.6,3.216
MET-D98CF8EF-3,TWR-0105,2024-06-25T00:02:00,13.41,208.64,0.695,14.02,-40,1569,59.7,3.775
MET-2759D368-A,TWR-0105,2024-06-29T08:37:00,10.30,354.70,1.311,4.75,-52,635,23.8,2.105
MET-247A2E09-6,TWR-0105,2024-08-06T10:58:00,46.68,455.09,0.682,10.34,-60,1452,69.3,2.031
MET-4E05C327-E,TWR-0105,2024-08-07T03:20:00,18.23,473.42,0.027,3.68,-60,643,41.2,0.940
MET-E2536B10-F,TWR-0105,2024-08-07T05:59:00,16.07,422.10,0.515,4.09,-62,604,57.3,3.333
MET-491AC1B8-3,TWR-0105,2024-08-10T06:59:00,45.52,193.82,0.246,9.90,-68,898,23.0,1.097
MET-98D8AB1D-2,TWR-0105,2024-08-12T01:23:00,12.04,246.21,1.162,2.35,-66,575,61.3,3.603
MET-95CBDA69-A,TWR-0105,2024-08-14T22:32:00,46.57,433.52,1.466,5.45,-47,485,38.9,1.623
MET-8C31D281-F,TWR-0105,2024-08-26T06:28:00,43.04,100.42,0.728,13.41,-53,1414,77.0,2.643
MET-F9102661-2,TWR-0105,2024-09-04T03:55:00,46.49,440.83,1.114,8.23,-54,1614,31.5,2.569
MET-2AF51063-3,TWR-0105,2024-09-11T15:12:00,35.07,444.31,1.493,7.54,-42,1863,86.9,4.232
MET-0DD9946B-0,TWR-0105,2024-10-28T23:25:00,13.73,368.33,0.383,4.77,-42,1429,48.6,3.583
MET-0172F885-B,TWR-0105,2024-10-29T13:27:00,22.40,195.69,1.125,11.66,-60,1248,48.0,2.948
MET-B93491D7-D,TWR-0105,2024-11-27T10:21:00,38.65,243.27,0.064,14.03,-60,218,94.4,2.973
MET-31899496-C,TWR-0105,2024-12-03T03:59:00,43.08,448.23,0.677,7.90,-55,1371,56.9,1.658
MET-E19718CA-F,TWR-0106,2024-01-31T10:01:00,27.90,455.64,1.119,1.02,-64,1459,63.4,0.450
MET-FA7DF0C7-9,TWR-0106,2024-03-22T11:18:00,35.87,472.55,0.334,2.93,-46,341,32.7,4.269
MET-B3985F8E-B,TWR-0106,2024-04-21T05:40:00,37.28,236.03,1.448,12.20,-68,291,80.8,0.051
MET-8C6D9E0C-9,TWR-0106,2024-04-24T19:48:00,16.25,372.90,0.333,10.75,-42,66,54.9,3.034
MET-0012B086-E,TWR-0106,2024-05-08T12:11:00,45.92,309.62,0.179,10.29,-55,613,29.0,4.422
MET-FC95C9E7-D,TWR-0106,2024-05-26T12:42:00,24.02,156.65,1.114,7.42,-68,593,62.1,1.231
MET-35388124-D,TWR-0106,2024-05-31T02:14:00,22.61,237.19,0.527,5.33,-47,488,54.8,0.163
MET-27D03706-D,TWR-0106,2024-06-23T14:48:00,25.62,447.78,1.105,9.30,-62,1032,66.0,3.158
MET-BAD732A5-4,TWR-0106,2024-07-12T14:56:00,35.05,294.63,0.714,8.86,-46,461,30.8,2.635
MET-5BE39D2E-E,TWR-0106,2024-08-10T10:43:00,46.37,429.63,1.373,4.82,-51,1945,47.7,4.972
MET-B9245AA5-C,TWR-0106,2024-08-13T18:33:00,16.69,380.20,1.316,12.50,-70,1871,36.9,4.294
MET-96C0E41F-F,TWR-0106,2024-08-18T12:10:00,36.84,363.60,0.727,8.51,-55,1032,30.1,0.379
MET-56244430-2,TWR-0106,2024-09-11T02:23:00,19.29,481.89,0.753,14.64,-63,592,24.3,3.309
MET-0CD40A59-3,TWR-0106,2024-09-22T10:32:00,45.55,309.24,0.691,4.22,-49,846,46.1,1.922
MET-0B7385DF-F,TWR-0106,2024-10-12T05:08:00,48.21,398.74,0.563,10.79,-64,791,65.0,3.934
MET-65FFCE57-6,TWR-0106,2024-10-15T09:20:00,37.83,326.05,0.623,13.86,-66,464,29.5,2.326
MET-6D86A553-3,TWR-0106,2024-10-20T21:09:00,17.36,429.36,0.149,3.69,-56,467,32.2,4.246
MET-AA53123D-D,TWR-0106,2024-11-03T01:05:00,17.58,119.73,0.929,7.96,-69,1848,66.7,0.502
MET-1F9188C7-7,TWR-0106,2024-11-28T23:54:00,19.00,279.33,0.452,5.56,-55,1152,27.8,2.163
MET-7B7AF4B1-0,TWR-0106,2024-12-11T19:13:00,39.44,134.60,1.059,10.31,-41,1331,48.0,3.610
MET-7ACF74EA-7,TWR-0107,2024-01-12T22:11:00,25.28,490.08,0.577,14.44,-60,943,50.6,3.652
MET-92C19844-9,TWR-0107,2024-01-18T08:01:00,13.49,346.97,0.052,3.14,-46,631,28.4,0.172
MET-492D0F09-4,TWR-0107,2024-01-27T04:30:00,16.56,232.32,0.115,4.13,-58,1194,53.6,0.878
MET-C07C6704-8,TWR-0107,2024-01-27T06:20:00,33.15,427.90,1.323,3.15,-68,132,81.8,0.788
MET-74F96489-1,TWR-0107,2024-03-09T18:18:00,13.53,429.36,0.075,8.20,-44,494,61.9,4.987
MET-A6566720-A,TWR-0107,2024-03-10T10:57:00,34.48,373.30,0.184,11.94,-60,1507,70.2,0.952
MET-B85B72E8-C,TWR-0107,2024-03-18T01:54:00,26.44,398.08,1.052,14.43,-65,1543,27.1,0.429
MET-42F2D5A7-9,TWR-0107,2024-03-26T03:50:00,28.36,168.02,1.048,10.95,-54,1103,78.7,0.884
MET-76D827D2-B,TWR-0107,2024-03-27T22:40:00,22.52,313.79,0.680,3.96,-56,1783,72.2,4.675
MET-3E26C93C-6,TWR-0107,2024-04-07T02:43:00,36.73,215.76,1.381,12.13,-60,1426,34.4,4.011
MET-8BC232FF-7,TWR-0107,2024-04-17T11:50:00,22.23,387.63,1.208,2.79,-58,884,35.1,0.792
MET-3885D862-D,TWR-0107,2024-05-13T19:00:00,12.00,242.28,0.576,11.06,-64,854,83.7,4.006
MET-326B0C9B-B,TWR-0107,2024-06-17T06:11:00,36.46,307.17,1.043,5.98,-70,1092,23.4,0.867
MET-CB2AA6AB-1,TWR-0107,2024-07-13T11:13:00,27.92,312.08,0.879,12.67,-65,224,38.8,0.557
MET-5266DB58-B,TWR-0107,2024-07-31T08:46:00,29.84,473.11,0.665,4.12,-68,685,85.0,0.347
MET-A6826205-3,TWR-0107,2024-08-14T20:00:00,30.33,283.93,0.344,13.37,-46,1961,21.7,3.849
MET-AFEB6A79-7,TWR-0107,2024-08-15T12:12:00,35.52,352.24,1.066,11.71,-61,633,68.0,3.649
MET-B4A94671-8,TWR-0107,2024-08-23T06:54:00,41.35,346.40,0.418,1.05,-66,426,41.4,4.365
MET-4C819646-8,TWR-0107,2024-09-25T02:54:00,32.96,466.41,1.427,14.72,-46,296,25.7,0.593
MET-4D5A9FFA-6,TWR-0107,2024-12-03T08:03:00,31.59,394.99,1.258,9.11,-66,1432,21.9,1.188
MET-0B40CBFD-F,TWR-0108,2024-01-11T01:19:00,28.43,292.78,0.375,1.79,-41,1838,69.3,0.678
MET-7C3CE6D1-F,TWR-0108,2024-03-19T20:00:00,22.39,285.83,1.138,13.12,-48,320,81.9,0.489
MET-489B3E08-3,TWR-0108,2024-04-14T08:01:00,44.69,162.41,0.113,13.02,-70,898,44.5,1.750
MET-0E5E98AF-B,TWR-0108,2024-04-16T09:21:00,42.65,408.27,0.237,7.38,-56,359,64.5,1.085
MET-C0E401C4-C,TWR-0108,2024-04-26T09:37:00,32.91,239.52,1.354,6.70,-65,695,30.7,0.570
MET-F94C8DEA-8,TWR-0108,2024-05-25T03:00:00,16.42,185.44,0.097,1.25,-43,1956,58.9,3.057
MET-7C0C93AA-6,TWR-0108,2024-05-30T18:40:00,31.29,128.22,0.418,6.36,-51,1432,79.4,3.691
MET-9ECC5013-A,TWR-0108,2024-06-06T02:25:00,14.08,313.99,0.390,9.05,-67,660,65.3,3.451
MET-067A5730-E,TWR-0108,2024-06-13T14:21:00,10.53,337.70,1.162,9.11,-60,291,75.6,3.785
MET-7CC4B6D2-D,TWR-0108,2024-08-13T19:27:00,44.37,477.63,0.700,1.84,-45,1284,41.6,0.408
MET-142DEF29-B,TWR-0108,2024-09-22T10:27:00,49.17,121.94,0.301,1.86,-64,1600,52.0,3.828
MET-A6A34B7F-B,TWR-0108,2024-10-06T00:44:00,35.55,318.41,1.391,9.94,-66,1522,37.6,3.115
MET-9C3D93CB-A,TWR-0108,2024-10-26T17:40:00,45.23,404.38,0.179,14.66,-57,1977,59.8,1.756
MET-88A8A461-0,TWR-0108,2024-10-30T03:22:00,46.59,366.05,0.714,3.55,-55,674,86.8,3.961
MET-1ABA8949-A,TWR-0108,2024-11-11T12:44:00,32.05,331.50,0.203,9.93,-61,106,47.4,0.728
MET-F3337AD0-A,TWR-0108,2024-11-17T01:55:00,15.40,439.65,0.973,8.66,-52,1058,48.0,0.347
MET-AD763B87-B,TWR-0108,2024-11-17T17:14:00,11.97,285.25,0.001,6.92,-56,1380,31.0,2.715
MET-E8AE63DA-6,TWR-0108,2024-11-19T00:55:00,13.48,487.56,1.005,11.26,-63,100,61.4,0.665
MET-D0B673AF-9,TWR-0108,2024-12-03T21:06:00,21.57,149.85,1.103,13.28,-67,927,23.3,4.210
MET-12606CDF-1,TWR-0108,2024-12-05T00:06:00,48.42,159.57,0.328,1.97,-43,863,85.8,4.298
MET-A802AE33-5,TWR-0109,2024-01-04T09:49:00,17.60,399.93,0.594,6.56,-55,1486,35.0,2.245
MET-EBFFC965-2,TWR-0109,2024-01-07T09:33:00,29.87,377.26,1.008,10.55,-61,1283,71.8,4.027
MET-3ADEDAD9-C,TWR-0109,2024-01-19T17:51:00,43.47,461.21,0.015,6.61,-55,1233,63.4,3.747
MET-E73F26F8-B,TWR-0109,2024-02-18T06:29:00,34.08,270.74,0.959,12.91,-60,1485,87.5,2.375
MET-29F4892E-9,TWR-0109,2024-04-28T09:57:00,21.13,346.20,1.223,11.04,-62,718,94.3,1.803
MET-CC946B8C-F,TWR-0109,2024-04-29T17:59:00,43.65,203.61,0.451,11.78,-54,1154,43.7,0.863
MET-5BBB4B78-F,TWR-0109,2024-06-22T17:40:00,14.82,406.34,1.348,1.63,-48,1018,92.6,2.027
MET-D4060846-1,TWR-0109,2024-06-24T14:40:00,32.25,305.89,1.152,5.46,-40,1476,43.2,1.598
MET-B3ADAE42-8,TWR-0109,2024-07-13T14:22:00,15.34,367.99,0.203,2.04,-58,1407,33.9,4.209
MET-55E99683-A,TWR-0109,2024-07-23T14:45:00,33.83,302.07,1.088,2.01,-46,658,73.1,2.583
MET-B9DC614B-5,TWR-0109,2024-08-24T12:16:00,15.38,182.65,0.084,10.85,-54,1080,63.9,0.550
MET-BEFA8864-F,TWR-0109,2024-09-01T02:19:00,31.02,230.94,1.186,13.71,-51,1548,56.3,1.596
MET-8F630ED2-0,TWR-0109,2024-09-17T08:35:00,26.94,409.16,0.754,4.55,-45,830,72.3,2.086
MET-03CD2727-8,TWR-0109,2024-09-26T11:10:00,18.65,253.84,1.393,1.85,-64,365,30.7,3.213
MET-961AB715-C,TWR-0109,2024-09-28T13:44:00,16.77,241.27,1.421,9.58,-60,130,28.5,0.646
MET-C86B5F97-6,TWR-0109,2024-10-13T04:16:00,22.69,436.45,0.886,3.70,-56,1705,75.8,3.967
MET-65199DE5-5,TWR-0109,2024-11-07T16:26:00,40.41,119.03,0.176,10.13,-54,1022,57.8,0.628
MET-0D29CBB1-A,TWR-0109,2024-11-19T09:32:00,48.13,199.11,0.885,12.11,-52,1479,80.5,4.664
MET-F2663FAD-1,TWR-0109,2024-12-03T15:56:00,23.54,375.02,1.271,3.66,-65,649,86.4,2.042
MET-E5FE76D5-D,TWR-0109,2024-12-05T22:10:00,39.42,489.15,1.302,5.01,-46,877,62.3,2.137
MET-0846CF3D-E,TWR-0110,2024-01-08T03:57:00,30.72,129.87,1.029,8.07,-49,297,66.2,1.374
MET-FF890B0D-D,TWR-0110,2024-01-12T18:11:00,15.15,132.85,1.187,11.26,-42,1031,87.8,1.664
MET-63273E3C-C,TWR-0110,2024-02-11T17:02:00,37.64,457.75,0.450,2.33,-55,880,40.7,3.506
MET-832B6B61-A,TWR-0110,2024-02-29T09:59:00,27.72,297.86,0.293,14.76,-48,793,29.9,1.892
MET-61ED003D-5,TWR-0110,2024-04-07T23:50:00,48.64,299.47,0.886,1.92,-58,249,44.4,0.322
MET-A63E4D9F-7,TWR-0110,2024-04-10T19:56:00,17.76,264.16,0.385,3.50,-51,1228,22.0,4.591
MET-847E6113-4,TWR-0110,2024-04-18T07:59:00,43.93,456.52,0.656,5.29,-49,839,74.0,1.798
MET-3844B4E8-8,TWR-0110,2024-04-27T23:56:00,34.74,417.93,0.329,14.16,-48,670,27.2,0.727
MET-05FE768A-1,TWR-0110,2024-05-03T05:04:00,22.36,472.15,0.697,10.89,-52,1419,28.2,4.289
MET-E9C7E10C-4,TWR-0110,2024-06-07T18:21:00,33.97,425.93,0.324,13.27,-45,1468,90.6,4.079
MET-C7B85955-9,TWR-0110,2024-07-12T08:26:00,16.92,394.76,1.194,3.53,-50,190,38.8,1.865
MET-FF3C8FFA-F,TWR-0110,2024-07-13T00:26:00,22.79,368.80,1.010,6.21,-46,235,58.1,3.606
MET-E873F9FB-A,TWR-0110,2024-09-24T22:30:00,10.58,159.39,1.385,13.76,-47,1546,89.4,4.660
MET-4217AAF2-D,TWR-0110,2024-09-26T18:08:00,12.77,175.07,0.259,7.84,-63,1732,81.2,2.043
MET-6FBE7B04-6,TWR-0110,2024-09-28T23:26:00,20.48,121.47,1.069,8.10,-62,1865,83.4,4.336
MET-3B7A8B80-2,TWR-0110,2024-10-04T00:20:00,44.21,202.77,0.434,7.74,-52,777,50.4,2.526
MET-090EA5F6-0,TWR-0110,2024-10-07T05:16:00,21.55,234.13,1.002,10.64,-44,1615,77.7,4.416
MET-EC922690-3,TWR-0110,2024-10-21T19:29:00,21.08,374.30,0.447,1.69,-45,1145,70.0,4.051
MET-2DFF66F4-2,TWR-0110,2024-12-05T11:27:00,21.79,199.73,0.710,8.47,-45,660,49.4,1.469
MET-6FA67227-C,TWR-0110,2024-12-08T00:33:00,28.04,402.06,0.764,5.75,-66,330,64.7,4.662
MET-BABCE79C-2,TWR-0111,2024-01-14T00:56:00,28.90,251.89,0.890,5.75,-42,1736,85.3,1.204
MET-8C2CB9C2-F,TWR-0111,2024-02-04T09:22:00,44.58,411.87,1.073,12.54,-61,525,91.5,1.052
MET-C2FB8CEC-A,TWR-0111,2024-03-07T15:50:00,16.01,328.56,0.951,7.05,-66,1153,69.2,0.548
MET-A9BC599B-5,TWR-0111,2024-04-03T14:52:00,10.85,113.05,0.764,6.55,-57,569,22.5,3.361
MET-7331DA7F-C,TWR-0111,2024-05-06T16:31:00,34.49,109.34,0.059,6.59,-61,1460,72.6,1.701
MET-1C2CFFCD-2,TWR-0111,2024-05-23T00:26:00,44.73,278.24,0.324,10.48,-50,106,73.4,2.081
MET-4888BB3C-0,TWR-0111,2024-06-06T21:33:00,14.28,286.68,0.765,12.84,-50,1803,57.0,1.015
MET-171F02DF-9,TWR-0111,2024-06-17T20:57:00,42.69,153.65,0.508,2.67,-66,842,27.2,3.712
MET-47EF6EE5-E,TWR-0111,2024-07-13T21:06:00,35.12,183.94,0.953,7.59,-57,1850,65.0,4.670
MET-4C20F8BF-8,TWR-0111,2024-07-21T03:09:00,37.19,459.75,1.177,6.43,-61,922,66.7,4.593
MET-8E68B94E-4,TWR-0111,2024-07-26T03:26:00,12.36,383.19,0.995,8.03,-66,157,42.8,0.512
MET-E2393082-C,TWR-0111,2024-08-05T23:58:00,44.99,107.03,1.151,1.65,-47,817,26.8,1.789
MET-C875575E-C,TWR-0111,2024-08-06T18:50:00,24.37,109.57,0.736,7.03,-62,1724,81.1,2.944
MET-A3E1D66E-1,TWR-0111,2024-08-20T00:26:00,28.42,385.13,1.132,9.74,-42,391,21.5,3.750
MET-C0660CAB-B,TWR-0111,2024-08-27T21:55:00,15.58,129.46,0.929,8.14,-49,391,83.5,4.306
MET-AE49FC05-7,TWR-0111,2024-09-25T04:41:00,44.45,140.38,1.117,11.71,-60,318,62.7,0.823
MET-9443CDD6-C,TWR-0111,2024-10-17T01:39:00,10.47,110.61,0.896,6.61,-60,221,32.2,2.707
MET-88FF12CA-5,TWR-0111,2024-10-28T03:47:00,26.23,383.30,1.415,11.13,-57,1431,70.1,1.446
MET-A3C46FDE-1,TWR-0111,2024-11-04T10:36:00,42.56,219.10,1.089,3.74,-64,1979,71.5,4.138
MET-34F4FD14-5,TWR-0111,2024-12-01T23:56:00,44.06,277.56,1.006,2.21,-68,1807,30.6,3.244
MET-ABBC486D-6,TWR-0112,2024-01-11T12:03:00,47.23,427.59,1.049,10.77,-57,1129,73.7,4.413
MET-981CA705-6,TWR-0112,2024-01-22T03:17:00,29.86,250.08,1.392,12.45,-50,1624,91.8,2.072
MET-55B56141-2,TWR-0112,2024-01-24T08:38:00,14.79,292.55,0.242,7.17,-68,924,23.9,1.907
MET-F77234D8-8,TWR-0112,2024-02-01T02:25:00,14.01,174.63,0.807,12.37,-58,918,51.4,2.666
MET-84818043-4,TWR-0112,2024-02-03T20:56:00,49.71,372.67,1.275,2.28,-69,660,43.2,0.098
MET-AC37F5E4-4,TWR-0112,2024-03-21T05:38:00,35.16,197.35,0.502,3.51,-47,1617,71.5,0.560
MET-7C5569FD-3,TWR-0112,2024-06-04T04:43:00,44.70,294.02,0.508,4.12,-58,1076,84.6,4.587
MET-3C012411-9,TWR-0112,2024-06-18T08:00:00,11.81,362.07,0.849,4.63,-47,386,68.0,1.310
MET-CCABAFF3-8,TWR-0112,2024-07-03T09:53:00,22.17,320.39,0.584,6.73,-49,1426,78.4,4.649
MET-2B880F6C-8,TWR-0112,2024-07-20T23:04:00,34.48,424.37,0.089,7.14,-43,506,74.0,1.549
MET-E5805A8F-7,TWR-0112,2024-07-25T07:34:00,28.09,451.86,0.154,14.26,-42,716,48.9,2.414
MET-51A317C0-9,TWR-0112,2024-08-29T10:50:00,14.21,384.88,0.449,13.12,-65,104,69.4,3.466
MET-987F212C-5,TWR-0112,2024-09-03T21:11:00,15.39,180.86,1.301,8.70,-64,1769,67.1,1.544
MET-EDED5409-5,TWR-0112,2024-09-06T00:37:00,24.13,178.76,1.108,3.35,-42,1202,37.7,2.926
MET-F700B6A0-9,TWR-0112,2024-09-08T22:33:00,33.51,404.22,0.393,9.51,-62,1683,88.5,2.622
MET-2E11A113-4,TWR-0112,2024-09-20T01:42:00,30.04,142.50,0.256,13.27,-68,1705,37.2,2.014
MET-453D2692-E,TWR-0112,2024-09-21T08:40:00,31.23,156.95,1.219,10.09,-61,1332,82.2,2.640
MET-E3882ABD-5,TWR-0112,2024-09-22T00:26:00,41.06,198.35,1.090,5.63,-53,1197,39.6,1.974
MET-C2ECE0A5-D,TWR-0112,2024-10-27T13:31:00,35.19,275.38,0.831,7.41,-63,382,82.2,1.993
MET-A905A745-0,TWR-0112,2024-12-16T20:42:00,17.78,257.80,0.881,8.10,-68,346,59.8,2.440
MET-50985F06-4,TWR-0113,2024-01-16T03:29:00,46.42,378.12,0.136,14.89,-44,370,45.2,0.949
MET-2A8B7755-A,TWR-0113,2024-02-05T14:56:00,16.88,412.89,1.351,8.46,-68,1136,71.9,3.858
MET-8119300E-C,TWR-0113,2024-03-02T11:40:00,28.37,459.79,1.485,14.04,-42,794,50.6,1.368
MET-DB0714A7-A,TWR-0113,2024-03-30T10:44:00,15.78,243.49,0.894,2.00,-66,1941,35.3,3.169
MET-2929E221-8,TWR-0113,2024-06-10T04:29:00,32.94,215.07,0.357,10.02,-59,940,57.3,1.172
MET-AC24106D-1,TWR-0113,2024-06-27T16:03:00,18.47,137.65,0.977,8.91,-41,437,73.7,2.802
MET-849C7276-8,TWR-0113,2024-07-01T05:07:00,38.48,117.53,1.386,9.05,-65,447,26.2,4.863
MET-EE50983C-1,TWR-0113,2024-07-16T01:26:00,14.84,150.79,1.235,1.37,-50,617,82.4,1.093
MET-51703E53-2,TWR-0113,2024-08-13T11:34:00,37.52,243.37,0.085,10.21,-58,687,90.0,0.524
MET-7E609145-3,TWR-0113,2024-08-16T12:26:00,34.69,315.73,0.087,5.48,-44,557,76.8,2.954
MET-5F8B5278-8,TWR-0113,2024-08-19T02:16:00,24.95,322.91,0.817,10.72,-61,944,54.3,1.152
MET-6F02B934-8,TWR-0113,2024-08-26T22:21:00,39.89,388.58,1.358,10.07,-60,1234,35.0,4.038
MET-93007DAE-1,TWR-0113,2024-09-04T08:14:00,13.45,190.87,0.577,6.45,-58,1302,62.4,3.122
MET-7F7F8A17-A,TWR-0113,2024-09-29T05:19:00,15.38,127.44,1.192,1.92,-53,1567,37.6,2.941
MET-BB4B118E-4,TWR-0113,2024-10-23T16:51:00,17.50,328.99,0.829,6.75,-49,783,61.2,4.539
MET-3556AC63-0,TWR-0113,2024-11-22T22:36:00,39.69,360.82,0.025,10.40,-40,934,89.1,2.742
MET-F2E68A9B-4,TWR-0113,2024-12-05T04:48:00,37.54,250.60,0.477,3.58,-68,1706,29.9,2.866
MET-07B2768E-9,TWR-0113,2024-12-05T11:34:00,17.27,430.60,1.153,5.50,-40,1584,66.1,2.180
MET-87165310-0,TWR-0113,2024-12-06T05:09:00,36.81,416.01,0.077,2.37,-70,673,27.2,3.332
MET-39A2BD7A-7,TWR-0113,2024-12-12T14:10:00,36.48,222.42,1.482,11.75,-54,873,85.2,1.102
MET-3D58E046-2,TWR-0114,2024-01-09T13:45:00,24.48,161.18,1.329,2.32,-62,99,37.3,0.981
MET-DEF1AAA8-C,TWR-0114,2024-02-15T00:12:00,14.59,253.40,0.819,2.19,-70,138,50.3,1.022
MET-EB2B5861-2,TWR-0114,2024-03-04T14:18:00,35.88,408.22,0.118,4.00,-63,345,74.0,3.301
MET-08DFC2E4-4,TWR-0114,2024-03-07T17:16:00,32.09,259.76,0.402,10.48,-49,1709,49.1,3.271
MET-487392AB-E,TWR-0114,2024-03-15T13:54:00,13.80,198.64,0.176,2.74,-63,658,29.7,1.938
MET-5935A5DD-C,TWR-0114,2024-03-29T17:59:00,14.54,243.40,0.092,4.58,-62,986,56.1,2.137
MET-E18C2BF1-0,TWR-0114,2024-04-30T05:20:00,19.05,300.47,0.185,11.05,-44,696,58.7,1.794
MET-7184DA88-1,TWR-0114,2024-05-16T02:59:00,18.43,176.96,0.779,10.54,-70,489,21.2,4.544
MET-BF6890E5-3,TWR-0114,2024-05-20T13:18:00,18.35,113.13,1.202,4.68,-45,625,63.4,3.973
MET-64E0B65B-0,TWR-0114,2024-06-13T08:38:00,16.07,231.06,1.230,6.47,-58,1415,66.3,2.651
MET-382DA70C-8,TWR-0114,2024-08-10T19:27:00,34.70,188.14,1.099,2.88,-54,373,24.3,1.799
MET-33014DDB-8,TWR-0114,2024-08-16T08:08:00,40.22,432.07,0.757,8.39,-51,613,24.4,4.722
MET-581B3151-8,TWR-0114,2024-08-17T22:05:00,13.27,403.72,1.386,1.31,-53,1296,49.3,0.546
MET-8D5A5634-2,TWR-0114,2024-09-02T08:18:00,31.96,411.72,1.317,14.19,-66,1601,23.3,0.189
MET-ED57A74E-5,TWR-0114,2024-10-07T17:08:00,21.69,185.13,0.591,7.62,-53,493,40.8,4.256
MET-C7ACC58E-A,TWR-0114,2024-10-16T16:16:00,16.44,188.63,0.217,2.38,-59,64,30.3,4.920
MET-11D6F42A-3,TWR-0114,2024-10-17T04:20:00,30.77,135.48,0.266,6.31,-57,1769,63.1,1.389
MET-3407100B-B,TWR-0114,2024-11-16T19:53:00,44.31,287.74,0.948,3.24,-62,499,36.8,3.412
MET-B331FC83-A,TWR-0114,2024-11-19T08:15:00,25.74,396.58,1.411,13.92,-50,334,41.6,2.436
MET-61989AF7-7,TWR-0114,2024-11-30T03:43:00,13.49,483.07,0.760,11.47,-40,1991,62.1,3.868
MET-9715BFA5-4,TWR-0115,2024-01-15T01:02:00,17.18,130.76,1.499,8.68,-69,1298,91.5,3.106
MET-B1DCA3A8-C,TWR-0115,2024-01-29T12:31:00,15.37,457.79,0.523,2.64,-44,1686,29.7,3.644
MET-871DB24F-D,TWR-0115,2024-02-04T01:14:00,14.42,479.32,0.486,2.49,-60,1592,59.4,2.864
MET-B19F5075-7,TWR-0115,2024-02-10T23:52:00,39.42,220.37,0.547,3.78,-52,534,59.4,0.443
MET-5BD67F35-A,TWR-0115,2024-02-25T19:12:00,16.03,366.92,1.494,12.05,-55,653,31.3,1.856
MET-D4053AA1-A,TWR-0115,2024-02-28T16:21:00,42.52,355.17,0.780,12.67,-47,682,64.4,3.003
MET-AC21D2A4-3,TWR-0115,2024-03-14T00:09:00,31.59,496.48,0.390,5.90,-66,1476,30.2,3.883
MET-4102223B-0,TWR-0115,2024-03-22T02:38:00,36.40,117.44,1.362,13.77,-49,935,46.7,4.272
MET-B1D41D63-E,TWR-0115,2024-03-24T19:18:00,13.87,195.95,0.208,5.84,-47,1732,66.4,1.837
MET-618300C8-C,TWR-0115,2024-04-21T06:16:00,47.75,234.61,1.278,12.69,-65,1353,49.9,2.600
MET-B82B06CE-E,TWR-0115,2024-04-22T21:06:00,26.03,475.11,0.261,3.57,-64,800,94.5,2.543
MET-B04D449C-2,TWR-0115,2024-05-17T05:15:00,42.45,436.69,0.828,10.54,-69,1031,63.0,1.234
MET-50969908-F,TWR-0115,2024-09-05T16:12:00,30.95,289.25,0.694,7.61,-51,1544,31.9,0.676
MET-5A95A72C-4,TWR-0115,2024-09-11T01:49:00,32.97,355.39,0.379,8.29,-67,1397,32.7,2.045
MET-58AC2F47-1,TWR-0115,2024-09-28T18:01:00,26.96,467.56,1.354,2.00,-53,1585,64.1,4.879
MET-357A4CEA-5,TWR-0115,2024-10-01T04:36:00,23.59,220.46,0.923,5.43,-63,668,92.7,3.562
MET-03B1E9C5-8,TWR-0115,2024-10-01T19:47:00,28.15,277.72,0.873,13.69,-51,911,64.4,4.029
MET-5635BE33-4,TWR-0115,2024-10-31T20:59:00,45.69,358.07,0.026,13.52,-59,152,77.6,3.362
MET-38C191D1-7,TWR-0115,2024-12-01T10:02:00,10.85,493.93,0.945,10.21,-65,790,51.7,0.157
MET-65FBD277-8,TWR-0115,2024-12-14T23:39:00,11.28,149.39,0.990,10.61,-41,1004,32.9,3.671
MET-3F10A0AD-E,TWR-0116,2024-01-18T12:29:00,31.39,384.61,0.845,4.37,-52,706,29.4,1.174
MET-5E949C2E-D,TWR-0116,2024-01-27T00:14:00,24.28,188.98,1.315,5.71,-47,882,29.6,4.193
MET-5E026009-2,TWR-0116,2024-02-03T16:56:00,28.99,237.88,0.111,3.53,-55,1845,65.7,2.953
MET-801696C8-9,TWR-0116,2024-04-07T14:04:00,37.63,380.91,0.187,3.83,-57,860,35.7,3.893
MET-A2336C61-9,TWR-0116,2024-04-23T05:50:00,39.15,393.34,0.315,2.99,-53,1285,90.6,1.048
MET-5FDF509A-C,TWR-0116,2024-04-28T11:41:00,13.83,193.27,0.672,3.68,-62,1723,62.9,1.096
MET-4A205740-D,TWR-0116,2024-06-01T23:21:00,20.60,170.57,0.864,1.54,-56,1655,35.0,2.590
MET-BD63F4DB-4,TWR-0116,2024-06-09T22:07:00,47.32,243.93,1.193,9.72,-57,714,27.9,3.496
MET-75E6DDE9-0,TWR-0116,2024-06-16T08:16:00,11.80,444.50,1.356,5.13,-53,1078,49.0,1.557
MET-45D9AE56-B,TWR-0116,2024-08-14T07:27:00,26.16,189.58,0.761,1.34,-58,932,45.7,1.935
MET-10C8DF07-E,TWR-0116,2024-09-01T17:24:00,37.27,253.32,0.795,8.96,-62,870,35.5,1.261
MET-F334F515-0,TWR-0116,2024-09-02T05:43:00,38.55,380.33,1.148,8.54,-63,699,21.4,1.179
MET-093B8AC9-8,TWR-0116,2024-09-20T07:32:00,43.53,417.23,0.268,3.66,-68,1512,39.3,2.345
MET-E4D1AA0D-6,TWR-0116,2024-09-27T23:46:00,21.37,110.41,0.863,12.69,-50,1809,28.9,3.371
MET-4A1CBC59-D,TWR-0116,2024-10-16T16:56:00,12.16,496.64,0.686,12.76,-43,548,59.5,4.742
MET-FF7667F3-B,TWR-0116,2024-10-27T13:06:00,12.20,289.49,0.324,14.62,-53,584,57.0,3.215
MET-E8CDF101-A,TWR-0116,2024-11-11T05:01:00,27.70,489.31,0.134,14.35,-59,614,46.4,1.895
MET-8752148D-1,TWR-0116,2024-11-12T18:08:00,34.09,133.84,0.940,6.75,-61,484,91.9,0.841
MET-2DDBA772-8,TWR-0116,2024-11-14T13:39:00,21.83,385.79,1.223,5.52,-44,791,58.4,0.199
MET-28406826-9,TWR-0116,2024-11-21T04:17:00,41.09,448.75,0.273,3.09,-59,796,39.8,0.427
MET-32E0C8ED-4,TWR-0117,2024-01-01T13:28:00,45.31,324.54,0.248,4.62,-61,897,77.9,4.282
MET-8FD6D6F1-8,TWR-0117,2024-02-01T02:15:00,28.73,243.67,0.085,10.12,-66,370,80.0,4.761
MET-1B72779B-7,TWR-0117,2024-02-27T08:19:00,35.71,441.05,0.881,14.13,-46,1523,94.6,1.352
MET-FB966C76-3,TWR-0117,2024-02-28T11:43:00,35.36,353.53,0.785,9.60,-57,2000,64.7,3.586
MET-40CF3B95-9,TWR-0117,2024-05-27T17:54:00,12.85,179.42,0.517,2.91,-70,610,24.1,3.182
MET-6F674A70-1,TWR-0117,2024-06-01T16:12:00,30.65,460.97,1.466,6.56,-69,475,76.8,3.112
MET-D41EA948-2,TWR-0117,2024-06-15T05:36:00,28.36,365.53,0.171,10.10,-52,239,89.7,2.673
MET-B884BA09-B,TWR-0117,2024-06-19T04:48:00,44.54,365.01,0.749,2.64,-69,1543,69.6,2.388
MET-E8EB583C-6,TWR-0117,2024-07-04T16:42:00,45.07,223.82,0.271,7.90,-42,308,62.5,4.966
MET-3A658A2D-4,TWR-0117,2024-07-10T22:31:00,16.27,218.07,1.254,1.43,-59,237,57.0,4.421
MET-00CC8593-9,TWR-0117,2024-07-19T18:56:00,28.09,492.79,0.310,9.29,-67,354,56.4,2.147
MET-276785AB-4,TWR-0117,2024-07-26T04:25:00,41.57,230.79,0.712,4.75,-47,308,33.4,3.944
MET-B7F2F20E-E,TWR-0117,2024-07-28T20:07:00,17.78,110.13,0.466,9.70,-67,189,66.2,4.163
MET-EC6187A6-0,TWR-0117,2024-08-06T22:09:00,20.72,474.81,0.106,2.48,-60,522,74.3,0.367
MET-D385D77E-6,TWR-0117,2024-08-10T05:05:00,37.08,449.54,0.607,14.07,-53,240,30.4,2.318
MET-6CD181F6-E,TWR-0117,2024-09-11T06:15:00,16.51,452.92,0.546,3.59,-40,1116,44.2,2.817
MET-60CB9329-9,TWR-0117,2024-10-21T18:02:00,12.96,143.16,0.288,3.94,-43,1246,57.5,4.979
MET-A3427D49-1,TWR-0117,2024-10-31T07:21:00,10.62,190.53,0.231,4.63,-40,1907,68.6,1.385
MET-5AE02D24-7,TWR-0117,2024-11-14T10:20:00,16.33,311.50,1.463,12.55,-50,1556,72.2,1.786
MET-19AF5671-A,TWR-0117,2024-11-28T12:21:00,14.85,445.24,0.543,8.63,-40,1627,45.3,4.327
MET-1D926A12-A,TWR-0118,2024-02-13T19:37:00,21.56,208.36,0.901,14.30,-68,1189,50.8,0.310
MET-2BC8EB0D-E,TWR-0118,2024-02-23T02:43:00,16.26,441.18,0.902,6.04,-59,1174,47.3,1.804
MET-BD58307C-C,TWR-0118,2024-03-23T09:54:00,47.66,310.69,1.401,12.88,-69,998,36.9,0.744
MET-73002849-7,TWR-0118,2024-04-02T16:11:00,38.47,365.96,0.902,5.94,-53,1738,31.9,4.639
MET-62BD993D-C,TWR-0118,2024-04-03T20:11:00,25.18,364.00,0.505,10.27,-59,1163,74.8,1.625
MET-0368BC7F-4,TWR-0118,2024-04-10T06:39:00,35.60,235.82,0.440,13.21,-66,82,63.7,2.688
MET-290B6240-8,TWR-0118,2024-04-14T09:46:00,48.32,347.97,0.171,2.17,-51,1704,21.1,0.053
MET-BBB235CB-0,TWR-0118,2024-04-26T22:49:00,11.98,271.84,0.026,3.35,-42,839,29.2,4.344
MET-813F0995-8,TWR-0118,2024-05-17T05:35:00,47.23,183.15,0.593,11.45,-46,549,92.6,4.077
MET-CC6B78CE-3,TWR-0118,2024-06-24T06:10:00,40.40,410.87,1.275,9.80,-41,1026,92.2,2.350
MET-94E9FA91-D,TWR-0118,2024-07-01T22:48:00,37.74,363.79,1.170,7.69,-66,181,84.8,4.802
MET-2148B314-1,TWR-0118,2024-07-03T18:15:00,23.17,186.55,1.069,10.70,-48,1393,81.7,1.636
MET-46738E53-C,TWR-0118,2024-07-26T23:05:00,17.76,155.33,0.548,2.01,-51,905,78.4,1.904
MET-457DAF8F-4,TWR-0118,2024-08-06T05:56:00,21.67,466.27,0.759,3.29,-42,280,64.8,4.669
MET-3297A040-8,TWR-0118,2024-08-15T22:02:00,45.31,382.43,1.406,4.92,-59,1652,70.9,1.016
MET-D40AC6A6-8,TWR-0118,2024-08-24T10:33:00,45.80,473.63,0.700,5.87,-67,1448,22.1,2.148
MET-58C28A82-9,TWR-0118,2024-09-11T04:16:00,40.05,104.36,0.924,7.68,-65,505,37.4,1.816
MET-F6AC7197-8,TWR-0118,2024-10-18T00:57:00,42.31,368.64,0.974,11.65,-53,710,45.8,4.212
MET-9827ADA4-B,TWR-0118,2024-11-15T03:42:00,25.87,114.49,0.297,3.72,-57,427,55.8,0.798
MET-7B280211-7,TWR-0118,2024-11-20T02:40:00,16.26,392.03,0.798,14.70,-62,809,26.4,0.345
MET-7EF7F2FB-8,TWR-0119,2024-01-02T21:11:00,42.47,142.33,0.136,3.26,-53,1215,54.4,0.170
MET-59FFA0AA-C,TWR-0119,2024-01-07T22:22:00,16.16,381.04,0.983,11.35,-56,1686,35.0,4.860
MET-A6048874-F,TWR-0119,2024-01-12T02:21:00,46.09,252.90,0.560,11.61,-66,1358,24.5,2.521
MET-A0C73C4A-9,TWR-0119,2024-02-10T01:32:00,43.12,281.23,1.234,8.52,-52,1753,93.5,0.281
MET-558C016F-3,TWR-0119,2024-03-02T21:03:00,46.76,446.11,0.653,14.77,-42,1345,50.0,3.341
MET-23271465-2,TWR-0119,2024-03-08T05:47:00,19.36,217.40,0.893,9.98,-49,782,49.9,4.747
MET-2009FB57-C,TWR-0119,2024-03-13T12:37:00,48.52,339.79,0.357,2.84,-64,730,65.3,1.287
MET-813B7A98-1,TWR-0119,2024-03-15T15:39:00,28.66,497.82,1.016,12.06,-60,699,88.2,1.107
MET-07C711D9-A,TWR-0119,2024-03-22T10:51:00,38.83,233.86,0.818,4.59,-43,298,75.8,1.162
MET-CAC0F1C3-5,TWR-0119,2024-03-25T04:07:00,16.86,466.14,0.076,9.23,-41,257,89.2,2.790
MET-860C4E8F-8,TWR-0119,2024-04-21T16:13:00,49.63,486.98,0.588,13.62,-68,1993,37.9,2.772
MET-24662133-1,TWR-0119,2024-06-02T05:17:00,23.95,273.87,1.472,11.34,-55,1134,52.1,2.929
MET-F9FD4E66-0,TWR-0119,2024-06-15T10:43:00,19.34,197.39,1.419,2.15,-56,1187,77.4,3.590
MET-FAF156D7-C,TWR-0119,2024-06-27T04:49:00,26.52,409.27,0.972,2.07,-54,1740,87.2,2.559
MET-55EE1DD6-F,TWR-0119,2024-07-12T15:45:00,32.68,457.34,1.411,12.71,-40,1134,27.3,0.840
MET-0E454286-A,TWR-0119,2024-09-02T06:36:00,25.15,133.38,1.459,4.64,-65,1127,78.8,1.802
MET-D7B4B46A-4,TWR-0119,2024-09-15T12:57:00,47.67,429.40,1.370,1.53,-61,1914,82.8,1.312
MET-6F111368-B,TWR-0119,2024-09-16T21:25:00,25.74,455.64,0.363,6.42,-45,1503,43.2,1.196
MET-F23616D0-1,TWR-0119,2024-09-28T11:54:00,49.92,430.28,1.014,5.16,-56,111,86.4,3.404
MET-30768D41-7,TWR-0119,2024-11-03T19:24:00,46.01,296.20,0.149,4.93,-40,283,67.2,4.992
MET-2DC566C2-2,TWR-0120,2024-02-11T14:59:00,44.86,125.90,0.423,13.20,-47,405,39.1,3.858
MET-2023BAC5-1,TWR-0120,2024-02-23T05:43:00,20.59,155.26,1.197,2.81,-55,446,80.6,4.479
MET-D73598AE-2,TWR-0120,2024-03-19T09:46:00,47.43,360.67,0.309,12.87,-46,964,78.0,1.389
MET-04B1764B-4,TWR-0120,2024-03-21T10:40:00,13.38,236.21,0.942,11.47,-53,1127,56.8,4.234
MET-561F56F4-C,TWR-0120,2024-04-20T08:27:00,31.08,163.14,0.802,5.25,-44,667,82.4,4.600
MET-09A7CE1A-E,TWR-0120,2024-05-17T14:04:00,43.82,473.79,0.110,9.57,-67,1149,75.6,1.055
MET-F2C1A65E-F,TWR-0120,2024-05-17T19:55:00,21.55,417.52,0.829,7.51,-43,1772,27.0,0.716
MET-1F63E293-B,TWR-0120,2024-05-21T05:58:00,35.18,355.47,1.366,5.54,-50,1026,62.1,3.097
MET-AAE39277-F,TWR-0120,2024-06-07T10:30:00,49.37,355.79,1.333,6.23,-45,1050,26.1,0.022
MET-7AEBC286-6,TWR-0120,2024-06-10T06:12:00,32.37,463.47,0.587,14.36,-44,231,52.6,0.501
MET-9617DDA6-C,TWR-0120,2024-06-16T10:45:00,31.26,210.21,0.030,3.81,-70,358,70.4,0.044
MET-EBF4CCE3-B,TWR-0120,2024-06-25T23:18:00,28.60,138.86,1.121,5.36,-57,1882,61.9,3.677
MET-33841CCA-A,TWR-0120,2024-08-03T10:51:00,28.30,482.91,0.385,6.02,-40,1819,85.3,4.489
MET-7C9A95FB-6,TWR-0120,2024-08-04T11:15:00,16.91,133.53,1.285,4.99,-67,282,43.2,3.008
MET-D968BFD5-B,TWR-0120,2024-08-27T09:42:00,16.21,499.87,0.962,14.38,-51,1537,54.3,0.536
MET-C96BCBEF-B,TWR-0120,2024-09-08T02:13:00,27.85,227.28,0.166,5.20,-57,535,78.4,3.692
MET-93E662A1-7,TWR-0120,2024-09-25T13:27:00,37.40,141.41,1.341,5.28,-49,1619,48.1,1.716
MET-455509B9-B,TWR-0120,2024-09-27T20:23:00,18.79,396.57,0.152,14.32,-41,1769,30.6,4.404
MET-50BADAE7-0,TWR-0120,2024-09-28T04:23:00,20.34,255.12,0.271,3.14,-49,837,35.4,4.614
MET-C620EA0D-2,TWR-0120,2024-10-31T04:57:00,39.63,131.75,0.570,14.17,-51,745,55.3,4.842
MET-CC5EEAA6-C,TWR-0121,2024-01-01T23:51:00,40.16,172.15,0.565,8.61,-61,912,71.5,0.334
MET-61236A7D-D,TWR-0121,2024-03-16T15:50:00,23.27,218.63,1.354,3.77,-57,108,34.3,4.444
MET-E3D92AE9-1,TWR-0121,2024-03-20T09:36:00,28.11,360.35,0.071,1.10,-60,245,31.8,3.543
MET-78EAE80F-B,TWR-0121,2024-04-29T20:48:00,35.34,280.00,0.158,5.88,-63,1057,53.0,1.463
MET-E683A79D-1,TWR-0121,2024-04-30T09:03:00,44.28,118.12,1.360,11.22,-45,543,36.2,4.827
MET-3E3B9676-6,TWR-0121,2024-05-12T08:20:00,47.90,110.98,0.520,5.58,-61,57,75.7,1.469
MET-99491957-4,TWR-0121,2024-05-18T04:18:00,37.39,353.86,0.820,5.77,-55,346,58.5,3.429
MET-32D4145F-7,TWR-0121,2024-05-28T04:03:00,39.26,146.03,0.618,10.34,-58,1220,46.8,2.546
MET-872CC11D-A,TWR-0121,2024-06-01T20:01:00,32.57,196.86,0.057,13.97,-70,1206,64.6,2.898
MET-60F176AD-1,TWR-0121,2024-06-08T22:37:00,45.76,398.60,0.578,10.71,-45,1788,68.8,4.947
MET-251FF44C-E,TWR-0121,2024-06-18T08:41:00,40.97,373.97,1.483,11.78,-58,987,93.7,3.292
MET-2A972784-6,TWR-0121,2024-08-01T21:05:00,29.05,425.81,1.305,9.66,-44,1881,45.1,2.428
MET-69719086-0,TWR-0121,2024-08-05T06:54:00,41.60,200.40,0.066,6.08,-61,75,82.3,1.977
MET-A001A6EA-8,TWR-0121,2024-08-17T21:04:00,41.53,175.79,0.507,9.19,-44,173,52.8,2.255
MET-320A9342-F,TWR-0121,2024-09-25T21:52:00,34.65,213.93,0.637,10.54,-52,1098,92.7,2.798
MET-A6867680-1,TWR-0121,2024-10-14T18:15:00,37.04,460.51,1.177,14.97,-53,698,64.1,3.872
MET-8F6AA426-2,TWR-0121,2024-10-17T07:13:00,37.25,123.53,0.753,3.86,-59,1731,86.1,2.560
MET-DCAF5011-F,TWR-0121,2024-10-26T05:18:00,11.97,376.68,0.305,1.23,-57,705,29.6,0.415
MET-444A48BB-1,TWR-0121,2024-10-28T07:43:00,18.14,272.77,1.332,1.22,-69,328,84.7,0.179
MET-4489E51C-0,TWR-0121,2024-12-07T18:33:00,34.85,488.05,0.257,1.76,-46,767,78.7,1.567
MET-1DD1D351-9,TWR-0122,2024-01-14T12:15:00,30.42,396.89,0.620,1.73,-46,417,49.0,0.323
MET-B504D7EA-8,TWR-0122,2024-02-11T09:46:00,10.70,124.75,1.321,10.34,-44,1364,76.3,0.735
MET-7E7FA28D-9,TWR-0122,2024-02-26T13:54:00,30.10,130.85,1.285,12.69,-64,802,21.8,2.628
MET-DB2992FD-4,TWR-0122,2024-03-05T08:24:00,34.23,119.69,1.484,13.54,-70,1660,43.4,2.328
MET-51ECCEDF-7,TWR-0122,2024-03-08T16:29:00,25.45,279.42,1.291,13.98,-66,828,40.3,3.992
MET-D23B525E-4,TWR-0122,2024-04-13T18:52:00,45.66,149.96,0.678,14.89,-66,1904,56.2,1.643
MET-AAEAF675-D,TWR-0122,2024-04-18T08:55:00,16.12,164.78,1.193,11.05,-47,1686,47.5,1.096
MET-D9256351-D,TWR-0122,2024-05-23T14:54:00,30.30,144.35,0.983,4.47,-56,499,67.8,0.092
MET-CEB60E05-D,TWR-0122,2024-06-06T14:07:00,12.31,183.92,0.061,6.95,-68,1507,62.9,4.606
MET-54AD84F8-8,TWR-0122,2024-06-10T00:08:00,34.89,287.84,0.529,4.91,-69,1226,27.7,2.666
MET-BF62FE8B-3,TWR-0122,2024-06-19T11:53:00,48.37,133.40,0.644,3.47,-47,624,60.7,0.499
MET-A4FA7F0E-7,TWR-0122,2024-07-12T16:25:00,40.60,349.34,0.494,11.79,-61,1863,82.0,3.852
MET-2C6B21D6-F,TWR-0122,2024-08-01T21:40:00,17.52,376.50,0.550,1.20,-47,410,51.8,1.898
MET-BB398F78-F,TWR-0122,2024-08-09T09:40:00,49.65,322.60,0.500,6.65,-43,345,70.1,0.862
MET-F2CD52C1-F,TWR-0122,2024-08-23T14:14:00,35.42,133.34,0.361,9.78,-50,538,73.5,3.667
MET-24409337-1,TWR-0122,2024-09-11T18:30:00,28.76,261.85,1.416,12.32,-47,324,58.7,1.457
MET-F15991F9-6,TWR-0122,2024-09-16T07:59:00,48.15,379.19,1.417,11.76,-40,1571,66.0,2.009
MET-F809F455-E,TWR-0122,2024-11-19T11:52:00,17.03,254.72,0.987,1.57,-48,727,72.4,1.733
MET-2F18FA75-2,TWR-0122,2024-12-01T06:24:00,11.71,213.44,0.022,1.76,-43,531,32.9,4.876
MET-DDAAABBE-7,TWR-0122,2024-12-12T02:06:00,29.27,471.84,0.041,4.14,-52,1617,73.0,1.373
MET-23262736-3,TWR-0123,2024-01-12T11:02:00,18.27,416.61,1.133,8.33,-69,1972,93.6,2.027
MET-E8D0004C-2,TWR-0123,2024-01-31T04:44:00,37.06,116.49,0.539,9.07,-57,1940,92.2,4.794
MET-E4D398A1-3,TWR-0123,2024-02-01T01:26:00,49.88,428.71,0.613,1.65,-54,501,35.9,4.271
MET-01108733-6,TWR-0123,2024-02-06T00:29:00,28.15,193.40,0.175,10.41,-60,1261,93.8,3.549
MET-4BB99842-B,TWR-0123,2024-02-17T12:26:00,31.43,467.77,1.023,8.40,-53,1029,83.1,3.689
MET-434B47D3-8,TWR-0123,2024-03-01T03:40:00,33.91,428.30,1.058,13.80,-64,1479,88.8,4.215
MET-2A6DB2DE-C,TWR-0123,2024-03-09T06:47:00,21.97,187.93,0.735,11.50,-42,1719,45.1,1.456
MET-984BF444-2,TWR-0123,2024-03-20T16:49:00,34.55,403.73,0.573,1.29,-43,393,64.9,4.942
MET-8B5B6381-2,TWR-0123,2024-05-02T00:08:00,33.06,497.69,0.655,14.91,-68,174,82.1,1.024
MET-50D9C3D1-2,TWR-0123,2024-05-10T16:25:00,10.20,111.47,0.344,10.84,-57,538,82.6,0.707
MET-A8B68BC6-8,TWR-0123,2024-06-18T11:52:00,48.67,176.22,0.362,11.72,-53,138,59.7,1.974
MET-241B0D8C-3,TWR-0123,2024-08-10T06:53:00,42.39,144.99,0.154,10.49,-54,798,40.5,1.495
MET-8BA780D9-B,TWR-0123,2024-08-11T06:46:00,21.56,155.02,1.380,8.79,-66,1593,51.5,0.215
MET-44A1486C-5,TWR-0123,2024-09-07T16:34:00,41.57,336.66,1.040,3.65,-54,1506,80.6,0.267
MET-12416F18-B,TWR-0123,2024-10-13T14:07:00,28.73,358.98,0.354,4.48,-45,1369,84.2,2.223
MET-E12B1251-1,TWR-0123,2024-10-17T19:47:00,33.66,312.04,0.465,4.39,-41,331,94.0,2.851
MET-9111DF9F-E,TWR-0123,2024-10-20T21:19:00,25.61,326.06,0.248,12.69,-42,161,25.0,0.570
MET-1256550B-5,TWR-0123,2024-11-19T09:04:00,36.59,390.17,0.573,2.10,-61,1653,26.5,0.559
MET-35EE9F85-9,TWR-0123,2024-11-22T11:58:00,48.23,362.02,1.169,4.51,-45,76,63.5,0.969
MET-C5ACC4AB-4,TWR-0123,2024-12-05T05:34:00,35.24,143.10,0.455,5.16,-65,1217,47.9,3.672
MET-3F7FE705-8,TWR-0124,2024-01-23T02:11:00,44.07,346.42,0.730,6.52,-46,1493,70.5,3.314
MET-A18A6FC9-2,TWR-0124,2024-03-05T12:16:00,29.19,136.69,1.118,11.82,-47,1685,34.6,3.207
MET-2E415FB0-8,TWR-0124,2024-04-02T03:12:00,16.33,456.44,0.526,8.72,-43,1155,67.2,3.189
MET-2E54D282-5,TWR-0124,2024-04-02T15:09:00,26.44,430.84,0.776,14.61,-69,62,28.2,2.080
MET-DBAEFE5A-1,TWR-0124,2024-04-24T04:27:00,47.04,415.82,1.057,6.54,-57,724,62.4,4.581
MET-A866112D-9,TWR-0124,2024-04-28T14:14:00,16.93,108.84,1.309,10.65,-64,1974,61.3,0.709
MET-C63B4662-2,TWR-0124,2024-05-19T18:08:00,31.56,490.61,0.312,13.50,-59,1700,91.2,2.639
MET-1A8CFF92-3,TWR-0124,2024-05-21T14:11:00,38.75,452.73,0.029,11.72,-63,182,33.7,4.529
MET-CDD76850-0,TWR-0124,2024-06-02T21:22:00,43.65,141.00,0.168,3.27,-56,1321,52.6,0.084
MET-11ED5D75-A,TWR-0124,2024-06-28T19:42:00,29.85,403.08,1.104,3.98,-54,1257,87.3,1.298
MET-72674C62-7,TWR-0124,2024-06-30T18:44:00,37.64,478.58,0.935,11.14,-47,1027,91.0,1.356
MET-A369652E-E,TWR-0124,2024-07-13T03:22:00,33.34,302.03,0.008,1.86,-45,997,92.6,4.690
MET-8C9C41BC-3,TWR-0124,2024-08-15T23:29:00,33.36,460.18,1.212,9.85,-50,243,68.4,3.661
MET-9FF6FDCD-A,TWR-0124,2024-08-24T08:49:00,32.94,467.06,0.329,6.16,-40,882,85.4,4.760
MET-7C2B8917-5,TWR-0124,2024-09-06T13:07:00,37.51,240.24,1.318,9.14,-57,1869,63.0,4.727
MET-BC581A6E-0,TWR-0124,2024-09-07T05:13:00,40.50,301.03,0.463,5.35,-59,1834,55.0,4.436
MET-D1462E8D-C,TWR-0124,2024-09-12T09:49:00,31.28,178.43,1.015,11.47,-66,181,81.0,2.864
MET-94FA80F3-7,TWR-0124,2024-09-15T12:40:00,11.68,219.24,0.154,14.41,-46,1397,30.7,3.320
MET-C8599048-7,TWR-0124,2024-09-24T11:13:00,44.06,374.12,1.137,13.66,-44,1113,22.1,2.164
MET-C03C447E-0,TWR-0124,2024-10-12T04:19:00,11.31,473.95,1.404,11.66,-54,301,75.6,1.149
MET-21ADA6B4-D,TWR-0125,2024-01-14T16:27:00,26.20,399.80,0.837,2.11,-43,354,42.8,0.981
MET-CE0CA128-3,TWR-0125,2024-01-22T22:32:00,27.57,325.26,0.611,3.17,-45,1393,31.3,4.255
MET-60336970-5,TWR-0125,2024-04-03T18:43:00,31.13,376.22,0.255,8.33,-68,280,74.0,2.335
MET-8DFD0EA1-0,TWR-0125,2024-04-10T06:34:00,27.10,160.73,0.832,13.27,-59,346,91.9,3.138
MET-BF977D86-E,TWR-0125,2024-05-06T13:28:00,40.52,122.28,0.511,3.41,-56,1740,82.4,0.752
MET-E4A060E2-F,TWR-0125,2024-05-12T14:46:00,11.61,370.71,0.154,13.32,-63,242,64.6,4.715
MET-5538889A-4,TWR-0125,2024-06-03T20:21:00,30.88,408.99,0.970,2.61,-59,777,40.1,3.118
MET-3D5D0583-7,TWR-0125,2024-06-19T17:57:00,41.38,383.84,0.771,4.95,-40,1820,42.3,3.229
MET-55AA778C-F,TWR-0125,2024-06-30T21:35:00,25.59,112.80,1.340,14.06,-46,763,65.7,0.495
MET-01402372-4,TWR-0125,2024-07-07T22:30:00,29.11,296.71,0.938,11.73,-69,839,66.2,1.719
MET-1F0C88CE-1,TWR-0125,2024-07-18T06:29:00,35.18,335.76,0.021,7.32,-70,1571,60.7,2.385
MET-B441E636-A,TWR-0125,2024-07-24T11:30:00,21.53,251.44,0.555,14.40,-69,1138,47.5,2.822
MET-E2E3A35A-E,TWR-0125,2024-08-07T19:52:00,49.62,129.47,0.841,9.73,-47,1904,36.2,4.148
MET-BA8CC274-7,TWR-0125,2024-08-18T07:55:00,13.65,147.35,1.322,4.45,-40,733,63.1,3.521
MET-BDF42247-0,TWR-0125,2024-10-11T01:10:00,36.73,228.72,1.121,9.76,-61,644,32.6,0.475
MET-C9C2ADEA-0,TWR-0125,2024-10-20T18:54:00,35.24,346.12,0.626,6.89,-41,655,34.7,1.465
MET-599262AC-B,TWR-0125,2024-10-21T13:28:00,43.29,379.89,1.041,2.50,-59,1616,80.0,1.300
MET-EBC52728-2,TWR-0125,2024-10-31T06:38:00,45.78,484.16,0.035,11.19,-55,1542,84.2,1.980
MET-BDC9CF24-4,TWR-0125,2024-11-07T17:17:00,39.38,450.93,1.135,6.28,-43,1778,35.3,1.721
MET-6061561C-C,TWR-0125,2024-11-10T02:15:00,18.26,211.42,0.665,14.67,-45,750,26.3,4.825
MET-09B40E73-A,TWR-0126,2024-02-01T02:34:00,13.98,167.39,0.937,11.18,-66,286,51.4,3.937
MET-9D77C683-5,TWR-0126,2024-03-06T11:31:00,43.34,428.24,0.587,1.51,-56,458,33.1,3.024
MET-134B419D-C,TWR-0126,2024-03-07T12:45:00,17.30,164.71,0.927,1.97,-65,572,69.5,1.051
MET-C8FEB5DC-8,TWR-0126,2024-03-15T07:21:00,26.81,381.56,0.191,6.96,-47,1974,25.4,4.863
MET-0EF08CE9-A,TWR-0126,2024-04-30T00:43:00,23.03,434.78,0.164,7.89,-53,1476,68.4,1.631
MET-6014F19F-F,TWR-0126,2024-05-12T22:55:00,46.26,359.93,1.037,9.01,-70,1071,46.3,1.073
MET-435E6BCA-5,TWR-0126,2024-05-15T16:03:00,32.26,175.61,1.144,6.03,-52,1132,51.4,0.669
MET-949CAB56-2,TWR-0126,2024-05-26T08:54:00,38.24,297.54,1.117,3.50,-55,317,86.7,3.504
MET-883A841B-B,TWR-0126,2024-06-23T20:11:00,18.97,315.17,0.582,4.84,-50,405,92.0,4.651
MET-07099131-6,TWR-0126,2024-07-01T16:10:00,15.20,495.45,0.221,9.64,-47,339,85.4,3.438
MET-2E1540F4-4,TWR-0126,2024-07-16T03:46:00,32.75,142.64,1.294,11.49,-41,93,40.8,1.198
MET-F6674AE8-0,TWR-0126,2024-07-29T03:05:00,17.48,315.17,0.838,4.64,-59,1514,82.6,1.193
MET-45042830-3,TWR-0126,2024-08-03T21:31:00,32.48,346.23,0.762,1.06,-59,1238,40.1,4.981
MET-20731421-B,TWR-0126,2024-08-13T18:41:00,15.15,338.04,0.487,14.11,-62,671,74.3,3.929
MET-53AE23BE-9,TWR-0126,2024-11-07T17:37:00,14.38,288.69,0.808,1.90,-43,1559,36.4,3.085
MET-C9CEDDB1-D,TWR-0126,2024-11-11T04:32:00,36.55,252.58,0.750,14.60,-56,1593,91.3,3.128
MET-71AFA5B9-5,TWR-0126,2024-11-27T19:35:00,40.97,177.36,0.643,13.43,-59,1762,26.6,2.267
MET-27FA25B3-7,TWR-0126,2024-12-01T04:00:00,41.50,411.26,0.974,8.61,-59,576,26.2,4.201
MET-40D75A3F-F,TWR-0126,2024-12-07T11:47:00,17.36,324.01,0.350,9.66,-65,1982,90.2,4.620
MET-A83E30A7-D,TWR-0126,2024-12-16T21:23:00,22.68,233.99,0.430,1.42,-52,1708,69.3,1.954
MET-28D3B3E3-6,TWR-0127,2024-01-18T07:35:00,49.05,206.25,0.852,4.82,-42,1569,48.6,1.763
MET-FD18C76A-B,TWR-0127,2024-02-21T15:56:00,15.49,407.16,0.151,13.39,-62,1778,76.3,2.773
MET-3AEE8F98-0,TWR-0127,2024-03-02T06:52:00,36.72,274.64,0.011,8.39,-46,303,24.9,2.752
MET-A9D1119C-6,TWR-0127,2024-03-08T01:50:00,43.72,409.79,1.268,11.19,-66,992,88.1,3.640
MET-DF9E7F3D-1,TWR-0127,2024-03-09T19:34:00,40.79,118.07,1.441,6.01,-56,1393,61.5,0.095
MET-F6DE0817-3,TWR-0127,2024-03-21T06:42:00,34.06,225.61,1.203,6.47,-60,1057,33.4,4.555
MET-0A4153F9-2,TWR-0127,2024-03-23T09:49:00,26.41,140.83,0.385,3.28,-63,1168,55.1,1.845
MET-19EC0847-7,TWR-0127,2024-03-23T18:47:00,20.04,405.63,0.161,3.31,-63,1951,84.7,0.133
MET-7E85C3CF-D,TWR-0127,2024-05-08T01:52:00,48.81,288.63,0.978,2.54,-56,1606,93.6,0.317
MET-C3AE64BF-9,TWR-0127,2024-06-14T07:59:00,35.30,326.88,0.511,14.32,-42,616,35.6,0.724
MET-89A709E9-9,TWR-0127,2024-06-17T17:34:00,36.08,271.65,0.516,10.20,-47,375,47.5,0.204
MET-E9A9520D-D,TWR-0127,2024-06-23T23:47:00,48.43,121.20,1.018,4.28,-56,971,61.0,1.802
MET-D3FB0DA0-8,TWR-0127,2024-06-29T03:34:00,31.46,427.41,0.881,6.53,-57,1459,94.6,1.503
MET-ACA8438B-C,TWR-0127,2024-07-06T21:22:00,16.32,157.88,0.035,13.84,-55,1614,21.9,4.542
MET-05B47DDB-4,TWR-0127,2024-08-06T05:39:00,49.21,355.23,0.054,1.22,-46,1530,72.7,2.859
MET-08B74D91-E,TWR-0127,2024-08-30T16:32:00,42.29,289.75,0.366,1.57,-58,944,52.6,2.278
MET-058043F1-1,TWR-0127,2024-09-24T03:03:00,37.14,119.28,0.938,6.36,-65,1281,82.7,2.740
MET-FA311BC9-5,TWR-0127,2024-10-09T15:11:00,19.69,112.26,0.856,2.47,-58,1518,65.9,2.323
MET-D436FD25-8,TWR-0127,2024-11-05T00:42:00,19.94,389.59,1.080,1.26,-41,792,90.3,2.786
MET-FEEDC6AA-4,TWR-0127,2024-11-30T02:32:00,28.75,173.55,0.579,10.11,-51,966,40.9,4.669
MET-6A4B61C2-6,TWR-0128,2024-01-29T06:41:00,27.90,424.87,1.258,4.91,-42,116,25.7,2.507
MET-BD0D1CA7-8,TWR-0128,2024-02-07T01:01:00,25.05,136.18,0.125,3.99,-53,88,57.4,4.704
MET-6913C1CB-E,TWR-0128,2024-02-26T17:22:00,30.44,358.27,0.315,7.33,-40,1735,82.1,0.048
MET-B7767CAC-9,TWR-0128,2024-03-12T20:04:00,13.66,482.97,1.295,4.85,-45,1923,58.1,2.549
MET-6311FE71-0,TWR-0128,2024-03-31T02:07:00,43.01,443.03,0.941,9.26,-52,1174,28.3,2.931
MET-BFB7069C-A,TWR-0128,2024-04-05T12:31:00,25.49,358.34,1.139,9.35,-43,1214,22.3,0.913
MET-BB87220F-B,TWR-0128,2024-04-14T01:35:00,34.73,349.68,1.481,5.24,-40,1837,26.0,1.709
MET-BB731B28-F,TWR-0128,2024-05-21T23:55:00,19.23,357.35,0.395,14.33,-55,1886,66.7,4.001
MET-14FE713E-A,TWR-0128,2024-05-27T02:36:00,13.59,280.20,1.178,1.98,-65,1635,21.6,3.145
MET-E935050F-B,TWR-0128,2024-06-12T15:09:00,32.91,209.70,0.326,5.38,-51,1056,61.5,0.759
MET-C6F37FE8-3,TWR-0128,2024-07-29T14:43:00,16.59,374.86,0.751,13.18,-42,111,45.5,4.677
MET-7277C253-5,TWR-0128,2024-08-17T03:05:00,33.05,438.15,0.102,12.24,-48,731,36.0,4.758
MET-F43B35AF-6,TWR-0128,2024-08-19T19:59:00,47.41,424.07,1.143,2.33,-69,1836,77.5,1.124
MET-9E072F8E-E,TWR-0128,2024-08-24T06:19:00,38.67,429.14,0.615,11.86,-50,783,87.3,1.917
MET-2E9B2B96-5,TWR-0128,2024-08-26T07:35:00,23.80,312.28,0.794,9.25,-40,1936,42.6,1.175
MET-C28132CA-6,TWR-0128,2024-10-06T19:12:00,12.81,182.41,1.380,11.30,-64,1843,89.5,4.385
MET-6B4021F1-E,TWR-0128,2024-10-17T01:05:00,41.71,146.09,0.217,9.07,-48,1727,52.8,4.163
MET-A8EAF8F2-8,TWR-0128,2024-10-19T13:11:00,32.16,488.53,1.057,11.81,-56,1981,91.5,4.210
MET-32E9E812-C,TWR-0128,2024-11-05T18:58:00,23.47,225.91,0.434,2.12,-66,735,44.9,4.040
MET-8E0BDC09-3,TWR-0128,2024-12-02T20:54:00,48.39,173.03,1.011,9.26,-41,1492,27.9,2.138
MET-06AAD083-B,TWR-0129,2024-01-08T17:44:00,41.26,246.47,0.710,4.87,-57,138,31.1,1.185
MET-40BF8EE8-D,TWR-0129,2024-01-15T08:28:00,45.04,407.66,0.856,12.95,-46,429,47.1,1.338
MET-ED1E7949-6,TWR-0129,2024-01-22T01:20:00,21.86,317.78,1.469,3.68,-53,1986,48.6,3.077
MET-79B911B2-C,TWR-0129,2024-01-28T00:25:00,32.89,266.88,0.141,3.08,-69,1124,44.9,2.954
MET-41F0D6BF-F,TWR-0129,2024-02-07T07:40:00,44.20,130.31,0.822,13.54,-58,843,54.8,2.117
MET-4730BDA9-A,TWR-0129,2024-03-09T07:59:00,10.21,247.88,1.276,5.87,-69,1723,93.6,2.858
MET-A27B6432-5,TWR-0129,2024-04-16T10:07:00,21.87,261.96,0.740,14.68,-55,499,60.5,1.263
MET-2FB37EA2-C,TWR-0129,2024-05-06T08:13:00,16.56,140.32,1.418,11.94,-61,136,31.3,2.183
MET-CD9FDE86-8,TWR-0129,2024-07-10T18:18:00,41.49,151.98,1.481,7.16,-58,121,87.3,1.156
MET-CB12EE20-9,TWR-0129,2024-07-19T11:14:00,24.22,421.91,0.126,2.84,-41,1196,47.4,3.606
MET-9D8D7E49-D,TWR-0129,2024-07-22T08:53:00,17.33,171.13,0.720,8.34,-48,562,83.0,1.764
MET-B5C9FAE0-5,TWR-0129,2024-07-24T18:54:00,49.05,109.20,0.228,10.70,-67,1210,61.6,1.559
MET-18FE5D54-1,TWR-0129,2024-07-27T23:01:00,26.87,317.50,0.223,2.91,-40,447,88.0,1.128
MET-B4145530-6,TWR-0129,2024-08-26T01:09:00,22.90,473.42,1.046,13.31,-58,1165,32.6,4.591
MET-C7890B16-2,TWR-0129,2024-09-07T18:21:00,44.93,403.74,0.778,14.26,-67,1769,72.8,2.795
MET-EAAFE4C1-2,TWR-0129,2024-09-13T21:31:00,14.35,219.92,0.774,4.14,-42,539,87.9,4.181
MET-1267A6F0-1,TWR-0129,2024-09-23T00:04:00,45.04,147.75,0.742,4.82,-52,1828,38.8,1.249
MET-57D6E7A4-E,TWR-0129,2024-09-27T15:11:00,21.85,170.17,1.401,3.41,-51,368,33.8,3.298
MET-2DC4E848-B,TWR-0129,2024-10-18T00:16:00,37.08,379.16,1.099,11.17,-56,651,79.1,2.173
MET-8B9C8D85-2,TWR-0129,2024-12-11T02:54:00,13.58,387.62,0.009,14.85,-62,1244,54.0,3.379
MET-666319CB-B,TWR-0130,2024-03-15T15:55:00,30.50,293.11,1.385,9.21,-55,1834,47.7,1.644
MET-2D7458FE-7,TWR-0130,2024-04-04T11:46:00,43.38,255.14,0.501,3.40,-41,1708,58.7,2.374
MET-A2123330-B,TWR-0130,2024-04-05T07:24:00,19.00,485.31,0.343,13.73,-62,794,70.5,1.804
MET-F04E61EB-C,TWR-0130,2024-04-14T15:15:00,48.53,487.80,0.654,2.14,-48,284,50.7,0.935
MET-CCE4A119-9,TWR-0130,2024-04-20T17:40:00,13.89,395.50,1.402,12.11,-59,292,38.1,2.667
MET-2591AF57-E,TWR-0130,2024-04-27T11:52:00,24.04,119.44,0.424,11.73,-40,1452,40.9,2.495
MET-ECC94F3E-3,TWR-0130,2024-05-08T11:45:00,22.18,255.17,0.559,10.30,-42,1041,72.2,1.521
MET-CD200805-C,TWR-0130,2024-05-20T14:08:00,37.85,239.76,1.465,11.18,-47,1548,88.9,3.467
MET-1B2A20A0-9,TWR-0130,2024-05-30T02:44:00,42.46,285.40,0.265,14.17,-54,1950,67.6,3.800
MET-BB18DF29-1,TWR-0130,2024-06-09T06:33:00,44.94,153.38,0.645,8.37,-66,1447,65.8,3.534
MET-7E017BAE-3,TWR-0130,2024-06-14T19:02:00,17.58,394.18,1.484,10.02,-50,1743,62.9,4.663
MET-597CBDF2-9,TWR-0130,2024-06-21T11:59:00,41.55,395.76,0.628,5.85,-63,1862,85.4,2.899
MET-9A25A272-9,TWR-0130,2024-07-20T09:17:00,26.86,193.78,0.387,12.64,-48,492,81.1,2.895
MET-35C0A6DD-C,TWR-0130,2024-09-04T15:20:00,24.97,103.73,0.888,9.92,-60,837,39.2,1.251
MET-41C69219-5,TWR-0130,2024-09-10T00:40:00,33.87,446.07,0.983,7.42,-65,685,69.6,1.465
MET-A9B3C3E1-0,TWR-0130,2024-09-12T23:17:00,38.43,218.47,0.908,13.24,-40,1815,81.8,1.088
MET-F944D5B3-B,TWR-0130,2024-10-10T18:00:00,32.43,483.13,0.280,2.04,-48,1436,23.5,2.842
MET-8111F069-C,TWR-0130,2024-10-19T02:28:00,26.65,453.57,0.942,5.35,-65,974,57.9,0.556
MET-188381A3-4,TWR-0130,2024-11-05T02:16:00,45.49,258.18,0.410,10.76,-40,1147,86.9,4.110
MET-585538D9-0,TWR-0130,2024-12-05T10:38:00,27.65,257.91,0.849,4.65,-57,938,57.3,0.271
MET-55331D6C-B,TWR-0131,2024-01-13T17:19:00,18.34,314.85,0.025,11.54,-44,906,58.4,4.544
MET-BD75ABE5-C,TWR-0131,2024-02-11T01:01:00,13.06,377.08,0.449,10.85,-43,1778,55.6,1.606
MET-205A9371-F,TWR-0131,2024-03-18T00:51:00,49.46,390.11,0.519,4.62,-44,1098,21.9,0.489
MET-17D7A80F-2,TWR-0131,2024-03-28T15:46:00,47.12,211.80,1.401,14.58,-52,943,78.0,1.949
MET-9FEF80F8-0,TWR-0131,2024-04-02T11:54:00,33.23,232.07,0.620,14.92,-49,97,71.9,0.670
MET-ED801AA3-1,TWR-0131,2024-04-12T18:49:00,43.17,266.59,0.253,1.54,-54,1202,22.5,1.380
MET-786BDEF9-D,TWR-0131,2024-04-14T09:52:00,49.43,330.74,0.269,6.53,-49,1593,33.5,2.655
MET-417B6952-D,TWR-0131,2024-04-28T15:14:00,31.86,152.02,0.955,4.79,-49,1808,35.2,4.260
MET-3A312E34-6,TWR-0131,2024-05-13T09:40:00,29.46,307.15,1.045,13.42,-48,169,83.8,4.182
MET-DB5C812B-E,TWR-0131,2024-08-13T07:14:00,10.32,212.24,0.204,13.60,-67,472,38.6,0.418
MET-9A3E7347-E,TWR-0131,2024-08-19T01:50:00,48.34,321.37,0.935,14.39,-58,186,56.3,4.506
MET-5F4F57C6-B,TWR-0131,2024-08-29T16:20:00,13.68,132.84,1.446,14.27,-49,320,92.9,2.807
MET-AA91678D-1,TWR-0131,2024-09-10T00:16:00,18.41,194.53,0.642,4.78,-49,1762,68.6,4.906
MET-0EA972ED-3,TWR-0131,2024-09-11T23:39:00,32.01,150.77,0.055,9.44,-69,1769,66.8,4.410
MET-1ADBCDED-F,TWR-0131,2024-09-20T14:01:00,35.83,440.33,0.167,6.07,-62,1179,66.5,3.935
MET-B6A52E91-E,TWR-0131,2024-09-25T11:10:00,24.73,300.21,1.297,12.09,-44,289,78.9,3.349
MET-01244D41-C,TWR-0131,2024-09-30T17:52:00,48.96,421.11,1.410,4.36,-45,244,75.9,3.248
MET-AD4D5EA6-4,TWR-0131,2024-11-06T21:15:00,46.21,453.14,0.344,4.07,-69,123,49.8,2.461
MET-AA4A01D8-2,TWR-0131,2024-11-20T19:30:00,42.65,316.03,1.036,9.59,-44,883,34.1,4.730
MET-F9B4C7BF-A,TWR-0131,2024-11-29T00:10:00,16.62,144.11,0.921,5.40,-47,398,77.6,4.555
MET-9A8FAA0F-E,TWR-0132,2024-02-04T00:28:00,40.18,189.27,1.315,8.96,-60,1872,57.8,4.614
MET-C91F0F86-6,TWR-0132,2024-02-08T01:42:00,49.86,313.63,0.182,13.80,-47,1069,92.1,0.664
MET-DD14B2D8-A,TWR-0132,2024-02-28T02:40:00,39.73,468.18,1.397,7.70,-50,1632,22.8,0.101
MET-54F007E2-5,TWR-0132,2024-03-10T18:29:00,12.89,461.18,0.263,14.15,-69,840,63.3,1.773
MET-DC8D7CA4-5,TWR-0132,2024-04-21T15:07:00,45.82,295.71,1.078,13.86,-59,252,69.0,4.894
MET-7A7D94AF-3,TWR-0132,2024-04-22T02:35:00,17.12,411.02,1.323,2.81,-44,1588,64.9,0.189
MET-0D870DB4-3,TWR-0132,2024-05-16T23:20:00,25.75,283.08,0.777,8.43,-43,356,59.0,1.578
MET-BF9BFBFE-D,TWR-0132,2024-06-07T07:14:00,43.52,112.01,1.231,13.75,-51,259,36.4,3.186
MET-19342F76-B,TWR-0132,2024-06-17T04:54:00,47.43,276.07,0.635,12.97,-43,235,33.8,1.166
MET-D37AE570-A,TWR-0132,2024-07-15T05:04:00,16.10,410.04,0.829,7.39,-60,1349,77.6,3.491
MET-FA5FA493-2,TWR-0132,2024-07-19T14:28:00,49.85,361.98,0.519,2.51,-67,1607,22.1,2.418
MET-3981C7F0-B,TWR-0132,2024-08-01T05:46:00,41.99,421.51,0.918,10.49,-64,1803,50.5,3.323
MET-F2CF94A2-C,TWR-0132,2024-09-16T08:32:00,30.97,289.61,1.104,8.81,-40,469,48.2,4.226
MET-20E7F95E-B,TWR-0132,2024-10-04T18:43:00,33.29,136.91,0.732,12.38,-42,1305,31.6,0.676
MET-EFA572F9-2,TWR-0132,2024-10-12T14:58:00,19.06,474.03,1.075,9.22,-61,1636,83.4,3.818
MET-FDCBE935-3,TWR-0132,2024-11-08T05:40:00,24.88,193.12,0.286,1.01,-65,240,52.0,2.035
MET-4804896E-B,TWR-0132,2024-11-10T14:36:00,46.86,124.81,1.216,14.09,-49,222,89.9,1.741
MET-9B2B18BB-C,TWR-0132,2024-11-16T03:41:00,28.92,113.94,0.729,3.28,-51,803,20.6,3.541
MET-04250B2E-A,TWR-0132,2024-11-26T14:04:00,12.22,236.41,0.412,11.92,-55,1758,39.9,0.189
MET-981FAC61-0,TWR-0132,2024-11-26T17:23:00,14.09,321.38,0.427,13.26,-42,139,47.6,3.253
MET-F7EA8C6E-E,TWR-0133,2024-01-01T21:05:00,37.75,452.83,1.353,3.76,-42,1222,40.1,1.708
MET-4C38AD67-C,TWR-0133,2024-01-14T18:09:00,29.53,320.06,1.429,13.21,-56,1606,69.6,3.430
MET-B80B2CE8-1,TWR-0133,2024-01-16T23:39:00,43.18,143.40,1.395,14.37,-51,1524,57.5,1.530
MET-F46838F4-5,TWR-0133,2024-01-29T06:17:00,22.30,225.01,0.168,7.34,-53,1260,42.6,2.939
MET-EE670EFD-C,TWR-0133,2024-02-14T05:39:00,20.67,472.72,1.321,3.99,-51,653,93.4,1.057
MET-658C49B3-4,TWR-0133,2024-02-16T18:05:00,47.81,159.33,1.084,9.08,-63,706,70.1,4.978
MET-3FE45F54-D,TWR-0133,2024-02-22T11:53:00,44.14,114.65,0.059,4.03,-70,391,27.3,0.422
MET-09602549-5,TWR-0133,2024-03-21T02:37:00,45.47,296.63,0.832,13.19,-69,1406,65.9,0.701
MET-EB724057-0,TWR-0133,2024-04-01T23:36:00,19.20,400.21,0.607,4.60,-61,478,70.1,1.551
MET-ADA40532-4,TWR-0133,2024-04-13T14:17:00,37.55,292.30,1.425,10.96,-68,336,94.1,2.715
MET-8702A611-2,TWR-0133,2024-05-06T16:22:00,14.24,139.55,1.164,2.95,-63,278,44.8,0.414
MET-AF3F6F3B-A,TWR-0133,2024-05-09T09:44:00,48.46,322.22,1.463,6.19,-53,1031,37.9,1.069
MET-60748BD2-D,TWR-0133,2024-05-10T16:04:00,25.53,397.33,0.232,12.59,-50,1858,55.8,2.896
MET-A1D8C7BF-5,TWR-0133,2024-05-19T08:11:00,44.42,271.92,1.300,9.52,-51,1706,51.8,3.936
MET-C77BCB8C-A,TWR-0133,2024-05-25T21:55:00,27.82,388.31,1.101,6.49,-57,566,57.6,0.889
MET-739ADB8F-1,TWR-0133,2024-07-27T17:52:00,15.30,196.80,0.687,13.93,-53,898,74.4,3.082
MET-834D0A55-C,TWR-0133,2024-08-04T13:36:00,25.23,178.96,1.313,1.60,-66,53,36.9,1.738
MET-85AC43D2-E,TWR-0133,2024-09-18T04:22:00,19.32,361.76,0.505,2.70,-67,1202,92.4,4.445
MET-133C7A6B-E,TWR-0133,2024-11-08T15:26:00,22.78,394.95,0.357,4.53,-62,754,24.2,0.986
MET-3CC90A1E-5,TWR-0133,2024-11-19T01:25:00,47.90,399.13,0.729,1.89,-51,169,62.1,3.591
MET-410E062E-5,TWR-0134,2024-02-01T12:51:00,17.69,276.04,1.021,10.56,-70,1652,82.1,0.274
MET-44105FF6-E,TWR-0134,2024-02-04T10:33:00,43.00,390.97,0.046,13.70,-63,540,28.9,0.015
MET-7A7D7585-2,TWR-0134,2024-02-21T14:18:00,20.75,256.35,0.461,4.14,-66,376,45.3,1.895
MET-35BF519B-3,TWR-0134,2024-03-21T01:05:00,22.70,280.98,0.641,4.64,-45,1836,62.0,2.656
MET-707A1568-2,TWR-0134,2024-04-01T09:35:00,32.27,465.48,0.592,3.86,-68,1551,46.1,0.323
MET-F3328EDC-9,TWR-0134,2024-04-14T15:03:00,16.45,173.44,1.193,1.27,-44,1457,81.1,1.172
MET-D57BE3CE-3,TWR-0134,2024-04-23T21:16:00,28.86,431.42,1.407,13.97,-51,1857,43.9,2.400
MET-5FC0E6EC-4,TWR-0134,2024-05-03T19:25:00,40.19,147.08,0.890,14.10,-58,1388,24.4,3.303
MET-00C25E0F-3,TWR-0134,2024-07-23T09:23:00,14.39,265.10,0.153,10.90,-66,1163,33.7,3.008
MET-CBD70F06-0,TWR-0134,2024-08-01T16:21:00,36.09,183.79,0.324,11.53,-70,546,43.3,0.049
MET-A690F191-8,TWR-0134,2024-09-01T20:46:00,21.35,193.17,0.524,2.30,-42,1802,59.0,2.844
MET-6BD6C642-E,TWR-0134,2024-09-02T03:24:00,32.97,174.57,0.755,10.92,-68,1117,37.3,2.409
MET-0B347EED-B,TWR-0134,2024-09-23T19:43:00,43.13,241.81,0.086,10.75,-53,367,62.9,3.464
MET-5C6470A2-B,TWR-0134,2024-10-23T20:20:00,31.85,203.16,0.972,2.59,-51,1751,32.2,2.091
MET-D02B8EB7-8,TWR-0134,2024-10-26T00:25:00,17.27,450.29,0.365,4.85,-53,1026,61.9,4.812
MET-5CD9D47F-E,TWR-0134,2024-11-03T20:36:00,42.30,201.63,1.106,2.03,-52,357,26.1,1.335
MET-72ABA412-B,TWR-0134,2024-11-10T16:49:00,27.62,467.03,0.985,5.02,-68,1289,65.5,2.206
MET-7B4B4789-7,TWR-0134,2024-11-15T09:22:00,28.52,167.92,1.162,9.75,-59,271,34.2,1.270
MET-74B45A9D-A,TWR-0134,2024-11-19T09:29:00,47.62,453.77,0.795,1.20,-62,710,79.4,1.111
MET-F10D0D03-7,TWR-0134,2024-11-26T14:48:00,47.45,124.74,1.139,3.75,-70,763,21.9,2.624
MET-07AF64FA-1,TWR-0135,2024-01-02T14:19:00,26.36,281.07,0.371,8.16,-70,1708,79.2,0.857
MET-B977F852-E,TWR-0135,2024-01-31T08:57:00,40.92,172.11,0.722,7.44,-40,543,79.1,4.263
MET-3BFBF2FF-9,TWR-0135,2024-03-02T06:51:00,30.18,250.40,0.578,7.66,-41,670,46.3,2.287
MET-61EC9E21-5,TWR-0135,2024-03-03T19:38:00,16.43,151.72,1.018,7.80,-55,769,88.3,0.969
MET-672ED171-8,TWR-0135,2024-03-18T07:13:00,34.29,280.75,0.863,9.31,-53,1043,65.7,2.262
MET-02BB64A0-6,TWR-0135,2024-04-22T04:16:00,14.33,498.58,0.009,11.64,-63,1502,30.4,3.938
MET-935C9269-E,TWR-0135,2024-05-20T16:56:00,25.00,302.59,1.387,9.09,-69,1327,55.7,1.786
MET-F30C9EE0-5,TWR-0135,2024-06-13T17:47:00,42.70,311.97,0.752,8.58,-61,1095,29.9,0.757
MET-F550B9EF-B,TWR-0135,2024-07-01T13:01:00,29.52,126.92,0.915,1.17,-46,1155,83.3,3.730
MET-A90E8D48-D,TWR-0135,2024-07-15T14:05:00,46.33,299.69,0.775,7.50,-48,1989,36.3,2.291
MET-5D61A87C-E,TWR-0135,2024-07-19T06:33:00,33.76,180.07,0.663,2.81,-62,1187,39.1,2.355
MET-5BFC35E6-E,TWR-0135,2024-09-16T12:12:00,39.79,123.77,0.823,12.07,-62,480,29.5,4.323
MET-D35E4728-6,TWR-0135,2024-09-19T03:25:00,23.52,189.65,1.139,11.83,-46,777,20.6,4.594
MET-ECC78F2B-0,TWR-0135,2024-09-25T23:29:00,47.38,410.14,0.481,2.64,-68,1060,46.9,0.687
MET-FA2E2222-9,TWR-0135,2024-10-01T18:35:00,15.50,111.01,0.907,12.97,-66,1883,25.0,2.919
MET-9C8EEDB4-1,TWR-0135,2024-10-01T19:06:00,38.38,285.80,1.267,8.95,-55,1214,57.1,1.313
MET-F95C0065-6,TWR-0135,2024-10-10T14:25:00,15.96,195.17,0.635,1.77,-56,577,26.8,4.030
MET-3CCAC3BE-0,TWR-0135,2024-12-07T15:41:00,10.66,392.02,0.265,8.87,-58,1091,21.6,1.113
MET-4F694DDC-C,TWR-0135,2024-12-07T16:12:00,47.00,373.25,0.327,6.47,-48,371,43.4,0.700
MET-D5A34FA6-1,TWR-0135,2024-12-16T09:02:00,40.90,283.83,1.088,12.92,-67,1686,50.2,0.659
MET-D3C85D8B-3,TWR-0136,2024-02-14T04:47:00,13.86,375.63,1.393,7.47,-43,1811,53.0,3.702
MET-4D850944-C,TWR-0136,2024-02-22T14:29:00,39.16,483.32,0.195,14.22,-70,1591,42.6,1.757
MET-266D9DAD-8,TWR-0136,2024-02-23T22:55:00,39.09,262.91,1.462,3.97,-58,1815,61.8,0.658
MET-257246DC-3,TWR-0136,2024-03-10T09:27:00,41.75,228.27,0.539,2.57,-70,1067,25.3,4.237
MET-45A22F3F-E,TWR-0136,2024-04-04T00:19:00,33.99,429.80,1.284,2.56,-55,1197,33.5,2.995
MET-2A69F0EF-9,TWR-0136,2024-04-04T23:02:00,40.54,364.17,0.137,2.28,-40,699,78.7,2.854
MET-6E5F8305-F,TWR-0136,2024-04-09T03:19:00,20.15,153.93,1.317,6.79,-60,1820,22.2,3.924
MET-B76FCD36-A,TWR-0136,2024-05-04T09:00:00,40.44,282.65,0.021,7.74,-67,1907,60.8,0.427
MET-A2C6A546-8,TWR-0136,2024-06-01T16:24:00,48.24,262.21,0.339,4.23,-69,934,31.5,4.178
MET-69EF3349-2,TWR-0136,2024-06-10T02:14:00,44.99,332.29,0.451,10.21,-51,306,90.6,4.207
MET-AEAC78F0-C,TWR-0136,2024-06-11T01:51:00,21.55,450.63,1.321,1.50,-60,265,92.7,4.511
MET-56C484F0-1,TWR-0136,2024-06-18T22:30:00,11.70,481.03,1.143,7.90,-60,1941,22.1,1.757
MET-CE129540-B,TWR-0136,2024-06-21T21:14:00,11.89,205.78,0.607,1.17,-48,1367,93.6,3.742
MET-9FB3B4B3-5,TWR-0136,2024-09-01T23:04:00,18.68,293.55,1.219,11.38,-55,406,49.1,4.509
MET-D07653D5-1,TWR-0136,2024-09-23T23:11:00,39.53,185.19,0.046,12.87,-40,1031,58.9,3.768
MET-2D2F2C6A-D,TWR-0136,2024-10-15T05:27:00,35.08,251.27,0.756,4.72,-62,800,79.4,1.206
MET-FBA90D3E-C,TWR-0136,2024-10-19T20:06:00,48.96,350.68,0.349,3.27,-67,876,38.0,1.391
MET-1CFA9DD4-9,TWR-0136,2024-10-19T22:46:00,16.75,255.81,0.979,2.74,-43,809,24.8,1.077
MET-031DD39F-9,TWR-0136,2024-11-24T20:04:00,35.11,487.94,0.858,6.76,-59,1647,41.1,1.591
MET-E801D749-8,TWR-0136,2024-11-27T22:35:00,21.47,201.39,0.214,10.49,-43,1257,34.3,4.024
MET-FD87B90B-C,TWR-0137,2024-01-19T00:13:00,49.62,275.62,0.179,7.33,-53,1092,72.7,3.226
MET-91CD8C77-F,TWR-0137,2024-02-06T05:43:00,11.70,318.92,0.380,2.49,-59,1783,46.6,2.071
MET-3700C7E6-3,TWR-0137,2024-02-27T09:55:00,49.01,375.89,1.088,13.04,-51,1803,63.1,0.935
MET-6C20C5B8-F,TWR-0137,2024-03-05T17:18:00,18.14,308.05,0.497,9.59,-56,421,83.8,3.564
MET-135D3CF8-0,TWR-0137,2024-03-18T18:52:00,35.57,175.51,0.682,11.46,-66,1990,56.5,0.342
MET-5ABEE9DE-7,TWR-0137,2024-03-26T23:22:00,11.99,359.47,0.360,5.30,-62,1783,40.0,1.675
MET-772C4541-4,TWR-0137,2024-04-21T14:44:00,32.71,107.91,0.388,2.86,-68,1199,37.3,0.573
MET-AB7D816F-9,TWR-0137,2024-06-04T16:59:00,11.70,219.58,0.279,6.19,-61,1837,77.0,2.759
MET-4ABA4A82-B,TWR-0137,2024-07-22T23:58:00,13.64,408.76,0.909,8.65,-67,122,41.9,2.090
MET-C435AD02-2,TWR-0137,2024-08-14T14:39:00,21.53,253.95,1.312,7.63,-41,1304,36.5,1.188
MET-217F931D-A,TWR-0137,2024-08-30T20:00:00,11.79,495.40,1.070,11.16,-59,1899,66.6,2.733
MET-3387F517-C,TWR-0137,2024-09-13T10:13:00,45.93,344.25,0.158,7.04,-62,119,39.4,4.560
MET-01F40C60-7,TWR-0137,2024-10-19T05:42:00,16.62,447.28,0.404,2.14,-45,1622,66.7,4.385
MET-AF6326BD-B,TWR-0137,2024-11-11T14:29:00,14.00,389.42,1.448,7.28,-47,1699,74.9,1.813
MET-95018009-A,TWR-0137,2024-11-11T15:10:00,19.32,380.59,0.195,8.87,-65,1523,71.5,1.595
MET-6031067A-6,TWR-0137,2024-11-24T09:37:00,40.96,321.06,0.662,1.59,-62,1966,47.0,3.076
MET-A20256B0-0,TWR-0137,2024-11-27T03:08:00,11.11,275.85,1.057,13.66,-66,277,64.0,1.228
MET-D519044D-0,TWR-0137,2024-11-29T03:57:00,23.24,324.29,1.011,10.05,-66,562,57.6,3.979
MET-C623A789-9,TWR-0137,2024-12-04T13:15:00,20.03,468.10,0.022,14.25,-54,336,41.3,4.681
MET-60D3B5FB-8,TWR-0137,2024-12-08T03:32:00,27.22,388.80,1.023,12.52,-43,1665,38.9,4.556
MET-C2EA4281-0,TWR-0138,2024-01-03T04:50:00,11.95,342.10,0.402,13.83,-67,1256,66.4,2.075
MET-8AAD60AA-C,TWR-0138,2024-01-14T17:25:00,32.57,339.29,0.990,10.63,-50,1757,84.7,0.019
MET-A1F4C944-C,TWR-0138,2024-02-16T20:50:00,32.29,479.76,1.282,2.55,-53,893,87.9,2.896
MET-50556A96-C,TWR-0138,2024-02-27T16:50:00,19.31,429.11,0.330,8.04,-70,859,68.4,3.519
MET-473AF2FB-F,TWR-0138,2024-03-10T21:13:00,32.00,483.76,0.627,13.75,-48,74,39.2,2.734
MET-8C3C2932-0,TWR-0138,2024-03-25T07:28:00,45.97,350.46,0.719,10.41,-68,598,25.8,1.114
MET-917C8F35-F,TWR-0138,2024-04-04T13:42:00,42.81,484.72,0.705,5.06,-48,782,36.4,0.386
MET-E34A2A39-B,TWR-0138,2024-05-28T02:29:00,26.77,218.49,0.847,2.41,-55,583,36.0,3.841
MET-8C0F690C-B,TWR-0138,2024-05-29T12:44:00,36.39,333.63,0.047,10.87,-57,792,68.0,1.870
MET-27B4AE4A-A,TWR-0138,2024-07-01T02:56:00,16.61,185.76,0.778,6.38,-63,1357,59.9,3.295
MET-AFB2CA69-A,TWR-0138,2024-07-17T05:57:00,18.20,424.34,1.160,6.28,-42,85,49.7,2.941
MET-2B84348B-F,TWR-0138,2024-08-08T20:03:00,17.88,316.24,0.393,7.18,-49,1456,71.9,4.615
MET-42145CDD-5,TWR-0138,2024-09-01T05:22:00,21.75,196.24,1.447,1.93,-62,1935,27.1,3.964
MET-950E1AC2-2,TWR-0138,2024-09-02T05:42:00,14.41,173.84,0.676,7.11,-42,1991,34.2,1.734
MET-BD920E6A-6,TWR-0138,2024-09-21T08:27:00,30.66,398.21,0.080,10.70,-54,750,61.6,3.615
MET-2F915782-A,TWR-0138,2024-09-29T04:02:00,42.71,312.11,1.224,2.28,-60,762,24.3,1.169
MET-AE15726A-2,TWR-0138,2024-10-06T03:38:00,40.31,306.03,0.024,8.57,-43,771,63.8,3.144
MET-A191B74E-5,TWR-0138,2024-10-19T15:01:00,48.91,384.07,0.509,1.91,-67,1446,21.5,2.803
MET-3D46C041-C,TWR-0138,2024-11-04T21:39:00,46.46,499.42,0.261,10.74,-66,976,24.6,2.837
MET-F117CA00-B,TWR-0138,2024-11-08T21:00:00,18.55,330.75,0.195,11.29,-40,1084,92.1,4.159
MET-FE189CFD-E,TWR-0139,2024-01-13T17:23:00,20.18,416.71,0.069,1.48,-59,944,56.0,1.840
MET-83FAD24C-8,TWR-0139,2024-01-14T19:10:00,12.55,185.34,1.154,13.99,-55,829,32.8,1.872
MET-50ACB48A-3,TWR-0139,2024-02-02T00:39:00,48.92,220.98,0.036,10.36,-59,677,68.8,3.502
MET-ED525013-5,TWR-0139,2024-02-05T01:24:00,46.18,123.69,0.701,1.12,-49,1532,53.7,4.105
MET-3E03EEBD-2,TWR-0139,2024-02-06T10:31:00,10.31,499.71,0.464,12.73,-67,665,87.3,3.596
MET-B78FCC57-6,TWR-0139,2024-02-10T23:55:00,40.48,142.22,0.548,13.28,-44,735,48.8,0.161
MET-315FA011-7,TWR-0139,2024-02-24T03:26:00,24.57,359.86,0.536,9.92,-44,1968,49.1,2.960
MET-0B57C9D3-C,TWR-0139,2024-03-02T00:06:00,34.46,126.49,0.992,9.90,-53,1646,58.1,4.443
MET-D4923542-8,TWR-0139,2024-03-03T14:34:00,28.80,229.92,0.422,2.72,-61,803,91.0,4.676
MET-F690CE57-3,TWR-0139,2024-04-19T02:07:00,15.96,218.74,0.989,6.43,-40,1029,77.9,3.680
MET-7E45F3F5-0,TWR-0139,2024-04-28T11:34:00,40.46,460.96,1.165,5.54,-51,1478,22.9,3.295
MET-6F865BFE-6,TWR-0139,2024-05-30T22:34:00,14.97,356.13,0.581,10.20,-69,1264,32.3,3.495
MET-86D7CBBA-8,TWR-0139,2024-06-15T23:04:00,11.06,332.66,0.422,7.59,-63,181,75.5,2.610
MET-9B2474F8-2,TWR-0139,2024-07-28T15:28:00,46.42,477.74,0.353,3.52,-60,224,48.1,0.124
MET-A3B68B49-6,TWR-0139,2024-08-04T13:39:00,13.17,377.25,1.234,1.17,-70,191,46.5,4.425
MET-78820226-4,TWR-0139,2024-08-11T11:14:00,45.87,130.81,0.779,10.71,-52,1270,76.4,0.111
MET-5AF94EF7-7,TWR-0139,2024-08-30T14:41:00,45.07,221.67,0.307,7.70,-64,1253,35.8,2.425
MET-6DD3B88D-A,TWR-0139,2024-09-14T10:41:00,33.70,226.20,0.739,7.06,-60,513,36.7,0.170
MET-1B21F6D8-A,TWR-0139,2024-11-19T20:18:00,36.91,449.30,1.058,12.87,-65,1105,37.1,1.353
MET-F7C429AE-9,TWR-0139,2024-11-23T03:16:00,37.79,195.26,1.121,6.96,-62,486,52.6,4.708
MET-0217C954-0,TWR-0140,2024-01-04T07:20:00,28.95,458.19,1.224,9.91,-48,1115,60.7,0.176
MET-E7C5409E-4,TWR-0140,2024-01-11T02:02:00,26.34,332.27,0.629,6.05,-67,290,28.6,1.023
MET-E00D0F06-E,TWR-0140,2024-01-25T22:57:00,31.99,396.24,0.239,3.04,-63,1064,90.0,2.815
MET-E48DEA83-9,TWR-0140,2024-02-19T17:05:00,10.53,249.69,0.642,4.20,-66,367,40.1,0.029
MET-C49D3E1A-4,TWR-0140,2024-03-06T23:20:00,38.91,423.74,1.065,13.03,-49,905,45.4,3.337
MET-02D641AF-3,TWR-0140,2024-03-15T19:08:00,17.65,293.55,0.563,9.85,-63,725,93.7,3.383
MET-9A1C0F02-D,TWR-0140,2024-03-26T15:47:00,31.70,458.08,0.050,4.42,-44,1827,56.4,0.424
MET-84F6F046-A,TWR-0140,2024-03-28T10:08:00,28.69,279.84,1.108,10.85,-63,710,93.2,1.922
MET-D31BC00E-2,TWR-0140,2024-04-30T11:32:00,33.12,138.79,1.239,7.87,-65,586,90.7,4.966
MET-F7329CB2-6,TWR-0140,2024-05-26T09:39:00,19.29,292.36,1.010,9.42,-67,1687,85.6,0.186
MET-DCCEA339-5,TWR-0140,2024-06-18T18:09:00,21.29,478.31,0.342,1.98,-61,673,90.6,0.001
MET-0216A502-3,TWR-0140,2024-08-16T02:29:00,36.77,308.49,0.761,1.60,-56,1787,76.8,2.713
MET-2A36A92A-7,TWR-0140,2024-09-05T17:50:00,46.97,277.30,0.186,13.44,-64,1103,91.2,1.280
MET-71619DC5-9,TWR-0140,2024-09-12T18:12:00,34.68,140.36,0.453,9.54,-63,865,69.5,0.555
MET-C487DB2F-D,TWR-0140,2024-10-05T09:54:00,33.71,343.09,0.326,3.98,-65,981,33.7,2.325
MET-BB7903C5-0,TWR-0140,2024-10-05T22:21:00,49.10,384.15,1.099,6.76,-45,1104,61.3,2.772
MET-E3D9342F-5,TWR-0140,2024-11-01T22:28:00,28.02,499.51,0.767,1.17,-59,1622,29.8,0.385
MET-762D3153-6,TWR-0140,2024-11-07T23:41:00,36.20,356.91,0.957,7.24,-56,173,56.4,0.547
MET-2D6A5B89-6,TWR-0140,2024-11-08T00:12:00,45.89,367.39,0.936,12.64,-49,1560,51.8,2.908
MET-0FB8AF1C-3,TWR-0140,2024-11-14T17:51:00,26.64,155.82,0.652,9.71,-64,977,59.0,3.491
MET-866FCF67-8,TWR-0141,2024-02-09T02:59:00,26.77,257.33,0.415,1.29,-44,1148,73.3,3.256
MET-B634B807-8,TWR-0141,2024-02-21T14:17:00,35.04,197.98,1.238,11.00,-63,1453,50.4,1.000
MET-4DE6C9D6-A,TWR-0141,2024-02-28T20:41:00,17.58,164.53,0.418,13.61,-65,1278,52.8,2.913
MET-83E669CE-B,TWR-0141,2024-03-09T20:29:00,29.85,255.88,0.540,4.40,-69,1505,85.6,0.258
MET-95C23503-3,TWR-0141,2024-03-24T22:20:00,47.87,289.12,0.385,1.96,-41,1988,71.9,1.726
MET-B86EBE2A-4,TWR-0141,2024-04-04T15:43:00,36.60,190.15,1.459,3.66,-58,1389,55.3,1.280
MET-59D34718-D,TWR-0141,2024-04-09T23:59:00,32.25,158.42,1.050,5.11,-55,246,83.0,2.001
MET-4A16114C-5,TWR-0141,2024-04-19T16:49:00,49.57,230.39,1.302,5.16,-60,944,52.1,3.978
MET-F0F27F40-A,TWR-0141,2024-05-06T00:58:00,32.55,193.11,0.298,12.74,-49,1850,77.4,3.597
MET-3BA919B2-1,TWR-0141,2024-05-23T00:28:00,13.54,117.64,0.818,7.20,-67,1027,68.5,4.611
MET-C68F036D-A,TWR-0141,2024-06-26T03:55:00,49.97,413.53,0.801,11.51,-69,1269,75.1,1.960
MET-EA2CC57B-4,TWR-0141,2024-06-27T11:18:00,48.43,485.43,1.458,10.25,-41,80,34.2,0.556
MET-D1CAB2F2-C,TWR-0141,2024-07-17T22:44:00,32.16,413.51,0.825,1.94,-45,1250,30.6,2.768
MET-4FE8E1F8-3,TWR-0141,2024-07-24T12:30:00,16.16,333.97,0.353,5.57,-64,1694,34.8,4.473
MET-80922983-5,TWR-0141,2024-08-05T10:42:00,47.25,153.78,0.551,6.66,-45,1987,45.7,0.535
MET-6BC378CB-6,TWR-0141,2024-08-07T06:02:00,17.75,470.83,1.179,1.76,-48,1158,40.0,1.186
MET-040D97C8-E,TWR-0141,2024-08-08T23:47:00,28.15,343.04,0.144,10.22,-53,1169,72.8,2.706
MET-A81A105A-6,TWR-0141,2024-08-21T05:41:00,45.90,104.44,0.037,5.10,-62,1491,39.9,0.742
MET-D5E7962F-4,TWR-0141,2024-10-24T02:05:00,19.43,230.24,1.273,11.72,-66,878,58.5,1.720
MET-22F02EA0-8,TWR-0141,2024-10-24T14:17:00,46.51,188.57,0.455,1.45,-45,1946,28.3,2.965
MET-BE412FA8-2,TWR-0142,2024-01-03T12:16:00,44.94,447.91,1.035,6.39,-52,789,84.4,3.491
MET-568787D6-4,TWR-0142,2024-01-18T21:03:00,39.10,171.72,0.912,6.65,-47,948,88.7,4.960
MET-3DF613AD-9,TWR-0142,2024-01-19T13:23:00,43.59,373.03,0.731,14.67,-57,457,55.0,2.371
MET-DFCE9AED-2,TWR-0142,2024-01-28T16:05:00,37.54,290.75,1.221,7.95,-63,1053,29.9,2.849
MET-E5BBF1DB-2,TWR-0142,2024-02-05T01:03:00,37.64,282.60,0.215,14.70,-51,1042,39.1,4.328
MET-4F3FF75D-4,TWR-0142,2024-02-27T01:01:00,35.10,375.33,0.287,11.26,-46,1530,72.2,1.989
MET-FC3B2EEF-C,TWR-0142,2024-03-28T01:26:00,39.41,382.75,0.414,10.53,-61,135,62.5,4.451
MET-801B8A26-5,TWR-0142,2024-04-08T14:50:00,46.24,180.74,1.180,7.25,-68,639,70.5,3.018
MET-28B1232D-3,TWR-0142,2024-05-21T13:00:00,25.21,115.98,0.593,4.07,-48,1794,37.7,4.194
MET-A1E80258-E,TWR-0142,2024-05-26T02:33:00,24.51,339.76,0.593,13.30,-69,531,93.9,0.800
MET-9167640D-3,TWR-0142,2024-06-10T23:17:00,47.95,337.87,0.459,4.45,-42,1309,80.1,1.821
MET-3EE5251C-2,TWR-0142,2024-06-29T17:06:00,48.31,396.08,0.895,7.92,-56,1156,26.1,0.645
MET-775F5369-1,TWR-0142,2024-06-30T22:19:00,17.60,456.29,0.924,4.53,-68,1176,33.9,4.417
MET-CF90C13E-9,TWR-0142,2024-07-24T11:40:00,35.55,266.41,1.226,5.09,-69,1756,68.9,1.703
MET-D53510CF-1,TWR-0142,2024-08-22T15:51:00,26.37,420.45,0.287,7.11,-42,81,47.7,3.653
MET-68D29A6F-1,TWR-0142,2024-08-22T16:02:00,23.97,273.85,0.845,2.24,-52,1386,89.8,4.085
MET-BAB81C93-2,TWR-0142,2024-08-26T19:30:00,39.81,324.64,0.601,9.76,-52,1994,74.4,1.620
MET-05F4DA9B-9,TWR-0142,2024-11-03T08:32:00,39.08,371.94,1.037,4.08,-54,1690,80.8,2.843
MET-6EE1BE25-D,TWR-0142,2024-11-08T14:49:00,25.50,139.30,1.253,11.58,-63,1560,47.2,1.610
MET-DB9E83FD-6,TWR-0142,2024-11-18T12:07:00,35.70,439.43,0.291,13.63,-45,935,45.4,4.793
MET-CB3DC5F5-9,TWR-0143,2024-01-08T15:34:00,10.85,324.32,0.298,8.24,-70,659,70.8,4.757
MET-DA9C5A8E-3,TWR-0143,2024-01-12T22:40:00,44.85,452.05,0.152,4.23,-62,888,72.0,1.711
MET-3965883B-5,TWR-0143,2024-01-23T15:56:00,30.58,417.57,0.501,9.98,-67,184,76.6,4.569
MET-84A24656-6,TWR-0143,2024-01-26T21:10:00,26.16,384.98,0.933,8.05,-57,244,41.6,1.196
MET-205E2A88-E,TWR-0143,2024-02-08T23:00:00,15.70,326.28,1.079,13.19,-48,863,64.2,2.563
MET-C0026150-1,TWR-0143,2024-02-11T19:42:00,32.61,401.84,0.177,12.10,-59,930,88.2,0.614
MET-B156CF3E-2,TWR-0143,2024-02-14T18:33:00,45.74,363.27,0.336,12.65,-68,820,43.8,3.403
MET-2F758753-9,TWR-0143,2024-03-06T11:38:00,44.46,287.47,0.040,9.12,-54,212,83.7,2.977
MET-3F919E4B-6,TWR-0143,2024-03-14T22:39:00,41.23,131.74,1.120,9.87,-68,1371,24.0,3.631
MET-985EA54F-8,TWR-0143,2024-03-28T17:03:00,31.02,461.23,0.646,13.93,-64,1548,48.7,0.468
MET-0612BAB2-2,TWR-0143,2024-06-25T08:38:00,14.00,131.26,1.041,11.25,-48,1950,63.6,2.663
MET-98074276-C,TWR-0143,2024-07-05T10:28:00,45.02,316.65,0.271,11.94,-68,1397,66.7,0.554
MET-1F295A1D-C,TWR-0143,2024-09-03T12:41:00,18.16,364.22,1.401,5.43,-52,1386,28.2,4.115
MET-C0B831D1-7,TWR-0143,2024-09-16T04:40:00,32.91,339.60,0.848,7.50,-51,1377,89.8,2.100
MET-330F3B95-E,TWR-0143,2024-09-28T11:48:00,42.93,223.13,0.760,3.53,-47,105,60.5,2.904
MET-B4C0EA24-C,TWR-0143,2024-11-11T04:37:00,29.01,269.50,0.318,6.44,-70,1088,55.2,0.344
MET-2E3DB4C7-2,TWR-0143,2024-11-11T21:38:00,15.53,455.27,1.162,13.81,-47,1314,21.1,2.252
MET-D20D329E-5,TWR-0143,2024-11-15T06:45:00,12.42,153.07,0.081,5.42,-54,383,28.2,0.480
MET-30E1160B-C,TWR-0143,2024-12-09T03:00:00,28.39,219.02,0.793,13.10,-51,1371,56.6,0.353
MET-41F9E30E-6,TWR-0143,2024-12-15T07:52:00,27.27,281.42,0.178,12.78,-51,902,55.2,1.274
MET-52AEDB52-5,TWR-0144,2024-01-17T21:45:00,17.62,209.28,0.161,4.13,-51,1584,41.8,3.594
MET-2673023A-D,TWR-0144,2024-03-21T04:08:00,31.49,207.67,0.955,6.20,-62,1860,78.1,1.049
MET-C95BF3BB-7,TWR-0144,2024-04-24T18:38:00,45.83,255.93,1.220,13.78,-60,1857,48.9,3.578
MET-3DD73021-C,TWR-0144,2024-04-28T13:14:00,35.77,468.04,0.837,7.58,-64,1955,55.3,2.640
MET-0A628E8A-C,TWR-0144,2024-05-07T10:37:00,27.38,329.96,0.527,2.81,-69,1359,67.7,4.944
MET-9FED4C43-9,TWR-0144,2024-05-19T05:27:00,33.07,187.29,1.187,14.71,-46,1510,58.0,4.927
MET-1E100506-6,TWR-0144,2024-05-19T17:10:00,14.43,349.73,1.165,9.43,-46,1167,76.8,2.708
MET-2448F75F-5,TWR-0144,2024-06-10T03:14:00,13.67,457.93,0.392,10.39,-50,1561,54.8,2.052
MET-AFDA7A51-8,TWR-0144,2024-06-30T05:25:00,26.57,228.77,1.268,5.16,-57,1555,73.7,0.361
MET-D61DA290-9,TWR-0144,2024-07-26T15:42:00,20.87,480.65,1.415,4.56,-69,179,45.8,0.957
MET-F4773432-A,TWR-0144,2024-08-01T01:44:00,36.09,310.56,0.180,7.88,-58,1774,85.4,3.539
MET-09508B9A-5,TWR-0144,2024-08-23T15:59:00,36.45,442.89,1.327,2.06,-59,632,63.8,0.927
MET-DD8DDC24-1,TWR-0144,2024-09-27T11:21:00,31.45,416.72,0.864,11.46,-67,570,48.3,2.985
MET-306066EC-1,TWR-0144,2024-10-08T00:03:00,25.83,317.66,0.003,3.88,-45,1144,49.7,0.974
MET-D48AFE61-8,TWR-0144,2024-10-10T02:44:00,31.86,290.32,0.324,4.61,-56,1667,59.5,0.670
MET-58DEA30E-F,TWR-0144,2024-10-12T01:42:00,17.78,135.51,0.765,10.93,-68,560,43.4,2.995
MET-9C010C6F-1,TWR-0144,2024-10-14T02:34:00,25.11,391.12,1.334,12.60,-45,1248,30.2,4.521
MET-5A7C2068-D,TWR-0144,2024-11-15T12:34:00,34.02,457.21,1.447,6.80,-40,713,44.2,3.047
MET-2CFB97BB-5,TWR-0144,2024-11-16T20:35:00,27.48,333.82,1.387,10.35,-46,1224,80.6,2.311
MET-63D22FEA-E,TWR-0144,2024-12-10T14:57:00,12.72,184.06,0.454,6.97,-45,199,36.9,2.785
MET-B2FF6D2F-8,TWR-0145,2024-01-25T08:34:00,18.15,235.75,1.271,7.10,-56,1822,58.7,1.521
MET-7A65812D-2,TWR-0145,2024-03-02T03:25:00,33.85,303.39,1.318,4.96,-69,430,36.7,0.585
MET-5D15D809-1,TWR-0145,2024-03-11T06:07:00,29.31,103.97,1.414,6.61,-40,1277,81.0,4.316
MET-D3F8083A-B,TWR-0145,2024-03-21T10:25:00,33.59,403.87,0.489,14.70,-44,453,22.5,2.672
MET-A5DA18FC-C,TWR-0145,2024-04-09T17:47:00,12.66,113.30,1.364,2.88,-65,942,49.7,0.971
MET-ABDA3A0E-8,TWR-0145,2024-04-11T07:40:00,35.22,496.09,0.035,6.33,-66,467,70.2,0.192
MET-1A5A4B56-B,TWR-0145,2024-05-06T23:06:00,15.61,336.01,1.051,12.51,-49,1436,72.0,4.421
MET-A4731D04-8,TWR-0145,2024-06-25T20:48:00,31.14,278.54,1.191,4.06,-42,1310,83.1,0.228
MET-CF634DAB-0,TWR-0145,2024-07-01T11:45:00,28.65,269.95,0.962,9.39,-42,618,38.0,2.281
MET-95B7F342-E,TWR-0145,2024-07-10T08:34:00,40.32,109.06,0.119,3.25,-42,1804,34.3,4.607
MET-D9587A62-F,TWR-0145,2024-08-11T01:02:00,29.81,155.94,0.015,12.73,-67,883,22.5,2.718
MET-754CC081-9,TWR-0145,2024-08-12T20:07:00,16.92,432.80,1.088,3.30,-42,1586,82.6,3.713
MET-9CD1A7D9-3,TWR-0145,2024-09-09T20:38:00,32.78,234.47,0.702,3.04,-53,1627,52.4,1.248
MET-C817C6A4-6,TWR-0145,2024-09-14T22:14:00,46.25,117.51,0.028,5.23,-56,1568,42.3,3.764
MET-E998C740-9,TWR-0145,2024-09-17T04:41:00,17.30,103.96,1.327,7.53,-51,1953,68.2,3.750
MET-00E9B358-4,TWR-0145,2024-10-06T10:27:00,23.41,240.80,0.406,3.70,-60,997,78.5,2.832
MET-D45660A2-9,TWR-0145,2024-10-14T22:42:00,43.17,300.10,0.707,3.26,-43,1029,63.0,1.462
MET-54AF9006-6,TWR-0145,2024-11-08T23:36:00,16.57,307.43,0.670,8.65,-41,1291,93.7,4.353
MET-8238E058-7,TWR-0145,2024-11-14T03:33:00,24.16,344.00,1.401,4.14,-62,574,28.4,4.019
MET-1F6AF536-C,TWR-0145,2024-11-25T00:52:00,17.19,247.11,0.183,10.20,-60,1438,22.5,0.354
MET-DFBC86B5-D,TWR-0146,2024-03-08T03:44:00,29.34,382.47,0.456,12.76,-63,1403,88.1,2.169
MET-0A472DB8-6,TWR-0146,2024-03-25T17:55:00,27.47,440.48,1.207,4.04,-56,1869,88.9,1.962
MET-F678F0B1-8,TWR-0146,2024-04-10T21:36:00,42.97,237.11,0.443,9.27,-60,630,45.3,0.520
MET-030BEDE5-1,TWR-0146,2024-04-15T08:59:00,25.38,240.54,0.285,1.09,-48,153,54.9,2.701
MET-1C995125-D,TWR-0146,2024-04-17T10:56:00,43.40,374.39,1.404,13.28,-59,860,65.6,2.561
MET-CC0472E1-8,TWR-0146,2024-04-19T19:22:00,13.48,322.94,1.322,7.23,-42,1086,31.6,4.785
MET-B412868B-5,TWR-0146,2024-04-29T13:18:00,36.68,377.73,1.462,6.70,-54,950,60.3,3.922
MET-DD798931-8,TWR-0146,2024-05-18T15:14:00,29.39,253.79,1.493,5.08,-47,1637,37.3,3.035
MET-7722D636-5,TWR-0146,2024-06-19T08:52:00,12.35,268.88,1.057,6.15,-52,1944,31.1,2.907
MET-63F8DD1D-4,TWR-0146,2024-06-25T05:23:00,13.32,484.02,0.723,11.86,-40,394,23.8,1.519
MET-5D2CC9BE-A,TWR-0146,2024-07-13T04:22:00,27.71,127.64,0.310,13.78,-54,1784,86.9,3.369
MET-28E4FE80-3,TWR-0146,2024-07-25T04:48:00,29.64,493.96,0.832,7.90,-55,610,33.3,2.975
MET-E19FF72E-8,TWR-0146,2024-08-05T09:06:00,38.82,343.54,1.220,9.97,-50,335,51.7,1.673
MET-55428719-0,TWR-0146,2024-08-29T01:06:00,28.61,121.33,0.837,8.75,-53,994,85.3,1.674
MET-7AED9BF3-8,TWR-0146,2024-08-31T11:02:00,46.56,404.98,0.702,1.60,-55,874,77.9,2.147
MET-D93CA04A-F,TWR-0146,2024-10-03T16:52:00,27.60,174.71,0.437,13.87,-49,1989,52.8,3.819
MET-52B57BF0-9,TWR-0146,2024-10-13T19:32:00,31.89,198.15,0.665,9.25,-46,465,90.5,2.904
MET-CC1B75AA-0,TWR-0146,2024-10-16T19:56:00,29.65,298.96,0.693,9.47,-65,1430,54.5,3.137
MET-6E234552-A,TWR-0146,2024-12-04T14:14:00,11.33,463.91,0.892,10.68,-62,318,78.3,0.659
MET-6FAEA0BB-2,TWR-0146,2024-12-08T08:29:00,22.41,294.38,0.378,10.81,-49,1695,28.2,2.765
MET-93825E98-8,TWR-0147,2024-01-23T17:32:00,46.72,211.32,0.244,13.00,-61,1217,85.5,0.502
MET-6A50AF7A-6,TWR-0147,2024-01-24T22:48:00,44.17,240.24,0.156,1.94,-42,1693,42.6,3.916
MET-3AD32B36-8,TWR-0147,2024-01-25T19:06:00,47.85,238.57,0.738,9.46,-40,1226,61.8,2.864
MET-14EE8926-6,TWR-0147,2024-02-18T10:59:00,43.06,439.34,0.197,13.46,-46,1328,55.9,2.940
MET-199E2668-D,TWR-0147,2024-03-28T09:27:00,20.95,474.71,0.143,2.43,-41,1641,42.7,3.991
MET-32A73332-A,TWR-0147,2024-04-26T18:59:00,44.58,225.24,1.197,2.92,-41,116,63.9,2.450
MET-0007A348-C,TWR-0147,2024-04-27T04:14:00,43.93,159.85,1.205,12.34,-67,1780,85.0,0.571
MET-CE24E1B8-7,TWR-0147,2024-06-04T23:13:00,32.48,234.98,1.010,10.33,-57,1685,30.0,0.195
MET-E22FFD5A-4,TWR-0147,2024-08-22T16:04:00,20.99,446.15,0.035,5.37,-46,888,32.0,0.938
MET-5A49026C-7,TWR-0147,2024-08-29T11:50:00,38.63,226.95,0.951,2.98,-51,1102,59.6,1.049
MET-F721BFE7-A,TWR-0147,2024-09-12T09:29:00,26.79,480.27,0.409,14.83,-45,953,88.5,1.508
MET-B1289797-A,TWR-0147,2024-09-24T14:58:00,47.33,436.53,0.982,8.35,-67,1880,60.7,4.114
MET-7E70B262-D,TWR-0147,2024-09-30T18:24:00,47.24,360.16,1.475,7.41,-49,1952,49.0,4.326
MET-7439CD84-F,TWR-0147,2024-11-13T17:28:00,23.53,432.50,0.955,10.12,-48,420,83.9,0.954
MET-E75B381F-3,TWR-0147,2024-11-17T13:11:00,39.05,436.62,1.155,1.01,-58,1966,78.6,3.460
MET-B8242FD2-F,TWR-0147,2024-11-24T04:39:00,23.99,458.05,0.421,13.83,-58,1581,40.0,1.981
MET-398C5755-E,TWR-0147,2024-12-01T22:25:00,42.70,330.53,0.626,13.97,-47,521,55.3,1.838
MET-90D20B7E-B,TWR-0147,2024-12-03T21:39:00,41.11,336.89,1.364,6.95,-52,1515,40.1,0.503
MET-53FC7995-E,TWR-0147,2024-12-13T05:19:00,40.00,389.41,1.068,7.09,-67,63,64.2,4.186
MET-9CDBE9F7-2,TWR-0147,2024-12-15T00:34:00,26.18,346.88,1.306,1.78,-57,702,59.3,4.293
MET-7E0AB745-1,TWR-0148,2024-01-03T02:48:00,33.06,267.90,0.518,2.65,-64,558,93.4,4.427
MET-0851BE64-B,TWR-0148,2024-01-20T15:26:00,30.90,205.90,0.427,10.65,-47,1954,66.8,1.389
MET-A4345E4E-7,TWR-0148,2024-01-23T10:06:00,46.33,472.31,1.145,10.33,-41,1992,23.9,1.450
MET-93059E1C-9,TWR-0148,2024-01-23T14:59:00,13.82,350.47,0.780,13.61,-54,1764,56.4,4.271
MET-10FC0B3F-0,TWR-0148,2024-03-14T16:42:00,29.31,344.94,0.074,14.31,-61,304,59.0,2.972
MET-F4E4E65D-6,TWR-0148,2024-03-17T03:19:00,13.03,302.23,0.118,7.39,-53,438,71.9,4.242
MET-9ED3B55D-D,TWR-0148,2024-03-19T00:32:00,23.88,214.34,0.707,10.40,-60,1986,61.3,1.765
MET-6B055192-7,TWR-0148,2024-04-17T05:49:00,19.76,409.53,0.561,5.16,-65,1963,52.0,1.040
MET-B19D1939-E,TWR-0148,2024-04-23T11:04:00,23.44,129.72,0.014,2.34,-49,306,25.1,1.772
MET-1625227F-D,TWR-0148,2024-04-28T06:14:00,10.79,392.13,1.354,8.12,-51,285,30.1,1.375
MET-C60E315A-3,TWR-0148,2024-05-10T04:02:00,42.69,280.90,1.197,12.54,-68,1574,27.0,2.227
MET-5A9A2240-4,TWR-0148,2024-06-19T17:02:00,27.77,148.59,1.433,7.33,-49,1760,31.9,1.870
MET-E96BD3E3-9,TWR-0148,2024-09-10T09:14:00,23.08,217.49,0.078,11.52,-48,1621,74.6,1.245
MET-BBB096A0-6,TWR-0148,2024-10-20T20:13:00,32.19,223.93,0.687,6.78,-47,354,41.6,4.724
MET-61C217D8-4,TWR-0148,2024-10-28T23:41:00,17.49,127.35,0.461,4.43,-47,186,57.0,0.431
MET-03FE9C47-6,TWR-0148,2024-11-05T15:49:00,10.31,432.53,1.470,5.18,-41,1446,82.9,2.433
MET-8161EEDC-2,TWR-0148,2024-11-07T03:45:00,42.61,193.00,0.130,9.60,-62,761,42.7,1.833
MET-31BA75C4-E,TWR-0148,2024-11-11T15:38:00,43.30,318.41,0.517,8.11,-44,910,81.7,3.343
MET-AD302D60-3,TWR-0148,2024-11-15T13:19:00,40.09,429.71,1.014,14.55,-51,1788,37.2,1.473
MET-B7517FCF-3,TWR-0148,2024-12-14T04:25:00,25.22,302.88,0.400,8.90,-68,1463,56.2,4.486
MET-514E1478-2,TWR-0149,2024-01-16T08:53:00,30.00,333.49,1.181,11.15,-63,1341,61.7,2.387
MET-F01305DA-D,TWR-0149,2024-02-04T18:45:00,26.75,160.28,0.730,12.87,-52,1506,32.2,1.238
MET-5F14EFA0-8,TWR-0149,2024-02-29T11:17:00,32.90,475.25,0.312,6.21,-40,1471,22.8,4.596
MET-75FF947B-D,TWR-0149,2024-03-05T20:01:00,24.14,385.72,1.170,11.92,-65,1188,53.7,4.061
MET-2D313175-B,TWR-0149,2024-04-09T01:02:00,18.50,445.38,0.483,3.86,-48,286,63.3,2.695
MET-B50E044D-E,TWR-0149,2024-04-19T14:17:00,41.17,220.29,0.624,5.78,-62,363,42.0,4.172
MET-B8EEAE5C-5,TWR-0149,2024-04-27T21:18:00,17.60,410.83,0.002,13.42,-43,810,72.0,1.497
MET-BC6B875E-A,TWR-0149,2024-05-22T07:16:00,29.20,279.73,0.587,13.33,-58,1218,65.2,2.732
MET-73841220-7,TWR-0149,2024-06-09T22:25:00,40.20,378.45,0.268,5.11,-44,1965,38.9,2.642
MET-3BE190BB-3,TWR-0149,2024-06-12T07:13:00,29.87,225.90,0.059,13.43,-42,1314,74.2,3.456
MET-3B34E940-1,TWR-0149,2024-06-28T19:39:00,30.08,239.56,0.006,14.54,-52,819,81.2,3.885
MET-6784FD3A-8,TWR-0149,2024-08-09T12:58:00,32.19,336.28,0.080,6.68,-67,1257,29.6,0.063
MET-143796E0-9,TWR-0149,2024-08-15T05:15:00,39.71,252.50,0.132,1.38,-65,1035,26.9,4.642
MET-80BC2D42-1,TWR-0149,2024-09-05T03:07:00,25.65,349.60,1.330,6.61,-53,1212,34.1,2.452
MET-061839B8-4,TWR-0149,2024-09-21T10:57:00,23.02,482.78,0.450,7.89,-54,1829,32.3,0.828
MET-AC452E8B-8,TWR-0149,2024-09-28T06:11:00,22.83,406.10,0.053,3.69,-44,367,46.9,0.658
MET-71D1948F-8,TWR-0149,2024-10-26T01:47:00,48.09,276.73,0.780,3.98,-53,830,52.9,3.206
MET-93F98E53-E,TWR-0149,2024-10-27T09:59:00,39.87,312.86,1.299,14.70,-61,764,40.1,1.963
MET-A75B0962-D,TWR-0149,2024-11-17T11:19:00,49.28,464.11,0.401,8.74,-59,1907,25.4,3.821
MET-01EC9F38-D,TWR-0149,2024-12-11T12:04:00,29.77,342.19,0.749,5.14,-69,1992,34.4,1.421
MET-FF5C02A4-1,TWR-0150,2024-01-06T16:15:00,36.30,265.64,0.636,3.28,-70,1273,81.4,4.313
MET-AD5C97B5-A,TWR-0150,2024-01-08T17:45:00,17.15,421.79,0.005,5.88,-43,642,27.1,2.148
MET-2ABEB08C-E,TWR-0150,2024-01-15T18:10:00,38.16,468.64,0.784,14.78,-55,1230,53.7,2.534
MET-A6A7FC1E-2,TWR-0150,2024-01-21T07:50:00,20.36,122.17,1.264,10.77,-51,447,46.9,2.814
MET-1637E1E9-5,TWR-0150,2024-03-03T19:11:00,33.95,368.05,0.496,6.92,-48,276,60.8,0.926
MET-CDB1FF53-7,TWR-0150,2024-03-06T09:12:00,12.40,484.48,0.025,4.70,-48,1216,25.5,1.535
MET-C9FB6DC2-D,TWR-0150,2024-03-06T12:48:00,11.96,482.43,0.208,4.45,-59,1181,79.9,1.120
MET-CA7C8B39-0,TWR-0150,2024-04-13T02:15:00,39.23,369.97,0.083,6.32,-53,1442,60.7,2.303
MET-971CE449-B,TWR-0150,2024-04-30T20:14:00,36.89,493.14,1.257,11.01,-46,1076,43.8,0.067
MET-CA9D71EF-0,TWR-0150,2024-05-17T16:17:00,20.63,100.29,1.464,10.91,-62,101,60.5,1.667
MET-FB6702A1-8,TWR-0150,2024-05-31T03:46:00,20.95,482.22,0.797,1.68,-50,1778,83.2,4.492
MET-4416EAC8-A,TWR-0150,2024-06-19T17:03:00,35.89,373.84,0.745,3.87,-69,564,22.2,1.702
MET-73A99519-6,TWR-0150,2024-08-24T03:00:00,37.56,206.79,1.343,11.06,-54,1408,85.2,1.813
MET-1AB709AB-E,TWR-0150,2024-08-30T18:49:00,34.76,409.06,0.824,6.26,-49,1421,72.9,4.058
MET-CE8E99F4-F,TWR-0150,2024-10-04T17:10:00,14.72,143.76,0.094,14.82,-55,210,85.8,0.056
MET-5BEB3A10-8,TWR-0150,2024-10-13T14:04:00,47.57,357.68,0.462,5.93,-45,1552,29.6,3.898
MET-719C0515-6,TWR-0150,2024-10-18T20:13:00,39.52,332.26,0.082,3.64,-59,1053,32.8,2.714
MET-5B59792D-2,TWR-0150,2024-10-22T02:27:00,13.90,165.82,1.268,5.27,-62,1615,30.8,3.833
MET-2CB03CFD-C,TWR-0150,2024-12-02T19:51:00,43.34,362.13,0.069,12.19,-51,138,67.8,1.228
MET-5F66F38D-8,TWR-0150,2024-12-05T15:14:00,43.48,428.50,0.308,14.91,-45,1257,54.8,1.438
MET-24F8C0CE-2,TWR-0151,2024-01-02T12:21:00,42.28,161.96,0.193,6.54,-54,586,58.6,4.409
MET-F68F4770-4,TWR-0151,2024-02-14T04:54:00,17.03,169.13,1.273,2.30,-63,344,91.0,0.206
MET-4FABE4F4-D,TWR-0151,2024-02-24T03:00:00,47.25,317.42,0.298,12.20,-64,599,28.8,0.916
MET-CBA71100-5,TWR-0151,2024-02-26T23:07:00,32.51,474.64,0.561,6.38,-41,142,84.2,4.602
MET-A2402593-E,TWR-0151,2024-04-01T09:41:00,47.01,113.31,0.669,4.79,-66,340,39.2,4.222
MET-DA730088-6,TWR-0151,2024-04-20T21:11:00,20.59,212.48,0.850,9.12,-57,607,84.9,1.054
MET-0A69D5E5-A,TWR-0151,2024-04-26T04:06:00,18.97,129.78,0.813,2.61,-70,1584,71.4,0.181
MET-5535F2F9-5,TWR-0151,2024-05-30T01:07:00,41.52,350.84,0.636,9.03,-44,203,79.1,4.646
MET-45076C05-B,TWR-0151,2024-06-02T09:30:00,26.51,167.44,0.384,8.59,-62,1059,41.1,2.583
MET-4F81EBA8-F,TWR-0151,2024-06-07T09:00:00,31.03,132.49,1.041,8.83,-64,677,82.8,2.304
MET-83AFD59A-1,TWR-0151,2024-06-10T01:28:00,42.07,383.12,0.046,11.95,-58,1753,73.1,4.986
MET-12D135D2-D,TWR-0151,2024-07-07T02:02:00,49.35,283.33,1.385,13.75,-53,94,67.9,1.428
MET-6DC47C40-8,TWR-0151,2024-07-10T12:46:00,35.58,229.62,0.794,3.87,-65,1113,65.3,4.511
MET-82B0FEE0-3,TWR-0151,2024-07-11T21:50:00,37.69,338.97,0.939,5.50,-47,1143,86.6,0.482
MET-C6763B79-9,TWR-0151,2024-07-18T06:53:00,13.78,193.68,0.501,8.82,-68,1432,63.4,0.687
MET-EBF6063B-6,TWR-0151,2024-08-08T21:45:00,37.52,447.19,1.474,6.66,-70,305,45.6,1.424
MET-C4E95B8E-3,TWR-0151,2024-08-28T03:36:00,14.29,490.27,0.249,12.39,-50,807,35.8,2.244
MET-CBA59704-2,TWR-0151,2024-10-13T18:40:00,46.76,105.45,0.674,4.88,-41,1039,83.6,1.054
MET-321FC483-0,TWR-0151,2024-10-15T18:48:00,35.30,316.26,1.322,9.88,-60,1824,90.0,0.560
MET-09333908-1,TWR-0151,2024-12-09T08:49:00,17.27,493.07,1.121,9.41,-44,1469,27.0,4.034
MET-9526DC05-F,TWR-0152,2024-01-23T22:22:00,30.38,208.03,1.396,5.81,-60,1923,79.6,4.507
MET-2D82C7F4-1,TWR-0152,2024-02-03T17:03:00,30.28,380.00,0.694,14.01,-63,339,73.2,2.568
MET-689F9EDC-D,TWR-0152,2024-02-05T00:28:00,29.13,143.19,0.212,3.52,-42,658,50.7,4.929
MET-FD3C0F9D-2,TWR-0152,2024-02-25T19:21:00,27.35,230.45,0.179,4.82,-45,1413,76.8,1.253
MET-ACA2AC96-D,TWR-0152,2024-03-07T14:24:00,31.40,264.85,0.498,1.20,-54,497,35.6,3.245
MET-8B444313-0,TWR-0152,2024-04-12T04:50:00,32.66,226.00,1.196,11.92,-40,1986,70.1,4.184
MET-AF29677C-1,TWR-0152,2024-04-25T06:37:00,47.32,142.84,0.656,3.11,-46,1655,66.1,3.871
MET-1E2E5C24-2,TWR-0152,2024-06-01T05:33:00,46.96,498.54,1.063,8.03,-41,873,59.4,1.677
MET-E5ED2F24-5,TWR-0152,2024-07-07T03:55:00,42.75,397.58,0.550,4.08,-70,1697,37.1,3.499
MET-FDB73B40-1,TWR-0152,2024-07-23T19:20:00,34.68,351.96,1.455,11.80,-54,1009,45.2,1.648
MET-1B8B278A-7,TWR-0152,2024-08-01T01:05:00,31.97,115.84,0.734,6.02,-47,522,37.1,1.444
MET-85237AB9-5,TWR-0152,2024-09-10T21:03:00,25.44,194.21,1.480,6.89,-48,1458,60.8,0.264
MET-1D27AAB9-6,TWR-0152,2024-09-11T22:33:00,28.80,136.85,1.472,10.83,-65,1696,58.9,2.333
MET-C8C9FA53-8,TWR-0152,2024-09-22T12:38:00,24.03,384.34,1.138,8.95,-67,1784,42.8,1.794
MET-1B04DB3F-B,TWR-0152,2024-10-07T17:07:00,43.00,397.21,0.637,5.73,-40,1369,87.3,0.228
MET-4CA9AD44-B,TWR-0152,2024-10-16T19:15:00,15.66,119.47,0.944,3.70,-44,1683,22.9,0.492
MET-FDDA6DC3-1,TWR-0152,2024-11-09T18:29:00,16.78,157.58,0.911,3.85,-40,1725,81.0,4.668
MET-F8D7E89C-F,TWR-0152,2024-12-03T09:33:00,20.03,375.55,0.538,2.28,-69,738,25.7,1.531
MET-E8DB30CE-0,TWR-0152,2024-12-12T00:45:00,34.39,227.05,0.785,8.82,-57,452,77.9,1.975
MET-9C2EC41D-1,TWR-0152,2024-12-14T15:48:00,10.17,292.87,1.059,13.33,-44,1582,87.9,1.317
MET-8DCA1967-C,TWR-0153,2024-01-05T13:45:00,43.58,348.64,1.157,11.55,-40,1786,40.8,2.699
MET-9EA40224-2,TWR-0153,2024-01-09T03:10:00,32.69,368.51,0.224,3.31,-47,1227,36.8,3.847
MET-C60EC399-0,TWR-0153,2024-01-19T08:48:00,24.71,224.91,0.832,14.87,-64,1145,74.8,1.584
MET-97F7CAB4-D,TWR-0153,2024-03-21T09:58:00,38.97,206.62,0.249,1.91,-70,190,70.5,1.029
MET-5CA8B95C-7,TWR-0153,2024-04-13T13:22:00,29.69,172.42,0.351,3.42,-51,1249,43.0,4.926
MET-489A46E6-7,TWR-0153,2024-04-29T08:04:00,36.19,189.66,0.278,11.39,-46,1778,20.5,4.394
MET-4BF7DAAD-2,TWR-0153,2024-05-24T01:20:00,32.58,324.37,0.029,7.75,-47,309,23.4,0.208
MET-4D09D853-0,TWR-0153,2024-06-07T12:59:00,27.19,395.80,1.246,9.96,-46,557,29.7,2.616
MET-98A5D6E5-C,TWR-0153,2024-06-15T00:02:00,29.66,306.62,1.445,5.07,-60,287,30.3,2.959
MET-88C5C9B4-B,TWR-0153,2024-07-24T18:52:00,26.49,313.41,0.111,10.88,-70,1417,50.0,0.573
MET-90902347-0,TWR-0153,2024-08-09T22:48:00,20.89,481.16,1.331,11.08,-53,324,48.4,1.792
MET-917722EA-C,TWR-0153,2024-09-11T13:21:00,34.13,379.81,0.764,11.13,-46,525,36.8,1.044
MET-FA20D6EE-F,TWR-0153,2024-09-15T13:28:00,26.98,101.09,1.192,5.93,-48,877,68.5,4.478
MET-8AC76441-6,TWR-0153,2024-09-29T15:11:00,12.80,346.15,1.228,8.82,-69,1052,46.3,2.695
MET-B7A6B869-A,TWR-0153,2024-10-08T15:13:00,27.01,375.02,1.299,7.51,-42,294,56.4,5.000
MET-CD5D2A83-B,TWR-0153,2024-10-12T09:41:00,32.90,118.74,1.153,8.53,-45,1690,90.2,3.766
MET-56588614-5,TWR-0153,2024-10-30T03:17:00,44.84,300.23,1.280,4.51,-65,821,58.1,2.122
MET-484149DF-0,TWR-0153,2024-11-19T03:16:00,20.27,212.85,0.288,14.69,-69,1341,63.6,2.642
MET-DB66A973-8,TWR-0153,2024-11-19T17:29:00,14.26,176.24,0.389,7.74,-61,953,37.3,3.886
MET-1A58660F-E,TWR-0153,2024-12-02T05:44:00,31.60,389.16,1.335,11.58,-44,903,61.9,2.343
MET-37AB8797-5,TWR-0154,2024-01-22T10:38:00,43.26,346.99,1.044,4.56,-40,523,78.9,2.327
MET-2B67C5E8-1,TWR-0154,2024-01-25T05:30:00,14.85,350.32,1.357,2.51,-56,323,59.1,1.017
MET-82473612-F,TWR-0154,2024-02-21T17:42:00,11.31,335.75,1.089,9.56,-44,816,51.9,4.958
MET-22DF0FCE-A,TWR-0154,2024-02-28T00:22:00,26.13,428.50,0.037,12.91,-56,607,40.9,4.776
MET-304A9529-2,TWR-0154,2024-03-25T21:05:00,31.48,188.87,1.187,6.14,-52,405,48.9,3.538
MET-88AC6EBE-2,TWR-0154,2024-04-02T04:47:00,43.33,442.21,0.566,1.30,-55,234,38.8,0.548
MET-CFCF7472-B,TWR-0154,2024-04-27T01:32:00,33.67,489.93,1.051,14.10,-44,231,92.6,2.579
MET-8E009D7D-7,TWR-0154,2024-05-10T02:53:00,19.30,187.66,1.121,1.97,-44,1768,79.9,3.999
MET-DACBE254-7,TWR-0154,2024-06-03T16:34:00,13.98,274.49,1.110,10.84,-70,1676,52.1,4.475
MET-D52FE9BA-D,TWR-0154,2024-06-12T17:28:00,45.68,143.40,0.593,9.50,-63,347,93.7,0.581
MET-D8D0A5F3-5,TWR-0154,2024-06-29T10:22:00,46.15,286.63,0.238,13.08,-56,1314,43.6,1.165
MET-B61C1C36-6,TWR-0154,2024-07-04T16:36:00,29.43,143.17,1.017,12.66,-66,1955,58.3,1.503
MET-D714CD26-4,TWR-0154,2024-07-05T08:03:00,10.29,296.91,0.138,4.96,-56,1661,38.7,1.504
MET-F448C8B6-2,TWR-0154,2024-08-23T03:36:00,18.45,166.74,1.107,1.83,-57,1195,84.5,2.208
MET-627EEB0D-A,TWR-0154,2024-09-05T23:31:00,28.40,416.87,0.830,2.49,-58,404,63.6,4.171
MET-5D97E671-7,TWR-0154,2024-10-14T13:29:00,14.91,231.33,0.376,1.20,-53,64,82.5,4.890
MET-0F381EDC-5,TWR-0154,2024-10-19T10:38:00,39.91,404.26,0.176,13.78,-69,1317,74.7,2.166
MET-04F2B4AA-0,TWR-0154,2024-11-17T04:11:00,40.68,478.34,0.451,12.64,-59,1440,92.2,4.524
MET-CCAA115E-B,TWR-0154,2024-11-20T01:19:00,37.92,102.68,0.478,11.45,-70,825,70.6,2.000
MET-CCDB46B5-6,TWR-0154,2024-12-08T21:34:00,26.91,325.31,1.067,13.97,-66,1193,57.4,2.628
MET-819501C4-3,TWR-0155,2024-01-02T07:17:00,13.90,378.92,0.211,2.04,-69,1701,78.2,3.001
MET-BD54CC48-F,TWR-0155,2024-01-14T21:57:00,33.91,167.23,1.126,9.79,-67,1459,23.4,1.368
MET-CB969F9F-6,TWR-0155,2024-01-25T09:34:00,26.95,469.13,0.049,3.43,-41,1165,93.6,3.351
MET-A7E5BD9F-2,TWR-0155,2024-03-08T01:18:00,44.90,431.41,0.798,6.44,-67,1813,21.7,1.990
MET-6B56BD09-2,TWR-0155,2024-03-13T06:09:00,43.56,456.83,1.041,13.34,-44,1613,78.3,1.261
MET-BEFDE5DE-C,TWR-0155,2024-03-18T17:58:00,30.34,214.98,1.426,11.30,-58,212,86.7,0.612
MET-FA0844A8-5,TWR-0155,2024-04-14T15:29:00,14.25,279.95,0.590,4.09,-65,994,83.4,0.646
MET-590454A2-8,TWR-0155,2024-04-15T04:12:00,34.85,358.67,0.350,11.88,-40,1077,91.2,4.467
MET-7FA1405D-E,TWR-0155,2024-05-17T01:05:00,21.83,348.94,1.137,5.95,-63,910,84.8,1.897
MET-81456A3A-E,TWR-0155,2024-05-22T20:20:00,25.43,490.30,0.401,6.36,-47,1969,87.2,4.028
MET-6398AA21-D,TWR-0155,2024-06-12T11:45:00,20.48,489.44,1.007,13.96,-47,444,55.0,3.536
MET-68B466FC-0,TWR-0155,2024-06-24T07:47:00,48.17,363.50,1.303,7.02,-64,1438,76.1,0.243
MET-C188E82C-4,TWR-0155,2024-07-05T22:20:00,30.43,476.06,1.166,2.50,-50,1277,69.9,2.253
MET-66601F8C-2,TWR-0155,2024-07-16T14:46:00,16.99,447.86,0.028,11.15,-65,573,23.6,1.971
MET-F50F6C86-E,TWR-0155,2024-07-18T19:12:00,22.71,173.45,0.296,2.00,-58,1377,59.9,0.816
MET-5FF19AEE-9,TWR-0155,2024-09-10T05:58:00,12.22,159.11,0.772,4.71,-55,572,89.2,0.017
MET-D5571557-5,TWR-0155,2024-10-23T12:24:00,44.68,325.28,1.246,11.08,-43,1732,29.5,4.361
MET-E1BD910A-8,TWR-0155,2024-11-16T14:16:00,48.97,372.96,0.883,13.28,-55,767,78.9,0.412
MET-ADAD19D6-8,TWR-0155,2024-12-12T03:34:00,22.90,449.13,0.736,4.00,-53,560,85.9,0.698
MET-C956C057-7,TWR-0155,2024-12-12T12:45:00,36.28,499.73,0.466,13.33,-62,64,25.3,0.731
MET-58DA8409-B,TWR-0156,2024-01-02T03:04:00,32.46,237.38,1.044,13.39,-48,1850,20.0,4.641
MET-1740A4E2-5,TWR-0156,2024-01-24T10:45:00,15.47,154.66,1.126,3.21,-60,885,63.0,2.294
MET-37E4298D-A,TWR-0156,2024-01-24T23:15:00,30.66,126.86,0.813,10.65,-64,1868,60.3,0.028
MET-AA04E83F-1,TWR-0156,2024-02-27T16:24:00,27.35,128.75,0.125,2.55,-67,1848,82.5,1.622
MET-599A22A7-6,TWR-0156,2024-04-05T12:32:00,30.01,441.97,0.158,2.13,-62,90,93.0,2.490
MET-04D3DF73-F,TWR-0156,2024-04-15T15:58:00,44.44,313.45,1.197,11.02,-50,1063,89.8,3.836
MET-A1BB8DC9-1,TWR-0156,2024-04-16T18:47:00,47.82,231.93,1.208,4.04,-57,287,90.6,0.396
MET-2CCDDFA5-9,TWR-0156,2024-04-22T15:55:00,40.38,354.39,0.743,9.31,-57,1667,69.0,0.813
MET-17A02E72-4,TWR-0156,2024-05-14T02:31:00,36.51,228.35,1.057,12.63,-44,960,20.4,3.885
MET-D22D68F3-D,TWR-0156,2024-05-25T00:07:00,40.50,385.58,0.260,14.79,-49,1940,94.5,4.153
MET-32AF52DF-D,TWR-0156,2024-06-06T05:07:00,25.82,226.04,0.337,11.69,-49,1468,36.5,0.479
MET-29F50D59-0,TWR-0156,2024-06-27T23:39:00,34.37,160.97,1.213,6.14,-70,135,88.7,2.412
MET-C3E1E978-3,TWR-0156,2024-07-09T07:49:00,21.53,346.91,1.013,12.32,-51,1850,52.2,2.082
MET-033829F2-B,TWR-0156,2024-08-18T23:56:00,31.95,371.00,0.235,8.63,-63,1104,88.7,2.076
MET-953DD674-F,TWR-0156,2024-08-23T23:54:00,46.49,499.39,0.398,6.97,-49,458,78.9,2.797
MET-15325DA6-C,TWR-0156,2024-09-14T14:51:00,14.80,273.16,0.474,1.81,-64,1572,80.9,0.008
MET-0D4AF7CF-A,TWR-0156,2024-09-15T00:27:00,32.18,223.50,1.427,9.41,-59,1766,68.9,2.975
MET-DEA2BA39-7,TWR-0156,2024-09-22T02:26:00,48.21,103.02,1.307,3.96,-69,1358,53.7,3.319
MET-7C9A0271-3,TWR-0156,2024-11-01T21:49:00,39.83,414.10,0.100,10.05,-66,267,79.5,1.054
MET-FC37C04F-9,TWR-0156,2024-12-07T01:20:00,12.95,482.27,0.708,13.29,-40,631,79.1,4.005
MET-FEFDE34D-1,TWR-0157,2024-01-07T02:01:00,23.83,196.48,0.228,6.63,-57,1768,60.5,2.238
MET-3B4B7B41-E,TWR-0157,2024-02-14T08:33:00,38.46,202.33,0.818,12.02,-65,326,54.6,1.326
MET-F44A42CB-E,TWR-0157,2024-02-17T12:51:00,21.47,297.73,1.354,13.15,-64,1930,78.3,4.558
MET-ACDC74AB-C,TWR-0157,2024-02-21T02:25:00,15.90,202.90,1.357,4.92,-65,1889,82.4,3.380
MET-2D81A5A7-E,TWR-0157,2024-03-14T14:07:00,18.06,359.53,1.152,2.75,-54,725,42.8,1.185
MET-EDE24341-E,TWR-0157,2024-04-14T05:13:00,26.75,451.25,0.230,8.67,-54,1606,80.2,1.364
MET-FF5E82B1-A,TWR-0157,2024-04-17T15:30:00,32.49,275.05,0.631,7.98,-53,1814,37.8,2.950
MET-1CB85ECE-A,TWR-0157,2024-04-18T17:43:00,21.06,306.06,1.008,2.89,-65,319,77.7,3.681
MET-761C6CA7-1,TWR-0157,2024-05-21T10:25:00,12.16,473.01,1.305,11.51,-51,1911,56.4,1.553
MET-18AEA21F-D,TWR-0157,2024-06-09T18:53:00,40.61,480.00,1.358,10.94,-51,510,81.8,3.009
MET-9CE9B9EB-0,TWR-0157,2024-06-21T13:20:00,46.61,114.85,0.972,5.86,-68,1078,27.5,3.201
MET-E1072CB9-8,TWR-0157,2024-07-19T12:02:00,23.44,357.16,0.852,6.28,-53,1596,84.6,3.368
MET-263A3088-2,TWR-0157,2024-08-17T13:06:00,23.58,456.22,1.345,12.46,-47,1583,78.0,4.947
MET-97ECE668-6,TWR-0157,2024-09-04T00:13:00,32.09,438.66,0.287,6.46,-60,1493,76.5,0.063
MET-CE04EFF1-E,TWR-0157,2024-10-05T19:57:00,13.87,253.46,1.153,3.04,-44,238,22.9,2.939
MET-2A60F70E-A,TWR-0157,2024-10-22T07:05:00,47.33,414.50,0.937,10.66,-41,1567,48.0,4.152
MET-FD23A201-3,TWR-0157,2024-11-10T08:52:00,34.89,191.55,0.728,10.71,-57,1637,64.5,1.595
MET-FD7A5858-3,TWR-0157,2024-11-28T07:51:00,11.12,434.33,1.014,11.84,-68,1124,59.9,1.592
MET-5D45400B-1,TWR-0157,2024-11-28T13:07:00,20.32,149.32,1.010,4.67,-53,782,81.5,1.704
MET-DA47D932-D,TWR-0157,2024-12-03T09:34:00,37.33,217.69,1.110,14.71,-69,1268,39.7,1.996
MET-DF03DE15-B,TWR-0158,2024-02-13T13:01:00,21.38,110.38,1.036,13.64,-68,1264,90.0,0.278
MET-7D41E1C1-E,TWR-0158,2024-03-16T13:00:00,48.29,343.80,0.439,13.85,-63,663,54.0,3.627
MET-DD86F37E-F,TWR-0158,2024-03-26T14:13:00,29.11,267.65,1.415,3.14,-61,674,31.7,2.764
MET-EDB3D556-C,TWR-0158,2024-05-01T22:03:00,41.81,438.33,0.380,4.68,-56,1841,64.3,0.781
MET-D41E7380-2,TWR-0158,2024-05-13T22:19:00,21.17,328.46,0.707,8.95,-58,144,56.8,2.886
MET-763F9AB4-8,TWR-0158,2024-06-08T11:15:00,15.54,473.85,0.323,3.94,-47,795,71.6,1.969
MET-F246254E-5,TWR-0158,2024-06-13T12:36:00,29.49,481.49,1.188,2.06,-48,1704,55.8,2.884
MET-75B977FD-C,TWR-0158,2024-06-22T07:58:00,48.55,199.07,0.155,13.96,-57,1166,39.4,2.188
MET-71419947-1,TWR-0158,2024-07-03T16:59:00,40.98,311.35,1.022,9.90,-69,96,49.2,0.026
MET-8E640588-0,TWR-0158,2024-07-08T20:46:00,21.10,388.74,1.457,6.29,-60,1724,45.6,4.836
MET-02AD8772-4,TWR-0158,2024-08-06T03:54:00,40.65,139.58,0.679,13.91,-56,1464,27.9,2.872
MET-1569FB1F-A,TWR-0158,2024-08-09T19:57:00,41.60,389.01,0.821,13.82,-60,381,33.1,4.951
MET-9D9A6AC8-F,TWR-0158,2024-08-09T20:59:00,43.70,499.36,0.451,13.66,-63,149,63.4,4.529
MET-1FCA39A5-5,TWR-0158,2024-08-26T15:54:00,24.02,130.51,1.326,7.33,-47,500,66.4,4.369
MET-13448E95-A,TWR-0158,2024-09-09T20:32:00,39.23,187.27,0.619,5.24,-53,1360,21.7,3.399
MET-CBABF644-B,TWR-0158,2024-09-14T18:40:00,30.11,424.09,1.379,3.98,-40,1388,42.5,2.418
MET-0933537B-0,TWR-0158,2024-11-11T16:52:00,40.70,290.38,0.456,8.10,-54,430,73.5,0.513
MET-E9F07E4E-F,TWR-0158,2024-11-22T10:29:00,11.48,132.38,1.386,3.63,-69,1927,57.1,4.068
MET-4C4A31F9-C,TWR-0158,2024-12-04T04:04:00,30.95,494.05,0.512,14.57,-49,769,26.6,1.715
MET-69FF7EFD-9,TWR-0158,2024-12-11T11:09:00,17.29,179.20,1.375,9.95,-63,120,88.5,3.705
MET-C8C453F0-C,TWR-0159,2024-01-04T07:19:00,40.59,361.77,1.376,3.09,-48,127,73.4,1.372
MET-090BEC7E-5,TWR-0159,2024-01-07T04:04:00,29.71,166.51,1.080,14.55,-66,224,57.0,2.643
MET-8928BEC6-D,TWR-0159,2024-01-29T13:22:00,10.50,251.01,0.072,10.50,-43,266,59.4,4.704
MET-DDDD257A-3,TWR-0159,2024-02-08T01:32:00,44.98,447.49,1.398,7.83,-45,170,23.7,1.702
MET-3F37C7E8-9,TWR-0159,2024-02-25T17:18:00,45.06,476.15,1.020,14.79,-56,662,27.8,1.645
MET-402B1684-C,TWR-0159,2024-03-14T14:59:00,13.54,164.28,0.830,2.91,-40,747,43.0,4.636
MET-286A7931-C,TWR-0159,2024-03-20T21:45:00,49.27,473.10,0.351,13.53,-52,1319,92.8,0.537
MET-2B3F8455-4,TWR-0159,2024-04-01T19:27:00,11.22,118.09,0.946,7.81,-52,483,79.1,4.361
MET-24336E43-6,TWR-0159,2024-04-02T04:17:00,49.01,380.82,0.682,13.27,-44,1596,42.5,4.851
MET-9DD7A358-8,TWR-0159,2024-04-24T11:35:00,32.97,293.11,1.311,7.49,-44,1199,86.9,0.673
MET-B74EE5A7-7,TWR-0159,2024-05-10T19:07:00,31.78,457.47,0.276,9.94,-44,1518,22.5,4.012
MET-77CC88C8-F,TWR-0159,2024-05-31T00:53:00,25.42,496.52,0.126,8.78,-63,982,59.9,3.309
MET-BDB36D75-C,TWR-0159,2024-06-07T14:02:00,28.47,212.68,1.099,9.70,-63,390,49.8,3.674
MET-F7B60103-A,TWR-0159,2024-06-15T19:56:00,22.90,216.65,0.789,7.24,-45,792,62.0,3.579
MET-C0623C3B-4,TWR-0159,2024-06-17T02:35:00,49.50,236.22,0.053,7.18,-67,125,26.3,0.996
MET-9EA86C37-E,TWR-0159,2024-08-02T01:24:00,33.18,357.36,1.255,7.13,-68,1431,24.7,4.195
MET-D4DB9D26-9,TWR-0159,2024-09-03T05:58:00,17.56,232.80,0.081,7.97,-48,479,91.0,3.000
MET-986E6458-9,TWR-0159,2024-11-22T04:35:00,40.04,100.40,1.414,3.59,-57,1843,56.5,2.840
MET-B5E33CB8-E,TWR-0159,2024-12-03T04:23:00,24.94,290.90,0.863,6.90,-68,227,24.9,2.534
MET-5A7CBA71-F,TWR-0159,2024-12-04T00:13:00,37.99,289.98,0.627,1.17,-41,427,86.7,4.180
MET-A1A60CB3-E,TWR-0160,2024-01-11T22:01:00,42.46,141.29,1.162,3.17,-50,500,67.3,2.698
MET-47224A0C-9,TWR-0160,2024-01-15T11:47:00,30.45,224.24,0.021,4.89,-63,1464,55.7,2.436
MET-ACBB50BA-D,TWR-0160,2024-01-22T15:42:00,14.69,422.97,0.678,12.27,-70,1537,88.2,3.092
MET-0379C69F-E,TWR-0160,2024-02-06T13:37:00,45.09,195.15,0.149,7.81,-43,568,76.8,3.122
MET-021246CC-C,TWR-0160,2024-02-14T02:36:00,41.33,227.92,0.710,6.84,-46,1963,94.3,3.814
MET-917C15A1-1,TWR-0160,2024-03-02T23:44:00,26.61,390.72,0.369,6.27,-45,255,68.3,4.235
MET-4C6A1F38-F,TWR-0160,2024-03-27T13:12:00,30.64,357.51,0.638,14.48,-59,943,81.1,4.772
MET-40F8EBEE-3,TWR-0160,2024-04-08T00:00:00,35.37,432.66,0.457,14.65,-63,323,90.8,0.459
MET-56E92928-7,TWR-0160,2024-05-16T17:41:00,26.98,147.87,0.036,12.48,-43,627,71.6,4.292
MET-0B71B0C1-F,TWR-0160,2024-06-15T07:02:00,34.69,292.50,0.046,6.11,-44,723,33.3,1.094
MET-B31E5530-C,TWR-0160,2024-06-18T01:56:00,11.41,388.35,0.699,5.82,-60,1807,38.8,2.282
MET-3DAF29E7-E,TWR-0160,2024-06-28T08:50:00,11.61,118.05,0.471,13.54,-62,1540,92.3,2.008
MET-5BD90293-2,TWR-0160,2024-07-09T08:47:00,26.18,152.48,0.079,11.26,-42,1711,39.7,1.704
MET-D3D6DEC6-D,TWR-0160,2024-07-31T03:35:00,10.77,408.01,0.579,14.34,-60,1739,94.7,2.919
MET-C27C5176-F,TWR-0160,2024-08-05T08:08:00,10.51,232.52,1.040,1.66,-45,1680,74.6,1.102
MET-D964BBD5-A,TWR-0160,2024-09-22T11:18:00,24.75,342.52,0.817,13.65,-42,413,44.6,4.822
MET-8852B948-1,TWR-0160,2024-10-01T21:11:00,48.45,312.87,0.634,6.74,-52,828,90.5,2.641
MET-66E62521-1,TWR-0160,2024-11-09T09:11:00,25.02,371.36,1.433,5.54,-40,322,46.1,2.345
MET-00413D27-6,TWR-0160,2024-11-25T23:09:00,44.81,194.18,1.495,6.65,-45,1592,61.4,0.791
MET-07CAE6CE-5,TWR-0160,2024-12-12T23:45:00,28.36,323.90,0.936,5.20,-48,868,79.8,1.605
MET-6178AA5D-D,TWR-0161,2024-01-06T09:32:00,34.89,349.56,0.871,7.09,-49,1669,64.1,0.062
MET-79C019AB-E,TWR-0161,2024-01-13T18:43:00,25.56,409.46,0.146,10.27,-53,1018,46.9,2.773
MET-FDA93424-0,TWR-0161,2024-02-11T05:45:00,17.81,465.00,0.259,1.16,-43,645,86.6,4.736
MET-3BBE3C5B-8,TWR-0161,2024-02-16T10:18:00,10.64,428.20,0.935,2.94,-65,1745,29.0,3.309
MET-9B4BEF26-5,TWR-0161,2024-02-26T17:55:00,18.96,483.85,1.007,11.89,-46,687,88.0,4.001
MET-447EF4AF-E,TWR-0161,2024-02-27T21:19:00,18.16,205.53,1.067,2.40,-45,470,43.3,0.363
MET-F8145E50-8,TWR-0161,2024-03-05T14:22:00,11.09,180.93,0.618,6.76,-70,1074,81.0,1.510
MET-7481BFC4-1,TWR-0161,2024-05-06T19:49:00,20.15,422.90,1.119,9.50,-61,305,46.8,0.879
MET-C353E12F-9,TWR-0161,2024-05-31T18:41:00,26.68,112.90,0.613,7.11,-66,1300,59.6,4.413
MET-58BC4015-A,TWR-0161,2024-06-12T01:14:00,38.26,243.48,0.696,3.84,-46,1598,32.6,3.554
MET-F470800C-8,TWR-0161,2024-07-09T23:43:00,44.78,250.27,1.000,11.67,-56,301,73.7,0.058
MET-78DBE1D6-4,TWR-0161,2024-08-06T13:48:00,12.94,298.84,0.722,13.92,-55,77,22.6,2.373
MET-D197867C-1,TWR-0161,2024-08-16T12:46:00,42.53,231.01,1.331,8.02,-63,776,81.3,2.707
MET-5BB1E151-6,TWR-0161,2024-08-26T01:11:00,23.41,390.79,1.372,2.01,-49,610,63.9,0.805
MET-187482FD-0,TWR-0161,2024-09-22T07:56:00,44.04,205.89,1.475,2.82,-48,305,66.9,2.112
MET-58280DE6-8,TWR-0161,2024-10-01T14:21:00,28.58,143.52,0.622,10.32,-64,156,27.9,1.758
MET-59C60087-3,TWR-0161,2024-10-20T20:07:00,33.62,175.28,0.364,1.93,-59,988,54.4,0.475
MET-AC8D30D3-1,TWR-0161,2024-10-22T17:49:00,25.66,126.27,0.321,8.69,-49,122,67.7,1.908
MET-9C0FA81B-5,TWR-0161,2024-10-28T19:28:00,19.77,355.91,1.269,13.99,-58,505,53.9,2.092
MET-28D0B0D9-5,TWR-0161,2024-11-08T20:30:00,17.31,299.27,1.072,12.59,-52,1989,22.4,1.361
MET-CC7F9ADD-C,TWR-0162,2024-01-01T04:34:00,11.01,412.49,0.645,11.84,-43,942,35.4,3.229
MET-86F1739F-4,TWR-0162,2024-01-03T23:05:00,22.36,135.38,1.427,13.77,-47,1921,34.3,0.626
MET-F605B1F6-7,TWR-0162,2024-01-26T23:52:00,10.72,436.93,0.152,2.30,-41,683,67.8,0.308
MET-38E408FA-F,TWR-0162,2024-02-21T09:45:00,44.95,328.60,1.202,4.55,-47,1982,56.3,2.007
MET-61E93041-1,TWR-0162,2024-03-03T03:10:00,41.66,143.45,0.137,3.39,-48,172,28.6,1.055
MET-9AB9C882-C,TWR-0162,2024-04-15T07:59:00,20.80,389.30,0.555,8.10,-69,1405,91.9,0.629
MET-8EF18689-6,TWR-0162,2024-04-22T03:28:00,16.91,359.45,0.328,14.89,-56,1724,45.7,1.868
MET-0DB1A74E-2,TWR-0162,2024-05-12T00:03:00,19.40,269.35,1.348,11.90,-43,292,30.3,4.261
MET-76399A4B-0,TWR-0162,2024-06-12T08:02:00,15.70,384.66,0.138,9.51,-49,88,60.0,4.936
MET-4B38C6C0-E,TWR-0162,2024-07-25T12:26:00,39.36,181.38,0.773,3.79,-54,193,20.6,2.276
MET-17C2A3C6-3,TWR-0162,2024-08-08T12:28:00,39.58,308.00,0.235,12.32,-43,1262,50.2,3.919
MET-756D0DF3-F,TWR-0162,2024-08-10T04:38:00,15.12,380.57,0.058,2.42,-62,909,29.7,0.315
MET-49F217C1-2,TWR-0162,2024-08-17T04:33:00,45.50,311.33,0.782,9.31,-42,1534,89.0,1.360
MET-3E550FD2-E,TWR-0162,2024-08-30T14:43:00,35.76,146.83,0.899,8.69,-68,88,63.1,4.318
MET-F6BDA516-9,TWR-0162,2024-09-19T02:57:00,16.77,405.39,0.112,2.49,-49,1668,90.9,3.254
MET-07CE0E8E-8,TWR-0162,2024-09-30T16:54:00,28.71,351.43,0.948,7.50,-67,819,70.3,2.915
MET-8221BFC2-F,TWR-0162,2024-10-08T02:13:00,16.40,401.82,0.424,8.10,-42,107,77.1,1.982
MET-82868804-9,TWR-0162,2024-11-15T10:41:00,14.71,282.65,0.849,7.58,-46,1299,33.5,1.353
MET-D7EC7085-8,TWR-0162,2024-11-23T10:24:00,11.95,331.76,0.714,10.34,-42,1658,32.8,2.899
MET-43F85BE1-B,TWR-0162,2024-11-27T04:34:00,40.72,257.39,0.645,14.80,-65,1628,62.3,2.915
MET-ACB4E27A-6,TWR-0163,2024-01-09T00:59:00,13.08,292.07,1.154,2.98,-66,955,76.6,0.844
MET-83B19B8D-7,TWR-0163,2024-02-10T02:44:00,40.82,137.28,0.665,3.84,-45,646,24.3,4.610
MET-D7F452E7-9,TWR-0163,2024-02-20T00:57:00,33.83,451.81,0.416,4.01,-52,600,81.4,3.022
MET-078B29AC-9,TWR-0163,2024-02-28T17:42:00,35.06,115.06,0.143,12.76,-61,560,81.7,3.166
MET-D907B7B2-9,TWR-0163,2024-03-08T23:37:00,46.35,355.26,0.714,1.52,-49,254,34.2,2.277
MET-C4C7D1D9-3,TWR-0163,2024-03-12T09:08:00,22.85,230.59,0.958,8.21,-50,586,89.3,3.238
MET-6A7D8116-8,TWR-0163,2024-03-19T07:41:00,34.76,269.58,1.498,7.65,-53,998,58.4,4.274
MET-CD77BBE6-8,TWR-0163,2024-03-19T16:16:00,11.70,284.85,0.236,11.45,-64,631,61.7,3.976
MET-641A5D48-E,TWR-0163,2024-05-27T02:16:00,20.31,351.28,0.564,9.90,-70,545,68.6,4.014
MET-45540166-6,TWR-0163,2024-07-18T22:18:00,47.89,296.71,0.488,14.36,-55,1243,64.2,3.025
MET-9B3CA067-C,TWR-0163,2024-07-31T11:56:00,48.02,473.36,0.848,11.37,-50,178,77.5,2.708
MET-E687E060-E,TWR-0163,2024-08-03T00:58:00,13.90,159.27,1.202,4.21,-50,876,35.3,1.976
MET-FA62F311-4,TWR-0163,2024-08-10T22:19:00,49.65,105.85,0.374,14.49,-60,509,74.3,4.040
MET-3FF21225-2,TWR-0163,2024-08-29T13:46:00,36.98,400.25,0.606,11.47,-67,1267,90.4,0.185
MET-16939DCE-6,TWR-0163,2024-09-04T08:49:00,19.95,478.51,0.201,5.66,-65,670,61.9,4.673
MET-DD45BC31-C,TWR-0163,2024-09-07T18:10:00,19.32,353.06,0.725,5.94,-58,1972,68.6,1.245
MET-3F339C88-A,TWR-0163,2024-09-08T02:38:00,12.30,114.24,0.274,11.75,-50,1267,28.3,0.742
MET-48798A78-5,TWR-0163,2024-09-22T05:41:00,31.85,137.86,0.188,9.28,-45,176,29.4,1.972
MET-1B6C6AA7-C,TWR-0163,2024-09-30T23:30:00,33.50,206.20,0.269,5.20,-69,1748,70.3,3.671
MET-DC84AD53-6,TWR-0163,2024-12-12T12:55:00,41.50,143.40,1.375,6.89,-41,1219,30.2,2.566
MET-2FA61018-E,TWR-0164,2024-01-04T21:32:00,37.39,160.54,0.662,2.69,-43,202,56.4,0.779
MET-A78D55BC-4,TWR-0164,2024-02-13T15:26:00,43.97,256.00,1.029,6.62,-48,676,74.6,0.032
MET-EF5F2B02-4,TWR-0164,2024-02-19T10:07:00,35.90,128.71,1.178,7.54,-54,1743,24.9,1.991
MET-6F6EDDDF-5,TWR-0164,2024-02-24T11:31:00,21.38,155.42,0.247,4.79,-66,1350,24.9,0.808
MET-AE3A7ADB-8,TWR-0164,2024-02-26T00:47:00,21.11,145.24,1.103,10.52,-69,1820,88.2,1.351
MET-47C27E68-F,TWR-0164,2024-03-09T11:35:00,21.14,200.57,0.002,14.20,-50,1863,81.1,0.476
MET-9CA56CC4-9,TWR-0164,2024-04-23T16:48:00,43.75,274.70,0.073,9.72,-69,510,81.3,3.667
MET-56FA2FFB-A,TWR-0164,2024-06-01T23:48:00,10.20,324.81,0.931,8.80,-63,748,28.2,2.677
MET-88CDE5F6-E,TWR-0164,2024-06-07T02:23:00,40.36,340.73,0.856,13.88,-70,1633,29.6,3.594
MET-84EF0D1A-F,TWR-0164,2024-06-07T22:05:00,31.85,142.31,1.424,6.40,-52,1449,89.7,4.011
MET-A4CEEF43-D,TWR-0164,2024-06-15T05:08:00,32.62,440.16,0.459,4.21,-70,1235,29.2,1.179
MET-79610305-4,TWR-0164,2024-06-17T05:45:00,49.52,296.33,1.051,12.54,-52,619,60.4,3.872
MET-E49D7C96-0,TWR-0164,2024-06-26T20:25:00,20.77,164.21,0.165,2.22,-42,942,88.4,4.826
MET-FA641CCB-8,TWR-0164,2024-06-27T09:13:00,13.89,135.22,0.025,12.99,-58,1324,53.1,2.338
MET-536AA07D-B,TWR-0164,2024-07-19T14:20:00,17.43,223.04,0.079,8.81,-41,1780,79.7,4.745
MET-1E61D5EF-8,TWR-0164,2024-08-28T16:31:00,46.02,155.19,0.364,3.23,-66,419,74.4,3.934
MET-436164E5-3,TWR-0164,2024-09-16T18:24:00,21.01,151.17,1.424,14.17,-41,1340,83.2,4.566
MET-262CFF0A-E,TWR-0164,2024-10-07T13:59:00,26.48,469.33,0.663,14.37,-70,1376,82.1,3.173
MET-8D83DD46-C,TWR-0164,2024-10-10T22:16:00,28.47,125.67,1.387,14.38,-57,917,79.0,3.688
MET-38464A76-2,TWR-0164,2024-12-15T02:45:00,16.80,402.28,1.095,8.14,-53,1959,75.2,1.891
MET-D75A9CD9-9,TWR-0165,2024-03-16T19:36:00,42.95,394.08,0.317,11.94,-60,1083,49.1,2.907
MET-552FC0DA-D,TWR-0165,2024-03-23T20:40:00,31.22,283.21,0.629,8.17,-45,966,34.4,0.819
MET-B9D5DB06-8,TWR-0165,2024-03-31T21:05:00,23.00,306.72,0.863,7.93,-41,1478,39.4,4.028
MET-EED51AD2-B,TWR-0165,2024-04-03T04:01:00,30.24,258.75,0.641,4.67,-64,1448,70.7,2.805
MET-8F1D96A5-D,TWR-0165,2024-04-17T21:49:00,40.16,144.84,1.353,3.84,-52,515,51.7,4.730
MET-1D20FF4B-C,TWR-0165,2024-04-28T21:11:00,40.78,319.23,0.180,4.85,-41,1801,35.6,0.182
MET-D5827486-4,TWR-0165,2024-05-11T21:45:00,41.70,118.53,0.334,3.32,-61,535,61.7,4.480
MET-68C2DBA0-2,TWR-0165,2024-05-25T11:51:00,27.41,223.06,0.950,5.82,-40,1576,24.7,4.190
MET-C57D7F10-C,TWR-0165,2024-06-08T09:30:00,34.43,109.98,0.932,12.40,-47,1555,69.7,2.730
MET-69CEAF1F-D,TWR-0165,2024-06-11T03:46:00,10.64,451.83,0.901,5.64,-45,1175,29.1,1.066
MET-1EB17848-D,TWR-0165,2024-06-19T07:09:00,21.46,212.77,0.950,13.67,-45,777,87.8,3.597
MET-0B63464A-6,TWR-0165,2024-07-18T18:44:00,44.49,239.28,1.498,15.00,-59,1015,81.2,2.306
MET-0AC03EE0-6,TWR-0165,2024-07-26T12:06:00,14.82,407.33,0.497,6.79,-44,1486,80.6,1.371
MET-BD3CC65C-9,TWR-0165,2024-09-09T01:04:00,21.86,364.55,1.147,7.58,-60,1935,40.3,1.276
MET-31F3A05B-0,TWR-0165,2024-09-18T09:48:00,25.27,178.56,0.789,2.01,-63,93,68.7,4.509
MET-298B1227-7,TWR-0165,2024-10-12T07:17:00,37.62,440.27,0.829,1.04,-61,296,45.4,0.825
MET-091BD0AB-0,TWR-0165,2024-10-20T00:17:00,40.24,353.96,0.962,13.95,-53,833,29.0,4.426
MET-CD31E1BC-6,TWR-0165,2024-10-21T11:54:00,45.80,380.81,1.066,6.70,-45,1268,70.2,3.700
MET-C370CA3E-6,TWR-0165,2024-11-01T00:06:00,38.30,148.98,1.299,1.45,-48,1509,25.4,1.941
MET-DB3E9DE3-7,TWR-0165,2024-11-18T07:09:00,29.24,110.07,1.438,6.56,-55,594,72.3,1.420
MET-610F594C-0,TWR-0166,2024-02-15T02:24:00,43.63,180.68,1.155,10.90,-64,1726,56.7,1.990
MET-CD7FFB2B-3,TWR-0166,2024-03-16T05:08:00,31.13,228.98,0.144,6.81,-70,1401,23.1,0.630
MET-4A667278-C,TWR-0166,2024-04-06T16:08:00,27.38,416.00,0.641,3.22,-58,103,42.0,1.655
MET-C4FC6D55-C,TWR-0166,2024-04-14T03:54:00,10.75,435.73,1.187,5.57,-61,1423,45.5,2.465
MET-09CBC02D-8,TWR-0166,2024-04-16T09:40:00,48.67,237.81,0.904,5.49,-47,1914,43.2,1.774
MET-E9AE02D8-8,TWR-0166,2024-04-28T19:35:00,31.80,388.18,0.023,2.41,-51,991,30.5,0.502
MET-69E957E4-F,TWR-0166,2024-06-04T02:29:00,13.09,318.36,0.033,14.32,-54,315,79.9,3.654
MET-85027B89-1,TWR-0166,2024-06-06T18:41:00,20.14,277.41,1.287,12.97,-59,942,44.2,0.849
MET-AA58D49B-8,TWR-0166,2024-06-12T15:52:00,11.93,176.75,1.169,11.60,-62,1513,39.7,4.618
MET-23E6F1F6-D,TWR-0166,2024-06-14T20:10:00,32.86,295.76,1.333,14.93,-56,1749,33.1,4.074
MET-E9A732C7-7,TWR-0166,2024-07-08T12:27:00,45.09,203.39,0.792,14.50,-41,1263,86.0,1.392
MET-DDC0D9DA-F,TWR-0166,2024-07-19T10:20:00,28.07,302.55,1.063,6.49,-67,589,90.7,2.564
MET-4310CFE1-9,TWR-0166,2024-08-12T14:31:00,26.60,354.98,0.477,11.25,-46,1829,65.7,3.355
MET-95DF8CDD-F,TWR-0166,2024-08-18T10:49:00,18.07,394.89,0.011,4.91,-57,1081,24.8,4.724
MET-57C9A108-7,TWR-0166,2024-08-23T16:28:00,18.70,243.16,1.216,2.51,-51,237,90.2,3.317
MET-3898F5CE-C,TWR-0166,2024-08-24T11:32:00,25.04,354.50,1.146,9.19,-53,886,50.2,1.334
MET-56A39A19-8,TWR-0166,2024-08-29T12:07:00,47.75,104.09,1.416,7.80,-60,1593,67.9,1.045
MET-11DFDB82-4,TWR-0166,2024-09-08T15:49:00,26.03,427.28,0.025,9.97,-68,182,93.2,3.469
MET-CE13EFBC-7,TWR-0166,2024-10-04T16:52:00,30.07,164.57,0.658,14.62,-60,327,44.0,3.103
MET-EE539E10-8,TWR-0166,2024-10-23T08:44:00,26.10,457.94,0.005,13.41,-68,1139,30.4,0.218
MET-1A25B152-4,TWR-0167,2024-01-13T12:45:00,19.90,440.95,0.073,7.02,-51,1092,92.8,2.867
MET-02A38135-0,TWR-0167,2024-01-23T00:02:00,28.10,189.05,1.385,4.57,-55,1890,78.0,3.208
MET-129D4BC0-3,TWR-0167,2024-01-29T04:49:00,11.07,119.37,1.403,12.44,-43,1370,26.0,0.149
MET-C60764FB-6,TWR-0167,2024-02-01T20:04:00,37.37,187.82,1.382,5.69,-49,1630,24.6,4.770
MET-29C7CA18-8,TWR-0167,2024-02-19T17:05:00,14.90,190.89,0.431,12.77,-47,1580,38.9,4.279
MET-62194529-4,TWR-0167,2024-04-20T21:54:00,40.38,158.18,0.237,2.67,-50,607,46.9,4.462
MET-619349C8-5,TWR-0167,2024-06-30T15:27:00,17.63,357.86,0.197,11.71,-40,519,48.2,2.444
MET-D15BA748-3,TWR-0167,2024-07-26T17:10:00,49.58,196.08,1.213,3.50,-40,1332,74.6,3.415
MET-AC7062E4-3,TWR-0167,2024-09-02T04:38:00,35.74,359.76,0.959,5.03,-43,208,79.6,1.507
MET-FD345BF9-0,TWR-0167,2024-09-12T10:10:00,37.88,100.88,0.402,6.13,-55,1513,55.5,1.645
MET-E29525BC-E,TWR-0167,2024-10-07T19:33:00,46.06,447.27,0.574,11.18,-42,606,94.6,1.091
MET-FBAE8231-6,TWR-0167,2024-10-09T17:31:00,30.48,227.36,1.235,3.47,-41,1984,86.3,2.122
MET-04E60E29-5,TWR-0167,2024-10-18T05:48:00,17.67,486.15,0.148,7.89,-43,335,83.2,4.994
MET-6A2BECC2-1,TWR-0167,2024-10-25T06:15:00,48.31,277.68,0.972,13.92,-68,1702,46.9,3.572
MET-1FB2AA64-E,TWR-0167,2024-11-04T08:07:00,22.25,350.26,0.887,7.40,-46,626,60.9,3.127
MET-AEB68227-4,TWR-0167,2024-11-08T00:42:00,16.27,386.18,1.104,4.10,-56,846,70.1,2.687
MET-4091DF08-8,TWR-0167,2024-11-14T02:43:00,47.36,402.85,0.962,9.56,-42,624,61.3,2.244
MET-22E912CD-B,TWR-0167,2024-11-30T05:56:00,43.08,317.94,0.172,2.27,-56,436,72.1,1.685
MET-8E8AF189-0,TWR-0167,2024-12-03T06:07:00,42.16,364.86,1.157,11.69,-69,154,31.4,1.656
MET-068B4994-C,TWR-0167,2024-12-12T17:28:00,20.20,260.98,1.147,1.45,-41,194,34.4,0.979
MET-1E3628CF-E,TWR-0168,2024-01-13T11:32:00,24.39,211.85,1.282,10.04,-53,354,46.0,0.226
MET-CA28196C-6,TWR-0168,2024-02-11T03:15:00,16.50,111.01,0.523,13.47,-67,55,49.1,0.032
MET-AB53BDD1-D,TWR-0168,2024-02-29T19:46:00,48.32,247.17,1.110,13.12,-57,1407,23.2,3.096
MET-56D63D56-5,TWR-0168,2024-03-03T05:59:00,27.60,168.02,0.045,14.82,-54,1772,34.2,4.921
MET-478144D1-2,TWR-0168,2024-03-18T15:56:00,29.06,297.79,1.070,7.76,-54,1005,77.2,3.594
MET-DCC559F4-D,TWR-0168,2024-04-28T10:42:00,35.84,441.73,1.058,13.73,-62,1968,29.1,2.737
MET-A3A8EE90-6,TWR-0168,2024-05-01T19:46:00,20.79,443.50,1.004,7.26,-48,1434,83.1,0.045
MET-A14B6231-6,TWR-0168,2024-05-05T02:26:00,29.21,162.28,0.038,4.24,-44,967,70.0,0.210
MET-C9E6C9DE-4,TWR-0168,2024-06-12T17:44:00,46.71,206.35,0.461,6.43,-68,1689,48.2,4.531
MET-4A2E2BB5-F,TWR-0168,2024-08-09T16:47:00,21.24,316.70,0.194,1.37,-68,899,81.6,4.944
MET-03D769AD-4,TWR-0168,2024-08-26T17:34:00,15.48,414.36,1.328,10.56,-53,1364,63.6,3.095
MET-470E9178-3,TWR-0168,2024-08-29T14:08:00,33.77,406.64,1.037,9.56,-47,362,70.6,4.007
MET-1F09EA28-4,TWR-0168,2024-09-02T21:28:00,23.72,380.30,0.965,5.29,-54,335,87.9,0.914
MET-A541C0DD-1,TWR-0168,2024-09-19T08:00:00,46.89,249.31,0.889,12.83,-48,807,21.8,4.909
MET-78656E6E-5,TWR-0168,2024-10-04T16:36:00,33.44,177.71,1.219,14.55,-51,865,58.5,1.023
MET-0D483E0C-B,TWR-0168,2024-10-07T09:47:00,31.43,331.17,1.259,6.88,-41,607,79.5,2.354
MET-09EA1DF9-1,TWR-0168,2024-10-10T12:10:00,29.05,333.86,1.253,14.29,-59,880,29.6,2.266
MET-20187F10-6,TWR-0168,2024-11-10T14:33:00,42.17,336.70,0.620,10.91,-64,948,50.1,2.109
MET-D49F875E-A,TWR-0168,2024-12-06T18:11:00,29.09,219.79,1.251,2.34,-40,725,74.8,4.526
MET-E7B18806-0,TWR-0168,2024-12-11T17:33:00,23.15,241.44,1.072,1.50,-42,53,53.1,1.597
MET-4199833E-0,TWR-0169,2024-01-16T09:20:00,22.32,491.02,0.959,6.17,-48,1270,82.3,4.728
MET-E3646B55-C,TWR-0169,2024-03-12T14:50:00,30.57,418.95,0.694,13.35,-54,748,75.6,4.826
MET-8ECE9636-6,TWR-0169,2024-03-21T08:48:00,15.34,355.82,0.113,7.62,-42,363,62.3,4.843
MET-234F590D-3,TWR-0169,2024-03-21T19:32:00,26.24,449.62,1.228,9.95,-67,1485,77.9,0.405
MET-A39A2BAE-9,TWR-0169,2024-03-26T02:41:00,49.89,357.97,1.411,2.23,-49,1840,60.1,4.529
MET-DE16B62B-1,TWR-0169,2024-05-11T14:05:00,29.98,319.57,0.831,2.11,-42,1979,22.5,1.835
MET-BE769D62-4,TWR-0169,2024-05-12T16:38:00,10.56,336.19,0.465,5.97,-63,697,25.8,4.372
MET-542D6A6B-D,TWR-0169,2024-05-17T05:16:00,17.75,333.02,0.610,11.41,-52,1135,50.6,1.914
MET-3D544A3A-D,TWR-0169,2024-05-29T10:10:00,46.56,494.70,1.381,2.82,-47,182,27.8,3.092
MET-A9E77FD9-2,TWR-0169,2024-06-09T01:12:00,35.77,324.53,1.071,6.65,-58,1407,49.9,4.117
MET-C53C2B1A-A,TWR-0169,2024-07-11T18:45:00,29.30,468.76,0.909,12.35,-41,573,79.8,2.515
MET-578865DB-F,TWR-0169,2024-07-22T19:56:00,30.81,291.22,0.664,11.08,-50,969,59.1,3.395
MET-51D4D9FC-F,TWR-0169,2024-08-11T21:59:00,41.93,292.60,0.789,6.04,-43,1143,59.3,0.827
MET-3A23CFDE-9,TWR-0169,2024-08-16T20:53:00,47.69,153.59,0.906,1.06,-67,647,42.5,2.257
MET-B7A8673A-0,TWR-0169,2024-09-09T23:00:00,30.67,495.82,0.987,8.53,-70,1114,26.5,0.171
MET-C73A9E86-8,TWR-0169,2024-09-10T06:20:00,22.98,161.69,0.783,3.77,-46,1764,53.8,4.598
MET-3A54601C-9,TWR-0169,2024-09-18T21:34:00,42.94,452.41,1.130,8.29,-44,1872,82.1,4.638
MET-C13FACD8-D,TWR-0169,2024-10-20T23:06:00,30.71,108.49,1.071,11.07,-66,1950,28.2,2.772
MET-3A33C3A2-A,TWR-0169,2024-11-15T11:32:00,15.70,467.54,0.361,3.04,-48,1011,72.4,3.037
MET-DFDFA8DA-3,TWR-0169,2024-11-20T13:21:00,30.04,349.55,0.366,11.60,-56,941,49.8,0.521
MET-C3A3E736-1,TWR-0170,2024-01-31T01:28:00,33.49,330.88,0.558,12.45,-40,1888,48.7,1.113
MET-74E080AB-7,TWR-0170,2024-02-01T09:21:00,39.26,418.68,0.020,12.96,-55,2000,28.8,2.060
MET-2639070E-D,TWR-0170,2024-03-03T20:14:00,10.75,195.24,0.384,5.25,-66,113,76.4,4.311
MET-C6ECD8CC-A,TWR-0170,2024-04-01T10:21:00,18.23,400.44,1.076,9.93,-64,881,53.9,0.504
MET-94020D10-3,TWR-0170,2024-04-17T21:23:00,10.28,128.42,0.772,11.24,-68,942,78.8,1.527
MET-FC9BBB2F-1,TWR-0170,2024-04-22T21:44:00,28.80,252.91,0.744,9.36,-40,361,64.5,1.728
MET-D9CF0864-8,TWR-0170,2024-06-02T05:36:00,35.47,173.14,1.313,10.37,-48,1413,78.8,2.011
MET-B1B4077A-2,TWR-0170,2024-06-12T23:28:00,39.82,436.07,1.035,7.54,-46,286,57.8,2.207
MET-4A008424-B,TWR-0170,2024-06-22T06:26:00,31.82,137.53,0.209,2.79,-64,1211,51.1,4.528
MET-11FD3CC6-1,TWR-0170,2024-06-23T01:50:00,24.38,364.41,0.690,10.27,-40,502,32.5,0.170
MET-B169EFE2-5,TWR-0170,2024-07-10T03:41:00,39.94,268.26,1.038,2.70,-45,1487,68.7,2.369
MET-5C598AB5-6,TWR-0170,2024-07-13T16:16:00,14.40,265.84,0.775,2.22,-49,1021,25.0,1.241
MET-0F3B6FCB-9,TWR-0170,2024-07-21T21:06:00,28.11,307.74,0.379,4.39,-66,695,51.8,3.988
MET-89A6B160-C,TWR-0170,2024-07-29T22:56:00,32.51,429.29,1.245,14.36,-40,660,30.7,0.413
MET-3BFEA909-2,TWR-0170,2024-08-20T19:04:00,49.17,431.62,0.247,7.35,-53,1585,39.4,0.921
MET-21C3C912-3,TWR-0170,2024-09-01T08:14:00,45.51,191.20,0.308,2.21,-66,529,32.0,4.379
MET-D4294394-F,TWR-0170,2024-10-14T09:25:00,41.47,188.19,0.524,9.67,-69,969,79.2,4.668
MET-A315B632-9,TWR-0170,2024-11-08T12:56:00,35.44,342.05,0.594,4.97,-55,1090,89.2,4.114
MET-F2AFEE04-5,TWR-0170,2024-11-19T22:33:00,44.11,482.92,0.612,1.26,-60,1034,43.6,1.118
MET-58F506B8-7,TWR-0170,2024-12-03T11:30:00,21.07,352.07,0.239,7.58,-52,1817,37.3,4.530
MET-958FA216-D,TWR-0171,2024-01-05T00:49:00,15.38,115.15,0.091,13.13,-41,942,83.0,0.365
MET-D91A297C-C,TWR-0171,2024-01-25T06:32:00,38.81,142.71,1.032,2.05,-55,1863,26.3,4.631
MET-B6525CE5-D,TWR-0171,2024-03-05T10:01:00,36.66,182.14,1.407,3.73,-53,522,46.2,3.218
MET-6449924B-D,TWR-0171,2024-03-19T23:35:00,38.59,369.16,0.429,10.42,-66,387,30.8,4.880
MET-42079190-E,TWR-0171,2024-04-01T09:14:00,43.87,129.35,0.924,4.99,-67,1610,27.2,3.687
MET-4287D13F-1,TWR-0171,2024-04-02T23:30:00,24.16,418.89,0.153,1.77,-59,1898,30.9,0.488
MET-0DE70C2F-8,TWR-0171,2024-04-03T01:26:00,47.04,229.47,0.140,9.64,-55,863,62.2,1.219
MET-0DB91CA1-5,TWR-0171,2024-04-26T08:10:00,33.67,217.79,0.637,4.68,-42,165,76.5,0.356
MET-77666893-8,TWR-0171,2024-05-10T03:35:00,34.98,232.48,1.067,8.72,-41,770,71.7,2.150
MET-1AF4BE1E-1,TWR-0171,2024-05-23T18:26:00,37.41,324.44,1.482,10.95,-58,129,54.6,3.658
MET-D6A98094-4,TWR-0171,2024-06-17T07:35:00,38.59,140.13,0.335,9.54,-66,1822,29.0,2.493
MET-67233EA7-D,TWR-0171,2024-07-12T09:02:00,22.67,123.60,1.259,13.94,-46,1562,37.0,0.719
MET-23787DAD-F,TWR-0171,2024-07-18T05:38:00,44.24,405.24,1.131,1.76,-53,1564,55.9,1.804
MET-7C454927-F,TWR-0171,2024-07-29T12:15:00,43.56,432.43,1.186,13.86,-59,1348,21.0,2.837
MET-0D5B82CD-1,TWR-0171,2024-07-31T01:56:00,26.82,448.15,0.038,8.70,-46,481,45.2,2.866
MET-6EC0EC4B-5,TWR-0171,2024-08-31T02:13:00,28.83,376.80,1.423,2.23,-40,237,86.1,3.038
MET-BE53CA4C-9,TWR-0171,2024-09-07T07:58:00,34.27,284.79,0.887,1.60,-67,1003,44.0,3.604
MET-28B047CA-B,TWR-0171,2024-09-13T11:43:00,17.15,212.61,0.654,12.34,-46,1202,68.9,3.571
MET-8D982D3F-B,TWR-0171,2024-11-14T03:53:00,14.51,141.84,0.129,3.66,-42,98,64.2,0.351
MET-1A9A43DD-9,TWR-0171,2024-12-16T02:04:00,11.03,330.18,1.037,13.52,-41,369,71.7,3.269
MET-EC8D9300-5,TWR-0172,2024-01-08T03:29:00,47.83,114.34,0.498,10.21,-59,1776,73.8,3.094
MET-EC883F5E-0,TWR-0172,2024-01-09T16:31:00,38.40,470.74,0.857,5.83,-67,237,78.8,0.622
MET-5035B382-5,TWR-0172,2024-02-21T12:45:00,33.91,299.25,0.639,8.20,-63,560,36.9,1.141
MET-4AFB1065-A,TWR-0172,2024-03-14T10:17:00,42.49,318.73,1.309,4.46,-48,1716,61.1,0.620
MET-95906D47-A,TWR-0172,2024-04-11T00:13:00,10.07,434.27,0.206,12.34,-51,264,78.7,3.711
MET-0761DFFF-E,TWR-0172,2024-05-14T07:29:00,26.13,348.34,0.246,14.32,-47,848,77.5,3.564
MET-7CBF6B85-3,TWR-0172,2024-05-19T03:28:00,37.79,346.86,1.401,9.06,-40,1336,32.1,1.148
MET-DF64C772-9,TWR-0172,2024-05-28T17:25:00,12.28,360.05,0.102,8.99,-51,522,30.6,1.042
MET-45FFC874-0,TWR-0172,2024-07-08T22:15:00,35.62,195.63,0.819,11.94,-53,1108,63.2,0.468
MET-3C1C6F2B-3,TWR-0172,2024-07-19T23:28:00,41.03,456.74,1.399,11.75,-58,1398,27.6,4.329
MET-8CAB624F-5,TWR-0172,2024-07-31T07:53:00,21.82,452.91,0.510,12.18,-49,1215,69.1,4.409
MET-AB2E2A87-B,TWR-0172,2024-08-09T12:39:00,35.77,390.26,1.408,7.69,-68,1111,50.3,4.856
MET-9BF65BBD-9,TWR-0172,2024-08-31T10:44:00,29.10,310.03,0.202,1.17,-48,1916,79.5,1.350
MET-900CED6D-C,TWR-0172,2024-09-08T16:03:00,33.22,472.20,1.139,9.47,-54,918,94.9,2.194
MET-53BFF8F1-C,TWR-0172,2024-09-23T03:53:00,29.13,212.94,0.767,14.77,-59,1674,55.7,2.883
MET-06B0C783-0,TWR-0172,2024-09-28T18:26:00,15.74,445.21,1.246,14.62,-69,104,79.7,4.447
MET-A61AB302-4,TWR-0172,2024-10-21T04:53:00,12.57,367.55,1.438,5.36,-64,1947,91.9,2.392
MET-F13D5812-C,TWR-0172,2024-10-22T17:22:00,27.98,381.06,0.603,13.80,-68,1547,54.4,1.462
MET-5C59289F-2,TWR-0172,2024-11-07T14:00:00,41.45,299.68,0.254,6.88,-64,383,45.8,1.869
MET-5BF73436-D,TWR-0172,2024-11-28T07:44:00,26.55,226.94,0.915,14.77,-70,767,51.8,3.364
MET-67ED0BEA-0,TWR-0173,2024-01-16T15:03:00,23.27,173.01,0.321,14.91,-54,1662,53.9,2.249
MET-FFE29804-F,TWR-0173,2024-01-28T16:42:00,39.19,344.08,0.295,9.23,-50,150,72.7,1.433
MET-F272B83D-5,TWR-0173,2024-02-05T13:33:00,32.55,398.00,1.178,10.11,-41,974,66.6,4.885
MET-17D58AFA-6,TWR-0173,2024-03-17T20:58:00,27.93,275.38,0.017,10.20,-49,1210,85.8,0.498
MET-A268463C-E,TWR-0173,2024-04-06T00:12:00,37.87,458.29,1.133,3.66,-68,1544,91.9,0.772
MET-16D08E94-E,TWR-0173,2024-04-10T18:40:00,31.48,421.00,0.524,6.01,-63,914,34.9,4.902
MET-7519BF8E-5,TWR-0173,2024-05-02T18:59:00,23.08,323.44,1.397,14.52,-53,786,67.4,2.687
MET-2E3B944C-2,TWR-0173,2024-06-01T11:31:00,18.51,254.19,1.359,6.36,-52,75,45.0,2.824
MET-E79D1A43-4,TWR-0173,2024-06-29T07:25:00,38.56,440.99,0.372,3.86,-60,558,65.9,0.302
MET-E362F85B-F,TWR-0173,2024-06-30T21:31:00,31.66,114.81,0.468,8.50,-50,1777,85.7,0.074
MET-EF83E495-C,TWR-0173,2024-07-05T05:31:00,33.03,427.63,1.133,3.57,-47,536,66.5,1.813
MET-F445E792-7,TWR-0173,2024-07-05T10:49:00,44.44,489.56,1.226,5.51,-66,501,23.6,2.558
MET-EBEE1748-E,TWR-0173,2024-08-13T17:11:00,15.74,388.27,0.363,9.96,-43,1629,38.6,1.663
MET-37BD30F4-4,TWR-0173,2024-08-27T12:43:00,15.93,367.82,0.189,12.96,-56,1690,56.5,1.940
MET-93998D20-3,TWR-0173,2024-09-02T04:29:00,10.40,375.53,1.096,12.43,-68,1466,51.6,4.593
MET-AC8CF274-1,TWR-0173,2024-10-04T18:45:00,46.16,394.86,0.378,7.20,-66,143,59.1,4.206
MET-363C5BE1-1,TWR-0173,2024-11-01T17:36:00,40.37,113.11,0.136,2.83,-48,987,82.7,1.984
MET-8EA55E25-3,TWR-0173,2024-11-07T12:33:00,38.55,108.59,0.826,6.29,-45,819,50.3,2.414
MET-B6443EC6-0,TWR-0173,2024-11-10T21:28:00,12.41,473.56,0.460,9.00,-61,522,49.8,1.172
MET-AB4CCD95-E,TWR-0173,2024-12-07T02:16:00,32.09,227.89,0.735,11.45,-53,772,23.4,4.104
MET-1A389E38-2,TWR-0174,2024-01-08T14:55:00,20.68,388.85,1.055,6.17,-43,1679,35.5,0.078
MET-FAB51034-0,TWR-0174,2024-01-17T12:40:00,26.74,342.85,0.552,1.36,-65,535,28.6,1.692
MET-D8156BD1-9,TWR-0174,2024-01-31T09:43:00,35.77,137.75,1.136,8.65,-53,1037,35.7,3.241
MET-3B28A7B9-6,TWR-0174,2024-03-05T11:45:00,16.16,414.98,1.395,12.53,-63,745,61.3,0.408
MET-3C7AF168-7,TWR-0174,2024-03-27T04:58:00,14.75,225.69,1.369,4.60,-48,493,42.4,2.158
MET-C8F34859-D,TWR-0174,2024-04-23T21:22:00,11.56,447.74,0.387,10.58,-44,468,35.5,4.270
MET-B550D613-2,TWR-0174,2024-06-08T16:42:00,46.51,359.07,0.766,8.70,-58,338,75.0,0.102
MET-0B0783E3-9,TWR-0174,2024-06-11T21:29:00,30.12,374.85,0.701,12.46,-46,1504,72.5,1.422
MET-3F11F408-1,TWR-0174,2024-07-03T00:23:00,31.42,227.89,1.206,10.71,-57,1253,23.8,0.763
MET-A050399B-5,TWR-0174,2024-07-23T02:54:00,40.82,226.71,1.008,10.51,-43,795,94.6,1.268
MET-A0112FF7-1,TWR-0174,2024-07-26T06:25:00,35.95,208.84,0.912,3.28,-57,1041,75.1,4.693
MET-D2B26FA3-D,TWR-0174,2024-08-12T15:59:00,36.04,379.59,1.441,8.46,-42,1313,87.2,4.338
MET-A97C8C8F-9,TWR-0174,2024-08-21T09:59:00,39.05,223.66,0.694,3.09,-67,241,80.4,4.529
MET-87E6CACC-4,TWR-0174,2024-08-22T12:28:00,36.94,446.29,0.001,10.54,-42,1966,75.6,2.508
MET-9808352B-6,TWR-0174,2024-08-31T03:43:00,38.47,189.81,0.114,12.25,-61,886,20.5,1.717
MET-22BCC3F0-7,TWR-0174,2024-09-08T08:36:00,19.64,150.49,1.081,5.63,-64,73,46.9,2.221
MET-EB918D52-A,TWR-0174,2024-09-16T05:40:00,14.38,266.75,0.029,5.36,-40,410,38.1,1.293
MET-89175EFF-3,TWR-0174,2024-10-09T11:53:00,15.12,466.40,0.521,13.69,-42,147,63.6,0.262
MET-4EE321B5-4,TWR-0174,2024-10-22T22:20:00,47.92,151.49,0.048,12.21,-61,1250,73.4,0.619
MET-06E0AC73-A,TWR-0174,2024-11-27T22:10:00,41.27,456.22,0.144,7.38,-49,1917,84.4,0.240
MET-98E380BA-0,TWR-0175,2024-01-14T02:56:00,41.58,364.72,0.304,10.96,-54,1286,68.5,3.172
MET-5BD9C36B-6,TWR-0175,2024-01-18T06:18:00,43.48,118.07,1.236,7.66,-55,532,28.0,2.805
MET-07E51505-C,TWR-0175,2024-01-20T08:12:00,47.35,200.59,0.843,3.94,-68,1210,86.0,4.776
MET-4C13D0B5-8,TWR-0175,2024-01-22T09:06:00,39.94,434.21,1.403,5.58,-58,692,80.9,0.954
MET-3685A5B5-E,TWR-0175,2024-01-28T22:38:00,30.18,292.18,0.297,14.51,-48,1410,84.2,4.404
MET-99C46375-2,TWR-0175,2024-01-30T12:07:00,42.25,104.83,0.726,11.62,-62,293,25.7,2.886
MET-EB7B044F-7,TWR-0175,2024-02-17T16:44:00,32.58,236.52,0.763,13.08,-69,964,82.1,0.331
MET-B9666E95-3,TWR-0175,2024-02-18T00:48:00,12.59,435.69,1.142,9.65,-45,1237,48.2,3.368
MET-64390312-3,TWR-0175,2024-04-29T13:30:00,39.88,114.71,1.160,5.57,-64,181,43.7,1.629
MET-72553850-D,TWR-0175,2024-05-12T11:54:00,13.96,407.62,0.139,11.14,-58,288,71.9,3.797
MET-F7E5BDB0-9,TWR-0175,2024-06-30T17:58:00,32.32,412.82,0.456,12.68,-68,996,42.3,0.881
MET-D44CC8CA-3,TWR-0175,2024-08-06T17:23:00,39.52,165.89,0.650,9.95,-60,195,83.2,3.439
MET-31ADA336-3,TWR-0175,2024-08-07T06:07:00,25.84,327.58,0.066,7.76,-63,562,49.1,1.005
MET-40AA674C-7,TWR-0175,2024-08-07T17:42:00,41.05,216.90,0.649,10.82,-58,1296,49.4,4.090
MET-D1562B28-B,TWR-0175,2024-09-08T09:25:00,10.17,388.98,0.105,1.72,-47,1347,31.8,1.328
MET-545E53C3-3,TWR-0175,2024-09-23T05:46:00,14.96,472.63,0.121,13.59,-69,1499,25.2,1.230
MET-FA234D5F-3,TWR-0175,2024-10-18T12:57:00,37.31,106.40,0.534,6.18,-60,1391,50.8,4.481
MET-AE1CE4B0-B,TWR-0175,2024-11-13T00:47:00,32.70,195.56,1.030,11.71,-65,1411,43.5,1.784
MET-A357D97E-D,TWR-0175,2024-12-07T08:35:00,10.93,330.53,0.168,14.37,-58,1056,27.6,3.049
MET-C4BDF247-3,TWR-0175,2024-12-11T13:53:00,16.22,271.49,1.013,5.48,-47,854,28.3,0.602
MET-C391E498-F,TWR-0176,2024-01-03T16:09:00,33.53,130.71,0.478,8.68,-70,147,88.2,0.636
MET-8E5DA7AB-7,TWR-0176,2024-01-31T05:07:00,45.30,229.00,0.523,7.97,-65,551,52.3,0.553
MET-A1C4B5C6-6,TWR-0176,2024-02-04T01:19:00,10.20,428.09,1.345,14.34,-52,1888,75.9,1.125
MET-C64790B6-8,TWR-0176,2024-02-18T08:31:00,37.95,172.87,0.322,13.36,-51,1709,68.1,4.436
MET-515D1B7F-E,TWR-0176,2024-02-21T17:06:00,38.54,476.03,1.012,6.04,-45,182,37.9,1.538
MET-391D4E47-A,TWR-0176,2024-03-03T17:44:00,36.98,489.66,0.196,12.07,-44,1823,31.1,2.102
MET-15B7072F-0,TWR-0176,2024-04-16T08:55:00,35.43,463.22,0.320,12.68,-61,1746,89.9,1.226
MET-6891E2A5-D,TWR-0176,2024-04-18T19:31:00,25.19,408.15,0.274,3.80,-42,1962,42.9,3.730
MET-FFFC0887-0,TWR-0176,2024-04-18T22:23:00,22.02,367.24,1.179,10.02,-69,1750,41.3,2.269
MET-362262B9-F,TWR-0176,2024-04-24T06:08:00,15.50,479.30,0.582,6.71,-63,477,22.8,3.061
MET-9691EFF9-5,TWR-0176,2024-05-22T13:49:00,29.26,327.70,1.179,11.65,-51,1424,34.2,3.901
MET-259940C2-3,TWR-0176,2024-07-09T09:56:00,29.31,309.34,1.004,6.79,-41,1431,23.5,1.400
MET-24921114-9,TWR-0176,2024-08-10T20:55:00,20.27,121.82,1.123,3.68,-49,716,32.4,1.431
MET-9FBF1F81-1,TWR-0176,2024-09-15T20:01:00,32.16,437.17,1.020,3.66,-68,240,88.5,0.707
MET-8F2EBF7B-E,TWR-0176,2024-09-28T01:31:00,10.28,180.64,0.881,5.15,-67,449,91.4,1.932
MET-616B7E38-D,TWR-0176,2024-10-18T03:47:00,14.63,474.92,0.883,14.76,-42,342,78.3,4.061
MET-819A760C-3,TWR-0176,2024-10-18T21:22:00,39.27,254.64,0.548,12.71,-48,398,65.8,4.065
MET-18D63178-C,TWR-0176,2024-11-03T05:35:00,18.33,317.98,0.398,5.55,-62,149,28.2,2.416
MET-A99FAAB5-8,TWR-0176,2024-11-09T02:54:00,27.81,300.72,0.623,5.56,-50,1196,53.3,2.345
MET-8796BBE4-8,TWR-0176,2024-11-21T08:57:00,18.80,381.88,0.832,11.47,-62,1834,43.1,2.120
MET-55E3586D-5,TWR-0177,2024-02-03T23:39:00,14.18,306.93,0.123,4.88,-46,463,65.8,2.023
MET-BB04A6C9-1,TWR-0177,2024-02-17T13:20:00,27.89,422.89,0.062,11.18,-67,522,24.5,2.885
MET-A8204CDE-2,TWR-0177,2024-02-18T21:08:00,31.78,427.01,1.119,5.60,-45,602,44.3,3.300
MET-7093EF02-E,TWR-0177,2024-03-08T15:19:00,49.52,198.43,1.272,14.55,-65,727,26.7,2.863
MET-1949C755-1,TWR-0177,2024-04-22T16:36:00,41.36,125.55,0.025,12.64,-48,1119,22.7,3.018
MET-FAB40B91-B,TWR-0177,2024-04-25T16:28:00,45.75,257.97,0.825,13.73,-61,424,22.7,4.259
MET-11E666BE-F,TWR-0177,2024-05-19T17:49:00,11.48,249.39,0.417,2.99,-45,1637,70.9,1.679
MET-0568A8BD-B,TWR-0177,2024-05-27T22:35:00,18.12,291.71,0.313,12.23,-70,1760,65.3,2.177
MET-9CF4F641-E,TWR-0177,2024-06-03T09:51:00,18.27,217.33,0.915,5.15,-60,1964,77.2,1.848
MET-E3A81A54-2,TWR-0177,2024-06-07T02:46:00,11.37,107.97,0.273,12.31,-50,630,69.3,1.943
MET-35718A0C-D,TWR-0177,2024-06-16T16:39:00,48.28,224.51,0.781,4.25,-64,1080,62.3,2.266
MET-B9F0462D-C,TWR-0177,2024-07-01T21:36:00,37.37,405.56,0.379,4.99,-44,1804,81.3,2.777
MET-1E70579F-1,TWR-0177,2024-07-20T00:39:00,22.06,186.62,1.319,10.02,-50,70,39.1,0.081
MET-1C2C5883-D,TWR-0177,2024-07-24T00:53:00,14.98,356.34,0.793,1.64,-44,1460,22.9,2.658
MET-1C2A27D4-4,TWR-0177,2024-08-08T02:31:00,15.10,200.33,0.792,6.08,-49,1145,48.4,2.081
MET-467730A7-0,TWR-0177,2024-08-22T06:00:00,49.50,254.56,1.268,5.27,-47,841,93.0,3.212
MET-38201017-D,TWR-0177,2024-10-10T13:26:00,24.17,149.38,0.617,6.62,-44,1294,22.2,4.000
MET-A7CE9A78-6,TWR-0177,2024-10-20T06:37:00,32.10,156.48,0.878,7.57,-70,705,29.3,4.773
MET-E43A5736-2,TWR-0177,2024-11-04T19:01:00,24.76,232.08,0.199,1.69,-54,882,54.4,0.637
MET-51035F0F-5,TWR-0177,2024-11-16T03:30:00,19.95,131.81,0.895,6.56,-42,1653,25.6,0.535
MET-FCCF14D8-C,TWR-0178,2024-01-26T20:52:00,47.17,139.39,0.417,5.22,-56,301,71.6,0.147
MET-23DE22CF-F,TWR-0178,2024-02-01T10:03:00,36.85,134.36,0.198,2.63,-52,1343,82.4,4.012
MET-29DF10A1-5,TWR-0178,2024-02-14T10:16:00,36.30,173.98,0.865,6.58,-67,202,20.6,3.415
MET-4A0DC409-2,TWR-0178,2024-03-14T05:07:00,30.75,406.03,0.914,8.27,-42,1895,75.2,3.664
MET-65B97DF5-B,TWR-0178,2024-04-21T03:46:00,24.66,313.78,0.082,5.13,-59,428,59.2,0.585
MET-6E5CEC3D-E,TWR-0178,2024-05-08T10:42:00,44.23,301.22,1.431,1.23,-51,237,71.4,3.507
MET-98D67015-3,TWR-0178,2024-05-09T04:12:00,18.73,428.32,1.402,8.17,-68,960,72.9,2.819
MET-2A143489-B,TWR-0178,2024-05-19T01:28:00,15.70,291.36,0.485,7.23,-42,932,58.1,1.547
MET-42C2D35D-B,TWR-0178,2024-05-30T12:13:00,45.22,447.67,1.108,5.24,-65,157,27.7,2.181
MET-F2F9862D-F,TWR-0178,2024-07-10T13:12:00,36.95,143.58,1.412,7.04,-65,591,22.3,4.967
MET-A5AD9D44-E,TWR-0178,2024-07-20T19:44:00,25.66,160.76,0.210,3.26,-42,795,24.0,3.869
MET-6EBC747B-1,TWR-0178,2024-07-23T16:36:00,43.90,285.68,0.557,10.19,-53,704,38.3,4.194
MET-E1DF74C2-F,TWR-0178,2024-07-28T04:29:00,12.92,208.17,0.013,6.97,-70,841,36.2,0.132
MET-18E6A320-1,TWR-0178,2024-08-24T18:30:00,36.29,163.27,0.539,12.14,-54,922,33.4,0.274
MET-4334E3F6-3,TWR-0178,2024-09-05T04:54:00,48.76,219.09,0.407,12.54,-64,674,41.0,1.681
MET-56751868-3,TWR-0178,2024-09-06T15:33:00,38.78,142.02,1.361,5.59,-53,658,42.1,4.344
MET-BEA9B88A-C,TWR-0178,2024-10-30T18:13:00,23.23,147.90,0.590,3.03,-56,798,46.7,3.405
MET-786461AB-2,TWR-0178,2024-11-07T02:16:00,35.30,112.32,0.060,6.14,-58,587,45.7,1.308
MET-10D3CC99-0,TWR-0178,2024-11-30T08:44:00,44.89,376.61,0.443,5.64,-63,1863,85.1,0.582
MET-42783E9B-4,TWR-0178,2024-12-09T18:59:00,27.52,185.75,1.357,13.76,-66,1604,37.7,0.571
MET-B8168B2D-F,TWR-0179,2024-02-10T04:28:00,38.63,241.88,0.362,2.25,-53,978,88.0,1.899
MET-964D2E9D-2,TWR-0179,2024-02-14T02:08:00,33.55,267.73,0.395,12.36,-47,977,37.2,2.074
MET-A4BF6961-8,TWR-0179,2024-02-17T18:58:00,38.96,313.27,0.528,13.54,-41,1784,53.1,2.076
MET-4F355C5B-C,TWR-0179,2024-02-21T12:48:00,19.64,183.21,0.089,7.56,-45,1147,71.9,1.620
MET-C41C3F0A-E,TWR-0179,2024-04-12T06:32:00,30.79,310.73,0.288,7.72,-49,725,63.0,4.449
MET-AC743EDC-0,TWR-0179,2024-04-19T01:50:00,17.40,420.37,0.071,4.41,-58,1581,47.3,3.145
MET-CF83BF36-4,TWR-0179,2024-04-28T19:17:00,32.17,485.97,0.931,14.11,-43,959,43.9,3.020
MET-76D63109-9,TWR-0179,2024-05-22T13:27:00,14.70,470.39,0.379,1.74,-61,588,39.4,2.273
MET-62C98304-D,TWR-0179,2024-07-18T07:58:00,20.22,442.78,0.071,5.31,-53,1627,42.2,0.340
MET-29B85D8E-3,TWR-0179,2024-07-21T00:31:00,21.22,191.86,0.023,12.82,-53,511,49.7,3.258
MET-9E7CAB5E-D,TWR-0179,2024-08-04T04:40:00,43.60,224.69,1.313,1.20,-56,1508,86.8,3.920
MET-F8468FC0-4,TWR-0179,2024-08-10T20:58:00,18.82,301.57,1.371,9.84,-47,701,54.2,1.227
MET-CEF18143-7,TWR-0179,2024-08-12T23:41:00,46.40,106.87,0.731,11.51,-67,632,73.7,1.971
MET-8777DC87-F,TWR-0179,2024-09-05T16:38:00,25.63,429.71,1.089,8.41,-65,700,41.7,4.328
MET-86E0D5D3-0,TWR-0179,2024-09-10T19:11:00,36.77,252.21,0.737,12.08,-41,1676,54.3,1.685
MET-B69D181C-A,TWR-0179,2024-09-11T09:22:00,14.12,129.16,1.167,13.73,-51,1632,80.6,0.631
MET-31A9E483-6,TWR-0179,2024-10-18T23:00:00,18.84,240.02,0.823,8.25,-61,1459,67.3,3.936
MET-F311BF87-6,TWR-0179,2024-10-19T08:38:00,40.08,179.89,1.077,5.66,-42,543,66.8,4.319
MET-E022D85C-9,TWR-0179,2024-11-16T12:50:00,49.80,184.51,0.411,1.45,-40,1267,59.4,3.571
MET-25F7C73E-4,TWR-0179,2024-12-15T01:57:00,16.88,292.42,0.902,7.72,-68,508,23.6,3.627
MET-851F0E97-5,TWR-0180,2024-01-25T14:04:00,18.22,457.75,0.214,3.62,-50,1057,59.4,3.116
MET-5455F1E8-A,TWR-0180,2024-02-07T02:37:00,13.46,364.76,1.167,1.77,-42,1567,47.6,2.767
MET-9B4BC6A4-E,TWR-0180,2024-02-15T22:05:00,31.56,488.01,0.862,5.98,-64,1706,57.1,0.975
MET-4C1D6771-1,TWR-0180,2024-02-20T22:25:00,47.84,325.98,0.567,3.76,-68,1478,90.6,4.844
MET-40265D1F-3,TWR-0180,2024-02-25T13:17:00,21.71,145.20,0.507,4.87,-44,1493,74.9,1.990
MET-2DAAAE09-F,TWR-0180,2024-05-03T12:42:00,32.56,139.02,0.296,8.38,-62,1898,29.3,0.968
MET-A59CE0EC-9,TWR-0180,2024-07-01T10:27:00,14.06,265.59,0.380,1.93,-48,1799,52.2,2.831
MET-4E22A736-5,TWR-0180,2024-07-23T23:24:00,41.57,433.93,0.907,14.97,-45,1052,57.8,4.907
MET-A7D0F3DC-8,TWR-0180,2024-07-25T06:02:00,43.18,426.65,0.129,1.95,-69,780,40.6,1.952
MET-EC724883-F,TWR-0180,2024-09-07T20:47:00,38.75,257.08,0.050,3.93,-65,392,59.9,3.119
MET-A35EE8DC-E,TWR-0180,2024-09-12T15:45:00,49.04,348.74,0.468,10.79,-51,1056,52.1,0.061
MET-694CB5F2-8,TWR-0180,2024-09-22T23:05:00,13.34,405.99,0.764,10.67,-45,886,45.7,2.716
MET-AF922D03-C,TWR-0180,2024-09-28T13:29:00,30.92,435.66,0.510,8.93,-50,1776,94.6,0.725
MET-F23D00F3-8,TWR-0180,2024-10-23T02:18:00,43.41,233.01,0.531,3.12,-68,1779,57.9,1.100
MET-3B980B22-1,TWR-0180,2024-10-28T15:50:00,34.68,385.59,0.703,14.41,-70,1951,41.7,0.823
MET-D43B009C-3,TWR-0180,2024-11-07T17:26:00,47.00,104.80,1.145,7.62,-47,932,82.2,0.566
MET-F3275EFA-D,TWR-0180,2024-11-18T07:34:00,22.55,268.40,1.157,1.69,-52,1085,88.1,4.934
MET-2763B250-F,TWR-0180,2024-11-24T07:11:00,38.03,317.50,0.826,12.49,-45,951,81.6,0.187
MET-27637B51-E,TWR-0180,2024-12-02T22:50:00,48.26,387.48,1.096,2.13,-44,715,25.7,1.801
MET-F5401D38-9,TWR-0180,2024-12-13T03:09:00,37.21,273.64,0.355,9.67,-48,1828,91.3,2.774
MET-E30AFD10-8,TWR-0181,2024-01-08T00:51:00,46.55,480.70,1.289,9.30,-60,562,91.6,3.552
MET-B667E0A0-9,TWR-0181,2024-02-14T17:53:00,32.13,476.58,0.858,8.55,-69,348,40.9,0.831
MET-10D2F2BA-D,TWR-0181,2024-02-16T07:04:00,33.85,317.93,1.095,6.55,-47,1782,80.1,1.858
MET-D32BB064-3,TWR-0181,2024-04-08T19:34:00,44.67,317.94,1.322,14.13,-47,290,75.5,3.192
MET-12F755B8-A,TWR-0181,2024-06-04T04:53:00,23.01,172.47,1.093,13.99,-63,1130,48.6,1.575
MET-A0EBDA7B-7,TWR-0181,2024-06-06T19:29:00,42.70,358.96,0.385,7.77,-44,1646,48.9,1.038
MET-447ABCFC-2,TWR-0181,2024-06-17T03:43:00,13.04,204.20,1.091,3.02,-61,1932,41.4,4.135
MET-EC32DD17-1,TWR-0181,2024-06-18T07:15:00,40.94,116.20,0.111,8.60,-60,1771,81.1,0.818
MET-9FD26268-E,TWR-0181,2024-07-17T22:37:00,12.72,486.88,0.963,1.30,-51,1788,50.1,3.575
MET-1F1C0B3A-4,TWR-0181,2024-07-25T00:54:00,27.89,146.56,1.353,5.47,-45,855,41.0,4.642
MET-4D63099A-0,TWR-0181,2024-07-26T08:19:00,33.92,459.87,1.047,8.35,-51,1873,60.6,0.119
MET-9B4A13FE-9,TWR-0181,2024-08-04T22:50:00,22.53,335.03,0.564,8.77,-69,1049,73.3,2.187
MET-3449F543-4,TWR-0181,2024-09-24T16:13:00,31.43,487.52,0.002,6.35,-48,341,43.2,0.674
MET-9C7C4E60-A,TWR-0181,2024-09-26T07:45:00,22.60,366.90,0.679,7.19,-52,1260,78.2,3.167
MET-8091C56E-5,TWR-0181,2024-10-07T01:32:00,15.17,232.86,1.480,9.24,-59,640,89.8,2.763
MET-EBEB075A-D,TWR-0181,2024-10-23T05:54:00,10.16,483.47,0.991,12.80,-67,377,41.2,3.233
MET-9B3812A8-2,TWR-0181,2024-11-10T19:15:00,36.67,321.48,0.001,1.60,-53,699,83.6,1.185
MET-E2B798CC-B,TWR-0181,2024-11-15T02:05:00,40.40,187.78,0.809,10.49,-43,1287,44.8,3.197
MET-B54B2A16-5,TWR-0181,2024-11-23T03:27:00,26.12,346.43,0.104,7.91,-40,961,35.0,4.642
MET-CCE84395-C,TWR-0181,2024-12-06T18:34:00,15.46,351.04,1.349,1.80,-50,1378,78.4,1.241
MET-0BAFFA96-E,TWR-0182,2024-01-28T13:20:00,26.74,439.59,0.278,6.81,-68,208,79.0,0.494
MET-E084FD8A-3,TWR-0182,2024-02-13T13:33:00,44.62,337.28,0.090,6.36,-53,674,83.5,0.369
MET-99916D1E-6,TWR-0182,2024-03-12T08:23:00,17.68,239.79,0.642,12.76,-60,774,69.9,1.283
MET-F1B71E54-F,TWR-0182,2024-04-27T19:28:00,10.39,118.66,0.129,2.90,-40,1321,81.3,2.957
MET-54DBC3B1-3,TWR-0182,2024-07-17T16:54:00,26.16,336.64,0.926,11.25,-62,600,83.0,0.775
MET-452C221E-0,TWR-0182,2024-07-19T21:30:00,28.51,376.07,1.300,14.33,-46,1214,29.0,3.834
MET-F99BDF40-C,TWR-0182,2024-08-12T06:51:00,23.18,436.38,1.195,5.97,-69,112,41.9,2.496
MET-D8C651EA-A,TWR-0182,2024-08-14T20:12:00,23.51,257.24,1.215,3.55,-42,1403,32.6,3.242
MET-2E7DBC9E-3,TWR-0182,2024-09-19T04:45:00,21.16,393.73,0.005,4.34,-50,503,49.4,0.578
MET-3F4FA194-9,TWR-0182,2024-09-21T14:09:00,20.83,479.58,0.471,14.84,-63,1342,42.4,3.228
MET-93166E2D-E,TWR-0182,2024-10-13T09:14:00,48.64,373.14,0.297,8.82,-47,256,86.2,2.208
MET-E06FBA82-B,TWR-0182,2024-10-14T20:12:00,48.65,419.94,0.116,2.64,-48,1174,33.4,4.247
MET-EEEF3695-C,TWR-0182,2024-10-31T05:26:00,19.03,293.17,0.498,12.60,-55,299,76.8,3.168
MET-17D59F8F-2,TWR-0182,2024-11-03T11:28:00,20.14,222.82,0.391,13.38,-62,418,67.8,2.185
MET-470B632C-4,TWR-0182,2024-11-07T06:55:00,28.33,146.86,1.000,12.84,-64,455,78.4,3.641
MET-AB23D728-C,TWR-0182,2024-11-10T05:59:00,22.44,440.96,1.237,4.68,-43,195,66.7,1.749
MET-1CC35DBA-C,TWR-0182,2024-11-12T09:57:00,22.73,406.45,0.874,1.34,-40,1846,55.6,0.634
MET-74BE9772-B,TWR-0182,2024-11-19T15:48:00,33.61,253.40,0.635,14.94,-45,1181,79.6,4.701
MET-2A6442FF-6,TWR-0182,2024-12-10T03:30:00,25.64,312.73,0.002,2.82,-60,235,94.7,3.883
MET-CEAA1046-4,TWR-0182,2024-12-13T03:37:00,33.04,308.35,1.401,12.73,-56,1038,42.4,0.163
MET-99D74BAF-3,TWR-0183,2024-04-11T11:37:00,29.02,158.46,0.848,4.05,-61,1127,35.4,3.552
MET-21455E6B-6,TWR-0183,2024-04-17T21:10:00,37.88,151.36,0.476,12.94,-61,977,88.5,3.685
MET-04C15468-D,TWR-0183,2024-04-21T08:53:00,20.75,157.08,1.395,10.15,-69,50,42.3,2.436
MET-3846830A-0,TWR-0183,2024-05-03T14:59:00,32.18,472.49,1.364,3.04,-41,1862,57.3,2.927
MET-CCDCA3D6-7,TWR-0183,2024-05-31T07:23:00,18.97,364.67,0.050,11.98,-61,1927,76.5,2.927
MET-0711981B-1,TWR-0183,2024-06-15T01:56:00,39.81,337.97,1.478,12.66,-47,485,34.2,1.888
MET-4978C882-E,TWR-0183,2024-07-25T22:30:00,15.09,272.94,0.231,1.21,-55,1614,77.2,4.429
MET-84052B5E-7,TWR-0183,2024-07-29T23:16:00,27.59,370.74,0.387,9.81,-46,443,79.9,0.855
MET-AC9BE4F4-8,TWR-0183,2024-08-02T13:57:00,20.38,179.19,1.492,7.06,-56,509,61.7,2.175
MET-9A7182A9-0,TWR-0183,2024-08-07T10:09:00,39.69,384.87,0.552,2.27,-70,1373,91.6,3.351
MET-A33DEB6A-A,TWR-0183,2024-08-10T10:46:00,31.17,291.76,0.132,14.60,-64,1048,40.8,0.923
MET-1BD58B85-B,TWR-0183,2024-08-14T01:28:00,38.96,423.60,0.585,14.15,-59,1625,35.5,2.451
MET-7D96CB64-5,TWR-0183,2024-08-17T21:54:00,38.69,206.46,0.122,4.25,-68,679,27.5,0.822
MET-FC30DB46-0,TWR-0183,2024-08-27T07:06:00,22.84,382.62,1.277,7.94,-58,97,79.2,4.826
MET-F1F60740-6,TWR-0183,2024-08-31T13:05:00,29.22,198.97,1.386,1.44,-41,403,31.8,0.962
MET-77D6156F-B,TWR-0183,2024-09-26T07:09:00,43.74,497.69,1.403,2.73,-53,1176,70.9,1.154
MET-EF25A135-8,TWR-0183,2024-10-06T13:56:00,27.83,243.54,0.958,14.49,-62,1990,77.4,3.962
MET-119D494F-7,TWR-0183,2024-11-06T18:15:00,12.50,374.21,1.017,6.09,-52,1279,79.2,1.027
MET-0C4F4081-0,TWR-0183,2024-12-02T21:47:00,43.20,394.76,1.318,1.02,-61,818,31.8,0.827
MET-CD1D1977-0,TWR-0183,2024-12-16T09:30:00,49.65,245.64,0.174,1.88,-68,986,62.2,3.521
MET-C346741A-1,TWR-0184,2024-01-07T07:57:00,32.34,363.15,0.114,4.23,-65,1871,33.9,3.087
MET-4F0047AB-1,TWR-0184,2024-01-08T20:21:00,38.29,243.03,0.864,13.30,-54,1844,62.4,0.352
MET-BE74978D-6,TWR-0184,2024-02-07T01:16:00,16.09,196.60,0.539,11.29,-43,1842,69.1,2.375
MET-6E3F0C50-4,TWR-0184,2024-02-20T08:26:00,24.39,241.86,1.421,1.69,-60,1619,92.0,0.585
MET-164330A0-2,TWR-0184,2024-03-28T09:33:00,35.60,485.65,0.509,5.30,-48,894,24.4,2.079
MET-713EB0F1-A,TWR-0184,2024-04-25T06:25:00,23.95,348.82,1.123,7.38,-43,239,74.1,3.367
MET-FD5C7843-4,TWR-0184,2024-05-07T07:47:00,49.41,397.11,0.254,3.74,-53,1970,83.6,2.179
MET-C3261F59-2,TWR-0184,2024-05-16T15:30:00,47.59,208.51,0.050,5.27,-62,1780,23.4,2.123
MET-3EA88182-2,TWR-0184,2024-06-05T04:44:00,43.57,317.89,1.140,10.76,-44,748,77.7,4.728
MET-E0E04045-2,TWR-0184,2024-07-16T16:43:00,43.32,437.33,1.038,9.27,-57,1873,46.8,1.072
MET-F117B685-C,TWR-0184,2024-07-30T09:08:00,32.58,235.54,0.490,11.38,-46,1286,85.7,4.718
MET-5339AC5B-B,TWR-0184,2024-08-04T04:50:00,19.43,245.24,0.703,9.74,-59,705,77.2,1.977
MET-0EDA6A6D-F,TWR-0184,2024-08-13T02:17:00,29.46,144.84,0.111,7.22,-63,1780,66.4,0.198
MET-BDFD86D1-1,TWR-0184,2024-09-12T08:47:00,41.12,372.14,1.256,1.70,-64,1297,24.4,4.515
MET-D134F885-6,TWR-0184,2024-09-22T19:08:00,43.19,137.25,1.041,2.04,-63,714,23.3,3.684
MET-1DC4D2CA-D,TWR-0184,2024-10-25T00:05:00,34.05,330.50,1.079,4.94,-68,647,67.3,4.694
MET-350B71F6-2,TWR-0184,2024-11-05T05:14:00,10.75,333.91,0.245,6.45,-66,192,29.7,0.220
MET-BCB18E7B-1,TWR-0184,2024-11-20T21:12:00,24.74,406.16,0.777,9.95,-56,1373,70.9,4.603
MET-18E3A9B3-0,TWR-0184,2024-12-14T02:43:00,48.10,171.66,1.030,8.23,-46,246,45.7,1.240
MET-34890819-F,TWR-0184,2024-12-14T03:56:00,49.94,259.54,1.268,10.00,-40,1093,82.1,2.470
MET-A73216AA-2,TWR-0185,2024-01-05T15:28:00,27.12,234.09,1.315,5.06,-41,687,55.7,1.806
MET-C22DE560-0,TWR-0185,2024-02-14T02:10:00,27.88,484.54,0.610,14.80,-49,1384,88.6,3.510
MET-BC392A6A-4,TWR-0185,2024-03-07T05:32:00,36.12,472.95,0.954,5.66,-58,570,25.9,4.518
MET-08EEC8FC-5,TWR-0185,2024-03-30T06:43:00,22.26,320.41,0.633,8.27,-60,1374,85.2,4.396
MET-2F820937-7,TWR-0185,2024-04-24T23:43:00,19.95,278.62,0.966,11.32,-46,1765,72.6,3.795
MET-F006840E-7,TWR-0185,2024-05-12T01:13:00,26.04,387.60,1.414,10.88,-54,649,25.8,3.737
MET-8054FF0D-1,TWR-0185,2024-05-31T21:28:00,47.69,232.18,0.144,1.81,-42,1078,94.7,2.550
MET-37A75055-3,TWR-0185,2024-06-01T08:54:00,39.92,188.48,0.011,3.65,-50,1544,79.1,3.452
MET-803D3125-8,TWR-0185,2024-06-13T18:57:00,44.49,239.20,0.683,10.51,-44,1938,82.0,2.576
MET-0D8F2154-9,TWR-0185,2024-07-05T20:48:00,41.10,438.36,1.387,2.36,-51,127,68.3,2.370
MET-FE6E4A03-4,TWR-0185,2024-07-21T08:05:00,34.23,387.09,1.098,10.78,-69,52,25.4,4.364
MET-87C2E711-F,TWR-0185,2024-07-23T23:40:00,30.76,358.74,0.889,14.67,-50,1729,51.0,0.209
MET-D11294AD-F,TWR-0185,2024-08-11T20:48:00,41.65,274.89,0.209,11.16,-60,1390,71.3,3.733
MET-937B3875-5,TWR-0185,2024-09-23T18:08:00,33.98,391.86,1.360,4.52,-41,1937,77.1,1.591
MET-75EE6CA8-3,TWR-0185,2024-09-23T23:02:00,46.14,338.43,1.392,6.89,-65,850,50.3,1.126
MET-446011D5-3,TWR-0185,2024-10-12T02:14:00,22.42,487.13,0.329,8.35,-45,616,85.3,3.583
MET-0AA0561C-5,TWR-0185,2024-10-14T08:28:00,22.83,104.05,0.228,6.01,-50,1742,74.5,3.428
MET-4513A107-E,TWR-0185,2024-10-14T11:12:00,10.57,368.15,1.481,8.05,-48,1138,50.6,3.216
MET-BB7C54EF-7,TWR-0185,2024-11-02T20:36:00,33.81,484.75,1.035,2.93,-62,760,93.6,2.988
MET-12C3983B-C,TWR-0185,2024-12-10T12:47:00,25.11,239.25,0.422,5.55,-47,51,55.8,4.049
MET-8FF28056-B,TWR-0186,2024-01-04T05:06:00,13.32,175.40,0.021,14.33,-48,136,74.4,1.117
MET-F2447EFA-7,TWR-0186,2024-01-11T04:15:00,49.44,335.71,0.637,2.67,-67,1762,69.5,4.585
MET-9AF493C4-E,TWR-0186,2024-01-17T00:28:00,19.44,401.75,0.613,3.54,-67,1337,66.2,4.311
MET-70E96AD3-4,TWR-0186,2024-02-03T21:41:00,37.49,404.53,1.283,2.73,-53,1154,46.4,4.645
MET-F29408BA-3,TWR-0186,2024-04-03T00:38:00,45.67,329.76,1.268,6.37,-41,1282,90.3,1.134
MET-F9DFE92B-E,TWR-0186,2024-04-06T22:08:00,35.53,279.58,0.601,5.32,-54,594,34.6,0.923
MET-1B86D063-C,TWR-0186,2024-05-11T03:52:00,47.50,318.91,0.953,14.15,-51,1242,57.7,1.391
MET-6F8246AE-A,TWR-0186,2024-05-22T16:15:00,48.91,486.77,0.374,12.62,-47,1525,42.2,4.263
MET-EB5D81D7-A,TWR-0186,2024-05-25T06:14:00,47.61,144.69,0.862,3.23,-64,1626,23.8,1.208
MET-F48B67FC-A,TWR-0186,2024-05-31T18:00:00,43.98,404.91,0.345,5.40,-66,732,28.4,0.704
MET-29405284-A,TWR-0186,2024-07-01T05:51:00,24.30,421.48,0.345,6.34,-60,1957,45.2,1.400
MET-E5186F63-6,TWR-0186,2024-08-08T00:16:00,29.64,287.61,1.386,10.00,-56,1480,32.8,1.316
MET-6714E397-D,TWR-0186,2024-08-25T12:15:00,31.96,175.30,1.450,4.32,-48,967,66.7,1.751
MET-06D8BC06-A,TWR-0186,2024-09-12T17:49:00,32.42,493.03,0.683,13.06,-54,102,48.8,2.846
MET-33DA89FE-2,TWR-0186,2024-09-16T01:06:00,21.11,111.33,0.674,4.28,-67,1545,50.9,2.143
MET-BE629E1D-C,TWR-0186,2024-10-01T13:08:00,25.09,312.32,0.758,14.51,-60,801,34.1,1.064
MET-5802440D-9,TWR-0186,2024-10-14T20:54:00,43.01,147.35,0.349,11.88,-45,1395,94.8,4.549
MET-8CB71AC2-D,TWR-0186,2024-10-16T05:25:00,14.06,363.37,1.480,12.16,-59,1144,62.9,4.386
MET-D8AA0F33-7,TWR-0186,2024-11-15T00:41:00,40.92,249.22,1.208,9.20,-44,1001,23.6,2.605
MET-2DDCD538-5,TWR-0186,2024-12-10T21:53:00,49.34,191.50,0.935,8.24,-46,311,38.1,3.554
MET-D209FC07-A,TWR-0187,2024-01-07T12:02:00,19.06,207.05,1.248,4.23,-61,973,24.9,4.889
MET-D86BA546-A,TWR-0187,2024-02-15T21:51:00,24.67,159.25,1.231,3.23,-52,1232,20.7,1.595
MET-437E6FA5-7,TWR-0187,2024-03-09T07:53:00,24.96,472.51,1.008,9.65,-48,605,24.3,4.961
MET-331C58DE-5,TWR-0187,2024-05-02T14:02:00,43.77,466.60,0.341,10.49,-45,227,21.2,1.723
MET-3BDBC4D2-C,TWR-0187,2024-05-20T07:29:00,16.53,412.58,0.470,10.00,-58,721,50.3,2.198
MET-CE141762-F,TWR-0187,2024-05-29T16:41:00,15.76,476.31,0.998,8.96,-67,707,82.6,0.302
MET-9EA536BE-3,TWR-0187,2024-06-09T04:36:00,36.53,423.61,1.434,10.14,-68,1412,69.5,1.427
MET-C02E9F71-B,TWR-0187,2024-06-21T07:00:00,19.23,199.63,1.116,1.24,-54,1892,84.9,0.483
MET-A36D4DA8-F,TWR-0187,2024-06-22T15:05:00,39.26,248.99,1.212,8.54,-61,1096,42.2,0.131
MET-A62665B9-7,TWR-0187,2024-07-26T21:33:00,16.92,214.06,0.191,14.22,-67,725,73.8,4.786
MET-25B64A07-C,TWR-0187,2024-08-08T18:02:00,20.63,456.96,0.064,3.31,-52,1303,64.4,2.914
MET-B71E16DA-8,TWR-0187,2024-08-10T05:31:00,25.14,223.85,0.450,3.18,-58,1263,76.8,1.688
MET-EB20444E-F,TWR-0187,2024-09-22T02:03:00,36.18,262.30,0.579,10.30,-51,334,34.2,0.580
MET-85DD1D03-1,TWR-0187,2024-10-13T17:01:00,21.83,131.81,1.493,6.98,-62,1073,87.0,4.502
MET-7CE46B4F-3,TWR-0187,2024-11-04T16:11:00,10.14,459.13,0.369,9.88,-45,1946,71.0,1.117
MET-EEF003EA-3,TWR-0187,2024-11-06T18:16:00,34.47,497.37,1.164,10.51,-59,695,80.0,3.087
MET-49DBDEDD-8,TWR-0187,2024-11-08T05:12:00,38.78,180.63,1.044,8.43,-66,143,67.2,4.354
MET-79C0276F-F,TWR-0187,2024-12-10T01:08:00,27.40,454.40,0.617,1.06,-51,249,88.5,3.032
MET-D7B72562-E,TWR-0187,2024-12-12T04:49:00,43.84,152.53,0.879,14.22,-70,1647,56.6,4.423
MET-B2146A90-5,TWR-0187,2024-12-13T23:49:00,34.43,229.79,0.983,12.39,-44,570,71.3,4.898
MET-DF022D37-6,TWR-0188,2024-01-04T20:56:00,22.76,337.07,0.015,10.31,-48,1500,48.6,0.534
MET-7BC9E62B-1,TWR-0188,2024-03-05T02:40:00,18.19,402.15,0.184,10.93,-70,1182,43.5,3.203
MET-EDAF94C0-D,TWR-0188,2024-04-22T13:06:00,22.91,401.98,1.207,13.06,-42,843,66.5,1.601
MET-FCDC3852-D,TWR-0188,2024-05-31T01:57:00,12.15,455.51,0.636,8.97,-67,131,84.7,1.062
MET-ADEFF5D3-0,TWR-0188,2024-06-23T16:42:00,30.46,153.58,0.705,1.90,-68,1351,40.4,1.237
MET-3F0F8718-0,TWR-0188,2024-06-24T07:00:00,22.25,497.39,0.559,7.00,-57,373,89.7,3.965
MET-DBCF6206-5,TWR-0188,2024-06-25T16:08:00,40.85,103.05,1.216,14.92,-59,462,55.0,3.082
MET-1EC8120A-2,TWR-0188,2024-07-19T05:24:00,39.88,468.70,0.888,7.08,-46,729,64.9,3.018
MET-154276A3-0,TWR-0188,2024-07-19T15:20:00,37.29,398.48,0.677,6.65,-50,260,66.7,4.054
MET-76C301CB-C,TWR-0188,2024-09-23T04:34:00,15.75,381.48,0.662,10.65,-54,1325,62.8,3.621
MET-ACF1B31F-9,TWR-0188,2024-09-27T10:19:00,38.09,381.34,1.297,1.16,-49,1263,51.3,4.804
MET-0B7E8CD5-A,TWR-0188,2024-09-28T09:54:00,19.71,293.05,1.006,8.78,-70,1509,74.8,2.878
MET-66E5584B-3,TWR-0188,2024-10-01T13:45:00,48.98,113.25,1.199,9.88,-46,1884,51.4,0.378
MET-F2FD1E60-B,TWR-0188,2024-10-21T06:12:00,47.80,283.38,0.321,6.59,-62,1552,32.6,0.412
MET-F5E30966-A,TWR-0188,2024-10-24T10:03:00,32.16,188.40,1.081,1.78,-45,1349,90.2,0.822
MET-D1F71B09-9,TWR-0188,2024-10-27T08:05:00,10.72,398.69,1.296,4.59,-45,604,70.3,0.176
MET-55ED65F1-6,TWR-0188,2024-10-27T14:25:00,27.93,213.53,0.045,12.23,-50,230,48.3,0.448
MET-ABFBB0E4-0,TWR-0188,2024-11-18T11:06:00,23.33,376.89,0.347,4.54,-43,304,76.6,2.510
MET-DD6A5540-1,TWR-0188,2024-12-03T13:18:00,49.21,117.04,0.019,13.20,-50,1877,73.7,2.460
MET-93333E26-A,TWR-0188,2024-12-06T10:21:00,11.32,365.73,1.330,7.91,-61,1405,46.9,4.084
MET-ECAFEAC6-E,TWR-0189,2024-01-01T04:17:00,19.19,233.95,0.498,5.37,-69,683,56.7,3.729
MET-ABCE03B0-5,TWR-0189,2024-02-28T00:39:00,28.58,483.04,0.950,4.35,-53,104,69.8,4.258
MET-CFD32AC5-B,TWR-0189,2024-03-03T08:59:00,18.61,136.41,0.041,5.13,-59,1085,77.2,1.318
MET-20A04362-9,TWR-0189,2024-04-09T17:04:00,42.55,207.91,1.465,8.53,-63,1658,87.2,3.914
MET-4ACBD4A4-8,TWR-0189,2024-04-12T14:11:00,37.69,249.53,1.404,8.51,-66,270,92.9,4.491
MET-BE413E21-1,TWR-0189,2024-04-22T18:05:00,10.60,293.25,0.321,10.15,-60,1242,50.0,0.728
MET-F41901F8-5,TWR-0189,2024-05-04T08:05:00,36.61,256.10,0.897,12.86,-42,1911,86.7,0.767
MET-3CF3B407-E,TWR-0189,2024-05-19T17:17:00,48.10,448.92,1.391,14.36,-62,1627,59.8,1.571
MET-20F49E1F-2,TWR-0189,2024-06-24T15:49:00,19.91,112.94,0.791,9.10,-59,901,57.7,0.596
MET-24020629-F,TWR-0189,2024-06-27T14:39:00,46.17,109.69,0.908,5.89,-69,1163,32.9,0.012
MET-754A3DD0-6,TWR-0189,2024-07-06T17:38:00,29.56,460.13,1.364,12.64,-64,79,36.0,1.072
MET-3E0704AC-3,TWR-0189,2024-07-20T08:45:00,45.10,466.45,0.248,1.76,-60,657,62.5,1.522
MET-0A0D52AB-B,TWR-0189,2024-07-22T13:15:00,32.84,385.36,1.497,6.10,-46,61,23.0,4.756
MET-54489C95-2,TWR-0189,2024-07-29T20:39:00,39.91,267.73,0.213,13.96,-67,781,27.4,1.583
MET-523897DE-9,TWR-0189,2024-09-01T04:12:00,29.51,107.26,0.117,12.53,-58,274,61.9,0.713
MET-E07B0BE9-4,TWR-0189,2024-10-04T16:38:00,31.49,285.03,0.994,5.53,-70,1338,33.6,3.657
MET-CF609903-F,TWR-0189,2024-10-24T22:49:00,31.78,177.96,0.042,1.97,-58,1475,81.5,2.131
MET-C4A016C2-D,TWR-0189,2024-11-28T21:51:00,23.18,333.22,1.217,13.90,-45,142,60.4,2.796
MET-B53ECFE3-F,TWR-0189,2024-12-10T13:02:00,30.37,438.00,0.521,5.75,-47,1922,38.1,2.280
MET-BAB89BF3-2,TWR-0189,2024-12-15T03:18:00,25.62,313.02,0.487,12.32,-65,1204,29.0,0.724
MET-8CC9239B-5,TWR-0190,2024-01-12T09:29:00,27.14,450.70,0.907,5.57,-59,1984,83.4,3.271
MET-7E3986EB-4,TWR-0190,2024-01-13T20:52:00,33.90,495.83,1.282,10.43,-46,774,43.8,2.205
MET-5A7BE669-9,TWR-0190,2024-03-09T15:18:00,11.08,417.38,1.030,6.06,-47,541,36.2,1.712
MET-C2E9591E-F,TWR-0190,2024-03-30T12:36:00,37.24,471.82,0.682,4.63,-40,1470,57.9,3.571
MET-7289264F-E,TWR-0190,2024-04-03T03:34:00,42.27,499.79,1.400,10.74,-53,963,41.5,3.795
MET-A5ACBDF2-A,TWR-0190,2024-04-23T09:01:00,37.29,477.66,1.434,1.24,-47,782,60.6,0.963
MET-604DCC8B-9,TWR-0190,2024-05-07T07:01:00,20.86,406.02,0.627,1.48,-56,1472,46.0,4.066
MET-9FE078F0-F,TWR-0190,2024-05-09T08:37:00,24.88,390.87,0.528,9.55,-65,1784,63.2,4.778
MET-9640FA65-0,TWR-0190,2024-05-17T07:26:00,36.68,381.69,0.495,12.31,-64,116,68.1,3.213
MET-761DB8A8-E,TWR-0190,2024-05-19T13:05:00,25.60,184.92,1.006,12.53,-46,1474,38.4,3.917
MET-BAE02C06-1,TWR-0190,2024-06-02T00:02:00,16.78,467.72,1.280,2.40,-55,1411,81.2,0.287
MET-58ED008F-0,TWR-0190,2024-06-18T05:31:00,10.92,212.44,1.158,4.43,-54,279,68.8,3.811
MET-40FD2AB9-E,TWR-0190,2024-06-19T20:07:00,39.71,319.64,0.244,13.49,-52,1029,26.2,1.994
MET-9B1B444A-B,TWR-0190,2024-06-29T11:48:00,34.09,354.12,1.199,5.17,-48,108,45.5,3.809
MET-116BD05F-4,TWR-0190,2024-07-07T03:56:00,48.02,251.73,1.329,7.59,-69,324,35.9,4.304
MET-E3734877-C,TWR-0190,2024-07-11T08:40:00,45.75,123.86,1.357,4.66,-52,1245,84.4,4.251
MET-879C6512-5,TWR-0190,2024-08-25T09:00:00,25.42,195.49,0.017,6.58,-41,606,41.7,3.730
MET-AEC698D7-5,TWR-0190,2024-09-06T23:36:00,41.11,392.46,0.915,10.57,-52,1871,27.7,3.477
MET-F8283C81-5,TWR-0190,2024-09-26T11:08:00,36.91,210.29,1.035,11.08,-68,1510,72.1,0.438
MET-0BB54910-F,TWR-0190,2024-11-13T15:57:00,20.20,128.96,1.439,11.75,-58,571,78.9,0.263
MET-225AA6F8-3,TWR-0191,2024-01-09T23:02:00,21.20,293.15,0.807,3.43,-69,373,80.9,4.843
MET-440E6654-C,TWR-0191,2024-01-14T12:08:00,45.23,306.29,1.008,5.55,-53,239,52.8,0.842
MET-EF723AE3-5,TWR-0191,2024-01-18T03:50:00,29.20,226.68,0.100,4.56,-45,203,38.4,0.820
MET-2410CDEC-3,TWR-0191,2024-01-31T18:05:00,41.82,116.07,1.141,11.13,-58,993,75.5,2.380
MET-C91474FD-3,TWR-0191,2024-03-24T07:11:00,17.19,206.36,1.146,11.76,-46,604,28.2,4.692
MET-D1C7E890-9,TWR-0191,2024-04-16T12:59:00,18.92,339.19,0.268,5.23,-48,338,68.3,1.216
MET-1647977F-4,TWR-0191,2024-04-22T00:14:00,46.02,497.09,0.475,1.31,-67,312,37.7,0.446
MET-D1251D63-7,TWR-0191,2024-05-11T19:48:00,16.73,129.71,0.175,2.64,-41,1305,54.4,4.991
MET-C62FDB92-4,TWR-0191,2024-05-17T11:57:00,31.50,211.71,0.974,7.93,-47,1704,60.4,3.274
MET-2521A51B-B,TWR-0191,2024-05-20T16:55:00,15.80,283.96,0.547,8.72,-41,1366,71.9,0.839
MET-DAEB802E-6,TWR-0191,2024-06-29T05:52:00,23.90,221.49,1.440,8.36,-70,1517,61.8,0.818
MET-1E57586C-D,TWR-0191,2024-07-02T10:57:00,47.87,195.58,0.417,7.34,-69,1836,42.1,0.675
MET-CACEC871-2,TWR-0191,2024-08-26T00:40:00,47.78,495.50,1.102,2.68,-54,1035,89.9,0.462
MET-D998723C-0,TWR-0191,2024-08-26T19:01:00,22.39,304.91,0.913,6.26,-50,368,47.1,2.418
MET-F15F39EA-8,TWR-0191,2024-08-27T19:47:00,49.62,351.25,0.529,9.14,-62,1593,42.7,4.769
MET-C1EC3AC1-8,TWR-0191,2024-09-27T13:48:00,44.22,224.85,0.239,3.38,-63,659,89.9,0.663
MET-27F68446-3,TWR-0191,2024-10-22T20:38:00,22.23,410.38,0.232,7.05,-64,1746,81.2,4.776
MET-7F55FC1A-B,TWR-0191,2024-11-08T03:40:00,32.75,313.27,1.164,10.36,-63,284,37.5,1.068
MET-2020C959-E,TWR-0191,2024-12-07T05:37:00,13.24,360.16,0.387,11.16,-52,757,48.1,2.756
MET-20C898FD-4,TWR-0191,2024-12-14T07:18:00,24.44,305.62,1.061,7.23,-61,1912,43.4,2.237
MET-5303E566-7,TWR-0192,2024-01-15T06:17:00,31.68,356.14,0.351,6.96,-46,1585,87.8,2.646
MET-9EA0D6D5-A,TWR-0192,2024-01-25T21:58:00,29.08,210.34,0.109,5.77,-56,504,62.5,4.573
MET-9F15DB09-8,TWR-0192,2024-02-02T14:09:00,13.15,265.67,0.941,6.34,-53,1692,40.6,4.772
MET-333A7C46-C,TWR-0192,2024-02-17T19:55:00,19.49,429.70,0.978,1.09,-63,1638,63.1,4.484
MET-A5483D63-3,TWR-0192,2024-03-13T15:56:00,13.59,406.16,1.090,14.63,-65,1466,45.8,0.885
MET-453AABA3-7,TWR-0192,2024-04-25T22:22:00,15.53,182.09,0.707,12.73,-40,1197,30.4,0.798
MET-BF6928FD-A,TWR-0192,2024-05-02T22:46:00,11.81,279.84,0.925,7.72,-46,1927,54.4,2.126
MET-D9111FD6-C,TWR-0192,2024-06-23T21:34:00,12.24,132.25,1.004,11.15,-47,593,23.7,4.628
MET-64C083FF-5,TWR-0192,2024-07-03T17:02:00,25.33,481.68,0.357,4.31,-54,1278,46.9,1.099
MET-D477991E-A,TWR-0192,2024-07-09T17:23:00,49.54,260.58,1.465,13.26,-41,485,81.7,4.255
MET-EC6F49C7-A,TWR-0192,2024-07-12T08:54:00,43.01,253.72,0.514,14.31,-54,1117,42.9,0.337
MET-BE8EEA89-C,TWR-0192,2024-08-17T16:35:00,38.32,475.78,1.223,5.61,-62,204,69.1,0.139
MET-17F9CC9B-8,TWR-0192,2024-09-08T23:06:00,25.72,255.03,0.978,14.87,-43,426,84.3,2.238
MET-CD30EA88-F,TWR-0192,2024-09-20T11:48:00,49.34,213.15,0.647,6.49,-53,51,54.8,2.634
MET-F81C3D0E-F,TWR-0192,2024-09-23T02:14:00,39.12,317.84,0.065,14.35,-54,1413,33.1,4.357
MET-D8DF46B4-6,TWR-0192,2024-10-03T05:27:00,34.99,370.41,0.071,9.21,-54,1945,47.4,2.484
MET-E9D395CC-A,TWR-0192,2024-10-19T01:12:00,29.61,201.96,0.549,3.13,-50,459,84.2,0.375
MET-5168B5F6-D,TWR-0192,2024-11-17T16:18:00,48.46,275.68,1.016,13.16,-56,1069,58.8,0.769
MET-7D046855-E,TWR-0192,2024-11-25T07:03:00,48.37,325.45,1.298,14.21,-42,1478,60.4,0.987
MET-6F736584-9,TWR-0192,2024-12-16T09:16:00,35.77,338.57,0.173,6.12,-44,1571,66.8,1.537
MET-9AB91A56-8,TWR-0193,2024-02-14T01:41:00,19.56,407.89,1.466,8.57,-60,177,76.8,4.284
MET-B855CD70-C,TWR-0193,2024-04-01T11:59:00,19.72,213.02,1.448,8.23,-49,437,69.3,4.175
MET-433B2BC0-9,TWR-0193,2024-04-03T05:05:00,47.61,342.68,0.615,3.89,-48,323,73.6,1.717
MET-47DB1122-F,TWR-0193,2024-04-12T15:27:00,49.42,244.74,0.911,11.68,-70,1850,40.5,2.300
MET-F7D8F6AC-5,TWR-0193,2024-05-05T04:22:00,12.73,335.94,1.048,5.91,-49,678,91.1,3.833
MET-34789455-4,TWR-0193,2024-05-06T07:11:00,22.21,349.48,1.242,7.82,-52,1404,89.7,0.781
MET-5191D926-5,TWR-0193,2024-05-09T11:26:00,19.93,389.74,0.164,3.59,-61,1131,35.4,0.029
MET-E143ABC9-F,TWR-0193,2024-05-19T23:06:00,36.77,294.48,0.447,12.29,-61,1627,94.8,0.378
MET-447A47E5-4,TWR-0193,2024-05-21T00:35:00,30.70,483.38,1.210,13.62,-42,171,23.8,0.759
MET-79AA278C-5,TWR-0193,2024-05-27T09:06:00,40.74,381.27,1.170,13.81,-42,572,63.8,4.103
MET-75E89A9B-8,TWR-0193,2024-05-29T08:15:00,25.68,421.75,1.441,8.71,-58,187,68.2,2.604
MET-F4C7A951-4,TWR-0193,2024-06-06T12:07:00,20.33,254.41,0.990,9.60,-69,1548,26.0,4.270
MET-87689E5D-9,TWR-0193,2024-06-24T12:18:00,28.85,137.57,1.162,9.57,-45,263,27.1,1.080
MET-DA6527E3-D,TWR-0193,2024-07-02T14:30:00,31.39,458.64,0.197,1.19,-59,1157,76.7,4.689
MET-D1956BF6-7,TWR-0193,2024-07-07T10:38:00,28.11,257.96,0.619,10.44,-64,1697,50.0,4.502
MET-F0259B63-C,TWR-0193,2024-07-08T15:39:00,11.43,190.48,1.410,1.55,-53,1362,43.9,1.302
MET-220D8237-5,TWR-0193,2024-08-04T02:38:00,46.62,409.22,0.822,9.76,-54,379,90.1,3.953
MET-8C795778-7,TWR-0193,2024-10-31T01:48:00,30.72,364.65,0.418,11.37,-66,1393,68.0,2.459
MET-5A0364A1-C,TWR-0193,2024-11-02T17:27:00,14.18,129.18,0.967,12.98,-44,1036,75.2,2.164
MET-4027B6B4-1,TWR-0193,2024-11-03T14:33:00,31.44,429.05,1.063,5.13,-64,58,90.6,0.740
MET-B84EAA5F-8,TWR-0194,2024-01-16T14:48:00,10.28,117.28,1.043,6.04,-66,1102,89.4,0.330
MET-7E33D364-5,TWR-0194,2024-01-30T09:11:00,17.24,118.39,0.548,4.43,-49,626,89.0,3.975
MET-C20A4AE1-B,TWR-0194,2024-02-17T02:32:00,41.55,314.72,0.042,1.16,-69,1487,73.5,2.835
MET-FCC26090-C,TWR-0194,2024-02-28T09:02:00,28.56,383.21,1.000,12.93,-42,1672,23.8,1.457
MET-B1C17891-1,TWR-0194,2024-04-06T15:38:00,38.50,490.54,0.464,13.97,-59,1353,59.8,0.674
MET-492FBB0D-A,TWR-0194,2024-04-13T20:49:00,21.87,363.52,1.344,7.85,-43,980,25.7,1.822
MET-A7030A33-3,TWR-0194,2024-05-13T23:11:00,46.45,331.13,1.402,3.89,-45,1534,94.4,1.132
MET-728F2835-6,TWR-0194,2024-05-15T00:19:00,39.48,213.31,1.220,13.42,-66,1740,28.8,3.171
MET-F5B5746E-F,TWR-0194,2024-08-03T01:51:00,46.73,469.42,0.932,6.90,-60,1922,86.5,2.054
MET-0E21C6A2-7,TWR-0194,2024-08-05T12:46:00,41.89,137.53,0.251,3.15,-60,1757,56.0,0.494
MET-1F301794-9,TWR-0194,2024-08-19T19:59:00,37.45,407.15,0.779,2.39,-60,553,85.7,0.553
MET-2A29C71B-5,TWR-0194,2024-08-24T03:57:00,30.25,233.45,1.170,3.68,-45,1278,67.2,1.434
MET-5A4863E7-F,TWR-0194,2024-09-03T03:49:00,13.90,264.22,0.496,1.58,-66,1933,65.1,3.406
MET-474B1EF6-8,TWR-0194,2024-09-07T06:36:00,12.81,140.00,0.627,9.13,-49,1262,75.0,3.561
MET-1FD86F5A-8,TWR-0194,2024-09-14T10:36:00,49.54,200.05,0.563,7.10,-47,592,58.1,4.253
MET-78FC937D-0,TWR-0194,2024-09-18T00:55:00,13.48,480.45,0.800,10.20,-44,847,26.9,3.284
MET-161444DF-A,TWR-0194,2024-09-22T11:02:00,10.48,222.77,0.431,9.82,-46,1222,30.0,3.243
MET-7BA3356C-6,TWR-0194,2024-09-23T17:05:00,43.65,463.28,0.394,8.25,-49,1553,43.2,2.324
MET-83F7253C-E,TWR-0194,2024-09-24T14:22:00,19.85,122.12,0.619,1.76,-54,137,49.9,0.317
MET-7067F93B-6,TWR-0194,2024-12-06T21:44:00,21.36,201.54,1.321,1.80,-53,250,94.2,1.945
MET-FA3703C5-C,TWR-0195,2024-01-19T02:41:00,23.83,290.87,0.602,5.13,-53,584,27.1,0.866
MET-0DDA3717-A,TWR-0195,2024-02-27T05:00:00,39.53,337.79,1.443,11.77,-65,1134,52.2,4.003
MET-71B42C12-2,TWR-0195,2024-03-10T11:36:00,18.45,274.47,1.058,6.08,-69,1965,94.1,2.395
MET-DE3E5AE2-5,TWR-0195,2024-05-06T07:16:00,14.27,389.38,0.495,8.91,-59,276,84.1,0.067
MET-286EFF4D-D,TWR-0195,2024-05-28T12:53:00,34.78,447.15,0.475,8.39,-68,1030,75.1,0.065
MET-58BD6CD3-0,TWR-0195,2024-06-07T01:18:00,30.02,498.85,1.277,11.54,-67,838,50.0,2.144
MET-EEB537A0-0,TWR-0195,2024-06-26T04:41:00,34.91,354.12,1.368,5.54,-54,404,79.7,4.679
MET-6DBDEA46-A,TWR-0195,2024-07-01T13:37:00,32.12,173.43,0.928,13.22,-55,353,87.7,0.216
MET-7FD227B5-F,TWR-0195,2024-07-26T22:21:00,43.03,411.21,0.549,7.40,-46,752,52.7,1.186
MET-7EB16910-A,TWR-0195,2024-07-28T17:07:00,31.06,385.30,0.132,7.30,-61,1204,92.7,0.074
MET-649D6D46-3,TWR-0195,2024-07-29T01:03:00,29.03,476.98,0.924,13.00,-69,1063,40.7,0.006
MET-60EB066D-F,TWR-0195,2024-08-10T08:53:00,16.89,186.06,0.786,8.50,-66,1947,81.0,1.655
MET-DD1AFFDA-3,TWR-0195,2024-08-16T07:44:00,22.56,112.19,1.272,2.09,-41,1403,51.4,0.227
MET-861AFEBF-A,TWR-0195,2024-08-18T14:52:00,31.36,240.00,0.419,13.99,-66,443,43.7,3.197
MET-3DADB10A-F,TWR-0195,2024-09-14T08:30:00,31.61,206.74,0.182,8.66,-59,1267,86.0,3.369
MET-F567354A-0,TWR-0195,2024-09-18T22:42:00,17.34,247.97,0.239,13.52,-67,853,76.6,4.684
MET-DB8A9939-F,TWR-0195,2024-09-22T05:14:00,37.00,372.91,1.010,5.12,-46,1607,75.5,1.530
MET-1F5C2CE1-6,TWR-0195,2024-10-08T05:43:00,47.31,257.96,0.342,3.98,-70,1067,86.6,3.232
MET-79430407-2,TWR-0195,2024-10-17T19:29:00,47.84,223.43,1.186,8.35,-67,1634,92.6,1.758
MET-A4543D60-6,TWR-0195,2024-12-14T16:57:00,44.49,151.18,0.010,14.86,-51,259,32.6,4.941
MET-A32CAD4D-E,TWR-0196,2024-02-14T22:52:00,17.62,131.80,0.668,10.02,-67,60,20.8,1.336
MET-8F3CBE86-4,TWR-0196,2024-03-19T00:25:00,26.04,428.85,0.932,7.59,-68,1881,89.2,1.658
MET-EB6F90AB-8,TWR-0196,2024-03-19T08:42:00,14.36,239.76,1.437,10.77,-45,663,56.5,4.597
MET-76928D7B-C,TWR-0196,2024-03-30T06:46:00,15.07,338.11,0.115,9.06,-61,1982,93.4,1.024
MET-1B32AC1E-1,TWR-0196,2024-04-01T09:24:00,21.82,153.71,1.301,5.13,-63,975,57.4,2.583
MET-9CEEDF6E-5,TWR-0196,2024-04-09T22:06:00,35.64,452.62,1.172,5.95,-54,797,64.9,4.555
MET-057F9CE3-2,TWR-0196,2024-05-15T18:21:00,47.96,278.70,0.816,10.47,-47,1762,22.3,3.513
MET-65A99A49-D,TWR-0196,2024-05-29T05:46:00,45.88,449.22,0.969,4.04,-50,316,27.2,1.886
MET-A60EBF16-C,TWR-0196,2024-08-05T15:08:00,21.72,214.05,1.475,7.45,-47,1584,31.8,1.822
MET-33A67A59-C,TWR-0196,2024-08-05T19:11:00,34.37,357.06,1.151,14.28,-56,349,88.3,4.488
MET-22348688-D,TWR-0196,2024-08-09T07:39:00,48.90,454.82,1.004,5.68,-59,307,36.4,2.587
MET-A98EB44D-2,TWR-0196,2024-08-17T09:03:00,13.14,424.80,0.641,5.70,-62,1179,61.8,2.119
MET-4611DE68-1,TWR-0196,2024-08-31T11:28:00,34.97,291.86,0.592,12.35,-65,544,72.0,1.118
MET-5B8FE9F8-F,TWR-0196,2024-10-30T11:55:00,24.39,494.55,1.103,12.75,-40,185,68.4,2.273
MET-72F2AE46-F,TWR-0196,2024-11-15T19:22:00,13.95,350.29,0.594,14.66,-55,1175,38.8,0.583
MET-2F1E6D3E-E,TWR-0196,2024-11-17T07:32:00,23.56,386.64,0.739,7.79,-57,1524,73.9,3.960
MET-54957D80-B,TWR-0196,2024-11-24T23:05:00,11.68,409.62,1.274,11.64,-62,764,63.8,2.877
MET-8CBAECEC-A,TWR-0196,2024-11-28T00:40:00,48.69,265.27,1.105,5.43,-46,1224,67.0,4.730
MET-23B7EC32-E,TWR-0196,2024-12-09T12:12:00,33.74,158.64,1.035,8.13,-62,757,82.7,1.191
MET-5D7E0D89-0,TWR-0196,2024-12-14T07:10:00,13.78,119.77,0.566,10.75,-67,1556,83.8,4.711
MET-0A9D4F07-D,TWR-0197,2024-01-12T05:59:00,40.93,124.95,0.729,10.19,-58,1649,83.0,3.346
MET-B2E18CB4-B,TWR-0197,2024-02-12T14:59:00,42.43,461.74,0.061,8.76,-62,1875,26.7,4.390
MET-1F269F8B-E,TWR-0197,2024-03-08T19:17:00,24.03,378.07,0.625,3.81,-61,967,61.2,2.511
MET-384FA459-6,TWR-0197,2024-03-15T20:46:00,41.80,106.27,0.018,3.67,-60,1717,84.2,4.279
MET-FD4B8E27-2,TWR-0197,2024-03-21T11:08:00,27.39,310.76,0.977,5.49,-58,1732,86.8,2.676
MET-C3501822-B,TWR-0197,2024-03-23T23:45:00,48.38,496.96,0.650,9.67,-46,1750,70.9,4.040
MET-56F466F2-F,TWR-0197,2024-03-30T21:51:00,48.05,276.52,0.392,1.64,-68,735,39.5,3.848
MET-ADD0060B-A,TWR-0197,2024-04-12T12:19:00,28.09,110.54,1.022,3.21,-59,252,49.3,2.147
MET-74C0B4A4-5,TWR-0197,2024-04-25T07:29:00,49.05,312.62,0.258,7.05,-57,1857,77.2,2.375
MET-82887EB7-E,TWR-0197,2024-05-07T16:11:00,21.38,327.79,1.195,4.88,-53,1633,77.4,2.444
MET-CF69C47F-7,TWR-0197,2024-06-03T11:44:00,35.16,365.56,0.861,5.52,-58,230,93.4,3.773
MET-61D84386-E,TWR-0197,2024-06-08T06:36:00,43.57,356.24,1.002,7.90,-57,758,92.4,4.195
MET-554ADB35-C,TWR-0197,2024-06-22T18:48:00,28.35,471.26,0.843,9.70,-62,1000,33.2,0.673
MET-3AE1CAE6-1,TWR-0197,2024-09-10T20:39:00,19.74,378.76,1.234,1.81,-51,2000,70.2,2.432
MET-7386B50B-B,TWR-0197,2024-09-15T09:54:00,13.60,439.48,0.666,2.07,-44,1951,40.9,3.021
MET-EF78E684-2,TWR-0197,2024-10-08T10:14:00,27.39,371.38,0.716,4.32,-67,1991,36.0,2.295
MET-CD55E60A-6,TWR-0197,2024-10-31T06:14:00,21.59,438.61,0.884,3.32,-41,612,33.3,2.757
MET-F8C3B53E-3,TWR-0197,2024-11-02T20:20:00,18.83,486.33,1.458,12.40,-50,517,38.8,4.209
MET-F14D1B23-8,TWR-0197,2024-11-05T23:07:00,46.20,118.81,0.035,10.21,-59,546,30.5,2.675
MET-F9FF2846-4,TWR-0197,2024-12-16T16:45:00,35.78,132.35,0.111,7.93,-67,362,79.8,3.993
MET-4A485D6E-A,TWR-0198,2024-01-06T13:44:00,21.60,238.18,1.429,11.11,-44,694,43.4,1.888
MET-484A1F9A-E,TWR-0198,2024-01-30T10:42:00,35.40,181.08,0.998,12.62,-44,1361,53.9,4.447
MET-95180316-9,TWR-0198,2024-02-17T01:09:00,11.76,473.39,0.632,11.40,-54,173,65.7,1.389
MET-EBD31EBB-A,TWR-0198,2024-03-13T06:23:00,29.55,165.65,1.347,10.10,-46,656,88.3,0.679
MET-6D31C93A-2,TWR-0198,2024-05-23T17:29:00,13.40,399.37,0.626,12.30,-49,1872,26.3,1.285
MET-04C60E5A-5,TWR-0198,2024-05-24T04:16:00,30.89,252.62,0.566,12.95,-57,1176,92.8,2.669
MET-8FA5485E-4,TWR-0198,2024-06-08T05:55:00,25.09,476.92,0.768,9.46,-67,606,28.5,0.847
MET-D36B3D74-1,TWR-0198,2024-06-10T04:38:00,47.65,476.19,0.458,13.29,-51,155,71.4,3.881
MET-6915B921-0,TWR-0198,2024-07-04T21:11:00,31.15,377.84,1.186,8.39,-62,398,25.5,3.952
MET-D62BDED6-B,TWR-0198,2024-08-22T15:19:00,45.94,230.79,0.884,11.16,-43,380,67.5,3.246
MET-A25907FE-F,TWR-0198,2024-09-02T13:47:00,37.52,378.68,0.611,10.53,-44,462,55.1,3.717
MET-25D8F65A-0,TWR-0198,2024-09-06T00:46:00,28.45,305.56,1.274,12.58,-61,469,35.9,0.736
MET-A16C324F-6,TWR-0198,2024-09-07T14:14:00,14.70,121.94,0.237,2.58,-48,954,63.8,1.406
MET-F1803B3E-3,TWR-0198,2024-09-23T02:48:00,25.46,172.60,0.033,7.12,-67,1549,65.0,1.721
MET-BC36F607-2,TWR-0198,2024-09-29T13:07:00,28.28,296.57,0.090,4.36,-42,317,73.2,4.436
MET-8DF5C868-6,TWR-0198,2024-10-07T16:36:00,18.48,175.65,0.269,6.80,-61,834,93.6,3.253
MET-46E61C5D-D,TWR-0198,2024-10-28T21:57:00,38.89,390.65,0.864,6.15,-41,402,67.8,0.047
MET-44645993-8,TWR-0198,2024-10-30T22:44:00,25.77,444.28,1.312,1.93,-62,1747,47.2,0.984
MET-6EAAC5D9-D,TWR-0198,2024-12-02T05:02:00,24.52,111.02,0.501,11.69,-43,1302,50.8,1.958
MET-E5F9175B-2,TWR-0198,2024-12-04T10:47:00,37.53,355.53,1.407,7.47,-41,1482,64.5,4.286
MET-74AB7E80-3,TWR-0199,2024-01-19T07:28:00,22.62,212.75,0.893,4.54,-52,1410,52.6,3.763
MET-02BC412D-7,TWR-0199,2024-01-30T06:53:00,15.93,393.46,0.054,11.45,-57,1160,38.7,2.613
MET-DD72619E-1,TWR-0199,2024-03-11T02:30:00,28.31,367.08,0.897,7.59,-47,556,60.5,0.316
MET-9008386D-D,TWR-0199,2024-04-18T13:36:00,46.83,485.68,1.256,3.75,-66,201,40.2,0.647
MET-C3AD1E91-A,TWR-0199,2024-04-25T00:09:00,18.36,391.03,0.138,12.66,-69,1062,91.9,1.963
MET-4D8D5B46-6,TWR-0199,2024-04-29T16:12:00,13.92,403.50,1.140,8.46,-70,1021,67.8,0.459
MET-276843A9-F,TWR-0199,2024-05-30T16:27:00,20.31,134.48,0.385,8.02,-41,642,31.9,2.485
MET-D5810EAF-4,TWR-0199,2024-06-05T04:39:00,16.03,255.53,1.012,2.17,-51,1263,47.2,0.542
MET-D2E91D56-D,TWR-0199,2024-06-17T23:36:00,32.02,359.04,1.349,7.59,-61,835,65.4,0.306
MET-43C55E40-2,TWR-0199,2024-06-28T03:47:00,38.91,321.31,0.216,1.24,-51,1204,83.3,4.635
MET-1BEC2460-C,TWR-0199,2024-06-29T03:00:00,15.31,183.53,0.627,3.14,-42,566,25.7,1.040
MET-87D8CBAB-F,TWR-0199,2024-07-18T17:52:00,48.41,256.26,0.946,10.04,-47,750,85.5,3.052
MET-2AA0B118-7,TWR-0199,2024-07-20T23:19:00,33.59,491.25,0.360,10.32,-45,1173,55.5,3.483
MET-D887584E-2,TWR-0199,2024-08-07T04:17:00,15.37,262.86,0.182,1.67,-65,1743,80.1,2.329
MET-6F6EA56A-D,TWR-0199,2024-09-15T18:23:00,12.04,226.67,0.230,13.56,-52,554,52.4,4.335
MET-167D6BE2-5,TWR-0199,2024-09-22T00:58:00,23.50,136.07,0.644,7.27,-69,1484,81.1,2.226
MET-F8733A8B-7,TWR-0199,2024-09-29T17:53:00,35.61,305.34,0.227,1.55,-52,1455,77.2,0.896
MET-6FB264E4-7,TWR-0199,2024-10-25T13:03:00,39.35,316.93,0.438,4.37,-53,1002,61.8,4.903
MET-EF44A249-2,TWR-0199,2024-11-02T18:23:00,32.41,367.42,1.350,2.23,-40,1588,76.2,3.582
MET-6703A95E-1,TWR-0199,2024-11-25T06:25:00,28.51,426.65,0.221,8.27,-44,579,51.2,1.105
MET-B8065D17-7,TWR-0200,2024-01-19T06:21:00,31.60,100.87,0.123,2.95,-63,1212,33.0,1.643
MET-DEBD62E5-B,TWR-0200,2024-01-24T23:56:00,14.07,444.71,0.639,6.02,-64,1513,25.2,3.812
MET-3A0C4E61-C,TWR-0200,2024-01-29T04:03:00,10.55,436.93,1.182,13.02,-53,449,67.1,2.302
MET-1674094F-4,TWR-0200,2024-03-19T08:54:00,36.83,141.44,1.334,10.33,-55,76,52.0,3.346
MET-C97241EB-0,TWR-0200,2024-04-13T17:09:00,19.97,190.93,1.492,4.18,-60,1853,90.5,2.987
MET-AB98039C-8,TWR-0200,2024-04-28T17:25:00,37.51,270.27,0.073,1.80,-51,1389,59.8,2.425
MET-50553B3B-D,TWR-0200,2024-04-30T00:27:00,10.75,105.71,1.051,14.39,-47,728,29.4,1.896
MET-62A37F3C-9,TWR-0200,2024-05-04T17:58:00,35.57,309.09,1.289,1.60,-42,763,55.3,4.235
MET-CCC83DCD-D,TWR-0200,2024-06-22T15:44:00,34.97,359.81,0.523,11.13,-66,1644,90.1,1.447
MET-8444FCBB-C,TWR-0200,2024-06-23T22:47:00,38.47,202.34,1.268,1.44,-40,1924,50.8,0.696
MET-5F5DE793-0,TWR-0200,2024-07-09T06:02:00,15.89,457.16,1.044,9.80,-51,1791,23.8,2.935
MET-240FD297-7,TWR-0200,2024-07-15T04:57:00,47.67,280.24,0.307,12.89,-42,1796,34.3,0.236
MET-56FA3D00-D,TWR-0200,2024-07-20T22:55:00,13.92,414.77,1.253,12.23,-45,164,21.2,0.782
MET-B884898A-D,TWR-0200,2024-08-20T03:33:00,40.12,177.98,0.282,13.88,-44,794,57.5,4.571
MET-CB4BD7E1-5,TWR-0200,2024-08-26T00:37:00,50.00,271.90,0.799,14.64,-49,873,80.1,0.676
MET-1FB87495-7,TWR-0200,2024-09-05T22:59:00,40.25,194.16,0.675,11.31,-49,290,53.9,2.649
MET-73AB320C-0,TWR-0200,2024-11-10T20:18:00,12.93,255.33,0.053,2.71,-42,1914,27.4,4.166
MET-960A4464-F,TWR-0200,2024-12-01T16:55:00,17.88,354.72,0.752,13.22,-57,1095,60.7,2.443
MET-AA240D73-A,TWR-0200,2024-12-09T04:51:00,37.12,486.76,0.672,3.74,-66,310,78.2,2.136
MET-D3201BF5-5,TWR-0200,2024-12-13T08:17:00,32.92,338.65,1.379,10.24,-52,194,59.4,2.130
MET-2B0FBE7B-0,TWR-0201,2024-01-08T16:36:00,38.91,404.80,0.115,5.01,-47,357,29.2,3.744
MET-31D510FA-8,TWR-0201,2024-04-03T19:58:00,33.04,421.33,1.158,14.14,-53,1903,26.8,3.716
MET-9A130F01-C,TWR-0201,2024-04-16T19:57:00,21.26,172.43,0.385,8.00,-64,808,74.3,4.533
MET-A1257B10-2,TWR-0201,2024-04-24T06:12:00,37.99,323.12,0.577,5.25,-69,1398,67.9,2.701
MET-DE38B3BA-E,TWR-0201,2024-04-29T18:53:00,34.75,256.94,0.671,3.39,-61,884,28.3,1.568
MET-A1F3B3FF-E,TWR-0201,2024-05-16T05:40:00,40.14,373.46,0.197,5.52,-50,1947,45.6,0.669
MET-0152857A-3,TWR-0201,2024-06-01T21:55:00,36.84,286.00,0.630,4.55,-60,1648,68.9,3.628
MET-24C175B7-1,TWR-0201,2024-06-03T04:09:00,18.31,217.99,0.752,8.39,-52,65,75.3,1.783
MET-C1CDB97F-D,TWR-0201,2024-06-17T14:18:00,24.32,367.16,0.051,4.57,-43,1894,76.6,4.543
MET-998965CA-C,TWR-0201,2024-07-09T05:38:00,26.92,335.91,0.957,7.41,-56,269,89.2,2.776
MET-0CBEA6C0-1,TWR-0201,2024-07-11T01:00:00,39.85,430.93,1.355,2.52,-50,1728,51.6,0.092
MET-F28D85AE-0,TWR-0201,2024-07-18T18:04:00,15.10,154.93,0.551,14.87,-65,1487,69.1,0.797
MET-C22465D7-E,TWR-0201,2024-07-20T13:07:00,26.90,327.03,0.079,7.75,-58,895,46.7,3.077
MET-7357166E-0,TWR-0201,2024-08-13T13:17:00,42.71,494.26,1.149,4.75,-65,1385,45.5,2.588
MET-E6BB0656-C,TWR-0201,2024-09-08T01:36:00,31.17,462.30,1.196,3.68,-62,534,23.2,4.043
MET-701B022D-D,TWR-0201,2024-09-23T13:52:00,22.58,281.30,0.413,5.21,-41,1188,87.9,3.553
MET-0CE1F9C0-3,TWR-0201,2024-10-06T01:26:00,19.74,330.70,0.183,2.71,-43,1082,82.9,1.713
MET-3B4699BB-2,TWR-0201,2024-11-06T09:01:00,29.88,472.35,0.054,12.93,-63,936,58.4,1.103
MET-F8D1BD00-6,TWR-0201,2024-11-25T14:15:00,43.18,192.80,1.380,11.29,-45,265,54.8,4.821
MET-15A76DFA-7,TWR-0201,2024-12-10T17:39:00,26.49,376.45,0.640,2.36,-42,1767,30.1,3.257
MET-7178CC38-D,TWR-0202,2024-01-19T20:06:00,44.51,387.15,0.586,12.87,-66,622,71.9,1.965
MET-CAA8D031-8,TWR-0202,2024-01-25T16:57:00,42.79,361.24,0.355,9.23,-53,721,41.8,1.909
MET-458B271E-4,TWR-0202,2024-02-28T03:11:00,41.64,107.60,1.129,5.71,-50,831,57.5,3.076
MET-6A8F6D99-D,TWR-0202,2024-03-13T02:56:00,24.10,258.34,0.548,1.80,-58,1344,69.8,0.263
MET-DEB0F16E-F,TWR-0202,2024-03-14T22:02:00,19.82,125.06,0.641,14.62,-42,1976,25.7,1.958
MET-9B054B4C-6,TWR-0202,2024-04-01T12:33:00,21.14,124.70,1.440,9.06,-47,1228,86.5,1.742
MET-0D9A70F6-C,TWR-0202,2024-05-09T14:55:00,30.13,341.84,0.622,11.05,-56,1360,55.9,1.227
MET-455147A5-3,TWR-0202,2024-05-17T08:50:00,15.56,420.30,0.840,2.82,-66,289,49.1,4.735
MET-B8665246-E,TWR-0202,2024-06-14T17:28:00,11.17,472.95,0.956,8.66,-63,1424,42.1,2.580
MET-B64245D4-8,TWR-0202,2024-06-24T19:23:00,40.44,488.57,1.172,13.31,-68,1343,55.8,2.799
MET-C04E3A29-C,TWR-0202,2024-07-07T05:35:00,40.02,467.67,0.123,14.43,-69,1271,22.7,2.906
MET-1E596F9C-F,TWR-0202,2024-08-02T14:20:00,23.43,369.75,0.399,2.87,-54,200,69.9,0.942
MET-D660800D-A,TWR-0202,2024-08-10T20:19:00,13.68,361.14,0.329,4.11,-70,1963,84.2,1.653
MET-430FEE66-9,TWR-0202,2024-08-17T05:16:00,17.69,361.95,0.180,8.05,-61,1106,85.9,4.287
MET-4697D539-D,TWR-0202,2024-08-26T09:44:00,45.95,296.86,0.471,2.83,-44,928,50.8,4.820
MET-1A9B6326-7,TWR-0202,2024-09-25T00:00:00,20.31,122.19,1.342,6.74,-48,566,43.8,4.402
MET-B77C40C7-0,TWR-0202,2024-10-09T20:17:00,27.13,406.46,0.132,11.94,-45,470,54.9,3.224
MET-98D7738E-1,TWR-0202,2024-10-12T01:07:00,20.80,167.52,0.635,4.51,-47,1145,25.0,4.854
MET-8FDC377E-1,TWR-0202,2024-11-21T00:54:00,16.19,225.25,0.204,6.23,-47,860,61.9,4.193
MET-348B04B2-4,TWR-0202,2024-12-14T17:52:00,49.05,467.20,1.230,4.43,-64,1565,90.2,1.432
MET-A41CAD13-A,TWR-0203,2024-01-17T10:23:00,47.61,376.93,0.558,9.19,-54,657,90.9,2.535
MET-90BC2546-5,TWR-0203,2024-01-31T17:29:00,49.20,180.36,0.495,11.19,-67,1111,30.7,4.293
MET-F0A4D4F0-E,TWR-0203,2024-02-20T09:45:00,33.54,251.37,0.467,8.96,-54,595,63.3,2.229
MET-390CE6FD-1,TWR-0203,2024-02-27T18:38:00,10.68,321.52,1.464,8.58,-51,566,53.9,1.508
MET-C1BEF386-1,TWR-0203,2024-02-29T22:34:00,19.74,455.90,0.531,7.58,-60,1489,59.5,0.876
MET-66CF2515-A,TWR-0203,2024-04-17T02:13:00,26.70,303.26,0.207,10.43,-65,1467,43.0,0.484
MET-0891DD17-1,TWR-0203,2024-05-02T15:08:00,24.12,141.86,0.577,13.89,-48,1105,77.0,0.474
MET-39869098-9,TWR-0203,2024-05-16T04:04:00,32.96,339.24,1.266,10.53,-68,667,83.0,4.455
MET-A0C78D3E-B,TWR-0203,2024-06-11T19:36:00,48.54,160.47,1.191,5.98,-50,68,41.8,2.287
MET-BF5FEAC7-7,TWR-0203,2024-06-20T12:30:00,38.56,161.71,0.404,10.99,-55,1904,89.0,4.509
MET-9FBB89C6-9,TWR-0203,2024-07-03T11:25:00,26.28,384.44,1.358,2.97,-48,170,88.7,3.046
MET-BF21EC09-C,TWR-0203,2024-08-04T00:39:00,30.25,423.48,1.068,2.46,-54,1183,81.8,3.535
MET-5728BC23-7,TWR-0203,2024-08-07T15:54:00,42.65,301.45,1.191,2.10,-49,686,45.3,1.961
MET-A891C716-4,TWR-0203,2024-08-19T18:25:00,22.89,457.10,1.086,10.36,-63,1251,76.1,2.719
MET-594A4589-E,TWR-0203,2024-09-04T12:24:00,36.10,181.57,1.096,2.85,-49,365,24.2,1.581
MET-F631262C-D,TWR-0203,2024-09-25T22:28:00,33.41,249.80,0.761,3.02,-51,1630,58.9,1.188
MET-CFA82630-6,TWR-0203,2024-09-29T20:44:00,22.21,135.79,1.059,13.18,-59,84,87.5,2.391
MET-0514D7C7-4,TWR-0203,2024-10-16T11:39:00,34.01,488.72,1.351,13.66,-45,1785,33.4,4.110
MET-460F08D3-D,TWR-0203,2024-11-06T06:20:00,32.90,162.40,0.340,3.98,-60,319,79.2,4.566
MET-019026B3-A,TWR-0203,2024-11-07T18:41:00,11.34,223.31,0.826,3.73,-64,1947,25.3,3.072
MET-ADD7AE90-5,TWR-0204,2024-01-30T12:25:00,34.10,352.59,0.330,5.87,-67,1708,88.8,3.149
MET-559EFA46-0,TWR-0204,2024-02-21T02:51:00,22.74,161.31,1.311,13.75,-63,324,40.6,4.224
MET-9E21D672-9,TWR-0204,2024-02-23T20:12:00,42.23,266.11,0.036,2.36,-41,162,29.5,1.504
MET-2CBEB2E6-0,TWR-0204,2024-03-11T16:09:00,42.67,303.88,0.229,8.42,-54,1857,82.6,1.225
MET-C484A740-2,TWR-0204,2024-03-12T04:31:00,41.69,424.86,0.375,5.60,-64,1301,91.7,1.227
MET-07C9616D-3,TWR-0204,2024-03-20T22:20:00,35.26,242.96,1.065,14.54,-54,1105,24.2,2.353
MET-E3DB5F2F-0,TWR-0204,2024-03-27T03:19:00,15.82,484.10,0.057,1.96,-68,1024,29.2,3.506
MET-A24ED661-4,TWR-0204,2024-03-31T07:04:00,17.08,375.60,0.119,1.54,-57,742,90.5,0.053
MET-11E56D4C-A,TWR-0204,2024-04-03T17:53:00,31.53,297.11,0.244,1.82,-63,473,52.3,1.969
MET-7363BE31-0,TWR-0204,2024-04-23T22:58:00,29.40,313.26,1.062,12.87,-65,903,71.3,1.981
MET-6F5599C1-F,TWR-0204,2024-05-16T01:32:00,42.05,113.96,0.630,6.61,-41,1038,48.8,2.883
MET-DE2479CF-3,TWR-0204,2024-05-21T08:08:00,25.74,232.57,0.114,10.94,-67,1930,41.0,1.222
MET-22D0A536-2,TWR-0204,2024-05-31T19:04:00,19.44,428.25,0.648,5.41,-51,1887,24.3,2.997
MET-B1C478DC-7,TWR-0204,2024-09-12T13:22:00,42.93,153.14,1.210,14.80,-48,1431,50.2,1.429
MET-804FEB93-7,TWR-0204,2024-10-12T14:03:00,14.28,413.70,1.162,8.33,-61,1558,41.6,4.320
MET-5EDB2B60-5,TWR-0204,2024-10-15T05:59:00,27.28,399.10,1.062,8.54,-45,713,35.5,1.067
MET-A79DDAB5-4,TWR-0204,2024-11-04T10:29:00,19.25,481.68,0.168,1.62,-67,977,26.1,3.600
MET-B2B64B04-8,TWR-0204,2024-11-10T14:58:00,13.03,428.93,0.163,2.17,-64,416,50.7,0.782
MET-2A48D800-5,TWR-0204,2024-11-13T17:39:00,34.02,164.97,0.852,8.42,-40,794,48.8,0.977
MET-87AB5EA2-F,TWR-0204,2024-11-19T01:44:00,15.54,115.64,0.820,1.28,-60,656,32.2,2.680
MET-3039B2BB-C,TWR-0205,2024-01-01T02:55:00,36.54,319.23,0.142,13.78,-67,1140,86.1,0.814
MET-0AF83534-8,TWR-0205,2024-01-03T12:03:00,32.73,486.36,0.820,9.57,-55,1311,42.2,1.045
MET-E7B9C7D6-E,TWR-0205,2024-01-14T11:18:00,48.82,200.22,0.365,3.65,-56,1987,70.8,0.509
MET-F9FB7B15-B,TWR-0205,2024-02-08T19:12:00,30.24,342.45,0.558,13.21,-43,109,46.1,2.986
MET-17D152A0-8,TWR-0205,2024-02-12T02:10:00,49.86,381.50,1.429,1.08,-63,304,75.6,1.937
MET-D2F6F645-7,TWR-0205,2024-04-09T23:44:00,30.27,125.03,1.082,14.19,-50,136,76.4,4.634
MET-B85F282D-F,TWR-0205,2024-04-20T14:43:00,17.36,355.39,0.875,3.42,-45,1952,31.3,3.851
MET-0CC9D220-6,TWR-0205,2024-04-21T05:32:00,32.21,409.52,0.372,7.62,-65,575,34.8,4.702
MET-A827A578-D,TWR-0205,2024-05-13T07:56:00,25.58,398.37,0.954,11.33,-46,1325,26.4,2.798
MET-18A5E072-8,TWR-0205,2024-05-14T04:52:00,12.00,461.91,0.638,4.54,-58,880,83.8,1.368
MET-DEAA6AC2-4,TWR-0205,2024-05-20T01:59:00,38.29,279.60,0.038,7.61,-46,1692,68.8,1.264
MET-ACBC0B56-0,TWR-0205,2024-06-05T02:19:00,15.10,315.66,0.805,9.34,-50,1592,29.6,2.109
MET-8B8A5C45-3,TWR-0205,2024-06-21T02:48:00,27.33,193.62,1.413,3.35,-58,1614,47.3,2.792
MET-88DF32E7-0,TWR-0205,2024-06-30T04:21:00,35.61,442.62,0.319,11.98,-44,281,78.6,2.625
MET-227D1F41-6,TWR-0205,2024-08-05T19:21:00,36.32,293.23,0.347,13.34,-64,1442,65.3,2.713
MET-FC651861-8,TWR-0205,2024-08-19T08:53:00,22.46,386.41,0.728,12.96,-52,1545,43.1,3.932
MET-B48EB929-3,TWR-0205,2024-09-02T13:47:00,26.00,120.94,1.386,4.00,-63,1214,47.6,1.192
MET-1E4DDC1E-7,TWR-0205,2024-11-21T20:32:00,48.06,267.50,0.713,5.26,-50,1589,51.6,0.173
MET-CBB94350-F,TWR-0205,2024-12-09T22:04:00,38.04,494.22,0.271,4.68,-62,1408,94.9,0.702
MET-057CCF5A-D,TWR-0205,2024-12-12T07:23:00,11.33,213.54,1.133,12.18,-64,1792,70.6,4.842
MET-99E17964-7,TWR-0206,2024-02-03T12:14:00,14.76,360.13,0.335,2.95,-46,997,44.8,3.117
MET-014596F8-A,TWR-0206,2024-02-29T00:24:00,22.83,345.42,0.650,14.82,-63,109,28.7,1.853
MET-BBAD5753-4,TWR-0206,2024-04-07T02:55:00,46.82,377.37,1.476,2.10,-41,826,74.9,2.984
MET-32D24D98-A,TWR-0206,2024-05-01T03:48:00,36.69,233.58,0.348,7.98,-57,677,20.3,3.136
MET-F071D514-7,TWR-0206,2024-05-03T19:44:00,45.59,359.52,0.442,14.13,-57,1312,90.3,0.308
MET-A78C2CD4-6,TWR-0206,2024-05-16T16:40:00,24.92,202.35,0.585,2.24,-69,1983,76.0,4.159
MET-7BF3A346-D,TWR-0206,2024-06-06T01:56:00,43.76,205.98,0.979,13.74,-70,621,51.5,1.122
MET-76D4DF44-F,TWR-0206,2024-07-30T14:54:00,48.23,326.73,0.617,13.01,-57,1207,29.0,4.820
MET-B2EA0526-5,TWR-0206,2024-08-02T14:10:00,48.00,364.57,1.444,8.90,-66,1843,93.0,3.627
MET-023EB3C2-4,TWR-0206,2024-08-07T04:28:00,33.14,303.75,1.279,5.38,-43,518,93.0,3.952
MET-108E284D-A,TWR-0206,2024-09-06T01:17:00,15.32,301.20,1.325,3.10,-55,347,79.7,1.150
MET-CDC52D57-7,TWR-0206,2024-09-06T19:28:00,11.59,371.83,0.176,4.11,-62,822,87.8,0.932
MET-64C2108D-7,TWR-0206,2024-09-06T23:39:00,19.63,328.59,1.409,7.97,-67,1806,22.8,4.279
MET-65AEB0E7-E,TWR-0206,2024-09-21T11:04:00,14.23,292.54,0.626,10.94,-45,1094,91.1,1.937
MET-3AEE1690-6,TWR-0206,2024-10-02T23:24:00,40.99,190.51,0.285,1.76,-53,493,75.4,3.711
MET-D6BFAFB1-4,TWR-0206,2024-10-03T02:59:00,29.39,324.62,1.347,10.92,-68,759,34.7,1.577
MET-7398C065-E,TWR-0206,2024-11-03T09:17:00,42.78,162.05,0.523,3.84,-47,1896,63.7,2.365
MET-D7C82315-3,TWR-0206,2024-11-16T06:37:00,43.35,193.93,1.335,7.16,-56,1565,43.0,1.900
MET-01743C99-0,TWR-0206,2024-12-06T05:51:00,14.69,361.66,0.418,10.63,-49,1014,81.7,4.678
MET-C716BBC8-6,TWR-0206,2024-12-06T14:54:00,27.01,271.05,0.278,12.44,-69,849,27.5,2.919
MET-77E91B97-7,TWR-0207,2024-01-19T13:30:00,19.60,286.46,1.143,11.54,-63,466,81.2,1.721
MET-929B80DF-C,TWR-0207,2024-01-23T16:30:00,47.63,233.76,0.624,8.45,-51,382,36.9,1.918
MET-D32D4B41-2,TWR-0207,2024-02-18T06:33:00,30.05,419.88,0.526,3.53,-63,1500,61.8,2.668
MET-44B90169-0,TWR-0207,2024-02-26T12:14:00,21.63,170.00,1.168,13.03,-41,913,76.0,2.981
MET-6530E768-2,TWR-0207,2024-04-08T08:33:00,41.62,378.71,0.485,14.68,-67,123,26.4,2.894
MET-73F64DD0-B,TWR-0207,2024-05-18T12:34:00,45.72,250.17,1.403,14.12,-56,1585,82.8,1.595
MET-DD3897EE-F,TWR-0207,2024-05-20T15:28:00,31.54,111.22,1.418,13.81,-40,1838,57.4,4.117
MET-370E94BE-D,TWR-0207,2024-05-23T04:09:00,15.80,422.33,0.774,4.94,-47,704,83.7,3.659
MET-CA2268AA-2,TWR-0207,2024-07-19T08:04:00,32.69,188.69,0.041,4.29,-49,424,84.8,4.800
MET-5D04BE5A-6,TWR-0207,2024-08-23T15:39:00,29.23,316.92,0.577,10.79,-45,133,92.2,3.554
MET-6713F257-F,TWR-0207,2024-08-26T19:16:00,28.15,410.07,0.554,6.63,-49,1949,83.5,0.764
MET-68B50B90-1,TWR-0207,2024-09-05T23:53:00,33.97,218.54,0.018,13.85,-62,193,67.8,3.906
MET-D8A2CF64-C,TWR-0207,2024-09-12T22:40:00,17.64,497.93,1.290,2.60,-43,593,40.1,0.692
MET-C8517F98-1,TWR-0207,2024-09-22T15:08:00,33.32,444.30,0.666,8.63,-53,1905,75.9,1.032
MET-4351423C-0,TWR-0207,2024-09-25T20:21:00,11.83,482.38,0.946,1.66,-64,1999,83.9,4.287
MET-452BDF94-C,TWR-0207,2024-09-27T07:53:00,25.32,352.26,0.502,1.62,-55,1055,45.1,2.603
MET-EC4B8C79-C,TWR-0207,2024-09-28T07:39:00,29.90,112.51,0.394,13.94,-42,1185,58.4,0.015
MET-B1792FDC-1,TWR-0207,2024-10-06T22:25:00,30.73,313.84,0.525,1.40,-41,1539,39.4,1.610
MET-808C9025-C,TWR-0207,2024-10-12T23:05:00,14.13,262.56,0.228,1.03,-70,1267,93.6,2.772
MET-2F766ADE-C,TWR-0207,2024-10-25T07:35:00,15.16,421.07,0.590,1.50,-48,1753,52.9,1.266
MET-4CE3AFF9-A,TWR-0208,2024-01-02T18:28:00,24.33,361.27,0.384,11.68,-52,939,36.6,3.809
MET-827DCBC5-8,TWR-0208,2024-01-21T15:51:00,43.64,484.72,0.143,5.13,-48,1728,88.9,4.698
MET-F0FD1D71-D,TWR-0208,2024-02-02T09:40:00,17.45,261.67,0.830,10.74,-69,1862,57.4,2.635
MET-88EB6651-7,TWR-0208,2024-02-26T12:14:00,34.67,401.23,1.042,14.65,-49,1200,89.6,4.463
MET-8A3AAB9F-6,TWR-0208,2024-04-06T08:55:00,22.48,436.70,0.157,13.19,-54,965,20.6,1.721
MET-DF5BC8A2-4,TWR-0208,2024-04-11T21:19:00,36.42,190.75,1.310,4.51,-70,423,46.2,4.097
MET-D23C3DF4-3,TWR-0208,2024-04-14T11:02:00,47.93,386.11,0.877,5.96,-65,1714,51.7,3.792
MET-D0442A12-D,TWR-0208,2024-04-16T16:13:00,19.55,411.79,0.239,12.85,-70,824,86.1,4.486
MET-82068243-8,TWR-0208,2024-05-02T17:25:00,36.05,398.68,0.983,1.75,-50,1347,49.8,3.853
MET-87DCD9DC-E,TWR-0208,2024-06-20T12:03:00,12.28,419.35,0.631,4.26,-68,1895,82.8,1.593
MET-90BD7BE9-A,TWR-0208,2024-06-20T17:55:00,30.27,134.18,1.012,14.86,-45,1553,54.9,4.299
MET-B12E307D-3,TWR-0208,2024-06-28T15:16:00,37.66,450.65,1.142,2.90,-64,192,28.5,2.956
MET-D91B7348-6,TWR-0208,2024-07-19T11:45:00,26.38,159.84,0.165,7.12,-60,1331,43.4,4.200
MET-A9503D46-B,TWR-0208,2024-07-21T01:46:00,28.97,241.04,0.912,14.33,-50,124,55.0,3.695
MET-7031304D-E,TWR-0208,2024-08-01T21:49:00,48.23,185.51,0.660,3.13,-52,1751,39.6,3.797
MET-48525AFB-A,TWR-0208,2024-09-09T22:53:00,26.81,347.53,0.936,11.58,-57,1071,76.3,2.235
MET-C25D3EEC-D,TWR-0208,2024-10-17T01:04:00,22.47,133.35,0.853,12.99,-50,1565,79.2,1.641
MET-DEADFA6F-F,TWR-0208,2024-11-02T13:59:00,10.12,214.88,1.342,13.57,-59,1071,81.8,1.961
MET-B17831EB-E,TWR-0208,2024-11-02T15:26:00,49.75,476.18,1.232,2.46,-52,904,23.4,2.642
MET-9F2AF2BE-E,TWR-0208,2024-12-14T23:32:00,17.10,400.95,0.484,12.41,-55,1205,21.5,2.343
MET-DE8CA2DD-D,TWR-0209,2024-01-03T14:49:00,32.17,308.97,1.496,10.73,-49,1231,90.2,0.843
MET-C7EDC5DE-2,TWR-0209,2024-01-16T20:01:00,30.05,138.50,0.403,5.57,-47,904,52.3,3.718
MET-100DBDF0-0,TWR-0209,2024-01-24T22:59:00,10.03,246.00,0.800,1.20,-64,391,94.8,3.939
MET-25ACF012-5,TWR-0209,2024-01-27T02:08:00,24.16,313.50,1.412,10.10,-70,234,21.5,0.122
MET-E70C36F3-4,TWR-0209,2024-02-15T19:55:00,39.21,414.19,1.180,1.23,-63,1822,93.9,4.536
MET-9196F04D-1,TWR-0209,2024-03-05T06:46:00,27.93,271.99,0.145,7.91,-60,691,51.7,0.567
MET-2D973084-6,TWR-0209,2024-03-30T12:18:00,26.97,207.29,1.169,9.39,-50,174,41.8,1.298
MET-DCDC984E-3,TWR-0209,2024-05-15T07:19:00,13.54,261.34,0.812,2.10,-48,1600,85.5,2.134
MET-2C4B0806-D,TWR-0209,2024-05-21T19:06:00,40.20,231.52,0.765,9.00,-68,1497,58.3,3.116
MET-191A5155-D,TWR-0209,2024-06-08T19:47:00,10.74,349.74,0.960,11.50,-43,1230,48.7,2.856
MET-2729AE24-7,TWR-0209,2024-06-19T15:33:00,14.35,228.42,0.336,12.15,-55,488,40.0,4.542
MET-72A4EE52-2,TWR-0209,2024-07-14T20:38:00,30.28,318.07,1.179,10.99,-70,1392,84.5,1.986
MET-275B97AE-D,TWR-0209,2024-08-05T19:53:00,31.01,432.81,1.385,1.64,-52,1847,54.5,2.009
MET-EF26B73F-E,TWR-0209,2024-09-01T14:45:00,40.78,237.67,0.859,4.11,-47,966,78.8,3.008
MET-739FAD4E-6,TWR-0209,2024-09-01T20:24:00,22.24,266.70,1.232,5.13,-45,1536,73.6,1.745
MET-5B153E59-5,TWR-0209,2024-09-11T21:57:00,46.56,169.53,0.111,6.88,-69,635,83.4,1.108
MET-1348228C-9,TWR-0209,2024-11-07T07:52:00,31.33,333.74,1.335,7.99,-62,779,91.8,1.219
MET-F1939642-E,TWR-0209,2024-11-17T21:00:00,14.01,127.36,0.198,6.60,-58,756,31.2,2.491
MET-ABDD5A9D-6,TWR-0209,2024-12-06T22:42:00,11.74,131.68,0.319,7.78,-69,421,89.1,1.714
MET-FFE5CAD4-5,TWR-0209,2024-12-15T17:01:00,45.54,495.76,1.147,11.92,-54,1654,70.2,3.129
MET-71CAE833-E,TWR-0210,2024-02-02T02:32:00,13.74,474.88,0.385,13.39,-42,69,48.6,0.512
MET-C10D632B-1,TWR-0210,2024-03-06T00:07:00,10.22,377.59,1.335,9.59,-43,226,54.2,4.005
MET-F65CD12E-A,TWR-0210,2024-03-08T00:39:00,16.56,345.20,0.867,9.50,-49,1936,69.8,3.339
MET-CDD2E51F-C,TWR-0210,2024-03-20T21:07:00,49.17,385.69,0.475,7.11,-70,537,93.2,3.623
MET-9F3D588C-B,TWR-0210,2024-04-12T04:39:00,33.67,421.18,0.173,7.14,-64,1038,42.0,3.733
MET-B00F5E63-8,TWR-0210,2024-04-12T23:07:00,47.17,294.03,0.710,9.12,-43,760,71.7,0.799
MET-0E1CF099-2,TWR-0210,2024-04-14T22:58:00,39.86,318.21,1.472,4.37,-61,1775,74.1,2.706
MET-088203DE-E,TWR-0210,2024-05-25T02:08:00,40.60,282.90,1.210,12.99,-64,630,42.8,4.375
MET-8DEEC76F-1,TWR-0210,2024-06-22T07:58:00,21.89,363.19,0.153,9.50,-61,361,63.5,1.164
MET-282DA6F3-E,TWR-0210,2024-06-29T00:51:00,15.57,221.04,0.486,2.22,-41,968,58.8,1.510
MET-EAE8B196-5,TWR-0210,2024-06-29T01:08:00,47.67,435.44,0.422,6.95,-64,1189,74.7,2.587
MET-9F4808E7-0,TWR-0210,2024-07-10T07:09:00,29.25,359.52,0.675,6.91,-54,1134,40.7,2.370
MET-B52D93D7-6,TWR-0210,2024-07-27T20:59:00,23.83,463.74,0.113,7.09,-49,387,68.6,1.920
MET-3F0CDE2D-6,TWR-0210,2024-08-28T08:50:00,10.58,151.23,1.247,2.72,-44,709,46.8,0.136
MET-71FFF738-C,TWR-0210,2024-09-18T05:16:00,14.24,359.58,1.314,10.63,-41,663,22.6,4.889
MET-8E07DD05-3,TWR-0210,2024-10-08T23:12:00,44.06,232.39,0.030,8.97,-45,783,74.9,2.649
MET-BE2A488E-5,TWR-0210,2024-10-25T02:15:00,45.51,268.94,0.901,3.66,-48,1003,87.5,3.503
MET-AC469E53-4,TWR-0210,2024-11-10T23:15:00,23.42,458.22,0.686,8.00,-43,1806,92.8,2.349
MET-B3F26140-6,TWR-0210,2024-11-16T11:59:00,32.20,223.39,0.359,2.36,-65,117,49.0,1.504
MET-7C355826-8,TWR-0210,2024-11-28T22:59:00,48.10,163.34,0.326,3.64,-53,603,32.3,0.126
MET-29905C37-9,TWR-0211,2024-03-07T23:48:00,49.78,371.73,0.282,9.99,-50,1414,28.2,3.171
MET-081258ED-B,TWR-0211,2024-04-01T07:18:00,40.49,364.29,0.206,6.16,-69,1979,82.2,3.529
MET-E935DF7E-6,TWR-0211,2024-04-05T10:59:00,26.61,325.47,1.485,14.39,-45,1516,55.2,0.098
MET-56C2D4E6-1,TWR-0211,2024-05-06T00:00:00,20.53,493.16,0.212,13.88,-65,555,91.7,2.177
MET-D1A4CB21-2,TWR-0211,2024-05-13T01:02:00,13.46,476.01,0.139,1.73,-70,875,70.9,2.324
MET-84D0A972-5,TWR-0211,2024-05-16T18:00:00,23.05,381.32,0.506,3.10,-54,1233,71.2,2.390
MET-E1E41E79-6,TWR-0211,2024-05-21T02:33:00,42.08,409.53,1.252,5.00,-59,867,78.4,2.584
MET-C72DBFC4-B,TWR-0211,2024-07-02T20:30:00,30.92,478.94,0.634,8.04,-53,1116,75.2,1.152
MET-27BB0EFE-1,TWR-0211,2024-07-05T10:29:00,13.30,397.14,0.283,4.98,-51,1658,91.3,1.245
MET-BC3B839D-B,TWR-0211,2024-07-11T11:28:00,32.44,201.94,0.671,2.45,-57,1871,64.8,0.165
MET-A6A03F89-6,TWR-0211,2024-07-31T20:14:00,16.92,242.26,0.738,4.01,-61,1630,79.0,2.591
MET-2E84E800-9,TWR-0211,2024-08-03T06:59:00,18.73,466.97,0.863,4.37,-47,436,68.5,3.655
MET-6437EBAC-F,TWR-0211,2024-08-20T00:35:00,34.79,156.43,0.058,3.11,-45,1236,50.4,3.048
MET-AFB57D03-5,TWR-0211,2024-08-26T16:17:00,21.51,393.00,0.690,10.64,-66,1505,23.0,4.991
MET-D8F8808B-8,TWR-0211,2024-09-10T21:05:00,35.17,154.02,1.246,13.41,-42,176,38.9,4.728
MET-7B1F7D5E-1,TWR-0211,2024-10-08T18:59:00,43.76,252.27,1.401,4.74,-40,139,72.5,2.471
MET-72276F5D-1,TWR-0211,2024-10-18T20:57:00,26.37,313.03,1.205,4.95,-45,1610,40.4,1.936
MET-0C276A84-F,TWR-0211,2024-11-06T08:27:00,14.60,443.24,0.639,7.66,-40,392,22.5,0.904
MET-AA4AFC1C-C,TWR-0211,2024-11-23T10:31:00,39.98,376.57,0.135,6.54,-63,952,77.3,0.412
MET-25A6686F-9,TWR-0211,2024-12-14T10:14:00,16.61,248.39,0.196,7.62,-45,1227,22.9,2.878
MET-4974FF2C-B,TWR-0212,2024-01-03T06:10:00,28.34,368.67,0.532,9.47,-65,361,77.4,0.008
MET-C911966A-1,TWR-0212,2024-01-18T16:59:00,41.33,295.78,0.501,4.61,-66,342,40.6,4.965
MET-B7B0D9F5-4,TWR-0212,2024-01-19T15:06:00,16.52,466.02,0.991,12.03,-51,1761,61.0,0.709
MET-69960847-2,TWR-0212,2024-01-26T21:30:00,12.48,343.54,0.446,9.52,-55,1466,64.0,2.986
MET-B5645DAC-7,TWR-0212,2024-02-02T05:29:00,40.39,291.00,0.607,13.92,-69,218,52.2,2.805
MET-F5F95A8A-1,TWR-0212,2024-03-08T10:55:00,42.49,479.91,0.936,10.59,-61,876,73.9,3.692
MET-B25A29DC-9,TWR-0212,2024-03-30T16:48:00,14.51,170.81,0.538,9.08,-68,582,80.1,0.550
MET-7460B36E-F,TWR-0212,2024-04-01T03:11:00,23.47,410.79,0.040,9.10,-57,1453,65.3,2.121
MET-31933F18-2,TWR-0212,2024-04-06T15:56:00,28.77,459.87,1.103,3.77,-63,1626,53.4,2.694
MET-F37003F2-8,TWR-0212,2024-05-28T04:14:00,11.84,211.95,1.084,2.05,-43,233,50.9,0.563
MET-3C5D26A3-5,TWR-0212,2024-06-04T04:32:00,21.81,205.24,0.879,1.95,-67,1709,65.6,0.269
MET-8474D3CD-3,TWR-0212,2024-07-08T16:09:00,14.07,497.90,0.706,7.58,-48,1615,78.2,1.024
MET-BBBCA056-A,TWR-0212,2024-07-11T00:40:00,11.63,215.98,1.143,12.86,-67,1484,89.0,1.876
MET-41E9AE42-C,TWR-0212,2024-07-27T18:23:00,12.91,337.80,0.228,13.35,-67,246,32.2,1.794
MET-6035151A-F,TWR-0212,2024-08-25T04:06:00,15.02,291.63,0.532,4.02,-57,876,45.3,2.854
MET-17705EE3-B,TWR-0212,2024-09-08T00:06:00,41.88,378.80,0.683,5.63,-44,873,56.6,4.923
MET-30719AA3-D,TWR-0212,2024-09-11T19:21:00,24.84,217.82,1.197,1.23,-45,1318,52.5,0.993
MET-BF715947-3,TWR-0212,2024-09-12T05:51:00,35.97,448.57,0.636,4.43,-51,1993,52.2,0.713
MET-6D6D196A-5,TWR-0212,2024-10-20T14:12:00,40.31,101.39,0.290,4.75,-57,1721,26.8,3.429
MET-D7BD39B2-4,TWR-0212,2024-12-15T17:03:00,19.81,396.77,0.257,6.56,-51,1545,72.0,0.555
MET-6816028E-F,TWR-0213,2024-01-20T13:59:00,28.73,273.30,1.204,11.49,-53,970,35.5,4.857
MET-45EB91F6-8,TWR-0213,2024-02-03T18:07:00,26.01,470.82,0.450,5.64,-46,1517,37.3,0.774
MET-8D6F5155-E,TWR-0213,2024-03-06T18:14:00,20.52,156.16,1.319,4.63,-61,1678,58.7,0.238
MET-1A3788B3-F,TWR-0213,2024-03-08T08:57:00,24.37,284.33,1.343,12.36,-44,375,85.7,4.803
MET-5E7DE313-A,TWR-0213,2024-04-19T06:16:00,36.61,386.16,1.087,9.53,-57,124,32.9,2.349
MET-B1C89B9D-B,TWR-0213,2024-04-28T07:16:00,43.65,182.68,1.397,6.43,-67,1325,47.3,2.937
MET-25A0F82B-6,TWR-0213,2024-05-06T10:23:00,36.21,204.97,1.120,1.43,-48,1866,61.5,4.637
MET-9DCF3B38-9,TWR-0213,2024-06-07T15:04:00,12.85,145.65,0.044,2.23,-68,1375,84.6,2.481
MET-903D170C-5,TWR-0213,2024-06-20T05:48:00,35.19,258.31,0.914,4.14,-55,1229,76.1,0.343
MET-EFA0B0AB-7,TWR-0213,2024-07-11T01:44:00,47.98,434.02,1.400,11.17,-48,1574,52.7,0.595
MET-6D0E4988-D,TWR-0213,2024-08-30T21:26:00,35.32,486.52,0.280,12.01,-52,1968,25.4,4.240
MET-240E5FAC-F,TWR-0213,2024-09-15T22:25:00,12.02,305.96,1.395,5.64,-40,172,37.9,2.997
MET-EBDA17B0-C,TWR-0213,2024-10-08T00:05:00,23.25,225.78,1.010,3.79,-48,367,90.1,1.644
MET-9E8B0DC1-7,TWR-0213,2024-11-06T06:47:00,30.98,356.20,1.326,14.67,-69,1544,84.8,4.235
MET-5022B36F-3,TWR-0213,2024-11-15T08:14:00,14.03,304.49,0.559,9.26,-61,1716,68.2,2.973
MET-E97AC1C0-6,TWR-0213,2024-11-27T13:36:00,21.55,303.96,0.043,8.95,-70,1012,36.2,3.452
MET-8F1F6B7C-6,TWR-0213,2024-12-04T11:13:00,40.09,293.02,0.966,4.09,-66,369,26.2,4.000
MET-DCF0F605-B,TWR-0213,2024-12-05T09:09:00,10.33,160.30,1.350,9.24,-53,1107,36.6,1.651
MET-DF30D9F2-2,TWR-0213,2024-12-11T02:54:00,41.29,490.08,1.008,14.94,-70,154,60.9,4.884
MET-CC85A085-C,TWR-0213,2024-12-16T22:04:00,11.47,441.45,0.875,8.73,-45,1098,90.9,0.562
MET-FF948D3B-0,TWR-0214,2024-01-17T01:53:00,31.44,362.11,0.364,3.49,-52,1267,93.0,1.772
MET-23BE48C4-8,TWR-0214,2024-01-31T04:40:00,15.46,134.17,0.791,8.12,-55,1777,86.1,4.192
MET-69CFD0B3-6,TWR-0214,2024-02-11T08:55:00,35.74,284.64,0.928,5.81,-52,1872,83.7,1.504
MET-909BF482-A,TWR-0214,2024-02-27T07:06:00,29.13,303.03,0.387,12.84,-51,1393,64.0,0.747
MET-3C44749B-F,TWR-0214,2024-02-29T21:44:00,29.18,279.26,0.426,14.68,-58,1404,62.1,4.622
MET-F2BD43DE-A,TWR-0214,2024-03-11T05:31:00,26.10,129.26,0.966,1.69,-45,485,93.9,4.160
MET-393B3A55-A,TWR-0214,2024-03-16T21:46:00,31.61,383.12,1.392,11.49,-70,699,92.6,1.875
MET-8C4757BA-8,TWR-0214,2024-03-26T03:26:00,49.50,163.93,0.543,10.32,-51,257,84.6,0.318
MET-63A2F5BD-E,TWR-0214,2024-04-08T10:41:00,17.14,337.81,1.006,13.03,-65,285,71.6,4.960
MET-284DBBC3-2,TWR-0214,2024-04-10T14:26:00,21.99,290.16,0.477,4.49,-60,240,27.3,3.676
MET-8D8D18BF-B,TWR-0214,2024-04-26T16:32:00,24.05,429.59,1.492,9.81,-67,56,68.4,3.132
MET-0375669F-2,TWR-0214,2024-05-24T18:25:00,16.51,262.98,1.139,11.50,-58,1849,90.3,1.367
MET-B65294EB-9,TWR-0214,2024-06-24T21:15:00,28.96,213.31,0.561,5.47,-65,1970,57.9,4.723
MET-01DA0D96-5,TWR-0214,2024-07-08T05:04:00,49.21,240.34,0.398,13.27,-51,1270,51.2,4.425
MET-07E13596-F,TWR-0214,2024-08-21T09:38:00,10.56,424.64,0.710,8.79,-65,515,41.6,0.348
MET-3816A029-F,TWR-0214,2024-08-23T11:17:00,15.61,484.32,0.080,7.06,-63,639,45.7,1.140
MET-7AA97284-A,TWR-0214,2024-10-09T09:46:00,29.52,121.90,0.834,4.50,-68,1663,80.8,4.737
MET-AFA0830C-E,TWR-0214,2024-10-18T01:41:00,34.91,199.80,0.863,6.07,-52,59,75.0,4.080
MET-96D14AC4-6,TWR-0214,2024-11-03T03:42:00,33.15,261.44,1.010,11.83,-66,1510,83.6,4.864
MET-32323CD6-8,TWR-0214,2024-12-12T03:30:00,13.40,223.81,0.138,11.21,-67,1372,73.4,3.961
MET-0A5DFE1C-E,TWR-0215,2024-01-01T00:33:00,17.70,143.08,0.216,3.39,-43,331,59.4,3.508
MET-6FAE444F-2,TWR-0215,2024-01-19T07:16:00,23.23,202.34,1.161,13.93,-46,189,91.0,1.274
MET-C7824BE8-B,TWR-0215,2024-02-05T12:20:00,16.75,121.69,0.029,7.01,-50,1867,32.1,3.252
MET-09C0E3EA-4,TWR-0215,2024-04-17T03:39:00,35.58,455.91,0.342,4.93,-48,443,57.5,3.617
MET-B96B1B0F-F,TWR-0215,2024-04-19T07:20:00,15.57,376.83,0.395,7.51,-47,815,28.6,4.064
MET-7DC46E76-3,TWR-0215,2024-04-28T11:58:00,32.26,164.80,0.362,5.21,-40,1371,45.1,4.204
MET-E41137E3-8,TWR-0215,2024-05-03T08:31:00,10.86,343.13,0.976,10.19,-44,621,40.8,1.257
MET-175EDFC7-5,TWR-0215,2024-05-16T16:08:00,14.55,187.27,0.530,13.25,-56,1759,38.6,1.646
MET-763B56B9-5,TWR-0215,2024-05-31T04:52:00,16.68,225.12,0.645,11.18,-68,502,40.5,2.489
MET-C96F3933-1,TWR-0215,2024-06-26T17:46:00,15.33,441.64,0.821,8.30,-48,337,76.3,2.217
MET-BD7BC543-5,TWR-0215,2024-07-03T23:53:00,48.62,377.82,0.998,9.13,-62,683,91.1,2.079
MET-8DFBCD46-F,TWR-0215,2024-07-17T10:41:00,36.79,217.31,0.183,4.07,-54,1851,28.9,4.412
MET-3CE82C19-8,TWR-0215,2024-07-21T00:48:00,24.40,381.17,0.524,6.88,-69,1727,29.7,2.792
MET-F557473B-A,TWR-0215,2024-08-27T01:42:00,29.72,399.35,0.729,1.45,-64,1506,89.4,1.659
MET-9FFDE749-E,TWR-0215,2024-09-03T02:21:00,47.34,346.42,0.688,14.97,-45,1628,93.2,1.910
MET-5DAD1806-1,TWR-0215,2024-11-02T08:06:00,40.39,271.89,0.910,6.63,-57,220,48.7,2.245
MET-1D14FA9A-7,TWR-0215,2024-11-04T02:12:00,49.82,316.53,0.968,14.92,-68,1178,65.0,2.330
MET-8F1E548B-B,TWR-0215,2024-11-28T09:20:00,26.77,396.85,0.953,10.20,-46,167,70.9,1.737
MET-6615C0ED-E,TWR-0215,2024-12-02T22:15:00,40.77,472.70,0.595,12.80,-42,100,65.9,3.983
MET-FE294505-C,TWR-0215,2024-12-14T14:17:00,17.30,214.83,0.060,11.04,-44,1880,38.2,4.155
MET-602EDAE4-8,TWR-0216,2024-01-30T17:50:00,10.63,159.59,0.315,5.37,-57,954,74.9,3.885
MET-53563A7B-1,TWR-0216,2024-02-12T00:33:00,11.17,269.90,0.822,1.11,-57,1410,91.7,1.895
MET-2F14F4DE-6,TWR-0216,2024-03-14T21:50:00,46.18,226.68,1.268,7.00,-56,455,67.0,4.648
MET-76C063BC-D,TWR-0216,2024-03-15T11:21:00,26.91,360.41,0.434,12.00,-62,394,72.9,3.089
MET-17683CD0-7,TWR-0216,2024-04-02T20:39:00,38.86,476.49,1.133,7.07,-49,791,66.4,1.731
MET-F239D775-D,TWR-0216,2024-05-08T00:20:00,32.64,434.11,0.369,11.99,-68,1703,45.9,2.577
MET-45EAD62D-1,TWR-0216,2024-05-09T05:52:00,22.93,303.86,1.330,11.59,-45,1402,77.9,4.215
MET-D4BB9C8B-A,TWR-0216,2024-07-14T09:04:00,11.83,432.39,1.424,14.38,-65,1868,30.7,0.868
MET-A57D144F-2,TWR-0216,2024-07-22T10:32:00,28.87,456.44,0.805,7.10,-69,1745,85.8,2.991
MET-907F4796-8,TWR-0216,2024-08-09T15:18:00,46.57,220.62,0.248,3.63,-43,528,32.2,2.511
MET-CF890CA1-A,TWR-0216,2024-08-20T23:16:00,43.61,463.59,1.179,5.50,-64,892,35.2,0.397
MET-98EC3770-A,TWR-0216,2024-10-01T14:26:00,45.84,168.64,0.325,1.57,-56,854,59.4,0.603
MET-39B8B946-2,TWR-0216,2024-10-07T16:31:00,17.83,223.47,0.547,2.02,-52,85,21.2,1.689
MET-1CF10396-6,TWR-0216,2024-10-07T19:40:00,20.51,131.27,0.826,13.03,-58,599,69.7,2.131
MET-F7F3025E-F,TWR-0216,2024-10-09T08:57:00,31.33,161.97,0.607,3.47,-55,1142,44.2,4.549
MET-B3631D70-D,TWR-0216,2024-10-26T01:14:00,20.51,114.54,0.771,10.01,-54,991,73.7,1.734
MET-68195AC3-E,TWR-0216,2024-10-27T05:47:00,32.26,271.48,0.907,1.47,-69,810,33.1,1.146
MET-C7947266-B,TWR-0216,2024-11-08T14:17:00,36.48,393.25,1.176,7.20,-59,1093,54.9,1.775
MET-B22973C6-7,TWR-0216,2024-11-12T08:00:00,34.36,342.81,1.208,9.36,-42,1081,88.9,0.816
MET-EF807505-D,TWR-0216,2024-11-18T10:15:00,31.79,281.83,0.640,6.92,-63,1651,33.9,4.742
MET-7BA26518-E,TWR-0217,2024-01-15T20:36:00,17.11,215.51,1.389,9.71,-49,785,36.8,1.287
MET-053877AC-7,TWR-0217,2024-01-18T07:37:00,18.44,234.65,0.801,12.46,-56,1445,40.5,4.901
MET-BBDF7096-D,TWR-0217,2024-01-29T19:24:00,31.32,403.37,0.348,14.54,-65,420,51.9,0.234
MET-31166C61-5,TWR-0217,2024-01-30T15:04:00,29.29,310.53,1.362,12.84,-56,1806,47.6,0.461
MET-FF9D9105-F,TWR-0217,2024-04-09T20:20:00,16.20,284.06,1.210,1.16,-49,1549,75.9,3.351
MET-623CFC27-5,TWR-0217,2024-05-10T06:38:00,11.69,412.45,0.143,13.35,-58,1178,68.9,1.463
MET-82A8A489-E,TWR-0217,2024-05-11T04:16:00,13.83,302.75,0.902,11.85,-68,1031,78.5,2.348
MET-12E4E1BC-B,TWR-0217,2024-07-13T14:39:00,17.66,254.27,0.101,11.47,-63,1537,52.5,1.267
MET-60980D09-0,TWR-0217,2024-07-16T20:06:00,40.12,350.24,0.375,14.43,-68,173,66.1,4.722
MET-D5FB6D4F-6,TWR-0217,2024-07-23T21:01:00,45.89,309.35,1.124,11.83,-42,1214,29.8,2.102
MET-CC8C6FFF-6,TWR-0217,2024-08-13T23:39:00,36.57,485.84,0.599,11.56,-55,1842,83.4,2.671
MET-8A61F1AC-6,TWR-0217,2024-08-16T10:59:00,10.14,426.68,1.148,2.22,-43,1464,34.3,4.569
MET-6246A7E7-E,TWR-0217,2024-08-22T07:33:00,16.29,405.50,0.589,4.11,-45,861,89.1,1.330
MET-D54BB76F-B,TWR-0217,2024-10-04T23:58:00,26.56,399.80,0.318,4.64,-51,450,94.6,4.496
MET-4D79FF9F-0,TWR-0217,2024-10-06T00:18:00,40.84,469.07,0.540,14.95,-52,1423,69.9,0.174
MET-20C9242C-C,TWR-0217,2024-10-13T05:45:00,15.94,266.73,0.683,3.32,-46,689,87.3,2.442
MET-1F2CCC91-7,TWR-0217,2024-10-20T02:04:00,47.57,346.68,1.094,1.06,-69,416,54.1,1.574
MET-E17063E5-B,TWR-0217,2024-10-28T19:05:00,10.33,303.19,0.582,13.48,-43,793,71.1,4.827
MET-4D479D1F-5,TWR-0217,2024-11-01T12:40:00,13.60,244.90,0.934,13.37,-43,752,76.8,2.942
MET-F93AE6CF-B,TWR-0217,2024-11-16T09:22:00,33.37,474.64,0.118,11.67,-62,145,54.4,0.552
MET-E711DE0C-4,TWR-0218,2024-01-10T03:32:00,36.69,300.53,0.230,3.91,-45,1099,62.1,4.926
MET-FA7CE950-A,TWR-0218,2024-01-31T11:13:00,49.79,365.54,1.016,14.34,-65,68,44.0,0.901
MET-511E84E7-4,TWR-0218,2024-03-26T21:06:00,43.19,480.68,0.707,5.79,-54,1913,82.9,3.323
MET-14BD252F-9,TWR-0218,2024-04-05T07:21:00,22.72,272.00,0.741,6.09,-67,609,21.5,1.816
MET-40B3C661-B,TWR-0218,2024-05-02T09:09:00,17.43,156.85,0.426,9.76,-50,409,57.4,1.543
MET-79398202-C,TWR-0218,2024-05-03T15:53:00,10.94,444.24,0.660,10.93,-49,1565,36.3,0.761
MET-D1788D6F-9,TWR-0218,2024-05-09T03:45:00,26.59,175.69,0.220,13.67,-45,1463,23.4,3.684
MET-BB7E880B-8,TWR-0218,2024-05-13T06:35:00,32.68,308.75,1.306,7.63,-52,478,43.3,0.886
MET-D5EC39BA-6,TWR-0218,2024-05-13T14:57:00,22.14,201.87,0.697,5.18,-43,1969,28.5,4.189
MET-C6E719AE-A,TWR-0218,2024-05-16T19:34:00,14.99,286.29,0.093,7.25,-63,140,58.3,0.801
MET-CC1AB5CD-F,TWR-0218,2024-05-24T19:26:00,13.27,163.38,0.744,1.01,-64,832,93.4,2.538
MET-2615AC41-5,TWR-0218,2024-06-08T02:46:00,25.81,489.57,0.331,5.71,-67,693,57.2,1.823
MET-E53584F3-4,TWR-0218,2024-06-20T15:14:00,37.86,261.52,0.252,9.03,-66,1023,21.7,3.517
MET-90FF0E56-0,TWR-0218,2024-08-06T20:39:00,41.17,193.97,1.313,4.24,-65,117,28.5,1.279
MET-0AB65054-7,TWR-0218,2024-08-12T08:06:00,22.42,443.81,0.793,5.22,-50,72,71.0,2.384
MET-197442B1-1,TWR-0218,2024-08-23T11:07:00,48.18,425.00,1.456,1.22,-48,508,24.5,1.133
MET-FDF48821-0,TWR-0218,2024-09-26T00:56:00,46.24,292.44,0.176,11.21,-51,978,43.7,3.035
MET-7BC7AE08-9,TWR-0218,2024-10-25T04:03:00,44.30,234.62,0.777,14.37,-61,1112,52.6,4.034
MET-1DC43A21-8,TWR-0218,2024-11-17T18:09:00,47.99,142.59,0.477,4.32,-65,1364,46.8,2.459
MET-CA6E11FE-3,TWR-0218,2024-12-02T16:42:00,36.82,307.40,0.602,10.39,-58,1012,62.2,1.558
MET-25081177-B,TWR-0219,2024-01-11T00:29:00,25.94,259.79,1.146,7.33,-55,1318,27.8,4.093
MET-75BF775C-1,TWR-0219,2024-01-17T12:58:00,34.48,326.89,0.144,13.69,-40,260,80.8,3.844
MET-E8E6F74B-A,TWR-0219,2024-02-08T20:51:00,32.56,365.26,0.511,2.86,-53,195,89.4,3.048
MET-6BF8816E-0,TWR-0219,2024-03-04T18:38:00,23.19,361.55,1.402,1.16,-70,554,93.3,2.371
MET-F7AFF802-E,TWR-0219,2024-03-07T16:02:00,46.65,468.92,0.668,13.96,-68,1331,76.5,1.744
MET-8C51E4E8-F,TWR-0219,2024-03-25T15:00:00,19.22,310.54,1.175,1.78,-69,604,61.2,4.109
MET-ED3B5B73-B,TWR-0219,2024-03-29T15:28:00,19.88,146.52,1.414,1.53,-60,1498,63.4,0.627
MET-CA7A9D78-9,TWR-0219,2024-04-03T12:46:00,14.24,175.12,0.793,6.44,-43,1585,55.3,4.793
MET-81A8B339-2,TWR-0219,2024-04-16T05:00:00,24.77,287.04,0.161,4.22,-45,575,46.8,2.832
MET-40DA14EE-4,TWR-0219,2024-05-19T17:17:00,14.65,387.03,0.782,5.03,-56,465,89.8,1.600
MET-9877CCF2-A,TWR-0219,2024-06-14T00:14:00,17.86,354.24,0.704,14.31,-47,566,40.7,3.656
MET-72684BEA-9,TWR-0219,2024-06-23T19:46:00,14.12,285.50,1.205,5.47,-45,1474,75.8,0.666
MET-BA02FF1B-C,TWR-0219,2024-07-08T14:48:00,12.53,134.49,0.753,3.27,-66,1197,89.6,4.650
MET-A088509C-2,TWR-0219,2024-07-19T19:06:00,14.46,387.00,0.393,14.61,-50,89,35.9,4.108
MET-5C3015D9-B,TWR-0219,2024-08-06T13:19:00,22.42,334.24,1.359,6.05,-49,736,84.7,2.468
MET-387E048A-E,TWR-0219,2024-08-10T17:48:00,35.23,253.96,0.298,12.24,-50,1726,61.6,0.322
MET-2497BF0E-5,TWR-0219,2024-08-26T15:19:00,37.58,326.48,0.546,1.52,-56,786,94.2,0.252
MET-7E45212A-A,TWR-0219,2024-09-14T22:27:00,29.79,100.45,0.496,5.82,-56,984,91.4,4.991
MET-B906E0FA-6,TWR-0219,2024-10-07T15:51:00,29.62,213.51,0.509,14.01,-46,1377,44.2,4.916
MET-BCE17045-2,TWR-0219,2024-11-15T10:45:00,27.10,132.25,1.257,9.79,-45,1119,58.5,2.855
MET-9B6321FA-5,TWR-0220,2024-02-01T15:27:00,35.54,424.23,0.710,2.71,-44,572,78.3,4.606
MET-AB926C5E-B,TWR-0220,2024-02-05T16:03:00,40.40,482.26,0.509,1.47,-42,498,39.0,4.656
MET-3D1D7D55-1,TWR-0220,2024-03-13T12:39:00,22.47,324.29,1.264,5.50,-49,1491,39.0,2.966
MET-4CD0E507-7,TWR-0220,2024-03-13T12:42:00,17.86,221.70,0.619,11.37,-69,1898,90.7,3.752
MET-B70EC8F1-7,TWR-0220,2024-03-17T23:59:00,36.71,238.42,1.409,7.26,-48,145,53.0,1.823
MET-B78B0DD2-E,TWR-0220,2024-03-23T07:22:00,43.58,206.07,0.120,7.46,-63,1766,65.8,2.791
MET-A2F66CB5-3,TWR-0220,2024-04-02T15:53:00,20.62,220.77,0.784,13.14,-56,689,76.6,4.564
MET-A6A1C073-3,TWR-0220,2024-05-02T11:12:00,34.03,392.61,0.976,10.15,-50,1222,30.4,1.375
MET-F1913407-2,TWR-0220,2024-07-08T03:43:00,21.40,345.51,0.316,5.62,-40,829,90.5,0.449
MET-72E38FC0-F,TWR-0220,2024-07-18T19:50:00,18.20,457.19,0.350,4.45,-57,213,93.5,1.052
MET-D12D39B0-5,TWR-0220,2024-07-26T20:25:00,41.76,372.46,0.060,5.90,-67,1199,27.6,1.325
MET-04F26950-4,TWR-0220,2024-07-27T20:20:00,19.50,477.33,0.262,12.72,-51,621,77.4,2.032
MET-34B6BBA1-5,TWR-0220,2024-08-01T07:09:00,40.23,332.93,0.812,4.75,-68,1543,56.5,3.390
MET-EBCB05DC-5,TWR-0220,2024-08-21T17:19:00,15.32,259.39,1.296,3.74,-63,415,36.2,0.664
MET-430C9B75-3,TWR-0220,2024-08-31T18:50:00,15.35,367.98,0.777,4.91,-66,1678,33.5,4.577
MET-1A7A8FB9-5,TWR-0220,2024-09-04T12:24:00,27.19,161.26,0.720,13.42,-62,1890,76.5,1.725
MET-8B880A47-3,TWR-0220,2024-10-15T00:48:00,42.72,250.02,1.098,12.04,-60,743,44.5,0.420
MET-79CFE55D-D,TWR-0220,2024-11-07T03:53:00,32.61,439.73,0.988,3.34,-66,1868,27.2,3.263
MET-CC4F842E-C,TWR-0220,2024-11-14T07:47:00,15.24,318.48,0.859,10.39,-68,1924,44.8,2.505
MET-091D2172-C,TWR-0220,2024-11-17T12:26:00,19.58,410.85,1.427,12.25,-69,378,75.2,0.656
MET-8C883824-2,TWR-0221,2024-01-11T00:39:00,44.41,153.24,0.473,3.12,-43,1857,36.3,3.024
MET-FE85C2DF-C,TWR-0221,2024-01-18T21:00:00,15.20,444.38,1.491,4.18,-47,1353,45.2,1.494
MET-7CBF813B-4,TWR-0221,2024-01-22T08:08:00,15.24,465.72,0.394,12.92,-64,1252,30.4,0.548
MET-94B0BD76-7,TWR-0221,2024-01-24T21:15:00,44.82,328.01,0.843,11.25,-49,1054,88.8,2.812
MET-CEF1F1C3-9,TWR-0221,2024-02-22T03:50:00,42.53,325.06,0.135,12.54,-68,294,42.7,0.712
MET-7A2D4527-9,TWR-0221,2024-03-11T12:03:00,34.05,213.95,1.079,10.36,-52,1110,88.8,4.584
MET-9DEC7A8A-7,TWR-0221,2024-03-11T23:42:00,36.26,323.62,0.132,8.02,-51,799,68.1,3.715
MET-F189FD48-E,TWR-0221,2024-04-01T17:00:00,33.43,103.21,0.311,7.25,-51,1371,58.8,0.306
MET-2C8751F8-3,TWR-0221,2024-06-01T19:38:00,17.84,268.06,0.842,1.66,-63,1007,35.6,0.950
MET-F1278815-5,TWR-0221,2024-07-11T01:51:00,17.61,383.13,1.056,7.69,-58,1364,93.6,2.771
MET-7B352AAD-3,TWR-0221,2024-07-12T03:41:00,37.10,303.83,1.233,5.33,-62,257,81.5,2.259
MET-5EF0921D-0,TWR-0221,2024-07-15T07:28:00,36.43,415.91,0.611,6.40,-67,1324,58.4,2.941
MET-56BE6148-0,TWR-0221,2024-07-18T11:17:00,45.51,334.77,0.262,12.02,-43,1576,86.4,1.966
MET-08D2EE67-6,TWR-0221,2024-07-30T00:37:00,21.40,338.23,1.379,7.66,-61,1054,23.4,2.281
MET-C33CA94C-5,TWR-0221,2024-09-13T06:53:00,41.67,155.06,1.359,6.61,-43,1950,48.9,2.769
MET-D1CE2703-C,TWR-0221,2024-10-02T04:17:00,26.91,323.55,0.701,14.82,-41,275,88.8,3.431
MET-5605B1A2-9,TWR-0221,2024-10-03T05:58:00,10.12,192.01,0.411,12.50,-49,366,58.3,1.827
MET-8270C19A-A,TWR-0221,2024-10-03T11:33:00,14.24,464.95,0.983,5.78,-70,735,29.6,3.071
MET-BA7A2C92-4,TWR-0221,2024-11-19T16:47:00,18.54,380.76,1.342,14.07,-54,340,54.5,3.993
MET-B0BC89F1-2,TWR-0221,2024-11-26T10:20:00,48.29,335.89,0.348,5.40,-52,872,22.2,3.566
MET-1D44707C-E,TWR-0222,2024-01-06T07:02:00,48.77,410.21,0.191,6.42,-40,1824,64.2,1.505
MET-5F44A704-3,TWR-0222,2024-01-13T21:11:00,30.41,440.64,0.293,8.97,-45,249,93.7,0.634
MET-5695AA78-4,TWR-0222,2024-01-14T15:56:00,16.60,290.38,0.287,10.86,-42,502,67.7,0.465
MET-E9A97C7B-1,TWR-0222,2024-01-15T13:04:00,42.46,425.25,0.330,3.69,-54,738,38.5,2.814
MET-30112650-3,TWR-0222,2024-02-08T05:38:00,29.63,477.80,0.590,6.92,-45,681,51.4,4.968
MET-DE76DE34-8,TWR-0222,2024-03-15T23:26:00,19.59,322.50,0.868,9.36,-53,1986,35.6,3.424
MET-EA4684FA-8,TWR-0222,2024-04-10T23:04:00,21.13,280.45,0.302,8.80,-49,694,22.3,0.602
MET-56CA6498-F,TWR-0222,2024-05-18T05:19:00,38.14,397.63,0.861,2.41,-70,699,73.1,3.103
MET-73FEA8D4-F,TWR-0222,2024-06-16T16:32:00,18.80,116.25,0.303,6.80,-64,898,64.6,4.400
MET-4B9E8939-1,TWR-0222,2024-07-02T02:33:00,47.29,172.09,0.987,3.86,-49,952,58.9,2.488
MET-4A1A001D-6,TWR-0222,2024-07-04T12:06:00,44.19,414.26,0.923,14.43,-43,530,77.1,4.980
MET-2EEBC263-1,TWR-0222,2024-07-13T08:02:00,16.79,364.56,0.267,14.85,-48,1435,65.4,3.547
MET-BB02F367-F,TWR-0222,2024-08-06T15:39:00,28.19,434.02,0.187,5.54,-41,454,64.2,0.630
MET-4B3EABA3-1,TWR-0222,2024-10-11T02:47:00,39.67,320.32,1.095,14.67,-55,1762,84.3,1.845
MET-86494EAF-5,TWR-0222,2024-10-18T03:57:00,16.50,376.01,0.063,14.26,-43,1829,76.6,2.728
MET-D0CC00DE-2,TWR-0222,2024-10-24T03:53:00,27.20,421.38,0.510,13.58,-43,663,77.4,3.362
MET-728B9576-E,TWR-0222,2024-11-09T23:04:00,23.94,371.78,0.832,3.48,-61,609,49.3,0.723
MET-9B909081-1,TWR-0222,2024-11-30T00:47:00,39.22,474.45,0.123,7.08,-49,649,62.4,4.273
MET-5E7A5935-1,TWR-0222,2024-12-11T01:22:00,49.05,263.71,0.988,14.58,-49,1123,51.5,3.522
MET-39D7FB3F-C,TWR-0222,2024-12-15T23:39:00,20.87,124.48,1.131,14.74,-53,581,62.3,3.147
MET-D4317F08-A,TWR-0223,2024-01-02T12:11:00,26.14,462.05,0.006,8.25,-52,539,81.5,0.271
MET-3FA1070A-3,TWR-0223,2024-01-06T10:15:00,37.12,308.28,1.434,7.68,-60,714,20.1,1.135
MET-BE9F331C-C,TWR-0223,2024-01-21T20:34:00,32.19,102.82,1.423,9.96,-42,1064,56.3,3.096
MET-954D71BC-B,TWR-0223,2024-02-09T22:20:00,39.29,158.72,0.405,1.51,-64,1826,74.7,1.218
MET-5D85DD94-B,TWR-0223,2024-04-21T02:20:00,23.11,482.98,0.378,13.13,-61,182,63.6,3.236
MET-F4770AE3-D,TWR-0223,2024-05-15T12:02:00,23.05,436.06,1.487,9.66,-58,708,66.3,2.059
MET-69DB2880-8,TWR-0223,2024-05-23T17:50:00,16.49,358.35,0.689,11.56,-69,1101,89.6,2.123
MET-64C76511-D,TWR-0223,2024-05-29T14:35:00,20.64,219.27,1.485,5.02,-62,141,68.2,2.194
MET-D02653D0-5,TWR-0223,2024-06-02T19:33:00,36.88,203.03,1.284,10.26,-41,1429,26.1,0.106
MET-DA76465E-9,TWR-0223,2024-06-10T17:51:00,13.34,345.79,1.453,5.17,-70,1092,23.8,1.762
MET-066C8156-5,TWR-0223,2024-06-12T20:55:00,31.27,205.10,0.367,4.40,-55,464,30.8,0.988
MET-002A2C3F-5,TWR-0223,2024-07-11T13:46:00,45.30,244.14,0.536,8.31,-62,1270,86.7,2.591
MET-2210BBFC-E,TWR-0223,2024-07-18T17:31:00,31.78,369.85,0.811,5.99,-58,933,58.1,3.305
MET-2ED5E469-E,TWR-0223,2024-07-18T22:16:00,12.92,391.13,0.478,10.30,-49,1894,90.1,3.601
MET-EDE09E41-8,TWR-0223,2024-07-30T12:37:00,44.61,382.64,0.461,2.22,-44,498,58.6,2.172
MET-108DE70C-5,TWR-0223,2024-08-29T18:15:00,36.69,353.02,0.611,5.25,-49,1878,55.6,4.730
MET-98569A22-C,TWR-0223,2024-08-31T13:57:00,15.50,241.97,0.353,5.57,-47,409,28.0,1.987
MET-8D6FBB26-D,TWR-0223,2024-09-26T14:57:00,13.19,309.91,0.351,9.21,-62,1890,78.1,4.464
MET-2E89AF1C-3,TWR-0223,2024-10-12T06:47:00,14.52,361.42,1.067,3.28,-43,1020,57.2,0.358
MET-0063F23E-A,TWR-0223,2024-11-29T15:07:00,27.55,309.56,0.580,4.82,-48,601,82.0,1.168
MET-8F3EA5DD-E,TWR-0224,2024-01-14T07:21:00,10.75,357.86,0.357,13.00,-63,435,53.6,1.840
MET-E83E28A5-D,TWR-0224,2024-01-14T23:18:00,34.43,327.41,0.594,14.14,-43,693,54.8,3.830
MET-D174C4E6-8,TWR-0224,2024-01-16T16:44:00,33.69,376.38,0.159,10.46,-69,105,20.4,0.363
MET-97A92004-4,TWR-0224,2024-01-25T13:30:00,40.51,130.61,1.404,12.94,-64,918,45.0,1.356
MET-53D5DD0C-D,TWR-0224,2024-02-16T02:45:00,22.15,474.09,0.566,5.66,-45,253,91.6,4.881
MET-43227682-C,TWR-0224,2024-04-14T13:20:00,31.35,270.98,0.634,14.61,-65,1266,40.5,2.182
MET-48A8947F-7,TWR-0224,2024-04-23T19:46:00,27.92,310.63,0.349,14.12,-47,1688,94.4,1.895
MET-F3AD4AB9-D,TWR-0224,2024-05-20T02:02:00,47.60,454.37,0.072,9.00,-45,1834,81.5,1.533
MET-69AE09F2-4,TWR-0224,2024-05-21T04:33:00,36.96,109.17,0.447,5.77,-62,936,93.7,3.874
MET-CE773EF9-4,TWR-0224,2024-05-25T18:16:00,33.07,259.42,0.675,3.41,-70,823,31.6,4.064
MET-FD78DA69-8,TWR-0224,2024-06-27T07:14:00,44.64,496.08,0.325,1.92,-57,733,32.2,0.847
MET-0E26D541-4,TWR-0224,2024-06-30T18:00:00,42.43,110.43,1.294,1.45,-47,1215,29.2,0.898
MET-EB3626CF-7,TWR-0224,2024-07-05T03:13:00,10.84,434.02,0.103,10.95,-57,1509,37.1,1.762
MET-6EFA0E7D-B,TWR-0224,2024-07-11T22:53:00,27.70,118.12,1.403,10.84,-60,1759,90.6,4.600
MET-EC8C58B0-A,TWR-0224,2024-07-23T13:41:00,22.79,227.71,1.230,4.29,-41,862,28.7,2.546
MET-BD05EB9D-F,TWR-0224,2024-10-13T12:19:00,22.16,466.39,0.517,13.66,-44,915,30.2,1.056
MET-D1F62EDC-9,TWR-0224,2024-11-13T12:11:00,42.60,287.74,1.024,13.85,-49,1110,63.0,0.668
MET-3B972A2E-B,TWR-0224,2024-11-15T11:41:00,33.17,149.92,0.147,4.31,-52,1716,25.8,1.615
MET-7170AA17-0,TWR-0224,2024-11-26T02:33:00,42.28,431.40,1.330,6.29,-68,1374,66.7,1.307
MET-B40483D6-D,TWR-0224,2024-12-12T07:39:00,36.74,173.47,1.433,12.58,-53,655,34.0,2.695
MET-0BE3963E-7,TWR-0225,2024-01-22T22:26:00,25.70,272.93,0.945,13.49,-55,882,50.6,4.843
MET-A572D489-6,TWR-0225,2024-01-27T23:11:00,12.42,289.96,0.236,2.48,-66,1593,53.6,3.126
MET-0D0D841D-6,TWR-0225,2024-03-04T16:49:00,17.79,233.71,0.725,4.79,-49,1605,26.4,3.502
MET-0F7C7A6E-1,TWR-0225,2024-03-18T05:12:00,48.55,138.07,0.434,1.60,-46,319,67.5,1.455
MET-1C0D6FA8-D,TWR-0225,2024-04-01T01:43:00,44.36,351.97,0.068,12.96,-43,81,40.6,1.083
MET-9D5798DC-C,TWR-0225,2024-04-16T11:36:00,27.34,328.74,0.240,9.50,-43,965,50.6,4.559
MET-5834698B-5,TWR-0225,2024-04-25T16:01:00,41.36,324.36,1.398,1.33,-70,170,89.9,0.291
MET-CBAE667A-0,TWR-0225,2024-05-05T14:09:00,27.00,444.29,1.381,14.00,-55,1909,83.1,4.266
MET-8B0DB03B-8,TWR-0225,2024-06-11T23:35:00,32.69,462.63,1.192,8.81,-67,308,33.1,0.666
MET-322E7C30-4,TWR-0225,2024-07-05T23:31:00,16.29,353.98,0.387,10.85,-68,728,75.8,2.782
MET-3B764E9B-3,TWR-0225,2024-07-19T15:55:00,47.72,215.23,1.111,3.40,-53,1599,58.1,0.254
MET-D535E3EC-E,TWR-0225,2024-07-30T22:44:00,10.44,387.96,0.471,7.62,-44,203,28.1,1.010
MET-F8D7903D-9,TWR-0225,2024-08-05T17:03:00,37.79,322.83,0.014,12.96,-67,1895,46.3,0.594
MET-217509D1-8,TWR-0225,2024-08-16T05:42:00,22.07,262.51,0.044,14.05,-50,898,68.8,0.314
MET-82D4625C-8,TWR-0225,2024-08-22T11:40:00,25.61,146.55,0.914,2.15,-50,568,34.2,1.138
MET-0119CA56-D,TWR-0225,2024-09-17T09:34:00,36.75,253.15,0.340,8.61,-57,1191,80.4,2.596
MET-A7AE65CA-3,TWR-0225,2024-10-18T12:26:00,48.82,423.15,0.055,5.80,-44,1095,92.0,2.133
MET-623A4344-8,TWR-0225,2024-10-31T06:27:00,20.57,334.01,0.083,10.36,-48,271,65.9,1.771
MET-AAF9CFCF-2,TWR-0225,2024-11-21T22:35:00,49.01,280.66,1.254,10.52,-53,653,60.1,2.477
MET-E5601418-F,TWR-0225,2024-12-16T07:54:00,20.16,161.34,0.510,1.27,-67,1527,73.8,3.291
MET-7E01225D-A,TWR-0226,2024-01-14T03:58:00,32.59,136.32,1.018,1.49,-67,525,73.0,3.260
MET-B9BACB3F-A,TWR-0226,2024-02-10T05:16:00,43.85,226.66,0.967,13.94,-41,78,62.8,3.557
MET-110F82F0-1,TWR-0226,2024-02-24T22:42:00,13.98,314.65,1.138,4.33,-61,1096,74.2,4.519
MET-C641A94F-7,TWR-0226,2024-02-25T19:59:00,37.52,396.02,0.790,13.67,-61,692,80.3,0.582
MET-1D18D803-1,TWR-0226,2024-03-07T05:09:00,23.32,175.38,0.967,14.65,-51,1276,20.8,1.672
MET-8CFC9B91-2,TWR-0226,2024-03-30T10:50:00,11.60,305.75,0.896,7.60,-62,1642,40.0,2.991
MET-F1480BB1-5,TWR-0226,2024-04-08T17:30:00,13.75,406.47,1.292,10.30,-67,465,42.6,3.323
MET-F92A8BB6-3,TWR-0226,2024-04-11T07:09:00,13.12,411.03,1.357,7.85,-41,1550,59.3,0.879
MET-23AADF91-A,TWR-0226,2024-05-11T04:47:00,17.20,148.30,0.777,13.18,-40,828,50.7,0.105
MET-823A051F-B,TWR-0226,2024-05-23T14:33:00,46.38,152.27,1.453,13.34,-52,829,40.7,0.745
MET-18C702C7-0,TWR-0226,2024-06-17T11:09:00,25.03,279.33,0.949,12.51,-70,638,89.1,1.157
MET-B0F0B297-1,TWR-0226,2024-06-25T12:36:00,31.61,372.12,0.614,14.97,-51,780,81.2,3.525
MET-081DAC27-C,TWR-0226,2024-07-13T03:10:00,38.50,334.34,1.030,8.39,-60,1772,29.5,2.252
MET-1276EBA8-6,TWR-0226,2024-07-18T15:28:00,16.99,275.52,1.294,4.10,-61,1326,77.4,1.932
MET-F3B2A2EB-8,TWR-0226,2024-07-22T02:39:00,49.71,473.76,0.416,2.71,-48,1902,89.6,1.553
MET-5FE79B69-C,TWR-0226,2024-07-29T07:16:00,28.66,406.52,0.944,1.31,-60,1610,90.4,3.791
MET-284924B7-6,TWR-0226,2024-09-27T20:48:00,14.31,468.48,0.798,12.28,-56,920,25.3,1.518
MET-6991C6CD-A,TWR-0226,2024-10-19T12:04:00,28.27,142.11,1.092,14.86,-58,1730,23.6,2.199
MET-7B34CB01-9,TWR-0226,2024-10-22T00:22:00,28.20,138.25,0.406,6.30,-66,738,24.1,4.838
MET-7DB2D707-D,TWR-0226,2024-11-19T06:54:00,21.92,159.58,0.725,14.94,-58,1562,47.1,4.583
MET-33C1F33E-E,TWR-0227,2024-02-07T05:54:00,22.87,330.45,0.656,9.00,-57,354,87.1,4.643
MET-02151BDC-8,TWR-0227,2024-03-27T01:32:00,22.18,134.00,0.015,12.67,-69,741,80.6,2.571
MET-FFE68B97-E,TWR-0227,2024-04-10T05:59:00,39.84,233.38,0.532,14.41,-42,225,21.3,3.664
MET-99401EB1-8,TWR-0227,2024-04-21T11:50:00,37.82,486.76,0.353,2.05,-44,147,70.4,2.593
MET-583DDE43-A,TWR-0227,2024-04-28T20:03:00,24.12,138.19,0.153,14.64,-60,1157,48.0,2.225
MET-BC09EBD9-1,TWR-0227,2024-05-01T03:20:00,48.19,288.71,0.935,13.63,-64,1997,85.3,3.850
MET-914ED1AC-F,TWR-0227,2024-05-24T01:55:00,49.92,364.86,0.867,12.45,-43,850,52.0,3.171
MET-3F563485-0,TWR-0227,2024-05-31T21:37:00,46.52,330.96,0.460,10.86,-43,722,39.1,3.875
MET-34FCF427-1,TWR-0227,2024-06-03T00:34:00,19.65,173.21,1.325,1.57,-66,838,90.9,1.556
MET-00B10807-3,TWR-0227,2024-06-08T12:50:00,22.15,289.02,0.212,14.10,-57,1238,77.1,4.570
MET-899A3FC3-4,TWR-0227,2024-06-10T13:23:00,31.24,140.74,0.761,6.82,-57,995,24.1,2.398
MET-A6D4880C-6,TWR-0227,2024-08-05T01:30:00,21.21,104.85,0.685,9.22,-69,1499,51.3,2.457
MET-D6D5C46D-1,TWR-0227,2024-08-06T18:12:00,41.77,204.54,1.021,8.45,-49,1739,52.7,0.789
MET-FB9AB419-E,TWR-0227,2024-08-31T06:10:00,44.88,330.13,0.337,8.48,-61,1655,76.3,4.357
MET-7300402B-4,TWR-0227,2024-09-23T11:36:00,46.23,405.51,0.707,12.27,-61,1539,67.5,4.005
MET-E51E3C1D-F,TWR-0227,2024-10-06T12:58:00,30.87,376.06,1.071,1.17,-51,697,88.7,1.086
MET-8DB72F70-B,TWR-0227,2024-10-30T10:03:00,12.06,157.51,0.945,2.03,-57,2000,38.7,3.281
MET-CAB9B90F-5,TWR-0227,2024-11-10T03:34:00,31.00,470.91,0.168,5.24,-54,823,81.7,3.861
MET-9D59DCCD-8,TWR-0227,2024-11-14T06:59:00,29.54,291.24,0.279,2.26,-42,466,20.6,4.825
MET-665F3FD7-F,TWR-0227,2024-11-30T02:36:00,43.01,192.16,1.126,5.43,-45,680,89.4,2.601
MET-CEEAFF57-D,TWR-0228,2024-01-08T01:54:00,45.21,378.97,0.013,11.78,-63,335,52.3,1.625
MET-0CB79237-3,TWR-0228,2024-01-14T21:32:00,18.48,273.70,0.959,14.12,-42,346,34.1,1.220
MET-E1D29E67-1,TWR-0228,2024-02-12T07:50:00,38.62,496.56,1.176,7.66,-49,1094,26.8,4.804
MET-EE51079C-B,TWR-0228,2024-03-30T03:06:00,36.05,446.97,0.044,8.45,-46,175,46.3,0.334
MET-40E109C1-A,TWR-0228,2024-04-17T06:03:00,19.90,288.06,0.499,12.53,-44,1835,69.3,2.466
MET-E66B53E7-7,TWR-0228,2024-04-22T22:29:00,23.45,224.24,0.327,13.18,-66,773,68.5,2.680
MET-105C0F1D-4,TWR-0228,2024-04-25T18:54:00,29.89,197.50,1.052,2.48,-47,156,20.3,3.703
MET-86CAF212-8,TWR-0228,2024-04-30T19:32:00,38.79,287.88,0.767,12.85,-48,895,51.7,3.222
MET-EA2F66D5-5,TWR-0228,2024-05-07T17:24:00,26.63,416.13,0.205,2.00,-66,1883,62.0,1.771
MET-2D01C49A-C,TWR-0228,2024-06-10T18:59:00,12.93,151.32,0.231,7.94,-56,1572,73.0,3.032
MET-00804E23-D,TWR-0228,2024-07-19T16:41:00,20.55,216.08,0.136,5.01,-42,1335,94.2,0.981
MET-0491B22A-8,TWR-0228,2024-08-15T14:00:00,18.05,221.01,0.647,13.90,-40,1937,82.6,1.187
MET-C7599344-8,TWR-0228,2024-08-26T07:07:00,42.75,354.27,1.359,3.36,-68,290,64.8,3.526
MET-1AF08C1D-C,TWR-0228,2024-08-27T10:19:00,40.93,209.71,0.650,1.38,-66,323,51.8,1.400
MET-F6DBA1D6-F,TWR-0228,2024-09-17T21:09:00,16.58,191.18,0.244,1.46,-49,1944,32.2,2.034
MET-25C6742F-C,TWR-0228,2024-09-20T22:59:00,14.88,414.74,0.664,5.46,-45,1757,26.2,4.160
MET-E5C913F3-5,TWR-0228,2024-11-17T19:51:00,33.16,258.37,0.449,5.94,-54,1446,46.4,2.610
MET-D8B3E489-D,TWR-0228,2024-11-23T07:49:00,41.86,165.20,1.086,3.53,-64,465,36.6,4.481
MET-79F88D0F-0,TWR-0228,2024-11-25T22:03:00,33.56,399.82,0.628,14.73,-65,468,90.2,4.686
MET-8D95DA63-D,TWR-0228,2024-12-06T01:11:00,32.79,496.94,0.912,1.88,-44,1665,87.6,2.163
MET-BF8FDC0A-E,TWR-0229,2024-02-23T14:26:00,12.70,145.70,0.980,2.33,-54,698,20.0,3.725
MET-0C310207-2,TWR-0229,2024-02-28T21:52:00,33.35,194.53,0.020,13.40,-65,1224,77.5,4.697
MET-C1D653F8-1,TWR-0229,2024-03-07T09:04:00,24.92,204.97,1.027,5.40,-54,1658,55.7,2.823
MET-A7FB618E-6,TWR-0229,2024-03-25T01:15:00,28.03,121.99,0.141,3.63,-64,1295,55.9,1.827
MET-FD7A0BEB-3,TWR-0229,2024-04-08T03:28:00,39.36,118.98,0.119,3.31,-57,1009,32.5,3.343
MET-D98D86D2-2,TWR-0229,2024-04-20T02:40:00,39.11,282.53,1.274,10.74,-47,302,40.7,1.720
MET-5FE51703-0,TWR-0229,2024-06-08T13:53:00,27.61,102.97,0.096,8.02,-47,648,67.6,4.129
MET-87B18A2A-E,TWR-0229,2024-06-24T22:26:00,19.27,334.89,1.282,14.05,-48,1253,52.4,3.689
MET-C1BB5C72-A,TWR-0229,2024-07-17T14:29:00,13.37,477.71,1.187,9.36,-57,808,44.3,4.148
MET-3C1DD231-4,TWR-0229,2024-08-13T07:13:00,13.51,153.33,0.257,14.96,-57,1202,75.0,3.255
MET-7A7988ED-4,TWR-0229,2024-08-18T23:58:00,43.53,451.90,0.854,14.06,-69,316,29.5,1.445
MET-1048176B-8,TWR-0229,2024-08-25T01:02:00,41.54,268.94,0.081,2.28,-54,1419,68.7,2.723
MET-97F40FCA-5,TWR-0229,2024-09-16T09:33:00,28.17,182.03,1.023,3.95,-47,225,63.0,0.561
MET-B4EA0C04-6,TWR-0229,2024-09-22T22:30:00,30.14,382.79,0.684,8.48,-62,641,70.6,2.413
MET-64523E21-1,TWR-0229,2024-09-29T07:39:00,30.80,268.85,1.047,11.49,-63,1105,62.1,3.818
MET-47C13881-E,TWR-0229,2024-10-02T13:06:00,36.37,337.83,0.605,12.92,-66,976,22.2,0.672
MET-FB8BF200-4,TWR-0229,2024-10-20T03:41:00,28.02,384.42,1.062,8.81,-60,1011,56.2,4.865
MET-9DBB793A-C,TWR-0229,2024-11-04T19:46:00,13.67,421.73,0.773,4.53,-40,868,54.7,2.522
MET-69A39FEB-8,TWR-0229,2024-11-14T22:26:00,11.99,476.31,0.968,5.74,-46,1397,52.0,2.068
MET-A64B9BE5-2,TWR-0229,2024-11-17T10:45:00,25.53,313.20,1.115,4.69,-65,775,89.9,0.415
MET-BB5149F8-0,TWR-0230,2024-01-10T22:57:00,40.32,103.97,1.165,11.81,-63,419,77.9,0.526
MET-B0B7DD6E-7,TWR-0230,2024-02-16T05:17:00,25.20,141.62,0.849,9.90,-42,212,27.8,1.686
MET-CA02045E-D,TWR-0230,2024-02-17T18:27:00,49.55,254.41,0.439,14.68,-58,1094,77.8,3.331
MET-9FF64345-0,TWR-0230,2024-03-10T03:59:00,24.74,291.27,0.278,8.65,-61,1221,27.1,3.141
MET-A1E0E43C-2,TWR-0230,2024-03-12T16:29:00,34.50,437.27,1.302,7.30,-43,1598,74.8,3.664
MET-41462B26-0,TWR-0230,2024-04-13T13:32:00,38.24,313.84,0.661,2.99,-43,1061,40.6,3.943
MET-D4608013-6,TWR-0230,2024-04-15T09:37:00,48.12,363.97,0.139,11.71,-70,1588,73.6,0.560
MET-7264E817-6,TWR-0230,2024-04-19T00:47:00,42.16,491.27,1.294,11.17,-59,1389,90.4,3.848
MET-4CBB92B1-1,TWR-0230,2024-05-18T21:25:00,43.27,445.62,0.741,7.05,-51,1242,92.7,4.801
MET-20456D95-2,TWR-0230,2024-05-26T19:27:00,19.76,311.88,0.397,5.09,-68,1196,61.6,4.783
MET-ED1CCE89-B,TWR-0230,2024-05-31T15:05:00,34.45,450.15,0.589,9.51,-51,1481,51.3,1.238
MET-BAE38E5A-C,TWR-0230,2024-06-05T22:39:00,47.68,481.66,0.196,12.77,-48,236,26.7,3.641
MET-3D1B8ACC-4,TWR-0230,2024-06-29T17:03:00,49.07,373.06,0.965,1.54,-54,1701,55.6,0.852
MET-E212BD99-A,TWR-0230,2024-07-09T11:33:00,24.10,421.11,0.064,2.06,-64,876,55.3,3.015
MET-33C947F8-7,TWR-0230,2024-08-17T13:33:00,38.49,289.12,0.554,4.01,-68,1372,78.5,0.742
MET-15050268-9,TWR-0230,2024-08-22T06:01:00,42.47,223.07,0.238,13.51,-55,619,38.9,1.482
MET-F09536D1-0,TWR-0230,2024-09-22T09:56:00,46.65,334.85,0.900,10.34,-46,1825,38.5,4.578
MET-E9BCFECE-B,TWR-0230,2024-09-30T20:23:00,38.68,200.38,0.543,7.73,-55,1924,87.0,2.188
MET-915A1830-B,TWR-0230,2024-10-24T08:39:00,33.91,428.68,1.433,9.14,-56,1112,64.4,1.996
MET-2249CC54-5,TWR-0230,2024-11-29T06:01:00,34.97,164.28,0.014,14.25,-56,1182,20.8,2.010
MET-D5165FD3-B,TWR-0231,2024-01-22T13:37:00,19.76,113.02,0.672,1.10,-64,255,63.1,0.193
MET-0362FFA7-F,TWR-0231,2024-01-25T03:18:00,38.72,478.66,1.143,6.23,-70,885,24.3,0.741
MET-AB1A6D98-0,TWR-0231,2024-02-21T06:18:00,45.53,488.78,1.341,11.90,-67,1003,78.4,2.537
MET-34124838-9,TWR-0231,2024-03-21T16:07:00,15.15,212.27,0.605,4.15,-53,187,20.8,4.104
MET-15D22A8C-9,TWR-0231,2024-04-05T02:30:00,45.38,295.79,0.695,11.66,-56,938,82.6,2.062
MET-46EDE277-C,TWR-0231,2024-05-06T07:49:00,41.63,387.72,0.593,1.91,-45,1684,28.0,1.686
MET-C5EED8AD-C,TWR-0231,2024-05-10T13:51:00,42.65,377.63,0.566,13.02,-61,1256,60.3,1.228
MET-D379A8D7-5,TWR-0231,2024-05-12T17:47:00,42.27,252.67,0.847,1.20,-44,1996,81.3,4.770
MET-9E3A2742-7,TWR-0231,2024-05-20T16:57:00,22.41,144.96,0.579,7.86,-64,1574,34.1,4.003
MET-B187898C-1,TWR-0231,2024-08-29T08:34:00,23.60,275.35,1.424,10.58,-56,233,22.7,0.947
MET-AD08B61F-0,TWR-0231,2024-09-07T18:20:00,13.56,403.59,1.171,5.67,-42,1662,42.1,1.781
MET-E04C0806-3,TWR-0231,2024-10-06T01:58:00,19.44,277.14,0.840,1.66,-66,291,94.3,0.672
MET-CB73D9DC-F,TWR-0231,2024-10-09T04:45:00,39.39,181.25,0.190,3.83,-62,1737,87.0,0.426
MET-ED60E198-D,TWR-0231,2024-10-21T18:14:00,39.52,349.58,0.456,2.98,-54,1594,27.2,0.542
MET-32610EBF-6,TWR-0231,2024-10-22T23:36:00,30.74,434.44,0.915,11.06,-53,222,37.1,1.536
MET-6BF77387-E,TWR-0231,2024-10-28T03:04:00,34.95,112.30,0.492,12.72,-47,1130,83.9,3.247
MET-DFF6E2F6-9,TWR-0231,2024-11-17T04:25:00,44.20,389.05,0.402,14.60,-42,651,79.2,0.882
MET-409C1129-9,TWR-0231,2024-12-03T11:26:00,24.48,279.83,0.536,6.35,-56,1937,88.4,1.661
MET-E5621028-E,TWR-0231,2024-12-03T19:08:00,11.80,462.14,0.836,10.70,-50,806,58.2,3.579
MET-02030749-8,TWR-0231,2024-12-03T21:00:00,26.51,205.16,1.171,9.78,-59,441,89.5,1.640
MET-246296AA-2,TWR-0232,2024-01-21T06:56:00,44.58,444.74,0.304,3.98,-56,1328,50.7,3.265
MET-26F06857-A,TWR-0232,2024-01-21T11:45:00,24.58,320.10,0.493,6.16,-61,622,27.6,4.585
MET-67C87731-7,TWR-0232,2024-02-09T05:30:00,48.14,398.60,1.436,2.18,-46,1350,79.4,3.714
MET-049626D8-A,TWR-0232,2024-02-13T06:04:00,24.46,296.26,0.648,5.23,-44,241,35.5,0.965
MET-DDE8EA83-1,TWR-0232,2024-03-14T06:51:00,26.71,388.40,0.108,6.59,-55,979,39.5,0.530
MET-987F45A9-0,TWR-0232,2024-03-18T07:17:00,36.65,489.12,1.190,4.03,-65,1591,57.9,2.088
MET-A9D6CBA8-9,TWR-0232,2024-03-18T10:27:00,12.80,311.19,0.088,6.50,-65,1838,30.1,3.784
MET-525CF093-6,TWR-0232,2024-04-06T01:01:00,33.49,116.43,1.155,8.60,-70,479,52.2,4.275
MET-9D0864F9-4,TWR-0232,2024-04-06T05:52:00,20.11,436.77,1.416,6.14,-45,514,86.0,2.797
MET-561A1931-9,TWR-0232,2024-04-16T05:05:00,48.78,471.99,1.319,2.72,-51,1697,57.1,4.093
MET-5EF14759-C,TWR-0232,2024-05-19T01:37:00,13.72,300.69,0.928,12.71,-45,1003,32.1,0.477
MET-B6E17255-A,TWR-0232,2024-06-05T17:51:00,16.31,112.58,1.321,8.22,-53,1994,84.4,3.244
MET-255C4985-2,TWR-0232,2024-06-06T01:50:00,13.19,233.02,1.359,12.17,-55,199,89.8,2.819
MET-A6A741FF-7,TWR-0232,2024-07-08T22:32:00,19.93,348.37,1.172,12.14,-44,693,55.8,1.634
MET-E807DAE1-4,TWR-0232,2024-08-23T22:53:00,11.70,366.77,1.267,9.53,-59,203,48.4,4.183
MET-671988A9-B,TWR-0232,2024-09-05T12:47:00,40.46,346.48,0.637,5.09,-41,1203,55.3,3.720
MET-1520C5A2-A,TWR-0232,2024-10-03T05:22:00,12.74,438.06,1.212,3.60,-70,131,56.6,1.193
MET-352DA4A9-0,TWR-0232,2024-10-04T11:39:00,16.27,362.83,0.182,2.46,-55,357,76.7,4.091
MET-7089900A-E,TWR-0232,2024-10-31T03:31:00,48.38,137.45,0.682,6.54,-52,1967,43.8,2.569
MET-FA99F966-6,TWR-0232,2024-12-13T00:47:00,27.63,382.59,0.360,12.83,-57,1878,70.6,4.756
MET-490FE1E5-2,TWR-0233,2024-01-11T17:43:00,31.97,456.46,0.964,5.88,-58,1853,46.5,0.601
MET-D837E9E1-9,TWR-0233,2024-02-10T07:01:00,25.43,316.07,0.410,13.93,-42,351,91.1,2.596
MET-9F4B5978-5,TWR-0233,2024-02-26T11:20:00,17.12,465.91,0.588,11.63,-58,1572,31.2,3.001
MET-0144B78A-6,TWR-0233,2024-03-01T01:39:00,18.32,344.03,1.361,11.10,-70,1718,21.2,2.658
MET-4106618D-D,TWR-0233,2024-04-21T21:14:00,47.64,183.49,1.169,2.77,-45,1505,52.2,2.635
MET-AE84E0C5-2,TWR-0233,2024-06-04T02:59:00,34.61,291.64,0.395,4.52,-66,533,72.3,3.849
MET-EF70549A-8,TWR-0233,2024-06-23T02:54:00,31.09,439.35,0.063,9.76,-47,1511,92.9,3.848
MET-6FD748F7-9,TWR-0233,2024-06-27T03:49:00,49.38,337.03,1.111,5.19,-68,818,48.6,4.550
MET-E2124892-3,TWR-0233,2024-07-02T11:50:00,12.55,379.09,1.477,2.97,-41,318,28.0,3.543
MET-C5245861-1,TWR-0233,2024-07-10T05:08:00,41.20,436.25,0.708,5.55,-60,716,48.0,0.803
MET-9673DBA9-5,TWR-0233,2024-07-13T09:28:00,21.77,325.72,0.047,12.15,-48,797,35.5,3.166
MET-7B5DD377-0,TWR-0233,2024-07-17T02:20:00,14.11,304.83,0.419,8.79,-44,1161,93.5,1.448
MET-2F9ACE6F-6,TWR-0233,2024-08-03T02:01:00,40.44,410.11,0.984,10.50,-68,136,21.5,1.817
MET-43F6FA52-C,TWR-0233,2024-08-21T00:53:00,46.47,222.85,0.076,6.17,-40,1230,36.3,2.811
MET-1C6A58C9-7,TWR-0233,2024-08-25T06:41:00,15.11,445.35,1.217,6.61,-44,466,68.9,1.687
MET-B72849E8-7,TWR-0233,2024-10-14T06:38:00,34.81,309.46,0.416,11.98,-52,633,60.7,0.532
MET-14A46338-E,TWR-0233,2024-11-13T13:13:00,30.33,414.83,1.137,5.75,-60,309,32.2,1.070
MET-455B8C95-C,TWR-0233,2024-11-16T05:21:00,48.93,410.35,0.524,3.59,-65,99,27.2,0.509
MET-F5A7DC84-3,TWR-0233,2024-12-01T12:09:00,48.07,470.97,0.897,11.37,-40,1805,24.8,2.609
MET-034567AB-E,TWR-0233,2024-12-15T14:18:00,31.67,112.87,0.583,10.76,-70,703,79.1,0.321
MET-7D539B9A-C,TWR-0234,2024-01-07T07:23:00,38.12,260.86,0.770,12.19,-70,1957,25.0,4.112
MET-035D7E81-6,TWR-0234,2024-01-18T22:36:00,43.27,256.94,0.619,7.82,-63,1520,61.0,3.225
MET-95E8FBD0-5,TWR-0234,2024-02-06T02:58:00,39.59,147.99,0.854,13.16,-53,595,22.6,0.834
MET-52198B51-0,TWR-0234,2024-02-29T23:42:00,46.72,404.38,0.091,3.04,-64,1213,62.8,4.534
MET-6F6EA14A-C,TWR-0234,2024-03-05T02:35:00,13.94,327.03,1.353,3.60,-40,902,43.6,3.277
MET-92A32A93-2,TWR-0234,2024-03-24T09:50:00,13.59,319.65,0.812,8.27,-52,659,85.3,0.273
MET-82BE739C-2,TWR-0234,2024-03-30T13:18:00,18.41,274.72,1.030,12.98,-41,1045,71.5,3.554
MET-B6397F7E-0,TWR-0234,2024-06-07T11:59:00,28.53,278.00,0.970,9.24,-43,1046,38.7,4.287
MET-05D86E98-2,TWR-0234,2024-06-08T19:35:00,15.47,254.57,1.480,8.07,-57,1037,24.5,3.238
MET-8358FD21-3,TWR-0234,2024-06-19T07:59:00,28.32,430.52,0.842,14.14,-61,1997,31.0,4.264
MET-9A5FD565-A,TWR-0234,2024-06-22T12:22:00,33.19,224.05,0.921,5.89,-53,1333,26.1,1.252
MET-4203A1C2-D,TWR-0234,2024-08-25T17:13:00,46.01,209.89,0.278,1.11,-61,1313,40.4,2.510
MET-DCB6D207-8,TWR-0234,2024-09-28T18:57:00,31.13,175.50,0.734,6.41,-47,488,65.1,4.148
MET-B4692A5A-2,TWR-0234,2024-10-03T08:52:00,44.90,128.47,0.279,11.17,-46,1306,51.1,2.537
MET-DFB264CB-5,TWR-0234,2024-10-29T10:26:00,22.16,309.83,0.741,3.04,-56,362,91.8,3.728
MET-02C9C120-E,TWR-0234,2024-11-05T16:42:00,30.90,200.13,0.735,2.06,-69,81,36.6,4.699
MET-C14A7022-5,TWR-0234,2024-11-07T14:19:00,35.99,475.81,0.906,9.73,-44,1882,67.4,4.504
MET-5BC70013-0,TWR-0234,2024-11-14T03:51:00,35.58,413.61,1.302,11.68,-49,168,92.1,3.239
MET-2ECC7233-4,TWR-0234,2024-12-03T01:48:00,27.67,172.92,0.825,3.31,-43,955,60.3,4.986
MET-3646FAEA-3,TWR-0234,2024-12-15T15:50:00,42.11,363.14,0.133,5.01,-70,1483,82.8,1.737
MET-B7E23141-2,TWR-0235,2024-01-13T01:32:00,33.80,449.08,1.310,13.32,-66,565,53.6,2.882
MET-03E62697-B,TWR-0235,2024-01-13T04:28:00,27.99,198.01,1.439,14.61,-69,579,92.9,4.521
MET-9026FC30-F,TWR-0235,2024-02-23T23:59:00,27.62,417.11,1.114,4.70,-68,849,56.3,3.845
MET-B7124987-7,TWR-0235,2024-03-22T19:06:00,43.20,406.92,0.483,9.46,-50,1708,77.6,0.367
MET-C4D3BFC4-A,TWR-0235,2024-03-23T05:31:00,11.54,324.73,0.317,7.13,-68,1389,60.7,0.982
MET-2247B1CE-6,TWR-0235,2024-04-02T01:36:00,43.81,179.10,0.173,5.00,-47,65,25.0,0.991
MET-8BBD3CEA-E,TWR-0235,2024-04-04T12:11:00,15.85,238.98,0.025,1.53,-49,1933,89.2,1.090
MET-FB9D9E87-C,TWR-0235,2024-04-06T16:29:00,49.39,137.07,1.126,4.02,-69,1228,31.4,1.836
MET-ECFC0506-1,TWR-0235,2024-04-07T16:36:00,45.89,153.08,1.118,1.82,-55,789,69.8,4.198
MET-70FFC403-F,TWR-0235,2024-05-20T04:51:00,35.23,300.22,1.256,1.74,-45,571,93.8,0.878
MET-95AE45B1-F,TWR-0235,2024-06-03T13:28:00,20.89,193.96,0.102,1.46,-62,1216,57.7,1.221
MET-536CBEAD-E,TWR-0235,2024-06-15T10:35:00,36.11,404.09,1.206,11.48,-70,1265,31.0,4.881
MET-CE6C831F-8,TWR-0235,2024-06-15T21:18:00,35.05,485.68,0.796,12.05,-61,949,51.4,0.139
MET-73BCB02F-9,TWR-0235,2024-06-27T04:53:00,27.24,103.66,1.065,11.12,-70,1035,54.8,2.793
MET-7D9703A6-4,TWR-0235,2024-09-09T22:20:00,21.59,395.13,0.649,6.79,-63,823,68.1,4.579
MET-61B35DCA-0,TWR-0235,2024-10-15T20:48:00,45.47,490.53,0.542,14.42,-42,895,37.1,2.703
MET-B05D35CC-7,TWR-0235,2024-10-31T08:57:00,35.29,326.54,0.992,5.84,-47,473,26.6,2.040
MET-F0AC4258-5,TWR-0235,2024-11-04T15:55:00,16.40,186.60,0.535,12.76,-59,625,87.1,3.118
MET-FCBDDEC2-6,TWR-0235,2024-11-21T02:32:00,15.18,425.74,1.202,12.56,-67,1906,42.9,3.852
MET-B1DD0865-A,TWR-0235,2024-11-23T22:31:00,40.99,141.23,0.028,8.05,-54,1980,68.6,0.612
MET-CAB017AB-B,TWR-0236,2024-02-22T06:47:00,20.79,203.60,1.375,10.99,-46,736,49.6,4.208
MET-CAAB323F-6,TWR-0236,2024-03-02T13:37:00,37.69,382.87,0.374,1.14,-51,304,62.7,4.478
MET-7FAE2196-1,TWR-0236,2024-03-06T16:33:00,33.58,278.46,1.243,10.59,-68,734,28.5,0.836
MET-72FC195B-0,TWR-0236,2024-04-02T22:04:00,49.01,313.29,1.405,4.75,-61,957,70.1,0.580
MET-D45CCBC0-4,TWR-0236,2024-04-04T13:20:00,20.76,181.77,0.455,2.83,-43,745,89.4,4.772
MET-354FB220-4,TWR-0236,2024-04-09T09:45:00,42.26,446.21,1.336,12.26,-65,1586,83.2,1.778
MET-F668453B-A,TWR-0236,2024-04-13T00:16:00,29.61,372.35,0.624,1.51,-40,1453,39.1,2.425
MET-BABBAA7D-E,TWR-0236,2024-04-29T03:17:00,31.16,218.43,0.570,5.80,-44,1428,67.4,3.562
MET-D3C32196-D,TWR-0236,2024-06-02T23:04:00,26.77,105.33,1.494,2.43,-45,1998,72.6,0.729
MET-050D68C6-2,TWR-0236,2024-06-07T00:14:00,39.16,299.95,1.483,8.18,-40,1397,48.8,2.873
MET-F805BDFE-3,TWR-0236,2024-06-23T16:26:00,29.21,476.09,1.233,13.05,-65,1425,23.8,0.982
MET-3BDB2E39-3,TWR-0236,2024-06-30T20:51:00,18.59,341.56,0.792,10.91,-60,336,93.0,2.876
MET-026D775F-6,TWR-0236,2024-07-13T15:09:00,39.55,116.65,0.952,4.51,-51,1082,46.1,0.822
MET-E3A73F22-1,TWR-0236,2024-07-26T10:05:00,40.26,226.34,1.317,8.30,-68,73,84.6,2.029
MET-294C5571-B,TWR-0236,2024-09-02T10:31:00,43.17,413.25,0.415,6.73,-57,1347,83.5,0.185
MET-C43710ED-B,TWR-0236,2024-09-24T05:59:00,31.53,170.94,0.917,12.50,-47,1093,22.9,2.761
MET-3216D03C-4,TWR-0236,2024-09-28T22:59:00,27.60,218.08,1.364,7.77,-65,743,26.7,1.017
MET-8E616CB9-E,TWR-0236,2024-10-12T17:16:00,30.81,228.10,0.243,3.63,-70,1773,57.6,0.337
MET-620A95C5-F,TWR-0236,2024-10-30T18:18:00,22.00,162.03,1.332,9.98,-65,1992,54.3,4.613
MET-0C7A0E46-7,TWR-0236,2024-12-11T18:09:00,11.19,240.93,1.148,2.46,-64,134,51.0,4.472
MET-78E5256B-6,TWR-0237,2024-01-22T10:13:00,36.36,217.03,0.061,9.73,-40,1162,78.0,1.916
MET-069950A4-1,TWR-0237,2024-01-27T17:24:00,24.37,240.57,1.150,8.00,-64,81,83.6,0.212
MET-41BC70E0-F,TWR-0237,2024-02-15T15:52:00,25.91,325.73,0.883,14.94,-62,1231,58.3,0.299
MET-FEC2392F-D,TWR-0237,2024-02-18T19:49:00,35.95,469.32,0.891,5.96,-46,195,34.0,3.063
MET-20FD015D-F,TWR-0237,2024-02-25T08:17:00,11.77,268.90,1.268,7.88,-68,825,52.4,3.640
MET-D37D4DFB-C,TWR-0237,2024-02-27T09:44:00,48.74,473.33,0.490,4.74,-45,1761,65.7,0.043
MET-66ED476A-1,TWR-0237,2024-03-09T06:29:00,18.99,194.00,0.297,6.43,-41,451,68.6,3.059
MET-89633CCF-C,TWR-0237,2024-04-03T15:04:00,32.10,421.76,0.503,2.13,-58,58,31.3,2.591
MET-D2557D93-4,TWR-0237,2024-05-09T00:39:00,42.93,135.51,0.327,14.61,-58,537,77.9,1.619
MET-61E784F4-9,TWR-0237,2024-05-23T23:54:00,38.55,280.38,0.793,1.45,-62,744,60.1,3.892
MET-BC8B0E0F-1,TWR-0237,2024-07-14T03:14:00,46.99,215.66,1.472,13.07,-68,691,63.8,3.304
MET-32BFEFEB-C,TWR-0237,2024-07-17T09:39:00,13.39,401.83,1.129,4.24,-70,437,28.0,4.300
MET-9C51B3A7-0,TWR-0237,2024-08-02T15:52:00,36.02,118.71,0.167,8.31,-55,1993,73.1,1.517
MET-C414C144-2,TWR-0237,2024-08-11T21:33:00,49.62,295.91,0.949,9.65,-55,1636,31.3,3.964
MET-F13D0B68-6,TWR-0237,2024-08-14T03:36:00,24.18,144.51,0.215,8.85,-44,1709,89.7,1.687
MET-FED2B824-1,TWR-0237,2024-09-05T09:32:00,17.31,185.01,1.308,9.06,-68,977,61.9,1.059
MET-E2163304-0,TWR-0237,2024-09-25T17:06:00,15.32,183.14,0.149,5.07,-63,674,76.2,3.040
MET-6EE68C14-D,TWR-0237,2024-09-29T04:46:00,13.39,221.19,1.269,4.99,-69,392,47.5,0.081
MET-1EFC1685-5,TWR-0237,2024-10-05T19:46:00,41.10,366.64,0.582,14.82,-41,1759,25.0,2.276
MET-0D579108-D,TWR-0237,2024-11-22T10:28:00,16.29,232.56,1.140,7.27,-42,471,83.7,1.825
MET-4A329835-0,TWR-0238,2024-01-25T21:29:00,19.16,126.10,1.408,9.54,-67,246,35.4,0.708
MET-6DED7258-6,TWR-0238,2024-01-29T18:12:00,14.07,231.32,0.903,12.71,-42,200,56.4,2.127
MET-D546AB73-2,TWR-0238,2024-02-03T06:24:00,38.24,329.45,1.402,6.80,-56,598,22.5,1.493
MET-34448081-9,TWR-0238,2024-02-06T03:29:00,16.70,137.92,0.179,8.06,-62,1723,43.6,2.774
MET-EE0D3F00-2,TWR-0238,2024-02-25T21:01:00,44.40,417.20,0.456,2.19,-52,731,27.2,2.023
MET-1DFAD457-F,TWR-0238,2024-03-13T06:51:00,23.26,382.24,1.408,5.37,-65,563,57.4,0.703
MET-0D8A4890-1,TWR-0238,2024-03-24T03:21:00,37.49,411.53,0.006,2.11,-61,1463,48.2,3.744
MET-B60FA475-E,TWR-0238,2024-04-06T12:13:00,12.81,100.91,0.856,13.87,-41,454,43.7,4.826
MET-DD4E275F-0,TWR-0238,2024-04-07T21:58:00,17.88,282.29,0.263,9.54,-55,555,61.6,2.925
MET-25164D0A-A,TWR-0238,2024-05-01T09:39:00,48.69,234.92,1.161,6.88,-54,650,31.5,4.206
MET-B7ED8F53-8,TWR-0238,2024-05-18T18:50:00,10.61,369.72,0.323,8.12,-65,143,64.7,1.492
MET-7F6E8BBD-2,TWR-0238,2024-06-13T09:53:00,26.79,254.36,0.608,1.53,-58,482,38.3,0.154
MET-88C06FAF-D,TWR-0238,2024-06-18T12:21:00,16.82,264.90,0.155,8.53,-51,1701,49.4,4.689
MET-43D9540E-6,TWR-0238,2024-06-23T00:11:00,36.02,278.62,0.317,6.06,-68,603,32.4,4.683
MET-35D205BA-7,TWR-0238,2024-07-09T16:57:00,44.72,160.46,1.102,13.67,-46,506,27.5,1.968
MET-6A96A67D-B,TWR-0238,2024-08-30T16:34:00,15.80,445.47,0.032,2.70,-64,872,36.6,4.438
MET-729B51A6-0,TWR-0238,2024-10-04T00:32:00,20.05,374.24,0.820,13.39,-51,1497,51.3,0.305
MET-20A8F9AB-2,TWR-0238,2024-10-27T06:28:00,34.16,442.88,0.467,12.28,-68,428,45.4,1.876
MET-103E88AD-6,TWR-0238,2024-11-27T06:28:00,44.22,132.40,1.064,5.59,-55,1279,41.5,3.962
MET-8E542C11-3,TWR-0238,2024-12-01T13:47:00,46.58,128.93,0.575,13.28,-44,1561,39.3,0.479
MET-2D6B235B-2,TWR-0239,2024-02-22T21:18:00,25.30,433.40,0.316,6.92,-48,1013,70.8,3.566
MET-64FAB3AE-0,TWR-0239,2024-04-11T20:15:00,25.97,366.55,0.459,8.39,-46,341,23.3,1.254
MET-42AE759F-9,TWR-0239,2024-04-28T12:07:00,33.27,291.58,1.251,10.47,-44,77,79.5,2.920
MET-72D370F9-4,TWR-0239,2024-05-07T11:44:00,32.45,364.49,1.148,11.74,-44,708,26.4,0.397
MET-1FCDA1C6-4,TWR-0239,2024-05-19T11:45:00,43.12,462.95,0.661,10.65,-68,1978,56.8,2.640
MET-AF03AD47-A,TWR-0239,2024-06-08T23:52:00,14.04,354.94,0.413,3.56,-55,1437,72.8,3.896
MET-98B1D7F6-3,TWR-0239,2024-06-24T17:50:00,38.50,307.60,0.732,11.38,-49,367,77.5,2.603
MET-E7527FB4-B,TWR-0239,2024-07-05T00:24:00,45.47,226.58,0.475,4.93,-65,1974,93.0,1.045
MET-208AB7F6-E,TWR-0239,2024-07-11T22:15:00,22.66,250.07,1.347,12.10,-61,997,47.5,1.471
MET-45902302-1,TWR-0239,2024-07-30T00:33:00,13.63,388.77,0.647,14.00,-64,559,80.0,1.051
MET-E492BC9D-3,TWR-0239,2024-08-01T20:08:00,15.15,227.33,1.499,9.10,-44,1416,80.7,1.734
MET-BCE2F3B4-0,TWR-0239,2024-08-02T21:24:00,16.92,127.71,0.875,12.10,-61,664,89.7,2.499
MET-046C726F-D,TWR-0239,2024-08-12T08:24:00,43.41,468.27,0.746,10.06,-53,1497,70.8,1.183
MET-21D7D51A-B,TWR-0239,2024-09-01T23:37:00,15.67,277.42,0.921,6.00,-45,1448,37.9,3.929
MET-B94B7B89-2,TWR-0239,2024-09-20T12:06:00,42.00,443.67,0.538,8.36,-68,1001,46.6,2.334
MET-6EE64184-D,TWR-0239,2024-10-28T01:22:00,33.26,138.74,0.198,7.07,-54,1574,27.6,0.259
MET-30BB094E-F,TWR-0239,2024-11-18T14:54:00,19.35,415.27,1.299,6.09,-42,974,22.4,2.385
MET-98F13425-E,TWR-0239,2024-11-22T09:17:00,14.13,104.36,0.084,13.12,-60,1041,65.5,2.159
MET-AD6A14A2-0,TWR-0239,2024-11-26T09:06:00,44.10,180.95,0.073,1.16,-59,783,57.3,1.828
MET-BC951A5D-B,TWR-0239,2024-12-08T15:47:00,23.28,352.28,0.790,10.34,-49,179,76.6,2.585
MET-0407A2A8-5,TWR-0240,2024-01-05T21:53:00,22.53,129.27,0.368,5.42,-47,1983,67.2,1.293
MET-BAE813C0-0,TWR-0240,2024-01-07T23:39:00,11.44,381.70,0.923,13.50,-48,328,54.4,3.280
MET-467AC026-F,TWR-0240,2024-02-05T11:19:00,10.41,349.67,1.001,6.64,-64,1270,68.0,0.385
MET-A68EE5F6-F,TWR-0240,2024-02-21T00:41:00,35.60,417.50,1.217,11.53,-59,1245,65.0,2.257
MET-B68FA4ED-0,TWR-0240,2024-02-24T06:16:00,17.19,362.79,0.865,7.95,-56,196,33.5,4.566
MET-7FED9026-4,TWR-0240,2024-05-01T13:06:00,26.33,471.19,1.130,3.96,-52,1325,62.5,2.379
MET-46B57F27-B,TWR-0240,2024-05-02T02:09:00,11.09,235.55,0.645,8.63,-50,220,57.6,0.138
MET-E7ACDD9C-A,TWR-0240,2024-05-12T17:48:00,36.30,477.97,0.556,11.63,-64,1705,70.8,0.368
MET-65CCE686-6,TWR-0240,2024-06-05T11:50:00,41.90,410.71,0.801,13.40,-65,1728,79.1,0.894
MET-05266DF7-3,TWR-0240,2024-06-06T15:41:00,14.03,474.63,0.961,10.97,-55,495,43.9,3.355
MET-FFDBF01B-B,TWR-0240,2024-06-15T09:24:00,21.14,253.17,0.781,7.91,-42,1805,26.9,3.800
MET-05CEDCA6-8,TWR-0240,2024-06-17T11:46:00,23.90,226.66,0.001,3.38,-40,122,90.7,4.418
MET-329E8BEC-F,TWR-0240,2024-07-14T15:10:00,18.95,132.76,1.277,9.41,-68,762,56.3,2.230
MET-9E730959-3,TWR-0240,2024-07-24T11:58:00,26.76,416.63,0.948,9.79,-42,1657,32.5,2.076
MET-36BDD196-2,TWR-0240,2024-08-13T19:39:00,43.45,377.21,0.790,1.63,-70,337,25.9,0.802
MET-F32C659E-8,TWR-0240,2024-09-29T20:26:00,18.15,443.46,1.004,13.24,-51,609,25.5,0.896
MET-5CF952CB-3,TWR-0240,2024-09-30T22:29:00,19.87,487.68,0.810,6.53,-42,120,80.7,4.585
MET-4A715279-4,TWR-0240,2024-10-30T06:22:00,32.01,277.96,1.294,7.24,-66,825,61.6,4.738
MET-6E96A9CA-F,TWR-0240,2024-11-22T01:30:00,17.41,269.68,1.355,12.93,-67,1639,51.3,3.296
MET-CADB2DFA-0,TWR-0240,2024-12-12T09:04:00,41.28,186.64,0.385,5.79,-52,448,79.6,1.728
MET-199D37EB-7,TWR-0241,2024-01-24T11:36:00,35.03,223.90,0.313,14.61,-61,1592,46.2,4.079
MET-739B3421-8,TWR-0241,2024-03-15T14:14:00,37.39,397.11,1.458,8.74,-48,1103,86.2,4.878
MET-BDE13E3E-5,TWR-0241,2024-05-17T06:31:00,39.88,172.54,0.648,9.60,-64,446,77.6,4.565
MET-149356A4-3,TWR-0241,2024-06-15T13:18:00,10.93,134.88,1.005,12.43,-56,1905,87.0,4.630
MET-D8FE5B2C-9,TWR-0241,2024-07-02T02:40:00,38.03,210.74,1.400,1.15,-55,1910,33.9,2.243
MET-3AB9B43F-3,TWR-0241,2024-07-07T12:30:00,18.03,276.37,0.786,5.29,-43,724,51.0,3.412
MET-3B252B29-1,TWR-0241,2024-07-16T08:00:00,19.25,174.88,0.670,10.16,-68,1858,46.1,1.093
MET-B59FBB50-9,TWR-0241,2024-07-22T05:32:00,22.61,289.91,0.147,7.38,-42,588,37.9,1.111
MET-9CA0937F-7,TWR-0241,2024-07-31T11:20:00,23.96,281.76,0.471,1.96,-67,1026,23.2,4.462
MET-A9DED726-4,TWR-0241,2024-08-11T03:38:00,23.26,298.53,1.364,2.86,-58,1758,57.5,1.012
MET-27BEC0E2-5,TWR-0241,2024-08-14T13:48:00,34.54,296.17,0.614,12.72,-46,622,63.1,3.372
MET-759EB977-4,TWR-0241,2024-09-06T08:32:00,26.10,370.54,0.788,8.17,-42,1953,64.1,2.018
MET-EEC5A311-2,TWR-0241,2024-10-12T02:05:00,37.31,405.25,0.216,7.27,-63,1186,69.3,4.143
MET-9E49E099-2,TWR-0241,2024-10-12T09:19:00,26.31,229.70,0.061,12.15,-70,838,61.1,2.776
MET-1A6CD06C-A,TWR-0241,2024-10-19T20:01:00,17.53,442.75,0.719,14.20,-67,1411,65.6,2.197
MET-337DADEC-8,TWR-0241,2024-10-23T10:53:00,24.25,282.65,0.390,3.64,-49,1028,61.9,2.826
MET-1B9EB1B1-C,TWR-0241,2024-10-24T18:10:00,14.04,172.34,0.174,10.55,-54,1131,77.2,1.221
MET-8958DB16-1,TWR-0241,2024-11-04T21:32:00,37.50,188.18,0.239,1.48,-42,90,24.9,1.963
MET-9BC8A3BE-4,TWR-0241,2024-11-22T19:45:00,26.83,196.16,0.572,8.05,-68,580,61.2,3.906
MET-E0CAD1FC-B,TWR-0241,2024-11-29T10:38:00,23.93,368.89,0.688,10.49,-64,1500,53.4,2.252
MET-A353F0C9-C,TWR-0242,2024-01-28T16:38:00,46.52,228.32,0.974,12.04,-46,521,58.5,0.494
MET-7EBE96DD-8,TWR-0242,2024-02-21T08:12:00,22.61,383.89,1.139,14.74,-63,701,57.5,4.998
MET-DFD88EAC-3,TWR-0242,2024-03-05T11:21:00,19.04,393.85,0.705,8.58,-59,1034,31.8,2.520
MET-651C358B-5,TWR-0242,2024-03-11T06:02:00,13.81,390.27,1.014,1.11,-52,1470,94.5,1.958
MET-894F1F18-9,TWR-0242,2024-03-26T12:41:00,31.63,139.35,0.685,12.12,-65,1276,88.0,4.061
MET-0EA1D5AF-2,TWR-0242,2024-03-28T11:44:00,17.77,210.04,0.372,8.68,-45,1825,72.5,3.577
MET-FB62E713-5,TWR-0242,2024-04-04T13:07:00,14.05,438.32,1.470,11.38,-48,1384,89.6,1.751
MET-9D0C3B71-0,TWR-0242,2024-04-08T06:37:00,49.32,481.41,0.597,1.38,-42,817,71.5,0.961
MET-170B9762-2,TWR-0242,2024-04-21T19:55:00,48.01,424.97,0.835,10.63,-66,400,20.7,0.962
MET-6DF6DD85-E,TWR-0242,2024-05-17T18:37:00,11.77,462.03,0.839,4.75,-49,1208,35.4,2.317
MET-DE966108-1,TWR-0242,2024-06-10T15:17:00,44.97,269.62,0.711,1.64,-60,891,55.0,1.604
MET-8D569907-0,TWR-0242,2024-07-03T17:29:00,12.74,182.69,0.911,7.96,-54,943,30.8,1.729
MET-D9A3169F-0,TWR-0242,2024-07-11T08:55:00,29.32,351.40,0.828,12.90,-40,858,83.6,2.175
MET-A041AAD5-A,TWR-0242,2024-07-13T03:54:00,13.91,437.64,0.157,13.58,-40,267,24.2,3.773
MET-4B47214B-A,TWR-0242,2024-08-12T06:01:00,42.41,150.42,0.463,9.99,-46,1546,81.5,3.725
MET-9C750682-1,TWR-0242,2024-09-09T11:44:00,45.24,281.10,1.459,13.17,-48,64,28.5,0.921
MET-8CCE1597-7,TWR-0242,2024-09-29T13:20:00,32.22,482.59,0.766,3.78,-64,1755,89.7,0.322
MET-474A41F6-2,TWR-0242,2024-10-09T11:20:00,23.69,453.93,0.362,5.48,-66,1117,94.6,0.334
MET-4A28FAF5-F,TWR-0242,2024-10-18T16:02:00,45.36,165.43,0.198,12.65,-51,342,85.4,0.510
MET-87994EB1-D,TWR-0242,2024-10-28T23:16:00,36.32,173.71,0.062,2.88,-41,784,59.5,4.550
MET-29F44D9B-F,TWR-0243,2024-01-17T16:18:00,27.34,125.08,0.766,5.53,-60,1156,61.4,4.535
MET-CE7711DC-4,TWR-0243,2024-01-21T03:42:00,47.80,391.58,0.475,6.39,-41,1274,36.8,0.082
MET-20D41F2E-2,TWR-0243,2024-01-26T05:38:00,19.76,145.82,0.844,14.37,-48,269,51.9,4.459
MET-AE2FA84B-E,TWR-0243,2024-02-27T02:00:00,12.84,170.72,1.321,1.77,-67,418,80.2,0.759
MET-B812A18A-5,TWR-0243,2024-03-31T16:39:00,23.65,278.59,0.061,7.48,-57,1431,82.6,2.709
MET-4B9CFEFF-5,TWR-0243,2024-04-12T16:17:00,43.10,137.36,1.293,14.08,-60,957,92.9,1.117
MET-360E4CB5-3,TWR-0243,2024-04-23T22:44:00,37.76,206.61,1.113,10.26,-45,828,58.8,0.633
MET-9425C225-8,TWR-0243,2024-05-02T20:41:00,35.57,222.14,0.363,3.42,-61,753,50.6,0.611
MET-BABAB59A-3,TWR-0243,2024-06-30T06:24:00,22.29,148.29,0.278,8.03,-50,1874,77.3,0.081
MET-5DEA9926-7,TWR-0243,2024-08-19T01:00:00,42.55,347.07,0.126,6.41,-70,1001,36.6,0.718
MET-173CE6D8-1,TWR-0243,2024-08-22T11:34:00,27.88,310.84,0.582,4.12,-60,373,28.0,0.717
MET-CD952402-3,TWR-0243,2024-08-26T09:37:00,49.84,365.19,0.253,6.87,-69,1351,55.9,1.981
MET-4CC7F3D3-D,TWR-0243,2024-09-10T02:03:00,18.09,277.92,0.716,3.50,-64,1061,94.9,3.434
MET-5C6A7014-C,TWR-0243,2024-09-18T21:59:00,21.42,490.06,1.243,14.78,-46,891,38.1,0.508
MET-F3EE60B3-E,TWR-0243,2024-09-20T12:58:00,34.44,349.90,0.894,9.06,-53,1488,70.6,4.727
MET-53A463AE-6,TWR-0243,2024-10-21T07:34:00,45.37,340.71,0.017,14.30,-58,677,46.4,4.029
MET-70C34A23-4,TWR-0243,2024-11-02T15:06:00,44.20,383.98,0.267,12.80,-57,1590,48.7,4.112
MET-DA3E4499-D,TWR-0243,2024-11-02T18:20:00,29.46,145.10,0.769,6.50,-61,74,33.7,2.561
MET-78028131-A,TWR-0243,2024-11-12T00:21:00,29.35,264.25,0.385,8.42,-41,1285,79.5,4.683
MET-FA82FC5F-B,TWR-0243,2024-11-19T12:07:00,36.80,243.07,0.127,6.95,-60,1543,67.5,3.174
MET-633727DA-6,TWR-0244,2024-01-22T17:24:00,43.87,220.64,1.039,3.77,-42,1760,89.4,2.362
MET-6295E2DB-B,TWR-0244,2024-02-01T03:05:00,27.60,478.29,0.485,9.17,-44,849,58.8,3.855
MET-F5DCEA3F-7,TWR-0244,2024-02-06T16:18:00,40.96,214.24,0.202,5.83,-66,491,20.5,3.361
MET-41B4529B-B,TWR-0244,2024-02-19T02:47:00,36.36,298.20,0.308,7.92,-61,717,75.5,3.299
MET-CFE26BC3-B,TWR-0244,2024-02-19T16:00:00,34.44,240.15,1.017,12.10,-66,1209,62.0,1.000
MET-F9B6B225-1,TWR-0244,2024-02-29T14:03:00,34.07,185.79,0.059,9.30,-63,193,60.5,4.089
MET-8DC157FF-5,TWR-0244,2024-03-24T19:48:00,36.96,160.89,1.317,5.51,-62,130,38.7,3.135
MET-15D52B11-3,TWR-0244,2024-04-14T04:36:00,47.16,474.51,1.428,1.81,-59,595,26.1,3.382
MET-C5793C25-F,TWR-0244,2024-05-08T08:46:00,45.73,284.41,1.243,6.42,-70,1325,59.3,3.274
MET-E84BA2D1-D,TWR-0244,2024-06-30T03:34:00,43.30,158.96,0.995,9.30,-58,1976,76.6,3.024
MET-56D5ACD3-D,TWR-0244,2024-07-05T12:33:00,23.27,181.16,0.108,12.35,-70,240,51.7,1.448
MET-EB29AF8A-A,TWR-0244,2024-07-09T19:19:00,24.60,496.48,0.962,9.14,-50,1562,46.3,1.109
MET-E8785D0A-4,TWR-0244,2024-07-11T07:59:00,43.32,210.77,0.783,3.57,-70,1692,57.0,2.909
MET-EF7893F0-8,TWR-0244,2024-08-15T16:50:00,27.05,399.60,0.322,7.90,-42,545,67.3,1.551
MET-8CB40C96-6,TWR-0244,2024-08-21T23:24:00,10.07,215.66,0.892,10.58,-44,1177,32.4,3.636
MET-9C767F3D-3,TWR-0244,2024-10-11T00:10:00,23.45,286.11,0.715,7.45,-59,486,32.1,4.295
MET-FC37A237-C,TWR-0244,2024-10-18T12:17:00,18.75,462.26,1.349,13.76,-55,1995,51.9,4.620
MET-0193A5FB-8,TWR-0244,2024-11-14T17:50:00,47.46,162.70,1.215,3.56,-40,98,57.6,4.163
MET-8BD93E02-3,TWR-0244,2024-11-29T08:29:00,23.76,154.02,1.445,9.00,-60,144,34.7,3.203
MET-F4CD0724-A,TWR-0244,2024-12-04T05:56:00,38.78,152.43,1.150,2.11,-63,56,94.9,2.557
MET-BC10ABCF-7,TWR-0245,2024-01-10T01:47:00,30.41,239.00,0.934,5.65,-51,1471,48.3,0.422
MET-19E0FC39-6,TWR-0245,2024-02-18T11:17:00,13.44,222.50,0.666,12.60,-55,849,83.6,0.190
MET-E539CAA4-7,TWR-0245,2024-02-29T23:01:00,49.02,283.39,1.153,3.22,-53,1898,65.8,1.293
MET-2CBC5B86-4,TWR-0245,2024-03-05T06:39:00,42.90,364.77,1.239,5.29,-47,172,64.9,4.160
MET-D4DC526A-E,TWR-0245,2024-03-10T13:02:00,41.26,475.19,1.353,9.67,-63,1310,26.0,1.208
MET-19552D4A-B,TWR-0245,2024-03-29T15:19:00,15.65,457.38,0.346,14.64,-68,491,57.4,2.204
MET-6ED97CFE-C,TWR-0245,2024-03-30T07:37:00,40.31,157.32,1.161,11.02,-70,883,91.9,0.623
MET-F042F990-8,TWR-0245,2024-04-25T14:13:00,27.49,270.66,0.483,1.26,-69,799,91.3,1.548
MET-51C15F12-1,TWR-0245,2024-05-10T05:47:00,12.52,358.83,1.021,1.97,-63,115,37.9,3.240
MET-710C8768-3,TWR-0245,2024-05-20T01:37:00,29.68,191.60,0.249,2.09,-42,566,39.1,1.400
MET-815477A8-3,TWR-0245,2024-07-13T07:56:00,14.53,237.15,1.277,9.76,-58,838,35.4,2.954
MET-F8325D66-0,TWR-0245,2024-07-19T00:29:00,31.70,165.68,0.275,10.15,-44,1885,50.2,2.852
MET-63E62D3B-F,TWR-0245,2024-07-31T09:12:00,26.01,464.64,0.592,9.38,-47,520,73.2,1.827
MET-7BDC659D-1,TWR-0245,2024-08-26T15:04:00,38.93,410.63,0.198,8.32,-63,350,52.5,1.390
MET-C926D899-C,TWR-0245,2024-09-08T07:21:00,29.56,268.81,1.241,5.89,-47,1504,30.3,1.982
MET-4AC86CCF-5,TWR-0245,2024-11-01T19:57:00,40.80,444.97,1.392,9.76,-69,633,57.4,3.098
MET-A2E1B3CE-A,TWR-0245,2024-11-20T04:14:00,46.65,360.30,1.473,3.38,-66,1952,54.5,0.300
MET-3C804CBD-0,TWR-0245,2024-11-22T00:13:00,15.31,397.48,0.418,1.14,-70,1077,63.8,2.281
MET-E83E1902-2,TWR-0245,2024-11-28T21:33:00,17.44,190.02,1.445,12.13,-46,1950,87.3,2.274
MET-4111DBF3-9,TWR-0245,2024-12-16T23:05:00,46.12,432.04,1.411,8.65,-56,58,21.1,4.545
MET-6135326B-F,TWR-0246,2024-02-12T21:08:00,42.15,436.63,0.386,9.00,-49,783,44.5,3.920
MET-6D743972-5,TWR-0246,2024-02-19T13:51:00,48.80,476.63,0.522,5.90,-51,196,50.8,2.843
MET-8607123E-D,TWR-0246,2024-04-08T05:58:00,26.92,180.50,0.517,3.83,-45,1363,65.0,4.410
MET-C9F6DF3E-3,TWR-0246,2024-05-25T06:21:00,31.54,430.53,0.088,4.77,-41,490,74.9,1.590
MET-5E08D5DF-3,TWR-0246,2024-06-03T20:19:00,32.63,421.76,0.864,2.00,-41,1816,23.3,3.347
MET-90EE9736-2,TWR-0246,2024-06-08T00:18:00,31.93,295.29,0.260,5.79,-61,586,50.3,4.854
MET-28C2CAF3-D,TWR-0246,2024-06-18T05:27:00,12.64,380.62,1.481,1.95,-47,1489,43.3,0.105
MET-87D3778C-7,TWR-0246,2024-06-29T08:07:00,36.28,322.32,0.387,2.72,-42,880,61.9,1.612
MET-0618DE85-A,TWR-0246,2024-07-05T03:33:00,10.22,346.93,0.274,10.41,-52,127,56.1,1.536
MET-2AC5FC31-6,TWR-0246,2024-08-03T18:40:00,38.09,173.69,0.646,9.97,-65,1208,73.8,2.182
MET-195D71B0-E,TWR-0246,2024-08-04T03:30:00,32.86,300.49,1.441,3.85,-43,1952,51.1,2.800
MET-7920268A-6,TWR-0246,2024-08-06T07:50:00,43.56,232.62,0.548,3.44,-59,1786,84.3,0.507
MET-0F42D34E-D,TWR-0246,2024-08-24T05:43:00,15.98,185.92,0.478,6.10,-58,1749,39.3,4.514
MET-2D178150-2,TWR-0246,2024-09-26T09:53:00,18.70,153.51,0.353,12.98,-49,1896,80.1,0.782
MET-F302FF7C-F,TWR-0246,2024-10-11T10:54:00,12.92,361.30,1.324,10.37,-70,1150,91.0,0.450
MET-8A9B8C78-6,TWR-0246,2024-10-13T16:27:00,13.57,256.78,1.496,5.25,-64,248,66.9,3.396
MET-C88127B9-9,TWR-0246,2024-10-22T19:27:00,26.68,387.58,0.939,7.49,-52,830,46.8,2.357
MET-6F968B7D-D,TWR-0246,2024-11-18T17:38:00,24.91,270.85,0.256,8.27,-41,673,83.9,4.227
MET-395D6027-F,TWR-0246,2024-11-21T12:54:00,22.27,385.56,0.524,3.52,-62,1456,38.7,0.112
MET-98191CAB-B,TWR-0246,2024-11-23T01:46:00,10.41,100.15,1.474,3.19,-46,982,25.7,0.471
MET-A2F994C3-8,TWR-0247,2024-01-06T18:08:00,21.13,153.71,0.162,3.78,-50,1285,72.0,0.116
MET-D8B1F607-1,TWR-0247,2024-02-18T13:47:00,22.39,122.33,0.671,2.06,-60,896,71.8,2.565
MET-AD98E681-9,TWR-0247,2024-02-20T21:37:00,18.70,492.29,1.463,10.41,-66,1377,49.3,0.326
MET-82D903A5-F,TWR-0247,2024-03-14T06:36:00,29.77,252.49,1.366,4.80,-48,1802,90.3,2.126
MET-F81F89C2-7,TWR-0247,2024-03-14T13:47:00,21.45,445.83,0.874,10.17,-44,1300,92.4,0.542
MET-1C9D9AEE-3,TWR-0247,2024-04-18T15:30:00,23.48,249.36,1.400,12.24,-54,1405,27.0,1.116
MET-993F3B03-C,TWR-0247,2024-05-04T10:34:00,49.93,316.82,0.562,10.80,-48,1655,56.1,4.331
MET-C192FDE7-D,TWR-0247,2024-05-09T16:03:00,26.96,402.40,1.156,1.74,-48,726,33.8,4.667
MET-B24571A4-5,TWR-0247,2024-05-22T21:48:00,30.31,392.91,1.417,2.28,-49,204,88.6,3.886
MET-CBE87F01-E,TWR-0247,2024-05-25T18:51:00,29.87,240.43,1.181,11.05,-59,992,41.6,2.000
MET-1FDF7C0F-E,TWR-0247,2024-06-05T09:12:00,47.85,441.40,0.376,12.79,-54,152,34.3,2.592
MET-38E009F1-0,TWR-0247,2024-06-06T17:10:00,11.46,429.28,1.244,8.54,-64,1276,76.0,0.244
MET-6F9CCCD9-0,TWR-0247,2024-06-06T22:32:00,36.42,193.74,1.269,7.95,-68,416,68.7,2.784
MET-CA2716E4-9,TWR-0247,2024-08-31T23:43:00,14.81,393.55,1.292,1.59,-60,391,64.9,4.645
MET-06A0EA82-5,TWR-0247,2024-10-03T03:16:00,16.14,425.00,1.492,3.83,-62,775,59.1,1.718
MET-68154707-3,TWR-0247,2024-10-11T11:54:00,14.87,299.48,0.146,3.95,-60,1931,22.4,3.494
MET-E3B9CE8A-A,TWR-0247,2024-10-25T16:02:00,39.98,304.49,0.089,12.90,-62,1939,42.9,0.838
MET-78094FAD-4,TWR-0247,2024-11-13T10:10:00,14.86,339.06,0.268,5.37,-46,1741,46.0,3.393
MET-864A3E1D-9,TWR-0247,2024-11-29T00:17:00,20.50,403.14,1.222,9.16,-50,1169,81.1,4.143
MET-C7939CB9-D,TWR-0247,2024-12-14T15:29:00,11.32,156.38,1.232,6.04,-54,1991,69.3,3.741
MET-B34D5229-D,TWR-0248,2024-01-11T04:57:00,19.70,454.02,0.173,8.20,-54,535,75.8,3.956
MET-EE3B7C01-E,TWR-0248,2024-01-15T04:42:00,37.15,111.48,0.515,1.81,-69,1319,72.7,4.984
MET-5D7B5EAB-6,TWR-0248,2024-02-12T13:49:00,48.63,131.55,1.052,12.47,-46,245,85.3,4.924
MET-BAC33076-F,TWR-0248,2024-02-12T23:44:00,27.24,340.13,1.462,7.45,-64,448,84.5,2.940
MET-727F84FF-E,TWR-0248,2024-02-20T08:30:00,31.82,221.15,0.963,7.05,-47,537,72.9,4.839
MET-58644C7A-4,TWR-0248,2024-02-28T17:15:00,26.16,436.46,0.509,4.56,-68,656,31.3,3.456
MET-1292590F-F,TWR-0248,2024-03-10T18:01:00,49.59,291.91,0.112,1.85,-64,946,39.0,2.253
MET-1B4369B5-2,TWR-0248,2024-03-13T00:55:00,27.40,177.11,0.408,10.72,-43,281,75.9,2.915
MET-174BD06A-7,TWR-0248,2024-03-16T02:31:00,25.68,432.85,0.536,4.43,-67,1249,36.2,2.046
MET-AB00E257-0,TWR-0248,2024-04-14T00:23:00,24.09,376.74,1.100,8.87,-61,1851,20.4,3.038
MET-D6729F98-1,TWR-0248,2024-04-20T01:32:00,39.87,184.52,0.710,14.66,-69,1305,57.8,4.774
MET-50149891-9,TWR-0248,2024-05-19T18:40:00,40.07,225.57,0.768,10.84,-42,684,42.6,1.062
MET-7BE18EEE-5,TWR-0248,2024-06-20T07:31:00,15.72,436.43,0.273,10.63,-40,916,39.6,4.800
MET-0D2B2BC4-5,TWR-0248,2024-06-21T14:52:00,15.52,296.18,1.403,12.70,-70,332,48.2,0.866
MET-6ACFE0AB-D,TWR-0248,2024-08-14T12:11:00,41.15,390.71,0.926,9.73,-58,1753,27.5,3.541
MET-EADF75F3-9,TWR-0248,2024-08-30T18:17:00,18.26,162.79,0.675,12.28,-46,688,42.9,4.115
MET-2394B6D2-C,TWR-0248,2024-10-09T03:20:00,40.03,190.92,0.961,9.84,-50,926,88.2,2.941
MET-484ED175-E,TWR-0248,2024-10-21T07:52:00,13.75,318.26,1.123,4.28,-53,1345,85.7,1.254
MET-6632A319-9,TWR-0248,2024-11-11T01:49:00,36.16,410.70,1.201,14.39,-41,1106,49.8,1.507
MET-E804A20C-8,TWR-0248,2024-11-14T18:29:00,43.59,432.12,0.971,12.66,-42,1965,52.5,2.666
MET-B2DD02CB-A,TWR-0249,2024-02-29T08:13:00,35.95,163.35,1.047,5.90,-65,1638,59.6,2.477
MET-CC4C588D-9,TWR-0249,2024-03-04T15:46:00,25.96,475.19,1.161,4.94,-70,1882,48.2,3.317
MET-A5D72D58-2,TWR-0249,2024-03-19T06:40:00,12.25,149.11,0.475,10.84,-66,1419,48.9,2.738
MET-AFCE9D33-9,TWR-0249,2024-04-19T07:26:00,11.18,463.31,0.294,1.82,-56,1564,23.3,3.091
MET-E7D9459C-9,TWR-0249,2024-05-07T08:01:00,22.15,140.58,1.121,6.10,-59,197,29.0,0.431
MET-EFE1C327-F,TWR-0249,2024-05-20T14:26:00,35.69,305.27,0.936,2.03,-62,1143,77.6,2.343
MET-833006C6-9,TWR-0249,2024-05-23T06:52:00,45.25,407.61,1.106,4.22,-70,390,82.3,1.043
MET-E4B96B3D-0,TWR-0249,2024-07-07T17:10:00,28.66,187.12,0.446,8.35,-56,1899,83.2,0.954
MET-81F5FF3C-1,TWR-0249,2024-07-24T05:36:00,37.75,407.31,1.031,10.93,-59,465,44.5,2.152
MET-6E261E51-A,TWR-0249,2024-08-04T20:12:00,39.57,481.76,1.259,4.78,-52,909,72.7,2.489
MET-9C812353-D,TWR-0249,2024-08-15T18:57:00,30.54,395.24,1.133,2.61,-60,644,73.9,3.605
MET-558ECF46-8,TWR-0249,2024-09-10T09:52:00,34.72,381.13,0.543,13.47,-69,597,46.0,2.797
MET-00A521C3-B,TWR-0249,2024-09-23T02:00:00,15.20,313.02,1.050,4.99,-66,691,61.0,2.999
MET-A53BC1D3-F,TWR-0249,2024-10-02T08:27:00,20.46,378.36,1.016,5.08,-62,1932,89.5,4.803
MET-7230871F-7,TWR-0249,2024-11-06T05:17:00,37.09,153.28,1.041,13.72,-57,1105,61.5,0.264
MET-2BB3D684-4,TWR-0249,2024-11-11T13:02:00,20.56,201.57,0.330,11.18,-45,377,92.8,1.633
MET-F8CC3C93-B,TWR-0249,2024-11-18T02:53:00,17.00,208.79,0.704,3.26,-46,217,54.2,3.149
MET-DB17B642-C,TWR-0249,2024-11-20T14:55:00,34.06,488.90,1.272,2.27,-66,1053,56.4,0.385
MET-6B1A59DE-1,TWR-0249,2024-11-28T11:45:00,10.94,133.69,0.570,9.87,-58,489,63.4,4.303
MET-42CA9C32-E,TWR-0249,2024-12-09T13:27:00,36.59,466.36,1.056,7.00,-65,1310,36.5,0.896
MET-65DB118D-7,TWR-0250,2024-01-03T03:18:00,19.78,183.86,0.779,9.54,-59,1191,72.3,2.127
MET-58F31F00-F,TWR-0250,2024-01-18T18:26:00,20.37,424.69,0.022,8.40,-44,1938,20.6,4.827
MET-E560340E-A,TWR-0250,2024-03-07T23:00:00,32.24,313.90,0.608,4.45,-58,795,66.3,2.989
MET-F0C4EAAA-9,TWR-0250,2024-04-06T02:05:00,15.31,282.43,0.376,6.17,-40,1299,58.6,3.570
MET-986DB910-3,TWR-0250,2024-04-11T00:24:00,17.85,160.93,0.598,11.55,-40,90,23.8,2.732
MET-BD04CEC7-0,TWR-0250,2024-04-13T00:50:00,46.50,421.85,0.974,14.29,-62,750,24.2,2.418
MET-EBA5FD86-F,TWR-0250,2024-04-14T05:31:00,29.91,135.40,0.240,10.37,-65,1751,39.0,1.754
MET-2D04D74D-7,TWR-0250,2024-05-26T00:58:00,18.12,228.48,1.026,13.42,-64,323,66.2,2.888
MET-698E3323-D,TWR-0250,2024-06-21T09:37:00,15.42,482.66,0.109,13.81,-41,1818,66.2,2.721
MET-B48A6DD6-6,TWR-0250,2024-07-01T09:25:00,32.25,376.22,0.900,2.49,-54,334,61.6,0.562
MET-B9B17B4E-F,TWR-0250,2024-07-03T02:20:00,29.80,474.96,0.586,10.59,-42,552,74.6,3.909
MET-470DC925-D,TWR-0250,2024-07-23T15:46:00,13.44,274.60,0.976,5.45,-63,1942,45.7,3.056
MET-4AF7B1F3-2,TWR-0250,2024-08-02T08:29:00,48.83,392.27,1.239,12.84,-49,1699,25.5,4.816
MET-D764F6D1-7,TWR-0250,2024-08-05T12:43:00,48.56,230.27,1.401,13.25,-49,551,53.7,1.629
MET-119D8A5D-4,TWR-0250,2024-08-23T22:08:00,15.41,389.95,1.007,3.38,-41,1067,65.0,1.509
MET-062F725C-E,TWR-0250,2024-08-29T17:58:00,21.88,421.64,0.418,1.42,-55,689,88.7,1.999
MET-E62EDF4D-F,TWR-0250,2024-09-18T00:18:00,14.94,290.75,1.202,6.10,-45,1004,55.8,4.092
MET-6F94A447-C,TWR-0250,2024-09-30T09:43:00,43.42,147.08,1.372,3.73,-70,452,47.9,0.339
MET-2B848BB7-9,TWR-0250,2024-10-23T12:18:00,21.24,336.22,0.468,9.27,-60,307,59.1,4.176
MET-92FA97DF-D,TWR-0250,2024-11-13T09:12:00,24.23,455.87,0.071,10.84,-49,1911,38.6,1.915
