eid,name,legal_form,sector,province,inc_date,is_bank
C:0,Giogu Group,SPA,AGRICULTURE,PR30,1980-01-01,0
C:1,Monmar Srl,SRL,CONSTRUCTION,PR49,1980-01-04,0
C:2,Saber Group,SRL,SOFTWARE,PR26,1980-01-07,0
C:3,Zofer Srl,SNC,LOGISTICS,PR13,1980-01-10,0
C:4,Rume Srl,SPA,SOFTWARE,PR56,1980-01-13,0
C:5,Foni Srl,SRL,CONSULTING,PR46,1980-01-17,0
C:6,Bame Group,SPA,CONSULTING,PR50,1980-01-20,0
C:7,Ceca Group,SNC,CONSTRUCTION,PR12,1980-01-23,0
C:8,Corlen Group,SRL,CONSULTING,PR29,1980-01-26,0
C:9,Tinla Group,SRL,SOFTWARE,PR55,1980-01-29,0
C:10,Bagal Group,SRL,LOGISTICS,PR34,1980-02-02,0
C:11,Gulen Group,SPA,HOLDING,PR13,1980-02-05,0
C:12,Bercor SpA,SRL,AGRICULTURE,PR13,1980-02-08,0
C:13,Saber SpA,SRL,HOLDING,PR48,1980-02-11,0
C:14,Pogal Srl,SRL,MANUFACTURING,PR05,1980-02-14,0
C:15,Berni Group,SRL,CONSTRUCTION,PR02,1980-02-18,0
C:16,Renla Srl,SPA,MANUFACTURING,PR00,1980-02-21,0
C:17,Fervi Srl,SRL,LOGISTICS,PR01,1980-02-24,0
C:18,Bazo Group,SRL,AGRICULTURE,PR55,1980-02-27,0
C:19,Gupo Srl,SPA,MANUFACTURING,PR43,1980-03-01,0
C:20,Lozo SpA,SNC,HOSPITALITY,PR33,1980-03-05,0
C:21,Valsa Srl,SPA,CONSULTING,PR51,1980-03-08,0
C:22,Cagu SpA,SPA,HOSPITALITY,PR49,1980-03-11,0
C:23,Galgio SpA,SRL,CONSTRUCTION,PR30,1980-03-14,0
C:24,Sate Srl,SRL,HOSPITALITY,PR39,1980-03-17,0
C:25,Teru Srl,SPA,REAL_ESTATE,PR49,1980-03-21,0
C:26,Tinsa Group,SRL,HOSPITALITY,PR44,1980-03-24,0
C:27,Nime Srl,SPA,CONSULTING,PR06,1980-03-27,0
C:28,Giofer SpA,SRL,RETAIL,PR34,1980-03-30,0
C:29,Galpo Group,SRL,MANUFACTURING,PR55,1980-04-02,0
C:30,Lober SpA,SPA,LOGISTICS,PR35,1980-04-06,0
C:31,Ceren Group,SPA,HOLDING,PR40,1980-04-09,0
C:32,Tinlen SpA,SRL,REAL_ESTATE,PR23,1980-04-12,0
C:33,Dizo Srl,SPA,CONSTRUCTION,PR43,1980-04-15,0
C:34,Cordi Group,SRL,MANUFACTURING,PR46,1980-04-18,0
C:35,Ceba SpA,SRL,CONSTRUCTION,PR42,1980-04-22,0
C:36,Lencor SpA,SNC,RETAIL,PR21,1980-04-25,0
C:37,Meren SpA,SRL,REAL_ESTATE,PR22,1980-04-28,0
C:38,Vifer Srl,SRL,HOLDING,PR38,1980-05-01,0
C:39,Rengu Group,SRL,CONSTRUCTION,PR20,1980-05-04,0
C:40,Lotin Srl,SPA,LOGISTICS,PR19,1980-05-08,0
C:41,Renvi Group,SRL,MANUFACTURING,PR51,1980-05-11,0
C:42,Lenpo Group,SPA,SOFTWARE,PR24,1980-05-14,0
C:43,Ceros Srl,SPA,LOGISTICS,PR40,1980-05-17,0
C:44,Monni Group,SRL,AGRICULTURE,PR08,1980-05-20,0
C:45,Cormar Group,SPA,CONSULTING,PR25,1980-05-24,0
C:46,Rosgal Group,SPA,RETAIL,PR54,1980-05-27,0
C:47,Batin Group,SNC,HOLDING,PR34,1980-05-30,0
C:48,Zoru Srl,SPA,HOLDING,PR27,1980-06-02,0
C:49,Rosba SpA,SRL,REAL_ESTATE,PR18,1980-06-05,0
C:50,Tinlo SpA,SPA,HOSPITALITY,PR36,1980-06-09,0
C:51,Valpas SpA,SRL,MANUFACTURING,PR06,1980-06-12,0
C:52,Marpas SpA,SRL,LOGISTICS,PR15,1980-06-15,0
C:53,Guber SpA,SPA,CONSTRUCTION,PR43,1980-06-18,0
C:54,Tincor Group,SRL,AGRICULTURE,PR21,1980-06-21,0
C:55,Bate Srl,SPA,CONSULTING,PR19,1980-06-25,0
C:56,Dante SpA,SRL,HOSPITALITY,PR10,1980-06-28,0
C:57,Fodi Srl,SRL,AGRICULTURE,PR42,1980-07-01,0
C:58,Montin SpA,SRL,AGRICULTURE,PR14,1980-07-04,0
C:59,Nica SpA,SRL,HOLDING,PR29,1980-07-07,0
C:60,Meber Group,SRL,HOSPITALITY,PR11,1980-07-11,0
C:61,Lamar Srl,SRL,HOSPITALITY,PR09,1980-07-14,0
C:62,Galgal SpA,SRL,MANUFACTURING,PR16,1980-07-17,0
C:63,Gumon Srl,SPA,SOFTWARE,PR01,1980-07-20,0
C:64,Poba SpA,SPA,RETAIL,PR48,1980-07-23,0
C:65,Rosren Group,SPA,MANUFACTURING,PR05,1980-07-27,0
C:66,Corni Group,SPA,AGRICULTURE,PR14,1980-07-30,0
C:67,Valfer Srl,SRL,CONSULTING,PR40,1980-08-02,0
C:68,Came Srl,SRL,SOFTWARE,PR23,1980-08-05,0
C:69,Ferlo Srl,SPA,HOLDING,PR09,1980-08-08,0
C:70,Pasni SpA,SPA,SOFTWARE,PR00,1980-08-12,0
C:71,Niren Group,SRL,HOLDING,PR24,1980-08-15,0
C:72,Safo Srl,SRL,CONSTRUCTION,PR22,1980-08-18,0
C:73,Pogal SpA,SRL,MANUFACTURING,PR23,1980-08-21,0
C:74,Didan SpA,SRL,CONSTRUCTION,PR41,1980-08-24,0
C:75,Pasca SpA,SRL,REAL_ESTATE,PR09,1980-08-28,0
C:76,Cagu Group,SPA,HOLDING,PR41,1980-08-31,0
C:77,Giogal Srl,SRL,SOFTWARE,PR55,1980-09-03,0
C:78,Lotin SpA,SRL,CONSTRUCTION,PR55,1980-09-06,0
C:79,Fogu Srl,SRL,LOGISTICS,PR20,1980-09-09,0
C:80,Corsa Srl,SRL,MANUFACTURING,PR21,1980-09-13,0
C:81,Bagio Srl,SRL,CONSULTING,PR36,1980-09-16,0
C:82,Medi Srl,SPA,RETAIL,PR01,1980-09-19,0
C:83,Meba Srl,SPA,RETAIL,PR25,1980-09-22,0
C:84,Rosber Group,SPA,CONSULTING,PR33,1980-09-25,0
C:85,Pasber SpA,SRL,LOGISTICS,PR00,1980-09-29,0
C:86,Galte Group,SPA,MANUFACTURING,PR25,1980-10-02,0
C:87,Renca Srl,SRL,LOGISTICS,PR04,1980-10-05,0
C:88,Galsa SpA,SRL,AGRICULTURE,PR21,1980-10-08,0
C:89,Gufer Srl,SPA,MANUFACTURING,PR16,1980-10-11,0
C:90,Tinlo Group,SRL,RETAIL,PR19,1980-10-15,0
C:91,Baca Group,SRL,CONSULTING,PR46,1980-10-18,0
C:92,Foni SpA,SNC,MANUFACTURING,PR42,1980-10-21,0
C:93,Pocor Srl,SRL,RETAIL,PR51,1980-10-24,0
C:94,Margio SpA,SPA,RETAIL,PR41,1980-10-27,0
C:95,Rengio SpA,SRL,HOSPITALITY,PR01,1980-10-31,0
C:96,Pasdan SpA,SRL,HOLDING,PR11,1980-11-03,0
C:97,Rosfer Group,SRL,RETAIL,PR50,1980-11-06,0
C:98,Pasren Srl,SRL,CONSTRUCTION,PR20,1980-11-09,0
C:99,Gumar Srl,SRL,HOLDING,PR47,1980-11-12,0
C:100,Berpas Srl,SRL,REAL_ESTATE,PR53,1980-11-16,0
C:101,Foval Srl,SRL,AGRICULTURE,PR54,1980-11-19,0
C:102,Rumon Group,SPA,HOSPITALITY,PR30,1980-11-22,0
C:103,Folen Srl,SRL,RETAIL,PR08,1980-11-25,0
C:104,Tinros Srl,SPA,MANUFACTURING,PR19,1980-11-28,0
C:105,Caval Group,SRL,MANUFACTURING,PR00,1980-12-02,0
C:106,Corsa SpA,SRL,MANUFACTURING,PR18,1980-12-05,0
C:107,Nitin Srl,SRL,SOFTWARE,PR39,1980-12-08,0
C:108,Lolen Srl,SRL,MANUFACTURING,PR11,1980-12-11,0
C:109,Laren Srl,SPA,LOGISTICS,PR54,1980-12-14,0
C:110,Cetin Group,SRL,CONSULTING,PR54,1980-12-18,0
C:111,Teme Srl,SRL,MANUFACTURING,PR48,1980-12-21,0
C:112,Danval SpA,SRL,CONSULTING,PR00,1980-12-24,0
C:113,Pasfer Srl,SPA,RETAIL,PR38,1980-12-27,0
C:114,Lola Group,SRL,HOLDING,PR59,1980-12-30,0
C:115,Teros SpA,SPA,REAL_ESTATE,PR28,1981-01-03,0
C:116,Cavi Group,SNC,HOSPITALITY,PR26,1981-01-06,0
C:117,Telo Srl,SRL,HOSPITALITY,PR13,1981-01-09,0
C:118,Rugio Group,SPA,CONSULTING,PR05,1981-01-12,0
C:119,Dite Srl,SRL,REAL_ESTATE,PR56,1981-01-15,0
C:120,Vigal Group,SRL,MANUFACTURING,PR39,1981-01-19,0
C:121,Guce Group,SPA,HOLDING,PR50,1981-01-22,0
C:122,Roste Srl,SRL,LOGISTICS,PR24,1981-01-25,0
C:123,Sagu Group,SRL,HOSPITALITY,PR33,1981-01-28,0
C:124,Dica Group,SPA,RETAIL,PR41,1981-01-31,0
C:125,Ferlen SpA,SRL,HOLDING,PR54,1981-02-04,0
C:126,Bame SpA,SPA,REAL_ESTATE,PR00,1981-02-07,0
C:127,Lomar Srl,SRL,MANUFACTURING,PR10,1981-02-10,0
C:128,Corber SpA,SRL,MANUFACTURING,PR48,1981-02-13,0
C:129,Gutin SpA,SNC,HOLDING,PR32,1981-02-16,0
C:130,Sadan SpA,SRL,HOLDING,PR16,1981-02-20,0
C:131,Galpo Group,SRL,MANUFACTURING,PR19,1981-02-23,0
C:132,Poba SpA,SRL,SOFTWARE,PR31,1981-02-26,0
C:133,Giocor Srl,SRL,CONSULTING,PR19,1981-03-01,0
C:134,Danru Srl,SRL,LOGISTICS,PR18,1981-03-04,0
C:135,Ferce Srl,SPA,SOFTWARE,PR41,1981-03-08,0
C:136,Lote Group,SRL,REAL_ESTATE,PR46,1981-03-11,0
C:137,Marni Banca,SPA,BANKING,PR52,1981-03-14,1
C:138,Rumar Group,SPA,HOLDING,PR54,1981-03-17,0
C:139,Poros Srl,SNC,RETAIL,PR22,1981-03-20,0
C:140,Baros SpA,SRL,HOSPITALITY,PR37,1981-03-24,0
C:141,Rudan SpA,SPA,HOLDING,PR46,1981-03-27,0
C:142,Berber SpA,SRL,CONSULTING,PR16,1981-03-30,0
C:143,Bame Srl,SPA,AGRICULTURE,PR55,1981-04-02,0
C:144,Megal Group,SPA,HOSPITALITY,PR04,1981-04-05,0
C:145,Marce SpA,SRL,SOFTWARE,PR05,1981-04-09,0
C:146,Sagu SpA,SRL,MANUFACTURING,PR36,1981-04-12,0
C:147,Bercor Srl,SRL,CONSTRUCTION,PR22,1981-04-15,0
C:148,Cemon SpA,SPA,CONSTRUCTION,PR13,1981-04-18,0
C:149,Mecor Srl,SRL,MANUFACTURING,PR05,1981-04-21,0
C:150,Nipas Group,SRL,HOSPITALITY,PR12,1981-04-25,0
C:151,Bermar SpA,SPA,HOLDING,PR34,1981-04-28,0
C:152,Foren SpA,SRL,HOSPITALITY,PR16,1981-05-01,0
C:153,Visa SpA,SRL,LOGISTICS,PR03,1981-05-04,0
C:154,Corce Group,SRL,HOLDING,PR20,1981-05-07,0
C:155,Berdi Srl,SRL,MANUFACTURING,PR39,1981-05-11,0
C:156,Monni Srl,SNC,REAL_ESTATE,PR46,1981-05-14,0
C:157,Popas SpA,SRL,AGRICULTURE,PR52,1981-05-17,0
C:158,Foren SpA,SPA,LOGISTICS,PR58,1981-05-20,0
C:159,Ferlo Srl,SPA,HOLDING,PR25,1981-05-23,0
C:160,Valval Srl,SNC,HOSPITALITY,PR17,1981-05-27,0
C:161,Dangal SpA,SRL,HOSPITALITY,PR15,1981-05-30,0
C:162,Corba Srl,SRL,LOGISTICS,PR14,1981-06-02,0
C:163,Zoni SpA,SPA,AGRICULTURE,PR18,1981-06-05,0
C:164,Vicor Srl,SRL,CONSULTING,PR30,1981-06-08,0
C:165,Lazo Group,SRL,LOGISTICS,PR34,1981-06-12,0
C:166,Rospo Group,SPA,HOSPITALITY,PR40,1981-06-15,0
C:167,Vimon SpA,SPA,HOSPITALITY,PR28,1981-06-18,0
C:168,Lame Srl,SPA,SOFTWARE,PR28,1981-06-21,0
C:169,Renru Srl,SPA,SOFTWARE,PR02,1981-06-24,0
C:170,Gumar SpA,SRL,LOGISTICS,PR59,1981-06-28,0
C:171,Teval SpA,SPA,LOGISTICS,PR59,1981-07-01,0
C:172,Dandi SpA,SRL,SOFTWARE,PR37,1981-07-04,0
C:173,Mece SpA,SNC,MANUFACTURING,PR09,1981-07-07,0
C:174,Lenros Group,SRL,HOSPITALITY,PR39,1981-07-10,0
C:175,Dangio SpA,SRL,RETAIL,PR50,1981-07-14,0
C:176,Dante SpA,SPA,LOGISTICS,PR34,1981-07-17,0
C:177,Lenla Group,SPA,HOLDING,PR55,1981-07-20,0
C:178,Lome Group,SPA,MANUFACTURING,PR25,1981-07-23,0
C:179,Lenpas Group,SRL,MANUFACTURING,PR28,1981-07-26,0
C:180,Dangal Group,SPA,CONSULTING,PR59,1981-07-30,0
C:181,Monsa Srl,SPA,HOLDING,PR00,1981-08-02,0
C:182,Vallen SpA,SPA,HOLDING,PR36,1981-08-05,0
C:183,Rosla SpA,SRL,HOSPITALITY,PR05,1981-08-08,0
C:184,Pober Group,SPA,SOFTWARE,PR46,1981-08-11,0
C:185,Marca SpA,SRL,MANUFACTURING,PR02,1981-08-15,0
C:186,Megio SpA,SPA,CONSULTING,PR23,1981-08-18,0
C:187,Paspo Group,SRL,CONSTRUCTION,PR44,1981-08-21,0
C:188,Rentin Srl,SPA,SOFTWARE,PR56,1981-08-24,0
C:189,Corfo SpA,SRL,MANUFACTURING,PR51,1981-08-27,0
C:190,Divi Group,SRL,HOLDING,PR02,1981-08-31,0
C:191,Gute SpA,SRL,MANUFACTURING,PR03,1981-09-03,0
C:192,Salo Group,SRL,AGRICULTURE,PR03,1981-09-06,0
C:193,Zoni SpA,SNC,MANUFACTURING,PR15,1981-09-09,0
C:194,Focor SpA,SRL,MANUFACTURING,PR41,1981-09-12,0
C:195,Popas Srl,SPA,HOLDING,PR27,1981-09-16,0
C:196,Camar Srl,SRL,HOSPITALITY,PR55,1981-09-19,0
C:197,Giogal SpA,SRL,SOFTWARE,PR11,1981-09-22,0
C:198,Saba Group,SRL,CONSULTING,PR47,1981-09-25,0
C:199,Berval Srl,SNC,LOGISTICS,PR54,1981-09-28,0
C:200,Bamon Srl,SNC,LOGISTICS,PR46,1981-10-02,0
C:201,Lenpo Srl,SRL,CONSTRUCTION,PR14,1981-10-05,0
C:202,Diba SpA,SRL,SOFTWARE,PR50,1981-10-08,0
C:203,Galmar Group,SPA,REAL_ESTATE,PR41,1981-10-11,0
C:204,Pasdi SpA,SPA,LOGISTICS,PR45,1981-10-14,0
C:205,Ferval Group,SRL,CONSULTING,PR25,1981-10-18,0
C:206,Pozo Srl,SRL,SOFTWARE,PR48,1981-10-21,0
C:207,Valla Srl,SPA,AGRICULTURE,PR17,1981-10-24,0
C:208,Cesa SpA,SRL,SOFTWARE,PR08,1981-10-27,0
C:209,Bamon Srl,SRL,RETAIL,PR25,1981-10-30,0
C:210,Pasni SpA,SPA,CONSULTING,PR11,1981-11-03,0
C:211,Lenvi SpA,SRL,HOSPITALITY,PR29,1981-11-06,0
C:212,Digal Srl,SPA,LOGISTICS,PR40,1981-11-09,0
C:213,Calo Srl,SRL,RETAIL,PR23,1981-11-12,0
C:214,Tevi SpA,SPA,MANUFACTURING,PR44,1981-11-15,0
C:215,Vallen SpA,SNC,CONSULTING,PR20,1981-11-19,0
C:216,Guren Group,SPA,MANUFACTURING,PR42,1981-11-22,0
C:217,Lapas Srl,SPA,MANUFACTURING,PR36,1981-11-25,0
C:218,Renni Group,SRL,SOFTWARE,PR01,1981-11-28,0
C:219,Gumar SpA,SRL,HOLDING,PR07,1981-12-01,0
C:220,Vime Group,SRL,RETAIL,PR37,1981-12-05,0
C:221,Lovi Group,SPA,RETAIL,PR07,1981-12-08,0
C:222,Bace SpA,SRL,REAL_ESTATE,PR49,1981-12-11,0
C:223,Viren Srl,SPA,RETAIL,PR17,1981-12-14,0
C:224,Berni Group,SRL,HOLDING,PR38,1981-12-17,0
C:225,Corgu Srl,SNC,CONSTRUCTION,PR37,1981-12-21,0
C:226,Rucor Group,SPA,SOFTWARE,PR50,1981-12-24,0
C:227,Pastin SpA,SPA,CONSTRUCTION,PR20,1981-12-27,0
C:228,Galmar SpA,SPA,HOLDING,PR13,1981-12-30,0
C:229,Pocor SpA,SPA,MANUFACTURING,PR24,1982-01-02,0
C:230,Sani Group,SRL,SOFTWARE,PR01,1982-01-06,0
C:231,Mongal Srl,SRL,RETAIL,PR45,1982-01-09,0
C:232,Giogu Srl,SRL,HOSPITALITY,PR20,1982-01-12,0
C:233,Fopas Group,SPA,HOSPITALITY,PR11,1982-01-15,0
C:234,Rosmon Srl,SPA,LOGISTICS,PR31,1982-01-18,0
C:235,Galte Srl,SPA,HOSPITALITY,PR06,1982-01-22,0
C:236,Lazo Group,SPA,MANUFACTURING,PR36,1982-01-25,0
C:237,Sapo Group,SPA,REAL_ESTATE,PR27,1982-01-28,0
C:238,Monfer SpA,SRL,MANUFACTURING,PR43,1982-01-31,0
C:239,Renval Group,SRL,SOFTWARE,PR22,1982-02-03,0
C:240,Galren Group,SRL,HOLDING,PR14,1982-02-07,0
C:241,Pasdi Srl,SRL,SOFTWARE,PR09,1982-02-10,0
C:242,Pasme SpA,SRL,LOGISTICS,PR51,1982-02-13,0
C:243,Tegal Group,SRL,MANUFACTURING,PR34,1982-02-16,0
C:244,Rosba Group,SRL,HOSPITALITY,PR22,1982-02-19,0
C:245,Celen SpA,SRL,CONSTRUCTION,PR40,1982-02-23,0
C:246,Lence SpA,SRL,HOSPITALITY,PR06,1982-02-26,0
C:247,Lopo Srl,SPA,REAL_ESTATE,PR38,1982-03-01,0
C:248,Bani Group,SRL,AGRICULTURE,PR55,1982-03-04,0
C:249,Caca Srl,SRL,REAL_ESTATE,PR56,1982-03-07,0
C:250,Margio Group,SPA,REAL_ESTATE,PR22,1982-03-11,0
C:251,Corte SpA,SPA,REAL_ESTATE,PR33,1982-03-14,0
C:252,Danros Srl,SRL,MANUFACTURING,PR46,1982-03-17,0
C:253,Poce SpA,SRL,CONSULTING,PR10,1982-03-20,0
C:254,Loru Group,SRL,CONSULTING,PR05,1982-03-23,0
C:255,Berros SpA,SPA,LOGISTICS,PR15,1982-03-27,0
C:256,Monme Group,SRL,HOSPITALITY,PR12,1982-03-30,0
C:257,Danme Group,SPA,MANUFACTURING,PR54,1982-04-02,0
C:258,Tinpas Srl,SPA,CONSULTING,PR54,1982-04-05,0
C:259,Teru SpA,SRL,MANUFACTURING,PR29,1982-04-08,0
C:260,Berfo SpA,SNC,SOFTWARE,PR42,1982-04-12,0
C:261,Nimar Group,SRL,AGRICULTURE,PR28,1982-04-15,0
C:262,Tegal Srl,SRL,CONSULTING,PR09,1982-04-18,0
C:263,Berpas SpA,SRL,LOGISTICS,PR44,1982-04-21,0
C:264,Calen Srl,SRL,HOLDING,PR43,1982-04-24,0
C:265,Danpas SpA,SRL,CONSULTING,PR21,1982-04-28,0
C:266,Tinpo Group,SPA,RETAIL,PR20,1982-05-01,0
C:267,Logu Srl,SRL,RETAIL,PR08,1982-05-04,0
C:268,Bani SpA,SRL,AGRICULTURE,PR10,1982-05-07,0
C:269,Zogal Group,SRL,LOGISTICS,PR47,1982-05-10,0
C:270,Corfer Srl,SPA,CONSULTING,PR02,1982-05-14,0
C:271,Zovi SpA,SPA,HOLDING,PR29,1982-05-17,0
C:272,Tedi Group,SPA,HOLDING,PR45,1982-05-20,0
C:273,Lolo Srl,SRL,RETAIL,PR07,1982-05-23,0
C:274,Tintin SpA,SRL,HOSPITALITY,PR19,1982-05-26,0
C:275,Pomar Srl,SPA,CONSULTING,PR31,1982-05-30,0
C:276,Galgal Srl,SRL,HOLDING,PR13,1982-06-02,0
C:277,Berros Srl,SPA,HOLDING,PR24,1982-06-05,0
C:278,Vifo Srl,SRL,CONSTRUCTION,PR36,1982-06-08,0
C:279,Mongio Srl,SPA,HOLDING,PR45,1982-06-11,0
C:280,Gufer Srl,SRL,CONSULTING,PR06,1982-06-15,0
C:281,Monzo Srl,SPA,HOLDING,PR54,1982-06-18,0
C:282,Lavi Group,SNC,MANUFACTURING,PR43,1982-06-21,0
C:283,Monlo SpA,SRL,AGRICULTURE,PR00,1982-06-24,0
C:284,Renlen Srl,SRL,HOSPITALITY,PR51,1982-06-27,0
C:285,Corvi Srl,SPA,LOGISTICS,PR59,1982-07-01,0
C:286,Valtin Srl,SPA,HOSPITALITY,PR09,1982-07-04,0
C:287,Fercor SpA,SRL,SOFTWARE,PR23,1982-07-07,0
C:288,Paste Group,SRL,CONSTRUCTION,PR17,1982-07-10,0
C:289,Pasros Srl,SRL,SOFTWARE,PR17,1982-07-13,0
C:290,Lagu Srl,SRL,CONSTRUCTION,PR51,1982-07-17,0
C:291,Corba Srl,SRL,AGRICULTURE,PR40,1982-07-20,0
C:292,Monme Group,SPA,AGRICULTURE,PR58,1982-07-23,0
C:293,Medi Group,SRL,CONSULTING,PR28,1982-07-26,0
C:294,Lenfer Group,SRL,HOLDING,PR28,1982-07-29,0
C:295,Cegio Srl,SPA,AGRICULTURE,PR01,1982-08-02,0
C:296,Danfo Group,SRL,HOLDING,PR16,1982-08-05,0
C:297,Gallen SpA,SRL,CONSULTING,PR56,1982-08-08,0
C:298,Dante SpA,SRL,RETAIL,PR22,1982-08-11,0
C:299,Gumar Srl,SPA,SOFTWARE,PR37,1982-08-14,0
C:300,Pasla Group,SPA,MANUFACTURING,PR30,1982-08-18,0
C:301,Fofo Group,SRL,AGRICULTURE,PR30,1982-08-21,0
C:302,Pasmon Group,SRL,SOFTWARE,PR58,1982-08-24,0
C:303,Lenzo Banca,SPA,BANKING,PR20,1982-08-27,1
C:304,Marfer SpA,SPA,REAL_ESTATE,PR47,1982-08-30,0
C:305,Marval SpA,SRL,REAL_ESTATE,PR33,1982-09-03,0
C:306,Renzo Group,SRL,LOGISTICS,PR38,1982-09-06,0
C:307,Nimon SpA,SRL,CONSTRUCTION,PR41,1982-09-09,0
C:308,Disa Srl,SRL,CONSULTING,PR58,1982-09-12,0
C:309,Galte Group,SRL,CONSULTING,PR14,1982-09-15,0
C:310,Rosmon Group,SNC,LOGISTICS,PR11,1982-09-19,0
C:311,Galros SpA,SRL,HOLDING,PR10,1982-09-22,0
C:312,Folen Group,SRL,AGRICULTURE,PR03,1982-09-25,0
C:313,Monpas Group,SRL,MANUFACTURING,PR19,1982-09-28,0
C:314,Fosa SpA,SRL,LOGISTICS,PR58,1982-10-01,0
C:315,Berla Group,SRL,CONSULTING,PR10,1982-10-05,0
C:316,Laber Srl,SRL,LOGISTICS,PR12,1982-10-08,0
C:317,Late Srl,SPA,MANUFACTURING,PR06,1982-10-11,0
C:318,Gudi SpA,SPA,RETAIL,PR51,1982-10-14,0
C:319,Ferber SpA,SRL,LOGISTICS,PR26,1982-10-17,0
C:320,Danpo SpA,SPA,AGRICULTURE,PR18,1982-10-21,0
C:321,Lace SpA,SNC,LOGISTICS,PR43,1982-10-24,0
C:322,Ferfer Group,SPA,REAL_ESTATE,PR02,1982-10-27,0
C:323,Foce SpA,SPA,AGRICULTURE,PR53,1982-10-30,0
C:324,Nime Group,SPA,REAL_ESTATE,PR50,1982-11-02,0
C:325,Foce Srl,SPA,SOFTWARE,PR28,1982-11-06,0
C:326,Tintin Srl,SRL,HOLDING,PR34,1982-11-09,0
C:327,Diber Group,SRL,HOSPITALITY,PR37,1982-11-12,0
C:328,Rume Group,SPA,HOSPITALITY,PR31,1982-11-15,0
C:329,Rufo Group,SRL,RETAIL,PR40,1982-11-18,0
C:330,Posa Srl,SPA,AGRICULTURE,PR36,1982-11-22,0
C:331,Galcor Group,SRL,MANUFACTURING,PR11,1982-11-25,0
C:332,Monni SpA,SPA,REAL_ESTATE,PR39,1982-11-28,0
C:333,Cafo Group,SRL,CONSTRUCTION,PR45,1982-12-01,0
C:334,Berfer Srl,SPA,RETAIL,PR01,1982-12-04,0
C:335,Lolo Group,SRL,REAL_ESTATE,PR53,1982-12-08,0
C:336,Gugu SpA,SRL,HOLDING,PR04,1982-12-11,0
C:337,Marla SpA,SPA,LOGISTICS,PR46,1982-12-14,0
C:338,Tinmar Srl,SPA,CONSTRUCTION,PR24,1982-12-17,0
C:339,Valni SpA,SNC,MANUFACTURING,PR26,1982-12-20,0
C:340,Berlo Srl,SRL,SOFTWARE,PR05,1982-12-24,0
C:341,Zotin SpA,SRL,RETAIL,PR35,1982-12-27,0
C:342,Danni SpA,SPA,LOGISTICS,PR24,1982-12-30,0
C:343,Giober Group,SRL,LOGISTICS,PR47,1983-01-02,0
C:344,Fergu Group,SRL,CONSULTING,PR05,1983-01-05,0
C:345,Cemar Group,SRL,CONSTRUCTION,PR20,1983-01-09,0
C:346,Dansa Group,SRL,MANUFACTURING,PR08,1983-01-12,0
C:347,Ferren Group,SPA,SOFTWARE,PR47,1983-01-15,0
C:348,Bertin Srl,SPA,SOFTWARE,PR26,1983-01-18,0
C:349,Valfer SpA,SPA,LOGISTICS,PR05,1983-01-21,0
C:350,Rosni SpA,SRL,MANUFACTURING,PR30,1983-01-25,0
C:351,Valca SpA,SNC,CONSTRUCTION,PR14,1983-01-28,0
C:352,Pasren Group,SRL,SOFTWARE,PR07,1983-01-31,0
C:353,Danber Group,SRL,AGRICULTURE,PR45,1983-02-03,0
C:354,Marte Srl,SRL,MANUFACTURING,PR27,1983-02-06,0
C:355,Lomon Group,SRL,REAL_ESTATE,PR53,1983-02-10,0
C:356,Corsa Srl,SPA,RETAIL,PR13,1983-02-13,0
C:357,Gudi Srl,SRL,REAL_ESTATE,PR48,1983-02-16,0
C:358,Monvi Srl,SRL,REAL_ESTATE,PR28,1983-02-19,0
C:359,Gioren Srl,SRL,SOFTWARE,PR30,1983-02-22,0
C:360,Monmon Group,SPA,REAL_ESTATE,PR16,1983-02-26,0
C:361,Zogu SpA,SRL,SOFTWARE,PR48,1983-03-01,0
C:362,Laba Group,SRL,HOLDING,PR45,1983-03-04,0
C:363,Sala Srl,SRL,HOSPITALITY,PR58,1983-03-07,0
C:364,Tindan Srl,SRL,AGRICULTURE,PR25,1983-03-10,0
C:365,Renni Group,SRL,SOFTWARE,PR21,1983-03-14,0
C:366,Melen Srl,SRL,REAL_ESTATE,PR02,1983-03-17,0
C:367,Danber Group,SRL,HOSPITALITY,PR03,1983-03-20,0
C:368,Nite Group,SPA,CONSTRUCTION,PR29,1983-03-23,0
C:369,Meren Srl,SRL,CONSTRUCTION,PR31,1983-03-26,0
C:370,Badan SpA,SRL,MANUFACTURING,PR23,1983-03-30,0
C:371,Guros Srl,SRL,LOGISTICS,PR39,1983-04-02,0
C:372,Ruros SpA,SPA,CONSULTING,PR18,1983-04-05,0
C:373,Lengal SpA,SPA,RETAIL,PR24,1983-04-08,0
C:374,Foros Group,SRL,HOLDING,PR05,1983-04-11,0
C:375,Tepo Group,SRL,RETAIL,PR57,1983-04-15,0
C:376,Tingu Group,SPA,REAL_ESTATE,PR31,1983-04-18,0
C:377,Rencor Srl,SRL,HOSPITALITY,PR13,1983-04-21,0
C:378,Vallen SpA,SRL,AGRICULTURE,PR22,1983-04-24,0
C:379,Pofo Srl,SPA,LOGISTICS,PR15,1983-04-27,0
C:380,Giofo Group,SNC,LOGISTICS,PR59,1983-05-01,0
C:381,Galzo SpA,SRL,HOLDING,PR13,1983-05-04,0
C:382,Mece SpA,SRL,SOFTWARE,PR30,1983-05-07,0
C:383,Bergio Group,SRL,LOGISTICS,PR45,1983-05-10,0
C:384,Gula Group,SRL,CONSULTING,PR29,1983-05-13,0
C:385,Dicor SpA,SNC,LOGISTICS,PR38,1983-05-17,0
C:386,Nival Group,SPA,LOGISTICS,PR56,1983-05-20,0
C:387,Poren Group,SRL,CONSTRUCTION,PR32,1983-05-23,0
C:388,Rosgu SpA,SPA,LOGISTICS,PR06,1983-05-26,0
C:389,Pober Srl,SRL,CONSTRUCTION,PR35,1983-05-29,0
C:390,Polen Group,SRL,HOLDING,PR39,1983-06-02,0
C:391,Ceme SpA,SPA,HOLDING,PR18,1983-06-05,0
C:392,Mongio Srl,SPA,HOSPITALITY,PR26,1983-06-08,0
C:393,Galla Group,SRL,AGRICULTURE,PR42,1983-06-11,0
C:394,Lofo SpA,SPA,SOFTWARE,PR08,1983-06-14,0
C:395,Gioca Srl,SRL,AGRICULTURE,PR41,1983-06-18,0
C:396,Gioval Srl,SNC,LOGISTICS,PR43,1983-06-21,0
C:397,Rupo SpA,SRL,AGRICULTURE,PR15,1983-06-24,0
C:398,Pozo SpA,SNC,CONSULTING,PR43,1983-06-27,0
C:399,Gudan Srl,SRL,AGRICULTURE,PR31,1983-06-30,0
C:400,Rosgal Group,SRL,CONSTRUCTION,PR09,1983-07-04,0
C:401,Vilen SpA,SPA,HOLDING,PR26,1983-07-07,0
C:402,Bamar Group,SRL,REAL_ESTATE,PR52,1983-07-10,0
C:403,Pasfer SpA,SPA,HOLDING,PR37,1983-07-13,0
C:404,Galca SpA,SRL,HOLDING,PR26,1983-07-16,0
C:405,Rosdi Srl,SRL,AGRICULTURE,PR02,1983-07-20,0
C:406,Ferlen SpA,SRL,SOFTWARE,PR14,1983-07-23,0
C:407,Loni SpA,SRL,CONSULTING,PR04,1983-07-26,0
C:408,Tevi Srl,SNC,AGRICULTURE,PR22,1983-07-29,0
C:409,Rutin SpA,SRL,HOLDING,PR49,1983-08-01,0
C:410,Laren SpA,SRL,HOSPITALITY,PR37,1983-08-05,0
C:411,Rosca Group,SPA,HOSPITALITY,PR24,1983-08-08,0
C:412,Lober SpA,SNC,SOFTWARE,PR57,1983-08-11,0
C:413,Rugal Srl,SNC,LOGISTICS,PR04,1983-08-14,0
C:414,Danca Srl,SPA,RETAIL,PR41,1983-08-17,0
C:415,Monvi SpA,SPA,SOFTWARE,PR43,1983-08-21,0
C:416,Salo Group,SRL,LOGISTICS,PR12,1983-08-24,0
C:417,Tindan Srl,SRL,LOGISTICS,PR04,1983-08-27,0
C:418,Diba SpA,SPA,LOGISTICS,PR54,1983-08-30,0
C:419,Foval SpA,SRL,LOGISTICS,PR11,1983-09-02,0
C:420,Renlo Banca,SPA,BANKING,PR53,1983-09-06,1
C:421,Vipas SpA,SPA,LOGISTICS,PR05,1983-09-09,0
C:422,Zoca Group,SNC,CONSULTING,PR52,1983-09-12,0
C:423,Gute SpA,SPA,HOSPITALITY,PR35,1983-09-15,0
C:424,Berla Group,SRL,HOLDING,PR45,1983-09-18,0
C:425,Loren Srl,SRL,MANUFACTURING,PR29,1983-09-22,0
C:426,Poru Srl,SPA,CONSTRUCTION,PR57,1983-09-25,0
C:427,Guval SpA,SRL,RETAIL,PR04,1983-09-28,0
C:428,Lacor Srl,SRL,RETAIL,PR03,1983-10-01,0
C:429,Monni SpA,SRL,SOFTWARE,PR23,1983-10-04,0
C:430,Sapas Srl,SRL,RETAIL,PR55,1983-10-08,0
C:431,Zozo Srl,SPA,HOLDING,PR01,1983-10-11,0
C:432,Pogu SpA,SRL,MANUFACTURING,PR39,1983-10-14,0
C:433,Foru Group,SRL,AGRICULTURE,PR36,1983-10-17,0
C:434,Zodi SpA,SRL,SOFTWARE,PR48,1983-10-20,0
C:435,Polo SpA,SRL,HOLDING,PR54,1983-10-24,0
C:436,Pasla SpA,SRL,RETAIL,PR44,1983-10-27,0
C:437,Tevi Group,SRL,MANUFACTURING,PR52,1983-10-30,0
C:438,Vice SpA,SRL,HOSPITALITY,PR29,1983-11-02,0
C:439,Pober Srl,SNC,CONSTRUCTION,PR29,1983-11-05,0
C:440,Safer Group,SRL,AGRICULTURE,PR43,1983-11-09,0
C:441,Valdi Group,SPA,CONSULTING,PR28,1983-11-12,0
C:442,Rosmon SpA,SRL,LOGISTICS,PR26,1983-11-15,0
C:443,Pasvi SpA,SNC,AGRICULTURE,PR58,1983-11-18,0
C:444,Latin Srl,SRL,HOLDING,PR31,1983-11-21,0
C:445,Nicor SpA,SRL,CONSULTING,PR32,1983-11-25,0
C:446,Safer Banca,SPA,BANKING,PR00,1983-11-28,1
C:447,Lozo Srl,SRL,CONSTRUCTION,PR31,1983-12-01,0
C:448,Cagu Group,SRL,LOGISTICS,PR15,1983-12-04,0
C:449,Nini Srl,SRL,HOLDING,PR50,1983-12-07,0
C:450,Berfer Group,SPA,REAL_ESTATE,PR35,1983-12-11,0
C:451,Corren Srl,SNC,MANUFACTURING,PR01,1983-12-14,0
C:452,Tedan SpA,SRL,CONSTRUCTION,PR29,1983-12-17,0
C:453,Fozo Srl,SRL,CONSULTING,PR34,1983-12-20,0
C:454,Vallo Banca,SPA,BANKING,PR55,1983-12-23,1
C:455,Ferzo Group,SRL,MANUFACTURING,PR39,1983-12-27,0
C:456,Cefer SpA,SRL,HOLDING,PR06,1983-12-30,0
C:457,Vivi Srl,SPA,RETAIL,PR34,1984-01-02,0
C:458,Monber Srl,SRL,CONSTRUCTION,PR33,1984-01-05,0
C:459,Diren Group,SPA,HOLDING,PR22,1984-01-08,0
C:460,Ferru Srl,SRL,REAL_ESTATE,PR50,1984-01-12,0
C:461,Bace Group,SRL,REAL_ESTATE,PR28,1984-01-15,0
C:462,Gumar SpA,SNC,LOGISTICS,PR59,1984-01-18,0
C:463,Marlen Srl,SNC,REAL_ESTATE,PR06,1984-01-21,0
C:464,Guval Srl,SRL,REAL_ESTATE,PR10,1984-01-24,0
C:465,Ruvi SpA,SPA,RETAIL,PR46,1984-01-28,0
C:466,Giober Srl,SPA,MANUFACTURING,PR14,1984-01-31,0
C:467,Difer SpA,SPA,HOSPITALITY,PR40,1984-02-03,0
C:468,Valca SpA,SPA,AGRICULTURE,PR51,1984-02-06,0
C:469,Dipo Group,SPA,HOSPITALITY,PR51,1984-02-09,0
C:470,Cedan Srl,SPA,CONSTRUCTION,PR44,1984-02-13,0
C:471,Tepas Srl,SRL,HOSPITALITY,PR02,1984-02-16,0
C:472,Berba Srl,SRL,RETAIL,PR14,1984-02-19,0
C:473,Polen Srl,SRL,RETAIL,PR55,1984-02-22,0
C:474,Bacor Banca,SPA,BANKING,PR54,1984-02-25,1
C:475,Corce Srl,SRL,REAL_ESTATE,PR53,1984-02-29,0
C:476,Pober Group,SRL,HOLDING,PR06,1984-03-03,0
C:477,Teba Group,SRL,RETAIL,PR53,1984-03-06,0
C:478,Mesa Group,SPA,SOFTWARE,PR47,1984-03-09,0
C:479,Valsa SpA,SRL,HOSPITALITY,PR51,1984-03-12,0
C:480,Camon Srl,SRL,RETAIL,PR57,1984-03-16,0
C:481,Fogio SpA,SRL,RETAIL,PR43,1984-03-19,0
C:482,Niba Group,SPA,CONSULTING,PR37,1984-03-22,0
C:483,Fomon Group,SNC,REAL_ESTATE,PR52,1984-03-25,0
C:484,Niru Srl,SRL,RETAIL,PR26,1984-03-28,0
C:485,Teber Group,SRL,HOSPITALITY,PR01,1984-04-01,0
C:486,Pasme SpA,SPA,CONSULTING,PR18,1984-04-04,0
C:487,Marme Group,SRL,CONSTRUCTION,PR13,1984-04-07,0
C:488,Niren Srl,SRL,CONSULTING,PR18,1984-04-10,0
C:489,Meren SpA,SRL,CONSULTING,PR59,1984-04-13,0
C:490,Cevi SpA,SRL,HOLDING,PR24,1984-04-17,0
C:491,Rume Group,SPA,HOSPITALITY,PR24,1984-04-20,0
C:492,Cedi SpA,SRL,RETAIL,PR34,1984-04-23,0
C:493,Giolen SpA,SRL,CONSTRUCTION,PR41,1984-04-26,0
C:494,Baren SpA,SPA,HOSPITALITY,PR00,1984-04-29,0
C:495,Lolen Group,SPA,CONSTRUCTION,PR09,1984-05-03,0
C:496,Ladi SpA,SNC,CONSTRUCTION,PR04,1984-05-06,0
C:497,Lente SpA,SRL,AGRICULTURE,PR31,1984-05-09,0
C:498,Tinber Srl,SPA,RETAIL,PR52,1984-05-12,0
C:499,Mondi SpA,SRL,LOGISTICS,PR43,1984-05-15,0
C:500,Pasgio Group,SRL,MANUFACTURING,PR24,1984-05-19,0
C:501,Laros SpA,SNC,HOSPITALITY,PR58,1984-05-22,0
C:502,Paspo Srl,SRL,RETAIL,PR07,1984-05-25,0
C:503,Logio SpA,SRL,AGRICULTURE,PR30,1984-05-28,0
C:504,Vallen Srl,SRL,CONSTRUCTION,PR15,1984-05-31,0
C:505,Berlo Group,SPA,AGRICULTURE,PR27,1984-06-04,0
C:506,Vallen Group,SPA,CONSTRUCTION,PR36,1984-06-07,0
C:507,Vime Group,SPA,AGRICULTURE,PR44,1984-06-10,0
C:508,Marru SpA,SRL,AGRICULTURE,PR22,1984-06-13,0
C:509,Baros Srl,SRL,HOSPITALITY,PR10,1984-06-16,0
C:510,Danfo SpA,SRL,MANUFACTURING,PR14,1984-06-20,0
C:511,Lente Srl,SRL,AGRICULTURE,PR00,1984-06-23,0
C:512,Vicor Group,SNC,MANUFACTURING,PR57,1984-06-26,0
C:513,Cagio SpA,SPA,CONSULTING,PR46,1984-06-29,0
C:514,Monpas Group,SRL,REAL_ESTATE,PR17,1984-07-02,0
C:515,Dila Srl,SRL,CONSULTING,PR42,1984-07-06,0
C:516,Capas Banca,SPA,BANKING,PR12,1984-07-09,1
C:517,Dini Srl,SRL,SOFTWARE,PR38,1984-07-12,0
C:518,Cegal Srl,SRL,CONSULTING,PR22,1984-07-15,0
C:519,Vidi SpA,SRL,CONSTRUCTION,PR56,1984-07-18,0
C:520,Berca Group,SPA,LOGISTICS,PR14,1984-07-22,0
C:521,Pome SpA,SRL,CONSULTING,PR49,1984-07-25,0
C:522,Corte Srl,SRL,AGRICULTURE,PR37,1984-07-28,0
C:523,Lapo Srl,SPA,REAL_ESTATE,PR43,1984-07-31,0
C:524,Dandi Srl,SRL,LOGISTICS,PR31,1984-08-03,0
C:525,Vimon Srl,SRL,MANUFACTURING,PR24,1984-08-07,0
C:526,Rosgal SpA,SPA,CONSTRUCTION,PR10,1984-08-10,0
C:527,Marlen Group,SNC,HOSPITALITY,PR20,1984-08-13,0
C:528,Meber Group,SRL,RETAIL,PR48,1984-08-16,0
C:529,Monfer Group,SPA,SOFTWARE,PR32,1984-08-19,0
C:530,Fercor SpA,SRL,RETAIL,PR28,1984-08-23,0
C:531,Nifer SpA,SRL,MANUFACTURING,PR00,1984-08-26,0
C:532,Nicor Srl,SPA,CONSTRUCTION,PR37,1984-08-29,0
C:533,Cepas Srl,SRL,CONSULTING,PR27,1984-09-01,0
C:534,Fervi SpA,SRL,LOGISTICS,PR52,1984-09-04,0
C:535,Renfo Group,SRL,CONSULTING,PR30,1984-09-08,0
C:536,Loren Srl,SRL,AGRICULTURE,PR43,1984-09-11,0
C:537,Vica SpA,SRL,SOFTWARE,PR18,1984-09-14,0
C:538,Gudi SpA,SRL,SOFTWARE,PR32,1984-09-17,0
C:539,Galgu SpA,SRL,MANUFACTURING,PR57,1984-09-20,0
C:540,Galzo SpA,SRL,HOSPITALITY,PR48,1984-09-24,0
C:541,Lenlen Srl,SPA,MANUFACTURING,PR03,1984-09-27,0
C:542,Ceber Group,SNC,CONSTRUCTION,PR01,1984-09-30,0
C:543,Rosce SpA,SPA,HOSPITALITY,PR06,1984-10-03,0
C:544,Lence Srl,SRL,HOLDING,PR28,1984-10-06,0
C:545,Corlo Group,SRL,AGRICULTURE,PR49,1984-10-10,0
C:546,Valfo Group,SRL,CONSTRUCTION,PR33,1984-10-13,0
C:547,Lame Srl,SRL,HOLDING,PR26,1984-10-16,0
C:548,Giomar Group,SRL,LOGISTICS,PR55,1984-10-19,0
C:549,Corcor Srl,SRL,CONSTRUCTION,PR34,1984-10-22,0
C:550,Lavi Group,SPA,LOGISTICS,PR46,1984-10-26,0
C:551,Valca Group,SPA,LOGISTICS,PR16,1984-10-29,0
C:552,Poce Group,SRL,CONSULTING,PR57,1984-11-01,0
C:553,Vila SpA,SRL,SOFTWARE,PR54,1984-11-04,0
C:554,Pasren SpA,SNC,CONSULTING,PR05,1984-11-07,0
C:555,Nimar SpA,SRL,LOGISTICS,PR06,1984-11-11,0
C:556,Pasmon Srl,SRL,MANUFACTURING,PR38,1984-11-14,0
C:557,Popas SpA,SRL,CONSULTING,PR03,1984-11-17,0
C:558,Valdan Group,SPA,REAL_ESTATE,PR13,1984-11-20,0
C:559,Berni SpA,SNC,LOGISTICS,PR45,1984-11-23,0
C:560,Loni SpA,SPA,AGRICULTURE,PR13,1984-11-27,0
C:561,Mela Group,SRL,MANUFACTURING,PR55,1984-11-30,0
C:562,Nigio Group,SRL,AGRICULTURE,PR20,1984-12-03,0
C:563,Valca SpA,SRL,CONSTRUCTION,PR22,1984-12-06,0
C:564,Tinfer SpA,SPA,MANUFACTURING,PR28,1984-12-09,0
C:565,Lenme Group,SPA,AGRICULTURE,PR54,1984-12-13,0
C:566,Lacor SpA,SRL,HOLDING,PR05,1984-12-16,0
C:567,Tedan Srl,SRL,RETAIL,PR13,1984-12-19,0
C:568,Ladan Group,SPA,CONSTRUCTION,PR41,1984-12-22,0
C:569,Danca Srl,SRL,RETAIL,PR41,1984-12-25,0
C:570,Gume SpA,SRL,LOGISTICS,PR14,1984-12-29,0
C:571,Fovi Group,SPA,RETAIL,PR40,1985-01-01,0
C:572,Lamon SpA,SRL,REAL_ESTATE,PR51,1985-01-04,0
C:573,Ceren SpA,SPA,RETAIL,PR00,1985-01-07,0
C:574,Mecor SpA,SPA,HOLDING,PR23,1985-01-10,0
C:575,Tingu Group,SNC,HOSPITALITY,PR30,1985-01-14,0
C:576,Fober Srl,SRL,SOFTWARE,PR35,1985-01-17,0
C:577,Vipas Srl,SPA,RETAIL,PR43,1985-01-20,0
C:578,Lapo Group,SRL,RETAIL,PR59,1985-01-23,0
C:579,Lencor Group,SRL,AGRICULTURE,PR20,1985-01-26,0
C:580,Saca Group,SPA,SOFTWARE,PR04,1985-01-30,0
C:581,Marpas Srl,SPA,CONSTRUCTION,PR29,1985-02-02,0
C:582,Nime Srl,SNC,RETAIL,PR24,1985-02-05,0
C:583,Locor Group,SPA,SOFTWARE,PR20,1985-02-08,0
C:584,Megio SpA,SRL,REAL_ESTATE,PR11,1985-02-11,0
C:585,Corlo SpA,SPA,HOSPITALITY,PR52,1985-02-15,0
C:586,Passa SpA,SRL,MANUFACTURING,PR30,1985-02-18,0
C:587,Valfo SpA,SPA,LOGISTICS,PR50,1985-02-21,0
C:588,Lente Group,SRL,LOGISTICS,PR48,1985-02-24,0
C:589,Cedan Srl,SRL,SOFTWARE,PR43,1985-02-27,0
C:590,Cemar Srl,SRL,CONSTRUCTION,PR37,1985-03-03,0
C:591,Monsa SpA,SRL,AGRICULTURE,PR09,1985-03-06,0
C:592,Pasren Group,SRL,AGRICULTURE,PR30,1985-03-09,0
C:593,Zotin SpA,SRL,CONSULTING,PR54,1985-03-12,0
C:594,Rufer Srl,SNC,HOLDING,PR53,1985-03-15,0
C:595,Salen Group,SRL,CONSTRUCTION,PR12,1985-03-19,0
C:596,Pasval Srl,SPA,SOFTWARE,PR10,1985-03-22,0
C:597,Laca Group,SRL,REAL_ESTATE,PR14,1985-03-25,0
C:598,Logio Srl,SPA,HOSPITALITY,PR43,1985-03-28,0
C:599,Zofer Group,SRL,HOSPITALITY,PR07,1985-03-31,0
C:600,Guber SpA,SRL,HOLDING,PR11,1985-04-04,0
C:601,Cepo Group,SPA,CONSTRUCTION,PR40,1985-04-07,0
C:602,Valber Group,SRL,MANUFACTURING,PR41,1985-04-10,0
C:603,Came SpA,SRL,MANUFACTURING,PR00,1985-04-13,0
C:604,Tegu Srl,SRL,SOFTWARE,PR54,1985-04-16,0
C:605,Rosval SpA,SRL,REAL_ESTATE,PR15,1985-04-20,0
C:606,Rosvi SpA,SRL,RETAIL,PR30,1985-04-23,0
C:607,Logio SpA,SRL,HOSPITALITY,PR13,1985-04-26,0
C:608,Rostin SpA,SRL,RETAIL,PR00,1985-04-29,0
C:609,Tevi Group,SRL,HOSPITALITY,PR54,1985-05-02,0
C:610,Ferla Group,SRL,MANUFACTURING,PR00,1985-05-06,0
C:611,Zoca SpA,SPA,HOLDING,PR50,1985-05-09,0
C:612,Ruros SpA,SRL,AGRICULTURE,PR19,1985-05-12,0
C:613,Valca Srl,SRL,REAL_ESTATE,PR56,1985-05-15,0
C:614,Fozo Group,SRL,HOSPITALITY,PR08,1985-05-18,0
C:615,Dandan Srl,SRL,HOSPITALITY,PR19,1985-05-22,0
C:616,Dilen SpA,SPA,MANUFACTURING,PR01,1985-05-25,0
C:617,Sate SpA,SRL,REAL_ESTATE,PR40,1985-05-28,0
C:618,Saba Group,SRL,RETAIL,PR46,1985-05-31,0
C:619,Pasdi Srl,SRL,REAL_ESTATE,PR20,1985-06-03,0
C:620,Cormar Srl,SRL,RETAIL,PR23,1985-06-07,0
C:621,Bercor Group,SPA,HOSPITALITY,PR57,1985-06-10,0
C:622,Gupas Srl,SRL,LOGISTICS,PR55,1985-06-13,0
C:623,Cate SpA,SRL,MANUFACTURING,PR31,1985-06-16,0
C:624,Megu SpA,SRL,AGRICULTURE,PR23,1985-06-19,0
C:625,Marpas Srl,SRL,HOLDING,PR04,1985-06-23,0
C:626,Monlo Srl,SPA,REAL_ESTATE,PR06,1985-06-26,0
C:627,Runi Group,SPA,RETAIL,PR42,1985-06-29,0
C:628,Bapas SpA,SRL,HOSPITALITY,PR03,1985-07-02,0
C:629,Nidan SpA,SRL,CONSULTING,PR48,1985-07-05,0
C:630,Pola Group,SPA,REAL_ESTATE,PR43,1985-07-09,0
C:631,Teni Group,SRL,CONSTRUCTION,PR39,1985-07-12,0
C:632,Berros Srl,SNC,CONSULTING,PR27,1985-07-15,0
C:633,Zogu SpA,SRL,LOGISTICS,PR49,1985-07-18,0
C:634,Giosa Srl,SPA,SOFTWARE,PR31,1985-07-21,0
C:635,Diba Group,SPA,REAL_ESTATE,PR25,1985-07-25,0
C:636,Marte Group,SRL,AGRICULTURE,PR11,1985-07-28,0
C:637,Guca Srl,SNC,SOFTWARE,PR11,1985-07-31,0
C:638,Renpas Group,SPA,AGRICULTURE,PR19,1985-08-03,0
C:639,Fogal Group,SRL,CONSTRUCTION,PR15,1985-08-06,0
C:640,Pascor Banca,SPA,BANKING,PR53,1985-08-10,1
C:641,Tecor Srl,SPA,MANUFACTURING,PR53,1985-08-13,0
C:642,Dimon Group,SRL,CONSTRUCTION,PR58,1985-08-16,0
C:643,Paspo SpA,SPA,AGRICULTURE,PR45,1985-08-19,0
C:644,Galber Group,SPA,HOSPITALITY,PR09,1985-08-22,0
C:645,Teval SpA,SRL,HOLDING,PR34,1985-08-26,0
C:646,Vifo SpA,SPA,HOLDING,PR32,1985-08-29,0
C:647,Tinzo SpA,SRL,AGRICULTURE,PR11,1985-09-01,0
C:648,Cagio Group,SRL,HOLDING,PR17,1985-09-04,0
C:649,Foren SpA,SNC,AGRICULTURE,PR29,1985-09-07,0
C:650,Lendan SpA,SRL,HOLDING,PR33,1985-09-11,0
C:651,Sace Srl,SNC,HOLDING,PR22,1985-09-14,0
C:652,Giomon SpA,SRL,MANUFACTURING,PR38,1985-09-17,0
C:653,Lenmar Srl,SRL,AGRICULTURE,PR08,1985-09-20,0
C:654,Monros Group,SNC,HOSPITALITY,PR50,1985-09-23,0
C:655,Lomon SpA,SPA,CONSTRUCTION,PR59,1985-09-27,0
C:656,Vimar SpA,SRL,SOFTWARE,PR36,1985-09-30,0
C:657,Galdi Group,SRL,MANUFACTURING,PR27,1985-10-03,0
C:658,Marru Srl,SRL,CONSTRUCTION,PR04,1985-10-06,0
C:659,Fergu Group,SPA,AGRICULTURE,PR10,1985-10-09,0
C:660,Lenzo Srl,SRL,CONSTRUCTION,PR45,1985-10-13,0
C:661,Memar Group,SRL,CONSTRUCTION,PR37,1985-10-16,0
C:662,Nifo SpA,SRL,CONSULTING,PR49,1985-10-19,0
C:663,Gioval SpA,SRL,RETAIL,PR18,1985-10-22,0
C:664,Camar SpA,SRL,LOGISTICS,PR55,1985-10-25,0
C:665,Laros SpA,SRL,LOGISTICS,PR36,1985-10-29,0
C:666,Rula Group,SPA,CONSTRUCTION,PR39,1985-11-01,0
C:667,Poros SpA,SRL,CONSTRUCTION,PR11,1985-11-04,0
C:668,Ferlo Srl,SPA,HOSPITALITY,PR41,1985-11-07,0
C:669,Dila SpA,SRL,CONSULTING,PR12,1985-11-10,0
C:670,Galgu Srl,SRL,HOSPITALITY,PR30,1985-11-14,0
C:671,Danlen Srl,SNC,LOGISTICS,PR44,1985-11-17,0
C:672,Teme Group,SNC,LOGISTICS,PR35,1985-11-20,0
C:673,Meme SpA,SRL,AGRICULTURE,PR04,1985-11-23,0
C:674,Polo SpA,SPA,CONSULTING,PR55,1985-11-26,0
C:675,Pogio Srl,SPA,LOGISTICS,PR49,1985-11-30,0
C:676,Corsa SpA,SRL,CONSULTING,PR19,1985-12-03,0
C:677,Monla Srl,SNC,MANUFACTURING,PR23,1985-12-06,0
C:678,Bafer SpA,SRL,HOLDING,PR03,1985-12-09,0
C:679,Rulen Srl,SPA,HOLDING,PR19,1985-12-12,0
C:680,Valros Group,SNC,LOGISTICS,PR45,1985-12-16,0
C:681,Loval Srl,SNC,HOLDING,PR07,1985-12-19,0
C:682,Pocor Srl,SPA,REAL_ESTATE,PR58,1985-12-22,0
C:683,Tinni Group,SPA,SOFTWARE,PR27,1985-12-25,0
C:684,Difo Group,SPA,HOSPITALITY,PR28,1985-12-28,0
C:685,Loru SpA,SPA,MANUFACTURING,PR08,1986-01-01,0
C:686,Lozo SpA,SRL,LOGISTICS,PR59,1986-01-04,0
C:687,Galpas Group,SRL,HOLDING,PR32,1986-01-07,0
C:688,Mece Group,SRL,CONSTRUCTION,PR29,1986-01-10,0
C:689,Pozo Srl,SRL,REAL_ESTATE,PR10,1986-01-13,0
C:690,Meme SpA,SPA,MANUFACTURING,PR15,1986-01-17,0
C:691,Megio Srl,SRL,HOLDING,PR55,1986-01-20,0
C:692,Sacor Group,SRL,MANUFACTURING,PR05,1986-01-23,0
C:693,Camar SpA,SRL,LOGISTICS,PR51,1986-01-26,0
C:694,Pasla SpA,SRL,HOLDING,PR11,1986-01-29,0
C:695,Dilo Srl,SRL,SOFTWARE,PR15,1986-02-02,0
C:696,Galfo Group,SRL,HOSPITALITY,PR15,1986-02-05,0
C:697,Lasa SpA,SPA,CONSULTING,PR54,1986-02-08,0
C:698,Paslen Srl,SNC,REAL_ESTATE,PR03,1986-02-11,0
C:699,Corca SpA,SRL,CONSTRUCTION,PR51,1986-02-14,0
C:700,Rosdi Srl,SRL,MANUFACTURING,PR11,1986-02-18,0
C:701,Zolo SpA,SRL,MANUFACTURING,PR42,1986-02-21,0
C:702,Ruval Group,SRL,SOFTWARE,PR37,1986-02-24,0
C:703,Tincor Srl,SPA,CONSULTING,PR10,1986-02-27,0
C:704,Ferros Group,SPA,HOLDING,PR34,1986-03-02,0
C:705,Danba SpA,SRL,RETAIL,PR42,1986-03-06,0
C:706,Corte Srl,SNC,MANUFACTURING,PR31,1986-03-09,0
C:707,Danlen Srl,SRL,RETAIL,PR04,1986-03-12,0
C:708,Tinme SpA,SRL,MANUFACTURING,PR29,1986-03-15,0
C:709,Renmon Srl,SPA,RETAIL,PR27,1986-03-18,0
C:710,Caren SpA,SRL,SOFTWARE,PR48,1986-03-22,0
C:711,Bapas Group,SNC,AGRICULTURE,PR51,1986-03-25,0
C:712,Pasber Group,SPA,MANUFACTURING,PR38,1986-03-28,0
C:713,Nite Srl,SRL,CONSTRUCTION,PR43,1986-03-31,0
C:714,Gute Srl,SRL,MANUFACTURING,PR34,1986-04-03,0
C:715,Loros Srl,SRL,RETAIL,PR02,1986-04-07,0
C:716,Roste SpA,SRL,REAL_ESTATE,PR24,1986-04-10,0
C:717,Lala Group,SRL,LOGISTICS,PR04,1986-04-13,0
C:718,Danmar SpA,SRL,AGRICULTURE,PR16,1986-04-16,0
C:719,Fome Srl,SRL,REAL_ESTATE,PR47,1986-04-19,0
C:720,Nidan Srl,SNC,REAL_ESTATE,PR21,1986-04-23,0
C:721,Niber SpA,SPA,LOGISTICS,PR50,1986-04-26,0
C:722,Corfer SpA,SRL,LOGISTICS,PR14,1986-04-29,0
C:723,Valber Group,SPA,AGRICULTURE,PR24,1986-05-02,0
C:724,Giopas Group,SRL,HOSPITALITY,PR51,1986-05-05,0
C:725,Marme SpA,SNC,CONSTRUCTION,PR28,1986-05-09,0
C:726,Dilen Group,SNC,REAL_ESTATE,PR16,1986-05-12,0
C:727,Fofer SpA,SRL,REAL_ESTATE,PR29,1986-05-15,0
C:728,Cegu SpA,SPA,RETAIL,PR07,1986-05-18,0
C:729,Rendi Srl,SPA,REAL_ESTATE,PR31,1986-05-21,0
C:730,Badi Group,SPA,REAL_ESTATE,PR40,1986-05-25,0
C:731,Cegio Group,SRL,REAL_ESTATE,PR59,1986-05-28,0
C:732,Rosvi SpA,SRL,HOSPITALITY,PR23,1986-05-31,0
C:733,Cacor Group,SPA,REAL_ESTATE,PR41,1986-06-03,0
C:734,Lotin Srl,SRL,SOFTWARE,PR33,1986-06-06,0
C:735,Balo Group,SRL,LOGISTICS,PR44,1986-06-10,0
C:736,Fogio Group,SRL,REAL_ESTATE,PR05,1986-06-13,0
C:737,Dimar Group,SPA,AGRICULTURE,PR35,1986-06-16,0
C:738,Sagal SpA,SPA,CONSULTING,PR56,1986-06-19,0
C:739,Galcor Srl,SRL,HOLDING,PR13,1986-06-22,0
C:740,Renca SpA,SNC,CONSULTING,PR45,1986-06-26,0
C:741,Ferru Srl,SNC,RETAIL,PR10,1986-06-29,0
C:742,Mepas SpA,SPA,SOFTWARE,PR32,1986-07-02,0
C:743,Ferzo Group,SRL,CONSTRUCTION,PR46,1986-07-05,0
C:744,Rente Srl,SPA,LOGISTICS,PR40,1986-07-08,0
C:745,Meba Group,SPA,HOSPITALITY,PR23,1986-07-12,0
C:746,Fofer Group,SPA,CONSTRUCTION,PR02,1986-07-15,0
C:747,Zoren Srl,SRL,HOSPITALITY,PR32,1986-07-18,0
C:748,Podi Srl,SPA,LOGISTICS,PR06,1986-07-21,0
C:749,Berval Group,SPA,HOLDING,PR59,1986-07-24,0
C:750,Cetin Group,SRL,SOFTWARE,PR04,1986-07-28,0
C:751,Tinber Srl,SPA,HOSPITALITY,PR09,1986-07-31,0
C:752,Visa Srl,SRL,CONSTRUCTION,PR07,1986-08-03,0
C:753,Dandi Group,SPA,SOFTWARE,PR34,1986-08-06,0
C:754,Rente Srl,SRL,SOFTWARE,PR38,1986-08-09,0
C:755,Cedan Group,SRL,LOGISTICS,PR27,1986-08-13,0
C:756,Lenmon Group,SPA,REAL_ESTATE,PR22,1986-08-16,0
C:757,Mesa SpA,SPA,REAL_ESTATE,PR08,1986-08-19,0
C:758,Zomon SpA,SRL,CONSULTING,PR42,1986-08-22,0
C:759,Gioni Srl,SPA,CONSULTING,PR20,1986-08-25,0
C:760,Bergu Group,SPA,HOLDING,PR31,1986-08-29,0
C:761,Nivi Srl,SRL,HOSPITALITY,PR36,1986-09-01,0
C:762,Renpo SpA,SRL,HOLDING,PR41,1986-09-04,0
C:763,Samar Srl,SRL,CONSULTING,PR05,1986-09-07,0
C:764,Laren Group,SRL,HOSPITALITY,PR38,1986-09-10,0
C:765,Memon SpA,SPA,HOSPITALITY,PR58,1986-09-14,0
C:766,Guvi SpA,SPA,MANUFACTURING,PR50,1986-09-17,0
C:767,Paslo Srl,SRL,MANUFACTURING,PR08,1986-09-20,0
C:768,Lenval Srl,SRL,RETAIL,PR16,1986-09-23,0
C:769,Tinlo Srl,SPA,CONSTRUCTION,PR57,1986-09-26,0
C:770,Berber SpA,SRL,CONSULTING,PR44,1986-09-30,0
C:771,Cetin Srl,SPA,HOSPITALITY,PR42,1986-10-03,0
C:772,Bagal SpA,SRL,HOLDING,PR29,1986-10-06,0
C:773,Lenmon Srl,SPA,REAL_ESTATE,PR08,1986-10-09,0
C:774,Lafo SpA,SRL,AGRICULTURE,PR29,1986-10-12,0
C:775,Foru Srl,SNC,REAL_ESTATE,PR45,1986-10-16,0
C:776,Lenba Srl,SRL,RETAIL,PR59,1986-10-19,0
C:777,Dilo Srl,SRL,AGRICULTURE,PR26,1986-10-22,0
C:778,Logio Group,SPA,RETAIL,PR24,1986-10-25,0
C:779,Sacor SpA,SPA,AGRICULTURE,PR42,1986-10-28,0
C:780,Tinfo Srl,SRL,HOSPITALITY,PR15,1986-11-01,0
C:781,Ferlen Group,SPA,LOGISTICS,PR01,1986-11-04,0
C:782,Zodi Group,SPA,CONSULTING,PR54,1986-11-07,0
C:783,Roste SpA,SNC,CONSULTING,PR01,1986-11-10,0
C:784,Saru Srl,SRL,REAL_ESTATE,PR34,1986-11-13,0
C:785,Viber SpA,SRL,SOFTWARE,PR45,1986-11-17,0
C:786,Rosmon Group,SPA,RETAIL,PR34,1986-11-20,0
C:787,Lenfer SpA,SRL,SOFTWARE,PR59,1986-11-23,0
C:788,Giodi SpA,SPA,LOGISTICS,PR05,1986-11-26,0
C:789,Telen Group,SRL,REAL_ESTATE,PR22,1986-11-29,0
C:790,Viros SpA,SPA,HOSPITALITY,PR30,1986-12-03,0
C:791,Valgal Group,SPA,RETAIL,PR22,1986-12-06,0
C:792,Tegio SpA,SNC,SOFTWARE,PR58,1986-12-09,0
C:793,Lote Srl,SPA,CONSTRUCTION,PR22,1986-12-12,0
C:794,Dandan SpA,SPA,AGRICULTURE,PR49,1986-12-15,0
C:795,Rusa Group,SPA,CONSULTING,PR24,1986-12-19,0
C:796,Popo Group,SNC,HOLDING,PR14,1986-12-22,0
C:797,Tintin Srl,SRL,RETAIL,PR36,1986-12-25,0
C:798,Tece SpA,SRL,CONSTRUCTION,PR34,1986-12-28,0
C:799,Monlen Srl,SRL,RETAIL,PR12,1986-12-31,0
C:800,Catin SpA,SPA,CONSTRUCTION,PR32,1987-01-04,0
C:801,Renmar Group,SNC,RETAIL,PR41,1987-01-07,0
C:802,Monpas Srl,SRL,LOGISTICS,PR50,1987-01-10,0
C:803,Ferme Srl,SRL,CONSTRUCTION,PR58,1987-01-13,0
C:804,Lodi Group,SPA,LOGISTICS,PR57,1987-01-16,0
C:805,Danlen Srl,SRL,LOGISTICS,PR29,1987-01-20,0
C:806,Rence SpA,SPA,LOGISTICS,PR58,1987-01-23,0
C:807,Rosgal Srl,SNC,REAL_ESTATE,PR01,1987-01-26,0
C:808,Vitin Group,SRL,MANUFACTURING,PR03,1987-01-29,0
C:809,Lenber SpA,SPA,HOLDING,PR22,1987-02-01,0
C:810,Tinval SpA,SPA,CONSTRUCTION,PR52,1987-02-05,0
C:811,Saval Group,SPA,CONSULTING,PR32,1987-02-08,0
C:812,Rospo SpA,SPA,LOGISTICS,PR49,1987-02-11,0
C:813,Dini SpA,SNC,HOLDING,PR51,1987-02-14,0
C:814,Lenla Group,SPA,REAL_ESTATE,PR19,1987-02-17,0
C:815,Monte SpA,SRL,MANUFACTURING,PR44,1987-02-21,0
C:816,Vica SpA,SPA,HOLDING,PR16,1987-02-24,0
C:817,Vimar Banca,SPA,BANKING,PR47,1987-02-27,1
C:818,Nini Srl,SPA,RETAIL,PR29,1987-03-02,0
C:819,Rosce Group,SPA,RETAIL,PR51,1987-03-05,0
C:820,Temar Group,SRL,HOSPITALITY,PR18,1987-03-09,0
C:821,Tedi Group,SRL,CONSTRUCTION,PR03,1987-03-12,0
C:822,Vite SpA,SNC,HOSPITALITY,PR33,1987-03-15,0
C:823,Ferpo Banca,SPA,BANKING,PR14,1987-03-18,1
C:824,Pasba Group,SRL,HOSPITALITY,PR52,1987-03-21,0
C:825,Galce Group,SRL,AGRICULTURE,PR46,1987-03-25,0
C:826,Fergal Group,SRL,REAL_ESTATE,PR49,1987-03-28,0
C:827,Corfer Group,SRL,HOLDING,PR20,1987-03-31,0
C:828,Guce Group,SRL,CONSULTING,PR44,1987-04-03,0
C:829,Lenru SpA,SNC,RETAIL,PR46,1987-04-06,0
C:830,Cazo Group,SRL,CONSULTING,PR55,1987-04-10,0
C:831,Bala Group,SPA,HOLDING,PR39,1987-04-13,0
C:832,Sani SpA,SRL,SOFTWARE,PR25,1987-04-16,0
C:833,Dangal Group,SRL,REAL_ESTATE,PR29,1987-04-19,0
C:834,Logio SpA,SRL,REAL_ESTATE,PR24,1987-04-22,0
C:835,Paslo Group,SRL,REAL_ESTATE,PR41,1987-04-26,0
C:836,Rosba Srl,SRL,SOFTWARE,PR37,1987-04-29,0
C:837,Monmon Group,SPA,REAL_ESTATE,PR24,1987-05-02,0
C:838,Baber Srl,SRL,CONSTRUCTION,PR36,1987-05-05,0
C:839,Saca Banca,SPA,BANKING,PR28,1987-05-08,1
C:840,Dangio Group,SPA,REAL_ESTATE,PR31,1987-05-12,0
C:841,Balo Srl,SPA,CONSTRUCTION,PR51,1987-05-15,0
C:842,Bagu Group,SPA,CONSTRUCTION,PR27,1987-05-18,0
C:843,Meme SpA,SPA,RETAIL,PR17,1987-05-21,0
C:844,Fome Group,SRL,CONSULTING,PR55,1987-05-24,0
C:845,Gutin Group,SRL,CONSULTING,PR05,1987-05-28,0
C:846,Teca Group,SRL,AGRICULTURE,PR19,1987-05-31,0
C:847,Danlen Group,SRL,LOGISTICS,PR07,1987-06-03,0
C:848,Bersa SpA,SRL,LOGISTICS,PR32,1987-06-06,0
C:849,Berros Group,SPA,RETAIL,PR36,1987-06-09,0
C:850,Gioval Srl,SPA,HOLDING,PR00,1987-06-13,0
C:851,Bafer Group,SRL,LOGISTICS,PR18,1987-06-16,0
C:852,Teca Srl,SRL,CONSTRUCTION,PR33,1987-06-19,0
C:853,Zogal SpA,SRL,HOLDING,PR36,1987-06-22,0
C:854,Pasvi SpA,SNC,MANUFACTURING,PR53,1987-06-25,0
C:855,Mefer SpA,SPA,HOSPITALITY,PR58,1987-06-29,0
C:856,Celo SpA,SRL,SOFTWARE,PR59,1987-07-02,0
C:857,Galru Group,SRL,AGRICULTURE,PR29,1987-07-05,0
C:858,Lome Group,SPA,MANUFACTURING,PR24,1987-07-08,0
C:859,Pogu SpA,SRL,CONSTRUCTION,PR41,1987-07-11,0
C:860,Visa Srl,SPA,CONSTRUCTION,PR54,1987-07-15,0
C:861,Ruber Srl,SNC,AGRICULTURE,PR56,1987-07-18,0
C:862,Teca SpA,SRL,HOSPITALITY,PR01,1987-07-21,0
C:863,Badan SpA,SRL,REAL_ESTATE,PR04,1987-07-24,0
C:864,Vidi Group,SRL,LOGISTICS,PR48,1987-07-27,0
C:865,Lenvi SpA,SRL,RETAIL,PR46,1987-07-31,0
C:866,Berber Srl,SRL,SOFTWARE,PR15,1987-08-03,0
C:867,Valros SpA,SRL,CONSTRUCTION,PR35,1987-08-06,0
C:868,Tete Group,SPA,REAL_ESTATE,PR37,1987-08-09,0
C:869,Bergio Group,SPA,SOFTWARE,PR59,1987-08-12,0
C:870,Tinber SpA,SRL,AGRICULTURE,PR39,1987-08-16,0
C:871,Zoros Srl,SRL,REAL_ESTATE,PR12,1987-08-19,0
C:872,Loros SpA,SRL,SOFTWARE,PR02,1987-08-22,0
C:873,Guba Srl,SPA,AGRICULTURE,PR50,1987-08-25,0
C:874,Rosfo Group,SPA,AGRICULTURE,PR49,1987-08-28,0
C:875,Giomar Group,SRL,RETAIL,PR07,1987-09-01,0
C:876,Ferru SpA,SRL,LOGISTICS,PR34,1987-09-04,0
C:877,Zozo SpA,SRL,MANUFACTURING,PR55,1987-09-07,0
C:878,Corpo Group,SPA,HOSPITALITY,PR37,1987-09-10,0
C:879,Zoni Group,SNC,CONSTRUCTION,PR58,1987-09-13,0
C:880,Paslen SpA,SRL,CONSULTING,PR41,1987-09-17,0
C:881,Rosmon Group,SRL,MANUFACTURING,PR31,1987-09-20,0
C:882,Baber Group,SPA,REAL_ESTATE,PR14,1987-09-23,0
C:883,Valren Group,SRL,RETAIL,PR00,1987-09-26,0
C:884,Polo Group,SRL,MANUFACTURING,PR13,1987-09-29,0
C:885,Memar Group,SRL,CONSTRUCTION,PR40,1987-10-03,0
C:886,Lenval Group,SRL,HOSPITALITY,PR06,1987-10-06,0
C:887,Pasni Group,SRL,MANUFACTURING,PR10,1987-10-09,0
C:888,Tece Group,SRL,CONSULTING,PR49,1987-10-12,0
C:889,Danpas Srl,SRL,CONSULTING,PR35,1987-10-15,0
C:890,Bame SpA,SRL,RETAIL,PR19,1987-10-19,0
C:891,Gioru Group,SRL,HOLDING,PR31,1987-10-22,0
C:892,Lendan SpA,SRL,CONSTRUCTION,PR45,1987-10-25,0
C:893,Bagio SpA,SRL,HOSPITALITY,PR43,1987-10-28,0
C:894,Bamar SpA,SRL,HOLDING,PR19,1987-10-31,0
C:895,Bagu Srl,SRL,AGRICULTURE,PR21,1987-11-04,0
C:896,Loce Group,SPA,REAL_ESTATE,PR39,1987-11-07,0
C:897,Danca Srl,SRL,CONSTRUCTION,PR33,1987-11-10,0
C:898,Rula Srl,SRL,HOLDING,PR20,1987-11-13,0
C:899,Berca SpA,SRL,CONSTRUCTION,PR17,1987-11-16,0
C:900,Nini Group,SPA,MANUFACTURING,PR07,1987-11-20,0
C:901,Posa Srl,SRL,AGRICULTURE,PR35,1987-11-23,0
C:902,Pasval Group,SRL,CONSTRUCTION,PR10,1987-11-26,0
C:903,Roste Srl,SRL,CONSTRUCTION,PR22,1987-11-29,0
C:904,Monren Srl,SPA,MANUFACTURING,PR34,1987-12-02,0
C:905,Cete Group,SRL,RETAIL,PR11,1987-12-06,0
C:906,Fopo SpA,SRL,CONSULTING,PR14,1987-12-09,0
C:907,Sadi SpA,SPA,CONSULTING,PR05,1987-12-12,0
C:908,Tingio Srl,SPA,SOFTWARE,PR34,1987-12-15,0
C:909,Roslo SpA,SRL,AGRICULTURE,PR56,1987-12-18,0
C:910,Valcor SpA,SPA,REAL_ESTATE,PR03,1987-12-22,0
C:911,Pasmar Group,SNC,AGRICULTURE,PR49,1987-12-25,0
C:912,Podi SpA,SRL,CONSTRUCTION,PR03,1987-12-28,0
C:913,Fomon Srl,SNC,HOLDING,PR26,1987-12-31,0
C:914,Ferzo Srl,SNC,LOGISTICS,PR57,1988-01-03,0
C:915,Poren Group,SRL,LOGISTICS,PR57,1988-01-07,0
C:916,Lopas SpA,SRL,REAL_ESTATE,PR48,1988-01-10,0
C:917,Logal Group,SRL,HOLDING,PR54,1988-01-13,0
C:918,Danni Srl,SPA,CONSULTING,PR41,1988-01-16,0
C:919,Zote Srl,SPA,MANUFACTURING,PR49,1988-01-19,0
C:920,Sani SpA,SPA,LOGISTICS,PR14,1988-01-23,0
C:921,Galfer Srl,SRL,HOSPITALITY,PR17,1988-01-26,0
C:922,Lalen SpA,SRL,CONSULTING,PR10,1988-01-29,0
C:923,Vidi SpA,SRL,RETAIL,PR33,1988-02-01,0
C:924,Renla SpA,SNC,CONSULTING,PR00,1988-02-04,0
C:925,Lagio Group,SRL,SOFTWARE,PR01,1988-02-08,0
C:926,Diber Srl,SRL,HOLDING,PR34,1988-02-11,0
C:927,Cavi Group,SPA,MANUFACTURING,PR30,1988-02-14,0
C:928,Zocor SpA,SRL,REAL_ESTATE,PR49,1988-02-17,0
C:929,Fervi Srl,SRL,REAL_ESTATE,PR47,1988-02-20,0
C:930,Poba Srl,SRL,REAL_ESTATE,PR01,1988-02-24,0
C:931,Vigal Group,SRL,REAL_ESTATE,PR11,1988-02-27,0
C:932,Cepo Srl,SRL,HOLDING,PR56,1988-03-01,0
C:933,Tinros Banca,SPA,BANKING,PR19,1988-03-04,1
C:934,Marsa Srl,SRL,CONSULTING,PR05,1988-03-07,0
C:935,Marme Group,SNC,CONSULTING,PR25,1988-03-11,0
C:936,Laru Group,SRL,LOGISTICS,PR50,1988-03-14,0
C:937,Giodan SpA,SRL,REAL_ESTATE,PR10,1988-03-17,0
C:938,Cedi SpA,SRL,MANUFACTURING,PR58,1988-03-20,0
C:939,Baru Banca,SPA,BANKING,PR34,1988-03-23,1
C:940,Bapas Group,SPA,MANUFACTURING,PR24,1988-03-27,0
C:941,Danca Srl,SRL,MANUFACTURING,PR19,1988-03-30,0
C:942,Valvi Group,SRL,HOLDING,PR32,1988-04-02,0
C:943,Ferros Srl,SPA,LOGISTICS,PR21,1988-04-05,0
C:944,Guros Group,SRL,CONSULTING,PR39,1988-04-08,0
C:945,Gumar Group,SPA,MANUFACTURING,PR00,1988-04-12,0
C:946,Nivi Group,SPA,MANUFACTURING,PR06,1988-04-15,0
C:947,Ruce Group,SRL,SOFTWARE,PR37,1988-04-18,0
C:948,Zomon Srl,SRL,RETAIL,PR22,1988-04-21,0
C:949,Ladan Group,SRL,SOFTWARE,PR49,1988-04-24,0
C:950,Baren Srl,SNC,HOLDING,PR55,1988-04-28,0
C:951,Lenmar Group,SRL,REAL_ESTATE,PR46,1988-05-01,0
C:952,Tinfo Group,SRL,CONSTRUCTION,PR25,1988-05-04,0
C:953,Sadan Srl,SPA,RETAIL,PR26,1988-05-07,0
C:954,Corval SpA,SRL,RETAIL,PR37,1988-05-10,0
C:955,Foval Group,SNC,HOLDING,PR52,1988-05-14,0
C:956,Lace Srl,SRL,MANUFACTURING,PR56,1988-05-17,0
C:957,Ferzo Group,SPA,RETAIL,PR51,1988-05-20,0
C:958,Monzo Banca,SPA,BANKING,PR27,1988-05-23,1
C:959,Saren SpA,SRL,RETAIL,PR26,1988-05-26,0
C:960,Marru SpA,SRL,RETAIL,PR35,1988-05-30,0
C:961,Lagal Group,SPA,REAL_ESTATE,PR27,1988-06-02,0
C:962,Gugio SpA,SRL,CONSULTING,PR47,1988-06-05,0
C:963,Cela SpA,SRL,CONSTRUCTION,PR17,1988-06-08,0
C:964,Diber Srl,SPA,LOGISTICS,PR04,1988-06-11,0
C:965,Saros Group,SRL,RETAIL,PR21,1988-06-15,0
C:966,Rudi Group,SRL,AGRICULTURE,PR57,1988-06-18,0
C:967,Tinca SpA,SNC,RETAIL,PR34,1988-06-21,0
C:968,Marni SpA,SPA,RETAIL,PR22,1988-06-24,0
C:969,Marce SpA,SPA,AGRICULTURE,PR31,1988-06-27,0
C:970,Pasmar Srl,SRL,MANUFACTURING,PR57,1988-07-01,0
C:971,Rosgu SpA,SRL,LOGISTICS,PR17,1988-07-04,0
C:972,Lenvi Srl,SRL,MANUFACTURING,PR01,1988-07-07,0
C:973,Podan SpA,SPA,AGRICULTURE,PR12,1988-07-10,0
C:974,Marla SpA,SRL,LOGISTICS,PR19,1988-07-13,0
C:975,Mardan SpA,SNC,HOSPITALITY,PR20,1988-07-17,0
C:976,Bagal Srl,SNC,HOLDING,PR11,1988-07-20,0
C:977,Loba SpA,SPA,SOFTWARE,PR04,1988-07-23,0
C:978,Pasfer Srl,SPA,RETAIL,PR01,1988-07-26,0
C:979,Corme Group,SRL,HOSPITALITY,PR07,1988-07-29,0
C:980,Giodi Group,SRL,RETAIL,PR08,1988-08-02,0
C:981,Lentin Group,SRL,AGRICULTURE,PR02,1988-08-05,0
C:982,Giozo Group,SRL,HOSPITALITY,PR53,1988-08-08,0
C:983,Lenmar SpA,SRL,CONSTRUCTION,PR28,1988-08-11,0
C:984,Lente Srl,SRL,MANUFACTURING,PR09,1988-08-14,0
C:985,Didi Group,SPA,CONSULTING,PR35,1988-08-18,0
C:986,Pocor Group,SRL,SOFTWARE,PR05,1988-08-21,0
C:987,Meren Srl,SRL,MANUFACTURING,PR59,1988-08-24,0
C:988,Poca SpA,SPA,MANUFACTURING,PR18,1988-08-27,0
C:989,Zoni Srl,SRL,LOGISTICS,PR43,1988-08-30,0
C:990,Galsa Group,SPA,CONSTRUCTION,PR42,1988-09-03,0
C:991,Viba SpA,SRL,HOLDING,PR31,1988-09-06,0
C:992,Corros SpA,SPA,CONSULTING,PR50,1988-09-09,0
C:993,Vipo Srl,SRL,CONSTRUCTION,PR35,1988-09-12,0
C:994,Marlo Group,SPA,LOGISTICS,PR08,1988-09-15,0
C:995,Fercor Group,SRL,REAL_ESTATE,PR40,1988-09-19,0
C:996,Margu Group,SRL,RETAIL,PR29,1988-09-22,0
C:997,Roste Group,SRL,CONSTRUCTION,PR52,1988-09-25,0
C:998,Rudan Group,SRL,REAL_ESTATE,PR17,1988-09-28,0
C:999,Vimar Srl,SRL,RETAIL,PR44,1988-10-01,0
C:1000,Bagal Srl,SRL,SOFTWARE,PR35,1988-10-05,0
C:1001,Sace Banca,SPA,BANKING,PR03,1988-10-08,1
C:1002,Gudan Group,SRL,HOSPITALITY,PR24,1988-10-11,0
C:1003,Meval Srl,SRL,SOFTWARE,PR53,1988-10-14,0
C:1004,Tinfo Group,SRL,HOSPITALITY,PR18,1988-10-17,0
C:1005,Satin Srl,SPA,AGRICULTURE,PR49,1988-10-21,0
C:1006,Giogio Srl,SPA,SOFTWARE,PR31,1988-10-24,0
C:1007,Monte Group,SRL,SOFTWARE,PR18,1988-10-27,0
C:1008,Mece Srl,SNC,CONSTRUCTION,PR26,1988-10-30,0
C:1009,Guvi Group,SRL,MANUFACTURING,PR59,1988-11-02,0
C:1010,Galca Group,SRL,CONSULTING,PR28,1988-11-06,0
C:1011,Mevi Srl,SRL,AGRICULTURE,PR46,1988-11-09,0
C:1012,Polo Group,SPA,MANUFACTURING,PR04,1988-11-12,0
C:1013,Foval Group,SPA,HOLDING,PR22,1988-11-15,0
C:1014,Cala Srl,SRL,HOSPITALITY,PR39,1988-11-18,0
C:1015,Gugu Group,SRL,AGRICULTURE,PR53,1988-11-22,0
C:1016,Marmar Group,SRL,REAL_ESTATE,PR39,1988-11-25,0
C:1017,Marte SpA,SPA,REAL_ESTATE,PR22,1988-11-28,0
C:1018,Dicor Srl,SRL,LOGISTICS,PR45,1988-12-01,0
C:1019,Cormar Srl,SRL,MANUFACTURING,PR57,1988-12-04,0
C:1020,Mefer SpA,SPA,CONSTRUCTION,PR35,1988-12-08,0
C:1021,Baca Srl,SRL,REAL_ESTATE,PR27,1988-12-11,0
C:1022,Foros SpA,SRL,CONSULTING,PR43,1988-12-14,0
C:1023,Monba Banca,SPA,BANKING,PR05,1988-12-17,1
C:1024,Ferpas Srl,SRL,SOFTWARE,PR32,1988-12-20,0
C:1025,Galfer Group,SRL,CONSULTING,PR46,1988-12-24,0
C:1026,Nila Srl,SRL,RETAIL,PR54,1988-12-27,0
C:1027,Fermar Srl,SPA,AGRICULTURE,PR46,1988-12-30,0
C:1028,Rosru Srl,SPA,RETAIL,PR10,1989-01-02,0
C:1029,Megio SpA,SNC,REAL_ESTATE,PR04,1989-01-05,0
C:1030,Roslen Srl,SRL,HOSPITALITY,PR48,1989-01-09,0
C:1031,Rensa Srl,SPA,AGRICULTURE,PR06,1989-01-12,0
C:1032,Fofo SpA,SRL,LOGISTICS,PR40,1989-01-15,0
C:1033,Monzo Srl,SRL,CONSULTING,PR52,1989-01-18,0
C:1034,Tince Srl,SNC,REAL_ESTATE,PR25,1989-01-21,0
C:1035,Pofo SpA,SPA,SOFTWARE,PR44,1989-01-25,0
C:1036,Lala SpA,SRL,LOGISTICS,PR04,1989-01-28,0
C:1037,Ruval Banca,SPA,BANKING,PR42,1989-01-31,1
C:1038,Renfer Group,SRL,CONSULTING,PR46,1989-02-03,0
C:1039,Valber Group,SPA,CONSULTING,PR49,1989-02-06,0
C:1040,Gallen SpA,SRL,AGRICULTURE,PR05,1989-02-10,0
C:1041,Monba SpA,SRL,SOFTWARE,PR18,1989-02-13,0
C:1042,Samar Group,SRL,LOGISTICS,PR31,1989-02-16,0
C:1043,Paslen Srl,SRL,MANUFACTURING,PR34,1989-02-19,0
C:1044,Ruba Group,SRL,HOSPITALITY,PR06,1989-02-22,0
C:1045,Poca Srl,SRL,LOGISTICS,PR24,1989-02-26,0
C:1046,Lenni Srl,SRL,HOSPITALITY,PR25,1989-03-01,0
C:1047,Cate Srl,SRL,CONSTRUCTION,PR59,1989-03-04,0
C:1048,Gumar Srl,SRL,SOFTWARE,PR29,1989-03-07,0
C:1049,Vica Group,SRL,HOLDING,PR57,1989-03-10,0
C:1050,Gioval Srl,SPA,SOFTWARE,PR49,1989-03-14,0
C:1051,Poba Group,SPA,RETAIL,PR34,1989-03-17,0
C:1052,Renren Srl,SNC,LOGISTICS,PR10,1989-03-20,0
C:1053,Gallen SpA,SRL,MANUFACTURING,PR41,1989-03-23,0
C:1054,Digio Srl,SPA,AGRICULTURE,PR09,1989-03-26,0
C:1055,Lafo Group,SRL,LOGISTICS,PR00,1989-03-30,0
C:1056,Laru Group,SPA,AGRICULTURE,PR08,1989-04-02,0
C:1057,Difo SpA,SRL,RETAIL,PR51,1989-04-05,0
C:1058,Gula Srl,SRL,CONSULTING,PR29,1989-04-08,0
C:1059,Marru Srl,SRL,HOSPITALITY,PR26,1989-04-11,0
C:1060,Valdan SpA,SPA,HOSPITALITY,PR05,1989-04-15,0
C:1061,Lenru Group,SRL,HOLDING,PR03,1989-04-18,0
C:1062,Rutin SpA,SPA,CONSTRUCTION,PR43,1989-04-21,0
C:1063,Danros SpA,SPA,REAL_ESTATE,PR57,1989-04-24,0
C:1064,Berdi SpA,SRL,REAL_ESTATE,PR31,1989-04-27,0
C:1065,Vallo Srl,SNC,HOSPITALITY,PR16,1989-05-01,0
C:1066,Galros Banca,SPA,BANKING,PR36,1989-05-04,1
C:1067,Guren SpA,SRL,CONSTRUCTION,PR09,1989-05-07,0
C:1068,Giome SpA,SRL,SOFTWARE,PR36,1989-05-10,0
C:1069,Caca SpA,SPA,HOSPITALITY,PR58,1989-05-13,0
C:1070,Pastin SpA,SRL,HOSPITALITY,PR43,1989-05-17,0
C:1071,Diru SpA,SPA,HOSPITALITY,PR12,1989-05-20,0
C:1072,Savi SpA,SNC,HOLDING,PR50,1989-05-23,0
C:1073,Ferros Group,SRL,CONSULTING,PR22,1989-05-26,0
C:1074,Caber SpA,SRL,CONSTRUCTION,PR38,1989-05-29,0
C:1075,Zogu Group,SRL,REAL_ESTATE,PR42,1989-06-02,0
C:1076,Nifo Group,SRL,MANUFACTURING,PR00,1989-06-05,0
C:1077,Bapas Srl,SPA,SOFTWARE,PR18,1989-06-08,0
C:1078,Pasme Srl,SPA,MANUFACTURING,PR19,1989-06-11,0
C:1079,Vifo Group,SRL,RETAIL,PR13,1989-06-14,0
C:1080,Foni Srl,SRL,CONSULTING,PR00,1989-06-18,0
C:1081,Mardan Srl,SRL,LOGISTICS,PR55,1989-06-21,0
C:1082,Calo Srl,SRL,CONSULTING,PR16,1989-06-24,0
C:1083,Berpo Group,SRL,LOGISTICS,PR05,1989-06-27,0
C:1084,Giocor Srl,SRL,SOFTWARE,PR05,1989-06-30,0
C:1085,Lace Group,SRL,SOFTWARE,PR25,1989-07-04,0
C:1086,Galgal Group,SRL,SOFTWARE,PR00,1989-07-07,0
C:1087,Rosme SpA,SPA,MANUFACTURING,PR26,1989-07-10,0
C:1088,Paspo Srl,SPA,HOLDING,PR40,1989-07-13,0
C:1089,Monlo SpA,SRL,CONSTRUCTION,PR38,1989-07-16,0
C:1090,Visa Group,SRL,CONSTRUCTION,PR43,1989-07-20,0
C:1091,Monros SpA,SRL,CONSULTING,PR24,1989-07-23,0
C:1092,Cete Srl,SRL,SOFTWARE,PR47,1989-07-26,0
C:1093,Galval Group,SRL,CONSTRUCTION,PR47,1989-07-29,0
C:1094,Dice Srl,SRL,AGRICULTURE,PR18,1989-08-01,0
C:1095,Mece Srl,SRL,REAL_ESTATE,PR36,1989-08-05,0
C:1096,Lafer Srl,SRL,RETAIL,PR40,1989-08-08,0
C:1097,Cegio Banca,SPA,BANKING,PR54,1989-08-11,1
C:1098,Dancor SpA,SRL,HOSPITALITY,PR15,1989-08-14,0
C:1099,Tinren Srl,SRL,SOFTWARE,PR34,1989-08-17,0
C:1100,Vigal Group,SRL,AGRICULTURE,PR40,1989-08-21,0
C:1101,Tinme Group,SNC,HOSPITALITY,PR03,1989-08-24,0
C:1102,Niba Srl,SRL,AGRICULTURE,PR09,1989-08-27,0
C:1103,Corce Group,SRL,CONSTRUCTION,PR02,1989-08-30,0
C:1104,Dival Srl,SRL,HOSPITALITY,PR03,1989-09-02,0
C:1105,Ferce Group,SPA,MANUFACTURING,PR34,1989-09-06,0
C:1106,Podan SpA,SRL,LOGISTICS,PR49,1989-09-09,0
C:1107,Camar Group,SRL,MANUFACTURING,PR12,1989-09-12,0
C:1108,Monni Group,SRL,CONSTRUCTION,PR19,1989-09-15,0
C:1109,Galcor Srl,SRL,AGRICULTURE,PR10,1989-09-18,0
C:1110,Pola Srl,SPA,AGRICULTURE,PR58,1989-09-22,0
C:1111,Marzo Group,SRL,MANUFACTURING,PR13,1989-09-25,0
C:1112,Zola Srl,SRL,HOSPITALITY,PR42,1989-09-28,0
C:1113,Vigu Group,SRL,CONSULTING,PR12,1989-10-01,0
C:1114,Monru Srl,SPA,LOGISTICS,PR32,1989-10-04,0
C:1115,Renren Banca,SPA,BANKING,PR19,1989-10-08,1
C:1116,Giofer Srl,SPA,RETAIL,PR02,1989-10-11,0
C:1117,Lenren Srl,SNC,SOFTWARE,PR05,1989-10-14,0
C:1118,Gucor Srl,SPA,HOSPITALITY,PR22,1989-10-17,0
C:1119,Fersa SpA,SPA,HOLDING,PR04,1989-10-20,0
C:1120,Gioren Srl,SPA,SOFTWARE,PR54,1989-10-24,0
C:1121,Mondi SpA,SRL,HOLDING,PR56,1989-10-27,0
C:1122,Corlo Srl,SNC,CONSULTING,PR14,1989-10-30,0
C:1123,Catin Srl,SRL,CONSTRUCTION,PR17,1989-11-02,0
C:1124,Lagal Group,SRL,RETAIL,PR24,1989-11-05,0
C:1125,Galpas Srl,SPA,AGRICULTURE,PR35,1989-11-09,0
C:1126,Tinni SpA,SRL,CONSTRUCTION,PR44,1989-11-12,0
C:1127,Tinlo SpA,SNC,REAL_ESTATE,PR35,1989-11-15,0
C:1128,Zodi Srl,SPA,HOLDING,PR29,1989-11-18,0
C:1129,Berlen Srl,SRL,RETAIL,PR48,1989-11-21,0
C:1130,Galsa Group,SRL,MANUFACTURING,PR56,1989-11-25,0
C:1131,Guros Srl,SPA,REAL_ESTATE,PR58,1989-11-28,0
C:1132,Polo SpA,SNC,HOSPITALITY,PR18,1989-12-01,0
C:1133,Ferme Group,SRL,LOGISTICS,PR48,1989-12-04,0
C:1134,Zopo Group,SRL,CONSULTING,PR07,1989-12-07,0
C:1135,Valgio Group,SRL,CONSULTING,PR43,1989-12-11,0
C:1136,Renlo Group,SRL,HOSPITALITY,PR11,1989-12-14,0
C:1137,Bergal Group,SPA,LOGISTICS,PR14,1989-12-17,0
C:1138,Renru SpA,SRL,MANUFACTURING,PR15,1989-12-20,0
C:1139,Meval Group,SNC,REAL_ESTATE,PR09,1989-12-23,0
C:1140,Marru SpA,SPA,SOFTWARE,PR07,1989-12-27,0
C:1141,Fodan SpA,SRL,CONSULTING,PR09,1989-12-30,0
C:1142,Lentin Group,SRL,HOLDING,PR36,1990-01-02,0
C:1143,Fopas SpA,SPA,CONSULTING,PR02,1990-01-05,0
C:1144,Pober Srl,SPA,CONSULTING,PR45,1990-01-08,0
C:1145,Lozo Group,SRL,CONSTRUCTION,PR28,1990-01-12,0
C:1146,Caval Group,SRL,CONSULTING,PR31,1990-01-15,0
C:1147,Berpas Group,SRL,CONSULTING,PR32,1990-01-18,0
C:1148,Corfo Group,SPA,HOLDING,PR41,1990-01-21,0
C:1149,Rulen SpA,SPA,REAL_ESTATE,PR51,1990-01-24,0
C:1150,Berzo SpA,SPA,CONSTRUCTION,PR28,1990-01-28,0
C:1151,Loru SpA,SRL,REAL_ESTATE,PR30,1990-01-31,0
C:1152,Vipas Group,SRL,CONSULTING,PR32,1990-02-03,0
C:1153,Tinla Group,SNC,HOSPITALITY,PR05,1990-02-06,0
C:1154,Mepo SpA,SRL,CONSTRUCTION,PR45,1990-02-09,0
C:1155,Pome Group,SRL,HOLDING,PR45,1990-02-13,0
C:1156,Tegio Group,SRL,HOSPITALITY,PR34,1990-02-16,0
C:1157,Giote SpA,SRL,HOLDING,PR14,1990-02-19,0
C:1158,Saru Srl,SPA,SOFTWARE,PR19,1990-02-22,0
C:1159,Mongu Srl,SPA,MANUFACTURING,PR46,1990-02-25,0
C:1160,Cecor SpA,SRL,SOFTWARE,PR03,1990-03-01,0
C:1161,Ceren Group,SPA,MANUFACTURING,PR09,1990-03-04,0
C:1162,Marmon Banca,SPA,BANKING,PR07,1990-03-07,1
C:1163,Gulo Srl,SNC,CONSTRUCTION,PR44,1990-03-10,0
C:1164,Safo Group,SRL,LOGISTICS,PR43,1990-03-13,0
C:1165,Giote Srl,SPA,LOGISTICS,PR30,1990-03-17,0
C:1166,Berru Srl,SRL,HOSPITALITY,PR47,1990-03-20,0
C:1167,Gugu Srl,SPA,MANUFACTURING,PR49,1990-03-23,0
C:1168,Dipo SpA,SPA,CONSTRUCTION,PR27,1990-03-26,0
C:1169,Baber Srl,SRL,CONSTRUCTION,PR53,1990-03-29,0
C:1170,Pasce Srl,SRL,HOSPITALITY,PR47,1990-04-02,0
C:1171,Ditin Srl,SRL,RETAIL,PR31,1990-04-05,0
C:1172,Monmon Srl,SRL,HOLDING,PR48,1990-04-08,0
C:1173,Bercor Group,SRL,RETAIL,PR54,1990-04-11,0
C:1174,Cete Group,SRL,CONSULTING,PR28,1990-04-14,0
C:1175,Bergio Group,SRL,MANUFACTURING,PR18,1990-04-18,0
C:1176,Baber Srl,SRL,HOLDING,PR43,1990-04-21,0
C:1177,Renru Srl,SRL,RETAIL,PR05,1990-04-24,0
C:1178,Monpo Srl,SRL,MANUFACTURING,PR15,1990-04-27,0
C:1179,Lenval SpA,SRL,MANUFACTURING,PR07,1990-04-30,0
C:1180,Gusa SpA,SRL,CONSULTING,PR25,1990-05-04,0
C:1181,Rosru Group,SNC,REAL_ESTATE,PR26,1990-05-07,0
C:1182,Bamar SpA,SRL,CONSTRUCTION,PR40,1990-05-10,0
C:1183,Meru SpA,SRL,RETAIL,PR08,1990-05-13,0
C:1184,Corce SpA,SRL,MANUFACTURING,PR46,1990-05-16,0
C:1185,Fome Group,SPA,HOLDING,PR02,1990-05-20,0
C:1186,Meba SpA,SRL,CONSULTING,PR48,1990-05-23,0
C:1187,Mongu Group,SRL,HOLDING,PR33,1990-05-26,0
C:1188,Renla Srl,SPA,CONSTRUCTION,PR57,1990-05-29,0
C:1189,Fovi Srl,SPA,LOGISTICS,PR05,1990-06-01,0
C:1190,Diren SpA,SRL,REAL_ESTATE,PR27,1990-06-05,0
C:1191,Galca Srl,SRL,HOSPITALITY,PR32,1990-06-08,0
C:1192,Bercor SpA,SNC,SOFTWARE,PR32,1990-06-11,0
C:1193,Pasni Group,SPA,AGRICULTURE,PR25,1990-06-14,0
C:1194,Valni Srl,SRL,RETAIL,PR50,1990-06-17,0
C:1195,Sagu Group,SRL,MANUFACTURING,PR08,1990-06-21,0
C:1196,Meca Srl,SRL,REAL_ESTATE,PR05,1990-06-24,0
C:1197,Tinsa Group,SNC,HOLDING,PR31,1990-06-27,0
C:1198,Mongu Srl,SPA,HOSPITALITY,PR33,1990-06-30,0
C:1199,Vigio Group,SRL,MANUFACTURING,PR52,1990-07-03,0
C:1200,Cafer Group,SRL,AGRICULTURE,PR21,1990-07-07,0
C:1201,Saros Group,SRL,HOLDING,PR46,1990-07-10,0
C:1202,Samon Group,SRL,HOSPITALITY,PR49,1990-07-13,0
C:1203,Poba SpA,SRL,CONSULTING,PR35,1990-07-16,0
C:1204,Poren Srl,SPA,HOLDING,PR56,1990-07-19,0
C:1205,Tinni SpA,SRL,CONSULTING,PR17,1990-07-23,0
C:1206,Giomar Banca,SPA,BANKING,PR21,1990-07-26,1
C:1207,Foru SpA,SPA,HOLDING,PR46,1990-07-29,0
C:1208,Pofer SpA,SNC,CONSULTING,PR17,1990-08-01,0
C:1209,Galba Srl,SRL,AGRICULTURE,PR41,1990-08-04,0
C:1210,Viren Group,SRL,CONSULTING,PR57,1990-08-08,0
C:1211,Giogal Group,SRL,LOGISTICS,PR01,1990-08-11,0
C:1212,Calo SpA,SPA,HOSPITALITY,PR39,1990-08-14,0
C:1213,Gucor SpA,SRL,RETAIL,PR34,1990-08-17,0
C:1214,Digio Srl,SRL,RETAIL,PR01,1990-08-20,0
C:1215,Renla Group,SPA,HOSPITALITY,PR07,1990-08-24,0
C:1216,Ceval Banca,SPA,BANKING,PR12,1990-08-27,1
C:1217,Rosren Srl,SPA,HOLDING,PR43,1990-08-30,0
C:1218,Monte SpA,SRL,HOSPITALITY,PR58,1990-09-02,0
C:1219,Pasber Group,SPA,AGRICULTURE,PR25,1990-09-05,0
C:1220,Basa Group,SPA,HOSPITALITY,PR38,1990-09-09,0
C:1221,Rosru Group,SPA,SOFTWARE,PR35,1990-09-12,0
C:1222,Marber SpA,SRL,HOLDING,PR38,1990-09-15,0
C:1223,Badan Srl,SRL,HOLDING,PR33,1990-09-18,0
C:1224,Bacor Group,SPA,SOFTWARE,PR26,1990-09-21,0
C:1225,Nitin SpA,SRL,REAL_ESTATE,PR04,1990-09-25,0
C:1226,Ruzo Group,SRL,RETAIL,PR53,1990-09-28,0
C:1227,Nimar Srl,SRL,RETAIL,PR02,1990-10-01,0
C:1228,Pocor SpA,SPA,HOLDING,PR41,1990-10-04,0
C:1229,Meru SpA,SPA,SOFTWARE,PR50,1990-10-07,0
C:1230,Vimar Srl,SRL,MANUFACTURING,PR21,1990-10-11,0
C:1231,Galpas Group,SRL,HOLDING,PR02,1990-10-14,0
C:1232,Laval Group,SPA,AGRICULTURE,PR27,1990-10-17,0
C:1233,Same Srl,SRL,AGRICULTURE,PR46,1990-10-20,0
C:1234,Poros Group,SRL,MANUFACTURING,PR14,1990-10-23,0
C:1235,Lenvi SpA,SPA,CONSULTING,PR36,1990-10-27,0
C:1236,Meval Group,SRL,CONSTRUCTION,PR51,1990-10-30,0
C:1237,Pasgu SpA,SNC,MANUFACTURING,PR51,1990-11-02,0
C:1238,Marte Group,SPA,MANUFACTURING,PR20,1990-11-05,0
C:1239,Rengal SpA,SRL,AGRICULTURE,PR48,1990-11-08,0
C:1240,Bate SpA,SNC,CONSTRUCTION,PR58,1990-11-12,0
C:1241,Bagio Group,SRL,LOGISTICS,PR15,1990-11-15,0
C:1242,Tincor SpA,SPA,RETAIL,PR38,1990-11-18,0
C:1243,Rosgu Srl,SRL,CONSTRUCTION,PR53,1990-11-21,0
C:1244,Rosmar Srl,SPA,HOLDING,PR26,1990-11-24,0
C:1245,Renla SpA,SPA,RETAIL,PR32,1990-11-28,0
C:1246,Margal SpA,SRL,LOGISTICS,PR13,1990-12-01,0
C:1247,Gugu Srl,SPA,SOFTWARE,PR10,1990-12-04,0
C:1248,Ferros Srl,SRL,HOSPITALITY,PR10,1990-12-07,0
C:1249,Teber Group,SRL,LOGISTICS,PR17,1990-12-10,0
C:1250,Giovi Group,SPA,HOLDING,PR17,1990-12-14,0
C:1251,Galdan Srl,SRL,HOLDING,PR54,1990-12-17,0
C:1252,Medi Srl,SRL,SOFTWARE,PR26,1990-12-20,0
C:1253,Lavi Group,SRL,HOSPITALITY,PR15,1990-12-23,0
C:1254,Cadi Group,SPA,REAL_ESTATE,PR17,1990-12-26,0
C:1255,Tingu SpA,SRL,REAL_ESTATE,PR53,1990-12-30,0
C:1256,Paslo SpA,SPA,HOLDING,PR49,1991-01-02,0
C:1257,Saru SpA,SRL,CONSULTING,PR39,1991-01-05,0
C:1258,Dini Srl,SNC,CONSTRUCTION,PR05,1991-01-08,0
C:1259,Lamar Group,SRL,MANUFACTURING,PR59,1991-01-11,0
C:1260,Corme Group,SRL,RETAIL,PR44,1991-01-15,0
C:1261,Zoru Group,SRL,SOFTWARE,PR06,1991-01-18,0
C:1262,Lofer Srl,SRL,SOFTWARE,PR47,1991-01-21,0
C:1263,Monlo Group,SRL,AGRICULTURE,PR59,1991-01-24,0
C:1264,Safo Banca,SPA,BANKING,PR52,1991-01-27,1
C:1265,Galfo Group,SRL,AGRICULTURE,PR01,1991-01-31,0
C:1266,Rente Srl,SRL,CONSULTING,PR38,1991-02-03,0
C:1267,Laba SpA,SPA,CONSULTING,PR26,1991-02-06,0
C:1268,Paste Group,SNC,HOLDING,PR55,1991-02-09,0
C:1269,Mela Srl,SPA,AGRICULTURE,PR33,1991-02-12,0
C:1270,Rula Group,SRL,LOGISTICS,PR48,1991-02-16,0
C:1271,Zoca SpA,SRL,RETAIL,PR37,1991-02-19,0
C:1272,Corme Srl,SRL,SOFTWARE,PR30,1991-02-22,0
C:1273,Galros Group,SRL,RETAIL,PR38,1991-02-25,0
C:1274,Marsa SpA,SNC,SOFTWARE,PR39,1991-02-28,0
C:1275,Tinval Srl,SPA,HOLDING,PR46,1991-03-04,0
C:1276,Fergu SpA,SRL,REAL_ESTATE,PR25,1991-03-07,0
C:1277,Ruros Group,SPA,RETAIL,PR01,1991-03-10,0
C:1278,Visa Group,SRL,LOGISTICS,PR40,1991-03-13,0
C:1279,Montin SpA,SRL,LOGISTICS,PR28,1991-03-16,0
C:1280,Bagal SpA,SRL,MANUFACTURING,PR35,1991-03-20,0
C:1281,Rucor Group,SRL,CONSTRUCTION,PR38,1991-03-23,0
C:1282,Viros SpA,SRL,SOFTWARE,PR37,1991-03-26,0
C:1283,Fogu SpA,SPA,HOSPITALITY,PR41,1991-03-29,0
C:1284,Cecor Group,SPA,HOSPITALITY,PR21,1991-04-01,0
C:1285,Mecor SpA,SRL,CONSTRUCTION,PR44,1991-04-05,0
C:1286,Corvi Group,SPA,SOFTWARE,PR29,1991-04-08,0
C:1287,Tinmar SpA,SPA,HOSPITALITY,PR31,1991-04-11,0
C:1288,Poval Group,SRL,CONSTRUCTION,PR38,1991-04-14,0
C:1289,Lodan Srl,SRL,RETAIL,PR27,1991-04-17,0
C:1290,Lenme Srl,SRL,REAL_ESTATE,PR22,1991-04-21,0
C:1291,Same Srl,SPA,LOGISTICS,PR35,1991-04-24,0
C:1292,Popas Srl,SPA,LOGISTICS,PR34,1991-04-27,0
C:1293,Berzo SpA,SRL,CONSTRUCTION,PR59,1991-04-30,0
C:1294,Gioce Srl,SRL,HOLDING,PR11,1991-05-03,0
C:1295,Paste Srl,SPA,LOGISTICS,PR54,1991-05-07,0
C:1296,Dica Group,SPA,REAL_ESTATE,PR12,1991-05-10,0
C:1297,Tinber Group,SRL,SOFTWARE,PR48,1991-05-13,0
C:1298,Tesa Group,SRL,LOGISTICS,PR11,1991-05-16,0
C:1299,Tecor Srl,SRL,CONSULTING,PR09,1991-05-19,0
C:1300,Mezo Srl,SRL,MANUFACTURING,PR30,1991-05-23,0
C:1301,Memar SpA,SPA,LOGISTICS,PR11,1991-05-26,0
C:1302,Lengu SpA,SPA,SOFTWARE,PR08,1991-05-29,0
C:1303,Saru Srl,SPA,CONSTRUCTION,PR21,1991-06-01,0
C:1304,Salo Srl,SPA,LOGISTICS,PR39,1991-06-04,0
C:1305,Bacor SpA,SRL,MANUFACTURING,PR13,1991-06-08,0
C:1306,Fober Group,SRL,REAL_ESTATE,PR32,1991-06-11,0
C:1307,Giome Srl,SRL,CONSTRUCTION,PR26,1991-06-14,0
C:1308,Sacor Srl,SRL,CONSULTING,PR30,1991-06-17,0
C:1309,Valren Srl,SNC,RETAIL,PR33,1991-06-20,0
C:1310,Caren Srl,SRL,CONSTRUCTION,PR39,1991-06-24,0
C:1311,Rudan Group,SRL,HOSPITALITY,PR30,1991-06-27,0
C:1312,Galdi Group,SPA,HOSPITALITY,PR30,1991-06-30,0
C:1313,Mardi SpA,SNC,HOSPITALITY,PR48,1991-07-03,0
C:1314,Bace Srl,SRL,RETAIL,PR16,1991-07-06,0
C:1315,Runi Srl,SRL,LOGISTICS,PR14,1991-07-10,0
C:1316,Zopo Srl,SRL,AGRICULTURE,PR39,1991-07-13,0
C:1317,Galmar Srl,SRL,CONSULTING,PR14,1991-07-16,0
C:1318,Ferce Srl,SRL,REAL_ESTATE,PR06,1991-07-19,0
C:1319,Corros Group,SRL,LOGISTICS,PR21,1991-07-22,0
C:1320,Corvi Group,SRL,AGRICULTURE,PR35,1991-07-26,0
C:1321,Galzo Srl,SNC,HOSPITALITY,PR52,1991-07-29,0
C:1322,Vifer Group,SRL,HOSPITALITY,PR23,1991-08-01,0
C:1323,Lenpas Group,SPA,AGRICULTURE,PR29,1991-08-04,0
C:1324,Logu Group,SRL,AGRICULTURE,PR06,1991-08-07,0
C:1325,Bagio Group,SRL,CONSULTING,PR38,1991-08-11,0
C:1326,Monte Group,SRL,HOSPITALITY,PR22,1991-08-14,0
C:1327,Rosru Srl,SPA,HOSPITALITY,PR53,1991-08-17,0
C:1328,Fergal SpA,SRL,REAL_ESTATE,PR46,1991-08-20,0
C:1329,Tinvi SpA,SNC,CONSULTING,PR52,1991-08-23,0
C:1330,Pasren Srl,SPA,RETAIL,PR48,1991-08-27,0
C:1331,Ruzo Group,SRL,LOGISTICS,PR45,1991-08-30,0
C:1332,Saru SpA,SPA,CONSTRUCTION,PR13,1991-09-02,0
C:1333,Lensa Group,SPA,REAL_ESTATE,PR27,1991-09-05,0
C:1334,Came SpA,SRL,MANUFACTURING,PR31,1991-09-08,0
C:1335,Gulen Srl,SRL,HOSPITALITY,PR17,1991-09-12,0
C:1336,Ceber Group,SRL,LOGISTICS,PR35,1991-09-15,0
C:1337,Tetin Srl,SNC,HOLDING,PR39,1991-09-18,0
C:1338,Corcor SpA,SNC,HOSPITALITY,PR08,1991-09-21,0
C:1339,Renvi Group,SRL,CONSULTING,PR08,1991-09-24,0
C:1340,Corber Srl,SPA,HOSPITALITY,PR22,1991-09-28,0
C:1341,Marni Srl,SNC,REAL_ESTATE,PR54,1991-10-01,0
C:1342,Roszo SpA,SPA,CONSTRUCTION,PR16,1991-10-04,0
C:1343,Fertin SpA,SRL,SOFTWARE,PR43,1991-10-07,0
C:1344,Mongu SpA,SRL,AGRICULTURE,PR11,1991-10-10,0
C:1345,Galtin Srl,SPA,AGRICULTURE,PR26,1991-10-14,0
C:1346,Zovi Srl,SRL,HOSPITALITY,PR54,1991-10-17,0
C:1347,Polo Group,SRL,RETAIL,PR43,1991-10-20,0
C:1348,Gula SpA,SRL,HOLDING,PR21,1991-10-23,0
C:1349,Sala SpA,SNC,MANUFACTURING,PR35,1991-10-26,0
C:1350,Rume Srl,SRL,CONSTRUCTION,PR50,1991-10-30,0
C:1351,Danren SpA,SPA,AGRICULTURE,PR00,1991-11-02,0
C:1352,Galba Group,SPA,CONSULTING,PR10,1991-11-05,0
C:1353,Foren Banca,SPA,BANKING,PR22,1991-11-08,1
C:1354,Mete Group,SRL,CONSULTING,PR26,1991-11-11,0
C:1355,Samon Srl,SRL,HOSPITALITY,PR07,1991-11-15,0
C:1356,Guce Srl,SRL,LOGISTICS,PR47,1991-11-18,0
C:1357,Vidi Group,SRL,REAL_ESTATE,PR33,1991-11-21,0
C:1358,Vifo Group,SRL,HOLDING,PR31,1991-11-24,0
C:1359,Fogal Group,SRL,RETAIL,PR25,1991-11-27,0
C:1360,Polo SpA,SPA,HOSPITALITY,PR06,1991-12-01,0
C:1361,Corte Srl,SRL,CONSTRUCTION,PR52,1991-12-04,0
C:1362,Sapo Group,SPA,AGRICULTURE,PR12,1991-12-07,0
C:1363,Rosgal Srl,SRL,LOGISTICS,PR55,1991-12-10,0
C:1364,Lozo Srl,SRL,MANUFACTURING,PR57,1991-12-13,0
C:1365,Corba SpA,SRL,HOSPITALITY,PR08,1991-12-17,0
C:1366,Guros SpA,SPA,CONSTRUCTION,PR49,1991-12-20,0
C:1367,Tinni Group,SRL,HOSPITALITY,PR48,1991-12-23,0
C:1368,Fersa SpA,SPA,HOSPITALITY,PR30,1991-12-26,0
C:1369,Rengal SpA,SPA,HOLDING,PR52,1991-12-29,0
C:1370,Rosdi SpA,SPA,SOFTWARE,PR49,1992-01-02,0
C:1371,Gugu SpA,SPA,REAL_ESTATE,PR44,1992-01-05,0
C:1372,Lofo Group,SPA,AGRICULTURE,PR09,1992-01-08,0
C:1373,Monfo SpA,SRL,MANUFACTURING,PR33,1992-01-11,0
C:1374,Nilen Srl,SRL,AGRICULTURE,PR27,1992-01-14,0
C:1375,Guval Group,SRL,SOFTWARE,PR32,1992-01-18,0
C:1376,Dangio SpA,SNC,CONSTRUCTION,PR13,1992-01-21,0
C:1377,Cani Group,SRL,HOLDING,PR42,1992-01-24,0
C:1378,Caber Srl,SRL,CONSTRUCTION,PR18,1992-01-27,0
C:1379,Paspo Srl,SPA,CONSULTING,PR04,1992-01-30,0
C:1380,Meros Group,SNC,AGRICULTURE,PR02,1992-02-03,0
C:1381,Poca Group,SRL,LOGISTICS,PR50,1992-02-06,0
C:1382,Bamon Group,SRL,HOLDING,PR37,1992-02-09,0
C:1383,Lence Group,SPA,SOFTWARE,PR20,1992-02-12,0
C:1384,Fozo SpA,SRL,SOFTWARE,PR12,1992-02-15,0
C:1385,Diru SpA,SPA,CONSTRUCTION,PR04,1992-02-19,0
C:1386,Cecor Group,SPA,CONSTRUCTION,PR19,1992-02-22,0
C:1387,Pasmar SpA,SPA,SOFTWARE,PR42,1992-02-25,0
C:1388,Teval Group,SRL,CONSTRUCTION,PR37,1992-02-28,0
C:1389,Ferpo Srl,SRL,HOSPITALITY,PR25,1992-03-02,0
C:1390,Monba Group,SRL,SOFTWARE,PR59,1992-03-06,0
C:1391,Lala Srl,SPA,AGRICULTURE,PR57,1992-03-09,0
C:1392,Fogu Srl,SRL,RETAIL,PR57,1992-03-12,0
C:1393,Lotin Group,SPA,HOLDING,PR24,1992-03-15,0
C:1394,Marlen SpA,SPA,CONSTRUCTION,PR44,1992-03-18,0
C:1395,Guce SpA,SPA,CONSTRUCTION,PR52,1992-03-22,0
C:1396,Dancor Srl,SRL,LOGISTICS,PR24,1992-03-25,0
C:1397,Niren Group,SRL,AGRICULTURE,PR48,1992-03-28,0
C:1398,Paste Srl,SRL,REAL_ESTATE,PR15,1992-03-31,0
C:1399,Corpo Group,SNC,CONSULTING,PR15,1992-04-03,0
C:1400,Viren Group,SRL,CONSTRUCTION,PR47,1992-04-07,0
C:1401,Rosca SpA,SRL,HOLDING,PR27,1992-04-10,0
C:1402,Zomar SpA,SPA,HOSPITALITY,PR17,1992-04-13,0
C:1403,Valpo Banca,SPA,BANKING,PR34,1992-04-16,1
C:1404,Nifer Srl,SNC,AGRICULTURE,PR09,1992-04-19,0
C:1405,Diber SpA,SRL,RETAIL,PR49,1992-04-23,0
C:1406,Tefer Srl,SRL,LOGISTICS,PR04,1992-04-26,0
C:1407,Tinlen Group,SNC,AGRICULTURE,PR43,1992-04-29,0
C:1408,Rossa SpA,SRL,HOSPITALITY,PR00,1992-05-02,0
C:1409,Gupas Group,SPA,CONSULTING,PR24,1992-05-05,0
C:1410,Pasca Srl,SPA,LOGISTICS,PR13,1992-05-09,0
C:1411,Marca Group,SRL,HOLDING,PR03,1992-05-12,0
C:1412,Galren Srl,SPA,MANUFACTURING,PR38,1992-05-15,0
C:1413,Mesa Group,SRL,AGRICULTURE,PR40,1992-05-18,0
C:1414,Monru SpA,SNC,LOGISTICS,PR21,1992-05-21,0
C:1415,Valgu SpA,SPA,MANUFACTURING,PR11,1992-05-25,0
C:1416,Danzo SpA,SRL,CONSTRUCTION,PR03,1992-05-28,0
C:1417,Marte Group,SPA,LOGISTICS,PR28,1992-05-31,0
C:1418,Sala Group,SRL,CONSTRUCTION,PR37,1992-06-03,0
C:1419,Nidan Srl,SRL,RETAIL,PR56,1992-06-06,0
C:1420,Tindan Group,SRL,MANUFACTURING,PR40,1992-06-10,0
C:1421,Danros Srl,SPA,REAL_ESTATE,PR34,1992-06-13,0
C:1422,Pasdi SpA,SRL,HOSPITALITY,PR05,1992-06-16,0
C:1423,Poca Srl,SRL,CONSTRUCTION,PR07,1992-06-19,0
C:1424,Rosval Group,SPA,MANUFACTURING,PR30,1992-06-22,0
C:1425,Berber Srl,SRL,HOLDING,PR27,1992-06-26,0
C:1426,Meval Group,SRL,AGRICULTURE,PR13,1992-06-29,0
C:1427,Nime Srl,SRL,AGRICULTURE,PR55,1992-07-02,0
C:1428,Bamon Group,SRL,CONSULTING,PR47,1992-07-05,0
C:1429,Caren SpA,SRL,LOGISTICS,PR15,1992-07-08,0
C:1430,Zoru SpA,SRL,HOLDING,PR54,1992-07-12,0
C:1431,Roslo SpA,SNC,REAL_ESTATE,PR29,1992-07-15,0
C:1432,Pasfo SpA,SNC,LOGISTICS,PR14,1992-07-18,0
C:1433,Meca Srl,SNC,RETAIL,PR37,1992-07-21,0
C:1434,Lamon Group,SRL,RETAIL,PR28,1992-07-24,0
C:1435,Teber SpA,SPA,SOFTWARE,PR18,1992-07-28,0
C:1436,Lenfo Group,SRL,AGRICULTURE,PR28,1992-07-31,0
C:1437,Ferzo SpA,SRL,SOFTWARE,PR37,1992-08-03,0
C:1438,Gugio Srl,SNC,SOFTWARE,PR33,1992-08-06,0
C:1439,Tinte SpA,SPA,SOFTWARE,PR04,1992-08-09,0
C:1440,Baba Srl,SRL,AGRICULTURE,PR59,1992-08-13,0
C:1441,Zozo Group,SRL,SOFTWARE,PR34,1992-08-16,0
C:1442,Cace SpA,SRL,CONSULTING,PR04,1992-08-19,0
C:1443,Tinme Group,SRL,AGRICULTURE,PR59,1992-08-22,0
C:1444,Temar Srl,SRL,CONSTRUCTION,PR20,1992-08-25,0
C:1445,Giofer SpA,SNC,MANUFACTURING,PR14,1992-08-29,0
C:1446,Galcor Group,SPA,CONSULTING,PR28,1992-09-01,0
C:1447,Rosros Srl,SPA,CONSULTING,PR30,1992-09-04,0
C:1448,Berme Group,SPA,CONSULTING,PR49,1992-09-07,0
C:1449,Corfer Srl,SPA,RETAIL,PR59,1992-09-10,0
C:1450,Tinber SpA,SPA,CONSTRUCTION,PR34,1992-09-14,0
C:1451,Medi Srl,SRL,CONSULTING,PR56,1992-09-17,0
C:1452,Lagu Group,SRL,HOLDING,PR47,1992-09-20,0
C:1453,Pote Group,SRL,RETAIL,PR15,1992-09-23,0
C:1454,Vimon SpA,SRL,HOLDING,PR20,1992-09-26,0
C:1455,Lenmon SpA,SPA,REAL_ESTATE,PR08,1992-09-30,0
C:1456,Teba SpA,SPA,RETAIL,PR39,1992-10-03,0
C:1457,Ferros Srl,SRL,SOFTWARE,PR29,1992-10-06,0
C:1458,Pasros Group,SRL,REAL_ESTATE,PR51,1992-10-09,0
C:1459,Fofer Srl,SPA,AGRICULTURE,PR58,1992-10-12,0
C:1460,Zolo Srl,SRL,CONSTRUCTION,PR38,1992-10-16,0
C:1461,Satin Group,SRL,CONSTRUCTION,PR04,1992-10-19,0
C:1462,Renla Group,SRL,CONSULTING,PR01,1992-10-22,0
C:1463,Ceba Srl,SNC,CONSTRUCTION,PR10,1992-10-25,0
C:1464,Vimar SpA,SNC,HOLDING,PR57,1992-10-28,0
C:1465,Bergal Srl,SRL,CONSTRUCTION,PR22,1992-11-01,0
C:1466,Valval Group,SRL,CONSTRUCTION,PR57,1992-11-04,0
C:1467,Tinla Group,SPA,HOLDING,PR17,1992-11-07,0
C:1468,Pasme Group,SPA,HOLDING,PR33,1992-11-10,0
C:1469,Meber Srl,SNC,CONSTRUCTION,PR04,1992-11-13,0
C:1470,Lapo SpA,SRL,SOFTWARE,PR40,1992-11-17,0
C:1471,Dipo Group,SPA,RETAIL,PR21,1992-11-20,0
C:1472,Camon Group,SRL,SOFTWARE,PR53,1992-11-23,0
C:1473,Ceros Srl,SRL,HOLDING,PR11,1992-11-26,0
C:1474,Vime Group,SNC,HOSPITALITY,PR14,1992-11-29,0
C:1475,Meru SpA,SRL,CONSTRUCTION,PR24,1992-12-03,0
C:1476,Ceme Srl,SNC,MANUFACTURING,PR37,1992-12-06,0
C:1477,Monfo Srl,SNC,LOGISTICS,PR43,1992-12-09,0
C:1478,Cordan SpA,SRL,LOGISTICS,PR11,1992-12-12,0
C:1479,Monca SpA,SRL,REAL_ESTATE,PR20,1992-12-15,0
C:1480,Fermon Group,SRL,LOGISTICS,PR41,1992-12-19,0
C:1481,Lodi SpA,SPA,SOFTWARE,PR03,1992-12-22,0
C:1482,Camon Srl,SPA,REAL_ESTATE,PR56,1992-12-25,0
C:1483,Polen SpA,SPA,HOLDING,PR28,1992-12-28,0
C:1484,Monzo SpA,SRL,HOLDING,PR40,1992-12-31,0
C:1485,Tinvi SpA,SRL,AGRICULTURE,PR08,1993-01-04,0
C:1486,Paspas Srl,SPA,MANUFACTURING,PR33,1993-01-07,0
C:1487,Batin SpA,SRL,SOFTWARE,PR05,1993-01-10,0
C:1488,Lagio SpA,SRL,AGRICULTURE,PR36,1993-01-13,0
C:1489,Nilo SpA,SRL,HOSPITALITY,PR15,1993-01-16,0
C:1490,Teber Group,SPA,RETAIL,PR20,1993-01-20,0
C:1491,Zote SpA,SPA,MANUFACTURING,PR45,1993-01-23,0
C:1492,Lapo Srl,SPA,MANUFACTURING,PR11,1993-01-26,0
C:1493,Poval Srl,SNC,AGRICULTURE,PR24,1993-01-29,0
C:1494,Lomar SpA,SRL,AGRICULTURE,PR48,1993-02-01,0
C:1495,Rucor SpA,SPA,SOFTWARE,PR46,1993-02-05,0
C:1496,Gudi Banca,SPA,BANKING,PR24,1993-02-08,1
C:1497,Corme Group,SRL,HOSPITALITY,PR16,1993-02-11,0
C:1498,Monval SpA,SRL,REAL_ESTATE,PR08,1993-02-14,0
C:1499,Corvi Group,SPA,REAL_ESTATE,PR19,1993-02-17,0
C:1500,Renfo Group,SPA,RETAIL,PR42,1993-02-21,0
C:1501,Locor Srl,SPA,SOFTWARE,PR20,1993-02-24,0
C:1502,Danmon SpA,SRL,AGRICULTURE,PR11,1993-02-27,0
C:1503,Rudi Group,SPA,CONSULTING,PR38,1993-03-02,0
C:1504,Rospo Group,SPA,HOLDING,PR09,1993-03-05,0
C:1505,Marru Group,SRL,HOSPITALITY,PR15,1993-03-09,0
C:1506,Temon Group,SNC,SOFTWARE,PR01,1993-03-12,0
C:1507,Valte Group,SNC,REAL_ESTATE,PR15,1993-03-15,0
C:1508,Rosfo Group,SRL,HOLDING,PR43,1993-03-18,0
C:1509,Pasmon SpA,SRL,HOSPITALITY,PR11,1993-03-21,0
C:1510,Margal Group,SRL,SOFTWARE,PR34,1993-03-25,0
C:1511,Bersa Srl,SRL,CONSULTING,PR11,1993-03-28,0
C:1512,Dantin SpA,SRL,HOSPITALITY,PR30,1993-03-31,0
C:1513,Dantin Srl,SRL,LOGISTICS,PR45,1993-04-03,0
C:1514,Zopo SpA,SNC,HOSPITALITY,PR26,1993-04-06,0
C:1515,Tecor SpA,SPA,SOFTWARE,PR09,1993-04-10,0
C:1516,Ruru SpA,SPA,CONSTRUCTION,PR54,1993-04-13,0
C:1517,Povi Srl,SPA,LOGISTICS,PR15,1993-04-16,0
C:1518,Corber SpA,SRL,RETAIL,PR59,1993-04-19,0
C:1519,Corgio SpA,SPA,HOLDING,PR47,1993-04-22,0
C:1520,Valren SpA,SRL,HOSPITALITY,PR43,1993-04-26,0
C:1521,Gula Group,SPA,CONSULTING,PR44,1993-04-29,0
C:1522,Bervi Group,SNC,CONSULTING,PR27,1993-05-02,0
C:1523,Zogu Group,SRL,AGRICULTURE,PR19,1993-05-05,0
C:1524,Fersa Group,SRL,HOSPITALITY,PR43,1993-05-08,0
C:1525,Tinca Srl,SRL,CONSULTING,PR43,1993-05-12,0
C:1526,Valmar Srl,SRL,AGRICULTURE,PR26,1993-05-15,0
C:1527,Marba SpA,SRL,LOGISTICS,PR09,1993-05-18,0
C:1528,Valber SpA,SRL,REAL_ESTATE,PR49,1993-05-21,0
C:1529,Pasdi Srl,SNC,HOLDING,PR20,1993-05-24,0
C:1530,Cemon SpA,SRL,CONSULTING,PR49,1993-05-28,0
C:1531,Ceni Banca,SPA,BANKING,PR26,1993-05-31,1
C:1532,Giogu SpA,SPA,HOLDING,PR42,1993-06-03,0
C:1533,Monfo SpA,SNC,HOLDING,PR53,1993-06-06,0
C:1534,Berru SpA,SRL,CONSULTING,PR01,1993-06-09,0
C:1535,Cemon Group,SPA,HOLDING,PR37,1993-06-13,0
C:1536,Tevi Srl,SNC,CONSULTING,PR55,1993-06-16,0
C:1537,Gugal Srl,SRL,SOFTWARE,PR04,1993-06-19,0
C:1538,Vidi SpA,SPA,LOGISTICS,PR54,1993-06-22,0
C:1539,Salen Srl,SPA,AGRICULTURE,PR50,1993-06-25,0
C:1540,Mece Group,SRL,LOGISTICS,PR51,1993-06-29,0
C:1541,Giolo Srl,SRL,SOFTWARE,PR16,1993-07-02,0
C:1542,Zogu Group,SRL,LOGISTICS,PR52,1993-07-05,0
C:1543,Renni Srl,SPA,REAL_ESTATE,PR17,1993-07-08,0
C:1544,Bertin Group,SPA,MANUFACTURING,PR06,1993-07-11,0
C:1545,Valtin SpA,SPA,CONSTRUCTION,PR30,1993-07-15,0
C:1546,Galtin Srl,SPA,LOGISTICS,PR07,1993-07-18,0
C:1547,Rosme Group,SPA,SOFTWARE,PR58,1993-07-21,0
C:1548,Loru SpA,SRL,AGRICULTURE,PR37,1993-07-24,0
C:1549,Bergu SpA,SRL,LOGISTICS,PR54,1993-07-27,0
C:1550,Cate Srl,SPA,HOSPITALITY,PR27,1993-07-31,0
C:1551,Cezo Group,SRL,AGRICULTURE,PR14,1993-08-03,0
C:1552,Nilen Srl,SRL,MANUFACTURING,PR20,1993-08-06,0
C:1553,Dilen Srl,SPA,SOFTWARE,PR09,1993-08-09,0
C:1554,Rosca Group,SRL,AGRICULTURE,PR23,1993-08-12,0
C:1555,Giogu Srl,SRL,RETAIL,PR13,1993-08-16,0
C:1556,Zoni Banca,SPA,BANKING,PR02,1993-08-19,1
C:1557,Tinme Group,SPA,MANUFACTURING,PR35,1993-08-22,0
C:1558,Roste SpA,SPA,LOGISTICS,PR41,1993-08-25,0
C:1559,Valfo SpA,SRL,CONSULTING,PR01,1993-08-28,0
C:1560,Monval SpA,SRL,CONSTRUCTION,PR37,1993-09-01,0
C:1561,Poce SpA,SRL,CONSULTING,PR24,1993-09-04,0
C:1562,Monmon SpA,SPA,SOFTWARE,PR16,1993-09-07,0
C:1563,Pasfer SpA,SPA,MANUFACTURING,PR37,1993-09-10,0
C:1564,Lenros SpA,SPA,SOFTWARE,PR49,1993-09-13,0
C:1565,Vigal SpA,SPA,REAL_ESTATE,PR45,1993-09-17,0
C:1566,Lenru SpA,SRL,REAL_ESTATE,PR08,1993-09-20,0
C:1567,Giovi SpA,SRL,HOSPITALITY,PR11,1993-09-23,0
C:1568,Lotin SpA,SPA,CONSULTING,PR18,1993-09-26,0
C:1569,Runi SpA,SRL,MANUFACTURING,PR25,1993-09-29,0
C:1570,Cacor Srl,SPA,SOFTWARE,PR57,1993-10-03,0
C:1571,Renru SpA,SPA,REAL_ESTATE,PR58,1993-10-06,0
C:1572,Valca Srl,SRL,AGRICULTURE,PR29,1993-10-09,0
C:1573,Gugu Group,SPA,HOSPITALITY,PR38,1993-10-12,0
C:1574,Monmon SpA,SRL,SOFTWARE,PR04,1993-10-15,0
C:1575,Zogu Group,SRL,MANUFACTURING,PR52,1993-10-19,0
C:1576,Pasfo SpA,SRL,MANUFACTURING,PR18,1993-10-22,0
C:1577,Lacor Srl,SNC,MANUFACTURING,PR43,1993-10-25,0
C:1578,Sace Group,SPA,LOGISTICS,PR04,1993-10-28,0
C:1579,Sadi Srl,SRL,REAL_ESTATE,PR31,1993-10-31,0
C:1580,Zotin Group,SPA,REAL_ESTATE,PR42,1993-11-04,0
C:1581,Lacor Banca,SPA,BANKING,PR27,1993-11-07,1
C:1582,Diru SpA,SRL,MANUFACTURING,PR07,1993-11-10,0
C:1583,Logio Srl,SNC,HOLDING,PR56,1993-11-13,0
C:1584,Tela Group,SRL,HOSPITALITY,PR41,1993-11-16,0
C:1585,Foros SpA,SPA,HOLDING,PR59,1993-11-20,0
C:1586,Corla Srl,SRL,CONSULTING,PR33,1993-11-23,0
C:1587,Cafer Srl,SRL,SOFTWARE,PR40,1993-11-26,0
C:1588,Pola SpA,SPA,SOFTWARE,PR44,1993-11-29,0
C:1589,Bate SpA,SPA,CONSTRUCTION,PR44,1993-12-02,0
C:1590,Sala Group,SNC,REAL_ESTATE,PR43,1993-12-06,0
C:1591,Ferzo Srl,SPA,LOGISTICS,PR19,1993-12-09,0
C:1592,Zoros SpA,SRL,HOLDING,PR14,1993-12-12,0
C:1593,Lopo SpA,SPA,REAL_ESTATE,PR52,1993-12-15,0
C:1594,Ferfer Srl,SRL,MANUFACTURING,PR07,1993-12-18,0
C:1595,Margal SpA,SRL,CONSTRUCTION,PR55,1993-12-22,0
C:1596,Ruval Group,SPA,CONSTRUCTION,PR25,1993-12-25,0
C:1597,Teval SpA,SRL,CONSTRUCTION,PR55,1993-12-28,0
C:1598,Renme SpA,SPA,REAL_ESTATE,PR00,1993-12-31,0
C:1599,Rugal SpA,SPA,CONSTRUCTION,PR40,1994-01-03,0
C:1600,Vipo SpA,SRL,SOFTWARE,PR00,1994-01-07,0
C:1601,Lenpo Srl,SPA,RETAIL,PR51,1994-01-10,0
C:1602,Pasmar Srl,SPA,HOLDING,PR03,1994-01-13,0
C:1603,Caval Group,SPA,SOFTWARE,PR11,1994-01-16,0
C:1604,Giolo Group,SRL,SOFTWARE,PR36,1994-01-19,0
C:1605,Galval Group,SRL,CONSTRUCTION,PR38,1994-01-23,0
C:1606,Lentin SpA,SPA,MANUFACTURING,PR41,1994-01-26,0
C:1607,Vidan Group,SRL,LOGISTICS,PR14,1994-01-29,0
C:1608,Sazo Srl,SPA,REAL_ESTATE,PR03,1994-02-01,0
C:1609,Pasdi Srl,SPA,LOGISTICS,PR02,1994-02-04,0
C:1610,Cesa Srl,SPA,CONSTRUCTION,PR32,1994-02-08,0
C:1611,Giolo SpA,SPA,HOSPITALITY,PR12,1994-02-11,0
C:1612,Lenlo Group,SRL,HOLDING,PR41,1994-02-14,0
C:1613,Giolen SpA,SRL,RETAIL,PR09,1994-02-17,0
C:1614,Pome Banca,SPA,BANKING,PR47,1994-02-20,1
C:1615,Rugal Group,SPA,MANUFACTURING,PR37,1994-02-24,0
C:1616,Cazo SpA,SPA,REAL_ESTATE,PR41,1994-02-27,0
C:1617,Berdan SpA,SPA,LOGISTICS,PR15,1994-03-02,0
C:1618,Gioren SpA,SRL,REAL_ESTATE,PR33,1994-03-05,0
C:1619,Niber Srl,SNC,HOSPITALITY,PR05,1994-03-08,0
C:1620,Tinzo Group,SPA,LOGISTICS,PR33,1994-03-12,0
C:1621,Dila Srl,SPA,HOLDING,PR36,1994-03-15,0
C:1622,Nifer Group,SRL,CONSTRUCTION,PR33,1994-03-18,0
C:1623,Tece Group,SRL,MANUFACTURING,PR18,1994-03-21,0
C:1624,Ceba SpA,SPA,RETAIL,PR10,1994-03-24,0
C:1625,Dangu SpA,SRL,AGRICULTURE,PR38,1994-03-28,0
C:1626,Bermar SpA,SRL,CONSULTING,PR02,1994-03-31,0
C:1627,Lola Group,SRL,REAL_ESTATE,PR21,1994-04-03,0
C:1628,Rosren SpA,SPA,MANUFACTURING,PR56,1994-04-06,0
C:1629,Rosgu Group,SRL,LOGISTICS,PR40,1994-04-09,0
C:1630,Vallo Srl,SRL,MANUFACTURING,PR42,1994-04-13,0
C:1631,Nidi SpA,SPA,REAL_ESTATE,PR48,1994-04-16,0
C:1632,Caros Group,SPA,HOSPITALITY,PR54,1994-04-19,0
C:1633,Foros Group,SPA,CONSTRUCTION,PR41,1994-04-22,0
C:1634,Tinme SpA,SPA,SOFTWARE,PR56,1994-04-25,0
C:1635,Pasme SpA,SRL,LOGISTICS,PR29,1994-04-29,0
C:1636,Valgio Group,SRL,REAL_ESTATE,PR27,1994-05-02,0
C:1637,Gumar Srl,SRL,CONSTRUCTION,PR54,1994-05-05,0
C:1638,Rosfo Banca,SPA,BANKING,PR27,1994-05-08,1
C:1639,Rosren Srl,SRL,AGRICULTURE,PR47,1994-05-11,0
C:1640,Cece Srl,SRL,LOGISTICS,PR26,1994-05-15,0
C:1641,Bazo SpA,SNC,HOLDING,PR14,1994-05-18,0
C:1642,Renme Srl,SNC,HOSPITALITY,PR40,1994-05-21,0
C:1643,Renlo SpA,SPA,HOSPITALITY,PR18,1994-05-24,0
C:1644,Danmar Group,SRL,HOSPITALITY,PR18,1994-05-27,0
C:1645,Vini Group,SRL,RETAIL,PR30,1994-05-31,0
C:1646,Lenlo Srl,SPA,HOSPITALITY,PR12,1994-06-03,0
C:1647,Visa Group,SRL,RETAIL,PR16,1994-06-06,0
C:1648,Corte Srl,SRL,SOFTWARE,PR08,1994-06-09,0
C:1649,Safer SpA,SRL,REAL_ESTATE,PR13,1994-06-12,0
C:1650,Rosmar Group,SPA,HOSPITALITY,PR33,1994-06-16,0
C:1651,Pasme Group,SRL,CONSTRUCTION,PR40,1994-06-19,0
C:1652,Galba SpA,SRL,HOSPITALITY,PR52,1994-06-22,0
C:1653,Berdi Srl,SRL,MANUFACTURING,PR30,1994-06-25,0
C:1654,Monni Srl,SPA,REAL_ESTATE,PR45,1994-06-28,0
C:1655,Paspo SpA,SPA,RETAIL,PR33,1994-07-02,0
C:1656,Giopo Group,SRL,CONSULTING,PR40,1994-07-05,0
C:1657,Monlen SpA,SRL,HOSPITALITY,PR47,1994-07-08,0
C:1658,Cafer SpA,SRL,MANUFACTURING,PR03,1994-07-11,0
C:1659,Nigal SpA,SRL,REAL_ESTATE,PR46,1994-07-14,0
C:1660,Marba SpA,SPA,CONSULTING,PR38,1994-07-18,0
C:1661,Danla Srl,SRL,SOFTWARE,PR35,1994-07-21,0
C:1662,Zovi SpA,SRL,CONSULTING,PR21,1994-07-24,0
C:1663,Rufo SpA,SNC,AGRICULTURE,PR30,1994-07-27,0
C:1664,Galgu SpA,SRL,CONSTRUCTION,PR35,1994-07-30,0
C:1665,Cadan SpA,SRL,RETAIL,PR17,1994-08-03,0
C:1666,Fergio SpA,SRL,CONSTRUCTION,PR18,1994-08-06,0
C:1667,Same SpA,SPA,CONSULTING,PR19,1994-08-09,0
C:1668,Tegal SpA,SPA,REAL_ESTATE,PR21,1994-08-12,0
C:1669,Dite Srl,SRL,CONSTRUCTION,PR02,1994-08-15,0
C:1670,Corcor Group,SPA,RETAIL,PR44,1994-08-19,0
C:1671,Berval Group,SRL,HOLDING,PR24,1994-08-22,0
C:1672,Marba Group,SRL,SOFTWARE,PR31,1994-08-25,0
C:1673,Foca SpA,SRL,RETAIL,PR01,1994-08-28,0
C:1674,Galni SpA,SNC,RETAIL,PR01,1994-08-31,0
C:1675,Marfer Group,SRL,MANUFACTURING,PR03,1994-09-04,0
C:1676,Bame Srl,SPA,AGRICULTURE,PR08,1994-09-07,0
C:1677,Ceval Srl,SPA,CONSULTING,PR16,1994-09-10,0
C:1678,Sala Srl,SPA,LOGISTICS,PR46,1994-09-13,0
C:1679,Folo Group,SRL,SOFTWARE,PR35,1994-09-16,0
C:1680,Bagal Srl,SRL,CONSULTING,PR16,1994-09-20,0
C:1681,Caros Group,SRL,LOGISTICS,PR41,1994-09-23,0
C:1682,Rosba Srl,SRL,REAL_ESTATE,PR10,1994-09-26,0
C:1683,Bersa Srl,SPA,CONSTRUCTION,PR38,1994-09-29,0
C:1684,Rosmar Group,SRL,AGRICULTURE,PR55,1994-10-02,0
C:1685,Marfer SpA,SPA,REAL_ESTATE,PR56,1994-10-06,0
C:1686,Rugal SpA,SRL,RETAIL,PR17,1994-10-09,0
C:1687,Cavi Srl,SRL,CONSTRUCTION,PR36,1994-10-12,0
C:1688,Podi Srl,SRL,LOGISTICS,PR34,1994-10-15,0
C:1689,Dante SpA,SPA,REAL_ESTATE,PR09,1994-10-18,0
C:1690,Danren Group,SPA,AGRICULTURE,PR01,1994-10-22,0
C:1691,Rupas SpA,SRL,LOGISTICS,PR16,1994-10-25,0
C:1692,Danpas SpA,SRL,RETAIL,PR29,1994-10-28,0
C:1693,Rulo Group,SPA,HOLDING,PR59,1994-10-31,0
C:1694,Dancor Group,SRL,CONSTRUCTION,PR25,1994-11-03,0
C:1695,Corsa Srl,SRL,MANUFACTURING,PR57,1994-11-07,0
C:1696,Gioni Group,SNC,CONSTRUCTION,PR20,1994-11-10,0
C:1697,Renvi Srl,SRL,CONSTRUCTION,PR04,1994-11-13,0
C:1698,Lavi Group,SPA,AGRICULTURE,PR15,1994-11-16,0
C:1699,Logal Group,SNC,HOSPITALITY,PR42,1994-11-19,0
C:1700,Roszo SpA,SRL,SOFTWARE,PR55,1994-11-23,0
C:1701,Paslen SpA,SRL,HOLDING,PR15,1994-11-26,0
C:1702,Bercor Group,SNC,RETAIL,PR19,1994-11-29,0
C:1703,Bapo SpA,SRL,HOLDING,PR44,1994-12-02,0
C:1704,Rumon Group,SNC,SOFTWARE,PR49,1994-12-05,0
C:1705,Valsa Group,SRL,SOFTWARE,PR36,1994-12-09,0
C:1706,Zofer Group,SPA,CONSTRUCTION,PR30,1994-12-12,0
C:1707,Berren SpA,SPA,MANUFACTURING,PR49,1994-12-15,0
C:1708,Vica Group,SNC,RETAIL,PR34,1994-12-18,0
C:1709,Poba SpA,SPA,RETAIL,PR39,1994-12-21,0
C:1710,Saru SpA,SRL,RETAIL,PR51,1994-12-25,0
C:1711,Laval Srl,SNC,RETAIL,PR51,1994-12-28,0
C:1712,Monpas SpA,SRL,LOGISTICS,PR38,1994-12-31,0
C:1713,Tepo Srl,SRL,CONSTRUCTION,PR24,1995-01-03,0
C:1714,Lenmon Group,SRL,MANUFACTURING,PR50,1995-01-06,0
C:1715,Came Srl,SRL,LOGISTICS,PR55,1995-01-10,0
C:1716,Ferzo SpA,SRL,AGRICULTURE,PR40,1995-01-13,0
C:1717,Monca Group,SRL,CONSULTING,PR19,1995-01-16,0
C:1718,Danla Srl,SPA,HOLDING,PR10,1995-01-19,0
C:1719,Monvi Group,SRL,REAL_ESTATE,PR56,1995-01-22,0
C:1720,Nime Srl,SNC,HOLDING,PR24,1995-01-26,0
C:1721,Tezo Srl,SRL,LOGISTICS,PR36,1995-01-29,0
C:1722,Sala Srl,SPA,HOLDING,PR12,1995-02-01,0
C:1723,Diru Srl,SRL,HOSPITALITY,PR33,1995-02-04,0
C:1724,Cate Group,SNC,HOLDING,PR39,1995-02-07,0
C:1725,Potin Srl,SPA,AGRICULTURE,PR09,1995-02-11,0
C:1726,Salo SpA,SRL,AGRICULTURE,PR08,1995-02-14,0
C:1727,Lendi Group,SRL,HOSPITALITY,PR50,1995-02-17,0
C:1728,Berba Group,SRL,CONSULTING,PR05,1995-02-20,0
C:1729,Guren SpA,SRL,HOLDING,PR42,1995-02-23,0
C:1730,Monni Group,SRL,MANUFACTURING,PR42,1995-02-27,0
C:1731,Viber Srl,SPA,CONSTRUCTION,PR44,1995-03-02,0
C:1732,Lavi SpA,SRL,HOLDING,PR12,1995-03-05,0
C:1733,Renme SpA,SRL,AGRICULTURE,PR59,1995-03-08,0
C:1734,Ruce Group,SNC,SOFTWARE,PR19,1995-03-11,0
C:1735,Marren SpA,SPA,CONSTRUCTION,PR05,1995-03-15,0
C:1736,Renni Banca,SPA,BANKING,PR30,1995-03-18,1
C:1737,Cemar Srl,SRL,RETAIL,PR49,1995-03-21,0
C:1738,Marni Group,SRL,AGRICULTURE,PR22,1995-03-24,0
C:1739,Ferla Group,SRL,HOLDING,PR59,1995-03-27,0
C:1740,Lapo SpA,SRL,LOGISTICS,PR39,1995-03-31,0
C:1741,Tegal SpA,SRL,LOGISTICS,PR36,1995-04-03,0
C:1742,Bersa Srl,SNC,SOFTWARE,PR23,1995-04-06,0
C:1743,Pasgal SpA,SRL,RETAIL,PR21,1995-04-09,0
C:1744,Diba Group,SRL,REAL_ESTATE,PR29,1995-04-12,0
C:1745,Zoni Srl,SRL,REAL_ESTATE,PR15,1995-04-16,0
C:1746,Visa Srl,SRL,LOGISTICS,PR10,1995-04-19,0
C:1747,Vini SpA,SPA,HOLDING,PR48,1995-04-22,0
C:1748,Gioren Group,SPA,CONSTRUCTION,PR28,1995-04-25,0
C:1749,Bace SpA,SPA,AGRICULTURE,PR32,1995-04-28,0
C:1750,Zober Srl,SRL,LOGISTICS,PR18,1995-05-02,0
C:1751,Renlen Srl,SRL,LOGISTICS,PR14,1995-05-05,0
C:1752,Tinfer SpA,SNC,CONSULTING,PR08,1995-05-08,0
C:1753,Cordi Srl,SRL,RETAIL,PR38,1995-05-11,0
C:1754,Lapas SpA,SRL,HOSPITALITY,PR53,1995-05-14,0
C:1755,Meca SpA,SPA,MANUFACTURING,PR26,1995-05-18,0
C:1756,Bergu Group,SRL,LOGISTICS,PR18,1995-05-21,0
C:1757,Vigio Group,SRL,RETAIL,PR42,1995-05-24,0
C:1758,Povi SpA,SRL,HOSPITALITY,PR05,1995-05-27,0
C:1759,Bergu Srl,SRL,CONSULTING,PR16,1995-05-30,0
C:1760,Galcor Srl,SRL,HOSPITALITY,PR55,1995-06-03,0
C:1761,Ceca SpA,SPA,REAL_ESTATE,PR13,1995-06-06,0
C:1762,Sadi Group,SNC,MANUFACTURING,PR12,1995-06-09,0
C:1763,Posa Srl,SRL,CONSULTING,PR02,1995-06-12,0
C:1764,Poce Srl,SPA,REAL_ESTATE,PR56,1995-06-15,0
C:1765,Monlen Group,SRL,LOGISTICS,PR08,1995-06-19,0
C:1766,Gioce Banca,SPA,BANKING,PR04,1995-06-22,1
C:1767,Loru Srl,SRL,REAL_ESTATE,PR38,1995-06-25,0
C:1768,Foni Srl,SRL,REAL_ESTATE,PR30,1995-06-28,0
C:1769,Marru Group,SRL,CONSTRUCTION,PR43,1995-07-01,0
C:1770,Cezo Banca,SPA,BANKING,PR45,1995-07-05,1
C:1771,Cormon Srl,SPA,HOSPITALITY,PR24,1995-07-08,0
C:1772,Saca Group,SRL,HOLDING,PR46,1995-07-11,0
C:1773,Nipas Group,SPA,MANUFACTURING,PR02,1995-07-14,0
C:1774,Lagu Srl,SRL,HOSPITALITY,PR26,1995-07-17,0
C:1775,Danros SpA,SRL,CONSULTING,PR42,1995-07-21,0
C:1776,Renfo Srl,SRL,HOLDING,PR58,1995-07-24,0
C:1777,Loba Srl,SPA,REAL_ESTATE,PR27,1995-07-27,0
C:1778,Valru Srl,SRL,SOFTWARE,PR56,1995-07-30,0
C:1779,Marme SpA,SRL,CONSULTING,PR08,1995-08-02,0
C:1780,Zofer Srl,SRL,HOSPITALITY,PR47,1995-08-06,0
C:1781,Fodan Group,SNC,SOFTWARE,PR26,1995-08-09,0
C:1782,Zola SpA,SNC,RETAIL,PR08,1995-08-12,0
C:1783,Margio SpA,SRL,SOFTWARE,PR29,1995-08-15,0
C:1784,Zogal SpA,SRL,HOLDING,PR23,1995-08-18,0
C:1785,Valfo Group,SPA,AGRICULTURE,PR43,1995-08-22,0
C:1786,Valval SpA,SRL,MANUFACTURING,PR43,1995-08-25,0
C:1787,Tela SpA,SRL,LOGISTICS,PR18,1995-08-28,0
C:1788,Lopo SpA,SPA,CONSTRUCTION,PR41,1995-08-31,0
C:1789,Giopo Srl,SRL,CONSTRUCTION,PR51,1995-09-03,0
C:1790,Bervi Group,SRL,CONSULTING,PR47,1995-09-07,0
C:1791,Rosros SpA,SRL,MANUFACTURING,PR10,1995-09-10,0
C:1792,Lentin Group,SRL,HOSPITALITY,PR05,1995-09-13,0
C:1793,Berdi SpA,SPA,HOLDING,PR22,1995-09-16,0
C:1794,Galce Group,SRL,CONSTRUCTION,PR10,1995-09-19,0
C:1795,Lagio SpA,SRL,MANUFACTURING,PR27,1995-09-23,0
C:1796,Nivi Group,SPA,CONSULTING,PR51,1995-09-26,0
C:1797,Lovi Srl,SNC,CONSULTING,PR28,1995-09-29,0
C:1798,Gudan Group,SPA,HOLDING,PR35,1995-10-02,0
C:1799,Foru Group,SPA,HOSPITALITY,PR39,1995-10-05,0
C:1800,Niros SpA,SRL,CONSTRUCTION,PR54,1995-10-09,0
C:1801,Ferpas Srl,SPA,CONSULTING,PR29,1995-10-12,0
C:1802,Rosla Srl,SPA,LOGISTICS,PR50,1995-10-15,0
C:1803,Corgal SpA,SRL,HOLDING,PR50,1995-10-18,0
C:1804,Paspo Group,SRL,AGRICULTURE,PR45,1995-10-21,0
C:1805,Vica Srl,SNC,REAL_ESTATE,PR13,1995-10-25,0
C:1806,Lenzo SpA,SPA,CONSTRUCTION,PR50,1995-10-28,0
C:1807,Fosa Srl,SRL,LOGISTICS,PR44,1995-10-31,0
C:1808,Bagu SpA,SPA,SOFTWARE,PR01,1995-11-03,0
C:1809,Gugu Group,SRL,CONSTRUCTION,PR00,1995-11-06,0
C:1810,Ditin Srl,SPA,LOGISTICS,PR49,1995-11-10,0
C:1811,Monmar Srl,SNC,MANUFACTURING,PR02,1995-11-13,0
C:1812,Ferce Srl,SRL,CONSTRUCTION,PR06,1995-11-16,0
C:1813,Tinni SpA,SRL,REAL_ESTATE,PR01,1995-11-19,0
C:1814,Pasvi Srl,SRL,HOLDING,PR38,1995-11-22,0
C:1815,Marlen Group,SPA,SOFTWARE,PR08,1995-11-26,0
C:1816,Galsa Srl,SRL,CONSTRUCTION,PR31,1995-11-29,0
C:1817,Lenpo Srl,SRL,RETAIL,PR33,1995-12-02,0
C:1818,Monber SpA,SRL,REAL_ESTATE,PR41,1995-12-05,0
C:1819,Galzo Srl,SRL,MANUFACTURING,PR04,1995-12-08,0
C:1820,Tinfo SpA,SRL,HOSPITALITY,PR02,1995-12-12,0
C:1821,Pasni Srl,SPA,RETAIL,PR34,1995-12-15,0
C:1822,Bace SpA,SRL,REAL_ESTATE,PR39,1995-12-18,0
C:1823,Sace SpA,SPA,SOFTWARE,PR50,1995-12-21,0
C:1824,Berba Group,SPA,CONSULTING,PR50,1995-12-24,0
C:1825,Nini SpA,SPA,CONSULTING,PR22,1995-12-28,0
C:1826,Zotin Srl,SPA,AGRICULTURE,PR59,1995-12-31,0
C:1827,Galzo Srl,SNC,CONSULTING,PR51,1996-01-03,0
C:1828,Sacor SpA,SRL,LOGISTICS,PR36,1996-01-06,0
C:1829,Ditin Srl,SRL,HOLDING,PR41,1996-01-09,0
C:1830,Sate SpA,SRL,CONSTRUCTION,PR05,1996-01-13,0
C:1831,Cedan SpA,SPA,LOGISTICS,PR56,1996-01-16,0
C:1832,Lola Srl,SRL,CONSTRUCTION,PR01,1996-01-19,0
C:1833,Fergu SpA,SRL,MANUFACTURING,PR13,1996-01-22,0
C:1834,Bervi Group,SRL,MANUFACTURING,PR43,1996-01-25,0
C:1835,Dimon SpA,SRL,CONSTRUCTION,PR26,1996-01-29,0
C:1836,Renval Group,SRL,AGRICULTURE,PR10,1996-02-01,0
C:1837,Satin SpA,SRL,CONSTRUCTION,PR25,1996-02-04,0
C:1838,Corlen SpA,SRL,REAL_ESTATE,PR26,1996-02-07,0
C:1839,Renren Group,SRL,MANUFACTURING,PR11,1996-02-10,0
C:1840,Lace Group,SPA,MANUFACTURING,PR41,1996-02-14,0
C:1841,Gucor SpA,SRL,CONSTRUCTION,PR16,1996-02-17,0
C:1842,Giodi SpA,SPA,MANUFACTURING,PR44,1996-02-20,0
C:1843,Celo Srl,SRL,HOLDING,PR02,1996-02-23,0
C:1844,Gudan Srl,SRL,HOSPITALITY,PR57,1996-02-26,0
C:1845,Corce SpA,SPA,MANUFACTURING,PR40,1996-03-01,0
C:1846,Popas SpA,SPA,HOLDING,PR01,1996-03-04,0
C:1847,Ceni SpA,SRL,HOSPITALITY,PR56,1996-03-07,0
C:1848,Marber Group,SRL,CONSTRUCTION,PR50,1996-03-10,0
C:1849,Galtin SpA,SRL,HOLDING,PR33,1996-03-13,0
C:1850,Zomon Srl,SPA,RETAIL,PR44,1996-03-17,0
C:1851,Galce Srl,SRL,SOFTWARE,PR21,1996-03-20,0
C:1852,Lolo Srl,SRL,RETAIL,PR37,1996-03-23,0
C:1853,Vipo SpA,SRL,AGRICULTURE,PR19,1996-03-26,0
C:1854,Rucor Group,SRL,CONSTRUCTION,PR11,1996-03-29,0
C:1855,Sate Group,SRL,HOLDING,PR48,1996-04-02,0
C:1856,Rumon Srl,SPA,LOGISTICS,PR50,1996-04-05,0
C:1857,Lenme Srl,SRL,CONSTRUCTION,PR52,1996-04-08,0
C:1858,Memar SpA,SPA,LOGISTICS,PR59,1996-04-11,0
C:1859,Cete SpA,SRL,SOFTWARE,PR22,1996-04-14,0
C:1860,Marfo Srl,SPA,MANUFACTURING,PR04,1996-04-18,0
C:1861,Nilo Group,SPA,LOGISTICS,PR13,1996-04-21,0
C:1862,Danvi Srl,SRL,MANUFACTURING,PR01,1996-04-24,0
C:1863,Tetin Srl,SRL,AGRICULTURE,PR31,1996-04-27,0
C:1864,Zoni SpA,SRL,HOLDING,PR44,1996-04-30,0
C:1865,Galgal Group,SRL,LOGISTICS,PR22,1996-05-04,0
C:1866,Fogal Group,SRL,HOSPITALITY,PR34,1996-05-07,0
C:1867,Gutin Group,SRL,RETAIL,PR22,1996-05-10,0
C:1868,Berte SpA,SNC,HOLDING,PR52,1996-05-13,0
C:1869,Telo Group,SPA,LOGISTICS,PR37,1996-05-16,0
C:1870,Giocor Srl,SRL,CONSTRUCTION,PR42,1996-05-20,0
C:1871,Mongal Group,SPA,CONSULTING,PR02,1996-05-23,0
C:1872,Nival Srl,SRL,CONSULTING,PR08,1996-05-26,0
C:1873,Monvi SpA,SPA,AGRICULTURE,PR14,1996-05-29,0
C:1874,Meval SpA,SPA,RETAIL,PR44,1996-06-01,0
C:1875,Casa Srl,SNC,CONSTRUCTION,PR37,1996-06-05,0
C:1876,Rosgu Group,SRL,LOGISTICS,PR39,1996-06-08,0
C:1877,Melen Group,SRL,RETAIL,PR07,1996-06-11,0
C:1878,Zodan SpA,SPA,AGRICULTURE,PR09,1996-06-14,0
C:1879,Tinme SpA,SRL,CONSTRUCTION,PR18,1996-06-17,0
C:1880,Danber SpA,SPA,AGRICULTURE,PR46,1996-06-21,0
C:1881,Ruce Srl,SNC,AGRICULTURE,PR06,1996-06-24,0
C:1882,Vini Srl,SPA,HOLDING,PR18,1996-06-27,0
C:1883,Megu SpA,SPA,HOSPITALITY,PR19,1996-06-30,0
C:1884,Danme Srl,SRL,RETAIL,PR50,1996-07-03,0
C:1885,Lenzo SpA,SRL,HOSPITALITY,PR43,1996-07-07,0
C:1886,Berlo SpA,SPA,HOSPITALITY,PR01,1996-07-10,0
C:1887,Loca Group,SRL,AGRICULTURE,PR27,1996-07-13,0
C:1888,Sace Group,SPA,HOLDING,PR09,1996-07-16,0
C:1889,Nila SpA,SRL,HOSPITALITY,PR42,1996-07-19,0
C:1890,Guber Srl,SRL,HOSPITALITY,PR07,1996-07-23,0
C:1891,Monba Banca,SPA,BANKING,PR46,1996-07-26,1
C:1892,Danmon SpA,SNC,MANUFACTURING,PR34,1996-07-29,0
C:1893,Valba Srl,SRL,HOLDING,PR38,1996-08-01,0
C:1894,Sala Srl,SRL,LOGISTICS,PR00,1996-08-04,0
C:1895,Foba Group,SNC,MANUFACTURING,PR12,1996-08-08,0
C:1896,Valsa Group,SRL,SOFTWARE,PR26,1996-08-11,0
C:1897,Renmar Srl,SRL,LOGISTICS,PR35,1996-08-14,0
C:1898,Monren Srl,SPA,CONSTRUCTION,PR20,1996-08-17,0
C:1899,Meber Srl,SRL,REAL_ESTATE,PR15,1996-08-20,0
C:1900,Berca Group,SPA,AGRICULTURE,PR12,1996-08-24,0
C:1901,Gusa Group,SRL,RETAIL,PR13,1996-08-27,0
C:1902,Teren Srl,SRL,CONSULTING,PR06,1996-08-30,0
C:1903,Pofer Srl,SRL,SOFTWARE,PR55,1996-09-02,0
C:1904,Galba SpA,SRL,HOLDING,PR20,1996-09-05,0
C:1905,Marfer Group,SPA,CONSULTING,PR55,1996-09-09,0
C:1906,Ferla Srl,SRL,SOFTWARE,PR47,1996-09-12,0
C:1907,Zogu Srl,SPA,HOLDING,PR23,1996-09-15,0
C:1908,Cadi Srl,SRL,CONSULTING,PR48,1996-09-18,0
C:1909,Zoru Srl,SRL,CONSTRUCTION,PR54,1996-09-21,0
C:1910,Paslo Srl,SRL,RETAIL,PR17,1996-09-25,0
C:1911,Fosa SpA,SRL,MANUFACTURING,PR11,1996-09-28,0
C:1912,Giogal Group,SPA,HOLDING,PR23,1996-10-01,0
C:1913,Zomon Srl,SRL,LOGISTICS,PR14,1996-10-04,0
C:1914,Guba SpA,SRL,REAL_ESTATE,PR22,1996-10-07,0
C:1915,Renni Group,SRL,CONSTRUCTION,PR28,1996-10-11,0
C:1916,Badan Srl,SPA,REAL_ESTATE,PR58,1996-10-14,0
C:1917,Foba SpA,SRL,HOSPITALITY,PR07,1996-10-17,0
C:1918,Lenber SpA,SRL,RETAIL,PR33,1996-10-20,0
C:1919,Poba SpA,SNC,RETAIL,PR10,1996-10-23,0
C:1920,Saba SpA,SRL,REAL_ESTATE,PR22,1996-10-27,0
C:1921,Giogio Srl,SPA,CONSULTING,PR30,1996-10-30,0
C:1922,Lenlen Group,SRL,CONSTRUCTION,PR19,1996-11-02,0
C:1923,Marmon Group,SRL,HOSPITALITY,PR55,1996-11-05,0
C:1924,Teca Group,SRL,HOLDING,PR31,1996-11-08,0
C:1925,Vice SpA,SRL,AGRICULTURE,PR00,1996-11-12,0
C:1926,Renmar Group,SRL,REAL_ESTATE,PR46,1996-11-15,0
C:1927,Loba SpA,SRL,REAL_ESTATE,PR59,1996-11-18,0
C:1928,Laba Banca,SPA,BANKING,PR39,1996-11-21,1
C:1929,Calen Srl,SNC,RETAIL,PR15,1996-11-24,0
C:1930,Baber SpA,SPA,REAL_ESTATE,PR24,1996-11-28,0
C:1931,Pasgio SpA,SPA,LOGISTICS,PR59,1996-12-01,0
C:1932,Gudi Srl,SRL,RETAIL,PR04,1996-12-04,0
C:1933,Dilo SpA,SRL,AGRICULTURE,PR50,1996-12-07,0
C:1934,Bervi Group,SNC,HOSPITALITY,PR41,1996-12-10,0
C:1935,Galgal SpA,SRL,HOLDING,PR49,1996-12-14,0
C:1936,Valsa SpA,SRL,HOLDING,PR17,1996-12-17,0
C:1937,Sagal SpA,SNC,MANUFACTURING,PR13,1996-12-20,0
C:1938,Zober Group,SRL,CONSTRUCTION,PR08,1996-12-23,0
C:1939,Rostin Srl,SPA,REAL_ESTATE,PR54,1996-12-26,0
C:1940,Ferber SpA,SRL,HOSPITALITY,PR17,1996-12-30,0
C:1941,Viren SpA,SRL,CONSTRUCTION,PR37,1997-01-02,0
C:1942,Teval Srl,SRL,REAL_ESTATE,PR34,1997-01-05,0
C:1943,Caval Srl,SRL,REAL_ESTATE,PR21,1997-01-08,0
C:1944,Teca SpA,SRL,AGRICULTURE,PR09,1997-01-11,0
C:1945,Vigio Group,SRL,HOSPITALITY,PR09,1997-01-15,0
C:1946,Tinfo Group,SRL,MANUFACTURING,PR22,1997-01-18,0
C:1947,Galba SpA,SRL,CONSULTING,PR52,1997-01-21,0
C:1948,Gugu Group,SRL,CONSULTING,PR38,1997-01-24,0
C:1949,Basa SpA,SRL,RETAIL,PR37,1997-01-27,0
C:1950,Zofer Srl,SRL,SOFTWARE,PR13,1997-01-31,0
C:1951,Pasni Group,SNC,LOGISTICS,PR43,1997-02-03,0
C:1952,Galzo SpA,SPA,MANUFACTURING,PR33,1997-02-06,0
C:1953,Ferlo Banca,SPA,BANKING,PR50,1997-02-09,1
C:1954,Giolo SpA,SRL,AGRICULTURE,PR08,1997-02-12,0
C:1955,Galren Srl,SRL,AGRICULTURE,PR05,1997-02-16,0
C:1956,Gioren Group,SRL,MANUFACTURING,PR51,1997-02-19,0
C:1957,Rosdan Group,SRL,CONSULTING,PR37,1997-02-22,0
C:1958,Lolen Group,SRL,CONSULTING,PR11,1997-02-25,0
C:1959,Cormar Group,SNC,REAL_ESTATE,PR56,1997-02-28,0
C:1960,Renmar Srl,SRL,HOSPITALITY,PR23,1997-03-04,0
C:1961,Ferfer SpA,SRL,HOLDING,PR10,1997-03-07,0
C:1962,Gioru SpA,SPA,RETAIL,PR53,1997-03-10,0
C:1963,Badi Srl,SPA,SOFTWARE,PR32,1997-03-13,0
C:1964,Rulo Srl,SRL,MANUFACTURING,PR01,1997-03-16,0
C:1965,Logio SpA,SRL,CONSULTING,PR30,1997-03-20,0
C:1966,Polo Group,SPA,CONSULTING,PR32,1997-03-23,0
C:1967,Poval SpA,SPA,SOFTWARE,PR20,1997-03-26,0
C:1968,Mondi Group,SRL,CONSULTING,PR05,1997-03-29,0
C:1969,Gufo SpA,SRL,HOSPITALITY,PR12,1997-04-01,0
C:1970,Fopas Group,SPA,SOFTWARE,PR15,1997-04-05,0
C:1971,Cani Srl,SRL,MANUFACTURING,PR49,1997-04-08,0
C:1972,Rosren Srl,SRL,CONSULTING,PR55,1997-04-11,0
C:1973,Gula SpA,SPA,AGRICULTURE,PR48,1997-04-14,0
C:1974,Rostin SpA,SRL,SOFTWARE,PR11,1997-04-17,0
C:1975,Zofer Srl,SRL,HOLDING,PR33,1997-04-21,0
C:1976,Vicor Group,SPA,HOLDING,PR30,1997-04-24,0
C:1977,Dandi Srl,SPA,AGRICULTURE,PR52,1997-04-27,0
C:1978,Berval Srl,SPA,AGRICULTURE,PR35,1997-04-30,0
C:1979,Mefer Srl,SRL,RETAIL,PR54,1997-05-03,0
C:1980,Cormon Srl,SPA,RETAIL,PR02,1997-05-07,0
C:1981,Monren Srl,SRL,AGRICULTURE,PR12,1997-05-10,0
C:1982,Lentin Srl,SRL,CONSTRUCTION,PR49,1997-05-13,0
C:1983,Zola Group,SRL,CONSULTING,PR48,1997-05-16,0
C:1984,Valros Group,SRL,CONSTRUCTION,PR56,1997-05-19,0
C:1985,Giofo Srl,SRL,SOFTWARE,PR51,1997-05-23,0
C:1986,Giovi Srl,SPA,CONSULTING,PR49,1997-05-26,0
C:1987,Casa SpA,SPA,HOSPITALITY,PR07,1997-05-29,0
C:1988,Fertin Srl,SPA,HOSPITALITY,PR05,1997-06-01,0
C:1989,Giober Group,SNC,HOLDING,PR41,1997-06-04,0
C:1990,Zosa Srl,SPA,CONSULTING,PR18,1997-06-08,0
C:1991,Renzo SpA,SPA,SOFTWARE,PR03,1997-06-11,0
C:1992,Guvi Group,SPA,HOLDING,PR39,1997-06-14,0
C:1993,Marlo Group,SPA,MANUFACTURING,PR57,1997-06-17,0
C:1994,Gulo Srl,SRL,REAL_ESTATE,PR02,1997-06-20,0
C:1995,Ruzo Srl,SRL,CONSULTING,PR48,1997-06-24,0
C:1996,Dime SpA,SNC,CONSULTING,PR05,1997-06-27,0
C:1997,Ferdan SpA,SPA,HOSPITALITY,PR10,1997-06-30,0
C:1998,Galni SpA,SNC,MANUFACTURING,PR02,1997-07-03,0
C:1999,Corlen Srl,SRL,CONSULTING,PR44,1997-07-06,0
C:2000,Celen Group,SRL,AGRICULTURE,PR59,1997-07-10,0
C:2001,Ladi SpA,SRL,SOFTWARE,PR41,1997-07-13,0
C:2002,Paslo Group,SRL,SOFTWARE,PR40,1997-07-16,0
C:2003,Marvi SpA,SNC,HOLDING,PR44,1997-07-19,0
C:2004,Zober Group,SPA,HOSPITALITY,PR17,1997-07-22,0
C:2005,Lencor SpA,SRL,RETAIL,PR56,1997-07-26,0
C:2006,Nifer Banca,SPA,BANKING,PR08,1997-07-29,1
C:2007,Berber Group,SRL,REAL_ESTATE,PR37,1997-08-01,0
C:2008,Caros Srl,SRL,AGRICULTURE,PR43,1997-08-04,0
C:2009,Zoren SpA,SNC,AGRICULTURE,PR06,1997-08-07,0
C:2010,Bafo Srl,SRL,SOFTWARE,PR59,1997-08-11,0
C:2011,Galte Srl,SPA,REAL_ESTATE,PR38,1997-08-14,0
C:2012,Pogio SpA,SPA,AGRICULTURE,PR52,1997-08-17,0
C:2013,Rosca Srl,SPA,REAL_ESTATE,PR49,1997-08-20,0
C:2014,Baru Group,SPA,MANUFACTURING,PR43,1997-08-23,0
C:2015,Diru Srl,SPA,HOSPITALITY,PR56,1997-08-27,0
C:2016,Berzo Group,SRL,CONSTRUCTION,PR35,1997-08-30,0
C:2017,Guval SpA,SRL,HOSPITALITY,PR53,1997-09-02,0
C:2018,Cadan SpA,SNC,HOLDING,PR43,1997-09-05,0
C:2019,Marsa Srl,SRL,SOFTWARE,PR13,1997-09-08,0
C:2020,Ruzo SpA,SRL,RETAIL,PR42,1997-09-12,0
C:2021,Monvi Group,SNC,SOFTWARE,PR03,1997-09-15,0
C:2022,Savi SpA,SPA,SOFTWARE,PR03,1997-09-18,0
C:2023,Ferce Group,SNC,SOFTWARE,PR32,1997-09-21,0
C:2024,Memar Group,SRL,AGRICULTURE,PR36,1997-09-24,0
C:2025,Lala Srl,SRL,AGRICULTURE,PR14,1997-09-28,0
C:2026,Berlen Group,SPA,SOFTWARE,PR07,1997-10-01,0
C:2027,Galdi Srl,SRL,HOSPITALITY,PR21,1997-10-04,0
C:2028,Same Srl,SPA,RETAIL,PR56,1997-10-07,0
C:2029,Same Group,SRL,REAL_ESTATE,PR35,1997-10-10,0
C:2030,Vival Srl,SNC,REAL_ESTATE,PR38,1997-10-14,0
C:2031,Galfer Srl,SRL,MANUFACTURING,PR20,1997-10-17,0
C:2032,Fermon SpA,SRL,CONSTRUCTION,PR17,1997-10-20,0
C:2033,Lentin Srl,SPA,LOGISTICS,PR35,1997-10-23,0
C:2034,Monme SpA,SPA,RETAIL,PR18,1997-10-26,0
C:2035,Zoval SpA,SPA,CONSTRUCTION,PR34,1997-10-30,0
C:2036,Megio SpA,SRL,REAL_ESTATE,PR47,1997-11-02,0
C:2037,Cepo Group,SPA,HOSPITALITY,PR47,1997-11-05,0
C:2038,Dicor Srl,SPA,HOSPITALITY,PR22,1997-11-08,0
C:2039,Fola Group,SRL,CONSULTING,PR49,1997-11-11,0
C:2040,Lagal Srl,SRL,CONSULTING,PR12,1997-11-15,0
C:2041,Monla SpA,SPA,HOSPITALITY,PR53,1997-11-18,0
C:2042,Zocor SpA,SRL,HOSPITALITY,PR53,1997-11-21,0
C:2043,Galgu SpA,SNC,MANUFACTURING,PR46,1997-11-24,0
C:2044,Telo SpA,SRL,LOGISTICS,PR54,1997-11-27,0
C:2045,Saru Group,SPA,AGRICULTURE,PR02,1997-12-01,0
C:2046,Marpo Group,SPA,AGRICULTURE,PR36,1997-12-04,0
C:2047,Meca Srl,SPA,HOLDING,PR11,1997-12-07,0
C:2048,Folen Group,SRL,MANUFACTURING,PR58,1997-12-10,0
C:2049,Valmon Group,SRL,AGRICULTURE,PR25,1997-12-13,0
C:2050,Bagu Group,SPA,AGRICULTURE,PR39,1997-12-17,0
C:2051,Pasni Group,SPA,HOLDING,PR04,1997-12-20,0
C:2052,Rospas Group,SPA,CONSULTING,PR00,1997-12-23,0
C:2053,Valzo SpA,SNC,HOSPITALITY,PR58,1997-12-26,0
C:2054,Ferba SpA,SNC,REAL_ESTATE,PR25,1997-12-29,0
C:2055,Bapas Group,SNC,CONSTRUCTION,PR00,1998-01-02,0
C:2056,Pasru SpA,SRL,MANUFACTURING,PR50,1998-01-05,0
C:2057,Dangu Srl,SRL,CONSULTING,PR29,1998-01-08,0
C:2058,Fodan SpA,SRL,AGRICULTURE,PR45,1998-01-11,0
C:2059,Samon SpA,SRL,REAL_ESTATE,PR38,1998-01-14,0
C:2060,Tinfer Srl,SPA,CONSTRUCTION,PR22,1998-01-18,0
C:2061,Rupo Srl,SPA,CONSTRUCTION,PR28,1998-01-21,0
C:2062,Tinni Srl,SNC,MANUFACTURING,PR09,1998-01-24,0
C:2063,Lote Srl,SRL,MANUFACTURING,PR14,1998-01-27,0
C:2064,Cegal Srl,SRL,HOSPITALITY,PR09,1998-01-30,0
C:2065,Rospo Group,SRL,AGRICULTURE,PR10,1998-02-03,0
C:2066,Nice SpA,SPA,RETAIL,PR21,1998-02-06,0
C:2067,Sasa SpA,SNC,CONSULTING,PR26,1998-02-09,0
C:2068,Same Banca,SPA,BANKING,PR35,1998-02-12,1
C:2069,Disa Srl,SNC,REAL_ESTATE,PR55,1998-02-15,0
C:2070,Zosa Srl,SRL,SOFTWARE,PR28,1998-02-19,0
C:2071,Guzo Group,SNC,LOGISTICS,PR57,1998-02-22,0
C:2072,Lencor SpA,SPA,HOLDING,PR46,1998-02-25,0
C:2073,Tete Group,SPA,SOFTWARE,PR30,1998-02-28,0
C:2074,Pogal SpA,SPA,RETAIL,PR42,1998-03-03,0
C:2075,Zolo Group,SPA,LOGISTICS,PR02,1998-03-07,0
C:2076,Corros Srl,SPA,CONSTRUCTION,PR36,1998-03-10,0
C:2077,Temar Srl,SRL,HOSPITALITY,PR00,1998-03-13,0
C:2078,Paspas Group,SPA,LOGISTICS,PR45,1998-03-16,0
C:2079,Cepo Srl,SNC,AGRICULTURE,PR32,1998-03-19,0
C:2080,Rendan Srl,SRL,RETAIL,PR46,1998-03-23,0
C:2081,Sadi Srl,SNC,AGRICULTURE,PR30,1998-03-26,0
C:2082,Corber Srl,SRL,REAL_ESTATE,PR06,1998-03-29,0
C:2083,Corros Group,SPA,SOFTWARE,PR22,1998-04-01,0
C:2084,Salo Group,SRL,HOLDING,PR02,1998-04-04,0
C:2085,Caros SpA,SRL,CONSULTING,PR35,1998-04-08,0
C:2086,Pasval SpA,SPA,REAL_ESTATE,PR50,1998-04-11,0
C:2087,Pote Group,SPA,MANUFACTURING,PR12,1998-04-14,0
C:2088,Renmar Group,SPA,AGRICULTURE,PR41,1998-04-17,0
C:2089,Roscor Srl,SRL,REAL_ESTATE,PR13,1998-04-20,0
C:2090,Dangio Srl,SRL,AGRICULTURE,PR28,1998-04-24,0
C:2091,Zosa Group,SRL,AGRICULTURE,PR15,1998-04-27,0
C:2092,Cefo Group,SRL,SOFTWARE,PR31,1998-04-30,0
C:2093,Lame SpA,SRL,CONSULTING,PR20,1998-05-03,0
C:2094,Ferpas Group,SRL,HOSPITALITY,PR45,1998-05-06,0
C:2095,Lenlen Group,SPA,MANUFACTURING,PR03,1998-05-10,0
C:2096,Gallo SpA,SNC,RETAIL,PR06,1998-05-13,0
C:2097,Gioren Srl,SPA,CONSTRUCTION,PR44,1998-05-16,0
C:2098,Mepo Banca,SPA,BANKING,PR45,1998-05-19,1
C:2099,Sate Group,SRL,REAL_ESTATE,PR42,1998-05-22,0
C:2100,Galval Banca,SPA,BANKING,PR21,1998-05-26,1
C:2101,Caba Srl,SNC,CONSTRUCTION,PR27,1998-05-29,0
C:2102,Niren Group,SRL,HOLDING,PR23,1998-06-01,0
C:2103,Cedi Group,SPA,HOSPITALITY,PR07,1998-06-04,0
C:2104,Zofer SpA,SPA,REAL_ESTATE,PR34,1998-06-07,0
C:2105,Valmar Group,SRL,RETAIL,PR11,1998-06-11,0
C:2106,Rendi Banca,SPA,BANKING,PR47,1998-06-14,1
C:2107,Rusa Srl,SPA,HOLDING,PR58,1998-06-17,0
C:2108,Montin SpA,SRL,LOGISTICS,PR20,1998-06-20,0
C:2109,Lome Srl,SRL,REAL_ESTATE,PR33,1998-06-23,0
C:2110,Mece Group,SPA,AGRICULTURE,PR14,1998-06-27,0
C:2111,Passa Srl,SRL,LOGISTICS,PR44,1998-06-30,0
C:2112,Visa Srl,SRL,REAL_ESTATE,PR13,1998-07-03,0
C:2113,Renval SpA,SRL,MANUFACTURING,PR09,1998-07-06,0
C:2114,Dimon SpA,SPA,SOFTWARE,PR29,1998-07-09,0
C:2115,Lenca Srl,SRL,HOLDING,PR27,1998-07-13,0
C:2116,Guni Group,SPA,LOGISTICS,PR31,1998-07-16,0
C:2117,Monmar Group,SPA,AGRICULTURE,PR58,1998-07-19,0
C:2118,Monba SpA,SRL,HOLDING,PR27,1998-07-22,0
C:2119,Nilo Group,SPA,SOFTWARE,PR54,1998-07-25,0
C:2120,Pasval Group,SNC,RETAIL,PR25,1998-07-29,0
C:2121,Gallen Group,SRL,AGRICULTURE,PR22,1998-08-01,0
C:2122,Balo SpA,SRL,SOFTWARE,PR19,1998-08-04,0
C:2123,Fermon SpA,SRL,AGRICULTURE,PR31,1998-08-07,0
C:2124,Nifo Group,SNC,HOSPITALITY,PR01,1998-08-10,0
C:2125,Danla Srl,SPA,CONSTRUCTION,PR14,1998-08-14,0
C:2126,Bapas Srl,SPA,CONSULTING,PR01,1998-08-17,0
C:2127,Savi SpA,SRL,MANUFACTURING,PR00,1998-08-20,0
C:2128,Ruros SpA,SNC,MANUFACTURING,PR09,1998-08-23,0
C:2129,Zodan Srl,SRL,MANUFACTURING,PR10,1998-08-26,0
C:2130,Fopo Srl,SNC,CONSULTING,PR15,1998-08-30,0
C:2131,Foru Banca,SPA,BANKING,PR48,1998-09-02,1
C:2132,Foce Group,SNC,HOSPITALITY,PR50,1998-09-05,0
C:2133,Saros SpA,SRL,HOLDING,PR35,1998-09-08,0
C:2134,Gulo Group,SRL,HOSPITALITY,PR35,1998-09-11,0
C:2135,Dila Group,SRL,CONSULTING,PR23,1998-09-15,0
C:2136,Temon SpA,SRL,HOLDING,PR14,1998-09-18,0
C:2137,Vilo SpA,SRL,CONSTRUCTION,PR27,1998-09-21,0
C:2138,Lenpas SpA,SRL,MANUFACTURING,PR10,1998-09-24,0
C:2139,Danru Srl,SRL,HOSPITALITY,PR05,1998-09-27,0
C:2140,Mongal Srl,SPA,HOSPITALITY,PR21,1998-10-01,0
C:2141,Lofer SpA,SRL,REAL_ESTATE,PR34,1998-10-04,0
C:2142,Marber Srl,SNC,MANUFACTURING,PR19,1998-10-07,0
C:2143,Foru Srl,SRL,LOGISTICS,PR14,1998-10-10,0
C:2144,Teros Group,SRL,LOGISTICS,PR40,1998-10-13,0
C:2145,Viren Srl,SRL,SOFTWARE,PR47,1998-10-17,0
C:2146,Danca SpA,SPA,REAL_ESTATE,PR39,1998-10-20,0
C:2147,Fermar SpA,SPA,SOFTWARE,PR18,1998-10-23,0
C:2148,Tepo Group,SNC,MANUFACTURING,PR38,1998-10-26,0
C:2149,Marcor SpA,SRL,SOFTWARE,PR29,1998-10-29,0
C:2150,Pober Srl,SRL,CONSTRUCTION,PR40,1998-11-02,0
C:2151,Zober Group,SPA,LOGISTICS,PR07,1998-11-05,0
C:2152,Cepo Srl,SRL,RETAIL,PR16,1998-11-08,0
C:2153,Dival Group,SRL,RETAIL,PR31,1998-11-11,0
C:2154,Lalen SpA,SRL,LOGISTICS,PR01,1998-11-14,0
C:2155,Vipas Srl,SNC,LOGISTICS,PR47,1998-11-18,0
C:2156,Cormar Group,SPA,HOSPITALITY,PR38,1998-11-21,0
C:2157,Lente Srl,SRL,HOSPITALITY,PR26,1998-11-24,0
C:2158,Foni Srl,SNC,REAL_ESTATE,PR07,1998-11-27,0
C:2159,Valba SpA,SRL,HOSPITALITY,PR26,1998-11-30,0
C:2160,Pogu Srl,SNC,RETAIL,PR01,1998-12-04,0
C:2161,Rume Group,SRL,HOLDING,PR34,1998-12-07,0
C:2162,Gugio Group,SNC,LOGISTICS,PR35,1998-12-10,0
C:2163,Lola Group,SRL,MANUFACTURING,PR13,1998-12-13,0
C:2164,Renzo SpA,SPA,SOFTWARE,PR20,1998-12-16,0
C:2165,Berme Group,SRL,REAL_ESTATE,PR59,1998-12-20,0
C:2166,Fogio Srl,SRL,AGRICULTURE,PR36,1998-12-23,0
C:2167,Bervi Srl,SRL,MANUFACTURING,PR28,1998-12-26,0
C:2168,Lapo Group,SPA,LOGISTICS,PR48,1998-12-29,0
C:2169,Sazo Srl,SRL,LOGISTICS,PR54,1999-01-01,0
C:2170,Pogu Group,SRL,HOSPITALITY,PR42,1999-01-05,0
C:2171,Tepas Group,SRL,REAL_ESTATE,PR25,1999-01-08,0
C:2172,Gumon Srl,SPA,RETAIL,PR48,1999-01-11,0
C:2173,Marval SpA,SPA,HOSPITALITY,PR00,1999-01-14,0
C:2174,Viros Srl,SRL,LOGISTICS,PR04,1999-01-17,0
C:2175,Pasni SpA,SRL,HOSPITALITY,PR35,1999-01-21,0
C:2176,Nipo SpA,SRL,SOFTWARE,PR30,1999-01-24,0
C:2177,Gupas Srl,SRL,MANUFACTURING,PR49,1999-01-27,0
C:2178,Same Group,SRL,SOFTWARE,PR59,1999-01-30,0
C:2179,Lenme Group,SRL,HOSPITALITY,PR23,1999-02-02,0
C:2180,Berte Srl,SRL,SOFTWARE,PR53,1999-02-06,0
C:2181,Rosca SpA,SRL,LOGISTICS,PR31,1999-02-09,0
C:2182,Bercor Srl,SNC,MANUFACTURING,PR52,1999-02-12,0
C:2183,Rute SpA,SPA,MANUFACTURING,PR25,1999-02-15,0
C:2184,Lenla Group,SRL,SOFTWARE,PR08,1999-02-18,0
C:2185,Ferla SpA,SRL,REAL_ESTATE,PR08,1999-02-22,0
C:2186,Guren Group,SRL,SOFTWARE,PR56,1999-02-25,0
C:2187,Bapas Srl,SRL,HOSPITALITY,PR02,1999-02-28,0
C:2188,Rentin Srl,SRL,REAL_ESTATE,PR10,1999-03-03,0
C:2189,Gioren Srl,SRL,AGRICULTURE,PR43,1999-03-06,0
C:2190,Rudi Group,SRL,REAL_ESTATE,PR23,1999-03-10,0
C:2191,Berdi SpA,SRL,LOGISTICS,PR48,1999-03-13,0
C:2192,Niru Srl,SRL,SOFTWARE,PR27,1999-03-16,0
C:2193,Renber Srl,SRL,CONSTRUCTION,PR06,1999-03-19,0
C:2194,Ferval SpA,SRL,REAL_ESTATE,PR14,1999-03-22,0
C:2195,Giogio Srl,SPA,SOFTWARE,PR27,1999-03-26,0
C:2196,Laval Srl,SPA,MANUFACTURING,PR49,1999-03-29,0
C:2197,Tingio Group,SPA,LOGISTICS,PR37,1999-04-01,0
C:2198,Rosgal Srl,SRL,HOLDING,PR37,1999-04-04,0
C:2199,Lani SpA,SRL,HOSPITALITY,PR47,1999-04-07,0
C:2200,Batin Srl,SRL,AGRICULTURE,PR24,1999-04-11,0
C:2201,Monca Srl,SRL,CONSTRUCTION,PR53,1999-04-14,0
C:2202,Pasval Group,SRL,REAL_ESTATE,PR49,1999-04-17,0
C:2203,Divi SpA,SPA,RETAIL,PR18,1999-04-20,0
C:2204,Gugio Srl,SRL,CONSULTING,PR57,1999-04-23,0
C:2205,Cedan SpA,SRL,REAL_ESTATE,PR16,1999-04-27,0
C:2206,Gula Group,SNC,REAL_ESTATE,PR31,1999-04-30,0
C:2207,Pasber Srl,SPA,MANUFACTURING,PR29,1999-05-03,0
C:2208,Pasfer SpA,SRL,REAL_ESTATE,PR44,1999-05-06,0
C:2209,Dice Group,SRL,REAL_ESTATE,PR45,1999-05-09,0
C:2210,Renba SpA,SRL,HOLDING,PR25,1999-05-13,0
C:2211,Valzo Srl,SRL,REAL_ESTATE,PR10,1999-05-16,0
C:2212,Marla SpA,SPA,CONSTRUCTION,PR01,1999-05-19,0
C:2213,Nicor Srl,SNC,SOFTWARE,PR33,1999-05-22,0
C:2214,Guni SpA,SRL,REAL_ESTATE,PR33,1999-05-25,0
C:2215,Rence SpA,SRL,AGRICULTURE,PR39,1999-05-29,0
C:2216,Galren SpA,SRL,RETAIL,PR58,1999-06-01,0
C:2217,Baros Group,SRL,MANUFACTURING,PR54,1999-06-04,0
C:2218,Montin Group,SRL,HOSPITALITY,PR59,1999-06-07,0
C:2219,Gupo Srl,SNC,HOLDING,PR13,1999-06-10,0
C:2220,Fopo Group,SRL,MANUFACTURING,PR39,1999-06-14,0
C:2221,Saru SpA,SRL,MANUFACTURING,PR32,1999-06-17,0
C:2222,Rupo SpA,SRL,LOGISTICS,PR18,1999-06-20,0
C:2223,Berdi Srl,SRL,CONSTRUCTION,PR01,1999-06-23,0
C:2224,Mecor SpA,SRL,HOSPITALITY,PR10,1999-06-26,0
C:2225,Vice Srl,SRL,SOFTWARE,PR43,1999-06-30,0
C:2226,Lapo Srl,SRL,HOLDING,PR13,1999-07-03,0
C:2227,Monte Group,SPA,RETAIL,PR57,1999-07-06,0
C:2228,Dizo SpA,SRL,HOSPITALITY,PR44,1999-07-09,0
C:2229,Loca SpA,SRL,AGRICULTURE,PR41,1999-07-12,0
C:2230,Polo Srl,SPA,RETAIL,PR09,1999-07-16,0
C:2231,Valber Srl,SNC,CONSTRUCTION,PR03,1999-07-19,0
C:2232,Lolo SpA,SRL,LOGISTICS,PR10,1999-07-22,0
C:2233,Tinlo Srl,SPA,RETAIL,PR32,1999-07-25,0
C:2234,Gupas Group,SRL,CONSULTING,PR34,1999-07-28,0
C:2235,Gioval Group,SRL,CONSTRUCTION,PR53,1999-08-01,0
C:2236,Renzo SpA,SPA,RETAIL,PR07,1999-08-04,0
C:2237,Ferme SpA,SNC,AGRICULTURE,PR12,1999-08-07,0
C:2238,Nilo SpA,SRL,CONSTRUCTION,PR08,1999-08-10,0
C:2239,Dantin Srl,SNC,MANUFACTURING,PR19,1999-08-13,0
C:2240,Marros Srl,SRL,MANUFACTURING,PR58,1999-08-17,0
C:2241,Marte Group,SPA,REAL_ESTATE,PR54,1999-08-20,0
C:2242,Lensa Srl,SRL,CONSULTING,PR04,1999-08-23,0
C:2243,Lafo SpA,SPA,REAL_ESTATE,PR56,1999-08-26,0
C:2244,Fozo Srl,SRL,CONSULTING,PR20,1999-08-29,0
C:2245,Galber SpA,SRL,MANUFACTURING,PR46,1999-09-02,0
C:2246,Giovi Srl,SPA,SOFTWARE,PR24,1999-09-05,0
C:2247,Lenpas Banca,SPA,BANKING,PR25,1999-09-08,1
C:2248,Pascor SpA,SRL,RETAIL,PR28,1999-09-11,0
C:2249,Sadan Group,SPA,AGRICULTURE,PR23,1999-09-14,0
C:2250,Lenlo Srl,SPA,MANUFACTURING,PR42,1999-09-18,0
C:2251,Diru Srl,SPA,MANUFACTURING,PR13,1999-09-21,0
C:2252,Mefer Group,SNC,AGRICULTURE,PR27,1999-09-24,0
C:2253,Mepas SpA,SNC,REAL_ESTATE,PR59,1999-09-27,0
C:2254,Margu SpA,SRL,RETAIL,PR35,1999-09-30,0
C:2255,Sazo SpA,SRL,AGRICULTURE,PR00,1999-10-04,0
C:2256,Marla Srl,SPA,CONSULTING,PR57,1999-10-07,0
C:2257,Nitin SpA,SRL,CONSULTING,PR41,1999-10-10,0
C:2258,Corval SpA,SRL,LOGISTICS,PR25,1999-10-13,0
C:2259,Cedi SpA,SPA,LOGISTICS,PR18,1999-10-16,0
C:2260,Baba SpA,SRL,SOFTWARE,PR07,1999-10-20,0
C:2261,Monvi Group,SRL,SOFTWARE,PR40,1999-10-23,0
C:2262,Dilo Group,SPA,CONSTRUCTION,PR17,1999-10-26,0
C:2263,Berfo Group,SRL,LOGISTICS,PR14,1999-10-29,0
C:2264,Rosme Srl,SPA,CONSULTING,PR59,1999-11-01,0
C:2265,Monval Group,SRL,CONSULTING,PR17,1999-11-05,0
C:2266,Corgal SpA,SRL,AGRICULTURE,PR00,1999-11-08,0
C:2267,Danfer Group,SRL,LOGISTICS,PR04,1999-11-11,0
C:2268,Berlen Group,SRL,HOLDING,PR50,1999-11-14,0
C:2269,Fergio SpA,SRL,HOLDING,PR38,1999-11-17,0
C:2270,Poru Srl,SRL,SOFTWARE,PR56,1999-11-21,0
C:2271,Saren Srl,SNC,HOSPITALITY,PR18,1999-11-24,0
C:2272,Bate Srl,SPA,RETAIL,PR54,1999-11-27,0
C:2273,Zolo Srl,SPA,REAL_ESTATE,PR34,1999-11-30,0
C:2274,Gioni Srl,SPA,HOSPITALITY,PR21,1999-12-03,0
C:2275,Bermar SpA,SRL,LOGISTICS,PR12,1999-12-07,0
C:2276,Saca Group,SRL,LOGISTICS,PR55,1999-12-10,0
C:2277,Lober Srl,SRL,AGRICULTURE,PR11,1999-12-13,0
C:2278,Tinber Group,SRL,HOSPITALITY,PR21,1999-12-16,0
C:2279,Rosmar Group,SRL,HOSPITALITY,PR40,1999-12-19,0
C:2280,Mefo Group,SRL,SOFTWARE,PR39,1999-12-23,0
C:2281,Saval Srl,SPA,AGRICULTURE,PR23,1999-12-26,0
C:2282,Camon SpA,SRL,MANUFACTURING,PR37,1999-12-29,0
C:2283,Cete Banca,SPA,BANKING,PR27,2000-01-01,1
C:2284,Nilo Srl,SRL,REAL_ESTATE,PR59,2000-01-04,0
C:2285,Guni Srl,SRL,AGRICULTURE,PR52,2000-01-08,0
C:2286,Berca Srl,SRL,CONSTRUCTION,PR04,2000-01-11,0
C:2287,Tevi Srl,SNC,HOSPITALITY,PR48,2000-01-14,0
C:2288,Berte Group,SRL,MANUFACTURING,PR47,2000-01-17,0
C:2289,Rosber Group,SRL,MANUFACTURING,PR22,2000-01-20,0
C:2290,Tefer SpA,SRL,CONSTRUCTION,PR12,2000-01-24,0
C:2291,Berdi Group,SRL,REAL_ESTATE,PR25,2000-01-27,0
C:2292,Mefer Srl,SRL,RETAIL,PR33,2000-01-30,0
C:2293,Digal SpA,SPA,SOFTWARE,PR38,2000-02-02,0
C:2294,Galmar Srl,SNC,CONSTRUCTION,PR45,2000-02-05,0
C:2295,Bace Group,SPA,MANUFACTURING,PR13,2000-02-09,0
C:2296,Lendi Group,SPA,LOGISTICS,PR21,2000-02-12,0
C:2297,Lober Srl,SPA,HOSPITALITY,PR04,2000-02-15,0
C:2298,Rulen Srl,SRL,AGRICULTURE,PR59,2000-02-18,0
C:2299,Berdan SpA,SNC,LOGISTICS,PR27,2000-02-21,0
C:2300,Marlo Group,SPA,CONSULTING,PR32,2000-02-25,0
C:2301,Vival Group,SRL,HOLDING,PR32,2000-02-28,0
C:2302,Melo Banca,SPA,BANKING,PR54,2000-03-02,1
C:2303,Lenvi Srl,SPA,REAL_ESTATE,PR05,2000-03-05,0
C:2304,Galros SpA,SRL,SOFTWARE,PR13,2000-03-08,0
C:2305,Galpas SpA,SRL,AGRICULTURE,PR51,2000-03-12,0
C:2306,Foca Srl,SRL,AGRICULTURE,PR23,2000-03-15,0
C:2307,Mondi Group,SPA,HOSPITALITY,PR34,2000-03-18,0
C:2308,Pasfo SpA,SRL,HOLDING,PR19,2000-03-21,0
C:2309,Rume Srl,SRL,HOSPITALITY,PR00,2000-03-24,0
C:2310,Megio Srl,SRL,RETAIL,PR57,2000-03-28,0
C:2311,Valpas Group,SNC,SOFTWARE,PR31,2000-03-31,0
C:2312,Saren Srl,SRL,LOGISTICS,PR02,2000-04-03,0
C:2313,Bate Srl,SPA,RETAIL,PR19,2000-04-06,0
C:2314,Ruren Group,SPA,CONSTRUCTION,PR12,2000-04-09,0
C:2315,Monsa Srl,SRL,SOFTWARE,PR11,2000-04-13,0
C:2316,Rensa Srl,SRL,HOLDING,PR14,2000-04-16,0
C:2317,Dilen Group,SRL,SOFTWARE,PR35,2000-04-19,0
C:2318,Tepo Group,SRL,LOGISTICS,PR49,2000-04-22,0
C:2319,Vimon SpA,SPA,HOSPITALITY,PR15,2000-04-25,0
C:2320,Danpas Srl,SRL,LOGISTICS,PR29,2000-04-29,0
C:2321,Rugio Srl,SNC,SOFTWARE,PR15,2000-05-02,0
C:2322,Marca Srl,SRL,LOGISTICS,PR41,2000-05-05,0
C:2323,Rosce SpA,SPA,SOFTWARE,PR20,2000-05-08,0
C:2324,Tetin Group,SNC,LOGISTICS,PR01,2000-05-11,0
C:2325,Zopas Group,SPA,HOSPITALITY,PR16,2000-05-15,0
C:2326,Berru Group,SRL,SOFTWARE,PR24,2000-05-18,0
C:2327,Celo SpA,SRL,HOSPITALITY,PR28,2000-05-21,0
C:2328,Marmar Srl,SPA,REAL_ESTATE,PR37,2000-05-24,0
C:2329,Zotin Group,SRL,CONSTRUCTION,PR29,2000-05-27,0
C:2330,Nigio Group,SPA,RETAIL,PR42,2000-05-31,0
C:2331,Tinzo SpA,SRL,CONSULTING,PR11,2000-06-03,0
C:2332,Loros Srl,SRL,CONSULTING,PR43,2000-06-06,0
C:2333,Rugio SpA,SPA,RETAIL,PR01,2000-06-09,0
C:2334,Rufo Srl,SRL,CONSULTING,PR24,2000-06-12,0
C:2335,Pogio Group,SRL,REAL_ESTATE,PR13,2000-06-16,0
C:2336,Galmar SpA,SRL,RETAIL,PR14,2000-06-19,0
C:2337,Teber Group,SRL,REAL_ESTATE,PR26,2000-06-22,0
C:2338,Pober Group,SRL,REAL_ESTATE,PR53,2000-06-25,0
C:2339,Lagu SpA,SRL,RETAIL,PR43,2000-06-28,0
C:2340,Monlen Group,SPA,AGRICULTURE,PR31,2000-07-02,0
C:2341,Lapas SpA,SRL,SOFTWARE,PR16,2000-07-05,0
C:2342,Tedi Group,SNC,CONSULTING,PR01,2000-07-08,0
C:2343,Dante Group,SPA,CONSULTING,PR03,2000-07-11,0
C:2344,Dandan SpA,SRL,SOFTWARE,PR52,2000-07-14,0
C:2345,Tinval Srl,SNC,LOGISTICS,PR59,2000-07-18,0
C:2346,Rengio SpA,SRL,SOFTWARE,PR36,2000-07-21,0
C:2347,Valren Group,SRL,AGRICULTURE,PR18,2000-07-24,0
C:2348,Cacor SpA,SNC,CONSULTING,PR41,2000-07-27,0
C:2349,Dance Group,SRL,LOGISTICS,PR50,2000-07-30,0
C:2350,Renla Group,SRL,AGRICULTURE,PR37,2000-08-03,0
C:2351,Bazo SpA,SPA,AGRICULTURE,PR10,2000-08-06,0
C:2352,Memar Group,SPA,SOFTWARE,PR08,2000-08-09,0
C:2353,Poni Srl,SRL,SOFTWARE,PR04,2000-08-12,0
C:2354,Zodan Group,SPA,HOLDING,PR04,2000-08-15,0
C:2355,Pasdi Group,SRL,CONSULTING,PR13,2000-08-19,0
C:2356,Sagu Group,SRL,CONSTRUCTION,PR30,2000-08-22,0
C:2357,Nigio SpA,SRL,LOGISTICS,PR11,2000-08-25,0
C:2358,Lome Srl,SPA,AGRICULTURE,PR29,2000-08-28,0
C:2359,Giote Srl,SPA,AGRICULTURE,PR13,2000-08-31,0
C:2360,Corren Banca,SPA,BANKING,PR05,2000-09-04,1
C:2361,Bagal Banca,SPA,BANKING,PR54,2000-09-07,1
C:2362,Valba Srl,SPA,REAL_ESTATE,PR27,2000-09-10,0
C:2363,Galgio Banca,SPA,BANKING,PR39,2000-09-13,1
C:2364,Paslo Srl,SPA,REAL_ESTATE,PR36,2000-09-16,0
C:2365,Cece Group,SNC,HOLDING,PR26,2000-09-20,0
C:2366,Bergu SpA,SRL,REAL_ESTATE,PR12,2000-09-23,0
C:2367,Galla SpA,SRL,HOSPITALITY,PR59,2000-09-26,0
C:2368,Rosval SpA,SNC,HOLDING,PR52,2000-09-29,0
C:2369,Marpo SpA,SPA,AGRICULTURE,PR49,2000-10-02,0
C:2370,Galba Srl,SPA,CONSTRUCTION,PR40,2000-10-06,0
C:2371,Vitin SpA,SRL,RETAIL,PR21,2000-10-09,0
C:2372,Zober SpA,SRL,MANUFACTURING,PR20,2000-10-12,0
C:2373,Sani Group,SPA,MANUFACTURING,PR58,2000-10-15,0
C:2374,Lenla SpA,SNC,AGRICULTURE,PR22,2000-10-18,0
C:2375,Poru Group,SRL,REAL_ESTATE,PR56,2000-10-22,0
C:2376,Teval Group,SPA,HOSPITALITY,PR21,2000-10-25,0
C:2377,Foca Srl,SRL,MANUFACTURING,PR28,2000-10-28,0
C:2378,Giome Srl,SRL,MANUFACTURING,PR48,2000-10-31,0
C:2379,Rence Group,SRL,AGRICULTURE,PR11,2000-11-03,0
C:2380,Cetin Group,SRL,SOFTWARE,PR43,2000-11-07,0
C:2381,Mardi Srl,SRL,RETAIL,PR22,2000-11-10,0
C:2382,Baba SpA,SRL,CONSTRUCTION,PR37,2000-11-13,0
C:2383,Vigio Srl,SRL,HOSPITALITY,PR24,2000-11-16,0
C:2384,Ladan Group,SNC,AGRICULTURE,PR14,2000-11-19,0
C:2385,Cate Group,SPA,AGRICULTURE,PR17,2000-11-23,0
C:2386,Danla Group,SPA,REAL_ESTATE,PR16,2000-11-26,0
C:2387,Fergio Srl,SRL,HOSPITALITY,PR19,2000-11-29,0
C:2388,Corval Group,SPA,SOFTWARE,PR26,2000-12-02,0
C:2389,Folo Group,SRL,CONSULTING,PR52,2000-12-05,0
C:2390,Lensa Group,SPA,MANUFACTURING,PR56,2000-12-09,0
C:2391,Laval SpA,SRL,SOFTWARE,PR26,2000-12-12,0
C:2392,Dite Srl,SRL,CONSULTING,PR43,2000-12-15,0
C:2393,Tinpo Srl,SRL,HOSPITALITY,PR36,2000-12-18,0
C:2394,Zogu SpA,SPA,CONSTRUCTION,PR26,2000-12-21,0
C:2395,Bercor Srl,SPA,REAL_ESTATE,PR34,2000-12-25,0
C:2396,Renval SpA,SRL,LOGISTICS,PR47,2000-12-28,0
C:2397,Bafer Srl,SPA,SOFTWARE,PR25,2000-12-31,0
C:2398,Pober Srl,SRL,CONSTRUCTION,PR25,2001-01-03,0
C:2399,Tinvi Group,SRL,AGRICULTURE,PR59,2001-01-06,0
C:2400,Lasa Group,SRL,HOLDING,PR00,2001-01-10,0
C:2401,Bace Srl,SRL,HOLDING,PR32,2001-01-13,0
C:2402,Mongio SpA,SRL,HOSPITALITY,PR10,2001-01-16,0
C:2403,Rudan Group,SPA,HOLDING,PR55,2001-01-19,0
C:2404,Megal SpA,SPA,HOSPITALITY,PR36,2001-01-22,0
C:2405,Bafo Group,SRL,CONSULTING,PR49,2001-01-26,0
C:2406,Niber Srl,SRL,AGRICULTURE,PR19,2001-01-29,0
C:2407,Gupas SpA,SPA,SOFTWARE,PR07,2001-02-01,0
C:2408,Fertin Group,SRL,CONSTRUCTION,PR05,2001-02-04,0
C:2409,Metin Group,SPA,SOFTWARE,PR28,2001-02-07,0
C:2410,Baval SpA,SRL,CONSULTING,PR42,2001-02-11,0
C:2411,Marpas Srl,SRL,SOFTWARE,PR45,2001-02-14,0
C:2412,Zogal SpA,SRL,REAL_ESTATE,PR51,2001-02-17,0
C:2413,Celo SpA,SRL,HOSPITALITY,PR59,2001-02-20,0
C:2414,Vigal SpA,SRL,RETAIL,PR40,2001-02-23,0
C:2415,Galpas Srl,SPA,MANUFACTURING,PR36,2001-02-27,0
C:2416,Laru Group,SPA,REAL_ESTATE,PR02,2001-03-02,0
C:2417,Monber Srl,SRL,CONSULTING,PR54,2001-03-05,0
C:2418,Rence Srl,SNC,AGRICULTURE,PR47,2001-03-08,0
C:2419,Tezo Srl,SRL,AGRICULTURE,PR31,2001-03-11,0
C:2420,Cemon Srl,SRL,HOSPITALITY,PR30,2001-03-15,0
C:2421,Tinpo SpA,SRL,RETAIL,PR57,2001-03-18,0
C:2422,Rufo Srl,SRL,CONSTRUCTION,PR06,2001-03-21,0
C:2423,Corvi SpA,SRL,RETAIL,PR59,2001-03-24,0
C:2424,Giogal Group,SRL,LOGISTICS,PR42,2001-03-27,0
C:2425,Rente SpA,SRL,REAL_ESTATE,PR12,2001-03-31,0
C:2426,Batin Group,SPA,AGRICULTURE,PR06,2001-04-03,0
C:2427,Vigu SpA,SRL,MANUFACTURING,PR45,2001-04-06,0
C:2428,Focor SpA,SRL,SOFTWARE,PR35,2001-04-09,0
C:2429,Lenpas Banca,SPA,BANKING,PR51,2001-04-12,1
C:2430,Lendan Srl,SRL,SOFTWARE,PR17,2001-04-16,0
C:2431,Zogu Group,SNC,LOGISTICS,PR50,2001-04-19,0
C:2432,Gudan Group,SRL,SOFTWARE,PR33,2001-04-22,0
C:2433,Giodan Srl,SRL,CONSTRUCTION,PR51,2001-04-25,0
C:2434,Berlen SpA,SPA,RETAIL,PR30,2001-04-28,0
C:2435,Galgio Srl,SRL,CONSULTING,PR23,2001-05-02,0
C:2436,Galla Group,SRL,CONSTRUCTION,PR54,2001-05-05,0
C:2437,Tezo Group,SRL,SOFTWARE,PR24,2001-05-08,0
C:2438,Tincor SpA,SRL,SOFTWARE,PR35,2001-05-11,0
C:2439,Monca Group,SRL,REAL_ESTATE,PR59,2001-05-14,0
C:2440,Teca Group,SNC,SOFTWARE,PR12,2001-05-18,0
C:2441,Temar Group,SRL,SOFTWARE,PR56,2001-05-21,0
C:2442,Bergal Srl,SRL,RETAIL,PR26,2001-05-24,0
C:2443,Gusa Srl,SPA,HOLDING,PR43,2001-05-27,0
C:2444,Valla Srl,SNC,RETAIL,PR53,2001-05-30,0
C:2445,Vicor SpA,SRL,MANUFACTURING,PR09,2001-06-03,0
C:2446,Valmon Srl,SRL,SOFTWARE,PR13,2001-06-06,0
C:2447,Lensa Group,SPA,AGRICULTURE,PR34,2001-06-09,0
C:2448,Marfo SpA,SRL,SOFTWARE,PR10,2001-06-12,0
C:2449,Vice Group,SRL,RETAIL,PR15,2001-06-15,0
C:2450,Danla SpA,SRL,HOSPITALITY,PR40,2001-06-19,0
C:2451,Laru Group,SRL,HOLDING,PR50,2001-06-22,0
C:2452,Berros Srl,SPA,LOGISTICS,PR21,2001-06-25,0
C:2453,Lofo Srl,SRL,HOLDING,PR38,2001-06-28,0
C:2454,Meru Group,SRL,CONSULTING,PR06,2001-07-01,0
C:2455,Caval SpA,SRL,LOGISTICS,PR53,2001-07-05,0
C:2456,Melen Group,SPA,REAL_ESTATE,PR51,2001-07-08,0
C:2457,Monba Group,SPA,REAL_ESTATE,PR49,2001-07-11,0
C:2458,Tingio Group,SPA,HOSPITALITY,PR20,2001-07-14,0
C:2459,Loca SpA,SRL,RETAIL,PR39,2001-07-17,0
C:2460,Marme Srl,SPA,HOSPITALITY,PR48,2001-07-21,0
C:2461,Cafer Srl,SNC,SOFTWARE,PR24,2001-07-24,0
C:2462,Poros SpA,SRL,SOFTWARE,PR14,2001-07-27,0
C:2463,Lapo Srl,SRL,SOFTWARE,PR40,2001-07-30,0
C:2464,Vallen Srl,SRL,CONSULTING,PR41,2001-08-02,0
C:2465,Tinren SpA,SRL,HOLDING,PR47,2001-08-06,0
C:2466,Nival Group,SPA,RETAIL,PR19,2001-08-09,0
C:2467,Lofer Srl,SRL,SOFTWARE,PR12,2001-08-12,0
C:2468,Ruce Group,SNC,MANUFACTURING,PR33,2001-08-15,0
C:2469,Cadan Srl,SRL,HOSPITALITY,PR17,2001-08-18,0
C:2470,Visa Group,SRL,SOFTWARE,PR16,2001-08-22,0
C:2471,Nilen SpA,SRL,CONSTRUCTION,PR20,2001-08-25,0
C:2472,Meren SpA,SRL,CONSULTING,PR44,2001-08-28,0
C:2473,Rengu SpA,SRL,MANUFACTURING,PR01,2001-08-31,0
C:2474,Berni SpA,SPA,RETAIL,PR50,2001-09-03,0
C:2475,Rosmon Group,SPA,AGRICULTURE,PR02,2001-09-07,0
C:2476,Mondan SpA,SRL,MANUFACTURING,PR53,2001-09-10,0
C:2477,Fersa SpA,SNC,MANUFACTURING,PR26,2001-09-13,0
C:2478,Galgal Srl,SPA,REAL_ESTATE,PR05,2001-09-16,0
C:2479,Valte SpA,SRL,HOSPITALITY,PR47,2001-09-19,0
C:2480,Berlo Group,SPA,MANUFACTURING,PR00,2001-09-23,0
C:2481,Logal SpA,SRL,AGRICULTURE,PR46,2001-09-26,0
C:2482,Dandi SpA,SPA,AGRICULTURE,PR04,2001-09-29,0
C:2483,Tela SpA,SRL,LOGISTICS,PR01,2001-10-02,0
C:2484,Baren SpA,SRL,HOLDING,PR31,2001-10-05,0
C:2485,Margal SpA,SPA,LOGISTICS,PR12,2001-10-09,0
C:2486,Rosgal SpA,SRL,AGRICULTURE,PR03,2001-10-12,0
C:2487,Poba Group,SRL,HOSPITALITY,PR04,2001-10-15,0
C:2488,Pasgio Srl,SRL,AGRICULTURE,PR26,2001-10-18,0
C:2489,Tingal SpA,SRL,LOGISTICS,PR14,2001-10-21,0
C:2490,Lomon Srl,SRL,LOGISTICS,PR44,2001-10-25,0
C:2491,Renlo SpA,SRL,CONSULTING,PR21,2001-10-28,0
C:2492,Pogu Group,SRL,AGRICULTURE,PR10,2001-10-31,0
C:2493,Pogio Group,SRL,AGRICULTURE,PR04,2001-11-03,0
C:2494,Dival SpA,SRL,HOLDING,PR22,2001-11-06,0
C:2495,Danros Group,SRL,MANUFACTURING,PR34,2001-11-10,0
C:2496,Monpas SpA,SRL,HOLDING,PR30,2001-11-13,0
C:2497,Ruros Group,SPA,HOLDING,PR33,2001-11-16,0
C:2498,Montin Srl,SPA,MANUFACTURING,PR02,2001-11-19,0
C:2499,Sala SpA,SRL,HOLDING,PR11,2001-11-22,0
C:2500,Nizo Srl,SRL,CONSTRUCTION,PR45,2001-11-26,0
C:2501,Danber Group,SRL,HOSPITALITY,PR53,2001-11-29,0
C:2502,Lenros Srl,SRL,HOSPITALITY,PR42,2001-12-02,0
C:2503,Sala Group,SRL,AGRICULTURE,PR18,2001-12-05,0
C:2504,Nite Srl,SPA,RETAIL,PR57,2001-12-08,0
C:2505,Tinzo SpA,SRL,LOGISTICS,PR01,2001-12-12,0
C:2506,Monfo SpA,SRL,MANUFACTURING,PR12,2001-12-15,0
C:2507,Zotin SpA,SRL,HOSPITALITY,PR28,2001-12-18,0
C:2508,Potin Group,SNC,MANUFACTURING,PR28,2001-12-21,0
C:2509,Dini Srl,SPA,CONSULTING,PR56,2001-12-24,0
C:2510,Lenber Group,SNC,LOGISTICS,PR15,2001-12-28,0
C:2511,Cefer SpA,SPA,CONSTRUCTION,PR52,2001-12-31,0
C:2512,Lomon Group,SRL,SOFTWARE,PR38,2002-01-03,0
C:2513,Lace Srl,SRL,HOLDING,PR37,2002-01-06,0
C:2514,Diber SpA,SRL,AGRICULTURE,PR13,2002-01-09,0
C:2515,Caru SpA,SPA,AGRICULTURE,PR13,2002-01-13,0
C:2516,Tela Group,SRL,REAL_ESTATE,PR26,2002-01-16,0
C:2517,Vite SpA,SRL,HOSPITALITY,PR48,2002-01-19,0
C:2518,Valdan SpA,SRL,LOGISTICS,PR30,2002-01-22,0
C:2519,Folen Srl,SRL,HOSPITALITY,PR13,2002-01-25,0
C:2520,Bergal Group,SRL,CONSULTING,PR47,2002-01-29,0
C:2521,Nicor Srl,SPA,SOFTWARE,PR55,2002-02-01,0
C:2522,Foca Group,SRL,SOFTWARE,PR29,2002-02-04,0
C:2523,Ruros Group,SPA,SOFTWARE,PR04,2002-02-07,0
C:2524,Vimar Srl,SRL,RETAIL,PR31,2002-02-10,0
C:2525,Monce SpA,SRL,HOLDING,PR28,2002-02-14,0
C:2526,Zolo SpA,SRL,AGRICULTURE,PR36,2002-02-17,0
C:2527,Berren Group,SRL,HOSPITALITY,PR23,2002-02-20,0
C:2528,Marpo SpA,SRL,MANUFACTURING,PR41,2002-02-23,0
C:2529,Lenmon SpA,SRL,MANUFACTURING,PR01,2002-02-26,0
C:2530,Gioros Srl,SRL,SOFTWARE,PR03,2002-03-02,0
C:2531,Laca SpA,SNC,LOGISTICS,PR16,2002-03-05,0
C:2532,Corce Srl,SPA,AGRICULTURE,PR38,2002-03-08,0
C:2533,Giosa Srl,SPA,CONSULTING,PR53,2002-03-11,0
C:2534,Cacor Group,SPA,HOSPITALITY,PR14,2002-03-14,0
C:2535,Zoren Srl,SPA,REAL_ESTATE,PR25,2002-03-18,0
C:2536,Niren Group,SRL,CONSTRUCTION,PR03,2002-03-21,0
C:2537,Pasce SpA,SPA,LOGISTICS,PR49,2002-03-24,0
C:2538,Tinlo Group,SRL,HOLDING,PR50,2002-03-27,0
C:2539,Lolen SpA,SPA,SOFTWARE,PR28,2002-03-30,0
C:2540,Tegio Banca,SPA,BANKING,PR59,2002-04-03,1
C:2541,Berval Srl,SRL,RETAIL,PR27,2002-04-06,0
C:2542,Valsa Group,SPA,AGRICULTURE,PR45,2002-04-09,0
C:2543,Fofo Srl,SPA,CONSTRUCTION,PR51,2002-04-12,0
C:2544,Badan Group,SRL,HOSPITALITY,PR36,2002-04-15,0
C:2545,Lenber Group,SPA,SOFTWARE,PR40,2002-04-19,0
C:2546,Zoros SpA,SNC,RETAIL,PR36,2002-04-22,0
C:2547,Tedan SpA,SPA,RETAIL,PR56,2002-04-25,0
C:2548,Badi Srl,SRL,HOLDING,PR13,2002-04-28,0
C:2549,Marte Srl,SPA,AGRICULTURE,PR55,2002-05-01,0
C:2550,Marcor SpA,SRL,MANUFACTURING,PR12,2002-05-05,0
C:2551,Saren SpA,SRL,MANUFACTURING,PR04,2002-05-08,0
C:2552,Pasmon Banca,SPA,BANKING,PR01,2002-05-11,1
C:2553,Folo Group,SRL,HOSPITALITY,PR33,2002-05-14,0
C:2554,Tindan Group,SRL,LOGISTICS,PR14,2002-05-17,0
C:2555,Valval Group,SPA,REAL_ESTATE,PR23,2002-05-21,0
C:2556,Bapas Group,SRL,REAL_ESTATE,PR25,2002-05-24,0
C:2557,Danfo SpA,SRL,MANUFACTURING,PR38,2002-05-27,0
C:2558,Gioce Banca,SPA,BANKING,PR30,2002-05-30,1
C:2559,Berdi SpA,SRL,RETAIL,PR13,2002-06-02,0
C:2560,Ferber Srl,SPA,CONSULTING,PR56,2002-06-06,0
C:2561,Galzo Banca,SPA,BANKING,PR15,2002-06-09,1
C:2562,Pasros Srl,SRL,LOGISTICS,PR09,2002-06-12,0
C:2563,Celen SpA,SRL,CONSULTING,PR02,2002-06-15,0
C:2564,Monval Group,SNC,MANUFACTURING,PR57,2002-06-18,0
C:2565,Galcor SpA,SRL,RETAIL,PR49,2002-06-22,0
C:2566,Badi SpA,SNC,SOFTWARE,PR18,2002-06-25,0
C:2567,Cevi SpA,SRL,SOFTWARE,PR25,2002-06-28,0
C:2568,Marla SpA,SRL,HOLDING,PR23,2002-07-01,0
C:2569,Laval SpA,SPA,AGRICULTURE,PR57,2002-07-04,0
C:2570,Dicor Group,SPA,AGRICULTURE,PR42,2002-07-08,0
C:2571,Berla Srl,SNC,HOLDING,PR28,2002-07-11,0
C:2572,Lopo Group,SRL,HOLDING,PR03,2002-07-14,0
C:2573,Caber Group,SPA,AGRICULTURE,PR06,2002-07-17,0
C:2574,Didi Srl,SNC,CONSTRUCTION,PR25,2002-07-20,0
C:2575,Rucor SpA,SRL,AGRICULTURE,PR59,2002-07-24,0
C:2576,Tindan SpA,SRL,HOSPITALITY,PR50,2002-07-27,0
C:2577,Valren Srl,SRL,HOSPITALITY,PR08,2002-07-30,0
C:2578,Danval Group,SRL,LOGISTICS,PR44,2002-08-02,0
C:2579,Mete Group,SRL,CONSULTING,PR24,2002-08-05,0
C:2580,Cedan SpA,SRL,REAL_ESTATE,PR13,2002-08-09,0
C:2581,Giozo Group,SRL,REAL_ESTATE,PR04,2002-08-12,0
C:2582,Vime SpA,SNC,SOFTWARE,PR11,2002-08-15,0
C:2583,Melen SpA,SRL,CONSTRUCTION,PR27,2002-08-18,0
C:2584,Caba Group,SNC,CONSTRUCTION,PR47,2002-08-21,0
C:2585,Gioren SpA,SRL,MANUFACTURING,PR15,2002-08-25,0
C:2586,Dandan Srl,SPA,AGRICULTURE,PR33,2002-08-28,0
C:2587,Rumar Group,SPA,SOFTWARE,PR37,2002-08-31,0
C:2588,Tinsa Srl,SRL,CONSTRUCTION,PR44,2002-09-03,0
C:2589,Lenzo SpA,SRL,RETAIL,PR04,2002-09-06,0
C:2590,Didi SpA,SPA,HOSPITALITY,PR30,2002-09-10,0
C:2591,Sapas SpA,SPA,CONSTRUCTION,PR38,2002-09-13,0
C:2592,Monme Group,SRL,HOLDING,PR30,2002-09-16,0
C:2593,Same Srl,SPA,HOLDING,PR29,2002-09-19,0
C:2594,Niru Group,SRL,HOLDING,PR49,2002-09-22,0
C:2595,Galval Group,SRL,HOSPITALITY,PR44,2002-09-26,0
C:2596,Zotin SpA,SPA,SOFTWARE,PR07,2002-09-29,0
C:2597,Rossa SpA,SNC,MANUFACTURING,PR21,2002-10-02,0
C:2598,Fodi Srl,SRL,HOSPITALITY,PR48,2002-10-05,0
C:2599,Mongu Srl,SRL,CONSULTING,PR18,2002-10-08,0
C:2600,Zodan Group,SNC,HOSPITALITY,PR02,2002-10-12,0
C:2601,Nila Srl,SPA,MANUFACTURING,PR16,2002-10-15,0
C:2602,Nifo Group,SRL,CONSULTING,PR38,2002-10-18,0
C:2603,Mesa SpA,SRL,MANUFACTURING,PR52,2002-10-21,0
C:2604,Pascor Srl,SRL,RETAIL,PR24,2002-10-24,0
C:2605,Tinme SpA,SRL,AGRICULTURE,PR57,2002-10-28,0
C:2606,Fermar SpA,SPA,CONSULTING,PR04,2002-10-31,0
C:2607,Bame Srl,SRL,MANUFACTURING,PR54,2002-11-03,0
C:2608,Niren SpA,SRL,REAL_ESTATE,PR47,2002-11-06,0
C:2609,Renren Group,SRL,HOLDING,PR31,2002-11-09,0
C:2610,Marlo SpA,SPA,CONSULTING,PR12,2002-11-13,0
C:2611,Marlo Group,SPA,SOFTWARE,PR17,2002-11-16,0
C:2612,Danme Banca,SPA,BANKING,PR45,2002-11-19,1
C:2613,Pote Srl,SRL,MANUFACTURING,PR45,2002-11-22,0
C:2614,Saval Group,SRL,LOGISTICS,PR05,2002-11-25,0
C:2615,Tepas Srl,SRL,CONSTRUCTION,PR14,2002-11-29,0
C:2616,Berte SpA,SRL,RETAIL,PR14,2002-12-02,0
C:2617,Marlo Srl,SRL,MANUFACTURING,PR05,2002-12-05,0
C:2618,Gucor Srl,SRL,REAL_ESTATE,PR37,2002-12-08,0
C:2619,Corba SpA,SRL,HOLDING,PR48,2002-12-11,0
C:2620,Rucor Srl,SRL,MANUFACTURING,PR17,2002-12-15,0
C:2621,Lenval SpA,SRL,RETAIL,PR56,2002-12-18,0
C:2622,Catin Srl,SRL,SOFTWARE,PR50,2002-12-21,0
C:2623,Fermar SpA,SRL,LOGISTICS,PR59,2002-12-24,0
C:2624,Bergu Srl,SRL,AGRICULTURE,PR23,2002-12-27,0
C:2625,Lola Group,SRL,AGRICULTURE,PR21,2002-12-31,0
C:2626,Bergu Srl,SRL,CONSTRUCTION,PR07,2003-01-03,0
C:2627,Vipo Group,SPA,AGRICULTURE,PR56,2003-01-06,0
C:2628,Sadi SpA,SRL,LOGISTICS,PR38,2003-01-09,0
C:2629,Povi Group,SNC,CONSULTING,PR33,2003-01-12,0
C:2630,Lence SpA,SPA,SOFTWARE,PR20,2003-01-16,0
C:2631,Saba Srl,SRL,CONSTRUCTION,PR08,2003-01-19,0
C:2632,Fogio Srl,SPA,LOGISTICS,PR57,2003-01-22,0
C:2633,Sagu Group,SPA,AGRICULTURE,PR29,2003-01-25,0
C:2634,Podan Srl,SPA,RETAIL,PR03,2003-01-28,0
C:2635,Cepas Srl,SRL,HOSPITALITY,PR18,2003-02-01,0
C:2636,Mondi Group,SRL,AGRICULTURE,PR59,2003-02-04,0
C:2637,Lolo Group,SPA,AGRICULTURE,PR13,2003-02-07,0
C:2638,Dante Group,SRL,MANUFACTURING,PR42,2003-02-10,0
C:2639,Lodi Srl,SRL,HOLDING,PR38,2003-02-13,0
C:2640,Nivi Group,SRL,REAL_ESTATE,PR13,2003-02-17,0
C:2641,Berme SpA,SPA,SOFTWARE,PR14,2003-02-20,0
C:2642,Lenpas Srl,SRL,SOFTWARE,PR26,2003-02-23,0
C:2643,Gula Srl,SRL,RETAIL,PR09,2003-02-26,0
C:2644,Rosren Group,SRL,CONSTRUCTION,PR37,2003-03-01,0
C:2645,Berdan SpA,SRL,CONSTRUCTION,PR54,2003-03-05,0
C:2646,Danlen Group,SNC,HOLDING,PR30,2003-03-08,0
C:2647,Vifo SpA,SPA,AGRICULTURE,PR50,2003-03-11,0
C:2648,Locor Srl,SRL,RETAIL,PR20,2003-03-14,0
C:2649,Dilo Srl,SPA,CONSULTING,PR12,2003-03-17,0
C:2650,Catin Group,SRL,CONSULTING,PR44,2003-03-21,0
C:2651,Nidi Srl,SPA,MANUFACTURING,PR22,2003-03-24,0
C:2652,Rudan SpA,SRL,MANUFACTURING,PR24,2003-03-27,0
C:2653,Marcor Group,SPA,RETAIL,PR22,2003-03-30,0
C:2654,Nice Srl,SRL,HOSPITALITY,PR45,2003-04-02,0
C:2655,Guni Group,SRL,RETAIL,PR48,2003-04-06,0
C:2656,Nica SpA,SRL,CONSULTING,PR20,2003-04-09,0
C:2657,Valce Srl,SRL,HOLDING,PR13,2003-04-12,0
C:2658,Sagu Group,SRL,HOSPITALITY,PR54,2003-04-15,0
C:2659,Berfer Srl,SRL,HOSPITALITY,PR04,2003-04-18,0
C:2660,Guber SpA,SRL,AGRICULTURE,PR24,2003-04-22,0
C:2661,Nidan Srl,SRL,MANUFACTURING,PR28,2003-04-25,0
C:2662,Rumar Srl,SRL,SOFTWARE,PR42,2003-04-28,0
C:2663,Roste Srl,SRL,HOLDING,PR57,2003-05-01,0
C:2664,Lapo SpA,SPA,MANUFACTURING,PR53,2003-05-04,0
C:2665,Galpas Group,SPA,CONSULTING,PR55,2003-05-08,0
C:2666,Dangal Group,SRL,RETAIL,PR30,2003-05-11,0
C:2667,Meru Group,SRL,MANUFACTURING,PR18,2003-05-14,0
C:2668,Vini SpA,SRL,REAL_ESTATE,PR25,2003-05-17,0
C:2669,Rosce Group,SPA,CONSULTING,PR47,2003-05-20,0
C:2670,Dimon Group,SPA,HOLDING,PR37,2003-05-24,0
C:2671,Gioba SpA,SPA,AGRICULTURE,PR33,2003-05-27,0
C:2672,Fervi SpA,SRL,LOGISTICS,PR55,2003-05-30,0
C:2673,Gupas SpA,SRL,RETAIL,PR42,2003-06-02,0
C:2674,Ferce Banca,SPA,BANKING,PR10,2003-06-05,1
C:2675,Salo Group,SRL,CONSTRUCTION,PR06,2003-06-09,0
C:2676,Roszo SpA,SNC,REAL_ESTATE,PR10,2003-06-12,0
C:2677,Cagu Srl,SRL,REAL_ESTATE,PR00,2003-06-15,0
C:2678,Fomar Group,SRL,SOFTWARE,PR36,2003-06-18,0
C:2679,Ferdan Group,SRL,AGRICULTURE,PR29,2003-06-21,0
C:2680,Fofer SpA,SRL,AGRICULTURE,PR01,2003-06-25,0
C:2681,Cagu SpA,SPA,HOSPITALITY,PR14,2003-06-28,0
C:2682,Vimon Banca,SPA,BANKING,PR45,2003-07-01,1
C:2683,Viba SpA,SRL,REAL_ESTATE,PR14,2003-07-04,0
C:2684,Ferros Group,SRL,AGRICULTURE,PR25,2003-07-07,0
C:2685,Laren Group,SRL,SOFTWARE,PR58,2003-07-11,0
C:2686,Lafo Group,SPA,HOLDING,PR23,2003-07-14,0
C:2687,Valpas Banca,SPA,BANKING,PR35,2003-07-17,1
C:2688,Galpo Group,SRL,LOGISTICS,PR22,2003-07-20,0
C:2689,Cafo Srl,SRL,AGRICULTURE,PR17,2003-07-23,0
C:2690,Nivi Group,SPA,RETAIL,PR52,2003-07-27,0
C:2691,Bala Srl,SRL,CONSULTING,PR32,2003-07-30,0
C:2692,Laber Group,SRL,HOLDING,PR26,2003-08-02,0
C:2693,Logal Srl,SRL,CONSTRUCTION,PR19,2003-08-05,0
C:2694,Calen SpA,SRL,HOSPITALITY,PR34,2003-08-08,0
C:2695,Rumar Srl,SRL,HOLDING,PR07,2003-08-12,0
C:2696,Fodi Srl,SRL,RETAIL,PR15,2003-08-15,0
C:2697,Cesa SpA,SRL,SOFTWARE,PR14,2003-08-18,0
C:2698,Calo Srl,SRL,MANUFACTURING,PR42,2003-08-21,0
C:2699,Roscor Srl,SPA,SOFTWARE,PR40,2003-08-24,0
C:2700,Margal Srl,SRL,CONSULTING,PR33,2003-08-28,0
C:2701,Galme Group,SRL,AGRICULTURE,PR59,2003-08-31,0
C:2702,Fervi Group,SRL,HOLDING,PR41,2003-09-03,0
C:2703,Giomon Group,SPA,SOFTWARE,PR07,2003-09-06,0
C:2704,Mezo SpA,SRL,RETAIL,PR02,2003-09-09,0
C:2705,Mevi SpA,SRL,LOGISTICS,PR46,2003-09-13,0
C:2706,Rospas SpA,SNC,AGRICULTURE,PR37,2003-09-16,0
C:2707,Corte SpA,SRL,REAL_ESTATE,PR06,2003-09-19,0
C:2708,Vipo SpA,SNC,LOGISTICS,PR27,2003-09-22,0
C:2709,Pasce Srl,SRL,HOLDING,PR26,2003-09-25,0
C:2710,Giopo Srl,SRL,HOLDING,PR05,2003-09-29,0
C:2711,Bergal Srl,SRL,LOGISTICS,PR26,2003-10-02,0
C:2712,Gioni SpA,SNC,CONSULTING,PR32,2003-10-05,0
C:2713,Cafo Group,SPA,HOSPITALITY,PR25,2003-10-08,0
C:2714,Ferca Group,SRL,MANUFACTURING,PR53,2003-10-11,0
C:2715,Pola SpA,SNC,AGRICULTURE,PR19,2003-10-15,0
C:2716,Cala Srl,SRL,MANUFACTURING,PR22,2003-10-18,0
C:2717,Nime SpA,SRL,RETAIL,PR49,2003-10-21,0
C:2718,Ferru SpA,SRL,CONSULTING,PR45,2003-10-24,0
C:2719,Ruren Srl,SPA,LOGISTICS,PR19,2003-10-27,0
C:2720,Zomon SpA,SRL,REAL_ESTATE,PR19,2003-10-31,0
C:2721,Catin Srl,SRL,HOSPITALITY,PR42,2003-11-03,0
C:2722,Rencor Srl,SRL,MANUFACTURING,PR22,2003-11-06,0
C:2723,Lengio Group,SRL,SOFTWARE,PR06,2003-11-09,0
C:2724,Safer SpA,SRL,LOGISTICS,PR05,2003-11-12,0
C:2725,Renpas Srl,SRL,CONSTRUCTION,PR39,2003-11-16,0
C:2726,Mepas SpA,SPA,RETAIL,PR52,2003-11-19,0
C:2727,Gugal Srl,SPA,HOSPITALITY,PR09,2003-11-22,0
C:2728,Digu Srl,SRL,HOSPITALITY,PR20,2003-11-25,0
C:2729,Calo SpA,SRL,AGRICULTURE,PR10,2003-11-28,0
C:2730,Gupas SpA,SNC,RETAIL,PR20,2003-12-02,0
C:2731,Ferfo SpA,SRL,LOGISTICS,PR07,2003-12-05,0
C:2732,Rugio Srl,SRL,LOGISTICS,PR56,2003-12-08,0
C:2733,Ferros SpA,SPA,HOLDING,PR32,2003-12-11,0
C:2734,Zopas SpA,SPA,HOSPITALITY,PR44,2003-12-14,0
C:2735,Posa Group,SNC,RETAIL,PR26,2003-12-18,0
C:2736,Cani Srl,SPA,MANUFACTURING,PR40,2003-12-21,0
C:2737,Gupas Srl,SRL,REAL_ESTATE,PR24,2003-12-24,0
C:2738,Gufer Group,SPA,CONSTRUCTION,PR51,2003-12-27,0
C:2739,Laca Srl,SRL,REAL_ESTATE,PR56,2003-12-30,0
C:2740,Corpo Group,SPA,SOFTWARE,PR43,2004-01-03,0
C:2741,Roste SpA,SRL,RETAIL,PR19,2004-01-06,0
C:2742,Same SpA,SRL,REAL_ESTATE,PR10,2004-01-09,0
C:2743,Gioce SpA,SNC,CONSTRUCTION,PR29,2004-01-12,0
C:2744,Ferdi Srl,SRL,REAL_ESTATE,PR35,2004-01-15,0
C:2745,Telo Group,SPA,MANUFACTURING,PR58,2004-01-19,0
C:2746,Monlen Group,SRL,HOLDING,PR26,2004-01-22,0
C:2747,Danba SpA,SNC,AGRICULTURE,PR41,2004-01-25,0
C:2748,Camon SpA,SRL,SOFTWARE,PR40,2004-01-28,0
C:2749,Monvi SpA,SPA,SOFTWARE,PR16,2004-01-31,0
C:2750,Paspas SpA,SRL,CONSTRUCTION,PR22,2004-02-04,0
C:2751,Rosla Group,SRL,CONSULTING,PR57,2004-02-07,0
C:2752,Visa SpA,SRL,CONSULTING,PR30,2004-02-10,0
C:2753,Lalo Srl,SRL,SOFTWARE,PR45,2004-02-13,0
C:2754,Tinros Srl,SPA,REAL_ESTATE,PR49,2004-02-16,0
C:2755,Galpo SpA,SRL,MANUFACTURING,PR57,2004-02-20,0
C:2756,Ceros Group,SRL,HOLDING,PR33,2004-02-23,0
C:2757,Pogio Srl,SPA,HOSPITALITY,PR04,2004-02-26,0
C:2758,Gugu SpA,SRL,HOLDING,PR37,2004-02-29,0
C:2759,Tefer SpA,SPA,CONSULTING,PR16,2004-03-03,0
C:2760,Camon SpA,SPA,RETAIL,PR42,2004-03-07,0
C:2761,Baval Group,SPA,RETAIL,PR31,2004-03-10,0
C:2762,Lenren Group,SNC,CONSTRUCTION,PR46,2004-03-13,0
C:2763,Cepo Srl,SRL,CONSULTING,PR09,2004-03-16,0
C:2764,Mesa Srl,SRL,HOSPITALITY,PR19,2004-03-19,0
C:2765,Gioval Group,SNC,REAL_ESTATE,PR20,2004-03-23,0
C:2766,Mondi SpA,SRL,CONSULTING,PR35,2004-03-26,0
C:2767,Memon Srl,SPA,AGRICULTURE,PR15,2004-03-29,0
C:2768,Danfo Group,SPA,SOFTWARE,PR06,2004-04-01,0
C:2769,Saros SpA,SRL,CONSULTING,PR59,2004-04-04,0
C:2770,Nicor SpA,SPA,HOSPITALITY,PR26,2004-04-08,0
C:2771,Meval SpA,SRL,SOFTWARE,PR48,2004-04-11,0
C:2772,Renfer Srl,SRL,HOLDING,PR03,2004-04-14,0
C:2773,Caval Group,SPA,REAL_ESTATE,PR44,2004-04-17,0
C:2774,Mevi SpA,SPA,HOSPITALITY,PR21,2004-04-20,0
C:2775,Pasren Srl,SRL,HOLDING,PR24,2004-04-24,0
C:2776,Galgio SpA,SRL,HOSPITALITY,PR53,2004-04-27,0
C:2777,Sagio Srl,SRL,LOGISTICS,PR33,2004-04-30,0
C:2778,Galla SpA,SPA,AGRICULTURE,PR30,2004-05-03,0
C:2779,Tinba Group,SRL,CONSTRUCTION,PR41,2004-05-06,0
C:2780,Temar Group,SPA,HOSPITALITY,PR24,2004-05-10,0
C:2781,Cepo Srl,SPA,REAL_ESTATE,PR24,2004-05-13,0
C:2782,Dantin Srl,SRL,AGRICULTURE,PR05,2004-05-16,0
C:2783,Memon SpA,SRL,SOFTWARE,PR24,2004-05-19,0
C:2784,Ruros Srl,SPA,HOSPITALITY,PR18,2004-05-22,0
C:2785,Monros Group,SRL,SOFTWARE,PR16,2004-05-26,0
C:2786,Nizo Srl,SRL,REAL_ESTATE,PR38,2004-05-29,0
C:2787,Marlen SpA,SRL,HOSPITALITY,PR19,2004-06-01,0
C:2788,Danba Group,SRL,CONSULTING,PR47,2004-06-04,0
C:2789,Medi Group,SNC,CONSTRUCTION,PR43,2004-06-07,0
C:2790,Lala Srl,SRL,RETAIL,PR37,2004-06-11,0
C:2791,Rosfo Srl,SPA,MANUFACTURING,PR02,2004-06-14,0
C:2792,Corru Group,SRL,REAL_ESTATE,PR24,2004-06-17,0
C:2793,Corca Banca,SPA,BANKING,PR05,2004-06-20,1
C:2794,Safer Banca,SPA,BANKING,PR50,2004-06-23,1
C:2795,Valren Group,SRL,MANUFACTURING,PR53,2004-06-27,0
C:2796,Ruren Srl,SRL,RETAIL,PR28,2004-06-30,0
C:2797,Lenren Srl,SRL,LOGISTICS,PR55,2004-07-03,0
C:2798,Mardan SpA,SRL,MANUFACTURING,PR15,2004-07-06,0
C:2799,Lenval Srl,SRL,HOSPITALITY,PR46,2004-07-09,0
C:2800,Danfo Srl,SPA,RETAIL,PR46,2004-07-13,0
C:2801,Lenmon SpA,SPA,AGRICULTURE,PR42,2004-07-16,0
C:2802,Mardan Group,SRL,MANUFACTURING,PR15,2004-07-19,0
C:2803,Galros Group,SPA,HOLDING,PR56,2004-07-22,0
C:2804,Nila SpA,SPA,HOLDING,PR39,2004-07-25,0
C:2805,Lani SpA,SRL,HOSPITALITY,PR38,2004-07-29,0
C:2806,Lenlen Group,SRL,LOGISTICS,PR57,2004-08-01,0
C:2807,Giofo Group,SPA,REAL_ESTATE,PR24,2004-08-04,0
C:2808,Vitin Group,SRL,AGRICULTURE,PR15,2004-08-07,0
C:2809,Marsa Group,SRL,LOGISTICS,PR57,2004-08-10,0
C:2810,Fomar SpA,SRL,HOSPITALITY,PR08,2004-08-14,0
C:2811,Diber Srl,SRL,HOLDING,PR21,2004-08-17,0
C:2812,Valzo SpA,SPA,HOLDING,PR37,2004-08-20,0
C:2813,Berlo Group,SPA,AGRICULTURE,PR05,2004-08-23,0
C:2814,Lozo SpA,SPA,LOGISTICS,PR42,2004-08-26,0
C:2815,Cemon SpA,SRL,HOLDING,PR44,2004-08-30,0
C:2816,Dini Srl,SRL,MANUFACTURING,PR00,2004-09-02,0
C:2817,Capo SpA,SRL,REAL_ESTATE,PR41,2004-09-05,0
C:2818,Montin Group,SRL,HOSPITALITY,PR48,2004-09-08,0
C:2819,Bergu Group,SRL,CONSTRUCTION,PR08,2004-09-11,0
C:2820,Pomon SpA,SRL,CONSTRUCTION,PR06,2004-09-15,0
C:2821,Vidan Srl,SRL,HOLDING,PR19,2004-09-18,0
C:2822,Cortin Group,SPA,AGRICULTURE,PR00,2004-09-21,0
C:2823,Rudi Group,SRL,LOGISTICS,PR03,2004-09-24,0
C:2824,Zopo Srl,SRL,AGRICULTURE,PR50,2004-09-27,0
C:2825,Nivi Srl,SRL,HOSPITALITY,PR13,2004-10-01,0
C:2826,Samar Group,SRL,HOSPITALITY,PR23,2004-10-04,0
C:2827,Rosmon Group,SRL,HOLDING,PR30,2004-10-07,0
C:2828,Valsa Group,SPA,HOLDING,PR42,2004-10-10,0
C:2829,Lenren SpA,SRL,REAL_ESTATE,PR53,2004-10-13,0
C:2830,Fersa SpA,SRL,LOGISTICS,PR50,2004-10-17,0
C:2831,Baren Banca,SPA,BANKING,PR10,2004-10-20,1
C:2832,Fofer SpA,SRL,SOFTWARE,PR43,2004-10-23,0
C:2833,Mela Group,SPA,MANUFACTURING,PR42,2004-10-26,0
C:2834,Giolo Srl,SRL,SOFTWARE,PR11,2004-10-29,0
C:2835,Meni Group,SPA,REAL_ESTATE,PR24,2004-11-02,0
C:2836,Vizo Group,SRL,REAL_ESTATE,PR55,2004-11-05,0
C:2837,Mefer Srl,SPA,CONSULTING,PR27,2004-11-08,0
C:2838,Corcor Group,SRL,HOSPITALITY,PR21,2004-11-11,0
C:2839,Cetin SpA,SRL,CONSULTING,PR32,2004-11-14,0
C:2840,Catin Group,SRL,HOLDING,PR15,2004-11-18,0
C:2841,Marfer Srl,SPA,SOFTWARE,PR48,2004-11-21,0
C:2842,Caros Srl,SRL,CONSTRUCTION,PR29,2004-11-24,0
C:2843,Dila SpA,SPA,RETAIL,PR53,2004-11-27,0
C:2844,Vite Srl,SRL,CONSTRUCTION,PR42,2004-11-30,0
C:2845,Pasme SpA,SPA,LOGISTICS,PR35,2004-12-04,0
C:2846,Bate Group,SRL,CONSTRUCTION,PR53,2004-12-07,0
C:2847,Lenca Group,SRL,LOGISTICS,PR05,2004-12-10,0
C:2848,Rengu Srl,SRL,HOSPITALITY,PR08,2004-12-13,0
C:2849,Tinpas Group,SPA,CONSULTING,PR15,2004-12-16,0
C:2850,Tedi Group,SRL,AGRICULTURE,PR02,2004-12-20,0
C:2851,Lasa Group,SRL,REAL_ESTATE,PR21,2004-12-23,0
C:2852,Tinba Srl,SPA,CONSTRUCTION,PR12,2004-12-26,0
C:2853,Monren SpA,SPA,HOLDING,PR55,2004-12-29,0
C:2854,Valpas SpA,SRL,SOFTWARE,PR35,2005-01-01,0
C:2855,Mece Srl,SRL,CONSULTING,PR09,2005-01-05,0
C:2856,Pogio Srl,SPA,AGRICULTURE,PR22,2005-01-08,0
C:2857,Bapo Srl,SRL,HOLDING,PR26,2005-01-11,0
C:2858,Valfer SpA,SRL,CONSTRUCTION,PR55,2005-01-14,0
C:2859,Posa Group,SRL,MANUFACTURING,PR46,2005-01-17,0
C:2860,Calen SpA,SPA,REAL_ESTATE,PR36,2005-01-21,0
C:2861,Fermar SpA,SRL,CONSULTING,PR03,2005-01-24,0
C:2862,Gioba Srl,SRL,SOFTWARE,PR44,2005-01-27,0
C:2863,Lence SpA,SRL,HOSPITALITY,PR48,2005-01-30,0
C:2864,Paslo SpA,SRL,REAL_ESTATE,PR29,2005-02-02,0
C:2865,Lenval Group,SRL,AGRICULTURE,PR32,2005-02-06,0
C:2866,Tinme Group,SNC,REAL_ESTATE,PR38,2005-02-09,0
C:2867,Fergu Group,SPA,SOFTWARE,PR03,2005-02-12,0
C:2868,Lensa SpA,SRL,HOLDING,PR05,2005-02-15,0
C:2869,Laval Group,SNC,AGRICULTURE,PR30,2005-02-18,0
C:2870,Valla Group,SRL,LOGISTICS,PR47,2005-02-22,0
C:2871,Dangal SpA,SRL,CONSTRUCTION,PR58,2005-02-25,0
C:2872,Foros Srl,SNC,SOFTWARE,PR09,2005-02-28,0
C:2873,Ceval Srl,SRL,CONSULTING,PR59,2005-03-03,0
C:2874,Renvi Group,SPA,CONSTRUCTION,PR31,2005-03-06,0
C:2875,Ruvi Group,SRL,AGRICULTURE,PR58,2005-03-10,0
C:2876,Roslen Srl,SRL,HOLDING,PR08,2005-03-13,0
C:2877,Valsa Srl,SPA,LOGISTICS,PR42,2005-03-16,0
C:2878,Corros Srl,SPA,MANUFACTURING,PR05,2005-03-19,0
C:2879,Vitin Srl,SRL,HOLDING,PR16,2005-03-22,0
C:2880,Berros Group,SPA,CONSULTING,PR48,2005-03-26,0
C:2881,Monren Group,SPA,MANUFACTURING,PR47,2005-03-29,0
C:2882,Mardan Srl,SNC,SOFTWARE,PR37,2005-04-01,0
C:2883,Ruval Group,SRL,SOFTWARE,PR12,2005-04-04,0
C:2884,Teval Group,SRL,HOLDING,PR31,2005-04-07,0
C:2885,Rosfer Group,SRL,LOGISTICS,PR13,2005-04-11,0
C:2886,Monvi Srl,SRL,CONSULTING,PR30,2005-04-14,0
C:2887,Ferte Group,SRL,MANUFACTURING,PR55,2005-04-17,0
C:2888,Gioce SpA,SPA,MANUFACTURING,PR25,2005-04-20,0
C:2889,Giovi Group,SRL,CONSULTING,PR57,2005-04-23,0
C:2890,Marcor SpA,SPA,LOGISTICS,PR19,2005-04-27,0
C:2891,Valros Group,SRL,AGRICULTURE,PR28,2005-04-30,0
C:2892,Ceme Srl,SRL,SOFTWARE,PR13,2005-05-03,0
C:2893,Lafer SpA,SPA,CONSTRUCTION,PR38,2005-05-06,0
C:2894,Vila SpA,SRL,LOGISTICS,PR55,2005-05-09,0
C:2895,Corlo SpA,SRL,AGRICULTURE,PR16,2005-05-13,0
C:2896,Foros Srl,SRL,MANUFACTURING,PR41,2005-05-16,0
C:2897,Mefer Group,SPA,HOLDING,PR34,2005-05-19,0
C:2898,Moncor SpA,SRL,SOFTWARE,PR56,2005-05-22,0
C:2899,Lomon Srl,SRL,HOSPITALITY,PR08,2005-05-25,0
C:2900,Gumar SpA,SPA,HOSPITALITY,PR36,2005-05-29,0
C:2901,Lenren Group,SRL,REAL_ESTATE,PR56,2005-06-01,0
C:2902,Fofer Group,SPA,CONSULTING,PR23,2005-06-04,0
C:2903,Mongu Srl,SRL,SOFTWARE,PR22,2005-06-07,0
C:2904,Loca SpA,SRL,AGRICULTURE,PR42,2005-06-10,0
C:2905,Valmon Group,SRL,CONSTRUCTION,PR08,2005-06-14,0
C:2906,Fomon Srl,SRL,CONSULTING,PR17,2005-06-17,0
C:2907,Valce Srl,SNC,SOFTWARE,PR04,2005-06-20,0
C:2908,Fosa Srl,SPA,REAL_ESTATE,PR22,2005-06-23,0
C:2909,Memar Group,SRL,MANUFACTURING,PR05,2005-06-26,0
C:2910,Fergio Group,SPA,LOGISTICS,PR14,2005-06-30,0
C:2911,Tecor SpA,SPA,HOLDING,PR50,2005-07-03,0
C:2912,Lala Srl,SRL,LOGISTICS,PR25,2005-07-06,0
C:2913,Tinca SpA,SRL,AGRICULTURE,PR54,2005-07-09,0
C:2914,Sagu Group,SRL,AGRICULTURE,PR45,2005-07-12,0
C:2915,Capas SpA,SRL,HOSPITALITY,PR07,2005-07-16,0
C:2916,Galmon Group,SRL,MANUFACTURING,PR45,2005-07-19,0
C:2917,Fober Srl,SPA,RETAIL,PR14,2005-07-22,0
C:2918,Teni Srl,SNC,HOLDING,PR55,2005-07-25,0
C:2919,Corni SpA,SRL,MANUFACTURING,PR17,2005-07-28,0
C:2920,Tinzo SpA,SRL,REAL_ESTATE,PR36,2005-08-01,0
C:2921,Gioros SpA,SNC,AGRICULTURE,PR51,2005-08-04,0
C:2922,Teme Group,SRL,CONSTRUCTION,PR53,2005-08-07,0
C:2923,Lendi SpA,SPA,HOSPITALITY,PR27,2005-08-10,0
C:2924,Vifo Group,SRL,SOFTWARE,PR29,2005-08-13,0
C:2925,Tece Srl,SRL,LOGISTICS,PR27,2005-08-17,0
C:2926,Tinme SpA,SRL,HOLDING,PR33,2005-08-20,0
C:2927,Gufo Group,SRL,RETAIL,PR10,2005-08-23,0
C:2928,Fomon Group,SPA,HOLDING,PR09,2005-08-26,0
C:2929,Camon Group,SPA,HOLDING,PR22,2005-08-29,0
C:2930,Bapo SpA,SRL,REAL_ESTATE,PR45,2005-09-02,0
C:2931,Renren Srl,SRL,CONSTRUCTION,PR38,2005-09-05,0
C:2932,Vigal Group,SRL,CONSULTING,PR30,2005-09-08,0
C:2933,Passa SpA,SRL,AGRICULTURE,PR09,2005-09-11,0
C:2934,Monba SpA,SRL,SOFTWARE,PR18,2005-09-14,0
C:2935,Corni Srl,SRL,LOGISTICS,PR12,2005-09-18,0
C:2936,Danba Srl,SRL,REAL_ESTATE,PR49,2005-09-21,0
C:2937,Fopas Srl,SPA,CONSULTING,PR41,2005-09-24,0
C:2938,Vallo SpA,SNC,HOSPITALITY,PR57,2005-09-27,0
C:2939,Renfo Group,SPA,AGRICULTURE,PR47,2005-09-30,0
C:2940,Melo Group,SNC,MANUFACTURING,PR29,2005-10-04,0
C:2941,Valmon SpA,SPA,RETAIL,PR06,2005-10-07,0
C:2942,Corca Group,SRL,AGRICULTURE,PR45,2005-10-10,0
C:2943,Catin SpA,SRL,HOSPITALITY,PR30,2005-10-13,0
C:2944,Lavi Srl,SRL,CONSTRUCTION,PR22,2005-10-16,0
C:2945,Tinval Srl,SNC,HOSPITALITY,PR57,2005-10-20,0
C:2946,Rosmar Group,SRL,HOSPITALITY,PR07,2005-10-23,0
C:2947,Nicor SpA,SRL,MANUFACTURING,PR16,2005-10-26,0
C:2948,Vica SpA,SNC,AGRICULTURE,PR56,2005-10-29,0
C:2949,Telo Srl,SPA,CONSULTING,PR38,2005-11-01,0
C:2950,Vigio SpA,SNC,HOSPITALITY,PR58,2005-11-05,0
C:2951,Tedan Srl,SPA,AGRICULTURE,PR09,2005-11-08,0
C:2952,Bacor SpA,SPA,LOGISTICS,PR10,2005-11-11,0
C:2953,Folen Group,SRL,HOSPITALITY,PR30,2005-11-14,0
C:2954,Ferlen Srl,SPA,CONSTRUCTION,PR18,2005-11-17,0
C:2955,Ruru SpA,SPA,HOLDING,PR05,2005-11-21,0
C:2956,Galfo Group,SRL,MANUFACTURING,PR12,2005-11-24,0
C:2957,Vifer Srl,SNC,AGRICULTURE,PR52,2005-11-27,0
C:2958,Tincor Group,SPA,HOSPITALITY,PR10,2005-11-30,0
C:2959,Dangu SpA,SNC,RETAIL,PR33,2005-12-03,0
C:2960,Danla Srl,SPA,MANUFACTURING,PR26,2005-12-07,0
C:2961,Valca SpA,SNC,LOGISTICS,PR10,2005-12-10,0
C:2962,Loca Group,SRL,HOLDING,PR43,2005-12-13,0
C:2963,Niren Group,SPA,LOGISTICS,PR27,2005-12-16,0
C:2964,Fome SpA,SRL,CONSTRUCTION,PR43,2005-12-19,0
C:2965,Rospo Srl,SRL,RETAIL,PR46,2005-12-23,0
C:2966,Zofer Srl,SRL,LOGISTICS,PR29,2005-12-26,0
C:2967,Baber Group,SNC,REAL_ESTATE,PR06,2005-12-29,0
C:2968,Rente Group,SPA,MANUFACTURING,PR56,2006-01-01,0
C:2969,Gufo SpA,SRL,CONSULTING,PR12,2006-01-04,0
C:2970,Cadi SpA,SRL,SOFTWARE,PR21,2006-01-08,0
C:2971,Cemon SpA,SRL,CONSULTING,PR53,2006-01-11,0
C:2972,Galdi Group,SRL,REAL_ESTATE,PR16,2006-01-14,0
C:2973,Teval Srl,SRL,REAL_ESTATE,PR02,2006-01-17,0
C:2974,Zome SpA,SRL,REAL_ESTATE,PR24,2006-01-20,0
C:2975,Cemar Srl,SRL,HOSPITALITY,PR08,2006-01-24,0
C:2976,Fofo Srl,SPA,HOSPITALITY,PR45,2006-01-27,0
C:2977,Valca Srl,SRL,CONSULTING,PR08,2006-01-30,0
C:2978,Cefo Group,SNC,REAL_ESTATE,PR16,2006-02-02,0
C:2979,Guba Srl,SNC,LOGISTICS,PR43,2006-02-05,0
C:2980,Galce SpA,SRL,CONSULTING,PR02,2006-02-09,0
C:2981,Ceren Group,SRL,RETAIL,PR06,2006-02-12,0
C:2982,Montin SpA,SRL,SOFTWARE,PR41,2006-02-15,0
C:2983,Berren SpA,SPA,CONSTRUCTION,PR08,2006-02-18,0
C:2984,Caren SpA,SRL,CONSULTING,PR24,2006-02-21,0
C:2985,Tinni Banca,SPA,BANKING,PR02,2006-02-25,1
C:2986,Ruval Srl,SNC,HOLDING,PR31,2006-02-28,0
C:2987,Sadi Srl,SPA,SOFTWARE,PR08,2006-03-03,0
C:2988,Cortin Group,SPA,SOFTWARE,PR31,2006-03-06,0
C:2989,Rosru Group,SPA,CONSTRUCTION,PR46,2006-03-09,0
C:2990,Tingu Group,SRL,LOGISTICS,PR03,2006-03-13,0
C:2991,Monte Group,SRL,LOGISTICS,PR15,2006-03-16,0
C:2992,Zodan Group,SRL,AGRICULTURE,PR19,2006-03-19,0
C:2993,Zosa SpA,SPA,HOSPITALITY,PR10,2006-03-22,0
C:2994,Nidi Group,SRL,CONSTRUCTION,PR04,2006-03-25,0
C:2995,Lence Srl,SRL,REAL_ESTATE,PR08,2006-03-29,0
C:2996,Folen Group,SRL,CONSTRUCTION,PR46,2006-04-01,0
C:2997,Danpo SpA,SPA,CONSULTING,PR17,2006-04-04,0
C:2998,Tedi SpA,SPA,RETAIL,PR38,2006-04-07,0
C:2999,Pasgal SpA,SRL,CONSULTING,PR09,2006-04-10,0
C:3000,Tinni SpA,SPA,AGRICULTURE,PR13,2006-04-14,0
C:3001,Meren SpA,SRL,REAL_ESTATE,PR36,2006-04-17,0
C:3002,Ruren Srl,SPA,CONSULTING,PR47,2006-04-20,0
C:3003,Teca Banca,SPA,BANKING,PR57,2006-04-23,1
C:3004,Zovi SpA,SRL,MANUFACTURING,PR46,2006-04-26,0
C:3005,Lenfo Group,SPA,CONSTRUCTION,PR36,2006-04-30,0
C:3006,Poba Srl,SRL,RETAIL,PR38,2006-05-03,0
C:3007,Danru Group,SPA,HOLDING,PR06,2006-05-06,0
C:3008,Valmon SpA,SRL,RETAIL,PR25,2006-05-09,0
C:3009,Cacor Srl,SRL,RETAIL,PR07,2006-05-12,0
C:3010,Tinte Srl,SRL,CONSULTING,PR05,2006-05-16,0
C:3011,Pasla Srl,SRL,RETAIL,PR04,2006-05-19,0
C:3012,Late SpA,SRL,REAL_ESTATE,PR51,2006-05-22,0
C:3013,Tingal Group,SPA,AGRICULTURE,PR34,2006-05-25,0
C:3014,Baros SpA,SRL,RETAIL,PR53,2006-05-28,0
C:3015,Polo SpA,SRL,MANUFACTURING,PR03,2006-06-01,0
C:3016,Lenca SpA,SRL,REAL_ESTATE,PR49,2006-06-04,0
C:3017,Ceber SpA,SRL,HOLDING,PR16,2006-06-07,0
C:3018,Valgal Group,SRL,MANUFACTURING,PR01,2006-06-10,0
C:3019,Capas Group,SPA,RETAIL,PR57,2006-06-13,0
C:3020,Gumar Srl,SRL,MANUFACTURING,PR28,2006-06-17,0
C:3021,Marpo Srl,SRL,CONSTRUCTION,PR15,2006-06-20,0
C:3022,Vite SpA,SPA,REAL_ESTATE,PR04,2006-06-23,0
C:3023,Sani Srl,SRL,RETAIL,PR32,2006-06-26,0
C:3024,Roste Srl,SPA,CONSTRUCTION,PR24,2006-06-29,0
C:3025,Rossa SpA,SPA,CONSTRUCTION,PR03,2006-07-03,0
C:3026,Berdan Srl,SRL,HOSPITALITY,PR47,2006-07-06,0
C:3027,Saros Srl,SRL,REAL_ESTATE,PR17,2006-07-09,0
C:3028,Mondan Srl,SPA,AGRICULTURE,PR56,2006-07-12,0
C:3029,Rospo SpA,SPA,CONSULTING,PR02,2006-07-15,0
C:3030,Bergio SpA,SPA,HOLDING,PR34,2006-07-19,0
C:3031,Roszo SpA,SRL,SOFTWARE,PR38,2006-07-22,0
C:3032,Corla Group,SRL,RETAIL,PR08,2006-07-25,0
C:3033,Marvi Group,SRL,MANUFACTURING,PR14,2006-07-28,0
C:3034,Monru Srl,SRL,AGRICULTURE,PR40,2006-07-31,0
C:3035,Sate Group,SRL,HOLDING,PR24,2006-08-04,0
C:3036,Dangio Srl,SRL,HOSPITALITY,PR18,2006-08-07,0
C:3037,Tinzo Srl,SPA,CONSULTING,PR15,2006-08-10,0
C:3038,Zopas Srl,SRL,RETAIL,PR16,2006-08-13,0
C:3039,Monvi Group,SPA,CONSTRUCTION,PR27,2006-08-16,0
C:3040,Tinte Group,SRL,LOGISTICS,PR33,2006-08-20,0
C:3041,Danvi Group,SNC,REAL_ESTATE,PR43,2006-08-23,0
C:3042,Zoval SpA,SRL,RETAIL,PR34,2006-08-26,0
C:3043,Dansa Srl,SRL,HOSPITALITY,PR58,2006-08-29,0
C:3044,Lenpo Srl,SRL,AGRICULTURE,PR44,2006-09-01,0
C:3045,Vini Srl,SPA,REAL_ESTATE,PR22,2006-09-05,0
C:3046,Diren SpA,SRL,RETAIL,PR42,2006-09-08,0
C:3047,Tefo Group,SRL,REAL_ESTATE,PR24,2006-09-11,0
C:3048,Corfer SpA,SRL,HOSPITALITY,PR44,2006-09-14,0
C:3049,Dice SpA,SRL,RETAIL,PR36,2006-09-17,0
C:3050,Renmar SpA,SPA,CONSTRUCTION,PR38,2006-09-21,0
C:3051,Rosdi SpA,SRL,RETAIL,PR11,2006-09-24,0
C:3052,Giogio Group,SRL,CONSTRUCTION,PR41,2006-09-27,0
C:3053,Lenla Group,SNC,AGRICULTURE,PR16,2006-09-30,0
C:3054,Sadi SpA,SPA,CONSULTING,PR43,2006-10-03,0
C:3055,Loce Srl,SRL,SOFTWARE,PR00,2006-10-07,0
C:3056,Berce Group,SPA,SOFTWARE,PR02,2006-10-10,0
C:3057,Marte SpA,SPA,LOGISTICS,PR12,2006-10-13,0
C:3058,Renros Srl,SRL,MANUFACTURING,PR59,2006-10-16,0
C:3059,Viren Srl,SRL,REAL_ESTATE,PR01,2006-10-19,0
C:3060,Gioca Group,SRL,SOFTWARE,PR57,2006-10-23,0
C:3061,Folo Srl,SRL,REAL_ESTATE,PR01,2006-10-26,0
C:3062,Logal Srl,SRL,CONSTRUCTION,PR54,2006-10-29,0
C:3063,Giozo Srl,SRL,RETAIL,PR07,2006-11-01,0
C:3064,Cala Srl,SRL,CONSULTING,PR22,2006-11-04,0
C:3065,Fermar Group,SPA,MANUFACTURING,PR46,2006-11-08,0
C:3066,Baca Srl,SNC,LOGISTICS,PR27,2006-11-11,0
C:3067,Lafo Srl,SPA,LOGISTICS,PR42,2006-11-14,0
C:3068,Nigio Group,SRL,RETAIL,PR49,2006-11-17,0
C:3069,Ferba Srl,SRL,HOSPITALITY,PR33,2006-11-20,0
C:3070,Danla Group,SPA,CONSULTING,PR32,2006-11-24,0
C:3071,Latin Srl,SRL,LOGISTICS,PR49,2006-11-27,0
C:3072,Sazo Group,SPA,REAL_ESTATE,PR26,2006-11-30,0
C:3073,Corvi SpA,SRL,AGRICULTURE,PR34,2006-12-03,0
C:3074,Monca Group,SRL,MANUFACTURING,PR43,2006-12-06,0
C:3075,Zoni Srl,SRL,HOSPITALITY,PR38,2006-12-10,0
C:3076,Cegio Srl,SRL,AGRICULTURE,PR10,2006-12-13,0
C:3077,Gioval Group,SRL,MANUFACTURING,PR34,2006-12-16,0
C:3078,Lenzo Srl,SNC,RETAIL,PR51,2006-12-19,0
C:3079,Divi Srl,SRL,RETAIL,PR34,2006-12-22,0
C:3080,Giola SpA,SRL,LOGISTICS,PR28,2006-12-26,0
C:3081,Gugio Srl,SRL,CONSULTING,PR56,2006-12-29,0
C:3082,Capas SpA,SPA,REAL_ESTATE,PR20,2007-01-01,0
C:3083,Paspas SpA,SRL,REAL_ESTATE,PR35,2007-01-04,0
C:3084,Valsa Group,SRL,CONSULTING,PR27,2007-01-07,0
C:3085,Valdi Banca,SPA,BANKING,PR42,2007-01-11,1
C:3086,Lodi SpA,SRL,LOGISTICS,PR58,2007-01-14,0
C:3087,Mongal Group,SRL,AGRICULTURE,PR58,2007-01-17,0
C:3088,Caru Group,SPA,CONSTRUCTION,PR03,2007-01-20,0
C:3089,Pasren Srl,SPA,RETAIL,PR23,2007-01-23,0
C:3090,Telen Srl,SRL,SOFTWARE,PR16,2007-01-27,0
C:3091,Pasvi Group,SPA,REAL_ESTATE,PR25,2007-01-30,0
C:3092,Renla Group,SNC,HOSPITALITY,PR21,2007-02-02,0
C:3093,Lace SpA,SRL,HOSPITALITY,PR10,2007-02-05,0
C:3094,Gugu Group,SRL,AGRICULTURE,PR46,2007-02-08,0
C:3095,Danren SpA,SRL,CONSTRUCTION,PR27,2007-02-12,0
C:3096,Pola SpA,SRL,CONSTRUCTION,PR43,2007-02-15,0
C:3097,Dilo Group,SPA,LOGISTICS,PR14,2007-02-18,0
C:3098,Zogal SpA,SRL,SOFTWARE,PR56,2007-02-21,0
C:3099,Zopas SpA,SRL,HOSPITALITY,PR26,2007-02-24,0
C:3100,Marcor SpA,SRL,HOLDING,PR19,2007-02-28,0
C:3101,Zosa Srl,SNC,RETAIL,PR58,2007-03-03,0
C:3102,Danfo SpA,SRL,SOFTWARE,PR53,2007-03-06,0
C:3103,Lodi Group,SPA,CONSULTING,PR01,2007-03-09,0
C:3104,Safo SpA,SRL,CONSTRUCTION,PR35,2007-03-12,0
C:3105,Lenme Srl,SRL,LOGISTICS,PR52,2007-03-16,0
C:3106,Margu Srl,SPA,HOSPITALITY,PR44,2007-03-19,0
C:3107,Vivi SpA,SPA,HOLDING,PR46,2007-03-22,0
C:3108,Berla SpA,SRL,RETAIL,PR14,2007-03-25,0
C:3109,Corfer Srl,SNC,RETAIL,PR56,2007-03-28,0
C:3110,Nizo SpA,SRL,AGRICULTURE,PR59,2007-04-01,0
C:3111,Ferros Group,SRL,HOSPITALITY,PR44,2007-04-04,0
C:3112,Lamon Srl,SPA,REAL_ESTATE,PR37,2007-04-07,0
C:3113,Valren Srl,SRL,CONSTRUCTION,PR12,2007-04-10,0
C:3114,Capo Srl,SPA,REAL_ESTATE,PR57,2007-04-13,0
C:3115,Monni Srl,SRL,SOFTWARE,PR53,2007-04-17,0
C:3116,Lalo Group,SRL,CONSULTING,PR33,2007-04-20,0
C:3117,Lenla Group,SRL,REAL_ESTATE,PR47,2007-04-23,0
C:3118,Rencor Srl,SRL,MANUFACTURING,PR02,2007-04-26,0
C:3119,Gugal SpA,SRL,AGRICULTURE,PR16,2007-04-29,0
C:3120,Tinvi Group,SRL,RETAIL,PR25,2007-05-03,0
C:3121,Danca Srl,SPA,REAL_ESTATE,PR42,2007-05-06,0
C:3122,Saru Group,SRL,CONSTRUCTION,PR26,2007-05-09,0
C:3123,Lagio Srl,SRL,AGRICULTURE,PR55,2007-05-12,0
C:3124,Tinvi Group,SRL,CONSULTING,PR18,2007-05-15,0
C:3125,Rosce SpA,SPA,CONSULTING,PR08,2007-05-19,0
C:3126,Tinla SpA,SPA,CONSULTING,PR26,2007-05-22,0
C:3127,Giotin Srl,SRL,AGRICULTURE,PR32,2007-05-25,0
C:3128,Polo SpA,SRL,AGRICULTURE,PR18,2007-05-28,0
C:3129,Nipo Srl,SRL,RETAIL,PR50,2007-05-31,0
C:3130,Corba Group,SPA,REAL_ESTATE,PR11,2007-06-04,0
C:3131,Loce Srl,SRL,REAL_ESTATE,PR33,2007-06-07,0
C:3132,Pogu Srl,SRL,MANUFACTURING,PR46,2007-06-10,0
C:3133,Ladan Group,SPA,HOLDING,PR29,2007-06-13,0
C:3134,Tedi SpA,SRL,MANUFACTURING,PR33,2007-06-16,0
C:3135,Foce Banca,SPA,BANKING,PR58,2007-06-20,1
C:3136,Pasmon SpA,SRL,HOLDING,PR07,2007-06-23,0
C:3137,Marval Group,SNC,LOGISTICS,PR36,2007-06-26,0
C:3138,Paste SpA,SRL,RETAIL,PR13,2007-06-29,0
C:3139,Valber Srl,SRL,CONSULTING,PR55,2007-07-02,0
C:3140,Lapo Group,SRL,REAL_ESTATE,PR11,2007-07-06,0
C:3141,Lenzo SpA,SRL,MANUFACTURING,PR46,2007-07-09,0
C:3142,Marmar Group,SPA,LOGISTICS,PR53,2007-07-12,0
C:3143,Galros Srl,SRL,CONSTRUCTION,PR02,2007-07-15,0
C:3144,Gufer Group,SRL,RETAIL,PR58,2007-07-18,0
C:3145,Bani SpA,SNC,RETAIL,PR33,2007-07-22,0
C:3146,Pogio Group,SPA,SOFTWARE,PR30,2007-07-25,0
C:3147,Divi Srl,SPA,HOLDING,PR20,2007-07-28,0
C:3148,Nidi Group,SPA,HOSPITALITY,PR20,2007-07-31,0
C:3149,Tete Group,SRL,RETAIL,PR39,2007-08-03,0
C:3150,Berla SpA,SNC,SOFTWARE,PR34,2007-08-07,0
C:3151,Tefer Group,SRL,CONSULTING,PR36,2007-08-10,0
C:3152,Rosru Group,SPA,LOGISTICS,PR39,2007-08-13,0
C:3153,Mongio Banca,SPA,BANKING,PR16,2007-08-16,1
C:3154,Tinros Srl,SRL,AGRICULTURE,PR06,2007-08-19,0
C:3155,Diros Srl,SRL,CONSULTING,PR10,2007-08-23,0
C:3156,Galpas SpA,SPA,HOSPITALITY,PR27,2007-08-26,0
C:3157,Fogal Srl,SPA,CONSULTING,PR41,2007-08-29,0
C:3158,Monpo Group,SPA,REAL_ESTATE,PR53,2007-09-01,0
C:3159,Lalo Srl,SPA,AGRICULTURE,PR55,2007-09-04,0
C:3160,Gudan SpA,SRL,HOSPITALITY,PR56,2007-09-08,0
C:3161,Lote Srl,SRL,SOFTWARE,PR41,2007-09-11,0
C:3162,Lenca SpA,SPA,AGRICULTURE,PR34,2007-09-14,0
C:3163,Pomar SpA,SRL,CONSULTING,PR43,2007-09-17,0
C:3164,Lenfo SpA,SPA,CONSULTING,PR01,2007-09-20,0
C:3165,Povi Group,SNC,HOSPITALITY,PR15,2007-09-24,0
C:3166,Valni SpA,SRL,CONSULTING,PR52,2007-09-27,0
C:3167,Cepas Srl,SNC,HOSPITALITY,PR02,2007-09-30,0
C:3168,Cafer Group,SRL,SOFTWARE,PR04,2007-10-03,0
C:3169,Lofo Srl,SPA,RETAIL,PR43,2007-10-06,0
C:3170,Diru Group,SPA,AGRICULTURE,PR29,2007-10-10,0
C:3171,Poru SpA,SRL,LOGISTICS,PR35,2007-10-13,0
C:3172,Dite SpA,SPA,LOGISTICS,PR54,2007-10-16,0
C:3173,Rupas SpA,SRL,SOFTWARE,PR59,2007-10-19,0
C:3174,Danmar SpA,SRL,CONSULTING,PR17,2007-10-22,0
C:3175,Nivi SpA,SRL,CONSTRUCTION,PR13,2007-10-26,0
C:3176,Lensa SpA,SRL,LOGISTICS,PR02,2007-10-29,0
C:3177,Corgal Group,SRL,SOFTWARE,PR37,2007-11-01,0
C:3178,Cagu Group,SRL,AGRICULTURE,PR23,2007-11-04,0
C:3179,Ferpas SpA,SPA,CONSULTING,PR28,2007-11-07,0
C:3180,Rosdan Group,SPA,CONSULTING,PR41,2007-11-11,0
C:3181,Giozo Group,SRL,LOGISTICS,PR47,2007-11-14,0
C:3182,Ferfo Banca,SPA,BANKING,PR02,2007-11-17,1
C:3183,Camon SpA,SPA,SOFTWARE,PR42,2007-11-20,0
C:3184,Capas Srl,SPA,CONSULTING,PR05,2007-11-23,0
C:3185,Fergio Group,SNC,RETAIL,PR23,2007-11-27,0
C:3186,Vizo Group,SRL,LOGISTICS,PR33,2007-11-30,0
C:3187,Lasa Group,SPA,AGRICULTURE,PR17,2007-12-03,0
C:3188,Loval SpA,SPA,RETAIL,PR32,2007-12-06,0
C:3189,Lote Group,SRL,RETAIL,PR08,2007-12-09,0
C:3190,Samar Group,SRL,RETAIL,PR46,2007-12-13,0
C:3191,Marsa SpA,SNC,MANUFACTURING,PR21,2007-12-16,0
C:3192,Zocor SpA,SRL,LOGISTICS,PR27,2007-12-19,0
C:3193,Fergal SpA,SRL,CONSTRUCTION,PR37,2007-12-22,0
C:3194,Ruber Srl,SRL,AGRICULTURE,PR03,2007-12-25,0
C:3195,Camar SpA,SNC,HOSPITALITY,PR19,2007-12-29,0
C:3196,Galmon SpA,SRL,CONSULTING,PR08,2008-01-01,0
C:3197,Rente Group,SPA,HOSPITALITY,PR44,2008-01-04,0
C:3198,Gioce Group,SRL,RETAIL,PR55,2008-01-07,0
C:3199,Guni Srl,SRL,MANUFACTURING,PR41,2008-01-10,0
C:3200,Rosgu SpA,SPA,LOGISTICS,PR28,2008-01-14,0
C:3201,Corfer Srl,SPA,CONSTRUCTION,PR04,2008-01-17,0
C:3202,Pasgu SpA,SPA,MANUFACTURING,PR14,2008-01-20,0
C:3203,Martin SpA,SRL,LOGISTICS,PR12,2008-01-23,0
C:3204,Tinzo SpA,SNC,CONSULTING,PR25,2008-01-26,0
C:3205,Loni Srl,SPA,MANUFACTURING,PR12,2008-01-30,0
C:3206,Mevi SpA,SRL,REAL_ESTATE,PR24,2008-02-02,0
C:3207,Dite Srl,SRL,MANUFACTURING,PR14,2008-02-05,0
C:3208,Cazo Srl,SRL,LOGISTICS,PR43,2008-02-08,0
C:3209,Lenfer Srl,SRL,SOFTWARE,PR32,2008-02-11,0
C:3210,Monba SpA,SNC,RETAIL,PR15,2008-02-15,0
C:3211,Renros Srl,SRL,RETAIL,PR52,2008-02-18,0
C:3212,Pasba Srl,SRL,REAL_ESTATE,PR49,2008-02-21,0
C:3213,Lagu Srl,SPA,AGRICULTURE,PR41,2008-02-24,0
C:3214,Berca Group,SPA,CONSULTING,PR00,2008-02-27,0
C:3215,Lenmon Srl,SNC,REAL_ESTATE,PR25,2008-03-02,0
C:3216,Corgal SpA,SRL,LOGISTICS,PR15,2008-03-05,0
C:3217,Roste SpA,SRL,AGRICULTURE,PR56,2008-03-08,0
C:3218,Loros Group,SNC,CONSULTING,PR32,2008-03-11,0
C:3219,Corzo Srl,SRL,RETAIL,PR05,2008-03-14,0
C:3220,Monlo SpA,SNC,LOGISTICS,PR40,2008-03-18,0
C:3221,Teval Srl,SRL,RETAIL,PR31,2008-03-21,0
C:3222,Vila Banca,SPA,BANKING,PR17,2008-03-24,1
C:3223,Valla SpA,SPA,CONSULTING,PR49,2008-03-27,0
C:3224,Rufer Group,SPA,MANUFACTURING,PR33,2008-03-30,0
C:3225,Fote Srl,SRL,REAL_ESTATE,PR06,2008-04-03,0
C:3226,Corgal SpA,SRL,CONSTRUCTION,PR56,2008-04-06,0
C:3227,Renlen Srl,SPA,AGRICULTURE,PR32,2008-04-09,0
C:3228,Poba Group,SRL,CONSULTING,PR39,2008-04-12,0
C:3229,Cadan Srl,SPA,HOSPITALITY,PR08,2008-04-15,0
C:3230,Tintin SpA,SNC,SOFTWARE,PR28,2008-04-19,0
C:3231,Cafer Group,SRL,LOGISTICS,PR24,2008-04-22,0
C:3232,Cortin SpA,SRL,AGRICULTURE,PR05,2008-04-25,0
C:3233,Valsa Group,SNC,HOLDING,PR20,2008-04-28,0
C:3234,Poren Srl,SRL,RETAIL,PR48,2008-05-01,0
C:3235,Vini Srl,SRL,MANUFACTURING,PR25,2008-05-05,0
C:3236,Lenros Group,SPA,AGRICULTURE,PR27,2008-05-08,0
C:3237,Rence SpA,SNC,HOSPITALITY,PR33,2008-05-11,0
C:3238,Sazo SpA,SRL,HOLDING,PR43,2008-05-14,0
C:3239,Zoni Group,SRL,RETAIL,PR24,2008-05-17,0
C:3240,Mezo Group,SPA,MANUFACTURING,PR04,2008-05-21,0
C:3241,Medan Srl,SRL,LOGISTICS,PR37,2008-05-24,0
C:3242,Marpas SpA,SRL,REAL_ESTATE,PR45,2008-05-27,0
C:3243,Teval Srl,SRL,RETAIL,PR01,2008-05-30,0
C:3244,Corpo Group,SPA,MANUFACTURING,PR44,2008-06-02,0
C:3245,Moncor Srl,SRL,AGRICULTURE,PR54,2008-06-06,0
C:3246,Rupas SpA,SRL,REAL_ESTATE,PR29,2008-06-09,0
C:3247,Lenren SpA,SPA,RETAIL,PR14,2008-06-12,0
C:3248,Berru Group,SRL,CONSULTING,PR00,2008-06-15,0
C:3249,Valber SpA,SPA,CONSULTING,PR27,2008-06-18,0
C:3250,Mece Group,SRL,REAL_ESTATE,PR00,2008-06-22,0
C:3251,Temar Banca,SPA,BANKING,PR00,2008-06-25,1
C:3252,Disa Group,SPA,MANUFACTURING,PR34,2008-06-28,0
C:3253,Zogal SpA,SRL,RETAIL,PR40,2008-07-01,0
C:3254,Dangal Srl,SRL,HOSPITALITY,PR39,2008-07-04,0
C:3255,Rucor Srl,SPA,LOGISTICS,PR22,2008-07-08,0
C:3256,Berru SpA,SRL,REAL_ESTATE,PR18,2008-07-11,0
C:3257,Sacor SpA,SPA,HOSPITALITY,PR09,2008-07-14,0
C:3258,Loval SpA,SPA,MANUFACTURING,PR07,2008-07-17,0
C:3259,Dipo SpA,SPA,SOFTWARE,PR28,2008-07-20,0
C:3260,Melo Group,SPA,HOLDING,PR09,2008-07-24,0
C:3261,Pasba Srl,SPA,HOLDING,PR25,2008-07-27,0
C:3262,Monni Group,SPA,SOFTWARE,PR27,2008-07-30,0
C:3263,Zome Group,SPA,CONSTRUCTION,PR07,2008-08-02,0
C:3264,Ruval Group,SRL,REAL_ESTATE,PR16,2008-08-05,0
C:3265,Caber Group,SPA,REAL_ESTATE,PR18,2008-08-09,0
C:3266,Batin Srl,SPA,CONSTRUCTION,PR47,2008-08-12,0
C:3267,Digal SpA,SNC,REAL_ESTATE,PR12,2008-08-15,0
C:3268,Rendi SpA,SPA,CONSULTING,PR10,2008-08-18,0
C:3269,Corpas Group,SRL,REAL_ESTATE,PR43,2008-08-21,0
C:3270,Sani Srl,SRL,HOSPITALITY,PR31,2008-08-25,0
C:3271,Camar SpA,SPA,CONSULTING,PR10,2008-08-28,0
C:3272,Calen SpA,SRL,REAL_ESTATE,PR38,2008-08-31,0
C:3273,Bamar SpA,SRL,RETAIL,PR46,2008-09-03,0
C:3274,Lengio Srl,SRL,AGRICULTURE,PR02,2008-09-06,0
C:3275,Monlen Srl,SRL,HOSPITALITY,PR45,2008-09-10,0
C:3276,Zoni SpA,SNC,HOLDING,PR21,2008-09-13,0
C:3277,Vimon Banca,SPA,BANKING,PR47,2008-09-16,1
C:3278,Cevi SpA,SRL,CONSTRUCTION,PR07,2008-09-19,0
C:3279,Corba SpA,SRL,HOSPITALITY,PR19,2008-09-22,0
C:3280,Medan Group,SPA,HOSPITALITY,PR06,2008-09-26,0
C:3281,Diber Srl,SRL,AGRICULTURE,PR46,2008-09-29,0
C:3282,Rusa Group,SPA,RETAIL,PR16,2008-10-02,0
C:3283,Rulen Group,SRL,HOSPITALITY,PR53,2008-10-05,0
C:3284,Berdi SpA,SNC,REAL_ESTATE,PR16,2008-10-08,0
C:3285,Danba Group,SRL,SOFTWARE,PR35,2008-10-12,0
C:3286,Tinvi Srl,SRL,CONSTRUCTION,PR51,2008-10-15,0
C:3287,Ceber SpA,SRL,HOSPITALITY,PR46,2008-10-18,0
C:3288,Gulen SpA,SPA,MANUFACTURING,PR35,2008-10-21,0
C:3289,Nival SpA,SRL,RETAIL,PR12,2008-10-24,0
C:3290,Monlen Srl,SPA,RETAIL,PR38,2008-10-28,0
C:3291,Medan Srl,SRL,REAL_ESTATE,PR48,2008-10-31,0
C:3292,Zogu Srl,SRL,HOSPITALITY,PR32,2008-11-03,0
C:3293,Gudi Srl,SRL,HOLDING,PR14,2008-11-06,0
C:3294,Giogu Group,SPA,HOLDING,PR07,2008-11-09,0
C:3295,Monni Group,SRL,MANUFACTURING,PR34,2008-11-13,0
C:3296,Nini Group,SPA,HOSPITALITY,PR56,2008-11-16,0
C:3297,Sapas Group,SRL,CONSTRUCTION,PR11,2008-11-19,0
C:3298,Danru SpA,SRL,SOFTWARE,PR19,2008-11-22,0
C:3299,Giogio Group,SPA,HOSPITALITY,PR50,2008-11-25,0
C:3300,Lenpo Group,SPA,LOGISTICS,PR57,2008-11-29,0
C:3301,Rosgio Group,SRL,HOLDING,PR16,2008-12-02,0
C:3302,Medan SpA,SRL,REAL_ESTATE,PR49,2008-12-05,0
C:3303,Gumon Group,SRL,LOGISTICS,PR28,2008-12-08,0
C:3304,Bergu Srl,SRL,CONSTRUCTION,PR14,2008-12-11,0
C:3305,Sazo Srl,SRL,HOSPITALITY,PR47,2008-12-15,0
C:3306,Marvi Srl,SRL,CONSULTING,PR52,2008-12-18,0
C:3307,Zoni SpA,SPA,SOFTWARE,PR34,2008-12-21,0
C:3308,Ferni Group,SRL,MANUFACTURING,PR43,2008-12-24,0
C:3309,Rengio SpA,SRL,SOFTWARE,PR57,2008-12-27,0
C:3310,Pasgu Srl,SRL,LOGISTICS,PR31,2008-12-31,0
C:3311,Cafer Group,SPA,SOFTWARE,PR11,2009-01-03,0
C:3312,Vifer Srl,SRL,HOSPITALITY,PR32,2009-01-06,0
C:3313,Cemar Srl,SRL,CONSULTING,PR27,2009-01-09,0
C:3314,Pasgal Srl,SPA,RETAIL,PR35,2009-01-12,0
C:3315,Valdi Srl,SPA,HOLDING,PR25,2009-01-16,0
C:3316,Vifer Srl,SRL,HOLDING,PR14,2009-01-19,0
C:3317,Caca Srl,SPA,MANUFACTURING,PR12,2009-01-22,0
C:3318,Rula SpA,SPA,MANUFACTURING,PR00,2009-01-25,0
C:3319,Gugal Srl,SRL,HOLDING,PR55,2009-01-28,0
C:3320,Giogu Srl,SRL,HOLDING,PR52,2009-02-01,0
C:3321,Tinsa Srl,SRL,CONSULTING,PR57,2009-02-04,0
C:3322,Meba Srl,SPA,AGRICULTURE,PR37,2009-02-07,0
C:3323,Foren SpA,SRL,CONSULTING,PR25,2009-02-10,0
C:3324,Nivi Srl,SPA,LOGISTICS,PR04,2009-02-13,0
C:3325,Telo Group,SPA,RETAIL,PR12,2009-02-17,0
C:3326,Lenren SpA,SPA,HOLDING,PR16,2009-02-20,0
C:3327,Safer Srl,SPA,CONSTRUCTION,PR37,2009-02-23,0
C:3328,Galvi Srl,SRL,AGRICULTURE,PR24,2009-02-26,0
C:3329,Lovi Group,SRL,HOLDING,PR57,2009-03-01,0
C:3330,Gucor SpA,SNC,HOLDING,PR28,2009-03-05,0
C:3331,Polo SpA,SNC,LOGISTICS,PR37,2009-03-08,0
C:3332,Vivi Group,SRL,HOSPITALITY,PR53,2009-03-11,0
C:3333,Paste Banca,SPA,BANKING,PR08,2009-03-14,1
C:3334,Savi Srl,SNC,RETAIL,PR09,2009-03-17,0
C:3335,Lenni Group,SRL,MANUFACTURING,PR52,2009-03-21,0
C:3336,Fermon Srl,SRL,SOFTWARE,PR09,2009-03-24,0
C:3337,Renla Group,SRL,CONSTRUCTION,PR28,2009-03-27,0
C:3338,Paszo Group,SRL,HOSPITALITY,PR34,2009-03-30,0
C:3339,Rumar Group,SRL,CONSTRUCTION,PR48,2009-04-02,0
C:3340,Marmar Srl,SPA,CONSTRUCTION,PR53,2009-04-06,0
C:3341,Giodan Group,SRL,REAL_ESTATE,PR20,2009-04-09,0
C:3342,Nigal Srl,SPA,HOSPITALITY,PR45,2009-04-12,0
C:3343,Dilen Group,SNC,HOLDING,PR43,2009-04-15,0
C:3344,Rengu Group,SPA,LOGISTICS,PR53,2009-04-18,0
C:3345,Gume SpA,SPA,CONSTRUCTION,PR39,2009-04-22,0
C:3346,Tindi Srl,SPA,SOFTWARE,PR42,2009-04-25,0
C:3347,Bavi Group,SPA,MANUFACTURING,PR35,2009-04-28,0
C:3348,Marte Srl,SRL,CONSULTING,PR05,2009-05-01,0
C:3349,Nifo Group,SPA,SOFTWARE,PR48,2009-05-04,0
C:3350,Ceros Srl,SPA,LOGISTICS,PR56,2009-05-08,0
C:3351,Marvi Srl,SRL,HOLDING,PR40,2009-05-11,0
C:3352,Fergal Group,SRL,RETAIL,PR39,2009-05-14,0
C:3353,Rosfo Srl,SPA,HOSPITALITY,PR20,2009-05-17,0
C:3354,Ceval SpA,SRL,REAL_ESTATE,PR36,2009-05-20,0
C:3355,Lenfer Group,SRL,RETAIL,PR31,2009-05-24,0
C:3356,Poros SpA,SPA,SOFTWARE,PR09,2009-05-27,0
C:3357,Loba Srl,SRL,REAL_ESTATE,PR27,2009-05-30,0
C:3358,Ditin SpA,SNC,HOLDING,PR58,2009-06-02,0
C:3359,Bavi Srl,SRL,CONSTRUCTION,PR19,2009-06-05,0
C:3360,Lasa Group,SPA,CONSULTING,PR17,2009-06-09,0
C:3361,Bapo SpA,SRL,AGRICULTURE,PR51,2009-06-12,0
C:3362,Ceval SpA,SPA,HOLDING,PR06,2009-06-15,0
C:3363,Dimar SpA,SPA,HOSPITALITY,PR13,2009-06-18,0
C:3364,Tinfo SpA,SPA,HOLDING,PR32,2009-06-21,0
C:3365,Tezo Srl,SRL,CONSULTING,PR25,2009-06-25,0
C:3366,Teros Srl,SRL,HOLDING,PR57,2009-06-28,0
C:3367,Renpo Group,SRL,RETAIL,PR06,2009-07-01,0
C:3368,Fertin SpA,SRL,CONSTRUCTION,PR39,2009-07-04,0
C:3369,Ferce Srl,SRL,HOLDING,PR00,2009-07-07,0
C:3370,Pasmon Group,SRL,HOLDING,PR17,2009-07-11,0
C:3371,Guren Group,SPA,HOSPITALITY,PR01,2009-07-14,0
C:3372,Vini Group,SNC,CONSULTING,PR58,2009-07-17,0
C:3373,Berren SpA,SNC,HOSPITALITY,PR38,2009-07-20,0
C:3374,Diren Srl,SRL,MANUFACTURING,PR12,2009-07-23,0
C:3375,Tinni SpA,SRL,REAL_ESTATE,PR45,2009-07-27,0
C:3376,Cepas SpA,SRL,SOFTWARE,PR01,2009-07-30,0
C:3377,Vipo Group,SPA,AGRICULTURE,PR53,2009-08-02,0
C:3378,Renval SpA,SRL,AGRICULTURE,PR40,2009-08-05,0
C:3379,Lenmon SpA,SPA,MANUFACTURING,PR12,2009-08-08,0
C:3380,Renca Srl,SRL,AGRICULTURE,PR37,2009-08-12,0
C:3381,Galfer Srl,SPA,HOSPITALITY,PR33,2009-08-15,0
C:3382,Nisa Srl,SNC,SOFTWARE,PR45,2009-08-18,0
C:3383,Foros Srl,SPA,HOLDING,PR26,2009-08-21,0
C:3384,Ferce SpA,SRL,RETAIL,PR41,2009-08-24,0
C:3385,Meca SpA,SPA,SOFTWARE,PR23,2009-08-28,0
C:3386,Renren Srl,SPA,RETAIL,PR30,2009-08-31,0
C:3387,Nite SpA,SPA,CONSULTING,PR57,2009-09-03,0
C:3388,Paszo SpA,SRL,CONSULTING,PR54,2009-09-06,0
C:3389,Pasber SpA,SPA,AGRICULTURE,PR58,2009-09-09,0
C:3390,Giofo Srl,SRL,CONSULTING,PR00,2009-09-13,0
C:3391,Berfo Group,SRL,CONSTRUCTION,PR54,2009-09-16,0
C:3392,Rudi Banca,SPA,BANKING,PR22,2009-09-19,1
C:3393,Logio Srl,SRL,CONSULTING,PR49,2009-09-22,0
C:3394,Nicor Srl,SRL,LOGISTICS,PR37,2009-09-25,0
C:3395,Dice Srl,SRL,SOFTWARE,PR58,2009-09-29,0
C:3396,Loba SpA,SRL,HOLDING,PR38,2009-10-02,0
C:3397,Valte SpA,SPA,HOSPITALITY,PR31,2009-10-05,0
C:3398,Vilen SpA,SRL,CONSTRUCTION,PR14,2009-10-08,0
C:3399,Badi Group,SRL,REAL_ESTATE,PR23,2009-10-11,0
C:3400,Mecor SpA,SRL,AGRICULTURE,PR56,2009-10-15,0
C:3401,Gufer SpA,SPA,HOLDING,PR23,2009-10-18,0
C:3402,Lenla Srl,SPA,AGRICULTURE,PR33,2009-10-21,0
C:3403,Valce Group,SNC,REAL_ESTATE,PR12,2009-10-24,0
C:3404,Viros SpA,SPA,HOSPITALITY,PR52,2009-10-27,0
C:3405,Cala Group,SPA,CONSULTING,PR24,2009-10-31,0
C:3406,Gioren Srl,SPA,REAL_ESTATE,PR30,2009-11-03,0
C:3407,Lenlo Srl,SRL,LOGISTICS,PR09,2009-11-06,0
C:3408,Renfo Srl,SRL,CONSTRUCTION,PR16,2009-11-09,0
C:3409,Ruber Group,SPA,LOGISTICS,PR40,2009-11-12,0
C:3410,Guren Group,SRL,MANUFACTURING,PR26,2009-11-16,0
C:3411,Giomon Group,SRL,RETAIL,PR05,2009-11-19,0
C:3412,Corca SpA,SRL,CONSULTING,PR05,2009-11-22,0
C:3413,Tinpas SpA,SRL,CONSTRUCTION,PR10,2009-11-25,0
C:3414,Zogal SpA,SRL,SOFTWARE,PR17,2009-11-28,0
C:3415,Valru SpA,SPA,REAL_ESTATE,PR37,2009-12-02,0
C:3416,Niren Srl,SRL,HOLDING,PR34,2009-12-05,0
C:3417,Pozo SpA,SRL,CONSTRUCTION,PR17,2009-12-08,0
C:3418,Tingio SpA,SRL,REAL_ESTATE,PR45,2009-12-11,0
C:3419,Popo Srl,SRL,REAL_ESTATE,PR33,2009-12-14,0
C:3420,Vipo SpA,SRL,HOSPITALITY,PR57,2009-12-18,0
C:3421,Corval SpA,SRL,HOSPITALITY,PR49,2009-12-21,0
C:3422,Ceca SpA,SRL,HOLDING,PR29,2009-12-24,0
C:3423,Rucor SpA,SPA,REAL_ESTATE,PR36,2009-12-27,0
C:3424,Cadi Srl,SPA,SOFTWARE,PR12,2009-12-30,0
C:3425,Tinzo Srl,SRL,CONSULTING,PR16,2010-01-03,0
C:3426,Giober Group,SPA,MANUFACTURING,PR24,2010-01-06,0
C:3427,Corni SpA,SPA,LOGISTICS,PR15,2010-01-09,0
C:3428,Baber Srl,SPA,HOLDING,PR32,2010-01-12,0
C:3429,Tegu Group,SRL,MANUFACTURING,PR17,2010-01-15,0
C:3430,Rusa SpA,SPA,AGRICULTURE,PR58,2010-01-19,0
C:3431,Poren Group,SRL,SOFTWARE,PR33,2010-01-22,0
C:3432,Monca SpA,SRL,AGRICULTURE,PR20,2010-01-25,0
C:3433,Lasa SpA,SRL,MANUFACTURING,PR27,2010-01-28,0
C:3434,Rosval SpA,SPA,MANUFACTURING,PR17,2010-01-31,0
C:3435,Sani Srl,SPA,SOFTWARE,PR04,2010-02-04,0
C:3436,Tefo SpA,SRL,RETAIL,PR04,2010-02-07,0
C:3437,Cegu Srl,SRL,HOSPITALITY,PR29,2010-02-10,0
C:3438,Cetin Srl,SRL,REAL_ESTATE,PR17,2010-02-13,0
C:3439,Meren Srl,SRL,REAL_ESTATE,PR35,2010-02-16,0
C:3440,Marval SpA,SRL,RETAIL,PR20,2010-02-20,0
C:3441,Zofer Group,SRL,SOFTWARE,PR07,2010-02-23,0
C:3442,Guren SpA,SPA,HOSPITALITY,PR31,2010-02-26,0
C:3443,Zovi Group,SRL,HOLDING,PR32,2010-03-01,0
C:3444,Corlo Group,SPA,MANUFACTURING,PR14,2010-03-04,0
C:3445,Nilen Group,SRL,LOGISTICS,PR13,2010-03-08,0
C:3446,Caros Group,SRL,AGRICULTURE,PR24,2010-03-11,0
C:3447,Zoval Srl,SRL,LOGISTICS,PR56,2010-03-14,0
C:3448,Zotin SpA,SRL,MANUFACTURING,PR57,2010-03-17,0
C:3449,Nisa Group,SPA,MANUFACTURING,PR42,2010-03-20,0
C:3450,Paspo Srl,SPA,RETAIL,PR15,2010-03-24,0
C:3451,Monval Group,SNC,HOLDING,PR43,2010-03-27,0
C:3452,Podi Group,SNC,HOLDING,PR53,2010-03-30,0
C:3453,Zomon Srl,SPA,HOLDING,PR30,2010-04-02,0
C:3454,Gulo SpA,SRL,REAL_ESTATE,PR28,2010-04-05,0
C:3455,Lotin Group,SNC,REAL_ESTATE,PR42,2010-04-09,0
C:3456,Popo SpA,SRL,RETAIL,PR19,2010-04-12,0
C:3457,Zodi Srl,SRL,CONSULTING,PR18,2010-04-15,0
C:3458,Medi Group,SRL,RETAIL,PR44,2010-04-18,0
C:3459,Pasdan SpA,SRL,AGRICULTURE,PR45,2010-04-21,0
C:3460,Zotin Group,SPA,MANUFACTURING,PR56,2010-04-25,0
C:3461,Danren SpA,SNC,CONSULTING,PR05,2010-04-28,0
C:3462,Rosdan Group,SRL,CONSULTING,PR14,2010-05-01,0
C:3463,Marce Srl,SPA,REAL_ESTATE,PR07,2010-05-04,0
C:3464,Badi Group,SPA,MANUFACTURING,PR01,2010-05-07,0
C:3465,Popas SpA,SRL,MANUFACTURING,PR25,2010-05-11,0
C:3466,Gioru SpA,SRL,REAL_ESTATE,PR22,2010-05-14,0
C:3467,Gufer Srl,SRL,LOGISTICS,PR09,2010-05-17,0
C:3468,Monme SpA,SRL,HOSPITALITY,PR56,2010-05-20,0
C:3469,Rosba Group,SPA,RETAIL,PR31,2010-05-23,0
C:3470,Sagal Srl,SPA,CONSTRUCTION,PR40,2010-05-27,0
C:3471,Zolen Group,SRL,SOFTWARE,PR19,2010-05-30,0
C:3472,Ferce SpA,SPA,SOFTWARE,PR00,2010-06-02,0
C:3473,Locor Group,SPA,SOFTWARE,PR56,2010-06-05,0
C:3474,Marren Group,SRL,CONSULTING,PR48,2010-06-08,0
C:3475,Focor Srl,SPA,MANUFACTURING,PR35,2010-06-12,0
C:3476,Zoros Group,SNC,MANUFACTURING,PR10,2010-06-15,0
C:3477,Fogio SpA,SPA,MANUFACTURING,PR22,2010-06-18,0
C:3478,Lencor Banca,SPA,BANKING,PR53,2010-06-21,1
C:3479,Ferba Group,SPA,AGRICULTURE,PR11,2010-06-24,0
C:3480,Dimar Srl,SPA,CONSULTING,PR50,2010-06-28,0
C:3481,Rospas Group,SRL,HOSPITALITY,PR52,2010-07-01,0
C:3482,Dipo Srl,SRL,RETAIL,PR36,2010-07-04,0
C:3483,Tingio Banca,SPA,BANKING,PR10,2010-07-07,1
C:3484,Renni Srl,SRL,REAL_ESTATE,PR35,2010-07-10,0
C:3485,Tingio Group,SPA,MANUFACTURING,PR44,2010-07-14,0
C:3486,Paspas SpA,SRL,RETAIL,PR38,2010-07-17,0
C:3487,Cormon Srl,SRL,SOFTWARE,PR21,2010-07-20,0
C:3488,Cormon Srl,SRL,LOGISTICS,PR38,2010-07-23,0
C:3489,Corgal Group,SNC,MANUFACTURING,PR03,2010-07-26,0
C:3490,Galfer Group,SRL,AGRICULTURE,PR17,2010-07-30,0
C:3491,Poca SpA,SRL,RETAIL,PR06,2010-08-02,0
C:3492,Lenlo Group,SNC,AGRICULTURE,PR58,2010-08-05,0
C:3493,Guzo Srl,SRL,AGRICULTURE,PR09,2010-08-08,0
C:3494,Ferca Srl,SNC,REAL_ESTATE,PR41,2010-08-11,0
C:3495,Tindan Srl,SNC,CONSTRUCTION,PR42,2010-08-15,0
C:3496,Giopas Srl,SPA,MANUFACTURING,PR58,2010-08-18,0
C:3497,Zogu Group,SPA,AGRICULTURE,PR43,2010-08-21,0
C:3498,Danfo SpA,SRL,HOLDING,PR59,2010-08-24,0
C:3499,Lendan Srl,SRL,RETAIL,PR44,2010-08-27,0
C:3500,Moncor Group,SPA,REAL_ESTATE,PR55,2010-08-31,0
C:3501,Fergal Srl,SPA,RETAIL,PR28,2010-09-03,0
C:3502,Lenber Group,SPA,REAL_ESTATE,PR40,2010-09-06,0
C:3503,Tindan Group,SRL,REAL_ESTATE,PR37,2010-09-09,0
C:3504,Rente SpA,SRL,RETAIL,PR18,2010-09-12,0
C:3505,Berru Group,SNC,AGRICULTURE,PR56,2010-09-16,0
C:3506,Loren SpA,SPA,MANUFACTURING,PR47,2010-09-19,0
C:3507,Foval Srl,SRL,RETAIL,PR08,2010-09-22,0
C:3508,Rosla Group,SRL,HOSPITALITY,PR15,2010-09-25,0
C:3509,Ferfer Group,SRL,AGRICULTURE,PR42,2010-09-28,0
C:3510,Berni Srl,SRL,HOSPITALITY,PR38,2010-10-02,0
C:3511,Zogal Srl,SRL,LOGISTICS,PR09,2010-10-05,0
C:3512,Bame Srl,SRL,HOLDING,PR35,2010-10-08,0
C:3513,Ferdan Banca,SPA,BANKING,PR01,2010-10-11,1
C:3514,Bani SpA,SRL,AGRICULTURE,PR29,2010-10-14,0
C:3515,Dilen Group,SPA,RETAIL,PR28,2010-10-18,0
C:3516,Povi Group,SRL,HOLDING,PR56,2010-10-21,0
C:3517,Lalen SpA,SPA,CONSTRUCTION,PR46,2010-10-24,0
C:3518,Lenba Srl,SRL,CONSTRUCTION,PR53,2010-10-27,0
C:3519,Lapas SpA,SRL,RETAIL,PR05,2010-10-30,0
C:3520,Gumon SpA,SNC,HOLDING,PR06,2010-11-03,0
C:3521,Cefer Group,SRL,MANUFACTURING,PR29,2010-11-06,0
C:3522,Bapo SpA,SPA,HOSPITALITY,PR27,2010-11-09,0
C:3523,Rospo SpA,SRL,CONSTRUCTION,PR04,2010-11-12,0
C:3524,Ladan Banca,SPA,BANKING,PR28,2010-11-15,1
C:3525,Digu SpA,SPA,MANUFACTURING,PR53,2010-11-19,0
C:3526,Marmon Group,SRL,CONSULTING,PR22,2010-11-22,0
C:3527,Sala SpA,SRL,AGRICULTURE,PR29,2010-11-25,0
C:3528,Rosni Srl,SRL,AGRICULTURE,PR39,2010-11-28,0
C:3529,Renlen Srl,SNC,REAL_ESTATE,PR34,2010-12-01,0
C:3530,Ferlo Banca,SPA,BANKING,PR49,2010-12-05,1
C:3531,Sate Srl,SNC,LOGISTICS,PR32,2010-12-08,0
C:3532,Balo Srl,SPA,HOLDING,PR11,2010-12-11,0
C:3533,Dandi SpA,SNC,AGRICULTURE,PR38,2010-12-14,0
C:3534,Danme Group,SRL,CONSULTING,PR26,2010-12-17,0
C:3535,Loni Srl,SNC,CONSTRUCTION,PR14,2010-12-21,0
C:3536,Galni Srl,SRL,SOFTWARE,PR12,2010-12-24,0
C:3537,Foren SpA,SRL,REAL_ESTATE,PR45,2010-12-27,0
C:3538,Ferros SpA,SPA,MANUFACTURING,PR33,2010-12-30,0
C:3539,Rospas Srl,SRL,RETAIL,PR03,2011-01-02,0
C:3540,Danmon Group,SPA,AGRICULTURE,PR44,2011-01-06,0
C:3541,Zoca Srl,SPA,CONSULTING,PR55,2011-01-09,0
C:3542,Cagio Group,SRL,MANUFACTURING,PR35,2011-01-12,0
C:3543,Laru Group,SRL,HOSPITALITY,PR37,2011-01-15,0
C:3544,Ladi Group,SPA,SOFTWARE,PR40,2011-01-18,0
C:3545,Vival Group,SRL,LOGISTICS,PR47,2011-01-22,0
C:3546,Danval Srl,SRL,HOLDING,PR31,2011-01-25,0
C:3547,Cedi Srl,SRL,AGRICULTURE,PR42,2011-01-28,0
C:3548,Corgal Group,SRL,CONSULTING,PR48,2011-01-31,0
C:3549,Sadi Group,SPA,RETAIL,PR11,2011-02-03,0
C:3550,Niren SpA,SRL,CONSULTING,PR46,2011-02-07,0
C:3551,Berfo SpA,SNC,MANUFACTURING,PR01,2011-02-10,0
C:3552,Sagal Group,SNC,REAL_ESTATE,PR55,2011-02-13,0
C:3553,Gioru Group,SPA,HOLDING,PR11,2011-02-16,0
C:3554,Corgio SpA,SRL,HOLDING,PR51,2011-02-19,0
C:3555,Nidi Srl,SPA,LOGISTICS,PR01,2011-02-23,0
C:3556,Polen SpA,SPA,HOLDING,PR09,2011-02-26,0
C:3557,Corfo SpA,SRL,MANUFACTURING,PR17,2011-03-01,0
C:3558,Gioca SpA,SNC,LOGISTICS,PR36,2011-03-04,0
C:3559,Guren SpA,SPA,LOGISTICS,PR21,2011-03-07,0
C:3560,Rosni SpA,SPA,CONSULTING,PR41,2011-03-11,0
C:3561,Berval Group,SPA,SOFTWARE,PR44,2011-03-14,0
C:3562,Tepas Srl,SRL,HOLDING,PR53,2011-03-17,0
C:3563,Foren Group,SRL,CONSULTING,PR56,2011-03-20,0
C:3564,Vila Group,SRL,LOGISTICS,PR14,2011-03-23,0
C:3565,Vilen Group,SPA,SOFTWARE,PR13,2011-03-27,0
C:3566,Berpo SpA,SRL,HOSPITALITY,PR29,2011-03-30,0
C:3567,Badan Srl,SRL,CONSULTING,PR08,2011-04-02,0
C:3568,Medan Group,SRL,CONSTRUCTION,PR09,2011-04-05,0
C:3569,Berca SpA,SPA,REAL_ESTATE,PR09,2011-04-08,0
C:3570,Valgu Group,SRL,MANUFACTURING,PR55,2011-04-12,0
C:3571,Bermar Srl,SRL,AGRICULTURE,PR10,2011-04-15,0
C:3572,Cepo Group,SRL,CONSTRUCTION,PR36,2011-04-18,0
C:3573,Renla Group,SRL,SOFTWARE,PR33,2011-04-21,0
C:3574,Bermon Srl,SNC,REAL_ESTATE,PR56,2011-04-24,0
C:3575,Runi Srl,SRL,RETAIL,PR33,2011-04-28,0
C:3576,Poce Srl,SPA,MANUFACTURING,PR50,2011-05-01,0
C:3577,Vallen Group,SPA,CONSTRUCTION,PR24,2011-05-04,0
C:3578,Marcor Srl,SRL,MANUFACTURING,PR30,2011-05-07,0
C:3579,Lenber SpA,SRL,HOLDING,PR53,2011-05-10,0
C:3580,Cezo SpA,SRL,HOLDING,PR13,2011-05-14,0
C:3581,Corber Group,SNC,RETAIL,PR58,2011-05-17,0
C:3582,Cefer SpA,SRL,MANUFACTURING,PR14,2011-05-20,0
C:3583,Tinmar Group,SRL,LOGISTICS,PR10,2011-05-23,0
C:3584,Dandi Group,SRL,HOLDING,PR24,2011-05-26,0
C:3585,Zoval SpA,SRL,REAL_ESTATE,PR44,2011-05-30,0
C:3586,Ferte SpA,SRL,LOGISTICS,PR15,2011-06-02,0
C:3587,Galren Group,SRL,HOSPITALITY,PR09,2011-06-05,0
C:3588,Logu Group,SRL,CONSULTING,PR05,2011-06-08,0
C:3589,Renvi SpA,SPA,REAL_ESTATE,PR35,2011-06-11,0
C:3590,Bame Group,SRL,AGRICULTURE,PR30,2011-06-15,0
C:3591,Giodi SpA,SNC,REAL_ESTATE,PR52,2011-06-18,0
C:3592,Foca Srl,SPA,HOSPITALITY,PR47,2011-06-21,0
C:3593,Martin Srl,SRL,HOLDING,PR02,2011-06-24,0
C:3594,Gupas Srl,SPA,MANUFACTURING,PR45,2011-06-27,0
C:3595,Berpas SpA,SRL,SOFTWARE,PR10,2011-07-01,0
C:3596,Marru SpA,SRL,LOGISTICS,PR16,2011-07-04,0
C:3597,Pasfo Srl,SPA,RETAIL,PR18,2011-07-07,0
C:3598,Valla Srl,SRL,RETAIL,PR46,2011-07-10,0
C:3599,Danme Group,SRL,HOSPITALITY,PR36,2011-07-13,0
C:3600,Ceca Srl,SRL,REAL_ESTATE,PR27,2011-07-17,0
C:3601,Polo Srl,SNC,MANUFACTURING,PR29,2011-07-20,0
C:3602,Lensa Group,SPA,REAL_ESTATE,PR11,2011-07-23,0
C:3603,Megal Group,SRL,MANUFACTURING,PR49,2011-07-26,0
C:3604,Guber Srl,SPA,HOSPITALITY,PR57,2011-07-29,0
C:3605,Digu Group,SNC,HOLDING,PR55,2011-08-02,0
C:3606,Berce Group,SRL,HOSPITALITY,PR39,2011-08-05,0
C:3607,Renvi SpA,SRL,MANUFACTURING,PR04,2011-08-08,0
C:3608,Cordi Srl,SRL,MANUFACTURING,PR04,2011-08-11,0
C:3609,Sasa Group,SRL,HOSPITALITY,PR42,2011-08-14,0
C:3610,Danlen Srl,SRL,CONSULTING,PR29,2011-08-18,0
C:3611,Bergal Group,SRL,HOSPITALITY,PR45,2011-08-21,0
C:3612,Zolo SpA,SRL,MANUFACTURING,PR36,2011-08-24,0
C:3613,Zote Srl,SRL,HOLDING,PR22,2011-08-27,0
C:3614,Galba SpA,SRL,HOSPITALITY,PR04,2011-08-30,0
C:3615,Vipo SpA,SPA,MANUFACTURING,PR57,2011-09-03,0
C:3616,Rosme Group,SRL,SOFTWARE,PR20,2011-09-06,0
C:3617,Visa SpA,SNC,HOSPITALITY,PR38,2011-09-09,0
C:3618,Tinme Group,SRL,CONSTRUCTION,PR58,2011-09-12,0
C:3619,Tegio Srl,SNC,LOGISTICS,PR22,2011-09-15,0
C:3620,Lendan Group,SPA,HOLDING,PR00,2011-09-19,0
C:3621,Fermon Srl,SPA,CONSULTING,PR50,2011-09-22,0
C:3622,Galme Group,SRL,REAL_ESTATE,PR04,2011-09-25,0
C:3623,Giopas SpA,SNC,RETAIL,PR32,2011-09-28,0
C:3624,Roslen Group,SPA,CONSTRUCTION,PR35,2011-10-01,0
C:3625,Renru Group,SRL,REAL_ESTATE,PR59,2011-10-05,0
C:3626,Tinber SpA,SNC,RETAIL,PR08,2011-10-08,0
C:3627,Capas Group,SPA,HOLDING,PR45,2011-10-11,0
C:3628,Megio SpA,SRL,AGRICULTURE,PR15,2011-10-14,0
C:3629,Corce Group,SPA,AGRICULTURE,PR45,2011-10-17,0
C:3630,Cormar Group,SRL,RETAIL,PR04,2011-10-21,0
C:3631,Marfo Group,SRL,HOSPITALITY,PR29,2011-10-24,0
C:3632,Gioca Srl,SRL,RETAIL,PR56,2011-10-27,0
C:3633,Galvi SpA,SRL,SOFTWARE,PR53,2011-10-30,0
C:3634,Rospo Group,SPA,LOGISTICS,PR30,2011-11-02,0
C:3635,Lala Srl,SRL,MANUFACTURING,PR22,2011-11-06,0
C:3636,Viber Group,SPA,MANUFACTURING,PR46,2011-11-09,0
C:3637,Ruval Srl,SPA,LOGISTICS,PR59,2011-11-12,0
C:3638,Tince Srl,SNC,LOGISTICS,PR41,2011-11-15,0
C:3639,Monzo Srl,SPA,HOLDING,PR40,2011-11-18,0
C:3640,Rosros Srl,SPA,RETAIL,PR40,2011-11-22,0
C:3641,Ferros Group,SPA,AGRICULTURE,PR41,2011-11-25,0
C:3642,Laru Group,SRL,RETAIL,PR49,2011-11-28,0
C:3643,Sadi Srl,SRL,CONSULTING,PR22,2011-12-01,0
C:3644,Rengu Group,SRL,MANUFACTURING,PR02,2011-12-04,0
C:3645,Lenca Srl,SRL,AGRICULTURE,PR52,2011-12-08,0
C:3646,Monpas SpA,SRL,MANUFACTURING,PR30,2011-12-11,0
C:3647,Tinla Banca,SPA,BANKING,PR13,2011-12-14,1
C:3648,Galgal Srl,SRL,CONSULTING,PR17,2011-12-17,0
C:3649,Montin Srl,SNC,SOFTWARE,PR29,2011-12-20,0
C:3650,Caren Srl,SRL,CONSTRUCTION,PR30,2011-12-24,0
C:3651,Corru Srl,SRL,MANUFACTURING,PR56,2011-12-27,0
C:3652,Galba SpA,SRL,AGRICULTURE,PR34,2011-12-30,0
C:3653,Dansa SpA,SPA,RETAIL,PR35,2012-01-02,0
C:3654,Rudi Group,SRL,RETAIL,PR40,2012-01-05,0
C:3655,Nimon Group,SRL,HOLDING,PR21,2012-01-09,0
C:3656,Rencor Group,SRL,CONSTRUCTION,PR52,2012-01-12,0
C:3657,Baren Group,SRL,AGRICULTURE,PR08,2012-01-15,0
C:3658,Pome Srl,SRL,SOFTWARE,PR02,2012-01-18,0
C:3659,Niros Srl,SPA,REAL_ESTATE,PR37,2012-01-21,0
C:3660,Pocor Srl,SRL,HOSPITALITY,PR49,2012-01-25,0
C:3661,Fomon SpA,SNC,SOFTWARE,PR10,2012-01-28,0
C:3662,Rosvi SpA,SRL,MANUFACTURING,PR18,2012-01-31,0
C:3663,Renlen Srl,SPA,MANUFACTURING,PR42,2012-02-03,0
C:3664,Lapas Srl,SRL,LOGISTICS,PR21,2012-02-06,0
C:3665,Pasgio SpA,SRL,AGRICULTURE,PR14,2012-02-10,0
C:3666,Pomon Group,SPA,CONSULTING,PR44,2012-02-13,0
C:3667,Lagu SpA,SNC,HOSPITALITY,PR41,2012-02-16,0
C:3668,Corme Group,SNC,CONSULTING,PR45,2012-02-19,0
C:3669,Calen Group,SRL,CONSULTING,PR51,2012-02-22,0
C:3670,Corni SpA,SPA,MANUFACTURING,PR23,2012-02-26,0
C:3671,Megio SpA,SRL,SOFTWARE,PR32,2012-02-29,0
C:3672,Fogal SpA,SRL,HOSPITALITY,PR49,2012-03-03,0
C:3673,Sagio Group,SRL,MANUFACTURING,PR59,2012-03-06,0
C:3674,Zosa Srl,SRL,AGRICULTURE,PR22,2012-03-09,0
C:3675,Rumon Group,SRL,CONSTRUCTION,PR13,2012-03-13,0
C:3676,Rossa SpA,SRL,REAL_ESTATE,PR36,2012-03-16,0
C:3677,Galca SpA,SRL,AGRICULTURE,PR17,2012-03-19,0
C:3678,Zosa Group,SRL,MANUFACTURING,PR03,2012-03-22,0
C:3679,Zofo Group,SPA,REAL_ESTATE,PR22,2012-03-25,0
C:3680,Tinpo SpA,SPA,RETAIL,PR39,2012-03-29,0
C:3681,Gula Group,SRL,MANUFACTURING,PR17,2012-04-01,0
C:3682,Temar Srl,SRL,MANUFACTURING,PR04,2012-04-04,0
C:3683,Rengio Group,SPA,RETAIL,PR35,2012-04-07,0
C:3684,Cefer Srl,SRL,LOGISTICS,PR35,2012-04-10,0
C:3685,Mefer Srl,SRL,LOGISTICS,PR24,2012-04-14,0
C:3686,Danme Srl,SRL,RETAIL,PR50,2012-04-17,0
C:3687,Mepo Group,SPA,CONSTRUCTION,PR03,2012-04-20,0
C:3688,Fofer Group,SNC,HOSPITALITY,PR03,2012-04-23,0
C:3689,Camar Srl,SRL,RETAIL,PR40,2012-04-26,0
C:3690,Rosfo Srl,SRL,CONSULTING,PR35,2012-04-30,0
C:3691,Tinros Srl,SPA,CONSULTING,PR34,2012-05-03,0
C:3692,Rence SpA,SPA,LOGISTICS,PR34,2012-05-06,0
C:3693,Ceca Group,SPA,SOFTWARE,PR12,2012-05-09,0
C:3694,Caru Group,SRL,SOFTWARE,PR25,2012-05-12,0
C:3695,Giocor Group,SRL,CONSULTING,PR00,2012-05-16,0
C:3696,Caval Srl,SNC,CONSTRUCTION,PR04,2012-05-19,0
C:3697,Gioren SpA,SPA,CONSULTING,PR56,2012-05-22,0
C:3698,Cormar Srl,SRL,CONSTRUCTION,PR14,2012-05-25,0
C:3699,Rosca Srl,SPA,MANUFACTURING,PR59,2012-05-28,0
C:3700,Danros Group,SPA,CONSTRUCTION,PR40,2012-06-01,0
C:3701,Marpas SpA,SRL,LOGISTICS,PR49,2012-06-04,0
C:3702,Lote Srl,SPA,RETAIL,PR35,2012-06-07,0
C:3703,Nigal SpA,SPA,LOGISTICS,PR12,2012-06-10,0
C:3704,Tedan Group,SRL,LOGISTICS,PR17,2012-06-13,0
C:3705,Celo Banca,SPA,BANKING,PR42,2012-06-17,1
C:3706,Rupo Srl,SPA,RETAIL,PR36,2012-06-20,0
C:3707,Valber Srl,SRL,MANUFACTURING,PR09,2012-06-23,0
C:3708,Corlen Srl,SRL,HOLDING,PR11,2012-06-26,0
C:3709,Tinba SpA,SPA,AGRICULTURE,PR01,2012-06-29,0
C:3710,Tinni Group,SRL,REAL_ESTATE,PR35,2012-07-03,0
C:3711,Marval Srl,SRL,RETAIL,PR30,2012-07-06,0
C:3712,Corca Group,SRL,CONSTRUCTION,PR54,2012-07-09,0
C:3713,Lenvi Srl,SRL,MANUFACTURING,PR47,2012-07-12,0
C:3714,Tincor Group,SRL,RETAIL,PR46,2012-07-15,0
C:3715,Lazo Group,SPA,CONSTRUCTION,PR53,2012-07-19,0
C:3716,Meval Group,SRL,REAL_ESTATE,PR06,2012-07-22,0
C:3717,Tepo Srl,SRL,MANUFACTURING,PR20,2012-07-25,0
C:3718,Renpo Srl,SRL,HOSPITALITY,PR44,2012-07-28,0
C:3719,Berros SpA,SRL,SOFTWARE,PR39,2012-07-31,0
C:3720,Mongal Srl,SPA,MANUFACTURING,PR49,2012-08-04,0
C:3721,Danvi Group,SPA,MANUFACTURING,PR08,2012-08-07,0
C:3722,Pola SpA,SRL,MANUFACTURING,PR50,2012-08-10,0
C:3723,Monru Group,SRL,MANUFACTURING,PR56,2012-08-13,0
C:3724,Disa SpA,SPA,CONSULTING,PR10,2012-08-16,0
C:3725,Pasru Srl,SRL,REAL_ESTATE,PR48,2012-08-20,0
C:3726,Cevi Srl,SRL,MANUFACTURING,PR05,2012-08-23,0
C:3727,Disa Banca,SPA,BANKING,PR53,2012-08-26,1
C:3728,Fofer Srl,SRL,CONSULTING,PR14,2012-08-29,0
C:3729,Gioni SpA,SNC,REAL_ESTATE,PR54,2012-09-01,0
C:3730,Rosba Group,SRL,CONSTRUCTION,PR42,2012-09-05,0
C:3731,Zoros SpA,SRL,RETAIL,PR08,2012-09-08,0
C:3732,Zoni SpA,SRL,REAL_ESTATE,PR07,2012-09-11,0
C:3733,Basa SpA,SRL,CONSTRUCTION,PR03,2012-09-14,0
C:3734,Cavi Group,SRL,RETAIL,PR09,2012-09-17,0
C:3735,Savi Group,SPA,LOGISTICS,PR29,2012-09-21,0
C:3736,Cegio SpA,SRL,AGRICULTURE,PR19,2012-09-24,0
C:3737,Laber Srl,SRL,CONSTRUCTION,PR00,2012-09-27,0
C:3738,Tindan Srl,SRL,HOSPITALITY,PR21,2012-09-30,0
C:3739,Pasni Srl,SPA,CONSTRUCTION,PR21,2012-10-03,0
C:3740,Melo SpA,SPA,MANUFACTURING,PR31,2012-10-07,0
C:3741,Marzo SpA,SPA,CONSULTING,PR58,2012-10-10,0
C:3742,Dizo SpA,SRL,CONSULTING,PR30,2012-10-13,0
C:3743,Mondi Group,SPA,HOSPITALITY,PR06,2012-10-16,0
C:3744,Povi Srl,SRL,MANUFACTURING,PR27,2012-10-19,0
C:3745,Ferba SpA,SRL,SOFTWARE,PR50,2012-10-23,0
C:3746,Lagio Group,SNC,HOSPITALITY,PR07,2012-10-26,0
C:3747,Guni Group,SRL,HOSPITALITY,PR57,2012-10-29,0
C:3748,Fodi Group,SRL,CONSULTING,PR23,2012-11-01,0
C:3749,Vimar Srl,SNC,AGRICULTURE,PR09,2012-11-04,0
C:3750,Rumar Group,SPA,HOLDING,PR19,2012-11-08,0
C:3751,Baca Group,SRL,MANUFACTURING,PR26,2012-11-11,0
C:3752,Lober Srl,SPA,RETAIL,PR15,2012-11-14,0
C:3753,Renzo SpA,SRL,RETAIL,PR12,2012-11-17,0
C:3754,Corni SpA,SRL,HOSPITALITY,PR44,2012-11-20,0
C:3755,Zomon Srl,SRL,LOGISTICS,PR47,2012-11-24,0
C:3756,Roscor Srl,SNC,HOLDING,PR43,2012-11-27,0
C:3757,Meren Group,SRL,HOLDING,PR06,2012-11-30,0
C:3758,Berte Group,SRL,HOSPITALITY,PR37,2012-12-03,0
C:3759,Nice Srl,SNC,HOLDING,PR44,2012-12-06,0
C:3760,Gumar Group,SPA,SOFTWARE,PR54,2012-12-10,0
C:3761,Lodan Srl,SRL,SOFTWARE,PR29,2012-12-13,0
C:3762,Tinmon Group,SRL,LOGISTICS,PR04,2012-12-16,0
C:3763,Safer Srl,SPA,LOGISTICS,PR07,2012-12-19,0
C:3764,Laca SpA,SNC,HOSPITALITY,PR09,2012-12-22,0
C:3765,Renlen Group,SPA,CONSULTING,PR54,2012-12-26,0
C:3766,Ferlo Srl,SRL,AGRICULTURE,PR51,2012-12-29,0
C:3767,Fergio SpA,SPA,AGRICULTURE,PR58,2013-01-01,0
C:3768,Lome SpA,SPA,SOFTWARE,PR03,2013-01-04,0
C:3769,Bace Group,SNC,HOSPITALITY,PR53,2013-01-07,0
C:3770,Bersa Srl,SRL,REAL_ESTATE,PR33,2013-01-11,0
C:3771,Danlo Group,SPA,HOLDING,PR02,2013-01-14,0
C:3772,Tefo Group,SRL,HOSPITALITY,PR52,2013-01-17,0
C:3773,Tezo Banca,SPA,BANKING,PR54,2013-01-20,1
C:3774,Montin SpA,SPA,SOFTWARE,PR44,2013-01-23,0
C:3775,Calo Group,SPA,HOSPITALITY,PR44,2013-01-27,0
C:3776,Rence Group,SPA,CONSULTING,PR38,2013-01-30,0
C:3777,Rosros SpA,SRL,LOGISTICS,PR29,2013-02-02,0
C:3778,Foros SpA,SNC,MANUFACTURING,PR57,2013-02-05,0
C:3779,Fote SpA,SPA,RETAIL,PR03,2013-02-08,0
C:3780,Dival SpA,SPA,CONSTRUCTION,PR06,2013-02-12,0
C:3781,Loce Group,SPA,RETAIL,PR33,2013-02-15,0
C:3782,Rupas Group,SRL,LOGISTICS,PR31,2013-02-18,0
C:3783,Fermar SpA,SRL,CONSTRUCTION,PR35,2013-02-21,0
C:3784,Tegio Srl,SRL,HOLDING,PR31,2013-02-24,0
C:3785,Gufo SpA,SRL,AGRICULTURE,PR32,2013-02-28,0
C:3786,Roszo SpA,SRL,CONSULTING,PR10,2013-03-03,0
C:3787,Baval Group,SRL,CONSULTING,PR06,2013-03-06,0
C:3788,Teber Group,SRL,REAL_ESTATE,PR09,2013-03-09,0
C:3789,Memon Srl,SRL,HOLDING,PR45,2013-03-12,0
C:3790,Pola SpA,SPA,MANUFACTURING,PR06,2013-03-16,0
C:3791,Tindan Srl,SRL,MANUFACTURING,PR43,2013-03-19,0
C:3792,Tintin Srl,SRL,REAL_ESTATE,PR46,2013-03-22,0
C:3793,Ferla Srl,SPA,REAL_ESTATE,PR03,2013-03-25,0
C:3794,Lenni Srl,SPA,AGRICULTURE,PR34,2013-03-28,0
C:3795,Teval SpA,SNC,CONSTRUCTION,PR54,2013-04-01,0
C:3796,Tingio Group,SPA,SOFTWARE,PR22,2013-04-04,0
C:3797,Dangal Srl,SRL,HOSPITALITY,PR31,2013-04-07,0
C:3798,Ferla Srl,SRL,HOSPITALITY,PR49,2013-04-10,0
C:3799,Guros Srl,SRL,HOLDING,PR24,2013-04-13,0
C:3800,Fermar Srl,SPA,HOSPITALITY,PR57,2013-04-17,0
C:3801,Giogu SpA,SPA,CONSTRUCTION,PR11,2013-04-20,0
C:3802,Corber Srl,SPA,REAL_ESTATE,PR08,2013-04-23,0
C:3803,Zoren SpA,SPA,REAL_ESTATE,PR20,2013-04-26,0
C:3804,Giogal Group,SPA,AGRICULTURE,PR34,2013-04-29,0
C:3805,Ceme Banca,SPA,BANKING,PR59,2013-05-03,1
C:3806,Dansa SpA,SRL,HOLDING,PR36,2013-05-06,0
C:3807,Monvi Srl,SRL,LOGISTICS,PR53,2013-05-09,0
C:3808,Rosla Group,SRL,AGRICULTURE,PR25,2013-05-12,0
C:3809,Lofo SpA,SPA,AGRICULTURE,PR32,2013-05-15,0
C:3810,Fome SpA,SRL,HOLDING,PR56,2013-05-19,0
C:3811,Cazo Srl,SRL,LOGISTICS,PR24,2013-05-22,0
C:3812,Mepo Group,SPA,CONSTRUCTION,PR07,2013-05-25,0
C:3813,Corros Group,SNC,REAL_ESTATE,PR11,2013-05-28,0
C:3814,Cace SpA,SPA,CONSTRUCTION,PR16,2013-05-31,0
C:3815,Mondan Srl,SNC,REAL_ESTATE,PR58,2013-06-04,0
C:3816,Rosgio Group,SRL,CONSTRUCTION,PR25,2013-06-07,0
C:3817,Niba SpA,SRL,HOLDING,PR31,2013-06-10,0
C:3818,Foba SpA,SNC,HOLDING,PR16,2013-06-13,0
C:3819,Danvi Group,SRL,SOFTWARE,PR23,2013-06-16,0
C:3820,Renros Srl,SRL,HOLDING,PR16,2013-06-20,0
C:3821,Didi Banca,SPA,BANKING,PR11,2013-06-23,1
C:3822,Saros SpA,SRL,CONSTRUCTION,PR44,2013-06-26,0
C:3823,Ferfo SpA,SRL,SOFTWARE,PR07,2013-06-29,0
C:3824,Vilo Group,SRL,SOFTWARE,PR08,2013-07-02,0
C:3825,Diru SpA,SRL,CONSULTING,PR32,2013-07-06,0
C:3826,Nipas SpA,SNC,CONSTRUCTION,PR01,2013-07-09,0
C:3827,Cezo SpA,SRL,HOLDING,PR36,2013-07-12,0
C:3828,Rumar Group,SRL,HOLDING,PR11,2013-07-15,0
C:3829,Giomar Srl,SRL,REAL_ESTATE,PR48,2013-07-18,0
C:3830,Meme SpA,SRL,SOFTWARE,PR06,2013-07-22,0
C:3831,Nimar SpA,SPA,RETAIL,PR51,2013-07-25,0
C:3832,Tinfo Srl,SRL,CONSULTING,PR51,2013-07-28,0
C:3833,Cevi Group,SNC,SOFTWARE,PR40,2013-07-31,0
C:3834,Lentin SpA,SPA,SOFTWARE,PR42,2013-08-03,0
C:3835,Margal Group,SPA,RETAIL,PR03,2013-08-07,0
C:3836,Bamar Srl,SNC,CONSULTING,PR57,2013-08-10,0
C:3837,Fote SpA,SRL,HOLDING,PR19,2013-08-13,0
C:3838,Zolen SpA,SPA,REAL_ESTATE,PR28,2013-08-16,0
C:3839,Lagu Banca,SPA,BANKING,PR58,2013-08-19,1
C:3840,Zoren Group,SNC,CONSULTING,PR12,2013-08-23,0
C:3841,Tinvi SpA,SPA,REAL_ESTATE,PR15,2013-08-26,0
C:3842,Berlen Group,SRL,HOSPITALITY,PR30,2013-08-29,0
C:3843,Rosgal Group,SPA,HOSPITALITY,PR19,2013-09-01,0
C:3844,Lenmar Group,SNC,RETAIL,PR52,2013-09-04,0
C:3845,Tinfo SpA,SPA,LOGISTICS,PR13,2013-09-08,0
C:3846,Passa SpA,SRL,HOLDING,PR12,2013-09-11,0
C:3847,Meni Group,SPA,REAL_ESTATE,PR47,2013-09-14,0
C:3848,Renfo Srl,SRL,LOGISTICS,PR50,2013-09-17,0
C:3849,Rosvi SpA,SNC,RETAIL,PR40,2013-09-20,0
C:3850,Valte SpA,SRL,CONSTRUCTION,PR59,2013-09-24,0
C:3851,Nidan Srl,SPA,MANUFACTURING,PR45,2013-09-27,0
C:3852,Rudan SpA,SPA,CONSULTING,PR13,2013-09-30,0
C:3853,Rutin Srl,SNC,LOGISTICS,PR55,2013-10-03,0
C:3854,Tece Srl,SNC,HOSPITALITY,PR19,2013-10-06,0
C:3855,Lenfer Banca,SPA,BANKING,PR14,2013-10-10,1
C:3856,Caca SpA,SPA,RETAIL,PR55,2013-10-13,0
C:3857,Monlo Group,SRL,HOLDING,PR40,2013-10-16,0
C:3858,Saru Srl,SPA,HOLDING,PR03,2013-10-19,0
C:3859,Roscor Srl,SPA,LOGISTICS,PR05,2013-10-22,0
C:3860,Lomar Banca,SPA,BANKING,PR35,2013-10-26,1
C:3861,Marte SpA,SRL,HOLDING,PR21,2013-10-29,0
C:3862,Vifo SpA,SPA,HOSPITALITY,PR13,2013-11-01,0
C:3863,Monzo SpA,SPA,SOFTWARE,PR51,2013-11-04,0
C:3864,Monmon Banca,SPA,BANKING,PR12,2013-11-07,1
C:3865,Badan Srl,SPA,REAL_ESTATE,PR54,2013-11-11,0
C:3866,Dila Group,SRL,CONSULTING,PR52,2013-11-14,0
C:3867,Tingio Banca,SPA,BANKING,PR46,2013-11-17,1
C:3868,Paslen Srl,SPA,HOSPITALITY,PR30,2013-11-20,0
C:3869,Vipo SpA,SRL,CONSULTING,PR24,2013-11-23,0
C:3870,Pasba SpA,SRL,HOSPITALITY,PR05,2013-11-27,0
C:3871,Gioni Srl,SRL,MANUFACTURING,PR47,2013-11-30,0
C:3872,Nigal Srl,SRL,HOLDING,PR05,2013-12-03,0
C:3873,Corme Srl,SPA,HOLDING,PR31,2013-12-06,0
C:3874,Telen Group,SRL,SOFTWARE,PR40,2013-12-09,0
C:3875,Tinvi SpA,SRL,AGRICULTURE,PR28,2013-12-13,0
C:3876,Bagu Group,SRL,AGRICULTURE,PR59,2013-12-16,0
C:3877,Tegio Group,SRL,MANUFACTURING,PR55,2013-12-19,0
C:3878,Ferpas SpA,SRL,HOLDING,PR50,2013-12-22,0
C:3879,Sacor SpA,SRL,CONSTRUCTION,PR01,2013-12-25,0
C:3880,Rosca Group,SPA,MANUFACTURING,PR17,2013-12-29,0
C:3881,Vivi SpA,SRL,SOFTWARE,PR27,2014-01-01,0
C:3882,Bagio Group,SRL,CONSTRUCTION,PR59,2014-01-04,0
C:3883,Marlen Group,SRL,HOLDING,PR46,2014-01-07,0
C:3884,Valpas Srl,SPA,HOLDING,PR11,2014-01-10,0
C:3885,Nimon Group,SRL,SOFTWARE,PR53,2014-01-14,0
C:3886,Danfer SpA,SRL,RETAIL,PR24,2014-01-17,0
C:3887,Cagio SpA,SRL,RETAIL,PR19,2014-01-20,0
C:3888,Medan Group,SRL,AGRICULTURE,PR06,2014-01-23,0
C:3889,Gioval Srl,SRL,RETAIL,PR55,2014-01-26,0
C:3890,Mefo SpA,SRL,HOLDING,PR12,2014-01-30,0
C:3891,Paszo Srl,SRL,HOLDING,PR56,2014-02-02,0
C:3892,Pasme Srl,SPA,CONSTRUCTION,PR45,2014-02-05,0
C:3893,Teme Group,SPA,MANUFACTURING,PR02,2014-02-08,0
C:3894,Pasca Group,SRL,REAL_ESTATE,PR30,2014-02-11,0
C:3895,Tinni Srl,SRL,MANUFACTURING,PR59,2014-02-15,0
C:3896,Renfo Banca,SPA,BANKING,PR26,2014-02-18,1
C:3897,Berca Group,SRL,MANUFACTURING,PR55,2014-02-21,0
C:3898,Guber SpA,SRL,RETAIL,PR42,2014-02-24,0
C:3899,Cagal SpA,SRL,CONSULTING,PR56,2014-02-27,0
C:3900,Runi Group,SPA,CONSTRUCTION,PR14,2014-03-03,0
C:3901,Monpo Group,SRL,RETAIL,PR44,2014-03-06,0
C:3902,Tezo Srl,SRL,AGRICULTURE,PR10,2014-03-09,0
C:3903,Sala Group,SRL,CONSULTING,PR30,2014-03-12,0
C:3904,Lafer SpA,SNC,HOLDING,PR38,2014-03-15,0
C:3905,Lodan Srl,SPA,AGRICULTURE,PR21,2014-03-19,0
C:3906,Paste SpA,SRL,HOSPITALITY,PR35,2014-03-22,0
C:3907,Cecor Group,SRL,LOGISTICS,PR37,2014-03-25,0
C:3908,Fercor Srl,SPA,MANUFACTURING,PR39,2014-03-28,0
C:3909,Cepas SpA,SRL,HOSPITALITY,PR54,2014-03-31,0
C:3910,Galval SpA,SRL,HOLDING,PR44,2014-04-04,0
C:3911,Teval SpA,SRL,HOLDING,PR13,2014-04-07,0
C:3912,Berpo Group,SRL,CONSULTING,PR31,2014-04-10,0
C:3913,Vigu Group,SPA,RETAIL,PR04,2014-04-13,0
C:3914,Marpo Srl,SNC,REAL_ESTATE,PR08,2014-04-16,0
C:3915,Vallen Srl,SRL,HOLDING,PR55,2014-04-20,0
C:3916,Zola Srl,SPA,AGRICULTURE,PR36,2014-04-23,0
C:3917,Caros Group,SRL,REAL_ESTATE,PR04,2014-04-26,0
C:3918,Pasval SpA,SPA,RETAIL,PR42,2014-04-29,0
C:3919,Rosba Srl,SRL,REAL_ESTATE,PR52,2014-05-02,0
C:3920,Gioros Group,SRL,AGRICULTURE,PR04,2014-05-06,0
C:3921,Monvi Group,SRL,SOFTWARE,PR19,2014-05-09,0
C:3922,Locor Group,SRL,RETAIL,PR15,2014-05-12,0
C:3923,Corru SpA,SRL,MANUFACTURING,PR46,2014-05-15,0
C:3924,Lasa Group,SRL,HOSPITALITY,PR30,2014-05-18,0
C:3925,Teru SpA,SRL,CONSTRUCTION,PR50,2014-05-22,0
C:3926,Marlo SpA,SRL,CONSTRUCTION,PR04,2014-05-25,0
C:3927,Cagu Group,SRL,LOGISTICS,PR47,2014-05-28,0
C:3928,Fodi Srl,SRL,RETAIL,PR18,2014-05-31,0
C:3929,Nice Group,SRL,HOLDING,PR37,2014-06-03,0
C:3930,Zoni Group,SRL,LOGISTICS,PR10,2014-06-07,0
C:3931,Vicor Group,SPA,RETAIL,PR09,2014-06-10,0
C:3932,Tingio Group,SRL,AGRICULTURE,PR42,2014-06-13,0
C:3933,Dandi Srl,SNC,HOSPITALITY,PR18,2014-06-16,0
C:3934,Gugal SpA,SRL,CONSTRUCTION,PR36,2014-06-19,0
C:3935,Galval SpA,SPA,LOGISTICS,PR15,2014-06-23,0
C:3936,Lapas Group,SPA,CONSTRUCTION,PR54,2014-06-26,0
C:3937,Corfer Group,SRL,RETAIL,PR58,2014-06-29,0
C:3938,Roste Srl,SRL,LOGISTICS,PR41,2014-07-02,0
C:3939,Monber Group,SNC,CONSTRUCTION,PR38,2014-07-05,0
C:3940,Corpo Group,SRL,LOGISTICS,PR00,2014-07-09,0
C:3941,Tingio SpA,SPA,LOGISTICS,PR03,2014-07-12,0
C:3942,Valgio Srl,SNC,REAL_ESTATE,PR11,2014-07-15,0
C:3943,Cemon Group,SNC,HOSPITALITY,PR11,2014-07-18,0
C:3944,Galba SpA,SPA,CONSTRUCTION,PR10,2014-07-21,0
C:3945,Poce Group,SRL,HOLDING,PR00,2014-07-25,0
C:3946,Dila SpA,SNC,CONSTRUCTION,PR55,2014-07-28,0
C:3947,Galme Group,SRL,CONSTRUCTION,PR46,2014-07-31,0
C:3948,Vallen Group,SRL,HOSPITALITY,PR02,2014-08-03,0
C:3949,Guni Group,SRL,CONSTRUCTION,PR48,2014-08-06,0
C:3950,Baren Srl,SRL,LOGISTICS,PR57,2014-08-10,0
C:3951,Digu Srl,SPA,SOFTWARE,PR00,2014-08-13,0
C:3952,Folo Srl,SRL,SOFTWARE,PR07,2014-08-16,0
C:3953,Teber Group,SRL,SOFTWARE,PR29,2014-08-19,0
C:3954,Savi Srl,SPA,HOLDING,PR41,2014-08-22,0
C:3955,Corpo Srl,SPA,REAL_ESTATE,PR26,2014-08-26,0
C:3956,Digal Srl,SPA,AGRICULTURE,PR26,2014-08-29,0
C:3957,Latin Srl,SPA,LOGISTICS,PR07,2014-09-01,0
C:3958,Loni Srl,SPA,HOLDING,PR01,2014-09-04,0
C:3959,Cecor Group,SNC,CONSULTING,PR17,2014-09-07,0
C:3960,Lenba SpA,SPA,REAL_ESTATE,PR41,2014-09-11,0
C:3961,Nilen SpA,SRL,AGRICULTURE,PR20,2014-09-14,0
C:3962,Rendi Srl,SPA,CONSTRUCTION,PR58,2014-09-17,0
C:3963,Galce Srl,SNC,REAL_ESTATE,PR43,2014-09-20,0
C:3964,Galba Srl,SPA,CONSTRUCTION,PR12,2014-09-23,0
C:3965,Valdan SpA,SRL,HOLDING,PR49,2014-09-27,0
C:3966,Lentin Srl,SRL,CONSTRUCTION,PR58,2014-09-30,0
C:3967,Rosber SpA,SRL,CONSTRUCTION,PR29,2014-10-03,0
C:3968,Guros Group,SPA,AGRICULTURE,PR02,2014-10-06,0
C:3969,Tegal Srl,SRL,REAL_ESTATE,PR08,2014-10-09,0
C:3970,Fofo Srl,SRL,CONSTRUCTION,PR32,2014-10-13,0
C:3971,Monlen Srl,SRL,CONSTRUCTION,PR05,2014-10-16,0
C:3972,Lendi Srl,SRL,HOLDING,PR06,2014-10-19,0
C:3973,Fozo Srl,SRL,LOGISTICS,PR14,2014-10-22,0
C:3974,Rosgio Group,SRL,AGRICULTURE,PR17,2014-10-25,0
C:3975,Galte Srl,SRL,LOGISTICS,PR11,2014-10-29,0
C:3976,Tinvi Group,SRL,LOGISTICS,PR07,2014-11-01,0
C:3977,Meros Group,SRL,REAL_ESTATE,PR44,2014-11-04,0
C:3978,Monzo Srl,SRL,HOLDING,PR00,2014-11-07,0
C:3979,Marca Srl,SPA,CONSULTING,PR41,2014-11-10,0
C:3980,Foca Group,SRL,AGRICULTURE,PR34,2014-11-14,0
C:3981,Monvi Srl,SPA,LOGISTICS,PR44,2014-11-17,0
C:3982,Monte Group,SPA,SOFTWARE,PR10,2014-11-20,0
C:3983,Bamar SpA,SRL,AGRICULTURE,PR41,2014-11-23,0
C:3984,Ladan SpA,SRL,CONSULTING,PR44,2014-11-26,0
C:3985,Corru Srl,SRL,MANUFACTURING,PR58,2014-11-30,0
C:3986,Renla Srl,SRL,MANUFACTURING,PR34,2014-12-03,0
C:3987,Gugio Srl,SRL,SOFTWARE,PR41,2014-12-06,0
C:3988,Ferfer Group,SPA,LOGISTICS,PR45,2014-12-09,0
C:3989,Marru SpA,SRL,REAL_ESTATE,PR17,2014-12-12,0
C:3990,Caros Srl,SPA,HOSPITALITY,PR31,2014-12-16,0
C:3991,Pogu Srl,SPA,RETAIL,PR03,2014-12-19,0
C:3992,Fodan SpA,SRL,HOSPITALITY,PR49,2014-12-22,0
C:3993,Pasfo Srl,SPA,HOLDING,PR39,2014-12-25,0
C:3994,Monvi Group,SRL,REAL_ESTATE,PR53,2014-12-28,0
C:3995,Danfer Group,SRL,CONSULTING,PR47,2015-01-01,0
C:3996,Valba Srl,SRL,MANUFACTURING,PR25,2015-01-04,0
C:3997,Bafer SpA,SPA,CONSTRUCTION,PR42,2015-01-07,0
C:3998,Corzo Group,SNC,AGRICULTURE,PR33,2015-01-10,0
C:3999,Fogal Srl,SPA,SOFTWARE,PR08,2015-01-13,0
C:4000,Tinru Group,SRL,MANUFACTURING,PR34,2015-01-17,0
C:4001,Corfer SpA,SRL,SOFTWARE,PR03,2015-01-20,0
C:4002,Tepas SpA,SRL,REAL_ESTATE,PR23,2015-01-23,0
C:4003,Corber Group,SPA,HOSPITALITY,PR03,2015-01-26,0
C:4004,Baros SpA,SRL,LOGISTICS,PR01,2015-01-29,0
C:4005,Zogio Group,SRL,MANUFACTURING,PR03,2015-02-02,0
C:4006,Rosren SpA,SRL,HOLDING,PR59,2015-02-05,0
C:4007,Vival SpA,SRL,CONSTRUCTION,PR57,2015-02-08,0
C:4008,Potin Srl,SPA,REAL_ESTATE,PR14,2015-02-11,0
C:4009,Martin SpA,SRL,CONSULTING,PR11,2015-02-14,0
C:4010,Tinlen Srl,SPA,SOFTWARE,PR24,2015-02-18,0
C:4011,Zovi SpA,SNC,SOFTWARE,PR04,2015-02-21,0
C:4012,Fola SpA,SRL,HOLDING,PR44,2015-02-24,0
C:4013,Logu SpA,SPA,CONSTRUCTION,PR57,2015-02-27,0
C:4014,Lendan SpA,SRL,RETAIL,PR03,2015-03-02,0
C:4015,Fergal Group,SPA,RETAIL,PR34,2015-03-06,0
C:4016,Corgal SpA,SRL,REAL_ESTATE,PR49,2015-03-09,0
C:4017,Corval Srl,SPA,REAL_ESTATE,PR35,2015-03-12,0
C:4018,Berla SpA,SRL,CONSTRUCTION,PR13,2015-03-15,0
C:4019,Cesa Srl,SRL,AGRICULTURE,PR11,2015-03-18,0
C:4020,Danpas SpA,SPA,CONSTRUCTION,PR39,2015-03-22,0
C:4021,Renla Group,SRL,HOSPITALITY,PR37,2015-03-25,0
C:4022,Lenber Srl,SPA,HOSPITALITY,PR34,2015-03-28,0
C:4023,Nifo SpA,SRL,CONSTRUCTION,PR29,2015-03-31,0
C:4024,Medi SpA,SRL,HOLDING,PR41,2015-04-03,0
C:4025,Berni SpA,SPA,MANUFACTURING,PR35,2015-04-07,0
C:4026,Fergu Srl,SNC,LOGISTICS,PR27,2015-04-10,0
C:4027,Fober Group,SPA,LOGISTICS,PR14,2015-04-13,0
C:4028,Giovi Group,SRL,AGRICULTURE,PR42,2015-04-16,0
C:4029,Rence Srl,SNC,AGRICULTURE,PR56,2015-04-19,0
C:4030,Lote Srl,SPA,SOFTWARE,PR25,2015-04-23,0
C:4031,Poren SpA,SNC,REAL_ESTATE,PR38,2015-04-26,0
C:4032,Saber Srl,SPA,MANUFACTURING,PR00,2015-04-29,0
C:4033,Ferber Srl,SRL,REAL_ESTATE,PR45,2015-05-02,0
C:4034,Sace SpA,SPA,HOLDING,PR42,2015-05-05,0
C:4035,Lenba Srl,SRL,LOGISTICS,PR40,2015-05-09,0
C:4036,Valgio Srl,SPA,SOFTWARE,PR07,2015-05-12,0
C:4037,Lodi Group,SRL,REAL_ESTATE,PR55,2015-05-15,0
C:4038,Giomon Group,SPA,HOLDING,PR24,2015-05-18,0
C:4039,Rentin SpA,SRL,AGRICULTURE,PR06,2015-05-21,0
C:4040,Vila Group,SRL,CONSULTING,PR07,2015-05-25,0
C:4041,Ferzo SpA,SRL,HOSPITALITY,PR26,2015-05-28,0
C:4042,Tevi Srl,SPA,HOSPITALITY,PR25,2015-05-31,0
C:4043,Lagio Srl,SRL,CONSTRUCTION,PR36,2015-06-03,0
C:4044,Corme Srl,SRL,CONSTRUCTION,PR23,2015-06-06,0
C:4045,Roscor SpA,SRL,RETAIL,PR31,2015-06-10,0
C:4046,Logal Srl,SRL,RETAIL,PR39,2015-06-13,0
C:4047,Bervi SpA,SRL,CONSULTING,PR56,2015-06-16,0
C:4048,Ferca Group,SRL,HOLDING,PR13,2015-06-19,0
C:4049,Berru Srl,SPA,LOGISTICS,PR20,2015-06-22,0
C:4050,Sala Group,SRL,RETAIL,PR50,2015-06-26,0
C:4051,Galba Srl,SNC,LOGISTICS,PR59,2015-06-29,0
C:4052,Margio Srl,SRL,SOFTWARE,PR41,2015-07-02,0
C:4053,Tinfo Srl,SPA,HOLDING,PR21,2015-07-05,0
C:4054,Popas Group,SRL,REAL_ESTATE,PR40,2015-07-08,0
C:4055,Tecor Srl,SNC,MANUFACTURING,PR20,2015-07-12,0
C:4056,Ruber Srl,SRL,AGRICULTURE,PR27,2015-07-15,0
C:4057,Lagal SpA,SPA,CONSTRUCTION,PR55,2015-07-18,0
C:4058,Salo SpA,SPA,RETAIL,PR21,2015-07-21,0
C:4059,Ceni Srl,SPA,CONSTRUCTION,PR14,2015-07-24,0
C:4060,Monfer Group,SRL,HOSPITALITY,PR01,2015-07-28,0
C:4061,Zopo SpA,SPA,LOGISTICS,PR55,2015-07-31,0
C:4062,Monce Srl,SRL,REAL_ESTATE,PR13,2015-08-03,0
C:4063,Samon Srl,SRL,SOFTWARE,PR58,2015-08-06,0
C:4064,Mesa Group,SRL,HOLDING,PR19,2015-08-09,0
C:4065,Nime SpA,SRL,REAL_ESTATE,PR53,2015-08-13,0
C:4066,Laval SpA,SPA,LOGISTICS,PR42,2015-08-16,0
C:4067,Polen Srl,SRL,LOGISTICS,PR25,2015-08-19,0
C:4068,Cegal Group,SPA,LOGISTICS,PR50,2015-08-22,0
C:4069,Ruru SpA,SPA,REAL_ESTATE,PR17,2015-08-25,0
C:4070,Danba SpA,SRL,CONSULTING,PR17,2015-08-29,0
C:4071,Fomar SpA,SRL,CONSULTING,PR31,2015-09-01,0
C:4072,Vimar Srl,SNC,HOLDING,PR03,2015-09-04,0
C:4073,Lomar Group,SPA,HOSPITALITY,PR56,2015-09-07,0
C:4074,Bagal SpA,SRL,LOGISTICS,PR33,2015-09-10,0
C:4075,Rosvi Srl,SPA,HOSPITALITY,PR53,2015-09-14,0
C:4076,Lace Group,SRL,MANUFACTURING,PR57,2015-09-17,0
C:4077,Laval Group,SRL,RETAIL,PR00,2015-09-20,0
C:4078,Tinpo Group,SRL,CONSULTING,PR52,2015-09-23,0
C:4079,Rence Group,SRL,REAL_ESTATE,PR36,2015-09-26,0
C:4080,Diros SpA,SPA,CONSULTING,PR23,2015-09-30,0
C:4081,Vizo Srl,SPA,REAL_ESTATE,PR43,2015-10-03,0
C:4082,Foba Srl,SPA,HOLDING,PR01,2015-10-06,0
C:4083,Roste Group,SRL,AGRICULTURE,PR43,2015-10-09,0
C:4084,Galla Srl,SNC,RETAIL,PR04,2015-10-12,0
C:4085,Monpas Srl,SPA,LOGISTICS,PR33,2015-10-16,0
C:4086,Mondi Group,SPA,MANUFACTURING,PR09,2015-10-19,0
C:4087,Galfer SpA,SPA,HOLDING,PR02,2015-10-22,0
C:4088,Roszo SpA,SPA,HOLDING,PR52,2015-10-25,0
C:4089,Renpo Group,SRL,HOSPITALITY,PR45,2015-10-28,0
C:4090,Laba Group,SRL,LOGISTICS,PR28,2015-11-01,0
C:4091,Lasa Group,SPA,SOFTWARE,PR07,2015-11-04,0
C:4092,Dice SpA,SPA,RETAIL,PR32,2015-11-07,0
C:4093,Sazo Group,SPA,AGRICULTURE,PR06,2015-11-10,0
C:4094,Pomar SpA,SPA,CONSTRUCTION,PR27,2015-11-13,0
C:4095,Zomon Srl,SPA,MANUFACTURING,PR02,2015-11-17,0
C:4096,Dini Srl,SRL,SOFTWARE,PR07,2015-11-20,0
C:4097,Diru Group,SRL,REAL_ESTATE,PR50,2015-11-23,0
C:4098,Giovi Srl,SPA,AGRICULTURE,PR30,2015-11-26,0
C:4099,Laren SpA,SNC,CONSTRUCTION,PR53,2015-11-29,0
C:4100,Valgal Srl,SPA,MANUFACTURING,PR58,2015-12-03,0
C:4101,Vidi SpA,SPA,AGRICULTURE,PR00,2015-12-06,0
C:4102,Gudi Group,SNC,AGRICULTURE,PR28,2015-12-09,0
C:4103,Fozo Srl,SRL,CONSTRUCTION,PR14,2015-12-12,0
C:4104,Nice Group,SRL,MANUFACTURING,PR36,2015-12-15,0
C:4105,Loval Group,SPA,LOGISTICS,PR33,2015-12-19,0
C:4106,Vigu Group,SPA,CONSULTING,PR43,2015-12-22,0
C:4107,Rugio SpA,SPA,AGRICULTURE,PR30,2015-12-25,0
C:4108,Danlen Srl,SRL,AGRICULTURE,PR43,2015-12-28,0
C:4109,Rusa SpA,SRL,CONSULTING,PR44,2015-12-31,0
C:4110,Cagio SpA,SPA,REAL_ESTATE,PR08,2016-01-04,0
C:4111,Roslo SpA,SRL,CONSTRUCTION,PR51,2016-01-07,0
C:4112,Corba Group,SRL,CONSULTING,PR37,2016-01-10,0
C:4113,Saber Srl,SRL,LOGISTICS,PR29,2016-01-13,0
C:4114,Galni Group,SPA,AGRICULTURE,PR29,2016-01-16,0
C:4115,Valte Srl,SRL,AGRICULTURE,PR09,2016-01-20,0
C:4116,Renru Srl,SPA,MANUFACTURING,PR32,2016-01-23,0
C:4117,Came Srl,SRL,CONSTRUCTION,PR45,2016-01-26,0
C:4118,Nime SpA,SPA,REAL_ESTATE,PR38,2016-01-29,0
C:4119,Guros Srl,SRL,HOLDING,PR16,2016-02-01,0
C:4120,Casa SpA,SRL,CONSULTING,PR19,2016-02-05,0
C:4121,Tepo Group,SRL,AGRICULTURE,PR04,2016-02-08,0
C:4122,Cavi SpA,SRL,CONSULTING,PR04,2016-02-11,0
C:4123,Calo Srl,SRL,CONSULTING,PR44,2016-02-14,0
C:4124,Foru Group,SPA,REAL_ESTATE,PR40,2016-02-17,0
C:4125,Cegio Srl,SNC,HOSPITALITY,PR19,2016-02-21,0
C:4126,Pomar SpA,SNC,HOLDING,PR50,2016-02-24,0
C:4127,Berfo SpA,SPA,LOGISTICS,PR15,2016-02-27,0
C:4128,Lenren Group,SPA,REAL_ESTATE,PR59,2016-03-01,0
C:4129,Caba Group,SRL,AGRICULTURE,PR03,2016-03-04,0
C:4130,Tetin Banca,SPA,BANKING,PR44,2016-03-08,1
C:4131,Cagal SpA,SPA,HOSPITALITY,PR49,2016-03-11,0
C:4132,Lapas Srl,SRL,REAL_ESTATE,PR28,2016-03-14,0
C:4133,Marmon SpA,SPA,CONSTRUCTION,PR44,2016-03-17,0
C:4134,Niba SpA,SRL,MANUFACTURING,PR29,2016-03-20,0
C:4135,Caros Group,SPA,CONSULTING,PR01,2016-03-24,0
C:4136,Corpo SpA,SRL,LOGISTICS,PR29,2016-03-27,0
C:4137,Rosca Srl,SNC,AGRICULTURE,PR33,2016-03-30,0
C:4138,Pome SpA,SNC,SOFTWARE,PR41,2016-04-02,0
C:4139,Cela Group,SPA,AGRICULTURE,PR22,2016-04-05,0
C:4140,Bame Group,SRL,HOLDING,PR58,2016-04-09,0
C:4141,Cala Group,SRL,HOLDING,PR08,2016-04-12,0
C:4142,Giosa Banca,SPA,BANKING,PR51,2016-04-15,1
C:4143,Galmar Group,SRL,SOFTWARE,PR45,2016-04-18,0
C:4144,Bazo SpA,SNC,HOSPITALITY,PR30,2016-04-21,0
C:4145,Zodan Group,SPA,HOLDING,PR51,2016-04-25,0
C:4146,Baren Srl,SRL,HOSPITALITY,PR26,2016-04-28,0
C:4147,Pasren SpA,SRL,RETAIL,PR22,2016-05-01,0
C:4148,Tetin SpA,SRL,CONSULTING,PR39,2016-05-04,0
C:4149,Giodan Group,SRL,AGRICULTURE,PR09,2016-05-07,0
C:4150,Zopo SpA,SRL,RETAIL,PR08,2016-05-11,0
C:4151,Sapas Srl,SRL,CONSTRUCTION,PR39,2016-05-14,0
C:4152,Rosba SpA,SRL,CONSULTING,PR44,2016-05-17,0
C:4153,Berfo SpA,SRL,LOGISTICS,PR53,2016-05-20,0
C:4154,Galte Group,SPA,MANUFACTURING,PR29,2016-05-23,0
C:4155,Caval SpA,SRL,SOFTWARE,PR16,2016-05-27,0
C:4156,Vidan Group,SRL,LOGISTICS,PR15,2016-05-30,0
C:4157,Pasla SpA,SRL,SOFTWARE,PR43,2016-06-02,0
C:4158,Fovi Srl,SPA,CONSULTING,PR46,2016-06-05,0
C:4159,Ferla Group,SPA,CONSULTING,PR30,2016-06-08,0
C:4160,Lafo Srl,SRL,AGRICULTURE,PR50,2016-06-12,0
C:4161,Lotin SpA,SPA,HOLDING,PR02,2016-06-15,0
C:4162,Berlen SpA,SRL,AGRICULTURE,PR43,2016-06-18,0
C:4163,Giodan SpA,SPA,AGRICULTURE,PR50,2016-06-21,0
C:4164,Lopas Group,SRL,CONSTRUCTION,PR33,2016-06-24,0
C:4165,Cortin Group,SNC,HOSPITALITY,PR39,2016-06-28,0
C:4166,Rufo SpA,SRL,SOFTWARE,PR37,2016-07-01,0
C:4167,Medi Srl,SPA,LOGISTICS,PR10,2016-07-04,0
C:4168,Giofo Group,SPA,HOSPITALITY,PR52,2016-07-07,0
C:4169,Bagal SpA,SRL,RETAIL,PR52,2016-07-10,0
C:4170,Tegio Group,SPA,LOGISTICS,PR32,2016-07-14,0
C:4171,Bagio Srl,SNC,SOFTWARE,PR40,2016-07-17,0
C:4172,Tela SpA,SNC,SOFTWARE,PR58,2016-07-20,0
C:4173,Calen SpA,SPA,REAL_ESTATE,PR53,2016-07-23,0
C:4174,Folen Srl,SPA,CONSULTING,PR02,2016-07-26,0
C:4175,Tinros Group,SRL,AGRICULTURE,PR30,2016-07-30,0
C:4176,Renfer SpA,SPA,SOFTWARE,PR24,2016-08-02,0
C:4177,Mardan Group,SRL,AGRICULTURE,PR01,2016-08-05,0
C:4178,Corme Group,SRL,REAL_ESTATE,PR25,2016-08-08,0
C:4179,Cala Group,SPA,SOFTWARE,PR37,2016-08-11,0
C:4180,Monval SpA,SPA,HOLDING,PR18,2016-08-15,0
C:4181,Teni Srl,SPA,HOSPITALITY,PR54,2016-08-18,0
C:4182,Caba SpA,SRL,HOSPITALITY,PR33,2016-08-21,0
C:4183,Renru Group,SRL,AGRICULTURE,PR20,2016-08-24,0
C:4184,Gupas SpA,SNC,RETAIL,PR14,2016-08-27,0
C:4185,Tinmar Srl,SRL,SOFTWARE,PR13,2016-08-31,0
C:4186,Fofer Srl,SRL,HOLDING,PR43,2016-09-03,0
C:4187,Berca Group,SPA,CONSTRUCTION,PR33,2016-09-06,0
C:4188,Mezo Group,SRL,SOFTWARE,PR00,2016-09-09,0
C:4189,Sagio Srl,SRL,MANUFACTURING,PR25,2016-09-12,0
C:4190,Tindi Banca,SPA,BANKING,PR35,2016-09-16,1
C:4191,Corgio Group,SNC,CONSULTING,PR13,2016-09-19,0
C:4192,Valzo Group,SNC,MANUFACTURING,PR27,2016-09-22,0
C:4193,Viru Group,SPA,MANUFACTURING,PR38,2016-09-25,0
C:4194,Vidan SpA,SRL,SOFTWARE,PR05,2016-09-28,0
C:4195,Meval Srl,SRL,CONSULTING,PR06,2016-10-02,0
C:4196,Teru Srl,SRL,CONSTRUCTION,PR52,2016-10-05,0
C:4197,Gioni SpA,SPA,LOGISTICS,PR27,2016-10-08,0
C:4198,Ferval Group,SRL,HOLDING,PR52,2016-10-11,0
C:4199,Tevi Group,SNC,HOSPITALITY,PR11,2016-10-14,0
C:4200,Fodan Group,SNC,MANUFACTURING,PR26,2016-10-18,0
C:4201,Lenni Group,SRL,REAL_ESTATE,PR44,2016-10-21,0
C:4202,Laval Group,SRL,REAL_ESTATE,PR08,2016-10-24,0
C:4203,Vitin Srl,SRL,REAL_ESTATE,PR45,2016-10-27,0
C:4204,Cemar Group,SNC,AGRICULTURE,PR53,2016-10-30,0
C:4205,Lafo Srl,SRL,LOGISTICS,PR21,2016-11-03,0
C:4206,Rence Group,SNC,LOGISTICS,PR14,2016-11-06,0
C:4207,Tete Group,SNC,AGRICULTURE,PR45,2016-11-09,0
C:4208,Corlen Group,SRL,HOLDING,PR21,2016-11-12,0
C:4209,Pasfo Srl,SRL,RETAIL,PR05,2016-11-15,0
C:4210,Berfer SpA,SRL,REAL_ESTATE,PR25,2016-11-19,0
C:4211,Zoren Srl,SPA,AGRICULTURE,PR29,2016-11-22,0
C:4212,Baba SpA,SNC,REAL_ESTATE,PR42,2016-11-25,0
C:4213,Niren Group,SPA,AGRICULTURE,PR54,2016-11-28,0
C:4214,Fopo SpA,SRL,MANUFACTURING,PR48,2016-12-01,0
C:4215,Rostin Srl,SRL,CONSTRUCTION,PR29,2016-12-05,0
C:4216,Nila SpA,SRL,REAL_ESTATE,PR13,2016-12-08,0
C:4217,Gufo Srl,SRL,LOGISTICS,PR37,2016-12-11,0
C:4218,Fervi Group,SNC,HOSPITALITY,PR30,2016-12-14,0
C:4219,Pasber SpA,SRL,REAL_ESTATE,PR47,2016-12-17,0
C:4220,Loni Group,SRL,LOGISTICS,PR02,2016-12-21,0
C:4221,Niber Group,SPA,REAL_ESTATE,PR27,2016-12-24,0
C:4222,Monme SpA,SPA,LOGISTICS,PR47,2016-12-27,0
C:4223,Tegal SpA,SRL,REAL_ESTATE,PR16,2016-12-30,0
C:4224,Capo Group,SPA,LOGISTICS,PR06,2017-01-02,0
C:4225,Danvi SpA,SNC,REAL_ESTATE,PR13,2017-01-06,0
C:4226,Vice Srl,SRL,AGRICULTURE,PR12,2017-01-09,0
C:4227,Monmar SpA,SRL,CONSTRUCTION,PR20,2017-01-12,0
C:4228,Danvi Srl,SPA,LOGISTICS,PR54,2017-01-15,0
C:4229,Tinni Group,SRL,SOFTWARE,PR55,2017-01-18,0
C:4230,Zoca Group,SPA,CONSULTING,PR52,2017-01-22,0
C:4231,Monsa Group,SNC,SOFTWARE,PR23,2017-01-25,0
C:4232,Renzo Srl,SRL,CONSULTING,PR11,2017-01-28,0
C:4233,Ferzo Srl,SPA,RETAIL,PR26,2017-01-31,0
C:4234,Rendan Group,SRL,CONSTRUCTION,PR51,2017-02-03,0
C:4235,Nisa Group,SRL,RETAIL,PR05,2017-02-07,0
C:4236,Rencor Group,SRL,MANUFACTURING,PR31,2017-02-10,0
C:4237,Nisa Group,SRL,CONSTRUCTION,PR33,2017-02-13,0
C:4238,Corru SpA,SRL,SOFTWARE,PR56,2017-02-16,0
C:4239,Ferni Group,SRL,REAL_ESTATE,PR15,2017-02-19,0
C:4240,Cezo Group,SRL,LOGISTICS,PR11,2017-02-23,0
C:4241,Corgal Group,SPA,HOSPITALITY,PR17,2017-02-26,0
C:4242,Tevi Group,SRL,REAL_ESTATE,PR46,2017-03-01,0
C:4243,Vice Group,SRL,CONSTRUCTION,PR04,2017-03-04,0
C:4244,Giogu Srl,SNC,HOSPITALITY,PR35,2017-03-07,0
C:4245,Zoros Group,SRL,RETAIL,PR05,2017-03-11,0
C:4246,Tinlen Srl,SRL,SOFTWARE,PR43,2017-03-14,0
C:4247,Lafo Group,SRL,LOGISTICS,PR32,2017-03-17,0
C:4248,Bergio Srl,SRL,SOFTWARE,PR23,2017-03-20,0
C:4249,Ruru Group,SRL,LOGISTICS,PR55,2017-03-23,0
C:4250,Viru Srl,SRL,AGRICULTURE,PR32,2017-03-27,0
C:4251,Dite Srl,SRL,HOSPITALITY,PR06,2017-03-30,0
C:4252,Megu Srl,SRL,AGRICULTURE,PR40,2017-04-02,0
C:4253,Corzo SpA,SPA,SOFTWARE,PR59,2017-04-05,0
C:4254,Roslen Srl,SRL,REAL_ESTATE,PR49,2017-04-08,0
C:4255,Ruvi SpA,SRL,HOLDING,PR29,2017-04-12,0
C:4256,Lotin Group,SRL,HOSPITALITY,PR24,2017-04-15,0
C:4257,Zopo SpA,SRL,HOSPITALITY,PR01,2017-04-18,0
C:4258,Lolen SpA,SRL,CONSULTING,PR28,2017-04-21,0
C:4259,Fosa Group,SRL,REAL_ESTATE,PR01,2017-04-24,0
C:4260,Zoba Srl,SPA,HOSPITALITY,PR18,2017-04-28,0
C:4261,Tinval Group,SPA,REAL_ESTATE,PR33,2017-05-01,0
C:4262,Lasa SpA,SPA,CONSTRUCTION,PR48,2017-05-04,0
C:4263,Megal Group,SPA,MANUFACTURING,PR41,2017-05-07,0
C:4264,Mece Srl,SNC,LOGISTICS,PR11,2017-05-10,0
C:4265,Galpas Srl,SPA,LOGISTICS,PR18,2017-05-14,0
C:4266,Ferme Srl,SRL,HOSPITALITY,PR41,2017-05-17,0
C:4267,Valfo SpA,SRL,HOLDING,PR16,2017-05-20,0
C:4268,Loba Srl,SPA,CONSTRUCTION,PR25,2017-05-23,0
C:4269,Monru SpA,SRL,REAL_ESTATE,PR54,2017-05-26,0
C:4270,Tefo Srl,SRL,AGRICULTURE,PR21,2017-05-30,0
C:4271,Fote Group,SRL,REAL_ESTATE,PR20,2017-06-02,0
C:4272,Lofer Srl,SPA,AGRICULTURE,PR00,2017-06-05,0
C:4273,Monren Group,SRL,CONSULTING,PR21,2017-06-08,0
C:4274,Diber Group,SRL,RETAIL,PR34,2017-06-11,0
C:4275,Renba Srl,SRL,CONSULTING,PR10,2017-06-15,0
C:4276,Monvi Srl,SRL,HOSPITALITY,PR50,2017-06-18,0
C:4277,Giopas SpA,SRL,CONSTRUCTION,PR21,2017-06-21,0
C:4278,Calen SpA,SRL,AGRICULTURE,PR46,2017-06-24,0
C:4279,Rosmar Group,SRL,HOSPITALITY,PR13,2017-06-27,0
C:4280,Dizo Srl,SNC,SOFTWARE,PR50,2017-07-01,0
C:4281,Gudi Group,SPA,CONSULTING,PR10,2017-07-04,0
C:4282,Nica Srl,SRL,HOLDING,PR48,2017-07-07,0
C:4283,Samar Srl,SNC,MANUFACTURING,PR42,2017-07-10,0
C:4284,Renpo Srl,SRL,RETAIL,PR22,2017-07-13,0
C:4285,Dantin SpA,SPA,AGRICULTURE,PR21,2017-07-17,0
C:4286,Niba Srl,SPA,LOGISTICS,PR12,2017-07-20,0
C:4287,Valba SpA,SRL,CONSTRUCTION,PR59,2017-07-23,0
C:4288,Laren SpA,SRL,CONSTRUCTION,PR29,2017-07-26,0
C:4289,Bergio SpA,SPA,SOFTWARE,PR14,2017-07-29,0
C:4290,Foni Group,SRL,CONSTRUCTION,PR42,2017-08-02,0
C:4291,Lamar Group,SRL,HOLDING,PR12,2017-08-05,0
C:4292,Potin Srl,SRL,CONSTRUCTION,PR44,2017-08-08,0
C:4293,Corlo SpA,SRL,LOGISTICS,PR15,2017-08-11,0
C:4294,Pasba Srl,SPA,LOGISTICS,PR42,2017-08-14,0
C:4295,Martin SpA,SNC,MANUFACTURING,PR16,2017-08-18,0
C:4296,Pascor Group,SRL,HOLDING,PR29,2017-08-21,0
C:4297,Zodi Srl,SRL,HOLDING,PR34,2017-08-24,0
C:4298,Tevi Group,SRL,HOLDING,PR30,2017-08-27,0
C:4299,Monte Srl,SPA,MANUFACTURING,PR49,2017-08-30,0
C:4300,Tinba Group,SPA,CONSTRUCTION,PR37,2017-09-03,0
C:4301,Ladan Group,SRL,SOFTWARE,PR06,2017-09-06,0
C:4302,Vitin SpA,SPA,LOGISTICS,PR22,2017-09-09,0
C:4303,Marsa SpA,SRL,AGRICULTURE,PR41,2017-09-12,0
C:4304,Vifo SpA,SPA,HOSPITALITY,PR39,2017-09-15,0
C:4305,Dipo Srl,SRL,HOSPITALITY,PR59,2017-09-19,0
C:4306,Giodan Group,SPA,SOFTWARE,PR29,2017-09-22,0
C:4307,Danren Srl,SRL,HOLDING,PR42,2017-09-25,0
C:4308,Dini SpA,SPA,HOLDING,PR47,2017-09-28,0
C:4309,Calen Group,SRL,HOLDING,PR28,2017-10-01,0
C:4310,Tegal Group,SPA,MANUFACTURING,PR11,2017-10-05,0
C:4311,Teber Group,SPA,REAL_ESTATE,PR58,2017-10-08,0
C:4312,Foren Group,SPA,RETAIL,PR11,2017-10-11,0
C:4313,Berber Srl,SPA,CONSULTING,PR42,2017-10-14,0
C:4314,Tingal Srl,SPA,RETAIL,PR28,2017-10-17,0
C:4315,Ferlen Group,SRL,CONSULTING,PR59,2017-10-21,0
C:4316,Rudi Group,SRL,LOGISTICS,PR28,2017-10-24,0
C:4317,Sani Srl,SRL,HOLDING,PR41,2017-10-27,0
C:4318,Mesa SpA,SPA,CONSTRUCTION,PR13,2017-10-30,0
C:4319,Renru SpA,SRL,LOGISTICS,PR37,2017-11-02,0
C:4320,Rosla Group,SRL,REAL_ESTATE,PR19,2017-11-06,0
C:4321,Nigal SpA,SNC,MANUFACTURING,PR52,2017-11-09,0
C:4322,Rosca Group,SRL,CONSTRUCTION,PR20,2017-11-12,0
C:4323,Zoren Srl,SRL,CONSTRUCTION,PR50,2017-11-15,0
C:4324,Giola SpA,SRL,CONSTRUCTION,PR48,2017-11-18,0
C:4325,Pola Group,SNC,LOGISTICS,PR04,2017-11-22,0
C:4326,Giome SpA,SPA,LOGISTICS,PR52,2017-11-25,0
C:4327,Vini Group,SPA,REAL_ESTATE,PR17,2017-11-28,0
C:4328,Tinni SpA,SRL,CONSTRUCTION,PR28,2017-12-01,0
C:4329,Monber Srl,SPA,LOGISTICS,PR42,2017-12-04,0
C:4330,Tindi Group,SRL,LOGISTICS,PR43,2017-12-08,0
C:4331,Rosni Group,SRL,CONSULTING,PR49,2017-12-11,0
C:4332,Danba Banca,SPA,BANKING,PR46,2017-12-14,1
C:4333,Caru Srl,SPA,HOSPITALITY,PR44,2017-12-17,0
C:4334,Tecor Group,SPA,MANUFACTURING,PR21,2017-12-20,0
C:4335,Dizo Srl,SRL,MANUFACTURING,PR56,2017-12-24,0
C:4336,Cedan Group,SRL,REAL_ESTATE,PR33,2017-12-27,0
C:4337,Caca Srl,SPA,LOGISTICS,PR17,2017-12-30,0
C:4338,Lendi SpA,SRL,SOFTWARE,PR14,2018-01-02,0
C:4339,Cela SpA,SRL,MANUFACTURING,PR06,2018-01-05,0
C:4340,Giodan Group,SRL,HOSPITALITY,PR17,2018-01-09,0
C:4341,Fodi Srl,SNC,AGRICULTURE,PR13,2018-01-12,0
C:4342,Pofer Group,SPA,MANUFACTURING,PR08,2018-01-15,0
C:4343,Latin Srl,SRL,AGRICULTURE,PR47,2018-01-18,0
C:4344,Galgu Srl,SRL,SOFTWARE,PR19,2018-01-21,0
C:4345,Berzo Group,SPA,CONSULTING,PR48,2018-01-25,0
C:4346,Tecor Group,SRL,HOSPITALITY,PR32,2018-01-28,0
C:4347,Valpas Srl,SPA,REAL_ESTATE,PR34,2018-01-31,0
C:4348,Valsa Srl,SRL,MANUFACTURING,PR24,2018-02-03,0
C:4349,Loval Group,SNC,CONSTRUCTION,PR12,2018-02-06,0
C:4350,Telen SpA,SRL,CONSULTING,PR47,2018-02-10,0
C:4351,Zolen SpA,SNC,HOLDING,PR28,2018-02-13,0
C:4352,Tefo Srl,SPA,MANUFACTURING,PR45,2018-02-16,0
C:4353,Rosru Srl,SRL,LOGISTICS,PR31,2018-02-19,0
C:4354,Ferpas SpA,SPA,LOGISTICS,PR55,2018-02-22,0
C:4355,Nidan SpA,SRL,MANUFACTURING,PR53,2018-02-26,0
C:4356,Tingu Srl,SRL,LOGISTICS,PR13,2018-03-01,0
C:4357,Danme Group,SPA,AGRICULTURE,PR22,2018-03-04,0
C:4358,Telo Srl,SRL,HOLDING,PR55,2018-03-07,0
C:4359,Tinla Group,SRL,RETAIL,PR01,2018-03-10,0
C:4360,Cedi Srl,SPA,RETAIL,PR52,2018-03-14,0
C:4361,Tindi Srl,SPA,MANUFACTURING,PR42,2018-03-17,0
C:4362,Rosgio SpA,SPA,REAL_ESTATE,PR40,2018-03-20,0
C:4363,Lagal Srl,SRL,CONSTRUCTION,PR50,2018-03-23,0
C:4364,Monvi Group,SPA,AGRICULTURE,PR16,2018-03-26,0
C:4365,Guzo Srl,SRL,SOFTWARE,PR55,2018-03-30,0
C:4366,Nica Srl,SPA,HOSPITALITY,PR28,2018-04-02,0
C:4367,Fermar SpA,SRL,HOLDING,PR29,2018-04-05,0
C:4368,Zofer Group,SRL,HOLDING,PR17,2018-04-08,0
C:4369,Zoce Group,SRL,CONSULTING,PR58,2018-04-11,0
C:4370,Galros Srl,SRL,HOSPITALITY,PR54,2018-04-15,0
C:4371,Gugio SpA,SNC,CONSULTING,PR56,2018-04-18,0
C:4372,Ferber SpA,SNC,HOLDING,PR06,2018-04-21,0
C:4373,Rosme Group,SPA,HOSPITALITY,PR24,2018-04-24,0
C:4374,Cela SpA,SRL,LOGISTICS,PR24,2018-04-27,0
C:4375,Berte Group,SRL,HOLDING,PR32,2018-05-01,0
C:4376,Bala Srl,SRL,HOLDING,PR14,2018-05-04,0
C:4377,Ruvi Group,SNC,CONSULTING,PR25,2018-05-07,0
C:4378,Nigal SpA,SRL,RETAIL,PR08,2018-05-10,0
C:4379,Lenfer SpA,SPA,AGRICULTURE,PR35,2018-05-13,0
C:4380,Pocor Srl,SPA,LOGISTICS,PR10,2018-05-17,0
C:4381,Gioce Group,SRL,AGRICULTURE,PR48,2018-05-20,0
C:4382,Vivi Srl,SRL,LOGISTICS,PR53,2018-05-23,0
C:4383,Dizo Srl,SRL,SOFTWARE,PR10,2018-05-26,0
C:4384,Tinlen Srl,SPA,HOSPITALITY,PR46,2018-05-29,0
C:4385,Corval Srl,SRL,HOLDING,PR26,2018-06-02,0
C:4386,Rospas SpA,SRL,MANUFACTURING,PR20,2018-06-05,0
C:4387,Tinmon Group,SPA,CONSTRUCTION,PR10,2018-06-08,0
C:4388,Foru SpA,SRL,CONSTRUCTION,PR48,2018-06-11,0
C:4389,Renlo SpA,SRL,REAL_ESTATE,PR01,2018-06-14,0
C:4390,Popo Group,SRL,LOGISTICS,PR42,2018-06-18,0
C:4391,Dandan SpA,SPA,REAL_ESTATE,PR15,2018-06-21,0
C:4392,Sagio SpA,SRL,MANUFACTURING,PR53,2018-06-24,0
C:4393,Foni SpA,SRL,RETAIL,PR05,2018-06-27,0
C:4394,Lenfo SpA,SRL,RETAIL,PR33,2018-06-30,0
C:4395,Ruca Srl,SRL,LOGISTICS,PR35,2018-07-04,0
C:4396,Gioni SpA,SRL,LOGISTICS,PR31,2018-07-07,0
C:4397,Cagal SpA,SRL,CONSTRUCTION,PR01,2018-07-10,0
C:4398,Balo SpA,SRL,MANUFACTURING,PR29,2018-07-13,0
C:4399,Ferru Srl,SRL,SOFTWARE,PR33,2018-07-16,0
C:4400,Vila Srl,SRL,REAL_ESTATE,PR35,2018-07-20,0
C:4401,Pomar Srl,SRL,LOGISTICS,PR48,2018-07-23,0
C:4402,Mete Srl,SPA,MANUFACTURING,PR00,2018-07-26,0
C:4403,Galpo SpA,SPA,AGRICULTURE,PR32,2018-07-29,0
C:4404,Valce SpA,SRL,AGRICULTURE,PR43,2018-08-01,0
C:4405,Ferpas Group,SPA,SOFTWARE,PR11,2018-08-05,0
C:4406,Tinval Srl,SRL,MANUFACTURING,PR14,2018-08-08,0
C:4407,Valmar Group,SRL,CONSULTING,PR32,2018-08-11,0
C:4408,Zofer Group,SPA,MANUFACTURING,PR12,2018-08-14,0
C:4409,Marvi SpA,SRL,CONSULTING,PR08,2018-08-17,0
C:4410,Mardi SpA,SNC,SOFTWARE,PR25,2018-08-21,0
C:4411,Gulo Group,SPA,SOFTWARE,PR05,2018-08-24,0
C:4412,Laval Group,SRL,CONSTRUCTION,PR04,2018-08-27,0
C:4413,Safo Srl,SPA,LOGISTICS,PR31,2018-08-30,0
C:4414,Ruval Srl,SRL,MANUFACTURING,PR58,2018-09-02,0
C:4415,Cortin Group,SRL,AGRICULTURE,PR53,2018-09-06,0
C:4416,Rostin Srl,SNC,HOSPITALITY,PR50,2018-09-09,0
C:4417,Bamar SpA,SRL,HOLDING,PR24,2018-09-12,0
C:4418,Marzo Srl,SRL,RETAIL,PR28,2018-09-15,0
C:4419,Guca Group,SRL,RETAIL,PR22,2018-09-18,0
C:4420,Teca SpA,SRL,CONSULTING,PR26,2018-09-22,0
C:4421,Bapas SpA,SRL,AGRICULTURE,PR12,2018-09-25,0
C:4422,Fome Srl,SPA,LOGISTICS,PR05,2018-09-28,0
C:4423,Rosdi SpA,SRL,RETAIL,PR47,2018-10-01,0
C:4424,Marru Group,SRL,SOFTWARE,PR48,2018-10-04,0
C:4425,Roste Srl,SRL,CONSULTING,PR44,2018-10-08,0
C:4426,Cecor Group,SRL,HOLDING,PR24,2018-10-11,0
C:4427,Polo Group,SRL,CONSTRUCTION,PR08,2018-10-14,0
C:4428,Fertin SpA,SRL,AGRICULTURE,PR04,2018-10-17,0
C:4429,Cecor Group,SRL,REAL_ESTATE,PR42,2018-10-20,0
C:4430,Foce Srl,SRL,RETAIL,PR25,2018-10-24,0
C:4431,Cagio SpA,SRL,RETAIL,PR33,2018-10-27,0
C:4432,Gupo Group,SPA,HOLDING,PR06,2018-10-30,0
C:4433,Berval Group,SRL,HOLDING,PR18,2018-11-02,0
C:4434,Tinfer SpA,SRL,LOGISTICS,PR26,2018-11-05,0
C:4435,Pasla Group,SPA,MANUFACTURING,PR44,2018-11-09,0
C:4436,Corber Srl,SRL,REAL_ESTATE,PR06,2018-11-12,0
C:4437,Renlo Group,SRL,REAL_ESTATE,PR56,2018-11-15,0
C:4438,Giomar SpA,SRL,HOLDING,PR51,2018-11-18,0
C:4439,Danfo Group,SRL,CONSTRUCTION,PR26,2018-11-21,0
C:4440,Zoba Srl,SRL,HOLDING,PR02,2018-11-25,0
C:4441,Tintin SpA,SPA,RETAIL,PR52,2018-11-28,0
C:4442,Bermar Group,SPA,RETAIL,PR00,2018-12-01,0
C:4443,Zofer Srl,SNC,RETAIL,PR23,2018-12-04,0
C:4444,Pasdi Group,SRL,REAL_ESTATE,PR18,2018-12-07,0
C:4445,Fofer SpA,SRL,HOSPITALITY,PR32,2018-12-11,0
C:4446,Badan Group,SRL,AGRICULTURE,PR39,2018-12-14,0
C:4447,Laca SpA,SRL,CONSTRUCTION,PR31,2018-12-17,0
C:4448,Ladan SpA,SRL,CONSULTING,PR22,2018-12-20,0
C:4449,Berdi SpA,SPA,CONSTRUCTION,PR32,2018-12-23,0
C:4450,Valni SpA,SRL,CONSULTING,PR33,2018-12-27,0
C:4451,Lacor Srl,SRL,REAL_ESTATE,PR23,2018-12-30,0
C:4452,Berni Group,SPA,HOSPITALITY,PR42,2019-01-02,0
C:4453,Tinvi SpA,SRL,CONSTRUCTION,PR36,2019-01-05,0
C:4454,Late Group,SRL,SOFTWARE,PR16,2019-01-08,0
C:4455,Rosni Srl,SRL,CONSTRUCTION,PR10,2019-01-12,0
C:4456,Lodan Srl,SNC,REAL_ESTATE,PR23,2019-01-15,0
C:4457,Tinba Group,SPA,MANUFACTURING,PR25,2019-01-18,0
C:4458,Vidi Srl,SPA,AGRICULTURE,PR46,2019-01-21,0
C:4459,Corber SpA,SPA,AGRICULTURE,PR02,2019-01-24,0
C:4460,Marpo Group,SPA,RETAIL,PR09,2019-01-28,0
C:4461,Dival Group,SPA,SOFTWARE,PR02,2019-01-31,0
C:4462,Paslo SpA,SRL,LOGISTICS,PR27,2019-02-03,0
C:4463,Nidi Srl,SPA,LOGISTICS,PR55,2019-02-06,0
C:4464,Fome Group,SRL,RETAIL,PR30,2019-02-09,0
C:4465,Zozo SpA,SRL,LOGISTICS,PR11,2019-02-13,0
C:4466,Gula Srl,SPA,REAL_ESTATE,PR26,2019-02-16,0
C:4467,Lote Group,SRL,CONSTRUCTION,PR26,2019-02-19,0
C:4468,Corpas Srl,SNC,CONSTRUCTION,PR55,2019-02-22,0
C:4469,Giodi Group,SRL,HOLDING,PR06,2019-02-25,0
C:4470,Mongio Group,SPA,HOSPITALITY,PR19,2019-03-01,0
C:4471,Loros Group,SPA,HOSPITALITY,PR15,2019-03-04,0
C:4472,Gioni SpA,SRL,HOLDING,PR47,2019-03-07,0
C:4473,Marlen Srl,SRL,RETAIL,PR24,2019-03-10,0
C:4474,Berpo SpA,SRL,HOSPITALITY,PR35,2019-03-13,0
C:4475,Lolen Srl,SPA,HOLDING,PR30,2019-03-17,0
C:4476,Nigu Group,SRL,RETAIL,PR55,2019-03-20,0
C:4477,Cete Group,SNC,CONSULTING,PR33,2019-03-23,0
C:4478,Lolen Group,SRL,REAL_ESTATE,PR37,2019-03-26,0
C:4479,Celen Group,SRL,HOSPITALITY,PR44,2019-03-29,0
C:4480,Dante Group,SRL,MANUFACTURING,PR05,2019-04-02,0
C:4481,Pozo SpA,SPA,LOGISTICS,PR32,2019-04-05,0
C:4482,Montin SpA,SRL,AGRICULTURE,PR11,2019-04-08,0
C:4483,Gugu Srl,SRL,CONSULTING,PR24,2019-04-11,0
C:4484,Lani SpA,SRL,AGRICULTURE,PR27,2019-04-14,0
C:4485,Dandi Srl,SPA,RETAIL,PR01,2019-04-18,0
C:4486,Giodan SpA,SRL,MANUFACTURING,PR54,2019-04-21,0
C:4487,Gallo Group,SRL,HOLDING,PR27,2019-04-24,0
C:4488,Zomar SpA,SRL,SOFTWARE,PR05,2019-04-27,0
C:4489,Zolo Srl,SRL,HOLDING,PR47,2019-04-30,0
C:4490,Badi SpA,SRL,REAL_ESTATE,PR42,2019-05-04,0
C:4491,Giola Srl,SPA,HOSPITALITY,PR03,2019-05-07,0
C:4492,Pasme SpA,SPA,HOSPITALITY,PR46,2019-05-10,0
C:4493,Popas Srl,SPA,AGRICULTURE,PR20,2019-05-13,0
C:4494,Ruzo Srl,SPA,REAL_ESTATE,PR30,2019-05-16,0
C:4495,Lalen Group,SNC,LOGISTICS,PR20,2019-05-20,0
C:4496,Corros SpA,SRL,REAL_ESTATE,PR02,2019-05-23,0
C:4497,Tezo Group,SNC,CONSTRUCTION,PR36,2019-05-26,0
C:4498,Paslo Group,SRL,HOSPITALITY,PR50,2019-05-29,0
C:4499,Ferce Group,SPA,LOGISTICS,PR12,2019-06-01,0
C:4500,Rupas SpA,SRL,CONSULTING,PR29,2019-06-05,0
C:4501,Ruval SpA,SRL,AGRICULTURE,PR30,2019-06-08,0
C:4502,Cefer Group,SPA,REAL_ESTATE,PR33,2019-06-11,0
C:4503,Lenme Group,SRL,REAL_ESTATE,PR43,2019-06-14,0
C:4504,Corni SpA,SPA,CONSTRUCTION,PR32,2019-06-17,0
C:4505,Moncor Srl,SRL,AGRICULTURE,PR30,2019-06-21,0
C:4506,Lenme Srl,SRL,MANUFACTURING,PR52,2019-06-24,0
C:4507,Ferme SpA,SNC,HOLDING,PR26,2019-06-27,0
C:4508,Rostin Srl,SRL,AGRICULTURE,PR03,2019-06-30,0
C:4509,Meni Group,SRL,AGRICULTURE,PR05,2019-07-03,0
C:4510,Renpo Srl,SNC,SOFTWARE,PR47,2019-07-07,0
C:4511,Renzo Group,SRL,MANUFACTURING,PR43,2019-07-10,0
C:4512,Cazo SpA,SPA,REAL_ESTATE,PR14,2019-07-13,0
C:4513,Mongal SpA,SPA,MANUFACTURING,PR21,2019-07-16,0
C:4514,Ferba Srl,SRL,CONSTRUCTION,PR00,2019-07-19,0
C:4515,Marfer SpA,SRL,CONSTRUCTION,PR53,2019-07-23,0
C:4516,Fogu Srl,SRL,LOGISTICS,PR49,2019-07-26,0
C:4517,Pasla SpA,SRL,CONSULTING,PR07,2019-07-29,0
C:4518,Corpas SpA,SRL,HOLDING,PR18,2019-08-01,0
C:4519,Ceme Group,SRL,MANUFACTURING,PR44,2019-08-04,0
C:4520,Galce Group,SNC,REAL_ESTATE,PR32,2019-08-08,0
C:4521,Corfo SpA,SNC,LOGISTICS,PR05,2019-08-11,0
C:4522,Fodan SpA,SPA,RETAIL,PR49,2019-08-14,0
C:4523,Nigal Srl,SPA,AGRICULTURE,PR08,2019-08-17,0
C:4524,Ceme Srl,SRL,HOLDING,PR00,2019-08-20,0
C:4525,Galcor Group,SRL,HOSPITALITY,PR44,2019-08-24,0
C:4526,Cefer Group,SRL,RETAIL,PR53,2019-08-27,0
C:4527,Vilo Group,SRL,RETAIL,PR01,2019-08-30,0
C:4528,Nigu Group,SRL,LOGISTICS,PR58,2019-09-02,0
C:4529,Caber Srl,SRL,HOSPITALITY,PR38,2019-09-05,0
C:4530,Galpas SpA,SNC,SOFTWARE,PR39,2019-09-09,0
C:4531,Vidan SpA,SRL,AGRICULTURE,PR34,2019-09-12,0
C:4532,Nica Group,SRL,CONSULTING,PR17,2019-09-15,0
C:4533,Renfer Srl,SPA,MANUFACTURING,PR34,2019-09-18,0
C:4534,Corgal Srl,SRL,HOLDING,PR32,2019-09-21,0
C:4535,Ferros SpA,SPA,AGRICULTURE,PR28,2019-09-25,0
C:4536,Berpas Srl,SRL,RETAIL,PR26,2019-09-28,0
C:4537,Fertin Group,SRL,MANUFACTURING,PR40,2019-10-01,0
C:4538,Danlen Group,SPA,REAL_ESTATE,PR21,2019-10-04,0
C:4539,Tingio SpA,SNC,AGRICULTURE,PR07,2019-10-07,0
C:4540,Giolen Group,SRL,REAL_ESTATE,PR49,2019-10-11,0
C:4541,Nigu SpA,SRL,AGRICULTURE,PR50,2019-10-14,0
C:4542,Tinpas Srl,SNC,REAL_ESTATE,PR39,2019-10-17,0
C:4543,Zoval SpA,SNC,CONSTRUCTION,PR49,2019-10-20,0
C:4544,Galcor Group,SPA,CONSULTING,PR05,2019-10-23,0
C:4545,Valca SpA,SRL,REAL_ESTATE,PR36,2019-10-27,0
C:4546,Foru Srl,SPA,REAL_ESTATE,PR16,2019-10-30,0
C:4547,Berce Group,SNC,MANUFACTURING,PR21,2019-11-02,0
C:4548,Marla Srl,SRL,RETAIL,PR26,2019-11-05,0
C:4549,Pogal Srl,SRL,HOLDING,PR58,2019-11-08,0
C:4550,Dimar SpA,SRL,MANUFACTURING,PR27,2019-11-12,0
C:4551,Zoru SpA,SRL,MANUFACTURING,PR15,2019-11-15,0
C:4552,Danval Group,SNC,HOSPITALITY,PR27,2019-11-18,0
C:4553,Paste SpA,SRL,HOSPITALITY,PR20,2019-11-21,0
C:4554,Ferren SpA,SRL,RETAIL,PR02,2019-11-24,0
C:4555,Valfer Group,SRL,REAL_ESTATE,PR16,2019-11-28,0
C:4556,Gioru Srl,SNC,REAL_ESTATE,PR35,2019-12-01,0
C:4557,Pomon Srl,SNC,CONSULTING,PR36,2019-12-04,0
C:4558,Lofo SpA,SNC,MANUFACTURING,PR44,2019-12-07,0
C:4559,Mongio Srl,SPA,RETAIL,PR00,2019-12-10,0
C:4560,Rosmon SpA,SRL,CONSULTING,PR29,2019-12-14,0
C:4561,Teni Group,SRL,MANUFACTURING,PR49,2019-12-17,0
C:4562,Foni Group,SPA,HOSPITALITY,PR43,2019-12-20,0
C:4563,Niru Srl,SRL,REAL_ESTATE,PR10,2019-12-23,0
C:4564,Lace Srl,SPA,AGRICULTURE,PR25,2019-12-26,0
C:4565,Pomon Srl,SPA,RETAIL,PR16,2019-12-30,0
C:4566,Dangio Group,SRL,REAL_ESTATE,PR47,2020-01-02,0
C:4567,Pofer Srl,SPA,SOFTWARE,PR17,2020-01-05,0
C:4568,Ferfo Group,SRL,REAL_ESTATE,PR56,2020-01-08,0
C:4569,Danca Srl,SRL,HOSPITALITY,PR37,2020-01-11,0
C:4570,Foce Group,SRL,CONSULTING,PR01,2020-01-15,0
C:4571,Rossa SpA,SPA,AGRICULTURE,PR07,2020-01-18,0
C:4572,Lodan Srl,SRL,HOSPITALITY,PR14,2020-01-21,0
C:4573,Zocor Group,SRL,LOGISTICS,PR26,2020-01-24,0
C:4574,Marros SpA,SRL,SOFTWARE,PR51,2020-01-27,0
C:4575,Giocor Srl,SRL,AGRICULTURE,PR40,2020-01-31,0
C:4576,Vicor Group,SPA,HOSPITALITY,PR00,2020-02-03,0
C:4577,Diber SpA,SPA,REAL_ESTATE,PR05,2020-02-06,0
C:4578,Corvi Srl,SPA,RETAIL,PR08,2020-02-09,0
C:4579,Latin Srl,SRL,CONSTRUCTION,PR15,2020-02-12,0
C:4580,Lazo Srl,SRL,RETAIL,PR02,2020-02-16,0
C:4581,Rospas SpA,SRL,RETAIL,PR44,2020-02-19,0
C:4582,Monpas Srl,SPA,REAL_ESTATE,PR23,2020-02-22,0
C:4583,Fogio Group,SRL,SOFTWARE,PR59,2020-02-25,0
C:4584,Celo SpA,SRL,SOFTWARE,PR01,2020-02-28,0
C:4585,Renca SpA,SPA,LOGISTICS,PR56,2020-03-03,0
C:4586,Pozo Group,SRL,LOGISTICS,PR22,2020-03-06,0
C:4587,Cacor Srl,SRL,MANUFACTURING,PR10,2020-03-09,0
C:4588,Rendi Srl,SRL,LOGISTICS,PR01,2020-03-12,0
C:4589,Nidan Srl,SPA,HOSPITALITY,PR29,2020-03-15,0
C:4590,Lenros SpA,SRL,CONSULTING,PR49,2020-03-19,0
C:4591,Pome Srl,SPA,SOFTWARE,PR25,2020-03-22,0
C:4592,Monmar SpA,SRL,AGRICULTURE,PR31,2020-03-25,0
C:4593,Dice SpA,SRL,RETAIL,PR41,2020-03-28,0
C:4594,Pofo Srl,SRL,SOFTWARE,PR11,2020-03-31,0
C:4595,Ferfo Srl,SPA,MANUFACTURING,PR14,2020-04-04,0
C:4596,Lendi SpA,SRL,CONSULTING,PR07,2020-04-07,0
C:4597,Ferce Group,SRL,CONSTRUCTION,PR35,2020-04-10,0
C:4598,Monros Group,SPA,SOFTWARE,PR07,2020-04-13,0
C:4599,Passa SpA,SPA,HOLDING,PR48,2020-04-16,0
C:4600,Zogu SpA,SRL,CONSTRUCTION,PR10,2020-04-20,0
C:4601,Corgal Srl,SNC,HOLDING,PR59,2020-04-23,0
C:4602,Vidi Srl,SRL,AGRICULTURE,PR38,2020-04-26,0
C:4603,Diren SpA,SRL,RETAIL,PR48,2020-04-29,0
C:4604,Cagu Group,SRL,MANUFACTURING,PR00,2020-05-02,0
C:4605,Pasme SpA,SPA,LOGISTICS,PR56,2020-05-06,0
C:4606,Vallen SpA,SRL,AGRICULTURE,PR07,2020-05-09,0
C:4607,Bergu Group,SRL,HOSPITALITY,PR44,2020-05-12,0
C:4608,Sagu Srl,SPA,HOLDING,PR37,2020-05-15,0
C:4609,Galcor Group,SRL,CONSULTING,PR50,2020-05-18,0
C:4610,Nizo Srl,SRL,HOSPITALITY,PR43,2020-05-22,0
C:4611,Galpo SpA,SPA,AGRICULTURE,PR18,2020-05-25,0
C:4612,Corfer Srl,SRL,REAL_ESTATE,PR05,2020-05-28,0
C:4613,Gusa SpA,SRL,MANUFACTURING,PR49,2020-05-31,0
C:4614,Diba Banca,SPA,BANKING,PR16,2020-06-03,1
C:4615,Monce Srl,SRL,MANUFACTURING,PR32,2020-06-07,0
C:4616,Loba Group,SRL,HOSPITALITY,PR33,2020-06-10,0
C:4617,Galsa Srl,SRL,MANUFACTURING,PR44,2020-06-13,0
C:4618,Cetin Group,SRL,LOGISTICS,PR36,2020-06-16,0
C:4619,Monru Srl,SRL,RETAIL,PR27,2020-06-19,0
C:4620,Galren Srl,SRL,MANUFACTURING,PR18,2020-06-23,0
C:4621,Pasru Group,SRL,HOSPITALITY,PR17,2020-06-26,0
C:4622,Tince Group,SRL,SOFTWARE,PR22,2020-06-29,0
C:4623,Corgu Group,SPA,AGRICULTURE,PR03,2020-07-02,0
C:4624,Rosba SpA,SRL,CONSTRUCTION,PR46,2020-07-05,0
C:4625,Sapo Group,SRL,RETAIL,PR13,2020-07-09,0
C:4626,Bavi Srl,SPA,AGRICULTURE,PR33,2020-07-12,0
C:4627,Giolen SpA,SPA,LOGISTICS,PR48,2020-07-15,0
C:4628,Mardi SpA,SPA,RETAIL,PR08,2020-07-18,0
C:4629,Laru Srl,SRL,REAL_ESTATE,PR21,2020-07-21,0
C:4630,Giozo Srl,SPA,HOSPITALITY,PR30,2020-07-25,0
C:4631,Rudan Srl,SRL,LOGISTICS,PR26,2020-07-28,0
C:4632,Giolo Srl,SPA,CONSTRUCTION,PR34,2020-07-31,0
C:4633,Bergu SpA,SPA,MANUFACTURING,PR08,2020-08-03,0
C:4634,Rula Srl,SRL,SOFTWARE,PR13,2020-08-06,0
C:4635,Foros Srl,SRL,HOSPITALITY,PR06,2020-08-10,0
C:4636,Gudan Srl,SRL,RETAIL,PR16,2020-08-13,0
C:4637,Balen SpA,SPA,AGRICULTURE,PR45,2020-08-16,0
C:4638,Meval SpA,SRL,HOSPITALITY,PR02,2020-08-19,0
C:4639,Saren SpA,SPA,REAL_ESTATE,PR53,2020-08-22,0
C:4640,Pote Srl,SRL,AGRICULTURE,PR10,2020-08-26,0
C:4641,Pasdi Group,SRL,CONSULTING,PR49,2020-08-29,0
C:4642,Fovi SpA,SRL,RETAIL,PR37,2020-09-01,0
C:4643,Zogal SpA,SPA,RETAIL,PR09,2020-09-04,0
C:4644,Monros SpA,SRL,RETAIL,PR06,2020-09-07,0
C:4645,Memar SpA,SRL,HOLDING,PR35,2020-09-11,0
C:4646,Zomon SpA,SPA,REAL_ESTATE,PR54,2020-09-14,0
C:4647,Valba Srl,SPA,HOSPITALITY,PR29,2020-09-17,0
C:4648,Tinte Srl,SRL,CONSULTING,PR57,2020-09-20,0
C:4649,Fervi Srl,SPA,RETAIL,PR39,2020-09-23,0
C:4650,Didan Group,SRL,AGRICULTURE,PR58,2020-09-27,0
C:4651,Danzo SpA,SPA,MANUFACTURING,PR37,2020-09-30,0
C:4652,Tefer Group,SRL,HOLDING,PR07,2020-10-03,0
C:4653,Lola SpA,SPA,LOGISTICS,PR15,2020-10-06,0
C:4654,Monlo Group,SPA,HOSPITALITY,PR59,2020-10-09,0
C:4655,Tinber Srl,SRL,AGRICULTURE,PR29,2020-10-13,0
C:4656,Berzo Srl,SRL,CONSULTING,PR52,2020-10-16,0
C:4657,Valru Srl,SRL,HOLDING,PR20,2020-10-19,0
C:4658,Satin SpA,SRL,RETAIL,PR13,2020-10-22,0
C:4659,Popo Srl,SRL,CONSTRUCTION,PR25,2020-10-25,0
C:4660,Cadi Srl,SRL,HOLDING,PR11,2020-10-29,0
C:4661,Roslen Group,SRL,RETAIL,PR03,2020-11-01,0
C:4662,Lomar SpA,SPA,MANUFACTURING,PR27,2020-11-04,0
C:4663,Lenvi SpA,SPA,HOLDING,PR03,2020-11-07,0
C:4664,Lomar Group,SRL,LOGISTICS,PR45,2020-11-10,0
C:4665,Rosca Srl,SRL,LOGISTICS,PR00,2020-11-14,0
C:4666,Ruru Group,SRL,HOLDING,PR53,2020-11-17,0
C:4667,Pasmar Group,SRL,AGRICULTURE,PR09,2020-11-20,0
C:4668,Vigal Srl,SPA,SOFTWARE,PR57,2020-11-23,0
C:4669,Renfo SpA,SRL,LOGISTICS,PR18,2020-11-26,0
C:4670,Saros Srl,SRL,HOSPITALITY,PR24,2020-11-30,0
C:4671,Guber SpA,SNC,MANUFACTURING,PR14,2020-12-03,0
C:4672,Salen SpA,SRL,HOLDING,PR39,2020-12-06,0
C:4673,Zoros Group,SRL,HOSPITALITY,PR09,2020-12-09,0
C:4674,Zozo Srl,SRL,REAL_ESTATE,PR03,2020-12-12,0
C:4675,Bafo Srl,SRL,RETAIL,PR23,2020-12-16,0
C:4676,Monval Group,SRL,HOSPITALITY,PR09,2020-12-19,0
C:4677,Cete Srl,SRL,LOGISTICS,PR14,2020-12-22,0
C:4678,Marvi Srl,SPA,MANUFACTURING,PR23,2020-12-25,0
C:4679,Berdi Group,SRL,SOFTWARE,PR54,2020-12-28,0
C:4680,Vini Group,SRL,HOLDING,PR49,2021-01-01,0
C:4681,Galgal Srl,SPA,SOFTWARE,PR00,2021-01-04,0
C:4682,Podan Group,SPA,SOFTWARE,PR48,2021-01-07,0
C:4683,Monmar Group,SRL,REAL_ESTATE,PR01,2021-01-10,0
C:4684,Zoni Banca,SPA,BANKING,PR46,2021-01-13,1
C:4685,Niros Srl,SRL,MANUFACTURING,PR47,2021-01-17,0
C:4686,Gallo Group,SRL,HOLDING,PR42,2021-01-20,0
C:4687,Gute Group,SRL,MANUFACTURING,PR52,2021-01-23,0
C:4688,Danca SpA,SRL,CONSTRUCTION,PR21,2021-01-26,0
C:4689,Pogu SpA,SPA,LOGISTICS,PR12,2021-01-29,0
C:4690,Valca Srl,SPA,CONSULTING,PR49,2021-02-02,0
C:4691,Corte Group,SPA,REAL_ESTATE,PR08,2021-02-05,0
C:4692,Rosfo SpA,SRL,HOSPITALITY,PR34,2021-02-08,0
C:4693,Ruber Srl,SRL,AGRICULTURE,PR56,2021-02-11,0
C:4694,Berren Srl,SRL,HOSPITALITY,PR38,2021-02-14,0
C:4695,Fomon SpA,SPA,CONSULTING,PR57,2021-02-18,0
C:4696,Paszo Srl,SRL,SOFTWARE,PR34,2021-02-21,0
C:4697,Gioca Srl,SPA,HOSPITALITY,PR33,2021-02-24,0
C:4698,Sagio Group,SPA,RETAIL,PR42,2021-02-27,0
C:4699,Valgu Group,SPA,CONSULTING,PR31,2021-03-02,0
C:4700,Marfer Group,SNC,AGRICULTURE,PR54,2021-03-06,0
C:4701,Lenni Srl,SPA,LOGISTICS,PR56,2021-03-09,0
C:4702,Giolen SpA,SRL,CONSULTING,PR08,2021-03-12,0
C:4703,Bertin Group,SPA,HOLDING,PR00,2021-03-15,0
C:4704,Meru Group,SRL,AGRICULTURE,PR04,2021-03-18,0
C:4705,Cagal SpA,SPA,HOSPITALITY,PR22,2021-03-22,0
C:4706,Corsa Group,SRL,MANUFACTURING,PR01,2021-03-25,0
C:4707,Mongal Group,SRL,AGRICULTURE,PR36,2021-03-28,0
C:4708,Mefer Group,SPA,SOFTWARE,PR15,2021-03-31,0
C:4709,Tela SpA,SPA,CONSTRUCTION,PR54,2021-04-03,0
C:4710,Bazo Group,SRL,LOGISTICS,PR04,2021-04-07,0
C:4711,Galval Group,SRL,LOGISTICS,PR59,2021-04-10,0
C:4712,Gioca Group,SRL,CONSTRUCTION,PR49,2021-04-13,0
C:4713,Lengu Group,SPA,RETAIL,PR59,2021-04-16,0
C:4714,Telen Srl,SRL,HOSPITALITY,PR29,2021-04-19,0
C:4715,Lenca Group,SRL,SOFTWARE,PR28,2021-04-23,0
C:4716,Mongio SpA,SRL,HOLDING,PR08,2021-04-26,0
C:4717,Rudan Srl,SRL,RETAIL,PR56,2021-04-29,0
C:4718,Dipas SpA,SRL,RETAIL,PR28,2021-05-02,0
C:4719,Fergu SpA,SNC,REAL_ESTATE,PR04,2021-05-05,0
C:4720,Galsa Group,SRL,LOGISTICS,PR16,2021-05-09,0
C:4721,Latin SpA,SRL,LOGISTICS,PR33,2021-05-12,0
C:4722,Nila SpA,SRL,REAL_ESTATE,PR47,2021-05-15,0
C:4723,Sagio SpA,SRL,SOFTWARE,PR35,2021-05-18,0
C:4724,Fomon SpA,SPA,REAL_ESTATE,PR30,2021-05-21,0
C:4725,Rosla Group,SRL,HOSPITALITY,PR41,2021-05-25,0
C:4726,Bavi SpA,SRL,LOGISTICS,PR14,2021-05-28,0
C:4727,Teca Srl,SPA,REAL_ESTATE,PR26,2021-05-31,0
C:4728,Ceval Srl,SPA,HOSPITALITY,PR37,2021-06-03,0
C:4729,Camon SpA,SRL,MANUFACTURING,PR03,2021-06-06,0
C:4730,Galme Srl,SRL,CONSTRUCTION,PR36,2021-06-10,0
C:4731,Lofo SpA,SRL,MANUFACTURING,PR10,2021-06-13,0
C:4732,Mongu Srl,SPA,RETAIL,PR37,2021-06-16,0
C:4733,Pascor SpA,SRL,RETAIL,PR26,2021-06-19,0
C:4734,Cedi SpA,SRL,CONSTRUCTION,PR45,2021-06-22,0
C:4735,Podi Srl,SPA,CONSTRUCTION,PR44,2021-06-26,0
C:4736,Ferru SpA,SRL,CONSULTING,PR19,2021-06-29,0
C:4737,Vivi Srl,SRL,SOFTWARE,PR27,2021-07-02,0
C:4738,Berdi Group,SRL,CONSULTING,PR58,2021-07-05,0
C:4739,Renba SpA,SRL,MANUFACTURING,PR10,2021-07-08,0
C:4740,Paszo Srl,SRL,CONSTRUCTION,PR59,2021-07-12,0
C:4741,Tece SpA,SPA,RETAIL,PR19,2021-07-15,0
C:4742,Marce Group,SNC,LOGISTICS,PR12,2021-07-18,0
C:4743,Vigio Srl,SPA,RETAIL,PR50,2021-07-21,0
C:4744,Danba Group,SRL,MANUFACTURING,PR51,2021-07-24,0
C:4745,Monba SpA,SPA,LOGISTICS,PR43,2021-07-28,0
C:4746,Berdi SpA,SRL,LOGISTICS,PR12,2021-07-31,0
C:4747,Rudi Srl,SNC,LOGISTICS,PR12,2021-08-03,0
C:4748,Tince Srl,SPA,SOFTWARE,PR28,2021-08-06,0
C:4749,Marni SpA,SRL,AGRICULTURE,PR58,2021-08-09,0
C:4750,Bame SpA,SRL,CONSTRUCTION,PR41,2021-08-13,0
C:4751,Passa Srl,SRL,HOSPITALITY,PR17,2021-08-16,0
C:4752,Rengio SpA,SPA,AGRICULTURE,PR34,2021-08-19,0
C:4753,Rumon Group,SRL,AGRICULTURE,PR41,2021-08-22,0
C:4754,Rospo Srl,SPA,CONSULTING,PR20,2021-08-25,0
C:4755,Vilo Group,SRL,RETAIL,PR36,2021-08-29,0
C:4756,Lozo Group,SRL,RETAIL,PR04,2021-09-01,0
C:4757,Galpo Group,SRL,RETAIL,PR25,2021-09-04,0
C:4758,Galdi Group,SRL,RETAIL,PR28,2021-09-07,0
C:4759,Camon SpA,SPA,CONSTRUCTION,PR23,2021-09-10,0
C:4760,Lentin Srl,SRL,SOFTWARE,PR30,2021-09-14,0
C:4761,Corca Srl,SRL,HOLDING,PR02,2021-09-17,0
C:4762,Laval Srl,SRL,MANUFACTURING,PR52,2021-09-20,0
C:4763,Fergu Group,SRL,MANUFACTURING,PR47,2021-09-23,0
C:4764,Guvi Group,SRL,HOSPITALITY,PR27,2021-09-26,0
C:4765,Gufo Group,SRL,MANUFACTURING,PR23,2021-09-30,0
C:4766,Loca SpA,SNC,REAL_ESTATE,PR03,2021-10-03,0
C:4767,Lote Srl,SPA,REAL_ESTATE,PR26,2021-10-06,0
C:4768,Nigu SpA,SRL,RETAIL,PR14,2021-10-09,0
C:4769,Saval SpA,SPA,AGRICULTURE,PR24,2021-10-12,0
C:4770,Rupas SpA,SRL,MANUFACTURING,PR03,2021-10-16,0
C:4771,Monlo Group,SRL,HOSPITALITY,PR16,2021-10-19,0
C:4772,Cemon SpA,SRL,LOGISTICS,PR50,2021-10-22,0
C:4773,Nimon SpA,SRL,MANUFACTURING,PR07,2021-10-25,0
C:4774,Ruros Srl,SPA,REAL_ESTATE,PR18,2021-10-28,0
C:4775,Renla Group,SPA,HOSPITALITY,PR07,2021-11-01,0
C:4776,Ferpas Group,SRL,MANUFACTURING,PR42,2021-11-04,0
C:4777,Popo SpA,SRL,REAL_ESTATE,PR21,2021-11-07,0
C:4778,Cesa SpA,SRL,RETAIL,PR19,2021-11-10,0
C:4779,Dila SpA,SPA,HOSPITALITY,PR14,2021-11-13,0
C:4780,Galber Group,SPA,RETAIL,PR22,2021-11-17,0
C:4781,Renru Srl,SRL,CONSTRUCTION,PR00,2021-11-20,0
C:4782,Casa Group,SNC,LOGISTICS,PR14,2021-11-23,0
C:4783,Disa SpA,SRL,MANUFACTURING,PR45,2021-11-26,0
C:4784,Temar SpA,SRL,HOLDING,PR13,2021-11-29,0
C:4785,Danren Group,SNC,CONSULTING,PR26,2021-12-03,0
C:4786,Valtin Srl,SPA,CONSULTING,PR39,2021-12-06,0
C:4787,Zote SpA,SPA,HOLDING,PR03,2021-12-09,0
C:4788,Valba Group,SRL,REAL_ESTATE,PR39,2021-12-12,0
C:4789,Margu SpA,SPA,CONSULTING,PR19,2021-12-15,0
C:4790,Ferlen Group,SPA,AGRICULTURE,PR47,2021-12-19,0
C:4791,Rume SpA,SPA,CONSTRUCTION,PR56,2021-12-22,0
C:4792,Rosdi Group,SNC,RETAIL,PR34,2021-12-25,0
C:4793,Corfo Group,SPA,LOGISTICS,PR11,2021-12-28,0
C:4794,Lani Group,SRL,REAL_ESTATE,PR34,2021-12-31,0
C:4795,Ruba Srl,SPA,SOFTWARE,PR10,2022-01-04,0
C:4796,Zodi Group,SRL,REAL_ESTATE,PR05,2022-01-07,0
C:4797,Ceval SpA,SRL,REAL_ESTATE,PR22,2022-01-10,0
C:4798,Ceme SpA,SRL,SOFTWARE,PR49,2022-01-13,0
C:4799,Valren Srl,SRL,HOSPITALITY,PR59,2022-01-16,0
C:4800,Corca Group,SRL,LOGISTICS,PR52,2022-01-20,0
C:4801,Zoval Group,SPA,MANUFACTURING,PR59,2022-01-23,0
C:4802,Rusa Group,SPA,CONSULTING,PR28,2022-01-26,0
C:4803,Locor Group,SRL,HOLDING,PR12,2022-01-29,0
C:4804,Vallen SpA,SPA,CONSTRUCTION,PR50,2022-02-01,0
C:4805,Sadan Srl,SNC,CONSULTING,PR37,2022-02-05,0
C:4806,Fomar Srl,SPA,AGRICULTURE,PR47,2022-02-08,0
C:4807,Bafer Srl,SNC,LOGISTICS,PR02,2022-02-11,0
C:4808,Dangio SpA,SRL,HOSPITALITY,PR04,2022-02-14,0
C:4809,Diren Srl,SRL,HOSPITALITY,PR33,2022-02-17,0
C:4810,Monlo SpA,SRL,HOSPITALITY,PR48,2022-02-21,0
C:4811,Zogu SpA,SRL,LOGISTICS,PR34,2022-02-24,0
C:4812,Caca SpA,SPA,HOSPITALITY,PR29,2022-02-27,0
C:4813,Samon Group,SRL,CONSULTING,PR15,2022-03-02,0
C:4814,Viber Group,SRL,HOLDING,PR43,2022-03-05,0
C:4815,Paslen SpA,SRL,MANUFACTURING,PR14,2022-03-09,0
C:4816,Valru Srl,SPA,SOFTWARE,PR19,2022-03-12,0
C:4817,Nivi Srl,SPA,CONSULTING,PR44,2022-03-15,0
C:4818,Bapo SpA,SRL,REAL_ESTATE,PR17,2022-03-18,0
C:4819,Zolen SpA,SRL,HOSPITALITY,PR04,2022-03-21,0
C:4820,Galte SpA,SPA,MANUFACTURING,PR09,2022-03-25,0
C:4821,Rufo Group,SRL,REAL_ESTATE,PR21,2022-03-28,0
C:4822,Disa SpA,SRL,REAL_ESTATE,PR45,2022-03-31,0
C:4823,Camon Group,SNC,HOLDING,PR00,2022-04-03,0
C:4824,Lenca Group,SRL,CONSULTING,PR54,2022-04-06,0
C:4825,Tinfer Srl,SRL,RETAIL,PR29,2022-04-10,0
C:4826,Berfo SpA,SRL,MANUFACTURING,PR59,2022-04-13,0
C:4827,Rosca SpA,SPA,CONSULTING,PR06,2022-04-16,0
C:4828,Lofo Srl,SRL,SOFTWARE,PR59,2022-04-19,0
C:4829,Meme Srl,SRL,SOFTWARE,PR08,2022-04-22,0
C:4830,Moncor Srl,SRL,MANUFACTURING,PR29,2022-04-26,0
C:4831,Nifer Srl,SRL,MANUFACTURING,PR23,2022-04-29,0
C:4832,Fovi Group,SRL,REAL_ESTATE,PR12,2022-05-02,0
C:4833,Berber Srl,SPA,RETAIL,PR25,2022-05-05,0
C:4834,Gioren Group,SRL,CONSULTING,PR33,2022-05-08,0
C:4835,Renros Group,SRL,LOGISTICS,PR42,2022-05-12,0
C:4836,Galca Group,SPA,CONSULTING,PR38,2022-05-15,0
C:4837,Rosdi Srl,SRL,HOSPITALITY,PR21,2022-05-18,0
C:4838,Same Srl,SRL,HOLDING,PR36,2022-05-21,0
C:4839,Zovi SpA,SPA,SOFTWARE,PR07,2022-05-24,0
C:4840,Ferdi Group,SRL,MANUFACTURING,PR18,2022-05-28,0
C:4841,Rensa SpA,SPA,RETAIL,PR51,2022-05-31,0
C:4842,Zodi Srl,SPA,HOLDING,PR29,2022-06-03,0
C:4843,Marcor SpA,SNC,MANUFACTURING,PR06,2022-06-06,0
C:4844,Valce Srl,SNC,HOLDING,PR10,2022-06-09,0
C:4845,Ferru SpA,SNC,MANUFACTURING,PR19,2022-06-13,0
C:4846,Rosni Group,SRL,HOLDING,PR41,2022-06-16,0
C:4847,Caba SpA,SRL,CONSULTING,PR05,2022-06-19,0
C:4848,Niros Srl,SRL,REAL_ESTATE,PR59,2022-06-22,0
C:4849,Sagal Group,SRL,AGRICULTURE,PR21,2022-06-25,0
C:4850,Valgal Srl,SRL,RETAIL,PR57,2022-06-29,0
C:4851,Gume SpA,SPA,HOSPITALITY,PR34,2022-07-02,0
C:4852,Danme Srl,SPA,HOLDING,PR47,2022-07-05,0
C:4853,Tepas Group,SRL,AGRICULTURE,PR49,2022-07-08,0
C:4854,Dandi SpA,SRL,CONSULTING,PR12,2022-07-11,0
C:4855,Tece Srl,SRL,REAL_ESTATE,PR49,2022-07-15,0
C:4856,Lenpo Srl,SRL,RETAIL,PR15,2022-07-18,0
C:4857,Gioros Srl,SNC,LOGISTICS,PR48,2022-07-21,0
C:4858,Valfer SpA,SRL,RETAIL,PR35,2022-07-24,0
C:4859,Gumar Srl,SRL,RETAIL,PR06,2022-07-27,0
C:4860,Pascor Srl,SRL,RETAIL,PR59,2022-07-31,0
C:4861,Berni SpA,SRL,CONSTRUCTION,PR47,2022-08-03,0
C:4862,Galru Group,SRL,MANUFACTURING,PR37,2022-08-06,0
C:4863,Valtin SpA,SPA,LOGISTICS,PR17,2022-08-09,0
C:4864,Zodan SpA,SPA,RETAIL,PR44,2022-08-12,0
C:4865,Latin Group,SRL,RETAIL,PR06,2022-08-16,0
C:4866,Paspo Srl,SRL,HOSPITALITY,PR13,2022-08-19,0
C:4867,Logio Group,SRL,AGRICULTURE,PR52,2022-08-22,0
C:4868,Losa SpA,SRL,AGRICULTURE,PR19,2022-08-25,0
C:4869,Rulo SpA,SRL,HOSPITALITY,PR42,2022-08-28,0
C:4870,Zoren Group,SPA,AGRICULTURE,PR42,2022-09-01,0
C:4871,Lagal Group,SRL,AGRICULTURE,PR14,2022-09-04,0
C:4872,Berni SpA,SRL,CONSULTING,PR02,2022-09-07,0
C:4873,Valvi Group,SPA,AGRICULTURE,PR50,2022-09-10,0
C:4874,Laval Srl,SRL,REAL_ESTATE,PR31,2022-09-13,0
C:4875,Mefer Group,SPA,HOLDING,PR03,2022-09-17,0
C:4876,Niru SpA,SRL,MANUFACTURING,PR58,2022-09-20,0
C:4877,Potin Group,SPA,HOSPITALITY,PR22,2022-09-23,0
C:4878,Viren SpA,SRL,CONSULTING,PR40,2022-09-26,0
C:4879,Tingu Group,SNC,AGRICULTURE,PR10,2022-09-29,0
C:4880,Dice Group,SNC,HOSPITALITY,PR49,2022-10-03,0
C:4881,Nifer SpA,SPA,AGRICULTURE,PR21,2022-10-06,0
C:4882,Ruber Group,SPA,CONSTRUCTION,PR26,2022-10-09,0
C:4883,Lenzo Srl,SRL,RETAIL,PR01,2022-10-12,0
C:4884,Monpas Srl,SPA,CONSULTING,PR22,2022-10-15,0
C:4885,Lagal Group,SNC,HOLDING,PR55,2022-10-19,0
C:4886,Meber Group,SRL,HOSPITALITY,PR16,2022-10-22,0
C:4887,Rendi Group,SRL,HOSPITALITY,PR52,2022-10-25,0
C:4888,Lavi SpA,SRL,CONSULTING,PR20,2022-10-28,0
C:4889,Fote Srl,SPA,CONSTRUCTION,PR16,2022-10-31,0
C:4890,Lenlo Group,SPA,RETAIL,PR51,2022-11-04,0
C:4891,Nini Srl,SRL,RETAIL,PR30,2022-11-07,0
C:4892,Fofo Group,SRL,SOFTWARE,PR38,2022-11-10,0
C:4893,Teme Srl,SPA,RETAIL,PR24,2022-11-13,0
C:4894,Pasni Group,SRL,HOSPITALITY,PR20,2022-11-16,0
C:4895,Loni Group,SPA,REAL_ESTATE,PR53,2022-11-20,0
C:4896,Tince Group,SRL,REAL_ESTATE,PR03,2022-11-23,0
C:4897,Dance Srl,SNC,CONSULTING,PR38,2022-11-26,0
C:4898,Sagu Banca,SPA,BANKING,PR33,2022-11-29,1
C:4899,Vila Srl,SPA,REAL_ESTATE,PR42,2022-12-02,0
C:4900,Tinlen Srl,SRL,MANUFACTURING,PR15,2022-12-06,0
C:4901,Monmon SpA,SRL,CONSTRUCTION,PR47,2022-12-09,0
C:4902,Cadi SpA,SRL,HOSPITALITY,PR01,2022-12-12,0
C:4903,Lenmar Srl,SRL,RETAIL,PR56,2022-12-15,0
C:4904,Gufo Group,SPA,HOLDING,PR53,2022-12-18,0
C:4905,Monla Srl,SRL,AGRICULTURE,PR50,2022-12-22,0
C:4906,Gucor Banca,SPA,BANKING,PR16,2022-12-25,1
C:4907,Fovi Group,SRL,CONSTRUCTION,PR03,2022-12-28,0
C:4908,Rumar Group,SRL,SOFTWARE,PR02,2022-12-31,0
C:4909,Tinval Srl,SRL,RETAIL,PR59,2023-01-03,0
C:4910,Danlo Group,SPA,CONSTRUCTION,PR47,2023-01-07,0
C:4911,Giogu Srl,SRL,AGRICULTURE,PR57,2023-01-10,0
C:4912,Moncor Group,SPA,HOSPITALITY,PR05,2023-01-13,0
C:4913,Caros SpA,SPA,MANUFACTURING,PR01,2023-01-16,0
C:4914,Bermar Group,SRL,RETAIL,PR54,2023-01-19,0
C:4915,Niren Group,SRL,HOLDING,PR14,2023-01-23,0
C:4916,Pasni SpA,SNC,REAL_ESTATE,PR31,2023-01-26,0
C:4917,Tegal Group,SRL,HOLDING,PR49,2023-01-29,0
C:4918,Folo Srl,SRL,CONSTRUCTION,PR01,2023-02-01,0
C:4919,Lenba Srl,SNC,MANUFACTURING,PR19,2023-02-04,0
C:4920,Cordi Group,SRL,MANUFACTURING,PR32,2023-02-08,0
C:4921,Passa Srl,SRL,RETAIL,PR01,2023-02-11,0
C:4922,Loval Group,SPA,HOLDING,PR41,2023-02-14,0
C:4923,Dica Group,SRL,AGRICULTURE,PR02,2023-02-17,0
C:4924,Digio Srl,SRL,SOFTWARE,PR40,2023-02-20,0
C:4925,Rosca Group,SRL,CONSULTING,PR42,2023-02-24,0
C:4926,Monni Group,SRL,LOGISTICS,PR31,2023-02-27,0
C:4927,Tinval SpA,SRL,LOGISTICS,PR36,2023-03-02,0
C:4928,Marros SpA,SRL,HOLDING,PR47,2023-03-05,0
C:4929,Giodi Group,SRL,HOSPITALITY,PR36,2023-03-08,0
C:4930,Gupas SpA,SRL,LOGISTICS,PR47,2023-03-12,0
C:4931,Bamon Group,SRL,LOGISTICS,PR24,2023-03-15,0
C:4932,Dimar Banca,SPA,BANKING,PR29,2023-03-18,1
C:4933,Rencor Group,SRL,CONSULTING,PR13,2023-03-21,0
C:4934,Savi Group,SRL,HOSPITALITY,PR38,2023-03-24,0
C:4935,Polo SpA,SRL,SOFTWARE,PR07,2023-03-28,0
C:4936,Nidan SpA,SRL,LOGISTICS,PR27,2023-03-31,0
C:4937,Galdan SpA,SRL,AGRICULTURE,PR21,2023-04-03,0
C:4938,Tinla Srl,SPA,LOGISTICS,PR23,2023-04-06,0
C:4939,Valfo Group,SRL,SOFTWARE,PR46,2023-04-09,0
C:4940,Cece Group,SRL,HOLDING,PR07,2023-04-13,0
C:4941,Zoval Srl,SRL,CONSTRUCTION,PR28,2023-04-16,0
C:4942,Marca Srl,SRL,CONSULTING,PR29,2023-04-19,0
C:4943,Pasba Srl,SPA,SOFTWARE,PR43,2023-04-22,0
C:4944,Ferval Group,SPA,SOFTWARE,PR31,2023-04-25,0
C:4945,Dice Group,SRL,REAL_ESTATE,PR34,2023-04-29,0
C:4946,Rosce SpA,SRL,SOFTWARE,PR46,2023-05-02,0
C:4947,Vivi Group,SRL,LOGISTICS,PR31,2023-05-05,0
C:4948,Ruca Srl,SRL,CONSULTING,PR30,2023-05-08,0
C:4949,Dizo Group,SRL,MANUFACTURING,PR19,2023-05-11,0
C:4950,Montin Group,SRL,HOLDING,PR35,2023-05-15,0
C:4951,Didi SpA,SRL,AGRICULTURE,PR51,2023-05-18,0
C:4952,Saca Srl,SPA,SOFTWARE,PR27,2023-05-21,0
C:4953,Monren Srl,SPA,SOFTWARE,PR33,2023-05-24,0
C:4954,Ruvi Group,SRL,HOLDING,PR00,2023-05-27,0
C:4955,Valmon Srl,SRL,AGRICULTURE,PR10,2023-05-31,0
C:4956,Meros Banca,SPA,BANKING,PR25,2023-06-03,1
C:4957,Guru Srl,SNC,LOGISTICS,PR48,2023-06-06,0
C:4958,Nisa SpA,SRL,MANUFACTURING,PR53,2023-06-09,0
C:4959,Dandan SpA,SRL,AGRICULTURE,PR18,2023-06-12,0
C:4960,Passa Srl,SRL,MANUFACTURING,PR45,2023-06-16,0
C:4961,Berce Group,SRL,LOGISTICS,PR37,2023-06-19,0
C:4962,Marlo SpA,SPA,SOFTWARE,PR09,2023-06-22,0
C:4963,Galpo SpA,SRL,SOFTWARE,PR54,2023-06-25,0
C:4964,Renlo Srl,SPA,RETAIL,PR27,2023-06-28,0
C:4965,Ceval SpA,SPA,LOGISTICS,PR02,2023-07-02,0
C:4966,Dilo Group,SRL,HOSPITALITY,PR41,2023-07-05,0
C:4967,Ferdan Group,SPA,SOFTWARE,PR58,2023-07-08,0
C:4968,Pasni Group,SPA,REAL_ESTATE,PR51,2023-07-11,0
C:4969,Paslen SpA,SRL,RETAIL,PR39,2023-07-14,0
C:4970,Berval Srl,SNC,HOLDING,PR03,2023-07-18,0
C:4971,Monros SpA,SRL,LOGISTICS,PR50,2023-07-21,0
C:4972,Monme SpA,SRL,HOSPITALITY,PR21,2023-07-24,0
C:4973,Laren Srl,SRL,RETAIL,PR41,2023-07-27,0
C:4974,Lenmar Group,SRL,HOLDING,PR10,2023-07-30,0
C:4975,Valtin Srl,SRL,MANUFACTURING,PR25,2023-08-03,0
C:4976,Tinpo Srl,SRL,HOLDING,PR07,2023-08-06,0
C:4977,Valpas Srl,SRL,HOLDING,PR54,2023-08-09,0
C:4978,Vime Srl,SRL,HOSPITALITY,PR13,2023-08-12,0
C:4979,Corcor SpA,SRL,CONSULTING,PR50,2023-08-15,0
C:4980,Foren Srl,SRL,HOLDING,PR42,2023-08-19,0
C:4981,Zober SpA,SPA,SOFTWARE,PR07,2023-08-22,0
C:4982,Loni SpA,SRL,CONSULTING,PR39,2023-08-25,0
C:4983,Nica Srl,SRL,REAL_ESTATE,PR22,2023-08-28,0
C:4984,Tela Group,SRL,RETAIL,PR29,2023-08-31,0
C:4985,Lenfer SpA,SRL,LOGISTICS,PR04,2023-09-04,0
C:4986,Galba Srl,SRL,HOLDING,PR18,2023-09-07,0
C:4987,Galfo Group,SRL,RETAIL,PR58,2023-09-10,0
C:4988,Sazo SpA,SRL,AGRICULTURE,PR12,2023-09-13,0
C:4989,Poval Group,SRL,CONSTRUCTION,PR25,2023-09-16,0
C:4990,Tincor SpA,SRL,LOGISTICS,PR45,2023-09-20,0
C:4991,Berni Group,SPA,CONSTRUCTION,PR04,2023-09-23,0
C:4992,Laros SpA,SPA,HOLDING,PR06,2023-09-26,0
C:4993,Cegu Group,SRL,HOLDING,PR28,2023-09-29,0
C:4994,Caru Group,SRL,CONSTRUCTION,PR41,2023-10-02,0
C:4995,Gufo Srl,SRL,AGRICULTURE,PR12,2023-10-06,0
C:4996,Bala Srl,SPA,REAL_ESTATE,PR23,2023-10-09,0
C:4997,Fozo Group,SRL,HOLDING,PR24,2023-10-12,0
C:4998,Monsa Srl,SRL,CONSTRUCTION,PR40,2023-10-15,0
C:4999,Sacor Srl,SPA,HOSPITALITY,PR14,2023-10-18,0
