a_eid,b_eid,score
P:1,P:1308,0.4737391174
P:1,P:162,0.476437062
P:1,P:2,0.4712171257
P:1,P:2066,0.465118289
P:1,P:825,0.4629143775
P:10,P:1258,0.5844922066
P:10,P:2372,0.5840777159
P:10,P:2758,0.5866473317
P:10,P:450,0.5886738896
P:10,P:648,0.5848793387
P:100,P:1069,0.7097686529
P:100,P:1311,0.7199203968
P:100,P:1984,0.7091131806
P:100,P:2346,0.7150997519
P:100,P:416,0.710621357
P:1000,P:17,0.8750144839
P:1000,P:1906,0.8512256742
P:1000,P:328,0.8531062007
P:1000,P:790,0.8509759307
P:1001,P:1042,0.5124620795
P:1001,P:1903,0.5177260041
P:1001,P:2136,0.5106585026
P:1001,P:2419,0.5104860067
P:1001,P:74,0.5138397813
P:1002,P:1003,0.4687862694
P:1002,P:1498,0.4709320962
P:1002,P:1604,0.4730005264
P:1002,P:2383,0.4696421027
P:1002,P:665,0.4734628201
P:1003,P:1004,0.6785148382
P:1003,P:1380,0.6807057261
P:1003,P:1951,0.6794444323
P:1003,P:2579,0.6815751791
P:1003,P:2812,0.6763492823
P:1004,P:1476,0.8711775541
P:1004,P:1500,0.8758959174
P:1004,P:1570,0.8700132966
P:1004,P:1951,0.8817235827
P:1004,P:2413,0.8681544662
P:1005,P:1766,0.5585928559
P:1005,P:2978,0.5599168539
P:1005,P:413,0.5606389642
P:1005,P:86,0.5637329817
P:1005,P:87,0.5556766391
P:1006,P:1311,0.7890699506
P:1006,P:1984,0.7896013856
P:1006,P:465,0.7929965258
P:1006,P:496,0.7883901596
P:1006,P:742,0.7896593809
P:1007,P:1440,0.5145164728
P:1007,P:1903,0.5161434412
P:1007,P:2055,0.5157333016
P:1007,P:2100,0.5148513913
P:1007,P:2265,0.5129879713
P:1008,P:1009,0.5272354484
P:1008,P:2812,0.5235286951
P:1008,P:665,0.5288698077
P:1008,P:865,0.5336809754
P:1008,P:89,0.5316841602
P:1009,P:17,0.7534655333
P:1009,P:2384,0.7450475693
P:1009,P:755,0.7456005812
P:1009,P:89,0.7458797693
P:1009,P:957,0.7474746704
P:101,P:1221,0.847702086
P:101,P:1274,0.8439151049
P:101,P:1374,0.8426089287
P:101,P:1533,0.8485485911
P:101,P:1957,0.8449012637
P:1010,P:1421,0.4522871971
P:1010,P:1486,0.4558048546
P:1010,P:1563,0.4564364552
P:1010,P:711,0.4529504478
P:1010,P:835,0.4535621703
P:1011,P:1522,0.4726834595
P:1011,P:1626,0.4725654423
P:1011,P:2367,0.4767362773
P:1011,P:47,0.4729012549
P:1011,P:959,0.473554343
P:1012,P:1859,0.6929311156
P:1012,P:2175,0.6952702403
P:1012,P:2287,0.6883013248
P:1012,P:2498,0.6905741096
P:1012,P:713,0.6921948195
P:1013,P:1022,0.7505474091
P:1013,P:1057,0.7446799278
P:1013,P:1860,0.7550045848
P:1013,P:2370,0.742104888
P:1013,P:961,0.7514129281
P:1014,P:1022,0.8407331109
P:1014,P:1057,0.8446678519
P:1014,P:182,0.8327899575
P:1014,P:1860,0.8365914822
P:1014,P:2584,0.8377463222
P:1015,P:1109,0.5025119185
P:1015,P:2047,0.4982556105
P:1015,P:2235,0.4993421137
P:1015,P:232,0.499543786
P:1015,P:763,0.5010531545
P:1016,P:1476,0.6910154819
P:1016,P:1634,0.6920409203
P:1016,P:1951,0.7082560658
P:1016,P:2049,0.690828681
P:1016,P:2579,0.7023871541
P:1017,P:1476,0.9014820457
P:1017,P:1500,0.8935251832
P:1017,P:1852,0.8882389665
P:1017,P:1951,0.8971049786
P:1017,P:2413,0.8819056153
P:1018,P:1404,0.5131524801
P:1018,P:1903,0.5140849352
P:1018,P:2055,0.5100265145
P:1018,P:683,0.5109190345
P:1018,P:74,0.5115429759
P:1019,P:180,0.4765090644
P:1019,P:2339,0.4769396186
P:1019,P:47,0.4806130826
P:1019,P:472,0.4767694175
P:1019,P:717,0.4769509137
P:102,P:1042,0.509691298
P:102,P:1044,0.5077576041
P:102,P:1903,0.512604475
P:102,P:2055,0.5069792867
P:102,P:74,0.5076172948
P:1020,P:1054,0.4933936298
P:1020,P:2620,0.4919283986
P:1020,P:2714,0.4967977405
P:1020,P:2743,0.4910579622
P:1020,P:771,0.4920926392
P:1021,P:1022,0.7817655802
P:1021,P:1057,0.769875586
P:1021,P:1533,0.7686601877
P:1021,P:49,0.7771267891
P:1021,P:569,0.771192193
P:1022,P:1057,0.9222841859
P:1022,P:2584,0.910120666
P:1022,P:2607,0.9107445478
P:1022,P:485,0.904328227
P:1023,P:1339,0.4985322952
P:1023,P:1461,0.5026025176
P:1023,P:1529,0.4967865348
P:1023,P:240,0.506467998
P:1023,P:2815,0.4996801317
P:1024,P:1109,0.5448276997
P:1024,P:1893,0.5451292992
P:1024,P:232,0.5443975329
P:1024,P:2633,0.5451619029
P:1024,P:450,0.5430744886
P:1025,P:2000,0.7074195743
P:1025,P:2471,0.7062555552
P:1025,P:2635,0.7078403831
P:1025,P:451,0.7078649402
P:1025,P:839,0.7079227567
P:1026,P:1951,0.7508467436
P:1026,P:2049,0.7501627803
P:1026,P:2644,0.7514252067
P:1026,P:913,0.7495614886
P:1026,P:984,0.7544806004
P:1027,P:1476,0.8762067556
P:1027,P:1500,0.8580143452
P:1027,P:1852,0.8557329774
P:1027,P:1951,0.8730517626
P:1027,P:984,0.8559495211
P:1028,P:1421,0.4935905933
P:1028,P:1611,0.4917954206
P:1028,P:2132,0.4911334515
P:1028,P:2942,0.4936270416
P:1028,P:835,0.490128994
P:1029,P:1059,0.678732872
P:1029,P:1421,0.6890534163
P:1029,P:1563,0.6827337742
P:1029,P:2525,0.6819041371
P:1029,P:253,0.6856437922
P:103,P:1069,0.5385633707
P:103,P:1400,0.5348229408
P:103,P:208,0.5335167646
P:103,P:292,0.5384517312
P:103,P:936,0.5389914513
P:1030,P:2176,0.8477491736
P:1030,P:2370,0.8483880162
P:1030,P:2499,0.8464731574
P:1030,P:254,0.8449684381
P:1030,P:2805,0.8409193158
P:1031,P:1032,0.515373826
P:1031,P:1513,0.5150687695
P:1031,P:1751,0.5183620453
P:1031,P:2085,0.5193923116
P:1031,P:395,0.5142115951
P:1032,P:1513,0.7478674054
P:1032,P:1793,0.7418538332
P:1032,P:2419,0.7408399582
P:1032,P:2579,0.7451175451
P:1032,P:323,0.7471887469
P:1033,P:1913,0.5720681548
P:1033,P:2567,0.5699823499
P:1033,P:2579,0.5709414482
P:1033,P:2640,0.575397253
P:1033,P:863,0.5701004267
P:1034,P:1040,0.4804194868
P:1034,P:1753,0.4840815663
P:1034,P:2296,0.4808743894
P:1034,P:286,0.4808202088
P:1034,P:2970,0.4809461832
P:1035,P:1461,0.7173758745
P:1035,P:1704,0.7200820446
P:1035,P:1877,0.7163912058
P:1035,P:2536,0.7133957148
P:1035,P:794,0.7133431435
P:1036,P:1288,0.4397011399
P:1036,P:1314,0.4392502308
P:1036,P:1434,0.4389556646
P:1036,P:2538,0.4416439533
P:1036,P:85,0.4432819188
P:1037,P:1248,0.636605382
P:1037,P:1315,0.6292732358
P:1037,P:1834,0.6263155937
P:1037,P:2575,0.6331984997
P:1037,P:778,0.6254477501
P:1038,P:1291,0.8584053516
P:1038,P:1316,0.856338799
P:1038,P:827,0.8497467637
P:1038,P:828,0.8495780826
P:1039,P:1040,0.4686179161
P:1039,P:1753,0.4730541706
P:1039,P:2296,0.469787389
P:1039,P:286,0.4689519107
P:1039,P:2970,0.470323056
P:104,P:1339,0.4989251792
P:104,P:1461,0.5034595132
P:104,P:240,0.5060236454
P:104,P:2815,0.4984651208
P:104,P:2970,0.4979793727
P:1040,P:1461,0.7394571304
P:1040,P:1704,0.7365803123
P:1040,P:1877,0.7399789691
P:1040,P:2168,0.735971272
P:1040,P:504,0.7371906042
P:1041,P:1042,0.5192277431
P:1041,P:1829,0.5166455507
P:1041,P:1903,0.5176944137
P:1041,P:2136,0.5177643895
P:1041,P:2419,0.5158853531
P:1042,P:1903,0.7611939907
P:1042,P:1928,0.7587950826
P:1042,P:2655,0.754737556
P:1042,P:2715,0.7568665743
P:1042,P:74,0.7529422641
P:1043,P:1042,0.5106614828
P:1043,P:1113,0.5102059841
P:1043,P:1903,0.5124928951
P:1043,P:2136,0.5123864412
P:1043,P:744,0.5103831291
P:1044,P:1903,0.76203233
P:1044,P:1928,0.7553736567
P:1044,P:2621,0.7552190423
P:1044,P:2655,0.7523580194
P:1044,P:2715,0.7600529194
P:1045,P:1831,0.5287818909
P:1045,P:2075,0.5274514556
P:1045,P:2260,0.5289028883
P:1045,P:2339,0.5338549614
P:1045,P:362,0.5272108316
P:1046,P:1274,0.7606157064
P:1046,P:1614,0.7574222088
P:1046,P:402,0.7613934278
P:1046,P:569,0.7609913349
P:1046,P:786,0.7586544156
P:1047,P:1440,0.5349003077
P:1047,P:1903,0.5370000601
P:1047,P:2055,0.5399028063
P:1047,P:2278,0.5351436734
P:1047,P:564,0.5337886214
P:1048,P:2077,0.4602295458
P:1048,P:2244,0.4643535614
P:1048,P:2459,0.4623090625
P:1048,P:2609,0.463921994
P:1048,P:741,0.4602531791
P:1049,P:1274,0.6818069816
P:1049,P:1689,0.6795576215
P:1049,P:2100,0.6808308363
P:1049,P:2209,0.6767192483
P:1049,P:2784,0.6772791743
P:105,P:1738,0.5209472179
P:105,P:1831,0.5193517208
P:105,P:1836,0.5189351439
P:105,P:208,0.5194386244
P:105,P:2339,0.5246793032
P:1050,P:150,0.8434160352
P:1050,P:1533,0.8507988453
P:1050,P:244,0.8418271542
P:1050,P:2607,0.8547800183
P:1050,P:33,0.8414181471
P:1051,P:1805,0.5300126076
P:1051,P:1831,0.5274791121
P:1051,P:2260,0.5288279057
P:1051,P:2339,0.5330916047
P:1051,P:804,0.5274903178
P:1052,P:1614,0.7458975911
P:1052,P:2339,0.7449516058
P:1052,P:2361,0.7445520163
P:1052,P:314,0.7432518601
P:1052,P:402,0.7464939356
P:1053,P:1054,0.4768866003
P:1053,P:1115,0.4762195349
P:1053,P:1385,0.4767052531
P:1053,P:2714,0.4745543897
P:1053,P:2889,0.4790088832
P:1054,P:1055,0.6780387163
P:1054,P:1859,0.6783063412
P:1054,P:2714,0.6638857126
P:1054,P:380,0.6681576371
P:1055,P:1056,0.7573425174
P:1055,P:1057,0.7735083103
P:1055,P:1860,0.7523520589
P:1055,P:2584,0.7607361674
P:1056,P:1057,0.8204966784
P:1056,P:1325,0.7859816551
P:1056,P:1860,0.7909347415
P:1056,P:2584,0.8057931066
P:1057,P:1325,0.9567556977
P:1057,P:1860,0.9456958175
P:1057,P:2584,0.9803040028
P:1057,P:485,0.956951201
P:1058,P:1059,0.4754750431
P:1058,P:1421,0.4777528048
P:1058,P:1563,0.4748767614
P:1058,P:2452,0.4759027064
P:1058,P:835,0.4791968167
P:1059,P:1421,0.7072218657
P:1059,P:1563,0.7099838853
P:1059,P:2452,0.706720829
P:1059,P:253,0.7017425299
P:106,P:1274,0.754252553
P:106,P:1928,0.7582255006
P:106,P:314,0.755371511
P:106,P:569,0.7631627321
P:1060,P:1057,0.855312407
P:1060,P:1533,0.8569844961
P:1060,P:2370,0.860539794
P:1060,P:2565,0.8580397964
P:1060,P:485,0.8604369164
P:1061,P:1339,0.4962277412
P:1061,P:1461,0.5014240146
P:1061,P:240,0.5109685659
P:1061,P:2815,0.5004864335
P:1061,P:344,0.4974514544
P:1062,P:1042,0.4971896708
P:1062,P:1903,0.502572
P:1062,P:2055,0.5004912615
P:1062,P:592,0.494994998
P:1062,P:74,0.4963766932
P:1063,P:1354,0.566485703
P:1063,P:2155,0.5691353083
P:1063,P:2640,0.5687907338
P:1063,P:2958,0.5712479353
P:1063,P:941,0.5676490664
P:1064,P:1201,0.8043981194
P:1064,P:1520,0.8027217388
P:1064,P:1977,0.8044088483
P:1064,P:2156,0.8019556999
P:1064,P:747,0.804841876
P:1065,P:1042,0.4882124662
P:1065,P:1328,0.4853724241
P:1065,P:1829,0.489593178
P:1065,P:1903,0.4873694777
P:1065,P:2419,0.4883731306
P:1066,P:1014,0.7501571774
P:1066,P:1903,0.7559478879
P:1066,P:1928,0.7508329153
P:1066,P:2621,0.7474246025
P:1066,P:2715,0.7540459037
P:1067,P:1440,0.5066065788
P:1067,P:1484,0.5048756599
P:1067,P:208,0.5037795305
P:1067,P:2100,0.5061253905
P:1067,P:402,0.5068246722
P:1068,P:1069,0.5621237755
P:1068,P:1262,0.5593431592
P:1068,P:203,0.5592899323
P:1068,P:2648,0.558694005
P:1068,P:366,0.5618490577
P:1069,P:1311,0.7894530296
P:1069,P:1614,0.7969148755
P:1069,P:2346,0.7920860052
P:1069,P:314,0.7947165966
P:1069,P:628,0.7898553014
P:107,P:108,0.520380199
P:107,P:1139,0.5021393299
P:107,P:1574,0.5015031695
P:107,P:1759,0.4988782108
P:107,P:343,0.5043163896
P:1070,P:1069,0.5471735597
P:1070,P:1262,0.5403838754
P:1070,P:1613,0.5418530107
P:1070,P:292,0.5476561189
P:1070,P:936,0.5494179726
P:1071,P:1431,0.5285661817
P:1071,P:2579,0.5318359137
P:1071,P:2640,0.5337125063
P:1071,P:2866,0.5320520997
P:1071,P:395,0.5306214094
P:1072,P:1406,0.8137584329
P:1072,P:1476,0.8140531778
P:1072,P:1951,0.819992125
P:1072,P:263,0.8020217419
P:1072,P:747,0.8044439554
P:1073,P:1074,0.5041427612
P:1073,P:1303,0.5037944317
P:1073,P:2812,0.5049593449
P:1073,P:865,0.5058540702
P:1073,P:89,0.5051085353
P:1074,P:1380,0.7557020783
P:1074,P:17,0.7655901909
P:1074,P:2384,0.7550762296
P:1074,P:755,0.7573392391
P:1074,P:957,0.7630767226
P:1075,P:1176,0.5533515811
P:1075,P:2372,0.552726686
P:1075,P:2505,0.553201735
P:1075,P:2758,0.5523222685
P:1075,P:839,0.5517834425
P:1076,P:1259,0.8027454615
P:1076,P:1456,0.8039963841
P:1076,P:1716,0.8029477596
P:1076,P:2000,0.810765624
P:1076,P:2603,0.8050177097
P:1077,P:1604,0.4858322144
P:1077,P:2661,0.4773895144
P:1077,P:2812,0.4779776037
P:1077,P:2821,0.4750647545
P:1077,P:665,0.4770806432
P:1078,P:1601,0.6812714934
P:1078,P:1604,0.6777501702
P:1078,P:2662,0.6763192415
P:1078,P:2697,0.6772564054
P:1078,P:399,0.677548945
P:1079,P:1380,0.8443962336
P:1079,P:1853,0.8438577652
P:1079,P:2238,0.8504196405
P:1079,P:283,0.8354878426
P:1079,P:422,0.8469712138
P:108,P:109,0.7139183283
P:108,P:1124,0.6987893581
P:108,P:2067,0.701104939
P:108,P:2163,0.6979359984
P:1080,P:1228,0.5461723804
P:1080,P:2579,0.5484442711
P:1080,P:2640,0.5501796603
P:1080,P:2866,0.5489913821
P:1080,P:395,0.5485885739
P:1081,P:1406,0.8150212169
P:1081,P:1476,0.8156207204
P:1081,P:1951,0.823060751
P:1081,P:2156,0.8076298833
P:1081,P:747,0.8114958405
P:1082,P:1710,0.5542036891
P:1082,P:1715,0.5534963012
P:1082,P:1720,0.5503552556
P:1082,P:2424,0.5492708683
P:1082,P:870,0.5500116944
P:1083,P:1259,0.72378093
P:1083,P:1479,0.7264818549
P:1083,P:1711,0.7247712016
P:1083,P:1716,0.7242612243
P:1083,P:1721,0.7252764106
P:1084,P:1951,0.8442582488
P:1084,P:2603,0.8442510366
P:1084,P:2771,0.8409937024
P:1084,P:378,0.8422673941
P:1084,P:984,0.8419145346
P:1085,P:1086,0.4874244332
P:1085,P:1415,0.4861672223
P:1085,P:1461,0.4869995713
P:1085,P:2211,0.4854950309
P:1085,P:2432,0.4846431315
P:1086,P:1592,0.7938090563
P:1086,P:1960,0.7947844863
P:1086,P:390,0.8015133142
P:1086,P:504,0.7900636196
P:1087,P:1404,0.5283104777
P:1087,P:1513,0.5248776674
P:1087,P:2840,0.5246334076
P:1087,P:683,0.5256868601
P:1087,P:74,0.5227853656
P:1088,P:1461,0.5183601975
P:1088,P:2163,0.5186392665
P:1088,P:240,0.5326658487
P:1088,P:2815,0.519367516
P:1088,P:344,0.5163630843
P:1089,P:1090,0.5318177342
P:1089,P:1197,0.5335876942
P:1089,P:2331,0.5331876278
P:1089,P:2661,0.5367711186
P:1089,P:481,0.5389666557
P:109,P:1000,0.8050818443
P:109,P:1906,0.8164420724
P:109,P:2068,0.8239434958
P:109,P:328,0.8116976023
P:1090,P:1761,0.735942781
P:1090,P:213,0.7337716818
P:1090,P:481,0.7397759557
P:1090,P:802,0.733964324
P:1090,P:847,0.7333191037
P:1091,P:1040,0.5085896254
P:1091,P:1704,0.5093802214
P:1091,P:1753,0.5085269809
P:1091,P:213,0.5079727769
P:1091,P:2970,0.5119407177
P:1092,P:1113,0.5279652476
P:1092,P:1513,0.5321369171
P:1092,P:2085,0.5287105441
P:1092,P:2136,0.5292469859
P:1092,P:323,0.5276803374
P:1093,P:1113,0.49640733
P:1093,P:2085,0.4974126518
P:1093,P:2136,0.5000760555
P:1093,P:224,0.4979041517
P:1093,P:2419,0.4967477918
P:1094,P:1183,0.7537330985
P:1094,P:1903,0.7559891939
P:1094,P:323,0.7520567179
P:1094,P:618,0.7541121244
P:1094,P:74,0.7541022897
P:1095,P:1600,0.526294291
P:1095,P:1604,0.5302630067
P:1095,P:2697,0.5254073739
P:1095,P:2812,0.5164549351
P:1095,P:812,0.5183336139
P:1096,P:1380,0.7747602463
P:1096,P:2025,0.7530459762
P:1096,P:2103,0.7539643049
P:1096,P:2238,0.7652586102
P:1097,P:1109,0.5478081107
P:1097,P:1453,0.5479585528
P:1097,P:232,0.5495088696
P:1097,P:2913,0.5477540493
P:1097,P:450,0.5504825711
P:1098,P:1259,0.7153142095
P:1098,P:1479,0.7166103125
P:1098,P:1716,0.7149725556
P:1098,P:2000,0.7191765904
P:1098,P:2759,0.7152643204
P:1099,P:1456,0.7440032959
P:1099,P:1479,0.7440478206
P:1099,P:1717,0.7428631186
P:1099,P:2000,0.7496318221
P:1099,P:2603,0.7462115288
P:11,P:1896,0.8135216832
P:11,P:2000,0.8194574714
P:11,P:2039,0.8115260601
P:11,P:2635,0.8126482964
P:11,P:451,0.8131617904
P:110,P:1236,0.4711508155
P:110,P:1859,0.4820915163
P:110,P:2965,0.4741585255
P:110,P:380,0.473531276
P:110,P:711,0.4694789648
P:1100,P:1101,0.7766368389
P:1100,P:1479,0.7791743875
P:1100,P:1711,0.7771773934
P:1100,P:1716,0.7783454657
P:1100,P:1717,0.778160274
P:1101,P:1456,0.8643034697
P:1101,P:2603,0.8674482107
P:1101,P:871,0.8652974367
P:1101,P:969,0.8633721471
P:1102,P:2260,0.5061259866
P:1102,P:2270,0.5117575526
P:1102,P:2339,0.5109881759
P:1102,P:362,0.5057587624
P:1102,P:47,0.5078969598
P:1103,P:1159,0.4707935154
P:1103,P:1636,0.47740376
P:1103,P:2531,0.471670419
P:1103,P:286,0.4710896313
P:1103,P:794,0.4712538719
P:1104,P:1022,0.751996696
P:1104,P:150,0.7541929483
P:1104,P:1533,0.7600342631
P:1104,P:2607,0.7630652189
P:1104,P:49,0.7499905825
P:1105,P:1057,0.882226944
P:1105,P:150,0.8834816813
P:1105,P:1533,0.8923714161
P:1105,P:2584,0.8789892197
P:1105,P:2607,0.8952935338
P:1106,P:1107,0.5205370188
P:1106,P:1176,0.5196807384
P:1106,P:2756,0.5220170021
P:1106,P:277,0.5184871554
P:1106,P:868,0.5219842792
P:1107,P:138,0.8116517663
P:1107,P:1601,0.8102067709
P:1107,P:1749,0.810603261
P:1107,P:1926,0.8112229109
P:1107,P:2238,0.8107025027
P:1108,P:1109,0.5500105023
P:1108,P:1453,0.5418688059
P:1108,P:1600,0.5421267152
P:1108,P:232,0.5483279228
P:1108,P:450,0.5458636284
P:1109,P:1493,0.7326568961
P:1109,P:1951,0.7298479676
P:1109,P:2635,0.7321126461
P:1109,P:451,0.7294567227
P:1109,P:839,0.7286438942
P:111,P:1022,0.8302797079
P:111,P:1057,0.8578710556
P:111,P:1860,0.8420367837
P:111,P:2584,0.8503805399
P:111,P:485,0.8379941583
P:1110,P:1380,0.8744741082
P:1110,P:1476,0.8646519184
P:1110,P:1853,0.8641425371
P:1110,P:1951,0.8739908934
P:1110,P:2238,0.8755134344
P:1111,P:1380,0.8722956181
P:1111,P:1476,0.863474071
P:1111,P:1951,0.8729068041
P:1111,P:2238,0.8739362359
P:1111,P:2635,0.8632586598
P:1112,P:1113,0.4990291893
P:1112,P:1751,0.5008420348
P:1112,P:2085,0.5010468364
P:1112,P:2136,0.5011609197
P:1112,P:224,0.5004444122
P:1113,P:1951,0.7738072276
P:1113,P:225,0.7679349184
P:1113,P:618,0.7732568979
P:1113,P:683,0.7675837278
P:1113,P:74,0.7672949433
P:1114,P:1115,0.4458601475
P:1114,P:1385,0.4465285838
P:1114,P:2605,0.4357258976
P:1114,P:2889,0.4387456477
P:1114,P:711,0.4393502474
P:1115,P:1859,0.6638752222
P:1115,P:2714,0.6483759284
P:1115,P:2901,0.6505650282
P:1115,P:483,0.6465914249
P:1116,P:1057,0.8078768253
P:1116,P:1325,0.7814555168
P:1116,P:1860,0.7945609093
P:1116,P:2584,0.8018476963
P:1116,P:961,0.7814798355
P:1117,P:1057,0.8846039772
P:1117,P:1325,0.8601081967
P:1117,P:1570,0.8609603643
P:1117,P:2584,0.8773617148
P:1117,P:618,0.8682987094
P:1118,P:1704,0.5082948208
P:1118,P:1943,0.5094791055
P:1118,P:213,0.513343215
P:1118,P:2536,0.5080202222
P:1118,P:2970,0.5115830302
P:1119,P:1120,0.5353889465
P:1119,P:203,0.5369314551
P:1119,P:2070,0.534619391
P:1119,P:2339,0.5382492542
P:1119,P:366,0.5381023884
P:112,P:1069,0.5477941036
P:112,P:1262,0.5434980392
P:112,P:1400,0.5436545014
P:112,P:203,0.5466087461
P:112,P:2339,0.5435345769
P:1120,P:1069,0.7721546292
P:1120,P:1614,0.7800062299
P:1120,P:2346,0.7731554508
P:1120,P:314,0.7774982452
P:1120,P:628,0.7725095749
P:1121,P:1440,0.5269502401
P:1121,P:1484,0.5287279487
P:1121,P:208,0.5334573388
P:1121,P:2339,0.5319046378
P:1121,P:402,0.5303487778
P:1122,P:108,0.5451385975
P:1122,P:1157,0.5409773588
P:1122,P:118,0.5409764647
P:1122,P:2807,0.5385349393
P:1122,P:801,0.5382705331
P:1123,P:108,0.5429587364
P:1123,P:109,0.5388022661
P:1123,P:1124,0.5368346572
P:1123,P:2163,0.5364002585
P:1123,P:2717,0.5370280147
P:1124,P:109,0.7795615196
P:1124,P:1906,0.7679637074
P:1124,P:2068,0.7770341635
P:1124,P:2798,0.7602157593
P:1124,P:328,0.761893332
P:1125,P:1339,0.5057718754
P:1125,P:1461,0.5094672441
P:1125,P:213,0.5044864416
P:1125,P:240,0.5057164431
P:1125,P:2970,0.5075057745
P:1126,P:1831,0.5433268547
P:1126,P:208,0.5449561477
P:1126,P:2100,0.5434505939
P:1126,P:2339,0.5458079576
P:1126,P:402,0.5471665263
P:1127,P:1128,0.4775563478
P:1127,P:2244,0.4823198915
P:1127,P:2395,0.4783147275
P:1127,P:2609,0.4835415184
P:1127,P:741,0.4812800884
P:1128,P:1274,0.7120892406
P:1128,P:2592,0.713994205
P:1128,P:2610,0.7148787379
P:1128,P:620,0.7129999995
P:1128,P:66,0.7194191217
P:1129,P:17,0.8398808837
P:1129,P:1827,0.8364118338
P:1129,P:2396,0.8508231044
P:1129,P:2607,0.8500255942
P:1129,P:742,0.8501347303
P:113,P:1461,0.5025160909
P:113,P:2163,0.5030332804
P:113,P:240,0.5202851892
P:113,P:2815,0.5062416196
P:113,P:2836,0.5007409453
P:1130,P:1131,0.4469992816
P:1130,P:1751,0.4470606148
P:1130,P:2011,0.4485166967
P:1130,P:2085,0.4467775822
P:1130,P:2251,0.4447963834
P:1131,P:1513,0.6563844085
P:1131,P:2085,0.654386878
P:1131,P:2136,0.650658071
P:1131,P:323,0.6519547105
P:1131,P:730,0.6510733962
P:1132,P:1476,0.8319423795
P:1132,P:1500,0.829556942
P:1132,P:1570,0.8372372985
P:1132,P:1852,0.8288604021
P:1132,P:1951,0.8393681049
P:1133,P:1349,0.4316739738
P:1133,P:1875,0.4346809685
P:1133,P:218,0.4296019971
P:1133,P:443,0.4317335188
P:1133,P:780,0.437980026
P:1134,P:1086,0.6040248275
P:1134,P:1508,0.6064821482
P:1134,P:219,0.608394444
P:1134,P:679,0.6039912105
P:1134,P:780,0.610479176
P:1135,P:2503,0.863873601
P:1135,P:2517,0.8647481799
P:1135,P:723,0.8654016256
P:1135,P:781,0.8570461869
P:1136,P:108,0.5407863259
P:1136,P:1139,0.5311455727
P:1136,P:1157,0.5322834849
P:1136,P:118,0.5326108932
P:1136,P:272,0.5310866833
P:1137,P:109,0.7446109653
P:1137,P:213,0.7330081463
P:1137,P:2536,0.734502852
P:1137,P:2982,0.7347531319
P:1137,P:802,0.7260568142
P:1138,P:1139,0.5074415207
P:1138,P:1759,0.5063692331
P:1138,P:1990,0.4986727834
P:1138,P:2821,0.4966499805
P:1138,P:801,0.4988429844
P:1139,P:1140,0.6619784832
P:1139,P:1157,0.6647385359
P:1139,P:1759,0.6672908664
P:1139,P:1760,0.666544497
P:1139,P:801,0.6630939841
P:114,P:1159,0.4437370896
P:114,P:2219,0.4419424236
P:114,P:2432,0.445922792
P:114,P:509,0.441475898
P:114,P:809,0.4426989555
P:1140,P:1761,0.7293145657
P:1140,P:2536,0.7164383531
P:1140,P:481,0.718680501
P:1140,P:802,0.7217735052
P:1140,P:847,0.7181490064
P:1141,P:1761,0.8085036278
P:1141,P:2823,0.8005206585
P:1141,P:399,0.7995891571
P:1141,P:422,0.8089447021
P:1141,P:802,0.7996743321
P:1142,P:1248,0.5123998523
P:1142,P:1935,0.5131332874
P:1142,P:240,0.5200475454
P:1142,P:2575,0.5158447027
P:1142,P:2815,0.5110458136
P:1143,P:1144,0.4612212777
P:1143,P:1385,0.4634360671
P:1143,P:1868,0.461828649
P:1143,P:2889,0.4589746594
P:1143,P:711,0.461357832
P:1144,P:1021,0.6744530797
P:1144,P:1859,0.6983582377
P:1144,P:2668,0.6725448966
P:1144,P:713,0.6786684394
P:1145,P:1057,0.9217400551
P:1145,P:1325,0.8929876685
P:1145,P:1860,0.8992804289
P:1145,P:2584,0.9132143259
P:1145,P:485,0.8953500986
P:1146,P:1147,0.4194033444
P:1146,P:1919,0.4021703601
P:1146,P:2017,0.410970062
P:1146,P:2733,0.4098134339
P:1146,P:371,0.4206092358
P:1147,P:2160,0.6017412543
P:1147,P:2387,0.5998675227
P:1147,P:371,0.6031813025
P:1147,P:96,0.6019867063
P:1148,P:1570,0.8353165984
P:1148,P:2413,0.8314780593
P:1148,P:2584,0.8432178497
P:1148,P:282,0.8313888907
P:1148,P:97,0.8278645873
P:1149,P:1440,0.5105368495
P:1149,P:1484,0.5110236406
P:1149,P:1831,0.5092800856
P:1149,P:1928,0.5083248615
P:1149,P:564,0.5093099475
P:115,P:1086,0.6700024009
P:115,P:1415,0.6676323414
P:115,P:1461,0.6734767556
P:115,P:1529,0.6692389846
P:115,P:1592,0.6663540006
P:1150,P:1415,0.4822067022
P:1150,P:2432,0.4858400822
P:1150,P:2836,0.4804490209
P:1150,P:509,0.4837680757
P:1150,P:594,0.4806782901
P:1151,P:1086,0.7213121653
P:1151,P:1461,0.7173729539
P:1151,P:1529,0.7176682353
P:1151,P:1592,0.7171266079
P:1151,P:390,0.7210008502
P:1152,P:1069,0.5533128381
P:1152,P:1262,0.550817728
P:1152,P:292,0.5508982539
P:1152,P:891,0.5481404662
P:1152,P:936,0.5520966053
P:1153,P:1009,0.5084953308
P:1153,P:2812,0.5076054931
P:1153,P:665,0.5101198554
P:1153,P:865,0.5145892501
P:1153,P:89,0.5146388412
P:1154,P:17,0.7468050122
P:1154,P:215,0.7405366898
P:1154,P:2598,0.7408890724
P:1154,P:755,0.7446419597
P:1154,P:957,0.7505380511
P:1155,P:1069,0.5404200554
P:1155,P:1400,0.5373138785
P:1155,P:208,0.5367059708
P:1155,P:292,0.5385708213
P:1155,P:936,0.5409222841
P:1156,P:1140,0.5441209674
P:1156,P:1157,0.5489504337
P:1156,P:118,0.5462684631
P:1156,P:2331,0.5467420816
P:1156,P:801,0.5481128693
P:1157,P:1761,0.7619019151
P:1157,P:213,0.7554440498
P:1157,P:2536,0.7561179399
P:1157,P:802,0.7557216883
P:1158,P:1159,0.4769529104
P:1158,P:1461,0.4734639525
P:1158,P:2432,0.477250725
P:1158,P:286,0.4769127071
P:1158,P:992,0.4746515751
P:1159,P:1086,0.7397973537
P:1159,P:1461,0.7409161925
P:1159,P:1529,0.7346851826
P:1159,P:1592,0.729460001
P:1159,P:2211,0.7351935506
P:116,P:1570,0.830319345
P:116,P:1672,0.814019978
P:116,P:2584,0.8185328841
P:116,P:2607,0.8185464144
P:116,P:2695,0.8172096014
P:1160,P:1288,0.4416923225
P:1160,P:1314,0.4476140141
P:1160,P:1833,0.4465354085
P:1160,P:85,0.4556334615
P:1160,P:895,0.4425517619
P:1161,P:141,0.6380271316
P:1161,P:1449,0.6589897275
P:1161,P:1833,0.6422513723
P:1161,P:2067,0.6402509809
P:1161,P:351,0.6529608369
P:1162,P:1255,0.8336932659
P:1162,P:1316,0.8233548403
P:1162,P:258,0.8235097528
P:1162,P:728,0.8195903301
P:1163,P:1308,0.466090709
P:1163,P:1447,0.4582281709
P:1163,P:2776,0.4577335417
P:1163,P:339,0.4552713037
P:1163,P:501,0.4530005455
P:1164,P:1253,0.4442104399
P:1164,P:1558,0.4447437823
P:1164,P:339,0.4511582553
P:1164,P:501,0.4475172162
P:1164,P:751,0.4511847794
P:1165,P:37,0.6904440522
P:1165,P:405,0.6811631322
P:1165,P:406,0.6905341148
P:1165,P:464,0.6791467071
P:1165,P:653,0.6819957495
P:1166,P:1437,0.7403336167
P:1166,P:1659,0.7354499698
P:1166,P:406,0.7511127591
P:1166,P:407,0.7508712411
P:1166,P:654,0.7369757891
P:1167,P:1255,0.8461184502
P:1167,P:1291,0.8349269629
P:1167,P:1801,0.8410897851
P:1167,P:407,0.8474874496
P:1167,P:728,0.8401562572
P:1168,P:1169,0.4842055142
P:1168,P:1176,0.4845540822
P:1168,P:2318,0.4833917618
P:1168,P:277,0.4854160845
P:1168,P:2883,0.4797576666
P:1169,P:1107,0.7201501727
P:1169,P:1749,0.7148590088
P:1169,P:1926,0.7157294154
P:1169,P:1951,0.7159892917
P:1169,P:579,0.7143775821
P:117,P:1157,0.5436509252
P:117,P:118,0.5427032709
P:117,P:1417,0.5388752222
P:117,P:2331,0.5424303412
P:117,P:801,0.5425180197
P:1170,P:1476,0.8893864751
P:1170,P:1500,0.8785107136
P:1170,P:1852,0.8738647103
P:1170,P:1951,0.8849873543
P:1170,P:2336,0.865655005
P:1171,P:203,0.5287256241
P:1171,P:208,0.5330550671
P:1171,P:2339,0.5314263701
P:1171,P:292,0.5301631093
P:1171,P:402,0.5311813354
P:1172,P:1258,0.5955203176
P:1172,P:1710,0.595261991
P:1172,P:2758,0.595808208
P:1172,P:450,0.5943808556
P:1172,P:648,0.5945805907
P:1173,P:1896,0.8186476231
P:1173,P:2000,0.8242061138
P:1173,P:2039,0.8173385859
P:1173,P:2635,0.8191251159
P:1173,P:451,0.8191074729
P:1174,P:1339,0.5036423802
P:1174,P:1461,0.507166326
P:1174,P:2163,0.5064944625
P:1174,P:240,0.5198458433
P:1174,P:2815,0.5076239109
P:1175,P:1176,0.5345848203
P:1175,P:1710,0.5346096754
P:1175,P:1715,0.5336843133
P:1175,P:2470,0.5318515301
P:1175,P:2758,0.5334794521
P:1176,P:1259,0.7175725102
P:1176,P:1479,0.7185879946
P:1176,P:1711,0.717592597
P:1176,P:2000,0.7239067554
P:1176,P:2759,0.7204697728
P:1177,P:1398,0.8494406343
P:1177,P:1951,0.8504697084
P:1177,P:2644,0.8506830335
P:1177,P:2871,0.8495959044
P:1177,P:984,0.855856359
P:1178,P:1179,0.4377031028
P:1178,P:1314,0.4432783425
P:1178,P:2538,0.4406199455
P:1178,P:265,0.4385619462
P:1178,P:85,0.4465048015
P:1179,P:174,0.6247631311
P:1179,P:354,0.6238728166
P:1179,P:761,0.6235093474
P:1179,P:778,0.6276801825
P:1179,P:86,0.6286543608
P:118,P:1157,0.746318996
P:118,P:1761,0.7472912669
P:118,P:213,0.7494530082
P:118,P:2536,0.7462034822
P:1180,P:1181,0.7248194814
P:1180,P:1291,0.7300243378
P:1180,P:1316,0.7271261215
P:1180,P:1437,0.719833374
P:1180,P:2540,0.7201943994
P:1181,P:1291,0.878649652
P:1181,P:1316,0.868164897
P:1181,P:1533,0.8636283875
P:1181,P:2393,0.8649390936
P:1182,P:1113,0.5297293663
P:1182,P:1513,0.5314418077
P:1182,P:2085,0.5301627517
P:1182,P:2136,0.53067559
P:1182,P:2419,0.5292677879
P:1183,P:1951,0.7794380188
P:1183,P:2584,0.7807915807
P:1183,P:2621,0.7810616493
P:1183,P:618,0.7926766276
P:1184,P:1248,0.5170534253
P:1184,P:1935,0.5151762962
P:1184,P:240,0.5266291499
P:1184,P:2575,0.5208634734
P:1184,P:2815,0.5156515241
P:1185,P:1611,0.5188564062
P:1185,P:493,0.5173814297
P:1185,P:517,0.5190707445
P:1185,P:652,0.5128993392
P:1185,P:76,0.516926229
P:1186,P:1262,0.7010160685
P:1186,P:1972,0.7027401328
P:1186,P:2456,0.7009391189
P:1186,P:2677,0.7046743631
P:1186,P:891,0.705915153
P:1187,P:1221,0.81206429
P:1187,P:1659,0.8111590743
P:1187,P:2118,0.8088985085
P:1187,P:2189,0.809474051
P:1187,P:654,0.8116985559
P:1188,P:1221,0.824988544
P:1188,P:1374,0.8186563253
P:1188,P:2117,0.8204011321
P:1188,P:2346,0.8166999221
P:1188,P:2499,0.8155428767
P:1189,P:1339,0.5063683987
P:1189,P:1461,0.5106409192
P:1189,P:2163,0.5080366731
P:1189,P:240,0.5176472068
P:1189,P:2815,0.5078938007
P:119,P:1042,0.5228565931
P:119,P:1044,0.5215253234
P:119,P:1903,0.527402699
P:119,P:2055,0.5229007006
P:119,P:74,0.5223674178
P:1190,P:1461,0.5165592432
P:1190,P:1529,0.513094306
P:1190,P:2163,0.5119256377
P:1190,P:240,0.5277832747
P:1190,P:2815,0.5166751146
P:1191,P:1484,0.5367953777
P:1191,P:208,0.5357657075
P:1191,P:2100,0.5340097547
P:1191,P:2339,0.534658432
P:1191,P:402,0.5366111994
P:1192,P:1258,0.5757249594
P:1192,P:2758,0.5761828423
P:1192,P:2913,0.5773022771
P:1192,P:450,0.5761905909
P:1192,P:648,0.5780473948
P:1193,P:1896,0.8111320138
P:1193,P:2000,0.8163926005
P:1193,P:2039,0.8113834262
P:1193,P:2603,0.8131160736
P:1193,P:2635,0.8130218387
P:1194,P:1903,0.5248402357
P:1194,P:2055,0.5225554109
P:1194,P:2278,0.5174008012
P:1194,P:74,0.5203897953
P:1194,P:961,0.5190655589
P:1195,P:1935,0.5300029516
P:1195,P:2163,0.5296836495
P:1195,P:240,0.5323982239
P:1195,P:2575,0.530780375
P:1195,P:354,0.5290628076
P:1196,P:1197,0.5358233452
P:1196,P:1417,0.5355317593
P:1196,P:2331,0.5383478403
P:1196,P:2661,0.5326163769
P:1196,P:481,0.5383862257
P:1197,P:1761,0.7394041419
P:1197,P:213,0.7387951612
P:1197,P:2536,0.7365892529
P:1197,P:481,0.7416115403
P:1197,P:802,0.7365905046
P:1198,P:1204,0.548881948
P:1198,P:1228,0.5477340221
P:1198,P:2124,0.5496993661
P:1198,P:2155,0.5506324172
P:1198,P:575,0.5480976105
P:1199,P:1201,0.7212455869
P:1199,P:1913,0.7185554504
P:1199,P:1977,0.7213311791
P:1199,P:747,0.7185944915
P:1199,P:913,0.719142735
P:12,P:1415,0.5018312335
P:12,P:1461,0.5029389858
P:12,P:240,0.5204811692
P:12,P:2815,0.507910192
P:12,P:344,0.5015575886
P:120,P:1611,0.4744565785
P:120,P:2942,0.4753699899
P:120,P:501,0.4764126837
P:120,P:652,0.4761052728
P:120,P:751,0.4785758853
P:1200,P:1201,0.7624505162
P:1200,P:1977,0.7630031109
P:1200,P:747,0.7607676387
P:1200,P:913,0.7603777051
P:1200,P:984,0.7619187236
P:1201,P:1230,0.8522274494
P:1201,P:1476,0.8576378226
P:1201,P:1951,0.85532552
P:1201,P:747,0.8522264957
P:1201,P:984,0.8539748788
P:1202,P:1259,0.6186726689
P:1202,P:1479,0.6217463017
P:1202,P:1711,0.6187368631
P:1202,P:1716,0.6199589968
P:1202,P:1717,0.6182826161
P:1203,P:1204,0.5454529524
P:1203,P:2124,0.5422475338
P:1203,P:2155,0.544018507
P:1203,P:232,0.5437737703
P:1203,P:575,0.5428893566
P:1204,P:1201,0.7247889042
P:1204,P:1913,0.726610899
P:1204,P:1977,0.7258457541
P:1204,P:2049,0.7241646647
P:1204,P:747,0.7249616385
P:1205,P:1230,0.8519508839
P:1205,P:1406,0.852935195
P:1205,P:1476,0.8705016971
P:1205,P:1951,0.8638781309
P:1205,P:747,0.8520266414
P:1206,P:2000,0.8464625478
P:1206,P:2603,0.8491760492
P:1206,P:2635,0.8532007337
P:1206,P:2771,0.8488215208
P:1206,P:2871,0.8509373665
P:1207,P:1228,0.5299817324
P:1207,P:2124,0.5286500454
P:1207,P:2155,0.5291183591
P:1207,P:575,0.5289869308
P:1207,P:763,0.5302525759
P:1208,P:1913,0.709683001
P:1208,P:2567,0.7031552792
P:1208,P:2579,0.7037701011
P:1208,P:2640,0.7036542296
P:1208,P:746,0.702251792
P:1209,P:1520,0.7580699921
P:1209,P:1951,0.7599509954
P:1209,P:2156,0.7573972344
P:1209,P:747,0.7626024485
P:1209,P:765,0.7572738528
P:121,P:1274,0.69584167
P:121,P:1311,0.6926787496
P:121,P:1614,0.693580091
P:121,P:2346,0.7028436065
P:121,P:2862,0.6928704381
P:1210,P:1230,0.8511711955
P:1210,P:1406,0.8511148691
P:1210,P:1476,0.8668217063
P:1210,P:1951,0.8636904359
P:1210,P:747,0.8513633013
P:1211,P:1040,0.5145565867
P:1211,P:1704,0.5143580437
P:1211,P:1753,0.5160014629
P:1211,P:1877,0.5143063068
P:1211,P:2970,0.5159718394
P:1212,P:1213,0.5546424985
P:1212,P:1720,0.5601542592
P:1212,P:1986,0.5546392202
P:1212,P:2424,0.5539339781
P:1212,P:2661,0.5582621694
P:1213,P:2222,0.7444201112
P:1213,P:2573,0.7389464378
P:1213,P:2662,0.7376258373
P:1213,P:2823,0.7409594059
P:1213,P:847,0.7436850071
P:1214,P:1853,0.8424812555
P:1214,P:2238,0.8412981629
P:1214,P:422,0.8657630086
P:1214,P:969,0.8540570736
P:1215,P:1903,0.5195572376
P:1215,P:2055,0.5217959881
P:1215,P:2100,0.5142776966
P:1215,P:2265,0.5150526166
P:1215,P:2278,0.516143024
P:1216,P:1903,0.5020217299
P:1216,P:2055,0.5020951033
P:1216,P:2278,0.4980667233
P:1216,P:74,0.4989556372
P:1216,P:961,0.5002290606
P:1217,P:1069,0.5492743254
P:1217,P:1262,0.5437284112
P:1217,P:1400,0.5455837846
P:1217,P:292,0.547131598
P:1217,P:936,0.5463300347
P:1218,P:1611,0.5073145032
P:1218,P:1983,0.5065193772
P:1218,P:339,0.5091387033
P:1218,P:493,0.5129560232
P:1218,P:517,0.5156353712
P:1219,P:1311,0.6955083013
P:1219,P:1983,0.6947960854
P:1219,P:464,0.6955736876
P:1219,P:495,0.6903988123
P:1219,P:496,0.6900775433
P:122,P:1255,0.8457766175
P:122,P:1801,0.8354987502
P:122,P:38,0.8369051218
P:122,P:407,0.8430718184
P:122,P:728,0.836442709
P:1220,P:101,0.752289772
P:1220,P:1221,0.7630357146
P:1220,P:1311,0.7548182011
P:1220,P:2346,0.7563707232
P:1220,P:654,0.7508502603
P:1221,P:1533,0.866337359
P:1221,P:1957,0.8646109104
P:1221,P:2499,0.8651171327
P:1221,P:654,0.8628412485
P:1222,P:1440,0.4934062958
P:1222,P:1484,0.4943024814
P:1222,P:2055,0.4965034127
P:1222,P:2100,0.4935437143
P:1222,P:2278,0.4921433926
P:1223,P:1113,0.5182177424
P:1223,P:1513,0.5197108984
P:1223,P:1903,0.5189137459
P:1223,P:2136,0.5192734003
P:1223,P:74,0.5190720558
P:1224,P:1069,0.5554420948
P:1224,P:1400,0.5542920232
P:1224,P:1560,0.5602680445
P:1224,P:208,0.5566557646
P:1224,P:936,0.5554975271
P:1225,P:1484,0.5143470168
P:1225,P:208,0.5182112455
P:1225,P:2339,0.5157166123
P:1225,P:402,0.5144519806
P:1225,P:620,0.5147935152
P:1226,P:1913,0.5673476458
P:1226,P:2567,0.5667957067
P:1226,P:2579,0.5722065568
P:1226,P:2640,0.570536077
P:1226,P:2748,0.5671892166
P:1227,P:1228,0.5441194177
P:1227,P:2124,0.5402027369
P:1227,P:2155,0.5437318087
P:1227,P:330,0.5390121937
P:1227,P:575,0.5410145521
P:1228,P:1913,0.7342876792
P:1228,P:2567,0.7280983925
P:1228,P:2579,0.7276101708
P:1228,P:2640,0.7287585735
P:1228,P:747,0.7256597877
P:1229,P:1201,0.7532292604
P:1229,P:1520,0.752669096
P:1229,P:1977,0.7535865903
P:1229,P:2156,0.7521444559
P:1229,P:747,0.7559068799
P:123,P:1374,0.8552613258
P:123,P:1533,0.8588052392
P:123,P:2370,0.847877264
P:123,P:49,0.8480894566
P:123,P:569,0.8521966934
P:1230,P:1406,0.8626042008
P:1230,P:1476,0.8787261248
P:1230,P:1951,0.8743336797
P:1230,P:263,0.8616115451
P:1231,P:1491,0.4961426258
P:1231,P:1738,0.4959974289
P:1231,P:208,0.4969142377
P:1231,P:2260,0.4949564636
P:1231,P:2339,0.5013150573
P:1232,P:1311,0.7082064748
P:1232,P:2070,0.7118173242
P:1232,P:2170,0.7084498405
P:1232,P:2339,0.7102124691
P:1232,P:2346,0.7098181844
P:1233,P:2053,0.8451155424
P:1233,P:2396,0.8537600636
P:1233,P:2607,0.8463500142
P:1233,P:742,0.8490993977
P:1234,P:1022,0.8656591773
P:1234,P:1533,0.870821476
P:1234,P:2607,0.868704319
P:1234,P:49,0.865359664
P:1234,P:569,0.8690904975
P:1235,P:1236,0.4565074444
P:1235,P:1385,0.4550620019
P:1235,P:1563,0.4479983747
P:1235,P:1868,0.4514729381
P:1235,P:711,0.4632729888
P:1236,P:1563,0.6816695333
P:1236,P:1859,0.6934697032
P:1236,P:711,0.6688064337
P:1236,P:713,0.676240623
P:1237,P:1057,0.864215374
P:1237,P:1860,0.8615680933
P:1237,P:2584,0.8717011809
P:1237,P:485,0.8655426502
P:1237,P:714,0.8578792214
P:1238,P:1042,0.49163872
P:1238,P:1555,0.4917084873
P:1238,P:2482,0.4923886061
P:1238,P:2487,0.4947313368
P:1238,P:2817,0.4931339622
P:1239,P:1903,0.7228193283
P:1239,P:1928,0.7311037779
P:1239,P:2817,0.724511981
P:1239,P:564,0.7264956236
P:1239,P:783,0.7226698995
P:124,P:1042,0.5031493306
P:124,P:1044,0.5003029704
P:124,P:1903,0.5056507587
P:124,P:2136,0.5014638305
P:124,P:74,0.5025692582
P:1240,P:1481,0.4245410562
P:1240,P:1486,0.4262007475
P:1240,P:162,0.4249252081
P:1240,P:2501,0.4252540767
P:1240,P:825,0.4277740121
P:1241,P:1481,0.674230814
P:1241,P:1859,0.6814098358
P:1241,P:484,0.6776085496
P:1241,P:713,0.6755068898
P:1242,P:1057,0.9072112441
P:1242,P:1570,0.9001838565
P:1242,P:2584,0.9272553325
P:1242,P:485,0.9197306633
P:1243,P:1244,0.4706785977
P:1243,P:1421,0.4688408375
P:1243,P:1646,0.4693217278
P:1243,P:2270,0.4681000113
P:1243,P:2452,0.4742404521
P:1244,P:2070,0.6948968172
P:1244,P:2170,0.6940487027
P:1244,P:2270,0.6959601045
P:1244,P:2339,0.6944133043
P:1244,P:786,0.6955316067
P:1245,P:1022,0.8405591249
P:1245,P:1533,0.8372802734
P:1245,P:2607,0.8382186294
P:1245,P:49,0.8375695944
P:1245,P:569,0.8397788405
P:1246,P:2176,0.8527142406
P:1246,P:2370,0.8577983379
P:1246,P:2499,0.848521471
P:1246,P:2511,0.8511860371
P:1246,P:254,0.8531652093
P:1247,P:1537,0.4539083242
P:1247,P:1932,0.4438939095
P:1247,P:2096,0.4381602407
P:1247,P:334,0.4422283471
P:1247,P:694,0.4378499091
P:1248,P:1038,0.7911949158
P:1248,P:1291,0.7883784771
P:1248,P:1316,0.7873606682
P:1248,P:2540,0.7855592966
P:1248,P:624,0.7848799825
P:1249,P:1440,0.5209896564
P:1249,P:1484,0.5208227038
P:1249,P:2055,0.5253680944
P:1249,P:2100,0.5211209655
P:1249,P:2278,0.5209542513
P:125,P:1069,0.517305851
P:125,P:208,0.5165946484
P:125,P:2145,0.5148953199
P:125,P:292,0.5222056508
P:125,P:936,0.5211884379
P:1250,P:1248,0.494900614
P:1250,P:1935,0.4927588701
P:1250,P:240,0.5038648248
P:1250,P:2575,0.4982661009
P:1250,P:2815,0.4907892346
P:1251,P:1339,0.4955663085
P:1251,P:1461,0.4996363819
P:1251,P:1529,0.4936764836
P:1251,P:240,0.5066164732
P:1251,P:2815,0.4978666902
P:1252,P:1308,0.4805025756
P:1252,P:2051,0.4810413718
P:1252,P:2545,0.4779708683
P:1252,P:339,0.4829087257
P:1252,P:350,0.4796916246
P:1253,P:1983,0.6925423741
P:1253,P:37,0.691218257
P:1253,P:406,0.6872345209
P:1253,P:464,0.7016614676
P:1253,P:495,0.6942437291
P:1254,P:1255,0.7453463674
P:1254,P:2053,0.74567312
P:1254,P:38,0.7421674728
P:1254,P:407,0.7461020947
P:1255,P:1291,0.8730396628
P:1255,P:1316,0.8702894449
P:1255,P:38,0.8696130514
P:1255,P:407,0.877289176
P:1256,P:1042,0.5244568586
P:1256,P:1044,0.5225108266
P:1256,P:1903,0.5311024785
P:1256,P:2055,0.5234567523
P:1256,P:74,0.5263121128
P:1257,P:1258,0.5715088844
P:1257,P:1710,0.5702086091
P:1257,P:2913,0.571184814
P:1257,P:450,0.570705533
P:1257,P:648,0.570305407
P:1258,P:1479,0.7488492727
P:1258,P:1711,0.7474880815
P:1258,P:1716,0.7456120849
P:1258,P:2000,0.74795717
P:1258,P:2759,0.7473099232
P:1259,P:1101,0.8546209931
P:1259,P:1456,0.8534634113
P:1259,P:1716,0.852469027
P:1259,P:2000,0.8540781736
P:1259,P:2603,0.8551799059
P:126,P:1248,0.521469295
P:126,P:1935,0.5216065049
P:126,P:240,0.5216807723
P:126,P:2575,0.5232480764
P:126,P:778,0.5181667805
P:1260,P:1415,0.4833363295
P:1260,P:1461,0.4855293036
P:1260,P:240,0.4991146028
P:1260,P:2815,0.4878163934
P:1260,P:2836,0.4836096168
P:1261,P:1069,0.5356094241
P:1261,P:1262,0.535610795
P:1261,P:203,0.5331914425
P:1261,P:2876,0.5330241919
P:1261,P:366,0.5341923833
P:1262,P:1069,0.7772063613
P:1262,P:1614,0.7836636305
P:1262,P:2346,0.7804446816
P:1262,P:314,0.7790321112
P:1262,P:78,0.7762704492
P:1263,P:1248,0.5254512429
P:1263,P:1935,0.5222750306
P:1263,P:240,0.5245939493
P:1263,P:2575,0.5266385078
P:1263,P:896,0.5198625922
P:1264,P:1538,0.5343251228
P:1264,P:208,0.5381066203
P:1264,P:2339,0.5344497561
P:1264,P:292,0.5364044309
P:1264,P:936,0.5349458456
P:1265,P:1385,0.4381760955
P:1265,P:1824,0.4346758425
P:1265,P:2367,0.4350250661
P:1265,P:2459,0.4357408881
P:1265,P:2562,0.4362937808
P:1266,P:1021,0.6456761956
P:1266,P:180,0.6440343857
P:1266,P:2452,0.6457384229
P:1266,P:47,0.6493690014
P:1266,P:568,0.6438762546
P:1267,P:1022,0.6803119183
P:1267,P:150,0.6800158024
P:1267,P:1533,0.6838712692
P:1267,P:244,0.6776061058
P:1267,P:2607,0.6883508563
P:1268,P:1057,0.8190488219
P:1268,P:2565,0.8072018623
P:1268,P:2584,0.8189424276
P:1268,P:2607,0.8065633178
P:1268,P:485,0.8023074269
P:1269,P:1057,0.8961310983
P:1269,P:150,0.8811815381
P:1269,P:1570,0.8812345266
P:1269,P:2584,0.891461134
P:1269,P:2607,0.8882602453
P:127,P:1461,0.5147768855
P:127,P:1529,0.5113604665
P:127,P:2211,0.5103446245
P:127,P:240,0.521543622
P:127,P:2815,0.5142739415
P:1270,P:1913,0.5831234455
P:1270,P:2359,0.5821256042
P:1270,P:2640,0.5854558945
P:1270,P:2958,0.582647264
P:1270,P:863,0.5806837678
P:1271,P:1272,0.4745162427
P:1271,P:1308,0.4766205251
P:1271,P:1558,0.472420305
P:1271,P:2262,0.4734208584
P:1271,P:751,0.474468261
P:1272,P:2346,0.6943337321
P:1272,P:2498,0.6986072063
P:1272,P:253,0.694904983
P:1272,P:405,0.6916974187
P:1273,P:1274,0.767272234
P:1273,P:1291,0.7702047229
P:1273,P:1533,0.7671424747
P:1273,P:2499,0.7729747295
P:1273,P:654,0.7674692273
P:1274,P:1533,0.8964571953
P:1274,P:244,0.8872478604
P:1274,P:2607,0.8881738782
P:1274,P:852,0.881121397
P:1275,P:1434,0.4387049973
P:1275,P:1537,0.4306514859
P:1275,P:1656,0.4332176745
P:1275,P:2538,0.4406319559
P:1275,P:85,0.4328041673
P:1276,P:1309,0.6016431451
P:1276,P:1314,0.6037905812
P:1276,P:1315,0.6038650274
P:1276,P:1449,0.6055825353
P:1276,P:587,0.6061350107
P:1277,P:1181,0.7189700007
P:1277,P:1291,0.7246618271
P:1277,P:1316,0.7191615105
P:1277,P:1437,0.7231070995
P:1277,P:2540,0.7195845842
P:1278,P:1181,0.8450363874
P:1278,P:1291,0.8545511365
P:1278,P:1316,0.8430089951
P:1278,P:1560,0.8411233425
P:1278,P:407,0.8418102264
P:1279,P:1107,0.4964026213
P:1279,P:1704,0.4953781664
P:1279,P:2296,0.4963250458
P:1279,P:2468,0.4976182878
P:1279,P:2756,0.4973145127
P:128,P:1042,0.5100572109
P:128,P:1903,0.5164670348
P:128,P:2055,0.5147038102
P:128,P:564,0.5102513433
P:128,P:74,0.5110965371
P:1280,P:1570,0.8123725057
P:1280,P:1748,0.8128100038
P:1280,P:2413,0.8199557662
P:1280,P:300,0.8163043857
P:1280,P:422,0.8144176602
P:1281,P:1282,0.5083376169
P:1281,P:1513,0.5087612867
P:1281,P:2085,0.5096622705
P:1281,P:2136,0.5123101473
P:1281,P:2834,0.5090463161
P:1282,P:1513,0.746680975
P:1282,P:2626,0.7430590987
P:1282,P:323,0.7430464029
P:1282,P:683,0.7433890104
P:1282,P:74,0.7420167327
P:1283,P:1983,0.5065758228
P:1283,P:2051,0.5088387728
P:1283,P:2545,0.5000994802
P:1283,P:464,0.5050538778
P:1283,P:58,0.5001693368
P:1284,P:1069,0.706915915
P:1284,P:1311,0.7192578316
P:1284,P:1684,0.707641542
P:1284,P:2346,0.7103685141
P:1284,P:416,0.7071667314
P:1285,P:1274,0.8388361335
P:1285,P:1311,0.8380173445
P:1285,P:1533,0.843291223
P:1285,P:1957,0.8362689018
P:1285,P:852,0.8367190957
P:1286,P:1042,0.5088368058
P:1286,P:1044,0.5079294443
P:1286,P:1903,0.514089644
P:1286,P:2055,0.5084285736
P:1286,P:74,0.5092130303
P:1287,P:1288,0.4426578581
P:1287,P:1314,0.4421883821
P:1287,P:1434,0.4436750114
P:1287,P:2538,0.446603924
P:1287,P:85,0.4464779496
P:1288,P:1314,0.6093102098
P:1288,P:1833,0.6110365987
P:1288,P:343,0.6022617817
P:1288,P:85,0.6024703979
P:1288,P:895,0.6019297242
P:1289,P:1315,0.6683564186
P:1289,P:1316,0.6748139262
P:1289,P:1575,0.6675410867
P:1289,P:1834,0.6744020581
P:129,P:1860,0.5190597773
P:129,P:1903,0.5218266249
P:129,P:2055,0.5231346488
P:129,P:2278,0.5205972195
P:129,P:961,0.5221275687
P:1290,P:1181,0.7213935852
P:1290,P:1291,0.732996285
P:1290,P:1316,0.730060637
P:1290,P:2540,0.7197483182
P:1291,P:1181,0.878649652
P:1291,P:1316,0.8858444691
P:1291,P:827,0.8813661933
P:1291,P:828,0.8757985234
P:1292,P:1204,0.5483046174
P:1292,P:1893,0.5501419306
P:1292,P:2124,0.5455013514
P:1292,P:232,0.5485907793
P:1292,P:450,0.5475959778
P:1293,P:1896,0.7089889646
P:1293,P:2000,0.713529706
P:1293,P:2630,0.7101825476
P:1293,P:451,0.7101538777
P:1293,P:839,0.7119212747
P:1294,P:1177,0.7537680864
P:1294,P:1295,0.75286448
P:1294,P:2644,0.7531419992
P:1294,P:913,0.7542866468
P:1294,P:984,0.7567291856
P:1295,P:1398,0.8496972322
P:1295,P:1476,0.8507977128
P:1295,P:1951,0.8507043123
P:1295,P:2552,0.8483802676
P:1295,P:984,0.85527426
P:1296,P:1390,0.4871911108
P:1296,P:1449,0.4720879197
P:1296,P:1508,0.4788459837
P:1296,P:2066,0.468120873
P:1296,P:351,0.4635185301
P:1297,P:1760,0.531637013
P:1297,P:1990,0.550341785
P:1297,P:420,0.5275424719
P:1297,P:421,0.5255813003
P:1297,P:968,0.5264838338
P:1298,P:164,0.8176425099
P:1298,P:1809,0.8154956102
P:1298,P:2009,0.8148442507
P:1298,P:2684,0.8182573915
P:1298,P:2955,0.8149881363
P:1299,P:1546,0.5208656192
P:1299,P:1829,0.520899713
P:1299,P:2100,0.5198761821
P:1299,P:2482,0.5208386183
P:1299,P:2817,0.5227042437
P:13,P:14,0.4552313387
P:13,P:162,0.4593575299
P:13,P:2,0.4521223605
P:13,P:2395,0.4533145428
P:13,P:2605,0.4509533942
P:130,P:1109,0.5386675596
P:130,P:1893,0.5426245928
P:130,P:1997,0.5391035676
P:130,P:232,0.5422412157
P:130,P:450,0.5440855622
P:1300,P:1022,0.7571091056
P:1300,P:1647,0.7559227347
P:1300,P:182,0.7552184463
P:1300,P:1928,0.7602995634
P:1300,P:569,0.7555938959
P:1301,P:208,0.5246669054
P:1301,P:2145,0.5215573907
P:1301,P:2339,0.522805512
P:1301,P:292,0.5219689608
P:1301,P:402,0.5208166838
P:1302,P:1600,0.5439697504
P:1302,P:1604,0.5458192825
P:1302,P:2661,0.5402039289
P:1302,P:2697,0.5422685742
P:1302,P:2812,0.5403293371
P:1303,P:1380,0.789065659
P:1303,P:2025,0.7704495192
P:1303,P:2238,0.7828024626
P:1303,P:2671,0.768250227
P:1303,P:2780,0.7719392776
P:1304,P:1403,0.4977267087
P:1304,P:1473,0.4953854084
P:1304,P:224,0.4971408546
P:1304,P:2838,0.4970713854
P:1304,P:763,0.5013369322
P:1305,P:1331,0.6946110725
P:1305,P:1475,0.6980059147
P:1305,P:1951,0.6938205361
P:1305,P:2063,0.7044119835
P:1306,P:1476,0.9029905796
P:1306,P:1852,0.8971970081
P:1306,P:1951,0.8920859694
P:1306,P:282,0.8830791116
P:1306,P:360,0.8827211857
P:1307,P:1308,0.506993413
P:1307,P:2776,0.5032542348
P:1307,P:339,0.5090246797
P:1307,P:493,0.500495851
P:1307,P:517,0.5001009703
P:1308,P:1390,0.6992502809
P:1308,P:2776,0.6872621179
P:1308,P:406,0.6872032285
P:1308,P:464,0.6970434189
P:1309,P:1291,0.7166742682
P:1309,P:1316,0.721195519
P:1309,P:1437,0.7159516215
P:1309,P:2540,0.7162001729
P:1309,P:407,0.7180711031
P:131,P:1259,0.7194322944
P:131,P:2000,0.7258422971
P:131,P:2759,0.7215198874
P:131,P:451,0.7202347517
P:131,P:839,0.7202741504
P:1310,P:1181,0.7778027654
P:1310,P:1221,0.7756368518
P:1310,P:1291,0.7796427608
P:1310,P:1311,0.7778636217
P:1310,P:1659,0.7749698162
P:1311,P:1274,0.8633577228
P:1311,P:1533,0.8655251861
P:1311,P:1957,0.8675045967
P:1311,P:852,0.8586078286
P:1312,P:1440,0.5204781294
P:1312,P:1484,0.5202510953
P:1312,P:1885,0.518093586
P:1312,P:2100,0.5208694935
P:1312,P:402,0.5199640989
P:1313,P:1288,0.4655020237
P:1313,P:1314,0.4736381471
P:1313,P:1833,0.4708020389
P:1313,P:85,0.4780086875
P:1313,P:895,0.4666491151
P:1314,P:1449,0.6394230723
P:1314,P:1833,0.6418130398
P:1314,P:2067,0.6380277276
P:1314,P:351,0.6369431019
P:1315,P:1255,0.6907216907
P:1315,P:1291,0.6984521151
P:1315,P:1316,0.7084361315
P:1315,P:2540,0.6900077462
P:1316,P:1181,0.868164897
P:1316,P:1255,0.8702894449
P:1316,P:1291,0.8858444691
P:1316,P:827,0.8721684813
P:1317,P:1069,0.5518299937
P:1317,P:1262,0.545122087
P:1317,P:203,0.5465500951
P:1317,P:208,0.5450125337
P:1317,P:936,0.5471097231
P:1318,P:1875,0.4313766956
P:1318,P:2191,0.4388482571
P:1318,P:298,0.4360833764
P:1318,P:453,0.43572855
P:1318,P:581,0.4322267175
P:1319,P:1054,0.4813469946
P:1319,P:224,0.4927685559
P:1319,P:2251,0.4846339822
P:1319,P:2620,0.4837536514
P:1319,P:2714,0.4849418402
P:132,P:1456,0.751834929
P:132,P:1896,0.7517434359
P:132,P:2000,0.7595617175
P:132,P:2603,0.7528290749
P:132,P:2759,0.7524370551
P:1320,P:1321,0.6887403131
P:1320,P:1570,0.689422369
P:1320,P:1951,0.6941757798
P:1320,P:2626,0.6891560555
P:1320,P:583,0.6893229485
P:1321,P:1570,0.8984639049
P:1321,P:1951,0.8798391223
P:1321,P:2584,0.8889064789
P:1321,P:282,0.884480238
P:1321,P:618,0.88234061
P:1322,P:1054,0.4519057274
P:1322,P:1323,0.4513771832
P:1322,P:224,0.4518526196
P:1322,P:2251,0.4529517889
P:1322,P:2889,0.4586958885
P:1323,P:1055,0.6520926952
P:1323,P:1331,0.6552719474
P:1323,P:1859,0.6527629495
P:1323,P:2889,0.6502227187
P:1323,P:380,0.656840086
P:1324,P:1056,0.739582181
P:1324,P:1057,0.7541325688
P:1324,P:1860,0.7397781014
P:1324,P:2584,0.7539585829
P:1324,P:381,0.7423603535
P:1325,P:1057,0.9567556977
P:1325,P:1852,0.9236232042
P:1325,P:2584,0.948477149
P:1325,P:282,0.9285220504
P:1326,P:1069,0.5564439893
P:1326,P:1400,0.5552119017
P:1326,P:292,0.5552751422
P:1326,P:314,0.5538440347
P:1326,P:936,0.5545290709
P:1327,P:1042,0.5054239035
P:1327,P:1328,0.5055702925
P:1327,P:1829,0.5079487562
P:1327,P:2482,0.5056835413
P:1327,P:2714,0.5053206682
P:1328,P:1014,0.7456068993
P:1328,P:1903,0.7420734167
P:1328,P:1928,0.7499438524
P:1328,P:2715,0.7424881458
P:1328,P:783,0.7422356009
P:1329,P:1440,0.5331398249
P:1329,P:1484,0.5296699405
P:1329,P:2055,0.5329922438
P:1329,P:2100,0.5316801667
P:1329,P:2278,0.5314330459
P:133,P:1101,0.8530725837
P:133,P:1456,0.8529160023
P:133,P:2000,0.8552622795
P:133,P:2603,0.856164217
P:133,P:2635,0.8519791961
P:1330,P:1331,0.5023453832
P:1330,P:1643,0.5007382035
P:1330,P:224,0.504905045
P:1330,P:2251,0.5000161529
P:1330,P:763,0.499635309
P:1331,P:2063,0.7204774022
P:1331,P:2579,0.7044641972
P:1331,P:2987,0.7053765059
P:1331,P:359,0.7034161091
P:1332,P:1057,0.8944857717
P:1332,P:1476,0.9030154347
P:1332,P:1852,0.8983036876
P:1332,P:1951,0.8939248919
P:1332,P:282,0.8927659988
P:1333,P:1069,0.5275518894
P:1333,P:1400,0.5256048441
P:1333,P:208,0.5287728906
P:1333,P:292,0.5274318457
P:1333,P:936,0.5271780491
P:1334,P:1032,0.5056602955
P:1334,P:1335,0.506233573
P:1334,P:1751,0.5115511417
P:1334,P:2085,0.5126335621
P:1334,P:2866,0.5080634356
P:1335,P:1513,0.7455333471
P:1335,P:1951,0.7406004071
P:1335,P:2579,0.7465804219
P:1335,P:323,0.7408878207
P:1335,P:395,0.7391902804
P:1336,P:1042,0.5354637504
P:1336,P:1044,0.5353512168
P:1336,P:1903,0.5423647165
P:1336,P:2055,0.5409334302
P:1336,P:74,0.5341075063
P:1337,P:1069,0.5589863062
P:1337,P:1262,0.5546402931
P:1337,P:1614,0.5538758636
P:1337,P:292,0.5555949211
P:1337,P:936,0.5566353202
P:1338,P:1159,0.4673624635
P:1338,P:1339,0.4649412632
P:1338,P:2465,0.4656350017
P:1338,P:286,0.4649407864
P:1338,P:2970,0.4666395783
P:1339,P:1086,0.737246573
P:1339,P:1461,0.7443971634
P:1339,P:1529,0.737480104
P:1339,P:1592,0.7297577262
P:1339,P:2211,0.7348657846
P:134,P:1913,0.5729273558
P:134,P:2049,0.571503222
P:134,P:2359,0.5730330944
P:134,P:2640,0.5753720999
P:134,P:2958,0.573497057
P:1340,P:1479,0.6106988192
P:1340,P:1711,0.6077628136
P:1340,P:1716,0.6094740033
P:1340,P:1717,0.607850194
P:1340,P:2937,0.6080649495
P:1341,P:1342,0.4642340839
P:1341,P:1935,0.461676985
P:1341,P:2815,0.457732141
P:1341,P:2916,0.4579696357
P:1341,P:778,0.4589552581
P:1342,P:1086,0.7335278988
P:1342,P:1529,0.7298340201
P:1342,P:1592,0.730579257
P:1342,P:2575,0.7283335924
P:1342,P:390,0.7359130383
P:1343,P:1069,0.5490134954
P:1343,P:1262,0.5450332165
P:1343,P:203,0.5424960852
P:1343,P:292,0.5487481952
P:1343,P:936,0.5500693917
P:1344,P:1259,0.6185154319
P:1344,P:1479,0.6218363643
P:1344,P:1711,0.6197410822
P:1344,P:1716,0.6199425459
P:1344,P:1717,0.618786633
P:1345,P:1390,0.5004022717
P:1345,P:1449,0.5064319372
P:1345,P:2776,0.4984639287
P:1345,P:350,0.4987061024
P:1345,P:798,0.5003631711
P:1346,P:2522,0.537325263
P:1346,P:2707,0.5335473418
P:1346,P:2776,0.5342122912
P:1346,P:340,0.5296958089
P:1346,P:350,0.5330204964
P:1347,P:1255,0.8050840497
P:1347,P:1801,0.8091822267
P:1347,P:38,0.8052223921
P:1347,P:407,0.817991972
P:1347,P:954,0.8047446609
P:1348,P:1349,0.4243009686
P:1348,P:1508,0.4170918465
P:1348,P:1863,0.4188944995
P:1348,P:2492,0.4194581211
P:1348,P:780,0.4188292027
P:1349,P:1086,0.6142005324
P:1349,P:1755,0.612893343
P:1349,P:2067,0.6120834351
P:1349,P:219,0.6140811443
P:135,P:1042,0.5032392144
P:135,P:1903,0.506973207
P:135,P:1928,0.5025268197
P:135,P:2265,0.5028768778
P:135,P:564,0.5040191412
P:1350,P:1135,0.6937438846
P:1350,P:1316,0.6932893991
P:1350,P:2493,0.6921734214
P:1350,P:512,0.6921495795
P:1351,P:1135,0.714566052
P:1351,P:164,0.7156178951
P:1351,P:2493,0.7112929821
P:1351,P:512,0.7100048065
P:1351,P:781,0.7094379067
P:1352,P:1809,0.8427842855
P:1352,P:2009,0.8351990581
P:1352,P:2684,0.8333225846
P:1352,P:2955,0.8400745392
P:1352,P:790,0.8323963284
P:1353,P:1204,0.5644699931
P:1353,P:2155,0.5671300292
P:1353,P:2640,0.5655308366
P:1353,P:2958,0.5684992075
P:1353,P:941,0.5648248196
P:1354,P:1201,0.8141525388
P:1354,P:1520,0.8132373095
P:1354,P:1977,0.8144394159
P:1354,P:2156,0.8141478896
P:1354,P:747,0.8170831203
P:1355,P:1069,0.552657783
P:1355,P:1400,0.5523839593
P:1355,P:203,0.554895401
P:1355,P:2070,0.5547086
P:1355,P:366,0.5525760055
P:1356,P:1374,0.7994788289
P:1356,P:1614,0.8020291328
P:1356,P:2346,0.798443675
P:1356,P:314,0.8016884923
P:1356,P:628,0.7988798618
P:1357,P:1461,0.4852606952
P:1357,P:240,0.4979302287
P:1357,P:2575,0.4846782684
P:1357,P:2815,0.4873204231
P:1357,P:2836,0.4838120639
P:1358,P:1400,0.5114116669
P:1358,P:1484,0.5121332407
P:1358,P:208,0.5129036307
P:1358,P:2339,0.5117064714
P:1358,P:402,0.5143409967
P:1359,P:1069,0.5521809459
P:1359,P:1262,0.5460897684
P:1359,P:203,0.5450483561
P:1359,P:292,0.5504176021
P:1359,P:936,0.5524728894
P:136,P:137,0.4439314008
P:136,P:1948,0.4453612864
P:136,P:298,0.4486845732
P:136,P:453,0.4469537735
P:136,P:578,0.4486787021
P:1360,P:1042,0.5523668528
P:1360,P:1553,0.5538560748
P:1360,P:1885,0.549828887
P:1360,P:1903,0.553356111
P:1360,P:1928,0.5498323441
P:1361,P:1339,0.5122259855
P:1361,P:1461,0.5162262917
P:1361,P:213,0.5096976161
P:1361,P:240,0.5124507546
P:1361,P:2970,0.5126450658
P:1362,P:1906,0.556584537
P:1362,P:2324,0.5555166602
P:1362,P:2536,0.550650537
P:1362,P:2671,0.5494728684
P:1362,P:445,0.5519370437
P:1363,P:1248,0.5179138184
P:1363,P:1935,0.5120584369
P:1363,P:240,0.5237420201
P:1363,P:2575,0.5198700428
P:1363,P:896,0.5123407245
P:1364,P:2372,0.5569342971
P:1364,P:2390,0.558771193
P:1364,P:2505,0.5579383969
P:1364,P:2697,0.5592346787
P:1364,P:812,0.5602906942
P:1365,P:1110,0.8221212626
P:1365,P:1111,0.8183139563
P:1365,P:1380,0.8268855214
P:1365,P:2238,0.8275386691
P:1366,P:1913,0.5761675239
P:1366,P:2359,0.5754815936
P:1366,P:2640,0.5775514245
P:1366,P:2958,0.5749172568
P:1366,P:747,0.5736892223
P:1367,P:1461,0.5182391405
P:1367,P:1529,0.5160898566
P:1367,P:2163,0.5195408463
P:1367,P:240,0.5321278572
P:1367,P:2815,0.5210490227
P:1368,P:1400,0.5229685307
P:1368,P:1484,0.5229849219
P:1368,P:203,0.5226380229
P:1368,P:208,0.5241236091
P:1368,P:402,0.5249490738
P:1369,P:1400,0.5284243822
P:1369,P:1484,0.5307655334
P:1369,P:208,0.5288796425
P:1369,P:244,0.5299922228
P:1369,P:402,0.5308179855
P:137,P:1663,0.6564477682
P:137,P:1704,0.662561059
P:137,P:1749,0.6595655084
P:137,P:2468,0.6610662341
P:137,P:2756,0.6578947902
P:1370,P:1244,0.4786777794
P:1370,P:1371,0.4786404669
P:1370,P:2270,0.4790207446
P:1370,P:2942,0.4826150239
P:1370,P:47,0.4794310629
P:1371,P:1373,0.68459481
P:1371,P:2070,0.6812617183
P:1371,P:2170,0.6806395054
P:1371,P:2270,0.6853119731
P:1371,P:366,0.6805905104
P:1372,P:1374,0.7586683035
P:1372,P:2176,0.7622938752
P:1372,P:2370,0.7581859231
P:1372,P:2499,0.7633905411
P:1372,P:2511,0.7569111586
P:1373,P:1022,0.8125324249
P:1373,P:1374,0.8198746443
P:1373,P:1533,0.8213838935
P:1373,P:49,0.819812119
P:1373,P:569,0.8175923228
P:1374,P:1533,0.8956921101
P:1374,P:2607,0.8825600147
P:1374,P:49,0.8836242557
P:1374,P:569,0.887655139
P:1375,P:1913,0.5708380342
P:1375,P:2640,0.5732982159
P:1375,P:2958,0.5689741373
P:1375,P:747,0.5690972805
P:1375,P:863,0.5689561963
P:1376,P:1377,0.4666736722
P:1376,P:2235,0.4586395621
P:1376,P:2623,0.4514858723
P:1376,P:280,0.4503678381
P:1376,P:615,0.4523480237
P:1377,P:1378,0.6768487692
P:1377,P:1473,0.6791571379
P:1377,P:2235,0.6723341942
P:1377,P:2909,0.6739603281
P:1378,P:1379,0.7606996298
P:1378,P:1476,0.7546385527
P:1378,P:1852,0.7507983446
P:1378,P:1951,0.7662315965
P:1378,P:2584,0.7489007711
P:1379,P:1380,0.8267716765
P:1379,P:1476,0.8293955922
P:1379,P:1634,0.823055625
P:1379,P:1852,0.8226532936
P:1379,P:1951,0.8384519815
P:138,P:1476,0.9104171395
P:138,P:1500,0.912794888
P:138,P:1951,0.9081165791
P:138,P:2413,0.9163040519
P:138,P:300,0.9063184857
P:1380,P:1500,0.8991779089
P:1380,P:1951,0.9099339247
P:1380,P:2026,0.8999536037
P:1380,P:2238,0.9065796137
P:1381,P:1069,0.5504018664
P:1381,P:1400,0.5482375622
P:1381,P:203,0.5494611859
P:1381,P:208,0.5489208698
P:1381,P:2339,0.5499252677
P:1382,P:1440,0.5553982258
P:1382,P:1763,0.5548638701
P:1382,P:1831,0.5562346578
P:1382,P:1885,0.5560855269
P:1382,P:2100,0.5564947724
P:1383,P:1440,0.5286663771
P:1383,P:1484,0.5312137008
P:1383,P:208,0.5277380943
P:1383,P:2100,0.5312488675
P:1383,P:402,0.5310447216
P:1384,P:1385,0.4737357497
P:1384,P:1522,0.4711252153
P:1384,P:1563,0.4715515673
P:1384,P:2367,0.4755958021
P:1384,P:835,0.4737558067
P:1385,P:1563,0.665033102
P:1385,P:1859,0.6736899018
P:1385,P:2452,0.665030241
P:1385,P:472,0.6564885974
P:1386,P:1021,0.696267426
P:1386,P:1022,0.6896653771
P:1386,P:1859,0.6915425062
P:1386,P:49,0.6894248724
P:1386,P:713,0.6948647499
P:1387,P:2176,0.7405133247
P:1387,P:2370,0.7420160174
P:1387,P:2499,0.7401945591
P:1387,P:2511,0.7464763522
P:1387,P:49,0.7409759164
P:1388,P:1057,0.9010403752
P:1388,P:2370,0.8883780837
P:1388,P:2565,0.892188251
P:1388,P:2584,0.8906425238
P:1388,P:485,0.8978461027
P:1389,P:1308,0.4812111259
P:1389,P:1390,0.4951649606
P:1389,P:1447,0.4779410362
P:1389,P:2066,0.4918204546
P:1389,P:350,0.4799711108
P:139,P:1069,0.5583796501
P:139,P:1262,0.5530979037
P:139,P:1613,0.5509973168
P:139,P:292,0.556566
P:139,P:936,0.5572735667
P:1390,P:1308,0.6992502809
P:1390,P:2066,0.6929203272
P:1390,P:406,0.6894794106
P:1390,P:512,0.6924501657
P:1391,P:1255,0.8438059688
P:1391,P:164,0.8440944552
P:1391,P:258,0.83358711
P:1391,P:728,0.8381921649
P:1392,P:1461,0.5110496283
P:1392,P:2163,0.515632987
P:1392,P:240,0.5286762714
P:1392,P:2575,0.5111869574
P:1392,P:2815,0.5134984851
P:1393,P:1069,0.5582929254
P:1393,P:1400,0.5558324456
P:1393,P:203,0.5578668118
P:1393,P:2339,0.5575762391
P:1393,P:402,0.5552681684
P:1394,P:1479,0.6282012463
P:1394,P:1711,0.6259180903
P:1394,P:1716,0.62608248
P:1394,P:1717,0.6248971224
P:1394,P:2759,0.6248428226
P:1395,P:1176,0.5398439765
P:1395,P:1710,0.5405778289
P:1395,P:1997,0.5410138369
P:1395,P:2470,0.5391642451
P:1395,P:2758,0.5413824916
P:1396,P:1479,0.7127541304
P:1396,P:1711,0.7123638391
P:1396,P:2000,0.7205361128
P:1396,P:2471,0.7128317356
P:1396,P:2759,0.7157108784
P:1397,P:1177,0.7627334595
P:1397,P:2429,0.7615529299
P:1397,P:2644,0.7633407116
P:1397,P:913,0.7640885115
P:1397,P:984,0.7662626505
P:1398,P:1476,0.8664675355
P:1398,P:1951,0.8619592786
P:1398,P:2552,0.8555006981
P:1398,P:984,0.8632567525
P:1399,P:1400,0.5495122075
P:1399,P:203,0.5523036122
P:1399,P:2070,0.5521917939
P:1399,P:2339,0.5541605949
P:1399,P:366,0.5511865616
P:14,P:15,0.6654481888
P:14,P:16,0.6770456433
P:14,P:2395,0.6856200695
P:14,P:741,0.674890995
P:140,P:1314,0.4744606316
P:140,P:141,0.4740481377
P:140,P:1833,0.4776130617
P:140,P:85,0.4822712541
P:140,P:895,0.4711371958
P:1400,P:1274,0.7879551649
P:1400,P:1374,0.7875640392
P:1400,P:1614,0.7955718637
P:1400,P:314,0.792455554
P:1400,P:628,0.7906088829
P:1401,P:1248,0.511731565
P:1401,P:1935,0.5100326538
P:1401,P:240,0.515738368
P:1401,P:2575,0.513351202
P:1401,P:778,0.505772531
P:1402,P:1403,0.4804689288
P:1402,P:1643,0.4834766388
P:1402,P:224,0.4876838923
P:1402,P:2251,0.4880682528
P:1402,P:682,0.4810839295
P:1403,P:2063,0.6794012189
P:1403,P:2579,0.6760768294
P:1403,P:2987,0.6711027026
P:1403,P:395,0.671338439
P:1403,P:763,0.6756575108
P:1404,P:1476,0.9108610749
P:1404,P:1852,0.9072663188
P:1404,P:1951,0.902556479
P:1404,P:2584,0.8953001499
P:1404,P:282,0.9024306536
P:1405,P:1406,0.7522156239
P:1405,P:1476,0.7460595369
P:1405,P:1913,0.746861279
P:1405,P:1951,0.7531900406
P:1405,P:747,0.7462781072
P:1406,P:1476,0.9027561545
P:1406,P:1852,0.8930073977
P:1406,P:1951,0.9009885788
P:1406,P:360,0.8838149905
P:1407,P:1009,0.5157117248
P:1407,P:1425,0.5145567656
P:1407,P:665,0.5149108171
P:1407,P:865,0.5210439563
P:1407,P:89,0.521388948
P:1408,P:17,0.7644699216
P:1408,P:215,0.7568276525
P:1408,P:2598,0.7587578893
P:1408,P:755,0.7606688738
P:1408,P:957,0.7688025236
P:1409,P:1042,0.4849784076
P:1409,P:1829,0.4855635166
P:1409,P:2482,0.4853098392
P:1409,P:2487,0.487185508
P:1409,P:2714,0.4864983261
P:141,P:1449,0.6810729504
P:141,P:340,0.6603705883
P:141,P:351,0.6724945903
P:141,P:798,0.6598386168
P:1410,P:1014,0.7465828657
P:1410,P:1903,0.7475746274
P:1410,P:1928,0.7545172572
P:1410,P:2715,0.7460070252
P:1410,P:564,0.7530457377
P:1411,P:1248,0.5072557926
P:1411,P:240,0.5226963758
P:1411,P:2575,0.5111554861
P:1411,P:2815,0.5092468858
P:1411,P:344,0.5071555376
P:1412,P:2075,0.5361526012
P:1412,P:208,0.541882515
P:1412,P:2100,0.5366692543
P:1412,P:2339,0.5411499739
P:1412,P:402,0.5391711593
P:1413,P:1042,0.5219314098
P:1413,P:1903,0.5281617641
P:1413,P:2055,0.5217736363
P:1413,P:564,0.5231617689
P:1413,P:74,0.5240747333
P:1414,P:1086,0.4781183004
P:1414,P:1415,0.4805899262
P:1414,P:1461,0.4792226851
P:1414,P:2432,0.4822909832
P:1414,P:992,0.4782221317
P:1415,P:1086,0.7743772268
P:1415,P:1461,0.7648540139
P:1415,P:1529,0.7667223811
P:1415,P:1592,0.7694396377
P:1415,P:390,0.7697113156
P:1416,P:1197,0.541415751
P:1416,P:1417,0.5432676673
P:1416,P:2331,0.5468668938
P:1416,P:2905,0.5385251641
P:1416,P:481,0.5418278575
P:1417,P:1157,0.7344152927
P:1417,P:1761,0.736997366
P:1417,P:213,0.7383651137
P:1417,P:481,0.7405623198
P:1418,P:1259,0.6077343822
P:1418,P:1479,0.6105400324
P:1418,P:1711,0.608107388
P:1418,P:1716,0.6088955998
P:1418,P:2937,0.6084181666
P:1419,P:1404,0.5241820812
P:1419,P:1513,0.5297455192
P:1419,P:2579,0.5300441384
P:1419,P:2866,0.5239012837
P:1419,P:683,0.5243734717
P:142,P:1255,0.8291535974
P:142,P:1450,0.818572998
P:142,P:341,0.8216220737
P:142,P:38,0.821236074
P:142,P:407,0.8216751218
P:1420,P:1421,0.4855147898
P:1420,P:2132,0.4810437262
P:1420,P:2174,0.4799856246
P:1420,P:2942,0.4839399457
P:1420,P:835,0.4855087698
P:1421,P:1059,0.7072218657
P:1421,P:1563,0.713424921
P:1421,P:2452,0.7059003115
P:1421,P:253,0.7076604366
P:1422,P:2176,0.8502996564
P:1422,P:2370,0.8553298712
P:1422,P:2499,0.8488644361
P:1422,P:254,0.8509696722
P:1422,P:485,0.8467367887
P:1423,P:1069,0.5533333421
P:1423,P:1262,0.5473864079
P:1423,P:1400,0.5474668741
P:1423,P:203,0.5488693714
P:1423,P:936,0.5485063791
P:1424,P:1604,0.537298739
P:1424,P:2812,0.5341846347
P:1424,P:665,0.5391215086
P:1424,P:865,0.5391452909
P:1424,P:89,0.5384460688
P:1425,P:1380,0.7531611323
P:1425,P:17,0.7597197294
P:1425,P:2103,0.7501555681
P:1425,P:2384,0.7520431876
P:1425,P:957,0.7522906661
P:1426,P:1427,0.4710381031
P:1426,P:2383,0.4725164473
P:1426,P:2597,0.4611005187
P:1426,P:865,0.4615046382
P:1426,P:89,0.4619109929
P:1427,P:564,0.6936351061
P:1427,P:755,0.6955282688
P:1427,P:89,0.6994989514
P:1427,P:957,0.69443959
P:1428,P:1057,0.8549745679
P:1428,P:1570,0.8652632833
P:1428,P:2584,0.874075532
P:1428,P:485,0.8542636037
P:1428,P:618,0.8611393571
P:1429,P:1440,0.4883780479
P:1429,P:1484,0.4929296672
P:1429,P:2100,0.490110755
P:1429,P:2265,0.4876020849
P:1429,P:402,0.4880592525
P:143,P:144,0.4851647019
P:143,P:1548,0.4774595201
P:143,P:1663,0.4804663658
P:143,P:2296,0.4785290658
P:143,P:817,0.4792843759
P:1430,P:1228,0.5255191326
P:1430,P:1431,0.5226890445
P:1430,P:2155,0.5224599242
P:1430,P:575,0.5225148797
P:1430,P:763,0.527243495
P:1431,P:1913,0.7370746732
P:1431,P:2567,0.732303679
P:1431,P:2579,0.736354351
P:1431,P:2640,0.7302136421
P:1431,P:2748,0.7281605601
P:1432,P:1406,0.8597919941
P:1432,P:1476,0.8731163144
P:1432,P:1852,0.8581770062
P:1432,P:1951,0.8701604009
P:1432,P:263,0.8602864146
P:1433,P:1434,0.449020654
P:1433,P:1537,0.4388319254
P:1433,P:1656,0.4399213493
P:1433,P:2406,0.4328685403
P:1433,P:2538,0.4432273507
P:1434,P:1537,0.6137101054
P:1434,P:1656,0.603772223
P:1434,P:1919,0.6030756235
P:1434,P:2538,0.5986893773
P:1435,P:1277,0.6629039645
P:1435,P:1309,0.671651721
P:1435,P:1436,0.66810745
P:1435,P:2539,0.6689830422
P:1435,P:826,0.6638146043
P:1436,P:1437,0.7317200303
P:1436,P:238,0.7251668572
P:1436,P:2498,0.7246236205
P:1436,P:406,0.7257877588
P:1437,P:1181,0.8518258333
P:1437,P:1291,0.8619744778
P:1437,P:1659,0.8498830795
P:1437,P:407,0.8529393673
P:1438,P:1400,0.5358754992
P:1438,P:208,0.5357396603
P:1438,P:2339,0.5357427597
P:1438,P:292,0.534487009
P:1438,P:402,0.5365928411
P:1439,P:1440,0.5285297036
P:1439,P:1831,0.5285463333
P:1439,P:2100,0.5297361016
P:1439,P:2339,0.5302679539
P:1439,P:2817,0.5305159688
P:144,P:1663,0.723819077
P:144,P:2468,0.7224692106
P:144,P:2673,0.7159536481
P:144,P:2756,0.724458456
P:144,P:817,0.7185645103
P:1440,P:1022,0.7851982117
P:1440,P:1928,0.7793931961
P:1440,P:2100,0.779899478
P:1440,P:2453,0.7771601081
P:1440,P:569,0.7854268551
P:1441,P:162,0.430139035
P:1441,P:2501,0.4260127842
P:1441,P:2682,0.431176424
P:1441,P:2953,0.4260213375
P:1441,P:483,0.425367713
P:1442,P:16,0.6645104885
P:1442,P:2374,0.6529635191
P:1442,P:2954,0.6502494216
P:1442,P:484,0.65993011
P:1442,P:789,0.67560637
P:1443,P:1570,0.8758807182
P:1443,P:2026,0.8811600804
P:1443,P:2584,0.8870339394
P:1443,P:2955,0.8770771623
P:1443,P:790,0.8888269663
P:1444,P:1069,0.5336417556
P:1444,P:1560,0.5317512155
P:1444,P:208,0.5305851698
P:1444,P:292,0.5355510116
P:1444,P:936,0.536241293
P:1445,P:1415,0.4798661768
P:1445,P:240,0.4983421266
P:1445,P:2575,0.4806365669
P:1445,P:2815,0.4849154949
P:1445,P:2836,0.4797746539
P:1446,P:1308,0.4977849126
P:1446,P:1447,0.4984270632
P:1446,P:2776,0.493355304
P:1446,P:339,0.497579366
P:1446,P:350,0.4984889925
P:1447,P:1308,0.6798500419
P:1447,P:1390,0.6743552685
P:1447,P:2776,0.6776401401
P:1447,P:406,0.6803412437
P:1447,P:464,0.6798856258
P:1448,P:37,0.7222208977
P:1448,P:406,0.7360177636
P:1448,P:407,0.719979763
P:1448,P:495,0.7190233469
P:1448,P:798,0.718835175
P:1449,P:1450,0.7447529435
P:1449,P:341,0.7378549576
P:1449,P:351,0.7444318533
P:1449,P:352,0.7406621575
P:145,P:1328,0.4980973303
P:145,P:1829,0.4998773932
P:145,P:2482,0.5005286336
P:145,P:2487,0.4996556044
P:145,P:2817,0.5002699494
P:1450,P:1255,0.8405391574
P:1450,P:341,0.834885478
P:1450,P:38,0.8311113715
P:1450,P:407,0.8356898427
P:1451,P:1484,0.5201829672
P:1451,P:208,0.5198948383
P:1451,P:2100,0.5203860402
P:1451,P:2339,0.5203395486
P:1451,P:402,0.5230420828
P:1452,P:1453,0.5550419688
P:1452,P:1893,0.5583649874
P:1452,P:232,0.5558596253
P:1452,P:2913,0.5547801256
P:1452,P:450,0.5598132014
P:1453,P:1479,0.7189845443
P:1453,P:2000,0.7243233323
P:1453,P:2759,0.720174551
P:1453,P:451,0.7185317874
P:1453,P:839,0.7189459205
P:1454,P:1479,0.7600156665
P:1454,P:1711,0.7595418096
P:1454,P:1716,0.7581683993
P:1454,P:1717,0.7585686445
P:1454,P:2000,0.7626941204
P:1455,P:1456,0.7734594345
P:1455,P:1479,0.7702018023
P:1455,P:1711,0.7704076171
P:1455,P:2000,0.7780252695
P:1455,P:2603,0.7745612264
P:1456,P:1101,0.8643034697
P:1456,P:2603,0.8668642044
P:1456,P:2771,0.8615586162
P:1456,P:871,0.8615515828
P:1457,P:1458,0.5008691549
P:1457,P:203,0.5012910962
P:1457,P:2260,0.5012295842
P:1457,P:2339,0.5065557957
P:1457,P:366,0.5016251802
P:1458,P:2070,0.7254741192
P:1458,P:2075,0.7213386893
P:1458,P:2339,0.7247727513
P:1458,P:402,0.7223790884
P:1458,P:786,0.7243901491
P:1459,P:1374,0.861839354
P:1459,P:1533,0.8707836866
P:1459,P:2607,0.8637542129
P:1459,P:569,0.8672958016
P:1459,P:852,0.8579281569
P:146,P:1014,0.7525253296
P:146,P:1647,0.7490615249
P:146,P:1648,0.7482203245
P:146,P:1928,0.7550050616
P:146,P:2100,0.7497805357
P:1460,P:1159,0.4807957709
P:1460,P:1415,0.4795750976
P:1460,P:1461,0.4835202992
P:1460,P:286,0.4795235991
P:1460,P:992,0.4795159996
P:1461,P:1086,0.7815585136
P:1461,P:1529,0.7776614428
P:1461,P:1960,0.7760577798
P:1461,P:390,0.7805609107
P:1462,P:1248,0.5038332939
P:1462,P:1935,0.5026646852
P:1462,P:240,0.5136929154
P:1462,P:2575,0.5065374374
P:1462,P:2815,0.5007578731
P:1463,P:1059,0.4821288586
P:1463,P:1421,0.4880728126
P:1463,P:1563,0.4880386591
P:1463,P:253,0.4790781438
P:1463,P:835,0.481184423
P:1464,P:2176,0.7828131914
P:1464,P:2287,0.7785263658
P:1464,P:2370,0.7832268476
P:1464,P:2499,0.7766906619
P:1464,P:254,0.7855014205
P:1465,P:203,0.5312995911
P:1465,P:2070,0.530551672
P:1465,P:2075,0.5317028165
P:1465,P:2260,0.532535851
P:1465,P:2339,0.5370697379
P:1466,P:1274,0.7543898821
P:1466,P:1614,0.7594115138
P:1466,P:314,0.7558943033
P:1466,P:628,0.7537968159
P:1466,P:786,0.7547300458
P:1467,P:1831,0.5120542645
P:1467,P:2260,0.5102011561
P:1467,P:2339,0.5149796009
P:1467,P:2817,0.5126484632
P:1467,P:439,0.5124427676
P:1468,P:1647,0.7562699318
P:1468,P:1648,0.7533736229
P:1468,P:1831,0.7530415654
P:1468,P:1928,0.7587268949
P:1468,P:569,0.754956305
P:1469,P:100,0.4926978052
P:1469,P:1470,0.4935837686
P:1469,P:1983,0.4966910183
P:1469,P:2051,0.4962542653
P:1469,P:464,0.4940731227
P:147,P:148,0.4406067133
P:147,P:1671,0.4418839514
P:147,P:2077,0.4491458833
P:147,P:2459,0.4439871311
P:147,P:2605,0.4537085593
P:1470,P:1311,0.722032845
P:1470,P:1984,0.7203047276
P:1470,P:2346,0.7157796621
P:1470,P:464,0.716799438
P:1470,P:496,0.7170421481
P:1471,P:1533,0.8386908174
P:1471,P:2053,0.8458880186
P:1471,P:465,0.8413034678
P:1471,P:742,0.8392517567
P:1472,P:1377,0.4909261465
P:1472,P:1473,0.4967213571
P:1472,P:2235,0.4950477183
P:1472,P:2909,0.4877107441
P:1472,P:763,0.4943216145
P:1473,P:1378,0.6956364512
P:1473,P:2063,0.698552072
P:1473,P:2579,0.7000595927
P:1473,P:763,0.6958998442
P:1474,P:1379,0.7310152054
P:1474,P:1380,0.7338348627
P:1474,P:1476,0.7376193404
P:1474,P:1634,0.7318681479
P:1474,P:1951,0.7526333928
P:1475,P:1476,0.805562973
P:1475,P:1500,0.7822429538
P:1475,P:1852,0.7965548635
P:1475,P:1951,0.8075827956
P:1475,P:2013,0.7810833454
P:1476,P:1500,0.9404817224
P:1476,P:1852,0.9498434663
P:1476,P:1951,0.9477167726
P:1476,P:282,0.9386535883
P:1477,P:1478,0.5646798611
P:1477,P:1710,0.5690224171
P:1477,P:1715,0.5660232306
P:1477,P:1720,0.5676040053
P:1477,P:648,0.5632168651
P:1478,P:1479,0.7427729368
P:1478,P:1711,0.7408214808
P:1478,P:1717,0.7376208305
P:1478,P:1721,0.7404743433
P:1478,P:2759,0.7378616929
P:1479,P:1101,0.8546686172
P:1479,P:1456,0.8528881073
P:1479,P:1716,0.8523430228
P:1479,P:2000,0.8534903526
P:1479,P:2603,0.8526567817
P:148,P:1831,0.6762705445
P:148,P:1836,0.6782184839
P:148,P:2100,0.6799054742
P:148,P:2209,0.6764882803
P:148,P:2339,0.678437531
P:1480,P:1308,0.4258087277
P:1480,P:1481,0.4297896624
P:1480,P:1486,0.4304119051
P:1480,P:2111,0.4269340336
P:1480,P:825,0.4290142953
P:1481,P:1486,0.6999661922
P:1481,P:1671,0.6881679893
P:1481,P:2111,0.6963348985
P:1481,P:2452,0.6862286925
P:1482,P:1057,0.8904977441
P:1482,P:244,0.8942300677
P:1482,P:2584,0.9056281447
P:1482,P:2607,0.8958737254
P:1482,P:485,0.9122313857
P:1483,P:1440,0.5036822557
P:1483,P:1831,0.50596416
P:1483,P:2100,0.5062415004
P:1483,P:2339,0.5065145493
P:1483,P:2817,0.5043042898
P:1484,P:1022,0.8041841984
P:1484,P:1860,0.7942234278
P:1484,P:244,0.7933282256
P:1484,P:2607,0.7922150493
P:1484,P:569,0.8020092249
P:1485,P:1308,0.4341327846
P:1485,P:1481,0.4375760257
P:1485,P:1486,0.4454513788
P:1485,P:2262,0.4346705377
P:1485,P:825,0.4409922361
P:1486,P:1481,0.6999661922
P:1486,P:1563,0.6913433671
P:1486,P:2111,0.6858937144
P:1486,P:2452,0.6855199933
P:1487,P:2263,0.8597251773
P:1487,P:244,0.8658700585
P:1487,P:2565,0.8604012132
P:1487,P:2584,0.8682275414
P:1487,P:485,0.8808152676
P:1488,P:1040,0.5028131008
P:1488,P:1352,0.5059108734
P:1488,P:1461,0.5073747635
P:1488,P:240,0.5068750381
P:1488,P:2970,0.5040234923
P:1489,P:1400,0.513048768
P:1489,P:203,0.5128996968
P:1489,P:208,0.5142621398
P:1489,P:2339,0.5124733448
P:1489,P:402,0.5143003464
P:149,P:1022,0.7656123042
P:149,P:150,0.77347821
P:149,P:1533,0.7707710266
P:149,P:2584,0.7671595812
P:149,P:2607,0.7835847735
P:1490,P:203,0.5310152173
P:1490,P:2070,0.531096518
P:1490,P:2260,0.5298240185
P:1490,P:2339,0.5359575748
P:1490,P:366,0.5295456648
P:1491,P:1614,0.7682205439
P:1491,P:2339,0.7644277811
P:1491,P:314,0.7667622566
P:1491,P:402,0.7659896016
P:1491,P:786,0.7652605176
P:1492,P:1258,0.5799301863
P:1492,P:1600,0.5831935406
P:1492,P:2913,0.5793981552
P:1492,P:648,0.5791262984
P:1492,P:870,0.5794847012
P:1493,P:1110,0.8370685577
P:1493,P:1111,0.8350665569
P:1493,P:1380,0.8455817103
P:1493,P:1951,0.8398378491
P:1493,P:2238,0.8442443609
P:1494,P:1484,0.5250810981
P:1494,P:2370,0.5241171122
P:1494,P:244,0.523966074
P:1494,P:254,0.5226982832
P:1494,P:402,0.5253381133
P:1495,P:208,0.5320506096
P:1495,P:2100,0.5288695693
P:1495,P:2145,0.5283492804
P:1495,P:2339,0.5320403576
P:1495,P:402,0.5319550633
P:1496,P:1069,0.5318210125
P:1496,P:208,0.5327925086
P:1496,P:2339,0.5306409001
P:1496,P:292,0.5327383876
P:1496,P:402,0.5305966735
P:1497,P:1377,0.4664861262
P:1497,P:1498,0.4746864736
P:1497,P:2235,0.4711689353
P:1497,P:2410,0.4660137594
P:1497,P:2909,0.4649384022
P:1498,P:1379,0.6740329266
P:1498,P:1380,0.6688188314
P:1498,P:1604,0.6688693762
P:1498,P:2410,0.671322763
P:1499,P:1500,0.7503707409
P:1499,P:1634,0.7521162629
P:1499,P:1951,0.7571465969
P:1499,P:2413,0.7627225518
P:1499,P:300,0.7559390068
P:15,P:17,0.7519350052
P:15,P:2263,0.7516073585
P:15,P:2503,0.752286911
P:15,P:2584,0.7686823606
P:15,P:485,0.7602154016
P:150,P:1057,0.9246600866
P:150,P:2584,0.9209829569
P:150,P:2607,0.9244641662
P:150,P:485,0.9134650826
P:1500,P:1476,0.9404817224
P:1500,P:1852,0.9360849261
P:1500,P:1951,0.9348578453
P:1500,P:282,0.933473289
P:1501,P:1042,0.4951234162
P:1501,P:1044,0.4933736026
P:1501,P:1903,0.5002925992
P:1501,P:2055,0.4964533448
P:1501,P:2487,0.4934776723
P:1502,P:1204,0.5654705167
P:1502,P:2155,0.5676704049
P:1502,P:2958,0.5676696897
P:1502,P:427,0.5646961927
P:1502,P:941,0.5639314651
P:1503,P:1204,0.5655264258
P:1503,P:2155,0.5686647296
P:1503,P:2640,0.565205276
P:1503,P:2958,0.5677517653
P:1503,P:427,0.5652493834
P:1504,P:1201,0.8211457133
P:1504,P:1520,0.8209331036
P:1504,P:1977,0.8215226531
P:1504,P:747,0.8230721354
P:1504,P:984,0.8212376833
P:1505,P:1042,0.5049005747
P:1505,P:1903,0.5098183751
P:1505,P:2419,0.505322516
P:1505,P:2447,0.5053659678
P:1505,P:74,0.5071135163
P:1506,P:1139,0.4864791334
P:1506,P:1508,0.49729231
P:1506,P:1574,0.4822635055
P:1506,P:1759,0.4842461348
P:1506,P:343,0.4828835726
P:1507,P:1390,0.4779069722
P:1507,P:2,0.4679318368
P:1507,P:2066,0.4813979566
P:1507,P:511,0.4687578082
P:1507,P:727,0.4645962119
P:1508,P:2067,0.6797218323
P:1508,P:2493,0.6829499006
P:1508,P:2683,0.6921899319
P:1508,P:512,0.6830138564
P:1509,P:164,0.8015912175
P:1509,P:1809,0.8015431166
P:1509,P:2684,0.8059256077
P:1509,P:2955,0.8006712794
P:1509,P:918,0.8006184697
P:151,P:1248,0.5225452185
P:151,P:2163,0.5231884718
P:151,P:240,0.5347276926
P:151,P:2575,0.5267046094
P:151,P:2815,0.5214912295
P:1510,P:1204,0.5722361803
P:1510,P:2124,0.5713454485
P:1510,P:2155,0.5749993324
P:1510,P:2958,0.573749125
P:1510,P:427,0.571534574
P:1511,P:1201,0.8004211783
P:1511,P:1520,0.799895525
P:1511,P:1977,0.8000032902
P:1511,P:2156,0.7992503643
P:1511,P:747,0.8021306992
P:1512,P:1751,0.5259153843
P:1512,P:2085,0.5276808739
P:1512,P:2579,0.5242308378
P:1512,P:2866,0.5255319476
P:1512,P:395,0.5238420963
P:1513,P:1951,0.7954306006
P:1513,P:2013,0.7843927145
P:1513,P:2579,0.7855238318
P:1513,P:2626,0.7828939557
P:1513,P:618,0.7884069681
P:1514,P:1258,0.5894836187
P:1514,P:1710,0.5889171362
P:1514,P:2758,0.589987874
P:1514,P:450,0.589389801
P:1514,P:648,0.5887611508
P:1515,P:1258,0.5945346355
P:1515,P:1710,0.5949068069
P:1515,P:2758,0.5957846642
P:1515,P:450,0.5955243707
P:1515,P:648,0.5934188962
P:1516,P:1896,0.8239693046
P:1516,P:2000,0.8294359446
P:1516,P:2603,0.8232665062
P:1516,P:2635,0.8228855729
P:1516,P:451,0.8228634596
P:1517,P:1204,0.544824481
P:1517,P:1228,0.5463938117
P:1517,P:2124,0.5469963551
P:1517,P:2155,0.5478727818
P:1517,P:575,0.5469974875
P:1518,P:1913,0.7240186334
P:1518,P:1977,0.7174134254
P:1518,P:2579,0.7175410986
P:1518,P:576,0.7174209952
P:1518,P:747,0.7203050852
P:1519,P:1201,0.7641909719
P:1519,P:1520,0.7640653253
P:1519,P:1977,0.7646953464
P:1519,P:747,0.7662716508
P:1519,P:984,0.7624376416
P:152,P:1228,0.5053247213
P:152,P:166,0.5068529248
P:152,P:330,0.5059165359
P:152,P:575,0.5051936507
P:152,P:763,0.5120330453
P:1520,P:1230,0.8584377766
P:1520,P:1476,0.8709169626
P:1520,P:1951,0.8674273491
P:1520,P:747,0.8576216698
P:1521,P:1421,0.4745799005
P:1521,P:1522,0.4732482433
P:1521,P:1563,0.4710116386
P:1521,P:2132,0.4699162543
P:1521,P:835,0.476367414
P:1522,P:1059,0.6776873469
P:1522,P:1421,0.6810989976
P:1522,P:1563,0.6782462001
P:1522,P:2525,0.6762440205
P:1522,P:253,0.6810563207
P:1523,P:2176,0.7425411344
P:1523,P:2370,0.7350595593
P:1523,P:2499,0.7378770113
P:1523,P:2511,0.7353878021
P:1523,P:254,0.7354298234
P:1524,P:2176,0.8633109927
P:1524,P:2370,0.8710685968
P:1524,P:2499,0.8604595065
P:1524,P:2511,0.8636674285
P:1524,P:254,0.8651463389
P:1525,P:1421,0.497231096
P:1525,P:1526,0.5003869534
P:1525,P:1558,0.4958908856
P:1525,P:1611,0.4974343181
P:1525,P:2132,0.4962750077
P:1526,P:1527,0.6748431921
P:1526,P:2449,0.6716772318
P:1526,P:405,0.6725260019
P:1526,P:936,0.6724111438
P:1527,P:1560,0.8099637032
P:1527,P:1659,0.8110932708
P:1527,P:2134,0.812143147
P:1527,P:2176,0.8125947118
P:1527,P:2499,0.8101537228
P:1528,P:1159,0.4748581648
P:1528,P:1415,0.474034816
P:1528,P:1461,0.4757709503
P:1528,P:2432,0.4726474881
P:1528,P:286,0.4751043618
P:1529,P:1086,0.785741508
P:1529,P:1592,0.7831070423
P:1529,P:1960,0.783644259
P:1529,P:390,0.7900176644
P:153,P:1913,0.6963256598
P:153,P:2063,0.6889039874
P:153,P:2567,0.6886596084
P:153,P:2579,0.692533493
P:153,P:747,0.687590301
P:1530,P:1965,0.4802676141
P:1530,P:2244,0.4793155789
P:1530,P:2459,0.4843488038
P:1530,P:2605,0.4773994088
P:1530,P:751,0.4821650982
P:1531,P:1274,0.6760807037
P:1531,P:1311,0.6753827929
P:1531,P:2077,0.6679694057
P:1531,P:2346,0.6759517789
P:1531,P:741,0.6749657989
P:1532,P:1274,0.8025493622
P:1532,P:1533,0.8152298331
P:1532,P:244,0.7991501093
P:1532,P:2607,0.8052667975
P:1532,P:852,0.7962963581
P:1533,P:1057,0.9136038423
P:1533,P:150,0.9121866226
P:1533,P:2607,0.925057292
P:1533,P:485,0.9187816978
P:1534,P:1935,0.4777090549
P:1534,P:2004,0.4779177308
P:1534,P:2680,0.4763948023
P:1534,P:2916,0.4754077196
P:1534,P:778,0.4794994891
P:1535,P:1038,0.7458385229
P:1535,P:1311,0.7531626821
P:1535,P:267,0.7435190678
P:1535,P:390,0.7471206784
P:1535,P:479,0.7549670935
P:1536,P:1434,0.4469437003
P:1536,P:1537,0.4491363466
P:1536,P:1656,0.4420081377
P:1536,P:2406,0.4346264899
P:1536,P:2538,0.4351010323
P:1537,P:1277,0.6441813707
P:1537,P:1290,0.6390579343
P:1537,P:1436,0.6501263976
P:1537,P:2539,0.6386064291
P:1538,P:1274,0.8140749931
P:1538,P:1560,0.8174071908
P:1538,P:244,0.8199771047
P:1538,P:827,0.8133657575
P:1538,P:828,0.8140749335
P:1539,P:1555,0.5134649873
P:1539,P:1829,0.513558507
P:1539,P:2482,0.515196681
P:1539,P:2487,0.5142703056
P:1539,P:2817,0.5159617662
P:154,P:1406,0.7713000774
P:154,P:1476,0.7825819254
P:154,P:1951,0.7818493247
P:154,P:747,0.7744525075
P:154,P:765,0.7694570422
P:1540,P:1014,0.7490108609
P:1540,P:1648,0.7458219528
P:1540,P:1928,0.7535092235
P:1540,P:2715,0.7482720613
P:1540,P:783,0.7461344004
P:1541,P:1069,0.5133733153
P:1541,P:1262,0.5151239634
P:1541,P:1611,0.5117912292
P:1541,P:2648,0.5124217272
P:1541,P:366,0.5158455968
P:1542,P:1086,0.4623270035
P:1542,P:1415,0.4630583227
P:1542,P:1461,0.4597986639
P:1542,P:2797,0.4626846313
P:1542,P:509,0.4596834183
P:1543,P:1274,0.7597715259
P:1543,P:1311,0.7593114972
P:1543,P:1533,0.7514148355
P:1543,P:1957,0.7512616515
P:1543,P:2346,0.7603085637
P:1544,P:1274,0.8544418216
P:1544,P:1533,0.8607233167
P:1544,P:244,0.8488670588
P:1544,P:2607,0.8508018851
P:1544,P:852,0.8514864445
P:1545,P:1042,0.5321884155
P:1545,P:1546,0.5334852934
P:1545,P:1553,0.533277452
P:1545,P:2487,0.5322476625
P:1545,P:2817,0.5336706638
P:1546,P:1440,0.7539410591
P:1546,P:1763,0.7522203326
P:1546,P:1928,0.7619461417
P:1546,P:2100,0.7544689178
P:1546,P:2715,0.7507475019
P:1547,P:144,0.4797589481
P:1547,P:1548,0.4750512838
P:1547,P:1663,0.4758838117
P:1547,P:2296,0.4782909751
P:1547,P:817,0.4752091467
P:1548,P:1663,0.7301799059
P:1548,P:1749,0.728412807
P:1548,P:2468,0.7304292321
P:1548,P:2756,0.732378006
P:1548,P:817,0.7243376374
P:1549,P:1339,0.524864316
P:1549,P:1461,0.5307471156
P:1549,P:213,0.5245341063
P:1549,P:2211,0.524682641
P:1549,P:240,0.5257895589
P:155,P:1406,0.8618178964
P:155,P:1476,0.8788950443
P:155,P:1852,0.8632990718
P:155,P:1951,0.8769158721
P:155,P:263,0.8589993715
P:1550,P:1228,0.5407767296
P:1550,P:1913,0.5405212641
P:1550,P:2579,0.5444795489
P:1550,P:2640,0.5477383137
P:1550,P:2866,0.5414697528
P:1551,P:1406,0.8184486628
P:1551,P:1476,0.8179415464
P:1551,P:1951,0.8243950605
P:1551,P:2013,0.8064087033
P:1551,P:263,0.8071979284
P:1552,P:1042,0.5194841623
P:1552,P:1553,0.5187619328
P:1552,P:1829,0.5179620385
P:1552,P:1903,0.5195006728
P:1552,P:2817,0.5174033642
P:1553,P:1903,0.7662716508
P:1553,P:1928,0.7733412385
P:1553,P:2621,0.7697725892
P:1553,P:2715,0.7719228864
P:1554,P:1546,0.5122134686
P:1554,P:1555,0.5145572424
P:1554,P:2482,0.5124407411
P:1554,P:2487,0.5130959749
P:1554,P:2817,0.5163491964
P:1555,P:1440,0.7466212511
P:1555,P:1831,0.7469735146
P:1555,P:1928,0.7568318844
P:1555,P:2100,0.7463504672
P:1555,P:2817,0.7468194962
P:1556,P:1440,0.5292578936
P:1556,P:1484,0.5283058882
P:1556,P:2055,0.5291548371
P:1556,P:2100,0.5283670425
P:1556,P:402,0.5270529389
P:1557,P:1308,0.4826784432
P:1557,P:1558,0.4776259065
P:1557,P:2594,0.4731689095
P:1557,P:404,0.4722528458
P:1557,P:825,0.4727474749
P:1558,P:1272,0.6793451309
P:1558,P:404,0.6841480732
P:1558,P:405,0.6804861426
P:1558,P:652,0.678714335
P:1559,P:1437,0.7371867299
P:1559,P:1659,0.7359049916
P:1559,P:407,0.7399325371
P:1559,P:654,0.7395256758
P:156,P:1204,0.5179157257
P:156,P:2124,0.5171108246
P:156,P:232,0.5187708139
P:156,P:2768,0.5176672935
P:156,P:575,0.516271472
P:1560,P:1533,0.8760412931
P:1560,P:2263,0.876857996
P:1560,P:244,0.8818520904
P:1560,P:485,0.8840628266
P:1561,P:1538,0.508189261
P:1561,P:208,0.5116961598
P:1561,P:2339,0.5081733465
P:1561,P:292,0.5066717267
P:1561,P:402,0.5068871975
P:1562,P:1059,0.4962787032
P:1562,P:1421,0.5060334206
P:1562,P:1563,0.501480937
P:1562,P:253,0.4966355562
P:1562,P:835,0.4998890758
P:1563,P:1059,0.7099838853
P:1563,P:1421,0.713424921
P:1563,P:1859,0.7134550214
P:1563,P:2452,0.7107890844
P:1564,P:1533,0.8593040109
P:1564,P:2370,0.8638388515
P:1564,P:254,0.8607835174
P:1564,P:2565,0.8602508903
P:1564,P:485,0.8682195544
P:1565,P:1057,0.8725353479
P:1565,P:2370,0.8727459908
P:1565,P:2565,0.8733664751
P:1565,P:2584,0.8722371459
P:1565,P:485,0.8850004673
P:1566,P:1159,0.450451076
P:1566,P:1875,0.4530745447
P:1566,P:2191,0.4568552077
P:1566,P:286,0.4493445456
P:1566,P:2970,0.4497321546
P:1567,P:1704,0.6471807361
P:1567,P:213,0.6517260671
P:1567,P:2970,0.6492725611
P:1567,P:634,0.6480815411
P:1567,P:794,0.6466529965
P:1568,P:1570,0.7169790864
P:1568,P:1877,0.7207784653
P:1568,P:2168,0.7086036801
P:1568,P:504,0.7085008025
P:1568,P:776,0.7102125287
P:1569,P:1057,0.8023691773
P:1569,P:1570,0.8271942735
P:1569,P:2584,0.8170009851
P:1569,P:282,0.7988876104
P:1569,P:97,0.7995528579
P:157,P:2191,0.4637081921
P:157,P:2661,0.4651533961
P:157,P:2821,0.4720729887
P:157,P:298,0.464242667
P:157,P:453,0.4592940807
P:1570,P:1057,0.9426097274
P:1570,P:1852,0.9298971295
P:1570,P:2584,0.9501266479
P:1570,P:282,0.9387747049
P:1571,P:1069,0.5461719036
P:1571,P:1400,0.5446034074
P:1571,P:203,0.5440875292
P:1571,P:208,0.5458968878
P:1571,P:2339,0.5447730422
P:1572,P:1704,0.5288224816
P:1572,P:1753,0.5279534459
P:1572,P:2468,0.5256786346
P:1572,P:2662,0.5274377465
P:1572,P:794,0.5254994631
P:1573,P:108,0.4984466434
P:1573,P:1574,0.4999434948
P:1573,P:1833,0.495934844
P:1573,P:343,0.5021500587
P:1573,P:85,0.4850265384
P:1574,P:108,0.6645750403
P:1574,P:1833,0.653917253
P:1574,P:2067,0.6624720097
P:1574,P:343,0.6606491208
P:1575,P:1391,0.8113536239
P:1575,P:164,0.821428299
P:1575,P:1809,0.8107612729
P:1575,P:344,0.8222178817
P:1576,P:1513,0.5419903398
P:1576,P:2085,0.5363428593
P:1576,P:2579,0.543276608
P:1576,P:2866,0.5384217501
P:1576,P:395,0.5361794233
P:1577,P:1427,0.437615335
P:1577,P:1578,0.445446074
P:1577,P:2011,0.4358225167
P:1577,P:2383,0.4443136454
P:1577,P:2613,0.4384167492
P:1578,P:16,0.6843804121
P:1578,P:2103,0.6835004687
P:1578,P:755,0.6840451956
P:1578,P:89,0.6841641665
P:1578,P:957,0.6822507977
P:1579,P:1380,0.8467832804
P:1579,P:1570,0.846822381
P:1579,P:17,0.853712976
P:1579,P:2026,0.8448619843
P:1579,P:790,0.847306788
P:158,P:1177,0.6758627295
P:158,P:2000,0.6791748405
P:158,P:2635,0.6765944362
P:158,P:2644,0.6763227582
P:158,P:945,0.6767961979
P:1580,P:1581,0.4506137669
P:1580,P:2219,0.4420827627
P:1580,P:2247,0.4459579587
P:1580,P:2281,0.4441343248
P:1580,P:265,0.4418473244
P:1581,P:1311,0.6714740396
P:1581,P:1684,0.6707615256
P:1581,P:2004,0.669932425
P:1581,P:479,0.6675149202
P:1581,P:778,0.6755581498
P:1582,P:1274,0.8472895026
P:1582,P:1533,0.858099401
P:1582,P:2607,0.8471099138
P:1582,P:33,0.8433705568
P:1582,P:852,0.8440984488
P:1583,P:1339,0.5028082132
P:1583,P:1461,0.5080679655
P:1583,P:240,0.5142583251
P:1583,P:2815,0.5071347952
P:1583,P:2836,0.5037535429
P:1584,P:1308,0.4510650635
P:1584,P:1390,0.4382465482
P:1584,P:1881,0.4406940639
P:1584,P:256,0.4394011199
P:1584,P:825,0.4437992573
P:1585,P:169,0.6742868423
P:1585,P:2776,0.6785545349
P:1585,P:37,0.6751078367
P:1585,P:406,0.692317903
P:1585,P:464,0.678602457
P:1586,P:1255,0.8504649997
P:1586,P:1801,0.84684062
P:1586,P:407,0.8564546108
P:1586,P:485,0.8506914377
P:1586,P:728,0.8535757661
P:1587,P:1248,0.4940977991
P:1587,P:240,0.5159009695
P:1587,P:2575,0.4986328781
P:1587,P:2815,0.4986152053
P:1587,P:344,0.493561089
P:1588,P:1400,0.53404212
P:1588,P:203,0.5358510613
P:1588,P:2070,0.535479486
P:1588,P:2339,0.5380968451
P:1588,P:366,0.5362411737
P:1589,P:1274,0.773240447
P:1589,P:1614,0.7816446424
P:1589,P:2346,0.7742469311
P:1589,P:314,0.7783128023
P:1589,P:628,0.7772316337
P:159,P:1456,0.742518127
P:159,P:1716,0.7417634726
P:159,P:1717,0.7417317033
P:159,P:2000,0.7469334006
P:159,P:2603,0.7456891537
P:1590,P:1913,0.5588302016
P:1590,P:2579,0.5596511364
P:1590,P:2640,0.5616648793
P:1590,P:2958,0.5585828424
P:1590,P:863,0.5580127239
P:1591,P:1086,0.4941060543
P:1591,P:1415,0.4898649752
P:1591,P:1461,0.4896216094
P:1591,P:2211,0.4889597297
P:1591,P:2432,0.4876743555
P:1592,P:1086,0.7938090563
P:1592,P:1960,0.7972291708
P:1592,P:2700,0.7936578393
P:1592,P:390,0.8078946471
P:1593,P:1478,0.5532873273
P:1593,P:1710,0.5573909879
P:1593,P:1715,0.5556154251
P:1593,P:1720,0.5554710031
P:1593,P:648,0.5537367463
P:1594,P:1479,0.7449512482
P:1594,P:1711,0.743449688
P:1594,P:1716,0.741096139
P:1594,P:1717,0.7411728501
P:1594,P:1721,0.7424246073
P:1595,P:1101,0.8545091748
P:1595,P:1456,0.8513887525
P:1595,P:1716,0.8471885324
P:1595,P:2603,0.8520653248
P:1595,P:871,0.8513399363
P:1596,P:1486,0.4572057426
P:1596,P:2262,0.4604943693
P:1596,P:242,0.456977278
P:1596,P:2942,0.4580105245
P:1596,P:751,0.4564675689
P:1597,P:1486,0.6713531613
P:1597,P:2392,0.6760122776
P:1597,P:253,0.6737736464
P:1597,P:2594,0.6756684184
P:1598,P:1533,0.8679807782
P:1598,P:244,0.868091464
P:1598,P:2565,0.8660811186
P:1598,P:2607,0.8619704843
P:1598,P:485,0.8694370985
P:1599,P:1600,0.5651706457
P:1599,P:1604,0.5444098711
P:1599,P:2141,0.545725286
P:1599,P:2661,0.5473282337
P:1599,P:2697,0.5439019799
P:16,P:17,0.8250520825
P:16,P:2396,0.7985795736
P:16,P:2584,0.8042186499
P:16,P:790,0.8081313372
P:160,P:1101,0.8428573608
P:160,P:2238,0.8471463919
P:160,P:2603,0.8452259898
P:160,P:2635,0.8424971104
P:160,P:2771,0.8429982066
P:1600,P:1601,0.7374659181
P:1600,P:2238,0.7257912159
P:1600,P:2662,0.7192647457
P:1600,P:968,0.723749578
P:1601,P:1380,0.8634617329
P:1601,P:2238,0.874394238
P:1601,P:422,0.8709753752
P:1601,P:969,0.865034163
P:1602,P:1042,0.5205179453
P:1602,P:1044,0.5194177628
P:1602,P:1903,0.5251861215
P:1602,P:2447,0.5182718039
P:1602,P:74,0.5204963088
P:1603,P:1600,0.5559722185
P:1603,P:1604,0.5579433441
P:1603,P:2697,0.5563471317
P:1603,P:2756,0.5473845601
P:1603,P:812,0.5545470715
P:1604,P:1380,0.7702112794
P:1604,P:1601,0.7660345435
P:1604,P:2238,0.7675041556
P:1604,P:2925,0.7576768994
P:1605,P:1415,0.5173230767
P:1605,P:1461,0.5203582048
P:1605,P:1529,0.518828392
P:1605,P:240,0.5263973475
P:1605,P:2815,0.5204439163
P:1606,P:1400,0.5250664949
P:1606,P:203,0.5246931314
P:1606,P:208,0.5262609124
P:1606,P:2339,0.5257507563
P:1606,P:402,0.5261904597
P:1607,P:1601,0.5404891372
P:1607,P:1749,0.54152596
P:1607,P:2662,0.5436032414
P:1607,P:399,0.5399258733
P:1607,P:422,0.5420883298
P:1608,P:1609,0.5481640697
P:1608,P:2395,0.537191391
P:1608,P:2638,0.5377152562
P:1608,P:544,0.5422994494
P:1608,P:66,0.5427991152
P:1609,P:2245,0.7917589545
P:1609,P:2396,0.8042290807
P:1609,P:2610,0.7984190583
P:1609,P:2611,0.7942709923
P:1609,P:742,0.7958816886
P:161,P:1308,0.4373853803
P:161,P:1390,0.4363952577
P:161,P:162,0.4467778206
P:161,P:2,0.4380144775
P:161,P:2066,0.4383782744
P:1610,P:1611,0.5075325966
P:1610,P:2186,0.4967515767
P:1610,P:2942,0.5005995035
P:1610,P:652,0.4948963225
P:1610,P:76,0.4982970357
P:1611,P:1069,0.6933531761
P:1611,P:1262,0.6973487735
P:1611,P:2456,0.6935006976
P:1611,P:2648,0.6948187947
P:1611,P:366,0.6970663071
P:1612,P:2134,0.75791502
P:1612,P:2176,0.7618078589
P:1612,P:2189,0.7576588988
P:1612,P:2499,0.756480515
P:1612,P:458,0.7547169924
P:1613,P:2176,0.849547863
P:1613,P:2370,0.8451256156
P:1613,P:2499,0.846444726
P:1613,P:2526,0.8431645632
P:1613,P:254,0.8453852534
P:1614,P:1374,0.8539195061
P:1614,P:1533,0.8461450338
P:1614,P:314,0.845688343
P:1614,P:569,0.84942168
P:1614,P:628,0.8491770029
P:1615,P:1440,0.5309340954
P:1615,P:1484,0.531570673
P:1615,P:2055,0.5309039354
P:1615,P:2100,0.5308790803
P:1615,P:473,0.5308912992
P:1616,P:1400,0.5346403122
P:1616,P:203,0.534632802
P:1616,P:2075,0.5360207558
P:1616,P:2339,0.5391298532
P:1616,P:2361,0.5348694921
P:1617,P:1274,0.7793549299
P:1617,P:1374,0.7790389061
P:1617,P:1614,0.7845921516
P:1617,P:314,0.7835316062
P:1617,P:628,0.7809683084
P:1618,P:1042,0.51778543
P:1618,P:1903,0.5243031979
P:1618,P:2055,0.5185596943
P:1618,P:2265,0.5159782767
P:1618,P:74,0.516762495
P:1619,P:2978,0.5423908234
P:1619,P:413,0.5457584262
P:1619,P:66,0.5418993235
P:1619,P:86,0.5530861616
P:1619,P:87,0.5415813327
P:162,P:2,0.6539575458
P:162,P:2395,0.6636266112
P:162,P:2682,0.6570208669
P:162,P:483,0.6548684239
P:1620,P:1471,0.7792998552
P:1620,P:1984,0.7795103788
P:1620,P:2610,0.7853810787
P:1620,P:465,0.7812805176
P:1620,P:742,0.7849120498
P:1621,P:1400,0.5197996497
P:1621,P:208,0.5261909366
P:1621,P:2145,0.5192921758
P:1621,P:2339,0.5234008431
P:1621,P:402,0.5204923153
P:1622,P:1069,0.5284951925
P:1622,P:1400,0.5285366774
P:1622,P:203,0.5326603055
P:1622,P:2070,0.5289765
P:1622,P:2339,0.5309108496
P:1623,P:1069,0.7579844594
P:1623,P:1400,0.7547168136
P:1623,P:1614,0.7603465319
P:1623,P:2070,0.7554751039
P:1623,P:314,0.7563832998
P:1624,P:1440,0.5179581046
P:1624,P:1546,0.5167526007
P:1624,P:1903,0.5156385899
P:1624,P:2055,0.5203399062
P:1624,P:2100,0.5164593458
P:1625,P:1421,0.4876955152
P:1625,P:1626,0.4879193604
P:1625,P:2803,0.487765491
P:1625,P:2942,0.4946735501
P:1625,P:835,0.4890238941
P:1626,P:1059,0.6705147624
P:1626,P:1421,0.6686976552
P:1626,P:1563,0.6706585288
P:1626,P:2452,0.6741920114
P:1626,P:253,0.6634126902
P:1627,P:2176,0.7798572779
P:1627,P:2370,0.7830253839
P:1627,P:2499,0.7805888057
P:1627,P:2511,0.780543983
P:1627,P:254,0.7771008611
P:1628,P:1022,0.8599789143
P:1628,P:1533,0.8639551997
P:1628,P:2607,0.85804075
P:1628,P:49,0.8584262133
P:1628,P:569,0.8604695797
P:1629,P:1440,0.5060371161
P:1629,P:1484,0.5111691356
P:1629,P:2055,0.5083142519
P:1629,P:2278,0.5076955557
P:1629,P:402,0.5054755211
P:163,P:164,0.7123872638
P:163,P:17,0.7081503868
P:163,P:2683,0.7074618936
P:163,P:512,0.7187130451
P:1630,P:1875,0.4477933347
P:1630,P:1948,0.4435827434
P:1630,P:2191,0.4522809982
P:1630,P:2821,0.4490364492
P:1630,P:298,0.44962731
P:1631,P:1704,0.6426438689
P:1631,P:2536,0.6379331946
P:1631,P:421,0.64271909
P:1631,P:443,0.6393874884
P:1632,P:1634,0.705845654
P:1632,P:2412,0.7015426755
P:1632,P:2413,0.7208682895
P:1632,P:300,0.7152934074
P:1632,P:97,0.6994620562
P:1633,P:1476,0.7578251958
P:1633,P:1634,0.7609131336
P:1633,P:1951,0.7642745972
P:1633,P:2413,0.7680760026
P:1633,P:300,0.762536943
P:1634,P:1476,0.9150719047
P:1634,P:1500,0.9143438339
P:1634,P:1852,0.9081963301
P:1634,P:1951,0.9165344834
P:1634,P:2413,0.916695416
P:1635,P:1636,0.4926262498
P:1635,P:1704,0.4879312217
P:1635,P:1753,0.4894210994
P:1635,P:2531,0.4909897149
P:1635,P:794,0.490398556
P:1636,P:1461,0.7346696854
P:1636,P:1877,0.7335886955
P:1636,P:2168,0.7431738377
P:1636,P:2536,0.7356573939
P:1636,P:504,0.7378491163
P:1637,P:1109,0.5209159851
P:1637,P:1204,0.5183486938
P:1637,P:232,0.523316443
P:1637,P:306,0.5161244273
P:1637,P:575,0.517113924
P:1638,P:1951,0.7131661177
P:1638,P:2049,0.7130839825
P:1638,P:2644,0.7129457593
P:1638,P:747,0.7114736438
P:1638,P:984,0.7127566338
P:1639,P:1476,0.8708444238
P:1639,P:1500,0.8609404564
P:1639,P:1852,0.8551793694
P:1639,P:1951,0.8668013811
P:1639,P:2336,0.8477045894
P:164,P:1809,0.8705329895
P:164,P:2009,0.8548682928
P:164,P:2955,0.8522384763
P:164,P:728,0.8515748978
P:1640,P:1354,0.567904532
P:1640,P:2155,0.5681678057
P:1640,P:2640,0.5695052147
P:1640,P:2958,0.5725508928
P:1640,P:941,0.5686504841
P:1641,P:1201,0.81326437
P:1641,P:1520,0.8112573028
P:1641,P:1977,0.8136181831
P:1641,P:747,0.8137536645
P:1641,P:984,0.8122639656
P:1642,P:1331,0.4743357897
P:1642,P:1643,0.4816143513
P:1642,P:224,0.4857013524
P:1642,P:2251,0.4836710393
P:1642,P:682,0.4763010442
P:1643,P:1113,0.6955424547
P:1643,P:1513,0.700925231
P:1643,P:2063,0.6939646006
P:1643,P:2579,0.7027270794
P:1643,P:323,0.6973897219
P:1644,P:1476,0.8856776357
P:1644,P:1852,0.8823378086
P:1644,P:1951,0.8855797052
P:1644,P:282,0.8741117716
P:1644,P:618,0.8735727668
P:1645,P:1646,0.4958571494
P:1645,P:2270,0.4935037792
P:1645,P:2339,0.4939468503
P:1645,P:2452,0.4942013323
P:1645,P:472,0.4938207865
P:1646,P:1484,0.71156317
P:1646,P:1831,0.7110981345
P:1646,P:2100,0.7159913778
P:1646,P:402,0.7138680816
P:1646,P:786,0.7142498493
P:1647,P:1022,0.8354654312
P:1647,P:1533,0.8285177946
P:1647,P:2607,0.8319252133
P:1647,P:49,0.8297178745
P:1647,P:569,0.835508585
P:1648,P:1022,0.8233494163
P:1648,P:182,0.8153858185
P:1648,P:2607,0.8192744255
P:1648,P:49,0.8157501817
P:1648,P:569,0.8217084408
P:1649,P:1421,0.4827424288
P:1649,P:1522,0.4775224924
P:1649,P:2452,0.4775752425
P:1649,P:2942,0.4798107147
P:1649,P:835,0.4830976725
P:165,P:1228,0.5140585899
P:165,P:1431,0.5130597949
P:165,P:166,0.5179625154
P:165,P:575,0.5143621564
P:165,P:763,0.5266391039
P:1650,P:1059,0.6821907163
P:1650,P:1421,0.6840164065
P:1650,P:1563,0.6845793724
P:1650,P:2452,0.6819344759
P:1650,P:253,0.6743534207
P:1651,P:1533,0.8498433828
P:1651,P:2176,0.8488495946
P:1651,P:2370,0.8582861423
P:1651,P:2511,0.8495303988
P:1651,P:254,0.8528370857
P:1652,P:1342,0.467510581
P:1652,P:1415,0.4655702114
P:1652,P:2815,0.4641869664
P:1652,P:2836,0.4646995962
P:1652,P:509,0.4659872353
P:1653,P:1086,0.7329495549
P:1653,P:1529,0.7309173942
P:1653,P:1592,0.7309874892
P:1653,P:2700,0.7304612398
P:1653,P:390,0.7404538393
P:1654,P:1069,0.5374006629
P:1654,P:1400,0.5353055
P:1654,P:208,0.5333274007
P:1654,P:292,0.535279572
P:1654,P:936,0.5349560976
P:1655,P:1434,0.4359048605
P:1655,P:1537,0.4314258397
P:1655,P:1656,0.4377543926
P:1655,P:2406,0.4346293509
P:1655,P:2538,0.4378795326
P:1656,P:1434,0.603772223
P:1656,P:1537,0.6072506309
P:1656,P:1919,0.6039485335
P:1656,P:1955,0.6073648334
P:1657,P:1437,0.7090938091
P:1657,P:1659,0.7055023313
P:1657,P:405,0.7073808908
P:1657,P:654,0.7083454728
P:1657,P:692,0.7047285438
P:1658,P:1659,0.7380499244
P:1658,P:2346,0.7375475764
P:1658,P:2498,0.7372943759
P:1658,P:2499,0.7438916564
P:1658,P:654,0.7413029075
P:1659,P:1533,0.867369473
P:1659,P:2393,0.867577672
P:1659,P:2499,0.8743175268
P:1659,P:654,0.8711966872
P:166,P:1913,0.7103193402
P:166,P:2567,0.7056280375
P:166,P:2579,0.7154201865
P:166,P:2640,0.7096105814
P:166,P:747,0.703981638
P:1660,P:2579,0.5474709272
P:1660,P:2640,0.5449258685
P:1660,P:2866,0.5497387052
P:1660,P:395,0.549802959
P:1660,P:763,0.5462378263
P:1661,P:1406,0.7970367074
P:1661,P:1476,0.7942774296
P:1661,P:1951,0.8050282598
P:1661,P:263,0.7932593226
P:1661,P:747,0.7943814993
P:1662,P:144,0.5067444444
P:1662,P:1663,0.5070360899
P:1662,P:2468,0.5058658719
P:1662,P:2756,0.5062070489
P:1662,P:817,0.5052992702
P:1663,P:1749,0.7605232
P:1663,P:2468,0.7529473305
P:1663,P:2756,0.7568161488
P:1663,P:399,0.749994576
P:1664,P:1751,0.5355258584
P:1664,P:2085,0.5365158916
P:1664,P:2579,0.5353701711
P:1664,P:2866,0.5365002751
P:1664,P:395,0.5347601771
P:1665,P:1406,0.761474967
P:1665,P:1476,0.7608040571
P:1665,P:1951,0.7776005864
P:1665,P:2013,0.7645534277
P:1665,P:2579,0.7699778676
P:1666,P:1339,0.4872310758
P:1666,P:1461,0.4904042482
P:1666,P:240,0.4993042648
P:1666,P:2815,0.4890497625
P:1666,P:2970,0.4869724214
P:1667,P:1903,0.5180413723
P:1667,P:2055,0.5174614191
P:1667,P:2265,0.5115456581
P:1667,P:2278,0.5116878152
P:1667,P:564,0.5115623474
P:1668,P:1040,0.5101190209
P:1668,P:1704,0.5103670955
P:1668,P:1753,0.5138004422
P:1668,P:2970,0.5120449066
P:1668,P:794,0.5106444359
P:1669,P:1440,0.5243111253
P:1669,P:1903,0.5230437517
P:1669,P:1928,0.5221748948
P:1669,P:2055,0.523575604
P:1669,P:2100,0.5220794678
P:167,P:1406,0.856453836
P:167,P:1476,0.8780383468
P:167,P:1500,0.85594064
P:167,P:1852,0.8626027107
P:167,P:1951,0.8731036186
P:1670,P:1671,0.4547812343
P:1670,P:2077,0.4557018578
P:1670,P:2395,0.450810492
P:1670,P:2597,0.4502694309
P:1670,P:2605,0.4581644237
P:1671,P:2077,0.7047829628
P:1671,P:564,0.6991608143
P:1671,P:66,0.701500237
P:1671,P:741,0.7023511529
P:1672,P:1057,0.8920320272
P:1672,P:1570,0.8988283277
P:1672,P:2584,0.9059665799
P:1672,P:2607,0.9027172327
P:1672,P:485,0.8970335722
P:1673,P:1831,0.5310021043
P:1673,P:2260,0.5309037566
P:1673,P:2339,0.5343289375
P:1673,P:2361,0.5312726498
P:1673,P:362,0.5319051147
P:1674,P:1274,0.780521512
P:1674,P:1614,0.7814548612
P:1674,P:2453,0.7807145119
P:1674,P:314,0.7807670236
P:1674,P:569,0.7853853106
P:1675,P:1042,0.5131475925
P:1675,P:1903,0.5182008147
P:1675,P:2055,0.5152216554
P:1675,P:564,0.5138981938
P:1675,P:592,0.5118412375
P:1676,P:1404,0.5227250457
P:1676,P:1903,0.5276340246
P:1676,P:2715,0.5209234953
P:1676,P:683,0.5216037631
P:1676,P:74,0.5244761705
P:1677,P:1069,0.5569669604
P:1677,P:1400,0.5512639284
P:1677,P:208,0.5512830019
P:1677,P:292,0.5525380373
P:1677,P:936,0.5538924336
P:1678,P:203,0.5697056651
P:1678,P:2070,0.5703967214
P:1678,P:2075,0.568784833
P:1678,P:2339,0.573001802
P:1678,P:402,0.5697463751
P:1679,P:1069,0.5614612699
P:1679,P:1262,0.5542855263
P:1679,P:1400,0.5519568324
P:1679,P:292,0.557534337
P:1679,P:936,0.5601810217
P:168,P:1308,0.4781289697
P:168,P:2776,0.4781419337
P:168,P:339,0.4762718976
P:168,P:501,0.4752699137
P:168,P:751,0.4759742916
P:1680,P:1484,0.519995451
P:1680,P:1888,0.5202180743
P:1680,P:2055,0.521227777
P:1680,P:2278,0.5193280578
P:1680,P:244,0.5190258026
P:1681,P:1581,0.454734534
P:1681,P:174,0.4522191584
P:1681,P:265,0.4591272473
P:1681,P:587,0.4569728673
P:1681,P:778,0.4526738226
P:1682,P:1248,0.6807083488
P:1682,P:1311,0.6771029234
P:1682,P:1437,0.6791683435
P:1682,P:2540,0.6796460748
P:1682,P:588,0.6760855913
P:1683,P:1274,0.7979030609
P:1683,P:1311,0.7994219065
P:1683,P:1533,0.7891995311
P:1683,P:2346,0.7887482643
P:1683,P:852,0.7916608453
P:1684,P:1274,0.8045752645
P:1684,P:1311,0.8100511432
P:1684,P:1957,0.7970559001
P:1684,P:2346,0.8011082411
P:1684,P:852,0.7974646091
P:1685,P:2163,0.5205655098
P:1685,P:240,0.5302197933
P:1685,P:2575,0.51779145
P:1685,P:2717,0.5160403848
P:1685,P:2815,0.5179004669
P:1686,P:1069,0.5592049956
P:1686,P:1262,0.5535769463
P:1686,P:203,0.5515664816
P:1686,P:292,0.5548083186
P:1686,P:936,0.5566676259
P:1687,P:1440,0.5357350707
P:1687,P:1831,0.5367431641
P:1687,P:1836,0.5357224941
P:1687,P:2100,0.5409430861
P:1687,P:2339,0.5375538468
P:1688,P:1086,0.5099074244
P:1688,P:1415,0.5066398382
P:1688,P:1461,0.5093390942
P:1688,P:1529,0.5066969395
P:1688,P:2432,0.507175982
P:1689,P:150,0.8459233046
P:1689,P:1533,0.8491597772
P:1689,P:244,0.8409662247
P:1689,P:2607,0.8585491776
P:1689,P:33,0.8419257998
P:169,P:2408,0.7086238861
P:169,P:37,0.7186754942
P:169,P:406,0.7242629528
P:169,P:464,0.7112811208
P:169,P:495,0.7131412029
P:1690,P:1176,0.5567507148
P:1690,P:1710,0.5561411381
P:1690,P:2372,0.5564467907
P:1690,P:2505,0.5568752289
P:1690,P:2758,0.5576684475
P:1691,P:1101,0.8125566244
P:1691,P:1456,0.8142780066
P:1691,P:1716,0.8113645315
P:1691,P:2000,0.8183688521
P:1691,P:2603,0.8157981634
P:1692,P:1440,0.539277494
P:1692,P:1484,0.5396587849
P:1692,P:2055,0.5425312519
P:1692,P:2278,0.5399184227
P:1692,P:473,0.5397119522
P:1693,P:1440,0.5236266851
P:1693,P:1484,0.5249854326
P:1693,P:2055,0.5306269526
P:1693,P:2278,0.5262718201
P:1693,P:961,0.5236760378
P:1694,P:1390,0.4546967745
P:1694,P:1508,0.4626042843
P:1694,P:2493,0.4485649467
P:1694,P:2682,0.4500573874
P:1694,P:2683,0.4590758085
P:1695,P:1390,0.4383137822
P:1695,P:1508,0.4462183416
P:1695,P:163,0.4378066063
P:1695,P:2008,0.4391015172
P:1695,P:2066,0.4395670891
P:1696,P:1242,0.8171916604
P:1696,P:1809,0.8195683956
P:1696,P:2584,0.828153193
P:1696,P:485,0.8236510158
P:1696,P:790,0.8204705119
P:1697,P:1248,0.5193228722
P:1697,P:1935,0.5154492855
P:1697,P:240,0.5171021223
P:1697,P:2575,0.5205972791
P:1697,P:896,0.5120055676
P:1698,P:2085,0.5346130729
P:1698,P:2579,0.5366354585
P:1698,P:2866,0.5395233035
P:1698,P:395,0.5395567417
P:1698,P:763,0.5375649333
P:1699,P:1406,0.7696128488
P:1699,P:1951,0.781411469
P:1699,P:2567,0.7678420544
P:1699,P:2579,0.7766383886
P:1699,P:747,0.7686608434
P:17,P:1380,0.8862220049
P:17,P:2396,0.8865499496
P:17,P:2584,0.8883959055
P:17,P:790,0.9010698199
P:170,P:1255,0.8559013605
P:170,P:1801,0.8469763398
P:170,P:407,0.8552404642
P:170,P:728,0.8466229439
P:1700,P:1440,0.5396077633
P:1700,P:208,0.5437469482
P:1700,P:2100,0.5417684913
P:1700,P:2339,0.5422209501
P:1700,P:402,0.5421007872
P:1701,P:1069,0.5359349251
P:1701,P:1400,0.5337294936
P:1701,P:208,0.5330118537
P:1701,P:292,0.5374118686
P:1701,P:936,0.5367539525
P:1702,P:1461,0.5179685354
P:1702,P:1529,0.5136485696
P:1702,P:2163,0.5154673457
P:1702,P:240,0.5283692479
P:1702,P:2815,0.5180934668
P:1703,P:1663,0.4829022884
P:1703,P:1704,0.4863356948
P:1703,P:1753,0.4858447909
P:1703,P:2296,0.4891645908
P:1703,P:794,0.4828898013
P:1704,P:1748,0.7672885656
P:1704,P:1749,0.7764068842
P:1704,P:1877,0.7717138529
P:1704,P:2193,0.7670136094
P:1704,P:422,0.7716376185
P:1705,P:1748,0.5409043431
P:1705,P:1877,0.5448582172
P:1705,P:2413,0.5390619636
P:1705,P:2662,0.5386295319
P:1705,P:422,0.5414400101
P:1706,P:1074,0.5282930732
P:1706,P:755,0.5325958133
P:1706,P:865,0.5298372507
P:1706,P:89,0.5309990644
P:1706,P:957,0.5322014689
P:1707,P:17,0.7916499376
P:1707,P:1906,0.7860409617
P:1707,P:2396,0.7922720909
P:1707,P:742,0.7962037921
P:1707,P:957,0.7937196493
P:1708,P:1400,0.5476614833
P:1708,P:203,0.5466661453
P:1708,P:208,0.5488365889
P:1708,P:2339,0.5495818853
P:1708,P:402,0.5494542122
P:1709,P:1478,0.5718933344
P:1709,P:1710,0.5774921775
P:1709,P:1715,0.5738270879
P:1709,P:1720,0.5758292079
P:1709,P:2937,0.5723863244
P:171,P:1069,0.5467580557
P:171,P:208,0.5467597246
P:171,P:2339,0.5445232987
P:171,P:292,0.5451905727
P:171,P:936,0.54586339
P:1710,P:1479,0.7449123859
P:1710,P:1711,0.7435706854
P:1710,P:1721,0.7426591516
P:1710,P:2759,0.7410367131
P:1710,P:2937,0.7399401665
P:1711,P:1101,0.852835536
P:1711,P:1456,0.8526487947
P:1711,P:1716,0.8517830968
P:1711,P:2000,0.8538004756
P:1711,P:2603,0.8519790173
P:1712,P:108,0.5430969596
P:1712,P:1157,0.5365847945
P:1712,P:118,0.537412405
P:1712,P:272,0.5341002345
P:1712,P:801,0.5350219011
P:1713,P:109,0.737785995
P:1713,P:213,0.7234681845
P:1713,P:2163,0.7274488807
P:1713,P:2717,0.7204934359
P:1713,P:2982,0.7285051346
P:1714,P:1710,0.5753202438
P:1714,P:1715,0.5738372207
P:1714,P:1720,0.5786135197
P:1714,P:2424,0.5744341612
P:1714,P:2937,0.5740608573
P:1715,P:1479,0.7367899418
P:1715,P:1711,0.7355111837
P:1715,P:1716,0.7343122959
P:1715,P:1717,0.7340771556
P:1715,P:1721,0.7360898256
P:1716,P:1101,0.8590633869
P:1716,P:1456,0.8568429351
P:1716,P:2603,0.8575865626
P:1716,P:871,0.8566038013
P:1717,P:1101,0.8572282195
P:1717,P:1456,0.855587244
P:1717,P:1716,0.8557102084
P:1717,P:2603,0.8564291596
P:1717,P:871,0.8549656272
P:1718,P:1069,0.5521068573
P:1718,P:1262,0.546032846
P:1718,P:1527,0.5436301231
P:1718,P:292,0.5517397523
P:1718,P:936,0.5541799068
P:1719,P:1478,0.5879235268
P:1719,P:1710,0.5920013189
P:1719,P:1720,0.5995339751
P:1719,P:2424,0.5897205472
P:1719,P:2937,0.5905489326
P:172,P:1042,0.5516601205
P:172,P:1513,0.5525267124
P:172,P:2136,0.5510373712
P:172,P:2419,0.5527277589
P:172,P:2447,0.5520197153
P:1720,P:1479,0.7451917529
P:1720,P:1711,0.7429839373
P:1720,P:1721,0.7505014539
P:1720,P:2424,0.7451773882
P:1720,P:2937,0.7504995465
P:1721,P:1101,0.8399477601
P:1721,P:1479,0.8391420841
P:1721,P:1716,0.8400884867
P:1721,P:1717,0.8386024833
P:1721,P:2766,0.8382960558
P:1722,P:1723,0.4808714092
P:1722,P:2066,0.4947057962
P:1722,P:2244,0.4803928733
P:1722,P:2395,0.4881940484
P:1722,P:2609,0.4910723269
P:1723,P:2244,0.6823446751
P:1723,P:2395,0.6875247955
P:1723,P:464,0.6835764647
P:1723,P:66,0.6867756844
P:1723,P:86,0.688813448
P:1724,P:1255,0.7560542226
P:1724,P:2053,0.767793715
P:1724,P:2068,0.7577747703
P:1724,P:2396,0.7577361465
P:1724,P:512,0.7610542774
P:1725,P:17,0.8526810408
P:1725,P:2396,0.8498244286
P:1725,P:328,0.83428514
P:1725,P:513,0.8383802176
P:1725,P:742,0.8379588723
P:1726,P:17,0.8555416465
P:1726,P:1906,0.833303988
P:1726,P:2396,0.8493442535
P:1726,P:513,0.8402867317
P:1726,P:742,0.8345040679
P:1727,P:1352,0.5043011904
P:1727,P:1461,0.5085191131
P:1727,P:240,0.5086696148
P:1727,P:2815,0.5042842627
P:1727,P:2970,0.5052486658
P:1728,P:1069,0.5438768864
P:1728,P:1400,0.5436918736
P:1728,P:203,0.5443862081
P:1728,P:208,0.5460755229
P:1728,P:2339,0.5453928709
P:1729,P:1484,0.5148637891
P:1729,P:2055,0.5167033076
P:1729,P:208,0.5115314126
P:1729,P:2278,0.5155826211
P:1729,P:961,0.5118504763
P:173,P:1314,0.4647737741
P:173,P:174,0.469340235
P:173,P:1833,0.4644354582
P:173,P:539,0.4687209725
P:173,P:85,0.4681266248
P:1730,P:1913,0.5697854161
P:1730,P:2359,0.5672699809
P:1730,P:2640,0.570702374
P:1730,P:2958,0.56861341
P:1730,P:863,0.5672486424
P:1731,P:162,0.4439848065
P:1731,P:1732,0.4370349348
P:1731,P:2501,0.4389519095
P:1731,P:483,0.435875088
P:1731,P:825,0.4406962395
P:1732,P:1481,0.6404083967
P:1732,P:1563,0.6405706406
P:1732,P:1859,0.655231297
P:1732,P:242,0.640429318
P:1732,P:483,0.6587362885
P:1733,P:1559,0.6651780009
P:1733,P:243,0.6820876598
P:1733,P:2498,0.6653953791
P:1733,P:484,0.6634113789
P:1733,P:713,0.6697267294
P:1734,P:17,0.7881518602
P:1734,P:2503,0.7823346853
P:1734,P:2584,0.7928088903
P:1734,P:485,0.7836014032
P:1734,P:790,0.7814134359
P:1735,P:1380,0.8370146155
P:1735,P:1570,0.846144259
P:1735,P:17,0.8557914495
P:1735,P:2584,0.8476476073
P:1735,P:790,0.8465343118
P:1736,P:1461,0.5067668557
P:1736,P:1529,0.5021473169
P:1736,P:240,0.5086972713
P:1736,P:2815,0.5044175386
P:1736,P:2836,0.5019285083
P:1737,P:1738,0.5190863609
P:1737,P:1831,0.5161717534
P:1737,P:208,0.5178992152
P:1737,P:2260,0.5182996392
P:1737,P:2339,0.5237406492
P:1738,P:1831,0.7573934793
P:1738,P:1928,0.7578883171
P:1738,P:208,0.7591224313
P:1738,P:2339,0.7588946223
P:1738,P:402,0.7579413652
P:1739,P:1903,0.4862493873
P:1739,P:2136,0.4849544466
P:1739,P:2419,0.4857841432
P:1739,P:547,0.4856139123
P:1739,P:566,0.4846400917
P:174,P:2308,0.6754242778
P:174,P:2547,0.6712554097
P:174,P:2746,0.6709406972
P:174,P:540,0.6736882925
P:174,P:778,0.6771719456
P:1740,P:1903,0.7497078776
P:1740,P:1928,0.7497471571
P:1740,P:2655,0.7431221008
P:1740,P:564,0.7497670054
P:1740,P:74,0.7441734076
P:1741,P:1555,0.4945398569
P:1741,P:2487,0.4962603748
P:1741,P:2817,0.4977321029
P:1741,P:317,0.4946274757
P:1741,P:564,0.4947374463
P:1742,P:1484,0.7369834185
P:1742,P:1903,0.7371394038
P:1742,P:1928,0.747687757
P:1742,P:564,0.7484570146
P:1742,P:783,0.7393998504
P:1743,P:1710,0.5636047125
P:1743,P:1715,0.5605511069
P:1743,P:1720,0.5615774989
P:1743,P:2758,0.5587021708
P:1743,P:2937,0.5597586632
P:1744,P:1479,0.7271009684
P:1744,P:1711,0.7257255912
P:1744,P:1721,0.7260546684
P:1744,P:2759,0.7233393788
P:1744,P:2937,0.7235620618
P:1745,P:1456,0.8336695433
P:1745,P:2000,0.8363113403
P:1745,P:2603,0.8366100192
P:1745,P:378,0.8320527673
P:1745,P:984,0.8328799009
P:1746,P:1663,0.4845402241
P:1746,P:2296,0.4826543927
P:1746,P:2468,0.4844814837
P:1746,P:2661,0.4931361377
P:1746,P:2821,0.4930662811
P:1747,P:1749,0.6808521748
P:1747,P:2468,0.680668056
P:1747,P:2756,0.6817665696
P:1747,P:481,0.6828203201
P:1747,P:847,0.6840239167
P:1748,P:1500,0.8905053139
P:1748,P:1853,0.8911665678
P:1748,P:2413,0.9046653509
P:1748,P:422,0.8943449259
P:1749,P:1748,0.8666074276
P:1749,P:1853,0.8616296053
P:1749,P:2238,0.8620815277
P:1749,P:2413,0.8723155856
P:1749,P:422,0.8694350123
P:175,P:1291,0.8077132702
P:175,P:1311,0.8089671731
P:175,P:1316,0.8073032498
P:175,P:33,0.807516098
P:175,P:479,0.8116446733
P:1750,P:1513,0.501234293
P:1750,P:1751,0.5065432191
P:1750,P:2085,0.5078158379
P:1750,P:2866,0.5045211315
P:1750,P:395,0.5020068884
P:1751,P:1513,0.7525099516
P:1751,P:1951,0.7463626266
P:1751,P:2579,0.7557291389
P:1751,P:323,0.7467912436
P:1751,P:395,0.7459540367
P:1752,P:1663,0.4636797607
P:1752,P:1704,0.4640979767
P:1752,P:1753,0.471657753
P:1752,P:2296,0.4717104137
P:1752,P:794,0.4645853341
P:1753,P:1704,0.7440552711
P:1753,P:1749,0.7445731163
P:1753,P:1877,0.7439018488
P:1753,P:2536,0.7417247891
P:1754,P:1314,0.4540233612
P:1754,P:1349,0.4535331726
P:1754,P:2219,0.4563075304
P:1754,P:757,0.4524492323
P:1754,P:85,0.4569091797
P:1755,P:1086,0.6775127649
P:1755,P:1415,0.6673654318
P:1755,P:1529,0.670817256
P:1755,P:1592,0.6722633839
P:1755,P:2746,0.6720568538
P:1756,P:1960,0.8227259517
P:1756,P:2700,0.8233593106
P:1756,P:33,0.8324652314
P:1756,P:390,0.8334105611
P:1756,P:479,0.8218213916
P:1757,P:1069,0.5265270472
P:1757,P:1400,0.525190413
P:1757,P:208,0.5331391096
P:1757,P:2339,0.5287995934
P:1757,P:936,0.5261431336
P:1758,P:1139,0.5167579055
P:1758,P:1140,0.5064902306
P:1758,P:1759,0.5211566091
P:1758,P:2821,0.5100090504
P:1758,P:801,0.5154012442
P:1759,P:1140,0.6791350245
P:1759,P:1760,0.6891067624
P:1759,P:213,0.6820248365
P:1759,P:801,0.6786154509
P:176,P:1140,0.5373613834
P:176,P:1990,0.5526003242
P:176,P:2141,0.5358557701
P:176,P:2661,0.536827147
P:176,P:2821,0.5343095064
P:1760,P:1761,0.7473751307
P:1760,P:2536,0.7318252921
P:1760,P:802,0.734870553
P:1760,P:847,0.7245678306
P:1761,P:2823,0.8298251033
P:1761,P:399,0.8291767836
P:1761,P:422,0.8550800681
P:1761,P:802,0.8269345164
P:1762,P:1763,0.5466418862
P:1762,P:1831,0.5485770106
P:1762,P:2100,0.5475199223
P:1762,P:2339,0.5479792356
P:1762,P:2817,0.5467907786
P:1763,P:1022,0.787848711
P:1763,P:1234,0.7801973224
P:1763,P:1647,0.780153513
P:1763,P:2453,0.7819514275
P:1763,P:569,0.7903464437
P:1764,P:1601,0.5679839253
P:1764,P:2142,0.5596597791
P:1764,P:2222,0.5631054044
P:1764,P:2662,0.567792654
P:1764,P:2756,0.5627521276
P:1765,P:1766,0.5538552403
P:1765,P:2307,0.5462142229
P:1765,P:2978,0.5502149463
P:1765,P:413,0.5487741232
P:1765,P:86,0.5642587543
P:1766,P:1984,0.7897930145
P:1766,P:465,0.7874312401
P:1766,P:496,0.79079777
P:1766,P:87,0.7814776897
P:1767,P:1159,0.4667117894
P:1767,P:1768,0.4656715393
P:1767,P:1993,0.4660364389
P:1767,P:286,0.4657849967
P:1767,P:600,0.4728658497
P:1768,P:1086,0.6841603518
P:1768,P:109,0.6869571805
P:1768,P:1461,0.6848978996
P:1768,P:1529,0.6815115213
P:1768,P:2211,0.6805824637
P:1769,P:1000,0.809201479
P:1769,P:17,0.8213247061
P:1769,P:1906,0.8107313514
P:1769,P:2068,0.7982045412
P:1769,P:328,0.8044335246
P:177,P:1213,0.5857220888
P:177,P:1720,0.5803983808
P:177,P:2141,0.5898419023
P:177,P:2424,0.5806379318
P:177,P:968,0.5889599919
P:1770,P:1144,0.4592815042
P:1770,P:1385,0.4585990906
P:1770,P:1868,0.4592533708
P:1770,P:2889,0.4587287307
P:1770,P:711,0.4585017264
P:1771,P:1144,0.6391021013
P:1771,P:1563,0.630438447
P:1771,P:1859,0.6501736045
P:1771,P:2668,0.6360152364
P:1771,P:713,0.6362124681
P:1772,P:1057,0.8759784698
P:1772,P:1325,0.854569912
P:1772,P:1860,0.8589616418
P:1772,P:2584,0.8740651011
P:1772,P:485,0.8510785699
P:1773,P:1913,0.5889960527
P:1773,P:2567,0.586183846
P:1773,P:2579,0.5862938762
P:1773,P:2640,0.5892858505
P:1773,P:2958,0.5863857269
P:1774,P:1751,0.501984179
P:1774,P:2085,0.5045490861
P:1774,P:2136,0.5036373138
P:1774,P:224,0.500952363
P:1774,P:2834,0.5018610358
P:1775,P:1513,0.7348413467
P:1775,P:2626,0.7325620651
P:1775,P:323,0.7341066599
P:1775,P:683,0.7324807048
P:1775,P:74,0.7335698605
P:1776,P:1159,0.4541676342
P:1776,P:1777,0.450505197
P:1776,P:2432,0.4519624114
P:1776,P:286,0.4544444978
P:1776,P:2970,0.4505485296
P:1777,P:1086,0.7148640156
P:1777,P:1461,0.7204630375
P:1777,P:1529,0.7109712958
P:1777,P:2211,0.7128155828
P:1777,P:992,0.7086620331
P:1778,P:1611,0.4759398699
P:1778,P:2942,0.481904
P:1778,P:501,0.4771057665
P:1778,P:652,0.4757374227
P:1778,P:751,0.478785187
P:1779,P:2346,0.6939886808
P:1779,P:2392,0.6978549957
P:1779,P:405,0.6909526587
P:1779,P:653,0.697722137
P:178,P:1214,0.8036952019
P:178,P:1853,0.8030626178
P:178,P:2823,0.8058690429
P:178,P:422,0.8329087496
P:178,P:969,0.8166924715
P:1780,P:1291,0.8575681448
P:1780,P:1533,0.8577435017
P:1780,P:244,0.8548929691
P:1780,P:2499,0.8600831628
P:1780,P:654,0.8564758301
P:1781,P:1354,0.5754233003
P:1781,P:1913,0.5771223903
P:1781,P:2359,0.5769183636
P:1781,P:2640,0.5793580413
P:1781,P:2958,0.577257216
P:1782,P:1258,0.5945007205
P:1782,P:1710,0.5941154957
P:1782,P:2758,0.5947724581
P:1782,P:450,0.5932666063
P:1782,P:648,0.5945359468
P:1783,P:1896,0.8139571548
P:1783,P:2000,0.8199275732
P:1783,P:2039,0.8125446439
P:1783,P:2635,0.8147197366
P:1783,P:451,0.8150847554
P:1784,P:1461,0.5163376927
P:1784,P:1529,0.5113102198
P:1784,P:2211,0.5117684603
P:1784,P:240,0.5236467123
P:1784,P:2815,0.5127164721
P:1785,P:108,0.4887511432
P:1785,P:1139,0.4947501719
P:1785,P:1508,0.5190373063
P:1785,P:1574,0.497070998
P:1785,P:343,0.5001522899
P:1786,P:2141,0.491894871
P:1786,P:2661,0.4826421142
P:1786,P:421,0.4904600084
P:1786,P:967,0.4881315529
P:1786,P:968,0.4963774383
P:1787,P:2413,0.8063950539
P:1787,P:2684,0.8102340698
P:1787,P:2955,0.813105166
P:1787,P:422,0.8203083277
P:1787,P:918,0.808218658
P:1788,P:208,0.5228443742
P:1788,P:2339,0.5206364989
P:1788,P:292,0.5212166905
P:1788,P:402,0.5195346475
P:1788,P:936,0.5201402903
P:1789,P:1484,0.5236501098
P:1789,P:208,0.526471734
P:1789,P:2339,0.5245298147
P:1789,P:292,0.524178803
P:1789,P:402,0.5254648924
P:179,P:180,0.4919816554
P:179,P:2459,0.4848319292
P:179,P:2743,0.4866140485
P:179,P:47,0.4893742502
P:179,P:472,0.4875127375
P:1790,P:1461,0.5203639269
P:1790,P:1529,0.5170869827
P:1790,P:2163,0.516207099
P:1790,P:240,0.5276867151
P:1790,P:2815,0.5187786818
P:1791,P:1042,0.541428864
P:1791,P:1553,0.5411365628
P:1791,P:1903,0.5407783389
P:1791,P:744,0.5389481783
P:1791,P:832,0.5377354622
P:1792,P:1751,0.5258275867
P:1792,P:1793,0.5274484754
P:1792,P:2085,0.5264220834
P:1792,P:2866,0.5239772797
P:1792,P:395,0.5227127075
P:1793,P:1513,0.7560660243
P:1793,P:1951,0.7621105313
P:1793,P:2579,0.7585108876
P:1793,P:323,0.7556593418
P:1794,P:1461,0.5045223832
P:1794,P:240,0.5169392228
P:1794,P:2575,0.5079278946
P:1794,P:2815,0.5086061358
P:1794,P:2836,0.5045985579
P:1795,P:1913,0.5483835936
P:1795,P:2579,0.5516952276
P:1795,P:2640,0.5553717017
P:1795,P:2866,0.5491594076
P:1795,P:395,0.5485203862
P:1796,P:1406,0.8116636276
P:1796,P:1476,0.8106786609
P:1796,P:1951,0.8147580624
P:1796,P:263,0.8004562855
P:1796,P:747,0.8018909693
P:1797,P:1308,0.4779893458
P:1797,P:1558,0.4782816172
P:1797,P:1611,0.4769174457
P:1797,P:404,0.4773208797
P:1797,P:501,0.4775069058
P:1798,P:1272,0.658094883
P:1798,P:1421,0.6558743715
P:1798,P:2525,0.6528466344
P:1798,P:253,0.6547028422
P:1798,P:404,0.6517404318
P:1799,P:1659,0.7275164127
P:1799,P:2499,0.7279321551
P:1799,P:405,0.7336415648
P:1799,P:406,0.7350470424
P:1799,P:654,0.7286656499
P:18,P:1042,0.5162308216
P:18,P:1044,0.5139716864
P:18,P:1903,0.5197144151
P:18,P:2419,0.5129232407
P:18,P:2705,0.5131043196
P:180,P:1831,0.7080013752
P:180,P:1836,0.7080815434
P:180,P:2100,0.7083096504
P:180,P:2339,0.7063958645
P:180,P:402,0.7047021389
P:1800,P:1659,0.7529342771
P:1800,P:406,0.7602959871
P:1800,P:407,0.758682549
P:1800,P:654,0.7528446317
P:1801,P:1255,0.864474833
P:1801,P:1291,0.8557204604
P:1801,P:407,0.871144712
P:1801,P:728,0.8597893119
P:1802,P:1793,0.4667116404
P:1802,P:1803,0.4643315971
P:1802,P:224,0.4685765505
P:1802,P:2251,0.4730766714
P:1802,P:682,0.471054852
P:1803,P:1903,0.738483429
P:1803,P:2419,0.7377512455
P:1803,P:323,0.7358739972
P:1803,P:564,0.7413193583
P:1803,P:74,0.7414420247
P:1804,P:1738,0.5233855247
P:1804,P:1805,0.5275844932
P:1804,P:1831,0.5234864354
P:1804,P:2260,0.5245058537
P:1804,P:2339,0.5292887688
P:1805,P:1614,0.7599163651
P:1805,P:314,0.7596315742
P:1805,P:402,0.761079073
P:1805,P:569,0.7620472908
P:1806,P:162,0.4287903309
P:1806,P:256,0.4230889678
P:1806,P:511,0.4209564924
P:1806,P:774,0.4220299125
P:1806,P:825,0.4228882194
P:1807,P:2244,0.6348280907
P:1807,P:2395,0.634817183
P:1807,P:2609,0.6331727505
P:1807,P:511,0.6326338053
P:1807,P:741,0.6336131692
P:1808,P:164,0.7044832706
P:1808,P:512,0.708270371
P:1808,P:827,0.7054905891
P:1808,P:828,0.7047686577
P:1809,P:2584,0.8728128076
P:1809,P:2955,0.872913599
P:1809,P:485,0.8744790554
P:1809,P:790,0.8720172048
P:181,P:1022,0.7915972471
P:181,P:1057,0.7974660397
P:181,P:2584,0.7903264761
P:181,P:2607,0.7872959375
P:181,P:49,0.7865204811
P:1810,P:1385,0.4580928981
P:1810,P:1811,0.4574131072
P:1810,P:2714,0.4611224532
P:1810,P:2743,0.4572431445
P:1810,P:2901,0.4579651356
P:1811,P:1903,0.6520364285
P:1811,P:2419,0.650778532
P:1811,P:2620,0.6477080584
P:1811,P:2655,0.6477603316
P:1811,P:2714,0.6493207812
P:1812,P:1055,0.6815406084
P:1812,P:1056,0.6722114682
P:1812,P:1057,0.6766590476
P:1812,P:2584,0.6754749417
P:1812,P:2621,0.6789964437
P:1813,P:1057,0.777887702
P:1813,P:1570,0.766556561
P:1813,P:2584,0.7690773606
P:1813,P:381,0.7596109509
P:1813,P:618,0.7655411363
P:1814,P:1057,0.8967694044
P:1814,P:1325,0.8706634045
P:1814,P:1570,0.8800885081
P:1814,P:2584,0.8858641982
P:1814,P:618,0.8777930737
P:1815,P:1069,0.5457800031
P:1815,P:203,0.542593658
P:1815,P:208,0.5436277986
P:1815,P:292,0.5445036292
P:1815,P:936,0.5441345572
P:1816,P:1831,0.5504537821
P:1816,P:2100,0.5527297258
P:1816,P:2339,0.5534358621
P:1816,P:2361,0.5495411754
P:1816,P:402,0.5505389571
P:1817,P:1022,0.7833080888
P:1817,P:1274,0.7868126035
P:1817,P:2453,0.7830870152
P:1817,P:569,0.7887701988
P:1817,P:852,0.7836574912
P:1818,P:1400,0.5161401033
P:1818,P:208,0.5188775659
P:1818,P:2339,0.5165262222
P:1818,P:292,0.5155773759
P:1818,P:402,0.5165776014
P:1819,P:1159,0.420057714
P:1819,P:1820,0.4315465093
P:1819,P:1875,0.423594445
P:1819,P:2017,0.4300791621
P:1819,P:2191,0.4250015616
P:182,P:1057,0.9124959707
P:182,P:150,0.8883393407
P:182,P:2584,0.9024570584
P:182,P:2607,0.8953890204
P:182,P:485,0.8911197186
P:1820,P:1040,0.6240295768
P:1820,P:1159,0.6199291348
P:1820,P:1461,0.6291225553
P:1820,P:286,0.6207000613
P:1820,P:2970,0.6263873577
P:1821,P:1570,0.7542183995
P:1821,P:2584,0.7509325147
P:1821,P:2607,0.7409785986
P:1821,P:2695,0.7413374782
P:1821,P:776,0.737649262
P:1822,P:1057,0.8930222392
P:1822,P:1570,0.8995935917
P:1822,P:2584,0.9002439976
P:1822,P:2607,0.8837680817
P:1822,P:618,0.8797641397
P:1823,P:1824,0.4610227942
P:1823,P:2262,0.4635145962
P:1823,P:2459,0.4618539214
P:1823,P:2942,0.4691189826
P:1823,P:751,0.4663918316
P:1824,P:1458,0.6544491649
P:1824,P:2270,0.6586511135
P:1824,P:2339,0.6555227041
P:1824,P:47,0.6554583311
P:1824,P:786,0.6555006504
P:1825,P:1274,0.7528729439
P:1825,P:1374,0.7509587407
P:1825,P:1533,0.7538715005
P:1825,P:2346,0.7504501343
P:1825,P:2499,0.7571870685
P:1826,P:1533,0.8060712814
P:1826,P:2263,0.8010786772
P:1826,P:244,0.8060417771
P:1826,P:2607,0.8027858138
P:1826,P:485,0.8037840128
P:1827,P:150,0.8536450267
P:1827,P:1533,0.8562118411
P:1827,P:2396,0.8539460301
P:1827,P:2607,0.8712346554
P:1827,P:742,0.858671248
P:1828,P:1042,0.5173838139
P:1828,P:1044,0.5149878263
P:1828,P:1328,0.5135902166
P:1828,P:1829,0.5193490386
P:1828,P:1903,0.5160752535
P:1829,P:1014,0.7465299368
P:1829,P:1903,0.7528028488
P:1829,P:1928,0.7514296174
P:1829,P:2655,0.747585535
P:1829,P:2715,0.7496733665
P:183,P:1377,0.4460779428
P:183,P:2023,0.4407323599
P:183,P:2235,0.4437621832
P:183,P:2623,0.4405651093
P:183,P:280,0.4436926246
P:1830,P:1831,0.5345165133
P:1830,P:1836,0.5303506255
P:1830,P:2100,0.5315090418
P:1830,P:2339,0.5342563987
P:1830,P:362,0.5301439166
P:1831,P:1022,0.7775387168
P:1831,P:1928,0.7778686285
P:1831,P:402,0.7765182257
P:1831,P:569,0.7826263905
P:1832,P:1314,0.49563694
P:1832,P:1574,0.5001457334
P:1832,P:1833,0.5143725276
P:1832,P:343,0.5034489036
P:1832,P:85,0.5010480881
P:1833,P:1449,0.6790136099
P:1833,P:1834,0.6637784243
P:1833,P:2067,0.673016727
P:1833,P:351,0.6763064265
P:1834,P:1162,0.8010686636
P:1834,P:1255,0.8002386093
P:1834,P:1575,0.8099864721
P:1834,P:352,0.8006215096
P:1835,P:1440,0.5248818994
P:1835,P:1831,0.5260010362
P:1835,P:1836,0.5245608091
P:1835,P:2100,0.530140698
P:1835,P:2339,0.5260203481
P:1836,P:1022,0.7732626796
P:1836,P:2100,0.7752442956
P:1836,P:314,0.7734627724
P:1836,P:402,0.7773334384
P:1836,P:569,0.780175209
P:1837,P:203,0.5504564643
P:1837,P:2070,0.5550096035
P:1837,P:2170,0.5508249402
P:1837,P:2260,0.550953567
P:1837,P:2339,0.5568603277
P:1838,P:1374,0.7812212706
P:1838,P:1614,0.7858877182
P:1838,P:314,0.7839618325
P:1838,P:569,0.782961607
P:1838,P:628,0.7839323878
P:1839,P:1258,0.5764194727
P:1839,P:1710,0.5754413009
P:1839,P:1715,0.5742643476
P:1839,P:2913,0.5756433606
P:1839,P:648,0.5756790042
P:184,P:1852,0.6653914452
P:184,P:1951,0.6731523275
P:184,P:2584,0.6761956811
P:184,P:381,0.6693779826
P:184,P:74,0.6663265824
P:1840,P:1110,0.8145658374
P:1840,P:1111,0.8127910495
P:1840,P:1601,0.8119382858
P:1840,P:2238,0.8144823313
P:1840,P:2635,0.8144766092
P:1841,P:2077,0.4654004872
P:1841,P:2244,0.4685820341
P:1841,P:2395,0.4691669345
P:1841,P:2609,0.4735662937
P:1841,P:741,0.4717079997
P:1842,P:1311,0.6880921721
P:1842,P:2346,0.6821106076
P:1842,P:413,0.6846033931
P:1842,P:66,0.6849099994
P:1842,P:741,0.6825174093
P:1843,P:150,0.8587431908
P:1843,P:1533,0.8684708476
P:1843,P:244,0.8597344756
P:1843,P:2607,0.8694483042
P:1843,P:485,0.8621599078
P:1844,P:1611,0.51676476
P:1844,P:2115,0.5075570941
P:1844,P:2942,0.5142690539
P:1844,P:517,0.5074118376
P:1844,P:751,0.5073652864
P:1845,P:1262,0.6825426817
P:1845,P:2456,0.6853786707
P:1845,P:2648,0.6841530204
P:1845,P:2862,0.6837826371
P:1845,P:366,0.6851597428
P:1846,P:1221,0.7506223917
P:1846,P:2118,0.749688983
P:1846,P:2176,0.7514436245
P:1846,P:2189,0.7510128617
P:1846,P:2499,0.7506534457
P:1847,P:2176,0.8604226708
P:1847,P:2370,0.8570294976
P:1847,P:2499,0.8610169291
P:1847,P:2511,0.8568499684
P:1847,P:654,0.8564521074
P:1848,P:1742,0.4994590282
P:1848,P:1903,0.5029889941
P:1848,P:2055,0.5051805973
P:1848,P:2278,0.501681149
P:1848,P:564,0.499912411
P:1849,P:1377,0.4730093777
P:1849,P:1473,0.4652763903
P:1849,P:1498,0.4667684436
P:1849,P:2235,0.4746362865
P:1849,P:2909,0.4665653408
P:185,P:1500,0.8986669779
P:185,P:1570,0.8990976214
P:185,P:1852,0.8978869319
P:185,P:2584,0.8995954394
P:185,P:282,0.9022806883
P:1850,P:1378,0.6815410256
P:1850,P:1379,0.6980320811
P:1850,P:1380,0.687859714
P:1850,P:1951,0.6837823391
P:1850,P:2236,0.6817507148
P:1851,P:1476,0.7746829987
P:1851,P:1634,0.7707279921
P:1851,P:1951,0.7845505476
P:1851,P:2413,0.7758138776
P:1851,P:300,0.7750073075
P:1852,P:1476,0.9498434663
P:1852,P:1951,0.9396217465
P:1852,P:2584,0.941819787
P:1852,P:282,0.9412308931
P:1853,P:1500,0.9108128548
P:1853,P:2026,0.9167360663
P:1853,P:2413,0.9168485999
P:1853,P:422,0.9156432152
P:1854,P:1069,0.5052931905
P:1854,P:1262,0.5055491924
P:1854,P:203,0.5073872209
P:1854,P:2070,0.5049400926
P:1854,P:366,0.5092978477
P:1855,P:100,0.5270750523
P:1855,P:2115,0.5259837508
P:1855,P:2648,0.5280435681
P:1855,P:366,0.5291078687
P:1855,P:676,0.5280009508
P:1856,P:1221,0.7441290617
P:1856,P:1374,0.7454037666
P:1856,P:1614,0.7472976446
P:1856,P:2346,0.7496356368
P:1856,P:628,0.7465220094
P:1857,P:1374,0.8428106308
P:1857,P:1533,0.8387496471
P:1857,P:2117,0.8360242844
P:1857,P:2370,0.8353784084
P:1857,P:2499,0.8359815478
P:1858,P:1385,0.4746339619
P:1858,P:1859,0.4808763266
P:1858,P:1868,0.4704458416
P:1858,P:2889,0.4717758
P:1858,P:711,0.4817520976
P:1859,P:1056,0.7261474133
P:1859,P:1860,0.7329521179
P:1859,P:713,0.7540445924
P:1859,P:961,0.7270486951
P:186,P:1513,0.5166158676
P:186,P:1903,0.5188586712
P:186,P:2136,0.5162557364
P:186,P:323,0.5162434578
P:186,P:74,0.5185842514
P:1860,P:1057,0.9456958175
P:1860,P:2584,0.944524765
P:1860,P:485,0.9301732779
P:1860,P:714,0.916990757
P:1861,P:1069,0.5423141718
P:1861,P:1400,0.5374314785
P:1861,P:208,0.5361707807
P:1861,P:292,0.5437164307
P:1861,P:936,0.5429008007
P:1862,P:1288,0.4269992709
P:1862,P:1349,0.4285156131
P:1862,P:1863,0.4248614311
P:1862,P:2219,0.425001502
P:1862,P:85,0.4248486161
P:1863,P:1575,0.6312747598
P:1863,P:1834,0.6279013753
P:1863,P:2067,0.6323055625
P:1863,P:344,0.6254405975
P:1864,P:1255,0.8224059343
P:1864,P:164,0.8186995983
P:1864,P:1809,0.8231332898
P:1864,P:258,0.8231554627
P:1865,P:1440,0.5277576447
P:1865,P:1928,0.5269824266
P:1865,P:2055,0.5277918577
P:1865,P:2100,0.5290158391
P:1865,P:783,0.526951015
P:1866,P:1069,0.5478606224
P:1866,P:208,0.5505486727
P:1866,P:2339,0.5486506224
P:1866,P:292,0.5486038923
P:1866,P:936,0.5481179357
P:1867,P:1236,0.4652792513
P:1867,P:1385,0.4686384201
P:1867,P:1563,0.4618538916
P:1867,P:1868,0.47063905
P:1867,P:711,0.4730600715
P:1868,P:1144,0.6563380957
P:1868,P:1563,0.660148561
P:1868,P:1859,0.6811521649
P:1868,P:711,0.657096684
P:1868,P:713,0.6621721983
P:1869,P:1057,0.7269241214
P:1869,P:1860,0.7325085402
P:1869,P:2584,0.7228935957
P:1869,P:713,0.7266227007
P:1869,P:961,0.7253327966
P:187,P:188,0.4601003528
P:187,P:265,0.4668394327
P:187,P:470,0.4581466317
P:187,P:539,0.4597063661
P:187,P:587,0.4611980319
P:1870,P:1057,0.8962206841
P:1870,P:1325,0.8759818673
P:1870,P:1860,0.8720132113
P:1870,P:2584,0.8852671385
P:1870,P:381,0.8649263978
P:1871,P:2321,0.4879765809
P:1871,P:2432,0.4899686575
P:1871,P:2836,0.4890173376
P:1871,P:509,0.4915114641
P:1871,P:951,0.489338994
P:1872,P:1086,0.7239668369
P:1872,P:1461,0.7227950692
P:1872,P:1529,0.7229694128
P:1872,P:1592,0.721608758
P:1872,P:390,0.7265437841
P:1873,P:1352,0.5181274414
P:1873,P:1461,0.5198568702
P:1873,P:240,0.5174511075
P:1873,P:2970,0.5156648755
P:1873,P:781,0.5154426694
P:1874,P:1875,0.440623194
P:1874,P:2191,0.4398933649
P:1874,P:2821,0.4251022935
P:1874,P:298,0.4268102646
P:1874,P:443,0.4339191318
P:1875,P:1704,0.6447123885
P:1875,P:2191,0.6482671499
P:1875,P:2970,0.6466970444
P:1875,P:443,0.6418765187
P:1876,P:1748,0.7242764831
P:1876,P:1877,0.7279629111
P:1876,P:2413,0.7338879108
P:1876,P:300,0.7249271274
P:1876,P:781,0.7205477953
P:1877,P:1500,0.8582924008
P:1877,P:1570,0.8719627261
P:1877,P:2413,0.8674201369
P:1877,P:300,0.8636473417
P:1877,P:97,0.8565660119
P:1878,P:1069,0.5366047621
P:1878,P:1400,0.538155973
P:1878,P:208,0.5402784348
P:1878,P:2339,0.5400262475
P:1878,P:402,0.5380356908
P:1879,P:1069,0.5443017483
P:1879,P:1400,0.5423046947
P:1879,P:203,0.5445935726
P:1879,P:208,0.5456094146
P:1879,P:2339,0.545935154
P:188,P:1311,0.6841914654
P:188,P:1983,0.6758737564
P:188,P:2108,0.675866127
P:188,P:238,0.6788409948
P:188,P:416,0.675858736
P:1880,P:1308,0.4514975548
P:1880,P:1881,0.4412958324
P:1880,P:2594,0.4412944317
P:1880,P:2776,0.4423696995
P:1880,P:825,0.4412250817
P:1881,P:1308,0.6775442958
P:1881,P:1390,0.6775321364
P:1881,P:2111,0.6696358919
P:1881,P:825,0.6689414978
P:1882,P:1533,0.8562048078
P:1882,P:2263,0.8546120524
P:1882,P:244,0.8622012734
P:1882,P:2584,0.8560854197
P:1882,P:485,0.8721792698
P:1883,P:1391,0.8038963675
P:1883,P:164,0.8248400092
P:1883,P:1809,0.8251052499
P:1883,P:2009,0.8101659417
P:1883,P:258,0.8085493445
P:1884,P:1829,0.5259882808
P:1884,P:1831,0.5244881511
P:1884,P:1885,0.5262996554
P:1884,P:2482,0.5250082016
P:1884,P:2817,0.5291157961
P:1885,P:1014,0.7720713615
P:1885,P:1022,0.7803927064
P:1885,P:1928,0.7775875926
P:1885,P:2715,0.7721849084
P:1885,P:569,0.7784675956
P:1886,P:1481,0.4296585619
P:1886,P:1486,0.4306926131
P:1886,P:1887,0.4249975085
P:1886,P:2262,0.426112473
P:1886,P:825,0.4307626188
P:1887,P:1241,0.6725870967
P:1887,P:1481,0.6780964732
P:1887,P:1486,0.6686138511
P:1887,P:1859,0.6736521125
P:1888,P:1242,0.893761456
P:1888,P:244,0.8917638659
P:1888,P:2584,0.9090483189
P:1888,P:2607,0.8918790817
P:1888,P:485,0.9041526914
P:1889,P:1385,0.48893103
P:1889,P:1563,0.4896853268
P:1889,P:2367,0.4859583378
P:1889,P:2452,0.4859257042
P:1889,P:711,0.4845198691
P:189,P:1181,0.8082480431
P:189,P:1221,0.8156042099
P:189,P:1311,0.8135426044
P:189,P:1659,0.8064488769
P:189,P:1957,0.8074334264
P:1890,P:1563,0.6934056878
P:1890,P:1859,0.7019913793
P:1890,P:253,0.6895346642
P:1890,P:713,0.691919446
P:1891,P:1057,0.8894369602
P:1891,P:1860,0.8813918233
P:1891,P:2584,0.8820967674
P:1891,P:485,0.8819166422
P:1891,P:714,0.872661531
P:1892,P:1893,0.567335844
P:1892,P:1916,0.5603551865
P:1892,P:1997,0.5616986156
P:1892,P:232,0.5648382902
P:1892,P:450,0.5683953762
P:1893,P:2000,0.7277809978
P:1893,P:2630,0.7239266038
P:1893,P:2634,0.7236952186
P:1893,P:451,0.7244083285
P:1893,P:839,0.7254054546
P:1894,P:1896,0.7651646137
P:1894,P:2000,0.7697156668
P:1894,P:2039,0.7609764934
P:1894,P:2603,0.7617421746
P:1894,P:451,0.7625256777
P:1895,P:2000,0.856795311
P:1895,P:2603,0.8618370295
P:1895,P:2635,0.8569530249
P:1895,P:2771,0.8606333733
P:1895,P:2871,0.8594763279
P:1896,P:2000,0.8585277796
P:1896,P:2603,0.859467268
P:1896,P:2635,0.8583015203
P:1896,P:2771,0.8571065664
P:1896,P:2871,0.8583153486
P:1897,P:1354,0.5662971735
P:1897,P:2155,0.568831265
P:1897,P:2640,0.5667457581
P:1897,P:2958,0.5708712339
P:1897,P:941,0.5672201514
P:1898,P:1228,0.5605329871
P:1898,P:2124,0.5558585525
P:1898,P:2155,0.5605078936
P:1898,P:330,0.5557379127
P:1898,P:575,0.5573143959
P:1899,P:1230,0.832152009
P:1899,P:1476,0.8380938172
P:1899,P:1951,0.8378590345
P:1899,P:2156,0.8313015699
P:1899,P:747,0.8341832161
P:19,P:1400,0.5371033549
P:19,P:208,0.5438150764
P:19,P:2339,0.5416792631
P:19,P:402,0.5393708348
P:19,P:467,0.5361608267
P:190,P:1484,0.5112167597
P:190,P:2055,0.5117827058
P:190,P:2263,0.5110719204
P:190,P:2278,0.5114528537
P:190,P:244,0.509974122
P:1900,P:1913,0.5636360049
P:1900,P:2359,0.5622164607
P:1900,P:2567,0.5615032315
P:1900,P:2640,0.5661683083
P:1900,P:2958,0.563149631
P:1901,P:1248,0.5175640583
P:1901,P:1935,0.5174704194
P:1901,P:240,0.5222713351
P:1901,P:2575,0.5200555325
P:1901,P:778,0.513553381
P:1902,P:1113,0.5001837015
P:1902,P:1903,0.5043519735
P:1902,P:2136,0.5024056435
P:1902,P:2419,0.5003730059
P:1902,P:744,0.4983335733
P:1903,P:2584,0.7849797606
P:1903,P:2621,0.7819733024
P:1903,P:2715,0.7861947417
P:1903,P:618,0.7830737233
P:1904,P:1609,0.5792477131
P:1904,P:2978,0.5796949267
P:1904,P:413,0.5795072317
P:1904,P:86,0.5880114436
P:1904,P:87,0.5831694603
P:1905,P:2222,0.6056092978
P:1905,P:2536,0.6044899821
P:1905,P:2573,0.6095007062
P:1905,P:481,0.6126917601
P:1905,P:847,0.6150258183
P:1906,P:17,0.8722472191
P:1906,P:2068,0.8519987464
P:1906,P:2396,0.8575034142
P:1906,P:328,0.8577693105
P:1907,P:1913,0.5563802719
P:1907,P:2049,0.5562694073
P:1907,P:2359,0.5575723648
P:1907,P:2640,0.5589215159
P:1907,P:2958,0.5584282279
P:1908,P:1354,0.5682792664
P:1908,P:1913,0.5693914294
P:1908,P:2359,0.5699133277
P:1908,P:2640,0.5727433562
P:1908,P:2958,0.5708392859
P:1909,P:1913,0.5777009726
P:1909,P:1977,0.5759003758
P:1909,P:2359,0.5775072575
P:1909,P:2640,0.5791478753
P:1909,P:2958,0.5772561431
P:191,P:1440,0.5157104135
P:191,P:1903,0.5206026435
P:191,P:2055,0.5223724246
P:191,P:2100,0.5159996152
P:191,P:2278,0.5158014297
P:1910,P:1704,0.5113515258
P:1910,P:1753,0.5086740255
P:1910,P:213,0.5072359443
P:1910,P:2970,0.5088009238
P:1910,P:794,0.5090963244
P:1911,P:1440,0.4974422455
P:1911,P:1484,0.497723192
P:1911,P:208,0.5005252361
P:1911,P:2881,0.4996332228
P:1911,P:620,0.5008714199
P:1912,P:1228,0.5635928512
P:1912,P:2155,0.5642943978
P:1912,P:2579,0.5617518425
P:1912,P:2640,0.5672710538
P:1912,P:2958,0.5610778928
P:1913,P:1406,0.8408080935
P:1913,P:1476,0.8414874673
P:1913,P:1951,0.8450003266
P:1913,P:263,0.8344436288
P:1913,P:747,0.8369461894
P:1914,P:1479,0.608989656
P:1914,P:1711,0.6066307425
P:1914,P:1716,0.6069946289
P:1914,P:1721,0.6057845354
P:1914,P:2937,0.6071097255
P:1915,P:1893,0.5559657216
P:1915,P:1916,0.5504414439
P:1915,P:1997,0.550236702
P:1915,P:232,0.5553446412
P:1915,P:450,0.5560510755
P:1916,P:1896,0.7361577749
P:1916,P:2000,0.741332233
P:1916,P:2759,0.7326549292
P:1916,P:451,0.7355142832
P:1916,P:839,0.7326917648
P:1917,P:2039,0.8506513834
P:1917,P:2603,0.8541530967
P:1917,P:2635,0.851223588
P:1917,P:2771,0.8534453511
P:1917,P:2871,0.8530802131
P:1918,P:1656,0.4135017991
P:1918,P:1919,0.4156577885
P:1918,P:2017,0.4196272194
P:1918,P:2733,0.4154200852
P:1918,P:371,0.4145111442
P:1919,P:1086,0.6288500428
P:1919,P:2387,0.632194519
P:1919,P:2575,0.62960428
P:1919,P:694,0.6328036189
P:192,P:1935,0.4721857309
P:192,P:2004,0.4703621864
P:192,P:2680,0.4701666236
P:192,P:778,0.4719479382
P:192,P:815,0.468539536
P:1920,P:2263,0.8837730289
P:1920,P:244,0.8898425698
P:1920,P:2584,0.8953012824
P:1920,P:485,0.9084986448
P:1921,P:1922,0.4751142859
P:1921,P:1935,0.4763676524
P:1921,P:2004,0.4768664837
P:1921,P:2916,0.4760459065
P:1921,P:778,0.4787903726
P:1922,P:1311,0.7469139695
P:1922,P:2308,0.7418648005
P:1922,P:267,0.7422773838
P:1922,P:390,0.7475252151
P:1922,P:479,0.7515792251
P:1923,P:1440,0.5171583891
P:1923,P:1484,0.5149917603
P:1923,P:2055,0.5176587105
P:1923,P:2100,0.5173744559
P:1923,P:2278,0.5142477751
P:1924,P:2424,0.5163086057
P:1924,P:2468,0.5159510374
P:1924,P:2661,0.5319473147
P:1924,P:2756,0.5186702609
P:1924,P:870,0.5158435702
P:1925,P:1601,0.6958644986
P:1925,P:2222,0.6990498304
P:1925,P:2424,0.6961827874
P:1925,P:2662,0.6944801211
P:1925,P:2937,0.6941972375
P:1926,P:138,0.8421744704
P:1926,P:1951,0.8424301147
P:1926,P:2238,0.8438336849
P:1926,P:2413,0.8475988507
P:1926,P:422,0.8450690508
P:1927,P:1042,0.5403400064
P:1927,P:1553,0.5392126441
P:1927,P:1903,0.5412774086
P:1927,P:2655,0.5381238461
P:1927,P:2817,0.5393900275
P:1928,P:1022,0.8032964468
P:1928,P:182,0.7980942726
P:1928,P:2715,0.7975480556
P:1928,P:569,0.8030462861
P:1929,P:1766,0.5455732346
P:1929,P:2978,0.5444432497
P:1929,P:413,0.5457951427
P:1929,P:66,0.5397043824
P:1929,P:86,0.5518169403
P:193,P:1311,0.7362225652
P:193,P:2308,0.7301585078
P:193,P:2547,0.730714798
P:193,P:390,0.7301486731
P:193,P:479,0.7369992137
P:1930,P:1984,0.767052114
P:1930,P:2610,0.7689568996
P:1930,P:465,0.7664683461
P:1930,P:496,0.7640112638
P:1930,P:87,0.7651020885
P:1931,P:1537,0.4357447922
P:1931,P:1656,0.4347017407
P:1931,P:1932,0.4351246059
P:1931,P:2406,0.4329913855
P:1931,P:2538,0.4346223176
P:1932,P:1180,0.6397365928
P:1932,P:1277,0.6396487951
P:1932,P:1290,0.647074163
P:1932,P:1436,0.6488328576
P:1933,P:1181,0.8391923904
P:1933,P:1291,0.8442122936
P:1933,P:1659,0.8398635983
P:1933,P:407,0.8393138647
P:1933,P:654,0.8390839696
P:1934,P:1342,0.4790415764
P:1934,P:1935,0.482491374
P:1934,P:2004,0.478212297
P:1934,P:2916,0.476989001
P:1934,P:778,0.4809768796
P:1935,P:1038,0.7419056892
P:1935,P:1248,0.7420558333
P:1935,P:2575,0.7452353239
P:1935,P:390,0.752612412
P:1935,P:479,0.7486957312
P:1936,P:1937,0.4652400911
P:1936,P:2191,0.4692744613
P:1936,P:2661,0.4767525196
P:1936,P:2821,0.4782299101
P:1936,P:298,0.4699703455
P:1937,P:1704,0.673276484
P:1937,P:634,0.6611631513
P:1937,P:794,0.6617800593
P:1937,P:921,0.6616442204
P:1938,P:138,0.7312346101
P:1938,P:1634,0.735399425
P:1938,P:1951,0.7402448058
P:1938,P:2413,0.7357892394
P:1938,P:300,0.7332022786
P:1939,P:1380,0.7757259011
P:1939,P:1601,0.7735652924
P:1939,P:1951,0.7765273452
P:1939,P:2238,0.7817440629
P:1939,P:2413,0.768096447
P:194,P:1042,0.5011142492
P:194,P:1903,0.5065963864
P:194,P:2055,0.5008944869
P:194,P:564,0.5030350685
P:194,P:74,0.5027378798
P:1940,P:1380,0.8721806407
P:1940,P:1853,0.8701010346
P:1940,P:1951,0.8613882065
P:1940,P:2238,0.87823838
P:1940,P:422,0.8704422712
P:1941,P:1400,0.5147103071
P:1941,P:1484,0.5140355229
P:1941,P:208,0.5159569383
P:1941,P:292,0.5152973533
P:1941,P:402,0.5155617595
P:1942,P:1157,0.5601525903
P:1942,P:1197,0.5572572351
P:1942,P:1943,0.5586542487
P:1942,P:2331,0.5584014058
P:1942,P:481,0.5640797019
P:1943,P:1761,0.7649009228
P:1943,P:213,0.7594839334
P:1943,P:2536,0.7682724595
P:1943,P:802,0.7639386654
P:1943,P:847,0.7586656809
P:1944,P:1440,0.5305438042
P:1944,P:1903,0.5340207219
P:1944,P:2055,0.5363123417
P:1944,P:2100,0.5304149985
P:1944,P:2278,0.5295920372
P:1945,P:1751,0.5215401053
P:1945,P:1793,0.5185258389
P:1945,P:2085,0.5229694843
P:1945,P:2136,0.5209755898
P:1945,P:2447,0.5180578828
P:1946,P:1183,0.7583823204
P:1946,P:1903,0.7585275173
P:1946,P:323,0.7574190497
P:1946,P:618,0.7558324337
P:1946,P:74,0.758783102
P:1947,P:1948,0.4703682363
P:1947,P:2191,0.4717535377
P:1947,P:2821,0.4727257788
P:1947,P:298,0.4692879021
P:1947,P:578,0.4636870921
P:1948,P:1663,0.65802598
P:1948,P:1704,0.6686022878
P:1948,P:2970,0.6561979651
P:1948,P:634,0.6598476171
P:1949,P:1476,0.7853827477
P:1949,P:1634,0.7821213007
P:1949,P:1951,0.7947018147
P:1949,P:2413,0.7828243971
P:1949,P:300,0.7788673043
P:195,P:1831,0.5330688357
P:195,P:208,0.5355692506
P:195,P:2100,0.5368632674
P:195,P:2339,0.5363390446
P:195,P:402,0.5358427763
P:1950,P:1476,0.7776101232
P:1950,P:1500,0.7693791986
P:1950,P:1634,0.7735341787
P:1950,P:1951,0.7918388247
P:1950,P:2413,0.7700282931
P:1951,P:1476,0.9477167726
P:1951,P:1500,0.9348578453
P:1951,P:1852,0.9396217465
P:1951,P:282,0.9286583066
P:1952,P:1484,0.5198292732
P:1952,P:1560,0.5199200511
P:1952,P:208,0.5189706087
P:1952,P:2263,0.5174889565
P:1952,P:244,0.5170536041
P:1953,P:1069,0.5325667858
P:1953,P:1400,0.5301739573
P:1953,P:208,0.5321681499
P:1953,P:292,0.5303726196
P:1953,P:936,0.531355679
P:1954,P:1656,0.4363135993
P:1954,P:1955,0.4340294302
P:1954,P:2538,0.4392853379
P:1954,P:265,0.4401798248
P:1954,P:85,0.4384593666
P:1955,P:1248,0.6531784534
P:1955,P:2575,0.6518248916
P:1955,P:778,0.6551158428
P:1955,P:86,0.6497274637
P:1956,P:1221,0.7598077655
P:1956,P:1274,0.7617033124
P:1956,P:1311,0.7704610825
P:1956,P:1957,0.7626745701
P:1956,P:2346,0.7665643692
P:1957,P:1274,0.8704078794
P:1957,P:1533,0.8842073083
P:1957,P:244,0.8705749512
P:1957,P:2607,0.8722316623
P:1958,P:1349,0.4278010726
P:1958,P:1755,0.4278725684
P:1958,P:2219,0.4369456172
P:1958,P:2492,0.4268707335
P:1958,P:757,0.4286245108
P:1959,P:1086,0.6486744881
P:1959,P:1415,0.6414394975
P:1959,P:1529,0.643964529
P:1959,P:1592,0.6408270597
P:1959,P:2211,0.641356945
P:196,P:1042,0.5005308986
P:196,P:1903,0.5057456493
P:196,P:2055,0.5025935769
P:196,P:2100,0.4997105598
P:196,P:2265,0.5013303161
P:1960,P:2517,0.8400800228
P:1960,P:2700,0.8392418027
P:1960,P:33,0.8449838161
P:1960,P:390,0.8503017426
P:1961,P:2517,0.8546128273
P:1961,P:411,0.8468258381
P:1961,P:723,0.8554648161
P:1961,P:828,0.8457950354
P:1962,P:1032,0.5076901913
P:1962,P:1751,0.507257998
P:1962,P:1793,0.5110349655
P:1962,P:2085,0.5090002418
P:1962,P:2377,0.5082753301
P:1963,P:1793,0.7374246716
P:1963,P:1951,0.7354636192
P:1963,P:2419,0.735622704
P:1963,P:323,0.739051342
P:1963,P:74,0.740318656
P:1964,P:148,0.4576374292
P:1964,P:1965,0.4629021287
P:1964,P:2459,0.4642004371
P:1964,P:2605,0.4566403329
P:1964,P:995,0.4578003287
P:1965,P:2070,0.6848469973
P:1965,P:2170,0.6850164533
P:1965,P:2339,0.6886551976
P:1965,P:402,0.685147047
P:1965,P:786,0.6864314079
P:1966,P:1274,0.750973165
P:1966,P:150,0.7496246099
P:1966,P:1533,0.7585130334
P:1966,P:244,0.7508628368
P:1966,P:2607,0.7605980039
P:1967,P:150,0.8902618289
P:1967,P:1533,0.8939106464
P:1967,P:2584,0.8842146993
P:1967,P:2607,0.9000944495
P:1967,P:485,0.8831077814
P:1968,P:1159,0.4566515088
P:1968,P:2432,0.4591047764
P:1968,P:2836,0.457221508
P:1968,P:509,0.4581646919
P:1968,P:809,0.4563875794
P:1969,P:1086,0.7176996469
P:1969,P:1461,0.7239687443
P:1969,P:1529,0.7185974717
P:1969,P:1592,0.7116904259
P:1969,P:2211,0.7147283554
P:197,P:203,0.540546
P:197,P:2070,0.543727994
P:197,P:2170,0.5414360166
P:197,P:2339,0.5438894033
P:197,P:366,0.5403307676
P:1970,P:1069,0.5361153483
P:1970,P:1262,0.5368844271
P:1970,P:2648,0.5352973938
P:1970,P:2876,0.5342653394
P:1970,P:366,0.5374467373
P:1971,P:1069,0.5496038795
P:1971,P:1262,0.550553143
P:1971,P:203,0.5488472581
P:1971,P:2648,0.5516979694
P:1971,P:366,0.5521804094
P:1972,P:1221,0.8014694452
P:1972,P:1614,0.7989439964
P:1972,P:2117,0.7980369925
P:1972,P:2346,0.799171567
P:1972,P:314,0.7972124219
P:1973,P:1440,0.5176251531
P:1973,P:1484,0.5210045576
P:1973,P:2055,0.5176615119
P:1973,P:2100,0.5177969337
P:1973,P:402,0.5169274211
P:1974,P:1204,0.5506571531
P:1974,P:1228,0.551063776
P:1974,P:2124,0.552308321
P:1974,P:2155,0.5536855459
P:1974,P:575,0.5510684252
P:1975,P:1201,0.7280561328
P:1975,P:1977,0.7286560535
P:1975,P:2049,0.7259312272
P:1975,P:747,0.7271871567
P:1975,P:913,0.7258601189
P:1976,P:1201,0.7532610893
P:1976,P:1520,0.7504719496
P:1976,P:1977,0.7532966137
P:1976,P:747,0.7524752021
P:1976,P:984,0.7501640916
P:1977,P:1230,0.8527438641
P:1977,P:1476,0.8588576317
P:1977,P:1951,0.8563989997
P:1977,P:747,0.8531022072
P:1977,P:984,0.8544522524
P:1978,P:1440,0.5321937799
P:1978,P:1928,0.5301784277
P:1978,P:2055,0.5296527743
P:1978,P:2100,0.5296729207
P:1978,P:2817,0.528963089
P:1979,P:1601,0.5899034142
P:1979,P:2662,0.59389323
P:1979,P:2756,0.5826327801
P:1979,P:2823,0.5838688612
P:1979,P:399,0.5850072503
P:198,P:1374,0.7760443091
P:198,P:1614,0.781848371
P:198,P:2346,0.7746794224
P:198,P:314,0.7782626748
P:198,P:628,0.7772905827
P:1980,P:1461,0.5088977814
P:1980,P:240,0.5230593085
P:1980,P:2575,0.5088140965
P:1980,P:2815,0.5123881102
P:1980,P:2836,0.5083101988
P:1981,P:1440,0.502892673
P:1981,P:1484,0.5043165684
P:1981,P:208,0.5083232522
P:1981,P:2339,0.5042187572
P:1981,P:620,0.5027405024
P:1982,P:1983,0.5312054157
P:1982,P:2051,0.5238097906
P:1982,P:2545,0.5258862972
P:1982,P:339,0.5231436491
P:1982,P:464,0.5271424055
P:1983,P:1311,0.7513386607
P:1983,P:1984,0.7524107695
P:1983,P:465,0.7454308867
P:1983,P:496,0.7554948926
P:1984,P:1311,0.8358709216
P:1984,P:2053,0.8375418186
P:1984,P:465,0.8427203894
P:1984,P:496,0.8399576545
P:1985,P:1720,0.5598495603
P:1985,P:1986,0.5521376133
P:1985,P:2424,0.5558724999
P:1985,P:2661,0.5540764332
P:1985,P:2937,0.5513920784
P:1986,P:2222,0.7349027395
P:1986,P:2424,0.722418189
P:1986,P:2573,0.7282522321
P:1986,P:2823,0.7215019464
P:1986,P:847,0.731605649
P:1987,P:1214,0.8249273896
P:1987,P:1601,0.8273602128
P:1987,P:2823,0.8253956437
P:1987,P:422,0.8415949941
P:1987,P:969,0.8311229348
P:1988,P:1903,0.5473788381
P:1988,P:2055,0.5466639996
P:1988,P:2278,0.5399070382
P:1988,P:2715,0.5443505049
P:1988,P:961,0.5404905677
P:1989,P:1140,0.525056839
P:1989,P:1990,0.53604424
P:1989,P:2661,0.5321646929
P:1989,P:2821,0.5357473493
P:1989,P:420,0.5266515017
P:199,P:1440,0.5238212943
P:199,P:1484,0.5251273513
P:199,P:2055,0.5219793916
P:199,P:2100,0.5250871181
P:199,P:402,0.5230568647
P:1990,P:1760,0.7086254358
P:1990,P:1761,0.7118145227
P:1990,P:421,0.7050015926
P:1990,P:968,0.7097635865
P:1991,P:1748,0.8353994489
P:1991,P:1853,0.844225049
P:1991,P:422,0.8702180982
P:1991,P:969,0.8430585265
P:1992,P:1993,0.4748074412
P:1992,P:2219,0.4710015655
P:1992,P:326,0.4665282369
P:1992,P:600,0.4717875123
P:1992,P:757,0.4681379199
P:1993,P:1086,0.7003868818
P:1993,P:109,0.7012462616
P:1993,P:1461,0.6976128221
P:1993,P:1529,0.6955648661
P:1993,P:2211,0.694626987
P:1994,P:17,0.8220221996
P:1994,P:1906,0.8181791902
P:1994,P:2068,0.8162329793
P:1994,P:328,0.8197565079
P:1994,P:513,0.8146755099
P:1995,P:1400,0.5437201262
P:1995,P:208,0.5478036404
P:1995,P:2339,0.5480200052
P:1995,P:402,0.5465157032
P:1995,P:467,0.5437492728
P:1996,P:1893,0.5575164557
P:1996,P:1916,0.5497612953
P:1996,P:1997,0.5514788032
P:1996,P:232,0.554680109
P:1996,P:450,0.5574399829
P:1997,P:2000,0.7255273461
P:1997,P:2372,0.7194805145
P:1997,P:2630,0.7204974294
P:1997,P:2759,0.721419394
P:1997,P:839,0.7217041254
P:1998,P:1177,0.7397347093
P:1998,P:1896,0.7407029867
P:1998,P:2000,0.7469905019
P:1998,P:2471,0.74036479
P:1998,P:451,0.7384116054
P:1999,P:1456,0.7716699839
P:1999,P:1896,0.7736827135
P:1999,P:2000,0.7805714607
P:1999,P:2603,0.7737350464
P:1999,P:2759,0.7714912295
P:2,P:1308,0.6784803271
P:2,P:1390,0.6784232855
P:2,P:2395,0.687014401
P:2,P:741,0.6705513
P:20,P:1248,0.5056606531
P:20,P:1935,0.5084131956
P:20,P:240,0.5151439309
P:20,P:2575,0.5090931654
P:20,P:2815,0.5073223114
P:200,P:1546,0.5235840678
P:200,P:1553,0.5225151777
P:200,P:1829,0.5231252909
P:200,P:2100,0.5236321092
P:200,P:2817,0.5259590149
P:2000,P:1456,0.8609985113
P:2000,P:2603,0.8643496037
P:2000,P:2635,0.859103024
P:2000,P:2871,0.8591041565
P:2001,P:1440,0.518979907
P:2001,P:1484,0.5176194906
P:2001,P:208,0.5171701908
P:2001,P:2100,0.5183225274
P:2001,P:2339,0.5161996484
P:2002,P:1042,0.5255531073
P:2002,P:1903,0.531157732
P:2002,P:2055,0.5319600701
P:2002,P:2265,0.5266043544
P:2002,P:2278,0.5260230303
P:2003,P:1935,0.4619899094
P:2003,P:2004,0.4617697001
P:2003,P:2680,0.4598833621
P:2003,P:2916,0.4602371454
P:2003,P:778,0.4627375305
P:2004,P:1311,0.7502376437
P:2004,P:2547,0.7456932068
P:2004,P:2575,0.7447368503
P:2004,P:390,0.7553496361
P:2004,P:479,0.7553079724
P:2005,P:1042,0.5203717947
P:2005,P:1044,0.5190691948
P:2005,P:1903,0.5242440701
P:2005,P:2055,0.5217003226
P:2005,P:74,0.5190111995
P:2006,P:1486,0.4232614636
P:2006,P:162,0.4221822619
P:2006,P:2501,0.4204559624
P:2006,P:256,0.4198515415
P:2006,P:825,0.4266613424
P:2007,P:2191,0.4945223629
P:2007,P:2821,0.4953261614
P:2007,P:298,0.4913897216
P:2007,P:397,0.4869440496
P:2007,P:420,0.4900049567
P:2008,P:1135,0.7065262198
P:2008,P:17,0.7055369616
P:2008,P:2683,0.7116086483
P:2008,P:781,0.707690835
P:2009,P:1809,0.8708319068
P:2009,P:2584,0.8639551997
P:2009,P:2955,0.8743338585
P:2009,P:790,0.875603199
P:201,P:1022,0.7597152591
P:201,P:1647,0.7587096691
P:201,P:1928,0.7593448758
P:201,P:2100,0.7586365938
P:201,P:569,0.7578969598
P:2010,P:1377,0.4741355479
P:2010,P:2011,0.4720854461
P:2010,P:2235,0.4719239771
P:2010,P:280,0.4688084722
P:2010,P:615,0.4691221416
P:2011,P:1003,0.6532464027
P:2011,P:1473,0.6481950283
P:2011,P:1513,0.6485314965
P:2011,P:1850,0.6494563222
P:2012,P:1476,0.7407482266
P:2012,P:1634,0.7361138463
P:2012,P:1951,0.7558752894
P:2012,P:2013,0.7394080162
P:2012,P:583,0.7339411378
P:2013,P:1476,0.9150149822
P:2013,P:1500,0.9058995843
P:2013,P:1852,0.9106535912
P:2013,P:1951,0.9187194109
P:2013,P:618,0.9048820734
P:2014,P:1484,0.5182311535
P:2014,P:2100,0.5153110623
P:2014,P:2370,0.5144512057
P:2014,P:244,0.5143821239
P:2014,P:402,0.5172176957
P:2015,P:1415,0.4937669337
P:2015,P:1461,0.4991324246
P:2015,P:1529,0.4939258397
P:2015,P:240,0.502242744
P:2015,P:2815,0.4965302348
P:2016,P:1820,0.4138253033
P:2016,P:1875,0.407171309
P:2016,P:2017,0.4210936725
P:2016,P:2191,0.4055500627
P:2016,P:371,0.4114560187
P:2017,P:1461,0.5996255875
P:2017,P:1948,0.6028920412
P:2017,P:2191,0.5978417993
P:2017,P:443,0.5978806019
P:2018,P:1570,0.6845262647
P:2018,P:2583,0.6968171
P:2018,P:2584,0.7066702247
P:2018,P:485,0.6831330657
P:2018,P:713,0.6819076538
P:2019,P:1057,0.9258206487
P:2019,P:1570,0.911012888
P:2019,P:2584,0.9364521503
P:2019,P:282,0.907442987
P:2019,P:485,0.9220805168
P:202,P:1400,0.5279505849
P:202,P:203,0.5318468213
P:202,P:2070,0.5278092623
P:202,P:2260,0.5285582542
P:202,P:2339,0.5333054662
P:2020,P:1248,0.5080751777
P:2020,P:1935,0.5067099333
P:2020,P:2163,0.5075427294
P:2020,P:240,0.5208352804
P:2020,P:2575,0.5113360882
P:2021,P:1913,0.5701082349
P:2021,P:2359,0.5686006546
P:2021,P:2640,0.5723802447
P:2021,P:2958,0.5686764121
P:2021,P:747,0.568162024
P:2022,P:1377,0.4726833999
P:2022,P:1498,0.4792585969
P:2022,P:2023,0.4737497866
P:2022,P:2235,0.478584975
P:2022,P:2909,0.4727135897
P:2023,P:1378,0.6821739674
P:2023,P:1379,0.6931185722
P:2023,P:1380,0.6819857955
P:2023,P:1951,0.690295279
P:2023,P:2579,0.6884961724
P:2024,P:1380,0.7707519531
P:2024,P:1476,0.7701956034
P:2024,P:1951,0.7798846364
P:2024,P:2413,0.7763834596
P:2024,P:300,0.7711479664
P:2025,P:1380,0.8733186126
P:2025,P:1853,0.8597866893
P:2025,P:1951,0.8670095801
P:2025,P:2026,0.8610526323
P:2025,P:2238,0.8694342375
P:2026,P:1500,0.9141842127
P:2026,P:1853,0.9167360663
P:2026,P:2413,0.916413188
P:2026,P:790,0.9154687524
P:2027,P:1248,0.5109252334
P:2027,P:1935,0.5139849186
P:2027,P:240,0.5152499676
P:2027,P:2575,0.5138573647
P:2027,P:778,0.5088672042
P:2028,P:1440,0.509241581
P:2028,P:1555,0.5098645091
P:2028,P:2100,0.5108044147
P:2028,P:2487,0.5093066692
P:2028,P:2817,0.513569355
P:2029,P:1636,0.4889657199
P:2029,P:1753,0.4889390469
P:2029,P:2531,0.4879126251
P:2029,P:2970,0.4900071323
P:2029,P:794,0.4905399084
P:203,P:1069,0.7744483352
P:203,P:1614,0.7833561301
P:203,P:2346,0.7734414935
P:203,P:314,0.7809285522
P:203,P:628,0.777156353
P:2030,P:1570,0.8101314902
P:2030,P:1672,0.8087275028
P:2030,P:2078,0.8042874336
P:2030,P:2584,0.8084899187
P:2030,P:2607,0.8121132851
P:2031,P:150,0.8105052114
P:2031,P:1672,0.8129290342
P:2031,P:2078,0.8093604445
P:2031,P:2607,0.8200168014
P:2031,P:5,0.8089772463
P:2032,P:1831,0.5124010444
P:2032,P:1836,0.5104467273
P:2032,P:2260,0.5129503012
P:2032,P:2339,0.5168039799
P:2032,P:362,0.5120652318
P:2033,P:1647,0.7608534694
P:2033,P:1831,0.7615442872
P:2033,P:402,0.7642756104
P:2033,P:569,0.7636064887
P:2033,P:786,0.7617028952
P:2034,P:1672,0.5126120448
P:2034,P:1903,0.5172563791
P:2034,P:2055,0.5194134712
P:2034,P:2265,0.5131180882
P:2034,P:2278,0.51338166
P:2035,P:1042,0.5216969252
P:2035,P:1513,0.5217123032
P:2035,P:1903,0.5276883841
P:2035,P:2136,0.5221865177
P:2035,P:74,0.5244604945
P:2036,P:1109,0.5383825898
P:2036,P:1204,0.5404233932
P:2036,P:1893,0.5425264835
P:2036,P:232,0.543746531
P:2036,P:450,0.5405886769
P:2037,P:1201,0.7105150223
P:2037,P:1295,0.7106112242
P:2037,P:1977,0.7112834454
P:2037,P:2634,0.710896194
P:2037,P:913,0.7127040625
P:2038,P:1896,0.7667005062
P:2038,P:2000,0.7699071169
P:2038,P:2603,0.7649487853
P:2038,P:2635,0.7654864192
P:2038,P:984,0.7660409808
P:2039,P:2603,0.8637116551
P:2039,P:2635,0.8621050715
P:2039,P:2771,0.863820076
P:2039,P:2871,0.8633457422
P:204,P:1913,0.5773091912
P:204,P:2567,0.5744614005
P:204,P:2640,0.5788503885
P:204,P:2958,0.5742547512
P:204,P:747,0.5741683245
P:2040,P:1935,0.4605490863
P:2040,P:2004,0.4580292702
P:2040,P:2916,0.4584960341
P:2040,P:778,0.4607362449
P:2040,P:815,0.4585260749
P:2041,P:1038,0.7393208146
P:2041,P:1311,0.7384538651
P:2041,P:1756,0.7377031446
P:2041,P:390,0.7493380904
P:2041,P:479,0.7496079206
P:2042,P:162,0.4548009336
P:2042,P:2043,0.4497635365
P:2042,P:2066,0.4428730011
P:2042,P:2395,0.4462987185
P:2042,P:2682,0.4542320073
P:2043,P:16,0.6779863238
P:2043,P:2682,0.6695823073
P:2043,P:665,0.6698715091
P:2043,P:89,0.6736565232
P:2044,P:17,0.8535144329
P:2044,P:2026,0.8568326831
P:2044,P:2584,0.8527505398
P:2044,P:2955,0.8608189821
P:2044,P:790,0.8678198457
P:2045,P:1380,0.8579832315
P:2045,P:17,0.8472664952
P:2045,P:2026,0.8449056149
P:2045,P:2238,0.8521545529
P:2045,P:790,0.842384398
P:2046,P:1204,0.5282898545
P:2046,P:2124,0.5276097059
P:2046,P:2155,0.5276975632
P:2046,P:232,0.5282036662
P:2046,P:575,0.5282601118
P:2047,P:1476,0.7430619597
P:2047,P:1951,0.7516168952
P:2047,P:2049,0.7420935035
P:2047,P:576,0.7406349182
P:2047,P:747,0.7448511124
P:2048,P:2000,0.7329939604
P:2048,P:2049,0.7324047089
P:2048,P:2635,0.7368406653
P:2048,P:451,0.7343980074
P:2048,P:984,0.7335385084
P:2049,P:1476,0.8641375899
P:2049,P:1951,0.866055131
P:2049,P:2552,0.8481023908
P:2049,P:747,0.8494696617
P:2049,P:984,0.8538094163
P:205,P:1157,0.5477341413
P:205,P:118,0.5454061031
P:205,P:1417,0.5437176228
P:205,P:2331,0.5472003222
P:205,P:801,0.5466777086
P:2050,P:1983,0.5023959279
P:2050,P:2051,0.5124149919
P:2050,P:2545,0.5020276308
P:2050,P:339,0.502240479
P:2050,P:464,0.5011641383
P:2051,P:1983,0.7088216543
P:2051,P:1984,0.707672298
P:2051,P:464,0.7227939963
P:2051,P:496,0.7099949718
P:2052,P:2053,0.7812382579
P:2052,P:2308,0.7664009333
P:2052,P:2547,0.7643898726
P:2052,P:465,0.7619371414
P:2053,P:1255,0.8654437661
P:2053,P:2396,0.8635689616
P:2053,P:465,0.8620108962
P:2053,P:742,0.8664392233
P:2054,P:1144,0.4562686682
P:2054,P:1236,0.4567792714
P:2054,P:1563,0.4594630599
P:2054,P:1859,0.4600010812
P:2054,P:2452,0.456494242
P:2055,P:1057,0.8005791306
P:2055,P:1145,0.7998491526
P:2055,P:1860,0.8049917817
P:2055,P:2584,0.8000721335
P:2055,P:961,0.8015512228
P:2056,P:1069,0.547539115
P:2056,P:1400,0.5463392138
P:2056,P:208,0.545845747
P:2056,P:292,0.5466647148
P:2056,P:402,0.5456514359
P:2057,P:1440,0.5336783528
P:2057,P:1903,0.5390254259
P:2057,P:2055,0.5406439304
P:2057,P:2278,0.5357170701
P:2057,P:2715,0.5335169435
P:2058,P:1513,0.5632461309
P:2058,P:2136,0.5589606166
P:2058,P:2419,0.5595146418
P:2058,P:2447,0.5589540005
P:2058,P:2834,0.5621805191
P:2059,P:1069,0.5505330563
P:2059,P:203,0.5485596061
P:2059,P:208,0.5471741557
P:2059,P:2339,0.5464886427
P:2059,P:292,0.5471296906
P:206,P:1157,0.734967351
P:206,P:1761,0.7372342944
P:206,P:213,0.7403187156
P:206,P:2536,0.7366887331
P:206,P:802,0.7341338396
P:2060,P:1609,0.4917930663
P:2060,P:2066,0.4909691215
P:2060,P:2395,0.4922863543
P:2060,P:2961,0.4976058602
P:2060,P:66,0.4936462641
P:2061,P:2396,0.7534428835
P:2061,P:2610,0.7532849312
P:2061,P:513,0.7487933636
P:2061,P:620,0.7526468635
P:2061,P:957,0.7481839061
P:2062,P:1403,0.5126416683
P:2062,P:166,0.5123797059
P:2062,P:2063,0.514175415
P:2062,P:2987,0.5123715401
P:2062,P:763,0.5249272585
P:2063,P:1406,0.7397282124
P:2063,P:1913,0.7362386584
P:2063,P:1951,0.7410545945
P:2063,P:2579,0.7409219146
P:2064,P:1476,0.8819823265
P:2064,P:1852,0.8712522984
P:2064,P:1951,0.8762238622
P:2064,P:263,0.8625362515
P:2064,P:360,0.8704655766
P:2065,P:1390,0.4934939444
P:2065,P:1723,0.4895350635
P:2065,P:2066,0.5089611411
P:2065,P:2609,0.4919471443
P:2065,P:350,0.4878295064
P:2066,P:1390,0.6929203272
P:2066,P:2395,0.6980090141
P:2066,P:66,0.6890209913
P:2066,P:86,0.6973121166
P:2067,P:109,0.7701870799
P:2067,P:1575,0.7755821347
P:2067,P:2053,0.7751629353
P:2067,P:2068,0.7859250903
P:2068,P:17,0.8519569635
P:2068,P:1906,0.8519987464
P:2068,P:2053,0.8618173003
P:2068,P:328,0.8602127433
P:2069,P:203,0.5545939207
P:2069,P:2070,0.5559030771
P:2069,P:2260,0.5529470444
P:2069,P:2339,0.5580760241
P:2069,P:366,0.5523210168
P:207,P:1491,0.518961072
P:207,P:1738,0.5193324089
P:207,P:208,0.520752728
P:207,P:2145,0.5184422731
P:207,P:2339,0.5250911117
P:2070,P:1374,0.7870177031
P:2070,P:1614,0.7971950173
P:2070,P:314,0.7929918766
P:2070,P:569,0.787850976
P:2070,P:628,0.7943310738
P:2071,P:1032,0.5087525249
P:2071,P:1793,0.5126932859
P:2071,P:2085,0.5120311379
P:2071,P:2377,0.5111662745
P:2071,P:2874,0.5095368028
P:2072,P:1513,0.7296416163
P:2072,P:1793,0.7312597632
P:2072,P:2705,0.7279636264
P:2072,P:323,0.7308235765
P:2072,P:74,0.7285545468
P:2073,P:1042,0.5070692301
P:2073,P:1440,0.5067204833
P:2073,P:1903,0.5120593905
P:2073,P:2055,0.5093576312
P:2073,P:564,0.5087947249
P:2074,P:1491,0.5350145102
P:2074,P:2075,0.5367324948
P:2074,P:2260,0.5362862945
P:2074,P:2339,0.5419713259
P:2074,P:2361,0.5349705815
P:2075,P:1274,0.7791029811
P:2075,P:1614,0.7798216343
P:2075,P:314,0.779276669
P:2075,P:569,0.777921617
P:2075,P:628,0.7767916322
P:2076,P:1671,0.4528110921
P:2076,P:2077,0.4580676258
P:2076,P:2395,0.4509412944
P:2076,P:2597,0.4499214292
P:2076,P:2605,0.4604353011
P:2077,P:1671,0.7047829628
P:2077,P:215,0.7044136524
P:2077,P:66,0.7082198858
P:2077,P:741,0.7075445056
P:2078,P:1057,0.874950707
P:2078,P:150,0.8771079183
P:2078,P:1570,0.8820773959
P:2078,P:2584,0.8853942752
P:2078,P:2607,0.8871244788
P:2079,P:1009,0.5016795993
P:2079,P:2961,0.500597477
P:2079,P:665,0.5056666732
P:2079,P:865,0.5090159774
P:2079,P:89,0.5080569983
P:208,P:1614,0.773865819
P:208,P:314,0.7750468254
P:208,P:402,0.7725816369
P:208,P:569,0.7718920112
P:2080,P:17,0.7534756064
P:2080,P:2103,0.7419306636
P:2080,P:2384,0.7453833818
P:2080,P:755,0.7475477457
P:2080,P:957,0.7505289912
P:2081,P:1204,0.552366972
P:2081,P:1893,0.5586636662
P:2081,P:1997,0.5530213714
P:2081,P:232,0.5575408936
P:2081,P:450,0.5586038232
P:2082,P:1896,0.7322818041
P:2082,P:2000,0.7375552058
P:2082,P:2630,0.729008019
P:2082,P:451,0.7316530943
P:2082,P:839,0.7293482423
P:2083,P:2000,0.8512302637
P:2083,P:2603,0.8544772863
P:2083,P:2635,0.8515278697
P:2083,P:2771,0.8533343077
P:2083,P:2871,0.8531428576
P:2084,P:1513,0.5153821707
P:2084,P:1751,0.520008266
P:2084,P:2085,0.5214911103
P:2084,P:2866,0.5193145871
P:2084,P:395,0.5174940228
P:2085,P:1513,0.7589876056
P:2085,P:1951,0.7530179024
P:2085,P:2579,0.7605455518
P:2085,P:323,0.7529762387
P:2086,P:1086,0.5069704056
P:2086,P:1461,0.509590745
P:2086,P:240,0.5191699862
P:2086,P:2815,0.5097945333
P:2086,P:344,0.5071058869
P:2087,P:2070,0.5329967141
P:2087,P:2075,0.5318629146
P:2087,P:2260,0.5316785574
P:2087,P:2270,0.531270802
P:2087,P:2339,0.537076056
P:2088,P:1274,0.7970568538
P:2088,P:1374,0.7976657152
P:2088,P:314,0.7967985272
P:2088,P:569,0.7993602157
P:2088,P:628,0.7983273864
P:2089,P:1236,0.471138984
P:2089,P:1563,0.4716440737
P:2089,P:1859,0.4669874609
P:2089,P:1868,0.4682504237
P:2089,P:711,0.4742015004
P:209,P:1069,0.5258187652
P:209,P:1400,0.5252370834
P:209,P:208,0.5280992985
P:209,P:2339,0.5264781713
P:209,P:292,0.5254861116
P:2090,P:1144,0.4601975083
P:2090,P:1868,0.4654970765
P:2090,P:2889,0.4615488648
P:2090,P:711,0.4654741287
P:2090,P:959,0.4610039294
P:2091,P:1859,0.70840168
P:2091,P:1860,0.7054499984
P:2091,P:2584,0.6932998896
P:2091,P:713,0.7178015709
P:2091,P:961,0.6990324259
P:2092,P:1057,0.8805903196
P:2092,P:1860,0.8727799654
P:2092,P:2584,0.8805713654
P:2092,P:485,0.8690760732
P:2092,P:714,0.8635832071
P:2093,P:1086,0.5227918029
P:2093,P:1415,0.5215787888
P:2093,P:1461,0.5289598703
P:2093,P:1529,0.5238395929
P:2093,P:2211,0.5226086974
P:2094,P:1404,0.5451940894
P:2094,P:1513,0.543816328
P:2094,P:2579,0.5485309958
P:2094,P:2640,0.54264009
P:2094,P:2866,0.5416202545
P:2095,P:1656,0.4383598566
P:2095,P:1932,0.4391918182
P:2095,P:2406,0.4387058616
P:2095,P:2538,0.4396552145
P:2095,P:334,0.4391759932
P:2096,P:1180,0.6373538375
P:2096,P:1290,0.6462840438
P:2096,P:1436,0.6376320124
P:2096,P:1932,0.6362137794
P:2097,P:1181,0.8462890983
P:2097,P:1291,0.8522002697
P:2097,P:1659,0.8412481546
P:2097,P:2393,0.8436231613
P:2097,P:654,0.8405545354
P:2098,P:1259,0.6039392948
P:2098,P:1479,0.6066842675
P:2098,P:1711,0.6042394638
P:2098,P:1716,0.6053760052
P:2098,P:1717,0.6036159396
P:2099,P:1440,0.5261890292
P:2099,P:1831,0.527592957
P:2099,P:2100,0.5335674286
P:2099,P:2339,0.5254848599
P:2099,P:2817,0.5262346864
P:21,P:1461,0.5094290972
P:21,P:1529,0.5070874691
P:21,P:240,0.5143275261
P:21,P:2815,0.5091908574
P:21,P:2836,0.5072270036
P:210,P:1440,0.5196409225
P:210,P:208,0.5187504888
P:210,P:2100,0.5160064101
P:210,P:2339,0.5185164213
P:210,P:402,0.5166625381
P:2100,P:1022,0.7969220877
P:2100,P:2453,0.7895566225
P:2100,P:2607,0.7873843908
P:2100,P:569,0.7948077321
P:2101,P:1404,0.5323426723
P:2101,P:1513,0.5317298174
P:2101,P:2579,0.5283296108
P:2101,P:323,0.527177155
P:2101,P:683,0.5299190879
P:2102,P:1604,0.5472279191
P:2102,P:2812,0.5435689092
P:2102,P:481,0.5426513553
P:2102,P:665,0.5452939272
P:2102,P:89,0.5445462465
P:2103,P:1380,0.8071239591
P:2103,P:17,0.7973409891
P:2103,P:2238,0.7966353297
P:2103,P:2413,0.7868643403
P:2103,P:790,0.7870885134
P:2104,P:1903,0.5207058191
P:2104,P:2055,0.5206705928
P:2104,P:2265,0.5153545141
P:2104,P:2278,0.515402019
P:2104,P:564,0.5138893127
P:2105,P:1440,0.5154417157
P:2105,P:1484,0.5170770288
P:2105,P:2055,0.5167383552
P:2105,P:2278,0.5149359107
P:2105,P:473,0.5151442885
P:2106,P:1262,0.5228777528
P:2106,P:1983,0.5267807245
P:2106,P:2648,0.523225069
P:2106,P:493,0.525926888
P:2106,P:517,0.5276350379
P:2107,P:1311,0.7207885385
P:2107,P:1984,0.7132068276
P:2107,P:2108,0.7101433277
P:2107,P:2346,0.7122123241
P:2107,P:496,0.7156295776
P:2108,P:1221,0.8407471776
P:2108,P:1274,0.8334779739
P:2108,P:1311,0.8407073021
P:2108,P:1957,0.8413167596
P:2108,P:2346,0.8345093131
P:2109,P:1221,0.8446936607
P:2109,P:1274,0.8371216655
P:2109,P:1311,0.8441838622
P:2109,P:1533,0.8372463584
P:2109,P:1957,0.844201088
P:211,P:1282,0.5533370972
P:211,P:1513,0.5629137158
P:211,P:2085,0.5568016768
P:211,P:2136,0.555781424
P:211,P:2834,0.5591290593
P:2110,P:1421,0.4564319849
P:2110,P:1481,0.4617496729
P:2110,P:1486,0.4649506211
P:2110,P:2111,0.4578505456
P:2110,P:2262,0.4579593241
P:2111,P:1481,0.6963348985
P:2111,P:1486,0.6858937144
P:2111,P:1671,0.6907251477
P:2111,P:741,0.6812244058
P:2112,P:1482,0.8585700989
P:2112,P:2263,0.8592951298
P:2112,P:244,0.865262866
P:2112,P:2584,0.8607261777
P:2112,P:485,0.8774520159
P:2113,P:150,0.8734323382
P:2113,P:1533,0.8766716123
P:2113,P:244,0.871866107
P:2113,P:2607,0.8860741258
P:2113,P:485,0.8755206466
P:2114,P:1262,0.4989911318
P:2114,P:1611,0.5002747774
P:2114,P:2648,0.4997373223
P:2114,P:366,0.5024787784
P:2114,P:676,0.4990081787
P:2115,P:1069,0.7102609873
P:2115,P:1262,0.7094922662
P:2115,P:1614,0.7115747929
P:2115,P:2456,0.7114790082
P:2115,P:366,0.7094954252
P:2116,P:1221,0.7688324451
P:2116,P:1374,0.7678163648
P:2116,P:2117,0.7700116038
P:2116,P:2346,0.7648712993
P:2116,P:2499,0.7657333612
P:2117,P:1374,0.8714146018
P:2117,P:1533,0.8692154288
P:2117,P:2402,0.8602928519
P:2117,P:2499,0.8618023396
P:2118,P:1847,0.8530638814
P:2118,P:2176,0.856752038
P:2118,P:2499,0.8556007147
P:2118,P:654,0.8537889123
P:2119,P:1069,0.533336997
P:2119,P:1400,0.5310242176
P:2119,P:208,0.5303046703
P:2119,P:292,0.5319135189
P:2119,P:936,0.5323361754
P:212,P:1157,0.5607372522
P:212,P:1943,0.5604832172
P:212,P:213,0.5639697909
P:212,P:481,0.5617350936
P:212,P:801,0.5589250326
P:2120,P:137,0.4313251078
P:2120,P:2121,0.4314142764
P:2120,P:298,0.4389534891
P:2120,P:453,0.4358577132
P:2120,P:578,0.4359063506
P:2121,P:1704,0.6457520723
P:2121,P:1749,0.6380826235
P:2121,P:2193,0.6372912526
P:2121,P:2296,0.6377443671
P:2121,P:2468,0.6404482722
P:2122,P:1476,0.9008031487
P:2122,P:1500,0.9034426808
P:2122,P:1951,0.8975528479
P:2122,P:2413,0.9030294418
P:2122,P:300,0.9002098441
P:2123,P:1204,0.5476841927
P:2123,P:1228,0.5478150845
P:2123,P:2124,0.5500534177
P:2123,P:2155,0.5502558351
P:2123,P:575,0.5478807688
P:2124,P:1913,0.7166724205
P:2124,P:2640,0.7097095251
P:2124,P:2958,0.7102658153
P:2124,P:747,0.709666729
P:2124,P:941,0.7093477249
P:2125,P:1201,0.7542890906
P:2125,P:1520,0.752828896
P:2125,P:1977,0.7551792264
P:2125,P:747,0.7550031543
P:2125,P:984,0.7519892454
P:2126,P:1201,0.768859148
P:2126,P:1520,0.7666516304
P:2126,P:1977,0.7693272233
P:2126,P:747,0.7678796649
P:2126,P:984,0.7665108442
P:2127,P:1230,0.8536376357
P:2127,P:1476,0.864643991
P:2127,P:1520,0.8516660333
P:2127,P:1951,0.860855639
P:2127,P:747,0.8526521921
P:2128,P:1440,0.5301600695
P:2128,P:208,0.5299240351
P:2128,P:2100,0.5320215225
P:2128,P:2339,0.5298615694
P:2128,P:402,0.531756103
P:2129,P:203,0.5243147016
P:2129,P:2260,0.5254756212
P:2129,P:2339,0.5297732949
P:2129,P:2361,0.5240637064
P:2129,P:362,0.5237876177
P:213,P:109,0.7691304684
P:213,P:1761,0.7867195606
P:213,P:2536,0.7946180105
P:213,P:802,0.7859107256
P:2130,P:1274,0.77347368
P:2130,P:1614,0.7789340615
P:2130,P:314,0.7766059637
P:2130,P:569,0.7728791237
P:2130,P:628,0.7761039138
P:2131,P:1421,0.4948214889
P:2131,P:1611,0.4955527186
P:2131,P:2132,0.4943739772
P:2131,P:2942,0.4993684888
P:2131,P:835,0.4937986732
P:2132,P:1272,0.6732622385
P:2132,P:1421,0.6835591197
P:2132,P:1563,0.6746172905
P:2132,P:2525,0.6798682213
P:2132,P:253,0.6828469634
P:2133,P:2134,0.7479265332
P:2133,P:2176,0.753826201
P:2133,P:2189,0.7462040186
P:2133,P:2499,0.7490394115
P:2133,P:654,0.7477362156
P:2134,P:2176,0.86764884
P:2134,P:2370,0.8663671017
P:2134,P:2499,0.8657043576
P:2134,P:2526,0.8587473631
P:2134,P:254,0.8657235503
P:2135,P:1113,0.5160190463
P:2135,P:1513,0.5176594257
P:2135,P:1751,0.5167170167
P:2135,P:2085,0.5165911317
P:2135,P:2136,0.5204812884
P:2136,P:1513,0.7551382184
P:2136,P:1903,0.7529051304
P:2136,P:323,0.7534883022
P:2136,P:683,0.7499259114
P:2136,P:74,0.7533132434
P:2137,P:1526,0.4979483783
P:2137,P:1611,0.5003020763
P:2137,P:2449,0.4980578125
P:2137,P:873,0.4958966374
P:2137,P:890,0.4990334213
P:2138,P:1613,0.7813289165
P:2138,P:2134,0.7810804248
P:2138,P:2176,0.7786088586
P:2138,P:2450,0.7772169709
P:2138,P:891,0.7768839002
P:2139,P:1069,0.5573744774
P:2139,P:1262,0.5544817448
P:2139,P:1400,0.5522997975
P:2139,P:292,0.5571293831
P:2139,P:936,0.5558730364
P:214,P:1009,0.5271651745
P:214,P:2961,0.5274803042
P:214,P:755,0.5298953652
P:214,P:89,0.5257488489
P:214,P:957,0.5300916433
P:2140,P:1600,0.4946383834
P:2140,P:2141,0.4963928163
P:2140,P:2661,0.5023943186
P:2140,P:870,0.4951409101
P:2140,P:966,0.4924679399
P:2141,P:1601,0.7576477528
P:2141,P:422,0.7523097396
P:2141,P:968,0.7508994937
P:2141,P:969,0.753395021
P:2142,P:1101,0.8248600364
P:2142,P:1601,0.8331813812
P:2142,P:2238,0.8342094421
P:2142,P:422,0.8366172314
P:2142,P:969,0.8325600028
P:2143,P:1484,0.5293694139
P:2143,P:208,0.5349687934
P:2143,P:2100,0.5307213068
P:2143,P:2339,0.5339121819
P:2143,P:402,0.5334857702
P:2144,P:1491,0.5291455388
P:2144,P:203,0.5299903154
P:2144,P:2075,0.528734684
P:2144,P:2145,0.5287265182
P:2144,P:2339,0.5345420241
P:2145,P:1274,0.7673829198
P:2145,P:1614,0.7706891894
P:2145,P:314,0.7680308819
P:2145,P:402,0.7673506141
P:2145,P:786,0.7668170929
P:2146,P:1461,0.5150867105
P:2146,P:240,0.5279670954
P:2146,P:2575,0.5140724182
P:2146,P:2815,0.5168647766
P:2146,P:2836,0.5138385296
P:2147,P:1248,0.5221165419
P:2147,P:1935,0.5190390348
P:2147,P:240,0.5257845521
P:2147,P:2575,0.5237882137
P:2147,P:896,0.5196431279
P:2148,P:1766,0.5384497046
P:2148,P:2307,0.535811305
P:2148,P:2978,0.535584569
P:2148,P:413,0.5344677567
P:2148,P:86,0.5560438037
P:2149,P:1311,0.7908802629
P:2149,P:1984,0.7958512902
P:2149,P:2610,0.7885910273
P:2149,P:465,0.7941897511
P:2149,P:496,0.7926146388
P:215,P:17,0.8090533614
P:215,P:2245,0.798938334
P:215,P:2396,0.8124195933
P:215,P:2598,0.7973980904
P:215,P:742,0.8072574139
P:2150,P:1069,0.5519837141
P:2150,P:1613,0.5518652797
P:2150,P:292,0.5530856252
P:2150,P:891,0.550709784
P:2150,P:936,0.5537063479
P:2151,P:1197,0.5186481476
P:2151,P:1943,0.519448936
P:2151,P:2661,0.5227426887
P:2151,P:2821,0.522172451
P:2151,P:481,0.5241705775
P:2152,P:1761,0.7344956398
P:2152,P:213,0.7326257825
P:2152,P:2536,0.7337759733
P:2152,P:481,0.7308145165
P:2152,P:802,0.7338570356
P:2153,P:1440,0.5310816765
P:2153,P:1484,0.5294485092
P:2153,P:2055,0.5272981524
P:2153,P:2100,0.530367732
P:2153,P:402,0.5280168653
P:2154,P:1228,0.5459527373
P:2154,P:2124,0.5441406965
P:2154,P:2155,0.5466911793
P:2154,P:330,0.5416337252
P:2154,P:575,0.5444621444
P:2155,P:1913,0.7397410274
P:2155,P:1977,0.7330390811
P:2155,P:2567,0.733158648
P:2155,P:576,0.733217895
P:2155,P:747,0.7357262373
P:2156,P:1230,0.8584581017
P:2156,P:1406,0.8603237867
P:2156,P:1476,0.8748542666
P:2156,P:1951,0.8729234934
P:2156,P:747,0.8590709567
P:2157,P:1440,0.5422588587
P:2157,P:1763,0.5433824658
P:2157,P:1928,0.5411342382
P:2157,P:2100,0.5475522876
P:2157,P:2158,0.5391670465
P:2158,P:1022,0.8002412915
P:2158,P:150,0.7932255268
P:2158,P:2453,0.7931978106
P:2158,P:2607,0.7986854911
P:2158,P:569,0.7988039255
P:2159,P:162,0.432467401
P:2159,P:2043,0.4265760183
P:2159,P:2501,0.4289704859
P:2159,P:2682,0.4366838038
P:2159,P:483,0.4260621071
P:216,P:1913,0.5701757669
P:216,P:2359,0.5708088875
P:216,P:2640,0.5738415718
P:216,P:2958,0.5717397332
P:216,P:863,0.5694046617
P:2160,P:1859,0.6888933182
P:2160,P:2584,0.6828194857
P:2160,P:484,0.6930152774
P:2160,P:713,0.6819100976
P:2161,P:1057,0.8857939839
P:2161,P:1570,0.8914008141
P:2161,P:2584,0.9139116406
P:2161,P:282,0.8878455162
P:2161,P:485,0.8987719417
P:2162,P:108,0.5780656338
P:2162,P:109,0.5562181473
P:2162,P:2163,0.5657613873
P:2162,P:2717,0.5589836836
P:2162,P:2807,0.5569537878
P:2163,P:109,0.7744781375
P:2163,P:1575,0.7575514317
P:2163,P:1906,0.7636808753
P:2163,P:2068,0.7696319818
P:2164,P:1069,0.534809351
P:2164,P:1400,0.5321760774
P:2164,P:208,0.5333049893
P:2164,P:292,0.534458518
P:2164,P:936,0.5322709084
P:2165,P:1040,0.5046642423
P:2165,P:1663,0.5060894489
P:2165,P:1704,0.5047770739
P:2165,P:213,0.5085707307
P:2165,P:2970,0.5100029111
P:2166,P:1913,0.5587525964
P:2166,P:2579,0.559484601
P:2166,P:2640,0.5624576211
P:2166,P:2958,0.5576457381
P:2166,P:863,0.5579184294
P:2167,P:1704,0.5080733299
P:2167,P:1753,0.5037437081
P:2167,P:2296,0.5025188923
P:2167,P:794,0.5053822398
P:2167,P:921,0.5031510592
P:2168,P:1570,0.8300331235
P:2168,P:17,0.8306061625
P:2168,P:1906,0.8280972242
P:2168,P:504,0.8388858438
P:2169,P:203,0.5422973633
P:2169,P:2070,0.5431121588
P:2169,P:2075,0.5414845943
P:2169,P:2170,0.542190671
P:2169,P:2339,0.5445293188
P:217,P:1349,0.450080961
P:217,P:218,0.453949362
P:217,P:2492,0.447236985
P:217,P:343,0.4522480965
P:217,P:85,0.4569154978
P:2170,P:1274,0.7785672545
P:2170,P:1614,0.7863876224
P:2170,P:2346,0.7785613537
P:2170,P:314,0.7827535868
P:2170,P:628,0.7813584805
P:2171,P:1040,0.4972808361
P:2171,P:1159,0.4952437282
P:2171,P:1339,0.4952461421
P:2171,P:1461,0.5001176596
P:2171,P:2970,0.4993166029
P:2172,P:1248,0.5109575391
P:2172,P:1935,0.5111114383
P:2172,P:240,0.5186365247
P:2172,P:2575,0.5140494704
P:2172,P:896,0.5077162981
P:2173,P:1421,0.4870119095
P:2173,P:2132,0.4851696789
P:2173,P:2174,0.4862368107
P:2173,P:2942,0.489657253
P:2173,P:835,0.4879084527
P:2174,P:1059,0.6750028133
P:2174,P:1421,0.6816049218
P:2174,P:2525,0.6808744073
P:2174,P:253,0.6831980348
P:2175,P:2176,0.776350081
P:2175,P:2370,0.767314136
P:2175,P:2499,0.7704734802
P:2175,P:2511,0.7691659331
P:2175,P:254,0.7685459852
P:2176,P:2370,0.8904265761
P:2176,P:2499,0.8837920427
P:2176,P:2511,0.8866152763
P:2176,P:254,0.8846563697
P:2177,P:1259,0.6282514334
P:2177,P:1479,0.6319271922
P:2177,P:1711,0.6293759346
P:2177,P:1716,0.6298581958
P:2177,P:1717,0.6285720468
P:2178,P:1461,0.490944922
P:2178,P:240,0.5034055114
P:2178,P:2575,0.4914115965
P:2178,P:2815,0.4946174026
P:2178,P:2836,0.4911721647
P:2179,P:1913,0.5689881444
P:2179,P:2359,0.567913115
P:2179,P:2640,0.5722360611
P:2179,P:2958,0.5689327121
P:2179,P:863,0.5679337978
P:218,P:108,0.6260105968
P:218,P:109,0.6162403822
P:218,P:1993,0.6164633632
P:218,P:2067,0.6182202101
P:218,P:343,0.6171795726
P:2180,P:1732,0.4121707082
P:2180,P:2605,0.4115038216
P:2180,P:288,0.4109486639
P:2180,P:483,0.4106670916
P:2180,P:774,0.4102229476
P:2181,P:1021,0.662481606
P:2181,P:1241,0.6620944738
P:2181,P:1859,0.673379302
P:2181,P:1887,0.6620987058
P:2182,P:1057,0.9008014202
P:2182,P:1570,0.9012709856
P:2182,P:2584,0.9154482484
P:2182,P:282,0.8899068832
P:2182,P:485,0.8956780434
P:2183,P:1042,0.5067003369
P:2183,P:1404,0.5084500909
P:2183,P:1903,0.5137148499
P:2183,P:2055,0.5084679723
P:2183,P:74,0.5103744268
P:2184,P:1704,0.5477697253
P:2184,P:1749,0.5458341837
P:2184,P:2468,0.5463567376
P:2184,P:2662,0.5469620228
P:2184,P:422,0.5479450226
P:2185,P:1611,0.5103608966
P:2185,P:2186,0.5040737987
P:2185,P:2942,0.5063350797
P:2185,P:652,0.5044891238
P:2185,P:76,0.5049276352
P:2186,P:1611,0.6799614429
P:2186,P:2449,0.6830176711
P:2186,P:2942,0.678514123
P:2186,P:404,0.6779513955
P:2186,P:652,0.681329608
P:2187,P:2134,0.7253336906
P:2187,P:2176,0.7272195816
P:2187,P:2189,0.7277372479
P:2187,P:2450,0.7253508568
P:2187,P:654,0.7261532545
P:2188,P:2134,0.7437459826
P:2188,P:2176,0.747782886
P:2188,P:2189,0.7459600568
P:2188,P:2499,0.7470065951
P:2188,P:654,0.7455658913
P:2189,P:1659,0.8512209654
P:2189,P:2176,0.8564800024
P:2189,P:2370,0.8504576087
P:2189,P:2499,0.8551182151
P:2189,P:654,0.8518670201
P:219,P:1575,0.6802908778
P:219,P:2067,0.6787061095
P:219,P:344,0.670394063
P:219,P:512,0.6674616933
P:2190,P:1875,0.4465091527
P:2190,P:2191,0.4516192973
P:2190,P:2821,0.4476595223
P:2190,P:298,0.4422224462
P:2190,P:443,0.4420328438
P:2191,P:1704,0.6641712189
P:2191,P:2970,0.6600687504
P:2191,P:443,0.6575949192
P:2191,P:634,0.6598904133
P:2192,P:1748,0.7188119292
P:2192,P:1749,0.7162590623
P:2192,P:1877,0.7223262787
P:2192,P:2413,0.7227715254
P:2192,P:300,0.7204232812
P:2193,P:1500,0.8515016437
P:2193,P:1570,0.8555579782
P:2193,P:1951,0.8545429707
P:2193,P:2413,0.8560670614
P:2193,P:300,0.8506821394
P:2194,P:1481,0.4420900643
P:2194,P:1486,0.4449362755
P:2194,P:162,0.4446659982
P:2194,P:483,0.4436312318
P:2194,P:825,0.4477963746
P:2195,P:1274,0.6778157353
P:2195,P:1464,0.6768558621
P:2195,P:1484,0.6797986031
P:2195,P:2100,0.677077949
P:2195,P:786,0.6760488749
P:2196,P:1809,0.8510133028
P:2196,P:407,0.8492875099
P:2196,P:485,0.8568066955
P:2196,P:728,0.8547984362
P:2197,P:1022,0.8572817445
P:2197,P:1057,0.868789494
P:2197,P:150,0.8523021936
P:2197,P:2584,0.8560630679
P:2197,P:2607,0.8571317792
P:2198,P:1377,0.4679566622
P:2198,P:1473,0.4566760659
P:2198,P:2199,0.4531805217
P:2198,P:2235,0.4615494013
P:2198,P:2909,0.455458045
P:2199,P:1377,0.6570349932
P:2199,P:1378,0.6686533689
P:2199,P:1473,0.6632698774
P:2199,P:2909,0.6577163339
P:22,P:1040,0.5026792884
P:22,P:1461,0.5022021532
P:22,P:1943,0.5006989241
P:22,P:213,0.5059451461
P:22,P:2970,0.5069271922
P:220,P:1135,0.7405233979
P:220,P:2503,0.7363548875
P:220,P:2517,0.741461277
P:220,P:33,0.7363451719
P:220,P:828,0.7407180071
P:2200,P:1379,0.7461497784
P:2200,P:1951,0.739583075
P:2200,P:2413,0.7474976778
P:2200,P:2584,0.7438459992
P:2200,P:300,0.7388364673
P:2201,P:1500,0.8865795732
P:2201,P:1853,0.8921467066
P:2201,P:2026,0.895468533
P:2201,P:2413,0.8937798738
P:2201,P:790,0.8911314607
P:2202,P:1349,0.4200287461
P:2202,P:1434,0.4193491638
P:2202,P:2219,0.419585377
P:2202,P:2492,0.4200281203
P:2202,P:85,0.4275837541
P:2203,P:148,0.4481574595
P:2203,P:180,0.4508415163
P:2203,P:2459,0.4574432671
P:2203,P:2605,0.4474157393
P:2203,P:47,0.449125886
P:2204,P:2395,0.6463813782
P:2204,P:3,0.6470669508
P:2204,P:4,0.6412026286
P:2204,P:512,0.6474871039
P:2204,P:741,0.6415421963
P:2205,P:2517,0.6938870549
P:2205,P:33,0.6947569847
P:2205,P:390,0.6935147047
P:2205,P:827,0.6950352788
P:2205,P:828,0.6980659962
P:2206,P:150,0.8581901193
P:2206,P:1570,0.8597166538
P:2206,P:2584,0.8656551838
P:2206,P:2607,0.8680739999
P:2206,P:485,0.8617628217
P:2207,P:1484,0.5033904314
P:2207,P:2055,0.5086979866
P:2207,P:2278,0.5077105165
P:2207,P:564,0.5055065751
P:2207,P:961,0.5053959489
P:2208,P:1440,0.5349218249
P:2208,P:1831,0.5347871184
P:2208,P:1836,0.5343202353
P:2208,P:2100,0.5400928259
P:2208,P:2339,0.5345594287
P:2209,P:1022,0.7819869518
P:2209,P:1274,0.7788414359
P:2209,P:2100,0.7768877745
P:2209,P:2453,0.7783483863
P:2209,P:569,0.788008213
P:221,P:1570,0.8459535241
P:221,P:17,0.8431999087
P:221,P:2584,0.8441183567
P:221,P:2607,0.8435299993
P:221,P:33,0.8462746739
P:2210,P:1159,0.4825381935
P:2210,P:1415,0.4824092388
P:2210,P:1461,0.4844320416
P:2210,P:2432,0.4819842279
P:2210,P:286,0.4826257825
P:2211,P:1086,0.78396523
P:2211,P:1529,0.7751846313
P:2211,P:1592,0.7794218659
P:2211,P:1960,0.7787739635
P:2211,P:390,0.7847682834
P:2212,P:1935,0.4729197919
P:2212,P:2004,0.4715110362
P:2212,P:2680,0.4717131257
P:2212,P:2916,0.4714088738
P:2212,P:778,0.4742197394
P:2213,P:1311,0.7453978658
P:2213,P:2308,0.7382136583
P:2213,P:2547,0.7384592891
P:2213,P:390,0.740999639
P:2213,P:479,0.7472935915
P:2214,P:1204,0.5687820911
P:2214,P:2155,0.5716380477
P:2214,P:2640,0.5690128803
P:2214,P:2958,0.5726206899
P:2214,P:941,0.5688256025
P:2215,P:1201,0.8109642267
P:2215,P:1520,0.8096689582
P:2215,P:1977,0.8111885786
P:2215,P:747,0.8120043278
P:2215,P:984,0.8110454679
P:2216,P:1248,0.5112891197
P:2216,P:1935,0.5130854845
P:2216,P:240,0.5219325423
P:2216,P:2575,0.515163362
P:2216,P:2815,0.5110657811
P:2217,P:1352,0.5169968605
P:2217,P:1461,0.5148776174
P:2217,P:1787,0.5152116418
P:2217,P:213,0.5157750845
P:2217,P:2970,0.5161853433
P:2218,P:1349,0.43477121
P:2218,P:2219,0.4439786971
P:2218,P:326,0.4353676438
P:2218,P:343,0.4381698072
P:2218,P:85,0.4427764714
P:2219,P:1086,0.6673921943
P:2219,P:1461,0.6616972685
P:2219,P:1529,0.6621003151
P:2219,P:2211,0.661783874
P:2219,P:2746,0.6611533761
P:222,P:1663,0.5188906789
P:222,P:1704,0.517860055
P:222,P:213,0.520395875
P:222,P:2468,0.5180544257
P:222,P:2970,0.5216845274
P:2220,P:1086,0.753931284
P:2220,P:1592,0.7537876368
P:2220,P:1960,0.7603991628
P:2220,P:2700,0.7584200501
P:2220,P:390,0.7674503326
P:2221,P:1720,0.5771948099
P:2221,P:1986,0.5711753368
P:2221,P:2222,0.5794816613
P:2221,P:2424,0.5826305151
P:2221,P:2937,0.5787694454
P:2222,P:1601,0.8128279448
P:2222,P:2573,0.81146878
P:2222,P:2662,0.8161538243
P:2222,P:2823,0.8152654171
P:2223,P:1042,0.518255353
P:2223,P:1903,0.5222184062
P:2223,P:2136,0.5182015896
P:2223,P:74,0.5190259814
P:2223,P:744,0.5164019465
P:2224,P:1069,0.5390229821
P:2224,P:1400,0.5330743194
P:2224,P:203,0.5360338092
P:2224,P:208,0.5370108485
P:2224,P:2339,0.5359851122
P:2225,P:1259,0.6123517156
P:2225,P:1479,0.6152056456
P:2225,P:1711,0.6128633022
P:2225,P:1716,0.613973856
P:2225,P:1717,0.6125210524
P:2226,P:1704,0.5239397883
P:2226,P:1943,0.5221995115
P:2226,P:213,0.5277319551
P:2226,P:2536,0.5237653852
P:2226,P:2970,0.5262331963
P:2227,P:1415,0.4997146428
P:2227,P:1461,0.5024517179
P:2227,P:240,0.5154739618
P:2227,P:2815,0.5043974519
P:2227,P:2836,0.4995329082
P:2228,P:1208,0.5093921423
P:2228,P:1228,0.5098645687
P:2228,P:166,0.5100540519
P:2228,P:330,0.5102406144
P:2228,P:763,0.5167924166
P:2229,P:1913,0.70127213
P:2229,P:2063,0.7048637271
P:2229,P:2567,0.6958397031
P:2229,P:2579,0.7043377757
P:2229,P:2987,0.6961453557
P:223,P:1331,0.4712800682
P:223,P:1643,0.4773906767
P:223,P:224,0.4879491329
P:223,P:2251,0.4864041805
P:223,P:682,0.4739108384
P:2230,P:1476,0.7334182262
P:2230,P:1951,0.7341394424
P:2230,P:747,0.7366866469
P:2230,P:765,0.7339712381
P:2230,P:766,0.7311565876
P:2231,P:1406,0.8585196137
P:2231,P:1476,0.8838407993
P:2231,P:1852,0.8686598539
P:2231,P:1951,0.8755145669
P:2231,P:360,0.8614031672
P:2232,P:1400,0.5228190422
P:2232,P:203,0.5237615705
P:2232,P:2070,0.5209208727
P:2232,P:2075,0.519910872
P:2232,P:2339,0.5222443342
P:2233,P:1274,0.7696377635
P:2233,P:1614,0.7765926719
P:2233,P:314,0.775888443
P:2233,P:402,0.7707594037
P:2233,P:628,0.7696323395
P:2234,P:1377,0.4858421385
P:2234,P:1498,0.4864594936
P:2234,P:2235,0.4904333651
P:2234,P:2410,0.4806234241
P:2234,P:2909,0.4786489606
P:2235,P:1378,0.67903018
P:2235,P:1379,0.6803062558
P:2235,P:1473,0.6816400886
P:2235,P:2909,0.6764670014
P:2236,P:1379,0.7449629307
P:2236,P:1380,0.7472847104
P:2236,P:1951,0.7425404787
P:2236,P:2237,0.7386881113
P:2236,P:2238,0.7461804152
P:2237,P:1380,0.8072109818
P:2237,P:1951,0.8092772961
P:2237,P:2238,0.8091522455
P:2237,P:2413,0.8075389862
P:2237,P:300,0.8017543554
P:2238,P:1380,0.9065796137
P:2238,P:1853,0.9027944803
P:2238,P:1951,0.8977629542
P:2238,P:422,0.8997228146
P:2239,P:1434,0.4204032123
P:2239,P:1656,0.4265512824
P:2239,P:2406,0.4164223969
P:2239,P:2538,0.4207360148
P:2239,P:334,0.4178406596
P:224,P:1113,0.6820127964
P:224,P:1331,0.6803151965
P:224,P:1513,0.6830374599
P:224,P:2419,0.6830529571
P:224,P:323,0.6826042533
P:2240,P:1248,0.6306568384
P:2240,P:1935,0.6235761046
P:2240,P:2004,0.6234474778
P:2240,P:2575,0.6323962808
P:2240,P:778,0.6294965148
P:2241,P:1689,0.7474609613
P:2241,P:1843,0.747364819
P:2241,P:2078,0.748010993
P:2241,P:2607,0.7523889542
P:2241,P:5,0.7569750547
P:2242,P:1352,0.5027350187
P:2242,P:1461,0.5067187548
P:2242,P:240,0.5092161894
P:2242,P:2815,0.5032331347
P:2242,P:2970,0.5038577318
P:2243,P:2051,0.4761955142
P:2243,P:2244,0.4830013514
P:2243,P:2395,0.480385989
P:2243,P:2609,0.4835600555
P:2243,P:741,0.4773141146
P:2244,P:2395,0.7177627683
P:2244,P:464,0.7124210596
P:2244,P:66,0.7178041339
P:2244,P:741,0.713351965
P:2245,P:17,0.8505991697
P:2245,P:2396,0.863504231
P:2245,P:2607,0.8471922874
P:2245,P:742,0.8539754748
P:2246,P:1415,0.4452968836
P:2246,P:2219,0.448355943
P:2246,P:2247,0.4445331991
P:2246,P:2797,0.4444029331
P:2246,P:509,0.4443337023
P:2247,P:1086,0.6764435172
P:2247,P:1529,0.6761419773
P:2247,P:1592,0.6781267524
P:2247,P:542,0.6774863005
P:2247,P:778,0.6769528389
P:2248,P:1533,0.8503119946
P:2248,P:244,0.8440593481
P:2248,P:2607,0.8551030755
P:2248,P:33,0.8470188379
P:2248,P:485,0.8418675661
P:2249,P:1663,0.5269404054
P:2249,P:1704,0.5282104611
P:2249,P:1753,0.5260260701
P:2249,P:2468,0.5272013545
P:2249,P:2756,0.5269163251
P:225,P:1057,0.8813236952
P:225,P:1476,0.8831508756
P:225,P:1852,0.8816336393
P:225,P:1951,0.8854546547
P:225,P:618,0.8811843991
P:2250,P:1643,0.4534771442
P:2250,P:1811,0.4515339434
P:2250,P:224,0.4624616504
P:2250,P:2251,0.4670491815
P:2250,P:682,0.4559829831
P:2251,P:1113,0.6722726226
P:2251,P:1513,0.6709688902
P:2251,P:2419,0.6747527122
P:2251,P:323,0.6727382541
P:2251,P:74,0.6684980989
P:2252,P:1476,0.8500174284
P:2252,P:1852,0.849560976
P:2252,P:1951,0.852522552
P:2252,P:2584,0.851531446
P:2252,P:282,0.8507009149
P:2253,P:1415,0.4750247002
P:2253,P:2432,0.4852120578
P:2253,P:286,0.4752724767
P:2253,P:809,0.4766141474
P:2253,P:992,0.4769444168
P:2254,P:1086,0.7331650853
P:2254,P:1529,0.7287417054
P:2254,P:1592,0.7297331691
P:2254,P:1960,0.7322068214
P:2254,P:390,0.7343546748
P:2255,P:1484,0.5109064579
P:2255,P:1560,0.507545054
P:2255,P:208,0.5136114955
P:2255,P:2339,0.5095292926
P:2255,P:402,0.5096792579
P:2256,P:1484,0.501914978
P:2256,P:1903,0.5026810765
P:2256,P:2055,0.509912014
P:2256,P:2265,0.5012332797
P:2256,P:2278,0.504838109
P:2257,P:1069,0.5445832014
P:2257,P:1400,0.5408282876
P:2257,P:203,0.5400668383
P:2257,P:292,0.5440605283
P:2257,P:936,0.5438719392
P:2258,P:1069,0.5284810662
P:2258,P:1400,0.5301588178
P:2258,P:208,0.5299331546
P:2258,P:2339,0.5279270411
P:2258,P:402,0.5288687944
P:2259,P:203,0.5344975591
P:2259,P:2075,0.5327840447
P:2259,P:208,0.5334820747
P:2259,P:2260,0.5362148285
P:2259,P:2339,0.5411919355
P:226,P:1461,0.5189181566
P:226,P:1529,0.5148265362
P:226,P:2163,0.5143885612
P:226,P:240,0.5216157436
P:226,P:2815,0.5168425441
P:2260,P:1614,0.7594451308
P:2260,P:2070,0.760091424
P:2260,P:2339,0.7647144198
P:2260,P:402,0.7642738819
P:2260,P:786,0.761713922
P:2261,P:1481,0.4504216909
P:2261,P:1486,0.4560317993
P:2261,P:2262,0.4520863891
P:2261,P:242,0.4511514604
P:2261,P:825,0.4562357366
P:2262,P:1272,0.671623528
P:2262,P:1481,0.6688121557
P:2262,P:242,0.6666365266
P:2262,P:253,0.6683952212
P:2263,P:1242,0.8966080546
P:2263,P:244,0.903504312
P:2263,P:2584,0.9135279059
P:2263,P:485,0.9206320047
P:2264,P:1829,0.5158028603
P:2264,P:1903,0.5194769502
P:2264,P:2265,0.5151780844
P:2264,P:2655,0.5134732127
P:2264,P:2817,0.5149086118
P:2265,P:1022,0.7952660322
P:2265,P:1860,0.7857993245
P:2265,P:2584,0.7834429145
P:2265,P:2607,0.7842430472
P:2265,P:2715,0.7859534621
P:2266,P:2522,0.5218384266
P:2266,P:2776,0.5207874775
P:2266,P:339,0.5144684315
P:2266,P:493,0.5189487338
P:2266,P:517,0.5186074376
P:2267,P:2408,0.6887691021
P:2267,P:2677,0.6890221238
P:2267,P:2776,0.6889301538
P:2267,P:37,0.6906391978
P:2267,P:495,0.6934528351
P:2268,P:1181,0.831022203
P:2268,P:1221,0.8337780237
P:2268,P:1659,0.8355966806
P:2268,P:2393,0.8330552578
P:2268,P:654,0.8366076946
P:2269,P:203,0.4908384383
P:2269,P:2070,0.491109252
P:2269,P:2260,0.4917974472
P:2269,P:2270,0.497798115
P:2269,P:2339,0.4952994287
P:227,P:1176,0.5524793863
P:227,P:1710,0.5525961518
P:227,P:1997,0.5502919555
P:227,P:2470,0.5516400933
P:227,P:2758,0.5523515344
P:2270,P:1614,0.7432795167
P:2270,P:2070,0.740919292
P:2270,P:402,0.7403876185
P:2270,P:628,0.7414746284
P:2270,P:786,0.7431237698
P:2271,P:1374,0.8574886322
P:2271,P:1533,0.8646726012
P:2271,P:2607,0.8588541746
P:2271,P:49,0.8607460856
P:2271,P:569,0.8621041179
P:2272,P:1440,0.5114084482
P:2272,P:1484,0.5077762604
P:2272,P:1546,0.5084812045
P:2272,P:2100,0.5120114684
P:2272,P:402,0.5091994405
P:2273,P:1069,0.5408513546
P:2273,P:1400,0.541749537
P:2273,P:203,0.5433191061
P:2273,P:2070,0.5412117243
P:2273,P:2339,0.5410202742
P:2274,P:1274,0.7685047984
P:2274,P:1614,0.7776246667
P:2274,P:2346,0.7688856721
P:2274,P:314,0.7750882506
P:2274,P:628,0.7709444165
P:2275,P:1144,0.4792205393
P:2275,P:1385,0.481649518
P:2275,P:2714,0.4789477587
P:2275,P:2901,0.4814348221
P:2275,P:472,0.4868744314
P:2276,P:224,0.4817459285
P:2276,P:2251,0.4755286574
P:2276,P:2620,0.4754980206
P:2276,P:2714,0.4760071039
P:2276,P:2889,0.4744793773
P:2277,P:1057,0.783823967
P:2277,P:2584,0.7812489867
P:2277,P:2621,0.7764226198
P:2277,P:2715,0.7794942856
P:2277,P:618,0.7840638757
P:2278,P:1022,0.8220124841
P:2278,P:1057,0.8293974996
P:2278,P:1860,0.8303846717
P:2278,P:2584,0.8296669126
P:2278,P:961,0.8237000108
P:2279,P:1042,0.5293202996
P:2279,P:1044,0.5268057585
P:2279,P:1903,0.5334904194
P:2279,P:2419,0.526157558
P:2279,P:74,0.5277087688
P:228,P:1101,0.8108748198
P:228,P:1456,0.8115093112
P:228,P:1716,0.8105136752
P:228,P:2000,0.8157122731
P:228,P:2603,0.813513577
P:2280,P:1342,0.424867928
P:2280,P:1581,0.4243157804
P:2280,P:2219,0.4280139208
P:2280,P:2247,0.4269666672
P:2280,P:2281,0.4259733558
P:2281,P:1086,0.6670501232
P:2281,P:2575,0.6669641733
P:2281,P:542,0.6673588753
P:2281,P:698,0.6673830748
P:2281,P:778,0.6717674136
P:2282,P:1274,0.8449831009
P:2282,P:1311,0.8459237218
P:2282,P:1533,0.8509273529
P:2282,P:1957,0.8437875509
P:2282,P:2607,0.8452911377
P:2283,P:1107,0.4878297746
P:2283,P:1169,0.4923470914
P:2283,P:2468,0.4885961413
P:2283,P:2756,0.4899612069
P:2283,P:277,0.4913697839
P:2284,P:138,0.8166321516
P:2284,P:1500,0.8124169111
P:2284,P:1748,0.8132920265
P:2284,P:2413,0.8217436671
P:2284,P:300,0.8190196753
P:2285,P:1421,0.5096748471
P:2285,P:1526,0.4999446869
P:2285,P:1563,0.5044204593
P:2285,P:2525,0.501096487
P:2285,P:253,0.503862381
P:2286,P:1421,0.4834705293
P:2286,P:1563,0.4899378121
P:2286,P:2367,0.4835723042
P:2286,P:2452,0.4833864868
P:2286,P:2668,0.4855313301
P:2287,P:2176,0.8484237194
P:2287,P:2370,0.8544334769
P:2287,P:244,0.8480424285
P:2287,P:254,0.8544450402
P:2287,P:485,0.8503985405
P:2288,P:1831,0.5201421976
P:2288,P:2339,0.5218267441
P:2288,P:2817,0.5186318159
P:2288,P:362,0.5170391798
P:2288,P:439,0.5181322694
P:2289,P:1647,0.7531349659
P:2289,P:1763,0.7530311346
P:2289,P:1928,0.7528156638
P:2289,P:2100,0.754443109
P:2289,P:402,0.7524121404
P:229,P:1248,0.5111141801
P:229,P:1935,0.5079860091
P:229,P:240,0.5241402388
P:229,P:2575,0.5145707726
P:229,P:2815,0.5079573989
P:2290,P:1342,0.4727486968
P:2290,P:1935,0.4767539799
P:2290,P:2004,0.4748532772
P:2290,P:2916,0.4731604755
P:2290,P:778,0.4761879146
P:2291,P:1805,0.5468443036
P:2291,P:1831,0.5477540493
P:2291,P:1836,0.545152247
P:2291,P:2070,0.5454822779
P:2291,P:2339,0.549402535
P:2292,P:1274,0.8257465959
P:2292,P:1311,0.8214894533
P:2292,P:1533,0.8294332027
P:2292,P:2607,0.8222959042
P:2292,P:852,0.8225786686
P:2293,P:1069,0.5566983819
P:2293,P:1400,0.5533263683
P:2293,P:203,0.5546247959
P:2293,P:208,0.5547407866
P:2293,P:2339,0.5535515547
P:2294,P:1440,0.500679493
P:2294,P:1484,0.5021645427
P:2294,P:2055,0.5047949553
P:2294,P:2100,0.5002253652
P:2294,P:2278,0.5011861324
P:2295,P:1663,0.5032177567
P:2295,P:1753,0.5023884177
P:2295,P:2296,0.5062003732
P:2295,P:2468,0.5027638078
P:2295,P:817,0.502088964
P:2296,P:1663,0.7357328534
P:2296,P:1704,0.7400069237
P:2296,P:1749,0.7420563102
P:2296,P:2468,0.7396902442
P:2296,P:2756,0.7412118912
P:2297,P:1461,0.5064730644
P:2297,P:2163,0.5049517751
P:2297,P:2211,0.5029917955
P:2297,P:240,0.5187772512
P:2297,P:2815,0.5074319839
P:2298,P:1069,0.544913888
P:2298,P:1262,0.5406230688
P:2298,P:1400,0.5399454236
P:2298,P:292,0.5416344404
P:2298,P:936,0.5408420563
P:2299,P:1461,0.5195111632
P:2299,P:1529,0.5144303441
P:2299,P:2163,0.5153728724
P:2299,P:240,0.5267749429
P:2299,P:2815,0.5176628232
P:23,P:1042,0.51411134
P:23,P:2085,0.5142094493
P:23,P:2136,0.518232882
P:23,P:24,0.5175529718
P:23,P:2834,0.5173177719
P:230,P:1069,0.543785274
P:230,P:203,0.5385990739
P:230,P:208,0.5386609435
P:230,P:292,0.544401288
P:230,P:936,0.5444194674
P:2300,P:1404,0.5239123702
P:2300,P:1513,0.5209648609
P:2300,P:2840,0.5184704661
P:2300,P:683,0.5229679346
P:2300,P:74,0.5204291344
P:2301,P:1404,0.5203478336
P:2301,P:1513,0.525203824
P:2301,P:2579,0.5225327015
P:2301,P:323,0.5197549462
P:2301,P:683,0.5222434402
P:2302,P:1069,0.5432562232
P:2302,P:1400,0.5414978266
P:2302,P:203,0.541469574
P:2302,P:208,0.5429216027
P:2302,P:2339,0.5420653224
P:2303,P:1913,0.5597626567
P:2303,P:2567,0.5573673248
P:2303,P:2579,0.5576797724
P:2303,P:2640,0.5603454709
P:2303,P:2958,0.5581427217
P:2304,P:1086,0.5078765154
P:2304,P:1415,0.5027229786
P:2304,P:1592,0.5031557679
P:2304,P:2211,0.5027629733
P:2304,P:2432,0.5063195229
P:2305,P:1086,0.7774661183
P:2305,P:1592,0.779749155
P:2305,P:1960,0.7813112736
P:2305,P:2700,0.7793710232
P:2305,P:390,0.7919089794
P:2306,P:1983,0.5173763633
P:2306,P:2051,0.5195097327
P:2306,P:2307,0.5221540332
P:2306,P:464,0.5170174241
P:2306,P:86,0.5225266814
P:2307,P:1984,0.7350539565
P:2307,P:2053,0.7362951636
P:2307,P:2308,0.7402902246
P:2307,P:2547,0.7359319329
P:2307,P:496,0.7355608344
P:2308,P:1255,0.8340950012
P:2308,P:2053,0.8547641039
P:2308,P:2547,0.8387334347
P:2308,P:465,0.8391906619
P:2309,P:1763,0.5276460052
P:2309,P:1831,0.5277399421
P:2309,P:2100,0.5290209055
P:2309,P:2339,0.5290401578
P:2309,P:2361,0.528152287
P:231,P:1109,0.5468100309
P:231,P:1204,0.5407512784
P:231,P:1893,0.5425089598
P:231,P:232,0.5483413935
P:231,P:450,0.5428866148
P:2310,P:1274,0.7729687095
P:2310,P:1614,0.7735712528
P:2310,P:2453,0.7740576863
P:2310,P:569,0.7774723768
P:2310,P:628,0.7725947499
P:2311,P:1009,0.5134651661
P:2311,P:1604,0.5103653669
P:2311,P:665,0.516194284
P:2311,P:865,0.5207633972
P:2311,P:89,0.5174282193
P:2312,P:17,0.7581056952
P:2312,P:215,0.7484003305
P:2312,P:2384,0.748664856
P:2312,P:755,0.7512482405
P:2312,P:957,0.7550411224
P:2313,P:1339,0.5142547488
P:2313,P:1461,0.5214462876
P:2313,P:1529,0.5147460699
P:2313,P:240,0.5178132653
P:2313,P:2815,0.5144692659
P:2314,P:1440,0.5089137554
P:2314,P:1763,0.5072129965
P:2314,P:1831,0.5080701709
P:2314,P:2100,0.5116207004
P:2314,P:2817,0.5114772916
P:2315,P:1513,0.5134756565
P:2315,P:2085,0.5141727328
P:2315,P:2136,0.5108128786
P:2315,P:224,0.5111598372
P:2315,P:2834,0.5184079409
P:2316,P:1022,0.8147041798
P:2316,P:1057,0.8243929148
P:2316,P:182,0.8130290508
P:2316,P:2584,0.8188734651
P:2316,P:2607,0.8192048669
P:2317,P:1176,0.506628871
P:2317,P:1997,0.50244838
P:2317,P:2318,0.500927031
P:2317,P:2470,0.5025162697
P:2317,P:2883,0.5028806925
P:2318,P:1107,0.7116385102
P:2318,P:1749,0.7132572532
P:2318,P:1926,0.7119057775
P:2318,P:2644,0.7092558146
P:2318,P:945,0.7142028809
P:2319,P:1476,0.887126565
P:2319,P:1500,0.8742995262
P:2319,P:1852,0.8694058061
P:2319,P:1951,0.8832194209
P:2319,P:2336,0.8628190756
P:232,P:1177,0.7365989089
P:232,P:2000,0.7390148044
P:232,P:2635,0.7364062071
P:232,P:451,0.7376207113
P:232,P:913,0.7358104587
P:2320,P:1415,0.4858855903
P:2320,P:1461,0.4869454801
P:2320,P:2432,0.4910701811
P:2320,P:2836,0.4847480655
P:2320,P:509,0.4878356159
P:2321,P:1086,0.7249923944
P:2321,P:1461,0.7221636176
P:2321,P:1529,0.724501133
P:2321,P:1592,0.7237877846
P:2321,P:390,0.7200903893
P:2322,P:1600,0.4738609493
P:2322,P:1604,0.4788348377
P:2322,P:2323,0.4771156013
P:2322,P:2821,0.4740746319
P:2322,P:665,0.4747717083
P:2323,P:1601,0.6843755841
P:2323,P:1604,0.6866438389
P:2323,P:2697,0.6828135848
P:2323,P:2812,0.6846430898
P:2323,P:665,0.6851012111
P:2324,P:1380,0.8526248932
P:2324,P:17,0.8433420062
P:2324,P:1853,0.847926259
P:2324,P:2238,0.8584609628
P:2324,P:422,0.8574428558
P:2325,P:1932,0.425912261
P:2325,P:2538,0.4262211323
P:2325,P:265,0.4260398746
P:2325,P:334,0.4258672595
P:2325,P:587,0.4259001911
P:2326,P:1684,0.6294471622
P:2326,P:238,0.6308742166
P:2326,P:2545,0.6306536794
P:2326,P:470,0.6287596226
P:2326,P:769,0.6301062107
P:2327,P:1221,0.7190088034
P:2327,P:2346,0.7136800289
P:2327,P:2499,0.7138794661
P:2327,P:654,0.7185282111
P:2327,P:692,0.7168341875
P:2328,P:1221,0.8547086716
P:2328,P:1533,0.8556314707
P:2328,P:1659,0.8552702665
P:2328,P:2499,0.859787643
P:2328,P:654,0.8576478362
P:2329,P:1484,0.5092820525
P:2329,P:2055,0.5072470307
P:2329,P:208,0.5087226629
P:2329,P:2278,0.5069007277
P:2329,P:402,0.507170558
P:233,P:1476,0.8597339392
P:233,P:1951,0.8644606471
P:233,P:2635,0.8635209203
P:233,P:2771,0.86211133
P:233,P:2871,0.8616878986
P:2330,P:1157,0.5308990479
P:2330,P:1197,0.5323235989
P:2330,P:1417,0.5343847275
P:2330,P:2331,0.5385963917
P:2330,P:481,0.531617403
P:2331,P:1157,0.7347988486
P:2331,P:1417,0.7337177992
P:2331,P:213,0.7350245714
P:2331,P:481,0.7367546558
P:2332,P:1176,0.4966706336
P:2332,P:1710,0.4948369861
P:2332,P:1715,0.4987289906
P:2332,P:2642,0.4956890941
P:2332,P:870,0.4967229068
P:2333,P:138,0.7094777226
P:2333,P:1749,0.7186300755
P:2333,P:1951,0.7103508711
P:2333,P:2238,0.7091846466
P:2333,P:2413,0.7111517787
P:2334,P:1476,0.7508168817
P:2334,P:1500,0.7506991029
P:2334,P:1634,0.7486355901
P:2334,P:1951,0.7625153065
P:2334,P:2413,0.7559824586
P:2335,P:1476,0.8771500587
P:2335,P:1500,0.8673036098
P:2335,P:1852,0.8649647236
P:2335,P:1951,0.8744904399
P:2335,P:282,0.8573644757
P:2336,P:1476,0.925329268
P:2336,P:1500,0.9210873246
P:2336,P:1852,0.9202370048
P:2336,P:1951,0.9161222577
P:2336,P:282,0.9155167937
P:2337,P:1913,0.5712639689
P:2337,P:2359,0.5699078441
P:2337,P:2640,0.5736405253
P:2337,P:2958,0.5710161924
P:2337,P:863,0.5692664981
P:2338,P:1738,0.5210220218
P:2338,P:2075,0.5205907822
P:2338,P:208,0.5226510167
P:2338,P:2260,0.522110045
P:2338,P:2339,0.5282015204
P:2339,P:1614,0.7731840014
P:2339,P:2070,0.7729234695
P:2339,P:402,0.7787646651
P:2339,P:786,0.7745099664
P:234,P:141,0.4723099768
P:234,P:235,0.4754506648
P:234,P:2538,0.4717144072
P:234,P:587,0.4713101387
P:234,P:85,0.4782831967
P:2340,P:1042,0.530226171
P:2340,P:1553,0.5285013318
P:2340,P:1829,0.5292633176
P:2340,P:1903,0.5297845602
P:2340,P:744,0.5306963325
P:2341,P:1014,0.7541725039
P:2341,P:1022,0.7568222284
P:2341,P:1928,0.7640143633
P:2341,P:2100,0.7566755414
P:2341,P:2715,0.7572723031
P:2342,P:1611,0.5254834294
P:2342,P:2186,0.5208798647
P:2342,P:2449,0.522839129
P:2342,P:404,0.5240275264
P:2342,P:652,0.5218713284
P:2343,P:1656,0.4368730187
P:2343,P:1919,0.4437449574
P:2343,P:2492,0.4353531897
P:2343,P:2898,0.435375154
P:2343,P:694,0.440743655
P:2344,P:1659,0.7527009249
P:2344,P:2346,0.7485505939
P:2344,P:2499,0.7562825084
P:2344,P:654,0.7557140589
P:2344,P:692,0.750120759
P:2345,P:1560,0.845716238
P:2345,P:1659,0.8475015163
P:2345,P:2393,0.8427829742
P:2345,P:2499,0.8501256108
P:2345,P:654,0.8457200527
P:2346,P:1274,0.8641355038
P:2346,P:1533,0.8674273491
P:2346,P:1957,0.8605441451
P:2346,P:2499,0.8600757122
P:2347,P:1484,0.5117355585
P:2347,P:1538,0.5102411509
P:2347,P:208,0.5161665082
P:2347,P:2339,0.512511611
P:2347,P:292,0.5103452206
P:2348,P:108,0.5434119701
P:2348,P:1157,0.5457058549
P:2348,P:118,0.5438763499
P:2348,P:206,0.5422062278
P:2348,P:213,0.545655489
P:2349,P:109,0.749635756
P:2349,P:1906,0.7361779213
P:2349,P:213,0.7415442467
P:2349,P:2536,0.7458087802
P:2349,P:2982,0.7357968092
P:235,P:1449,0.6481716633
P:235,P:2545,0.6489305496
P:235,P:2776,0.6420802474
P:235,P:350,0.6451891661
P:235,P:464,0.6438572407
P:2350,P:1069,0.5331509709
P:2350,P:1400,0.5308914185
P:2350,P:208,0.5332605839
P:2350,P:292,0.5313792825
P:2350,P:936,0.5313384533
P:2351,P:1339,0.4867379665
P:2351,P:1461,0.4890963435
P:2351,P:240,0.495619446
P:2351,P:2815,0.4874528944
P:2351,P:2970,0.489196986
P:2352,P:1893,0.5629353523
P:2352,P:1916,0.5561383367
P:2352,P:1997,0.5570271611
P:2352,P:232,0.5597406626
P:2352,P:450,0.563634038
P:2353,P:1896,0.7242011428
P:2353,P:2000,0.7286272645
P:2353,P:2630,0.7229412794
P:2353,P:451,0.725194037
P:2353,P:839,0.7244667411
P:2354,P:1398,0.8338286281
P:2354,P:2552,0.8321326971
P:2354,P:2644,0.8327362537
P:2354,P:913,0.8298600316
P:2354,P:984,0.8395474553
P:2355,P:1440,0.5246607661
P:2355,P:1484,0.5257670283
P:2355,P:208,0.5254399776
P:2355,P:2100,0.5246757269
P:2355,P:402,0.526386559
P:2356,P:1042,0.5461000204
P:2356,P:1553,0.5460341573
P:2356,P:1903,0.5467860103
P:2356,P:1928,0.5437761545
P:2356,P:2655,0.543469429
P:2357,P:1913,0.5765602589
P:2357,P:2359,0.5751979947
P:2357,P:2640,0.5776534677
P:2357,P:2958,0.5748223662
P:2357,P:747,0.5748241544
P:2358,P:1204,0.5688334703
P:2358,P:2155,0.5722549558
P:2358,P:2640,0.5704470873
P:2358,P:2958,0.5724602938
P:2358,P:941,0.5688124895
P:2359,P:1201,0.821472168
P:2359,P:1977,0.8220060468
P:2359,P:2156,0.8209517598
P:2359,P:747,0.8235365748
P:2359,P:984,0.8221140504
P:236,P:1449,0.696444571
P:236,P:238,0.6870512962
P:236,P:37,0.6949133873
P:236,P:406,0.6909307241
P:236,P:495,0.6873394251
P:2360,P:1831,0.5339638591
P:2360,P:2075,0.5332377553
P:2360,P:2100,0.5333012938
P:2360,P:2339,0.5385130644
P:2360,P:2361,0.5349445939
P:2361,P:1274,0.7815899253
P:2361,P:1614,0.7832192183
P:2361,P:2453,0.7827323675
P:2361,P:569,0.7874144316
P:2361,P:628,0.7826015353
P:2362,P:1932,0.4354010224
P:2362,P:2363,0.4368923903
P:2362,P:2406,0.4360143542
P:2362,P:2538,0.4329198301
P:2362,P:334,0.4352254868
P:2363,P:1290,0.6253179908
P:2363,P:1436,0.6275664568
P:2363,P:1779,0.6212898493
P:2363,P:1932,0.6237739325
P:2363,P:501,0.6236667037
P:2364,P:1659,0.7201985717
P:2364,P:2365,0.7183811665
P:2364,P:551,0.7183275223
P:2364,P:654,0.7281492352
P:2364,P:692,0.7218647003
P:2365,P:1221,0.829826653
P:2365,P:1659,0.8345952034
P:2365,P:2393,0.8268579245
P:2365,P:2499,0.833741188
P:2365,P:654,0.836502552
P:2366,P:1421,0.4564019442
P:2366,P:1486,0.4551094472
P:2366,P:1522,0.4554879963
P:2366,P:1563,0.4551410377
P:2366,P:835,0.4578737915
P:2367,P:1059,0.6774352193
P:2367,P:1421,0.6745849252
P:2367,P:1563,0.6810135245
P:2367,P:1859,0.681442976
P:2367,P:2452,0.6785979271
P:2368,P:2176,0.7386078835
P:2368,P:2370,0.735833168
P:2368,P:2499,0.7345573306
P:2368,P:2511,0.7347570658
P:2368,P:254,0.733605206
P:2369,P:2176,0.7597463727
P:2369,P:2370,0.7593097687
P:2369,P:2499,0.7615853548
P:2369,P:2511,0.7605861425
P:2369,P:254,0.7539353967
P:237,P:1316,0.7031568289
P:237,P:1437,0.7070935369
P:237,P:238,0.7119252682
P:237,P:2540,0.7064167857
P:237,P:407,0.7057952285
P:2370,P:1533,0.8938987255
P:2370,P:2511,0.8978071809
P:2370,P:2565,0.8963829875
P:2370,P:485,0.8964497447
P:2371,P:1258,0.5980435014
P:2371,P:1710,0.5979778171
P:2371,P:2758,0.5977908969
P:2371,P:2913,0.5964246988
P:2371,P:648,0.5979166627
P:2372,P:1896,0.8205983043
P:2372,P:2000,0.8265712261
P:2372,P:2603,0.8195286393
P:2372,P:2635,0.8204945326
P:2372,P:451,0.821110785
P:2373,P:162,0.4371175766
P:2373,P:2374,0.437769264
P:2373,P:2682,0.4402114749
P:2373,P:288,0.4379816353
P:2373,P:2953,0.4408077002
P:2374,P:16,0.6766178608
P:2374,P:2584,0.6701878309
P:2374,P:484,0.6754419208
P:2374,P:789,0.6839514971
P:2375,P:1570,0.8604784608
P:2375,P:2026,0.8654270768
P:2375,P:2584,0.8679659963
P:2375,P:2955,0.8599918485
P:2375,P:790,0.8692638278
P:2376,P:1032,0.5149087906
P:2376,P:1751,0.5169193745
P:2376,P:1793,0.5191333294
P:2376,P:2085,0.5200683475
P:2376,P:2377,0.5157818198
P:2377,P:1513,0.7456563711
P:2377,P:1793,0.7446831465
P:2377,P:2419,0.7432669401
P:2377,P:323,0.7465384007
P:2377,P:74,0.7442729473
P:2378,P:1144,0.4665124416
P:2378,P:1236,0.4665496349
P:2378,P:1563,0.4682178795
P:2378,P:1868,0.4677889347
P:2378,P:2668,0.4689899981
P:2379,P:184,0.4379974902
P:2379,P:2121,0.4397853613
P:2379,P:2473,0.4384368658
P:2379,P:288,0.4419046342
P:2379,P:581,0.4358803034
P:238,P:1181,0.8337592483
P:238,P:1291,0.8354359269
P:238,P:1437,0.8288024068
P:238,P:1659,0.8272489309
P:238,P:407,0.8317468166
P:2380,P:1057,0.8340431452
P:2380,P:1570,0.8485094905
P:2380,P:2584,0.8568505049
P:2380,P:282,0.8361951709
P:2380,P:289,0.8324714899
P:2381,P:1479,0.6161576509
P:2381,P:1711,0.6140073538
P:2381,P:1716,0.6142439842
P:2381,P:2759,0.6131563783
P:2381,P:2937,0.6132954955
P:2382,P:1427,0.4517405927
P:2382,P:2077,0.4441609383
P:2382,P:2383,0.4551298022
P:2382,P:2597,0.4483946562
P:2382,P:2605,0.4452644885
P:2383,P:16,0.6850265265
P:2383,P:755,0.6801433563
P:2383,P:89,0.6842181683
P:2383,P:957,0.6784169078
P:2384,P:1380,0.853438735
P:2384,P:17,0.8647398353
P:2384,P:2026,0.8426197171
P:2384,P:2238,0.8435974717
P:2384,P:790,0.8503451943
P:2385,P:1440,0.5134342909
P:2385,P:1484,0.5143634677
P:2385,P:2055,0.513127625
P:2385,P:208,0.5150570869
P:2385,P:620,0.5146906972
P:2386,P:1820,0.4053381681
P:2386,P:1875,0.4009014666
P:2386,P:2017,0.4127515256
P:2386,P:2191,0.4006342292
P:2386,P:371,0.4071366787
P:2387,P:1086,0.6537390351
P:2387,P:1415,0.6485368013
P:2387,P:1529,0.6486193538
P:2387,P:390,0.6457284689
P:2388,P:1242,0.8829492927
P:2388,P:1570,0.8987427354
P:2388,P:2584,0.9061928391
P:2388,P:282,0.8815152049
P:2388,P:485,0.8890928626
P:2389,P:1258,0.5869247913
P:2389,P:1710,0.5855776668
P:2389,P:2758,0.5840832591
P:2389,P:2913,0.5851210356
P:2389,P:648,0.5851922035
P:239,P:1434,0.4281069338
P:239,P:1537,0.4419483542
P:239,P:1919,0.4278283119
P:239,P:2733,0.4246236086
P:239,P:694,0.4336615801
P:2390,P:1110,0.8110100031
P:2390,P:1111,0.8097265959
P:2390,P:2000,0.8114083409
P:2390,P:2635,0.8133364916
P:2390,P:451,0.8106382489
P:2391,P:1308,0.4844723344
P:2391,P:339,0.4867221415
P:2391,P:493,0.484467715
P:2391,P:517,0.484680593
P:2391,P:751,0.4827453196
P:2392,P:2346,0.7063257694
P:2392,P:2594,0.7016289234
P:2392,P:405,0.7008030415
P:2392,P:653,0.7028759718
P:2393,P:1291,0.8735114932
P:2393,P:1533,0.8702135682
P:2393,P:244,0.8689641356
P:2393,P:485,0.8720245957
P:2394,P:2066,0.4820867181
P:2394,P:2244,0.4790204167
P:2394,P:2395,0.488370955
P:2394,P:2609,0.4858531952
P:2394,P:741,0.4784779251
P:2395,P:2245,0.7370830178
P:2395,P:2396,0.7413055897
P:2395,P:66,0.7419279218
P:2395,P:741,0.7371680737
P:2396,P:17,0.8865499496
P:2396,P:2607,0.8679650426
P:2396,P:485,0.8708359003
P:2396,P:742,0.8772990704
P:2397,P:1903,0.5250210166
P:2397,P:2055,0.5288348794
P:2397,P:2278,0.5245572329
P:2397,P:564,0.5205062628
P:2397,P:961,0.5213087797
P:2398,P:1611,0.4929790795
P:2398,P:2186,0.4855869412
P:2398,P:2399,0.4848456979
P:2398,P:2942,0.4935830235
P:2398,P:751,0.4889718294
P:2399,P:1262,0.6807450652
P:2399,P:2456,0.6762046218
P:2399,P:2648,0.6777841449
P:2399,P:2862,0.6793721914
P:2399,P:366,0.6808016896
P:24,P:1903,0.7450646758
P:24,P:2621,0.7429933548
P:24,P:2655,0.7407624125
P:24,P:74,0.7413418293
P:24,P:744,0.7424100637
P:240,P:1135,0.7531332374
P:240,P:2575,0.7502974868
P:240,P:390,0.7473356128
P:240,P:781,0.7449406385
P:2400,P:1374,0.7331459522
P:2400,P:2176,0.7323330641
P:2400,P:2346,0.7359320521
P:2400,P:2499,0.7330524325
P:2400,P:628,0.7323883772
P:2401,P:2176,0.8048090935
P:2401,P:2370,0.7987010479
P:2401,P:2499,0.8017097116
P:2401,P:2511,0.7975324988
P:2401,P:254,0.7987529635
P:2402,P:1374,0.8754246235
P:2402,P:1533,0.8796066046
P:2402,P:2370,0.8728156686
P:2402,P:2511,0.8683817983
P:2402,P:569,0.8727940321
P:2403,P:1032,0.521745801
P:2403,P:1513,0.5230923295
P:2403,P:1751,0.5267589688
P:2403,P:2085,0.5280202627
P:2403,P:2866,0.5220413208
P:2404,P:1513,0.7543676496
P:2404,P:1951,0.7561517358
P:2404,P:2579,0.7534967065
P:2404,P:323,0.7540841699
P:2404,P:618,0.752034843
P:2405,P:1656,0.4480394125
P:2405,P:1932,0.4471099675
P:2405,P:2406,0.4512386322
P:2405,P:2538,0.4527293742
P:2405,P:334,0.4442492425
P:2406,P:1290,0.6101987362
P:2406,P:1436,0.6109929085
P:2406,P:1537,0.6104238629
P:2406,P:1932,0.6190218329
P:2406,P:2096,0.6141109467
P:2407,P:1659,0.7280139327
P:2407,P:2408,0.7263924479
P:2407,P:2546,0.725774765
P:2407,P:654,0.7320263982
P:2407,P:692,0.7270720601
P:2408,P:1221,0.8424400091
P:2408,P:1291,0.8426337838
P:2408,P:1659,0.8484975696
P:2408,P:2393,0.8426039815
P:2408,P:654,0.8459136486
P:2409,P:1498,0.4766142964
P:2409,P:1600,0.466130048
P:2409,P:2043,0.4708206952
P:2409,P:2410,0.4860680401
P:2409,P:2682,0.4715713561
P:241,P:1308,0.4633596241
P:241,P:1486,0.4675410986
P:241,P:2262,0.4636370242
P:241,P:242,0.4648867548
P:241,P:825,0.4651001096
P:2410,P:1379,0.693408072
P:2410,P:2236,0.6834703088
P:2410,P:2237,0.6870815158
P:2410,P:967,0.6827554107
P:2411,P:2238,0.7289320827
P:2411,P:2413,0.7322340608
P:2411,P:422,0.7391650677
P:2411,P:968,0.7335919738
P:2411,P:969,0.7284474373
P:2412,P:1634,0.7666704655
P:2412,P:1853,0.7671774626
P:2412,P:2413,0.7952734828
P:2412,P:300,0.7812436223
P:2412,P:422,0.772360146
P:2413,P:1476,0.9237505794
P:2413,P:1500,0.9286972284
P:2413,P:1951,0.9209772348
P:2413,P:300,0.9277715683
P:2414,P:1400,0.5440452099
P:2414,P:203,0.5443665385
P:2414,P:208,0.5483728051
P:2414,P:2339,0.5474749207
P:2414,P:402,0.5467988253
P:2415,P:1440,0.5204718709
P:2415,P:1484,0.5209273696
P:2415,P:2055,0.5181074142
P:2415,P:2100,0.5196765661
P:2415,P:402,0.5192341805
P:2416,P:1903,0.5132126212
P:2416,P:2055,0.5119416714
P:2416,P:2278,0.5084725022
P:2416,P:74,0.5094742179
P:2416,P:961,0.5085337162
P:2417,P:1440,0.5302561522
P:2417,P:1484,0.5293374062
P:2417,P:208,0.5354657173
P:2417,P:2339,0.5338170528
P:2417,P:402,0.5327985287
P:2418,P:1113,0.516250968
P:2418,P:1751,0.5174829364
P:2418,P:2085,0.518060565
P:2418,P:2136,0.5195922256
P:2418,P:2419,0.5165501237
P:2419,P:1903,0.7663840652
P:2419,P:323,0.7639638782
P:2419,P:618,0.7666746378
P:2419,P:74,0.7688753009
P:242,P:1421,0.6784228086
P:242,P:1563,0.681286931
P:242,P:1859,0.6834369302
P:242,P:253,0.6845052838
P:2420,P:1331,0.4738763273
P:2420,P:1643,0.4738741517
P:2420,P:224,0.4788232148
P:2420,P:2251,0.4809110761
P:2420,P:2421,0.4747782648
P:2421,P:1305,0.6863170862
P:2421,P:1331,0.6917918324
P:2421,P:2063,0.6922832131
P:2421,P:359,0.6842746139
P:2422,P:1476,0.901997745
P:2422,P:1500,0.883887887
P:2422,P:1852,0.8966226578
P:2422,P:1951,0.895714879
P:2422,P:282,0.8892509341
P:2423,P:1710,0.6002668738
P:2423,P:1720,0.6110389829
P:2423,P:1721,0.5963307619
P:2423,P:2424,0.6057765484
P:2423,P:2937,0.6066580415
P:2424,P:1479,0.8086622953
P:2424,P:1711,0.8064780235
P:2424,P:1716,0.809288919
P:2424,P:1717,0.8075034618
P:2424,P:1721,0.809687674
P:2425,P:1109,0.5538141727
P:2425,P:1204,0.5554716587
P:2425,P:1893,0.5605311394
P:2425,P:232,0.5597605109
P:2425,P:450,0.5604791045
P:2426,P:1258,0.5774688125
P:2426,P:1710,0.5810635686
P:2426,P:1715,0.5780318379
P:2426,P:2758,0.5795565248
P:2426,P:648,0.5775224566
P:2427,P:1896,0.7327234149
P:2427,P:2000,0.7399311066
P:2427,P:2471,0.7314997315
P:2427,P:2759,0.7334009409
P:2427,P:451,0.7315704226
P:2428,P:1479,0.7508839965
P:2428,P:1896,0.7537541986
P:2428,P:2000,0.7607908845
P:2428,P:2759,0.7536877394
P:2428,P:451,0.7519531846
P:2429,P:1398,0.8485319018
P:2429,P:2552,0.845759511
P:2429,P:2644,0.8470300436
P:2429,P:2871,0.8455926776
P:2429,P:984,0.8538703322
P:243,P:1920,0.7450795174
P:243,P:2263,0.7471343875
P:243,P:244,0.7475470901
P:243,P:2499,0.7459467649
P:243,P:485,0.7490922213
P:2430,P:1248,0.5149096251
P:2430,P:1935,0.5135752559
P:2430,P:240,0.5199679136
P:2430,P:2575,0.516882956
P:2430,P:896,0.5108101964
P:2431,P:1159,0.4640254378
P:2431,P:2432,0.4711157382
P:2431,P:286,0.461715281
P:2431,P:809,0.4613107741
P:2431,P:992,0.4645776153
P:2432,P:1086,0.7556522489
P:2432,P:1461,0.7505901456
P:2432,P:1592,0.7505795956
P:2432,P:1960,0.752153039
P:2432,P:390,0.7530910969
P:2433,P:1354,0.5654860735
P:2433,P:1913,0.565805614
P:2433,P:2359,0.5666636229
P:2433,P:2640,0.5684480071
P:2433,P:2958,0.5682302117
P:2434,P:1546,0.5220343471
P:2434,P:1555,0.5218108892
P:2434,P:2482,0.5224767327
P:2434,P:2817,0.5254318714
P:2434,P:439,0.5235918164
P:2435,P:1014,0.7394605875
P:2435,P:1022,0.7404643893
P:2435,P:1928,0.742941618
P:2435,P:2100,0.7377467752
P:2435,P:2715,0.7390799522
P:2436,P:1159,0.4856892228
P:2436,P:1415,0.4868062139
P:2436,P:1461,0.4877766371
P:2436,P:2432,0.490606457
P:2436,P:992,0.4867684841
P:2437,P:1086,0.7517525554
P:2437,P:1461,0.7469186187
P:2437,P:1529,0.7461189628
P:2437,P:1592,0.7456583381
P:2437,P:390,0.7469409704
P:2438,P:1035,0.4642449021
P:2438,P:1159,0.4660463929
P:2438,P:2432,0.4657126367
P:2438,P:2439,0.4641589522
P:2438,P:286,0.4675625861
P:2439,P:1086,0.7234963179
P:2439,P:1461,0.7252206206
P:2439,P:1529,0.7186791897
P:2439,P:2211,0.7196087241
P:2439,P:504,0.7166736722
P:244,P:1533,0.9089536071
P:244,P:2584,0.916893363
P:244,P:2607,0.9109863043
P:244,P:485,0.9238496423
P:2440,P:1440,0.5277614594
P:2440,P:1903,0.5256013274
P:2440,P:2055,0.52975142
P:2440,P:2100,0.5266392231
P:2440,P:2278,0.526000917
P:2441,P:1415,0.4631456435
P:2441,P:2321,0.4634788334
P:2441,P:2432,0.4707094431
P:2441,P:509,0.4675349295
P:2441,P:951,0.4636327624
P:2442,P:1086,0.7172561884
P:2442,P:1529,0.7139954567
P:2442,P:1592,0.7151462436
P:2442,P:1960,0.7171817422
P:2442,P:390,0.7230470181
P:2443,P:1440,0.5074341893
P:2443,P:1546,0.5072957277
P:2443,P:1903,0.5071641803
P:2443,P:2100,0.5074415803
P:2443,P:2817,0.5077080131
P:2444,P:1609,0.5348145962
P:2444,P:2638,0.5315797925
P:2444,P:544,0.535241425
P:2444,P:66,0.5401451588
P:2444,P:988,0.5318484902
P:2445,P:2610,0.7671555281
P:2445,P:2611,0.7614397407
P:2445,P:620,0.7645596266
P:2445,P:66,0.761692524
P:2445,P:742,0.7644522786
P:2446,P:1513,0.5303336382
P:2446,P:1751,0.5315009356
P:2446,P:2085,0.5321759582
P:2446,P:2136,0.5300975442
P:2446,P:2447,0.5300173759
P:2447,P:1513,0.7592192888
P:2447,P:1903,0.7555558085
P:2447,P:323,0.7576682568
P:2447,P:618,0.7564700246
P:2447,P:74,0.7563270926
P:2448,P:1611,0.5271507502
P:2448,P:2942,0.5192993283
P:2448,P:493,0.5217175484
P:2448,P:517,0.5222494602
P:2448,P:76,0.5227655768
P:2449,P:2450,0.7101218104
P:2449,P:2677,0.7130460143
P:2449,P:405,0.7090939283
P:2449,P:891,0.7139819264
P:245,P:1069,0.5291405916
P:245,P:1400,0.5260557532
P:245,P:208,0.5278191566
P:245,P:292,0.5324732065
P:245,P:936,0.5316308737
P:2450,P:1221,0.8385136724
P:2450,P:1659,0.8421704769
P:2450,P:2176,0.8406563401
P:2450,P:2499,0.8396968246
P:2450,P:654,0.8409138322
P:2451,P:1059,0.5015909672
P:2451,P:1421,0.5055367351
P:2451,P:1563,0.5011004806
P:2451,P:2452,0.5067555904
P:2451,P:2942,0.5042737722
P:2452,P:1059,0.706720829
P:2452,P:1421,0.7059003115
P:2452,P:1563,0.7107890844
P:2452,P:2287,0.7010481954
P:2453,P:1022,0.8802005053
P:2453,P:1057,0.8778210282
P:2453,P:1533,0.8832979798
P:2453,P:2607,0.8815366626
P:2453,P:569,0.8808786273
P:2454,P:2370,0.8563413024
P:2454,P:2511,0.8519507051
P:2454,P:254,0.8504371047
P:2454,P:2565,0.8547503948
P:2454,P:485,0.8599639535
P:2455,P:1069,0.5727800727
P:2455,P:1262,0.5689122081
P:2455,P:2648,0.5698475242
P:2455,P:2876,0.5695864558
P:2455,P:366,0.5713211298
P:2456,P:1221,0.7941775322
P:2456,P:1614,0.798820436
P:2456,P:2346,0.7964301705
P:2456,P:314,0.7963328958
P:2456,P:628,0.7944585681
P:2457,P:1086,0.5306594968
P:2457,P:1461,0.5314120054
P:2457,P:1529,0.530857563
P:2457,P:240,0.5351045132
P:2457,P:2815,0.5307310224
P:2458,P:1671,0.4469802082
P:2458,P:2077,0.453515321
P:2458,P:2459,0.4516766369
P:2458,P:2605,0.4563667178
P:2458,P:995,0.4482955337
P:2459,P:1831,0.6809545159
P:2459,P:1836,0.6833296418
P:2459,P:2100,0.6832229495
P:2459,P:2209,0.6797748804
P:2459,P:2339,0.6834032536
P:246,P:1440,0.5107146502
P:246,P:1484,0.5084060431
P:246,P:2055,0.5084651709
P:246,P:208,0.5088906288
P:246,P:2100,0.5106230378
P:2460,P:150,0.7603972554
P:2460,P:1533,0.7652919292
P:2460,P:244,0.7568622828
P:2460,P:2584,0.7542949319
P:2460,P:2607,0.7715237141
P:2461,P:1057,0.9122084379
P:2461,P:1570,0.9030448198
P:2461,P:2584,0.9145070314
P:2461,P:2607,0.8994447589
P:2461,P:485,0.8990237713
P:2462,P:1042,0.5223015547
P:2462,P:1044,0.520016849
P:2462,P:1903,0.5255692005
P:2462,P:2055,0.524143219
P:2462,P:564,0.5215050578
P:2463,P:1259,0.6223227978
P:2463,P:1479,0.6251909137
P:2463,P:1711,0.6230301857
P:2463,P:1716,0.6233332753
P:2463,P:2759,0.6222772598
P:2464,P:144,0.4624578655
P:2464,P:1548,0.4515987635
P:2464,P:2465,0.45604074
P:2464,P:2673,0.4559884965
P:2464,P:2842,0.4516131282
P:2465,P:1461,0.7019234896
P:2465,P:1663,0.7043825388
P:2465,P:2673,0.7042022943
P:2465,P:2970,0.701800406
P:2465,P:634,0.7008953094
P:2466,P:1022,0.5404942632
P:2466,P:1860,0.5403737426
P:2466,P:2100,0.5406737924
P:2466,P:244,0.5398926735
P:2466,P:961,0.5406854153
P:2467,P:1663,0.5087018013
P:2467,P:2296,0.5071538091
P:2467,P:2468,0.5138347149
P:2467,P:2756,0.514734745
P:2467,P:817,0.5079513192
P:2468,P:1601,0.7744590044
P:2468,P:1748,0.7693310976
P:2468,P:1749,0.782576859
P:2468,P:2756,0.7723631859
P:2468,P:422,0.7716602683
P:2469,P:1258,0.5426333547
P:2469,P:1710,0.5458012223
P:2469,P:1715,0.5433110595
P:2469,P:2758,0.5447686911
P:2469,P:648,0.5435147882
P:247,P:1069,0.5440533757
P:247,P:1400,0.5421637297
P:247,P:203,0.5408460498
P:247,P:292,0.5426301956
P:247,P:936,0.5412197113
P:2470,P:1259,0.7223451734
P:2470,P:1479,0.7243483663
P:2470,P:1711,0.7235162854
P:2470,P:2000,0.7301468849
P:2470,P:2759,0.7260058522
P:2471,P:1398,0.8452448249
P:2471,P:2635,0.8442561626
P:2471,P:2644,0.8457650542
P:2471,P:2871,0.8448940516
P:2471,P:984,0.8516426682
P:2472,P:1377,0.4491579235
P:2472,P:1498,0.4438193142
P:2472,P:2023,0.4398402572
P:2472,P:2235,0.4474162161
P:2472,P:2623,0.4399831295
P:2473,P:1859,0.6703334451
P:2473,P:2160,0.6653100252
P:2473,P:288,0.6697837114
P:2473,P:789,0.6657609344
P:2474,P:1476,0.8925270438
P:2474,P:1500,0.8885016441
P:2474,P:1852,0.8924670815
P:2474,P:2584,0.8912622333
P:2474,P:282,0.8891780972
P:2475,P:1042,0.4807843864
P:2475,P:1829,0.4807904661
P:2475,P:2419,0.4807333648
P:2475,P:2487,0.4824063778
P:2475,P:566,0.4799784124
P:2476,P:1903,0.7316928506
P:2476,P:1928,0.73295784
P:2476,P:2655,0.7264951468
P:2476,P:564,0.7327157855
P:2476,P:783,0.7276412249
P:2477,P:1109,0.5327199101
P:2477,P:1893,0.5302476883
P:2477,P:232,0.5320279002
P:2477,P:2633,0.5272737741
P:2477,P:450,0.5292516351
P:2478,P:1110,0.7016905546
P:2478,P:1493,0.7057689428
P:2478,P:1601,0.7030124068
P:2478,P:1951,0.7040317059
P:2478,P:2635,0.7025815248
P:2479,P:1951,0.746852994
P:2479,P:2000,0.7473275065
P:2479,P:2603,0.7486379743
P:2479,P:2635,0.7481610775
P:2479,P:2644,0.7472558022
P:248,P:1086,0.498621732
P:248,P:1461,0.5012467504
P:248,P:240,0.5087217689
P:248,P:2815,0.501655519
P:248,P:2836,0.4983575344
P:2480,P:1476,0.8898068666
P:2480,P:1500,0.8814461231
P:2480,P:1852,0.8724207282
P:2480,P:1951,0.8850042224
P:2480,P:2336,0.8692664504
P:2481,P:1328,0.4968187213
P:2481,P:1829,0.4988768399
P:2481,P:2482,0.4997427762
P:2481,P:2487,0.4979441166
P:2481,P:2817,0.4964723885
P:2482,P:1831,0.7339642048
P:2482,P:1928,0.7406805158
P:2482,P:2100,0.7325072289
P:2482,P:2817,0.7349342704
P:2482,P:783,0.733317256
P:2483,P:1204,0.5686639547
P:2483,P:2155,0.5713386536
P:2483,P:2640,0.5678401589
P:2483,P:2958,0.5713639259
P:2483,P:941,0.5686493516
P:2484,P:1201,0.8037955165
P:2484,P:1520,0.8018325567
P:2484,P:1977,0.8042558432
P:2484,P:747,0.8039041758
P:2484,P:984,0.8021245599
P:2485,P:1440,0.5214231014
P:2485,P:1484,0.5241205096
P:2485,P:208,0.524681747
P:2485,P:2339,0.5230842829
P:2485,P:402,0.522957623
P:2486,P:1042,0.5240337849
P:2486,P:1829,0.5243465304
P:2486,P:2482,0.5243504643
P:2486,P:2487,0.5264228582
P:2486,P:2817,0.5266475081
P:2487,P:1903,0.7404061556
P:2487,P:1928,0.7458049059
P:2487,P:2655,0.7381769419
P:2487,P:564,0.740860939
P:2487,P:783,0.7383263707
P:2488,P:1400,0.5295615792
P:2488,P:208,0.5363322496
P:2488,P:2100,0.5305341482
P:2488,P:2339,0.5349544287
P:2488,P:402,0.532983005
P:2489,P:1009,0.5122699738
P:2489,P:2761,0.5102620721
P:2489,P:2961,0.5119107366
P:2489,P:755,0.5121437907
P:2489,P:89,0.5126248002
P:249,P:1069,0.561205864
P:249,P:1262,0.5554384589
P:249,P:1400,0.5552257895
P:249,P:292,0.5579648614
P:249,P:936,0.5591399074
P:2490,P:2396,0.7595784664
P:2490,P:2610,0.7597004771
P:2490,P:620,0.7570704222
P:2490,P:742,0.7575024962
P:2490,P:957,0.7589673996
P:2491,P:1288,0.4287320673
P:2491,P:1349,0.4341073036
P:2491,P:1434,0.4341121912
P:2491,P:2492,0.4375925064
P:2491,P:780,0.4296400547
P:2492,P:1086,0.6044633985
P:2492,P:1415,0.6057615876
P:2492,P:1755,0.6048918366
P:2492,P:1919,0.6169120073
P:2493,P:164,0.7328210473
P:2493,P:2196,0.7238695025
P:2493,P:512,0.7360469699
P:2493,P:827,0.7230380177
P:2494,P:17,0.8519801497
P:2494,P:1809,0.8564730287
P:2494,P:2684,0.8458740115
P:2494,P:2955,0.8516741991
P:2494,P:790,0.8507646918
P:2495,P:2132,0.4912903607
P:2495,P:2174,0.4896710217
P:2495,P:2262,0.4894139767
P:2495,P:2942,0.4936831892
P:2495,P:835,0.49128443
P:2496,P:1272,0.6788499951
P:2496,P:1421,0.6736865044
P:2496,P:2498,0.6759907603
P:2496,P:2525,0.6736090183
P:2496,P:253,0.6802063584
P:2497,P:1559,0.7045038342
P:2497,P:243,0.7071203589
P:2497,P:2498,0.7176339626
P:2497,P:2499,0.7012913227
P:2498,P:2176,0.7693173885
P:2498,P:2499,0.7755138278
P:2498,P:2805,0.7618704438
P:2498,P:654,0.766081214
P:2499,P:1533,0.8929193616
P:2499,P:2370,0.8887789249
P:2499,P:244,0.8871988654
P:2499,P:485,0.8870846033
P:25,P:1176,0.527121067
P:25,P:1710,0.5249694586
P:25,P:1997,0.5263742208
P:25,P:2470,0.5252164006
P:25,P:2758,0.5251329541
P:250,P:1400,0.5407111645
P:250,P:203,0.5402286053
P:250,P:208,0.5423383117
P:250,P:2339,0.5413395166
P:250,P:402,0.5414331555
P:2500,P:1486,0.4234891236
P:2500,P:162,0.4372210205
P:2500,P:2501,0.4360247254
P:2500,P:2682,0.4252187312
P:2500,P:825,0.434705019
P:2501,P:2111,0.6513741612
P:2501,P:2682,0.6661980748
P:2501,P:484,0.6550850272
P:2501,P:825,0.6590082645
P:2502,P:1135,0.6927800775
P:2502,P:2503,0.6942132115
P:2502,P:826,0.690307498
P:2502,P:827,0.6891310215
P:2502,P:828,0.6964775324
P:2503,P:1242,0.8923911452
P:2503,P:244,0.888692975
P:2503,P:2584,0.9080032706
P:2503,P:485,0.9075663686
P:2504,P:1258,0.5931101441
P:2504,P:1710,0.5930291414
P:2504,P:2758,0.5930433869
P:2504,P:450,0.5911895037
P:2504,P:648,0.592279613
P:2505,P:1896,0.8181763291
P:2505,P:2000,0.824110508
P:2505,P:2603,0.8171007633
P:2505,P:2635,0.8197461367
P:2505,P:451,0.8201422691
P:2506,P:1400,0.5313682556
P:2506,P:1484,0.5311344266
P:2506,P:208,0.5331905484
P:2506,P:2339,0.5322932601
P:2506,P:402,0.5332217813
P:2507,P:1522,0.4798390865
P:2507,P:1626,0.476333648
P:2507,P:2367,0.4799973965
P:2507,P:2508,0.4764127433
P:2507,P:835,0.4799942672
P:2508,P:1059,0.6727547646
P:2508,P:1421,0.6705346107
P:2508,P:1563,0.6704217792
P:2508,P:2452,0.6732388735
P:2508,P:253,0.6755846143
P:2509,P:2175,0.71665591
P:2509,P:2369,0.7180027962
P:2509,P:2498,0.7183050513
P:2509,P:2499,0.7160832882
P:2509,P:2511,0.7153280973
P:251,P:1704,0.5252704024
P:251,P:1753,0.5227261186
P:251,P:2468,0.5224506259
P:251,P:2662,0.5228006244
P:251,P:422,0.5234079361
P:2510,P:2176,0.769005537
P:2510,P:2370,0.7648642659
P:2510,P:2499,0.7656691074
P:2510,P:2511,0.7710592151
P:2510,P:254,0.7617434263
P:2511,P:1057,0.8986470699
P:2511,P:2370,0.8978071809
P:2511,P:2565,0.8965862393
P:2511,P:485,0.893855989
P:2512,P:1738,0.5069277883
P:2512,P:208,0.5127394199
P:2512,P:2339,0.5075654387
P:2512,P:2881,0.5074230433
P:2512,P:620,0.5094804764
P:2513,P:1042,0.5123026371
P:2513,P:1553,0.5101748109
P:2513,P:1829,0.5111219883
P:2513,P:2487,0.5114483237
P:2513,P:2817,0.5109716654
P:2514,P:1014,0.74015975
P:2514,P:1928,0.7477090955
P:2514,P:2715,0.7426667213
P:2514,P:564,0.740131855
P:2514,P:783,0.7397307754
P:2515,P:1349,0.4368041456
P:2515,P:2492,0.4375653267
P:2515,P:2516,0.4293603003
P:2515,P:721,0.4294004738
P:2515,P:780,0.4369205832
P:2516,P:1086,0.6187986732
P:2516,P:1415,0.6131836772
P:2516,P:1529,0.6123715043
P:2516,P:2211,0.6108419895
P:2516,P:780,0.6112527847
P:2517,P:1135,0.8647481799
P:2517,P:2503,0.8684556484
P:2517,P:723,0.8751888871
P:2517,P:828,0.8626727462
P:2518,P:1204,0.5562393069
P:2518,P:1893,0.5600649714
P:2518,P:1916,0.5533052087
P:2518,P:232,0.5604707599
P:2518,P:450,0.5595562458
P:2519,P:1896,0.7204122543
P:2519,P:2000,0.7240224481
P:2519,P:2471,0.7201956511
P:2519,P:451,0.7203621268
P:2519,P:839,0.7201727033
P:252,P:1421,0.4926576912
P:252,P:2452,0.4900801182
P:252,P:253,0.4883303642
P:252,P:2942,0.4909994304
P:252,P:835,0.4885984659
P:2520,P:1398,0.8434628844
P:2520,P:1476,0.8443148136
P:2520,P:1951,0.8426918387
P:2520,P:2552,0.8413646817
P:2520,P:984,0.8479357362
P:2521,P:2522,0.5286883712
P:2521,P:2707,0.5185304284
P:2521,P:2776,0.5261410475
P:2521,P:339,0.5225724578
P:2521,P:517,0.51991117
P:2522,P:2776,0.7134953737
P:2522,P:406,0.7113847733
P:2522,P:495,0.7161771655
P:2522,P:518,0.7084700465
P:2523,P:2708,0.8096772432
P:2523,P:341,0.801409483
P:2523,P:38,0.8121854067
P:2523,P:407,0.812844336
P:2523,P:519,0.8052249551
P:2524,P:1244,0.4796469212
P:2524,P:1421,0.4822300673
P:2524,P:1611,0.4833705127
P:2524,P:2452,0.4800166488
P:2524,P:2942,0.4857257307
P:2525,P:1059,0.694480598
P:2525,P:1421,0.7015586495
P:2525,P:2498,0.6941174269
P:2525,P:253,0.7045537829
P:2526,P:2176,0.8738460541
P:2526,P:2370,0.8771221638
P:2526,P:2499,0.8714067936
P:2526,P:2511,0.8710135221
P:2526,P:254,0.8726657629
P:2527,P:1042,0.517018199
P:2527,P:1113,0.5166900158
P:2527,P:1903,0.5230545402
P:2527,P:2136,0.5173018575
P:2527,P:74,0.5216421485
P:2528,P:1913,0.5667737722
P:2528,P:2567,0.5641175508
P:2528,P:2579,0.5632876754
P:2528,P:2640,0.5665802956
P:2528,P:2958,0.5640265942
P:2529,P:1352,0.5038945079
P:2529,P:1753,0.5011808276
P:2529,P:1787,0.501786232
P:2529,P:213,0.5051977634
P:2529,P:2970,0.5038063526
P:253,P:1421,0.7076604366
P:253,P:1563,0.7041599154
P:253,P:2498,0.7054978013
P:253,P:2525,0.7045537829
P:2530,P:1704,0.4903259873
P:2530,P:1753,0.4933691919
P:2530,P:2296,0.4914795756
P:2530,P:2531,0.4898970425
P:2530,P:794,0.490922004
P:2531,P:1704,0.7424921989
P:2531,P:1749,0.7432599068
P:2531,P:1877,0.7429671884
P:2531,P:2168,0.7411167622
P:2531,P:2536,0.7447372675
P:2532,P:1440,0.5092988014
P:2532,P:1484,0.5081107616
P:2532,P:2055,0.5090218782
P:2532,P:208,0.5091409683
P:2532,P:2100,0.5084788203
P:2533,P:1913,0.5684685707
P:2533,P:2049,0.5679158568
P:2533,P:2359,0.5680862069
P:2533,P:2640,0.5704726577
P:2533,P:2958,0.5687787533
P:2534,P:1400,0.5165683031
P:2534,P:208,0.5184525847
P:2534,P:2145,0.5166614056
P:2534,P:2339,0.5172126889
P:2534,P:402,0.5178491473
P:2535,P:1943,0.5621338487
P:2535,P:213,0.5636616945
P:2535,P:2536,0.5649644136
P:2535,P:481,0.5639036894
P:2535,P:847,0.5645101666
P:2536,P:1761,0.8264157772
P:2536,P:1906,0.8169921637
P:2536,P:422,0.838714838
P:2536,P:802,0.8237511516
P:2537,P:1434,0.4392525554
P:2537,P:1656,0.4360209405
P:2537,P:2406,0.4308534861
P:2537,P:2538,0.4426213205
P:2537,P:85,0.4384545982
P:2538,P:141,0.6160013676
P:2538,P:1449,0.6166357398
P:2538,P:1932,0.6166955233
P:2538,P:797,0.6154418588
P:2539,P:1291,0.7090729475
P:2539,P:1316,0.7109802365
P:2539,P:1437,0.7119708061
P:2539,P:2540,0.7112541795
P:2539,P:407,0.7081804276
P:254,P:2176,0.8846563697
P:254,P:2370,0.8918147087
P:254,P:2511,0.8864235282
P:254,P:485,0.8925932646
P:2540,P:1181,0.8504621387
P:2540,P:1291,0.8616302013
P:2540,P:1316,0.8529875875
P:2540,P:407,0.8496494293
P:2540,P:827,0.8473393917
P:2541,P:1440,0.5398888588
P:2541,P:1484,0.5389770269
P:2541,P:208,0.5395568013
P:2541,P:2100,0.5419223905
P:2541,P:402,0.5404850245
P:2542,P:1614,0.5723834634
P:2542,P:314,0.5709295869
P:2542,P:402,0.5699660182
P:2542,P:569,0.5698795319
P:2542,P:852,0.5692282915
P:2543,P:1069,0.5569115877
P:2543,P:1613,0.5551748276
P:2543,P:292,0.5566802025
P:2543,P:891,0.5551425219
P:2543,P:936,0.5594274998
P:2544,P:1983,0.5161497593
P:2544,P:2545,0.5184296966
P:2544,P:2776,0.5194715858
P:2544,P:339,0.5192533731
P:2544,P:464,0.5157982111
P:2545,P:1983,0.7200556397
P:2545,P:464,0.7232916355
P:2545,P:495,0.7175607085
P:2545,P:496,0.7196870446
P:2546,P:1181,0.8475783467
P:2546,P:1291,0.8503956795
P:2546,P:1659,0.850110054
P:2546,P:2393,0.8485915065
P:2546,P:654,0.8498422503
P:2547,P:1255,0.8428711891
P:2547,P:2053,0.8587587476
P:2547,P:2308,0.8387334347
P:2547,P:465,0.8412726521
P:2548,P:1109,0.5310587287
P:2548,P:1204,0.5281183124
P:2548,P:1893,0.531802237
P:2548,P:232,0.5344488025
P:2548,P:450,0.53137362
P:2549,P:1493,0.7061446309
P:2549,P:1601,0.7052615285
P:2549,P:2000,0.7073349953
P:2549,P:2635,0.7056533098
P:2549,P:451,0.7066009641
P:255,P:1308,0.4348101616
P:255,P:162,0.4254019856
P:255,P:1881,0.4220405817
P:255,P:256,0.4255778193
P:255,P:825,0.4273297489
P:2550,P:1259,0.7347757816
P:2550,P:1456,0.7358346581
P:2550,P:1896,0.7340352535
P:2550,P:2000,0.7408054471
P:2550,P:2603,0.7380766869
P:2551,P:1177,0.7542619109
P:2551,P:2552,0.753202796
P:2551,P:2644,0.7560201883
P:2551,P:913,0.7540180087
P:2551,P:984,0.7582116723
P:2552,P:1476,0.8705344796
P:2552,P:1500,0.8588135839
P:2552,P:1951,0.8701310158
P:2552,P:984,0.8626865745
P:2553,P:1400,0.5380586982
P:2553,P:203,0.5392918587
P:2553,P:208,0.5436891317
P:2553,P:2339,0.542904377
P:2553,P:402,0.5429245234
P:2554,P:162,0.4369247854
P:2554,P:2043,0.4345941246
P:2554,P:2501,0.4354613125
P:2554,P:2555,0.4335619211
P:2554,P:2682,0.4475612044
P:2555,P:1379,0.6660012603
P:2555,P:2682,0.6682819128
P:2555,P:2954,0.6658445597
P:2555,P:789,0.6805979609
P:2556,P:2026,0.8661414385
P:2556,P:2413,0.8636122346
P:2556,P:2584,0.8610841036
P:2556,P:2955,0.8610628843
P:2556,P:790,0.8715910912
P:2557,P:1308,0.4705340564
P:2557,P:2,0.4620757997
P:2557,P:2066,0.4628123641
P:2557,P:2609,0.4671156704
P:2557,P:825,0.4618124664
P:2558,P:1274,0.6938740611
P:2558,P:1689,0.6839591265
P:2558,P:2346,0.6830310822
P:2558,P:2784,0.684504807
P:2558,P:5,0.6857073307
P:2559,P:150,0.8032400608
P:2559,P:1533,0.8038265109
P:2559,P:244,0.8040267825
P:2559,P:2607,0.8111435771
P:2559,P:5,0.8049377799
P:256,P:1308,0.6730726957
P:256,P:1390,0.6649807692
P:256,P:1881,0.6606352329
P:256,P:825,0.6612882018
P:2560,P:1400,0.5285267234
P:2560,P:203,0.5278666019
P:2560,P:208,0.5303043127
P:2560,P:2339,0.5298213959
P:2560,P:402,0.5305998325
P:2561,P:1385,0.4493106306
P:2561,P:1824,0.4463839531
P:2561,P:2367,0.4482028782
P:2561,P:2562,0.4494563937
P:2561,P:47,0.4460354447
P:2562,P:1859,0.6608038545
P:2562,P:2452,0.6665170789
P:2562,P:47,0.6611284018
P:2562,P:472,0.6595059633
P:2562,P:568,0.6623730063
P:2563,P:1022,0.7382970452
P:2563,P:2370,0.7364730239
P:2563,P:2499,0.7349422574
P:2563,P:2511,0.7401772738
P:2563,P:49,0.7428182364
P:2564,P:1533,0.7219879031
P:2564,P:244,0.7183580995
P:2564,P:2584,0.7237266898
P:2564,P:2607,0.7167436481
P:2564,P:485,0.7161146998
P:2565,P:1057,0.9252308011
P:2565,P:1533,0.9091627598
P:2565,P:2584,0.9213323593
P:2565,P:485,0.9234132767
P:2566,P:1228,0.5539527535
P:2566,P:2155,0.5536093116
P:2566,P:2579,0.5533758998
P:2566,P:2640,0.5574417114
P:2566,P:2866,0.5534718037
P:2567,P:1406,0.832053721
P:2567,P:1476,0.8324298859
P:2567,P:1951,0.8394227624
P:2567,P:263,0.8257026672
P:2567,P:747,0.826292336
P:2568,P:1248,0.5161937475
P:2568,P:1935,0.5139528513
P:2568,P:2575,0.5163639784
P:2568,P:761,0.5129887462
P:2568,P:778,0.512226522
P:2569,P:1581,0.4425173104
P:2569,P:2247,0.4424932003
P:2569,P:2281,0.4405093491
P:2569,P:265,0.4440077841
P:2569,P:85,0.4424266219
P:257,P:1255,0.7542707324
P:257,P:1291,0.7525394559
P:257,P:1316,0.7501807213
P:257,P:1437,0.7486637235
P:257,P:407,0.7640031576
P:2570,P:1248,0.6608129144
P:2570,P:1311,0.6599048376
P:2570,P:2004,0.663105607
P:2570,P:2916,0.658913672
P:2570,P:778,0.6707831025
P:2571,P:1274,0.846976161
P:2571,P:1533,0.8558652997
P:2571,P:1957,0.8463209271
P:2571,P:244,0.8469091654
P:2571,P:2607,0.848013401
P:2572,P:2222,0.5787439942
P:2572,P:2573,0.575637579
P:2572,P:2661,0.571398735
P:2572,P:481,0.5738734007
P:2572,P:847,0.578240633
P:2573,P:2662,0.8193122745
P:2573,P:2823,0.8212319613
P:2573,P:422,0.8232599497
P:2573,P:847,0.81954211
P:2574,P:1434,0.4368878305
P:2574,P:1537,0.4507562518
P:2574,P:1919,0.4376749098
P:2574,P:2898,0.4340063334
P:2574,P:694,0.4402061999
P:2575,P:1038,0.7944133282
P:2575,P:390,0.789740026
P:2575,P:411,0.789277494
P:2575,P:624,0.788852632
P:2576,P:1339,0.5149324536
P:2576,P:1461,0.5211411715
P:2576,P:1529,0.5151209831
P:2576,P:240,0.5223406553
P:2576,P:2815,0.5172001719
P:2577,P:1913,0.5709400177
P:2577,P:2567,0.5690127015
P:2577,P:2579,0.5691176057
P:2577,P:2640,0.5736581087
P:2577,P:2958,0.5692660213
P:2578,P:2579,0.5675455928
P:2578,P:2640,0.5589768887
P:2578,P:2866,0.5678148866
P:2578,P:395,0.5670483708
P:2578,P:763,0.5600671768
P:2579,P:1406,0.8185887337
P:2579,P:1476,0.82348001
P:2579,P:1951,0.8349043131
P:2579,P:2013,0.8136270642
P:258,P:1255,0.8559913039
P:258,P:164,0.8459907174
P:258,P:1809,0.8523173928
P:258,P:728,0.8513467908
P:2580,P:1054,0.4561875463
P:2580,P:1115,0.4607444108
P:2580,P:1385,0.4660608768
P:2580,P:2889,0.4619365335
P:2580,P:711,0.46850878
P:2581,P:1937,0.4667981863
P:2581,P:1948,0.4762892127
P:2581,P:2191,0.4754789472
P:2581,P:298,0.4726009369
P:2581,P:581,0.4712801874
P:2582,P:16,0.6807630062
P:2582,P:2583,0.6985557675
P:2582,P:2584,0.7002705932
P:2582,P:789,0.6833021045
P:2583,P:1057,0.7806774974
P:2583,P:1860,0.768145442
P:2583,P:2584,0.7952839136
P:2583,P:485,0.7686181664
P:2584,P:1057,0.9803040028
P:2584,P:1325,0.948477149
P:2584,P:1570,0.9501266479
P:2584,P:485,0.9666691422
P:2585,P:1069,0.539106071
P:2585,P:1400,0.538197577
P:2585,P:208,0.53792274
P:2585,P:292,0.5374746919
P:2585,P:402,0.5367773771
P:2586,P:1461,0.514573276
P:2586,P:1529,0.5099230409
P:2586,P:2211,0.5091689229
P:2586,P:240,0.5226777792
P:2586,P:2815,0.5126439929
P:2587,P:1248,0.5100608468
P:2587,P:2163,0.5133774877
P:2587,P:240,0.5261290669
P:2587,P:2575,0.5133035183
P:2587,P:2815,0.5120303631
P:2588,P:1042,0.5084064007
P:2588,P:1829,0.5082108378
P:2588,P:2136,0.5128605366
P:2588,P:24,0.5092229843
P:2588,P:2419,0.5085228086
P:2589,P:1183,0.7297366858
P:2589,P:1903,0.7354444861
P:2589,P:2655,0.7331954837
P:2589,P:2715,0.7305922508
P:2589,P:74,0.7315792441
P:259,P:1555,0.5182922482
P:259,P:1831,0.5200430751
P:259,P:2339,0.5198887587
P:259,P:2817,0.5215064287
P:259,P:439,0.5183881521
P:2590,P:1609,0.5390396118
P:2590,P:413,0.5354002714
P:2590,P:544,0.5334537029
P:2590,P:66,0.5407143831
P:2590,P:86,0.5359942913
P:2591,P:1609,0.5328286886
P:2591,P:2395,0.533737421
P:2591,P:610,0.5315839648
P:2591,P:66,0.5366383195
P:2591,P:988,0.5328575373
P:2592,P:1533,0.8286492229
P:2592,P:2053,0.8288588524
P:2592,P:2396,0.8395567536
P:2592,P:2607,0.8376982808
P:2592,P:742,0.8402168751
P:2593,P:1308,0.4595147371
P:2593,P:1611,0.4533298016
P:2593,P:2594,0.4550232291
P:2593,P:501,0.4560284019
P:2593,P:751,0.4573965073
P:2594,P:2346,0.6947695017
P:2594,P:2392,0.7016289234
P:2594,P:464,0.6928097606
P:2594,P:936,0.6936478615
P:2595,P:1291,0.8675419688
P:2595,P:1533,0.8679162264
P:2595,P:2393,0.8673413396
P:2595,P:244,0.8668628931
P:2595,P:485,0.8710163832
P:2596,P:2077,0.4572580457
P:2596,P:2383,0.4556582868
P:2596,P:2395,0.4569161236
P:2596,P:2597,0.4623457789
P:2596,P:2605,0.4560249746
P:2597,P:16,0.7013759613
P:2597,P:215,0.697645545
P:2597,P:2395,0.6978945732
P:2597,P:755,0.6973160505
P:2597,P:957,0.6986726522
P:2598,P:1570,0.8472518921
P:2598,P:17,0.8707742095
P:2598,P:2396,0.8539304733
P:2598,P:790,0.8535106778
P:2599,P:1109,0.5400707126
P:2599,P:1893,0.5431006551
P:2599,P:1997,0.5379257202
P:2599,P:232,0.5417958498
P:2599,P:450,0.5420849323
P:26,P:1177,0.704854548
P:26,P:1479,0.7048010826
P:26,P:2000,0.7127963901
P:26,P:2471,0.7063400149
P:26,P:2759,0.7072654963
P:260,P:1014,0.7550851107
P:260,P:1484,0.7571550608
P:260,P:1831,0.7574006319
P:260,P:1928,0.7662721276
P:260,P:569,0.7579588294
P:2600,P:2000,0.7016729712
P:2600,P:2372,0.6989471316
P:2600,P:2505,0.6986349225
P:2600,P:451,0.6993068457
P:2600,P:839,0.7015540004
P:2601,P:1177,0.7313833833
P:2601,P:1896,0.7309895158
P:2601,P:2000,0.7362139821
P:2601,P:2471,0.7310084105
P:2601,P:2603,0.7316178679
P:2602,P:1456,0.7671176195
P:2602,P:1896,0.7661607265
P:2602,P:2000,0.7725866437
P:2602,P:2603,0.7707082033
P:2602,P:2635,0.7642197609
P:2603,P:1101,0.8674482107
P:2603,P:2635,0.8675516248
P:2603,P:2771,0.8707736731
P:2603,P:2871,0.8679746985
P:2604,P:1671,0.4591166377
P:2604,P:2077,0.4635519981
P:2604,P:2459,0.4607744217
P:2604,P:2605,0.4670906067
P:2604,P:741,0.4578654468
P:2605,P:1671,0.6898881197
P:2605,P:2077,0.6900516748
P:2605,P:2100,0.6919926405
P:2605,P:741,0.6906868219
P:2606,P:150,0.7818340063
P:2606,P:1533,0.7845188379
P:2606,P:244,0.7740055323
P:2606,P:2584,0.7744638324
P:2606,P:2607,0.7975956798
P:2607,P:1057,0.9310854673
P:2607,P:150,0.9244641662
P:2607,P:1533,0.925057292
P:2607,P:2584,0.9285387397
P:2608,P:2051,0.4991082251
P:2608,P:2066,0.4980736077
P:2608,P:2244,0.4936846793
P:2608,P:2609,0.5028762817
P:2608,P:464,0.4918234944
P:2609,P:2395,0.7222961783
P:2609,P:2610,0.7142970562
P:2609,P:66,0.7235122323
P:2609,P:741,0.7192778587
P:261,P:1228,0.5361177325
P:261,P:1431,0.5338305831
P:261,P:2155,0.5332001448
P:261,P:2640,0.5314929485
P:261,P:763,0.5363892913
P:2610,P:2053,0.8260654211
P:2610,P:2245,0.8232805729
P:2610,P:2396,0.8382430077
P:2610,P:742,0.8391302824
P:2611,P:2053,0.8147831559
P:2611,P:2245,0.8163561821
P:2611,P:2396,0.8310438395
P:2611,P:2610,0.8174674511
P:2611,P:742,0.8280698657
P:2612,P:1427,0.4513103664
P:2612,P:1578,0.4518959522
P:2612,P:2011,0.451526016
P:2612,P:2383,0.4571336806
P:2612,P:280,0.4493173957
P:2613,P:16,0.6705678701
P:2613,P:2077,0.6586678624
P:2613,P:215,0.657607317
P:2613,P:755,0.6626113057
P:2613,P:957,0.6626027226
P:2614,P:1380,0.7488282323
P:2614,P:1500,0.748028338
P:2614,P:1570,0.7550033927
P:2614,P:1634,0.7500895262
P:2614,P:1951,0.7584082484
P:2615,P:1057,0.8922709823
P:2615,P:1570,0.9033517241
P:2615,P:2584,0.8988721371
P:2615,P:282,0.8927639127
P:2615,P:618,0.8917270303
P:2616,P:1380,0.8675227761
P:2616,P:17,0.8677824736
P:2616,P:2026,0.8663678765
P:2616,P:2238,0.8676256537
P:2616,P:422,0.8664824963
P:2617,P:1600,0.5620330572
P:2617,P:2723,0.5581763387
P:2617,P:2913,0.5598871112
P:2617,P:648,0.5589381456
P:2617,P:870,0.5589721203
P:2618,P:1110,0.8284714818
P:2618,P:1111,0.8265870214
P:2618,P:1380,0.8390257359
P:2618,P:1951,0.834156394
P:2618,P:2238,0.8381638527
P:2619,P:2620,0.4867048562
P:2619,P:2714,0.4883568585
P:2619,P:2743,0.4850237668
P:2619,P:2901,0.4831648469
P:2619,P:771,0.4825931489
P:262,P:1406,0.7496760488
P:262,P:1913,0.7490870357
P:262,P:1951,0.7444535494
P:262,P:2567,0.743914187
P:262,P:2579,0.7439311743
P:2620,P:1903,0.6980089545
P:2620,P:1928,0.69615376
P:2620,P:2419,0.6940124631
P:2620,P:2655,0.6979757547
P:2620,P:744,0.6934604645
P:2621,P:1057,0.8885185122
P:2621,P:1570,0.8600749969
P:2621,P:2584,0.8728534579
P:2621,P:2607,0.8609157801
P:2621,P:618,0.8671002984
P:2622,P:1377,0.4283789098
P:2622,P:1811,0.4284507334
P:2622,P:2251,0.4287573099
P:2622,P:2623,0.4301835895
P:2622,P:615,0.424990207
P:2623,P:1331,0.6432818174
P:2623,P:1377,0.6489898562
P:2623,P:1473,0.6521623731
P:2623,P:2838,0.6452428102
P:2623,P:763,0.6442914605
P:2624,P:1476,0.7117571235
P:2624,P:1852,0.7127671242
P:2624,P:1951,0.723235786
P:2624,P:2013,0.7110539079
P:2624,P:618,0.7077376246
P:2625,P:1476,0.7753781676
P:2625,P:1500,0.7776808143
P:2625,P:1570,0.7827708125
P:2625,P:1852,0.7755952477
P:2625,P:1951,0.7797464728
P:2626,P:1476,0.8884158731
P:2626,P:1570,0.894459188
P:2626,P:1852,0.8880290389
P:2626,P:1951,0.8925792575
P:2626,P:618,0.8883881569
P:2627,P:1148,0.5082068443
P:2627,P:1404,0.5076130033
P:2627,P:1903,0.5131112933
P:2627,P:2136,0.5064974427
P:2627,P:74,0.5092852712
P:2628,P:1248,0.5242487788
P:2628,P:1935,0.5273179412
P:2628,P:240,0.5267174244
P:2628,P:2575,0.5276053548
P:2628,P:778,0.5251595974
P:2629,P:1258,0.5979529023
P:2629,P:1710,0.5982339382
P:2629,P:2758,0.5997116566
P:2629,P:450,0.5985916853
P:2629,P:648,0.5986835957
P:263,P:1476,0.8912464976
P:263,P:1852,0.879458189
P:263,P:1951,0.8880279064
P:263,P:360,0.8780922294
P:2630,P:1896,0.826843679
P:2630,P:2000,0.8321371078
P:2630,P:2603,0.8257416487
P:2630,P:2635,0.8271654844
P:2630,P:451,0.8262582421
P:2631,P:1069,0.545938611
P:2631,P:1400,0.5460292697
P:2631,P:208,0.5483770967
P:2631,P:2339,0.5471035838
P:2631,P:402,0.5467950106
P:2632,P:1109,0.5395134091
P:2632,P:1204,0.539293468
P:2632,P:1893,0.5410779715
P:2632,P:232,0.5413963199
P:2632,P:2633,0.5397030711
P:2633,P:1913,0.7369781137
P:2633,P:1951,0.7404400706
P:2633,P:2049,0.7365564108
P:2633,P:2579,0.7335005403
P:2633,P:747,0.736451745
P:2634,P:1896,0.7741682529
P:2634,P:2000,0.7764084339
P:2634,P:2635,0.7788361311
P:2634,P:451,0.7745478749
P:2634,P:984,0.7741787434
P:2635,P:1476,0.8690301776
P:2635,P:1951,0.8754134178
P:2635,P:2771,0.8685460091
P:2635,P:2871,0.86913836
P:2636,P:1461,0.5178423524
P:2636,P:1787,0.5175033212
P:2636,P:1943,0.517932713
P:2636,P:213,0.5236945152
P:2636,P:2970,0.5221754909
P:2637,P:1009,0.5283977389
P:2637,P:1609,0.5299502015
P:2637,P:2638,0.5264846087
P:2637,P:2961,0.534761548
P:2637,P:755,0.5267179012
P:2638,P:17,0.7813842893
P:2638,P:2396,0.7939194441
P:2638,P:2610,0.7858467102
P:2638,P:2611,0.7819321156
P:2638,P:742,0.7858009338
P:2639,P:1228,0.5590237975
P:2639,P:2579,0.562546432
P:2639,P:2640,0.5648226142
P:2639,P:2866,0.5628461838
P:2639,P:395,0.5622993112
P:264,P:1179,0.4407116771
P:264,P:1314,0.4457667172
P:264,P:265,0.4460805058
P:264,P:587,0.442815423
P:264,P:85,0.4454905689
P:2640,P:1406,0.8108987808
P:2640,P:1476,0.8057302237
P:2640,P:1951,0.8157269955
P:2640,P:2156,0.8059705496
P:2640,P:747,0.8096325994
P:2641,P:1258,0.5312998891
P:2641,P:1710,0.5362098813
P:2641,P:1715,0.5362870097
P:2641,P:2758,0.5317796469
P:2641,P:648,0.5306220055
P:2642,P:1479,0.700293839
P:2642,P:1711,0.6987117529
P:2642,P:1721,0.7021574378
P:2642,P:2424,0.7013750672
P:2642,P:2937,0.7030640244
P:2643,P:1177,0.7470523715
P:2643,P:2000,0.7479650974
P:2643,P:2644,0.7478491068
P:2643,P:845,0.7449332476
P:2643,P:984,0.7479184866
P:2644,P:1476,0.8676604033
P:2644,P:1951,0.867716372
P:2644,P:2552,0.8565124869
P:2644,P:984,0.862842381
P:2645,P:1157,0.526465714
P:2645,P:118,0.5262955427
P:2645,P:1417,0.5246527791
P:2645,P:2331,0.5284240246
P:2645,P:801,0.5229150057
P:2646,P:1157,0.7194746137
P:2646,P:118,0.7180339694
P:2646,P:1761,0.7183029652
P:2646,P:213,0.7250974178
P:2646,P:802,0.7177724242
P:2647,P:1069,0.5513086319
P:2647,P:1262,0.5479851365
P:2647,P:2648,0.5493326187
P:2647,P:2876,0.5489879251
P:2647,P:366,0.5504598022
P:2648,P:1069,0.772893548
P:2648,P:1311,0.7746829391
P:2648,P:1614,0.7788826227
P:2648,P:2346,0.7775883079
P:2648,P:314,0.7747021914
P:2649,P:1086,0.5061581731
P:2649,P:1461,0.5111718774
P:2649,P:1529,0.5060166121
P:2649,P:240,0.5079091787
P:2649,P:2815,0.5069674253
P:265,P:2545,0.6479730606
P:265,P:29,0.64571172
P:265,P:470,0.645598948
P:265,P:778,0.6507677436
P:265,P:86,0.6475199461
P:2650,P:1903,0.5276220441
P:2650,P:2055,0.5304903388
P:2650,P:2278,0.5248190165
P:2650,P:2715,0.5233823061
P:2650,P:961,0.5231622458
P:2651,P:1042,0.5212664008
P:2651,P:1513,0.522277832
P:2651,P:1903,0.5254833102
P:2651,P:2136,0.5219421983
P:2651,P:74,0.5220652819
P:2652,P:1440,0.5056121349
P:2652,P:1546,0.50384444
P:2652,P:1903,0.5065840483
P:2652,P:2055,0.5074034333
P:2652,P:2100,0.5063229203
P:2653,P:1440,0.5004870296
P:2653,P:1484,0.5011712909
P:2653,P:2055,0.5009037852
P:2653,P:2100,0.5023393631
P:2653,P:402,0.4989566505
P:2654,P:1042,0.5194566846
P:2654,P:1829,0.5193715692
P:2654,P:1903,0.521030724
P:2654,P:2136,0.5187157989
P:2654,P:744,0.5195503235
P:2655,P:1022,0.7726553679
P:2655,P:182,0.7750537992
P:2655,P:1928,0.7752414942
P:2655,P:2621,0.7787159085
P:2655,P:2715,0.780909121
P:2656,P:1663,0.5327783823
P:2656,P:1704,0.5343470573
P:2656,P:2468,0.5328211188
P:2656,P:2970,0.5323813558
P:2656,P:422,0.5325031281
P:2657,P:1663,0.5395924449
P:2657,P:1704,0.5391469002
P:2657,P:2468,0.540813148
P:2657,P:2756,0.539983809
P:2657,P:422,0.5420485139
P:2658,P:1342,0.466224134
P:2658,P:1935,0.4664231539
P:2658,P:2432,0.4669329524
P:2658,P:2659,0.4643487632
P:2658,P:509,0.4647158682
P:2659,P:1086,0.7269377112
P:2659,P:1529,0.7216178179
P:2659,P:1592,0.7267361283
P:2659,P:2746,0.7198254466
P:2659,P:390,0.7310417295
P:266,P:1255,0.731764555
P:266,P:1291,0.7313148975
P:266,P:1316,0.7352641225
P:266,P:2053,0.7276754975
P:266,P:38,0.7278516889
P:2660,P:2296,0.4986051321
P:2660,P:2468,0.4980151355
P:2660,P:2661,0.5205575228
P:2660,P:2821,0.5129925609
P:2660,P:481,0.4988363981
P:2661,P:2141,0.7098982334
P:2661,P:2222,0.7132343054
P:2661,P:2573,0.7118560672
P:2661,P:847,0.7162795067
P:2662,P:1601,0.850636363
P:2662,P:2238,0.8593922853
P:2662,P:422,0.8656679392
P:2662,P:969,0.850710988
P:2663,P:1440,0.5221293569
P:2663,P:1484,0.5242641568
P:2663,P:2055,0.5235677958
P:2663,P:2100,0.5231202841
P:2663,P:2278,0.5201267004
P:2664,P:2522,0.5296484828
P:2664,P:2776,0.5291897058
P:2664,P:339,0.5284438133
P:2664,P:493,0.5285992622
P:2664,P:517,0.5279701948
P:2665,P:1983,0.7002589703
P:2665,P:2666,0.7001159787
P:2665,P:2677,0.7005740404
P:2665,P:2776,0.7008548975
P:2665,P:495,0.7083201408
P:2666,P:1181,0.8297159672
P:2666,P:1221,0.8343276978
P:2666,P:1659,0.8348205686
P:2666,P:2393,0.829454422
P:2666,P:654,0.8342174888
P:2667,P:1385,0.4873169065
P:2667,P:1563,0.484513402
P:2667,P:2367,0.4822110236
P:2667,P:2452,0.4825271964
P:2667,P:711,0.481588304
P:2668,P:1059,0.6789563298
P:2668,P:1563,0.6865356565
P:2668,P:1859,0.7002366781
P:2668,P:2452,0.6802837849
P:2668,P:713,0.6877014041
P:2669,P:1057,0.9048107266
P:2669,P:1860,0.8890471458
P:2669,P:2584,0.9002745748
P:2669,P:485,0.8965891004
P:2669,P:714,0.8826794028
P:267,P:1274,0.8299951553
P:267,P:1291,0.8277525306
P:267,P:1311,0.8281270266
P:267,P:1533,0.8325853348
P:267,P:33,0.8286507726
P:2670,P:1303,0.5360096693
P:2670,P:2324,0.533475101
P:2670,P:2671,0.5341457129
P:2670,P:2812,0.5366286635
P:2670,P:847,0.5336453319
P:2671,P:1380,0.8148655295
P:2671,P:17,0.8036788702
P:2671,P:2238,0.8058279753
P:2671,P:2780,0.7980944514
P:2672,P:144,0.4785180688
P:2672,P:1663,0.474024564
P:2672,P:2296,0.4721653759
P:2672,P:2673,0.4717310071
P:2672,P:817,0.4731164277
P:2673,P:1663,0.7308266759
P:2673,P:2468,0.7295200229
P:2673,P:2756,0.7300964594
P:2673,P:634,0.725462079
P:2673,P:817,0.7256346345
P:2674,P:1611,0.5198636055
P:2674,P:2675,0.5146577954
P:2674,P:493,0.5205780268
P:2674,P:517,0.5193772912
P:2674,P:76,0.5191994309
P:2675,P:2449,0.6819999218
P:2675,P:2677,0.6802193522
P:2675,P:405,0.677174747
P:2675,P:76,0.6751101017
P:2675,P:891,0.6805315018
P:2676,P:2189,0.7244744301
P:2676,P:2450,0.7264415622
P:2676,P:2677,0.7288825512
P:2676,P:654,0.7211025953
P:2676,P:891,0.7204937935
P:2677,P:1221,0.8225817084
P:2677,P:1659,0.8230596185
P:2677,P:2189,0.8202935457
P:2677,P:2450,0.8193124533
P:2677,P:654,0.8223871589
P:2678,P:1042,0.5185429454
P:2678,P:1903,0.5239486694
P:2678,P:2055,0.524051249
P:2678,P:2265,0.5191174746
P:2678,P:2278,0.5185677409
P:2679,P:1935,0.4709004164
P:2679,P:2004,0.469671607
P:2679,P:2680,0.4713403285
P:2679,P:778,0.4727969468
P:2679,P:815,0.4694376588
P:268,P:1400,0.5228642225
P:268,P:203,0.5262970924
P:268,P:2075,0.5228959918
P:268,P:2260,0.5223696828
P:268,P:2339,0.5270156264
P:2680,P:1311,0.7435145974
P:2680,P:2547,0.7376304269
P:2680,P:267,0.7384915352
P:2680,P:390,0.7391252518
P:2680,P:479,0.7462304235
P:2681,P:162,0.4704329371
P:2681,P:2,0.4559813738
P:2681,P:2043,0.4538964331
P:2681,P:2501,0.4592165649
P:2681,P:2682,0.477786541
P:2682,P:16,0.6763433814
P:2682,P:2954,0.6783086658
P:2682,P:484,0.6827501655
P:2682,P:789,0.6725721955
P:2683,P:17,0.7461564541
P:2683,P:2684,0.7528787255
P:2683,P:2954,0.7441319823
P:2683,P:2955,0.7431191206
P:2684,P:17,0.881842792
P:2684,P:2026,0.8790901899
P:2684,P:2955,0.8822669983
P:2684,P:790,0.8886092305
P:2685,P:1611,0.4886095822
P:2685,P:2174,0.4875368476
P:2685,P:2186,0.4868326485
P:2685,P:2942,0.4960280657
P:2685,P:626,0.4839781523
P:2686,P:1373,0.6866857409
P:2686,P:2188,0.6854086518
P:2686,P:2346,0.6853696704
P:2686,P:2525,0.684597671
P:2686,P:253,0.6857755184
P:2687,P:2176,0.8565436006
P:2687,P:2370,0.8552311659
P:2687,P:2499,0.8563576341
P:2687,P:2511,0.851434648
P:2687,P:254,0.8513445258
P:2688,P:1913,0.5771907568
P:2688,P:2359,0.5747698545
P:2688,P:2640,0.5783509016
P:2688,P:2958,0.5744657516
P:2688,P:747,0.5741795897
P:2689,P:1248,0.5145095587
P:2689,P:1935,0.5123287439
P:2689,P:240,0.5267883539
P:2689,P:2575,0.5176653862
P:2689,P:2815,0.5117934346
P:269,P:1274,0.7665153146
P:269,P:1614,0.7741861939
P:269,P:2346,0.7677205801
P:269,P:314,0.7731428742
P:269,P:628,0.7676306367
P:2690,P:1248,0.5046665668
P:2690,P:1935,0.5044794679
P:2690,P:240,0.5133061409
P:2690,P:2575,0.5072315335
P:2690,P:2815,0.5007748008
P:2691,P:1903,0.5222109556
P:2691,P:2100,0.5241832137
P:2691,P:2341,0.5198783278
P:2691,P:2655,0.5197342634
P:2691,P:2817,0.5219213963
P:2692,P:1022,0.8002752662
P:2692,P:182,0.7915952802
P:2692,P:2607,0.795830667
P:2692,P:49,0.7891510725
P:2692,P:569,0.79883641
P:2693,P:1159,0.4577504098
P:2693,P:1777,0.4529678524
P:2693,P:1820,0.4543643892
P:2693,P:2694,0.4538968205
P:2693,P:286,0.4559049606
P:2694,P:1086,0.6688354015
P:2694,P:1415,0.6631762385
P:2694,P:1461,0.6763346195
P:2694,P:1529,0.666955471
P:2694,P:2211,0.6659736037
P:2695,P:1057,0.8661051989
P:2695,P:1570,0.8863593936
P:2695,P:2584,0.8833628893
P:2695,P:2607,0.8729794621
P:2696,P:1258,0.5457761884
P:2696,P:1600,0.5541037321
P:2696,P:2723,0.5474432111
P:2696,P:812,0.5459268689
P:2696,P:938,0.5466111302
P:2697,P:1110,0.7773169875
P:2697,P:1380,0.7875962853
P:2697,P:1493,0.7794533968
P:2697,P:1601,0.7846166492
P:2697,P:2238,0.786606133
P:2698,P:1993,0.4604069591
P:2698,P:2219,0.4601043761
P:2698,P:326,0.4549309015
P:2698,P:600,0.4572819173
P:2698,P:757,0.4568079412
P:2699,P:1086,0.6706035733
P:2699,P:1529,0.6641439795
P:2699,P:1592,0.6653702259
P:2699,P:2211,0.6623116136
P:2699,P:2746,0.6637596488
P:27,P:1398,0.8382673264
P:27,P:1476,0.8391874433
P:27,P:1951,0.8370438814
P:27,P:378,0.8369153738
P:27,P:984,0.8424032331
P:270,P:1538,0.5207439661
P:270,P:208,0.5208973885
P:270,P:2145,0.5183808804
P:270,P:2339,0.5183026791
P:270,P:292,0.5208352804
P:2700,P:1960,0.8392418027
P:2700,P:2517,0.8369237185
P:2700,P:33,0.8487699032
P:2700,P:390,0.8461455703
P:2701,P:1478,0.562446475
P:2701,P:1710,0.5674479604
P:2701,P:1715,0.5654774904
P:2701,P:1720,0.5662692785
P:2701,P:2758,0.5624876618
P:2702,P:1479,0.752089262
P:2702,P:1711,0.7512491941
P:2702,P:1716,0.7481806278
P:2702,P:1717,0.7481861711
P:2702,P:1721,0.7492823601
P:2703,P:1101,0.8559125662
P:2703,P:1456,0.8538566828
P:2703,P:2000,0.8517912626
P:2703,P:2603,0.8543434739
P:2703,P:871,0.8529458046
P:2704,P:1032,0.5052351952
P:2704,P:1793,0.5065202117
P:2704,P:2085,0.5067073107
P:2704,P:2377,0.5066027045
P:2704,P:2419,0.5077021718
P:2705,P:1903,0.7471778393
P:2705,P:2419,0.74738729
P:2705,P:323,0.7478311062
P:2705,P:618,0.7493209243
P:2705,P:74,0.7502468824
P:2706,P:2522,0.524023056
P:2706,P:2707,0.5204027295
P:2706,P:2776,0.5288777947
P:2706,P:339,0.524612844
P:2706,P:493,0.5202052593
P:2707,P:2776,0.720257163
P:2707,P:37,0.7247192264
P:2707,P:406,0.7309048176
P:2707,P:495,0.7268545628
P:2708,P:1255,0.8480910063
P:2708,P:1801,0.8409240842
P:2708,P:38,0.8499003649
P:2708,P:407,0.8550220132
P:2709,P:1069,0.5657413006
P:2709,P:203,0.5652144551
P:2709,P:2070,0.5625078082
P:2709,P:2876,0.5623521209
P:2709,P:366,0.5665194392
P:271,P:1139,0.5438526273
P:271,P:1157,0.5477063656
P:271,P:118,0.5469819307
P:271,P:1759,0.5436841846
P:271,P:801,0.5475046039
P:2710,P:1069,0.7670586705
P:2710,P:1614,0.7742456794
P:2710,P:2346,0.768871069
P:2710,P:314,0.7697934508
P:2710,P:628,0.7665089369
P:2711,P:1913,0.5771964192
P:2711,P:1977,0.5770407319
P:2711,P:2359,0.5787235498
P:2711,P:2640,0.57831043
P:2711,P:2958,0.5783572197
P:2712,P:1069,0.5392515659
P:2712,P:1400,0.5354576111
P:2712,P:208,0.5345150828
P:2712,P:292,0.5380510092
P:2712,P:936,0.538303256
P:2713,P:2605,0.4681069255
P:2713,P:2714,0.4732354283
P:2713,P:2743,0.4689266682
P:2713,P:2901,0.4687003791
P:2713,P:472,0.4695445001
P:2714,P:1903,0.7039553523
P:2714,P:1928,0.7081688643
P:2714,P:2265,0.6991471052
P:2714,P:2655,0.7033020854
P:2714,P:564,0.7008188963
P:2715,P:1022,0.863198638
P:2715,P:1057,0.8870016932
P:2715,P:150,0.864569962
P:2715,P:2584,0.8790277243
P:2715,P:2607,0.868708849
P:2716,P:108,0.5629552007
P:2716,P:2163,0.5487657189
P:2716,P:2717,0.5475865602
P:2716,P:2982,0.5440701842
P:2716,P:656,0.5440462232
P:2717,P:109,0.7676362395
P:2717,P:1906,0.7545384765
P:2717,P:2068,0.7645069361
P:2717,P:2163,0.7561554909
P:2718,P:1069,0.5586688519
P:2718,P:1560,0.5561702251
P:2718,P:1613,0.5557245016
P:2718,P:292,0.5569173694
P:2718,P:936,0.5575711727
P:2719,P:2155,0.5698811412
P:2719,P:2640,0.5694140196
P:2719,P:2958,0.5703000426
P:2719,P:575,0.5668351054
P:2719,P:941,0.5668591261
P:272,P:109,0.7480089068
P:272,P:1761,0.7424192429
P:272,P:213,0.7455157638
P:272,P:2536,0.7442936897
P:272,P:802,0.7403748631
P:2720,P:1201,0.8104992509
P:2720,P:1520,0.8089910746
P:2720,P:1977,0.8108558655
P:2720,P:2156,0.8092121482
P:2720,P:747,0.8123987913
P:2721,P:1248,0.5117803216
P:2721,P:1935,0.5117778182
P:2721,P:240,0.5236612558
P:2721,P:2575,0.5160801411
P:2721,P:2815,0.5119223595
P:2722,P:1258,0.5389930606
P:2722,P:1600,0.5413516164
P:2722,P:1715,0.5380547047
P:2722,P:2913,0.5407001376
P:2722,P:648,0.5392445922
P:2723,P:1259,0.7195874453
P:2723,P:1479,0.7207730412
P:2723,P:1601,0.7264490128
P:2723,P:1716,0.7219355702
P:2723,P:1717,0.720990181
P:2724,P:1101,0.8393959403
P:2724,P:1601,0.8401230574
P:2724,P:2238,0.8421832919
P:2724,P:2603,0.8390677571
P:2724,P:422,0.8392254114
P:2725,P:1609,0.5188573003
P:2725,P:544,0.516983211
P:2725,P:66,0.5198068619
P:2725,P:755,0.5172767639
P:2725,P:988,0.5164892673
P:2726,P:2396,0.7642654777
P:2726,P:2610,0.7682728767
P:2726,P:2611,0.7624893188
P:2726,P:620,0.7648079991
P:2726,P:742,0.7635643482
P:2727,P:1415,0.5045413375
P:2727,P:1461,0.50935179
P:2727,P:1529,0.5060223341
P:2727,P:240,0.509229362
P:2727,P:2815,0.5063233972
P:2728,P:1546,0.5805933475
P:2728,P:1553,0.5813208222
P:2728,P:1763,0.5811119676
P:2728,P:1885,0.5819141269
P:2728,P:1928,0.5885003209
P:2729,P:1440,0.5357661843
P:2729,P:1763,0.53621912
P:2729,P:2100,0.5392045975
P:2729,P:2730,0.5323212147
P:2729,P:2817,0.5327314734
P:273,P:1831,0.5592903495
P:273,P:1836,0.5584789515
P:273,P:2075,0.5583364964
P:273,P:2260,0.5584768057
P:273,P:2339,0.5633129478
P:2730,P:1022,0.7966771722
P:2730,P:2453,0.7875138521
P:2730,P:2607,0.7865331769
P:2730,P:49,0.7869477868
P:2730,P:569,0.7930215597
P:2731,P:1440,0.5319988132
P:2731,P:1484,0.5319781899
P:2731,P:2100,0.5333474874
P:2731,P:2339,0.5287362933
P:2731,P:402,0.5319364667
P:2732,P:1434,0.3969015479
P:2732,P:1656,0.3975020945
P:2732,P:2017,0.4057615101
P:2732,P:2733,0.397269845
P:2732,P:371,0.3975194395
P:2733,P:1461,0.5982839465
P:2733,P:1919,0.6142681837
P:2733,P:2387,0.6070157886
P:2733,P:694,0.6029307246
P:2734,P:1242,0.8641626239
P:2734,P:244,0.8611183167
P:2734,P:2503,0.8628566265
P:2734,P:2584,0.8802648187
P:2734,P:485,0.8839398623
P:2735,P:1440,0.5272408724
P:2735,P:1903,0.5256659389
P:2735,P:2055,0.5253061056
P:2735,P:2100,0.52714324
P:2735,P:2265,0.5239530206
P:2736,P:1558,0.4794118106
P:2736,P:1611,0.4807195067
P:2736,P:2737,0.4791673422
P:2736,P:404,0.4796507657
P:2736,P:501,0.4806185067
P:2737,P:1611,0.6609370112
P:2737,P:2449,0.6664782166
P:2737,P:404,0.6641412973
P:2737,P:652,0.6654980779
P:2737,P:76,0.6614537239
P:2738,P:1559,0.6840527654
P:2738,P:2408,0.6841264963
P:2738,P:405,0.6930202842
P:2738,P:406,0.6864514947
P:2738,P:654,0.6862210035
P:2739,P:1659,0.7249810696
P:2739,P:2189,0.7254136801
P:2739,P:2450,0.7255667448
P:2739,P:2677,0.7256266475
P:2739,P:654,0.7312201262
P:274,P:1274,0.7802427411
P:274,P:1614,0.7825497985
P:274,P:314,0.7824622393
P:274,P:569,0.786603272
P:274,P:628,0.7816616893
P:2740,P:1560,0.8368198872
P:2740,P:1659,0.8402885199
P:2740,P:2176,0.8362326622
P:2740,P:2499,0.8404557705
P:2740,P:654,0.8389723897
P:2741,P:2468,0.5439770818
P:2741,P:2662,0.5448611379
P:2741,P:2756,0.544459343
P:2741,P:422,0.5435222387
P:2741,P:481,0.543863833
P:2742,P:2482,0.482667774
P:2742,P:2714,0.4821733534
P:2742,P:2743,0.4891958535
P:2742,P:2817,0.4819731116
P:2742,P:472,0.4868201613
P:2743,P:1440,0.696860373
P:2743,P:1763,0.6946421266
P:2743,P:1831,0.6965357065
P:2743,P:1928,0.699180603
P:2743,P:2100,0.7007315755
P:2744,P:1057,0.8460994363
P:2744,P:150,0.8329587579
P:2744,P:182,0.8324242234
P:2744,P:2584,0.8397049308
P:2744,P:2607,0.8354175687
P:2745,P:1086,0.5015174747
P:2745,P:1415,0.4981833994
P:2745,P:1461,0.4985084236
P:2745,P:2211,0.4980559051
P:2745,P:2432,0.4959369302
P:2746,P:1086,0.7848899364
P:2746,P:1592,0.7869490981
P:2746,P:1960,0.785884738
P:2746,P:2700,0.7851337194
P:2746,P:390,0.7977131605
P:2747,P:2579,0.5568316579
P:2747,P:2640,0.5562392473
P:2747,P:2866,0.5575991273
P:2747,P:395,0.5571724772
P:2747,P:763,0.5526880622
P:2748,P:1406,0.8183351159
P:2748,P:1476,0.8206545115
P:2748,P:1951,0.8287889957
P:2748,P:263,0.8123040199
P:2748,P:747,0.8132017255
P:2749,P:2051,0.4555004835
P:2749,P:2776,0.4559034109
P:2749,P:339,0.4566945732
P:2749,P:501,0.456969738
P:2749,P:751,0.4574281573
P:275,P:1977,0.5786818266
P:275,P:2049,0.578918159
P:275,P:2359,0.5793354511
P:275,P:2640,0.5782738328
P:275,P:2958,0.5795153379
P:2750,P:1069,0.6758762598
P:2750,P:1120,0.6752433181
P:2750,P:1589,0.6751352549
P:2750,P:1684,0.6752871275
P:2750,P:366,0.6780287027
P:2751,P:1274,0.7884372473
P:2751,P:1311,0.7813466191
P:2751,P:1533,0.7816146612
P:2751,P:244,0.7811846733
P:2751,P:852,0.7836387753
P:2752,P:1581,0.4474702477
P:2752,P:2247,0.4451873302
P:2752,P:2281,0.4442437589
P:2752,P:265,0.4418906569
P:2752,P:2753,0.4404620826
P:2753,P:1311,0.67235291
P:2753,P:175,0.6664373279
P:2753,P:2004,0.6702614427
P:2753,P:479,0.6712036729
P:2753,P:778,0.6768230796
P:2754,P:1274,0.8547335267
P:2754,P:1533,0.8695132136
P:2754,P:1957,0.8562312126
P:2754,P:2607,0.8609909415
P:2754,P:852,0.8552165627
P:2755,P:144,0.5165709853
P:2755,P:1663,0.5214895606
P:2755,P:2468,0.5294921994
P:2755,P:2756,0.5329118967
P:2755,P:817,0.5203177929
P:2756,P:1601,0.7907640934
P:2756,P:1749,0.792961061
P:2756,P:2238,0.7821781635
P:2756,P:422,0.7827519774
P:2757,P:1258,0.5797351003
P:2757,P:1710,0.5793170333
P:2757,P:2758,0.5810855627
P:2757,P:450,0.5817170143
P:2757,P:648,0.5794045329
P:2758,P:1479,0.7467848063
P:2758,P:1711,0.7459043264
P:2758,P:1716,0.7420398593
P:2758,P:2000,0.7475548387
P:2758,P:2759,0.7467498779
P:2759,P:1101,0.8474215865
P:2759,P:1456,0.8483958244
P:2759,P:1716,0.8467415571
P:2759,P:2000,0.8525337577
P:2759,P:2603,0.8489289284
P:276,P:1176,0.4928263426
P:276,P:2318,0.4910361767
P:276,P:2468,0.4903435111
P:276,P:2756,0.4936571717
P:276,P:277,0.4929690063
P:2760,P:1009,0.5160131454
P:2760,P:2331,0.512748003
P:2760,P:2961,0.5176445842
P:2760,P:865,0.5178484917
P:2760,P:89,0.5176651478
P:2761,P:17,0.7717061639
P:2761,P:2396,0.7705447674
P:2761,P:2610,0.7626616955
P:2761,P:755,0.7653953433
P:2761,P:957,0.7679396868
P:2762,P:1478,0.5593624711
P:2762,P:1710,0.5642347336
P:2762,P:1715,0.5614500046
P:2762,P:1720,0.562577188
P:2762,P:648,0.5595745444
P:2763,P:1479,0.7330327034
P:2763,P:1711,0.7315584421
P:2763,P:1716,0.7286272049
P:2763,P:1721,0.7349422574
P:2763,P:2937,0.7333205938
P:2764,P:1479,0.7686900496
P:2764,P:1711,0.7682563066
P:2764,P:1716,0.7651826739
P:2764,P:1717,0.7654682398
P:2764,P:2000,0.7670701742
P:2765,P:1456,0.8278246522
P:2765,P:2000,0.8299037218
P:2765,P:2603,0.8313783407
P:2765,P:378,0.8274923563
P:2765,P:984,0.8281499743
P:2766,P:1101,0.8574265242
P:2766,P:1456,0.8538496494
P:2766,P:2603,0.8529071212
P:2766,P:871,0.8540597558
P:2767,P:1204,0.5352775455
P:2767,P:2124,0.5351724029
P:2767,P:232,0.5358882546
P:2767,P:2768,0.5354315042
P:2767,P:575,0.5350084305
P:2768,P:1913,0.7050649524
P:2768,P:2579,0.7033758759
P:2768,P:2633,0.7025105953
P:2768,P:2640,0.7031592727
P:2768,P:2958,0.702074945
P:2769,P:1201,0.7433594465
P:2769,P:1977,0.7438954711
P:2769,P:747,0.7429139614
P:2769,P:913,0.743750453
P:2769,P:984,0.7463321686
P:277,P:1107,0.7192507386
P:277,P:1601,0.7098243237
P:277,P:1749,0.7170719504
P:277,P:1926,0.7157875299
P:277,P:945,0.7112638354
P:2770,P:2000,0.7787061334
P:2770,P:2603,0.7785183191
P:2770,P:2635,0.7796763778
P:2770,P:2871,0.7762883902
P:2770,P:984,0.7787478566
P:2771,P:1476,0.868866384
P:2771,P:1951,0.8701748252
P:2771,P:2603,0.8707736731
P:2771,P:2871,0.8707622886
P:2772,P:2051,0.4755098224
P:2772,P:2244,0.4777550399
P:2772,P:2395,0.4747677743
P:2772,P:2609,0.4810400009
P:2772,P:741,0.4783990681
P:2773,P:1311,0.6964418888
P:2773,P:2859,0.6964095831
P:2773,P:413,0.6995197535
P:2773,P:66,0.6991967559
P:2773,P:68,0.6949560642
P:2774,P:150,0.8466891646
P:2774,P:1533,0.8547261357
P:2774,P:244,0.8468821645
P:2774,P:2607,0.8573314548
P:2774,P:485,0.8427461386
P:2775,P:2522,0.5205484629
P:2775,P:2776,0.5235521793
P:2775,P:339,0.5191749334
P:2775,P:493,0.5150743723
P:2775,P:517,0.5157191157
P:2776,P:37,0.726436317
P:2776,P:405,0.7252525091
P:2776,P:406,0.7395380735
P:2776,P:495,0.7392631173
P:2777,P:1255,0.8102663755
P:2777,P:2708,0.8168743253
P:2777,P:38,0.8178451061
P:2777,P:407,0.8215032816
P:2777,P:496,0.8127133846
P:2778,P:2011,0.4812835455
P:2778,P:2023,0.4810289741
P:2778,P:2235,0.4818943143
P:2778,P:2779,0.4845743477
P:2778,P:280,0.4855148792
P:2779,P:1004,0.7042603493
P:2779,P:1380,0.7139557004
P:2779,P:1951,0.7186622024
P:2779,P:2238,0.7045712471
P:2779,P:2579,0.7091531754
P:278,P:1476,0.8795314431
P:278,P:1500,0.8723853827
P:278,P:1852,0.8639489412
P:278,P:1951,0.8823636174
P:278,P:2413,0.8596348166
P:2780,P:1380,0.8807712197
P:2780,P:1476,0.8717951179
P:2780,P:1500,0.8745394349
P:2780,P:1951,0.8807163835
P:2780,P:2238,0.8747670054
P:2781,P:1308,0.4632410109
P:2781,P:1486,0.4631614983
P:2781,P:2262,0.4607781172
P:2781,P:2782,0.4609659612
P:2781,P:825,0.4616791606
P:2782,P:1559,0.6758870482
P:2782,P:2344,0.6719385982
P:2782,P:2392,0.6693971157
P:2782,P:2783,0.6694512367
P:2783,P:1274,0.7498005033
P:2783,P:1560,0.7412918806
P:2783,P:2346,0.7404211164
P:2783,P:244,0.7430495024
P:2783,P:2499,0.7453041077
P:2784,P:1274,0.8460732698
P:2784,P:1533,0.8476905227
P:2784,P:244,0.8466519713
P:2784,P:2607,0.8460102677
P:2784,P:852,0.8410022855
P:2785,P:1115,0.4804870486
P:2785,P:1385,0.4826546013
P:2785,P:2786,0.4758342206
P:2785,P:2889,0.4795220494
P:2785,P:711,0.4752262235
P:2786,P:1021,0.6516615152
P:2786,P:1055,0.6504843235
P:2786,P:1144,0.6535628438
P:2786,P:1859,0.6688121557
P:2786,P:2901,0.6513240933
P:2787,P:1056,0.7293540239
P:2787,P:1057,0.7491454482
P:2787,P:1860,0.7413039207
P:2787,P:2584,0.7410730124
P:2787,P:961,0.7324661016
P:2788,P:1057,0.8078417182
P:2788,P:1325,0.7907879353
P:2788,P:1860,0.7841128707
P:2788,P:2584,0.7939970493
P:2788,P:381,0.7872865796
P:2789,P:1057,0.8660069108
P:2789,P:1325,0.8455166221
P:2789,P:1570,0.8466532826
P:2789,P:2584,0.8539860845
P:2789,P:618,0.8551231623
P:279,P:1377,0.4663305283
P:279,P:1498,0.4650757909
P:279,P:2011,0.4645981491
P:279,P:2235,0.4658144712
P:279,P:280,0.467656076
P:2790,P:1965,0.4569341838
P:2790,P:2270,0.4556266963
P:2790,P:2459,0.459482789
P:2790,P:47,0.4566065967
P:2790,P:717,0.4574044645
P:2791,P:1836,0.634423852
P:2791,P:2075,0.6347343326
P:2791,P:2270,0.6360675097
P:2791,P:2339,0.6390605569
P:2791,P:995,0.6414926052
P:2792,P:1274,0.7405315638
P:2792,P:150,0.7392947078
P:2792,P:1533,0.7501916885
P:2792,P:2607,0.7443099618
P:2792,P:49,0.7406615019
P:2793,P:1057,0.8696420789
P:2793,P:1533,0.8693050146
P:2793,P:2584,0.8702017665
P:2793,P:2607,0.874724865
P:2793,P:485,0.866220057
P:2794,P:1400,0.5264078975
P:2794,P:203,0.530678153
P:2794,P:2070,0.5265382528
P:2794,P:2339,0.5302230716
P:2794,P:366,0.5265440941
P:2795,P:1274,0.7745822072
P:2795,P:1614,0.780317843
P:2795,P:2346,0.7748863697
P:2795,P:314,0.7775437832
P:2795,P:628,0.7738223076
P:2796,P:1415,0.4752184451
P:2796,P:1461,0.4741655886
P:2796,P:1993,0.4772002101
P:2796,P:2797,0.4784440398
P:2796,P:600,0.4738771915
P:2797,P:1086,0.6997464895
P:2797,P:1461,0.6948466897
P:2797,P:1529,0.6947968602
P:2797,P:1592,0.6966490746
P:2797,P:2746,0.6938847303
P:2798,P:1000,0.8265856504
P:2798,P:17,0.8331725597
P:2798,P:1906,0.827008903
P:2798,P:2068,0.8309044242
P:2798,P:328,0.8330466151
P:2799,P:150,0.8514382839
P:2799,P:1533,0.8584586382
P:2799,P:244,0.8444444537
P:2799,P:2607,0.865136683
P:2799,P:33,0.8542637825
P:28,P:193,0.4821981788
P:28,P:1935,0.4825931787
P:28,P:2004,0.4825545251
P:28,P:2680,0.4839938879
P:28,P:778,0.4861651361
P:280,P:1113,0.6686960459
P:280,P:1513,0.6724017859
P:280,P:2579,0.6755108833
P:280,P:323,0.6720548868
P:280,P:730,0.6696550846
P:2800,P:1643,0.4990819097
P:2800,P:1751,0.5027309656
P:2800,P:2085,0.5039425492
P:2800,P:2136,0.4984154701
P:2800,P:224,0.5013108253
P:2801,P:1513,0.7546620965
P:2801,P:1951,0.7487887144
P:2801,P:2579,0.7507724762
P:2801,P:323,0.7509744763
P:2801,P:74,0.750051558
P:2802,P:1611,0.4611349404
P:2802,P:2132,0.4610286057
P:2802,P:2803,0.4606419206
P:2802,P:2942,0.4670266509
P:2802,P:835,0.4600874782
P:2803,P:1059,0.6717746258
P:2803,P:1421,0.6765417457
P:2803,P:2452,0.6762017608
P:2803,P:2525,0.6750092506
P:2803,P:253,0.6771466136
P:2804,P:2176,0.7388032079
P:2804,P:2498,0.7329921722
P:2804,P:2499,0.7427750826
P:2804,P:2805,0.7325391173
P:2804,P:654,0.7331987023
P:2805,P:2176,0.8764920235
P:2805,P:2370,0.8812844157
P:2805,P:2499,0.8768123984
P:2805,P:2511,0.8784651756
P:2805,P:2565,0.8775152564
P:2806,P:1157,0.5473596454
P:2806,P:118,0.5461935401
P:2806,P:206,0.5447056293
P:2806,P:2331,0.5447774529
P:2806,P:801,0.5452817082
P:2807,P:109,0.7479818463
P:2807,P:1906,0.7381368279
P:2807,P:213,0.7435429096
P:2807,P:2536,0.7409381866
P:2808,P:1069,0.5702254176
P:2808,P:1262,0.5636902452
P:2808,P:1400,0.563688457
P:2808,P:292,0.5672795177
P:2808,P:936,0.5689203143
P:2809,P:1258,0.5844494104
P:2809,P:1710,0.5832580328
P:2809,P:1715,0.5821416378
P:2809,P:2913,0.5842741132
P:2809,P:648,0.5835646987
P:281,P:1380,0.768127799
P:281,P:1634,0.7541724443
P:281,P:1951,0.7658042312
P:281,P:2238,0.7606657147
P:281,P:2413,0.7543058395
P:2810,P:1110,0.8155664206
P:2810,P:1111,0.8143135905
P:2810,P:1380,0.8132748008
P:2810,P:2238,0.8166469336
P:2810,P:2635,0.8168432713
P:2811,P:1600,0.5494083166
P:2811,P:1604,0.5503288507
P:2811,P:2697,0.5466234088
P:2811,P:2812,0.5444158912
P:2811,P:481,0.5430700183
P:2812,P:1380,0.7917436957
P:2812,P:1601,0.7681527734
P:2812,P:2025,0.7709975839
P:2812,P:2238,0.7848574519
P:2812,P:2780,0.7719529271
P:2813,P:1042,0.5115300417
P:2813,P:1044,0.5100451708
P:2813,P:1903,0.5174452662
P:2813,P:2419,0.5099719167
P:2813,P:74,0.5131980181
P:2814,P:1415,0.4628378451
P:2814,P:1461,0.4618741274
P:2814,P:2432,0.46424523
P:2814,P:2815,0.4625602067
P:2814,P:992,0.4615670443
P:2815,P:1086,0.7541949153
P:2815,P:1461,0.7512949705
P:2815,P:1529,0.7505801916
P:2815,P:1592,0.7470805645
P:2815,P:2211,0.7470709682
P:2816,P:1555,0.5131003261
P:2816,P:1829,0.5135878921
P:2816,P:2482,0.5130808949
P:2816,P:2487,0.515673697
P:2816,P:2817,0.5156297684
P:2817,P:1014,0.7628523707
P:2817,P:1440,0.7614626288
P:2817,P:1831,0.761063695
P:2817,P:1928,0.7730119228
P:2817,P:2100,0.7633392215
P:2818,P:1935,0.518255651
P:2818,P:2163,0.5175209045
P:2818,P:240,0.5285758376
P:2818,P:2575,0.5206738114
P:2818,P:2815,0.518421948
P:2819,P:1069,0.547447443
P:2819,P:1400,0.5410761237
P:2819,P:203,0.5407226086
P:2819,P:292,0.5440523028
P:2819,P:936,0.5455852151
P:282,P:1057,0.9428805709
P:282,P:1570,0.9387747049
P:282,P:1852,0.9412308931
P:282,P:2584,0.9484169483
P:2820,P:1759,0.4866717756
P:2820,P:2661,0.5023694038
P:2820,P:2821,0.5078287721
P:2820,P:420,0.4866795242
P:2820,P:801,0.4894468188
P:2821,P:1704,0.6766231656
P:2821,P:2661,0.6918363571
P:2821,P:481,0.6870949268
P:2821,P:847,0.6774491072
P:2822,P:1601,0.7444027662
P:2822,P:2662,0.7483267188
P:2822,P:2823,0.7518032789
P:2822,P:399,0.7457137108
P:2822,P:422,0.7486678362
P:2823,P:1853,0.8550465107
P:2823,P:2238,0.8602442741
P:2823,P:422,0.8742755651
P:2823,P:969,0.8554311991
P:2824,P:108,0.5569913387
P:2824,P:1139,0.5525857806
P:2824,P:1157,0.5522521138
P:2824,P:118,0.5517649651
P:2824,P:801,0.5498470664
P:2825,P:109,0.7549422383
P:2825,P:1906,0.7390918732
P:2825,P:213,0.7377784252
P:2825,P:2536,0.741494596
P:2825,P:2982,0.7376174927
P:2826,P:1159,0.4689988494
P:2826,P:1415,0.4689258039
P:2826,P:2432,0.4741826057
P:2826,P:809,0.4686719477
P:2826,P:992,0.4700279534
P:2827,P:1086,0.7437138557
P:2827,P:1461,0.740406096
P:2827,P:1529,0.7402011752
P:2827,P:1592,0.7374817729
P:2827,P:2211,0.7364231944
P:2828,P:1831,0.5192896724
P:2828,P:2100,0.5198720098
P:2828,P:2339,0.5213637948
P:2828,P:362,0.5203027129
P:2828,P:402,0.5186856985
P:2829,P:1274,0.7687154412
P:2829,P:1614,0.7680665255
P:2829,P:314,0.7670588493
P:2829,P:569,0.769315362
P:2829,P:628,0.7670590281
P:283,P:1380,0.8798432946
P:283,P:1853,0.8769025803
P:283,P:2026,0.8726040721
P:283,P:2238,0.8811411262
P:283,P:422,0.8732783794
P:2830,P:1513,0.5349187255
P:2830,P:2579,0.5397155881
P:2830,P:2640,0.5357022882
P:2830,P:2866,0.5346940756
P:2830,P:395,0.5334944129
P:2831,P:1913,0.5699523091
P:2831,P:2567,0.5696312189
P:2831,P:2579,0.5743689537
P:2831,P:2640,0.5772585273
P:2831,P:863,0.5697761774
P:2832,P:1069,0.5472342372
P:2832,P:1400,0.5431877375
P:2832,P:203,0.5451687574
P:2832,P:208,0.5457510352
P:2832,P:2339,0.5445792079
P:2833,P:1751,0.5121884346
P:2833,P:2085,0.5162172318
P:2833,P:2136,0.51472646
P:2833,P:224,0.5138580203
P:2833,P:2834,0.5159416795
P:2834,P:1513,0.7573730946
P:2834,P:225,0.7576137781
P:2834,P:2621,0.7556628585
P:2834,P:2626,0.7595258951
P:2834,P:618,0.7612397075
P:2835,P:1415,0.4869103134
P:2835,P:1461,0.4888650775
P:2835,P:2432,0.4888150692
P:2835,P:509,0.4872721732
P:2835,P:992,0.4859325886
P:2836,P:1086,0.7447268963
P:2836,P:1461,0.7450415492
P:2836,P:1529,0.7439925671
P:2836,P:1592,0.7411130667
P:2836,P:390,0.7396053672
P:2837,P:1643,0.4825490117
P:2837,P:224,0.482847482
P:2837,P:2251,0.483928889
P:2837,P:2838,0.4826639295
P:2837,P:763,0.4857076705
P:2838,P:2063,0.6969243288
P:2838,P:2579,0.7037812471
P:2838,P:2866,0.6929374933
P:2838,P:395,0.6963433623
P:2838,P:763,0.6910783648
P:2839,P:1406,0.841905117
P:2839,P:1476,0.860301435
P:2839,P:1852,0.8476831317
P:2839,P:1951,0.8654688001
P:2839,P:2013,0.8412747383
P:284,P:1440,0.5239282846
P:284,P:1484,0.524389267
P:284,P:2100,0.5250421166
P:284,P:2265,0.5204555392
P:284,P:402,0.5230687261
P:2840,P:1476,0.9082397819
P:2840,P:1852,0.9036766887
P:2840,P:1951,0.8996170759
P:2840,P:2584,0.895788312
P:2840,P:282,0.8977906704
P:2841,P:144,0.4824211001
P:2841,P:1663,0.4828003049
P:2841,P:1753,0.4824656546
P:2841,P:2296,0.4842586219
P:2841,P:817,0.4817877412
P:2842,P:1663,0.7230612636
P:2842,P:1704,0.7264308333
P:2842,P:2536,0.7210103273
P:2842,P:634,0.7238160968
P:2842,P:794,0.7223135233
P:2843,P:1259,0.6215673685
P:2843,P:1479,0.6249577403
P:2843,P:1711,0.622359395
P:2843,P:1716,0.6230254173
P:2843,P:1717,0.6216031313
P:2844,P:1042,0.5105594993
P:2844,P:1829,0.507347405
P:2844,P:1903,0.5111345053
P:2844,P:2419,0.50864923
P:2844,P:744,0.508742094
P:2845,P:1014,0.754457593
P:2845,P:182,0.7533122897
P:2845,P:1928,0.7624968886
P:2845,P:2715,0.7599439621
P:2845,P:564,0.7547618151
P:2846,P:1032,0.5167768598
P:2846,P:1751,0.5162336826
P:2846,P:1793,0.5172258615
P:2846,P:2085,0.5195946097
P:2846,P:224,0.5164683461
P:2847,P:1513,0.7461225986
P:2847,P:1951,0.751858294
P:2847,P:323,0.7493676543
P:2847,P:618,0.7529351115
P:2847,P:74,0.7502294779
P:2848,P:1913,0.5570255518
P:2848,P:2579,0.5586316586
P:2848,P:2640,0.5632809401
P:2848,P:2866,0.5559626818
P:2848,P:395,0.5554237962
P:2849,P:1406,0.8132357001
P:2849,P:1476,0.8122195601
P:2849,P:1951,0.8184396029
P:2849,P:263,0.8037849665
P:2849,P:747,0.8058497906
P:285,P:1159,0.4658071995
P:285,P:2432,0.4652836621
P:285,P:286,0.4664831161
P:285,P:809,0.4616209865
P:285,P:992,0.4618798196
P:2850,P:1308,0.4348849058
P:2850,P:1390,0.4456153214
P:2850,P:2066,0.4463892579
P:2850,P:2851,0.4356900752
P:2850,P:350,0.4402391315
P:2851,P:1449,0.6656822562
P:2851,P:1450,0.6666622758
P:2851,P:2777,0.6666132212
P:2851,P:799,0.6656473875
P:2851,P:86,0.6703106761
P:2852,P:1255,0.8148338199
P:2852,P:164,0.808840394
P:2852,P:1809,0.8175448775
P:2852,P:258,0.8123776317
P:2852,P:728,0.8080335855
P:2853,P:1513,0.5443982482
P:2853,P:2085,0.5381371379
P:2853,P:2579,0.5419665575
P:2853,P:2866,0.5387392044
P:2853,P:395,0.5353491902
P:2854,P:1440,0.5212413073
P:2854,P:1484,0.5191662312
P:2854,P:2055,0.5229477882
P:2854,P:2100,0.5187966824
P:2854,P:2278,0.5193699598
P:2855,P:1040,0.504638195
P:2855,P:1461,0.5044386983
P:2855,P:1753,0.5060620904
P:2855,P:213,0.5060300231
P:2855,P:2970,0.5076278448
P:2856,P:1415,0.4983386695
P:2856,P:1461,0.4953895509
P:2856,P:2432,0.502404809
P:2856,P:509,0.4966366589
P:2856,P:809,0.4950204492
P:2857,P:1086,0.7462133169
P:2857,P:1592,0.7421154976
P:2857,P:1960,0.7441530228
P:2857,P:2700,0.7407056093
P:2857,P:390,0.7501971722
P:2858,P:1609,0.5497281551
P:2858,P:413,0.5532823801
P:2858,P:66,0.5531323552
P:2858,P:86,0.5590200424
P:2858,P:87,0.5543187857
P:2859,P:1311,0.7910077572
P:2859,P:2053,0.7932323217
P:2859,P:2610,0.7941825986
P:2859,P:465,0.795253098
P:2859,P:742,0.7991523147
P:286,P:1086,0.7391126156
P:286,P:1461,0.7408422828
P:286,P:1529,0.734367907
P:286,P:2211,0.7351387739
P:286,P:504,0.7302581072
P:2860,P:1339,0.5081095695
P:2860,P:1461,0.5114951134
P:2860,P:213,0.5067934394
P:2860,P:240,0.5151083469
P:2860,P:2970,0.5087069869
P:2861,P:1069,0.5501685143
P:2861,P:1262,0.5501835346
P:2861,P:203,0.5511627793
P:2861,P:2070,0.548864007
P:2861,P:366,0.550580442
P:2862,P:1374,0.7976248264
P:2862,P:1614,0.7994868159
P:2862,P:2346,0.7985311151
P:2862,P:314,0.7984806895
P:2862,P:628,0.7960902452
P:2863,P:1704,0.5364695787
P:2863,P:1748,0.5367326736
P:2863,P:1749,0.536965549
P:2863,P:2662,0.5393167138
P:2863,P:422,0.5415204167
P:2864,P:1069,0.5427302122
P:2864,P:1400,0.5415372849
P:2864,P:208,0.5411562324
P:2864,P:292,0.5426782966
P:2864,P:936,0.5407152772
P:2865,P:1513,0.5391599536
P:2865,P:2085,0.5394849777
P:2865,P:2579,0.5452857018
P:2865,P:2866,0.5467804074
P:2865,P:395,0.5461326838
P:2866,P:1406,0.7722875476
P:2866,P:1476,0.7714563608
P:2866,P:1951,0.7872859836
P:2866,P:2567,0.7715198994
P:2866,P:2579,0.7839203477
P:2867,P:1204,0.5388157964
P:2867,P:2124,0.5395911336
P:2867,P:2155,0.5392012
P:2867,P:232,0.5371766686
P:2867,P:575,0.5378566384
P:2868,P:1913,0.717640698
P:2868,P:2567,0.7105553746
P:2868,P:2579,0.7122770548
P:2868,P:2640,0.7116771936
P:2868,P:747,0.7117689252
P:2869,P:1201,0.7449091673
P:2869,P:1520,0.7441542745
P:2869,P:1977,0.745932579
P:2869,P:747,0.7467042208
P:2869,P:984,0.7460513115
P:287,P:1377,0.4462159872
P:287,P:280,0.4386379421
P:287,P:288,0.4385096431
P:287,P:615,0.4397990406
P:287,P:703,0.4398062527
P:2870,P:1896,0.7617655993
P:2870,P:2000,0.7632482052
P:2870,P:2635,0.7641575336
P:2870,P:913,0.7611811757
P:2870,P:984,0.7653864622
P:2871,P:1951,0.8688769937
P:2871,P:2603,0.8679746985
P:2871,P:2635,0.86913836
P:2871,P:2771,0.8707622886
P:2872,P:1042,0.5298745036
P:2872,P:1044,0.528924942
P:2872,P:1903,0.5355004668
P:2872,P:2055,0.5314369202
P:2872,P:74,0.5304737687
P:2873,P:1032,0.503354013
P:2873,P:1751,0.5058026314
P:2873,P:1793,0.502730608
P:2873,P:2085,0.5070681572
P:2873,P:2136,0.5027865171
P:2874,P:1113,0.7309020162
P:2874,P:1513,0.7366487384
P:2874,P:1793,0.7337617278
P:2874,P:323,0.7346716523
P:2874,P:74,0.731081903
P:2875,P:1069,0.5471290946
P:2875,P:1262,0.5432290435
P:2875,P:2648,0.5445846319
P:2875,P:2876,0.5455790758
P:2875,P:366,0.5477600694
P:2876,P:1614,0.7866417766
P:2876,P:2346,0.7806484699
P:2876,P:314,0.782076478
P:2876,P:628,0.7789548039
P:2876,P:78,0.7766293287
P:2877,P:1513,0.5278586745
P:2877,P:1751,0.5288704634
P:2877,P:2085,0.5297453403
P:2877,P:2136,0.5272569656
P:2877,P:2866,0.524887383
P:2878,P:1951,0.7743872404
P:2878,P:225,0.7654866576
P:2878,P:2579,0.7639749646
P:2878,P:618,0.766943872
P:2878,P:683,0.7647397518
P:2879,P:1069,0.5255084634
P:2879,P:203,0.5283944011
P:2879,P:208,0.5300314426
P:2879,P:2339,0.5298556685
P:2879,P:402,0.5270049572
P:288,P:1859,0.6809077859
P:288,P:2160,0.6713635921
P:288,P:2473,0.6697837114
P:288,P:484,0.666290462
P:2880,P:1609,0.5277237296
P:2880,P:2638,0.524959147
P:2880,P:544,0.5244219303
P:2880,P:66,0.5289461613
P:2880,P:755,0.5246800184
P:2881,P:2396,0.7704274058
P:2881,P:2610,0.7714762688
P:2881,P:2611,0.7658711076
P:2881,P:620,0.7678796649
P:2881,P:742,0.7681142688
P:2882,P:1176,0.5343199968
P:2882,P:1710,0.5349628329
P:2882,P:1715,0.5340846777
P:2882,P:1997,0.5328784585
P:2882,P:2758,0.5329285264
P:2883,P:1259,0.7218080759
P:2883,P:1479,0.7232095599
P:2883,P:1711,0.7220261097
P:2883,P:2000,0.7283623219
P:2883,P:2759,0.7242823839
P:2884,P:1476,0.8518837094
P:2884,P:1951,0.8547891378
P:2884,P:2644,0.8474724293
P:2884,P:2871,0.8466766477
P:2884,P:984,0.8530490994
P:2885,P:1461,0.5062335134
P:2885,P:1529,0.5028803349
P:2885,P:240,0.5102866888
P:2885,P:2815,0.5062895417
P:2885,P:2836,0.504085958
P:2886,P:1479,0.613550365
P:2886,P:1711,0.6111069322
P:2886,P:1716,0.6120175123
P:2886,P:1717,0.6107479334
P:2886,P:2937,0.6108997464
P:2887,P:1400,0.544952333
P:2887,P:203,0.5456963181
P:2887,P:208,0.5473066568
P:2887,P:2339,0.5478202701
P:2887,P:402,0.5478335619
P:2888,P:1054,0.4660010934
P:2888,P:1115,0.465841651
P:2888,P:1385,0.467528522
P:2888,P:2889,0.4774241149
P:2888,P:711,0.4665624201
P:2889,P:1054,0.66310215
P:2889,P:1055,0.667914927
P:2889,P:1859,0.6799238324
P:2889,P:380,0.672195971
P:289,P:1057,0.9261727333
P:289,P:1570,0.9204919338
P:289,P:1852,0.9157428145
P:289,P:2584,0.9381540418
P:289,P:282,0.9217669964
P:2890,P:1055,0.7130137086
P:2890,P:1056,0.7201436162
P:2890,P:1057,0.7142306566
P:2890,P:2584,0.7085680962
P:2890,P:713,0.705391407
P:2891,P:1057,0.774508059
P:2891,P:1325,0.7551806569
P:2891,P:1860,0.7636352777
P:2891,P:2584,0.7715118527
P:2891,P:381,0.7585096955
P:2892,P:1057,0.9270670414
P:2892,P:1325,0.9107378721
P:2892,P:1852,0.9070675969
P:2892,P:2584,0.9191814065
P:2892,P:282,0.908783555
P:2893,P:1069,0.5489800572
P:2893,P:1400,0.5489834547
P:2893,P:208,0.549666822
P:2893,P:2339,0.5508202314
P:2893,P:292,0.5490486026
P:2894,P:1042,0.5423269272
P:2894,P:1513,0.544500947
P:2894,P:2136,0.5447949767
P:2894,P:24,0.5419612527
P:2894,P:2834,0.5487216115
P:2895,P:1069,0.5552543998
P:2895,P:1400,0.5522918105
P:2895,P:203,0.5517815948
P:2895,P:208,0.5513436198
P:2895,P:292,0.551235497
P:2896,P:1479,0.6152746677
P:2896,P:1711,0.6129754782
P:2896,P:1716,0.6127432585
P:2896,P:2759,0.6122521162
P:2896,P:2937,0.6123835444
P:2897,P:1537,0.4155875742
P:2897,P:1656,0.4152366519
P:2897,P:1919,0.4131186008
P:2897,P:2898,0.4142296612
P:2897,P:694,0.4217598736
P:2898,P:1290,0.6353795528
P:2898,P:1537,0.6275707483
P:2898,P:2575,0.627717495
P:2898,P:694,0.6313843727
P:2899,P:1533,0.8605236411
P:2899,P:2263,0.8637473583
P:2899,P:244,0.8698998094
P:2899,P:2607,0.8596317768
P:2899,P:485,0.8664559722
P:29,P:1311,0.743226707
P:29,P:2308,0.7334183455
P:29,P:2547,0.734696269
P:29,P:479,0.7318872213
P:29,P:540,0.729676187
P:290,P:1461,0.5152024627
P:290,P:1529,0.5155916214
P:290,P:240,0.5218290091
P:290,P:2575,0.5168449879
P:290,P:2815,0.5166653395
P:2900,P:1385,0.4735282362
P:2900,P:2714,0.4764779806
P:2900,P:2743,0.4718660414
P:2900,P:2901,0.477584362
P:2900,P:472,0.475443095
P:2901,P:1440,0.697653532
P:2901,P:1903,0.6978806853
P:2901,P:1928,0.7051029205
P:2901,P:2100,0.7040114999
P:2901,P:2265,0.6972062588
P:2902,P:1057,0.8479509354
P:2902,P:1325,0.8268756866
P:2902,P:1860,0.8317162395
P:2902,P:2584,0.8453837633
P:2902,P:618,0.8332841992
P:2903,P:1042,0.5317654014
P:2903,P:1513,0.5323455334
P:2903,P:1903,0.5357387066
P:2903,P:74,0.5332014561
P:2903,P:744,0.5323221087
P:2904,P:1197,0.5333524942
P:2904,P:1417,0.5346900821
P:2904,P:2331,0.5384112597
P:2904,P:2821,0.5309181213
P:2904,P:481,0.5328115225
P:2905,P:1157,0.7296903133
P:2905,P:1417,0.7273803949
P:2905,P:1761,0.7300468087
P:2905,P:213,0.7324715853
P:2905,P:481,0.731056273
P:2906,P:1032,0.507733047
P:2906,P:1335,0.5067501664
P:2906,P:1751,0.5103946328
P:2906,P:2085,0.512034595
P:2906,P:2136,0.5080419183
P:2907,P:1513,0.7292029858
P:2907,P:1793,0.7242489457
P:2907,P:2579,0.7241383791
P:2907,P:323,0.7277722359
P:2907,P:74,0.7245099545
P:2908,P:1377,0.4677648842
P:2908,P:1473,0.4653275013
P:2908,P:2023,0.4600836337
P:2908,P:2235,0.4686650634
P:2908,P:2909,0.4672965109
P:2909,P:1378,0.6870766878
P:2909,P:1379,0.6948573589
P:2909,P:1951,0.690482676
P:2909,P:2579,0.6912056208
P:291,P:1526,0.4964535832
P:291,P:1611,0.4876002669
P:291,P:2449,0.4878611565
P:291,P:292,0.487136066
P:291,P:890,0.4883211255
P:2910,P:1476,0.7818892002
P:2910,P:1500,0.7774875164
P:2910,P:1634,0.7765598893
P:2910,P:1951,0.7903420329
P:2910,P:2413,0.7785437703
P:2911,P:1476,0.8806797266
P:2911,P:1500,0.8732011318
P:2911,P:1852,0.8713052869
P:2911,P:1951,0.8881247044
P:2911,P:2413,0.8665347099
P:2912,P:1258,0.5659282207
P:2912,P:2758,0.5660037994
P:2912,P:2913,0.5682060719
P:2912,P:450,0.5691449642
P:2912,P:648,0.5674598217
P:2913,P:1479,0.7430761456
P:2913,P:1711,0.7421013117
P:2913,P:1717,0.7403877974
P:2913,P:2000,0.7449590564
P:2913,P:2759,0.7422429919
P:2914,P:1101,0.8586401343
P:2914,P:1456,0.857221961
P:2914,P:2000,0.8563088179
P:2914,P:2603,0.8612849116
P:2914,P:871,0.8561412692
P:2915,P:1342,0.4683623016
P:2915,P:1935,0.4681649506
P:2915,P:2916,0.4654007256
P:2915,P:669,0.463357985
P:2915,P:778,0.4661910236
P:2916,P:1311,0.7308533788
P:2916,P:2547,0.7308366895
P:2916,P:390,0.7411799431
P:2916,P:479,0.7387698293
P:2916,P:778,0.7335247993
P:2917,P:1710,0.5644959807
P:2917,P:1715,0.562271297
P:2917,P:1720,0.5614879727
P:2917,P:2758,0.5599087477
P:2917,P:648,0.5600847602
P:2918,P:1479,0.7353909612
P:2918,P:1711,0.7340540886
P:2918,P:1721,0.7321280241
P:2918,P:2000,0.7318948507
P:2918,P:2759,0.7318720818
P:2919,P:2000,0.8393062353
P:2919,P:2603,0.8431133032
P:2919,P:2771,0.8391134143
P:2919,P:378,0.840960443
P:2919,P:984,0.8408120871
P:292,P:1560,0.7829678655
P:292,P:1613,0.7855558395
P:292,P:2134,0.7862735391
P:292,P:2176,0.784142971
P:292,P:254,0.7832835913
P:2920,P:1560,0.5545156598
P:2920,P:2263,0.5466828346
P:2920,P:244,0.5501996279
P:2920,P:254,0.5474576354
P:2920,P:314,0.5478057265
P:2921,P:162,0.43016541
P:2921,P:2160,0.4294551909
P:2921,P:2501,0.4325325489
P:2921,P:2682,0.4348634481
P:2921,P:825,0.4291966259
P:2922,P:2584,0.6784323454
P:2922,P:484,0.6902285814
P:2922,P:485,0.672632277
P:2922,P:789,0.6807188988
P:2923,P:2026,0.8501558304
P:2923,P:2584,0.8672597408
P:2923,P:2955,0.8523306847
P:2923,P:485,0.8558495045
P:2923,P:790,0.8633074164
P:2924,P:1600,0.5565243363
P:2924,P:1604,0.5482563972
P:2924,P:2141,0.5461704731
P:2924,P:2661,0.5495055318
P:2924,P:2697,0.5487891436
P:2925,P:1380,0.8050217032
P:2925,P:1951,0.7862790227
P:2925,P:2025,0.7846246362
P:2925,P:2238,0.8001623154
P:2925,P:2780,0.7865275741
P:2926,P:1400,0.528464973
P:2926,P:203,0.5314908028
P:2926,P:2070,0.531411767
P:2926,P:2339,0.5295915604
P:2926,P:366,0.5283591151
P:2927,P:1400,0.5540620089
P:2927,P:203,0.5572922826
P:2927,P:2070,0.558996439
P:2927,P:2170,0.5553451777
P:2927,P:2339,0.5571276546
P:2928,P:1374,0.810371995
P:2928,P:1614,0.807246089
P:2928,P:2117,0.8055977225
P:2928,P:314,0.8065197468
P:2928,P:628,0.8089995384
P:2929,P:1906,0.5050522685
P:2929,P:2961,0.5041653514
P:2929,P:513,0.5030996203
P:2929,P:755,0.5098111033
P:2929,P:957,0.5094566941
P:293,P:1069,0.5350496173
P:293,P:203,0.5309661031
P:293,P:208,0.5320490599
P:293,P:292,0.5363664627
P:293,P:936,0.536151588
P:2930,P:2396,0.7969498038
P:2930,P:2607,0.7863050103
P:2930,P:2610,0.7863564491
P:2930,P:742,0.8001617193
P:2930,P:957,0.789084971
P:2931,P:1440,0.5291395783
P:2931,P:1903,0.5331327319
P:2931,P:1928,0.5299991965
P:2931,P:2100,0.5329532027
P:2931,P:2817,0.5308511853
P:2932,P:1022,0.8007163405
P:2932,P:150,0.791621685
P:2932,P:182,0.7917586565
P:2932,P:2607,0.7983964682
P:2932,P:569,0.8009374738
P:2933,P:1069,0.5438976884
P:2933,P:1400,0.5409975648
P:2933,P:203,0.5409182906
P:2933,P:208,0.5439112186
P:2933,P:2339,0.5423295498
P:2934,P:1342,0.4673847556
P:2934,P:2219,0.4650612175
P:2934,P:2321,0.4658565521
P:2934,P:2836,0.4660321772
P:2934,P:509,0.4644527733
P:2935,P:1086,0.709861517
P:2935,P:1461,0.7106081247
P:2935,P:1529,0.7104198337
P:2935,P:1592,0.7071948051
P:2935,P:390,0.7111842036
P:2936,P:1478,0.5990892649
P:2936,P:1710,0.6041153073
P:2936,P:1720,0.6106408834
P:2936,P:2424,0.6030724645
P:2936,P:2937,0.6055697203
P:2937,P:1479,0.8196808696
P:2937,P:1711,0.8180453777
P:2937,P:1716,0.8188459277
P:2937,P:1717,0.8172551394
P:2937,P:1721,0.8184942603
P:2938,P:1831,0.5195788741
P:2938,P:1836,0.5194487572
P:2938,P:2075,0.5204748511
P:2938,P:2339,0.5249166489
P:2938,P:402,0.5201331377
P:2939,P:1836,0.5377978086
P:2939,P:2070,0.5402069092
P:2939,P:2075,0.5379343629
P:2939,P:2170,0.5377456546
P:2939,P:2339,0.5412178636
P:294,P:1069,0.5359733701
P:294,P:1527,0.5323812366
P:294,P:1560,0.5352817774
P:294,P:292,0.5376592278
P:294,P:936,0.5394659042
P:2940,P:1022,0.8255200386
P:2940,P:1374,0.8268031478
P:2940,P:1533,0.8256332874
P:2940,P:2370,0.8230109215
P:2940,P:569,0.8312295079
P:2941,P:1611,0.507039845
P:2941,P:2186,0.498904258
P:2941,P:2942,0.5059056282
P:2941,P:751,0.4999012947
P:2941,P:76,0.4992340803
P:2942,P:2070,0.6814953685
P:2942,P:2525,0.681468606
P:2942,P:312,0.6824259758
P:2942,P:366,0.6842949986
P:2943,P:2134,0.7489401102
P:2943,P:2176,0.7543219924
P:2943,P:2189,0.7507495284
P:2943,P:2499,0.7514411211
P:2943,P:654,0.7515065074
P:2944,P:1221,0.7841869593
P:2944,P:1374,0.7836245894
P:2944,P:2176,0.7900119424
P:2944,P:2499,0.7884415984
P:2944,P:654,0.7838585377
P:2945,P:1374,0.8580228686
P:2945,P:1533,0.8581619859
P:2945,P:2370,0.8521143198
P:2945,P:2499,0.8521585464
P:2945,P:569,0.851805687
P:2946,P:1228,0.5473736525
P:2946,P:2124,0.5481827855
P:2946,P:2155,0.5489848256
P:2946,P:330,0.5460740328
P:2946,P:575,0.5480808616
P:2947,P:1201,0.7282636166
P:2947,P:1913,0.7326015234
P:2947,P:1977,0.7288286686
P:2947,P:576,0.7274733782
P:2947,P:747,0.7310605049
P:2948,P:1230,0.8495634198
P:2948,P:1476,0.8654043078
P:2948,P:1520,0.8478425741
P:2948,P:1951,0.8591408134
P:2948,P:747,0.8495941758
P:2949,P:1421,0.4760418236
P:2949,P:1563,0.4779456854
P:2949,P:2367,0.4739565253
P:2949,P:2452,0.4737529159
P:2949,P:835,0.4748761356
P:295,P:1609,0.5185648799
P:295,P:620,0.5168101192
P:295,P:66,0.5208309889
P:295,P:755,0.5162956119
P:295,P:988,0.5140038729
P:2950,P:1059,0.676455617
P:2950,P:1421,0.6756290793
P:2950,P:1563,0.6802835464
P:2950,P:2452,0.6751433015
P:2950,P:253,0.6736876369
P:2951,P:1057,0.8633944988
P:2951,P:2370,0.8659755588
P:2951,P:2565,0.8647502661
P:2951,P:2584,0.8603892922
P:2951,P:485,0.86999017
P:2952,P:162,0.4501705468
P:2952,P:2043,0.4430872798
P:2952,P:2682,0.4547226429
P:2952,P:2953,0.4402851164
P:2952,P:822,0.4373942018
P:2953,P:16,0.6784768105
P:2953,P:2395,0.6754356623
P:2953,P:484,0.6703757048
P:2953,P:789,0.669557929
P:2954,P:17,0.7649450302
P:2954,P:2684,0.7521907091
P:2954,P:2955,0.7486700416
P:2954,P:790,0.7515017986
P:2955,P:1853,0.8941805363
P:2955,P:2026,0.9005989432
P:2955,P:2413,0.8939835429
P:2955,P:790,0.9024530649
P:2956,P:1248,0.5148998499
P:2956,P:1935,0.5108423829
P:2956,P:240,0.5182771087
P:2956,P:2575,0.5177677274
P:2956,P:896,0.5109348893
P:2957,P:2155,0.5653557181
P:2957,P:2640,0.5639407039
P:2957,P:2958,0.5664032698
P:2957,P:575,0.5620711446
P:2957,P:941,0.5624474287
P:2958,P:1201,0.8096423149
P:2958,P:1977,0.8096073866
P:2958,P:2156,0.8075460792
P:2958,P:747,0.8109014034
P:2958,P:984,0.8080848455
P:2959,P:1601,0.5458216071
P:2959,P:1749,0.5421779156
P:2959,P:2468,0.5461388826
P:2959,P:2662,0.5464927554
P:2959,P:2756,0.5479950309
P:296,P:2245,0.7825585008
P:296,P:2396,0.7913555503
P:296,P:2610,0.7882723808
P:296,P:620,0.7838864326
P:296,P:742,0.7909955978
P:2960,P:1009,0.4554427266
P:2960,P:2066,0.4572575688
P:2960,P:2597,0.4590405226
P:2960,P:2961,0.474385947
P:2960,P:916,0.4550765157
P:2961,P:16,0.6765015125
P:2961,P:17,0.6760273576
P:2961,P:1906,0.6855444312
P:2961,P:755,0.6767120361
P:2961,P:957,0.6760217547
P:2962,P:1000,0.8195757866
P:2962,P:17,0.8396942019
P:2962,P:1906,0.8192802072
P:2962,P:2684,0.8189005852
P:2962,P:422,0.8202644587
P:2963,P:1069,0.5505845547
P:2963,P:1614,0.5467690825
P:2963,P:292,0.5470211506
P:2963,P:314,0.5458403826
P:2963,P:936,0.5484631658
P:2964,P:1236,0.4468747973
P:2964,P:1385,0.4538073838
P:2964,P:1868,0.449167788
P:2964,P:2889,0.444270134
P:2964,P:711,0.4527410567
P:2965,P:1055,0.671069026
P:2965,P:1563,0.675201118
P:2965,P:1859,0.7036668062
P:2965,P:713,0.6909618378
P:2966,P:1057,0.8990668654
P:2966,P:1860,0.8814590573
P:2966,P:2584,0.8929920197
P:2966,P:485,0.8837863207
P:2966,P:714,0.8735006452
P:2967,P:1601,0.5595963001
P:2967,P:1749,0.5525663495
P:2967,P:2662,0.5624232292
P:2967,P:2823,0.5544023514
P:2967,P:399,0.5522491336
P:2968,P:1248,0.5165416002
P:2968,P:1935,0.514657855
P:2968,P:240,0.5265237689
P:2968,P:2575,0.5196940303
P:2968,P:2815,0.515488565
P:2969,P:144,0.472640276
P:2969,P:1753,0.4707915187
P:2969,P:2296,0.4728569388
P:2969,P:2673,0.4710412323
P:2969,P:2970,0.4731247723
P:297,P:1875,0.4606367946
P:297,P:2191,0.4681063592
P:297,P:2661,0.4575867057
P:297,P:2821,0.468426019
P:297,P:298,0.4686916471
P:2970,P:1461,0.7389047146
P:2970,P:1704,0.73850739
P:2970,P:2536,0.7381214499
P:2970,P:504,0.7356125116
P:2971,P:1042,0.5147746801
P:2971,P:1903,0.5198308825
P:2971,P:2136,0.5137276649
P:2971,P:74,0.516744256
P:2971,P:744,0.5141510367
P:2972,P:203,0.5227543116
P:2972,P:208,0.523956418
P:2972,P:2233,0.5204589367
P:2972,P:2339,0.5251501203
P:2972,P:402,0.5265427232
P:2973,P:1069,0.5466409922
P:2973,P:1400,0.5429823399
P:2973,P:1614,0.542925179
P:2973,P:292,0.5468252301
P:2973,P:936,0.5467803478
P:2974,P:208,0.5425829887
P:2974,P:2100,0.5371568799
P:2974,P:2145,0.5367438793
P:2974,P:2339,0.5415051579
P:2974,P:402,0.5398101807
P:2975,P:1069,0.5495792031
P:2975,P:1400,0.5454688668
P:2975,P:203,0.5464382172
P:2975,P:208,0.5454335213
P:2975,P:2339,0.5456063747
P:2976,P:1440,0.5101456046
P:2976,P:1903,0.5115295649
P:2976,P:2055,0.5175287127
P:2976,P:2278,0.5144507885
P:2976,P:564,0.5098316073
P:2977,P:1609,0.5669888854
P:2977,P:2978,0.5684803724
P:2977,P:413,0.5690221786
P:2977,P:66,0.5653267503
P:2977,P:86,0.5738610625
P:2978,P:2610,0.791326046
P:2978,P:465,0.7879498005
P:2978,P:496,0.786621809
P:2978,P:742,0.7862333059
P:2978,P:87,0.7899047732
P:2979,P:1440,0.5015019774
P:2979,P:1484,0.5052512884
P:2979,P:2055,0.5059379935
P:2979,P:208,0.5018649697
P:2979,P:2278,0.5032014847
P:298,P:1704,0.6671394706
P:298,P:2191,0.6538208723
P:298,P:421,0.6549557447
P:298,P:634,0.6542511582
P:2980,P:1906,0.5603478551
P:2980,P:620,0.5514677167
P:2980,P:742,0.5498713851
P:2980,P:755,0.5528551936
P:2980,P:957,0.5525529385
P:2981,P:108,0.5506634712
P:2981,P:2163,0.5396920443
P:2981,P:2349,0.5375491381
P:2981,P:2717,0.5382151008
P:2981,P:2982,0.5441277623
P:2982,P:109,0.7769510746
P:2982,P:1575,0.7596977353
P:2982,P:1906,0.7604364753
P:2982,P:2068,0.7628523707
P:2983,P:1831,0.5187017322
P:2983,P:1836,0.5172697306
P:2983,P:2075,0.5187270641
P:2983,P:2260,0.5192559958
P:2983,P:2339,0.5240180492
P:2984,P:1274,0.7637649179
P:2984,P:1614,0.7604794502
P:2984,P:314,0.7601984143
P:2984,P:569,0.7647155523
P:2984,P:628,0.7595798373
P:2985,P:1069,0.5572367907
P:2985,P:1262,0.5520101786
P:2985,P:203,0.5516183376
P:2985,P:292,0.5500484109
P:2985,P:936,0.5516570807
P:2986,P:1228,0.5147835016
P:2986,P:1431,0.5135238171
P:2986,P:166,0.512561202
P:2986,P:330,0.5122115612
P:2986,P:763,0.5194638968
P:2987,P:1406,0.7314585447
P:2987,P:1913,0.734546423
P:2987,P:2063,0.7294534445
P:2987,P:2567,0.7297075987
P:2987,P:2579,0.7339838147
P:2988,P:1476,0.8744384646
P:2988,P:1852,0.8635539412
P:2988,P:1951,0.8671542406
P:2988,P:263,0.8597200513
P:2988,P:360,0.863304019
P:2989,P:1042,0.531078577
P:2989,P:1044,0.5299017429
P:2989,P:1903,0.5373771787
P:2989,P:2055,0.5295224786
P:2989,P:74,0.5317929387
P:299,P:138,0.7031431198
P:299,P:1634,0.7044821382
P:299,P:2413,0.7222927809
P:299,P:300,0.7226534486
P:299,P:422,0.7071733475
P:2990,P:1040,0.502589941
P:2990,P:1461,0.5011500716
P:2990,P:1753,0.5028203726
P:2990,P:213,0.502594471
P:2990,P:2970,0.5049794912
P:2991,P:1042,0.5271677375
P:2991,P:1440,0.5272598267
P:2991,P:1903,0.5311611295
P:2991,P:1928,0.5267050862
P:2991,P:2055,0.5304405689
P:2992,P:1440,0.5265362263
P:2992,P:1484,0.5253679752
P:2992,P:208,0.5253369808
P:2992,P:2100,0.5254001617
P:2992,P:402,0.5256392956
P:2993,P:1738,0.5241288543
P:2993,P:208,0.5316547751
P:2993,P:2339,0.5262397528
P:2993,P:620,0.5268228054
P:2993,P:66,0.5242862105
P:2994,P:1611,0.5169767737
P:2994,P:2186,0.5091410875
P:2994,P:2942,0.509215951
P:2994,P:652,0.5097233057
P:2994,P:76,0.5124927759
P:2995,P:1262,0.6678401828
P:2995,P:2449,0.6765800714
P:2995,P:2677,0.6680319905
P:2995,P:652,0.6681138277
P:2995,P:891,0.6739109755
P:2996,P:1221,0.8120181561
P:2996,P:1659,0.8154195547
P:2996,P:2176,0.8128967285
P:2996,P:2189,0.8125540614
P:2996,P:654,0.8167996407
P:2997,P:1913,0.5733901262
P:2997,P:2156,0.5708152056
P:2997,P:2579,0.5712493062
P:2997,P:2640,0.5738860369
P:2997,P:747,0.5721173286
P:2998,P:1204,0.5541013479
P:2998,P:1893,0.5606184006
P:2998,P:1997,0.5544669628
P:2998,P:232,0.5584964156
P:2998,P:450,0.5611649156
P:2999,P:1896,0.7167593241
P:2999,P:2000,0.7216488123
P:2999,P:2630,0.7169818878
P:2999,P:451,0.7181066275
P:2999,P:839,0.7188120484
P:3,P:1920,0.7496603727
P:3,P:407,0.7500098348
P:3,P:485,0.7513388395
P:3,P:827,0.7510281801
P:30,P:1993,0.4511944056
P:30,P:2219,0.4572946727
P:30,P:326,0.4529751241
P:30,P:757,0.4522836804
P:30,P:998,0.4510002434
P:300,P:1476,0.9244932532
P:300,P:1500,0.9245856404
P:300,P:1852,0.9202947617
P:300,P:2413,0.9277715683
P:3000,P:1177,0.831867516
P:3000,P:1398,0.8354005218
P:3000,P:2552,0.8337953091
P:3000,P:2644,0.8342455029
P:3000,P:984,0.8412101269
P:301,P:1919,0.4126586318
P:301,P:2017,0.4108534753
P:301,P:2219,0.4099560678
P:301,P:2492,0.4102689028
P:301,P:694,0.4085516632
P:302,P:1248,0.6404210329
P:302,P:2004,0.6378447413
P:302,P:2575,0.6403909326
P:302,P:542,0.6373847723
P:302,P:778,0.6422724128
P:303,P:1274,0.7744918466
P:303,P:150,0.7775855064
P:303,P:1533,0.7821041346
P:303,P:244,0.780808568
P:303,P:2607,0.7841391563
P:304,P:150,0.867266953
P:304,P:1533,0.8640662432
P:304,P:244,0.8561657071
P:304,P:2584,0.8565474153
P:304,P:2607,0.872687161
P:305,P:1109,0.5329681635
P:305,P:1204,0.5340198874
P:305,P:1893,0.5354976654
P:305,P:232,0.5379049182
P:305,P:450,0.5344674587
P:306,P:1913,0.7286065221
P:306,P:1951,0.7308369279
P:306,P:2049,0.7249988317
P:306,P:2579,0.7286141515
P:306,P:747,0.7264968157
P:307,P:1476,0.876341939
P:307,P:1852,0.8634818196
P:307,P:1951,0.8697648644
P:307,P:263,0.857968986
P:307,P:360,0.8621395826
P:308,P:1479,0.7566258311
P:308,P:1716,0.7576834559
P:308,P:1717,0.7573417425
P:308,P:2000,0.7602953911
P:308,P:2603,0.7567910552
P:309,P:2238,0.8562471271
P:309,P:2603,0.8606189489
P:309,P:2635,0.8602425456
P:309,P:2771,0.857976377
P:309,P:2871,0.8572961688
P:31,P:1086,0.6482537985
P:31,P:109,0.6471244693
P:31,P:1461,0.6473914385
P:31,P:1529,0.6471450329
P:31,P:1592,0.6442831755
P:310,P:1903,0.5258312225
P:310,P:2055,0.5272169113
P:310,P:2278,0.5205956697
P:310,P:74,0.5200609565
P:310,P:961,0.5195354223
P:311,P:1611,0.5152314901
P:311,P:2186,0.5050765276
P:311,P:2942,0.5098315477
P:311,P:366,0.5046415329
P:311,P:76,0.5069584846
P:312,P:1614,0.7066876292
P:312,P:2346,0.7063782811
P:312,P:292,0.7052361965
P:312,P:366,0.7049685717
P:312,P:936,0.7044538856
P:313,P:1659,0.8457240462
P:313,P:2176,0.8484039903
P:313,P:2370,0.8471492529
P:313,P:2499,0.8485074043
P:313,P:254,0.8448631167
P:314,P:1274,0.8589802384
P:314,P:1374,0.8639166355
P:314,P:1533,0.8675377965
P:314,P:569,0.8655891418
P:314,P:852,0.8591652513
P:315,P:1913,0.5664080381
P:315,P:2579,0.5659897923
P:315,P:2640,0.5684346557
P:315,P:2958,0.565556407
P:315,P:863,0.5653131604
P:316,P:1738,0.5046900511
P:316,P:1831,0.5049488544
P:316,P:2339,0.5075226426
P:316,P:2817,0.5057149529
P:316,P:317,0.5047400594
P:317,P:1484,0.7447885275
P:317,P:1831,0.7444807291
P:317,P:1928,0.7577017546
P:317,P:564,0.7514048815
P:317,P:783,0.7463662624
P:318,P:1481,0.4401598871
P:318,P:180,0.4399698973
P:318,P:2459,0.4422112703
P:318,P:2605,0.4435720146
P:318,P:472,0.4391398132
P:319,P:1484,0.6728962064
P:319,P:1831,0.6703830957
P:319,P:1859,0.6679789424
P:319,P:1928,0.672124505
P:319,P:2100,0.6738488674
P:32,P:1960,0.7487828732
P:32,P:2700,0.7493920922
P:32,P:33,0.7614476681
P:32,P:386,0.7457167506
P:32,P:390,0.7528838515
P:320,P:1022,0.8424196839
P:320,P:1057,0.8658657074
P:320,P:1860,0.8427618742
P:320,P:2584,0.8581103683
P:320,P:2607,0.8451610804
P:321,P:1809,0.8535894156
P:321,P:2584,0.857727766
P:321,P:2955,0.8428239226
P:321,P:485,0.8543347716
P:321,P:790,0.8514866829
P:322,P:1513,0.5282467008
P:322,P:1751,0.529706955
P:322,P:2085,0.5308246017
P:322,P:2579,0.5270246267
P:322,P:2866,0.5279080272
P:323,P:1951,0.7884379625
P:323,P:2013,0.7774703503
P:323,P:225,0.7764883637
P:323,P:2626,0.7755706906
P:323,P:618,0.7873527408
P:324,P:1248,0.4938411713
P:324,P:1935,0.492446661
P:324,P:240,0.5082205534
P:324,P:2575,0.4977216721
P:324,P:2815,0.4935331941
P:325,P:1993,0.4517571032
P:325,P:2219,0.4580345452
P:325,P:326,0.4563788176
P:325,P:757,0.4501109421
P:325,P:998,0.4519642591
P:326,P:1086,0.6702579856
P:326,P:1461,0.6763603091
P:326,P:1529,0.6710742712
P:326,P:2163,0.6678834558
P:326,P:2211,0.6681681275
P:327,P:1906,0.7896456718
P:327,P:2053,0.7968962193
P:327,P:2068,0.8012562394
P:327,P:2396,0.7871130705
P:327,P:328,0.7947512865
P:328,P:17,0.8665692806
P:328,P:2068,0.8602127433
P:328,P:2396,0.8603875637
P:328,P:742,0.8594549298
P:329,P:1228,0.5352505445
P:329,P:2155,0.5343173742
P:329,P:330,0.5393583775
P:329,P:575,0.5350942612
P:329,P:763,0.5338371992
P:33,P:150,0.8766492009
P:33,P:1533,0.8892638683
P:33,P:2607,0.8946808577
P:33,P:485,0.8815125823
P:330,P:1913,0.7303235531
P:330,P:1977,0.7209803462
P:330,P:2567,0.7202559114
P:330,P:576,0.7212682962
P:330,P:747,0.72386235
P:331,P:1406,0.8484309316
P:331,P:1476,0.8644983768
P:331,P:1852,0.8461784124
P:331,P:1951,0.8579648137
P:331,P:747,0.8471892476
P:332,P:1903,0.5261622667
P:332,P:2055,0.5247422457
P:332,P:2278,0.5204948187
P:332,P:564,0.5190439224
P:332,P:74,0.5185059309
P:333,P:1434,0.4265329838
P:333,P:1537,0.4324346185
P:333,P:1656,0.4275201559
P:333,P:334,0.4257847071
P:333,P:694,0.4296051264
P:334,P:1180,0.6309551001
P:334,P:1290,0.6428965926
P:334,P:1436,0.6368708611
P:334,P:1932,0.6338918209
P:335,P:1291,0.8557249904
P:335,P:1560,0.8527154326
P:335,P:2263,0.8467290401
P:335,P:2393,0.8465802073
P:335,P:244,0.850477159
P:336,P:1042,0.514046967
P:336,P:1044,0.5114570856
P:336,P:1903,0.5177366138
P:336,P:74,0.5095705986
P:336,P:744,0.5111870766
P:337,P:1040,0.4996421039
P:337,P:1461,0.5001612902
P:337,P:1753,0.4974209368
P:337,P:240,0.4988790154
P:337,P:2970,0.5024894476
P:338,P:1308,0.4924998879
P:338,P:2051,0.4958435297
P:338,P:2545,0.4954167306
P:338,P:339,0.5029277205
P:338,P:350,0.496848315
P:339,P:1983,0.6996680498
P:339,P:2776,0.6940617561
P:339,P:464,0.7043451071
P:339,P:495,0.6957880259
P:34,P:2522,0.5028666258
P:34,P:2545,0.5013656616
P:34,P:2776,0.5014033318
P:34,P:339,0.5034427047
P:34,P:350,0.5007594824
P:340,P:1449,0.7307981253
P:340,P:2053,0.7300950885
P:340,P:406,0.7357057929
P:340,P:407,0.7351720333
P:341,P:1255,0.8590698242
P:341,P:38,0.8512391448
P:341,P:407,0.8580576181
P:341,P:728,0.8464796543
P:342,P:108,0.498342067
P:342,P:1508,0.4906655848
P:342,P:1574,0.5017926693
P:342,P:1833,0.4926378727
P:342,P:343,0.5052258968
P:343,P:108,0.6703116894
P:343,P:109,0.6614652276
P:343,P:1575,0.6638877392
P:343,P:2067,0.6735055447
P:344,P:1575,0.8222178817
P:344,P:164,0.8126323819
P:344,P:1809,0.8111693859
P:344,P:1864,0.8062046766
P:345,P:1461,0.5138711929
P:345,P:2163,0.5130487084
P:345,P:240,0.5275624394
P:345,P:2815,0.51712358
P:345,P:344,0.5132104158
P:346,P:1831,0.5251061916
P:346,P:2260,0.5269566178
P:346,P:2339,0.5306367278
P:346,P:2361,0.5266129375
P:346,P:362,0.5255076885
P:347,P:1274,0.7696980834
P:347,P:1614,0.7702801228
P:347,P:314,0.7689822912
P:347,P:569,0.7732776403
P:347,P:628,0.7691056132
P:348,P:1440,0.5097053051
P:348,P:1903,0.5123239756
P:348,P:2055,0.5137982965
P:348,P:2278,0.5104046464
P:348,P:564,0.5091410279
P:349,P:1447,0.4971604049
P:349,P:2066,0.4952579737
P:349,P:2545,0.4951805174
P:349,P:339,0.4990945756
P:349,P:350,0.509801805
P:35,P:2051,0.4487818778
P:35,P:2459,0.4451236129
P:35,P:2942,0.446007967
P:35,P:511,0.4467853308
P:35,P:751,0.453422904
P:350,P:2545,0.6977884769
P:350,P:340,0.700227797
P:350,P:464,0.6995869279
P:350,P:86,0.6968726516
P:351,P:1449,0.7444318533
P:351,P:1450,0.7380358577
P:351,P:341,0.7312638164
P:351,P:352,0.7380529046
P:352,P:1255,0.8418946862
P:352,P:1450,0.8304909468
P:352,P:341,0.8316790462
P:352,P:407,0.8321203589
P:353,P:108,0.5508529544
P:353,P:1833,0.5351316929
P:353,P:2717,0.5336016417
P:353,P:354,0.5376924276
P:353,P:656,0.5351423025
P:354,P:109,0.7495820522
P:354,P:1575,0.7480445504
P:354,P:2068,0.7555174828
P:354,P:2163,0.7459241748
P:354,P:2547,0.746535182
P:355,P:1553,0.5052118897
P:355,P:1903,0.5109152794
P:355,P:2655,0.5092197061
P:355,P:430,0.5048606396
P:355,P:744,0.5099965334
P:356,P:1022,0.8473784924
P:356,P:1057,0.8612154722
P:356,P:2584,0.851842165
P:356,P:2607,0.8497194648
P:356,P:569,0.8416845798
P:357,P:1913,0.5708281994
P:357,P:2567,0.5687728524
P:357,P:2579,0.5688660741
P:357,P:2640,0.5731656551
P:357,P:863,0.5681411028
P:358,P:1331,0.4936005771
P:358,P:1643,0.4904499948
P:358,P:224,0.4963052571
P:358,P:2251,0.4911184609
P:358,P:763,0.4885127842
P:359,P:1331,0.7034161091
P:359,P:2063,0.7058566213
P:359,P:2579,0.6899798512
P:359,P:2987,0.690705955
P:36,P:1311,0.6889227629
P:36,P:37,0.705296278
P:36,P:406,0.6939042807
P:36,P:464,0.6932969689
P:36,P:495,0.6907509565
P:360,P:1057,0.922922492
P:360,P:1476,0.9227045774
P:360,P:1852,0.9213169813
P:360,P:1951,0.9139710665
P:360,P:282,0.9164329171
P:361,P:1831,0.5336605906
P:361,P:2260,0.5335927606
P:361,P:2339,0.5378579497
P:361,P:2361,0.5334505439
P:361,P:362,0.5337061882
P:362,P:2100,0.7653567195
P:362,P:2361,0.7636485696
P:362,P:402,0.769808054
P:362,P:569,0.7643027306
P:362,P:786,0.7643246651
P:363,P:1766,0.5405820012
P:363,P:2307,0.5394138098
P:363,P:2978,0.5372416377
P:363,P:413,0.538929522
P:363,P:86,0.5536988974
P:364,P:1311,0.7832517624
P:364,P:1471,0.7795200348
P:364,P:1984,0.788161993
P:364,P:465,0.7867203951
P:364,P:496,0.7866985798
P:365,P:1069,0.546333015
P:365,P:203,0.5439841151
P:365,P:2070,0.5436810255
P:365,P:2876,0.5436558127
P:365,P:366,0.5486329794
P:366,P:1069,0.773696363
P:366,P:1614,0.7810798287
P:366,P:2346,0.7737537622
P:366,P:314,0.7753454447
P:366,P:628,0.7726357579
P:367,P:1484,0.5198562145
P:367,P:208,0.5233314037
P:367,P:2100,0.5210313797
P:367,P:2339,0.5203612447
P:367,P:402,0.5207568407
P:368,P:1461,0.5074994564
P:368,P:1529,0.5043689013
P:368,P:240,0.5157337189
P:368,P:2815,0.5078009963
P:368,P:2836,0.5034124851
P:369,P:1248,0.511297822
P:369,P:1342,0.5078914165
P:369,P:1935,0.5140478015
P:369,P:240,0.5134928823
P:369,P:2575,0.5139846206
P:37,P:1221,0.7742528915
P:37,P:406,0.7766868472
P:37,P:407,0.7732557058
P:37,P:654,0.771148026
P:370,P:1147,0.3925516903
P:370,P:1820,0.3930545747
P:370,P:1875,0.3922196627
P:370,P:2017,0.4029238522
P:370,P:371,0.4018578529
P:371,P:1147,0.6031813025
P:371,P:1461,0.5980105996
P:371,P:1948,0.6010366082
P:371,P:2387,0.597348392
P:372,P:1242,0.8525252342
P:372,P:1570,0.8597407341
P:372,P:2584,0.8814582825
P:372,P:282,0.8543362617
P:372,P:485,0.8660044074
P:373,P:1259,0.6040756106
P:373,P:1479,0.6068923473
P:373,P:1711,0.6049156785
P:373,P:1716,0.6052333713
P:373,P:2759,0.6040652394
P:374,P:1478,0.532007277
P:374,P:1710,0.5353559852
P:374,P:1715,0.5368307233
P:374,P:1720,0.5332602859
P:374,P:870,0.53490448
P:375,P:1601,0.7151786089
P:375,P:1721,0.7165714502
P:375,P:2222,0.7211490273
P:375,P:2424,0.7161850929
P:375,P:2937,0.7155337334
P:376,P:1456,0.7305496335
P:376,P:1479,0.7303065658
P:376,P:1717,0.7297736406
P:376,P:2000,0.7355510592
P:376,P:2603,0.7317764759
P:377,P:1259,0.7557774186
P:377,P:1456,0.7578871846
P:377,P:1479,0.7560161352
P:377,P:2000,0.7626456618
P:377,P:2603,0.7594381571
P:378,P:1476,0.8710877895
P:378,P:1500,0.863878727
P:378,P:1951,0.8685442805
P:378,P:984,0.8599430919
P:379,P:224,0.4696558118
P:379,P:2251,0.4727776349
P:379,P:2421,0.4667907953
P:379,P:2889,0.4722448289
P:379,P:380,0.474555999
P:38,P:1255,0.8696130514
P:38,P:1291,0.8558281064
P:38,P:1801,0.852170527
P:38,P:407,0.866933465
P:380,P:1055,0.687304914
P:380,P:1331,0.6907443404
P:380,P:1859,0.7023125887
P:380,P:2421,0.68331182
P:381,P:1057,0.9339001179
P:381,P:1325,0.9153947234
P:381,P:1852,0.9167591929
P:381,P:2584,0.9309205413
P:381,P:282,0.9123870134
P:382,P:1308,0.4320177436
P:382,P:2459,0.429875344
P:382,P:2605,0.4332511425
P:382,P:2609,0.4326817989
P:382,P:383,0.4319038689
P:383,P:1671,0.6750075221
P:383,P:2077,0.6706513166
P:383,P:2395,0.6682456732
P:383,P:66,0.6609811187
P:383,P:741,0.6752421856
P:384,P:1254,0.6376941204
P:384,P:3,0.6356289387
P:384,P:37,0.6317778826
P:384,P:406,0.6328064799
P:384,P:512,0.6366747618
P:385,P:1291,0.7620342374
P:385,P:1533,0.7648877501
P:385,P:2607,0.7639454603
P:385,P:33,0.7705043554
P:385,P:828,0.7627587318
P:386,P:150,0.8563653827
P:386,P:1570,0.8574014902
P:386,P:1672,0.8542134762
P:386,P:2607,0.8702522516
P:386,P:33,0.8589568734
P:387,P:1935,0.5194740891
P:387,P:2163,0.5191153884
P:387,P:240,0.5305255055
P:387,P:2575,0.5220218897
P:387,P:2815,0.5190545917
P:388,P:108,0.4432762265
P:388,P:1993,0.4476273656
P:388,P:2219,0.4557391405
P:388,P:326,0.4475661814
P:388,P:757,0.4470738471
P:389,P:1086,0.6832040548
P:389,P:1461,0.6763046384
P:389,P:1529,0.6785351038
P:389,P:1592,0.6777358055
P:389,P:2746,0.6762362123
P:39,P:1440,0.5109759569
P:39,P:1672,0.509925127
P:39,P:2055,0.5136807561
P:39,P:2278,0.5116178989
P:39,P:473,0.5105601549
P:390,P:1960,0.8503017426
P:390,P:2517,0.8465460539
P:390,P:2700,0.8461455703
P:390,P:33,0.8540654182
P:391,P:1935,0.4592241943
P:391,P:2004,0.4579842985
P:391,P:2680,0.4565801322
P:391,P:778,0.4578105807
P:391,P:815,0.4554992318
P:392,P:1311,0.7474873662
P:392,P:2308,0.7376968265
P:392,P:267,0.7381665111
P:392,P:390,0.7402200699
P:392,P:479,0.7479116321
P:393,P:1259,0.6235234141
P:393,P:1479,0.6259019971
P:393,P:1711,0.6238743663
P:393,P:1716,0.6245245337
P:393,P:2759,0.6234044433
P:394,P:2085,0.5380260944
P:394,P:2579,0.5425387621
P:394,P:2866,0.5457869172
P:394,P:395,0.5455905795
P:394,P:763,0.5430877209
P:395,P:1406,0.7749610543
P:395,P:1476,0.7754971385
P:395,P:1951,0.7913898826
P:395,P:2567,0.7748904824
P:395,P:2579,0.7863278389
P:396,P:2191,0.4930829406
P:396,P:2661,0.5043753982
P:396,P:2821,0.5098935962
P:396,P:298,0.4897833765
P:396,P:420,0.4899899662
P:397,P:1760,0.6709830761
P:397,P:1761,0.6756347418
P:397,P:2536,0.6723834276
P:397,P:481,0.6759592891
P:397,P:847,0.6776242852
P:398,P:2238,0.7801440358
P:398,P:2823,0.7788629532
P:398,P:399,0.7775118947
P:398,P:422,0.7948854566
P:398,P:969,0.7823730111
P:399,P:1853,0.8533571362
P:399,P:2238,0.860163033
P:399,P:422,0.8704566956
P:399,P:969,0.8494577408
P:4,P:33,0.7738301754
P:4,P:485,0.7729599476
P:4,P:5,0.7725376487
P:4,P:827,0.7743765712
P:4,P:828,0.7738425732
P:40,P:1913,0.5703476071
P:40,P:2567,0.5684005022
P:40,P:2579,0.5691798329
P:40,P:2640,0.5719075799
P:40,P:863,0.5674901605
P:400,P:1913,0.5797425508
P:400,P:1977,0.5778807402
P:400,P:2359,0.5789888501
P:400,P:2640,0.5798995495
P:400,P:2958,0.579018116
P:401,P:1831,0.5333328843
P:401,P:1836,0.5324950814
P:401,P:2100,0.5346682072
P:401,P:2339,0.5380312204
P:401,P:402,0.5338329077
P:402,P:1274,0.7947842479
P:402,P:2453,0.7933596373
P:402,P:314,0.7941029072
P:402,P:569,0.7989888191
P:403,P:1308,0.5028460622
P:403,P:1558,0.4961827099
P:403,P:339,0.4980075955
P:403,P:404,0.5003233552
P:403,P:517,0.4947917461
P:404,P:2449,0.6958114505
P:404,P:405,0.7040718794
P:404,P:406,0.6992830038
P:404,P:652,0.6938138008
P:405,P:1659,0.7666122913
P:405,P:2499,0.7607914209
P:405,P:406,0.7628253698
P:405,P:654,0.7674068809
P:406,P:1437,0.778305769
P:406,P:1659,0.7836316228
P:406,P:407,0.7926132083
P:406,P:654,0.780307889
P:407,P:1255,0.877289176
P:407,P:1291,0.8690878749
P:407,P:1801,0.871144712
P:407,P:728,0.8719106913
P:408,P:1913,0.5554824471
P:408,P:2579,0.5600346923
P:408,P:2640,0.5593808293
P:408,P:2748,0.5556058884
P:408,P:863,0.5558312535
P:409,P:1349,0.4479859173
P:409,P:1434,0.448859334
P:409,P:2492,0.4489591718
P:409,P:780,0.4457333684
P:409,P:85,0.4522395134
P:41,P:1259,0.6087264419
P:41,P:1479,0.6122719049
P:41,P:1711,0.6087965965
P:41,P:1716,0.6100009084
P:41,P:2937,0.609044075
P:410,P:1086,0.6268063188
P:410,P:1575,0.6242613792
P:410,P:2575,0.6271448731
P:410,P:512,0.6257879734
P:411,P:1291,0.8624690771
P:411,P:1316,0.8614077568
P:411,P:827,0.8654938936
P:411,P:828,0.8648447394
P:412,P:2978,0.5601420999
P:412,P:413,0.5638827682
P:412,P:66,0.5567615032
P:412,P:86,0.5666077733
P:412,P:87,0.5585456491
P:413,P:2053,0.788100481
P:413,P:2610,0.791010201
P:413,P:465,0.7884710431
P:413,P:742,0.7882112861
P:413,P:87,0.7905933261
P:414,P:1983,0.4985491037
P:414,P:2545,0.4982936382
P:414,P:339,0.4985578656
P:414,P:493,0.4990905821
P:414,P:517,0.5019564033
P:415,P:1311,0.7114428282
P:415,P:1983,0.7038272619
P:415,P:2346,0.7080839276
P:415,P:416,0.7039285898
P:415,P:496,0.7022371292
P:416,P:1221,0.8291759491
P:416,P:1274,0.8321062922
P:416,P:1311,0.8332188725
P:416,P:1957,0.8281543255
P:416,P:2346,0.8276318312
P:417,P:108,0.5410461426
P:417,P:1139,0.5403414965
P:417,P:1157,0.5452777743
P:417,P:118,0.5459094644
P:417,P:801,0.5415046215
P:418,P:109,0.7295942307
P:418,P:1761,0.7162047625
P:418,P:213,0.7245622277
P:418,P:2536,0.7193020582
P:418,P:802,0.7178496122
P:419,P:1140,0.5051730871
P:419,P:1990,0.5092462897
P:419,P:2661,0.5221685767
P:419,P:2821,0.525811851
P:419,P:420,0.5107904077
P:42,P:1228,0.5440595746
P:42,P:2124,0.5455466509
P:42,P:2155,0.5452738404
P:42,P:330,0.5459275842
P:42,P:575,0.5441383719
P:420,P:1760,0.686924696
P:420,P:1761,0.6909518838
P:420,P:1990,0.687492609
P:420,P:481,0.6913499832
P:420,P:847,0.6904470325
P:421,P:2238,0.759614706
P:421,P:422,0.7833856344
P:421,P:968,0.7597132921
P:421,P:969,0.7694053054
P:422,P:1853,0.9156432152
P:422,P:2238,0.8997228146
P:422,P:2413,0.9050240517
P:422,P:969,0.9039444923
P:423,P:2359,0.5579833984
P:423,P:2579,0.5574432611
P:423,P:2640,0.5614071488
P:423,P:2958,0.5584514737
P:423,P:863,0.5579977036
P:424,P:1069,0.5480117202
P:424,P:1262,0.5417221785
P:424,P:1400,0.5438625813
P:424,P:292,0.546033442
P:424,P:936,0.5455776453
P:425,P:1913,0.573694706
P:425,P:2579,0.5714941621
P:425,P:2640,0.5757943392
P:425,P:2958,0.5722209811
P:425,P:863,0.5714050531
P:426,P:1204,0.5569401383
P:426,P:1228,0.5562841296
P:426,P:2124,0.5569659472
P:426,P:2155,0.5597605109
P:426,P:427,0.5557789207
P:427,P:1201,0.7346994281
P:427,P:1977,0.7349826694
P:427,P:2049,0.7318669558
P:427,P:747,0.7320771813
P:427,P:913,0.7331163883
P:428,P:1230,0.8407678604
P:428,P:1476,0.8410670161
P:428,P:1520,0.8405067325
P:428,P:747,0.8401668072
P:428,P:984,0.8416467309
P:429,P:1042,0.5053606033
P:429,P:1113,0.5073971748
P:429,P:1903,0.5064964294
P:429,P:2136,0.5104634166
P:429,P:2419,0.5085439086
P:43,P:1331,0.4922166169
P:43,P:1643,0.4977139533
P:43,P:224,0.5067951083
P:43,P:2251,0.4982729852
P:43,P:763,0.4941604137
P:430,P:1903,0.7608379126
P:430,P:1928,0.7568955421
P:430,P:2621,0.7587166429
P:430,P:2715,0.7623291016
P:430,P:74,0.7565882206
P:431,P:1400,0.5321903229
P:431,P:1484,0.5326749086
P:431,P:208,0.5354604721
P:431,P:2339,0.5331332088
P:431,P:402,0.5343747139
P:432,P:1248,0.520588398
P:432,P:1935,0.5198202133
P:432,P:2163,0.5215650797
P:432,P:240,0.5303149819
P:432,P:2575,0.5235441923
P:433,P:1484,0.5506091714
P:433,P:208,0.5550079942
P:433,P:2339,0.5541818738
P:433,P:402,0.5530162454
P:433,P:467,0.5496394038
P:434,P:1069,0.5355004668
P:434,P:1262,0.5326844454
P:434,P:1527,0.5331286192
P:434,P:292,0.5388621092
P:434,P:936,0.5384303331
P:435,P:1704,0.5186908245
P:435,P:1753,0.5195439458
P:435,P:213,0.5223821998
P:435,P:2536,0.5208580494
P:435,P:2970,0.5189403892
P:436,P:1913,0.5633147955
P:436,P:2567,0.5615189075
P:436,P:2579,0.5649507642
P:436,P:2640,0.5667253733
P:436,P:863,0.5612403154
P:437,P:1354,0.5662490129
P:437,P:1913,0.5677630305
P:437,P:2359,0.5682008862
P:437,P:2640,0.5700838566
P:437,P:2958,0.5681684017
P:438,P:1831,0.5429988503
P:438,P:2100,0.5415459275
P:438,P:2339,0.5428847075
P:438,P:2817,0.5428933501
P:438,P:439,0.543894887
P:439,P:1647,0.7615591884
P:439,P:1831,0.7611016631
P:439,P:1928,0.7671071887
P:439,P:2100,0.7618874907
P:439,P:569,0.761447072
P:44,P:155,0.7251327634
P:44,P:1913,0.7273386717
P:44,P:2156,0.7259351015
P:44,P:747,0.7314819098
P:44,P:765,0.7276588678
P:440,P:1069,0.5464149117
P:440,P:1400,0.5436010957
P:440,P:203,0.5429568887
P:440,P:208,0.5437474847
P:440,P:2339,0.5429019928
P:441,P:1339,0.4994637668
P:441,P:1461,0.5056862831
P:441,P:1529,0.4988128543
P:441,P:240,0.5013965964
P:441,P:2815,0.4991050065
P:442,P:1875,0.4560426772
P:442,P:2191,0.461974591
P:442,P:2821,0.4544998109
P:442,P:298,0.4523986578
P:442,P:443,0.4552167356
P:443,P:1461,0.6491812468
P:443,P:16,0.6454780698
P:443,P:1704,0.6490224004
P:443,P:2191,0.6575949192
P:444,P:1380,0.7576942444
P:444,P:17,0.7544069886
P:444,P:2238,0.7617964149
P:444,P:2413,0.7566700578
P:444,P:422,0.7656834722
P:445,P:1380,0.8539289832
P:445,P:17,0.854005456
P:445,P:1853,0.8500148058
P:445,P:2238,0.8577285409
P:445,P:422,0.8580234647
P:446,P:1484,0.5323895812
P:446,P:208,0.5316616893
P:446,P:2100,0.5343222618
P:446,P:2339,0.5322954059
P:446,P:402,0.5360293388
P:447,P:1415,0.5151594281
P:447,P:1461,0.5179043412
P:447,P:1529,0.5156476498
P:447,P:240,0.5238005519
P:447,P:2815,0.5178036094
P:448,P:1440,0.5133007169
P:448,P:1484,0.5155636072
P:448,P:208,0.5130507946
P:448,P:2100,0.514569521
P:448,P:402,0.5149033666
P:449,P:1109,0.5608850121
P:449,P:1893,0.5645975471
P:449,P:1997,0.559327364
P:449,P:232,0.5649520755
P:449,P:450,0.5670709014
P:45,P:1406,0.8401020765
P:45,P:1476,0.8548364043
P:45,P:1951,0.8507240415
P:45,P:263,0.8420282006
P:45,P:747,0.8378282785
P:450,P:1896,0.7411854267
P:450,P:2000,0.747107923
P:450,P:2759,0.7401409745
P:450,P:451,0.7427414656
P:450,P:839,0.7407091856
P:451,P:2000,0.8549743891
P:451,P:2603,0.8568133116
P:451,P:2635,0.858540833
P:451,P:2771,0.8537274003
P:451,P:2871,0.8550351262
P:452,P:144,0.4470121861
P:452,P:1820,0.4417069256
P:452,P:2191,0.444714576
P:452,P:2673,0.4417075515
P:452,P:453,0.4504239559
P:453,P:1663,0.6513091326
P:453,P:1704,0.647570312
P:453,P:2296,0.6470897198
P:453,P:2468,0.6479450464
P:453,P:817,0.6481531262
P:454,P:1476,0.8371605873
P:454,P:1500,0.842959106
P:454,P:1570,0.8404061198
P:454,P:1951,0.8506961465
P:454,P:2413,0.843082428
P:455,P:1611,0.4902898073
P:455,P:2132,0.4866791964
P:455,P:2174,0.4854313135
P:455,P:2186,0.4861448705
P:455,P:2942,0.4936998785
P:456,P:1272,0.6611189246
P:456,P:1421,0.6636131406
P:456,P:2498,0.6571575999
P:456,P:2525,0.6641096473
P:456,P:253,0.6671362519
P:457,P:2134,0.7440786362
P:457,P:2176,0.7523992658
P:457,P:2499,0.7504726648
P:457,P:2805,0.7430194616
P:457,P:654,0.7467963099
P:458,P:2176,0.8690180182
P:458,P:2370,0.8722723126
P:458,P:2499,0.8686426282
P:458,P:2511,0.8661593199
P:458,P:254,0.8690284491
P:459,P:1228,0.5233520269
P:459,P:1431,0.5215235353
P:459,P:166,0.5217688084
P:459,P:330,0.5227578282
P:459,P:763,0.5272672772
P:46,P:180,0.487981379
P:46,P:2459,0.48377648
P:46,P:2743,0.484174341
P:46,P:47,0.4949854314
P:46,P:472,0.483602494
P:460,P:1406,0.7306011915
P:460,P:1913,0.7358442545
P:460,P:2567,0.7283675671
P:460,P:2579,0.7302703261
P:460,P:747,0.7307482958
P:461,P:1406,0.8577395082
P:461,P:1476,0.8812254071
P:461,P:1852,0.8674595952
P:461,P:1951,0.8718934655
P:461,P:360,0.861669302
P:462,P:1354,0.5700691342
P:462,P:1913,0.5713226795
P:462,P:2359,0.5711840391
P:462,P:2640,0.5725007653
P:462,P:2958,0.5718321204
P:463,P:1983,0.5199106932
P:463,P:2051,0.5216636062
P:463,P:2545,0.5179976225
P:463,P:339,0.5205110908
P:463,P:464,0.5184562206
P:464,P:1311,0.7546615601
P:464,P:1984,0.750426054
P:464,P:2346,0.7491908073
P:464,P:496,0.7521958351
P:465,P:1311,0.8508793116
P:465,P:2053,0.8620108962
P:465,P:496,0.8501886129
P:465,P:742,0.8512471318
P:466,P:203,0.5450354815
P:466,P:2075,0.5463283062
P:466,P:2260,0.5477107167
P:466,P:2339,0.5531136394
P:466,P:2361,0.5447081327
P:467,P:1274,0.7885110378
P:467,P:1614,0.7885650396
P:467,P:314,0.7874529958
P:467,P:569,0.7912069559
P:467,P:628,0.7875466943
P:468,P:1440,0.5254474878
P:468,P:2055,0.5218107104
P:468,P:208,0.5238234401
P:468,P:2100,0.5213476419
P:468,P:402,0.5210592151
P:469,P:1932,0.4746648967
P:469,P:235,0.4682974815
P:469,P:2406,0.468519181
P:469,P:470,0.4715942144
P:469,P:587,0.4716041684
P:47,P:1831,0.7040479779
P:47,P:1836,0.7030427456
P:47,P:2270,0.7021028996
P:47,P:2339,0.7026333213
P:470,P:1437,0.7482118011
P:470,P:1450,0.745347321
P:470,P:238,0.7501763105
P:470,P:2540,0.7511177063
P:470,P:588,0.7440235019
P:471,P:180,0.4683037996
P:471,P:2270,0.4649077058
P:471,P:2339,0.4691196084
P:471,P:47,0.4665229321
P:471,P:472,0.4739067852
P:472,P:1831,0.7102074623
P:472,P:1836,0.7073809505
P:472,P:1928,0.7117204666
P:472,P:2100,0.7080880404
P:472,P:2339,0.7073921561
P:473,P:1022,0.8554177284
P:473,P:1057,0.8543971777
P:473,P:150,0.8568387628
P:473,P:1533,0.8535106778
P:473,P:2607,0.8649783731
P:474,P:1461,0.5188703537
P:474,P:1529,0.5134307742
P:474,P:2211,0.5130995512
P:474,P:240,0.525891304
P:474,P:2815,0.5156521797
P:475,P:1314,0.4312992096
P:475,P:2538,0.4384930432
P:475,P:265,0.4328080118
P:475,P:587,0.4361727834
P:475,P:85,0.4359252751
P:476,P:1248,0.6284899116
P:476,P:2067,0.6199845672
P:476,P:2575,0.6239377856
P:476,P:352,0.6179525256
P:476,P:778,0.6255993843
P:477,P:1181,0.7332872748
P:477,P:1291,0.7378578782
P:477,P:1316,0.7338812351
P:477,P:1437,0.7337862253
P:477,P:2540,0.7307505012
P:478,P:1181,0.8522982597
P:478,P:1291,0.8616155386
P:478,P:1316,0.8499337435
P:478,P:2393,0.8506688476
P:478,P:407,0.8476964235
P:479,P:1291,0.8498874307
P:479,P:1316,0.8489640951
P:479,P:33,0.8511413932
P:479,P:390,0.8426513076
P:48,P:1022,0.784609139
P:48,P:1374,0.7760398388
P:48,P:1533,0.7834980488
P:48,P:49,0.7914065719
P:48,P:569,0.7817491293
P:480,P:1140,0.5520258546
P:480,P:1943,0.5512753129
P:480,P:2331,0.5513537526
P:480,P:2661,0.5563444495
P:480,P:481,0.5634003282
P:481,P:1761,0.7765547037
P:481,P:2536,0.7753292918
P:481,P:2573,0.7732172608
P:481,P:2823,0.773096621
P:481,P:847,0.7759495974
P:482,P:162,0.4700554013
P:482,P:2501,0.4574498236
P:482,P:2605,0.4625886679
P:482,P:483,0.4733618498
P:482,P:825,0.4586024284
P:483,P:1859,0.6970110536
P:483,P:2395,0.6746328473
P:483,P:484,0.6786339879
P:483,P:713,0.6743417382
P:484,P:1057,0.7598109841
P:484,P:1860,0.7650222182
P:484,P:2584,0.7817553878
P:484,P:485,0.7822663784
P:485,P:1057,0.956951201
P:485,P:1860,0.9301732779
P:485,P:2584,0.9666691422
P:485,P:714,0.9293522239
P:486,P:1385,0.468131572
P:486,P:2714,0.4643532336
P:486,P:2901,0.4650939405
P:486,P:47,0.4676839113
P:486,P:487,0.4739541113
P:487,P:1831,0.6829290986
P:487,P:1836,0.6782348156
P:487,P:1885,0.678044796
P:487,P:2100,0.6839360595
P:487,P:402,0.677700758
P:488,P:1022,0.8146514297
P:488,P:1057,0.8247894049
P:488,P:182,0.8096967936
P:488,P:2584,0.8179487586
P:488,P:2607,0.8107871413
P:489,P:1069,0.5141355395
P:489,P:2648,0.5147804022
P:489,P:2876,0.5126675963
P:489,P:366,0.5176951289
P:489,P:676,0.5126029849
P:49,P:1022,0.9012586474
P:49,P:1057,0.9180855155
P:49,P:1533,0.9057735205
P:49,P:2607,0.9042004943
P:490,P:1069,0.7297965884
P:490,P:1614,0.7363751531
P:490,P:2346,0.736777544
P:490,P:2456,0.7300642133
P:490,P:628,0.7298793197
P:491,P:1221,0.8444474936
P:491,P:1374,0.8498758674
P:491,P:1533,0.8466341496
P:491,P:2117,0.8461484313
P:491,P:2499,0.8447412848
P:492,P:1611,0.5137569904
P:492,P:339,0.518252492
P:492,P:493,0.5228848457
P:492,P:517,0.5229197741
P:492,P:76,0.5128532648
P:493,P:1983,0.7051364779
P:493,P:2648,0.6990505457
P:493,P:2677,0.6995581388
P:493,P:495,0.7057777643
P:494,P:2188,0.6976875663
P:494,P:2450,0.6959583163
P:494,P:2677,0.7008143067
P:494,P:405,0.7031850219
P:494,P:891,0.6939335465
P:495,P:1221,0.7879172564
P:495,P:1659,0.7838363647
P:495,P:407,0.7863490582
P:495,P:496,0.7837386727
P:496,P:1311,0.8423085213
P:496,P:1984,0.8399576545
P:496,P:2053,0.8457999825
P:496,P:465,0.8501886129
P:497,P:1440,0.5239943266
P:497,P:208,0.5271098614
P:497,P:2100,0.523827672
P:497,P:2339,0.5251671076
P:497,P:402,0.5239120722
P:498,P:1704,0.5251741409
P:498,P:213,0.5273436308
P:498,P:2536,0.5269520283
P:498,P:422,0.5264558792
P:498,P:481,0.5255888104
P:499,P:1913,0.5604370832
P:499,P:2049,0.5610735416
P:499,P:2359,0.5615090728
P:499,P:2640,0.5642709136
P:499,P:2958,0.562086165
P:5,P:1533,0.8777574301
P:5,P:2584,0.8793809414
P:5,P:2607,0.881275475
P:5,P:485,0.8839749694
P:50,P:1440,0.5220419765
P:50,P:1903,0.5251886845
P:50,P:1928,0.5213208199
P:50,P:2055,0.5233772397
P:50,P:564,0.5244774818
P:500,P:1611,0.4978074729
P:500,P:339,0.4973079562
P:500,P:501,0.4974984229
P:500,P:517,0.4986836016
P:500,P:751,0.4973219037
P:501,P:1779,0.6845926642
P:501,P:2392,0.6920611262
P:501,P:2594,0.680962503
P:501,P:653,0.6836346388
P:502,P:1181,0.8469558358
P:502,P:1291,0.8497784734
P:502,P:1659,0.8474582434
P:502,P:2393,0.8471890688
P:502,P:654,0.8477131128
P:503,P:1704,0.4794917703
P:503,P:1753,0.4784917235
P:503,P:2296,0.4755519032
P:503,P:794,0.4764731526
P:503,P:921,0.4748980105
P:504,P:1570,0.8407484889
P:504,P:17,0.8341329694
P:504,P:1906,0.8302102089
P:504,P:2168,0.8388858438
P:505,P:144,0.4708783925
P:505,P:1663,0.4721896648
P:505,P:1753,0.4737339318
P:505,P:2296,0.4766562581
P:505,P:817,0.4718948007
P:506,P:1513,0.5306535363
P:506,P:1643,0.5311226845
P:506,P:1751,0.5304428339
P:506,P:2085,0.5349240303
P:506,P:224,0.5361686349
P:507,P:1476,0.8175058961
P:507,P:1500,0.8224254847
P:507,P:1570,0.8231889009
P:507,P:1951,0.8335356712
P:507,P:2013,0.8196759224
P:508,P:1415,0.4716474116
P:508,P:2432,0.4759816229
P:508,P:509,0.4722291827
P:508,P:809,0.469979763
P:508,P:992,0.4721961617
P:509,P:1086,0.7550824881
P:509,P:1461,0.7513247132
P:509,P:1529,0.751195848
P:509,P:1592,0.7519020438
P:509,P:390,0.7519983053
P:51,P:1159,0.4584177434
P:51,P:2465,0.4554819167
P:51,P:286,0.4571089149
P:51,P:2970,0.4559870958
P:51,P:52,0.4549757838
P:510,P:1308,0.4744814932
P:510,P:1390,0.4713817835
P:510,P:162,0.4692634046
P:510,P:2,0.4700915813
P:510,P:2066,0.4768954813
P:511,P:1308,0.6661586761
P:511,P:2066,0.66582793
P:511,P:2395,0.6707346439
P:511,P:464,0.6677649021
P:512,P:164,0.7787334919
P:512,P:2053,0.7805218101
P:512,P:2068,0.778306365
P:512,P:827,0.7768245339
P:513,P:17,0.8701677918
P:513,P:2396,0.8614384532
P:513,P:328,0.8501002192
P:513,P:742,0.8519057035
P:514,P:1415,0.496860534
P:514,P:1461,0.4983340502
P:514,P:240,0.5134559274
P:514,P:2815,0.5021166205
P:514,P:2836,0.4973340631
P:515,P:1913,0.5589758754
P:515,P:2359,0.5592279434
P:515,P:2579,0.55898875
P:515,P:2640,0.5621442199
P:515,P:2958,0.5604680777
P:516,P:2522,0.5099648237
P:516,P:339,0.5124678016
P:516,P:493,0.5168752074
P:516,P:517,0.5181319714
P:516,P:76,0.5077023506
P:517,P:1983,0.7019026875
P:517,P:2648,0.6966550946
P:517,P:464,0.6969594359
P:517,P:495,0.6991099715
P:518,P:1221,0.7441090941
P:518,P:2666,0.73890692
P:518,P:37,0.7415843606
P:518,P:406,0.7416052818
P:518,P:495,0.7484321594
P:519,P:1255,0.8302052021
P:519,P:2708,0.8296303153
P:519,P:38,0.8379795551
P:519,P:407,0.838617444
P:52,P:1086,0.7137405872
P:52,P:1461,0.7247460485
P:52,P:1529,0.7152187228
P:52,P:1592,0.7072367072
P:52,P:2211,0.7128289938
P:520,P:1248,0.5198859572
P:520,P:1935,0.517185986
P:520,P:240,0.5265808702
P:520,P:2575,0.5223710537
P:520,P:896,0.5161393881
P:521,P:1906,0.5697793365
P:521,P:620,0.5642331839
P:521,P:742,0.5644027591
P:521,P:755,0.55972296
P:521,P:957,0.560031414
P:522,P:1040,0.5080823302
P:522,P:1461,0.5080899
P:522,P:1753,0.508048594
P:522,P:213,0.5100974441
P:522,P:2970,0.5098377466
P:523,P:1440,0.5396456718
P:523,P:1484,0.5420185328
P:523,P:2100,0.5406530499
P:523,P:2339,0.5399614573
P:523,P:402,0.5443490744
P:524,P:1479,0.6013324261
P:524,P:1716,0.6003277302
P:524,P:1721,0.5987677574
P:524,P:2424,0.5992549062
P:524,P:2937,0.5999500155
P:525,P:1751,0.5201092362
P:525,P:2085,0.5222166181
P:525,P:2866,0.5251880884
P:525,P:395,0.5247399807
P:525,P:763,0.5271357298
P:526,P:1406,0.775277555
P:526,P:1476,0.7772253156
P:526,P:1951,0.7861942053
P:526,P:2579,0.7731040716
P:526,P:263,0.773058176
P:527,P:1440,0.5216294527
P:527,P:1484,0.5203627944
P:527,P:208,0.5200698972
P:527,P:2339,0.519832015
P:527,P:402,0.5217750072
P:528,P:1440,0.5251469612
P:528,P:1903,0.5270315409
P:528,P:2100,0.5268128514
P:528,P:2265,0.52446872
P:528,P:2817,0.5242452621
P:529,P:1537,0.450891912
P:529,P:1932,0.4554537237
P:529,P:334,0.4503020346
P:529,P:470,0.450710088
P:529,P:587,0.4552793503
P:53,P:1434,0.4401282966
P:53,P:1537,0.4506244957
P:53,P:1932,0.4365701973
P:53,P:2406,0.4368420541
P:53,P:2538,0.4349505603
P:530,P:1932,0.4459452331
P:530,P:2096,0.4447508454
P:530,P:2545,0.4487570822
P:530,P:501,0.4472389817
P:530,P:587,0.4458297491
P:531,P:1181,0.8098791838
P:531,P:1255,0.8096576929
P:531,P:1291,0.8204064369
P:531,P:1316,0.8160133958
P:531,P:2540,0.8089681268
P:532,P:1040,0.4969236255
P:532,P:1159,0.4953175783
P:532,P:1461,0.4986287057
P:532,P:213,0.4953886569
P:532,P:2970,0.498886615
P:533,P:1204,0.5427414179
P:533,P:1893,0.5479126573
P:533,P:1997,0.5421574116
P:533,P:232,0.5474112034
P:533,P:450,0.5469303727
P:534,P:2000,0.7171829343
P:534,P:2630,0.7115928531
P:534,P:2759,0.7119179964
P:534,P:451,0.7115649581
P:534,P:839,0.7129375935
P:535,P:1711,0.7371795774
P:535,P:1896,0.7398036122
P:535,P:2000,0.7471320629
P:535,P:2759,0.7403118014
P:535,P:451,0.737754941
P:536,P:1177,0.7621942759
P:536,P:1398,0.7619549632
P:536,P:2644,0.7641389966
P:536,P:913,0.763936162
P:536,P:984,0.766979754
P:537,P:1398,0.8544486165
P:537,P:1476,0.8615846038
P:537,P:1951,0.8571084738
P:537,P:2552,0.8515999913
P:537,P:984,0.8583372235
P:538,P:1314,0.4671452641
P:538,P:1833,0.4737428129
P:538,P:265,0.467231065
P:538,P:539,0.4784557521
P:538,P:85,0.4718485773
P:539,P:1450,0.6870005131
P:539,P:2308,0.6875744462
P:539,P:2547,0.6885386109
P:539,P:540,0.6902941465
P:539,P:86,0.6953784823
P:54,P:1236,0.4534201026
P:54,P:1563,0.4533078372
P:54,P:1868,0.4520519674
P:54,P:2367,0.4504207075
P:54,P:711,0.4573849142
P:540,P:1255,0.8092873693
P:540,P:2053,0.8166281581
P:540,P:2308,0.8110993505
P:540,P:2547,0.8121737838
P:540,P:38,0.805393517
P:541,P:1086,0.4958993793
P:541,P:1415,0.4977325499
P:541,P:1461,0.4965935349
P:541,P:2211,0.4941933155
P:541,P:2432,0.4991800189
P:542,P:1086,0.7712374926
P:542,P:1592,0.7720496058
P:542,P:1960,0.7696009278
P:542,P:2700,0.7687005997
P:542,P:390,0.7800313234
P:543,P:1609,0.5397135019
P:543,P:2638,0.5327411294
P:543,P:544,0.5384104848
P:543,P:66,0.5386031866
P:543,P:988,0.5340253711
P:544,P:2396,0.7815085649
P:544,P:2610,0.7818277478
P:544,P:2611,0.7783028483
P:544,P:66,0.7787492275
P:544,P:742,0.7774947882
P:545,P:1461,0.4971277416
P:545,P:2163,0.4976541698
P:545,P:240,0.5158383846
P:545,P:2575,0.4978797734
P:545,P:2815,0.5021370649
P:546,P:1751,0.4944298267
P:546,P:2085,0.496090889
P:546,P:2136,0.4961185157
P:546,P:2419,0.4950797856
P:546,P:547,0.4952078164
P:547,P:1183,0.7456975579
P:547,P:1903,0.7482548356
P:547,P:2419,0.7441054583
P:547,P:564,0.7467700839
P:547,P:74,0.7496880889
P:548,P:1611,0.4955005646
P:548,P:493,0.4954124093
P:548,P:501,0.4923131168
P:548,P:517,0.4978380799
P:548,P:76,0.4934661388
P:549,P:100,0.6682958007
P:549,P:1983,0.6694892049
P:549,P:2392,0.6686056852
P:549,P:2545,0.669894278
P:549,P:464,0.6692952514
P:55,P:1436,0.6815575957
P:55,P:1437,0.6795310974
P:55,P:2344,0.6815553308
P:55,P:2498,0.6907964945
P:55,P:405,0.681869626
P:550,P:1221,0.7235017419
P:550,P:2346,0.7206327319
P:550,P:2499,0.7184277177
P:550,P:654,0.7231401801
P:550,P:692,0.7209402323
P:551,P:1221,0.8485503197
P:551,P:1659,0.8551191688
P:551,P:2393,0.8525992632
P:551,P:2499,0.8541256189
P:551,P:654,0.8565745354
P:552,P:1440,0.5117545724
P:552,P:1742,0.5114079714
P:552,P:208,0.5129609704
P:552,P:317,0.5116392374
P:552,P:564,0.5128796101
P:553,P:1339,0.500036478
P:553,P:1461,0.5056295991
P:553,P:1529,0.5002860427
P:553,P:240,0.5123104453
P:553,P:2815,0.5034191012
P:554,P:1259,0.6226837635
P:554,P:1479,0.6261912584
P:554,P:1711,0.6234939694
P:554,P:1716,0.6241210699
P:554,P:1717,0.6227690578
P:555,P:2077,0.4606641233
P:555,P:2395,0.4571656883
P:555,P:2605,0.4616437852
P:555,P:2609,0.4607511163
P:555,P:741,0.4583572149
P:556,P:1274,0.6746515632
P:556,P:2100,0.6774001122
P:556,P:296,0.6735651493
P:556,P:620,0.676405549
P:556,P:66,0.6787890196
P:557,P:150,0.8727027178
P:557,P:1533,0.8762714863
P:557,P:2584,0.8718072772
P:557,P:2607,0.8831751943
P:557,P:485,0.8700683713
P:558,P:1069,0.5315362215
P:558,P:1400,0.5322277546
P:558,P:208,0.5322255492
P:558,P:292,0.5331440568
P:558,P:402,0.5312250257
P:559,P:1484,0.51665622
P:559,P:1538,0.5146360993
P:559,P:2100,0.5139195323
P:559,P:244,0.5144652128
P:559,P:402,0.5150480866
P:56,P:1560,0.8307108879
P:56,P:1659,0.8267170787
P:56,P:2263,0.8244811893
P:56,P:244,0.8303028345
P:56,P:2499,0.8277149796
P:560,P:1427,0.4687740803
P:560,P:2383,0.4712020457
P:560,P:2395,0.4726371169
P:560,P:2597,0.471511215
P:560,P:741,0.4625394642
P:561,P:16,0.6882112622
P:561,P:2395,0.6901743412
P:561,P:66,0.6940203309
P:561,P:755,0.6892205477
P:561,P:957,0.6906080246
P:562,P:1057,0.8414002657
P:562,P:1570,0.8473327756
P:562,P:2584,0.8637693524
P:562,P:485,0.8490688205
P:562,P:618,0.8455030918
P:563,P:1042,0.5151001811
P:563,P:1903,0.5181200504
P:563,P:2419,0.5160315633
P:563,P:2817,0.5163381696
P:563,P:564,0.5214896798
P:564,P:1860,0.7736411691
P:564,P:1928,0.7832529545
P:564,P:2584,0.7745941877
P:564,P:2715,0.7767125964
P:565,P:1042,0.4907518923
P:565,P:1829,0.4909974933
P:565,P:2136,0.4922410846
P:565,P:2419,0.4912660122
P:565,P:566,0.4906662703
P:566,P:1903,0.7445137501
P:566,P:2419,0.7363807559
P:566,P:2655,0.7353716493
P:566,P:564,0.7353941798
P:566,P:74,0.7405029535
P:567,P:1458,0.4947541058
P:567,P:180,0.4994190335
P:567,P:2339,0.4995993972
P:567,P:47,0.4979501069
P:567,P:472,0.4984261096
P:568,P:1022,0.7415804267
P:568,P:1274,0.7375164032
P:568,P:2453,0.737056613
P:568,P:49,0.7382265329
P:568,P:569,0.7457999587
P:569,P:1022,0.8991769552
P:569,P:1057,0.9051229358
P:569,P:1533,0.9068474174
P:569,P:2607,0.9047567844
P:57,P:1983,0.4921335876
P:57,P:2051,0.5019712448
P:57,P:2244,0.4961373508
P:57,P:2609,0.4917133749
P:57,P:58,0.4940960705
P:570,P:1421,0.5176135898
P:570,P:1526,0.5209903121
P:570,P:1611,0.5189757347
P:570,P:2449,0.5198199153
P:570,P:873,0.5191911459
P:571,P:1144,0.4674761891
P:571,P:1236,0.4693447948
P:571,P:1563,0.4682969153
P:571,P:1859,0.4721831977
P:571,P:2668,0.4687805772
P:572,P:2176,0.827886939
P:572,P:2370,0.8349916935
P:572,P:244,0.8273733258
P:572,P:2499,0.8277305365
P:572,P:254,0.8310149908
P:573,P:1440,0.5203139782
P:573,P:1484,0.5187234282
P:573,P:1903,0.518648386
P:573,P:2055,0.525400281
P:573,P:2278,0.5220708251
P:574,P:1228,0.5248277187
P:574,P:166,0.5248345733
P:574,P:2155,0.5247327089
P:574,P:575,0.5274855494
P:574,P:763,0.5285923481
P:575,P:1913,0.7170214653
P:575,P:2579,0.7168519497
P:575,P:2640,0.7161808014
P:575,P:2958,0.7118669152
P:575,P:747,0.7118324041
P:576,P:1230,0.8495585322
P:576,P:1406,0.8521718383
P:576,P:1476,0.865896225
P:576,P:1951,0.8650719523
P:576,P:747,0.852337122
P:577,P:144,0.4705483317
P:577,P:2661,0.4714674354
P:577,P:2821,0.472648263
P:577,P:453,0.4715901911
P:577,P:578,0.4760885239
P:578,P:1663,0.6737231612
P:578,P:1704,0.6701148152
P:578,P:1749,0.6690961123
P:578,P:2468,0.6803907752
P:578,P:2756,0.6832901239
P:579,P:1476,0.8602792025
P:579,P:1500,0.8593729138
P:579,P:1951,0.871807456
P:579,P:2413,0.8577266335
P:579,P:300,0.8553564548
P:58,P:1311,0.7235602736
P:58,P:1984,0.7228706479
P:58,P:464,0.7234801054
P:58,P:496,0.7208168507
P:58,P:66,0.7195262313
P:580,P:1937,0.4431537986
P:580,P:2191,0.4483711123
P:580,P:298,0.4442026019
P:580,P:453,0.4448192716
P:580,P:581,0.4463109374
P:581,P:1704,0.6566283107
P:581,P:1877,0.6458628774
P:581,P:1948,0.6470912695
P:581,P:634,0.6479779482
P:581,P:794,0.6477626562
P:582,P:1476,0.7901255488
P:582,P:1500,0.7896392941
P:582,P:1852,0.7846303582
P:582,P:1951,0.7955446243
P:582,P:300,0.7823361158
P:583,P:1476,0.8868042827
P:583,P:1500,0.884673059
P:583,P:1570,0.8858067393
P:583,P:1852,0.8829760551
P:583,P:1951,0.8945598006
P:584,P:1493,0.5250717402
P:584,P:1600,0.5317599773
P:584,P:1601,0.5283412337
P:584,P:2222,0.5277851224
P:584,P:2697,0.5312076211
P:585,P:1110,0.8116067052
P:585,P:1380,0.834343791
P:585,P:1951,0.8242958784
P:585,P:2238,0.8280222416
P:585,P:2780,0.8140788078
P:586,P:1314,0.4498201907
P:586,P:141,0.4498660564
P:586,P:2538,0.4558077455
P:586,P:587,0.4558816254
P:586,P:85,0.4594455361
P:587,P:1248,0.6412878633
P:587,P:1309,0.6401879787
P:587,P:1449,0.6463339925
P:587,P:1450,0.6404436231
P:587,P:470,0.6451568007
P:588,P:1181,0.8201958537
P:588,P:1255,0.8189020157
P:588,P:1291,0.8313985467
P:588,P:1316,0.8289501667
P:588,P:2540,0.8181038499
P:589,P:1339,0.5015833974
P:589,P:1461,0.5062285066
P:589,P:240,0.5167303681
P:589,P:2815,0.5050320029
P:589,P:2836,0.5009462833
P:59,P:2053,0.8525182009
P:59,P:2396,0.8425756693
P:59,P:465,0.8436931968
P:59,P:742,0.8480382562
P:590,P:1339,0.5092334151
P:590,P:1461,0.51436764
P:590,P:2211,0.5082284808
P:590,P:240,0.5221856236
P:590,P:2815,0.5117364526
P:591,P:1042,0.5131577253
P:591,P:1829,0.512930274
P:591,P:2482,0.5126013756
P:591,P:2487,0.5150290728
P:591,P:2817,0.5129547119
P:592,P:1014,0.7540058494
P:592,P:1928,0.7575610876
P:592,P:2715,0.7532377243
P:592,P:564,0.7496162653
P:592,P:783,0.7499066591
P:593,P:1415,0.4723990858
P:593,P:2432,0.4778828025
P:593,P:509,0.4723714888
P:593,P:594,0.4697900414
P:593,P:992,0.470602572
P:594,P:1086,0.743506968
P:594,P:1529,0.7365632057
P:594,P:1592,0.740103364
P:594,P:1960,0.7342098355
P:594,P:390,0.7420529723
P:595,P:1069,0.5342466235
P:595,P:1400,0.5330348015
P:595,P:203,0.5319854617
P:595,P:292,0.5339155197
P:595,P:402,0.5325853825
P:596,P:108,0.5382739305
P:596,P:2163,0.5327211618
P:596,P:2717,0.5335791111
P:596,P:2982,0.5279456973
P:596,P:656,0.5303798318
P:597,P:109,0.7472656369
P:597,P:1906,0.7340093851
P:597,P:2068,0.7493651509
P:597,P:2163,0.7381837368
P:597,P:2717,0.7372247577
P:598,P:1860,0.5261063576
P:598,P:1888,0.5268089771
P:598,P:2055,0.5319973826
P:598,P:2278,0.5281415582
P:598,P:961,0.5278854966
P:599,P:1759,0.4472310245
P:599,P:1875,0.446634382
P:599,P:1993,0.4489744306
P:599,P:2191,0.451256752
P:599,P:600,0.4567334056
P:6,P:1259,0.6189216375
P:6,P:1479,0.6219860315
P:6,P:1711,0.619798243
P:6,P:1716,0.6200961471
P:6,P:2759,0.6190984249
P:60,P:1400,0.5228805542
P:60,P:203,0.5231088996
P:60,P:2070,0.5215910673
P:60,P:2170,0.5199039578
P:60,P:2339,0.5226147771
P:600,P:1086,0.6844319105
P:600,P:109,0.6848843694
P:600,P:1461,0.6855723858
P:600,P:213,0.686942637
P:601,P:1000,0.7892543674
P:601,P:17,0.8040186763
P:601,P:1906,0.7911425829
P:601,P:2616,0.7843123674
P:601,P:422,0.7854831815
P:602,P:1042,0.5141587257
P:602,P:1903,0.5196709633
P:602,P:2055,0.517950654
P:602,P:2265,0.5124063492
P:602,P:74,0.5120233297
P:603,P:1704,0.5216228366
P:603,P:1753,0.5198037624
P:603,P:2536,0.5207233429
P:603,P:422,0.5194538832
P:603,P:794,0.5193350911
P:604,P:1600,0.5186295509
P:604,P:1604,0.5241095424
P:604,P:2661,0.5242190957
P:604,P:2697,0.5198830962
P:604,P:2812,0.5200660229
P:605,P:1380,0.776614964
P:605,P:17,0.7680399418
P:605,P:2103,0.7567664981
P:605,P:2238,0.7635045648
P:605,P:2384,0.76011163
P:606,P:1069,0.5221663117
P:606,P:1560,0.522038877
P:606,P:208,0.5230081677
P:606,P:292,0.525552094
P:606,P:936,0.5234660506
P:607,P:1440,0.5533616543
P:607,P:1763,0.5548749566
P:607,P:1831,0.5552805066
P:607,P:1885,0.5535185933
P:607,P:2100,0.5546386838
P:608,P:1935,0.498783648
P:608,P:240,0.5087413192
P:608,P:2575,0.4997083247
P:608,P:2815,0.501701653
P:608,P:2836,0.4985684156
P:609,P:1609,0.5219132304
P:609,P:2978,0.5151474476
P:609,P:413,0.5152696371
P:609,P:66,0.5225480795
P:609,P:86,0.5221089125
P:61,P:1274,0.7908871174
P:61,P:1614,0.794580996
P:61,P:2346,0.7908337712
P:61,P:314,0.7946439981
P:61,P:628,0.7945848107
P:610,P:2396,0.7852201462
P:610,P:2610,0.7909901738
P:610,P:2611,0.7843233943
P:610,P:620,0.7870426774
P:610,P:742,0.7877210379
P:611,P:1069,0.5372382402
P:611,P:1262,0.5297398567
P:611,P:208,0.5291032195
P:611,P:292,0.5373837948
P:611,P:936,0.5393728018
P:612,P:1042,0.5159054399
P:612,P:1829,0.515414834
P:612,P:1903,0.5139934421
P:612,P:2136,0.5168510675
P:612,P:24,0.5136057138
P:613,P:1903,0.7505825162
P:613,P:1928,0.7459959984
P:613,P:2621,0.7462393045
P:613,P:2655,0.7455766797
P:613,P:2715,0.7500216961
P:614,P:1377,0.4640939534
P:614,P:2011,0.4575349092
P:614,P:2235,0.4570296705
P:614,P:2623,0.4591017663
P:614,P:615,0.463598907
P:615,P:1183,0.6604254842
P:615,P:1903,0.6621115804
P:615,P:1946,0.6601774096
P:615,P:564,0.6593936682
P:616,P:1379,0.7151743174
P:616,P:1380,0.7227094769
P:616,P:1951,0.7293781638
P:616,P:2584,0.7188775539
P:616,P:618,0.7147140503
P:617,P:1476,0.7967108488
P:617,P:1852,0.7959686518
P:617,P:1951,0.8050061464
P:617,P:2584,0.7957661152
P:617,P:618,0.7972018719
P:618,P:1057,0.939155817
P:618,P:1570,0.9243903756
P:618,P:1852,0.925688386
P:618,P:2584,0.936707437
P:619,P:1609,0.5615866184
P:619,P:2610,0.557897687
P:619,P:620,0.5604397058
P:619,P:66,0.5622509122
P:619,P:87,0.5582254529
P:62,P:1248,0.5180012584
P:62,P:1935,0.5190103054
P:62,P:240,0.5286281109
P:62,P:2575,0.5218190551
P:62,P:2815,0.5177046657
P:620,P:2396,0.8125774264
P:620,P:2610,0.8099254966
P:620,P:513,0.8012037277
P:620,P:742,0.8157587051
P:621,P:1069,0.548276782
P:621,P:203,0.5495653749
P:621,P:208,0.5539652705
P:621,P:2339,0.5536626577
P:621,P:402,0.5508746505
P:622,P:1288,0.4274543524
P:622,P:1349,0.425588727
P:622,P:1434,0.4272777438
P:622,P:2492,0.4263634086
P:622,P:2538,0.4259068072
P:623,P:1248,0.6250408888
P:623,P:1289,0.6230510473
P:623,P:1315,0.6234942675
P:623,P:2575,0.6216859818
P:624,P:1038,0.8455507755
P:624,P:1291,0.8568660617
P:624,P:1316,0.8536121845
P:624,P:827,0.8490774035
P:624,P:828,0.8499976993
P:625,P:1611,0.4998423755
P:625,P:2942,0.4985902011
P:625,P:626,0.4932634532
P:625,P:751,0.4940511584
P:625,P:76,0.4908272922
P:626,P:1262,0.6934971809
P:626,P:2070,0.6951557994
P:626,P:2456,0.6940808296
P:626,P:2862,0.6952577829
P:626,P:366,0.6971486211
P:627,P:1374,0.7960974574
P:627,P:2176,0.80242908
P:627,P:2370,0.7979643941
P:627,P:2499,0.8013711572
P:627,P:254,0.7983922958
P:628,P:1374,0.8703967333
P:628,P:1533,0.8716161847
P:628,P:2370,0.8642544746
P:628,P:569,0.8698212504
P:629,P:1400,0.5419068336
P:629,P:1484,0.5416030288
P:629,P:208,0.5443505049
P:629,P:2339,0.5420088768
P:629,P:402,0.5436937809
P:63,P:1903,0.5091466904
P:63,P:2055,0.5128418803
P:63,P:2265,0.5046393275
P:63,P:2278,0.5095974207
P:63,P:961,0.5073756576
P:630,P:1069,0.5474946499
P:630,P:1400,0.5409661531
P:630,P:1613,0.5415425897
P:630,P:292,0.5461392999
P:630,P:936,0.5477868319
P:631,P:1069,0.5502533913
P:631,P:1262,0.5489681363
P:631,P:2648,0.5475050211
P:631,P:2876,0.5480852127
P:631,P:366,0.5482748747
P:632,P:1311,0.771903038
P:632,P:1614,0.7779368162
P:632,P:2346,0.7748169303
P:632,P:314,0.7738618255
P:632,P:78,0.7709163427
P:633,P:1663,0.5055707693
P:633,P:1753,0.5063478947
P:633,P:2296,0.5077059269
P:633,P:794,0.5041681528
P:633,P:817,0.5044773221
P:634,P:1704,0.745613575
P:634,P:1749,0.7548671365
P:634,P:1877,0.7452415824
P:634,P:2536,0.7459812164
P:634,P:399,0.7467027903
P:635,P:1440,0.5183494091
P:635,P:1484,0.5179430842
P:635,P:2100,0.5213951468
P:635,P:2339,0.5178323388
P:635,P:402,0.5198246837
P:636,P:1751,0.530867517
P:636,P:2085,0.5314856172
P:636,P:2579,0.528966248
P:636,P:2866,0.5324220061
P:636,P:395,0.5323708653
P:637,P:1513,0.7490003109
P:637,P:1951,0.7513338327
P:637,P:2579,0.7545423508
P:637,P:2866,0.7464157343
P:637,P:395,0.7476348877
P:638,P:1069,0.5451683998
P:638,P:1400,0.5411996841
P:638,P:203,0.5419268608
P:638,P:292,0.5425568223
P:638,P:936,0.5422555804
P:639,P:1259,0.6474023461
P:639,P:1479,0.6487508416
P:639,P:1711,0.6472790241
P:639,P:1716,0.64771384
P:639,P:2759,0.647416234
P:64,P:1069,0.5461449623
P:64,P:203,0.5459923744
P:64,P:208,0.5492670536
P:64,P:2339,0.5492879748
P:64,P:402,0.5460580587
P:640,P:1903,0.5010085106
P:640,P:2055,0.4979066849
P:640,P:2265,0.4953921437
P:640,P:564,0.493557632
P:640,P:74,0.4971267581
P:641,P:1461,0.50982517
P:641,P:2163,0.5081771016
P:641,P:240,0.5198882222
P:641,P:2815,0.5127832294
P:641,P:2836,0.508174479
P:642,P:1069,0.5322671533
P:642,P:1262,0.528006494
P:642,P:203,0.5281854868
P:642,P:292,0.529671371
P:642,P:936,0.5308503509
P:643,P:1906,0.5543467402
P:643,P:2610,0.5533539653
P:643,P:610,0.5529960394
P:643,P:620,0.558827281
P:643,P:742,0.5537672639
P:644,P:1913,0.5606521368
P:644,P:2579,0.5605803728
P:644,P:2640,0.5649873018
P:644,P:2958,0.5591977239
P:644,P:863,0.5594160557
P:645,P:1354,0.5806841254
P:645,P:1913,0.5820526481
P:645,P:2359,0.5823742151
P:645,P:2640,0.5838117599
P:645,P:2958,0.5826855302
P:646,P:1913,0.5693023801
P:646,P:2049,0.5685612559
P:646,P:2359,0.5687104464
P:646,P:2640,0.571210444
P:646,P:2958,0.5688670874
P:647,P:1258,0.5770984292
P:647,P:2758,0.5774962306
P:647,P:2913,0.577986598
P:647,P:450,0.5790801048
P:647,P:648,0.5782080293
P:648,P:1479,0.7503842115
P:648,P:1711,0.7489942908
P:648,P:1717,0.7464439273
P:648,P:2000,0.7505126595
P:648,P:2759,0.7485152483
P:649,P:1101,0.8576003909
P:649,P:1456,0.8561763763
P:649,P:2000,0.8560733199
P:649,P:2603,0.8584601879
P:649,P:871,0.8545484543
P:65,P:1609,0.5538582802
P:65,P:2978,0.5455617309
P:65,P:66,0.5489462614
P:65,P:86,0.5564472079
P:65,P:87,0.5457388163
P:650,P:1704,0.5193250179
P:650,P:1943,0.5201912522
P:650,P:213,0.5227560997
P:650,P:2536,0.5201326609
P:650,P:2970,0.5192019939
P:651,P:1611,0.4930760264
P:651,P:2942,0.4916191697
P:651,P:501,0.4905768633
P:651,P:652,0.4904346466
P:651,P:751,0.4912522435
P:652,P:2346,0.6999666691
P:652,P:2862,0.6977312565
P:652,P:405,0.7006021142
P:652,P:891,0.699451983
P:653,P:1221,0.737124145
P:653,P:1659,0.7353712916
P:653,P:2499,0.7387523055
P:653,P:654,0.7407945991
P:654,P:1659,0.8711966872
P:654,P:2176,0.8663388491
P:654,P:2393,0.8666662574
P:654,P:2499,0.8739548326
P:655,P:108,0.569228828
P:655,P:1574,0.5460776687
P:655,P:2717,0.5461669564
P:655,P:343,0.5487077236
P:655,P:656,0.5465710163
P:656,P:109,0.7580360174
P:656,P:1575,0.7503669858
P:656,P:2068,0.7599220276
P:656,P:2163,0.745691061
P:656,P:2717,0.7437354922
P:657,P:1486,0.4109829962
P:657,P:162,0.4254704416
P:657,P:2501,0.4168021679
P:657,P:483,0.4109900296
P:657,P:825,0.4178870618
P:658,P:2395,0.646579206
P:658,P:2682,0.6488491297
P:658,P:483,0.6432794333
P:658,P:484,0.651753962
P:659,P:1809,0.8407272696
P:659,P:2584,0.8475669622
P:659,P:2955,0.835809052
P:659,P:485,0.8414060473
P:659,P:790,0.8448807597
P:66,P:2245,0.8025150299
P:66,P:2396,0.8107119203
P:66,P:2610,0.805547595
P:66,P:742,0.8083818555
P:660,P:1611,0.5108870268
P:660,P:493,0.504963696
P:660,P:517,0.5062602758
P:660,P:652,0.5042970181
P:660,P:76,0.5078307986
P:661,P:1527,0.6833121777
P:661,P:2449,0.6878034472
P:661,P:2677,0.6857944131
P:661,P:891,0.6899091005
P:661,P:936,0.6839691997
P:662,P:1221,0.8196645975
P:662,P:1659,0.8241366148
P:662,P:2176,0.8202846646
P:662,P:2499,0.8196038008
P:662,P:654,0.8242723942
P:663,P:1903,0.5128878951
P:663,P:2055,0.5124765038
P:663,P:2278,0.5074445605
P:663,P:564,0.5079191923
P:663,P:74,0.508980155
P:664,P:1600,0.5313521624
P:664,P:1604,0.5389339924
P:664,P:2697,0.5312076211
P:664,P:2812,0.5269047022
P:664,P:665,0.5325430036
P:665,P:1380,0.763292253
P:665,P:2103,0.7535805702
P:665,P:2238,0.7533240318
P:665,P:89,0.7532004714
P:666,P:1042,0.5084034801
P:666,P:1829,0.5081205368
P:666,P:1903,0.5047954917
P:666,P:2487,0.5077167153
P:666,P:2817,0.504925251
P:667,P:1903,0.7337289453
P:667,P:1928,0.7342561483
P:667,P:2655,0.7296749353
P:667,P:2817,0.7270612121
P:667,P:564,0.7300866246
P:668,P:1342,0.4777072072
P:668,P:1415,0.4755667746
P:668,P:1935,0.47667256
P:668,P:509,0.4749822021
P:668,P:778,0.4760218859
P:669,P:1086,0.7202180624
P:669,P:1592,0.7213258147
P:669,P:390,0.7250329256
P:669,P:479,0.7201267481
P:669,P:778,0.7216268778
P:67,P:2978,0.5521277189
P:67,P:413,0.5550578237
P:67,P:66,0.5525757074
P:67,P:86,0.5584114194
P:67,P:87,0.5517702699
P:670,P:1913,0.5560768843
P:670,P:2049,0.555308044
P:670,P:2359,0.5551941395
P:670,P:2640,0.5580068231
P:670,P:2958,0.5564417839
P:671,P:1415,0.4907737672
P:671,P:1461,0.4924534857
P:671,P:240,0.5059504509
P:671,P:2815,0.4969393313
P:671,P:2836,0.4928770065
P:672,P:208,0.5246312618
P:672,P:2145,0.5208031535
P:672,P:2339,0.5219353437
P:672,P:292,0.5220181346
P:672,P:936,0.5202676058
P:673,P:1042,0.5111282468
P:673,P:1903,0.5151841044
P:673,P:2055,0.5140820146
P:673,P:2100,0.5093137622
P:673,P:2265,0.5109030604
P:674,P:1513,0.5647237897
P:674,P:2085,0.5600937605
P:674,P:2136,0.563075304
P:674,P:2834,0.5648534894
P:674,P:323,0.5595067143
P:675,P:1623,0.4992052615
P:675,P:203,0.5015105605
P:675,P:2070,0.4990786314
P:675,P:2339,0.5018042326
P:675,P:366,0.502395153
P:676,P:1069,0.7249156833
P:676,P:1356,0.7217527628
P:676,P:1614,0.7244839072
P:676,P:2070,0.7250223756
P:676,P:366,0.7232230902
P:677,P:1274,0.8275549412
P:677,P:1374,0.8338419795
P:677,P:1533,0.8331900239
P:677,P:569,0.8287288547
P:677,P:852,0.8280897141
P:678,P:1875,0.4461897016
P:678,P:2191,0.4439478219
P:678,P:2821,0.4310299456
P:678,P:443,0.4394017756
P:678,P:780,0.430814147
P:679,P:1086,0.6417786479
P:679,P:1461,0.6442998648
P:679,P:1529,0.6395249963
P:679,P:2211,0.6388280392
P:679,P:781,0.6405771375
P:68,P:1471,0.7922983766
P:68,P:2053,0.7920507789
P:68,P:2610,0.7975854278
P:68,P:465,0.7954566479
P:68,P:742,0.8004333377
P:680,P:1135,0.8475337625
P:680,P:2413,0.8544085622
P:680,P:2503,0.8481395841
P:680,P:2584,0.8517457247
P:681,P:1643,0.4615408182
P:681,P:2136,0.4643152058
P:681,P:224,0.4700617492
P:681,P:2251,0.4726026952
P:681,P:682,0.4670571089
P:682,P:1113,0.6764695644
P:682,P:1513,0.6762550473
P:682,P:1793,0.6798395514
P:682,P:2419,0.6780753732
P:682,P:323,0.6787678599
P:683,P:1476,0.8542878628
P:683,P:1852,0.8524214029
P:683,P:1951,0.8597893119
P:683,P:282,0.847548008
P:683,P:618,0.8541975617
P:684,P:1476,0.8362759352
P:684,P:1852,0.8339155316
P:684,P:1951,0.8416170478
P:684,P:282,0.8291894794
P:684,P:618,0.8382073045
P:685,P:1042,0.5202332735
P:685,P:1044,0.5196386576
P:685,P:1903,0.5270015597
P:685,P:2055,0.5274698734
P:685,P:2278,0.5205386281
P:686,P:1440,0.5150889158
P:686,P:1484,0.5169709921
P:686,P:2055,0.5148396492
P:686,P:208,0.515648663
P:686,P:402,0.5137811899
P:687,P:1831,0.5413693786
P:687,P:203,0.5424149632
P:687,P:2075,0.5420609713
P:687,P:2339,0.5462229252
P:687,P:402,0.5453481674
P:688,P:1903,0.5216246247
P:688,P:2055,0.526386559
P:688,P:2265,0.5183312893
P:688,P:2278,0.5218895078
P:688,P:961,0.5202666521
P:689,P:1932,0.4436891079
P:689,P:2538,0.4450873137
P:689,P:265,0.4432776868
P:689,P:587,0.4442568123
P:689,P:690,0.4420156181
P:69,P:1935,0.5027859211
P:69,P:240,0.5151506066
P:69,P:2575,0.5038748384
P:69,P:2815,0.504306078
P:69,P:2836,0.5005452633
P:690,P:1180,0.6379503012
P:690,P:238,0.6413224339
P:690,P:2545,0.6421304345
P:690,P:37,0.6404722333
P:690,P:464,0.6377982497
P:691,P:1221,0.7343139052
P:691,P:1659,0.7299441695
P:691,P:2499,0.730974853
P:691,P:654,0.7355234623
P:691,P:692,0.732794404
P:692,P:1221,0.8523352146
P:692,P:1291,0.8525734544
P:692,P:1659,0.8559844494
P:692,P:2499,0.8570530415
P:692,P:654,0.8581755161
P:693,P:1434,0.4003615677
P:693,P:1656,0.4052823484
P:693,P:1919,0.401422739
P:693,P:2017,0.3988156915
P:693,P:694,0.4064615071
P:694,P:1290,0.6325560808
P:694,P:1537,0.6281715035
P:694,P:1919,0.6328036189
P:694,P:2898,0.6313843727
P:695,P:1242,0.867865026
P:695,P:2263,0.8736429811
P:695,P:244,0.8748428822
P:695,P:2584,0.8692374229
P:695,P:485,0.8820297718
P:696,P:1440,0.5190855861
P:696,P:1903,0.5256379247
P:696,P:2055,0.5219461322
P:696,P:2265,0.5202918649
P:696,P:564,0.5207801461
P:697,P:1342,0.4702281654
P:697,P:1415,0.4690566361
P:697,P:1935,0.4669945836
P:697,P:2321,0.4678402543
P:697,P:509,0.4686228931
P:698,P:1086,0.7524018884
P:698,P:1592,0.752850771
P:698,P:2700,0.7518585324
P:698,P:390,0.7639861703
P:698,P:479,0.7536732554
P:699,P:1248,0.5047023892
P:699,P:1935,0.5057956576
P:699,P:240,0.5117478371
P:699,P:2575,0.507352531
P:699,P:2815,0.501376152
P:7,P:1611,0.5156942606
P:7,P:2186,0.5063077211
P:7,P:2942,0.5099083185
P:7,P:517,0.5052477717
P:7,P:76,0.507846117
P:70,P:1339,0.5098723769
P:70,P:1461,0.515450716
P:70,P:213,0.5133428574
P:70,P:240,0.5090021491
P:70,P:2970,0.5118929744
P:700,P:1248,0.5254280567
P:700,P:1450,0.5258817673
P:700,P:2575,0.5255743265
P:700,P:761,0.5233100653
P:700,P:896,0.5235826373
P:701,P:1069,0.5626425743
P:701,P:1262,0.5572799444
P:701,P:203,0.5555801988
P:701,P:292,0.5600786209
P:701,P:936,0.5612484813
P:702,P:1377,0.4271778166
P:702,P:2011,0.4201336801
P:702,P:2235,0.4227598608
P:702,P:2623,0.4187540114
P:702,P:703,0.418579191
P:703,P:1377,0.6394808888
P:703,P:1378,0.6315732002
P:703,P:1473,0.6339250207
P:703,P:2023,0.6305037141
P:703,P:2909,0.6303185225
P:704,P:1476,0.7113255262
P:704,P:1500,0.7105773687
P:704,P:1634,0.7145126462
P:704,P:1951,0.7223507166
P:704,P:2413,0.7112175226
P:705,P:1476,0.868306458
P:705,P:1570,0.8649692535
P:705,P:1852,0.8652541637
P:705,P:1951,0.8777654171
P:705,P:618,0.8638561368
P:706,P:1354,0.5621697307
P:706,P:1913,0.5645654202
P:706,P:2359,0.5626980066
P:706,P:2640,0.564945817
P:706,P:2958,0.5644094944
P:707,P:1074,0.5225785971
P:707,P:2103,0.521605432
P:707,P:2812,0.5217666626
P:707,P:865,0.5257050991
P:707,P:89,0.5271676183
P:708,P:17,0.7624474764
P:708,P:1707,0.7537618876
P:708,P:2598,0.7551232576
P:708,P:755,0.758225739
P:708,P:957,0.7660864592
P:709,P:1404,0.5334975123
P:709,P:1513,0.5380584598
P:709,P:2136,0.5309575796
P:709,P:2579,0.5352794528
P:709,P:683,0.5333291888
P:71,P:108,0.5167924166
P:71,P:1139,0.5298418999
P:71,P:1508,0.5339556336
P:71,P:1759,0.5246987343
P:71,P:1990,0.5304252505
P:710,P:1236,0.4616308808
P:710,P:1385,0.462382853
P:710,P:1486,0.4586715996
P:710,P:1868,0.4585407674
P:710,P:711,0.4722601175
P:711,P:1236,0.6688064337
P:711,P:1563,0.6733652949
P:711,P:1859,0.6973878741
P:711,P:713,0.6760712266
P:712,P:1056,0.6843894124
P:712,P:1859,0.7068144679
P:712,P:1860,0.6840115786
P:712,P:713,0.7088968754
P:713,P:1057,0.7628268003
P:713,P:1860,0.7684378028
P:713,P:2584,0.7706089616
P:713,P:714,0.7607659101
P:714,P:1057,0.9365354776
P:714,P:1860,0.916990757
P:714,P:2584,0.9399393201
P:714,P:485,0.9293522239
P:715,P:1069,0.5536625385
P:715,P:1400,0.5512753129
P:715,P:203,0.550519824
P:715,P:208,0.5501326323
P:715,P:292,0.5500137806
P:716,P:180,0.4888466299
P:716,P:2270,0.4878866374
P:716,P:2339,0.4911081493
P:716,P:47,0.4916115999
P:716,P:717,0.4903941453
P:717,P:2070,0.6968553662
P:717,P:2075,0.6955513358
P:717,P:2339,0.7014626861
P:717,P:402,0.6976034641
P:717,P:786,0.6964856982
P:718,P:1022,0.8411189318
P:718,P:1533,0.8464556932
P:718,P:2370,0.8395639658
P:718,P:2607,0.8402772546
P:718,P:569,0.8435444236
P:719,P:1601,0.5479867458
P:719,P:2142,0.5445443988
P:719,P:2468,0.5458006263
P:719,P:2662,0.5482877493
P:719,P:2756,0.5478836298
P:72,P:109,0.745724082
P:72,P:1761,0.7562040687
P:72,P:2536,0.7561405301
P:72,P:422,0.7491405606
P:72,P:802,0.7493702769
P:720,P:1288,0.4222075045
P:720,P:1349,0.4299074709
P:720,P:2219,0.4226242006
P:720,P:2492,0.4252552688
P:720,P:721,0.4251877964
P:721,P:108,0.6097296476
P:721,P:1086,0.5990474224
P:721,P:109,0.5992096663
P:721,P:1993,0.6080812812
P:721,P:2163,0.5995445251
P:722,P:1135,0.6601880789
P:722,P:1960,0.6533107758
P:722,P:1961,0.6517041326
P:722,P:2517,0.6605135202
P:722,P:781,0.6512141824
P:723,P:2503,0.8761340976
P:723,P:2517,0.8751888871
P:723,P:2584,0.8706005812
P:723,P:485,0.8729821444
P:724,P:1303,0.5108907819
P:724,P:2103,0.508449614
P:724,P:2671,0.5066231489
P:724,P:2812,0.509414494
P:724,P:89,0.5048286319
P:725,P:1380,0.7414596677
P:725,P:17,0.7427443266
P:725,P:2103,0.7401612997
P:725,P:2671,0.7433422208
P:725,P:957,0.7429882288
P:726,P:1308,0.4695517123
P:726,P:1390,0.4578089118
P:726,P:162,0.4533184767
P:726,P:2,0.4552162886
P:726,P:2609,0.4544635117
P:727,P:1390,0.6843750477
P:727,P:3,0.6832579374
P:727,P:406,0.6975597143
P:727,P:464,0.6844284534
P:728,P:1255,0.8687555194
P:728,P:1801,0.8597893119
P:728,P:407,0.8719106913
P:728,P:485,0.861561656
P:729,P:1513,0.5267908573
P:729,P:1751,0.5296853781
P:729,P:2085,0.5308763981
P:729,P:2136,0.5241827369
P:729,P:2866,0.5253828168
P:73,P:1113,0.5131809115
P:73,P:2136,0.5137065053
P:73,P:224,0.5146694183
P:73,P:2251,0.5144838095
P:73,P:2419,0.5159800649
P:730,P:1513,0.7622849345
P:730,P:1951,0.7717494369
P:730,P:2013,0.7616818547
P:730,P:2579,0.7650520802
P:730,P:618,0.7626333237
P:731,P:1461,0.5106422901
P:731,P:1529,0.5075492263
P:731,P:240,0.5248156786
P:731,P:2815,0.5125590563
P:731,P:2836,0.5076131821
P:732,P:1069,0.5464123487
P:732,P:1400,0.543518126
P:732,P:203,0.5418123007
P:732,P:208,0.5408804417
P:732,P:2339,0.541064322
P:733,P:1069,0.5546400547
P:733,P:1400,0.5508487821
P:733,P:203,0.5524372458
P:733,P:208,0.5500239134
P:733,P:2339,0.5504915118
P:734,P:1069,0.5575655103
P:734,P:1400,0.5548039675
P:734,P:203,0.5556918383
P:734,P:208,0.5533661842
P:734,P:2339,0.5539870858
P:735,P:1032,0.4959449768
P:735,P:2085,0.4979189336
P:735,P:2136,0.4952939451
P:735,P:2419,0.4960146844
P:735,P:2874,0.4951819479
P:736,P:1903,0.7344994545
P:736,P:2419,0.7342674732
P:736,P:323,0.7340167165
P:736,P:564,0.7310957313
P:736,P:74,0.7364712954
P:737,P:1440,0.532808423
P:737,P:1484,0.5337002873
P:737,P:2100,0.536100328
P:737,P:2339,0.533211112
P:737,P:402,0.5367292166
P:738,P:1009,0.5009326935
P:738,P:2761,0.4986549616
P:738,P:544,0.4988960028
P:738,P:865,0.4985597134
P:738,P:89,0.4987690151
P:739,P:17,0.7599433064
P:739,P:2396,0.7659758329
P:739,P:2610,0.76118958
P:739,P:742,0.7573106289
P:739,P:957,0.7586115599
P:74,P:1057,0.7958294153
P:74,P:1951,0.7943280339
P:74,P:2584,0.800784111
P:74,P:381,0.7945033908
P:74,P:618,0.8005276918
P:740,P:2051,0.4721882939
P:740,P:2244,0.4795413017
P:740,P:2395,0.4784341156
P:740,P:2609,0.4807778299
P:740,P:741,0.4774226546
P:741,P:2245,0.743013978
P:741,P:2396,0.7443464994
P:741,P:2610,0.7424248457
P:741,P:66,0.7486541271
P:742,P:17,0.8650732636
P:742,P:2053,0.8664392233
P:742,P:2396,0.8772990704
P:742,P:2607,0.8720961809
P:743,P:1042,0.5346318483
P:743,P:1044,0.5346631408
P:743,P:1903,0.5406076908
P:743,P:2136,0.5345849395
P:743,P:744,0.5389429927
P:744,P:1903,0.7719237804
P:744,P:2621,0.7750126123
P:744,P:2715,0.7724318504
P:744,P:618,0.7716020346
P:745,P:1228,0.5471203923
P:745,P:2155,0.5473588109
P:745,P:330,0.5446960926
P:745,P:575,0.5464166403
P:745,P:763,0.544890523
P:746,P:1201,0.7378180623
P:746,P:1913,0.7456487417
P:746,P:1977,0.7382340431
P:746,P:576,0.7399410605
P:746,P:747,0.7436338663
P:747,P:1406,0.86373806
P:747,P:1476,0.8822125196
P:747,P:1852,0.8631614447
P:747,P:1951,0.8794065714
P:748,P:1704,0.5176298022
P:748,P:1753,0.5184872746
P:748,P:213,0.518319428
P:748,P:2662,0.5191398263
P:748,P:422,0.5175166726
P:749,P:1069,0.5434377789
P:749,P:1400,0.5406541824
P:749,P:208,0.5407544374
P:749,P:292,0.5415200591
P:749,P:936,0.5422195196
P:75,P:1611,0.5129614472
P:75,P:2942,0.5067213774
P:75,P:493,0.5111044645
P:75,P:517,0.5119042397
P:75,P:76,0.5106682777
P:750,P:1308,0.461622566
P:750,P:2942,0.4545640051
P:750,P:339,0.4523152113
P:750,P:501,0.4522527456
P:750,P:751,0.4627178311
P:751,P:2648,0.6844956279
P:751,P:2862,0.6845006347
P:751,P:366,0.6888778806
P:751,P:464,0.6832372546
P:752,P:1274,0.7446978092
P:752,P:1291,0.7435122132
P:752,P:1533,0.7468950748
P:752,P:244,0.7434315681
P:752,P:2499,0.7414748669
P:753,P:1274,0.8639128804
P:753,P:150,0.8637909889
P:753,P:1533,0.880246222
P:753,P:244,0.8658499122
P:753,P:2607,0.8749789596
P:754,P:1906,0.5255647898
P:754,P:2961,0.5317758918
P:754,P:755,0.5318220258
P:754,P:89,0.52511096
P:754,P:957,0.5262238979
P:755,P:17,0.8144099712
P:755,P:2396,0.8120025992
P:755,P:513,0.8011859059
P:755,P:742,0.8068492413
P:755,P:957,0.8049061298
P:756,P:108,0.4477263391
P:756,P:1349,0.4437602758
P:756,P:1993,0.4490221143
P:756,P:326,0.4437757432
P:756,P:343,0.4499358535
P:757,P:1086,0.6854189634
P:757,P:1529,0.6781927347
P:757,P:1592,0.6785442829
P:757,P:2211,0.6775490046
P:757,P:2746,0.6775377989
P:758,P:1960,0.7820906043
P:758,P:2068,0.7711806893
P:758,P:221,0.7728683949
P:758,P:2700,0.7803698778
P:758,P:390,0.7869929075
P:759,P:1086,0.5112290382
P:759,P:1461,0.5148474574
P:759,P:1529,0.5129947662
P:759,P:240,0.5226427317
P:759,P:2815,0.514924705
P:76,P:1262,0.6923220754
P:76,P:1972,0.6911571026
P:76,P:2449,0.69092381
P:76,P:2677,0.6916540861
P:76,P:891,0.6942153573
P:760,P:108,0.5434343219
P:760,P:1833,0.5512561202
P:760,P:354,0.5437875986
P:760,P:761,0.5439166427
P:760,P:86,0.5448306799
P:761,P:2068,0.7392282486
P:761,P:2308,0.7390663624
P:761,P:2547,0.7458533645
P:761,P:352,0.7411032915
P:761,P:540,0.7387806177
P:762,P:1228,0.5171375275
P:762,P:1431,0.5166657567
P:762,P:166,0.5192001462
P:762,P:575,0.5176032186
P:762,P:763,0.5304275155
P:763,P:1913,0.7098861933
P:763,P:2063,0.7127333879
P:763,P:2579,0.7217926383
P:763,P:395,0.709831357
P:764,P:1520,0.7466464639
P:764,P:1951,0.7510617971
P:764,P:2156,0.746555686
P:764,P:747,0.7524626255
P:764,P:765,0.7490651011
P:765,P:1406,0.8616015315
P:765,P:1476,0.8794263005
P:765,P:1852,0.8630855083
P:765,P:1951,0.8778965473
P:765,P:263,0.860727489
P:766,P:1406,0.8611556888
P:766,P:1476,0.881479919
P:766,P:1852,0.8646048903
P:766,P:1951,0.8769809604
P:766,P:263,0.8606096506
P:767,P:1440,0.498978287
P:767,P:1888,0.4997693002
P:767,P:1903,0.5014055371
P:767,P:2055,0.5081321597
P:767,P:2278,0.5026639104
P:768,P:1537,0.4633290768
P:768,P:1932,0.4689038992
P:768,P:2096,0.4624807239
P:768,P:2363,0.4630552828
P:768,P:334,0.4624912739
P:769,P:1311,0.7485010028
P:769,P:1437,0.7512590885
P:769,P:238,0.7511690259
P:769,P:2540,0.7514773011
P:769,P:478,0.7463439107
P:77,P:1221,0.753107965
P:77,P:2118,0.7513574958
P:77,P:2189,0.752794683
P:77,P:2450,0.751208961
P:77,P:654,0.7531018257
P:770,P:224,0.4691519439
P:770,P:2251,0.4682357609
P:770,P:2620,0.4717714787
P:770,P:2714,0.4722186923
P:770,P:771,0.4734472632
P:771,P:1903,0.7032392621
P:771,P:1928,0.7022317648
P:771,P:2419,0.6984435916
P:771,P:2655,0.7004391551
P:771,P:564,0.7004733086
P:772,P:1057,0.8665907383
P:772,P:1325,0.8423199654
P:772,P:1570,0.843827188
P:772,P:2584,0.8628112674
P:772,P:618,0.8537697196
P:773,P:162,0.4153394997
P:773,P:2077,0.411854744
P:773,P:2605,0.4170455039
P:773,P:383,0.4139814079
P:773,P:774,0.4185217917
P:774,P:14,0.6367364526
P:774,P:1671,0.6354584694
P:774,P:2077,0.6436210275
P:774,P:741,0.6373339891
P:775,P:1242,0.7101354599
P:775,P:1570,0.7264173627
P:775,P:2584,0.7161639929
P:775,P:776,0.7166964412
P:775,P:97,0.7108934522
P:776,P:1570,0.8869669437
P:776,P:2584,0.8703035116
P:776,P:2607,0.8549269438
P:776,P:282,0.8543618917
P:776,P:97,0.8512591124
P:777,P:1342,0.483641535
P:777,P:1935,0.487000227
P:777,P:2004,0.4834887087
P:777,P:2916,0.4836388826
P:777,P:778,0.4875864089
P:778,P:1311,0.7542594075
P:778,P:2308,0.7521284223
P:778,P:2547,0.7554918528
P:778,P:390,0.7575515509
P:778,P:479,0.7608939409
P:779,P:1875,0.449475646
P:779,P:218,0.4360926747
P:779,P:2191,0.4469606876
P:779,P:443,0.4472860992
P:779,P:780,0.4449591339
P:78,P:1221,0.8396161795
P:78,P:1374,0.8396589756
P:78,P:2117,0.8384131789
P:78,P:2176,0.8379808664
P:78,P:2499,0.8388488293
P:780,P:1086,0.632594049
P:780,P:1461,0.6299771667
P:780,P:1529,0.6286581159
P:780,P:219,0.6278850436
P:781,P:1135,0.8570461869
P:781,P:1809,0.8504414558
P:781,P:2413,0.8527097106
P:781,P:2955,0.8510360718
P:782,P:1829,0.5237599611
P:782,P:1903,0.524161756
P:782,P:2482,0.5234381557
P:782,P:2487,0.5239430666
P:782,P:2817,0.5271873474
P:783,P:1022,0.7891709805
P:783,P:182,0.7871835828
P:783,P:1860,0.7827036977
P:783,P:2715,0.7844362855
P:783,P:569,0.7852403522
P:784,P:1042,0.5203182101
P:784,P:1044,0.5157684684
P:784,P:1903,0.5232385397
P:784,P:2817,0.5160558224
P:784,P:564,0.5160251856
P:785,P:1491,0.5319105983
P:785,P:2075,0.5337160826
P:785,P:2339,0.5378995538
P:785,P:2361,0.5325085521
P:785,P:402,0.531873107
P:786,P:1374,0.7998856902
P:786,P:1614,0.8007138371
P:786,P:314,0.7991400957
P:786,P:569,0.8044435382
P:786,P:628,0.8023401499
P:787,P:1427,0.4533028603
P:787,P:162,0.4539215565
P:787,P:2043,0.459926486
P:787,P:2597,0.4524384737
P:787,P:2682,0.468439728
P:788,P:1377,0.5052869916
P:788,P:2011,0.4984967709
P:788,P:2023,0.4986383617
P:788,P:2235,0.5037332773
P:788,P:280,0.5023085475
P:789,P:1379,0.7488180399
P:789,P:1951,0.7490445375
P:789,P:2584,0.7715128064
P:789,P:790,0.7519276142
P:79,P:1913,0.5671577454
P:79,P:2579,0.5660753846
P:79,P:2640,0.5706279278
P:79,P:2958,0.5668588281
P:79,P:863,0.5663853884
P:790,P:1570,0.9099382758
P:790,P:2026,0.9154687524
P:790,P:2584,0.922306776
P:790,P:282,0.9067136049
P:791,P:1400,0.526723206
P:791,P:208,0.5309370756
P:791,P:2145,0.52703619
P:791,P:2339,0.5295650363
P:791,P:402,0.5293598771
P:792,P:1415,0.507619381
P:792,P:1461,0.5117459297
P:792,P:1529,0.5080730915
P:792,P:240,0.5194118023
P:792,P:2815,0.511821568
P:793,P:1704,0.4792250395
P:793,P:1753,0.4831621945
P:793,P:2296,0.4834980369
P:793,P:2970,0.4779667556
P:793,P:794,0.4808626771
P:794,P:1704,0.7468207479
P:794,P:1749,0.7475923896
P:794,P:1877,0.7444341779
P:794,P:2536,0.7465442419
P:795,P:1440,0.5170137286
P:795,P:1484,0.516687572
P:795,P:2055,0.5147830844
P:795,P:2100,0.5172828436
P:795,P:402,0.5154824853
P:796,P:1314,0.4481012821
P:796,P:1833,0.4437866807
P:796,P:2538,0.44655478
P:796,P:85,0.4585879445
P:796,P:895,0.4429122806
P:797,P:141,0.630672574
P:797,P:1449,0.6413851976
P:797,P:2545,0.6289987564
P:797,P:350,0.6313813329
P:797,P:351,0.6324213147
P:798,P:1449,0.7288518548
P:798,P:341,0.7264549136
P:798,P:406,0.7400737405
P:798,P:407,0.7339384556
P:799,P:1255,0.8416728377
P:799,P:341,0.8316653967
P:799,P:38,0.8298162818
P:799,P:407,0.8391864896
P:799,P:728,0.8348953724
P:8,P:1262,0.686467886
P:8,P:1972,0.685996592
P:8,P:2449,0.6858465672
P:8,P:2677,0.6873931885
P:8,P:891,0.6916033626
P:80,P:1440,0.5208295584
P:80,P:1484,0.5224523544
P:80,P:2055,0.5213477612
P:80,P:2100,0.5219286084
P:80,P:402,0.5204823613
P:800,P:1139,0.5089856982
P:800,P:1157,0.4989982843
P:800,P:1759,0.5102494955
P:800,P:2821,0.5027430654
P:800,P:801,0.5089376569
P:801,P:1157,0.7023083568
P:801,P:1761,0.6999074817
P:801,P:213,0.7032548189
P:801,P:481,0.7006983757
P:801,P:802,0.6977938414
P:802,P:1761,0.8269345164
P:802,P:2536,0.8237511516
P:802,P:2823,0.8134086132
P:802,P:422,0.8304349184
P:803,P:1491,0.5436472893
P:803,P:203,0.5449543595
P:803,P:2075,0.5446468592
P:803,P:2260,0.5456632972
P:803,P:2339,0.5512275696
P:804,P:1614,0.7706604004
P:804,P:314,0.7666398883
P:804,P:569,0.7654154897
P:804,P:628,0.7659591436
P:804,P:786,0.7651194334
P:805,P:180,0.4832523167
P:805,P:2270,0.485068202
P:805,P:2339,0.4820636511
P:805,P:47,0.4892170131
P:805,P:717,0.4851783812
P:806,P:1614,0.7116686106
P:806,P:1617,0.7111006975
P:806,P:2070,0.7142713666
P:806,P:402,0.7144637108
P:806,P:786,0.7162365317
P:807,P:1022,0.847173512
P:807,P:1533,0.8455019593
P:807,P:2607,0.8422794938
P:807,P:49,0.8467233181
P:807,P:569,0.8465729952
P:808,P:1159,0.4669956267
P:808,P:2432,0.4699803293
P:808,P:286,0.4671097994
P:808,P:809,0.4652803242
P:808,P:992,0.4657919407
P:809,P:1086,0.7408770919
P:809,P:1461,0.7406323552
P:809,P:1529,0.7368140221
P:809,P:1592,0.7336473465
P:809,P:2211,0.7347937226
P:81,P:1354,0.5667902231
P:81,P:1913,0.5686854124
P:81,P:2359,0.5685585737
P:81,P:2640,0.5701895356
P:81,P:2958,0.5685175061
P:810,P:1248,0.4970263541
P:810,P:1935,0.4961807728
P:810,P:240,0.5094777346
P:810,P:2575,0.4997281134
P:810,P:2815,0.4940304458
P:811,P:1258,0.5786437988
P:811,P:1600,0.5770853162
P:811,P:2913,0.5773283243
P:811,P:648,0.5779336095
P:811,P:812,0.5759161711
P:812,P:1110,0.7923696041
P:812,P:1601,0.796944499
P:812,P:2238,0.7930452228
P:812,P:2635,0.7952017188
P:812,P:451,0.7921057343
P:813,P:1913,0.5723060966
P:813,P:2359,0.5702295303
P:813,P:2567,0.5697485805
P:813,P:2640,0.5744777322
P:813,P:2958,0.5711271167
P:814,P:1935,0.4664061964
P:814,P:2004,0.4662806988
P:814,P:2916,0.4663553834
P:814,P:778,0.4692402184
P:814,P:815,0.4661769867
P:815,P:175,0.7189691663
P:815,P:267,0.7194900513
P:815,P:390,0.7270393968
P:815,P:479,0.7260872126
P:815,P:778,0.7202737927
P:816,P:144,0.4866513312
P:816,P:1663,0.4847773314
P:816,P:2296,0.4854002297
P:816,P:2468,0.4834154844
P:816,P:817,0.4846847057
P:817,P:1663,0.7410225272
P:817,P:1749,0.7481657267
P:817,P:2468,0.7456495762
P:817,P:2756,0.7489715219
P:817,P:399,0.7375633121
P:818,P:1086,0.513386488
P:818,P:1352,0.5187653899
P:818,P:1461,0.5190233588
P:818,P:240,0.5172807574
P:818,P:2815,0.513248086
P:819,P:1479,0.6158794165
P:819,P:1711,0.6126143932
P:819,P:1716,0.6142840385
P:819,P:1717,0.612652719
P:819,P:2937,0.6131161451
P:82,P:1461,0.5012727976
P:82,P:1529,0.4990391135
P:82,P:240,0.5137485266
P:82,P:2815,0.5036792755
P:82,P:2836,0.5006542206
P:820,P:1484,0.5229379535
P:820,P:1888,0.5223736763
P:820,P:2055,0.5280904174
P:820,P:2278,0.5230144262
P:820,P:961,0.5223419666
P:821,P:1498,0.4658643305
P:821,P:2410,0.4631662667
P:821,P:2821,0.4674842656
P:821,P:2961,0.4613616467
P:821,P:822,0.4737995267
P:822,P:1380,0.6761822104
P:822,P:16,0.6867592931
P:822,P:17,0.6807153225
P:822,P:2954,0.6822054386
P:823,P:1853,0.877835989
P:823,P:2026,0.871935606
P:823,P:2413,0.8693725467
P:823,P:422,0.8779415488
P:823,P:790,0.8612371087
P:824,P:1308,0.4595579505
P:824,P:1486,0.4534460604
P:824,P:1558,0.452044934
P:824,P:2262,0.4518559277
P:824,P:825,0.4578241408
P:825,P:1308,0.6786632538
P:825,P:1481,0.6787145734
P:825,P:1486,0.6782210469
P:825,P:2111,0.6751366258
P:826,P:1291,0.7187122107
P:826,P:1316,0.720517993
P:826,P:827,0.713634491
P:826,P:828,0.7159044743
P:827,P:1291,0.8813661933
P:827,P:244,0.8849567771
P:827,P:485,0.8949968815
P:827,P:828,0.8831787705
P:828,P:244,0.887668252
P:828,P:2503,0.8862954378
P:828,P:2584,0.8857436776
P:828,P:485,0.8967410922
P:829,P:1009,0.5016085505
P:829,P:1425,0.4956661761
P:829,P:665,0.5015736222
P:829,P:865,0.505625844
P:829,P:89,0.5052612424
P:83,P:1040,0.5067917705
P:83,P:1352,0.5070272684
P:83,P:1461,0.5062873363
P:83,P:213,0.5073241591
P:83,P:2970,0.5095408559
P:830,P:17,0.7464895248
P:830,P:215,0.7335746884
P:830,P:2396,0.7375722528
P:830,P:755,0.7397342324
P:830,P:957,0.7405667901
P:831,P:1042,0.4985931218
P:831,P:1044,0.4958239496
P:831,P:1829,0.4986010194
P:831,P:1903,0.498557955
P:831,P:744,0.4966953993
P:832,P:1022,0.7601429224
P:832,P:1903,0.7634317875
P:832,P:1928,0.7627002001
P:832,P:2621,0.7627194524
P:832,P:2715,0.7666725516
P:833,P:1513,0.5344774127
P:833,P:1903,0.5350641012
P:833,P:2447,0.5328666568
P:833,P:323,0.5311225057
P:833,P:74,0.5316630602
P:834,P:1421,0.4767138064
P:834,P:2132,0.4770117402
P:834,P:2174,0.476444006
P:834,P:2942,0.4774773121
P:834,P:835,0.4796998799
P:835,P:1059,0.6856328249
P:835,P:1421,0.6930103302
P:835,P:1563,0.6900311708
P:835,P:2452,0.6820970178
P:835,P:253,0.6843963861
P:836,P:2134,0.7285009027
P:836,P:2175,0.7294402122
P:836,P:2176,0.7363598347
P:836,P:2498,0.728179574
P:836,P:2499,0.7324207425
P:837,P:2176,0.8555188775
P:837,P:2370,0.8559117913
P:837,P:2499,0.8545069098
P:837,P:2511,0.8481692076
P:837,P:254,0.8524561524
P:838,P:1258,0.5981727839
P:838,P:1710,0.5980067253
P:838,P:2758,0.5984264016
P:838,P:450,0.5970689058
P:838,P:648,0.5970765948
P:839,P:1896,0.8255077004
P:839,P:2000,0.8304837942
P:839,P:2603,0.8244336843
P:839,P:2635,0.8281850815
P:839,P:451,0.8267093897
P:84,P:1314,0.4656129181
P:84,P:1833,0.4606239796
P:84,P:2538,0.4607317448
P:84,P:85,0.4820432663
P:84,P:895,0.4596853554
P:840,P:1513,0.5246443152
P:840,P:2085,0.5197442174
P:840,P:2579,0.5247887373
P:840,P:2640,0.5193074942
P:840,P:2834,0.5193453431
P:841,P:1476,0.816765666
P:841,P:1570,0.814764142
P:841,P:1852,0.8157899976
P:841,P:1951,0.8236016631
P:841,P:618,0.8224467635
P:842,P:1258,0.5491658449
P:842,P:1710,0.554040432
P:842,P:1715,0.5524067879
P:842,P:2758,0.5499755144
P:842,P:648,0.549169302
P:843,P:1479,0.721110642
P:843,P:1711,0.7193943262
P:843,P:1716,0.7171964049
P:843,P:1721,0.7214400768
P:843,P:2937,0.7193875909
P:844,P:1177,0.7442963123
P:844,P:1896,0.7428378463
P:844,P:2000,0.75060606
P:844,P:2471,0.7429069281
P:844,P:2759,0.7429668307
P:845,P:1476,0.8530297279
P:845,P:1951,0.8540142179
P:845,P:2644,0.8522063494
P:845,P:2871,0.8522644639
P:845,P:984,0.8567964435
P:846,P:2222,0.5754502416
P:846,P:2573,0.5700525045
P:846,P:2661,0.5700339079
P:846,P:481,0.5724419355
P:846,P:847,0.5731335282
P:847,P:2573,0.81954211
P:847,P:2662,0.8169782162
P:847,P:2823,0.8194912672
P:847,P:422,0.8234502077
P:848,P:1434,0.4231682718
P:848,P:1656,0.4299784601
P:848,P:2538,0.4260131419
P:848,P:334,0.4215146601
P:848,P:694,0.4233780801
P:849,P:1248,0.6307147741
P:849,P:2004,0.6243286729
P:849,P:2213,0.6242969632
P:849,P:2575,0.6275497675
P:849,P:778,0.6290473938
P:85,P:1449,0.6564087272
P:85,P:351,0.6525680423
P:85,P:354,0.6473329663
P:85,P:86,0.6631042361
P:850,P:1274,0.7273654342
P:850,P:1311,0.7232304215
P:850,P:1437,0.7224140167
P:850,P:2346,0.7276109457
P:850,P:2499,0.7258233428
P:851,P:1274,0.7896379828
P:851,P:1533,0.7948638797
P:851,P:244,0.7863606811
P:851,P:2607,0.7903949022
P:851,P:852,0.7849743366
P:852,P:1533,0.8990870118
P:852,P:244,0.8836287856
P:852,P:2607,0.8950147033
P:852,P:569,0.8827950358
P:853,P:1308,0.4541322291
P:853,P:1486,0.4484366477
P:853,P:2262,0.4474209547
P:853,P:2782,0.4464912713
P:853,P:825,0.456120193
P:854,P:1308,0.663613975
P:854,P:2392,0.6643327475
P:854,P:2498,0.6610216498
P:854,P:2594,0.6679140329
P:855,P:1291,0.8655397892
P:855,P:1533,0.8639904857
P:855,P:2263,0.869553268
P:855,P:244,0.8724874854
P:855,P:485,0.8795310855
P:856,P:1042,0.5291851163
P:856,P:1044,0.5280796885
P:856,P:1903,0.5345115662
P:856,P:2055,0.527112484
P:856,P:74,0.5270363092
P:857,P:1913,0.5656321645
P:857,P:2567,0.563786149
P:857,P:2579,0.5634738207
P:857,P:2640,0.5671641231
P:857,P:863,0.5632561445
P:858,P:1385,0.4406618476
P:858,P:1486,0.4439083934
P:858,P:1732,0.4407738447
P:858,P:711,0.4497012794
P:858,P:825,0.4415907264
P:859,P:1563,0.6436420083
P:859,P:1859,0.6664761901
P:859,P:483,0.6404550076
P:859,P:711,0.6442896724
P:859,P:713,0.65516752
P:86,P:2053,0.7787481546
P:86,P:2308,0.7702556252
P:86,P:2547,0.7738574147
P:86,P:87,0.7703445554
P:860,P:1920,0.7007748485
P:860,P:2263,0.7048991919
P:860,P:2503,0.7010043263
P:860,P:2584,0.71377033
P:860,P:485,0.716160953
P:861,P:1570,0.851508081
P:861,P:1809,0.8492491245
P:861,P:2584,0.8631829023
P:861,P:485,0.8508943319
P:861,P:790,0.8553008437
P:862,P:1228,0.5545292497
P:862,P:2155,0.5561313629
P:862,P:2640,0.5567516088
P:862,P:395,0.5546573997
P:862,P:575,0.554931879
P:863,P:1406,0.8054561615
P:863,P:1476,0.8068346381
P:863,P:1951,0.8156641722
P:863,P:2156,0.8052739501
P:863,P:747,0.8089658618
P:864,P:1604,0.5092879534
P:864,P:2812,0.5074114799
P:864,P:665,0.5096819401
P:864,P:865,0.5122228861
P:864,P:89,0.5081364512
P:865,P:1380,0.744068861
P:865,P:17,0.7463438511
P:865,P:2103,0.7435295582
P:865,P:2384,0.7426857948
P:865,P:89,0.7467491627
P:866,P:1440,0.5051445365
P:866,P:1484,0.5060225725
P:866,P:208,0.5061458945
P:866,P:2100,0.5060736537
P:866,P:402,0.5058124065
P:867,P:1176,0.5510422587
P:867,P:1710,0.5497772694
P:867,P:2470,0.5491042137
P:867,P:2758,0.5499805808
P:867,P:868,0.5494254827
P:868,P:1259,0.8113618493
P:868,P:1456,0.8120886683
P:868,P:1716,0.812186718
P:868,P:2000,0.8169631362
P:868,P:2603,0.8133761883
P:869,P:1478,0.5496255755
P:869,P:1710,0.5537388921
P:869,P:1715,0.5541969538
P:869,P:1720,0.5522714853
P:869,P:870,0.5522221923
P:87,P:2053,0.8499358296
P:87,P:2068,0.8342764378
P:87,P:2396,0.839287281
P:87,P:742,0.8412085772
P:870,P:1479,0.7494077086
P:870,P:1711,0.7474263906
P:870,P:1716,0.7480797768
P:870,P:1717,0.7478809357
P:870,P:1721,0.748051703
P:871,P:1101,0.8652974367
P:871,P:1456,0.8615515828
P:871,P:2603,0.8646532893
P:871,P:2771,0.8595052361
P:872,P:1421,0.4935047626
P:872,P:1526,0.492320329
P:872,P:1611,0.4928961396
P:872,P:2186,0.4929288626
P:872,P:2942,0.4939222336
P:873,P:2133,0.6913709641
P:873,P:2175,0.6929498315
P:873,P:2188,0.6908465624
P:873,P:2498,0.6954814196
P:873,P:891,0.6912358999
P:874,P:2134,0.8223928809
P:874,P:2176,0.8315728903
P:874,P:2370,0.8269764781
P:874,P:2499,0.8304619789
P:874,P:254,0.8251379728
P:875,P:1484,0.5238942504
P:875,P:208,0.5251480937
P:875,P:2100,0.5232898593
P:875,P:2339,0.5239607096
P:875,P:402,0.5252355337
P:876,P:1479,0.605563283
P:876,P:1711,0.6033455133
P:876,P:1716,0.6044288278
P:876,P:1721,0.6029390097
P:876,P:2937,0.6046305299
P:877,P:108,0.5345110893
P:877,P:1157,0.5356573462
P:877,P:118,0.535012424
P:877,P:213,0.5366530418
P:877,P:801,0.5339332819
P:878,P:109,0.7446128726
P:878,P:213,0.7362283468
P:878,P:2536,0.7394027114
P:878,P:2982,0.7315235734
P:878,P:802,0.7312729955
P:879,P:1040,0.5146180391
P:879,P:1461,0.5161735415
P:879,P:1943,0.5149630308
P:879,P:213,0.5213609338
P:879,P:2970,0.5194557309
P:88,P:1604,0.5319267511
P:88,P:2812,0.5266481638
P:88,P:665,0.533623755
P:88,P:865,0.5323619843
P:88,P:89,0.5318976045
P:880,P:1244,0.4852143824
P:880,P:2270,0.4857574999
P:880,P:2452,0.4836606979
P:880,P:2942,0.4826404452
P:880,P:47,0.4837189317
P:881,P:1373,0.7118497491
P:881,P:1614,0.7130011916
P:881,P:2070,0.7119797468
P:881,P:2346,0.7120744586
P:881,P:628,0.7132501006
P:882,P:1374,0.8551704288
P:882,P:1533,0.8598926067
P:882,P:2370,0.8510706425
P:882,P:49,0.8523331285
P:882,P:569,0.8573769927
P:883,P:2176,0.847658813
P:883,P:2370,0.8484766483
P:883,P:2499,0.8459261656
P:883,P:2511,0.8419787884
P:883,P:254,0.8452444077
P:884,P:1440,0.5276150703
P:884,P:1903,0.5272241831
P:884,P:2055,0.5253939629
P:884,P:2100,0.5268186927
P:884,P:2265,0.5258947015
P:885,P:1248,0.5030371547
P:885,P:1935,0.5028747916
P:885,P:240,0.5199913383
P:885,P:2575,0.5072787404
P:885,P:2815,0.5064137578
P:886,P:1611,0.4998896718
P:886,P:2186,0.493358016
P:886,P:2942,0.4957903624
P:886,P:652,0.4914734662
P:886,P:76,0.492202431
P:887,P:1611,0.6625621319
P:887,P:2449,0.6688597202
P:887,P:2525,0.6617722511
P:887,P:652,0.663120985
P:887,P:891,0.6612846255
P:888,P:1659,0.8261472583
P:888,P:2176,0.8322245479
P:888,P:2370,0.8269537091
P:888,P:2499,0.8299473524
P:888,P:254,0.8264074326
P:889,P:1526,0.4971147478
P:889,P:1611,0.5033596158
P:889,P:2186,0.4977654815
P:889,P:2942,0.4969837964
P:889,P:76,0.4982233047
P:89,P:1380,0.7664295435
P:89,P:17,0.7716194391
P:89,P:2103,0.7597278357
P:89,P:2384,0.762429297
P:890,P:1527,0.6844186783
P:890,P:2449,0.6821039915
P:890,P:2450,0.6818717122
P:890,P:2677,0.6874021292
P:890,P:891,0.6904521585
P:891,P:1613,0.8101651073
P:891,P:2134,0.8124620914
P:891,P:2176,0.8116387725
P:891,P:2189,0.8100017905
P:891,P:2450,0.8097825646
P:892,P:1461,0.5205512047
P:892,P:2163,0.5234109163
P:892,P:240,0.5343487859
P:892,P:2575,0.5213637948
P:892,P:2815,0.5223910809
P:893,P:1461,0.5074816942
P:893,P:1529,0.5033371449
P:893,P:2163,0.5032050014
P:893,P:240,0.5162858963
P:893,P:2815,0.5070903897
P:894,P:1314,0.4494472146
P:894,P:1833,0.4481791854
P:894,P:2538,0.4410787523
P:894,P:85,0.4553143382
P:894,P:895,0.445870012
P:895,P:141,0.6436949372
P:895,P:1449,0.6575624943
P:895,P:1833,0.6473026276
P:895,P:351,0.6522574425
P:896,P:1255,0.8314558864
P:896,P:1316,0.8200063705
P:896,P:1450,0.8188647032
P:896,P:258,0.8205674887
P:896,P:728,0.8182824254
P:897,P:1228,0.5103608966
P:897,P:1431,0.5088241696
P:897,P:166,0.5091126561
P:897,P:330,0.5086639524
P:897,P:763,0.5156253576
P:898,P:1406,0.7134277225
P:898,P:1913,0.719527483
P:898,P:2063,0.7142590284
P:898,P:2567,0.7131043077
P:898,P:2579,0.719650209
P:899,P:1406,0.8514580131
P:899,P:1476,0.869717598
P:899,P:1852,0.8567808867
P:899,P:1951,0.8630244136
P:899,P:360,0.8542687297
P:9,P:1221,0.8186808228
P:9,P:1659,0.8209388256
P:9,P:2176,0.8195337653
P:9,P:2499,0.8194975257
P:9,P:654,0.8225520253
P:90,P:1609,0.5159112215
P:90,P:2638,0.5102841258
P:90,P:544,0.5145910978
P:90,P:610,0.5113408566
P:90,P:66,0.51779598
P:900,P:1484,0.5091489553
P:900,P:208,0.5081107616
P:900,P:2100,0.5038224459
P:900,P:2339,0.5056669712
P:900,P:402,0.5073255897
P:901,P:1042,0.5406749845
P:901,P:1044,0.5369639397
P:901,P:1553,0.536648035
P:901,P:1903,0.5390545726
P:901,P:2655,0.5377557278
P:902,P:1484,0.532874465
P:902,P:208,0.5349898338
P:902,P:2100,0.5358899832
P:902,P:2339,0.5355961919
P:902,P:402,0.536026895
P:903,P:1434,0.42199561
P:903,P:1537,0.4174167812
P:903,P:1656,0.42364645
P:903,P:2406,0.4175026715
P:903,P:2538,0.4219183028
P:904,P:1371,0.4616525173
P:904,P:2174,0.4656674266
P:904,P:2942,0.4759436548
P:904,P:47,0.465916574
P:904,P:751,0.4643854797
P:905,P:1272,0.6455477476
P:905,P:1658,0.6413781047
P:905,P:2498,0.6404380798
P:905,P:404,0.6419881582
P:905,P:653,0.6419680715
P:906,P:1659,0.7439395785
P:906,P:2176,0.7421784401
P:906,P:2498,0.7411177158
P:906,P:2499,0.7453199625
P:906,P:654,0.7497053146
P:907,P:1560,0.8426466584
P:907,P:1659,0.8418210745
P:907,P:2393,0.8367646933
P:907,P:2499,0.8413873911
P:907,P:654,0.8387454748
P:908,P:2761,0.5178180933
P:908,P:755,0.5251762271
P:908,P:89,0.5183042288
P:908,P:957,0.5221216083
P:908,P:986,0.5175983906
P:909,P:2396,0.7654047608
P:909,P:2610,0.7643306851
P:909,P:620,0.7647823691
P:909,P:742,0.7688357234
P:909,P:957,0.7712274194
P:91,P:2396,0.753162086
P:91,P:2610,0.7581861019
P:91,P:620,0.7547149658
P:91,P:66,0.7529613376
P:91,P:742,0.7554852366
P:910,P:1204,0.5491521955
P:910,P:1893,0.5508195162
P:910,P:2124,0.5471615195
P:910,P:232,0.5486174822
P:910,P:450,0.548260808
P:911,P:1177,0.7229680419
P:911,P:1896,0.7233636379
P:911,P:2000,0.7279403806
P:911,P:2471,0.722512126
P:911,P:451,0.7237443328
P:912,P:1177,0.7513511777
P:912,P:1295,0.750348568
P:912,P:2471,0.7506335378
P:912,P:913,0.7525492311
P:912,P:984,0.7534361482
P:913,P:1398,0.851061523
P:913,P:1476,0.8475394249
P:913,P:2552,0.8488606215
P:913,P:2644,0.8483045101
P:913,P:984,0.8559757471
P:914,P:1404,0.5387408733
P:914,P:1513,0.5402935147
P:914,P:2579,0.5380170345
P:914,P:323,0.53376472
P:914,P:683,0.5375052691
P:915,P:2597,0.4316006601
P:915,P:2682,0.4345968068
P:915,P:2961,0.445738405
P:915,P:822,0.4416954815
P:915,P:916,0.4423115551
P:916,P:16,0.671299696
P:916,P:17,0.6522707939
P:916,P:1906,0.6539256573
P:916,P:755,0.6528134942
P:916,P:999,0.6563055515
P:917,P:17,0.7292013168
P:917,P:1761,0.7252800465
P:917,P:2684,0.7265235186
P:917,P:422,0.7294275761
P:918,P:1853,0.8784879446
P:918,P:2026,0.877414465
P:918,P:2955,0.8811124563
P:918,P:422,0.8832994699
P:919,P:1601,0.5311492085
P:919,P:2468,0.5307904482
P:919,P:2662,0.5345106721
P:919,P:2756,0.53237468
P:919,P:422,0.5320022702
P:92,P:1228,0.5562930107
P:92,P:2124,0.5553266406
P:92,P:2155,0.5589078665
P:92,P:330,0.560467124
P:92,P:575,0.5568124652
P:920,P:1663,0.4817863107
P:920,P:1704,0.4824450016
P:920,P:1753,0.4851942658
P:920,P:2296,0.4874295592
P:920,P:2468,0.482475996
P:921,P:1748,0.7546490431
P:921,P:1749,0.7650972605
P:921,P:1877,0.7553189397
P:921,P:399,0.7545141578
P:921,P:422,0.7555911541
P:922,P:1042,0.5060690045
P:922,P:1553,0.5060414672
P:922,P:2487,0.5060001016
P:922,P:2817,0.5061938167
P:922,P:923,0.5050860643
P:923,P:1440,0.7403249741
P:923,P:1553,0.7393130064
P:923,P:1903,0.740261972
P:923,P:1928,0.7505560517
P:923,P:564,0.7413683534
P:924,P:1461,0.5211663842
P:924,P:1529,0.5187531114
P:924,P:2163,0.5177423358
P:924,P:240,0.5324869156
P:924,P:2815,0.5227052569
P:925,P:1059,0.4722916186
P:925,P:1421,0.4735971391
P:925,P:1563,0.4810087085
P:925,P:2452,0.4716026187
P:925,P:2668,0.4697878361
P:926,P:1059,0.4886747301
P:926,P:1421,0.4899911582
P:926,P:1522,0.4897705615
P:926,P:2174,0.4911655188
P:926,P:2942,0.4881997108
P:927,P:1860,0.8392089009
P:927,P:2176,0.8429881334
P:927,P:2370,0.8510381579
P:927,P:2511,0.8459730744
P:927,P:254,0.8489101529
P:928,P:1484,0.5349057913
P:928,P:208,0.5348759294
P:928,P:2100,0.5339888334
P:928,P:244,0.5331507325
P:928,P:402,0.5347256064
P:929,P:1069,0.5188112259
P:929,P:1262,0.5186742544
P:929,P:2648,0.5194974542
P:929,P:2876,0.5179826617
P:929,P:366,0.5206791759
P:93,P:1201,0.8118405342
P:93,P:1520,0.8122798204
P:93,P:1977,0.8122675419
P:93,P:2156,0.8121343255
P:93,P:747,0.8156118989
P:930,P:1069,0.7280296087
P:930,P:1614,0.730335474
P:930,P:1972,0.7278117537
P:930,P:2346,0.7297347188
P:930,P:2456,0.7297554612
P:931,P:1221,0.835531354
P:931,P:1374,0.8344590068
P:931,P:2117,0.8359639049
P:931,P:2176,0.8291562796
P:931,P:2499,0.8300489187
P:932,P:1069,0.5674036741
P:932,P:1262,0.5622021556
P:932,P:2876,0.5578654408
P:932,P:292,0.5618728995
P:932,P:936,0.5641470551
P:933,P:1069,0.6053109765
P:933,P:1400,0.6042493582
P:933,P:203,0.6036258936
P:933,P:2070,0.6049330235
P:933,P:2339,0.6033385396
P:934,P:1484,0.5261116028
P:934,P:203,0.5253738165
P:934,P:208,0.5319019556
P:934,P:2339,0.5302873254
P:934,P:402,0.5288116932
P:935,P:1526,0.5142090321
P:935,P:1611,0.5164535642
P:935,P:2449,0.5146644711
P:935,P:76,0.5118157864
P:935,P:890,0.5125240684
P:936,P:1560,0.7970520854
P:936,P:1613,0.7933728695
P:936,P:1659,0.7923541069
P:936,P:2134,0.7928415537
P:936,P:2450,0.7905784249
P:937,P:1258,0.552814424
P:937,P:1710,0.5516552329
P:937,P:1715,0.5522223711
P:937,P:2913,0.5524476171
P:937,P:648,0.5512034297
P:938,P:1259,0.7356253266
P:938,P:1479,0.7363236547
P:938,P:1601,0.7356599569
P:938,P:1716,0.7378205061
P:938,P:1717,0.7360891104
P:939,P:1101,0.8399519324
P:939,P:1601,0.8383128643
P:939,P:1716,0.8377295136
P:939,P:2238,0.8399829865
P:939,P:2603,0.8392964602
P:94,P:1875,0.436476171
P:94,P:2191,0.4393498898
P:94,P:2821,0.4252461195
P:94,P:298,0.4346947372
P:94,P:443,0.4319397211
P:940,P:1204,0.569334209
P:940,P:2155,0.5717151165
P:940,P:2640,0.5691394806
P:940,P:2958,0.5713016391
P:940,P:330,0.5691687465
P:941,P:1201,0.8123222589
P:941,P:1520,0.8105546236
P:941,P:1977,0.8129478097
P:941,P:2156,0.8109323382
P:941,P:747,0.8142763972
P:942,P:1400,0.521781683
P:942,P:203,0.5217792392
P:942,P:208,0.5266057253
P:942,P:2339,0.5253868103
P:942,P:402,0.5230627656
P:943,P:1710,0.5467054248
P:943,P:1715,0.5473256707
P:943,P:1720,0.5473042727
P:943,P:2424,0.5440748334
P:943,P:870,0.5466054082
P:944,P:1479,0.7254315019
P:944,P:1601,0.7305723429
P:944,P:1716,0.7260277271
P:944,P:1717,0.7248653173
P:944,P:1721,0.7249347568
P:945,P:1476,0.8500757217
P:945,P:1500,0.8522598743
P:945,P:1951,0.8573912382
P:945,P:2238,0.8505982161
P:945,P:2413,0.8567464948
P:946,P:1204,0.5443356037
P:946,P:1228,0.5448464751
P:946,P:2124,0.5468178988
P:946,P:2155,0.5468090177
P:946,P:575,0.5454182029
P:947,P:1201,0.7089384794
P:947,P:1913,0.709857285
P:947,P:1977,0.7089007497
P:947,P:2958,0.7064900398
P:947,P:747,0.7078592777
P:948,P:1201,0.7549480796
P:948,P:1520,0.7530808449
P:948,P:1977,0.7554917336
P:948,P:747,0.7549142838
P:948,P:984,0.750959456
P:949,P:1230,0.8431372046
P:949,P:1476,0.8531838059
P:949,P:1951,0.8474999666
P:949,P:747,0.84290272
P:949,P:984,0.8445140719
P:95,P:1631,0.6245961189
P:95,P:1704,0.6261541843
P:95,P:2191,0.6210324764
P:95,P:298,0.6204846501
P:95,P:443,0.6228052378
P:950,P:1415,0.4786008
P:950,P:1461,0.4805728495
P:950,P:2432,0.4806437492
P:950,P:509,0.4783412516
P:950,P:992,0.4774814844
P:951,P:1086,0.7410109043
P:951,P:1461,0.7403537631
P:951,P:1529,0.7389863729
P:951,P:1592,0.7361202836
P:951,P:2211,0.7347288132
P:952,P:1308,0.4884296954
P:952,P:1447,0.4783894718
P:952,P:2522,0.4796667993
P:952,P:2776,0.4852884412
P:952,P:339,0.4833306968
P:953,P:2776,0.703954339
P:953,P:37,0.7093852162
P:953,P:406,0.7252646089
P:953,P:464,0.7047404051
P:953,P:495,0.703666091
P:954,P:1255,0.8547441363
P:954,P:1801,0.8510184288
P:954,P:407,0.8616605401
P:954,P:728,0.8536173105
P:955,P:1248,0.5034803748
P:955,P:1935,0.5045793056
P:955,P:240,0.5176392198
P:955,P:2575,0.5068515539
P:955,P:2815,0.5065974593
P:956,P:1906,0.5377060771
P:956,P:2961,0.537938118
P:956,P:755,0.5431569815
P:956,P:89,0.5375542045
P:956,P:957,0.5411067009
P:957,P:17,0.8257926702
P:957,P:1906,0.8118116856
P:957,P:2396,0.8232910037
P:957,P:742,0.8208686113
P:958,P:1236,0.4537652433
P:958,P:1385,0.4557654262
P:958,P:1868,0.4553875029
P:958,P:711,0.4622981846
P:958,P:959,0.4522276521
P:959,P:1059,0.6566020846
P:959,P:1563,0.663841784
P:959,P:1859,0.6794449091
P:959,P:1890,0.6559204459
P:959,P:713,0.6622185111
P:96,P:1570,0.728468895
P:96,P:2413,0.7429057956
P:96,P:2584,0.7475368977
P:96,P:300,0.7386006713
P:96,P:97,0.7378011346
P:960,P:1860,0.7334161401
P:960,P:2584,0.726048708
P:960,P:713,0.7373886108
P:960,P:714,0.7250116467
P:960,P:961,0.7251932025
P:961,P:1057,0.9169552326
P:961,P:1860,0.9047824144
P:961,P:2584,0.9147052169
P:961,P:485,0.8996047378
P:961,P:714,0.8955307603
P:962,P:1609,0.5219795108
P:962,P:2961,0.5211924911
P:962,P:544,0.5188779831
P:962,P:66,0.5230848789
P:962,P:988,0.5180122256
P:963,P:2245,0.7867335677
P:963,P:2396,0.7953785062
P:963,P:2610,0.7890796661
P:963,P:2611,0.7827494144
P:963,P:742,0.7930529714
P:964,P:1484,0.5055640936
P:964,P:208,0.5055150986
P:964,P:2100,0.5059518814
P:964,P:2339,0.5050776601
P:964,P:402,0.5068033338
P:965,P:1600,0.5059293509
P:965,P:2141,0.5053580403
P:965,P:2661,0.5203282237
P:965,P:2821,0.5212857723
P:965,P:966,0.5119472146
P:966,P:2141,0.6868935227
P:966,P:2756,0.6801500916
P:966,P:421,0.6805754304
P:966,P:967,0.6908000708
P:966,P:968,0.6942712665
P:967,P:1601,0.7597699165
P:967,P:2237,0.7638704181
P:967,P:2238,0.7602715492
P:967,P:969,0.7600938082
P:968,P:1601,0.773188293
P:968,P:2238,0.774261117
P:968,P:422,0.7825036645
P:968,P:969,0.7825148702
P:969,P:1853,0.8937402368
P:969,P:2238,0.8852853179
P:969,P:2413,0.8832738996
P:969,P:422,0.9039444923
P:97,P:1500,0.912594676
P:97,P:1570,0.9178833365
P:97,P:1852,0.9094001651
P:97,P:2584,0.9150301218
P:97,P:282,0.9115577936
P:970,P:1339,0.5157442093
P:970,P:1461,0.5214425921
P:970,P:2163,0.5162637234
P:970,P:240,0.5266100764
P:970,P:2815,0.5175989866
P:971,P:1671,0.4597864151
P:971,P:2077,0.4637701511
P:971,P:2395,0.4592017829
P:971,P:2597,0.4582777619
P:971,P:2605,0.4647378325
P:972,P:1689,0.682461381
P:972,P:2031,0.682808578
P:972,P:2100,0.6803786755
P:972,P:5,0.6804226041
P:972,P:957,0.681651473
P:973,P:150,0.8375352621
P:973,P:1570,0.8549149632
P:973,P:1672,0.8383764029
P:973,P:2584,0.8542147875
P:973,P:2607,0.8480758071
P:974,P:1248,0.5082915425
P:974,P:1935,0.5069972873
P:974,P:2163,0.5046189427
P:974,P:240,0.5182753801
P:974,P:2575,0.5107571483
P:975,P:1486,0.4301024377
P:975,P:2262,0.4236491919
P:975,P:242,0.4270620346
P:975,P:711,0.4261039495
P:975,P:825,0.4286783934
P:976,P:1563,0.6377309561
P:976,P:1859,0.6464984417
P:976,P:242,0.632879734
P:976,P:483,0.6292279363
P:976,P:713,0.633492291
P:977,P:1920,0.7201788425
P:977,P:2263,0.7246935368
P:977,P:244,0.7198649049
P:977,P:407,0.7238035798
P:977,P:485,0.731558919
P:978,P:1809,0.8531629443
P:978,P:244,0.8478531837
P:978,P:2503,0.8474449515
P:978,P:2584,0.8534575105
P:978,P:485,0.8595306277
P:979,P:1069,0.5396758318
P:979,P:1400,0.5396760106
P:979,P:208,0.5438115001
P:979,P:2339,0.5431708097
P:979,P:402,0.540610373
P:98,P:1069,0.5663041472
P:98,P:1400,0.5620416403
P:98,P:203,0.5621862411
P:98,P:208,0.5621150732
P:98,P:2339,0.5614362359
P:980,P:1893,0.5529318452
P:980,P:1997,0.5469251275
P:980,P:232,0.5502333641
P:980,P:450,0.5527681112
P:980,P:981,0.5446676612
P:981,P:2000,0.7201626897
P:981,P:2372,0.7153255939
P:981,P:2630,0.7159979343
P:981,P:451,0.7163489461
P:981,P:839,0.7182554603
P:982,P:1177,0.7562878132
P:982,P:1295,0.7558788657
P:982,P:2644,0.7573342323
P:982,P:913,0.7574781179
P:982,P:984,0.7609550953
P:983,P:1896,0.7570613027
P:983,P:2000,0.7640657425
P:983,P:2603,0.7565618753
P:983,P:2759,0.7564208508
P:983,P:451,0.7557915449
P:984,P:1398,0.8632567525
P:984,P:1476,0.8745487332
P:984,P:1951,0.8740056753
P:984,P:2644,0.862842381
P:985,P:1009,0.5131121874
P:985,P:2761,0.5065598488
P:985,P:2961,0.5163221955
P:985,P:865,0.5132262111
P:985,P:89,0.5146434307
P:986,P:17,0.7719625235
P:986,P:2396,0.766972363
P:986,P:513,0.759908855
P:986,P:755,0.7626657486
P:986,P:957,0.7642083168
P:987,P:1609,0.5412247181
P:987,P:1906,0.5392112136
P:987,P:66,0.5393887758
P:987,P:755,0.542530477
P:987,P:957,0.5415921807
P:988,P:2396,0.7942009568
P:988,P:2610,0.7898821235
P:988,P:620,0.7853573561
P:988,P:742,0.7942554951
P:988,P:957,0.7863022089
P:989,P:1913,0.5740560293
P:989,P:2049,0.5743253231
P:989,P:2359,0.5749138594
P:989,P:2640,0.5766261816
P:989,P:2958,0.5755718946
P:99,P:100,0.5184073448
P:99,P:1983,0.5229402184
P:99,P:464,0.5186341405
P:99,P:493,0.5210918784
P:99,P:517,0.5245898962
P:990,P:1040,0.5120658875
P:990,P:1339,0.5119534731
P:990,P:1461,0.5149770975
P:990,P:213,0.5179314613
P:990,P:2970,0.5172371864
P:991,P:1159,0.4671600461
P:991,P:2432,0.4729798734
P:991,P:286,0.4664640129
P:991,P:809,0.4657668173
P:991,P:992,0.4697144628
P:992,P:1086,0.757071197
P:992,P:1461,0.7537859082
P:992,P:1529,0.7498409748
P:992,P:1960,0.749825418
P:992,P:390,0.7515656352
P:993,P:1069,0.5476909876
P:993,P:1400,0.5429377556
P:993,P:208,0.541460216
P:993,P:292,0.5446276069
P:993,P:936,0.5458799601
P:994,P:148,0.4547457397
P:994,P:1965,0.4568626583
P:994,P:2339,0.4544155896
P:994,P:2459,0.4604627192
P:994,P:995,0.4564062357
P:995,P:1817,0.6881118417
P:995,P:1836,0.6896176934
P:995,P:2100,0.6938073039
P:995,P:2209,0.6895356178
P:995,P:2339,0.6908835769
P:996,P:150,0.8800327182
P:996,P:1533,0.8818801641
P:996,P:244,0.871596992
P:996,P:2584,0.8723672032
P:996,P:2607,0.887863338
P:997,P:1993,0.4493049681
P:997,P:2219,0.4488308132
P:997,P:326,0.4546338022
P:997,P:600,0.4495362341
P:997,P:998,0.4535504878
P:998,P:1086,0.6571160555
P:998,P:1461,0.6651408672
P:998,P:1529,0.6585027575
P:998,P:1993,0.6544679403
P:998,P:2211,0.6555629969
P:999,P:17,0.7897453904
P:999,P:1906,0.7809547186
P:999,P:2068,0.7842196226
P:999,P:2396,0.7797470093
P:999,P:328,0.7801687121
