invoice_id,issuer_eid,payee_eid,product,amount,issued_on
I:1,C:3912,C:2200,logistics,498.56,2026-03-22
I:2,C:4666,C:1307,software,2113.29,2026-04-06
I:3,C:2402,C:3391,logistics,1667.14,2026-04-28
I:4,C:2593,C:472,catering,99.78,2026-04-26
I:5,C:4060,C:1140,hardware,759.51,2026-02-05
I:6,C:3661,C:2854,hardware,3418.18,2026-02-15
I:7,C:3730,C:1094,marketing,12833.57,2026-06-07
I:8,C:2346,C:2119,software,213.44,2026-03-17
I:9,C:2596,C:4514,hardware,1220.88,2026-05-20
I:10,C:189,C:1212,construction,483.4,2026-05-17
I:11,C:30,C:158,catering,2179.26,2026-02-03
I:12,C:585,C:1300,catering,1068.33,2026-01-14
I:13,C:3265,C:4554,logistics,4842.69,2026-01-15
I:14,C:970,C:689,hardware,39849.23,2026-05-30
I:15,C:2662,C:2399,logistics,1594.44,2026-03-17
I:16,C:1467,C:4020,software,1257.64,2026-03-13
I:17,C:4622,C:1058,hardware,1216.49,2026-04-24
I:18,C:3398,C:2083,construction,15629.53,2026-01-31
I:19,C:1048,C:4546,software,852.05,2026-04-06
I:20,C:4174,C:2818,consulting,602.11,2026-02-21
I:21,C:1821,C:1279,software,403.27,2026-06-23
I:22,C:2432,C:2973,construction,200.65,2026-02-20
I:23,C:3948,C:1212,consulting,4666.28,2026-03-12
I:24,C:1736,C:3948,marketing,1355.6,2026-03-24
I:25,C:4505,C:3135,hardware,510.58,2026-06-27
I:26,C:934,C:1837,hardware,10072.89,2026-01-03
I:27,C:2485,C:3735,construction,1093.91,2026-03-14
I:28,C:3996,C:4498,hardware,2215.96,2026-05-08
I:29,C:1325,C:2840,software,860.64,2026-04-26
I:30,C:2707,C:1718,hardware,415.7,2026-04-07
I:31,C:874,C:4129,hardware,786.28,2026-06-19
I:32,C:3359,C:2060,catering,1609.26,2026-01-15
I:33,C:3044,C:596,marketing,1044.83,2026-03-11
I:34,C:3811,C:2537,construction,306.27,2026-03-30
I:35,C:2615,C:3799,hardware,3534.59,2026-01-24
I:36,C:3898,C:1175,logistics,489.73,2026-04-09
I:37,C:179,C:628,logistics,79.83,2026-03-08
I:38,C:1386,C:2709,hardware,1732.57,2026-04-12
I:39,C:299,C:4537,software,211.11,2026-03-02
I:40,C:2092,C:1127,hardware,3457.0,2026-01-23
I:41,C:4596,C:3746,software,1282.81,2026-03-12
I:42,C:394,C:3696,consulting,679.98,2026-01-05
I:43,C:1603,C:3130,software,3739.24,2026-03-31
I:44,C:1840,C:1458,hardware,816.3,2026-01-24
I:45,C:3538,C:357,marketing,490.98,2026-04-02
I:46,C:1946,C:1437,software,2678.43,2026-04-14
I:47,C:4860,C:2967,software,151.05,2026-03-14
I:48,C:417,C:4700,consulting,2247.99,2026-02-12
I:49,C:2660,C:4528,software,364.18,2026-03-04
I:50,C:3235,C:1750,software,28.41,2026-02-04
I:51,C:3941,C:1423,consulting,385.62,2026-04-26
I:52,C:1452,C:4330,catering,563.11,2026-02-20
I:53,C:4722,C:2683,construction,1605.35,2026-06-04
I:54,C:447,C:4007,catering,1139.58,2026-03-30
I:55,C:3217,C:666,hardware,388.05,2026-05-29
I:56,C:4900,C:1860,construction,1464.3,2026-02-03
I:57,C:1223,C:2784,hardware,4607.86,2026-05-19
I:58,C:1220,C:2774,construction,3487.86,2026-02-20
I:59,C:4796,C:3115,logistics,9564.16,2026-04-22
I:60,C:4852,C:978,catering,146.32,2026-05-27
I:61,C:3969,C:2079,catering,538.74,2026-04-10
I:62,C:1939,C:1314,hardware,1447.32,2026-04-23
I:63,C:4976,C:4879,hardware,258.56,2026-03-22
I:64,C:2635,C:1271,marketing,285.91,2026-06-18
I:65,C:3969,C:803,consulting,569.09,2026-01-05
I:66,C:3431,C:2837,logistics,7126.11,2026-05-17
I:67,C:3453,C:3290,software,2182.69,2026-05-05
I:68,C:3827,C:2015,software,373.41,2026-03-10
I:69,C:2478,C:2325,hardware,744.85,2026-02-28
I:70,C:970,C:998,hardware,1209.49,2026-03-29
I:71,C:2481,C:2528,consulting,183.75,2026-06-03
I:72,C:321,C:3726,marketing,4118.11,2026-05-11
I:73,C:4354,C:978,catering,5584.84,2026-02-23
I:74,C:4158,C:2514,consulting,976.54,2026-06-04
I:75,C:2416,C:3997,hardware,1083.72,2026-06-07
I:76,C:1309,C:2458,marketing,208.04,2026-01-13
I:77,C:257,C:1726,logistics,157.33,2026-02-15
I:78,C:1152,C:3994,catering,1240.28,2026-04-09
I:79,C:4923,C:UNREG70,logistics,1487.72,2026-06-18
I:80,C:4915,C:1438,consulting,739.82,2026-04-18
I:81,C:2518,C:2863,construction,652.75,2026-02-08
I:82,C:2899,C:1028,hardware,12601.53,2026-05-27
I:83,C:4038,C:700,hardware,1617.51,2026-05-29
I:84,C:3103,C:1269,logistics,1452.74,2026-04-19
I:85,C:1291,C:1468,software,1072.76,2026-04-12
I:86,C:3630,C:3932,logistics,1011.23,2026-04-12
I:87,C:2835,C:4364,consulting,4660.73,2026-01-12
I:88,C:2719,C:755,construction,4896.14,2026-05-22
I:89,C:3859,C:696,construction,136.75,2026-01-04
I:90,C:3027,C:4599,consulting,366.52,2026-06-01
I:91,C:971,C:243,catering,550.34,2026-01-27
I:92,C:1010,C:624,software,248.44,2026-01-09
I:93,C:3231,C:4267,logistics,1626.98,2026-01-01
I:94,C:4824,C:2717,hardware,114.31,2026-01-11
I:95,C:3346,C:3223,consulting,115.52,2026-03-04
I:96,C:2372,C:772,logistics,1422.57,2026-03-14
I:97,C:3945,C:4543,construction,494.88,2026-06-10
I:98,C:4977,C:4177,consulting,326.89,2026-05-01
I:99,C:1748,C:4593,software,492.26,2026-05-08
I:100,C:4598,C:364,marketing,186.6,2026-05-22
I:101,C:3572,C:1636,construction,3980.92,2026-06-03
I:102,C:210,C:2937,catering,783.53,2026-06-25
I:103,C:864,C:2043,consulting,1922.77,2026-05-13
I:104,C:522,C:739,logistics,973.86,2026-05-15
I:105,C:3742,C:4196,hardware,1500.28,2026-04-30
I:106,C:1916,C:3084,software,4964.84,2026-05-17
I:107,C:1590,C:1943,software,136.17,2026-01-16
I:108,C:4683,C:4638,construction,146.68,2026-06-11
I:109,C:1756,C:2338,software,5666.53,2026-02-27
I:110,C:2627,C:1917,hardware,1928.06,2026-01-16
I:111,C:4847,C:4104,hardware,4949.23,2026-04-09
I:112,C:3988,C:640,marketing,684.43,2026-02-21
I:113,C:2661,C:4900,catering,4121.66,2026-01-24
I:114,C:800,C:3766,software,374.53,2026-03-08
I:115,C:1135,C:4397,logistics,1655.82,2026-05-26
I:116,C:1211,C:2609,marketing,2911.51,2026-04-23
I:117,C:4223,C:4804,construction,1926.63,2026-04-06
I:118,C:169,C:636,logistics,199.33,2026-02-20
I:119,C:2290,C:4548,software,1516.8,2026-02-08
I:120,C:4404,C:3569,software,7251.43,2026-05-05
I:121,C:413,C:2990,catering,4428.79,2026-05-15
I:122,C:397,C:4229,marketing,1055.66,2026-02-08
I:123,C:1402,C:1516,software,2621.66,2026-04-18
I:124,C:3134,C:4830,consulting,194.44,2026-03-07
I:125,C:4549,C:2034,software,115.67,2026-06-15
I:126,C:3193,C:970,catering,1110.02,2026-02-17
I:127,C:2485,C:2713,construction,131.35,2026-05-29
I:128,C:3265,C:3257,hardware,292.76,2026-05-30
I:129,C:1374,C:3002,software,520.73,2026-01-22
I:130,C:2900,C:3562,consulting,3578.27,2026-06-08
I:131,C:723,C:1719,software,3706.46,2026-05-13
I:132,C:1856,C:525,hardware,494.15,2026-04-11
I:133,C:98,C:4097,software,2600.1,2026-04-13
I:134,C:291,C:3490,construction,1968.44,2026-03-15
I:135,C:789,C:1733,hardware,247.58,2026-02-03
I:136,C:438,C:2525,consulting,2189.27,2026-02-08
I:137,C:3298,C:1545,construction,796.56,2026-03-20
I:138,C:4347,C:857,hardware,1060.8,2026-03-19
I:139,C:3877,C:4727,construction,2038.93,2026-05-09
I:140,C:UNREG42,C:885,consulting,120.61,2026-06-19
I:141,C:606,C:3946,consulting,178.0,2026-05-29
I:142,C:3358,C:4524,consulting,2833.32,2026-06-26
I:143,C:470,C:1720,construction,227.69,2026-06-11
I:144,C:2633,C:442,catering,2213.48,2026-06-08
I:145,C:935,C:2846,catering,1126.52,2026-02-27
I:146,C:4182,C:4230,construction,354.25,2026-01-31
I:147,C:2432,C:1220,logistics,138.34,2026-04-14
I:148,C:3895,C:696,catering,3461.14,2026-01-22
I:149,C:3490,C:844,marketing,1857.93,2026-03-18
I:150,C:3316,C:3806,consulting,1206.44,2026-05-27
I:151,C:3999,C:1113,hardware,2457.85,2026-01-11
I:152,C:3945,C:3142,software,2123.17,2026-05-10
I:153,C:272,C:2587,logistics,890.9,2026-04-19
I:154,C:2003,C:1982,catering,770.17,2026-02-09
I:155,C:3397,C:418,catering,194.25,2026-06-16
I:156,C:1730,C:4037,software,1195.09,2026-01-29
I:157,C:2964,C:1157,marketing,341.31,2026-04-28
I:158,C:147,C:601,catering,1126.48,2026-03-17
I:159,C:3638,C:82,consulting,4145.2,2026-05-25
I:160,C:110,C:904,construction,2082.06,2026-01-29
I:161,C:883,C:3348,consulting,5329.03,2026-03-03
I:162,C:350,C:4261,hardware,6822.13,2026-03-19
I:163,C:1757,C:964,marketing,257.53,2026-04-26
I:164,C:2792,C:538,catering,2449.25,2026-05-31
I:165,C:727,C:4164,catering,699.14,2026-03-18
I:166,C:3544,C:3709,software,71.6,2026-05-11
I:167,C:1095,C:508,logistics,809.25,2026-03-14
I:168,C:2141,C:3532,marketing,5799.21,2026-04-24
I:169,C:863,C:1383,consulting,891.83,2026-02-26
I:170,C:1407,C:960,software,1216.25,2026-01-17
I:171,C:2512,C:4708,catering,605.2,2026-03-16
I:172,C:3417,C:584,logistics,592.38,2026-01-04
I:173,C:929,C:4149,hardware,503.08,2026-05-18
I:174,C:455,C:2853,construction,2722.95,2026-03-14
I:175,C:4566,C:4277,consulting,1144.16,2026-04-15
I:176,C:2688,C:4205,construction,2097.88,2026-03-08
I:177,C:2004,C:4203,software,6773.87,2026-02-15
I:178,C:779,C:2682,consulting,2069.31,2026-01-07
I:179,C:1322,C:3992,logistics,2058.4,2026-06-22
I:180,C:17,C:2740,marketing,2431.33,2026-05-27
I:181,C:2402,C:2284,logistics,2274.45,2026-03-09
I:182,C:2752,C:801,marketing,4247.56,2026-06-27
I:183,C:3146,C:4694,consulting,4783.17,2026-05-07
I:184,C:4186,C:1094,logistics,1169.59,2026-02-05
I:185,C:2821,C:1742,hardware,1352.52,2026-04-05
I:186,C:4218,C:822,software,4354.62,2026-04-10
I:187,C:1312,C:250,consulting,7134.52,2026-06-20
I:188,C:746,C:3271,catering,14866.99,2026-04-20
I:189,C:2884,C:936,consulting,9752.71,2026-01-11
I:190,C:3289,C:4201,consulting,3959.97,2026-05-10
I:191,C:3153,C:4255,marketing,788.95,2026-05-18
I:192,C:1604,C:2743,logistics,1648.34,2026-05-17
I:193,C:3971,C:2277,hardware,1006.51,2026-02-08
I:194,C:1751,C:736,catering,1429.11,2026-04-17
I:195,C:500,C:1742,construction,7001.43,2026-05-10
I:196,C:3602,C:1495,hardware,85.96,2026-05-16
I:197,C:4097,C:2650,consulting,9073.07,2026-05-22
I:198,C:2049,C:2955,hardware,581.17,2026-04-03
I:199,C:1641,C:444,catering,2620.12,2026-03-21
I:200,C:52,C:2221,construction,528.28,2026-06-02
I:201,C:1607,C:3196,hardware,3825.06,2026-03-24
I:202,C:620,C:2856,catering,1291.9,2026-01-29
I:203,C:4634,C:3105,catering,300.16,2026-05-11
I:204,C:2719,C:2127,construction,110.52,2026-06-28
I:205,C:3843,C:800,software,1506.34,2026-02-24
I:206,C:340,C:1707,hardware,850.02,2026-04-14
I:207,C:1380,C:3224,logistics,422.13,2026-06-26
I:208,C:2913,C:3382,marketing,148.19,2026-04-07
I:209,C:1323,C:4457,hardware,2559.93,2026-03-17
I:210,C:2776,C:3080,hardware,9181.54,2026-01-29
I:211,C:906,C:4256,catering,4002.61,2026-05-23
I:212,C:3632,C:3048,hardware,1208.17,2026-05-17
I:213,C:4433,C:814,hardware,1425.39,2026-03-16
I:214,C:4177,C:2721,catering,4611.83,2026-04-11
I:215,C:2167,C:4959,construction,542.41,2026-01-27
I:216,C:453,C:930,construction,986.63,2026-03-26
I:217,C:1126,C:4430,software,1629.66,2026-03-11
I:218,C:1433,C:264,software,338.63,2026-01-03
I:219,C:3476,C:3452,logistics,478.85,2026-01-25
I:220,C:3438,C:134,catering,1320.99,2026-06-17
I:221,C:2542,C:2934,logistics,473.28,2026-01-29
I:222,C:3696,C:2319,marketing,489.4,2026-02-21
I:223,C:764,C:4145,marketing,1384.66,2026-05-12
I:224,C:3681,C:36,software,1809.37,2026-04-19
I:225,C:732,C:4792,hardware,656.12,2026-06-02
I:226,C:3821,C:4562,logistics,1710.61,2026-05-21
I:227,C:3692,C:1909,hardware,313.5,2026-04-06
I:228,C:2046,C:132,construction,2962.87,2026-06-09
I:229,C:2026,C:4412,software,446.76,2026-03-10
I:230,C:3733,C:2761,consulting,744.06,2026-06-19
I:231,C:3499,C:547,logistics,2220.1,2026-04-01
I:232,C:1251,C:3165,software,2271.25,2026-02-17
I:233,C:3134,C:556,marketing,2756.98,2026-04-19
I:234,C:574,C:2982,logistics,1712.41,2026-06-28
I:235,C:1513,C:4169,software,1271.13,2026-05-06
I:236,C:4957,C:4640,software,1587.44,2026-03-09
I:237,C:3647,C:4394,logistics,1500.48,2026-06-22
I:238,C:4474,C:703,software,1592.93,2026-02-03
I:239,C:3222,C:3450,software,907.18,2026-06-23
I:240,C:175,C:3172,software,427.77,2026-06-08
I:241,C:110,C:4279,hardware,145.77,2026-03-02
I:242,C:4271,C:3954,hardware,1777.15,2026-01-08
I:243,C:1667,C:2838,marketing,881.28,2026-06-03
I:244,C:1312,C:1607,catering,6823.86,2026-06-04
I:245,C:3613,C:3166,consulting,2556.01,2026-01-09
I:246,C:1667,C:1880,catering,139.15,2026-01-13
I:247,C:176,C:4200,hardware,2089.82,2026-01-24
I:248,C:4509,C:438,hardware,10638.03,2026-05-26
I:249,C:325,C:3803,logistics,1960.9,2026-05-22
I:250,C:1699,C:2656,logistics,492.2,2026-01-08
I:251,C:1815,C:4643,marketing,1326.39,2026-03-25
I:252,C:4424,C:4030,software,2655.65,2026-03-05
I:253,C:93,C:1584,marketing,1083.81,2026-05-16
I:254,C:2928,C:888,software,2089.42,2026-04-03
I:255,C:477,C:4357,catering,405.55,2026-02-28
I:256,C:2452,C:4596,hardware,3513.86,2026-03-18
I:257,C:2764,C:3805,logistics,12664.4,2026-01-19
I:258,C:957,C:3766,catering,250.04,2026-02-22
I:259,C:2439,C:2037,construction,3717.52,2026-06-11
I:260,C:1034,C:1565,construction,472.36,2026-03-11
I:261,C:2651,C:697,software,1797.27,2026-05-05
I:262,C:444,C:2734,consulting,922.32,2026-05-28
I:263,C:2272,C:1951,hardware,1025.79,2026-06-01
I:264,C:1820,C:4741,consulting,260.86,2026-01-23
I:265,C:111,C:799,logistics,30627.35,2026-02-08
I:266,C:4286,C:665,hardware,121.08,2026-02-07
I:267,C:1435,C:1768,logistics,3429.73,2026-03-04
I:268,C:696,C:3590,catering,1583.72,2026-02-02
I:269,C:2255,C:3027,marketing,2177.18,2026-01-21
I:270,C:1981,C:4850,software,63.54,2026-05-30
I:271,C:3995,C:3317,catering,4232.61,2026-01-12
I:272,C:1670,C:3155,software,1053.87,2026-01-16
I:273,C:463,C:1362,construction,394.81,2026-04-20
I:274,C:1523,C:3109,logistics,1134.47,2026-06-18
I:275,C:2788,C:3242,consulting,1587.24,2026-02-16
I:276,C:1261,C:1471,marketing,272.39,2026-05-09
I:277,C:3347,C:2267,consulting,449.38,2026-04-16
I:278,C:527,C:1496,software,222.51,2026-04-05
I:279,C:1581,C:3244,software,2724.51,2026-04-08
I:280,C:3295,C:3427,consulting,333.29,2026-01-11
I:281,C:4549,C:1554,hardware,697.64,2026-03-09
I:282,C:151,C:2377,marketing,536.76,2026-04-11
I:283,C:2422,C:4469,software,10950.19,2026-04-20
I:284,C:3476,C:1179,marketing,89.06,2026-01-14
I:285,C:1201,C:4596,catering,137.56,2026-03-20
I:286,C:3683,C:1640,logistics,97.75,2026-04-09
I:287,C:491,C:1126,marketing,2186.18,2026-01-09
I:288,C:95,C:3172,marketing,439.32,2026-05-26
I:289,C:2722,C:1959,marketing,2352.24,2026-02-17
I:290,C:2884,C:3171,logistics,8130.31,2026-05-06
I:291,C:4379,C:3395,construction,2658.08,2026-01-05
I:292,C:2890,C:963,logistics,89.31,2026-06-12
I:293,C:565,C:1495,hardware,647.18,2026-03-17
I:294,C:2783,C:1406,logistics,373.07,2026-06-14
I:295,C:4057,C:2618,marketing,3853.28,2026-02-21
I:296,C:3339,C:2629,logistics,2466.9,2026-04-01
I:297,C:4749,C:4657,consulting,1880.19,2026-05-22
I:298,C:1203,C:3144,marketing,1676.19,2026-01-31
I:299,C:4703,C:4461,hardware,354.48,2026-04-30
I:300,C:981,C:2101,construction,17812.27,2026-06-20
I:301,C:4305,C:4244,consulting,618.64,2026-03-13
I:302,C:73,C:3242,marketing,2091.14,2026-03-27
I:303,C:1065,C:4771,construction,1264.95,2026-02-16
I:304,C:321,C:2259,software,96.03,2026-03-23
I:305,C:315,C:1010,construction,2746.15,2026-02-10
I:306,C:3319,C:3354,construction,2730.78,2026-03-15
I:307,C:209,C:1323,hardware,1882.5,2026-04-16
I:308,C:304,C:512,marketing,7815.26,2026-06-09
I:309,C:3575,C:2214,software,4295.56,2026-01-07
I:310,C:4300,C:2121,construction,3962.99,2026-03-06
I:311,C:1883,C:4540,catering,301.21,2026-04-13
I:312,C:4904,C:3689,catering,4938.65,2026-01-19
I:313,C:3877,C:4662,catering,6637.56,2026-04-10
I:314,C:3410,C:1886,catering,1194.36,2026-05-17
I:315,C:1379,C:4615,marketing,962.27,2026-03-18
I:316,C:199,C:3272,catering,1984.28,2026-02-10
I:317,C:1567,C:1068,marketing,3432.38,2026-06-04
I:318,C:2660,C:1451,consulting,399.22,2026-03-14
I:319,C:3745,C:421,construction,717.32,2026-06-14
I:320,C:4869,C:1313,catering,2585.35,2026-05-27
I:321,C:2009,C:2641,catering,598.62,2026-05-11
I:322,C:384,C:1324,software,1107.12,2026-01-11
I:323,C:4276,C:4063,catering,1329.72,2026-04-16
I:324,C:1988,C:4313,software,7328.52,2026-01-18
I:325,C:3677,C:3330,marketing,1930.65,2026-04-03
I:326,C:504,C:286,hardware,1687.93,2026-01-14
I:327,C:324,C:983,software,6129.06,2026-01-19
I:328,C:4444,C:3338,hardware,2819.1,2026-01-06
I:329,C:3150,C:853,catering,1121.24,2026-01-18
I:330,C:1061,C:4797,logistics,328.85,2026-05-11
I:331,C:3537,C:4918,construction,13135.2,2026-02-15
I:332,C:2390,C:3677,logistics,1634.06,2026-05-25
I:333,C:4701,C:3737,marketing,288.06,2026-05-09
I:334,C:UNREG28,C:4502,catering,3534.42,2026-06-06
I:335,C:351,C:4044,software,8534.6,2026-03-23
I:336,C:2621,C:1547,consulting,4440.97,2026-05-20
I:337,C:4370,C:1403,logistics,2372.32,2026-06-08
I:338,C:1493,C:2099,construction,605.5,2026-06-28
I:339,C:4975,C:4420,software,32711.18,2026-02-19
I:340,C:4263,C:2469,catering,822.88,2026-02-23
I:341,C:2842,C:3957,hardware,220.85,2026-01-11
I:342,C:3564,C:838,logistics,521.3,2026-05-25
I:343,C:3733,C:4922,logistics,4699.48,2026-01-27
I:344,C:893,C:4345,software,3543.1,2026-04-11
I:345,C:2285,C:3811,construction,191.62,2026-04-14
I:346,C:2217,C:1527,construction,1285.53,2026-05-10
I:347,C:3317,C:4072,catering,1995.32,2026-01-22
I:348,C:1511,C:4597,construction,440.14,2026-02-25
I:349,C:479,C:4217,software,6190.14,2026-01-13
I:350,C:3253,C:4730,hardware,72.36,2026-03-12
I:351,C:896,C:2854,catering,3988.63,2026-04-25
I:352,C:3308,C:1818,consulting,341.51,2026-04-19
I:353,C:3412,C:454,software,9840.51,2026-03-26
I:354,C:3440,C:3807,construction,127.78,2026-04-28
I:355,C:1823,C:1207,catering,1018.5,2026-01-22
I:356,C:4736,C:1307,logistics,3199.22,2026-06-12
I:357,C:3749,C:4529,construction,3028.65,2026-04-02
I:358,C:4889,C:4075,catering,2193.97,2026-03-16
I:359,C:3099,C:4747,marketing,1633.4,2026-06-23
I:360,C:1536,C:1486,software,383.06,2026-03-21
I:361,C:4284,C:640,consulting,249.72,2026-04-11
I:362,C:994,C:4688,hardware,1870.62,2026-02-11
I:363,C:810,C:1512,construction,9929.57,2026-02-01
I:364,C:4144,C:1967,marketing,471.97,2026-03-29
I:365,C:3361,C:4135,catering,431.58,2026-02-01
I:366,C:598,C:2908,catering,976.33,2026-06-13
I:367,C:4247,C:3894,hardware,7043.64,2026-06-05
I:368,C:219,C:337,hardware,821.89,2026-04-27
I:369,C:2760,C:611,catering,5108.88,2026-03-17
I:370,C:1708,C:2136,catering,9262.09,2026-03-13
I:371,C:3382,C:2449,marketing,5871.59,2026-04-08
I:372,C:559,C:2197,logistics,687.41,2026-02-02
I:373,C:3394,C:2066,software,1909.09,2026-05-30
I:374,C:2840,C:963,logistics,5213.9,2026-04-29
I:375,C:1614,C:4637,consulting,2301.24,2026-01-31
I:376,C:3191,C:1093,hardware,1349.72,2026-03-13
I:377,C:4462,C:2737,marketing,938.23,2026-02-10
I:378,C:1703,C:2540,software,3020.47,2026-01-26
I:379,C:2078,C:3292,logistics,448.31,2026-01-25
I:380,C:934,C:2404,consulting,475.82,2026-01-29
I:381,C:4208,C:3462,marketing,5820.66,2026-01-23
I:382,C:3562,C:2853,catering,1176.44,2026-03-03
I:383,C:2055,C:2646,catering,802.17,2026-06-25
I:384,C:4495,C:2380,hardware,2453.52,2026-04-24
I:385,C:755,C:3147,consulting,452.17,2026-01-05
I:386,C:3567,C:1549,software,15437.19,2026-03-09
I:387,C:2886,C:1736,consulting,652.48,2026-01-29
I:388,C:4283,C:310,software,2514.67,2026-02-17
I:389,C:737,C:2527,catering,424.85,2026-03-17
I:390,C:170,C:3263,construction,5779.07,2026-02-11
I:391,C:4820,C:4330,construction,1238.49,2026-06-16
I:392,C:1188,C:2256,software,3266.12,2026-03-08
I:393,C:3382,C:3759,logistics,3836.46,2026-05-21
I:394,C:1364,C:2619,catering,5233.23,2026-02-26
I:395,C:4702,C:4626,catering,547.58,2026-01-08
I:396,C:669,C:36,software,3212.09,2026-03-15
I:397,C:1925,C:1236,hardware,1188.11,2026-01-28
I:398,C:4163,C:3574,consulting,603.75,2026-02-15
I:399,C:94,C:3771,software,490.82,2026-06-15
I:400,C:4133,C:3407,marketing,424.61,2026-06-13
I:401,C:4042,C:4613,hardware,1076.81,2026-03-18
I:402,C:1858,C:564,hardware,1522.38,2026-04-27
I:403,C:4817,C:546,catering,274.66,2026-05-10
I:404,C:2053,C:1062,catering,1030.08,2026-03-24
I:405,C:2601,C:3843,hardware,826.72,2026-06-15
I:406,C:559,C:3472,consulting,3974.67,2026-01-22
I:407,C:UNREG6,C:1743,catering,4816.32,2026-02-13
I:408,C:654,C:1027,catering,245.67,2026-04-15
I:409,C:1330,C:4548,consulting,169.28,2026-03-21
I:410,C:4705,C:3898,consulting,566.91,2026-04-15
I:411,C:1192,C:1190,consulting,1065.06,2026-05-24
I:412,C:2257,C:2503,hardware,186.36,2026-03-19
I:413,C:2207,C:748,construction,154.28,2026-02-17
I:414,C:3676,C:289,construction,5103.89,2026-03-27
I:415,C:1805,C:2970,marketing,517.2,2026-05-18
I:416,C:2070,C:1551,hardware,8364.79,2026-03-21
I:417,C:3494,C:2483,software,658.91,2026-06-22
I:418,C:4379,C:4781,marketing,639.78,2026-06-02
I:419,C:982,C:4252,software,6009.36,2026-02-10
I:420,C:3995,C:2813,consulting,1320.21,2026-04-03
I:421,C:3082,C:2386,construction,384.38,2026-01-26
I:422,C:1941,C:408,logistics,396.2,2026-04-02
I:423,C:4219,C:2843,marketing,143.63,2026-01-17
I:424,C:485,C:2081,catering,139.22,2026-03-27
I:425,C:3167,C:1698,catering,1594.54,2026-06-17
I:426,C:2981,C:2947,software,864.08,2026-02-21
I:427,C:2747,C:1607,hardware,11599.58,2026-03-24
I:428,C:358,C:1348,catering,10980.77,2026-03-30
I:429,C:2384,C:3712,construction,1664.42,2026-05-03
I:430,C:2776,C:2285,consulting,3262.05,2026-06-26
I:431,C:1538,C:2844,catering,1363.51,2026-01-30
I:432,C:1999,C:1698,construction,1917.13,2026-03-27
I:433,C:0,C:3645,catering,645.26,2026-01-05
I:434,C:3650,C:2689,hardware,8464.73,2026-05-03
I:435,C:1554,C:2241,marketing,714.25,2026-05-28
I:436,C:2928,C:3019,logistics,694.4,2026-06-19
I:437,C:2727,C:1511,marketing,1938.76,2026-01-30
I:438,C:4523,C:4985,software,1111.84,2026-04-27
I:439,C:931,C:4935,construction,245.93,2026-02-25
I:440,C:2997,C:140,construction,2785.0,2026-06-29
I:441,C:970,C:833,construction,675.94,2026-05-07
I:442,C:2749,C:4345,marketing,127.22,2026-04-15
I:443,C:4716,C:222,construction,525.58,2026-06-08
I:444,C:543,C:2545,marketing,4185.99,2026-02-05
I:445,C:2445,C:4329,logistics,1305.42,2026-04-03
I:446,C:2527,C:2236,construction,1367.67,2026-04-28
I:447,C:620,C:539,consulting,7585.05,2026-04-24
I:448,C:1500,C:1273,software,1771.53,2026-04-12
I:449,C:100,C:2384,marketing,1118.15,2026-02-06
I:450,C:517,C:4063,logistics,1106.03,2026-04-05
I:451,C:1734,C:4162,catering,2366.37,2026-05-03
I:452,C:2888,C:269,catering,1666.36,2026-01-26
I:453,C:760,C:2100,logistics,1587.49,2026-04-13
I:454,C:729,C:4988,construction,760.37,2026-02-08
I:455,C:1436,C:3352,catering,2054.41,2026-02-04
I:456,C:3152,C:1531,marketing,4107.39,2026-01-04
I:457,C:2963,C:4262,construction,893.28,2026-06-22
I:458,C:4918,C:4275,marketing,418.78,2026-04-26
I:459,C:3103,C:3642,logistics,2246.13,2026-02-28
I:460,C:36,C:501,catering,694.1,2026-02-07
I:461,C:2493,C:1100,consulting,180.9,2026-06-25
I:462,C:2484,C:2103,hardware,43336.54,2026-03-24
I:463,C:1044,C:3909,construction,645.17,2026-06-10
I:464,C:3432,C:4625,consulting,2542.01,2026-01-04
I:465,C:1095,C:3399,hardware,616.61,2026-03-01
I:466,C:733,C:4975,catering,438.72,2026-06-22
I:467,C:3254,C:3203,construction,310.58,2026-01-30
I:468,C:2211,C:2230,marketing,9711.28,2026-02-21
I:469,C:533,C:70,construction,6315.51,2026-04-20
I:470,C:1727,C:296,hardware,483.67,2026-04-07
I:471,C:2315,C:1185,consulting,4143.74,2026-05-17
I:472,C:4900,C:1116,marketing,120.37,2026-01-06
I:473,C:1767,C:2377,catering,925.54,2026-02-27
I:474,C:1878,C:3228,construction,302.88,2026-06-23
I:475,C:904,C:251,construction,4537.2,2026-01-02
I:476,C:4281,C:2301,hardware,578.87,2026-04-10
I:477,C:3438,C:2260,catering,78.64,2026-06-26
I:478,C:4328,C:4646,marketing,27368.12,2026-02-11
I:479,C:2825,C:3802,marketing,492.39,2026-06-27
I:480,C:3351,C:642,catering,796.29,2026-03-15
I:481,C:867,C:845,logistics,2142.74,2026-04-18
I:482,C:2936,C:3292,hardware,301.56,2026-05-23
I:483,C:1256,C:2764,catering,65.46,2026-01-29
I:484,C:955,C:280,hardware,1718.29,2026-01-10
I:485,C:2549,C:1903,hardware,762.51,2026-02-13
I:486,C:2885,C:84,logistics,301.81,2026-01-06
I:487,C:3778,C:3097,hardware,3044.32,2026-04-09
I:488,C:2696,C:2633,marketing,279.77,2026-01-19
I:489,C:3850,C:UNREG13,marketing,402.69,2026-05-24
I:490,C:3913,C:1022,construction,1412.56,2026-01-11
I:491,C:4681,C:1281,marketing,794.34,2026-06-28
I:492,C:371,C:513,construction,302.38,2026-03-04
I:493,C:4355,C:4465,catering,1579.39,2026-02-16
I:494,C:1504,C:2322,consulting,298.02,2026-03-29
I:495,C:482,C:4275,construction,7066.01,2026-03-19
I:496,C:2927,C:4915,construction,2462.35,2026-02-07
I:497,C:3996,C:4999,construction,3205.59,2026-01-27
I:498,C:1485,C:4375,consulting,182.71,2026-06-20
I:499,C:4015,C:2735,software,1829.76,2026-06-16
I:500,C:4065,C:1788,logistics,7254.52,2026-03-04
I:501,C:3033,C:394,logistics,494.2,2026-04-11
I:502,C:3917,C:2126,construction,5268.3,2026-05-02
I:503,C:2878,C:4962,hardware,881.21,2026-04-15
I:504,C:2593,C:3779,software,8099.82,2026-02-17
I:505,C:2174,C:4124,construction,262.92,2026-02-06
I:506,C:2923,C:4684,logistics,777.98,2026-01-26
I:507,C:1687,C:4454,construction,6093.44,2026-04-09
I:508,C:2687,C:3744,hardware,5763.28,2026-01-17
I:509,C:2118,C:1856,logistics,4149.1,2026-01-22
I:510,C:29,C:3006,construction,903.88,2026-05-04
I:511,C:2520,C:1059,hardware,841.45,2026-04-25
I:512,C:358,C:2635,construction,744.36,2026-06-08
I:513,C:2340,C:4063,catering,1201.43,2026-04-14
I:514,C:4524,C:648,hardware,341.68,2026-05-05
I:515,C:4395,C:3529,construction,1626.06,2026-02-08
I:516,C:1453,C:2654,catering,1142.41,2026-05-24
I:517,C:3927,C:2261,software,466.62,2026-03-17
I:518,C:1250,C:4390,logistics,2754.31,2026-01-18
I:519,C:544,C:4866,marketing,1161.84,2026-04-23
I:520,C:4495,C:4646,catering,620.03,2026-03-09
I:521,C:3543,C:3422,hardware,775.59,2026-01-29
I:522,C:3983,C:1790,consulting,2421.18,2026-03-10
I:523,C:3765,C:1607,marketing,1183.24,2026-06-08
I:524,C:153,C:3770,consulting,2344.57,2026-04-18
I:525,C:3707,C:1536,consulting,331.31,2026-01-16
I:526,C:1751,C:3516,catering,214.92,2026-05-03
I:527,C:3319,C:4401,hardware,5618.44,2026-01-11
I:528,C:2987,C:3750,consulting,483.23,2026-04-23
I:529,C:503,C:3861,construction,512.92,2026-02-12
I:530,C:2833,C:3367,hardware,630.33,2026-06-19
I:531,C:3774,C:1224,logistics,582.42,2026-03-11
I:532,C:2076,C:3482,catering,12492.57,2026-03-07
I:533,C:4785,C:736,catering,3925.63,2026-06-11
I:534,C:4270,C:3633,marketing,1988.98,2026-02-11
I:535,C:3307,C:538,hardware,807.17,2026-02-08
I:536,C:1914,C:4295,construction,2781.81,2026-06-10
I:537,C:4661,C:1556,software,4405.32,2026-05-11
I:538,C:4219,C:2292,construction,387.84,2026-05-15
I:539,C:3227,C:817,construction,697.89,2026-05-28
I:540,C:4393,C:1915,logistics,664.86,2026-06-20
I:541,C:155,C:1683,software,1951.62,2026-01-06
I:542,C:2023,C:4534,catering,4348.97,2026-02-09
I:543,C:2279,C:2081,hardware,3516.36,2026-01-29
I:544,C:2279,C:1261,construction,1165.27,2026-01-03
I:545,C:97,C:4433,logistics,175.62,2026-04-15
I:546,C:2311,C:1930,hardware,1110.82,2026-05-16
I:547,C:2486,C:3401,consulting,1601.39,2026-03-16
I:548,C:1203,C:4133,software,269.28,2026-01-29
I:549,C:3471,C:4896,consulting,2576.42,2026-04-04
I:550,C:533,C:1831,hardware,366.45,2026-06-05
I:551,C:4812,C:4757,construction,318.01,2026-05-07
I:552,C:4120,C:1478,software,3434.23,2026-04-16
I:553,C:1363,C:3596,catering,2318.84,2026-03-15
I:554,C:4187,C:917,catering,409.82,2026-03-09
I:555,C:2219,C:23,catering,960.12,2026-06-18
I:556,C:3007,C:3918,hardware,574.38,2026-02-18
I:557,C:3132,C:4089,software,2781.41,2026-04-02
I:558,C:991,C:2465,marketing,8576.82,2026-05-07
I:559,C:2631,C:465,hardware,6798.43,2026-03-04
I:560,C:1764,C:2840,catering,5696.69,2026-06-06
I:561,C:1646,C:2109,catering,4589.63,2026-04-07
I:562,C:4890,C:4994,consulting,895.71,2026-06-19
I:563,C:2995,C:3909,consulting,387.51,2026-05-15
I:564,C:2761,C:4820,construction,217.9,2026-04-15
I:565,C:895,C:2205,consulting,473.92,2026-01-01
I:566,C:3737,C:2008,logistics,2731.4,2026-01-17
I:567,C:1361,C:2864,hardware,178.16,2026-05-20
I:568,C:1487,C:4988,construction,16123.57,2026-02-23
I:569,C:4021,C:3902,construction,1781.87,2026-02-22
I:570,C:2491,C:2940,hardware,2051.97,2026-06-17
I:571,C:604,C:2047,logistics,1316.31,2026-01-12
I:572,C:779,C:2410,marketing,2339.05,2026-04-28
I:573,C:3409,C:3948,catering,58.42,2026-01-26
I:574,C:428,C:2704,construction,143.55,2026-03-14
I:575,C:2459,C:1453,hardware,228.92,2026-04-04
I:576,C:2720,C:3244,marketing,2813.45,2026-06-24
I:577,C:339,C:1580,catering,233.97,2026-01-25
I:578,C:1101,C:1599,marketing,3397.46,2026-06-03
I:579,C:2485,C:UNREG33,construction,1541.97,2026-06-01
I:580,C:2283,C:2192,consulting,370.39,2026-01-08
I:581,C:2125,C:3821,consulting,1927.43,2026-01-08
I:582,C:1796,C:2965,logistics,903.98,2026-03-29
I:583,C:2496,C:4457,logistics,632.06,2026-02-09
I:584,C:553,C:4903,software,1472.54,2026-04-03
I:585,C:3335,C:500,consulting,885.41,2026-06-11
I:586,C:2538,C:987,logistics,3340.33,2026-01-06
I:587,C:2000,C:4333,construction,1150.87,2026-04-19
I:588,C:682,C:3603,hardware,1256.42,2026-04-25
I:589,C:UNREG34,C:4225,catering,1347.97,2026-06-19
I:590,C:2210,C:3272,construction,9912.99,2026-06-25
I:591,C:2961,C:4865,consulting,3171.24,2026-04-03
I:592,C:3152,C:73,catering,731.27,2026-02-03
I:593,C:4030,C:3780,construction,296.59,2026-02-25
I:594,C:3082,C:4267,hardware,171.54,2026-04-07
I:595,C:4309,C:3571,hardware,571.62,2026-02-13
I:596,C:4903,C:3664,marketing,4380.39,2026-06-12
I:597,C:4877,C:4284,logistics,624.59,2026-04-04
I:598,C:3282,C:2074,hardware,6193.5,2026-05-06
I:599,C:4551,C:4282,consulting,1335.48,2026-03-22
I:600,C:3630,C:860,consulting,64.49,2026-04-11
I:601,C:1012,C:1421,software,2809.14,2026-05-14
I:602,C:3017,C:1000,hardware,4859.46,2026-03-13
I:603,C:3883,C:110,consulting,2942.36,2026-04-13
I:604,C:4987,C:1726,catering,702.24,2026-06-04
I:605,C:1364,C:3787,software,499.93,2026-02-13
I:606,C:2738,C:3250,catering,326.52,2026-02-06
I:607,C:3876,C:4837,catering,356.58,2026-04-25
I:608,C:3165,C:817,consulting,986.86,2026-06-05
I:609,C:670,C:481,hardware,60.31,2026-06-16
I:610,C:1177,C:2110,catering,895.16,2026-06-05
I:611,C:305,C:2460,construction,135.04,2026-05-06
I:612,C:4598,C:3265,hardware,880.94,2026-02-17
I:613,C:4941,C:2129,consulting,1866.63,2026-03-28
I:614,C:4565,C:1574,software,18610.82,2026-01-27
I:615,C:4962,C:3446,construction,980.56,2026-03-13
I:616,C:4248,C:3406,hardware,489.23,2026-01-15
I:617,C:4771,C:3522,marketing,705.73,2026-06-21
I:618,C:52,C:4553,catering,3010.47,2026-05-05
I:619,C:2495,C:4560,construction,162.95,2026-02-02
I:620,C:2463,C:110,hardware,19361.95,2026-04-26
I:621,C:3528,C:68,hardware,455.05,2026-02-21
I:622,C:1672,C:3998,hardware,447.34,2026-03-13
I:623,C:3609,C:1552,hardware,628.41,2026-06-29
I:624,C:2162,C:4496,catering,4361.44,2026-05-16
I:625,C:3561,C:4250,consulting,222.8,2026-02-18
I:626,C:581,C:272,catering,598.77,2026-06-10
I:627,C:1433,C:3436,consulting,218.69,2026-01-20
I:628,C:2441,C:295,catering,3049.03,2026-02-10
I:629,C:44,C:4198,logistics,4647.71,2026-01-13
I:630,C:4630,C:2009,catering,2949.04,2026-05-14
I:631,C:3291,C:1461,marketing,3332.89,2026-01-29
I:632,C:658,C:1592,logistics,753.31,2026-06-21
I:633,C:94,C:4161,marketing,1861.21,2026-02-17
I:634,C:4529,C:4120,hardware,4126.47,2026-03-05
I:635,C:3228,C:4141,consulting,1919.03,2026-05-31
I:636,C:2631,C:1634,hardware,1636.1,2026-04-23
I:637,C:4327,C:4466,construction,1935.69,2026-06-26
I:638,C:3355,C:1848,marketing,7587.08,2026-01-25
I:639,C:4953,C:3650,marketing,26605.69,2026-06-15
I:640,C:2398,C:2401,marketing,774.32,2026-02-07
I:641,C:1652,C:2055,construction,1387.7,2026-03-21
I:642,C:1682,C:1737,software,1169.9,2026-04-30
I:643,C:3470,C:3339,catering,1305.64,2026-01-24
I:644,C:1004,C:2542,construction,1288.03,2026-04-17
I:645,C:99,C:373,logistics,541.93,2026-03-17
I:646,C:18,C:2220,marketing,1287.35,2026-01-16
I:647,C:599,C:1027,consulting,5853.79,2026-04-12
I:648,C:1976,C:489,software,7486.1,2026-02-16
I:649,C:1556,C:2881,consulting,3862.52,2026-01-05
I:650,C:3587,C:938,construction,332.98,2026-05-11
I:651,C:3478,C:1212,construction,1296.81,2026-03-12
I:652,C:2455,C:3083,catering,656.79,2026-04-01
I:653,C:2003,C:1509,marketing,10486.84,2026-04-06
I:654,C:1238,C:4910,construction,10589.96,2026-05-09
I:655,C:1377,C:3705,marketing,3095.2,2026-05-26
I:656,C:4042,C:810,hardware,1444.05,2026-04-04
I:657,C:600,C:3834,hardware,326.34,2026-04-13
I:658,C:386,C:3108,consulting,554.86,2026-03-02
I:659,C:4213,C:2168,catering,803.39,2026-04-08
I:660,C:203,C:3276,logistics,133.86,2026-01-13
I:661,C:1477,C:4547,construction,4359.72,2026-01-28
I:662,C:2296,C:3436,consulting,8880.65,2026-05-29
I:663,C:110,C:1166,marketing,143.61,2026-06-02
I:664,C:2803,C:3496,catering,431.96,2026-01-22
I:665,C:75,C:133,consulting,1824.98,2026-04-17
I:666,C:402,C:1498,marketing,26130.74,2026-02-24
I:667,C:4244,C:1986,catering,446.52,2026-05-24
I:668,C:1845,C:1092,logistics,5187.42,2026-01-28
I:669,C:964,C:3685,software,6179.33,2026-04-05
I:670,C:368,C:3214,catering,195.94,2026-01-09
I:671,C:1787,C:2613,catering,2002.63,2026-05-04
I:672,C:4102,C:924,hardware,682.95,2026-03-09
I:673,C:1801,C:3337,catering,206.77,2026-02-19
I:674,C:4891,C:816,marketing,157.34,2026-03-02
I:675,C:4279,C:3833,hardware,3953.05,2026-01-25
I:676,C:4995,C:1730,software,5373.01,2026-01-12
I:677,C:1408,C:4747,catering,2509.5,2026-01-30
I:678,C:842,C:4178,catering,2782.16,2026-05-15
I:679,C:4356,C:4013,software,1295.25,2026-03-14
I:680,C:416,C:2683,consulting,1124.48,2026-04-24
I:681,C:464,C:424,catering,1260.47,2026-06-22
I:682,C:4961,C:2511,logistics,2968.21,2026-04-12
I:683,C:3534,C:4909,catering,11561.24,2026-01-01
I:684,C:4098,C:2469,consulting,979.82,2026-05-06
I:685,C:4130,C:1560,marketing,165.98,2026-04-02
I:686,C:3949,C:306,hardware,1106.49,2026-05-01
I:687,C:3136,C:4722,hardware,2064.96,2026-01-30
I:688,C:4376,C:517,marketing,242.96,2026-04-04
I:689,C:3896,C:1973,hardware,1531.22,2026-04-07
I:690,C:1167,C:3086,catering,4476.32,2026-06-26
I:691,C:3270,C:2813,logistics,997.68,2026-03-19
I:692,C:284,C:3778,software,1071.67,2026-04-14
I:693,C:1865,C:274,software,620.5,2026-02-22
I:694,C:2667,C:432,consulting,1088.02,2026-02-11
I:695,C:4048,C:104,construction,1169.21,2026-03-02
I:696,C:1219,C:2554,construction,1206.87,2026-02-01
I:697,C:3803,C:2092,construction,696.25,2026-01-25
I:698,C:210,C:204,marketing,1754.89,2026-05-22
I:699,C:2415,C:4139,logistics,1393.76,2026-03-10
I:700,C:3817,C:4980,catering,948.57,2026-04-06
I:701,C:2161,C:1043,consulting,529.12,2026-02-10
I:702,C:1021,C:4035,catering,29337.5,2026-03-19
I:703,C:1652,C:2663,consulting,148.32,2026-02-03
I:704,C:2114,C:1943,marketing,511.89,2026-01-15
I:705,C:1414,C:268,software,3717.35,2026-01-03
I:706,C:3134,C:2483,logistics,1499.34,2026-02-26
I:707,C:269,C:4419,marketing,4783.91,2026-06-17
I:708,C:3566,C:1213,consulting,496.45,2026-03-10
I:709,C:2034,C:3228,marketing,1799.76,2026-03-03
I:710,C:1603,C:365,marketing,6649.78,2026-01-01
I:711,C:1088,C:3551,consulting,5009.38,2026-03-14
I:712,C:4340,C:871,construction,1607.12,2026-04-09
I:713,C:2771,C:4625,consulting,550.23,2026-03-04
I:714,C:1288,C:3283,consulting,7013.09,2026-06-02
I:715,C:2364,C:2323,consulting,3167.59,2026-01-25
I:716,C:3278,C:523,software,1197.52,2026-05-14
I:717,C:1171,C:1105,catering,3156.58,2026-06-01
I:718,C:247,C:4427,software,854.87,2026-01-14
I:719,C:3516,C:1652,software,2482.05,2026-04-27
I:720,C:219,C:2653,marketing,736.26,2026-05-17
I:721,C:1242,C:4026,marketing,118.02,2026-02-14
I:722,C:3729,C:2878,logistics,1742.96,2026-04-16
I:723,C:2167,C:375,software,1201.38,2026-05-19
I:724,C:111,C:UNREG66,catering,402.29,2026-06-20
I:725,C:4682,C:1907,catering,3840.37,2026-06-26
I:726,C:164,C:2707,consulting,3842.31,2026-06-10
I:727,C:2777,C:4267,consulting,685.03,2026-06-14
I:728,C:4373,C:3708,hardware,603.95,2026-04-04
I:729,C:974,C:3365,catering,74.73,2026-06-07
I:730,C:3857,C:4089,marketing,145.0,2026-05-08
I:731,C:3718,C:3191,software,244.91,2026-01-03
I:732,C:587,C:1203,consulting,589.2,2026-01-12
I:733,C:4090,C:1332,catering,1573.48,2026-05-01
I:734,C:2598,C:3054,catering,1023.26,2026-03-03
I:735,C:4012,C:4278,hardware,702.91,2026-05-03
I:736,C:846,C:146,logistics,1666.35,2026-04-17
I:737,C:97,C:667,construction,331.15,2026-04-09
I:738,C:2831,C:3006,marketing,921.99,2026-02-15
I:739,C:996,C:3795,construction,1358.21,2026-02-20
I:740,C:4732,C:3383,hardware,550.55,2026-04-09
I:741,C:4639,C:763,marketing,476.76,2026-04-16
I:742,C:742,C:3869,marketing,2110.7,2026-02-25
I:743,C:2602,C:4550,marketing,1553.42,2026-01-04
I:744,C:1857,C:3214,hardware,2177.76,2026-04-25
I:745,C:4523,C:1060,software,1241.12,2026-06-06
I:746,C:3750,C:2485,hardware,4859.65,2026-06-13
I:747,C:161,C:4883,consulting,2007.05,2026-01-20
I:748,C:886,C:4421,construction,3462.05,2026-05-04
I:749,C:649,C:1880,hardware,1156.81,2026-06-21
I:750,C:2763,C:2649,catering,611.44,2026-01-05
I:751,C:1484,C:2399,construction,6439.96,2026-02-26
I:752,C:4228,C:2018,logistics,801.11,2026-06-11
I:753,C:2554,C:2886,construction,3233.81,2026-05-16
I:754,C:2899,C:3768,construction,95.56,2026-01-13
I:755,C:4766,C:4268,construction,1005.93,2026-06-20
I:756,C:1203,C:3813,catering,120.16,2026-02-14
I:757,C:900,C:2718,construction,1142.65,2026-05-12
I:758,C:3295,C:4275,software,3934.74,2026-04-07
I:759,C:244,C:1835,consulting,5685.92,2026-03-03
I:760,C:3987,C:1253,consulting,721.62,2026-03-11
I:761,C:1499,C:4331,catering,115.31,2026-02-25
I:762,C:249,C:3517,construction,222.73,2026-05-20
I:763,C:1801,C:1206,marketing,4951.03,2026-06-27
I:764,C:3477,C:1288,consulting,2862.66,2026-02-06
I:765,C:2963,C:4582,logistics,7501.7,2026-04-01
I:766,C:1351,C:3558,construction,1932.23,2026-03-16
I:767,C:2271,C:2127,marketing,2203.38,2026-05-23
I:768,C:624,C:1785,hardware,1178.91,2026-06-18
I:769,C:267,C:4238,logistics,3581.55,2026-04-14
I:770,C:3125,C:4307,marketing,459.88,2026-06-14
I:771,C:407,C:2464,construction,220.49,2026-06-21
I:772,C:28,C:3675,marketing,644.84,2026-04-09
I:773,C:2296,C:2514,catering,870.44,2026-03-21
I:774,C:136,C:4927,software,9009.83,2026-06-06
I:775,C:3583,C:412,hardware,704.5,2026-06-24
I:776,C:2852,C:2265,logistics,2924.66,2026-06-24
I:777,C:2709,C:3887,hardware,428.77,2026-06-23
I:778,C:1400,C:3112,software,257.3,2026-04-14
I:779,C:3225,C:2571,software,11416.72,2026-04-17
I:780,C:3549,C:1556,hardware,1730.37,2026-03-12
I:781,C:1395,C:948,catering,1303.79,2026-06-12
I:782,C:716,C:2727,consulting,586.26,2026-02-24
I:783,C:1556,C:4343,catering,1666.41,2026-05-26
I:784,C:778,C:2785,catering,2894.7,2026-06-11
I:785,C:1407,C:2649,software,931.39,2026-06-15
I:786,C:3117,C:2207,logistics,2950.34,2026-03-06
I:787,C:1976,C:2091,hardware,580.72,2026-04-20
I:788,C:3509,C:1511,consulting,1107.19,2026-06-24
I:789,C:3946,C:3984,hardware,263.81,2026-06-12
I:790,C:1256,C:1749,hardware,4685.04,2026-03-27
I:791,C:73,C:1651,construction,1212.64,2026-02-18
I:792,C:3243,C:1188,hardware,4191.9,2026-01-25
I:793,C:2682,C:446,consulting,8153.19,2026-05-25
I:794,C:4305,C:2389,software,620.95,2026-03-22
I:795,C:84,C:4184,catering,2277.04,2026-03-30
I:796,C:3516,C:1597,marketing,1153.81,2026-02-28
I:797,C:3418,C:3394,construction,1449.9,2026-05-04
I:798,C:539,C:4529,catering,270.45,2026-02-07
I:799,C:3374,C:221,hardware,1602.95,2026-04-20
I:800,C:2681,C:582,logistics,1006.65,2026-01-12
I:801,C:3210,C:2759,catering,717.53,2026-02-17
I:802,C:628,C:3299,catering,2281.29,2026-06-21
I:803,C:4246,C:133,hardware,5719.31,2026-01-25
I:804,C:1869,C:2129,hardware,257.59,2026-05-26
I:805,C:65,C:2622,consulting,442.44,2026-05-12
I:806,C:2068,C:3427,logistics,636.25,2026-04-15
I:807,C:4359,C:2883,construction,1047.18,2026-05-16
I:808,C:225,C:4843,software,12189.65,2026-04-09
I:809,C:263,C:4335,catering,480.43,2026-03-26
I:810,C:3278,C:4345,software,2455.5,2026-06-04
I:811,C:1840,C:4939,logistics,439.25,2026-02-27
I:812,C:20,C:4091,logistics,1351.16,2026-01-22
I:813,C:16,C:4864,construction,40.54,2026-03-16
I:814,C:1583,C:2041,construction,692.71,2026-01-31
I:815,C:2458,C:325,logistics,978.42,2026-03-23
I:816,C:3841,C:2876,consulting,507.22,2026-03-11
I:817,C:4354,C:3682,consulting,973.87,2026-01-18
I:818,C:3898,C:4301,hardware,809.96,2026-06-05
I:819,C:4696,C:3001,hardware,554.36,2026-01-10
I:820,C:339,C:2412,marketing,589.49,2026-01-03
I:821,C:2281,C:3110,marketing,134.28,2026-04-19
I:822,C:1068,C:4722,construction,4265.8,2026-06-04
I:823,C:4747,C:2519,software,4753.75,2026-05-25
I:824,C:4386,C:1081,software,2042.06,2026-04-28
I:825,C:4058,C:1089,catering,139.53,2026-02-09
I:826,C:2088,C:2069,construction,1975.38,2026-06-22
I:827,C:4987,C:3428,software,5185.41,2026-04-12
I:828,C:3385,C:607,construction,3724.95,2026-02-05
I:829,C:4398,C:292,consulting,955.9,2026-04-17
I:830,C:3202,C:3453,logistics,6771.51,2026-06-13
I:831,C:2383,C:4809,software,2571.78,2026-01-02
I:832,C:1210,C:1618,logistics,617.6,2026-01-26
I:833,C:230,C:3091,hardware,1506.03,2026-02-09
I:834,C:1101,C:4935,catering,792.09,2026-04-01
I:835,C:391,C:3799,consulting,5743.66,2026-05-21
I:836,C:1191,C:2382,consulting,2717.15,2026-01-07
I:837,C:3804,C:3304,marketing,7111.5,2026-04-24
I:838,C:4427,C:4262,logistics,770.49,2026-06-13
I:839,C:3603,C:400,software,926.02,2026-01-24
I:840,C:1887,C:432,marketing,1339.64,2026-03-18
I:841,C:691,C:2423,hardware,6765.56,2026-04-19
I:842,C:3409,C:3876,software,808.33,2026-03-02
I:843,C:1428,C:326,marketing,3494.93,2026-03-09
I:844,C:753,C:4037,hardware,390.38,2026-02-03
I:845,C:3075,C:4497,marketing,4339.61,2026-01-05
I:846,C:3802,C:683,hardware,137.93,2026-04-08
I:847,C:2459,C:2102,hardware,7081.26,2026-01-08
I:848,C:485,C:1347,consulting,222.57,2026-01-17
I:849,C:51,C:1661,hardware,694.43,2026-01-25
I:850,C:3691,C:4580,consulting,115.99,2026-05-16
I:851,C:325,C:3258,software,4941.17,2026-02-01
I:852,C:4862,C:1260,construction,3627.85,2026-06-15
I:853,C:1525,C:3573,logistics,18053.62,2026-03-28
I:854,C:4353,C:1101,software,1383.72,2026-06-05
I:855,C:2442,C:873,marketing,1026.86,2026-01-30
I:856,C:394,C:66,marketing,1566.98,2026-05-01
I:857,C:423,C:2709,software,269.9,2026-03-05
I:858,C:3015,C:1971,catering,2360.19,2026-06-01
I:859,C:4818,C:3403,marketing,2396.35,2026-01-20
I:860,C:3515,C:4197,construction,882.5,2026-03-23
I:861,C:UNREG32,C:3442,marketing,344.08,2026-03-07
I:862,C:2869,C:1327,hardware,548.96,2026-04-10
I:863,C:1263,C:4873,consulting,4156.79,2026-04-27
I:864,C:3148,C:3865,consulting,8916.6,2026-04-17
I:865,C:3293,C:2524,logistics,4347.2,2026-01-21
I:866,C:68,C:812,software,1423.34,2026-03-01
I:867,C:227,C:4711,logistics,1107.07,2026-01-06
I:868,C:2343,C:3224,software,2343.88,2026-06-08
I:869,C:4198,C:4896,logistics,1443.92,2026-05-15
I:870,C:2819,C:2154,consulting,1190.07,2026-01-09
I:871,C:3683,C:4987,hardware,2147.47,2026-05-28
I:872,C:3593,C:1443,consulting,572.2,2026-05-12
I:873,C:1516,C:2542,construction,1354.25,2026-01-21
I:874,C:282,C:4008,software,419.08,2026-01-06
I:875,C:2501,C:892,logistics,279.98,2026-03-31
I:876,C:2813,C:3221,catering,273.09,2026-02-16
I:877,C:484,C:4164,logistics,27044.86,2026-06-03
I:878,C:3130,C:2847,marketing,522.16,2026-05-31
I:879,C:UNREG4,C:4822,software,1234.12,2026-03-03
I:880,C:4331,C:1622,consulting,299.75,2026-03-31
I:881,C:4286,C:933,consulting,9786.17,2026-03-28
I:882,C:2961,C:1705,construction,818.48,2026-02-13
I:883,C:3611,C:3862,logistics,358.45,2026-03-17
I:884,C:1896,C:448,consulting,5045.18,2026-05-30
I:885,C:4386,C:3191,marketing,1456.79,2026-06-02
I:886,C:4030,C:576,logistics,687.85,2026-04-15
I:887,C:2346,C:3024,marketing,462.76,2026-01-07
I:888,C:1877,C:317,logistics,740.25,2026-02-28
I:889,C:3221,C:3416,consulting,1951.8,2026-06-12
I:890,C:4934,C:1071,hardware,1877.6,2026-04-06
I:891,C:1829,C:651,marketing,343.97,2026-03-28
I:892,C:902,C:4797,consulting,373.35,2026-01-08
I:893,C:2881,C:3138,construction,2086.61,2026-04-15
I:894,C:2859,C:4955,construction,441.38,2026-01-12
I:895,C:557,C:1609,construction,681.78,2026-02-12
I:896,C:2942,C:1607,software,2315.73,2026-04-18
I:897,C:4124,C:1983,consulting,1244.68,2026-04-26
I:898,C:2381,C:3156,software,770.18,2026-04-16
I:899,C:1282,C:2720,construction,896.33,2026-03-05
I:900,C:722,C:2719,hardware,863.19,2026-04-30
I:901,C:4679,C:176,software,623.75,2026-06-13
I:902,C:4500,C:4521,consulting,793.46,2026-06-05
I:903,C:4186,C:3630,hardware,5749.23,2026-02-07
I:904,C:1163,C:1444,marketing,639.42,2026-05-02
I:905,C:2470,C:2540,marketing,3032.25,2026-01-11
I:906,C:992,C:1855,hardware,1120.54,2026-06-10
I:907,C:1705,C:1245,consulting,4571.79,2026-03-03
I:908,C:2520,C:3593,software,3593.82,2026-05-20
I:909,C:4622,C:1803,marketing,599.4,2026-02-27
I:910,C:3491,C:1113,marketing,8465.0,2026-05-06
I:911,C:1451,C:3837,catering,1881.43,2026-03-27
I:912,C:1744,C:4164,software,830.04,2026-04-25
I:913,C:4680,C:2789,marketing,1159.29,2026-03-19
I:914,C:2142,C:3676,construction,1416.74,2026-06-05
I:915,C:4266,C:2792,marketing,1519.03,2026-02-28
I:916,C:2414,C:919,construction,5182.32,2026-03-21
I:917,C:3567,C:2191,consulting,355.75,2026-02-16
I:918,C:4695,C:4586,marketing,2160.6,2026-06-21
I:919,C:1832,C:223,construction,199.96,2026-04-08
I:920,C:2032,C:4137,construction,558.8,2026-04-18
I:921,C:3201,C:2946,marketing,32406.81,2026-02-24
I:922,C:4030,C:3148,catering,1173.34,2026-03-06
I:923,C:4650,C:4752,software,2057.39,2026-03-13
I:924,C:1810,C:4220,hardware,436.35,2026-01-10
I:925,C:2462,C:1250,marketing,668.45,2026-03-06
I:926,C:2038,C:2891,catering,3169.35,2026-01-08
I:927,C:3871,C:3130,logistics,363.95,2026-01-04
I:928,C:2583,C:3543,logistics,2676.36,2026-06-28
I:929,C:2804,C:2329,marketing,5868.49,2026-04-21
I:930,C:93,C:680,logistics,240.39,2026-01-04
I:931,C:4637,C:1819,software,1146.38,2026-05-25
I:932,C:1437,C:1592,catering,1070.63,2026-05-09
I:933,C:790,C:2756,consulting,3013.6,2026-03-17
I:934,C:4268,C:4121,marketing,779.87,2026-04-20
I:935,C:731,C:2756,construction,2134.54,2026-01-19
I:936,C:2210,C:2147,hardware,447.29,2026-06-18
I:937,C:3013,C:1988,construction,2061.32,2026-06-02
I:938,C:1685,C:2553,hardware,3168.6,2026-03-29
I:939,C:4713,C:2033,hardware,3554.76,2026-05-23
I:940,C:4130,C:1760,construction,722.26,2026-05-06
I:941,C:4732,C:3383,logistics,444.46,2026-03-24
I:942,C:4194,C:296,hardware,187.06,2026-01-26
I:943,C:4729,C:1505,consulting,215.7,2026-02-20
I:944,C:3075,C:4978,catering,2699.06,2026-01-23
I:945,C:1892,C:1178,construction,951.98,2026-06-27
I:946,C:700,C:4835,software,1786.2,2026-03-04
I:947,C:1922,C:3702,consulting,1865.39,2026-06-15
I:948,C:58,C:4247,hardware,122.3,2026-02-06
I:949,C:3524,C:463,logistics,1096.61,2026-03-20
I:950,C:604,C:611,consulting,819.3,2026-04-11
I:951,C:208,C:4671,marketing,4140.45,2026-03-11
I:952,C:3006,C:3913,software,3848.55,2026-01-23
I:953,C:2531,C:3037,marketing,444.05,2026-04-18
I:954,C:2890,C:3246,construction,902.11,2026-01-31
I:955,C:4168,C:411,consulting,372.59,2026-03-31
I:956,C:2100,C:1,catering,6474.77,2026-01-20
I:957,C:2888,C:2967,catering,1371.37,2026-05-10
I:958,C:4823,C:2963,software,537.55,2026-03-29
I:959,C:4008,C:4578,software,460.23,2026-02-05
I:960,C:4229,C:4984,hardware,1014.84,2026-03-08
I:961,C:1354,C:3794,hardware,153.25,2026-02-02
I:962,C:261,C:4742,logistics,814.76,2026-06-04
I:963,C:1475,C:956,construction,1733.25,2026-04-25
I:964,C:4097,C:4018,catering,7493.29,2026-03-01
I:965,C:955,C:2854,software,423.45,2026-04-10
I:966,C:1196,C:1477,construction,553.27,2026-03-19
I:967,C:4463,C:4352,construction,96.51,2026-01-10
I:968,C:4747,C:3597,consulting,95.09,2026-04-11
I:969,C:1845,C:4476,catering,788.07,2026-01-28
I:970,C:1674,C:2117,logistics,1706.95,2026-01-23
I:971,C:2423,C:1960,marketing,4918.9,2026-04-10
I:972,C:2058,C:3029,marketing,291.95,2026-06-24
I:973,C:2028,C:3436,logistics,1536.7,2026-01-31
I:974,C:1730,C:2144,consulting,204.36,2026-04-16
I:975,C:UNREG18,C:2455,catering,1157.03,2026-01-30
I:976,C:2989,C:4403,catering,269.68,2026-02-04
I:977,C:3586,C:4279,marketing,4301.35,2026-05-31
I:978,C:4138,C:4001,logistics,1313.32,2026-03-05
I:979,C:2897,C:3339,catering,706.95,2026-02-11
I:980,C:2410,C:2699,logistics,645.19,2026-03-17
I:981,C:3243,C:1324,hardware,509.12,2026-05-20
I:982,C:270,C:3969,catering,4523.35,2026-02-11
I:983,C:1885,C:624,catering,2254.56,2026-01-08
I:984,C:1237,C:4300,hardware,3314.01,2026-04-22
I:985,C:4936,C:803,consulting,187.88,2026-02-25
I:986,C:3740,C:111,logistics,5264.81,2026-06-18
I:987,C:4175,C:3276,software,1264.55,2026-03-08
I:988,C:4906,C:1365,consulting,916.73,2026-02-24
I:989,C:1761,C:4699,catering,2457.74,2026-06-07
I:990,C:3042,C:1460,software,778.36,2026-05-08
I:991,C:1755,C:2650,construction,314.7,2026-06-22
I:992,C:3044,C:1468,hardware,1123.56,2026-04-14
I:993,C:4102,C:1430,catering,802.46,2026-05-12
I:994,C:1408,C:3699,construction,226.95,2026-01-24
I:995,C:3984,C:4806,consulting,1661.43,2026-02-20
I:996,C:3285,C:4779,consulting,2826.93,2026-03-03
I:997,C:2717,C:3062,consulting,373.26,2026-01-21
I:998,C:4109,C:4944,logistics,1080.53,2026-01-22
I:999,C:4399,C:246,consulting,3930.8,2026-04-08
I:1000,C:UNREG41,C:561,construction,1955.52,2026-05-01
I:1001,C:110,C:2571,logistics,1186.04,2026-02-14
I:1002,C:1343,C:3969,hardware,3013.52,2026-04-30
I:1003,C:651,C:UNREG46,software,257.2,2026-02-28
I:1004,C:2514,C:3302,hardware,1078.2,2026-01-11
I:1005,C:601,C:857,hardware,594.87,2026-01-01
I:1006,C:3533,C:11,marketing,345.37,2026-03-26
I:1007,C:2965,C:943,consulting,220.1,2026-05-04
I:1008,C:1669,C:1232,catering,3592.92,2026-01-27
I:1009,C:3381,C:121,catering,537.65,2026-01-17
I:1010,C:4015,C:2798,catering,2814.54,2026-03-04
I:1011,C:4528,C:UNREG26,consulting,984.12,2026-04-24
I:1012,C:4625,C:3225,construction,819.48,2026-05-03
I:1013,C:268,C:497,consulting,600.63,2026-01-04
I:1014,C:2034,C:1133,consulting,1132.4,2026-03-29
I:1015,C:274,C:297,software,7126.8,2026-02-20
I:1016,C:4696,C:4740,construction,546.8,2026-03-22
I:1017,C:3633,C:2723,construction,2358.91,2026-03-26
I:1018,C:1362,C:622,logistics,1265.69,2026-05-29
I:1019,C:845,C:4607,catering,10782.84,2026-02-13
I:1020,C:752,C:1390,catering,687.55,2026-01-12
I:1021,C:3231,C:879,marketing,3233.46,2026-01-08
I:1022,C:4048,C:4305,logistics,751.15,2026-02-24
I:1023,C:2229,C:4513,logistics,4646.29,2026-04-15
I:1024,C:3822,C:3773,hardware,1305.18,2026-06-03
I:1025,C:3026,C:693,catering,555.28,2026-02-09
I:1026,C:3091,C:2180,catering,1914.54,2026-05-22
I:1027,C:2582,C:3801,hardware,928.37,2026-01-15
I:1028,C:962,C:1983,catering,205.97,2026-04-27
I:1029,C:3997,C:3759,logistics,2424.6,2026-04-30
I:1030,C:3533,C:3694,catering,6046.44,2026-02-10
I:1031,C:440,C:1316,marketing,614.03,2026-06-10
I:1032,C:1737,C:4410,catering,335.45,2026-06-26
I:1033,C:938,C:1292,construction,2487.78,2026-04-01
I:1034,C:3436,C:4548,hardware,131.22,2026-04-26
I:1035,C:1517,C:2566,construction,162.32,2026-04-22
I:1036,C:1180,C:2177,consulting,9916.91,2026-01-27
I:1037,C:1472,C:1423,construction,433.64,2026-03-23
I:1038,C:4003,C:2757,logistics,4051.64,2026-05-10
I:1039,C:1598,C:3920,construction,679.54,2026-02-23
I:1040,C:1791,C:2533,marketing,994.81,2026-05-05
I:1041,C:290,C:534,construction,122.58,2026-03-15
I:1042,C:1282,C:1645,consulting,642.03,2026-04-26
I:1043,C:2562,C:2908,software,11963.99,2026-03-10
I:1044,C:3952,C:1666,hardware,345.41,2026-06-22
I:1045,C:4867,C:3196,catering,807.64,2026-02-27
I:1046,C:2807,C:457,consulting,5923.32,2026-04-13
I:1047,C:3204,C:3225,hardware,395.43,2026-03-07
I:1048,C:1788,C:3369,catering,617.08,2026-03-30
I:1049,C:580,C:2573,marketing,4407.66,2026-06-20
I:1050,C:1360,C:108,consulting,1257.25,2026-04-15
I:1051,C:UNREG65,C:210,logistics,888.47,2026-03-20
I:1052,C:3168,C:3982,logistics,104.33,2026-02-17
I:1053,C:489,C:4095,software,371.51,2026-03-02
I:1054,C:3687,C:2446,logistics,1027.15,2026-03-16
I:1055,C:3900,C:2275,software,70.63,2026-04-12
I:1056,C:1733,C:1403,consulting,19814.81,2026-03-23
I:1057,C:3584,C:2844,logistics,916.21,2026-02-10
I:1058,C:2930,C:3901,marketing,4001.82,2026-03-30
I:1059,C:3278,C:180,logistics,776.7,2026-02-26
I:1060,C:3734,C:1756,consulting,877.2,2026-06-24
I:1061,C:448,C:2247,logistics,1266.57,2026-01-16
I:1062,C:2835,C:4991,hardware,1444.98,2026-06-28
I:1063,C:4509,C:1212,software,778.59,2026-03-06
I:1064,C:4940,C:4279,software,6294.67,2026-06-05
I:1065,C:1999,C:48,consulting,63.01,2026-03-01
I:1066,C:2564,C:3163,construction,346.54,2026-01-24
I:1067,C:3488,C:2616,marketing,3058.82,2026-03-26
I:1068,C:3434,C:1687,hardware,1312.94,2026-01-23
I:1069,C:327,C:4702,hardware,394.11,2026-01-21
I:1070,C:1253,C:1004,hardware,5356.78,2026-01-19
I:1071,C:2660,C:4402,hardware,2518.94,2026-06-06
I:1072,C:3532,C:4042,construction,156.54,2026-01-14
I:1073,C:3777,C:121,software,615.13,2026-03-05
I:1074,C:1421,C:1915,catering,1201.75,2026-02-05
I:1075,C:4415,C:2124,catering,68.44,2026-02-06
I:1076,C:2502,C:2710,logistics,2518.98,2026-04-19
I:1077,C:1491,C:2843,construction,373.54,2026-01-06
I:1078,C:1345,C:2099,logistics,4254.32,2026-05-31
I:1079,C:137,C:1372,marketing,708.39,2026-03-17
I:1080,C:3433,C:4015,marketing,4020.95,2026-06-10
I:1081,C:2713,C:2190,construction,864.64,2026-06-06
I:1082,C:1190,C:3333,hardware,3876.81,2026-04-02
I:1083,C:4279,C:2024,logistics,786.41,2026-03-02
I:1084,C:56,C:2351,consulting,1599.8,2026-04-16
I:1085,C:584,C:378,catering,788.44,2026-03-16
I:1086,C:904,C:2499,catering,285.22,2026-05-09
I:1087,C:1437,C:4158,hardware,7193.62,2026-06-20
I:1088,C:4788,C:UNREG53,construction,229.77,2026-02-14
I:1089,C:375,C:3444,hardware,462.95,2026-05-19
I:1090,C:262,C:979,consulting,361.12,2026-04-12
I:1091,C:1483,C:2585,catering,151.46,2026-06-15
I:1092,C:3747,C:1309,software,46.87,2026-04-04
I:1093,C:917,C:4587,software,274.33,2026-05-30
I:1094,C:4383,C:2023,construction,2236.23,2026-01-19
I:1095,C:4585,C:3381,construction,1267.23,2026-01-05
I:1096,C:505,C:2678,catering,2015.02,2026-02-03
I:1097,C:321,C:760,catering,46.53,2026-04-14
I:1098,C:2296,C:4507,marketing,610.73,2026-05-31
I:1099,C:4185,C:2857,hardware,623.89,2026-04-27
I:1100,C:379,C:1549,hardware,1067.2,2026-01-04
I:1101,C:1931,C:4710,construction,947.64,2026-03-28
I:1102,C:318,C:2764,software,1560.83,2026-01-16
I:1103,C:4624,C:1269,construction,682.78,2026-02-01
I:1104,C:192,C:458,catering,3514.0,2026-06-15
I:1105,C:4073,C:4241,logistics,126.44,2026-05-24
I:1106,C:2412,C:317,marketing,778.77,2026-04-22
I:1107,C:2577,C:2510,logistics,323.75,2026-06-05
I:1108,C:4658,C:229,consulting,2472.77,2026-01-31
I:1109,C:2656,C:1038,construction,1406.21,2026-04-25
I:1110,C:1363,C:188,logistics,2256.76,2026-05-12
I:1111,C:3820,C:3458,marketing,3336.72,2026-02-25
I:1112,C:4685,C:2402,logistics,543.98,2026-01-07
I:1113,C:1507,C:3158,marketing,257.03,2026-05-03
I:1114,C:2190,C:2496,hardware,253.14,2026-06-09
I:1115,C:1694,C:1223,marketing,336.29,2026-01-02
I:1116,C:630,C:4291,marketing,325.68,2026-05-01
I:1117,C:3128,C:3103,marketing,639.51,2026-01-14
I:1118,C:2825,C:3410,construction,23081.01,2026-04-27
I:1119,C:4641,C:1951,logistics,646.56,2026-03-11
I:1120,C:1665,C:2064,hardware,2228.83,2026-05-19
I:1121,C:3093,C:3506,hardware,583.24,2026-01-12
I:1122,C:2755,C:2584,catering,351.42,2026-06-20
I:1123,C:3326,C:1479,catering,1810.84,2026-03-29
I:1124,C:2583,C:4463,consulting,350.69,2026-03-14
I:1125,C:2288,C:1584,logistics,98.03,2026-02-03
I:1126,C:2895,C:2269,marketing,2210.85,2026-05-15
I:1127,C:2440,C:1670,logistics,3712.6,2026-05-12
I:1128,C:3903,C:806,construction,600.18,2026-01-31
I:1129,C:1176,C:1144,marketing,468.3,2026-05-28
I:1130,C:3732,C:4704,construction,1357.1,2026-02-07
I:1131,C:3173,C:829,logistics,3416.12,2026-04-03
I:1132,C:1438,C:4983,marketing,1135.53,2026-05-01
I:1133,C:3579,C:3891,construction,5679.59,2026-02-18
I:1134,C:2246,C:4672,logistics,2432.48,2026-06-05
I:1135,C:814,C:1028,marketing,1131.35,2026-04-07
I:1136,C:3399,C:232,marketing,13581.87,2026-06-29
I:1137,C:3496,C:2211,marketing,1233.58,2026-03-10
I:1138,C:311,C:4648,consulting,3404.6,2026-01-14
I:1139,C:3054,C:1280,construction,264.93,2026-04-10
I:1140,C:1460,C:4421,software,3087.51,2026-02-10
I:1141,C:3405,C:3925,software,527.16,2026-03-17
I:1142,C:1782,C:4508,marketing,990.04,2026-01-10
I:1143,C:566,C:821,logistics,2035.1,2026-05-19
I:1144,C:1572,C:2388,catering,80.95,2026-06-29
I:1145,C:3427,C:1831,software,942.66,2026-06-26
I:1146,C:2211,C:3554,software,711.94,2026-04-15
I:1147,C:4904,C:4657,construction,312.52,2026-05-06
I:1148,C:3667,C:483,marketing,14458.06,2026-01-14
I:1149,C:2398,C:4112,construction,1408.12,2026-06-28
I:1150,C:1236,C:500,hardware,962.79,2026-05-19
I:1151,C:467,C:4736,catering,2865.31,2026-05-25
I:1152,C:3076,C:2441,construction,1324.54,2026-05-25
I:1153,C:1874,C:247,catering,273.36,2026-02-27
I:1154,C:3445,C:3695,software,3742.55,2026-04-06
I:1155,C:3058,C:1356,construction,651.36,2026-04-25
I:1156,C:3076,C:3249,consulting,329.02,2026-02-12
I:1157,C:127,C:1163,logistics,1150.16,2026-05-04
I:1158,C:4695,C:1701,construction,609.65,2026-03-02
I:1159,C:3815,C:4645,consulting,1070.32,2026-01-01
I:1160,C:354,C:1811,hardware,681.4,2026-02-16
I:1161,C:3177,C:2233,consulting,1034.88,2026-05-22
I:1162,C:4114,C:2892,consulting,1812.46,2026-04-09
I:1163,C:1481,C:268,software,161.55,2026-05-31
I:1164,C:100,C:3325,logistics,664.2,2026-02-06
I:1165,C:1223,C:4492,construction,3048.29,2026-06-11
I:1166,C:3304,C:3654,software,2230.47,2026-01-01
I:1167,C:4531,C:3477,catering,2552.78,2026-01-18
I:1168,C:4803,C:2713,hardware,152.6,2026-03-10
I:1169,C:801,C:383,software,822.37,2026-03-11
I:1170,C:1320,C:1020,hardware,1595.98,2026-06-07
I:1171,C:4252,C:1191,consulting,177.89,2026-06-19
I:1172,C:1025,C:4508,construction,830.9,2026-06-28
I:1173,C:23,C:1725,catering,2607.63,2026-03-01
I:1174,C:2046,C:799,consulting,1413.58,2026-02-19
I:1175,C:999,C:3648,consulting,187.97,2026-04-09
I:1176,C:3592,C:3228,catering,893.3,2026-04-15
I:1177,C:1952,C:3142,software,1276.72,2026-03-29
I:1178,C:4845,C:4390,logistics,1174.97,2026-02-14
I:1179,C:2060,C:4840,software,1870.53,2026-01-17
I:1180,C:4991,C:1513,consulting,440.63,2026-06-10
I:1181,C:4606,C:76,software,2254.61,2026-02-01
I:1182,C:2085,C:1290,construction,7550.01,2026-05-07
I:1183,C:43,C:3432,software,1597.77,2026-03-07
I:1184,C:1981,C:883,consulting,807.05,2026-06-23
I:1185,C:1809,C:3499,catering,932.63,2026-06-14
I:1186,C:457,C:2708,logistics,240.55,2026-05-13
I:1187,C:2401,C:3621,catering,1465.31,2026-01-30
I:1188,C:2424,C:1268,catering,641.5,2026-03-25
I:1189,C:279,C:4268,catering,427.19,2026-06-17
I:1190,C:2348,C:202,software,686.96,2026-04-02
I:1191,C:3781,C:3442,software,6566.07,2026-05-18
I:1192,C:3003,C:2916,consulting,1997.67,2026-04-07
I:1193,C:1232,C:427,consulting,5110.37,2026-02-24
I:1194,C:4483,C:4373,catering,3149.43,2026-05-17
I:1195,C:4051,C:1925,catering,1345.89,2026-06-02
I:1196,C:2511,C:1663,software,1066.46,2026-05-21
I:1197,C:2085,C:1802,marketing,608.58,2026-03-16
I:1198,C:3589,C:4657,marketing,1650.94,2026-04-29
I:1199,C:1627,C:4606,software,669.69,2026-01-15
I:1200,C:899,C:1036,marketing,13743.61,2026-02-06
I:1201,C:63,C:1872,logistics,310.3,2026-06-23
I:1202,C:252,C:1157,hardware,1873.52,2026-04-18
I:1203,C:4025,C:1680,hardware,37462.39,2026-05-30
I:1204,C:1016,C:4872,construction,584.78,2026-05-11
I:1205,C:849,C:3419,catering,1366.1,2026-01-19
I:1206,C:2024,C:3621,hardware,504.41,2026-06-24
I:1207,C:1566,C:3761,consulting,601.96,2026-02-28
I:1208,C:949,C:1992,logistics,580.14,2026-02-12
I:1209,C:4409,C:1361,marketing,667.27,2026-06-14
I:1210,C:2137,C:2100,hardware,1870.44,2026-01-06
I:1211,C:1699,C:735,construction,1574.7,2026-01-10
I:1212,C:4918,C:4766,marketing,4476.3,2026-05-15
I:1213,C:3372,C:4952,consulting,2013.83,2026-01-16
I:1214,C:UNREG64,C:2762,logistics,2727.46,2026-03-23
I:1215,C:3417,C:3701,consulting,254.2,2026-03-28
I:1216,C:3056,C:1600,hardware,2714.09,2026-02-23
I:1217,C:1210,C:1198,software,6366.99,2026-01-01
I:1218,C:4923,C:18,consulting,188.55,2026-04-08
I:1219,C:3589,C:4716,marketing,2756.63,2026-05-27
I:1220,C:3462,C:1107,marketing,236.27,2026-05-17
I:1221,C:4453,C:2500,construction,557.62,2026-06-26
I:1222,C:3462,C:2323,catering,528.26,2026-04-27
I:1223,C:4900,C:3409,marketing,6133.67,2026-03-18
I:1224,C:505,C:4355,construction,1655.93,2026-02-12
I:1225,C:3061,C:3140,catering,1484.4,2026-01-27
I:1226,C:149,C:1430,consulting,1243.08,2026-06-25
I:1227,C:3675,C:449,marketing,809.52,2026-02-06
I:1228,C:1208,C:1397,marketing,1430.33,2026-03-13
I:1229,C:279,C:1952,software,187.55,2026-02-11
I:1230,C:3398,C:2395,construction,2017.9,2026-04-06
I:1231,C:3300,C:3360,logistics,815.9,2026-01-26
I:1232,C:4944,C:4405,catering,4877.3,2026-06-15
I:1233,C:955,C:844,construction,374.02,2026-02-27
I:1234,C:147,C:3532,consulting,399.23,2026-03-08
I:1235,C:246,C:1941,marketing,1787.06,2026-05-05
I:1236,C:2452,C:3586,logistics,722.91,2026-06-08
I:1237,C:3777,C:UNREG69,software,4121.46,2026-04-20
I:1238,C:1897,C:2413,marketing,4390.14,2026-01-29
I:1239,C:4017,C:1994,logistics,1986.61,2026-05-05
I:1240,C:998,C:3031,hardware,726.48,2026-06-13
I:1241,C:1780,C:4287,marketing,13466.15,2026-02-09
I:1242,C:3161,C:1035,catering,478.36,2026-06-13
I:1243,C:2447,C:3360,catering,4242.75,2026-02-19
I:1244,C:546,C:3835,catering,31726.36,2026-03-06
I:1245,C:3476,C:4931,catering,2762.73,2026-01-04
I:1246,C:661,C:4377,construction,762.71,2026-01-02
I:1247,C:902,C:1983,logistics,185.27,2026-03-30
I:1248,C:2348,C:1524,catering,180.27,2026-06-07
I:1249,C:3966,C:2754,catering,875.73,2026-02-22
I:1250,C:1210,C:1164,marketing,386.35,2026-01-01
I:1251,C:783,C:357,catering,253.92,2026-04-29
I:1252,C:1560,C:3021,hardware,2755.31,2026-02-05
I:1253,C:4949,C:894,consulting,2402.95,2026-06-08
I:1254,C:417,C:4448,catering,8245.55,2026-05-02
I:1255,C:702,C:1847,consulting,256.36,2026-06-02
I:1256,C:531,C:4271,marketing,359.03,2026-01-11
I:1257,C:2280,C:137,consulting,641.65,2026-05-05
I:1258,C:3137,C:3814,logistics,4804.1,2026-02-11
I:1259,C:3024,C:2135,catering,2849.9,2026-05-20
I:1260,C:2185,C:2236,software,1548.19,2026-05-08
I:1261,C:1590,C:3678,marketing,1328.78,2026-05-09
I:1262,C:2918,C:4178,logistics,300.79,2026-01-23
I:1263,C:4835,C:3979,logistics,1015.34,2026-01-01
I:1264,C:628,C:3579,catering,472.23,2026-06-06
I:1265,C:853,C:4635,hardware,2575.2,2026-05-10
I:1266,C:4694,C:2398,catering,226.34,2026-05-20
I:1267,C:4518,C:1006,hardware,637.95,2026-03-27
I:1268,C:363,C:1344,catering,1240.11,2026-06-29
I:1269,C:985,C:2079,catering,287.89,2026-05-26
I:1270,C:2,C:3385,construction,841.97,2026-06-27
I:1271,C:2624,C:4895,catering,3234.87,2026-06-22
I:1272,C:3925,C:4158,marketing,1186.47,2026-03-12
I:1273,C:3487,C:2718,logistics,636.89,2026-02-16
I:1274,C:3369,C:2870,software,4782.35,2026-03-13
I:1275,C:3584,C:1466,catering,1107.07,2026-04-02
I:1276,C:855,C:1238,software,161.82,2026-01-14
I:1277,C:1548,C:4736,marketing,877.58,2026-03-30
I:1278,C:4525,C:908,software,1349.8,2026-02-08
I:1279,C:243,C:3692,software,1117.73,2026-01-24
I:1280,C:4744,C:1719,logistics,1554.65,2026-04-12
I:1281,C:1942,C:1485,construction,209.6,2026-04-14
I:1282,C:3673,C:1453,construction,539.33,2026-05-19
I:1283,C:447,C:3075,software,3631.87,2026-06-08
I:1284,C:3547,C:3867,hardware,30278.1,2026-01-18
I:1285,C:1057,C:1665,catering,712.17,2026-06-13
I:1286,C:2764,C:419,marketing,1273.31,2026-01-18
I:1287,C:3160,C:2972,marketing,3394.42,2026-05-17
I:1288,C:1060,C:907,marketing,1230.53,2026-02-02
I:1289,C:167,C:2653,logistics,141.4,2026-06-11
I:1290,C:1132,C:370,hardware,10018.02,2026-04-06
I:1291,C:1188,C:3727,hardware,6985.71,2026-02-27
I:1292,C:1382,C:4048,catering,321.59,2026-02-22
I:1293,C:31,C:4280,construction,953.02,2026-03-26
I:1294,C:367,C:4882,consulting,415.67,2026-02-27
I:1295,C:1892,C:3198,catering,8055.16,2026-02-02
I:1296,C:3819,C:3470,hardware,159.99,2026-01-07
I:1297,C:3843,C:3153,construction,1547.24,2026-03-26
I:1298,C:578,C:2506,hardware,4860.21,2026-05-19
I:1299,C:1872,C:1073,construction,344.65,2026-06-21
I:1300,C:2243,C:1852,software,314.03,2026-03-11
I:1301,C:2313,C:1381,marketing,2272.36,2026-02-03
I:1302,C:4515,C:1972,logistics,1569.0,2026-04-20
I:1303,C:1178,C:3620,software,9896.77,2026-05-13
I:1304,C:204,C:3695,construction,95.23,2026-04-24
I:1305,C:95,C:2253,construction,2049.51,2026-04-23
I:1306,C:1812,C:4273,catering,435.53,2026-06-28
I:1307,C:3875,C:3508,software,12379.04,2026-01-29
I:1308,C:2564,C:4095,catering,725.58,2026-03-24
I:1309,C:4588,C:4430,consulting,679.25,2026-04-29
I:1310,C:3117,C:4227,construction,4942.54,2026-03-08
I:1311,C:1551,C:4994,logistics,1509.63,2026-05-17
I:1312,C:4317,C:4651,hardware,2673.79,2026-05-04
I:1313,C:45,C:1060,construction,6413.95,2026-05-25
I:1314,C:4235,C:4736,logistics,7952.73,2026-03-20
I:1315,C:1966,C:4523,logistics,2654.87,2026-03-17
I:1316,C:2245,C:3042,hardware,347.68,2026-02-05
I:1317,C:1027,C:3817,catering,5386.91,2026-06-10
I:1318,C:4415,C:2793,logistics,524.9,2026-04-05
I:1319,C:4959,C:4669,consulting,1156.2,2026-01-17
I:1320,C:4351,C:2937,marketing,42.89,2026-06-17
I:1321,C:1239,C:4088,construction,3928.14,2026-03-19
I:1322,C:1443,C:3324,catering,185.73,2026-02-18
I:1323,C:4544,C:982,construction,4370.02,2026-04-28
I:1324,C:1132,C:4686,consulting,304.68,2026-01-10
I:1325,C:4935,C:3135,catering,374.49,2026-05-03
I:1326,C:1280,C:1215,software,2721.9,2026-02-17
I:1327,C:132,C:4169,software,2607.17,2026-01-08
I:1328,C:55,C:1830,consulting,8157.29,2026-03-02
I:1329,C:3792,C:665,construction,298.11,2026-06-24
I:1330,C:575,C:3668,logistics,396.99,2026-01-12
I:1331,C:1754,C:185,construction,1624.43,2026-01-11
I:1332,C:849,C:3762,marketing,391.88,2026-01-20
I:1333,C:3733,C:3006,logistics,1915.57,2026-01-19
I:1334,C:4050,C:1131,consulting,3689.64,2026-04-05
I:1335,C:2003,C:3777,catering,642.46,2026-03-23
I:1336,C:3564,C:1433,catering,545.27,2026-02-03
I:1337,C:2041,C:1435,software,1374.34,2026-02-12
I:1338,C:647,C:1421,logistics,1954.05,2026-04-22
I:1339,C:1697,C:3511,construction,12127.55,2026-01-11
I:1340,C:4635,C:4327,software,926.33,2026-05-08
I:1341,C:1145,C:4247,software,669.22,2026-05-18
I:1342,C:2407,C:2130,consulting,138.73,2026-06-05
I:1343,C:960,C:3196,construction,1337.97,2026-04-14
I:1344,C:676,C:3431,hardware,349.77,2026-03-30
I:1345,C:2651,C:3605,consulting,1597.21,2026-02-26
I:1346,C:1539,C:3016,construction,779.63,2026-02-02
I:1347,C:1799,C:4075,consulting,1264.5,2026-01-28
I:1348,C:3278,C:543,logistics,929.25,2026-04-28
I:1349,C:2835,C:545,catering,1465.7,2026-04-05
I:1350,C:4478,C:3733,marketing,760.4,2026-04-25
I:1351,C:1336,C:3815,catering,3849.16,2026-06-05
I:1352,C:3502,C:2085,consulting,2477.57,2026-02-27
I:1353,C:1980,C:1425,marketing,560.2,2026-05-09
I:1354,C:1583,C:2531,marketing,6901.58,2026-06-20
I:1355,C:1563,C:3966,software,525.67,2026-03-05
I:1356,C:2648,C:2024,logistics,137.8,2026-01-27
I:1357,C:2074,C:4107,marketing,255.5,2026-02-15
I:1358,C:1527,C:806,construction,12289.74,2026-03-29
I:1359,C:3296,C:1920,catering,1303.01,2026-05-17
I:1360,C:235,C:4207,software,2523.23,2026-05-21
I:1361,C:3025,C:4200,marketing,1533.4,2026-02-02
I:1362,C:3187,C:4923,logistics,1202.92,2026-02-21
I:1363,C:4923,C:559,hardware,446.88,2026-06-02
I:1364,C:911,C:2864,consulting,670.42,2026-02-10
I:1365,C:1488,C:304,catering,11166.92,2026-06-09
I:1366,C:3954,C:2460,catering,4489.7,2026-02-26
I:1367,C:233,C:3217,catering,25627.91,2026-02-16
I:1368,C:1872,C:1266,software,647.42,2026-05-20
I:1369,C:1801,C:4361,hardware,406.29,2026-06-10
I:1370,C:2854,C:1845,construction,574.64,2026-04-24
I:1371,C:2589,C:2584,logistics,361.16,2026-05-04
I:1372,C:4991,C:2210,catering,255.63,2026-04-21
I:1373,C:4139,C:4227,software,2053.89,2026-04-01
I:1374,C:1520,C:892,hardware,604.24,2026-02-05
I:1375,C:1854,C:4437,hardware,4996.06,2026-03-22
I:1376,C:UNREG7,C:1855,construction,49.42,2026-06-03
I:1377,C:2026,C:118,construction,3783.74,2026-04-13
I:1378,C:3554,C:3951,hardware,1506.28,2026-03-16
I:1379,C:1446,C:4359,logistics,3941.53,2026-01-18
I:1380,C:4987,C:4860,construction,419.16,2026-02-13
I:1381,C:607,C:4576,marketing,89.28,2026-05-23
I:1382,C:3503,C:744,marketing,933.66,2026-01-06
I:1383,C:152,C:3855,consulting,2362.03,2026-03-04
I:1384,C:2390,C:3638,software,538.06,2026-03-12
I:1385,C:4482,C:3685,consulting,4374.2,2026-05-18
I:1386,C:1977,C:1438,marketing,349.66,2026-02-13
I:1387,C:3537,C:409,hardware,1793.57,2026-01-12
I:1388,C:3119,C:2162,hardware,795.7,2026-02-05
I:1389,C:1258,C:949,marketing,191.94,2026-02-03
I:1390,C:1291,C:3496,logistics,2479.5,2026-02-24
I:1391,C:1467,C:3185,consulting,939.34,2026-06-25
I:1392,C:4220,C:1910,consulting,329.29,2026-02-13
I:1393,C:1825,C:1333,consulting,16260.72,2026-02-04
I:1394,C:1251,C:296,logistics,4402.45,2026-06-24
I:1395,C:4675,C:1328,construction,167.87,2026-01-15
I:1396,C:4765,C:1969,software,1087.89,2026-04-11
I:1397,C:706,C:1091,logistics,516.13,2026-04-29
I:1398,C:4289,C:4223,marketing,379.5,2026-01-08
I:1399,C:3370,C:262,marketing,1701.69,2026-02-21
I:1400,C:1509,C:2833,construction,566.17,2026-04-25
I:1401,C:2838,C:4054,consulting,6622.78,2026-04-22
I:1402,C:3327,C:147,logistics,299.68,2026-06-03
I:1403,C:4177,C:4260,catering,813.2,2026-01-21
I:1404,C:3131,C:2900,catering,657.08,2026-04-22
I:1405,C:57,C:2822,software,1970.53,2026-06-07
I:1406,C:3130,C:2513,marketing,1046.81,2026-05-24
I:1407,C:4916,C:2604,construction,81.6,2026-04-14
I:1408,C:4609,C:3093,construction,3004.19,2026-02-28
I:1409,C:3708,C:924,catering,749.37,2026-04-15
I:1410,C:2564,C:4523,logistics,65.33,2026-02-28
I:1411,C:4128,C:3776,logistics,2283.88,2026-06-27
I:1412,C:1230,C:4693,marketing,1622.18,2026-03-16
I:1413,C:1690,C:3770,hardware,1236.2,2026-05-30
I:1414,C:2377,C:2061,marketing,521.54,2026-05-13
I:1415,C:2801,C:3567,marketing,5093.93,2026-04-21
I:1416,C:1263,C:4693,construction,116.53,2026-05-14
I:1417,C:4848,C:948,software,1341.74,2026-05-27
I:1418,C:1489,C:2129,logistics,1276.22,2026-02-22
I:1419,C:2125,C:2955,catering,2159.8,2026-05-17
I:1420,C:472,C:3345,construction,248.01,2026-01-03
I:1421,C:775,C:4071,software,423.41,2026-04-25
I:1422,C:1963,C:4597,catering,41.83,2026-03-13
I:1423,C:2486,C:3402,hardware,4793.5,2026-01-10
I:1424,C:3323,C:767,software,415.0,2026-03-07
I:1425,C:4389,C:4826,marketing,174.21,2026-05-09
I:1426,C:2820,C:4367,consulting,376.57,2026-06-06
I:1427,C:4247,C:3978,catering,161.24,2026-02-19
I:1428,C:4664,C:4236,construction,497.91,2026-06-05
I:1429,C:3680,C:2195,catering,1767.64,2026-01-15
I:1430,C:3400,C:1489,logistics,665.42,2026-01-10
I:1431,C:2194,C:2171,catering,345.29,2026-01-04
I:1432,C:1029,C:602,catering,638.54,2026-06-15
I:1433,C:3375,C:2857,marketing,634.53,2026-02-19
I:1434,C:328,C:1422,logistics,50.36,2026-01-13
I:1435,C:4912,C:942,software,1058.14,2026-01-17
I:1436,C:3554,C:2071,logistics,243.87,2026-03-03
I:1437,C:215,C:1609,construction,8863.33,2026-06-08
I:1438,C:2253,C:2766,hardware,430.45,2026-03-04
I:1439,C:4522,C:4126,software,9315.66,2026-02-11
I:1440,C:202,C:2445,construction,255.5,2026-02-06
I:1441,C:187,C:3815,hardware,1248.23,2026-04-14
I:1442,C:4057,C:439,catering,4884.94,2026-05-03
I:1443,C:2800,C:2123,hardware,7628.9,2026-06-14
I:1444,C:4006,C:999,consulting,3261.01,2026-06-20
I:1445,C:1878,C:4125,catering,1333.06,2026-03-11
I:1446,C:4532,C:3901,software,1676.9,2026-02-23
I:1447,C:928,C:999,software,156.02,2026-02-11
I:1448,C:4599,C:2273,consulting,658.89,2026-01-29
I:1449,C:228,C:4715,construction,1142.31,2026-04-28
I:1450,C:1630,C:3479,software,1936.98,2026-02-18
I:1451,C:2514,C:3464,software,4708.94,2026-01-12
I:1452,C:840,C:4097,construction,527.86,2026-01-28
I:1453,C:2039,C:4014,consulting,1351.17,2026-01-26
I:1454,C:1370,C:2759,hardware,2683.19,2026-05-23
I:1455,C:3215,C:4640,construction,1484.13,2026-01-01
I:1456,C:4488,C:2796,hardware,1746.3,2026-05-08
I:1457,C:1473,C:4588,catering,74.32,2026-01-01
I:1458,C:1508,C:4106,construction,941.54,2026-06-21
I:1459,C:3183,C:1276,hardware,319.03,2026-02-12
I:1460,C:1073,C:1618,construction,1081.83,2026-01-21
I:1461,C:2362,C:2847,hardware,832.02,2026-03-07
I:1462,C:1559,C:1229,logistics,1531.29,2026-06-11
I:1463,C:1939,C:4950,construction,633.81,2026-03-05
I:1464,C:1091,C:1052,consulting,1656.92,2026-04-19
I:1465,C:4162,C:1675,marketing,442.2,2026-01-22
I:1466,C:2255,C:1566,logistics,501.46,2026-06-11
I:1467,C:1181,C:3292,consulting,3177.39,2026-03-08
I:1468,C:207,C:4390,software,3671.3,2026-01-01
I:1469,C:3194,C:1410,logistics,1208.08,2026-04-25
I:1470,C:2336,C:2337,catering,191.85,2026-03-23
I:1471,C:365,C:1185,marketing,2769.64,2026-06-06
I:1472,C:3144,C:3044,construction,623.86,2026-04-16
I:1473,C:4995,C:140,hardware,1723.27,2026-04-04
I:1474,C:4752,C:972,hardware,461.08,2026-02-25
I:1475,C:1546,C:2325,software,6974.14,2026-02-01
I:1476,C:4333,C:3011,software,1154.15,2026-02-09
I:1477,C:4877,C:1004,software,124.14,2026-03-04
I:1478,C:4037,C:4729,catering,7272.21,2026-01-25
I:1479,C:126,C:3843,construction,1532.36,2026-05-26
I:1480,C:3152,C:4506,software,2025.08,2026-02-28
I:1481,C:2791,C:1640,marketing,2276.91,2026-06-29
I:1482,C:2610,C:701,catering,275.62,2026-05-02
I:1483,C:4980,C:874,consulting,1005.78,2026-02-13
I:1484,C:2775,C:2812,marketing,491.26,2026-01-27
I:1485,C:586,C:946,catering,431.79,2026-02-07
I:1486,C:1658,C:3678,construction,1594.68,2026-01-18
I:1487,C:2645,C:3392,construction,2690.76,2026-05-06
I:1488,C:4834,C:1395,marketing,3941.34,2026-04-06
I:1489,C:4565,C:3891,marketing,2837.46,2026-05-27
I:1490,C:4077,C:1618,construction,220.68,2026-01-05
I:1491,C:4562,C:1192,catering,513.46,2026-02-12
I:1492,C:4757,C:3072,catering,584.59,2026-04-14
I:1493,C:3178,C:2386,hardware,54.01,2026-03-24
I:1494,C:527,C:3182,hardware,5640.52,2026-05-20
I:1495,C:3782,C:2347,marketing,171.38,2026-04-12
I:1496,C:1435,C:2205,logistics,1466.83,2026-01-12
I:1497,C:4873,C:2200,logistics,8545.26,2026-01-09
I:1498,C:3709,C:4016,logistics,1515.59,2026-04-26
I:1499,C:3312,C:1847,marketing,94.42,2026-05-18
I:1500,C:122,C:4194,catering,8419.56,2026-02-01
I:1501,C:1220,C:31,consulting,1277.61,2026-03-25
I:1502,C:2,C:2753,construction,988.0,2026-06-12
I:1503,C:2598,C:1349,catering,134.89,2026-06-13
I:1504,C:1734,C:4719,construction,2819.71,2026-01-09
I:1505,C:1743,C:1289,software,3938.8,2026-02-25
I:1506,C:562,C:3493,consulting,242.31,2026-02-04
I:1507,C:1290,C:4240,marketing,2550.78,2026-02-10
I:1508,C:2825,C:4526,consulting,2683.69,2026-06-16
I:1509,C:544,C:2999,logistics,136.35,2026-01-11
I:1510,C:1156,C:3240,software,4177.62,2026-03-23
I:1511,C:4689,C:1011,construction,1469.03,2026-06-03
I:1512,C:1305,C:2518,construction,2426.88,2026-05-13
I:1513,C:4214,C:1291,catering,109.51,2026-04-29
I:1514,C:4035,C:1029,catering,6919.51,2026-04-10
I:1515,C:1027,C:3385,hardware,91.24,2026-01-17
I:1516,C:4401,C:410,construction,6705.19,2026-03-16
I:1517,C:2105,C:4152,logistics,1852.13,2026-06-17
I:1518,C:4570,C:1121,consulting,800.99,2026-05-01
I:1519,C:3771,C:446,marketing,954.39,2026-03-20
I:1520,C:3308,C:2190,software,153.8,2026-02-08
I:1521,C:3472,C:1132,software,2598.51,2026-03-08
I:1522,C:2000,C:3655,software,544.71,2026-04-10
I:1523,C:1000,C:1976,software,236.55,2026-05-07
I:1524,C:3504,C:2085,hardware,659.93,2026-05-01
I:1525,C:1335,C:619,consulting,1418.47,2026-05-20
I:1526,C:2201,C:1301,consulting,2206.81,2026-06-11
I:1527,C:4967,C:3691,logistics,11889.15,2026-06-09
I:1528,C:3996,C:1027,construction,8360.25,2026-04-05
I:1529,C:1468,C:1682,construction,2773.87,2026-03-18
I:1530,C:2395,C:3974,software,1063.78,2026-02-24
I:1531,C:3620,C:396,catering,275.32,2026-03-09
I:1532,C:948,C:1686,catering,5572.18,2026-06-27
I:1533,C:2487,C:3993,consulting,366.06,2026-03-15
I:1534,C:328,C:3289,marketing,258.99,2026-06-27
I:1535,C:2861,C:3504,construction,966.62,2026-03-10
I:1536,C:3729,C:2069,logistics,1754.43,2026-03-05
I:1537,C:4119,C:2062,software,3097.16,2026-05-26
I:1538,C:3222,C:2854,logistics,6161.6,2026-05-17
I:1539,C:2720,C:4147,hardware,270.6,2026-03-02
I:1540,C:4857,C:UNREG23,marketing,92.89,2026-01-04
I:1541,C:2910,C:4914,marketing,461.74,2026-06-13
I:1542,C:566,C:2204,catering,2165.86,2026-04-23
I:1543,C:2899,C:2191,marketing,1365.87,2026-05-28
I:1544,C:3381,C:555,consulting,630.11,2026-06-05
I:1545,C:4449,C:256,construction,5052.82,2026-04-13
I:1546,C:3639,C:1085,software,195.52,2026-01-05
I:1547,C:3511,C:1321,consulting,758.57,2026-02-03
I:1548,C:1377,C:759,logistics,5276.93,2026-05-10
I:1549,C:1808,C:514,logistics,451.14,2026-04-13
I:1550,C:2977,C:3054,hardware,748.34,2026-03-07
I:1551,C:2938,C:870,software,4552.71,2026-05-29
I:1552,C:756,C:16,logistics,161.25,2026-03-15
I:1553,C:1923,C:4179,construction,1204.09,2026-01-01
I:1554,C:4067,C:2259,software,2137.46,2026-01-12
I:1555,C:2521,C:3324,hardware,1450.69,2026-06-21
I:1556,C:3826,C:1196,construction,125.24,2026-03-27
I:1557,C:1095,C:4818,catering,1086.09,2026-05-07
I:1558,C:3096,C:1603,logistics,6899.48,2026-03-27
I:1559,C:3761,C:3349,consulting,795.59,2026-05-31
I:1560,C:3491,C:4734,logistics,174.72,2026-02-18
I:1561,C:2334,C:2652,logistics,1442.7,2026-04-09
I:1562,C:2259,C:3594,catering,291.5,2026-02-05
I:1563,C:4505,C:285,consulting,2215.9,2026-06-27
I:1564,C:1462,C:339,catering,1795.9,2026-01-15
I:1565,C:4049,C:1840,hardware,3026.38,2026-04-08
I:1566,C:1963,C:2104,software,556.02,2026-06-14
I:1567,C:4605,C:1980,consulting,2036.34,2026-04-04
I:1568,C:2298,C:181,software,291.79,2026-02-21
I:1569,C:4375,C:3482,marketing,457.31,2026-03-26
I:1570,C:759,C:1582,consulting,476.4,2026-03-12
I:1571,C:769,C:4329,software,520.91,2026-01-12
I:1572,C:2335,C:3130,software,3670.28,2026-03-14
I:1573,C:3658,C:3774,construction,346.64,2026-05-08
I:1574,C:1184,C:1421,logistics,6339.01,2026-02-10
I:1575,C:2596,C:1327,hardware,2837.94,2026-03-24
I:1576,C:1295,C:2843,logistics,1598.25,2026-04-03
I:1577,C:2902,C:4500,hardware,2557.54,2026-05-08
I:1578,C:1107,C:3919,logistics,2490.6,2026-03-19
I:1579,C:3054,C:2027,construction,589.13,2026-01-10
I:1580,C:3426,C:2065,logistics,187.54,2026-03-04
I:1581,C:1172,C:902,logistics,3273.63,2026-04-28
I:1582,C:4543,C:1197,logistics,414.63,2026-06-14
I:1583,C:4291,C:1956,logistics,628.88,2026-04-26
I:1584,C:2872,C:983,catering,2174.98,2026-05-14
I:1585,C:2437,C:381,software,294.13,2026-01-15
I:1586,C:3119,C:6,construction,1933.7,2026-02-23
I:1587,C:3915,C:865,logistics,573.81,2026-05-29
I:1588,C:4742,C:1277,logistics,1480.22,2026-05-11
I:1589,C:2325,C:4350,consulting,1570.23,2026-06-08
I:1590,C:1313,C:3544,construction,705.4,2026-01-07
I:1591,C:251,C:1156,consulting,785.4,2026-03-20
I:1592,C:3065,C:3969,marketing,1382.03,2026-06-14
I:1593,C:3092,C:3602,catering,1794.74,2026-04-05
I:1594,C:4246,C:3014,software,3097.4,2026-03-23
I:1595,C:1856,C:1966,marketing,579.04,2026-06-12
I:1596,C:1469,C:1646,construction,656.05,2026-05-06
I:1597,C:4325,C:2059,catering,5078.12,2026-05-14
I:1598,C:3633,C:2952,hardware,957.63,2026-03-21
I:1599,C:1246,C:282,logistics,1813.03,2026-06-10
I:1600,C:2074,C:3312,catering,639.27,2026-01-28
I:1601,C:992,C:706,construction,910.81,2026-02-20
I:1602,C:311,C:1826,marketing,7915.5,2026-01-29
I:1603,C:4696,C:1424,hardware,1570.71,2026-05-15
I:1604,C:4878,C:2585,software,935.9,2026-04-21
I:1605,C:3729,C:1602,construction,5773.87,2026-04-30
I:1606,C:4108,C:2751,marketing,1015.18,2026-06-10
I:1607,C:705,C:3724,hardware,251.22,2026-03-06
I:1608,C:477,C:4486,consulting,7941.67,2026-01-01
I:1609,C:1592,C:530,marketing,761.57,2026-01-23
I:1610,C:1100,C:467,construction,119.79,2026-02-07
I:1611,C:3680,C:1919,logistics,251.48,2026-02-05
I:1612,C:3224,C:1288,consulting,7470.09,2026-01-19
I:1613,C:2544,C:1250,construction,687.63,2026-03-03
I:1614,C:3623,C:534,logistics,279.32,2026-05-02
I:1615,C:4552,C:3295,consulting,1264.06,2026-04-27
I:1616,C:886,C:4038,hardware,585.0,2026-02-12
I:1617,C:2338,C:4328,construction,6220.88,2026-01-12
I:1618,C:3011,C:4183,consulting,1467.62,2026-02-06
I:1619,C:4210,C:133,construction,358.13,2026-05-14
I:1620,C:1957,C:4900,marketing,2669.05,2026-05-01
I:1621,C:3996,C:649,hardware,2283.93,2026-01-11
I:1622,C:4032,C:458,marketing,467.03,2026-06-03
I:1623,C:1072,C:2325,marketing,7624.98,2026-06-26
I:1624,C:3019,C:1325,construction,301.65,2026-02-01
I:1625,C:3218,C:1678,logistics,328.4,2026-06-12
I:1626,C:2812,C:1618,logistics,92.7,2026-01-30
I:1627,C:4225,C:3107,consulting,1137.84,2026-06-16
I:1628,C:3155,C:1792,catering,3660.25,2026-02-24
I:1629,C:3104,C:216,software,2770.2,2026-01-04
I:1630,C:3645,C:1112,construction,531.6,2026-02-23
I:1631,C:925,C:72,marketing,271.03,2026-03-09
I:1632,C:2767,C:1504,software,410.92,2026-05-13
I:1633,C:876,C:3051,logistics,3695.07,2026-01-12
I:1634,C:2246,C:1779,logistics,7170.55,2026-05-04
I:1635,C:3978,C:2675,consulting,778.46,2026-06-13
I:1636,C:729,C:2127,catering,6520.16,2026-03-16
I:1637,C:2963,C:1891,construction,148.34,2026-03-07
I:1638,C:2863,C:4587,marketing,13937.1,2026-02-22
I:1639,C:3348,C:4563,catering,2811.43,2026-04-06
I:1640,C:4924,C:3324,software,2781.59,2026-03-10
I:1641,C:1188,C:3046,marketing,1117.69,2026-06-23
I:1642,C:4194,C:4529,marketing,3137.39,2026-03-04
I:1643,C:134,C:3553,logistics,2046.82,2026-05-04
I:1644,C:443,C:4899,logistics,761.72,2026-06-08
I:1645,C:584,C:2599,marketing,4651.25,2026-03-17
I:1646,C:30,C:632,consulting,1323.99,2026-04-17
I:1647,C:2371,C:4376,software,845.03,2026-05-02
I:1648,C:2813,C:3058,software,4110.87,2026-03-20
I:1649,C:129,C:3813,hardware,1403.78,2026-02-09
I:1650,C:4752,C:4705,consulting,354.83,2026-01-05
I:1651,C:693,C:3445,hardware,458.93,2026-03-22
I:1652,C:3480,C:2777,marketing,2285.5,2026-01-10
I:1653,C:4175,C:4126,construction,185.65,2026-05-15
I:1654,C:4478,C:3471,catering,421.13,2026-03-25
I:1655,C:360,C:4098,catering,1966.5,2026-05-22
I:1656,C:1708,C:823,construction,2459.96,2026-02-24
I:1657,C:2599,C:2563,software,594.13,2026-02-26
I:1658,C:3315,C:1431,catering,1215.73,2026-01-25
I:1659,C:2397,C:4008,hardware,876.15,2026-01-01
I:1660,C:1373,C:4649,consulting,439.56,2026-05-07
I:1661,C:2220,C:3908,catering,3142.34,2026-02-02
I:1662,C:1122,C:775,construction,279.01,2026-05-20
I:1663,C:2556,C:1976,consulting,5157.96,2026-05-13
I:1664,C:3613,C:4349,construction,65.43,2026-05-04
I:1665,C:374,C:872,software,434.24,2026-06-07
I:1666,C:913,C:1483,construction,70.62,2026-02-15
I:1667,C:3799,C:3600,construction,32.13,2026-03-04
I:1668,C:1795,C:1709,hardware,1069.65,2026-05-07
I:1669,C:2840,C:2444,hardware,674.33,2026-06-01
I:1670,C:1746,C:253,construction,285.54,2026-04-04
I:1671,C:2270,C:3159,software,447.97,2026-05-02
I:1672,C:2884,C:199,hardware,834.47,2026-06-24
I:1673,C:3699,C:3378,logistics,1207.55,2026-03-26
I:1674,C:1897,C:1300,consulting,1593.72,2026-01-18
I:1675,C:1220,C:4327,logistics,326.75,2026-01-24
I:1676,C:459,C:4332,consulting,309.43,2026-03-21
I:1677,C:1275,C:3857,construction,1534.09,2026-04-14
I:1678,C:1101,C:1972,logistics,416.26,2026-01-21
I:1679,C:1614,C:1925,logistics,2497.17,2026-02-08
I:1680,C:4899,C:4029,marketing,152.97,2026-02-09
I:1681,C:1315,C:1844,logistics,585.46,2026-04-09
I:1682,C:569,C:1590,catering,98.18,2026-03-14
I:1683,C:2835,C:2090,logistics,6160.74,2026-01-12
I:1684,C:1697,C:3263,consulting,4371.34,2026-05-12
I:1685,C:3665,C:719,consulting,2813.06,2026-06-19
I:1686,C:1099,C:2580,logistics,918.29,2026-01-11
I:1687,C:621,C:1873,construction,589.82,2026-06-11
I:1688,C:1921,C:2866,consulting,4767.63,2026-02-14
I:1689,C:3160,C:4481,consulting,371.5,2026-06-01
I:1690,C:850,C:1332,construction,636.37,2026-06-14
I:1691,C:3131,C:876,catering,713.54,2026-04-01
I:1692,C:804,C:927,hardware,967.28,2026-02-05
I:1693,C:2239,C:4262,catering,2201.52,2026-02-02
I:1694,C:UNREG35,C:2664,catering,27718.78,2026-05-27
I:1695,C:3152,C:1933,hardware,3498.78,2026-06-17
I:1696,C:4318,C:56,construction,156.69,2026-01-11
I:1697,C:4022,C:2477,software,1188.29,2026-06-28
I:1698,C:4366,C:2587,catering,5953.02,2026-05-19
I:1699,C:370,C:4345,catering,1742.3,2026-03-24
I:1700,C:1527,C:3012,software,606.84,2026-03-27
I:1701,C:4241,C:831,logistics,8767.64,2026-05-03
I:1702,C:1504,C:2320,marketing,1950.2,2026-05-12
I:1703,C:3450,C:2206,catering,645.98,2026-03-16
I:1704,C:2108,C:3196,marketing,683.57,2026-04-11
I:1705,C:4796,C:202,construction,1386.32,2026-04-27
I:1706,C:825,C:2560,hardware,170.53,2026-05-03
I:1707,C:1881,C:4885,logistics,1562.03,2026-02-14
I:1708,C:4063,C:3750,consulting,177.5,2026-05-05
I:1709,C:2852,C:4142,software,538.2,2026-01-12
I:1710,C:1200,C:3060,marketing,511.45,2026-04-21
I:1711,C:1007,C:741,software,82.24,2026-03-25
I:1712,C:4259,C:4051,software,931.31,2026-05-06
I:1713,C:1585,C:2224,logistics,2050.67,2026-06-05
I:1714,C:13,C:500,construction,657.66,2026-04-25
I:1715,C:4039,C:2400,consulting,953.63,2026-05-18
I:1716,C:1575,C:2446,construction,505.09,2026-02-19
I:1717,C:2692,C:3144,construction,4116.68,2026-05-02
I:1718,C:4363,C:3122,hardware,435.9,2026-04-26
I:1719,C:3886,C:385,software,530.44,2026-04-30
I:1720,C:4344,C:890,hardware,426.34,2026-06-21
I:1721,C:1749,C:2053,software,1279.76,2026-03-28
I:1722,C:723,C:4820,hardware,541.77,2026-06-13
I:1723,C:4428,C:2899,catering,1509.51,2026-03-28
I:1724,C:1682,C:1753,catering,4990.1,2026-03-23
I:1725,C:3309,C:4962,consulting,385.31,2026-04-28
I:1726,C:4056,C:715,consulting,12838.0,2026-03-18
I:1727,C:1872,C:3874,hardware,917.48,2026-04-18
I:1728,C:2166,C:709,logistics,3857.24,2026-03-23
I:1729,C:1681,C:2862,marketing,696.52,2026-04-15
I:1730,C:2307,C:2108,logistics,4231.21,2026-04-21
I:1731,C:1875,C:2403,construction,286.73,2026-05-31
I:1732,C:4819,C:1626,hardware,14277.6,2026-06-10
I:1733,C:2941,C:334,marketing,340.43,2026-05-28
I:1734,C:2579,C:3372,hardware,4579.24,2026-06-17
I:1735,C:3382,C:2409,software,1617.94,2026-03-08
I:1736,C:2258,C:3636,consulting,622.04,2026-05-11
I:1737,C:1708,C:1431,catering,1256.12,2026-03-31
I:1738,C:970,C:3630,construction,2942.08,2026-03-11
I:1739,C:3763,C:2440,construction,417.03,2026-04-01
I:1740,C:3108,C:3518,hardware,32.63,2026-02-15
I:1741,C:4448,C:2135,consulting,6629.63,2026-04-06
I:1742,C:1347,C:1172,logistics,385.9,2026-01-07
I:1743,C:2116,C:2734,logistics,1626.43,2026-04-02
I:1744,C:3793,C:3797,construction,357.68,2026-01-16
I:1745,C:2005,C:2594,construction,1297.18,2026-03-06
I:1746,C:1037,C:1820,catering,5786.8,2026-01-12
I:1747,C:4393,C:3197,construction,3398.9,2026-01-14
I:1748,C:1561,C:3017,catering,3362.77,2026-05-05
I:1749,C:738,C:2302,logistics,2515.51,2026-02-11
I:1750,C:1189,C:2796,hardware,9595.03,2026-06-14
I:1751,C:734,C:2197,marketing,557.54,2026-01-05
I:1752,C:UNREG59,C:3835,logistics,10852.58,2026-05-04
I:1753,C:3660,C:125,consulting,2337.3,2026-05-23
I:1754,C:4291,C:880,catering,1008.1,2026-02-10
I:1755,C:739,C:3535,consulting,8162.34,2026-03-21
I:1756,C:1697,C:683,software,253.6,2026-04-25
I:1757,C:1969,C:659,software,6210.68,2026-06-04
I:1758,C:3108,C:2209,logistics,1458.78,2026-03-22
I:1759,C:2135,C:304,construction,1202.82,2026-02-13
I:1760,C:4569,C:2431,catering,1014.95,2026-03-25
I:1761,C:4212,C:2016,catering,7951.84,2026-05-24
I:1762,C:4639,C:1731,software,860.87,2026-04-10
I:1763,C:2389,C:2628,consulting,685.63,2026-01-17
I:1764,C:4358,C:3397,consulting,876.86,2026-04-15
I:1765,C:955,C:920,hardware,3341.03,2026-06-02
I:1766,C:1989,C:1101,catering,69.92,2026-02-04
I:1767,C:978,C:3452,marketing,7469.06,2026-05-10
I:1768,C:4240,C:4362,hardware,3864.79,2026-02-25
I:1769,C:1464,C:1988,logistics,1649.45,2026-04-03
I:1770,C:2751,C:1619,marketing,765.97,2026-01-22
I:1771,C:4278,C:4120,construction,19516.75,2026-06-18
I:1772,C:2853,C:3660,catering,2762.12,2026-01-15
I:1773,C:215,C:2714,catering,1731.73,2026-05-08
I:1774,C:2286,C:2456,catering,1855.1,2026-04-06
I:1775,C:4226,C:1850,software,525.11,2026-02-21
I:1776,C:3003,C:4605,hardware,1982.76,2026-02-27
I:1777,C:1878,C:1065,marketing,4561.06,2026-04-09
I:1778,C:4284,C:4768,logistics,598.57,2026-03-07
I:1779,C:2979,C:4095,construction,310.98,2026-06-16
I:1780,C:3489,C:2831,consulting,866.7,2026-05-24
I:1781,C:469,C:4765,logistics,395.82,2026-02-02
I:1782,C:1029,C:2281,hardware,1406.9,2026-06-12
I:1783,C:3037,C:187,catering,1102.43,2026-05-08
I:1784,C:2322,C:4307,marketing,5250.67,2026-02-25
I:1785,C:1074,C:4670,marketing,522.85,2026-05-23
I:1786,C:4248,C:3309,logistics,546.7,2026-02-01
I:1787,C:UNREG60,C:2293,consulting,6703.67,2026-05-15
I:1788,C:1190,C:3327,software,2078.22,2026-04-09
I:1789,C:1667,C:50,marketing,3691.67,2026-05-04
I:1790,C:1351,C:2409,software,1318.8,2026-03-28
I:1791,C:37,C:3978,construction,1600.65,2026-05-24
I:1792,C:2052,C:1879,marketing,549.29,2026-02-20
I:1793,C:1655,C:2150,logistics,19423.66,2026-01-15
I:1794,C:3981,C:1140,hardware,7423.12,2026-05-20
I:1795,C:2071,C:11,consulting,1463.28,2026-05-01
I:1796,C:3884,C:1396,marketing,1400.71,2026-04-30
I:1797,C:1630,C:2788,software,1732.44,2026-05-29
I:1798,C:1423,C:1091,marketing,670.96,2026-03-05
I:1799,C:3034,C:2061,catering,5803.77,2026-02-21
I:1800,C:186,C:700,logistics,176.62,2026-06-27
I:1801,C:3106,C:3275,construction,1008.81,2026-06-21
I:1802,C:2883,C:958,marketing,824.52,2026-01-31
I:1803,C:1050,C:4879,logistics,885.42,2026-01-03
I:1804,C:4796,C:876,construction,1897.79,2026-03-07
I:1805,C:4450,C:1157,software,1245.2,2026-06-02
I:1806,C:1838,C:3471,hardware,1478.64,2026-02-13
I:1807,C:3500,C:4291,catering,3465.52,2026-05-18
I:1808,C:3035,C:3260,consulting,229.77,2026-06-26
I:1809,C:569,C:3072,consulting,1160.32,2026-06-17
I:1810,C:3745,C:337,marketing,2403.48,2026-05-08
I:1811,C:4635,C:4587,catering,878.54,2026-02-18
I:1812,C:19,C:744,logistics,252.97,2026-01-06
I:1813,C:2115,C:3238,consulting,2621.01,2026-06-13
I:1814,C:2674,C:2596,construction,8072.66,2026-03-04
I:1815,C:860,C:1004,software,2872.04,2026-03-23
I:1816,C:4982,C:4985,software,537.43,2026-06-26
I:1817,C:2034,C:1250,hardware,858.31,2026-03-03
I:1818,C:1397,C:4039,hardware,13333.24,2026-04-14
I:1819,C:4790,C:2650,construction,473.4,2026-01-25
I:1820,C:2447,C:1919,catering,1526.19,2026-06-10
I:1821,C:2959,C:2852,catering,808.24,2026-06-14
I:1822,C:8,C:2443,software,476.74,2026-06-14
I:1823,C:3180,C:2141,construction,3331.92,2026-02-26
I:1824,C:1991,C:1446,software,2895.38,2026-03-02
I:1825,C:2425,C:3001,marketing,478.73,2026-04-02
I:1826,C:3379,C:2978,software,514.96,2026-06-23
I:1827,C:3174,C:2970,software,3742.36,2026-02-08
I:1828,C:292,C:564,hardware,424.21,2026-03-12
I:1829,C:1578,C:3133,hardware,352.07,2026-05-05
I:1830,C:2853,C:2522,construction,847.8,2026-06-11
I:1831,C:3773,C:3986,construction,1243.94,2026-05-10
I:1832,C:1823,C:4877,software,4083.96,2026-04-12
I:1833,C:3936,C:874,hardware,502.49,2026-04-27
I:1834,C:3832,C:741,hardware,5868.62,2026-02-27
I:1835,C:3209,C:3545,catering,845.84,2026-03-22
I:1836,C:4354,C:4230,software,559.73,2026-03-17
I:1837,C:2767,C:3691,catering,831.02,2026-02-24
I:1838,C:3615,C:2476,software,3830.05,2026-03-04
I:1839,C:3833,C:1573,logistics,1219.51,2026-01-11
I:1840,C:985,C:303,catering,590.45,2026-03-23
I:1841,C:3991,C:4679,software,552.34,2026-06-26
I:1842,C:1397,C:4675,hardware,1708.77,2026-04-19
I:1843,C:4836,C:3473,marketing,739.66,2026-01-29
I:1844,C:4606,C:4270,catering,312.09,2026-06-21
I:1845,C:4040,C:2855,marketing,336.51,2026-03-18
I:1846,C:726,C:409,construction,5841.26,2026-01-12
I:1847,C:3295,C:337,logistics,226.96,2026-05-15
I:1848,C:3116,C:1175,consulting,5712.39,2026-05-21
I:1849,C:3555,C:3761,construction,846.58,2026-01-14
I:1850,C:4139,C:1651,catering,11434.83,2026-06-14
I:1851,C:1347,C:1785,logistics,1584.36,2026-03-08
I:1852,C:1233,C:214,construction,6483.91,2026-01-05
I:1853,C:4416,C:2555,hardware,988.29,2026-03-27
I:1854,C:3927,C:2998,hardware,1535.16,2026-01-28
I:1855,C:881,C:4465,construction,1404.32,2026-03-29
I:1856,C:1379,C:3195,hardware,588.53,2026-02-11
I:1857,C:90,C:329,software,342.53,2026-06-24
I:1858,C:2545,C:3209,logistics,2347.68,2026-04-24
I:1859,C:3301,C:3290,catering,152.14,2026-03-23
I:1860,C:4732,C:3344,construction,37936.37,2026-02-27
I:1861,C:2598,C:4563,catering,122.76,2026-05-14
I:1862,C:4849,C:486,hardware,657.74,2026-01-08
I:1863,C:1018,C:3204,catering,286.81,2026-02-08
I:1864,C:2934,C:135,consulting,659.27,2026-01-14
I:1865,C:2479,C:2402,construction,300.74,2026-06-29
I:1866,C:4929,C:2179,catering,1130.51,2026-04-16
I:1867,C:289,C:4804,marketing,99.97,2026-03-25
I:1868,C:4895,C:2364,logistics,881.17,2026-03-14
I:1869,C:3552,C:4600,construction,652.76,2026-04-20
I:1870,C:1168,C:4251,logistics,81.14,2026-04-07
I:1871,C:4808,C:1693,hardware,93.82,2026-06-13
I:1872,C:3403,C:3464,software,692.68,2026-01-25
I:1873,C:331,C:4340,hardware,402.03,2026-02-12
I:1874,C:1861,C:2831,consulting,1016.47,2026-04-04
I:1875,C:427,C:2878,consulting,1913.29,2026-01-11
I:1876,C:3984,C:3280,construction,318.72,2026-04-14
I:1877,C:3736,C:3914,catering,3231.75,2026-05-01
I:1878,C:773,C:1007,marketing,447.4,2026-03-07
I:1879,C:1706,C:3999,software,450.57,2026-04-19
I:1880,C:3562,C:725,marketing,3731.72,2026-02-27
I:1881,C:4177,C:3382,software,1753.85,2026-05-02
I:1882,C:4552,C:2372,hardware,752.28,2026-06-13
I:1883,C:2818,C:2235,hardware,927.15,2026-01-02
I:1884,C:2781,C:1660,catering,2004.07,2026-03-01
I:1885,C:2162,C:1521,hardware,4253.42,2026-05-07
I:1886,C:550,C:898,catering,868.59,2026-02-27
I:1887,C:4865,C:3470,marketing,559.05,2026-05-08
I:1888,C:1215,C:1735,marketing,894.02,2026-03-10
I:1889,C:3017,C:4369,consulting,186.1,2026-01-18
I:1890,C:4927,C:303,hardware,1319.97,2026-03-14
I:1891,C:189,C:2846,software,1253.41,2026-01-02
I:1892,C:4361,C:2152,software,2287.05,2026-03-11
I:1893,C:2201,C:3428,construction,2703.39,2026-04-18
I:1894,C:2294,C:3757,catering,2449.33,2026-01-05
I:1895,C:1245,C:2236,catering,10262.3,2026-06-13
I:1896,C:2796,C:538,marketing,4187.26,2026-02-23
I:1897,C:3495,C:593,software,298.36,2026-01-04
I:1898,C:4903,C:934,software,270.71,2026-01-08
I:1899,C:4338,C:882,logistics,3760.05,2026-06-18
I:1900,C:1201,C:726,marketing,11008.13,2026-05-07
I:1901,C:1877,C:2537,catering,597.45,2026-01-26
I:1902,C:4627,C:1376,catering,3447.08,2026-04-02
I:1903,C:1256,C:2458,consulting,33585.71,2026-06-09
I:1904,C:674,C:3703,software,4413.24,2026-05-07
I:1905,C:1378,C:4566,construction,693.61,2026-02-07
I:1906,C:3014,C:721,software,2226.36,2026-02-10
I:1907,C:1510,C:3208,logistics,362.57,2026-06-18
I:1908,C:2362,C:3316,software,1089.61,2026-03-01
I:1909,C:2902,C:1141,hardware,428.16,2026-04-21
I:1910,C:3729,C:1237,construction,5008.17,2026-02-27
I:1911,C:4082,C:1742,consulting,1343.54,2026-04-16
I:1912,C:3243,C:4375,consulting,6433.51,2026-03-24
I:1913,C:3903,C:2872,logistics,528.75,2026-05-22
I:1914,C:1589,C:4991,catering,980.32,2026-04-22
I:1915,C:4030,C:4876,consulting,208.15,2026-02-25
I:1916,C:168,C:3935,construction,2397.86,2026-01-27
I:1917,C:2903,C:4328,software,14044.72,2026-03-23
I:1918,C:2739,C:2916,construction,3709.51,2026-03-07
I:1919,C:3328,C:3026,construction,1480.42,2026-05-20
I:1920,C:3181,C:2984,hardware,1127.87,2026-05-25
I:1921,C:1300,C:178,logistics,507.59,2026-01-15
I:1922,C:3044,C:2719,catering,265.73,2026-02-01
I:1923,C:1698,C:173,catering,1559.22,2026-05-01
I:1924,C:4007,C:UNREG9,hardware,632.53,2026-01-20
I:1925,C:1763,C:722,consulting,1088.66,2026-05-02
I:1926,C:837,C:1308,software,1698.88,2026-06-02
I:1927,C:4880,C:502,catering,205.08,2026-03-26
I:1928,C:185,C:1721,marketing,1305.49,2026-05-03
I:1929,C:2586,C:1112,software,805.31,2026-05-26
I:1930,C:3283,C:1857,software,820.54,2026-03-03
I:1931,C:2942,C:4739,construction,391.19,2026-02-24
I:1932,C:2654,C:3497,marketing,5132.78,2026-06-15
I:1933,C:156,C:4241,hardware,762.95,2026-02-01
I:1934,C:1460,C:1889,marketing,459.13,2026-05-12
I:1935,C:4282,C:1040,hardware,2664.62,2026-01-20
I:1936,C:1089,C:2322,hardware,2404.14,2026-01-11
I:1937,C:3858,C:2482,marketing,287.63,2026-06-19
I:1938,C:4158,C:4885,consulting,265.59,2026-06-18
I:1939,C:3503,C:2051,catering,969.64,2026-01-09
I:1940,C:4951,C:3813,software,8825.8,2026-05-04
I:1941,C:UNREG52,C:2166,catering,427.77,2026-01-04
I:1942,C:2627,C:2686,software,894.35,2026-01-18
I:1943,C:845,C:780,marketing,256.13,2026-01-10
I:1944,C:418,C:3457,catering,495.0,2026-02-12
I:1945,C:3312,C:912,catering,568.13,2026-06-17
I:1946,C:3345,C:3091,consulting,1925.74,2026-03-07
I:1947,C:3299,C:3327,hardware,1767.82,2026-01-16
I:1948,C:4260,C:1136,software,1221.66,2026-05-21
I:1949,C:607,C:4354,hardware,185.74,2026-01-16
I:1950,C:3468,C:871,hardware,6827.31,2026-05-10
I:1951,C:2842,C:4978,construction,1916.15,2026-03-09
I:1952,C:4705,C:1736,hardware,1675.54,2026-03-30
I:1953,C:505,C:3682,logistics,2401.35,2026-04-07
I:1954,C:302,C:1545,construction,629.82,2026-01-22
I:1955,C:2558,C:3488,consulting,18718.81,2026-02-03
I:1956,C:779,C:1527,software,934.99,2026-03-16
I:1957,C:2668,C:2015,software,901.18,2026-01-18
I:1958,C:4033,C:860,consulting,422.55,2026-06-03
I:1959,C:3069,C:211,consulting,357.67,2026-01-28
I:1960,C:1545,C:511,hardware,1956.94,2026-06-27
I:1961,C:4164,C:2886,marketing,1842.36,2026-02-13
I:1962,C:1773,C:3420,marketing,2843.79,2026-02-24
I:1963,C:4547,C:926,logistics,9771.01,2026-01-18
I:1964,C:98,C:652,software,747.17,2026-01-23
I:1965,C:2344,C:2477,construction,631.9,2026-03-15
I:1966,C:3412,C:3417,catering,827.62,2026-03-24
I:1967,C:2451,C:4081,consulting,1601.32,2026-06-05
I:1968,C:1896,C:2100,catering,2582.79,2026-04-09
I:1969,C:1372,C:2842,marketing,754.51,2026-05-26
I:1970,C:UNREG11,C:30,construction,2885.29,2026-03-11
I:1971,C:2530,C:4145,software,591.18,2026-06-19
I:1972,C:2267,C:1258,consulting,1128.91,2026-05-20
I:1973,C:1833,C:4981,software,5585.83,2026-02-06
I:1974,C:1103,C:4230,marketing,654.02,2026-04-01
I:1975,C:2355,C:325,marketing,1509.44,2026-01-03
I:1976,C:3566,C:4776,catering,271.98,2026-01-23
I:1977,C:1726,C:2929,marketing,2217.94,2026-03-04
I:1978,C:4162,C:4169,construction,746.16,2026-02-26
I:1979,C:3978,C:266,hardware,947.49,2026-04-11
I:1980,C:2315,C:237,catering,225.3,2026-01-10
I:1981,C:2591,C:1011,logistics,1163.41,2026-05-22
I:1982,C:3613,C:867,construction,2707.1,2026-04-23
I:1983,C:366,C:2238,software,1295.0,2026-01-29
I:1984,C:469,C:2748,software,819.67,2026-06-04
I:1985,C:123,C:4031,construction,1453.22,2026-04-22
I:1986,C:4632,C:1481,catering,3532.79,2026-01-22
I:1987,C:75,C:747,software,3686.65,2026-06-26
I:1988,C:216,C:2024,construction,4052.64,2026-01-15
I:1989,C:2103,C:4268,hardware,478.93,2026-06-17
I:1990,C:1713,C:520,hardware,1392.83,2026-06-24
I:1991,C:3272,C:3790,consulting,1733.59,2026-03-27
I:1992,C:3023,C:2295,logistics,340.14,2026-04-05
I:1993,C:2207,C:2681,consulting,3000.35,2026-01-13
I:1994,C:4920,C:4629,construction,624.41,2026-04-23
I:1995,C:3106,C:3946,construction,1023.62,2026-01-15
I:1996,C:834,C:2344,construction,1478.7,2026-05-25
I:1997,C:449,C:4349,construction,931.14,2026-05-05
I:1998,C:4996,C:1262,marketing,9211.85,2026-03-09
I:1999,C:922,C:396,marketing,211.11,2026-02-13
I:2000,C:858,C:632,catering,227.55,2026-03-23
I:2001,C:1391,C:3814,catering,2016.38,2026-05-13
I:2002,C:4681,C:4909,marketing,1761.65,2026-04-24
I:2003,C:2625,C:3591,consulting,5822.34,2026-03-04
I:2004,C:4065,C:3673,catering,1371.97,2026-05-06
I:2005,C:850,C:2071,catering,2570.95,2026-01-05
I:2006,C:4120,C:2970,construction,193.54,2026-06-23
I:2007,C:3266,C:2047,catering,351.62,2026-06-08
I:2008,C:4209,C:891,construction,356.32,2026-06-16
I:2009,C:3959,C:681,marketing,522.79,2026-06-17
I:2010,C:1823,C:4534,logistics,468.82,2026-01-19
I:2011,C:134,C:999,software,22.02,2026-04-11
I:2012,C:4871,C:3407,logistics,4558.93,2026-05-16
I:2013,C:918,C:752,consulting,199.09,2026-03-02
I:2014,C:272,C:2606,consulting,9489.24,2026-01-02
I:2015,C:2855,C:2744,hardware,515.86,2026-01-14
I:2016,C:2633,C:2817,consulting,465.12,2026-05-04
I:2017,C:4417,C:3947,catering,995.6,2026-03-16
I:2018,C:1537,C:1636,marketing,775.81,2026-02-07
I:2019,C:2029,C:1809,logistics,1670.63,2026-05-20
I:2020,C:3171,C:264,logistics,160.2,2026-01-19
I:2021,C:9,C:2168,consulting,1689.46,2026-06-28
I:2022,C:770,C:4202,hardware,1919.17,2026-04-24
I:2023,C:4757,C:1028,consulting,984.86,2026-06-05
I:2024,C:222,C:2365,construction,1413.0,2026-04-13
I:2025,C:4898,C:409,hardware,20432.92,2026-05-13
I:2026,C:553,C:1335,marketing,299.52,2026-02-11
I:2027,C:607,C:3793,hardware,1277.89,2026-05-14
I:2028,C:2156,C:1058,hardware,836.7,2026-01-24
I:2029,C:4462,C:2827,construction,714.1,2026-05-01
I:2030,C:478,C:2621,consulting,196.04,2026-03-07
I:2031,C:4400,C:2207,catering,625.76,2026-06-09
I:2032,C:679,C:2243,marketing,1370.85,2026-01-26
I:2033,C:4470,C:4065,marketing,4980.29,2026-06-20
I:2034,C:2027,C:2220,hardware,456.25,2026-05-27
I:2035,C:246,C:3225,software,2717.77,2026-03-19
I:2036,C:3163,C:3020,hardware,292.87,2026-06-24
I:2037,C:660,C:2115,hardware,1026.54,2026-06-02
I:2038,C:4588,C:2237,consulting,568.52,2026-02-06
I:2039,C:1112,C:UNREG62,construction,2090.84,2026-03-28
I:2040,C:1649,C:1598,software,5077.19,2026-02-21
I:2041,C:3914,C:508,consulting,4281.35,2026-01-28
I:2042,C:3242,C:1376,hardware,15234.08,2026-01-22
I:2043,C:1972,C:2916,construction,207.36,2026-05-20
I:2044,C:2844,C:3253,software,1001.83,2026-03-30
I:2045,C:1817,C:360,logistics,597.29,2026-01-01
I:2046,C:3471,C:4241,consulting,3165.51,2026-05-26
I:2047,C:1805,C:3499,consulting,353.8,2026-02-07
I:2048,C:1162,C:4472,marketing,2501.78,2026-02-05
I:2049,C:1793,C:3810,software,320.21,2026-03-24
I:2050,C:1751,C:1036,marketing,88.5,2026-06-05
I:2051,C:2389,C:3163,marketing,818.53,2026-05-19
I:2052,C:1734,C:902,hardware,2258.07,2026-05-14
I:2053,C:3039,C:2423,marketing,844.08,2026-01-05
I:2054,C:4627,C:222,hardware,3003.26,2026-01-30
I:2055,C:4119,C:816,consulting,23391.05,2026-05-23
I:2056,C:2692,C:1438,software,722.61,2026-04-01
I:2057,C:4549,C:2685,hardware,3334.36,2026-03-30
I:2058,C:2937,C:3622,software,70.55,2026-01-11
I:2059,C:2627,C:2445,marketing,4390.25,2026-03-11
I:2060,C:4649,C:3047,software,1079.39,2026-06-27
I:2061,C:1836,C:3614,catering,5989.48,2026-04-17
I:2062,C:3094,C:1737,consulting,270.32,2026-01-20
I:2063,C:3815,C:4421,consulting,90.51,2026-05-25
I:2064,C:2376,C:4865,software,4393.12,2026-04-13
I:2065,C:2652,C:1865,catering,311.65,2026-01-27
I:2066,C:1033,C:1032,software,1238.5,2026-03-27
I:2067,C:3790,C:945,catering,1305.3,2026-01-08
I:2068,C:3683,C:1535,construction,485.74,2026-06-19
I:2069,C:4429,C:4665,marketing,298.68,2026-01-10
I:2070,C:3503,C:121,hardware,5341.8,2026-05-19
I:2071,C:3737,C:UNREG71,construction,292.83,2026-04-28
I:2072,C:1814,C:17,hardware,430.71,2026-01-18
I:2073,C:4958,C:1135,catering,2591.63,2026-05-06
I:2074,C:4078,C:354,consulting,1828.67,2026-03-30
I:2075,C:1434,C:4836,marketing,315.69,2026-05-15
I:2076,C:1951,C:1535,catering,3392.15,2026-05-11
I:2077,C:2820,C:408,software,1084.44,2026-02-28
I:2078,C:2576,C:86,catering,10294.69,2026-02-03
I:2079,C:1674,C:1992,construction,1126.8,2026-02-17
I:2080,C:2515,C:2179,marketing,2071.85,2026-01-23
I:2081,C:4637,C:481,software,319.73,2026-03-02
I:2082,C:4781,C:1598,logistics,632.88,2026-01-04
I:2083,C:3233,C:3625,catering,412.47,2026-06-16
I:2084,C:1490,C:4126,logistics,632.85,2026-04-17
I:2085,C:1533,C:3654,hardware,1088.04,2026-01-18
I:2086,C:704,C:4299,catering,587.81,2026-06-27
I:2087,C:2842,C:261,logistics,315.03,2026-01-09
I:2088,C:699,C:2606,marketing,2399.97,2026-06-27
I:2089,C:4731,C:354,hardware,944.42,2026-02-08
I:2090,C:1789,C:3315,software,411.91,2026-05-05
I:2091,C:3347,C:4633,consulting,517.32,2026-02-16
I:2092,C:3637,C:3898,consulting,742.86,2026-03-05
I:2093,C:4073,C:1784,catering,1138.24,2026-05-22
I:2094,C:4235,C:1922,hardware,304.26,2026-05-05
I:2095,C:3332,C:4805,marketing,13782.39,2026-01-19
I:2096,C:1139,C:2325,hardware,2071.02,2026-05-17
I:2097,C:3695,C:4017,software,800.07,2026-06-24
I:2098,C:3691,C:4838,logistics,1782.72,2026-05-18
I:2099,C:2487,C:1091,hardware,6987.26,2026-03-30
I:2100,C:2399,C:3593,logistics,297.82,2026-01-20
I:2101,C:4964,C:3369,consulting,3054.44,2026-05-11
I:2102,C:137,C:2741,logistics,1616.41,2026-02-18
I:2103,C:1884,C:3183,construction,526.01,2026-05-06
I:2104,C:4126,C:330,logistics,7429.28,2026-03-24
I:2105,C:3553,C:1427,logistics,1103.46,2026-06-17
I:2106,C:2759,C:1736,logistics,370.39,2026-05-29
I:2107,C:4716,C:559,catering,141.24,2026-01-13
I:2108,C:3046,C:1875,logistics,4172.38,2026-02-05
I:2109,C:664,C:3874,hardware,473.48,2026-05-16
I:2110,C:4126,C:3154,software,287.53,2026-03-28
I:2111,C:3950,C:4784,catering,213.0,2026-06-01
I:2112,C:4558,C:4943,hardware,19154.41,2026-04-03
I:2113,C:186,C:69,hardware,2724.41,2026-06-11
I:2114,C:715,C:4694,consulting,1364.28,2026-02-10
I:2115,C:4750,C:4007,consulting,867.91,2026-01-29
I:2116,C:3391,C:2262,hardware,1999.11,2026-06-22
I:2117,C:2677,C:1942,logistics,398.83,2026-05-18
I:2118,C:75,C:4283,software,1511.45,2026-05-31
I:2119,C:2190,C:2835,hardware,524.66,2026-02-09
I:2120,C:1589,C:3577,construction,1464.96,2026-03-04
I:2121,C:4960,C:2368,software,626.56,2026-04-21
I:2122,C:1605,C:1867,marketing,1844.31,2026-04-24
I:2123,C:1798,C:1163,construction,789.29,2026-03-04
I:2124,C:3645,C:2537,software,192.74,2026-03-03
I:2125,C:2989,C:822,construction,4164.96,2026-02-02
I:2126,C:2805,C:1954,construction,1171.72,2026-06-22
I:2127,C:4908,C:4860,hardware,661.27,2026-05-01
I:2128,C:2024,C:4638,hardware,2518.22,2026-05-23
I:2129,C:624,C:3841,consulting,1458.83,2026-04-21
I:2130,C:2830,C:1919,construction,397.96,2026-04-20
I:2131,C:4332,C:2853,catering,4451.59,2026-05-02
I:2132,C:3253,C:2122,marketing,1459.46,2026-01-27
I:2133,C:1639,C:4804,marketing,324.4,2026-02-12
I:2134,C:4449,C:2549,construction,329.3,2026-06-02
I:2135,C:2881,C:2081,marketing,2149.56,2026-02-09
I:2136,C:4259,C:4778,consulting,2438.63,2026-03-17
I:2137,C:3669,C:4778,hardware,642.33,2026-02-05
I:2138,C:870,C:2197,logistics,691.27,2026-01-11
I:2139,C:3693,C:2422,construction,1570.42,2026-01-24
I:2140,C:434,C:1018,marketing,1296.29,2026-03-05
I:2141,C:1945,C:912,marketing,534.63,2026-02-13
I:2142,C:1149,C:3032,consulting,1940.73,2026-03-26
I:2143,C:389,C:2535,marketing,1169.58,2026-04-05
I:2144,C:4730,C:1032,logistics,768.26,2026-06-17
I:2145,C:1403,C:2781,construction,1018.56,2026-04-23
I:2146,C:1988,C:4769,software,129.57,2026-03-11
I:2147,C:UNREG16,C:564,marketing,1440.53,2026-04-20
I:2148,C:1570,C:2089,hardware,1264.65,2026-03-05
I:2149,C:3170,C:627,software,1492.69,2026-01-01
I:2150,C:556,C:1890,construction,13651.16,2026-03-13
I:2151,C:4799,C:4358,logistics,2276.7,2026-04-09
I:2152,C:4464,C:4136,catering,805.12,2026-05-25
I:2153,C:2474,C:2014,catering,514.67,2026-05-17
I:2154,C:2749,C:445,catering,2581.74,2026-04-27
I:2155,C:2635,C:3093,hardware,2460.95,2026-02-26
I:2156,C:4441,C:612,construction,2650.85,2026-03-24
I:2157,C:80,C:1674,hardware,534.29,2026-03-15
I:2158,C:2621,C:1477,marketing,3961.36,2026-05-16
I:2159,C:3304,C:3935,marketing,1890.16,2026-03-31
I:2160,C:3326,C:2426,consulting,421.95,2026-06-02
I:2161,C:1925,C:348,software,659.22,2026-06-18
I:2162,C:3975,C:3093,marketing,5387.98,2026-02-16
I:2163,C:1560,C:3215,catering,70.29,2026-06-19
I:2164,C:2402,C:1781,software,2006.04,2026-05-05
I:2165,C:3203,C:4912,catering,110.14,2026-02-26
I:2166,C:2342,C:198,hardware,3514.71,2026-03-23
I:2167,C:51,C:1533,marketing,776.81,2026-06-01
I:2168,C:2878,C:3243,consulting,583.06,2026-03-14
I:2169,C:1643,C:1695,catering,856.33,2026-05-19
I:2170,C:3294,C:4628,software,382.53,2026-02-05
I:2171,C:1374,C:3302,logistics,477.55,2026-03-13
I:2172,C:1626,C:2379,consulting,766.37,2026-05-14
I:2173,C:3327,C:3733,hardware,530.11,2026-04-14
I:2174,C:3105,C:2208,catering,1325.68,2026-06-20
I:2175,C:2891,C:4393,logistics,1640.31,2026-02-18
I:2176,C:2646,C:1448,software,311.86,2026-03-06
I:2177,C:2595,C:4993,logistics,867.38,2026-06-22
I:2178,C:4509,C:2937,logistics,1250.44,2026-02-17
I:2179,C:2082,C:2262,marketing,1022.9,2026-04-06
I:2180,C:2447,C:2647,catering,2194.65,2026-02-19
I:2181,C:2476,C:3205,marketing,2062.34,2026-01-23
I:2182,C:2819,C:3055,software,757.44,2026-04-06
I:2183,C:611,C:4980,marketing,1505.21,2026-03-08
I:2184,C:2676,C:4871,catering,734.51,2026-02-23
I:2185,C:4176,C:691,software,724.95,2026-04-09
I:2186,C:2881,C:3126,logistics,342.15,2026-04-12
I:2187,C:424,C:4339,construction,392.97,2026-02-14
I:2188,C:1032,C:700,software,3650.31,2026-02-20
I:2189,C:3714,C:1072,consulting,3086.22,2026-06-09
I:2190,C:352,C:26,hardware,3541.94,2026-02-17
I:2191,C:4251,C:3233,software,1035.52,2026-06-21
I:2192,C:693,C:44,hardware,1024.89,2026-06-16
I:2193,C:696,C:2558,hardware,5814.83,2026-04-08
I:2194,C:2146,C:2847,consulting,2773.5,2026-01-14
I:2195,C:3046,C:662,logistics,247.08,2026-01-31
I:2196,C:2895,C:1835,catering,1470.98,2026-05-12
I:2197,C:100,C:2421,software,906.22,2026-02-21
I:2198,C:1278,C:2182,logistics,782.78,2026-04-25
I:2199,C:449,C:2214,marketing,2392.36,2026-05-24
I:2200,C:3218,C:2696,logistics,11899.46,2026-02-13
I:2201,C:295,C:701,logistics,2350.53,2026-01-13
I:2202,C:84,C:47,construction,252.19,2026-05-19
I:2203,C:4372,C:1410,consulting,4819.43,2026-05-19
I:2204,C:9,C:3130,marketing,974.23,2026-04-27
I:2205,C:3178,C:2399,logistics,2178.26,2026-02-28
I:2206,C:195,C:2602,hardware,706.63,2026-06-08
I:2207,C:1609,C:1796,logistics,2000.15,2026-04-10
I:2208,C:709,C:3593,software,3540.78,2026-05-18
I:2209,C:3022,C:3490,marketing,400.02,2026-05-28
I:2210,C:1053,C:1353,marketing,373.16,2026-04-07
I:2211,C:525,C:2235,catering,59.45,2026-04-21
I:2212,C:1731,C:4775,construction,750.12,2026-03-04
I:2213,C:4733,C:26,construction,4216.19,2026-05-16
I:2214,C:1384,C:2377,marketing,11081.73,2026-03-01
I:2215,C:3285,C:4272,logistics,1549.71,2026-05-28
I:2216,C:810,C:4829,catering,627.13,2026-03-19
I:2217,C:3384,C:2554,logistics,508.28,2026-06-15
I:2218,C:899,C:4385,marketing,1082.87,2026-04-14
I:2219,C:633,C:3338,logistics,819.93,2026-02-20
I:2220,C:1724,C:2493,logistics,2673.83,2026-06-12
I:2221,C:1592,C:3613,marketing,933.57,2026-06-03
I:2222,C:4419,C:1377,construction,1514.31,2026-06-09
I:2223,C:2998,C:2805,logistics,1376.03,2026-01-31
I:2224,C:4738,C:2847,construction,726.21,2026-03-11
I:2225,C:660,C:3715,logistics,173.36,2026-04-15
I:2226,C:3903,C:1918,consulting,7943.32,2026-01-18
I:2227,C:1267,C:3083,marketing,275.88,2026-03-31
I:2228,C:3190,C:1143,consulting,856.54,2026-03-28
I:2229,C:19,C:4258,catering,2866.37,2026-04-06
I:2230,C:1049,C:1960,construction,341.48,2026-01-28
I:2231,C:1739,C:612,software,70.41,2026-03-19
I:2232,C:26,C:3354,construction,7609.42,2026-03-05
I:2233,C:2818,C:403,hardware,661.83,2026-04-01
I:2234,C:963,C:1857,marketing,72.72,2026-05-12
I:2235,C:4697,C:4347,hardware,1572.84,2026-02-28
I:2236,C:3134,C:389,hardware,1338.05,2026-05-29
I:2237,C:1561,C:1056,logistics,1225.0,2026-01-26
I:2238,C:332,C:2710,catering,1324.69,2026-01-27
I:2239,C:3191,C:1932,software,868.84,2026-01-12
I:2240,C:4034,C:643,catering,628.23,2026-05-10
I:2241,C:97,C:1117,software,12798.53,2026-06-17
I:2242,C:2980,C:359,construction,10566.55,2026-02-16
I:2243,C:270,C:2380,logistics,5775.36,2026-06-03
I:2244,C:1570,C:4398,consulting,1317.33,2026-04-18
I:2245,C:4841,C:2074,logistics,3749.79,2026-06-16
I:2246,C:3161,C:4793,hardware,382.12,2026-05-24
I:2247,C:2880,C:3949,construction,194.69,2026-03-02
I:2248,C:1906,C:516,software,467.65,2026-01-12
I:2249,C:727,C:1984,hardware,746.89,2026-06-15
I:2250,C:3853,C:831,consulting,6150.2,2026-04-16
I:2251,C:4981,C:2026,hardware,1971.98,2026-03-20
I:2252,C:2201,C:1937,logistics,3445.67,2026-01-15
I:2253,C:4590,C:235,hardware,2373.34,2026-05-17
I:2254,C:2911,C:3365,marketing,3341.77,2026-06-20
I:2255,C:2334,C:1097,marketing,521.78,2026-05-03
I:2256,C:UNREG23,C:3886,marketing,5202.94,2026-01-28
I:2257,C:4991,C:4073,catering,5787.3,2026-03-07
I:2258,C:1304,C:4569,construction,1133.21,2026-05-17
I:2259,C:4897,C:1260,hardware,990.99,2026-04-04
I:2260,C:1316,C:2787,logistics,1468.88,2026-04-03
I:2261,C:1839,C:2816,construction,449.04,2026-03-10
I:2262,C:4790,C:2429,marketing,1888.97,2026-06-22
I:2263,C:941,C:484,catering,27.93,2026-03-15
I:2264,C:358,C:99,construction,813.78,2026-03-16
I:2265,C:1251,C:1703,catering,2201.27,2026-06-04
I:2266,C:1858,C:3730,construction,324.54,2026-06-08
I:2267,C:3028,C:1603,software,2942.72,2026-01-03
I:2268,C:949,C:2234,software,1349.97,2026-01-21
I:2269,C:78,C:3639,software,9650.29,2026-06-29
I:2270,C:1850,C:2197,software,801.84,2026-05-15
I:2271,C:3032,C:1952,construction,613.04,2026-02-26
I:2272,C:207,C:1831,software,24409.98,2026-05-25
I:2273,C:2280,C:926,hardware,2859.76,2026-01-28
I:2274,C:1363,C:2994,logistics,2557.89,2026-02-28
I:2275,C:2288,C:1921,software,163.9,2026-03-23
I:2276,C:3398,C:895,marketing,240.31,2026-06-26
I:2277,C:2614,C:1122,construction,7409.1,2026-02-27
I:2278,C:3230,C:3887,software,172.91,2026-03-12
I:2279,C:1474,C:2779,catering,967.2,2026-05-24
I:2280,C:2154,C:2660,logistics,7625.66,2026-02-19
I:2281,C:4686,C:1044,catering,622.62,2026-02-13
I:2282,C:2594,C:199,construction,2215.79,2026-02-02
I:2283,C:3988,C:4826,catering,3808.81,2026-06-18
I:2284,C:2095,C:4233,catering,2937.96,2026-06-08
I:2285,C:2790,C:1796,marketing,1388.38,2026-03-15
I:2286,C:4901,C:211,software,14731.67,2026-05-06
I:2287,C:4879,C:3469,software,1336.34,2026-05-28
I:2288,C:4875,C:350,construction,8579.66,2026-03-10
I:2289,C:918,C:3109,logistics,996.82,2026-05-27
I:2290,C:4191,C:3708,consulting,1065.82,2026-05-19
I:2291,C:2146,C:4856,catering,2472.91,2026-01-12
I:2292,C:2717,C:2910,construction,1004.36,2026-02-17
I:2293,C:4267,C:1818,hardware,991.84,2026-05-20
I:2294,C:4061,C:4142,hardware,279.53,2026-03-10
I:2295,C:1086,C:935,consulting,467.81,2026-01-12
I:2296,C:2246,C:4901,hardware,5453.38,2026-02-09
I:2297,C:4956,C:3925,construction,6222.18,2026-05-10
I:2298,C:1485,C:1516,hardware,2672.34,2026-02-03
I:2299,C:908,C:3923,hardware,1215.19,2026-02-07
I:2300,C:2837,C:504,logistics,646.47,2026-04-13
I:2301,C:2476,C:1822,construction,682.17,2026-06-03
I:2302,C:939,C:904,marketing,2641.13,2026-03-14
I:2303,C:4329,C:2442,catering,1853.91,2026-04-16
I:2304,C:1865,C:1352,construction,688.79,2026-03-24
I:2305,C:643,C:4588,hardware,37990.08,2026-01-11
I:2306,C:78,C:3014,marketing,31.23,2026-01-30
I:2307,C:3252,C:4330,catering,4136.22,2026-06-05
I:2308,C:1682,C:2919,consulting,7392.49,2026-06-15
I:2309,C:2946,C:2051,software,949.79,2026-05-05
I:2310,C:4914,C:1532,hardware,1327.33,2026-02-06
I:2311,C:4711,C:4065,marketing,4000.36,2026-04-18
I:2312,C:4987,C:2870,software,1210.91,2026-05-11
I:2313,C:1447,C:2257,hardware,1430.0,2026-04-04
I:2314,C:4016,C:3643,consulting,725.81,2026-03-09
I:2315,C:4783,C:3846,marketing,50.49,2026-04-15
I:2316,C:544,C:2444,consulting,1982.74,2026-02-23
I:2317,C:1098,C:45,software,2778.82,2026-05-11
I:2318,C:4378,C:3834,software,3324.91,2026-05-29
I:2319,C:3751,C:3717,software,446.96,2026-02-19
I:2320,C:1055,C:1629,marketing,1056.62,2026-05-07
I:2321,C:3151,C:2115,logistics,3987.24,2026-02-13
I:2322,C:433,C:2936,marketing,703.85,2026-01-21
I:2323,C:203,C:1508,hardware,71.17,2026-05-31
I:2324,C:4292,C:3820,construction,3862.37,2026-05-12
I:2325,C:683,C:2458,marketing,910.52,2026-04-19
I:2326,C:2434,C:2914,hardware,1405.53,2026-02-02
I:2327,C:2004,C:2716,construction,394.3,2026-01-31
I:2328,C:1174,C:4552,logistics,50.63,2026-03-30
I:2329,C:140,C:4969,hardware,743.6,2026-04-24
I:2330,C:1451,C:671,hardware,8413.43,2026-04-15
I:2331,C:133,C:4052,hardware,77.28,2026-05-19
I:2332,C:872,C:3551,catering,415.03,2026-06-10
I:2333,C:1158,C:1605,software,1536.4,2026-02-14
I:2334,C:615,C:779,construction,1375.15,2026-01-01
I:2335,C:2962,C:4958,hardware,1215.59,2026-03-12
I:2336,C:1374,C:285,catering,573.92,2026-01-05
I:2337,C:4716,C:3876,hardware,44.77,2026-03-16
I:2338,C:3826,C:1872,construction,601.51,2026-04-20
I:2339,C:1237,C:3130,catering,1535.81,2026-02-23
I:2340,C:4215,C:4628,consulting,1281.59,2026-03-06
I:2341,C:2102,C:4695,software,1138.88,2026-06-01
I:2342,C:3356,C:4593,consulting,372.97,2026-05-28
I:2343,C:3102,C:800,catering,384.87,2026-01-08
I:2344,C:4957,C:554,consulting,901.58,2026-05-18
I:2345,C:467,C:560,catering,4169.54,2026-06-05
I:2346,C:1156,C:460,logistics,1035.31,2026-02-17
I:2347,C:1253,C:4640,construction,1061.11,2026-05-28
I:2348,C:2168,C:2208,marketing,7941.61,2026-02-04
I:2349,C:4006,C:1198,consulting,832.07,2026-03-13
I:2350,C:2350,C:2690,logistics,187.55,2026-06-25
I:2351,C:3218,C:1377,logistics,249.35,2026-02-11
I:2352,C:938,C:917,consulting,799.7,2026-03-05
I:2353,C:3578,C:4331,consulting,1571.85,2026-04-20
I:2354,C:4854,C:1111,software,973.0,2026-03-15
I:2355,C:4229,C:1484,software,2257.61,2026-06-20
I:2356,C:1417,C:4870,construction,5954.84,2026-01-05
I:2357,C:2172,C:2976,consulting,60.83,2026-04-12
I:2358,C:4927,C:1880,logistics,1407.59,2026-06-26
I:2359,C:1018,C:2237,consulting,1107.11,2026-01-06
I:2360,C:1414,C:1235,consulting,229.38,2026-04-23
I:2361,C:4261,C:1638,catering,1053.93,2026-06-19
I:2362,C:356,C:3584,software,352.15,2026-05-24
I:2363,C:2061,C:1395,consulting,827.81,2026-02-04
I:2364,C:3006,C:4853,hardware,663.74,2026-06-11
I:2365,C:2785,C:4968,catering,1120.94,2026-03-16
I:2366,C:182,C:1683,catering,206.23,2026-03-02
I:2367,C:2030,C:2711,software,8033.36,2026-01-19
I:2368,C:1189,C:4228,marketing,5625.72,2026-04-27
I:2369,C:4230,C:1034,marketing,6405.31,2026-03-26
I:2370,C:4949,C:666,consulting,902.41,2026-04-24
I:2371,C:3851,C:1158,logistics,3258.63,2026-05-02
I:2372,C:3014,C:4678,marketing,408.37,2026-02-09
I:2373,C:366,C:1857,construction,5751.74,2026-05-29
I:2374,C:4156,C:4081,hardware,1096.93,2026-06-13
I:2375,C:1418,C:2009,hardware,1706.54,2026-05-12
I:2376,C:809,C:1818,software,388.52,2026-04-11
I:2377,C:3847,C:3497,hardware,1134.45,2026-02-19
I:2378,C:3318,C:1722,construction,338.66,2026-03-24
I:2379,C:4205,C:3423,marketing,444.68,2026-02-20
I:2380,C:2125,C:1948,hardware,689.33,2026-05-14
I:2381,C:2675,C:74,hardware,11729.75,2026-02-26
I:2382,C:1264,C:3444,hardware,734.09,2026-02-20
I:2383,C:4347,C:3259,construction,472.05,2026-06-05
I:2384,C:4896,C:2633,logistics,57059.73,2026-02-27
I:2385,C:124,C:1411,software,3182.72,2026-03-31
I:2386,C:215,C:170,hardware,871.31,2026-04-01
I:2387,C:3515,C:3167,construction,840.87,2026-03-16
I:2388,C:4460,C:3544,marketing,7988.78,2026-02-25
I:2389,C:3744,C:3237,consulting,2581.56,2026-04-08
I:2390,C:3991,C:3658,logistics,303.42,2026-06-29
I:2391,C:2209,C:2878,consulting,2159.63,2026-06-09
I:2392,C:4194,C:765,consulting,1317.46,2026-01-21
I:2393,C:4790,C:521,catering,302.22,2026-03-04
I:2394,C:2085,C:2747,marketing,476.5,2026-05-07
I:2395,C:1195,C:2346,software,1272.95,2026-05-17
I:2396,C:938,C:4401,construction,2115.53,2026-01-09
I:2397,C:3601,C:3615,logistics,153.77,2026-05-14
I:2398,C:2946,C:2051,logistics,1288.41,2026-05-26
I:2399,C:1016,C:234,catering,909.44,2026-06-13
I:2400,C:789,C:28,catering,184.66,2026-05-21
I:2401,C:4642,C:1953,marketing,3848.09,2026-05-01
I:2402,C:1831,C:256,construction,658.64,2026-03-18
I:2403,C:888,C:1421,logistics,2483.25,2026-03-09
I:2404,C:4437,C:93,consulting,1028.5,2026-01-13
I:2405,C:2404,C:3108,logistics,6209.51,2026-04-26
I:2406,C:380,C:985,catering,643.17,2026-03-31
I:2407,C:4711,C:4121,hardware,731.13,2026-03-17
I:2408,C:115,C:760,catering,463.52,2026-03-10
I:2409,C:3700,C:4398,software,2849.5,2026-04-23
I:2410,C:2520,C:1129,logistics,12867.36,2026-01-11
I:2411,C:611,C:2119,catering,129.14,2026-02-04
I:2412,C:4048,C:3335,construction,2257.84,2026-06-25
I:2413,C:4217,C:2310,catering,7347.24,2026-02-02
I:2414,C:3624,C:3858,construction,240.48,2026-03-03
I:2415,C:3134,C:519,marketing,761.68,2026-01-03
I:2416,C:3224,C:482,hardware,1223.32,2026-06-10
I:2417,C:2259,C:2607,consulting,937.23,2026-04-02
I:2418,C:889,C:3001,catering,721.06,2026-04-07
I:2419,C:1164,C:647,catering,799.3,2026-05-01
I:2420,C:2,C:1546,hardware,514.16,2026-05-15
I:2421,C:29,C:3227,catering,10512.48,2026-02-02
I:2422,C:3601,C:3682,marketing,1086.29,2026-02-22
I:2423,C:4637,C:853,construction,184.45,2026-01-23
I:2424,C:4868,C:4731,hardware,1209.64,2026-01-31
I:2425,C:3620,C:4042,catering,1902.54,2026-06-12
I:2426,C:3758,C:932,hardware,278.68,2026-03-04
I:2427,C:3673,C:1439,hardware,3034.43,2026-01-25
I:2428,C:3214,C:671,hardware,808.56,2026-02-23
I:2429,C:2558,C:3685,software,2911.72,2026-04-01
I:2430,C:2052,C:4426,construction,5377.11,2026-01-12
I:2431,C:2996,C:2866,hardware,228.03,2026-01-24
I:2432,C:2180,C:4137,logistics,520.06,2026-01-19
I:2433,C:2413,C:1350,software,2046.84,2026-06-11
I:2434,C:1417,C:271,marketing,2502.72,2026-05-18
I:2435,C:4150,C:1605,hardware,5341.97,2026-06-29
I:2436,C:1534,C:2659,software,1046.14,2026-01-01
I:2437,C:2881,C:3212,software,2616.49,2026-02-22
I:2438,C:59,C:2981,logistics,137.19,2026-02-22
I:2439,C:212,C:2513,software,889.0,2026-04-14
I:2440,C:1121,C:4378,construction,561.43,2026-03-24
I:2441,C:2850,C:2830,catering,286.22,2026-04-25
I:2442,C:2252,C:1135,construction,468.4,2026-06-21
I:2443,C:1364,C:1400,consulting,18610.3,2026-01-20
I:2444,C:2580,C:1737,logistics,6194.88,2026-04-08
I:2445,C:2573,C:4351,construction,84.77,2026-05-11
I:2446,C:3002,C:4854,construction,292.19,2026-06-09
I:2447,C:UNREG19,C:259,software,869.74,2026-03-20
I:2448,C:1323,C:2787,hardware,2417.37,2026-04-28
I:2449,C:1160,C:523,hardware,434.54,2026-01-18
I:2450,C:1352,C:945,marketing,20128.94,2026-03-17
I:2451,C:43,C:4922,software,2309.53,2026-04-30
I:2452,C:1979,C:331,consulting,3885.68,2026-02-11
I:2453,C:2209,C:1036,hardware,932.78,2026-06-12
I:2454,C:3814,C:3437,consulting,2571.11,2026-01-31
I:2455,C:2019,C:3051,construction,675.59,2026-06-10
I:2456,C:3482,C:3654,hardware,3128.41,2026-06-24
I:2457,C:3106,C:3813,catering,494.3,2026-06-08
I:2458,C:2838,C:3219,marketing,2242.47,2026-01-23
I:2459,C:2141,C:4682,hardware,1888.07,2026-04-19
I:2460,C:4226,C:3215,software,166.83,2026-06-07
I:2461,C:3132,C:3216,construction,1330.98,2026-02-14
I:2462,C:3067,C:130,software,820.05,2026-02-17
I:2463,C:4102,C:2332,catering,40.87,2026-06-08
I:2464,C:1254,C:UNREG1,construction,2687.48,2026-06-05
I:2465,C:157,C:423,construction,534.62,2026-06-08
I:2466,C:817,C:3369,consulting,278.82,2026-02-26
I:2467,C:4612,C:4155,software,4445.92,2026-05-17
I:2468,C:2787,C:2253,marketing,1206.48,2026-01-20
I:2469,C:1652,C:369,logistics,144.96,2026-05-24
I:2470,C:3836,C:4072,construction,6726.88,2026-06-15
I:2471,C:152,C:3283,software,12543.83,2026-04-15
I:2472,C:2769,C:2792,catering,603.75,2026-06-04
I:2473,C:3699,C:1230,construction,1045.67,2026-03-24
I:2474,C:1597,C:4839,software,3854.32,2026-05-26
I:2475,C:4617,C:3264,marketing,851.74,2026-02-23
I:2476,C:4637,C:4245,consulting,1262.89,2026-05-07
I:2477,C:112,C:935,catering,64.21,2026-01-10
I:2478,C:3601,C:127,software,1854.51,2026-04-07
I:2479,C:2558,C:4128,hardware,459.44,2026-01-02
I:2480,C:9,C:1040,marketing,2140.54,2026-01-15
I:2481,C:699,C:4503,catering,1147.64,2026-03-01
I:2482,C:4097,C:4960,consulting,1658.68,2026-02-11
I:2483,C:3829,C:2401,software,199.37,2026-03-11
I:2484,C:1413,C:1130,software,417.95,2026-05-05
I:2485,C:651,C:2034,marketing,2752.94,2026-05-10
I:2486,C:3446,C:4364,construction,1048.1,2026-02-09
I:2487,C:1313,C:2228,logistics,4459.06,2026-02-09
I:2488,C:1072,C:3236,marketing,258.33,2026-05-04
I:2489,C:1089,C:1823,hardware,1753.52,2026-03-21
I:2490,C:4988,C:3589,catering,965.47,2026-03-18
I:2491,C:3295,C:3244,logistics,83.79,2026-02-08
I:2492,C:2921,C:4575,logistics,823.62,2026-01-22
I:2493,C:2871,C:2452,catering,2686.04,2026-03-06
I:2494,C:643,C:4242,software,451.98,2026-06-28
I:2495,C:1032,C:4762,software,2844.46,2026-05-21
I:2496,C:1185,C:3806,construction,128.78,2026-03-18
I:2497,C:2424,C:4642,hardware,2784.09,2026-01-05
I:2498,C:988,C:3979,construction,1455.36,2026-02-15
I:2499,C:760,C:4617,hardware,4403.38,2026-04-30
I:2500,C:656,C:4345,consulting,1694.77,2026-03-01
I:2501,C:3573,C:2591,consulting,11287.65,2026-01-11
I:2502,C:788,C:4837,construction,393.97,2026-05-31
I:2503,C:4004,C:939,logistics,373.16,2026-04-25
I:2504,C:1665,C:3088,marketing,654.36,2026-06-08
I:2505,C:409,C:3858,construction,1593.8,2026-03-17
I:2506,C:1331,C:2266,consulting,2532.61,2026-03-13
I:2507,C:1748,C:4177,construction,2018.93,2026-05-24
I:2508,C:2591,C:3000,construction,877.62,2026-03-11
I:2509,C:2819,C:131,consulting,3828.51,2026-06-14
I:2510,C:3545,C:4994,consulting,116.16,2026-06-28
I:2511,C:1760,C:1970,hardware,1314.17,2026-06-08
I:2512,C:1586,C:4583,hardware,373.9,2026-05-11
I:2513,C:2820,C:4588,consulting,2376.62,2026-02-25
I:2514,C:4115,C:4472,consulting,158.65,2026-02-18
I:2515,C:4537,C:4214,consulting,794.31,2026-05-01
I:2516,C:3545,C:3807,catering,1575.36,2026-04-12
I:2517,C:1172,C:4936,software,2108.15,2026-04-10
I:2518,C:538,C:2670,hardware,838.17,2026-04-22
I:2519,C:583,C:2422,consulting,2461.07,2026-03-07
I:2520,C:1423,C:3536,marketing,12668.7,2026-02-11
I:2521,C:2527,C:1115,construction,1097.72,2026-04-20
I:2522,C:3339,C:1670,hardware,645.67,2026-01-06
I:2523,C:4762,C:2542,marketing,1650.56,2026-02-23
I:2524,C:476,C:2041,logistics,863.6,2026-06-25
I:2525,C:1549,C:3320,hardware,989.63,2026-06-08
I:2526,C:2136,C:2101,consulting,2612.92,2026-02-16
I:2527,C:1443,C:2934,marketing,511.46,2026-01-02
I:2528,C:140,C:3280,hardware,492.43,2026-01-09
I:2529,C:934,C:3558,logistics,257.38,2026-03-12
I:2530,C:2578,C:3656,construction,1546.71,2026-02-09
I:2531,C:366,C:4805,consulting,3263.75,2026-04-05
I:2532,C:1292,C:3180,construction,536.57,2026-03-29
I:2533,C:3390,C:1879,logistics,1237.89,2026-05-08
I:2534,C:1928,C:1013,software,4060.53,2026-02-06
I:2535,C:2886,C:2372,consulting,1005.66,2026-03-03
I:2536,C:4267,C:2371,consulting,364.67,2026-01-09
I:2537,C:1130,C:1922,logistics,1848.39,2026-05-02
I:2538,C:2190,C:2200,construction,896.28,2026-01-01
I:2539,C:3871,C:3934,construction,155.42,2026-06-25
I:2540,C:4333,C:3896,marketing,753.45,2026-05-26
I:2541,C:3980,C:4124,software,4157.58,2026-01-24
I:2542,C:1201,C:4391,marketing,2633.12,2026-03-21
I:2543,C:3650,C:3521,software,2015.86,2026-03-03
I:2544,C:17,C:505,consulting,424.24,2026-06-26
I:2545,C:4273,C:856,software,1873.34,2026-03-30
I:2546,C:4314,C:4923,software,509.58,2026-03-04
I:2547,C:1561,C:412,hardware,7626.47,2026-03-13
I:2548,C:1675,C:2397,consulting,251.83,2026-03-24
I:2549,C:2574,C:4471,logistics,1307.44,2026-03-06
I:2550,C:643,C:1946,consulting,8959.69,2026-05-15
I:2551,C:2929,C:2403,hardware,1411.84,2026-02-20
I:2552,C:4918,C:4361,construction,1580.85,2026-02-25
I:2553,C:933,C:1534,logistics,2621.93,2026-01-14
I:2554,C:1216,C:4373,software,315.97,2026-05-04
I:2555,C:3057,C:3284,logistics,8565.53,2026-06-11
I:2556,C:1332,C:4683,construction,1128.04,2026-02-23
I:2557,C:1299,C:2811,marketing,546.54,2026-06-08
I:2558,C:1840,C:2554,hardware,25144.69,2026-01-19
I:2559,C:4276,C:4993,hardware,909.98,2026-06-05
I:2560,C:4773,C:506,catering,898.58,2026-06-11
I:2561,C:2935,C:4671,logistics,1016.28,2026-03-09
I:2562,C:1066,C:4633,marketing,11986.48,2026-01-02
I:2563,C:2621,C:3430,catering,621.9,2026-01-20
I:2564,C:3201,C:1026,software,268.79,2026-02-15
I:2565,C:4436,C:1548,catering,36.29,2026-04-27
I:2566,C:1322,C:3394,catering,1036.65,2026-02-20
I:2567,C:4414,C:1181,hardware,2384.77,2026-02-10
I:2568,C:3556,C:1147,hardware,1892.24,2026-01-13
I:2569,C:2174,C:4266,logistics,837.78,2026-05-13
I:2570,C:1446,C:4053,marketing,599.02,2026-03-07
I:2571,C:4809,C:3023,logistics,1837.85,2026-02-28
I:2572,C:755,C:4548,construction,4403.22,2026-01-28
I:2573,C:3813,C:3252,logistics,2781.39,2026-02-19
I:2574,C:1775,C:1707,hardware,665.56,2026-02-11
I:2575,C:1513,C:1801,marketing,451.63,2026-02-24
I:2576,C:2030,C:934,hardware,4916.62,2026-03-29
I:2577,C:3266,C:1052,consulting,360.78,2026-06-15
I:2578,C:1337,C:2397,logistics,2191.05,2026-06-20
I:2579,C:219,C:1632,logistics,3103.85,2026-06-21
I:2580,C:447,C:3070,marketing,1460.74,2026-04-16
I:2581,C:2543,C:4826,construction,1028.14,2026-04-24
I:2582,C:858,C:4482,marketing,353.01,2026-04-30
I:2583,C:2354,C:3727,hardware,3172.51,2026-01-26
I:2584,C:144,C:21,marketing,44.11,2026-04-15
I:2585,C:4784,C:693,consulting,2698.49,2026-04-13
I:2586,C:636,C:1306,marketing,1542.91,2026-01-18
I:2587,C:1535,C:1151,hardware,1660.65,2026-03-05
I:2588,C:1254,C:3646,catering,451.74,2026-03-26
I:2589,C:2591,C:4305,software,521.13,2026-03-08
I:2590,C:2187,C:1190,catering,839.33,2026-01-10
I:2591,C:3059,C:1241,construction,1420.52,2026-02-06
I:2592,C:UNREG37,C:188,hardware,2435.76,2026-02-15
I:2593,C:3760,C:4797,marketing,2852.66,2026-06-28
I:2594,C:4482,C:1575,logistics,17773.85,2026-06-06
I:2595,C:4333,C:348,catering,7301.41,2026-06-11
I:2596,C:2873,C:3639,catering,3289.54,2026-03-22
I:2597,C:2966,C:4746,construction,1976.7,2026-03-20
I:2598,C:4732,C:4384,catering,30.81,2026-05-14
I:2599,C:4237,C:1684,hardware,354.99,2026-02-06
I:2600,C:3287,C:2513,catering,4689.7,2026-02-12
I:2601,C:4826,C:2765,hardware,215.07,2026-01-23
I:2602,C:2934,C:2815,software,4539.84,2026-01-10
I:2603,C:UNREG65,C:346,marketing,60.63,2026-02-19
I:2604,C:2615,C:1453,hardware,374.45,2026-04-11
I:2605,C:2945,C:1488,logistics,1065.0,2026-06-13
I:2606,C:299,C:1414,marketing,381.27,2026-01-22
I:2607,C:4953,C:1,software,1476.95,2026-01-18
I:2608,C:3662,C:3000,construction,13026.74,2026-03-04
I:2609,C:3532,C:4305,construction,2502.41,2026-05-13
I:2610,C:4149,C:1906,logistics,1563.26,2026-01-15
I:2611,C:4540,C:975,software,6278.48,2026-02-21
I:2612,C:4714,C:1357,hardware,285.37,2026-02-17
I:2613,C:4548,C:3662,consulting,1977.2,2026-04-16
I:2614,C:4725,C:4184,logistics,5593.33,2026-05-06
I:2615,C:3556,C:2803,hardware,862.93,2026-06-26
I:2616,C:4049,C:2617,hardware,649.98,2026-04-04
I:2617,C:2734,C:2230,marketing,3057.96,2026-03-01
I:2618,C:1971,C:3949,construction,299.47,2026-04-23
I:2619,C:157,C:3073,logistics,151.68,2026-04-01
I:2620,C:1072,C:959,construction,448.05,2026-04-09
I:2621,C:2937,C:1298,hardware,5446.61,2026-02-01
I:2622,C:505,C:4708,construction,333.91,2026-01-19
I:2623,C:779,C:28,logistics,1937.82,2026-01-27
I:2624,C:2586,C:3152,consulting,719.18,2026-02-04
I:2625,C:988,C:3930,logistics,6467.48,2026-03-29
I:2626,C:2044,C:2034,logistics,4121.85,2026-01-16
I:2627,C:2926,C:2223,logistics,929.79,2026-06-16
I:2628,C:UNREG34,C:1515,catering,8280.41,2026-06-24
I:2629,C:115,C:1282,consulting,665.41,2026-02-10
I:2630,C:2354,C:2707,catering,1493.4,2026-02-12
I:2631,C:2035,C:1035,software,1415.65,2026-03-08
I:2632,C:2246,C:2050,software,1523.85,2026-05-31
I:2633,C:2233,C:609,consulting,613.37,2026-05-04
I:2634,C:2380,C:4090,catering,1579.89,2026-04-07
I:2635,C:2667,C:1791,catering,4029.93,2026-03-07
I:2636,C:4212,C:529,hardware,5984.16,2026-06-20
I:2637,C:2729,C:4246,logistics,3009.72,2026-02-05
I:2638,C:2376,C:3654,consulting,235.55,2026-04-13
I:2639,C:223,C:4849,software,1107.67,2026-02-05
I:2640,C:3898,C:2887,consulting,2680.81,2026-03-11
I:2641,C:467,C:1131,construction,8772.33,2026-01-04
I:2642,C:1499,C:1336,consulting,707.53,2026-03-08
I:2643,C:4395,C:2818,hardware,2203.73,2026-06-04
I:2644,C:3527,C:1383,marketing,1193.22,2026-06-26
I:2645,C:4928,C:3385,hardware,141.21,2026-02-21
I:2646,C:4042,C:1599,logistics,822.9,2026-04-16
I:2647,C:2180,C:3867,catering,679.37,2026-01-09
I:2648,C:1029,C:1238,software,1098.83,2026-03-19
I:2649,C:3669,C:4204,logistics,203.78,2026-01-24
I:2650,C:3692,C:2895,logistics,2570.83,2026-04-22
I:2651,C:2168,C:699,construction,228.58,2026-04-05
I:2652,C:2438,C:281,construction,816.63,2026-01-15
I:2653,C:2221,C:416,software,1546.26,2026-01-23
I:2654,C:3485,C:544,construction,157.33,2026-02-25
I:2655,C:3062,C:797,catering,1145.15,2026-04-22
I:2656,C:902,C:929,software,622.63,2026-01-06
I:2657,C:111,C:4032,software,276.8,2026-03-23
I:2658,C:1536,C:628,catering,843.67,2026-05-14
I:2659,C:3779,C:2626,construction,174.99,2026-02-16
I:2660,C:3348,C:1963,marketing,1566.33,2026-03-04
I:2661,C:222,C:3564,logistics,1238.23,2026-03-26
I:2662,C:726,C:4996,consulting,847.47,2026-05-28
I:2663,C:1417,C:1593,software,997.94,2026-03-13
I:2664,C:1797,C:4136,construction,1383.26,2026-06-22
I:2665,C:84,C:3758,logistics,1027.48,2026-04-21
I:2666,C:261,C:4611,catering,852.2,2026-02-05
I:2667,C:3117,C:1091,construction,2991.03,2026-03-03
I:2668,C:4850,C:2802,marketing,6709.56,2026-03-07
I:2669,C:1752,C:4614,construction,280.93,2026-02-23
I:2670,C:4813,C:4284,hardware,51.83,2026-02-05
I:2671,C:961,C:1499,marketing,211.0,2026-04-15
I:2672,C:1064,C:262,marketing,1529.9,2026-05-13
I:2673,C:844,C:4357,software,17357.01,2026-02-04
I:2674,C:2407,C:2835,software,497.53,2026-02-11
I:2675,C:2113,C:1495,hardware,165.79,2026-06-22
I:2676,C:2377,C:3133,consulting,557.33,2026-03-18
I:2677,C:2839,C:295,software,1171.48,2026-01-27
I:2678,C:1415,C:4963,catering,521.15,2026-03-10
I:2679,C:923,C:321,software,2092.64,2026-03-10
I:2680,C:2184,C:2078,catering,1792.59,2026-02-19
I:2681,C:2576,C:813,construction,9304.56,2026-03-06
I:2682,C:3031,C:1574,catering,391.7,2026-04-13
I:2683,C:713,C:3959,catering,382.96,2026-01-18
I:2684,C:1479,C:4203,software,313.69,2026-01-11
I:2685,C:2535,C:3311,logistics,1748.8,2026-01-30
I:2686,C:1982,C:3294,logistics,322.04,2026-02-07
I:2687,C:2323,C:4333,hardware,400.14,2026-03-19
I:2688,C:2022,C:3672,catering,3488.03,2026-06-20
I:2689,C:4808,C:2118,consulting,1117.62,2026-04-14
I:2690,C:4344,C:2759,marketing,1077.24,2026-06-02
I:2691,C:UNREG6,C:3211,hardware,397.41,2026-03-24
I:2692,C:UNREG45,C:1622,marketing,4199.54,2026-05-19
I:2693,C:4179,C:373,catering,252.68,2026-01-31
I:2694,C:1763,C:503,hardware,124.04,2026-02-04
I:2695,C:1342,C:2069,logistics,1534.4,2026-05-27
I:2696,C:4382,C:1883,logistics,1068.2,2026-03-09
I:2697,C:2215,C:4427,catering,907.28,2026-02-14
I:2698,C:2701,C:775,catering,912.19,2026-06-01
I:2699,C:537,C:648,logistics,2123.88,2026-01-02
I:2700,C:3416,C:1339,software,181.59,2026-01-17
I:2701,C:1646,C:3658,consulting,755.55,2026-04-16
I:2702,C:2624,C:2854,catering,1132.2,2026-05-20
I:2703,C:2814,C:4190,construction,119.31,2026-02-10
I:2704,C:2495,C:202,hardware,232.89,2026-02-25
I:2705,C:4193,C:2879,software,3325.43,2026-01-14
I:2706,C:4303,C:1560,construction,705.41,2026-05-23
I:2707,C:1631,C:2707,logistics,996.46,2026-04-29
I:2708,C:2219,C:2115,construction,2365.35,2026-06-12
I:2709,C:1544,C:4464,consulting,2014.07,2026-03-26
I:2710,C:3730,C:4242,marketing,545.7,2026-05-06
I:2711,C:979,C:4434,construction,4684.95,2026-01-09
I:2712,C:221,C:2287,marketing,11079.3,2026-01-06
I:2713,C:369,C:2357,software,515.77,2026-05-13
I:2714,C:1668,C:4260,marketing,751.18,2026-06-22
I:2715,C:2916,C:2642,hardware,606.94,2026-06-08
I:2716,C:2316,C:1823,marketing,903.93,2026-06-02
I:2717,C:1196,C:3978,logistics,287.26,2026-05-22
I:2718,C:3782,C:3707,logistics,3299.62,2026-03-25
I:2719,C:4380,C:2396,catering,2666.04,2026-01-15
I:2720,C:4265,C:3743,catering,1313.16,2026-05-21
I:2721,C:4657,C:2013,logistics,189.18,2026-05-30
I:2722,C:4443,C:292,marketing,430.32,2026-01-09
I:2723,C:677,C:1448,consulting,17039.47,2026-02-10
I:2724,C:2429,C:1031,consulting,560.31,2026-05-27
I:2725,C:277,C:3214,construction,1056.45,2026-02-28
I:2726,C:4978,C:4206,software,344.8,2026-03-11
I:2727,C:1958,C:3805,catering,5248.18,2026-04-08
I:2728,C:4973,C:4260,catering,240.26,2026-06-29
I:2729,C:4355,C:110,software,259.16,2026-04-07
I:2730,C:375,C:1162,software,495.75,2026-03-13
I:2731,C:4072,C:3629,hardware,1447.81,2026-05-14
I:2732,C:3611,C:1737,software,1034.0,2026-05-21
I:2733,C:3782,C:609,marketing,808.5,2026-04-26
I:2734,C:358,C:3345,software,359.53,2026-04-25
I:2735,C:4347,C:286,software,2238.06,2026-06-27
I:2736,C:4135,C:714,catering,1756.92,2026-06-02
I:2737,C:500,C:3992,construction,1422.9,2026-03-10
I:2738,C:1335,C:3721,catering,2263.58,2026-06-04
I:2739,C:4713,C:2230,construction,23309.33,2026-04-08
I:2740,C:1739,C:24,marketing,1842.09,2026-04-07
I:2741,C:4048,C:3397,consulting,661.17,2026-06-18
I:2742,C:3260,C:1147,consulting,222.95,2026-03-07
I:2743,C:2853,C:1413,hardware,3055.29,2026-01-31
I:2744,C:1117,C:1633,consulting,9756.12,2026-02-24
I:2745,C:3310,C:1893,catering,530.5,2026-04-29
I:2746,C:2034,C:3355,consulting,242.52,2026-05-05
I:2747,C:3929,C:2223,construction,581.19,2026-03-17
I:2748,C:3800,C:3384,construction,156.76,2026-01-28
I:2749,C:1864,C:835,catering,939.86,2026-05-25
I:2750,C:1835,C:519,logistics,2288.79,2026-04-01
I:2751,C:310,C:3553,catering,457.75,2026-05-20
I:2752,C:2997,C:2881,hardware,3897.77,2026-06-07
I:2753,C:1316,C:1185,hardware,1400.25,2026-01-19
I:2754,C:3075,C:3946,construction,1741.62,2026-06-23
I:2755,C:2585,C:4888,catering,319.2,2026-06-14
I:2756,C:3419,C:1171,logistics,417.28,2026-03-25
I:2757,C:4007,C:3258,hardware,147.07,2026-05-28
I:2758,C:2128,C:2995,consulting,623.62,2026-03-16
I:2759,C:2212,C:3979,consulting,755.86,2026-05-16
I:2760,C:3951,C:3698,logistics,368.16,2026-03-18
I:2761,C:825,C:1568,software,1215.56,2026-01-10
I:2762,C:532,C:811,construction,574.56,2026-01-30
I:2763,C:3598,C:2026,marketing,1661.18,2026-02-26
I:2764,C:3014,C:934,hardware,161.1,2026-06-14
I:2765,C:2119,C:2272,logistics,441.35,2026-03-23
I:2766,C:411,C:4613,logistics,689.37,2026-05-29
I:2767,C:2695,C:1330,catering,4522.75,2026-06-08
I:2768,C:2061,C:1145,marketing,1231.85,2026-06-04
I:2769,C:201,C:1938,construction,682.2,2026-02-17
I:2770,C:2854,C:4771,hardware,870.05,2026-03-10
I:2771,C:1619,C:1504,construction,680.65,2026-02-15
I:2772,C:3144,C:877,software,94.49,2026-02-18
I:2773,C:195,C:40,marketing,6556.46,2026-03-05
I:2774,C:306,C:1907,marketing,556.02,2026-01-01
I:2775,C:2946,C:4358,logistics,1547.41,2026-04-28
I:2776,C:1116,C:1017,logistics,865.51,2026-02-27
I:2777,C:2738,C:1709,catering,8547.19,2026-06-23
I:2778,C:4572,C:2913,software,1752.98,2026-06-19
I:2779,C:1389,C:1780,logistics,2133.71,2026-02-28
I:2780,C:2145,C:3834,hardware,1237.6,2026-06-01
I:2781,C:1427,C:2922,construction,937.33,2026-01-29
I:2782,C:1422,C:1919,catering,9817.29,2026-04-04
I:2783,C:3384,C:1661,hardware,404.67,2026-02-18
I:2784,C:3319,C:150,hardware,438.13,2026-03-24
I:2785,C:1479,C:4906,construction,1002.03,2026-03-14
I:2786,C:444,C:472,software,3370.81,2026-05-14
I:2787,C:1674,C:1978,consulting,7811.72,2026-04-27
I:2788,C:1451,C:4409,logistics,175.25,2026-01-23
I:2789,C:2485,C:517,hardware,3913.73,2026-01-04
I:2790,C:3243,C:1048,consulting,461.28,2026-06-13
I:2791,C:3765,C:4588,logistics,12321.05,2026-04-22
I:2792,C:3711,C:758,construction,827.46,2026-04-16
I:2793,C:4064,C:3435,hardware,2083.28,2026-06-25
I:2794,C:651,C:3089,construction,1484.13,2026-06-04
I:2795,C:667,C:4820,hardware,401.82,2026-03-21
I:2796,C:2542,C:2903,logistics,652.16,2026-06-15
I:2797,C:4052,C:1324,software,1096.81,2026-06-02
I:2798,C:1579,C:2495,hardware,434.29,2026-03-13
I:2799,C:3594,C:3736,hardware,1498.53,2026-06-26
I:2800,C:1673,C:704,logistics,1459.03,2026-01-06
I:2801,C:2127,C:4980,consulting,141.36,2026-05-26
I:2802,C:2441,C:4448,consulting,193.95,2026-04-28
I:2803,C:3667,C:4386,consulting,1420.74,2026-05-29
I:2804,C:376,C:529,construction,1118.92,2026-02-06
I:2805,C:276,C:974,software,1465.95,2026-06-25
I:2806,C:1963,C:2653,software,403.68,2026-04-30
I:2807,C:2751,C:4644,consulting,2187.97,2026-05-21
I:2808,C:2869,C:3724,consulting,1101.37,2026-03-17
I:2809,C:4245,C:1190,software,1989.83,2026-01-28
I:2810,C:2205,C:3915,software,10541.59,2026-01-14
I:2811,C:3813,C:1704,catering,1646.07,2026-06-28
I:2812,C:4002,C:4621,software,1069.34,2026-05-10
I:2813,C:4073,C:954,software,9872.98,2026-02-28
I:2814,C:2825,C:2424,catering,1222.67,2026-03-20
I:2815,C:3636,C:4125,software,438.15,2026-05-14
I:2816,C:2352,C:2995,consulting,1585.01,2026-02-18
I:2817,C:2989,C:1103,software,476.21,2026-06-20
I:2818,C:2295,C:2577,hardware,620.6,2026-02-18
I:2819,C:1299,C:3977,consulting,127.75,2026-02-12
I:2820,C:1948,C:160,software,1772.95,2026-02-08
I:2821,C:2576,C:3782,catering,1352.33,2026-06-09
I:2822,C:3463,C:2361,logistics,2227.24,2026-06-28
I:2823,C:2541,C:1783,software,7670.12,2026-04-08
I:2824,C:3728,C:2890,logistics,1390.02,2026-04-25
I:2825,C:3230,C:380,hardware,1040.39,2026-06-17
I:2826,C:145,C:3606,logistics,6449.87,2026-06-15
I:2827,C:3612,C:3159,logistics,363.04,2026-03-21
I:2828,C:UNREG21,C:1151,hardware,1351.63,2026-01-11
I:2829,C:425,C:2028,software,448.45,2026-02-26
I:2830,C:3824,C:4623,marketing,600.63,2026-04-01
I:2831,C:3882,C:2977,logistics,419.69,2026-01-27
I:2832,C:4291,C:4810,hardware,4033.12,2026-03-21
I:2833,C:3704,C:1438,hardware,376.81,2026-03-10
I:2834,C:2896,C:1442,consulting,1169.53,2026-01-23
I:2835,C:4654,C:756,construction,336.2,2026-04-16
I:2836,C:403,C:2554,hardware,14352.9,2026-02-02
I:2837,C:3322,C:3655,catering,8312.84,2026-01-27
I:2838,C:2722,C:1566,hardware,806.36,2026-04-03
I:2839,C:2837,C:4071,consulting,277.04,2026-01-08
I:2840,C:1653,C:4447,catering,2494.08,2026-06-09
I:2841,C:1858,C:2554,marketing,3054.01,2026-01-07
I:2842,C:1334,C:3673,logistics,1238.56,2026-06-20
I:2843,C:3477,C:58,logistics,576.88,2026-04-14
I:2844,C:3333,C:4665,logistics,574.25,2026-02-17
I:2845,C:962,C:3676,consulting,520.31,2026-04-28
I:2846,C:2445,C:1312,logistics,722.63,2026-04-26
I:2847,C:367,C:4246,construction,329.87,2026-06-23
I:2848,C:4492,C:3898,software,133.44,2026-06-06
I:2849,C:352,C:2661,marketing,876.75,2026-02-01
I:2850,C:875,C:1752,construction,2556.99,2026-02-21
I:2851,C:4592,C:3280,catering,8910.19,2026-06-11
I:2852,C:2254,C:2199,consulting,1688.81,2026-01-05
I:2853,C:168,C:4712,logistics,642.95,2026-06-19
I:2854,C:2197,C:3962,logistics,3095.34,2026-05-16
I:2855,C:516,C:2712,software,2143.08,2026-05-03
I:2856,C:2755,C:3834,consulting,1308.0,2026-01-01
I:2857,C:1388,C:624,construction,2896.23,2026-03-28
I:2858,C:1931,C:3329,catering,1724.58,2026-05-30
I:2859,C:4600,C:247,consulting,4515.51,2026-04-24
I:2860,C:1218,C:157,marketing,2637.18,2026-01-11
I:2861,C:4881,C:4278,catering,478.19,2026-05-10
I:2862,C:2119,C:943,catering,1887.91,2026-01-04
I:2863,C:553,C:1332,consulting,611.52,2026-06-28
I:2864,C:3865,C:4185,marketing,142.01,2026-05-09
I:2865,C:262,C:4513,consulting,35391.89,2026-01-04
I:2866,C:1823,C:2887,construction,4039.89,2026-02-17
I:2867,C:2397,C:1376,hardware,3257.96,2026-01-30
I:2868,C:3289,C:2103,software,570.99,2026-06-05
I:2869,C:UNREG52,C:3971,software,90.1,2026-03-29
I:2870,C:3741,C:10,catering,10389.42,2026-05-30
I:2871,C:4866,C:2417,consulting,4994.99,2026-04-19
I:2872,C:2068,C:2846,marketing,650.16,2026-06-15
I:2873,C:4364,C:619,construction,545.82,2026-04-01
I:2874,C:2128,C:640,hardware,274.22,2026-05-03
I:2875,C:2265,C:2873,consulting,5197.69,2026-03-17
I:2876,C:2135,C:1035,consulting,498.91,2026-06-18
I:2877,C:2962,C:1269,marketing,813.38,2026-01-18
I:2878,C:4148,C:4913,software,983.96,2026-01-31
I:2879,C:3102,C:3831,marketing,166.01,2026-03-07
I:2880,C:3472,C:4661,construction,783.31,2026-03-13
I:2881,C:763,C:3533,hardware,772.86,2026-06-11
I:2882,C:403,C:3872,consulting,1666.42,2026-01-31
I:2883,C:2173,C:122,hardware,431.16,2026-06-28
I:2884,C:2001,C:4980,logistics,349.71,2026-06-24
I:2885,C:2004,C:698,construction,841.88,2026-05-31
I:2886,C:3639,C:4710,consulting,104.5,2026-04-22
I:2887,C:280,C:2124,construction,7336.47,2026-05-03
I:2888,C:677,C:4937,software,15624.32,2026-06-11
I:2889,C:3037,C:2243,marketing,1921.68,2026-03-29
I:2890,C:3043,C:2245,marketing,2191.9,2026-06-17
I:2891,C:1535,C:4072,construction,977.89,2026-01-25
I:2892,C:910,C:812,logistics,622.36,2026-03-18
I:2893,C:944,C:2403,hardware,974.24,2026-02-09
I:2894,C:1683,C:3088,consulting,1707.07,2026-02-12
I:2895,C:4205,C:4,marketing,131.54,2026-01-06
I:2896,C:71,C:414,consulting,330.18,2026-03-19
I:2897,C:1736,C:4413,construction,309.54,2026-02-04
I:2898,C:4743,C:589,hardware,2685.86,2026-05-09
I:2899,C:1320,C:3636,consulting,3564.48,2026-02-13
I:2900,C:4164,C:4604,hardware,5201.23,2026-03-22
I:2901,C:598,C:2327,construction,2179.26,2026-01-20
I:2902,C:396,C:3709,construction,785.8,2026-03-23
I:2903,C:1437,C:4733,marketing,200.51,2026-03-09
I:2904,C:1008,C:4187,software,2504.09,2026-05-13
I:2905,C:3606,C:4028,logistics,934.62,2026-06-08
I:2906,C:4400,C:3402,hardware,157.05,2026-04-23
I:2907,C:1139,C:2199,marketing,1840.75,2026-04-03
I:2908,C:898,C:3648,logistics,7136.98,2026-02-02
I:2909,C:3163,C:2054,marketing,358.65,2026-02-19
I:2910,C:3016,C:1946,consulting,1136.75,2026-05-16
I:2911,C:4727,C:820,catering,692.12,2026-05-06
I:2912,C:4665,C:4420,catering,962.14,2026-01-26
I:2913,C:3934,C:296,consulting,510.69,2026-06-22
I:2914,C:4490,C:2236,construction,480.6,2026-03-20
I:2915,C:755,C:4890,catering,10590.0,2026-03-02
I:2916,C:1785,C:3748,hardware,4183.05,2026-02-11
I:2917,C:1997,C:4585,hardware,758.82,2026-06-07
I:2918,C:851,C:2300,logistics,2400.36,2026-03-07
I:2919,C:1302,C:2931,marketing,392.13,2026-02-01
I:2920,C:1191,C:2192,construction,3918.6,2026-03-08
I:2921,C:1101,C:1131,logistics,202.24,2026-03-14
I:2922,C:3677,C:4692,catering,2057.52,2026-03-12
I:2923,C:2634,C:4878,catering,392.38,2026-02-25
I:2924,C:1290,C:787,hardware,442.62,2026-01-23
I:2925,C:4207,C:3451,logistics,659.94,2026-06-02
I:2926,C:2862,C:4904,construction,3205.43,2026-01-29
I:2927,C:1020,C:3083,catering,2120.53,2026-06-08
I:2928,C:3132,C:1179,catering,71.5,2026-05-14
I:2929,C:601,C:UNREG50,logistics,1013.7,2026-05-01
I:2930,C:714,C:3066,hardware,649.41,2026-03-01
I:2931,C:1491,C:4504,marketing,4142.07,2026-03-05
I:2932,C:3011,C:3560,consulting,606.83,2026-01-24
I:2933,C:1120,C:1540,hardware,2259.79,2026-03-01
I:2934,C:3815,C:161,consulting,664.66,2026-04-08
I:2935,C:126,C:4571,consulting,1411.72,2026-01-02
I:2936,C:3437,C:330,construction,646.82,2026-04-26
I:2937,C:416,C:639,logistics,186.55,2026-03-06
I:2938,C:4860,C:4668,consulting,1823.34,2026-04-03
I:2939,C:4592,C:2421,hardware,5110.73,2026-05-29
I:2940,C:1930,C:2705,catering,401.25,2026-04-04
I:2941,C:919,C:4051,consulting,4568.74,2026-05-02
I:2942,C:2022,C:1039,construction,3844.95,2026-01-02
I:2943,C:3537,C:3272,software,546.55,2026-06-25
I:2944,C:4366,C:328,catering,462.18,2026-05-11
I:2945,C:1834,C:4962,hardware,7925.31,2026-02-20
I:2946,C:2473,C:4253,logistics,2360.17,2026-02-23
I:2947,C:778,C:43,hardware,91.96,2026-04-18
I:2948,C:2979,C:2446,logistics,1886.19,2026-02-20
I:2949,C:2800,C:2500,software,4449.24,2026-03-14
I:2950,C:1437,C:4322,construction,300.89,2026-01-24
I:2951,C:3982,C:2324,construction,641.89,2026-05-22
I:2952,C:3083,C:574,construction,138.47,2026-06-08
I:2953,C:2969,C:4240,logistics,3346.13,2026-06-27
I:2954,C:61,C:1153,software,217.14,2026-03-07
I:2955,C:1097,C:3544,logistics,1977.6,2026-01-23
I:2956,C:844,C:4999,marketing,2217.63,2026-06-10
I:2957,C:3462,C:45,logistics,2011.61,2026-02-02
I:2958,C:3736,C:2651,software,501.03,2026-02-01
I:2959,C:1056,C:3240,construction,641.62,2026-06-15
I:2960,C:1632,C:1786,catering,147.27,2026-04-08
I:2961,C:2401,C:4531,catering,6253.8,2026-02-26
I:2962,C:4566,C:4500,logistics,395.65,2026-03-02
I:2963,C:2633,C:2909,hardware,442.0,2026-04-11
I:2964,C:1721,C:4735,marketing,12956.51,2026-02-26
I:2965,C:2334,C:1222,catering,529.6,2026-04-18
I:2966,C:4240,C:830,logistics,186.56,2026-03-26
I:2967,C:2874,C:216,software,2048.91,2026-05-10
I:2968,C:1815,C:499,hardware,153.32,2026-06-11
I:2969,C:3862,C:2933,software,821.1,2026-05-05
I:2970,C:2238,C:350,logistics,1497.74,2026-02-19
I:2971,C:1478,C:1908,catering,147.7,2026-02-07
I:2972,C:4065,C:699,marketing,1144.39,2026-02-25
I:2973,C:2026,C:1467,construction,13671.51,2026-06-14
I:2974,C:1606,C:2831,consulting,1466.98,2026-04-29
I:2975,C:1330,C:1670,logistics,916.51,2026-05-26
I:2976,C:4873,C:1140,consulting,546.45,2026-03-05
I:2977,C:138,C:548,logistics,65.82,2026-03-15
I:2978,C:2485,C:1162,consulting,224.21,2026-02-04
I:2979,C:2399,C:4042,marketing,1853.89,2026-01-05
I:2980,C:2465,C:4897,hardware,63.66,2026-06-01
I:2981,C:278,C:2984,consulting,1518.1,2026-05-18
I:2982,C:1859,C:536,marketing,924.48,2026-06-03
I:2983,C:4898,C:2799,catering,5958.02,2026-02-17
I:2984,C:277,C:2485,logistics,1868.21,2026-02-20
I:2985,C:2813,C:246,software,447.9,2026-06-12
I:2986,C:1394,C:4192,marketing,616.31,2026-02-21
I:2987,C:4372,C:2479,software,1846.09,2026-05-25
I:2988,C:4630,C:1594,logistics,630.72,2026-04-12
I:2989,C:3967,C:4099,catering,285.22,2026-06-27
I:2990,C:1703,C:501,construction,1352.54,2026-03-12
I:2991,C:4541,C:4727,catering,5514.78,2026-02-27
I:2992,C:2873,C:3100,catering,758.73,2026-05-06
I:2993,C:287,C:1321,logistics,959.81,2026-06-14
I:2994,C:775,C:1591,construction,498.12,2026-02-21
I:2995,C:3293,C:932,marketing,2444.54,2026-05-01
I:2996,C:3887,C:170,hardware,993.86,2026-05-29
I:2997,C:73,C:1320,consulting,375.26,2026-06-11
I:2998,C:4037,C:4108,marketing,575.03,2026-03-25
I:2999,C:2171,C:1759,marketing,3029.54,2026-01-21
I:3000,C:3709,C:1627,catering,9890.48,2026-04-07
I:3001,C:3460,C:2254,construction,2856.64,2026-06-24
I:3002,C:4769,C:199,construction,915.94,2026-03-22
I:3003,C:3981,C:1004,consulting,1708.33,2026-01-30
I:3004,C:295,C:789,construction,490.46,2026-04-15
I:3005,C:4190,C:4166,hardware,618.42,2026-03-18
I:3006,C:1969,C:2018,marketing,1259.24,2026-01-12
I:3007,C:1885,C:3584,consulting,2306.0,2026-02-17
I:3008,C:578,C:2223,construction,491.72,2026-02-08
I:3009,C:2020,C:1593,hardware,4187.59,2026-01-14
I:3010,C:3665,C:4236,hardware,140.27,2026-03-15
I:3011,C:2831,C:2995,consulting,259.19,2026-01-17
I:3012,C:1238,C:4528,logistics,73.91,2026-05-20
I:3013,C:1182,C:973,logistics,856.34,2026-06-03
I:3014,C:4888,C:303,logistics,4922.53,2026-06-11
I:3015,C:1402,C:1126,catering,4349.02,2026-04-21
I:3016,C:1488,C:1319,software,595.96,2026-01-06
I:3017,C:2127,C:2365,consulting,317.7,2026-03-31
I:3018,C:3269,C:4217,catering,1062.61,2026-06-20
I:3019,C:4820,C:2223,consulting,522.08,2026-04-07
I:3020,C:4785,C:1681,logistics,846.82,2026-05-03
I:3021,C:2738,C:1742,construction,8863.4,2026-05-14
I:3022,C:3637,C:2802,hardware,1363.29,2026-01-19
I:3023,C:3952,C:669,consulting,303.17,2026-02-23
I:3024,C:2460,C:2360,consulting,836.44,2026-01-01
I:3025,C:4634,C:1524,catering,1343.58,2026-05-07
I:3026,C:3759,C:4002,logistics,8431.46,2026-02-17
I:3027,C:4384,C:3713,marketing,74.61,2026-06-01
I:3028,C:704,C:3490,logistics,81.28,2026-01-10
I:3029,C:3463,C:2303,consulting,1354.22,2026-06-22
I:3030,C:733,C:4480,logistics,135.31,2026-01-31
I:3031,C:411,C:4488,construction,3424.61,2026-05-10
I:3032,C:4175,C:4791,construction,152.04,2026-05-19
I:3033,C:533,C:289,consulting,1455.86,2026-06-17
I:3034,C:4646,C:2006,software,3292.18,2026-04-26
I:3035,C:2119,C:2444,logistics,188.53,2026-05-29
I:3036,C:3016,C:69,software,4151.41,2026-02-22
I:3037,C:1093,C:4708,hardware,10056.97,2026-02-12
I:3038,C:1808,C:3423,logistics,3426.61,2026-04-28
I:3039,C:914,C:3658,logistics,4126.72,2026-01-07
I:3040,C:3473,C:4906,consulting,2794.91,2026-03-28
I:3041,C:1666,C:989,marketing,1286.09,2026-05-23
I:3042,C:2607,C:1684,catering,2506.82,2026-03-14
I:3043,C:2381,C:2478,software,505.04,2026-01-18
I:3044,C:1195,C:4943,catering,1095.29,2026-01-20
I:3045,C:3176,C:1678,construction,188.37,2026-06-02
I:3046,C:1506,C:4519,catering,9363.35,2026-02-14
I:3047,C:3080,C:2885,software,68.22,2026-03-08
I:3048,C:4954,C:2238,catering,680.1,2026-05-12
I:3049,C:1690,C:3208,marketing,1432.78,2026-04-19
I:3050,C:4887,C:1016,catering,6352.12,2026-04-21
I:3051,C:945,C:1520,logistics,149.09,2026-06-24
I:3052,C:762,C:2112,software,21632.57,2026-05-06
I:3053,C:2116,C:1048,hardware,215.32,2026-04-23
I:3054,C:3989,C:2888,catering,468.73,2026-03-11
I:3055,C:4355,C:2077,marketing,192.04,2026-02-25
I:3056,C:2257,C:1764,software,226.07,2026-04-30
I:3057,C:1092,C:1598,hardware,5835.16,2026-03-10
I:3058,C:1154,C:3841,construction,531.54,2026-03-30
I:3059,C:1552,C:3933,consulting,4841.82,2026-06-15
I:3060,C:364,C:374,hardware,1463.94,2026-04-29
I:3061,C:799,C:3069,software,179.52,2026-03-23
I:3062,C:3229,C:3631,catering,8315.77,2026-02-17
I:3063,C:1624,C:2350,logistics,950.28,2026-04-16
I:3064,C:2887,C:380,marketing,1074.41,2026-06-14
I:3065,C:2919,C:2144,construction,1450.95,2026-06-26
I:3066,C:2345,C:1647,catering,221.53,2026-04-25
I:3067,C:575,C:3934,marketing,546.77,2026-02-21
I:3068,C:2997,C:3699,hardware,1207.8,2026-05-15
I:3069,C:1966,C:3301,catering,4665.81,2026-01-10
I:3070,C:2869,C:2104,catering,120.84,2026-05-09
I:3071,C:3497,C:912,logistics,555.05,2026-03-07
I:3072,C:4541,C:4103,construction,607.81,2026-05-28
I:3073,C:1368,C:3166,construction,481.71,2026-05-27
I:3074,C:2816,C:767,marketing,308.46,2026-02-23
I:3075,C:2555,C:4774,construction,2495.11,2026-02-02
I:3076,C:285,C:2487,marketing,936.48,2026-02-06
I:3077,C:384,C:3645,construction,535.32,2026-05-06
I:3078,C:251,C:552,software,641.34,2026-04-04
I:3079,C:1555,C:3144,construction,371.27,2026-06-28
I:3080,C:3579,C:3707,consulting,2470.4,2026-01-20
I:3081,C:1019,C:1152,catering,819.03,2026-05-27
I:3082,C:1423,C:209,catering,1036.44,2026-01-11
I:3083,C:543,C:3001,catering,682.65,2026-06-20
I:3084,C:126,C:3724,software,3923.82,2026-05-16
I:3085,C:2058,C:1634,software,3711.7,2026-06-10
I:3086,C:4904,C:697,construction,487.99,2026-01-09
I:3087,C:4732,C:3032,hardware,159.69,2026-02-02
I:3088,C:3294,C:3026,catering,2065.79,2026-03-26
I:3089,C:179,C:2377,catering,2120.55,2026-03-05
I:3090,C:1298,C:2914,catering,86.89,2026-01-28
I:3091,C:3096,C:1426,consulting,393.99,2026-05-03
I:3092,C:1472,C:771,hardware,680.61,2026-04-27
I:3093,C:1743,C:817,construction,1216.86,2026-02-27
I:3094,C:1624,C:497,construction,785.91,2026-03-05
I:3095,C:4220,C:2462,catering,4533.73,2026-05-20
I:3096,C:3501,C:4986,consulting,1203.19,2026-01-02
I:3097,C:131,C:4100,catering,591.89,2026-04-22
I:3098,C:2141,C:4532,catering,27735.58,2026-05-23
I:3099,C:2139,C:1426,catering,2804.39,2026-02-02
I:3100,C:2018,C:521,catering,1099.0,2026-01-17
I:3101,C:3475,C:3473,logistics,1698.85,2026-01-17
I:3102,C:3636,C:4150,marketing,685.25,2026-06-08
I:3103,C:3531,C:2694,hardware,3202.95,2026-06-24
I:3104,C:1622,C:1079,catering,246.93,2026-01-19
I:3105,C:1198,C:1626,catering,892.81,2026-01-18
I:3106,C:989,C:3096,software,2676.32,2026-06-24
I:3107,C:3695,C:1928,marketing,1082.14,2026-03-25
I:3108,C:1236,C:1258,logistics,712.49,2026-03-21
I:3109,C:4250,C:701,catering,318.72,2026-02-16
I:3110,C:1696,C:720,logistics,4930.26,2026-05-08
I:3111,C:2382,C:613,marketing,868.76,2026-06-28
I:3112,C:577,C:1308,logistics,6299.13,2026-01-26
I:3113,C:4653,C:3633,consulting,775.6,2026-03-09
I:3114,C:3892,C:1321,software,492.55,2026-05-14
I:3115,C:1556,C:3607,construction,157.98,2026-06-06
I:3116,C:3261,C:2631,software,2912.25,2026-05-01
I:3117,C:72,C:927,software,3374.1,2026-03-04
I:3118,C:317,C:1532,consulting,494.25,2026-05-04
I:3119,C:3675,C:239,hardware,2724.21,2026-06-06
I:3120,C:3437,C:4514,construction,4015.63,2026-01-17
I:3121,C:1003,C:2826,marketing,619.55,2026-02-28
I:3122,C:999,C:1004,hardware,2990.84,2026-05-26
I:3123,C:2936,C:549,consulting,546.13,2026-01-12
I:3124,C:25,C:2961,catering,6471.24,2026-05-24
I:3125,C:428,C:2320,construction,157.4,2026-05-26
I:3126,C:4808,C:4943,software,1645.99,2026-02-23
I:3127,C:646,C:2765,hardware,337.21,2026-01-12
I:3128,C:3337,C:2222,consulting,7778.17,2026-02-18
I:3129,C:4790,C:4682,construction,242.11,2026-02-22
I:3130,C:4569,C:4301,marketing,505.76,2026-03-30
I:3131,C:2807,C:UNREG63,consulting,4298.1,2026-06-05
I:3132,C:1158,C:2212,construction,4688.77,2026-06-25
I:3133,C:1911,C:3726,logistics,1474.54,2026-05-02
I:3134,C:2358,C:785,software,430.61,2026-03-04
I:3135,C:582,C:4327,marketing,3534.93,2026-01-29
I:3136,C:2187,C:3682,logistics,1966.68,2026-05-30
I:3137,C:3788,C:2884,catering,840.0,2026-04-11
I:3138,C:2865,C:4429,catering,9082.68,2026-03-27
I:3139,C:2063,C:949,software,5380.94,2026-06-17
I:3140,C:1957,C:4585,catering,472.42,2026-06-08
I:3141,C:4176,C:4620,hardware,8103.18,2026-04-20
I:3142,C:3734,C:3091,marketing,408.9,2026-04-01
I:3143,C:1374,C:3075,hardware,1558.67,2026-02-27
I:3144,C:413,C:2310,marketing,131.0,2026-02-08
I:3145,C:2676,C:1725,consulting,3032.68,2026-02-17
I:3146,C:634,C:58,marketing,1287.32,2026-05-23
I:3147,C:3093,C:3767,catering,37.9,2026-03-05
I:3148,C:2341,C:3885,logistics,3408.74,2026-05-26
I:3149,C:1471,C:4964,consulting,1115.56,2026-02-22
I:3150,C:71,C:4207,consulting,741.95,2026-05-04
I:3151,C:1348,C:2014,consulting,1584.21,2026-06-11
I:3152,C:761,C:4210,consulting,2446.52,2026-05-03
I:3153,C:3580,C:3161,logistics,8336.25,2026-04-11
I:3154,C:4804,C:1511,marketing,950.15,2026-06-14
I:3155,C:4375,C:4387,software,1549.72,2026-02-12
I:3156,C:2411,C:4439,logistics,476.71,2026-05-13
I:3157,C:391,C:4319,consulting,2310.8,2026-06-24
I:3158,C:4691,C:4130,software,2181.1,2026-01-13
I:3159,C:UNREG33,C:3304,construction,1566.98,2026-05-23
I:3160,C:1571,C:1792,hardware,516.76,2026-05-22
I:3161,C:4531,C:3335,consulting,204.8,2026-03-23
I:3162,C:1235,C:3505,logistics,1540.45,2026-04-07
I:3163,C:1384,C:4006,logistics,104.14,2026-02-12
I:3164,C:3928,C:186,marketing,1709.37,2026-04-17
I:3165,C:1251,C:4417,catering,65.19,2026-06-01
I:3166,C:4280,C:3159,catering,187.17,2026-04-27
I:3167,C:235,C:2392,hardware,1395.62,2026-05-07
I:3168,C:1571,C:3476,logistics,774.13,2026-06-26
I:3169,C:4767,C:317,consulting,1788.43,2026-06-12
I:3170,C:1305,C:1699,logistics,488.87,2026-04-21
I:3171,C:4217,C:1482,construction,6007.53,2026-05-26
I:3172,C:2842,C:1344,software,3973.6,2026-05-17
I:3173,C:224,C:2011,marketing,5951.56,2026-04-03
I:3174,C:2168,C:1176,marketing,28.85,2026-01-19
I:3175,C:3724,C:4177,catering,718.21,2026-05-05
I:3176,C:3998,C:4114,construction,165.99,2026-04-24
I:3177,C:4759,C:4808,consulting,1559.68,2026-04-06
I:3178,C:2871,C:1982,catering,2554.77,2026-03-27
I:3179,C:2601,C:99,logistics,957.53,2026-05-03
I:3180,C:652,C:2415,catering,726.16,2026-01-12
I:3181,C:2220,C:3420,consulting,601.0,2026-06-23
I:3182,C:1467,C:4747,logistics,6184.79,2026-02-15
I:3183,C:2007,C:3468,hardware,1505.31,2026-06-20
I:3184,C:2436,C:1794,catering,625.66,2026-03-24
I:3185,C:4645,C:4008,catering,867.0,2026-02-26
I:3186,C:1455,C:4483,software,933.05,2026-01-27
I:3187,C:4010,C:3069,logistics,24073.88,2026-01-22
I:3188,C:1293,C:1291,logistics,435.4,2026-02-20
I:3189,C:753,C:2652,logistics,1270.68,2026-05-09
I:3190,C:1332,C:4062,consulting,105.79,2026-05-13
I:3191,C:1745,C:1702,construction,693.99,2026-04-29
I:3192,C:4368,C:1381,logistics,5270.07,2026-06-07
I:3193,C:3299,C:202,software,595.21,2026-05-24
I:3194,C:1287,C:537,software,544.65,2026-05-07
I:3195,C:586,C:919,construction,103.13,2026-02-23
I:3196,C:3846,C:2581,construction,1448.19,2026-03-03
I:3197,C:946,C:611,hardware,4631.51,2026-02-26
I:3198,C:2988,C:2459,logistics,12727.44,2026-05-19
I:3199,C:1796,C:502,catering,369.33,2026-05-16
I:3200,C:3011,C:2347,construction,328.34,2026-03-25
I:3201,C:4439,C:3127,consulting,4965.42,2026-05-05
I:3202,C:769,C:4532,construction,2176.07,2026-06-17
I:3203,C:2889,C:931,catering,1217.81,2026-05-13
I:3204,C:2062,C:813,construction,1744.27,2026-03-14
I:3205,C:3,C:1973,marketing,306.0,2026-01-25
I:3206,C:4766,C:1302,software,265.71,2026-04-23
I:3207,C:3409,C:1645,logistics,200.13,2026-05-19
I:3208,C:2680,C:1649,construction,18911.26,2026-06-21
I:3209,C:4031,C:4042,hardware,3736.36,2026-01-13
I:3210,C:3606,C:3736,hardware,2063.21,2026-05-24
I:3211,C:4413,C:3334,construction,3480.21,2026-06-18
I:3212,C:4212,C:3796,catering,1242.64,2026-03-07
I:3213,C:2092,C:770,logistics,1148.44,2026-01-04
I:3214,C:848,C:647,logistics,3334.93,2026-04-07
I:3215,C:3181,C:2996,logistics,1762.61,2026-04-21
I:3216,C:1127,C:3967,hardware,50.49,2026-01-07
I:3217,C:2000,C:1754,consulting,213.73,2026-06-26
I:3218,C:3472,C:984,logistics,456.52,2026-03-06
I:3219,C:4546,C:3820,software,554.45,2026-01-06
I:3220,C:3854,C:3142,logistics,277.4,2026-01-25
I:3221,C:649,C:4052,consulting,8310.09,2026-02-28
I:3222,C:642,C:4802,consulting,1141.88,2026-04-29
I:3223,C:2475,C:2572,consulting,455.46,2026-03-19
I:3224,C:1916,C:2227,logistics,161.3,2026-06-04
I:3225,C:3089,C:3832,construction,211.02,2026-03-20
I:3226,C:1847,C:1319,construction,1489.17,2026-06-05
I:3227,C:215,C:1321,logistics,166.26,2026-06-02
I:3228,C:356,C:3931,construction,5506.55,2026-05-01
I:3229,C:3945,C:3535,catering,1630.73,2026-03-13
I:3230,C:1738,C:1137,construction,375.36,2026-06-05
I:3231,C:924,C:1607,hardware,1805.78,2026-01-22
I:3232,C:3619,C:2272,construction,1635.65,2026-02-07
I:3233,C:1632,C:3849,hardware,242.97,2026-03-24
I:3234,C:2234,C:17,consulting,1533.59,2026-06-17
I:3235,C:4347,C:3768,marketing,385.22,2026-04-23
I:3236,C:4734,C:3235,catering,4710.91,2026-03-11
I:3237,C:1669,C:1792,construction,582.54,2026-02-01
I:3238,C:4746,C:3066,software,469.35,2026-04-13
I:3239,C:3409,C:934,marketing,266.68,2026-05-22
I:3240,C:1867,C:1507,catering,2415.22,2026-04-05
I:3241,C:3489,C:1742,consulting,3637.14,2026-06-20
I:3242,C:1674,C:2344,marketing,2592.27,2026-03-25
I:3243,C:1822,C:4942,software,412.04,2026-05-11
I:3244,C:3068,C:1897,software,927.61,2026-04-04
I:3245,C:2703,C:554,logistics,1956.3,2026-06-12
I:3246,C:256,C:3003,logistics,1879.69,2026-04-01
I:3247,C:487,C:1081,catering,1719.57,2026-04-15
I:3248,C:4385,C:2660,hardware,445.66,2026-06-07
I:3249,C:3718,C:720,hardware,2049.69,2026-03-13
I:3250,C:1808,C:2119,logistics,3193.28,2026-04-30
I:3251,C:1739,C:1986,consulting,1161.88,2026-01-30
I:3252,C:4079,C:2081,software,1473.93,2026-05-22
I:3253,C:1317,C:243,logistics,2473.01,2026-03-26
I:3254,C:3021,C:4954,consulting,4275.44,2026-06-10
I:3255,C:4626,C:3294,hardware,12137.84,2026-06-10
I:3256,C:1302,C:4102,marketing,1408.51,2026-04-22
I:3257,C:1631,C:333,construction,2279.03,2026-01-03
I:3258,C:346,C:321,consulting,563.52,2026-02-06
I:3259,C:3084,C:227,catering,1379.44,2026-06-20
I:3260,C:2356,C:4561,hardware,863.76,2026-03-01
I:3261,C:4988,C:959,software,482.14,2026-03-17
I:3262,C:1195,C:3054,construction,289.42,2026-04-23
I:3263,C:2940,C:253,construction,679.45,2026-01-07
I:3264,C:2082,C:1952,consulting,491.36,2026-03-04
I:3265,C:2884,C:310,construction,10787.78,2026-04-13
I:3266,C:3958,C:1251,consulting,1590.76,2026-05-10
I:3267,C:1828,C:3875,marketing,6581.13,2026-01-14
I:3268,C:1290,C:3665,hardware,541.21,2026-06-01
I:3269,C:4982,C:2672,logistics,206.18,2026-06-29
I:3270,C:2352,C:1516,software,1185.39,2026-06-04
I:3271,C:189,C:183,logistics,2197.07,2026-01-26
I:3272,C:2297,C:224,construction,2371.73,2026-03-24
I:3273,C:2105,C:1891,marketing,1200.35,2026-05-04
I:3274,C:330,C:3413,hardware,3606.73,2026-03-04
I:3275,C:1545,C:188,logistics,53.27,2026-04-05
I:3276,C:95,C:3068,software,2665.58,2026-01-16
I:3277,C:3984,C:1414,logistics,7093.85,2026-06-28
I:3278,C:2273,C:3456,software,569.38,2026-05-11
I:3279,C:4878,C:2788,hardware,2107.23,2026-04-15
I:3280,C:297,C:3543,hardware,2356.67,2026-04-17
I:3281,C:1317,C:367,construction,785.63,2026-03-14
I:3282,C:4388,C:999,software,944.94,2026-04-05
I:3283,C:2511,C:1996,construction,146.45,2026-02-15
I:3284,C:4293,C:2303,software,252.83,2026-06-20
I:3285,C:2175,C:3805,consulting,319.33,2026-02-18
I:3286,C:2651,C:3364,software,862.59,2026-05-31
I:3287,C:2822,C:4294,marketing,1074.51,2026-01-09
I:3288,C:1039,C:2864,consulting,754.21,2026-05-08
I:3289,C:800,C:931,logistics,2552.62,2026-06-04
I:3290,C:904,C:3113,marketing,3517.19,2026-01-04
I:3291,C:1317,C:3834,consulting,1932.5,2026-05-21
I:3292,C:295,C:3581,consulting,6009.96,2026-03-14
I:3293,C:684,C:2534,catering,2764.41,2026-04-24
I:3294,C:4043,C:958,software,176.59,2026-06-23
I:3295,C:3137,C:1705,logistics,2064.94,2026-04-07
I:3296,C:4154,C:110,hardware,1091.84,2026-02-16
I:3297,C:2504,C:3096,software,1287.11,2026-01-03
I:3298,C:1393,C:2127,catering,33.29,2026-02-06
I:3299,C:3275,C:3603,hardware,736.12,2026-02-03
I:3300,C:2555,C:2727,hardware,6239.29,2026-06-17
I:3301,C:3,C:2571,logistics,9016.37,2026-03-13
I:3302,C:4193,C:1457,catering,364.66,2026-03-15
I:3303,C:753,C:1697,catering,1123.93,2026-03-12
I:3304,C:919,C:4041,marketing,251.62,2026-05-28
I:3305,C:4875,C:4452,hardware,1705.97,2026-05-25
I:3306,C:4280,C:850,software,1114.96,2026-05-12
I:3307,C:707,C:3487,consulting,2443.05,2026-03-05
I:3308,C:1532,C:2658,marketing,466.63,2026-02-04
I:3309,C:4025,C:4638,consulting,17028.83,2026-05-08
I:3310,C:1075,C:4328,marketing,1497.5,2026-02-21
I:3311,C:2429,C:22,construction,17.77,2026-03-16
I:3312,C:4551,C:3153,logistics,526.14,2026-06-15
I:3313,C:2313,C:2129,construction,390.83,2026-03-17
I:3314,C:520,C:4703,hardware,4303.51,2026-01-09
I:3315,C:4912,C:3864,consulting,3057.97,2026-04-10
I:3316,C:4718,C:3673,consulting,900.5,2026-06-08
I:3317,C:2132,C:854,construction,305.84,2026-03-17
I:3318,C:1781,C:2000,logistics,1236.55,2026-05-10
I:3319,C:166,C:4126,software,686.87,2026-01-19
I:3320,C:519,C:4044,software,7201.14,2026-03-05
I:3321,C:1302,C:2875,marketing,1005.61,2026-01-13
I:3322,C:2895,C:4595,logistics,1579.58,2026-06-13
I:3323,C:1255,C:3483,catering,55.21,2026-03-18
I:3324,C:459,C:4279,software,306.39,2026-01-03
I:3325,C:4675,C:1399,hardware,1099.24,2026-06-24
I:3326,C:3233,C:109,software,1073.09,2026-03-17
I:3327,C:3711,C:948,catering,524.42,2026-02-09
I:3328,C:4884,C:2929,hardware,1445.31,2026-06-03
I:3329,C:4083,C:408,hardware,6244.33,2026-06-13
I:3330,C:1006,C:2593,logistics,1418.5,2026-06-02
I:3331,C:238,C:4314,hardware,2250.7,2026-01-09
I:3332,C:1807,C:1705,marketing,8080.19,2026-03-22
I:3333,C:3643,C:3127,software,2709.4,2026-01-13
I:3334,C:2705,C:2884,catering,290.62,2026-01-03
I:3335,C:3471,C:2926,hardware,398.08,2026-02-18
I:3336,C:4899,C:2840,hardware,2243.72,2026-02-01
I:3337,C:4024,C:3238,hardware,794.68,2026-04-01
I:3338,C:3641,C:3388,hardware,81.75,2026-03-30
I:3339,C:4654,C:2522,construction,797.59,2026-06-04
I:3340,C:171,C:1055,construction,3989.9,2026-02-20
I:3341,C:53,C:2455,hardware,361.04,2026-03-03
I:3342,C:4051,C:3177,marketing,2100.39,2026-04-10
I:3343,C:4827,C:UNREG49,software,3340.44,2026-04-09
I:3344,C:3408,C:4588,marketing,2340.2,2026-06-23
I:3345,C:4964,C:745,hardware,612.73,2026-05-08
I:3346,C:1387,C:2307,logistics,1456.32,2026-05-17
I:3347,C:4633,C:2600,hardware,341.09,2026-04-12
I:3348,C:4509,C:4895,consulting,867.24,2026-01-04
I:3349,C:1347,C:2420,construction,392.42,2026-04-15
I:3350,C:3480,C:1389,software,3249.39,2026-02-06
I:3351,C:2972,C:1995,software,337.01,2026-06-22
I:3352,C:4421,C:1426,marketing,420.77,2026-03-07
I:3353,C:1204,C:4833,marketing,2019.33,2026-04-08
I:3354,C:3031,C:4182,catering,6353.18,2026-01-05
I:3355,C:4892,C:3962,logistics,1762.33,2026-02-03
I:3356,C:3731,C:2150,hardware,1404.21,2026-04-23
I:3357,C:3963,C:3773,catering,749.28,2026-03-15
I:3358,C:2364,C:715,catering,90.5,2026-01-02
I:3359,C:2034,C:4352,software,643.34,2026-04-16
I:3360,C:43,C:3770,software,3483.24,2026-02-05
I:3361,C:4002,C:4785,software,1691.16,2026-03-25
I:3362,C:720,C:995,software,7473.42,2026-05-06
I:3363,C:336,C:920,consulting,718.28,2026-01-06
I:3364,C:2557,C:2015,software,1473.69,2026-03-25
I:3365,C:380,C:189,software,339.96,2026-01-15
I:3366,C:2830,C:4400,software,811.4,2026-05-06
I:3367,C:4532,C:875,construction,2547.75,2026-03-22
I:3368,C:2843,C:4596,construction,835.99,2026-03-30
I:3369,C:2635,C:4765,marketing,1816.02,2026-05-09
I:3370,C:2068,C:445,hardware,5053.98,2026-04-14
I:3371,C:2007,C:4330,logistics,5237.88,2026-04-18
I:3372,C:4446,C:1316,marketing,674.4,2026-03-16
I:3373,C:3773,C:2085,consulting,2112.64,2026-04-24
I:3374,C:4099,C:958,construction,1281.07,2026-04-02
I:3375,C:869,C:3316,hardware,1996.84,2026-03-05
I:3376,C:3280,C:3575,catering,2854.67,2026-06-16
I:3377,C:3241,C:2823,marketing,465.49,2026-01-11
I:3378,C:648,C:3302,hardware,55.71,2026-05-06
I:3379,C:4267,C:4596,consulting,1323.27,2026-05-09
I:3380,C:3175,C:3994,construction,2374.21,2026-06-23
I:3381,C:473,C:1746,catering,320.89,2026-02-14
I:3382,C:4611,C:277,marketing,95.83,2026-02-18
I:3383,C:4295,C:378,catering,4369.52,2026-06-10
I:3384,C:598,C:76,hardware,917.92,2026-05-31
I:3385,C:1473,C:3128,marketing,7754.46,2026-02-05
I:3386,C:1680,C:4416,software,503.44,2026-02-27
I:3387,C:847,C:1181,logistics,8458.81,2026-02-04
I:3388,C:4012,C:3098,hardware,3464.44,2026-06-12
I:3389,C:2290,C:3961,marketing,975.33,2026-03-19
I:3390,C:2391,C:4338,marketing,2596.68,2026-02-16
I:3391,C:3224,C:228,software,3456.41,2026-03-07
I:3392,C:4047,C:4631,hardware,1381.91,2026-03-10
I:3393,C:752,C:1492,consulting,601.94,2026-04-01
I:3394,C:643,C:1497,software,368.57,2026-04-28
I:3395,C:2482,C:3849,logistics,1188.38,2026-02-24
I:3396,C:141,C:4128,hardware,2377.83,2026-04-20
I:3397,C:2286,C:1376,catering,1892.08,2026-05-13
I:3398,C:3464,C:3523,logistics,449.59,2026-03-02
I:3399,C:4166,C:4686,software,1654.07,2026-04-06
I:3400,C:4985,C:2097,software,706.99,2026-06-08
I:3401,C:3444,C:4466,hardware,5613.2,2026-06-02
I:3402,C:2483,C:4538,software,591.96,2026-04-04
I:3403,C:432,C:4749,marketing,2461.6,2026-02-25
I:3404,C:1629,C:1060,catering,1416.57,2026-01-20
I:3405,C:1442,C:930,logistics,4388.72,2026-03-16
I:3406,C:711,C:1160,logistics,4636.48,2026-05-27
I:3407,C:2786,C:409,marketing,1889.94,2026-03-30
I:3408,C:1546,C:2968,catering,411.39,2026-06-05
I:3409,C:1500,C:4504,consulting,457.21,2026-04-24
I:3410,C:1303,C:3287,construction,324.53,2026-03-18
I:3411,C:1909,C:1028,marketing,215.08,2026-01-12
I:3412,C:4231,C:3277,catering,259.8,2026-05-31
I:3413,C:1249,C:4189,construction,783.85,2026-05-26
I:3414,C:2406,C:3315,catering,2384.5,2026-06-28
I:3415,C:997,C:4240,logistics,3287.76,2026-01-18
I:3416,C:2326,C:4118,hardware,402.96,2026-04-22
I:3417,C:1001,C:1094,construction,2549.58,2026-03-22
I:3418,C:3727,C:1802,logistics,5399.1,2026-04-10
I:3419,C:1292,C:2867,hardware,2779.49,2026-03-05
I:3420,C:3503,C:2108,construction,6977.02,2026-06-29
I:3421,C:3082,C:3019,logistics,592.16,2026-06-29
I:3422,C:269,C:335,software,382.85,2026-06-08
I:3423,C:3002,C:3869,software,1247.79,2026-01-04
I:3424,C:3939,C:1960,software,340.11,2026-02-28
I:3425,C:3990,C:2250,construction,1498.89,2026-05-09
I:3426,C:1938,C:1283,hardware,137.36,2026-06-25
I:3427,C:4685,C:3768,construction,1474.45,2026-01-31
I:3428,C:247,C:2259,construction,5788.23,2026-02-25
I:3429,C:2395,C:2779,hardware,763.16,2026-06-17
I:3430,C:1327,C:3977,hardware,7513.7,2026-03-22
I:3431,C:4903,C:2000,logistics,249.06,2026-02-17
I:3432,C:2511,C:1499,catering,1290.53,2026-04-22
I:3433,C:2565,C:1050,construction,1141.57,2026-01-03
I:3434,C:4853,C:3097,logistics,539.78,2026-04-14
I:3435,C:1822,C:2659,marketing,2648.34,2026-04-04
I:3436,C:3733,C:1819,software,1367.64,2026-05-15
I:3437,C:3365,C:3099,consulting,6246.04,2026-03-25
I:3438,C:2269,C:4615,construction,1123.52,2026-01-12
I:3439,C:2315,C:3677,construction,783.64,2026-06-23
I:3440,C:3097,C:1233,logistics,2322.42,2026-03-25
I:3441,C:311,C:4587,hardware,1050.36,2026-03-13
I:3442,C:1264,C:466,hardware,287.34,2026-01-10
I:3443,C:1578,C:3604,logistics,901.31,2026-04-27
I:3444,C:3149,C:1495,logistics,5498.58,2026-03-07
I:3445,C:3413,C:2972,hardware,982.34,2026-04-12
I:3446,C:801,C:3989,catering,571.9,2026-04-18
I:3447,C:3669,C:1946,logistics,1657.22,2026-02-18
I:3448,C:2534,C:2147,construction,15780.23,2026-01-23
I:3449,C:2178,C:4713,catering,1186.52,2026-01-20
I:3450,C:2271,C:155,marketing,1424.51,2026-05-09
I:3451,C:63,C:4051,logistics,245.71,2026-02-17
I:3452,C:1437,C:4806,catering,1466.43,2026-04-19
I:3453,C:2607,C:2850,catering,409.87,2026-01-06
I:3454,C:4549,C:228,catering,8334.1,2026-03-16
I:3455,C:1264,C:4755,logistics,1653.86,2026-02-11
I:3456,C:3755,C:2549,hardware,5749.19,2026-02-12
I:3457,C:4290,C:4762,marketing,4790.57,2026-06-29
I:3458,C:2710,C:3815,catering,434.62,2026-05-05
I:3459,C:4734,C:4416,consulting,1788.55,2026-02-11
I:3460,C:3688,C:2197,hardware,1651.38,2026-02-24
I:3461,C:974,C:2245,logistics,8534.33,2026-02-12
I:3462,C:1350,C:3811,logistics,934.46,2026-03-20
I:3463,C:1302,C:4316,construction,4882.08,2026-03-04
I:3464,C:3356,C:2144,software,328.82,2026-04-04
I:3465,C:3445,C:1062,logistics,612.53,2026-04-26
I:3466,C:4400,C:2516,logistics,4020.84,2026-04-29
I:3467,C:1981,C:1925,logistics,472.95,2026-06-05
I:3468,C:3203,C:4113,catering,357.76,2026-04-26
I:3469,C:3425,C:601,hardware,1294.08,2026-02-20
I:3470,C:2705,C:838,software,3091.57,2026-05-12
I:3471,C:3042,C:1072,software,902.0,2026-02-28
I:3472,C:3164,C:4096,marketing,232.06,2026-05-04
I:3473,C:2719,C:2091,logistics,872.36,2026-03-19
I:3474,C:634,C:208,marketing,73.77,2026-03-25
I:3475,C:2524,C:3645,hardware,973.58,2026-03-24
I:3476,C:2966,C:743,software,286.13,2026-05-20
I:3477,C:1874,C:3921,hardware,1542.66,2026-06-25
I:3478,C:828,C:670,software,99.22,2026-05-17
I:3479,C:550,C:3290,hardware,260.58,2026-06-17
I:3480,C:1757,C:4726,logistics,1605.94,2026-03-05
I:3481,C:3369,C:3491,consulting,452.45,2026-02-08
I:3482,C:2963,C:4474,construction,209.15,2026-03-17
I:3483,C:4752,C:4731,software,10158.0,2026-04-22
I:3484,C:1152,C:1978,marketing,996.83,2026-06-01
I:3485,C:3716,C:2108,software,6230.26,2026-04-09
I:3486,C:2866,C:3243,software,12523.24,2026-01-14
I:3487,C:4296,C:1213,software,1367.14,2026-01-05
I:3488,C:1522,C:2945,marketing,3314.6,2026-06-27
I:3489,C:67,C:1851,logistics,480.5,2026-06-01
I:3490,C:1580,C:1706,consulting,1562.33,2026-01-16
I:3491,C:3260,C:352,software,1411.05,2026-03-28
I:3492,C:1785,C:2307,construction,323.78,2026-03-10
I:3493,C:283,C:2358,marketing,556.45,2026-03-29
I:3494,C:1906,C:3554,software,1097.49,2026-06-01
I:3495,C:1457,C:576,marketing,464.24,2026-06-23
I:3496,C:3187,C:1733,marketing,22116.7,2026-06-24
I:3497,C:2789,C:4048,catering,430.83,2026-03-29
I:3498,C:4642,C:529,logistics,84.38,2026-02-23
I:3499,C:2356,C:1191,hardware,169.66,2026-03-12
I:3500,C:2542,C:2016,software,737.51,2026-04-26
I:3501,C:3759,C:2698,logistics,741.26,2026-04-02
I:3502,C:387,C:115,hardware,1397.88,2026-05-07
I:3503,C:474,C:4479,marketing,1203.99,2026-01-18
I:3504,C:4114,C:3526,construction,207.23,2026-02-21
I:3505,C:2099,C:703,software,188.58,2026-06-23
I:3506,C:2582,C:131,software,1486.07,2026-06-18
I:3507,C:1900,C:3072,construction,91.2,2026-03-10
I:3508,C:2,C:122,construction,500.27,2026-06-08
I:3509,C:1746,C:636,catering,208.57,2026-06-23
I:3510,C:1585,C:4349,hardware,1261.97,2026-03-21
I:3511,C:480,C:372,construction,431.74,2026-05-04
I:3512,C:3149,C:992,catering,3094.72,2026-05-08
I:3513,C:4495,C:177,hardware,787.41,2026-05-04
I:3514,C:3365,C:1811,construction,165.36,2026-06-27
I:3515,C:3186,C:3062,construction,1507.89,2026-05-10
I:3516,C:3091,C:2471,marketing,1018.54,2026-01-25
I:3517,C:3831,C:3363,hardware,67.63,2026-04-25
I:3518,C:523,C:4243,catering,568.35,2026-05-02
I:3519,C:4022,C:2945,consulting,423.88,2026-03-31
I:3520,C:177,C:4804,software,232.99,2026-06-14
I:3521,C:1947,C:1622,software,1443.89,2026-04-15
I:3522,C:UNREG66,C:2247,logistics,563.51,2026-03-21
I:3523,C:1830,C:4766,catering,953.38,2026-01-24
I:3524,C:2350,C:784,catering,824.62,2026-05-19
I:3525,C:1879,C:2210,catering,292.09,2026-01-27
I:3526,C:3597,C:1637,consulting,656.65,2026-03-25
I:3527,C:1580,C:2515,hardware,6197.5,2026-05-09
I:3528,C:2222,C:413,catering,115.39,2026-02-19
I:3529,C:4630,C:477,software,2184.41,2026-04-26
I:3530,C:1428,C:883,marketing,15085.47,2026-04-03
I:3531,C:177,C:2494,hardware,703.21,2026-03-08
I:3532,C:2623,C:4418,construction,9725.6,2026-01-11
I:3533,C:3931,C:4692,consulting,1671.68,2026-02-22
I:3534,C:1529,C:357,consulting,1169.88,2026-01-21
I:3535,C:4604,C:4387,logistics,3178.27,2026-01-15
I:3536,C:3441,C:1297,construction,101.86,2026-05-18
I:3537,C:1172,C:3043,hardware,477.42,2026-02-22
I:3538,C:1329,C:1482,marketing,1352.53,2026-06-19
I:3539,C:1704,C:4367,construction,1955.04,2026-03-10
I:3540,C:4192,C:51,hardware,33930.05,2026-04-02
I:3541,C:2608,C:4004,marketing,6194.41,2026-06-10
I:3542,C:123,C:4428,software,1089.58,2026-06-27
I:3543,C:1113,C:3669,software,829.73,2026-06-09
I:3544,C:2020,C:1051,marketing,151.75,2026-06-25
I:3545,C:4133,C:642,consulting,45.56,2026-03-21
I:3546,C:3952,C:4502,construction,675.82,2026-03-11
I:3547,C:694,C:2576,marketing,1496.84,2026-04-28
I:3548,C:3992,C:1056,software,1054.63,2026-01-08
I:3549,C:103,C:3795,software,764.02,2026-05-28
I:3550,C:4331,C:4081,logistics,167.35,2026-01-24
I:3551,C:4772,C:3859,software,76.35,2026-02-06
I:3552,C:2242,C:4361,catering,1731.67,2026-05-20
I:3553,C:4920,C:264,catering,807.58,2026-01-02
I:3554,C:2213,C:795,consulting,1940.44,2026-02-02
I:3555,C:4391,C:4497,software,507.67,2026-01-20
I:3556,C:269,C:3278,marketing,295.52,2026-02-15
I:3557,C:1956,C:4574,catering,1061.47,2026-06-29
I:3558,C:1674,C:4488,hardware,1811.37,2026-04-13
I:3559,C:1393,C:1269,consulting,411.88,2026-04-08
I:3560,C:129,C:403,construction,711.45,2026-04-15
I:3561,C:4187,C:1691,logistics,1072.69,2026-02-15
I:3562,C:3144,C:2486,catering,6615.98,2026-03-26
I:3563,C:176,C:2963,marketing,248.42,2026-01-12
I:3564,C:3160,C:697,catering,725.21,2026-02-25
I:3565,C:3529,C:2446,consulting,2323.29,2026-04-11
I:3566,C:2846,C:378,marketing,857.56,2026-02-13
I:3567,C:3099,C:1044,catering,600.83,2026-03-20
I:3568,C:2009,C:4731,logistics,2022.36,2026-05-19
I:3569,C:204,C:991,hardware,1474.21,2026-01-02
I:3570,C:2256,C:2496,software,591.01,2026-06-27
I:3571,C:4351,C:3381,consulting,1109.55,2026-01-03
I:3572,C:442,C:4783,catering,831.78,2026-05-06
I:3573,C:3951,C:2172,hardware,1360.35,2026-05-21
I:3574,C:4241,C:2942,consulting,2815.66,2026-02-18
I:3575,C:4555,C:486,logistics,62.55,2026-02-10
I:3576,C:2600,C:3077,software,4689.55,2026-04-23
I:3577,C:1506,C:137,logistics,1198.5,2026-04-30
I:3578,C:2984,C:633,software,2915.25,2026-04-19
I:3579,C:2598,C:4595,catering,2973.09,2026-06-05
I:3580,C:4357,C:2596,logistics,393.61,2026-01-05
I:3581,C:1423,C:4212,catering,617.76,2026-01-09
I:3582,C:887,C:367,marketing,1439.72,2026-04-29
I:3583,C:2060,C:549,software,2602.19,2026-02-19
I:3584,C:4279,C:1168,catering,1072.73,2026-06-16
I:3585,C:264,C:4681,marketing,4445.88,2026-06-28
I:3586,C:2178,C:3719,consulting,917.95,2026-05-21
I:3587,C:2106,C:1752,software,2248.7,2026-04-15
I:3588,C:4896,C:4503,software,593.08,2026-04-25
I:3589,C:3931,C:684,catering,417.82,2026-06-29
I:3590,C:1752,C:2373,software,1685.7,2026-06-29
I:3591,C:3629,C:1867,consulting,1883.33,2026-03-26
I:3592,C:4319,C:2940,catering,818.13,2026-06-06
I:3593,C:1294,C:4688,software,3735.33,2026-06-24
I:3594,C:1423,C:3923,consulting,711.66,2026-03-06
I:3595,C:2570,C:3609,catering,1407.49,2026-05-31
I:3596,C:3471,C:693,logistics,1185.26,2026-05-29
I:3597,C:3528,C:1782,software,375.33,2026-05-18
I:3598,C:2698,C:1428,consulting,822.83,2026-05-10
I:3599,C:742,C:4451,logistics,846.77,2026-04-10
I:3600,C:1678,C:2779,software,1847.37,2026-01-13
I:3601,C:1193,C:3391,logistics,5256.59,2026-01-13
I:3602,C:2815,C:4124,consulting,141.0,2026-03-24
I:3603,C:830,C:1782,software,2631.78,2026-02-26
I:3604,C:341,C:UNREG38,software,663.37,2026-05-03
I:3605,C:3918,C:3782,catering,122.4,2026-03-23
I:3606,C:2645,C:666,construction,1496.28,2026-01-20
I:3607,C:9,C:3586,logistics,275.37,2026-02-21
I:3608,C:4882,C:2492,software,1020.61,2026-05-05
I:3609,C:3459,C:860,hardware,1358.39,2026-03-26
I:3610,C:1174,C:408,consulting,4697.88,2026-05-29
I:3611,C:3426,C:3926,construction,896.03,2026-05-05
I:3612,C:1583,C:2623,hardware,1383.02,2026-05-25
I:3613,C:1376,C:2083,marketing,13530.17,2026-05-22
I:3614,C:424,C:4069,marketing,47.63,2026-06-20
I:3615,C:931,C:1407,construction,1050.96,2026-04-06
I:3616,C:4379,C:2287,hardware,3006.64,2026-04-07
I:3617,C:3357,C:3627,marketing,7503.27,2026-05-24
I:3618,C:3932,C:4022,software,1111.52,2026-02-17
I:3619,C:1649,C:1352,software,860.25,2026-06-07
I:3620,C:1115,C:3027,marketing,673.45,2026-05-15
I:3621,C:1681,C:1388,hardware,975.69,2026-04-02
I:3622,C:2554,C:1589,marketing,1136.24,2026-06-16
I:3623,C:4983,C:4377,logistics,2864.05,2026-03-21
I:3624,C:2247,C:4212,software,1197.19,2026-05-02
I:3625,C:3770,C:2438,software,306.78,2026-04-20
I:3626,C:906,C:3256,software,1407.25,2026-05-27
I:3627,C:3024,C:985,logistics,1449.77,2026-03-17
I:3628,C:3735,C:1193,construction,439.12,2026-01-06
I:3629,C:3551,C:2390,consulting,654.81,2026-04-16
I:3630,C:3507,C:1292,construction,420.3,2026-01-17
I:3631,C:3991,C:4987,software,3303.49,2026-01-01
I:3632,C:4179,C:3546,logistics,887.44,2026-03-17
I:3633,C:2352,C:4432,consulting,864.39,2026-05-01
I:3634,C:1879,C:3668,catering,1933.08,2026-02-10
I:3635,C:418,C:1997,catering,403.75,2026-06-04
I:3636,C:146,C:802,consulting,2338.24,2026-04-09
I:3637,C:1242,C:1823,software,439.42,2026-03-15
I:3638,C:3005,C:499,construction,3007.88,2026-02-16
I:3639,C:1711,C:2031,hardware,456.74,2026-06-21
I:3640,C:3250,C:1038,software,472.4,2026-01-09
I:3641,C:1811,C:1446,catering,447.27,2026-02-22
I:3642,C:3109,C:1673,catering,3332.93,2026-02-25
I:3643,C:3375,C:3001,consulting,917.39,2026-05-05
I:3644,C:837,C:1820,consulting,1511.68,2026-06-21
I:3645,C:4409,C:449,catering,1256.64,2026-06-17
I:3646,C:4733,C:4850,software,674.59,2026-04-28
I:3647,C:2881,C:1185,marketing,1640.08,2026-04-27
I:3648,C:3103,C:1875,software,254.65,2026-01-20
I:3649,C:4335,C:4871,consulting,3119.99,2026-03-20
I:3650,C:4886,C:3572,construction,559.59,2026-02-05
I:3651,C:781,C:956,catering,638.07,2026-05-22
I:3652,C:4904,C:3843,catering,170.15,2026-06-26
I:3653,C:1607,C:2063,catering,14843.56,2026-04-19
I:3654,C:1652,C:1810,software,539.61,2026-01-24
I:3655,C:2265,C:577,construction,380.21,2026-02-25
I:3656,C:1852,C:315,hardware,583.67,2026-05-03
I:3657,C:4939,C:151,software,4485.43,2026-06-02
I:3658,C:4715,C:2966,catering,6628.88,2026-04-12
I:3659,C:539,C:3148,catering,225.05,2026-02-15
I:3660,C:2267,C:4124,hardware,2606.7,2026-02-25
I:3661,C:176,C:607,marketing,2437.22,2026-04-10
I:3662,C:2757,C:2166,logistics,1015.03,2026-05-15
I:3663,C:4101,C:594,software,696.96,2026-06-10
I:3664,C:1270,C:2118,construction,2904.1,2026-03-11
I:3665,C:2159,C:1311,construction,599.0,2026-01-10
I:3666,C:2259,C:2084,catering,647.58,2026-01-04
I:3667,C:1548,C:458,catering,1443.71,2026-01-06
I:3668,C:1598,C:3770,catering,619.94,2026-01-17
I:3669,C:2488,C:30,software,499.77,2026-02-21
I:3670,C:2651,C:1552,consulting,289.95,2026-01-08
I:3671,C:3994,C:1855,hardware,1417.44,2026-02-08
I:3672,C:4187,C:1236,marketing,1676.54,2026-02-14
I:3673,C:934,C:4039,catering,295.39,2026-05-07
I:3674,C:1280,C:3653,logistics,585.82,2026-05-15
I:3675,C:155,C:1519,construction,888.3,2026-03-10
I:3676,C:4368,C:434,logistics,739.52,2026-04-17
I:3677,C:2859,C:840,catering,4365.76,2026-06-29
I:3678,C:463,C:4404,consulting,1487.93,2026-05-02
I:3679,C:2873,C:3843,software,2560.04,2026-06-21
I:3680,C:4941,C:767,logistics,829.08,2026-03-16
I:3681,C:105,C:3618,hardware,3717.41,2026-02-14
I:3682,C:1498,C:1476,logistics,287.88,2026-03-19
I:3683,C:1148,C:3030,consulting,580.42,2026-02-22
I:3684,C:547,C:2524,consulting,289.03,2026-02-04
I:3685,C:3915,C:1281,hardware,852.44,2026-03-25
I:3686,C:2961,C:61,catering,6989.54,2026-05-22
I:3687,C:2659,C:1161,catering,1180.74,2026-06-17
I:3688,C:3345,C:4006,hardware,5833.96,2026-02-07
I:3689,C:3302,C:1273,hardware,360.34,2026-01-28
I:3690,C:1146,C:4082,logistics,12174.96,2026-03-19
I:3691,C:1806,C:2075,logistics,1551.78,2026-06-13
I:3692,C:2201,C:821,consulting,2693.38,2026-03-31
I:3693,C:4555,C:613,catering,1468.62,2026-06-24
I:3694,C:486,C:4137,consulting,9807.65,2026-04-07
I:3695,C:4126,C:4746,construction,173.94,2026-02-14
I:3696,C:3013,C:1595,marketing,2361.13,2026-04-24
I:3697,C:2011,C:2895,software,546.39,2026-03-02
I:3698,C:928,C:2180,construction,83.95,2026-04-17
I:3699,C:3359,C:25,hardware,390.06,2026-04-20
I:3700,C:4542,C:2474,hardware,2179.96,2026-04-29
I:3701,C:1673,C:1836,catering,1036.57,2026-03-01
I:3702,C:4616,C:3029,consulting,860.03,2026-05-31
I:3703,C:4297,C:3354,software,60128.59,2026-02-12
I:3704,C:4051,C:364,logistics,41.22,2026-05-04
I:3705,C:3288,C:1616,marketing,316.49,2026-02-26
I:3706,C:1251,C:3866,consulting,187.22,2026-03-02
I:3707,C:4477,C:2661,hardware,847.71,2026-03-09
I:3708,C:4222,C:2686,consulting,10156.7,2026-01-01
I:3709,C:383,C:2599,construction,281.74,2026-04-07
I:3710,C:3452,C:1499,logistics,10556.79,2026-06-06
I:3711,C:1855,C:3159,marketing,1034.77,2026-06-29
I:3712,C:514,C:4046,consulting,226.66,2026-02-19
I:3713,C:2136,C:4192,catering,11455.15,2026-05-25
I:3714,C:3130,C:1988,logistics,615.87,2026-03-18
I:3715,C:853,C:2429,construction,1312.36,2026-06-18
I:3716,C:669,C:2927,software,892.42,2026-02-03
I:3717,C:1101,C:1830,software,4429.04,2026-01-24
I:3718,C:3596,C:1396,logistics,1342.89,2026-01-21
I:3719,C:2923,C:3914,catering,921.35,2026-02-11
I:3720,C:1008,C:4840,construction,378.33,2026-02-02
I:3721,C:4221,C:433,logistics,474.98,2026-01-30
I:3722,C:2248,C:3158,hardware,161.07,2026-01-26
I:3723,C:4858,C:4252,catering,1051.02,2026-05-07
I:3724,C:3737,C:2900,construction,341.54,2026-01-06
I:3725,C:903,C:1462,software,146.54,2026-05-25
I:3726,C:1422,C:454,construction,1132.81,2026-02-07
I:3727,C:520,C:2574,catering,2491.27,2026-03-28
I:3728,C:1485,C:4135,hardware,424.7,2026-05-23
I:3729,C:1195,C:1761,consulting,573.83,2026-05-24
I:3730,C:3956,C:539,hardware,2534.21,2026-04-02
I:3731,C:1415,C:4592,marketing,1296.59,2026-05-17
I:3732,C:1147,C:616,marketing,3857.57,2026-06-28
I:3733,C:2585,C:2297,consulting,2531.4,2026-05-17
I:3734,C:1673,C:2643,hardware,4372.72,2026-05-06
I:3735,C:1998,C:4169,consulting,1351.14,2026-03-25
I:3736,C:938,C:49,software,989.01,2026-05-31
I:3737,C:2443,C:3280,logistics,12455.47,2026-05-02
I:3738,C:2754,C:1678,software,596.57,2026-05-28
I:3739,C:771,C:1436,hardware,304.22,2026-05-01
I:3740,C:1422,C:2399,construction,830.36,2026-06-02
I:3741,C:3976,C:187,software,1236.16,2026-03-17
I:3742,C:2298,C:133,hardware,6310.28,2026-01-05
I:3743,C:1129,C:1887,software,1447.09,2026-01-12
I:3744,C:4650,C:2542,consulting,419.65,2026-03-31
I:3745,C:4665,C:4714,catering,1124.15,2026-04-17
I:3746,C:4909,C:814,software,2552.13,2026-03-07
I:3747,C:2792,C:3802,marketing,3389.75,2026-06-29
I:3748,C:3142,C:3198,software,907.17,2026-02-22
I:3749,C:876,C:853,catering,227.17,2026-03-04
I:3750,C:1916,C:3634,consulting,9524.2,2026-02-06
I:3751,C:4680,C:770,marketing,550.44,2026-02-15
I:3752,C:2684,C:4982,logistics,1020.45,2026-06-19
I:3753,C:3005,C:17,software,784.18,2026-03-29
I:3754,C:2376,C:3017,construction,177.26,2026-01-13
I:3755,C:1698,C:1575,marketing,145.08,2026-01-31
I:3756,C:3252,C:2252,consulting,3314.49,2026-05-09
I:3757,C:3890,C:1256,catering,809.43,2026-04-22
I:3758,C:3575,C:3396,logistics,902.64,2026-03-14
I:3759,C:1085,C:1991,consulting,7798.52,2026-01-30
I:3760,C:3171,C:3318,construction,2462.45,2026-04-07
I:3761,C:3293,C:2658,hardware,889.23,2026-04-16
I:3762,C:4519,C:4552,consulting,1156.24,2026-02-09
I:3763,C:2658,C:4734,consulting,194.38,2026-05-17
I:3764,C:1213,C:3642,construction,68.19,2026-01-10
I:3765,C:631,C:3242,catering,244.29,2026-01-27
I:3766,C:2954,C:405,marketing,37.09,2026-03-04
I:3767,C:4991,C:3698,marketing,1740.12,2026-03-08
I:3768,C:2527,C:4562,logistics,725.78,2026-02-24
I:3769,C:2569,C:2761,hardware,5033.54,2026-03-13
I:3770,C:438,C:1078,hardware,36.14,2026-03-21
I:3771,C:2009,C:452,software,3978.49,2026-06-18
I:3772,C:2496,C:1675,consulting,2288.72,2026-03-01
I:3773,C:2438,C:4482,catering,249.46,2026-05-19
I:3774,C:2801,C:4814,hardware,216.12,2026-06-06
I:3775,C:2972,C:2800,construction,77.26,2026-03-16
I:3776,C:3806,C:4454,logistics,3185.64,2026-04-03
I:3777,C:3371,C:2176,marketing,1900.16,2026-06-18
I:3778,C:2363,C:4992,catering,179.45,2026-05-20
I:3779,C:3470,C:3682,logistics,3257.88,2026-04-13
I:3780,C:4869,C:3579,construction,676.0,2026-06-16
I:3781,C:2625,C:1490,logistics,439.64,2026-06-29
I:3782,C:2825,C:3152,catering,677.06,2026-05-25
I:3783,C:1634,C:2842,catering,639.65,2026-04-02
I:3784,C:1809,C:4278,catering,893.54,2026-02-02
I:3785,C:4669,C:1443,logistics,352.83,2026-02-05
I:3786,C:211,C:690,logistics,337.2,2026-03-12
I:3787,C:2301,C:922,logistics,175.7,2026-04-12
I:3788,C:2786,C:1254,construction,2016.62,2026-02-16
I:3789,C:855,C:1029,marketing,1222.3,2026-01-06
I:3790,C:1438,C:482,software,1522.83,2026-06-12
I:3791,C:2350,C:3692,marketing,64.51,2026-01-13
I:3792,C:3658,C:1652,software,4245.64,2026-03-16
I:3793,C:1141,C:4181,logistics,834.52,2026-02-07
I:3794,C:2123,C:4293,software,310.93,2026-04-19
I:3795,C:4139,C:819,consulting,1727.97,2026-01-23
I:3796,C:1033,C:4182,construction,928.24,2026-04-07
I:3797,C:2674,C:3021,construction,75.1,2026-01-30
I:3798,C:4509,C:329,catering,1336.08,2026-06-10
I:3799,C:629,C:4030,catering,811.17,2026-03-16
I:3800,C:2749,C:4500,software,1179.55,2026-01-18
I:3801,C:1115,C:4485,marketing,151.66,2026-03-26
I:3802,C:2614,C:789,marketing,176.03,2026-03-06
I:3803,C:2235,C:1708,construction,3191.3,2026-05-17
I:3804,C:3270,C:3601,construction,716.27,2026-04-15
I:3805,C:1119,C:3138,hardware,1893.43,2026-02-06
I:3806,C:1349,C:347,consulting,2720.84,2026-01-05
I:3807,C:2441,C:4075,construction,6277.71,2026-02-25
I:3808,C:1789,C:2852,marketing,283.67,2026-03-02
I:3809,C:3670,C:3624,consulting,1275.41,2026-03-08
I:3810,C:4131,C:1319,software,18087.9,2026-04-16
I:3811,C:3519,C:2251,catering,1749.37,2026-02-13
I:3812,C:1384,C:19,construction,470.28,2026-05-22
I:3813,C:UNREG9,C:139,marketing,65.69,2026-05-10
I:3814,C:77,C:3058,consulting,472.78,2026-06-17
I:3815,C:3275,C:3310,construction,4396.9,2026-03-13
I:3816,C:3601,C:1614,consulting,4709.42,2026-01-20
I:3817,C:4054,C:3128,consulting,1047.89,2026-05-24
I:3818,C:2727,C:2663,catering,2106.89,2026-01-08
I:3819,C:2016,C:3051,consulting,897.86,2026-01-09
I:3820,C:4717,C:4371,catering,144.39,2026-02-22
I:3821,C:3682,C:2168,catering,3223.76,2026-01-09
I:3822,C:2160,C:927,software,60.1,2026-05-11
I:3823,C:2696,C:3988,marketing,3081.25,2026-05-04
I:3824,C:1462,C:2961,consulting,6016.93,2026-04-01
I:3825,C:2522,C:1251,construction,2582.51,2026-02-16
I:3826,C:3796,C:3853,catering,412.99,2026-05-08
I:3827,C:55,C:3815,logistics,5121.11,2026-02-17
I:3828,C:4284,C:4246,marketing,517.94,2026-04-13
I:3829,C:2950,C:3621,hardware,385.32,2026-01-31
I:3830,C:1484,C:1249,marketing,196.24,2026-03-29
I:3831,C:297,C:2170,marketing,186.48,2026-05-25
I:3832,C:2061,C:UNREG61,marketing,970.41,2026-05-02
I:3833,C:3437,C:1199,hardware,4605.56,2026-04-24
I:3834,C:643,C:4840,catering,337.57,2026-06-15
I:3835,C:3357,C:4208,logistics,3345.33,2026-02-18
I:3836,C:1000,C:3650,catering,732.23,2026-05-29
I:3837,C:1052,C:4146,marketing,512.95,2026-05-21
I:3838,C:3764,C:1941,software,2116.56,2026-01-15
I:3839,C:2233,C:4350,catering,812.65,2026-01-28
I:3840,C:2819,C:2143,marketing,1220.43,2026-02-25
I:3841,C:1723,C:3351,hardware,2047.58,2026-02-09
I:3842,C:1833,C:4203,hardware,585.34,2026-04-13
I:3843,C:3796,C:3467,marketing,863.66,2026-04-09
I:3844,C:1433,C:3021,logistics,1927.54,2026-05-28
I:3845,C:2099,C:4200,consulting,327.68,2026-04-01
I:3846,C:2857,C:1861,construction,3710.84,2026-02-14
I:3847,C:3377,C:3020,construction,1656.55,2026-03-23
I:3848,C:3022,C:4975,construction,6402.82,2026-02-04
I:3849,C:2679,C:3215,software,939.84,2026-06-25
I:3850,C:3805,C:2543,construction,1742.72,2026-06-11
I:3851,C:3260,C:4889,logistics,2187.07,2026-04-18
I:3852,C:3977,C:2628,software,1999.77,2026-06-02
I:3853,C:3824,C:1047,marketing,1639.21,2026-05-23
I:3854,C:4650,C:4469,consulting,233.26,2026-04-10
I:3855,C:133,C:3952,consulting,759.75,2026-02-16
I:3856,C:1922,C:2525,hardware,5007.61,2026-06-15
I:3857,C:127,C:3761,hardware,1064.22,2026-04-21
I:3858,C:4539,C:1930,consulting,2646.65,2026-06-05
I:3859,C:589,C:271,software,324.58,2026-05-23
I:3860,C:4701,C:2274,software,999.72,2026-02-05
I:3861,C:4061,C:3819,consulting,476.29,2026-05-17
I:3862,C:3857,C:1337,construction,819.58,2026-03-30
I:3863,C:2449,C:1666,hardware,340.74,2026-06-01
I:3864,C:8,C:1435,construction,707.96,2026-01-10
I:3865,C:2743,C:1435,software,359.63,2026-05-02
I:3866,C:681,C:2253,construction,1184.54,2026-06-21
I:3867,C:2112,C:2994,catering,3507.61,2026-04-08
I:3868,C:2518,C:1472,logistics,2099.57,2026-06-27
I:3869,C:1142,C:1633,hardware,575.01,2026-05-07
I:3870,C:3493,C:1679,logistics,446.84,2026-05-26
I:3871,C:4184,C:3620,consulting,1249.52,2026-03-27
I:3872,C:1568,C:734,construction,6245.54,2026-01-06
I:3873,C:1432,C:2523,consulting,401.32,2026-04-03
I:3874,C:3003,C:1459,consulting,1562.85,2026-05-23
I:3875,C:3902,C:12,logistics,2574.58,2026-01-10
I:3876,C:1415,C:2204,construction,807.2,2026-02-16
I:3877,C:3513,C:965,consulting,419.07,2026-04-13
I:3878,C:4833,C:3839,consulting,1617.34,2026-01-28
I:3879,C:1645,C:3631,software,816.22,2026-06-09
I:3880,C:4898,C:1895,construction,374.47,2026-03-07
I:3881,C:47,C:2498,logistics,500.93,2026-01-27
I:3882,C:1836,C:4384,hardware,623.83,2026-01-14
I:3883,C:660,C:4551,marketing,1291.27,2026-03-15
I:3884,C:3535,C:3434,software,4476.39,2026-06-17
I:3885,C:705,C:1951,marketing,300.95,2026-01-01
I:3886,C:2845,C:1836,consulting,1477.17,2026-05-26
I:3887,C:4837,C:2200,logistics,10357.0,2026-03-12
I:3888,C:337,C:4114,logistics,740.6,2026-02-15
I:3889,C:944,C:615,marketing,389.87,2026-05-06
I:3890,C:3089,C:816,consulting,1026.38,2026-01-31
I:3891,C:3042,C:2778,marketing,319.55,2026-04-30
I:3892,C:151,C:858,construction,5326.33,2026-04-28
I:3893,C:2470,C:2089,construction,398.02,2026-04-23
I:3894,C:3507,C:4717,logistics,1251.08,2026-03-29
I:3895,C:3570,C:3499,consulting,2581.76,2026-04-10
I:3896,C:1696,C:934,construction,1690.25,2026-01-03
I:3897,C:193,C:3513,software,397.16,2026-06-27
I:3898,C:4805,C:3889,consulting,682.66,2026-06-24
I:3899,C:3316,C:192,construction,21276.01,2026-04-19
I:3900,C:645,C:1646,software,3413.52,2026-06-09
I:3901,C:1328,C:2042,catering,4337.22,2026-04-15
I:3902,C:3812,C:120,logistics,1467.16,2026-04-23
I:3903,C:4585,C:3705,hardware,1494.72,2026-05-16
I:3904,C:960,C:4422,software,1703.74,2026-06-16
I:3905,C:3080,C:783,hardware,6115.21,2026-05-26
I:3906,C:3321,C:3700,software,554.93,2026-04-13
I:3907,C:2412,C:3872,hardware,75.76,2026-05-20
I:3908,C:4024,C:953,logistics,1377.63,2026-02-09
I:3909,C:1743,C:2139,hardware,532.48,2026-02-24
I:3910,C:2180,C:4159,logistics,3389.07,2026-06-29
I:3911,C:3526,C:1162,logistics,1247.72,2026-05-08
I:3912,C:451,C:1198,software,2857.31,2026-01-07
I:3913,C:1579,C:428,hardware,895.19,2026-01-29
I:3914,C:1831,C:3882,logistics,1386.57,2026-01-23
I:3915,C:2859,C:1335,marketing,5979.77,2026-06-13
I:3916,C:3746,C:4017,catering,1279.66,2026-06-16
I:3917,C:2884,C:927,hardware,34325.15,2026-05-18
I:3918,C:4597,C:4266,consulting,1785.01,2026-06-18
I:3919,C:1978,C:1590,logistics,853.86,2026-02-22
I:3920,C:4896,C:4896,catering,1858.02,2026-01-24
I:3921,C:4924,C:31,hardware,603.96,2026-01-02
I:3922,C:3263,C:4388,hardware,1672.62,2026-05-01
I:3923,C:4529,C:1541,catering,1460.94,2026-02-08
I:3924,C:4898,C:4058,logistics,3056.36,2026-06-04
I:3925,C:3759,C:4301,consulting,8149.72,2026-05-17
I:3926,C:4078,C:628,consulting,384.4,2026-01-18
I:3927,C:1765,C:4231,catering,1105.43,2026-04-08
I:3928,C:1803,C:2309,software,608.79,2026-06-12
I:3929,C:1673,C:3450,software,3240.36,2026-06-17
I:3930,C:4579,C:2939,catering,456.04,2026-05-19
I:3931,C:1398,C:4987,hardware,14787.67,2026-03-09
I:3932,C:2381,C:1204,hardware,1155.99,2026-06-27
I:3933,C:1681,C:1522,catering,1274.25,2026-06-28
I:3934,C:569,C:1599,catering,6004.56,2026-01-01
I:3935,C:3722,C:1489,logistics,2296.85,2026-06-22
I:3936,C:2651,C:541,software,2445.46,2026-06-18
I:3937,C:3372,C:4427,catering,646.09,2026-04-17
I:3938,C:197,C:849,construction,767.37,2026-04-06
I:3939,C:290,C:4476,catering,1042.27,2026-06-24
I:3940,C:4716,C:3760,hardware,466.22,2026-02-04
I:3941,C:4446,C:2196,marketing,476.33,2026-04-05
I:3942,C:1752,C:1325,construction,6767.11,2026-04-20
I:3943,C:4169,C:3604,software,4063.41,2026-05-06
I:3944,C:4136,C:2062,consulting,354.01,2026-05-26
I:3945,C:4805,C:2343,construction,873.39,2026-01-15
I:3946,C:136,C:958,construction,2437.88,2026-04-27
I:3947,C:2062,C:2095,marketing,837.18,2026-05-14
I:3948,C:173,C:1516,construction,579.08,2026-05-12
I:3949,C:2680,C:1283,construction,1078.9,2026-06-18
I:3950,C:1277,C:3189,consulting,448.61,2026-01-07
I:3951,C:2455,C:2862,hardware,5433.03,2026-03-04
I:3952,C:1141,C:4692,logistics,467.05,2026-01-26
I:3953,C:4981,C:398,consulting,535.72,2026-06-10
I:3954,C:1080,C:1607,hardware,1457.58,2026-05-30
I:3955,C:4704,C:2803,hardware,335.73,2026-04-03
I:3956,C:1632,C:4165,hardware,251.8,2026-02-20
I:3957,C:856,C:4953,software,544.31,2026-04-03
I:3958,C:2829,C:1238,hardware,4916.41,2026-06-25
I:3959,C:3831,C:2674,catering,1479.73,2026-01-18
I:3960,C:2849,C:4836,software,93.17,2026-02-15
I:3961,C:2882,C:126,construction,44.94,2026-06-22
I:3962,C:1580,C:2900,catering,7500.3,2026-01-24
I:3963,C:4062,C:3047,logistics,3449.85,2026-06-09
I:3964,C:3072,C:3849,construction,8438.32,2026-05-19
I:3965,C:2122,C:4464,logistics,1050.53,2026-04-28
I:3966,C:2127,C:1988,construction,1464.03,2026-02-21
I:3967,C:4823,C:4406,software,1052.36,2026-03-16
I:3968,C:1104,C:3870,construction,3679.09,2026-01-19
I:3969,C:4056,C:2528,logistics,2927.02,2026-01-07
I:3970,C:4578,C:2038,catering,670.63,2026-02-18
I:3971,C:3259,C:3895,hardware,8275.11,2026-06-09
I:3972,C:2481,C:1215,consulting,3320.65,2026-05-26
I:3973,C:3233,C:2730,marketing,4102.94,2026-06-24
I:3974,C:3795,C:4421,hardware,1014.27,2026-01-05
I:3975,C:108,C:750,hardware,438.24,2026-05-29
I:3976,C:2665,C:752,marketing,4512.76,2026-01-12
I:3977,C:3474,C:2089,consulting,9786.15,2026-01-22
I:3978,C:4343,C:3942,logistics,208.98,2026-05-01
I:3979,C:3733,C:4335,logistics,905.69,2026-04-30
I:3980,C:1958,C:2805,consulting,3863.55,2026-03-28
I:3981,C:2602,C:3388,catering,225.0,2026-04-15
I:3982,C:3648,C:2073,logistics,310.31,2026-02-07
I:3983,C:3755,C:4489,software,3176.1,2026-03-30
I:3984,C:861,C:2179,consulting,1298.1,2026-03-09
I:3985,C:2151,C:1101,consulting,503.16,2026-05-20
I:3986,C:2922,C:3213,catering,138.29,2026-04-14
I:3987,C:982,C:3860,catering,13599.82,2026-05-17
I:3988,C:3600,C:2656,logistics,843.53,2026-03-09
I:3989,C:1144,C:2156,construction,608.27,2026-06-02
I:3990,C:1614,C:793,hardware,2128.26,2026-04-23
I:3991,C:1597,C:2532,hardware,3311.25,2026-05-09
I:3992,C:4148,C:1598,marketing,164.08,2026-01-17
I:3993,C:817,C:2538,consulting,1868.92,2026-01-10
I:3994,C:858,C:958,hardware,113.35,2026-03-08
I:3995,C:226,C:3517,marketing,649.6,2026-06-25
I:3996,C:2057,C:3136,marketing,1024.46,2026-06-28
I:3997,C:4126,C:1053,consulting,1053.44,2026-05-30
I:3998,C:4648,C:2999,construction,8345.26,2026-01-24
I:3999,C:2869,C:138,logistics,5232.6,2026-04-01
I:4000,C:1355,C:1984,software,4927.85,2026-06-08
I:4001,C:612,C:2420,catering,1099.02,2026-04-16
I:4002,C:4417,C:4797,consulting,385.63,2026-05-19
I:4003,C:3072,C:2013,logistics,75.05,2026-05-25
I:4004,C:3195,C:4183,consulting,1879.85,2026-05-13
I:4005,C:4992,C:1549,catering,8080.4,2026-01-14
I:4006,C:2144,C:4005,logistics,1539.76,2026-01-13
I:4007,C:4469,C:4625,construction,8873.65,2026-06-14
I:4008,C:3460,C:4524,software,580.97,2026-01-12
I:4009,C:2779,C:4259,logistics,2215.34,2026-03-19
I:4010,C:2569,C:2820,catering,1640.53,2026-06-12
I:4011,C:4684,C:3371,catering,270.02,2026-05-29
I:4012,C:2175,C:1048,hardware,134.08,2026-05-31
I:4013,C:4229,C:1189,logistics,1311.81,2026-05-26
I:4014,C:2478,C:4684,hardware,1974.01,2026-04-21
I:4015,C:3128,C:909,software,44.91,2026-02-14
I:4016,C:4373,C:1734,catering,196.38,2026-01-19
I:4017,C:3267,C:2461,software,577.49,2026-04-16
I:4018,C:651,C:4883,catering,343.12,2026-05-22
I:4019,C:4500,C:4059,hardware,1212.55,2026-06-13
I:4020,C:4038,C:408,consulting,946.99,2026-01-28
I:4021,C:4542,C:1194,marketing,15185.45,2026-06-25
I:4022,C:2627,C:4934,consulting,2283.4,2026-06-29
I:4023,C:2041,C:4354,catering,445.49,2026-03-09
I:4024,C:501,C:4315,construction,1000.39,2026-04-09
I:4025,C:2788,C:1622,marketing,623.04,2026-01-04
I:4026,C:3103,C:2470,consulting,8790.46,2026-04-18
I:4027,C:3923,C:4619,software,131.78,2026-06-14
I:4028,C:2954,C:4107,catering,308.04,2026-03-31
I:4029,C:814,C:2051,hardware,432.22,2026-01-13
I:4030,C:4955,C:1315,catering,1992.69,2026-04-27
I:4031,C:1453,C:2535,logistics,72.71,2026-03-22
I:4032,C:814,C:4970,construction,137.72,2026-03-02
I:4033,C:2395,C:886,marketing,591.22,2026-03-26
I:4034,C:3013,C:2238,marketing,904.62,2026-05-25
I:4035,C:4363,C:359,marketing,191.99,2026-05-04
I:4036,C:2699,C:1017,catering,192.8,2026-05-31
I:4037,C:227,C:2274,logistics,303.3,2026-03-06
I:4038,C:2758,C:4100,hardware,725.35,2026-05-13
I:4039,C:671,C:3891,consulting,489.0,2026-02-23
I:4040,C:10,C:3221,consulting,1258.36,2026-05-09
I:4041,C:1038,C:3931,logistics,7347.93,2026-04-20
I:4042,C:1438,C:4536,marketing,1956.35,2026-05-29
I:4043,C:3261,C:4542,logistics,299.67,2026-06-06
I:4044,C:1738,C:4824,marketing,4300.58,2026-05-30
I:4045,C:1986,C:4488,software,1601.68,2026-04-08
I:4046,C:1251,C:4261,hardware,2145.0,2026-06-14
I:4047,C:366,C:1064,software,1438.29,2026-03-18
I:4048,C:1141,C:3472,software,2209.51,2026-06-28
I:4049,C:810,C:295,catering,589.71,2026-05-13
I:4050,C:4738,C:3522,logistics,58.89,2026-01-01
I:4051,C:4546,C:2150,marketing,558.38,2026-01-10
I:4052,C:1746,C:76,marketing,2595.11,2026-06-01
I:4053,C:207,C:2406,consulting,828.52,2026-01-30
I:4054,C:168,C:3892,software,12832.06,2026-04-04
I:4055,C:1687,C:1494,catering,1607.06,2026-03-16
I:4056,C:401,C:16,software,1554.52,2026-04-30
I:4057,C:670,C:2727,marketing,795.28,2026-04-10
I:4058,C:4314,C:935,software,518.29,2026-04-19
I:4059,C:217,C:3241,consulting,23100.35,2026-04-29
I:4060,C:4502,C:2915,catering,761.9,2026-05-16
I:4061,C:2521,C:1947,software,533.85,2026-05-18
I:4062,C:791,C:448,logistics,688.66,2026-03-31
I:4063,C:3542,C:2399,construction,147.23,2026-02-17
I:4064,C:4659,C:3094,marketing,6750.08,2026-05-11
I:4065,C:819,C:787,catering,1387.67,2026-06-15
I:4066,C:1234,C:562,logistics,519.45,2026-06-20
I:4067,C:2966,C:3316,construction,39302.36,2026-02-10
I:4068,C:4933,C:1135,marketing,24288.0,2026-05-26
I:4069,C:2052,C:3513,hardware,1338.44,2026-06-14
I:4070,C:1520,C:2705,consulting,4501.41,2026-03-23
I:4071,C:2820,C:97,logistics,447.1,2026-05-21
I:4072,C:1256,C:2038,marketing,6362.35,2026-02-15
I:4073,C:1206,C:442,marketing,942.41,2026-01-24
I:4074,C:1909,C:3269,marketing,832.9,2026-05-21
I:4075,C:2233,C:1774,construction,1166.93,2026-06-26
I:4076,C:4084,C:3696,marketing,750.88,2026-04-02
I:4077,C:2621,C:2846,construction,361.34,2026-04-27
I:4078,C:2011,C:1792,hardware,2472.32,2026-03-23
I:4079,C:1077,C:624,hardware,224.65,2026-02-28
I:4080,C:4604,C:3309,catering,626.0,2026-04-14
I:4081,C:3136,C:4638,logistics,559.31,2026-06-18
I:4082,C:1829,C:3187,marketing,476.67,2026-02-27
I:4083,C:4326,C:3797,consulting,170.42,2026-05-18
I:4084,C:2230,C:297,catering,459.48,2026-06-28
I:4085,C:2766,C:2115,hardware,1637.48,2026-03-29
I:4086,C:4783,C:1706,marketing,1466.91,2026-03-02
I:4087,C:2844,C:2582,logistics,1321.36,2026-01-06
I:4088,C:4580,C:1933,catering,1059.19,2026-02-01
I:4089,C:2938,C:1332,consulting,4474.9,2026-05-15
I:4090,C:3981,C:291,hardware,406.55,2026-03-12
I:4091,C:3176,C:1957,consulting,1295.63,2026-02-18
I:4092,C:4488,C:1315,logistics,6548.26,2026-03-16
I:4093,C:1282,C:4059,consulting,481.89,2026-01-30
I:4094,C:1655,C:2983,catering,569.28,2026-01-18
I:4095,C:1906,C:2069,construction,652.16,2026-04-17
I:4096,C:977,C:3515,marketing,1071.56,2026-02-28
I:4097,C:4359,C:2700,logistics,1449.67,2026-06-21
I:4098,C:3410,C:2871,software,3461.08,2026-02-06
I:4099,C:185,C:3828,catering,3430.21,2026-02-18
I:4100,C:2262,C:4959,logistics,1674.63,2026-01-01
I:4101,C:2825,C:1220,hardware,556.72,2026-05-30
I:4102,C:3889,C:3642,catering,2713.52,2026-01-03
I:4103,C:914,C:3568,catering,1112.06,2026-06-14
I:4104,C:643,C:3502,hardware,14291.37,2026-04-04
I:4105,C:2128,C:371,marketing,3693.57,2026-02-05
I:4106,C:1538,C:2574,logistics,376.67,2026-05-10
I:4107,C:4179,C:1229,marketing,463.28,2026-04-17
I:4108,C:2407,C:1479,logistics,952.13,2026-05-15
I:4109,C:4946,C:1085,catering,456.77,2026-01-26
I:4110,C:1058,C:3178,hardware,2908.98,2026-04-14
I:4111,C:342,C:4747,hardware,1060.64,2026-06-03
I:4112,C:4231,C:986,catering,1175.87,2026-01-12
I:4113,C:1736,C:1398,logistics,770.92,2026-03-05
I:4114,C:1460,C:3473,hardware,192.53,2026-05-26
I:4115,C:4592,C:118,catering,244.18,2026-05-01
I:4116,C:1142,C:589,construction,378.11,2026-04-04
I:4117,C:2707,C:39,software,1928.28,2026-02-12
I:4118,C:41,C:1393,logistics,5490.37,2026-04-29
I:4119,C:222,C:2514,catering,3923.57,2026-02-20
I:4120,C:4293,C:2547,construction,897.4,2026-01-29
I:4121,C:4646,C:2954,consulting,5783.27,2026-03-11
I:4122,C:1336,C:2977,construction,2452.09,2026-03-30
I:4123,C:4182,C:1512,logistics,1822.83,2026-02-08
I:4124,C:1616,C:4592,hardware,467.02,2026-06-22
I:4125,C:3745,C:2831,logistics,1182.52,2026-04-24
I:4126,C:2757,C:4327,construction,3027.3,2026-01-26
I:4127,C:3910,C:777,software,1563.07,2026-04-28
I:4128,C:233,C:689,consulting,2347.26,2026-02-17
I:4129,C:3799,C:3088,logistics,7448.38,2026-05-08
I:4130,C:2034,C:626,consulting,1296.91,2026-02-23
I:4131,C:4012,C:4805,software,1310.78,2026-02-22
I:4132,C:2456,C:2741,marketing,980.82,2026-03-04
I:4133,C:3029,C:1491,marketing,2772.53,2026-01-19
I:4134,C:583,C:696,hardware,1869.57,2026-01-21
I:4135,C:4890,C:4895,marketing,448.92,2026-01-06
I:4136,C:610,C:3595,marketing,846.69,2026-04-15
I:4137,C:173,C:3955,marketing,1418.85,2026-03-24
I:4138,C:4028,C:4852,construction,1484.48,2026-06-09
I:4139,C:3468,C:797,hardware,4558.89,2026-03-27
I:4140,C:4346,C:4465,logistics,1370.76,2026-03-02
I:4141,C:2003,C:1740,consulting,298.91,2026-02-07
I:4142,C:1186,C:2652,catering,3383.36,2026-06-29
I:4143,C:465,C:3906,logistics,1294.96,2026-05-05
I:4144,C:4186,C:2221,marketing,2339.74,2026-04-18
I:4145,C:2705,C:1975,hardware,1785.65,2026-06-01
I:4146,C:301,C:774,logistics,5900.65,2026-03-31
I:4147,C:3722,C:2535,construction,194.68,2026-05-18
I:4148,C:1853,C:2768,marketing,417.13,2026-02-02
I:4149,C:792,C:1697,hardware,560.61,2026-04-11
I:4150,C:987,C:586,marketing,5698.37,2026-04-14
I:4151,C:1600,C:2454,consulting,5735.31,2026-02-14
I:4152,C:4347,C:2651,construction,990.08,2026-03-03
I:4153,C:1730,C:4308,construction,232.18,2026-01-09
I:4154,C:1672,C:1851,hardware,765.27,2026-04-06
I:4155,C:2710,C:2796,software,204.97,2026-02-25
I:4156,C:212,C:612,software,1386.83,2026-05-06
I:4157,C:1481,C:4086,software,222.4,2026-05-15
I:4158,C:3029,C:1893,marketing,145.38,2026-01-18
I:4159,C:4172,C:1623,construction,257.77,2026-02-22
I:4160,C:4952,C:3136,software,4422.59,2026-01-18
I:4161,C:2098,C:4692,logistics,938.63,2026-02-24
I:4162,C:2591,C:4710,consulting,6242.52,2026-03-20
I:4163,C:2393,C:751,consulting,3571.68,2026-02-15
I:4164,C:4588,C:1068,logistics,5302.66,2026-06-04
I:4165,C:885,C:4528,marketing,4029.39,2026-06-28
I:4166,C:3835,C:769,marketing,381.53,2026-04-04
I:4167,C:527,C:751,hardware,130.27,2026-02-22
I:4168,C:4628,C:564,catering,59.52,2026-06-16
I:4169,C:1118,C:4378,hardware,174.42,2026-05-29
I:4170,C:4641,C:2132,marketing,383.46,2026-05-07
I:4171,C:3814,C:184,logistics,752.26,2026-04-10
I:4172,C:1875,C:1337,consulting,1918.3,2026-03-24
I:4173,C:3158,C:4099,hardware,2259.54,2026-03-06
I:4174,C:1963,C:4558,catering,1134.2,2026-06-09
I:4175,C:3773,C:1554,consulting,61.44,2026-06-07
I:4176,C:1801,C:3091,marketing,180.22,2026-06-20
I:4177,C:1009,C:1290,construction,575.43,2026-06-14
I:4178,C:646,C:2446,logistics,856.09,2026-01-25
I:4179,C:3370,C:3773,software,1497.48,2026-06-01
I:4180,C:UNREG15,C:2124,construction,37.32,2026-02-23
I:4181,C:3991,C:3665,consulting,467.3,2026-04-29
I:4182,C:840,C:4990,logistics,731.28,2026-02-18
I:4183,C:374,C:4423,marketing,12382.48,2026-06-05
I:4184,C:4349,C:4645,hardware,2043.9,2026-05-30
I:4185,C:1969,C:1247,consulting,33.18,2026-03-09
I:4186,C:758,C:3606,construction,1375.46,2026-01-26
I:4187,C:163,C:736,catering,6728.56,2026-02-11
I:4188,C:1280,C:3109,marketing,154.97,2026-03-18
I:4189,C:1624,C:3424,catering,5346.51,2026-01-08
I:4190,C:3328,C:2950,logistics,1427.49,2026-04-15
I:4191,C:2074,C:3618,construction,908.53,2026-02-05
I:4192,C:3047,C:579,logistics,2533.23,2026-01-09
I:4193,C:1016,C:2060,marketing,101.23,2026-03-01
I:4194,C:4319,C:3021,hardware,196.27,2026-06-11
I:4195,C:2774,C:3154,marketing,2169.67,2026-05-03
I:4196,C:2055,C:80,software,3012.81,2026-02-13
I:4197,C:2636,C:2207,logistics,1630.69,2026-02-04
I:4198,C:3670,C:3857,consulting,20372.33,2026-06-05
I:4199,C:2046,C:2232,consulting,412.54,2026-05-15
I:4200,C:3577,C:4126,consulting,1048.2,2026-03-03
I:4201,C:3743,C:UNREG30,marketing,838.16,2026-02-01
I:4202,C:3214,C:3145,consulting,120.09,2026-04-08
I:4203,C:778,C:746,logistics,218.74,2026-05-25
I:4204,C:782,C:1920,marketing,7363.7,2026-05-30
I:4205,C:2847,C:4714,marketing,749.68,2026-06-08
I:4206,C:4214,C:3358,software,6852.93,2026-06-18
I:4207,C:4038,C:3933,software,482.9,2026-01-06
I:4208,C:1673,C:3752,construction,2889.53,2026-03-30
I:4209,C:1473,C:UNREG57,construction,4534.01,2026-05-13
I:4210,C:2529,C:4169,construction,437.4,2026-06-28
I:4211,C:1778,C:823,construction,1751.75,2026-06-06
I:4212,C:4676,C:711,software,1050.48,2026-06-12
I:4213,C:409,C:447,marketing,130.91,2026-01-19
I:4214,C:3099,C:3763,hardware,240.42,2026-02-18
I:4215,C:1168,C:2592,hardware,618.59,2026-05-28
I:4216,C:1587,C:3989,logistics,2823.79,2026-02-11
I:4217,C:2682,C:3502,software,7422.59,2026-03-28
I:4218,C:2413,C:1654,marketing,345.06,2026-06-28
I:4219,C:1077,C:3494,construction,1183.88,2026-01-18
I:4220,C:3861,C:3403,consulting,650.84,2026-02-14
I:4221,C:1128,C:1578,software,573.2,2026-01-08
I:4222,C:1893,C:1524,construction,2354.1,2026-05-25
I:4223,C:1900,C:2859,hardware,331.87,2026-06-25
I:4224,C:2257,C:3502,hardware,5551.97,2026-04-12
I:4225,C:67,C:865,hardware,169.72,2026-06-29
I:4226,C:4266,C:4837,logistics,1822.18,2026-05-04
I:4227,C:4955,C:771,logistics,2871.3,2026-04-24
I:4228,C:527,C:3687,hardware,1518.34,2026-06-21
I:4229,C:4686,C:1268,construction,572.55,2026-05-15
I:4230,C:3457,C:1333,construction,61.0,2026-01-28
I:4231,C:905,C:4587,catering,24800.16,2026-02-10
I:4232,C:4447,C:2996,hardware,305.32,2026-03-23
I:4233,C:752,C:3759,marketing,1084.2,2026-01-12
I:4234,C:2693,C:3168,software,2156.77,2026-05-18
I:4235,C:3692,C:4345,catering,668.69,2026-05-10
I:4236,C:2393,C:3040,logistics,1161.34,2026-01-19
I:4237,C:2042,C:4716,construction,732.51,2026-03-22
I:4238,C:406,C:3805,construction,640.31,2026-04-15
I:4239,C:4133,C:2871,software,1461.5,2026-03-08
I:4240,C:600,C:4018,hardware,316.3,2026-01-12
I:4241,C:490,C:288,consulting,252.16,2026-03-01
I:4242,C:1790,C:208,hardware,388.95,2026-04-05
I:4243,C:4067,C:3864,consulting,322.23,2026-06-03
I:4244,C:2859,C:3913,logistics,2703.2,2026-02-22
I:4245,C:4862,C:687,consulting,714.29,2026-04-21
I:4246,C:1801,C:4187,logistics,1907.15,2026-06-28
I:4247,C:611,C:1057,catering,1029.14,2026-04-27
I:4248,C:1016,C:1105,software,992.17,2026-03-22
I:4249,C:2169,C:3399,logistics,1294.6,2026-03-17
I:4250,C:1864,C:647,consulting,1965.74,2026-03-12
I:4251,C:3641,C:2030,marketing,2503.41,2026-05-06
I:4252,C:4956,C:991,construction,4340.22,2026-06-26
I:4253,C:4430,C:661,logistics,3042.05,2026-02-26
I:4254,C:1051,C:2471,construction,840.22,2026-06-25
I:4255,C:4637,C:208,hardware,3194.13,2026-02-14
I:4256,C:1598,C:425,software,642.2,2026-06-14
I:4257,C:1767,C:4154,logistics,8686.82,2026-01-17
I:4258,C:1142,C:3203,logistics,3051.4,2026-05-28
I:4259,C:1943,C:141,marketing,3672.11,2026-05-20
I:4260,C:427,C:4000,software,145.46,2026-03-31
I:4261,C:1382,C:1787,logistics,1183.77,2026-01-30
I:4262,C:4333,C:2150,marketing,2906.92,2026-05-05
I:4263,C:4803,C:2543,hardware,619.05,2026-05-03
I:4264,C:3717,C:4297,consulting,6814.89,2026-02-15
I:4265,C:4890,C:2726,marketing,221.72,2026-04-07
I:4266,C:1187,C:3657,construction,331.49,2026-04-29
I:4267,C:1485,C:4674,construction,4085.83,2026-02-17
I:4268,C:838,C:2454,consulting,4712.1,2026-01-16
I:4269,C:3477,C:3277,software,11337.54,2026-01-08
I:4270,C:1949,C:3334,software,301.43,2026-05-20
I:4271,C:2038,C:1772,catering,11230.36,2026-01-03
I:4272,C:1646,C:2199,consulting,1400.62,2026-02-14
I:4273,C:3825,C:3785,marketing,386.75,2026-03-29
I:4274,C:3818,C:331,logistics,385.83,2026-06-12
I:4275,C:352,C:55,construction,8621.19,2026-03-30
I:4276,C:4007,C:4203,construction,4190.84,2026-01-17
I:4277,C:3709,C:4329,consulting,151.48,2026-02-28
I:4278,C:40,C:1091,marketing,173.9,2026-05-17
I:4279,C:2774,C:3038,logistics,3421.87,2026-03-08
I:4280,C:2881,C:208,consulting,1799.05,2026-03-16
I:4281,C:4061,C:2907,catering,589.68,2026-04-14
I:4282,C:4312,C:4222,construction,415.95,2026-04-29
I:4283,C:1875,C:1106,consulting,2669.49,2026-05-18
I:4284,C:2310,C:1703,catering,1138.06,2026-04-25
I:4285,C:2199,C:4049,marketing,2733.98,2026-03-27
I:4286,C:642,C:1266,marketing,2403.92,2026-03-07
I:4287,C:3607,C:1353,consulting,621.61,2026-04-06
I:4288,C:598,C:180,logistics,1825.73,2026-03-03
I:4289,C:1515,C:3334,catering,2643.97,2026-06-05
I:4290,C:4875,C:1477,catering,1418.67,2026-01-26
I:4291,C:2696,C:849,logistics,6576.72,2026-04-14
I:4292,C:1017,C:4361,catering,3976.99,2026-04-09
I:4293,C:1006,C:1715,construction,683.97,2026-01-16
I:4294,C:387,C:2619,construction,152.36,2026-02-11
I:4295,C:3475,C:2731,software,1099.57,2026-01-23
I:4296,C:3753,C:3728,software,1503.01,2026-01-09
I:4297,C:1157,C:926,consulting,917.8,2026-03-19
I:4298,C:4713,C:3691,consulting,1770.79,2026-02-08
I:4299,C:1064,C:650,catering,1615.38,2026-05-18
I:4300,C:1618,C:1400,construction,265.23,2026-01-27
I:4301,C:2152,C:840,hardware,6856.37,2026-06-07
I:4302,C:1523,C:486,software,1127.93,2026-04-29
I:4303,C:1576,C:4637,marketing,2647.75,2026-05-07
I:4304,C:441,C:3416,logistics,160.14,2026-03-12
I:4305,C:3458,C:3284,hardware,776.29,2026-02-08
I:4306,C:4120,C:4131,marketing,2939.68,2026-01-26
I:4307,C:2006,C:2004,hardware,106.6,2026-06-21
I:4308,C:1590,C:3658,hardware,9276.55,2026-01-09
I:4309,C:3903,C:910,construction,802.05,2026-03-23
I:4310,C:3497,C:3352,software,1120.6,2026-04-14
I:4311,C:2061,C:3437,marketing,193.29,2026-05-22
I:4312,C:347,C:387,hardware,2907.15,2026-01-01
I:4313,C:1969,C:4967,logistics,3648.02,2026-02-14
I:4314,C:4454,C:2570,logistics,2074.0,2026-01-07
I:4315,C:2937,C:2941,logistics,1639.68,2026-03-22
I:4316,C:1305,C:4982,software,187.82,2026-01-17
I:4317,C:1633,C:3969,construction,4892.42,2026-06-20
I:4318,C:3821,C:2670,logistics,4123.23,2026-01-11
I:4319,C:85,C:456,hardware,670.57,2026-04-17
I:4320,C:2104,C:2751,consulting,1834.13,2026-05-07
I:4321,C:1606,C:4459,catering,1939.5,2026-06-29
I:4322,C:3804,C:3357,consulting,170.27,2026-02-10
I:4323,C:437,C:182,consulting,409.12,2026-01-05
I:4324,C:2565,C:4311,consulting,1613.48,2026-03-11
I:4325,C:4275,C:2428,hardware,1837.69,2026-02-23
I:4326,C:4496,C:2315,software,1993.99,2026-01-02
I:4327,C:401,C:929,marketing,2623.72,2026-05-08
I:4328,C:3310,C:1786,logistics,2857.81,2026-02-05
I:4329,C:4766,C:3426,catering,1260.69,2026-06-24
I:4330,C:1520,C:1968,catering,1014.47,2026-06-17
I:4331,C:2066,C:140,consulting,1570.89,2026-02-04
I:4332,C:435,C:3445,consulting,669.2,2026-05-15
I:4333,C:13,C:4680,marketing,1109.06,2026-02-07
I:4334,C:3718,C:601,marketing,652.87,2026-06-17
I:4335,C:3161,C:4307,logistics,1341.46,2026-05-02
I:4336,C:1213,C:4243,construction,153.66,2026-01-23
I:4337,C:4806,C:311,marketing,338.67,2026-03-15
I:4338,C:1921,C:2873,logistics,761.61,2026-06-05
I:4339,C:2563,C:4644,logistics,119.66,2026-01-08
I:4340,C:1850,C:3776,software,224.09,2026-05-25
I:4341,C:3140,C:2119,construction,1886.41,2026-04-26
I:4342,C:67,C:4039,consulting,905.69,2026-06-10
I:4343,C:2371,C:1354,logistics,1332.48,2026-03-09
I:4344,C:234,C:2182,catering,46.63,2026-05-11
I:4345,C:3526,C:537,consulting,512.25,2026-05-08
I:4346,C:4808,C:4365,consulting,11148.9,2026-04-28
I:4347,C:4414,C:1690,catering,163.72,2026-06-25
I:4348,C:2881,C:3555,catering,3246.99,2026-03-03
I:4349,C:2670,C:2401,software,136.74,2026-03-24
I:4350,C:2779,C:1075,logistics,2332.87,2026-05-05
I:4351,C:2567,C:4327,marketing,1059.43,2026-02-20
I:4352,C:3159,C:4979,hardware,1157.1,2026-04-17
I:4353,C:4838,C:3725,marketing,2133.06,2026-04-17
I:4354,C:4186,C:770,construction,1048.78,2026-04-21
I:4355,C:1687,C:4022,marketing,507.56,2026-06-23
I:4356,C:4922,C:523,logistics,2944.99,2026-03-24
I:4357,C:2141,C:2278,marketing,7070.76,2026-01-27
I:4358,C:416,C:3181,marketing,479.58,2026-01-06
I:4359,C:2596,C:1504,logistics,746.21,2026-01-18
I:4360,C:2912,C:4332,catering,384.86,2026-03-14
I:4361,C:4868,C:4201,consulting,3837.41,2026-03-06
I:4362,C:1313,C:8,catering,10242.26,2026-01-26
I:4363,C:4040,C:4822,hardware,726.53,2026-01-14
I:4364,C:4635,C:769,software,996.27,2026-02-16
I:4365,C:877,C:2029,marketing,2109.3,2026-04-06
I:4366,C:877,C:2258,logistics,367.57,2026-05-01
I:4367,C:1777,C:2191,marketing,574.77,2026-04-06
I:4368,C:1082,C:2566,marketing,1548.13,2026-02-25
I:4369,C:2994,C:1023,software,522.8,2026-01-09
I:4370,C:2068,C:2278,marketing,609.36,2026-06-03
I:4371,C:280,C:4695,construction,1735.06,2026-01-24
I:4372,C:1697,C:4647,software,2800.02,2026-01-27
I:4373,C:661,C:3406,catering,347.24,2026-01-03
I:4374,C:1941,C:4845,software,390.21,2026-03-31
I:4375,C:4335,C:4950,consulting,96.3,2026-03-15
I:4376,C:3666,C:2004,catering,2253.68,2026-06-07
I:4377,C:2209,C:647,software,4178.51,2026-03-06
I:4378,C:3035,C:3705,construction,5075.15,2026-04-13
I:4379,C:2771,C:3698,consulting,2171.33,2026-03-07
I:4380,C:4639,C:3285,hardware,708.82,2026-02-01
I:4381,C:4733,C:4383,marketing,1597.77,2026-01-20
I:4382,C:1418,C:771,software,1862.72,2026-05-05
I:4383,C:2453,C:2409,marketing,1471.91,2026-03-10
I:4384,C:1601,C:2613,consulting,1053.46,2026-01-20
I:4385,C:1383,C:4126,consulting,2375.91,2026-03-31
I:4386,C:3079,C:2621,construction,1174.34,2026-05-10
I:4387,C:1092,C:4659,software,784.89,2026-05-09
I:4388,C:4992,C:33,software,905.9,2026-03-23
I:4389,C:3091,C:2784,consulting,4027.46,2026-06-26
I:4390,C:1357,C:2523,construction,706.52,2026-04-13
I:4391,C:1908,C:84,construction,5347.09,2026-01-26
I:4392,C:2833,C:811,hardware,706.33,2026-06-04
I:4393,C:4387,C:4501,construction,75.63,2026-04-10
I:4394,C:2771,C:2989,construction,1330.13,2026-01-13
I:4395,C:4028,C:70,catering,239.16,2026-05-15
I:4396,C:4287,C:2833,construction,1664.3,2026-05-03
I:4397,C:2435,C:3494,logistics,9131.28,2026-06-23
I:4398,C:4724,C:4158,catering,1195.14,2026-05-23
I:4399,C:4942,C:4266,construction,764.02,2026-06-09
I:4400,C:2734,C:713,software,450.07,2026-04-16
I:4401,C:4192,C:1829,logistics,1053.22,2026-03-23
I:4402,C:1513,C:3259,hardware,393.15,2026-01-24
I:4403,C:3497,C:3912,construction,4907.83,2026-02-09
I:4404,C:1472,C:1512,logistics,737.16,2026-05-19
I:4405,C:3797,C:3525,consulting,2065.84,2026-05-12
I:4406,C:2974,C:872,software,523.74,2026-01-05
I:4407,C:1980,C:99,hardware,1208.05,2026-04-03
I:4408,C:72,C:1479,software,1061.23,2026-01-28
I:4409,C:764,C:2331,consulting,172.21,2026-03-18
I:4410,C:4293,C:4127,construction,1720.31,2026-03-20
I:4411,C:2413,C:2884,consulting,280.08,2026-01-24
I:4412,C:1906,C:894,consulting,2503.77,2026-01-19
I:4413,C:524,C:3506,marketing,1494.73,2026-05-10
I:4414,C:4391,C:383,marketing,3196.16,2026-06-18
I:4415,C:2205,C:3046,marketing,1354.08,2026-05-06
I:4416,C:2679,C:537,construction,123.06,2026-03-02
I:4417,C:2090,C:1193,logistics,537.46,2026-02-16
I:4418,C:992,C:2285,hardware,1003.9,2026-06-04
I:4419,C:2328,C:3457,construction,2145.13,2026-06-06
I:4420,C:2201,C:947,logistics,1108.37,2026-03-22
I:4421,C:1368,C:1707,consulting,1618.2,2026-04-11
I:4422,C:1149,C:4327,construction,6318.43,2026-01-12
I:4423,C:773,C:1155,catering,657.37,2026-03-25
I:4424,C:4683,C:4072,software,1315.57,2026-05-31
I:4425,C:3133,C:230,software,620.46,2026-01-03
I:4426,C:3760,C:268,consulting,972.68,2026-04-04
I:4427,C:1292,C:854,logistics,165.15,2026-06-08
I:4428,C:4522,C:1594,hardware,1549.85,2026-05-02
I:4429,C:1200,C:709,consulting,1927.4,2026-05-01
I:4430,C:966,C:2335,construction,2825.31,2026-02-21
I:4431,C:1381,C:2819,hardware,657.42,2026-04-16
I:4432,C:3471,C:68,logistics,1146.82,2026-01-21
I:4433,C:2099,C:3284,hardware,5138.1,2026-02-07
I:4434,C:2955,C:2132,catering,7165.62,2026-03-16
I:4435,C:2521,C:4453,consulting,1445.64,2026-04-15
I:4436,C:15,C:3044,construction,600.12,2026-05-18
I:4437,C:2127,C:2329,construction,11835.05,2026-04-22
I:4438,C:377,C:2384,logistics,3539.74,2026-05-19
I:4439,C:3708,C:2724,catering,374.24,2026-01-24
I:4440,C:339,C:1250,construction,450.04,2026-06-09
I:4441,C:2364,C:2017,consulting,151.5,2026-02-04
I:4442,C:2219,C:2632,marketing,206.23,2026-05-24
I:4443,C:3822,C:3853,software,5594.61,2026-06-03
I:4444,C:329,C:1351,marketing,616.65,2026-04-16
I:4445,C:1994,C:4611,hardware,976.91,2026-04-15
I:4446,C:3064,C:1112,construction,51.55,2026-02-16
I:4447,C:4072,C:2562,marketing,4685.74,2026-02-08
I:4448,C:721,C:1825,catering,1546.12,2026-01-30
I:4449,C:1158,C:1705,hardware,212.8,2026-02-07
I:4450,C:1485,C:227,construction,169.78,2026-01-28
I:4451,C:390,C:758,logistics,3392.92,2026-01-14
I:4452,C:3834,C:UNREG4,software,1349.63,2026-05-21
I:4453,C:207,C:1062,consulting,1869.01,2026-01-04
I:4454,C:2508,C:390,hardware,587.33,2026-01-02
I:4455,C:1021,C:3280,catering,1166.66,2026-05-10
I:4456,C:4374,C:4613,software,64.83,2026-02-15
I:4457,C:2269,C:4459,marketing,779.03,2026-05-13
I:4458,C:3412,C:3796,logistics,564.05,2026-04-12
I:4459,C:1747,C:4718,hardware,1711.84,2026-02-15
I:4460,C:4692,C:3648,construction,1077.52,2026-03-08
I:4461,C:515,C:4874,software,3980.96,2026-01-01
I:4462,C:UNREG27,C:4320,consulting,3634.38,2026-05-07
I:4463,C:104,C:1166,construction,511.47,2026-06-14
I:4464,C:2940,C:1816,catering,4454.49,2026-06-23
I:4465,C:1135,C:3391,marketing,280.45,2026-01-11
I:4466,C:394,C:1591,logistics,5760.66,2026-02-03
I:4467,C:4799,C:3514,catering,670.22,2026-01-12
I:4468,C:3613,C:3660,construction,197.78,2026-01-13
I:4469,C:1435,C:3179,catering,1331.05,2026-02-09
I:4470,C:2318,C:844,catering,3116.84,2026-01-12
I:4471,C:2864,C:4708,marketing,534.63,2026-03-14
I:4472,C:2628,C:3545,logistics,598.61,2026-01-18
I:4473,C:2761,C:4220,consulting,357.17,2026-01-29
I:4474,C:1716,C:271,construction,96.16,2026-06-10
I:4475,C:3144,C:3642,marketing,305.37,2026-03-08
I:4476,C:4926,C:1030,catering,808.85,2026-06-13
I:4477,C:4593,C:2929,consulting,3707.7,2026-04-28
I:4478,C:1250,C:3022,software,503.15,2026-01-01
I:4479,C:2217,C:4950,catering,380.88,2026-05-14
I:4480,C:4246,C:56,software,644.63,2026-04-13
I:4481,C:1822,C:4889,software,17798.65,2026-04-05
I:4482,C:2086,C:3037,consulting,102.55,2026-06-18
I:4483,C:3589,C:3442,marketing,473.35,2026-04-29
I:4484,C:1031,C:4330,marketing,848.56,2026-05-06
I:4485,C:3535,C:637,construction,204.91,2026-03-24
I:4486,C:4757,C:UNREG12,software,4391.34,2026-05-11
I:4487,C:4419,C:643,logistics,332.1,2026-06-07
I:4488,C:4941,C:1800,software,1333.21,2026-04-15
I:4489,C:696,C:714,catering,4037.4,2026-06-09
I:4490,C:2578,C:4686,software,4980.44,2026-04-02
I:4491,C:3360,C:2822,hardware,684.29,2026-05-27
I:4492,C:3331,C:3354,catering,2447.98,2026-04-17
I:4493,C:3619,C:3318,software,632.91,2026-04-04
I:4494,C:2068,C:3633,software,667.79,2026-02-11
I:4495,C:2878,C:2158,catering,187.36,2026-04-17
I:4496,C:1311,C:4251,consulting,3237.36,2026-02-28
I:4497,C:760,C:964,hardware,259.95,2026-05-15
I:4498,C:4853,C:3716,consulting,811.54,2026-02-20
I:4499,C:108,C:4998,construction,782.69,2026-06-05
I:4500,C:1316,C:1679,consulting,294.25,2026-05-10
I:4501,C:1423,C:3269,construction,2616.96,2026-05-02
I:4502,C:4083,C:2882,software,727.72,2026-05-29
I:4503,C:807,C:1906,catering,2576.94,2026-02-18
I:4504,C:2294,C:1966,consulting,2988.83,2026-06-15
I:4505,C:2599,C:1680,catering,1571.18,2026-05-28
I:4506,C:1952,C:4184,consulting,135.59,2026-05-14
I:4507,C:2871,C:1316,consulting,1343.76,2026-05-22
I:4508,C:1511,C:3319,logistics,1480.22,2026-06-20
I:4509,C:4279,C:2850,software,13857.16,2026-01-25
I:4510,C:3979,C:3699,hardware,4062.79,2026-01-18
I:4511,C:2514,C:2303,software,3240.86,2026-05-19
I:4512,C:UNREG17,C:817,marketing,890.51,2026-03-10
I:4513,C:198,C:342,logistics,992.46,2026-05-30
I:4514,C:1907,C:1046,hardware,2340.2,2026-05-07
I:4515,C:2791,C:689,marketing,5117.46,2026-01-22
I:4516,C:1301,C:3710,consulting,59.73,2026-04-22
I:4517,C:4449,C:4924,hardware,1121.32,2026-06-27
I:4518,C:1232,C:4359,logistics,930.31,2026-05-25
I:4519,C:2814,C:94,logistics,2858.43,2026-02-05
I:4520,C:1575,C:768,software,5829.69,2026-04-23
I:4521,C:19,C:1674,software,4748.24,2026-06-06
I:4522,C:2854,C:4476,logistics,2197.37,2026-01-30
I:4523,C:762,C:3116,hardware,290.68,2026-02-02
I:4524,C:1389,C:1406,logistics,18820.5,2026-06-20
I:4525,C:1087,C:4030,catering,190.21,2026-04-13
I:4526,C:1790,C:3835,marketing,437.59,2026-02-27
I:4527,C:4896,C:2114,marketing,220.68,2026-01-26
I:4528,C:4924,C:1291,consulting,2978.23,2026-06-26
I:4529,C:3692,C:4868,consulting,1791.91,2026-04-22
I:4530,C:1850,C:4066,construction,1987.36,2026-01-04
I:4531,C:1880,C:906,consulting,1064.82,2026-02-19
I:4532,C:1030,C:705,software,4072.69,2026-01-26
I:4533,C:2654,C:1600,construction,1487.38,2026-06-29
I:4534,C:755,C:461,logistics,758.87,2026-04-18
I:4535,C:1153,C:1880,catering,3413.35,2026-05-12
I:4536,C:1053,C:4883,marketing,307.99,2026-02-05
I:4537,C:2960,C:763,hardware,5450.67,2026-03-31
I:4538,C:4225,C:4916,catering,8628.9,2026-03-07
I:4539,C:4243,C:1469,marketing,602.0,2026-06-16
I:4540,C:4174,C:3978,construction,1110.94,2026-06-03
I:4541,C:1719,C:3677,hardware,154.56,2026-05-14
I:4542,C:3244,C:4286,marketing,3253.7,2026-05-14
I:4543,C:512,C:3095,software,772.79,2026-05-28
I:4544,C:417,C:2558,logistics,595.29,2026-04-01
I:4545,C:314,C:943,catering,282.95,2026-04-01
I:4546,C:4070,C:UNREG62,hardware,6036.49,2026-05-28
I:4547,C:2710,C:4344,consulting,1190.65,2026-03-22
I:4548,C:3875,C:995,consulting,1098.9,2026-01-26
I:4549,C:2775,C:1641,catering,127.5,2026-06-09
I:4550,C:2050,C:3753,catering,917.76,2026-01-08
I:4551,C:1232,C:4179,construction,545.06,2026-02-12
I:4552,C:1913,C:1978,hardware,388.6,2026-04-11
I:4553,C:4257,C:1078,marketing,1510.61,2026-06-16
I:4554,C:2478,C:1966,logistics,90.15,2026-02-10
I:4555,C:2996,C:2260,consulting,71.81,2026-05-31
I:4556,C:3099,C:893,logistics,574.97,2026-06-09
I:4557,C:4914,C:2953,construction,1351.61,2026-01-15
I:4558,C:2555,C:1571,hardware,2035.29,2026-01-25
I:4559,C:3682,C:3460,logistics,1445.27,2026-06-28
I:4560,C:3498,C:2135,catering,775.5,2026-04-24
I:4561,C:3151,C:1112,logistics,1452.09,2026-01-02
I:4562,C:2446,C:3851,logistics,1658.43,2026-04-30
I:4563,C:996,C:2710,logistics,474.1,2026-03-23
I:4564,C:1275,C:3276,catering,377.87,2026-04-15
I:4565,C:2285,C:1622,catering,1916.8,2026-05-08
I:4566,C:3054,C:2889,logistics,1975.69,2026-06-06
I:4567,C:1607,C:3695,software,4930.26,2026-03-07
I:4568,C:3385,C:4690,software,324.92,2026-02-20
I:4569,C:2921,C:2914,catering,3671.97,2026-02-08
I:4570,C:1572,C:638,hardware,5890.3,2026-06-09
I:4571,C:2388,C:370,hardware,226.71,2026-04-22
I:4572,C:3691,C:2058,logistics,1681.43,2026-05-30
I:4573,C:559,C:4654,marketing,3045.3,2026-04-30
I:4574,C:2445,C:2197,logistics,812.09,2026-01-23
I:4575,C:1404,C:4936,marketing,197.47,2026-04-16
I:4576,C:785,C:1147,logistics,998.4,2026-03-30
I:4577,C:4185,C:4009,construction,158.97,2026-05-29
I:4578,C:4906,C:1563,hardware,769.48,2026-05-21
I:4579,C:1225,C:4884,consulting,2281.11,2026-03-09
I:4580,C:787,C:2352,consulting,13360.26,2026-05-28
I:4581,C:134,C:325,marketing,528.09,2026-06-04
I:4582,C:831,C:402,logistics,217.96,2026-06-22
I:4583,C:4306,C:84,marketing,1509.49,2026-01-02
I:4584,C:705,C:2128,catering,3887.46,2026-04-05
I:4585,C:1508,C:182,hardware,4738.13,2026-06-17
I:4586,C:3637,C:356,catering,534.26,2026-04-02
I:4587,C:2260,C:2843,catering,328.64,2026-06-12
I:4588,C:1237,C:1714,catering,720.94,2026-03-23
I:4589,C:2113,C:3501,hardware,1621.75,2026-04-24
I:4590,C:1990,C:4401,software,230.61,2026-05-31
I:4591,C:3124,C:4035,software,1121.66,2026-01-25
I:4592,C:1144,C:1148,catering,2497.92,2026-02-02
I:4593,C:4024,C:3934,construction,4404.09,2026-02-14
I:4594,C:2521,C:1535,consulting,1377.39,2026-03-28
I:4595,C:1250,C:2832,logistics,66060.06,2026-05-27
I:4596,C:2290,C:863,marketing,1425.69,2026-05-21
I:4597,C:3565,C:3528,software,2262.42,2026-02-01
I:4598,C:2684,C:2812,consulting,4610.76,2026-04-03
I:4599,C:2320,C:2358,consulting,4980.43,2026-05-17
I:4600,C:3665,C:1403,logistics,9308.39,2026-05-22
I:4601,C:3962,C:1512,logistics,7138.6,2026-06-10
I:4602,C:333,C:97,construction,100.41,2026-02-27
I:4603,C:3588,C:4991,hardware,3166.11,2026-05-10
I:4604,C:3356,C:3834,marketing,693.97,2026-01-26
I:4605,C:554,C:1168,construction,1058.13,2026-02-28
I:4606,C:1422,C:1933,software,9351.05,2026-06-19
I:4607,C:2334,C:2503,software,5507.63,2026-06-05
I:4608,C:3796,C:2491,logistics,1490.82,2026-04-11
I:4609,C:957,C:2987,consulting,371.28,2026-02-05
I:4610,C:1807,C:4355,software,3085.76,2026-01-09
I:4611,C:956,C:802,marketing,777.38,2026-03-01
I:4612,C:2703,C:1422,marketing,3622.0,2026-04-17
I:4613,C:2190,C:4629,hardware,3717.86,2026-04-25
I:4614,C:4956,C:2881,catering,578.41,2026-01-17
I:4615,C:4483,C:3082,consulting,21704.25,2026-02-19
I:4616,C:1604,C:3223,marketing,347.12,2026-06-27
I:4617,C:2985,C:1153,catering,2918.16,2026-03-05
I:4618,C:3536,C:230,logistics,7563.08,2026-06-13
I:4619,C:1,C:2199,catering,3552.58,2026-06-25
I:4620,C:4367,C:1217,catering,418.03,2026-05-20
I:4621,C:1733,C:2546,marketing,295.89,2026-02-10
I:4622,C:1793,C:2988,construction,3951.95,2026-03-22
I:4623,C:47,C:2159,catering,2242.92,2026-03-02
I:4624,C:4196,C:1696,catering,447.28,2026-05-23
I:4625,C:617,C:3685,logistics,341.66,2026-03-22
I:4626,C:3690,C:4084,software,3373.1,2026-01-24
I:4627,C:3392,C:922,catering,1835.29,2026-03-21
I:4628,C:112,C:1495,marketing,2815.47,2026-01-15
I:4629,C:4924,C:1182,logistics,1706.96,2026-06-15
I:4630,C:522,C:3885,marketing,640.77,2026-04-03
I:4631,C:166,C:3196,hardware,2731.55,2026-05-06
I:4632,C:4549,C:4928,logistics,4756.84,2026-03-03
I:4633,C:65,C:1942,software,1822.01,2026-04-04
I:4634,C:1922,C:605,logistics,1247.29,2026-05-22
I:4635,C:3775,C:2779,catering,6593.05,2026-04-11
I:4636,C:3513,C:1477,logistics,6440.7,2026-06-04
I:4637,C:4983,C:1427,logistics,1269.31,2026-02-03
I:4638,C:643,C:1357,catering,1067.03,2026-02-03
I:4639,C:1280,C:3205,hardware,409.19,2026-05-05
I:4640,C:UNREG52,C:3246,marketing,1967.96,2026-02-12
I:4641,C:2850,C:84,marketing,633.12,2026-06-16
I:4642,C:2445,C:4045,hardware,4527.36,2026-04-17
I:4643,C:409,C:104,hardware,1184.71,2026-04-10
I:4644,C:453,C:4067,catering,330.0,2026-05-16
I:4645,C:384,C:1065,logistics,259.58,2026-02-19
I:4646,C:3283,C:818,software,787.6,2026-05-01
I:4647,C:3179,C:2546,consulting,454.24,2026-03-18
I:4648,C:1831,C:4778,marketing,348.64,2026-04-04
I:4649,C:1010,C:2711,software,6384.45,2026-02-04
I:4650,C:266,C:2926,software,851.01,2026-05-14
I:4651,C:3872,C:218,logistics,7973.63,2026-02-28
I:4652,C:3301,C:23,software,2523.98,2026-04-24
I:4653,C:3058,C:4167,marketing,2235.0,2026-03-25
I:4654,C:3228,C:3674,consulting,393.23,2026-03-29
I:4655,C:1943,C:2285,consulting,1107.47,2026-01-30
I:4656,C:386,C:1743,software,1085.12,2026-01-22
I:4657,C:4395,C:2139,logistics,284.38,2026-06-21
I:4658,C:4758,C:2023,marketing,114.96,2026-06-21
I:4659,C:1721,C:1186,software,7845.23,2026-06-22
I:4660,C:3934,C:1793,catering,520.61,2026-02-01
I:4661,C:467,C:1164,construction,13133.8,2026-06-11
I:4662,C:293,C:4487,consulting,1896.01,2026-02-24
I:4663,C:2348,C:4374,construction,105.34,2026-04-15
I:4664,C:180,C:3769,consulting,560.01,2026-01-05
I:4665,C:3879,C:4329,marketing,7778.22,2026-01-25
I:4666,C:674,C:90,logistics,1690.22,2026-04-13
I:4667,C:3398,C:2741,consulting,617.78,2026-03-12
I:4668,C:1457,C:4054,hardware,1532.39,2026-06-12
I:4669,C:2400,C:647,logistics,4830.43,2026-02-25
I:4670,C:4793,C:3999,catering,190.59,2026-05-21
I:4671,C:2566,C:4550,catering,301.46,2026-03-18
I:4672,C:3191,C:290,marketing,2151.26,2026-03-15
I:4673,C:1911,C:1847,logistics,275.98,2026-01-25
I:4674,C:2127,C:43,logistics,399.81,2026-01-25
I:4675,C:4785,C:3206,hardware,1650.38,2026-03-25
I:4676,C:3862,C:2936,logistics,2242.89,2026-05-11
I:4677,C:4659,C:1073,hardware,3706.69,2026-06-15
I:4678,C:721,C:3198,marketing,1577.79,2026-01-29
I:4679,C:2521,C:734,marketing,1016.77,2026-04-18
I:4680,C:2098,C:597,construction,2201.1,2026-03-04
I:4681,C:3633,C:992,logistics,152.76,2026-05-11
I:4682,C:4096,C:1147,consulting,475.53,2026-03-21
I:4683,C:1787,C:760,catering,6282.65,2026-06-03
I:4684,C:3210,C:4829,consulting,6011.7,2026-06-19
I:4685,C:1835,C:2132,catering,1853.86,2026-04-21
I:4686,C:1533,C:1353,consulting,3168.59,2026-02-21
I:4687,C:4702,C:1808,software,532.4,2026-04-09
I:4688,C:2329,C:1879,marketing,434.98,2026-05-30
I:4689,C:1794,C:3647,construction,765.13,2026-01-24
I:4690,C:843,C:3300,hardware,732.32,2026-06-05
I:4691,C:510,C:1655,software,181.24,2026-04-25
I:4692,C:UNREG2,C:4454,software,1356.84,2026-03-01
I:4693,C:1513,C:2156,logistics,33136.84,2026-06-09
I:4694,C:2853,C:1444,construction,4739.97,2026-05-26
I:4695,C:955,C:1545,logistics,1068.47,2026-06-24
I:4696,C:998,C:2653,marketing,3495.24,2026-01-29
I:4697,C:1703,C:1423,hardware,263.47,2026-01-11
I:4698,C:3513,C:4115,logistics,3056.29,2026-04-24
I:4699,C:2709,C:78,software,52194.0,2026-06-19
I:4700,C:2993,C:4205,marketing,699.84,2026-05-12
I:4701,C:726,C:1894,consulting,1036.92,2026-04-21
I:4702,C:3206,C:3915,logistics,970.23,2026-01-08
I:4703,C:110,C:4118,logistics,200.28,2026-01-31
I:4704,C:3502,C:4892,hardware,396.06,2026-06-12
I:4705,C:3513,C:3755,construction,624.56,2026-01-15
I:4706,C:4575,C:3323,consulting,542.84,2026-04-30
I:4707,C:631,C:UNREG45,consulting,2748.94,2026-04-13
I:4708,C:1995,C:2465,construction,135.67,2026-01-10
I:4709,C:2600,C:3841,logistics,2684.28,2026-04-08
I:4710,C:1213,C:1665,consulting,909.39,2026-02-03
I:4711,C:2625,C:1215,consulting,305.31,2026-04-08
I:4712,C:421,C:4615,hardware,239.42,2026-04-12
I:4713,C:3125,C:1853,software,2708.47,2026-03-18
I:4714,C:1589,C:412,consulting,190.99,2026-03-08
I:4715,C:4182,C:254,consulting,705.63,2026-03-26
I:4716,C:1266,C:4766,construction,604.13,2026-05-19
I:4717,C:1165,C:1715,consulting,3950.78,2026-06-13
I:4718,C:4579,C:3526,catering,460.19,2026-04-19
I:4719,C:2295,C:28,construction,868.13,2026-02-13
I:4720,C:4009,C:642,consulting,52.29,2026-04-08
I:4721,C:3975,C:1224,catering,450.59,2026-02-16
I:4722,C:4020,C:4549,construction,1355.84,2026-06-18
I:4723,C:401,C:1229,software,1042.91,2026-03-03
I:4724,C:2990,C:2797,hardware,2885.72,2026-01-23
I:4725,C:1501,C:858,logistics,1302.73,2026-01-24
I:4726,C:2120,C:3541,marketing,5849.46,2026-06-18
I:4727,C:1102,C:4366,consulting,405.47,2026-06-14
I:4728,C:3816,C:1653,marketing,1081.95,2026-04-19
I:4729,C:3358,C:4149,marketing,224.85,2026-04-13
I:4730,C:64,C:4307,catering,2325.06,2026-01-20
I:4731,C:2991,C:3908,catering,2683.89,2026-01-09
I:4732,C:450,C:3004,catering,1874.58,2026-02-06
I:4733,C:455,C:4037,marketing,814.59,2026-02-01
I:4734,C:3947,C:4984,consulting,131.72,2026-01-25
I:4735,C:1011,C:3080,hardware,8234.08,2026-04-04
I:4736,C:4784,C:182,construction,547.04,2026-03-16
I:4737,C:2320,C:249,construction,1524.85,2026-06-09
I:4738,C:3171,C:2066,marketing,1207.32,2026-02-16
I:4739,C:184,C:4483,software,1372.72,2026-06-29
I:4740,C:664,C:130,catering,368.07,2026-02-23
I:4741,C:835,C:4011,catering,1707.45,2026-04-13
I:4742,C:867,C:3805,consulting,265.17,2026-06-23
I:4743,C:933,C:535,consulting,421.5,2026-04-17
I:4744,C:771,C:1331,hardware,13823.17,2026-01-28
I:4745,C:4664,C:4052,logistics,1817.37,2026-04-05
I:4746,C:3340,C:3364,consulting,834.61,2026-06-23
I:4747,C:2989,C:1703,marketing,1503.79,2026-04-28
I:4748,C:2683,C:3215,hardware,296.33,2026-02-02
I:4749,C:1831,C:4755,marketing,654.02,2026-06-11
I:4750,C:1175,C:1163,consulting,3427.27,2026-04-07
I:4751,C:2173,C:2389,catering,608.24,2026-05-15
I:4752,C:224,C:2820,construction,2988.43,2026-05-13
I:4753,C:719,C:1572,logistics,5277.98,2026-02-04
I:4754,C:858,C:614,consulting,2520.89,2026-06-13
I:4755,C:1522,C:1975,software,816.02,2026-04-23
I:4756,C:3579,C:430,consulting,5953.15,2026-05-15
I:4757,C:369,C:3545,consulting,963.68,2026-04-06
I:4758,C:1779,C:3900,hardware,4148.65,2026-06-27
I:4759,C:2934,C:589,marketing,522.27,2026-01-17
I:4760,C:2881,C:3208,hardware,319.07,2026-02-09
I:4761,C:4849,C:4325,software,251.99,2026-04-05
I:4762,C:2430,C:3048,software,580.85,2026-01-17
I:4763,C:3849,C:2558,hardware,14805.64,2026-04-08
I:4764,C:2611,C:1500,hardware,3055.79,2026-04-15
I:4765,C:1950,C:2319,construction,2619.34,2026-02-14
I:4766,C:2936,C:2290,construction,343.59,2026-01-21
I:4767,C:3509,C:3193,construction,2259.9,2026-01-30
I:4768,C:3175,C:247,hardware,2385.01,2026-03-27
I:4769,C:2022,C:2797,catering,1615.55,2026-02-03
I:4770,C:2432,C:2769,construction,2653.73,2026-04-03
I:4771,C:4993,C:2634,catering,228.14,2026-05-08
I:4772,C:3201,C:1809,catering,1942.43,2026-02-03
I:4773,C:3385,C:2669,marketing,9604.59,2026-06-22
I:4774,C:500,C:2380,construction,4631.11,2026-01-08
I:4775,C:2588,C:3012,construction,2585.16,2026-03-15
I:4776,C:831,C:2555,hardware,720.53,2026-06-15
I:4777,C:796,C:2655,software,695.33,2026-03-18
I:4778,C:2635,C:633,catering,1711.86,2026-02-22
I:4779,C:4283,C:605,logistics,3183.62,2026-02-14
I:4780,C:1893,C:997,logistics,6749.15,2026-03-29
I:4781,C:914,C:4483,consulting,202.86,2026-01-04
I:4782,C:1277,C:3300,software,1478.17,2026-04-05
I:4783,C:741,C:621,marketing,6765.06,2026-02-04
I:4784,C:4329,C:3214,logistics,582.16,2026-01-19
I:4785,C:108,C:3378,catering,635.18,2026-05-24
I:4786,C:963,C:4935,logistics,579.4,2026-06-09
I:4787,C:4500,C:2315,logistics,5908.11,2026-03-05
I:4788,C:2875,C:4706,consulting,988.13,2026-03-15
I:4789,C:2418,C:2098,hardware,1086.47,2026-05-23
I:4790,C:4783,C:1491,logistics,7292.78,2026-06-21
I:4791,C:145,C:503,catering,370.73,2026-02-01
I:4792,C:763,C:4187,catering,2803.15,2026-04-18
I:4793,C:4134,C:1918,construction,382.46,2026-04-18
I:4794,C:3863,C:3532,catering,5614.46,2026-05-15
I:4795,C:3935,C:4850,hardware,1168.95,2026-05-27
I:4796,C:1257,C:3390,logistics,2792.5,2026-05-23
I:4797,C:3270,C:2735,software,1712.76,2026-01-12
I:4798,C:4710,C:160,marketing,931.65,2026-02-03
I:4799,C:3082,C:4365,consulting,553.3,2026-06-13
I:4800,C:2825,C:2912,construction,1807.99,2026-06-09
I:4801,C:399,C:4047,marketing,448.56,2026-01-26
I:4802,C:506,C:1363,consulting,243.92,2026-03-23
I:4803,C:564,C:3669,logistics,5398.23,2026-05-22
I:4804,C:2912,C:1412,consulting,478.55,2026-04-24
I:4805,C:271,C:4357,construction,245.85,2026-02-24
I:4806,C:4591,C:4852,construction,6933.45,2026-04-19
I:4807,C:2350,C:2150,logistics,219.03,2026-04-25
I:4808,C:4251,C:2739,construction,1429.31,2026-01-26
I:4809,C:1749,C:4816,software,7920.01,2026-01-07
I:4810,C:4063,C:1295,software,1620.62,2026-03-03
I:4811,C:1741,C:1103,marketing,611.98,2026-03-06
I:4812,C:1801,C:81,software,8431.88,2026-03-20
I:4813,C:UNREG3,C:645,consulting,1003.73,2026-03-19
I:4814,C:2812,C:346,consulting,55.27,2026-06-24
I:4815,C:680,C:4060,marketing,6730.95,2026-05-21
I:4816,C:1720,C:1421,catering,999.66,2026-05-23
I:4817,C:432,C:1106,consulting,6961.61,2026-01-21
I:4818,C:4665,C:4733,consulting,3185.05,2026-05-26
I:4819,C:3501,C:1477,logistics,2145.69,2026-01-04
I:4820,C:3311,C:4836,catering,1766.0,2026-03-08
I:4821,C:3317,C:3181,marketing,303.34,2026-02-27
I:4822,C:583,C:1370,hardware,709.07,2026-02-15
I:4823,C:4393,C:2753,consulting,686.15,2026-02-26
I:4824,C:2153,C:3243,logistics,900.69,2026-06-20
I:4825,C:3153,C:2620,hardware,645.28,2026-03-04
I:4826,C:347,C:4359,marketing,1521.35,2026-03-21
I:4827,C:4715,C:3632,logistics,646.58,2026-02-16
I:4828,C:1269,C:1330,software,1799.37,2026-01-26
I:4829,C:2037,C:3708,catering,600.14,2026-02-06
I:4830,C:4115,C:1311,catering,1090.58,2026-04-14
I:4831,C:4107,C:4388,consulting,5537.35,2026-02-22
I:4832,C:63,C:4561,construction,442.4,2026-01-19
I:4833,C:1780,C:1059,consulting,289.34,2026-01-29
I:4834,C:3678,C:2185,construction,1750.77,2026-06-16
I:4835,C:1654,C:3931,hardware,511.08,2026-02-09
I:4836,C:3604,C:2252,hardware,5341.46,2026-03-01
I:4837,C:1834,C:423,construction,3545.0,2026-04-26
I:4838,C:2020,C:2189,marketing,912.76,2026-04-19
I:4839,C:1774,C:3606,logistics,1074.4,2026-04-11
I:4840,C:743,C:22,logistics,15754.39,2026-01-16
I:4841,C:4902,C:4519,consulting,851.23,2026-02-05
I:4842,C:1880,C:2548,hardware,960.35,2026-06-28
I:4843,C:2029,C:3430,catering,205.35,2026-01-16
I:4844,C:2714,C:357,construction,289.09,2026-03-13
I:4845,C:3851,C:297,hardware,1062.64,2026-04-06
I:4846,C:2452,C:4253,logistics,3138.17,2026-03-03
I:4847,C:1115,C:2668,logistics,1084.46,2026-05-25
I:4848,C:1675,C:1904,construction,2604.83,2026-01-29
I:4849,C:2189,C:4622,construction,1068.53,2026-03-12
I:4850,C:3403,C:2471,consulting,10722.83,2026-03-09
I:4851,C:3885,C:453,software,1724.92,2026-01-26
I:4852,C:4567,C:2324,catering,1082.58,2026-02-18
I:4853,C:2521,C:3811,marketing,1982.4,2026-05-13
I:4854,C:3761,C:3091,marketing,197.41,2026-05-30
I:4855,C:3099,C:4843,logistics,5666.57,2026-02-04
I:4856,C:329,C:2265,logistics,3199.83,2026-01-24
I:4857,C:4051,C:3223,marketing,233.07,2026-02-26
I:4858,C:381,C:895,logistics,402.57,2026-04-12
I:4859,C:3557,C:2692,catering,1929.02,2026-04-22
I:4860,C:2572,C:999,hardware,1325.63,2026-04-15
I:4861,C:784,C:173,catering,321.19,2026-03-31
I:4862,C:4981,C:4753,hardware,497.63,2026-05-20
I:4863,C:3481,C:4920,hardware,583.69,2026-06-21
I:4864,C:4163,C:2257,construction,441.53,2026-04-22
I:4865,C:668,C:1147,logistics,297.5,2026-02-21
I:4866,C:3255,C:106,consulting,1040.68,2026-03-02
I:4867,C:1641,C:3474,hardware,271.53,2026-02-09
I:4868,C:1791,C:4704,catering,364.08,2026-05-02
I:4869,C:4507,C:3693,construction,886.05,2026-06-07
I:4870,C:1759,C:3871,logistics,868.43,2026-03-29
I:4871,C:3530,C:3933,hardware,886.88,2026-06-01
I:4872,C:1667,C:546,hardware,643.72,2026-06-07
I:4873,C:2513,C:2317,consulting,1957.3,2026-01-31
I:4874,C:28,C:3961,construction,12865.4,2026-06-06
I:4875,C:285,C:1178,consulting,890.78,2026-01-01
I:4876,C:1265,C:1327,catering,4209.92,2026-02-03
I:4877,C:4267,C:4034,logistics,6200.72,2026-05-11
I:4878,C:3095,C:1200,construction,4074.1,2026-03-26
I:4879,C:4743,C:4485,logistics,649.01,2026-01-03
I:4880,C:911,C:1891,logistics,569.39,2026-01-25
I:4881,C:1731,C:3460,software,2843.62,2026-05-14
I:4882,C:4352,C:4086,construction,171.94,2026-01-31
I:4883,C:4498,C:3775,marketing,16989.57,2026-04-02
I:4884,C:UNREG45,C:1120,hardware,3817.07,2026-02-10
I:4885,C:3658,C:2847,marketing,2023.38,2026-03-14
I:4886,C:2995,C:2455,consulting,132.44,2026-01-21
I:4887,C:893,C:3059,logistics,362.76,2026-05-01
I:4888,C:3109,C:4246,hardware,872.06,2026-06-04
I:4889,C:3532,C:2598,construction,324.16,2026-05-17
I:4890,C:UNREG45,C:559,marketing,2570.41,2026-05-27
I:4891,C:2766,C:3270,marketing,444.92,2026-01-28
I:4892,C:4868,C:1316,marketing,2519.06,2026-03-21
I:4893,C:125,C:4080,catering,1973.83,2026-03-02
I:4894,C:3011,C:4598,consulting,870.1,2026-02-22
I:4895,C:4626,C:899,logistics,7536.66,2026-02-15
I:4896,C:4217,C:4632,consulting,470.92,2026-05-14
I:4897,C:2334,C:2323,consulting,780.93,2026-01-22
I:4898,C:839,C:3001,consulting,2156.45,2026-01-13
I:4899,C:1196,C:571,software,1371.1,2026-04-11
I:4900,C:68,C:2100,software,737.23,2026-03-04
I:4901,C:2228,C:4710,logistics,657.31,2026-01-17
I:4902,C:227,C:2068,hardware,1709.5,2026-05-08
I:4903,C:4448,C:2089,software,241.25,2026-03-01
I:4904,C:1177,C:2341,marketing,5091.61,2026-04-02
I:4905,C:2534,C:3091,hardware,392.38,2026-01-23
I:4906,C:2576,C:4431,marketing,11923.67,2026-03-19
I:4907,C:4684,C:4486,construction,2639.8,2026-04-17
I:4908,C:4167,C:4133,catering,3171.03,2026-03-28
I:4909,C:3956,C:3599,software,1183.89,2026-03-07
I:4910,C:2942,C:2260,software,670.05,2026-06-25
I:4911,C:2214,C:374,construction,498.24,2026-03-20
I:4912,C:4677,C:4045,marketing,993.77,2026-03-07
I:4913,C:4771,C:2643,catering,1565.63,2026-06-05
I:4914,C:232,C:1889,marketing,1265.24,2026-01-05
I:4915,C:3602,C:1833,construction,2307.3,2026-06-01
I:4916,C:1178,C:1065,logistics,1751.52,2026-03-14
I:4917,C:2184,C:2219,software,169.87,2026-01-30
I:4918,C:809,C:560,software,3872.47,2026-06-22
I:4919,C:3177,C:4101,consulting,18571.47,2026-06-18
I:4920,C:1179,C:1539,consulting,1270.01,2026-06-03
I:4921,C:1412,C:844,logistics,3654.64,2026-05-25
I:4922,C:4236,C:1977,consulting,962.85,2026-02-04
I:4923,C:3374,C:3709,marketing,6161.37,2026-01-25
I:4924,C:224,C:3335,software,173.31,2026-05-21
I:4925,C:1254,C:1501,consulting,486.42,2026-02-15
I:4926,C:2013,C:4878,software,507.28,2026-01-12
I:4927,C:2007,C:4738,construction,513.16,2026-02-02
I:4928,C:1165,C:247,catering,541.3,2026-02-22
I:4929,C:3017,C:624,construction,1024.06,2026-01-08
I:4930,C:2149,C:2298,logistics,3790.41,2026-02-08
I:4931,C:2405,C:2807,software,2363.67,2026-03-06
I:4932,C:41,C:4161,construction,1655.32,2026-03-12
I:4933,C:3235,C:1679,hardware,1346.05,2026-01-07
I:4934,C:377,C:19,construction,245.58,2026-01-05
I:4935,C:4109,C:2058,software,2196.41,2026-02-08
I:4936,C:4068,C:2300,logistics,705.73,2026-03-10
I:4937,C:2125,C:2850,hardware,2348.65,2026-06-26
I:4938,C:699,C:1473,hardware,4973.46,2026-06-16
I:4939,C:1919,C:2104,construction,8355.09,2026-02-13
I:4940,C:3995,C:1284,marketing,1759.32,2026-04-29
I:4941,C:4431,C:1690,catering,522.65,2026-03-19
I:4942,C:1561,C:661,software,590.14,2026-04-27
I:4943,C:4549,C:3105,logistics,831.47,2026-06-14
I:4944,C:2438,C:1348,hardware,4188.6,2026-06-04
I:4945,C:972,C:1580,logistics,372.12,2026-06-04
I:4946,C:2429,C:43,marketing,88.13,2026-04-19
I:4947,C:3404,C:1760,hardware,709.14,2026-03-17
I:4948,C:816,C:2628,software,11954.37,2026-03-05
I:4949,C:2381,C:1182,marketing,1037.33,2026-06-06
I:4950,C:4059,C:1735,software,2598.41,2026-04-22
I:4951,C:1794,C:3058,catering,5623.12,2026-03-14
I:4952,C:365,C:51,software,293.11,2026-03-05
I:4953,C:427,C:129,hardware,478.06,2026-05-02
I:4954,C:UNREG49,C:2994,hardware,3363.44,2026-04-13
I:4955,C:1672,C:4813,consulting,229.17,2026-04-15
I:4956,C:596,C:3103,consulting,6628.43,2026-05-04
I:4957,C:1321,C:4823,hardware,140.1,2026-06-19
I:4958,C:1005,C:1848,consulting,4232.07,2026-04-24
I:4959,C:4033,C:2300,marketing,1579.71,2026-01-18
I:4960,C:3969,C:4635,marketing,8013.87,2026-05-06
I:4961,C:1943,C:412,catering,474.08,2026-02-11
I:4962,C:4962,C:2378,hardware,19299.29,2026-06-05
I:4963,C:888,C:4407,consulting,101.05,2026-04-15
I:4964,C:720,C:4444,marketing,878.86,2026-02-13
I:4965,C:4200,C:747,catering,8168.05,2026-06-13
I:4966,C:1426,C:2189,logistics,2278.88,2026-06-26
I:4967,C:4388,C:1749,catering,376.52,2026-03-19
I:4968,C:1870,C:271,hardware,1632.07,2026-02-21
I:4969,C:104,C:4882,consulting,1575.55,2026-03-18
I:4970,C:2980,C:2703,hardware,1438.02,2026-06-05
I:4971,C:2998,C:2270,construction,377.69,2026-05-14
I:4972,C:1129,C:1705,hardware,2312.76,2026-02-09
I:4973,C:3357,C:902,logistics,2552.71,2026-05-11
I:4974,C:4471,C:4354,consulting,971.08,2026-03-21
I:4975,C:579,C:651,construction,3207.92,2026-04-17
I:4976,C:2823,C:4388,catering,250.97,2026-01-14
I:4977,C:2079,C:2866,logistics,715.51,2026-01-07
I:4978,C:1139,C:2166,catering,514.39,2026-01-13
I:4979,C:455,C:623,consulting,1037.82,2026-02-10
I:4980,C:1392,C:3934,software,226.74,2026-03-23
I:4981,C:2131,C:1685,consulting,1047.61,2026-02-05
I:4982,C:2456,C:3930,consulting,1640.04,2026-06-16
I:4983,C:430,C:2260,marketing,177.26,2026-01-04
I:4984,C:603,C:3119,construction,810.07,2026-05-02
I:4985,C:UNREG0,C:2652,catering,859.47,2026-02-12
I:4986,C:3061,C:4706,construction,501.35,2026-03-06
I:4987,C:3078,C:2907,marketing,508.11,2026-06-24
I:4988,C:3205,C:904,catering,1607.79,2026-01-29
I:4989,C:4590,C:1,catering,869.63,2026-04-27
I:4990,C:4840,C:203,construction,252.17,2026-04-13
I:4991,C:3759,C:1512,marketing,3423.87,2026-02-22
I:4992,C:2971,C:100,software,141.07,2026-01-27
I:4993,C:3228,C:513,marketing,904.33,2026-03-01
I:4994,C:2448,C:110,marketing,176.91,2026-02-12
I:4995,C:2718,C:571,software,358.09,2026-01-13
I:4996,C:3896,C:4628,logistics,81.99,2026-01-05
I:4997,C:3778,C:16,hardware,6385.08,2026-04-20
I:4998,C:1023,C:979,catering,1856.9,2026-01-02
I:4999,C:2842,C:4847,hardware,2014.01,2026-02-10
I:5000,C:1258,C:3373,construction,2591.05,2026-01-12
I:5001,C:1597,C:2071,logistics,1439.01,2026-05-18
I:5002,C:3883,C:3015,hardware,6552.93,2026-05-21
I:5003,C:2584,C:1117,logistics,262.63,2026-05-02
I:5004,C:2142,C:1023,catering,1276.36,2026-01-28
I:5005,C:2833,C:3172,hardware,1447.26,2026-05-23
I:5006,C:2893,C:3786,catering,1402.79,2026-05-07
I:5007,C:4115,C:1426,hardware,2577.25,2026-05-27
I:5008,C:4462,C:4995,logistics,959.98,2026-02-04
I:5009,C:812,C:3138,hardware,1283.07,2026-04-19
I:5010,C:3970,C:3178,hardware,428.77,2026-05-11
I:5011,C:721,C:2736,consulting,419.92,2026-04-23
I:5012,C:3173,C:1145,marketing,1152.68,2026-04-05
I:5013,C:3611,C:2871,consulting,10538.46,2026-02-14
I:5014,C:882,C:1392,marketing,1393.71,2026-05-20
I:5015,C:2307,C:1116,marketing,2140.65,2026-02-12
I:5016,C:4236,C:3630,software,2117.76,2026-03-01
I:5017,C:4857,C:3955,consulting,5402.81,2026-05-03
I:5018,C:110,C:1523,construction,176.81,2026-03-15
I:5019,C:3722,C:1228,hardware,3961.75,2026-03-23
I:5020,C:925,C:4523,software,196.08,2026-02-27
I:5021,C:4704,C:2206,consulting,2752.24,2026-05-06
I:5022,C:1072,C:2306,hardware,251.62,2026-06-20
I:5023,C:3597,C:772,logistics,1010.88,2026-06-10
I:5024,C:1456,C:4322,consulting,1793.49,2026-01-06
I:5025,C:2482,C:3785,marketing,1054.79,2026-03-10
I:5026,C:1356,C:158,hardware,131.64,2026-05-21
I:5027,C:4688,C:2138,construction,448.31,2026-03-10
I:5028,C:2329,C:2432,consulting,3671.78,2026-04-14
I:5029,C:2104,C:2209,logistics,1046.48,2026-05-05
I:5030,C:2187,C:2024,catering,5153.05,2026-04-12
I:5031,C:4959,C:3608,consulting,473.0,2026-06-24
I:5032,C:742,C:2057,software,3335.01,2026-03-20
I:5033,C:221,C:214,catering,1943.05,2026-03-26
I:5034,C:1141,C:184,software,2912.6,2026-05-02
I:5035,C:1682,C:1064,hardware,5464.45,2026-06-21
I:5036,C:602,C:4067,construction,2688.25,2026-01-19
I:5037,C:2125,C:1755,catering,731.09,2026-05-14
I:5038,C:3444,C:375,construction,376.22,2026-02-21
I:5039,C:45,C:1299,consulting,275.35,2026-03-05
I:5040,C:1536,C:4898,catering,2130.92,2026-05-20
I:5041,C:2531,C:4868,catering,365.22,2026-01-11
I:5042,C:206,C:4748,construction,5879.44,2026-06-10
I:5043,C:4872,C:4414,hardware,2794.95,2026-04-26
I:5044,C:1039,C:1240,catering,1837.23,2026-03-14
I:5045,C:2456,C:2491,logistics,250.7,2026-03-17
I:5046,C:1086,C:613,marketing,4941.96,2026-05-20
I:5047,C:4300,C:235,consulting,742.01,2026-06-20
I:5048,C:4529,C:2651,catering,3162.54,2026-03-16
I:5049,C:1372,C:1269,software,1518.27,2026-03-02
I:5050,C:4008,C:2206,logistics,2063.15,2026-01-14
I:5051,C:3984,C:1945,hardware,3834.61,2026-06-01
I:5052,C:4476,C:3236,logistics,954.78,2026-01-14
I:5053,C:2456,C:3452,software,412.3,2026-06-01
I:5054,C:4415,C:3677,catering,961.19,2026-01-10
I:5055,C:629,C:3279,catering,11138.0,2026-03-21
I:5056,C:2576,C:3464,hardware,4834.25,2026-03-14
I:5057,C:121,C:3725,construction,715.02,2026-05-30
I:5058,C:3160,C:980,hardware,1568.63,2026-04-22
I:5059,C:2515,C:2553,consulting,1295.59,2026-04-01
I:5060,C:4757,C:3906,software,1814.62,2026-04-10
I:5061,C:2057,C:1428,software,3625.66,2026-04-03
I:5062,C:2475,C:2622,consulting,4110.27,2026-05-30
I:5063,C:3711,C:4398,catering,4138.38,2026-03-28
I:5064,C:339,C:140,consulting,1417.96,2026-02-03
I:5065,C:3792,C:432,software,4004.76,2026-06-14
I:5066,C:1609,C:1322,hardware,196.57,2026-04-14
I:5067,C:1511,C:2345,marketing,363.0,2026-06-22
I:5068,C:UNREG38,C:1078,marketing,991.19,2026-05-12
I:5069,C:4615,C:2118,catering,2795.48,2026-05-23
I:5070,C:1390,C:219,hardware,1751.84,2026-06-28
I:5071,C:2771,C:4502,marketing,1524.98,2026-03-23
I:5072,C:1,C:1380,marketing,1170.61,2026-06-10
I:5073,C:1116,C:2397,construction,4505.89,2026-02-22
I:5074,C:1156,C:4499,consulting,815.0,2026-05-14
I:5075,C:202,C:2679,software,1578.56,2026-06-02
I:5076,C:3374,C:4563,marketing,260.62,2026-03-30
I:5077,C:3072,C:1006,consulting,3412.63,2026-04-21
I:5078,C:4696,C:1277,construction,392.51,2026-06-20
I:5079,C:2379,C:4818,marketing,197.7,2026-06-08
I:5080,C:3669,C:2294,software,459.37,2026-04-23
I:5081,C:76,C:3808,logistics,541.63,2026-04-30
I:5082,C:1016,C:3834,logistics,534.57,2026-06-23
I:5083,C:1833,C:3579,logistics,806.51,2026-01-11
I:5084,C:4962,C:2542,consulting,1934.04,2026-05-20
I:5085,C:2502,C:UNREG41,construction,716.55,2026-05-11
I:5086,C:849,C:4816,construction,2502.66,2026-06-02
I:5087,C:3840,C:3019,logistics,603.06,2026-06-06
I:5088,C:4152,C:4327,software,296.76,2026-06-19
I:5089,C:2662,C:3195,logistics,2385.74,2026-06-14
I:5090,C:1257,C:2418,catering,5891.24,2026-02-09
I:5091,C:4147,C:2464,hardware,400.92,2026-06-17
I:5092,C:3031,C:2859,catering,210.23,2026-01-21
I:5093,C:1730,C:1743,marketing,562.98,2026-01-02
I:5094,C:3549,C:4991,catering,1086.43,2026-01-15
I:5095,C:1455,C:4793,catering,1704.61,2026-02-15
I:5096,C:1689,C:629,hardware,4444.3,2026-03-06
I:5097,C:290,C:2668,consulting,1421.77,2026-06-24
I:5098,C:3996,C:2214,catering,545.45,2026-04-02
I:5099,C:2238,C:632,logistics,2910.01,2026-05-14
I:5100,C:2210,C:3727,marketing,521.64,2026-01-08
I:5101,C:4988,C:4305,hardware,2479.15,2026-01-11
I:5102,C:1177,C:1241,logistics,1557.05,2026-02-25
I:5103,C:4221,C:1968,catering,845.27,2026-05-30
I:5104,C:1681,C:1213,consulting,538.6,2026-05-24
I:5105,C:1971,C:1427,hardware,3541.71,2026-02-21
I:5106,C:329,C:4557,logistics,1415.97,2026-03-23
I:5107,C:1900,C:4164,marketing,3138.03,2026-02-22
I:5108,C:3156,C:1257,catering,394.12,2026-03-05
I:5109,C:450,C:1893,construction,335.51,2026-05-29
I:5110,C:4301,C:794,marketing,957.76,2026-04-18
I:5111,C:100,C:876,construction,66.61,2026-01-05
I:5112,C:643,C:1605,construction,1465.23,2026-03-14
I:5113,C:3609,C:3317,construction,444.59,2026-03-02
I:5114,C:571,C:1616,catering,5263.91,2026-02-18
I:5115,C:4295,C:4469,marketing,8049.65,2026-05-27
I:5116,C:4253,C:163,consulting,68.15,2026-05-03
I:5117,C:4383,C:2805,software,678.03,2026-04-02
I:5118,C:1960,C:3709,software,247.59,2026-02-04
I:5119,C:3418,C:UNREG65,software,172.49,2026-04-22
I:5120,C:2548,C:681,logistics,899.85,2026-05-12
I:5121,C:2753,C:1757,hardware,986.11,2026-06-12
I:5122,C:9,C:2406,software,569.67,2026-03-31
I:5123,C:983,C:2831,construction,1805.42,2026-02-12
I:5124,C:3938,C:2972,software,462.14,2026-05-07
I:5125,C:3337,C:1076,marketing,1017.52,2026-04-28
I:5126,C:2089,C:3980,marketing,6076.43,2026-02-15
I:5127,C:1735,C:4941,logistics,2180.35,2026-06-04
I:5128,C:2273,C:2358,software,531.72,2026-01-20
I:5129,C:4921,C:853,marketing,3979.06,2026-06-20
I:5130,C:3115,C:1403,marketing,1282.72,2026-03-08
I:5131,C:2166,C:2395,hardware,1597.72,2026-04-28
I:5132,C:1774,C:3494,hardware,2263.73,2026-06-02
I:5133,C:4701,C:2832,hardware,4766.95,2026-04-26
I:5134,C:3349,C:4363,software,79.36,2026-01-29
I:5135,C:859,C:3187,software,21452.28,2026-03-30
I:5136,C:2449,C:1506,construction,453.71,2026-02-23
I:5137,C:4600,C:3102,construction,742.89,2026-01-19
I:5138,C:2796,C:977,marketing,617.65,2026-03-13
I:5139,C:1808,C:2461,marketing,636.53,2026-03-26
I:5140,C:92,C:1730,hardware,958.86,2026-02-07
I:5141,C:1664,C:89,marketing,1839.97,2026-06-26
I:5142,C:3252,C:2067,hardware,1639.1,2026-06-25
I:5143,C:2761,C:931,software,132.72,2026-06-14
I:5144,C:4405,C:3274,consulting,1935.41,2026-01-08
I:5145,C:3635,C:1415,software,1846.54,2026-02-09
I:5146,C:4555,C:3678,hardware,1611.76,2026-03-20
I:5147,C:2241,C:2864,consulting,492.91,2026-03-10
I:5148,C:4591,C:277,logistics,613.01,2026-05-13
I:5149,C:4680,C:812,marketing,1969.4,2026-02-19
I:5150,C:2119,C:4231,hardware,1432.54,2026-01-09
I:5151,C:4414,C:4073,logistics,637.4,2026-02-09
I:5152,C:4049,C:2047,hardware,2144.56,2026-03-28
I:5153,C:4503,C:54,consulting,7560.71,2026-06-18
I:5154,C:210,C:4356,logistics,3952.47,2026-05-07
I:5155,C:2185,C:3831,hardware,1582.32,2026-05-28
I:5156,C:3440,C:594,hardware,133.94,2026-03-28
I:5157,C:553,C:2227,software,2025.59,2026-04-26
I:5158,C:2199,C:4587,marketing,1470.46,2026-05-10
I:5159,C:1960,C:UNREG15,construction,1070.36,2026-02-13
I:5160,C:3224,C:4194,marketing,11130.43,2026-01-11
I:5161,C:4773,C:3170,logistics,295.59,2026-01-31
I:5162,C:4491,C:1574,logistics,173.49,2026-06-14
I:5163,C:1232,C:439,consulting,4452.83,2026-03-03
I:5164,C:1985,C:1459,consulting,863.45,2026-05-08
I:5165,C:2751,C:2517,catering,880.67,2026-03-08
I:5166,C:943,C:4884,consulting,134.6,2026-01-24
I:5167,C:3841,C:3932,construction,858.96,2026-01-08
I:5168,C:4384,C:730,software,1753.01,2026-03-25
I:5169,C:3401,C:4377,consulting,308.24,2026-06-06
I:5170,C:2470,C:1678,catering,534.35,2026-02-13
I:5171,C:4797,C:4740,consulting,5256.24,2026-04-30
I:5172,C:1127,C:429,consulting,2057.92,2026-06-02
I:5173,C:1112,C:439,hardware,205.29,2026-05-06
I:5174,C:2762,C:3514,logistics,8595.01,2026-06-27
I:5175,C:1674,C:4018,construction,1228.72,2026-03-01
I:5176,C:890,C:4856,catering,1512.18,2026-02-02
I:5177,C:1159,C:2754,software,840.85,2026-01-03
I:5178,C:3759,C:623,software,21868.26,2026-01-06
I:5179,C:583,C:700,consulting,1805.61,2026-06-17
I:5180,C:1583,C:40,marketing,1159.08,2026-01-15
I:5181,C:3999,C:925,logistics,108.75,2026-03-28
I:5182,C:1492,C:3909,software,165.97,2026-06-22
I:5183,C:816,C:3869,software,751.62,2026-03-06
I:5184,C:2207,C:2633,logistics,959.43,2026-06-28
I:5185,C:1201,C:1681,hardware,1403.41,2026-01-01
I:5186,C:1584,C:215,marketing,1704.25,2026-02-08
I:5187,C:935,C:2895,construction,429.49,2026-03-23
I:5188,C:1442,C:830,consulting,369.28,2026-01-18
I:5189,C:1014,C:2896,hardware,1084.31,2026-05-17
I:5190,C:2407,C:3827,catering,117.06,2026-01-30
I:5191,C:2168,C:150,hardware,1552.47,2026-03-13
I:5192,C:617,C:3134,catering,10097.11,2026-01-31
I:5193,C:3987,C:2285,construction,16467.02,2026-02-14
I:5194,C:1381,C:435,consulting,1282.86,2026-03-31
I:5195,C:3050,C:373,hardware,701.34,2026-06-14
I:5196,C:4076,C:1319,catering,121.95,2026-03-16
I:5197,C:254,C:3331,logistics,2648.07,2026-04-04
I:5198,C:17,C:65,catering,1315.92,2026-06-25
I:5199,C:4502,C:1321,consulting,2208.1,2026-01-23
I:5200,C:229,C:1091,logistics,9911.42,2026-04-03
I:5201,C:3696,C:592,hardware,3040.19,2026-01-31
I:5202,C:1056,C:3885,hardware,570.08,2026-04-07
I:5203,C:1951,C:4899,construction,1061.71,2026-04-22
I:5204,C:1858,C:1924,consulting,2811.53,2026-04-20
I:5205,C:4599,C:4756,marketing,158.31,2026-02-24
I:5206,C:3958,C:2899,catering,2088.23,2026-04-01
I:5207,C:4801,C:861,catering,469.8,2026-04-12
I:5208,C:3843,C:1095,logistics,1288.68,2026-01-24
I:5209,C:3612,C:4626,hardware,416.24,2026-06-23
I:5210,C:2523,C:2971,software,1458.28,2026-03-08
I:5211,C:1389,C:2138,consulting,220.17,2026-05-30
I:5212,C:4731,C:696,logistics,237.56,2026-06-18
I:5213,C:3253,C:1629,marketing,1162.91,2026-05-02
I:5214,C:1235,C:1071,logistics,2547.13,2026-01-14
I:5215,C:2874,C:3413,hardware,2880.77,2026-02-25
I:5216,C:4606,C:4897,logistics,48.74,2026-03-01
I:5217,C:53,C:2203,hardware,1876.25,2026-01-10
I:5218,C:4377,C:1370,hardware,405.32,2026-06-04
I:5219,C:4583,C:3986,construction,1496.41,2026-06-28
I:5220,C:2228,C:4588,consulting,9747.61,2026-02-03
I:5221,C:4672,C:2075,construction,379.98,2026-02-24
I:5222,C:841,C:2998,consulting,507.03,2026-03-21
I:5223,C:4471,C:4926,logistics,2678.33,2026-06-02
I:5224,C:3102,C:3404,construction,904.69,2026-04-10
I:5225,C:632,C:3055,catering,256.95,2026-02-05
I:5226,C:4939,C:4418,hardware,362.56,2026-06-15
I:5227,C:4152,C:16,marketing,287.77,2026-03-07
I:5228,C:3289,C:2809,catering,2138.53,2026-03-06
I:5229,C:121,C:1071,marketing,1095.98,2026-01-13
I:5230,C:738,C:2413,hardware,1865.89,2026-03-23
I:5231,C:56,C:547,catering,514.47,2026-02-27
I:5232,C:3681,C:3510,hardware,1416.51,2026-04-19
I:5233,C:2146,C:UNREG41,marketing,772.1,2026-06-14
I:5234,C:2112,C:3119,marketing,278.68,2026-06-26
I:5235,C:855,C:580,construction,2045.16,2026-02-23
I:5236,C:880,C:353,logistics,178.83,2026-01-15
I:5237,C:3660,C:4439,consulting,2081.89,2026-04-09
I:5238,C:4528,C:501,logistics,5105.63,2026-03-31
I:5239,C:2696,C:4808,software,394.95,2026-05-28
I:5240,C:2142,C:3507,software,1569.03,2026-02-12
I:5241,C:6,C:4626,consulting,1462.32,2026-02-02
I:5242,C:3417,C:4609,marketing,600.85,2026-06-04
I:5243,C:187,C:3853,consulting,3485.29,2026-06-27
I:5244,C:4171,C:4611,marketing,495.12,2026-04-16
I:5245,C:1897,C:3370,catering,249.6,2026-04-27
I:5246,C:4802,C:3441,hardware,19503.27,2026-03-16
I:5247,C:658,C:2414,hardware,219.43,2026-05-31
I:5248,C:3422,C:2563,marketing,998.59,2026-03-15
I:5249,C:496,C:1302,catering,1252.22,2026-06-24
I:5250,C:1825,C:79,consulting,418.79,2026-06-19
I:5251,C:2479,C:4609,construction,584.82,2026-03-02
I:5252,C:1415,C:1740,consulting,2692.51,2026-05-17
I:5253,C:4248,C:177,catering,159.28,2026-03-11
I:5254,C:1392,C:4247,catering,1441.53,2026-05-17
I:5255,C:4032,C:4354,software,3430.25,2026-06-20
I:5256,C:2633,C:2712,marketing,475.0,2026-01-19
I:5257,C:2191,C:199,hardware,1562.55,2026-05-19
I:5258,C:152,C:1398,consulting,7126.24,2026-03-30
I:5259,C:3662,C:100,marketing,2320.22,2026-05-01
I:5260,C:2642,C:433,catering,909.58,2026-06-25
I:5261,C:3560,C:2490,construction,3885.63,2026-06-03
I:5262,C:2378,C:3915,catering,576.26,2026-01-22
I:5263,C:2295,C:3937,consulting,119.64,2026-04-07
I:5264,C:3439,C:1051,consulting,1806.09,2026-03-01
I:5265,C:2754,C:800,construction,774.99,2026-03-12
I:5266,C:3469,C:2329,marketing,20739.3,2026-03-05
I:5267,C:922,C:1478,catering,519.29,2026-01-27
I:5268,C:92,C:2253,construction,1633.57,2026-06-12
I:5269,C:2996,C:4039,logistics,119.46,2026-02-26
I:5270,C:2285,C:1899,software,292.2,2026-03-31
I:5271,C:1549,C:506,construction,826.6,2026-02-25
I:5272,C:4418,C:1526,marketing,244.89,2026-06-17
I:5273,C:1599,C:643,logistics,2603.84,2026-06-27
I:5274,C:544,C:731,construction,438.71,2026-01-10
I:5275,C:1799,C:2115,hardware,4056.15,2026-05-28
I:5276,C:2135,C:651,software,1088.1,2026-04-04
I:5277,C:54,C:2764,logistics,838.0,2026-06-10
I:5278,C:3966,C:3006,consulting,4955.44,2026-03-01
I:5279,C:858,C:3488,catering,2143.28,2026-05-29
I:5280,C:1079,C:1492,hardware,554.95,2026-06-16
I:5281,C:2879,C:516,marketing,1519.57,2026-05-24
I:5282,C:4382,C:342,logistics,5612.54,2026-04-03
I:5283,C:209,C:700,marketing,143.41,2026-01-07
I:5284,C:4940,C:4515,consulting,5178.22,2026-06-17
I:5285,C:3839,C:1626,catering,3029.21,2026-05-28
I:5286,C:3003,C:743,catering,15193.89,2026-04-14
I:5287,C:3384,C:1726,consulting,325.04,2026-06-19
I:5288,C:46,C:720,hardware,15313.24,2026-04-30
I:5289,C:4739,C:1654,consulting,2791.21,2026-03-01
I:5290,C:2369,C:4255,consulting,1695.3,2026-01-01
I:5291,C:3112,C:4287,catering,3811.48,2026-06-13
I:5292,C:4354,C:2679,catering,155.64,2026-03-29
I:5293,C:1952,C:169,logistics,123.31,2026-01-04
I:5294,C:1377,C:1270,software,1149.28,2026-02-27
I:5295,C:4203,C:1332,logistics,840.5,2026-01-08
I:5296,C:4269,C:2925,logistics,2846.8,2026-01-30
I:5297,C:1212,C:3933,consulting,4709.7,2026-06-29
I:5298,C:2211,C:1116,construction,3483.5,2026-05-10
I:5299,C:4432,C:2914,logistics,1590.62,2026-05-06
I:5300,C:1375,C:1825,marketing,1205.34,2026-05-29
I:5301,C:1782,C:2441,marketing,370.33,2026-06-12
I:5302,C:1190,C:2175,construction,4145.0,2026-06-22
I:5303,C:3947,C:648,hardware,193.58,2026-04-13
I:5304,C:4779,C:1459,catering,23412.45,2026-06-26
I:5305,C:1248,C:212,construction,1338.83,2026-02-11
I:5306,C:751,C:1703,construction,975.62,2026-03-20
I:5307,C:912,C:3535,logistics,467.63,2026-04-28
I:5308,C:490,C:4290,consulting,335.78,2026-02-01
I:5309,C:999,C:3402,logistics,2879.86,2026-02-14
I:5310,C:4305,C:2459,marketing,967.94,2026-03-03
I:5311,C:2830,C:4805,consulting,2480.22,2026-03-30
I:5312,C:4277,C:3494,marketing,4061.27,2026-02-25
I:5313,C:1683,C:4539,consulting,7060.52,2026-02-09
I:5314,C:1189,C:2188,marketing,755.03,2026-01-01
I:5315,C:586,C:4570,software,7493.92,2026-03-27
I:5316,C:4693,C:2837,construction,3785.74,2026-05-31
I:5317,C:653,C:1289,logistics,977.43,2026-03-03
I:5318,C:2646,C:2485,software,94.98,2026-03-31
I:5319,C:4630,C:89,construction,1560.29,2026-04-10
I:5320,C:3910,C:1290,construction,1054.01,2026-01-15
I:5321,C:2114,C:3277,software,5820.68,2026-01-14
I:5322,C:4933,C:4008,catering,1307.47,2026-04-19
I:5323,C:1200,C:4575,marketing,228.43,2026-05-11
I:5324,C:1000,C:1391,hardware,1324.01,2026-01-22
I:5325,C:3985,C:1691,marketing,33332.77,2026-05-13
I:5326,C:2327,C:3468,logistics,180.42,2026-04-07
I:5327,C:3889,C:2501,software,254.67,2026-05-02
I:5328,C:1646,C:1383,marketing,44.0,2026-03-12
I:5329,C:4196,C:4158,construction,349.7,2026-03-01
I:5330,C:3962,C:1835,catering,1001.65,2026-02-15
I:5331,C:4152,C:3266,hardware,399.89,2026-03-15
I:5332,C:4769,C:2674,construction,527.55,2026-05-11
I:5333,C:1403,C:2196,catering,295.63,2026-02-04
I:5334,C:2753,C:2654,consulting,11133.13,2026-06-17
I:5335,C:723,C:3730,construction,15476.82,2026-03-22
I:5336,C:1433,C:3022,logistics,1316.52,2026-02-26
I:5337,C:1606,C:3023,hardware,624.93,2026-03-03
I:5338,C:2980,C:3768,construction,257.56,2026-03-26
I:5339,C:3849,C:4903,hardware,1637.66,2026-04-10
I:5340,C:3370,C:2825,construction,1485.57,2026-04-12
I:5341,C:3410,C:3513,software,471.5,2026-03-28
I:5342,C:904,C:372,hardware,661.17,2026-06-08
I:5343,C:2501,C:2996,catering,8482.32,2026-03-12
I:5344,C:1264,C:1685,marketing,774.92,2026-03-14
I:5345,C:3691,C:2726,construction,4894.32,2026-01-15
I:5346,C:2863,C:2649,software,1359.99,2026-03-25
I:5347,C:1491,C:4993,consulting,1135.26,2026-05-16
I:5348,C:3429,C:3695,hardware,7700.4,2026-05-29
I:5349,C:1459,C:4484,software,1672.56,2026-05-22
I:5350,C:1209,C:3695,consulting,825.91,2026-06-15
I:5351,C:3584,C:123,hardware,748.53,2026-03-04
I:5352,C:2102,C:3377,construction,1609.81,2026-01-07
I:5353,C:2441,C:4410,consulting,365.85,2026-01-18
I:5354,C:4532,C:811,logistics,3142.08,2026-03-11
I:5355,C:3636,C:4599,software,336.71,2026-05-19
I:5356,C:4717,C:3047,logistics,6246.14,2026-01-28
I:5357,C:1190,C:4498,marketing,649.29,2026-01-06
I:5358,C:1015,C:3343,logistics,2508.92,2026-06-16
I:5359,C:3562,C:4356,catering,758.64,2026-06-07
I:5360,C:646,C:2078,construction,126.99,2026-06-24
I:5361,C:1807,C:2505,logistics,175.98,2026-06-03
I:5362,C:4758,C:3521,logistics,1565.59,2026-05-23
I:5363,C:1068,C:1145,hardware,1570.83,2026-06-24
I:5364,C:4103,C:3876,software,1362.72,2026-03-09
I:5365,C:769,C:1574,hardware,104.14,2026-04-18
I:5366,C:4879,C:4825,construction,131.15,2026-01-26
I:5367,C:2194,C:2545,consulting,4444.42,2026-05-24
I:5368,C:1444,C:3947,consulting,1856.7,2026-01-26
I:5369,C:3550,C:2412,logistics,6334.1,2026-05-03
I:5370,C:3148,C:1047,software,236.42,2026-03-31
I:5371,C:490,C:4752,marketing,1149.47,2026-02-25
I:5372,C:3939,C:3281,hardware,728.13,2026-05-23
I:5373,C:127,C:4385,catering,1883.8,2026-04-18
I:5374,C:838,C:3454,software,520.5,2026-03-01
I:5375,C:800,C:514,consulting,2020.38,2026-02-23
I:5376,C:4642,C:3472,marketing,1455.27,2026-01-13
I:5377,C:2763,C:2889,marketing,271.7,2026-04-28
I:5378,C:4561,C:3061,marketing,130.56,2026-02-19
I:5379,C:4726,C:3360,construction,817.91,2026-02-17
I:5380,C:3930,C:4831,software,414.91,2026-01-22
I:5381,C:2859,C:3898,catering,2565.84,2026-03-06
I:5382,C:398,C:2172,construction,4854.22,2026-06-04
I:5383,C:4186,C:4988,consulting,257.6,2026-05-03
I:5384,C:47,C:2485,software,1283.26,2026-06-02
I:5385,C:2022,C:2042,consulting,1072.12,2026-02-09
I:5386,C:637,C:3074,software,3486.37,2026-06-16
I:5387,C:2816,C:2958,marketing,562.25,2026-01-03
I:5388,C:1587,C:1326,software,1248.1,2026-02-28
I:5389,C:1036,C:1865,software,322.01,2026-03-08
I:5390,C:3548,C:3952,catering,1022.95,2026-03-31
I:5391,C:1417,C:1232,catering,2055.42,2026-03-05
I:5392,C:2946,C:3646,software,21776.54,2026-06-10
I:5393,C:579,C:4809,software,515.04,2026-01-23
I:5394,C:1082,C:4791,catering,323.04,2026-01-29
I:5395,C:2391,C:4217,construction,190.47,2026-03-14
I:5396,C:3075,C:3230,hardware,620.07,2026-02-11
I:5397,C:4107,C:1384,software,128.22,2026-06-23
I:5398,C:157,C:2809,logistics,2132.04,2026-02-08
I:5399,C:180,C:339,marketing,315.12,2026-03-20
I:5400,C:2221,C:2500,consulting,2235.71,2026-06-02
I:5401,C:4395,C:4349,hardware,6713.51,2026-04-11
I:5402,C:176,C:4718,construction,758.98,2026-05-23
I:5403,C:1147,C:3069,consulting,863.66,2026-06-18
I:5404,C:2360,C:367,logistics,5228.75,2026-02-06
I:5405,C:925,C:276,catering,427.94,2026-03-02
I:5406,C:3752,C:514,hardware,16591.48,2026-04-22
I:5407,C:4528,C:4897,consulting,477.12,2026-02-11
I:5408,C:2812,C:416,construction,1328.68,2026-03-10
I:5409,C:1410,C:1844,construction,2818.76,2026-04-03
I:5410,C:4098,C:4583,catering,1204.43,2026-01-31
I:5411,C:4609,C:110,hardware,3582.15,2026-01-18
I:5412,C:1066,C:2381,construction,3955.48,2026-02-12
I:5413,C:2625,C:2230,software,220.86,2026-06-14
I:5414,C:1087,C:939,software,102.93,2026-04-21
I:5415,C:2202,C:955,logistics,3106.16,2026-04-14
I:5416,C:1266,C:4435,software,1262.55,2026-06-15
I:5417,C:2977,C:4496,marketing,960.18,2026-06-26
I:5418,C:1958,C:1167,marketing,2116.71,2026-02-28
I:5419,C:3281,C:4043,logistics,1938.48,2026-04-22
I:5420,C:3119,C:251,catering,1875.05,2026-06-20
I:5421,C:4420,C:3290,construction,1011.14,2026-06-08
I:5422,C:3115,C:91,construction,522.79,2026-04-16
I:5423,C:4653,C:271,construction,716.1,2026-04-19
I:5424,C:3912,C:848,marketing,534.51,2026-03-25
I:5425,C:1035,C:2544,consulting,756.43,2026-01-21
I:5426,C:3597,C:1835,consulting,501.46,2026-01-02
I:5427,C:831,C:186,consulting,393.17,2026-03-06
I:5428,C:4007,C:4732,software,498.93,2026-05-19
I:5429,C:1578,C:576,hardware,909.34,2026-04-17
I:5430,C:3854,C:3345,hardware,9242.35,2026-03-11
I:5431,C:933,C:1385,catering,1240.38,2026-05-04
I:5432,C:3707,C:UNREG71,construction,4004.43,2026-06-21
I:5433,C:1236,C:2207,catering,5404.66,2026-02-13
I:5434,C:573,C:4108,construction,445.51,2026-02-06
I:5435,C:2473,C:3659,logistics,99.46,2026-04-26
I:5436,C:885,C:3891,catering,538.64,2026-02-21
I:5437,C:4253,C:1426,hardware,3204.98,2026-05-16
I:5438,C:4453,C:948,consulting,556.15,2026-06-13
I:5439,C:4428,C:3091,software,4495.64,2026-06-26
I:5440,C:3499,C:1293,construction,464.55,2026-02-03
I:5441,C:4260,C:2004,catering,3634.49,2026-03-30
I:5442,C:4049,C:787,catering,127.77,2026-06-10
I:5443,C:1394,C:1918,marketing,227.67,2026-01-23
I:5444,C:1154,C:4242,catering,1777.96,2026-02-27
I:5445,C:953,C:2438,catering,2543.26,2026-03-29
I:5446,C:4898,C:2012,hardware,762.6,2026-03-29
I:5447,C:2888,C:3334,logistics,2101.82,2026-04-25
I:5448,C:2846,C:71,catering,2635.01,2026-03-06
I:5449,C:UNREG43,C:1289,marketing,830.19,2026-05-08
I:5450,C:4609,C:3865,construction,2198.25,2026-03-10
I:5451,C:3871,C:4545,software,14017.58,2026-01-27
I:5452,C:3089,C:3815,consulting,1286.5,2026-06-01
I:5453,C:3942,C:3013,software,197.9,2026-04-03
I:5454,C:4777,C:1638,marketing,358.5,2026-04-08
I:5455,C:2329,C:4914,consulting,136.77,2026-03-26
I:5456,C:4466,C:4527,construction,21115.02,2026-06-06
I:5457,C:1695,C:2398,consulting,2746.35,2026-04-08
I:5458,C:668,C:4737,construction,592.67,2026-03-09
I:5459,C:4704,C:4785,hardware,2127.21,2026-06-03
I:5460,C:3044,C:1145,software,1005.48,2026-01-16
I:5461,C:1380,C:UNREG0,hardware,183.85,2026-02-15
I:5462,C:2211,C:506,construction,994.94,2026-04-22
I:5463,C:2782,C:1449,logistics,286.51,2026-05-28
I:5464,C:3059,C:4756,hardware,1590.79,2026-04-26
I:5465,C:2525,C:3280,logistics,273.52,2026-06-25
I:5466,C:3791,C:3287,logistics,2117.93,2026-01-28
I:5467,C:1395,C:2962,software,141.43,2026-03-02
I:5468,C:463,C:2747,construction,1155.02,2026-06-27
I:5469,C:406,C:3013,software,2470.89,2026-03-23
I:5470,C:871,C:4048,consulting,395.76,2026-01-27
I:5471,C:3802,C:3313,construction,2458.1,2026-05-21
I:5472,C:1535,C:2600,software,1975.38,2026-06-23
I:5473,C:3425,C:UNREG41,construction,3585.67,2026-06-26
I:5474,C:3936,C:1941,construction,10786.43,2026-03-18
I:5475,C:1997,C:2785,marketing,884.42,2026-03-17
I:5476,C:3822,C:2449,construction,19318.39,2026-02-25
I:5477,C:2207,C:UNREG24,software,505.92,2026-02-15
I:5478,C:1073,C:2005,catering,1121.88,2026-04-21
I:5479,C:1641,C:4133,software,1735.94,2026-01-19
I:5480,C:368,C:2382,software,275.59,2026-02-14
I:5481,C:4228,C:1681,construction,1049.75,2026-05-16
I:5482,C:4989,C:3886,software,400.84,2026-01-25
I:5483,C:3475,C:776,catering,2575.89,2026-02-14
I:5484,C:85,C:1755,software,908.82,2026-05-14
I:5485,C:4592,C:3658,catering,194.56,2026-01-30
I:5486,C:4532,C:4629,catering,7545.87,2026-04-14
I:5487,C:357,C:3867,software,6233.73,2026-01-16
I:5488,C:3151,C:3914,consulting,1973.07,2026-05-10
I:5489,C:413,C:1401,construction,1564.86,2026-04-17
I:5490,C:3360,C:2555,consulting,1336.64,2026-04-10
I:5491,C:779,C:1616,logistics,6462.69,2026-03-13
I:5492,C:2599,C:2462,catering,187.41,2026-01-14
I:5493,C:3901,C:3165,marketing,980.51,2026-01-09
I:5494,C:2441,C:15,hardware,963.53,2026-03-26
I:5495,C:1478,C:3407,software,11465.53,2026-01-10
I:5496,C:1491,C:2226,software,4884.77,2026-03-15
I:5497,C:529,C:4268,construction,11078.5,2026-04-03
I:5498,C:3167,C:1426,catering,1139.51,2026-01-28
I:5499,C:2726,C:2689,logistics,2346.74,2026-06-19
I:5500,C:4511,C:3601,hardware,1193.15,2026-06-20
I:5501,C:3501,C:1633,logistics,1041.69,2026-04-22
I:5502,C:487,C:129,marketing,3815.28,2026-06-15
I:5503,C:999,C:2412,catering,403.37,2026-01-10
I:5504,C:696,C:2137,logistics,2991.35,2026-01-04
I:5505,C:1851,C:3101,hardware,92.84,2026-03-28
I:5506,C:3570,C:1309,consulting,327.78,2026-02-02
I:5507,C:4949,C:1277,marketing,1706.7,2026-05-05
I:5508,C:2102,C:4534,catering,2139.66,2026-02-17
I:5509,C:UNREG14,C:4921,construction,8045.73,2026-04-16
I:5510,C:3270,C:1174,construction,121.51,2026-05-22
I:5511,C:1417,C:326,hardware,334.96,2026-04-04
I:5512,C:711,C:812,logistics,497.54,2026-06-21
I:5513,C:2757,C:3643,marketing,2624.29,2026-05-08
I:5514,C:2161,C:1041,consulting,5493.78,2026-05-07
I:5515,C:74,C:3460,construction,356.66,2026-03-04
I:5516,C:4144,C:3754,software,1349.07,2026-05-16
I:5517,C:1921,C:4494,construction,88.55,2026-04-09
I:5518,C:2235,C:4515,hardware,592.55,2026-01-05
I:5519,C:706,C:4070,software,3033.9,2026-02-12
I:5520,C:3664,C:3988,construction,605.19,2026-01-27
I:5521,C:1006,C:2041,software,1354.44,2026-03-05
I:5522,C:2771,C:19,marketing,3701.07,2026-03-22
I:5523,C:4065,C:3675,catering,3422.18,2026-02-24
I:5524,C:536,C:2643,consulting,915.33,2026-04-03
I:5525,C:2970,C:326,catering,2896.52,2026-01-29
I:5526,C:791,C:4949,software,7154.54,2026-02-28
I:5527,C:1624,C:1661,software,465.51,2026-06-02
I:5528,C:1651,C:1602,marketing,2482.07,2026-06-14
I:5529,C:2811,C:4654,software,1837.9,2026-01-04
I:5530,C:1836,C:1016,marketing,5829.84,2026-06-14
I:5531,C:3508,C:1767,logistics,1842.45,2026-02-25
I:5532,C:2533,C:543,logistics,2053.98,2026-04-12
I:5533,C:453,C:778,hardware,148.68,2026-04-26
I:5534,C:3507,C:3591,marketing,344.0,2026-05-20
I:5535,C:2886,C:686,marketing,346.02,2026-05-22
I:5536,C:824,C:4091,software,2620.98,2026-03-17
I:5537,C:1337,C:2444,software,634.7,2026-06-22
I:5538,C:4743,C:4465,software,2116.99,2026-04-22
I:5539,C:2683,C:887,construction,4093.13,2026-02-20
I:5540,C:1802,C:126,hardware,227.68,2026-06-15
I:5541,C:4854,C:4639,consulting,12392.14,2026-04-17
I:5542,C:2916,C:2224,software,2798.31,2026-04-03
I:5543,C:1655,C:2810,consulting,1415.82,2026-02-21
I:5544,C:1808,C:1989,consulting,5260.55,2026-06-11
I:5545,C:4749,C:2757,marketing,287.74,2026-01-19
I:5546,C:1474,C:3880,consulting,337.6,2026-02-24
I:5547,C:4416,C:1979,logistics,1285.0,2026-03-31
I:5548,C:2165,C:1356,marketing,2888.12,2026-02-19
I:5549,C:646,C:4371,logistics,310.11,2026-03-07
I:5550,C:4588,C:3975,consulting,726.42,2026-04-18
I:5551,C:2527,C:1667,construction,1125.75,2026-06-12
I:5552,C:1165,C:4688,marketing,822.02,2026-02-24
I:5553,C:1029,C:448,hardware,246.33,2026-05-08
I:5554,C:3156,C:853,construction,289.77,2026-03-15
I:5555,C:1344,C:1795,hardware,2280.69,2026-03-16
I:5556,C:3340,C:34,catering,869.46,2026-04-18
I:5557,C:4130,C:265,construction,11281.28,2026-04-29
I:5558,C:4418,C:4813,software,1971.19,2026-03-09
I:5559,C:4261,C:4616,consulting,238.91,2026-03-21
I:5560,C:4998,C:806,marketing,735.11,2026-04-23
I:5561,C:4052,C:914,hardware,1429.71,2026-04-25
I:5562,C:1381,C:1669,marketing,2051.47,2026-04-13
I:5563,C:3202,C:171,catering,1641.61,2026-06-08
I:5564,C:2013,C:828,hardware,1425.64,2026-01-05
I:5565,C:3319,C:4189,construction,861.76,2026-01-07
I:5566,C:3737,C:1641,software,1067.03,2026-04-24
I:5567,C:2020,C:4252,consulting,10019.1,2026-05-26
I:5568,C:1782,C:683,consulting,174.49,2026-06-28
I:5569,C:2496,C:416,software,789.08,2026-02-19
I:5570,C:1527,C:4261,hardware,16701.92,2026-04-16
I:5571,C:2855,C:1843,marketing,937.96,2026-06-10
I:5572,C:4650,C:4344,marketing,573.66,2026-04-09
I:5573,C:484,C:3123,software,774.36,2026-02-05
I:5574,C:1115,C:564,marketing,2643.17,2026-05-24
I:5575,C:2379,C:2974,catering,10439.59,2026-03-04
I:5576,C:2078,C:3444,software,3761.45,2026-05-04
I:5577,C:2242,C:4060,consulting,494.59,2026-06-15
I:5578,C:871,C:UNREG38,software,4573.03,2026-06-23
I:5579,C:1075,C:4874,consulting,186.64,2026-04-22
I:5580,C:UNREG3,C:3050,marketing,999.51,2026-05-23
I:5581,C:1721,C:180,hardware,2889.5,2026-01-22
I:5582,C:2899,C:2172,consulting,4502.4,2026-01-24
I:5583,C:4202,C:4155,logistics,7487.46,2026-03-22
I:5584,C:4015,C:2425,hardware,336.33,2026-06-14
I:5585,C:2764,C:4112,hardware,219.23,2026-02-28
I:5586,C:3045,C:3375,marketing,627.63,2026-03-13
I:5587,C:2699,C:350,software,479.37,2026-03-25
I:5588,C:999,C:2123,hardware,1128.01,2026-06-03
I:5589,C:2121,C:3622,hardware,1601.41,2026-01-01
I:5590,C:1638,C:3405,catering,1618.33,2026-02-11
I:5591,C:2720,C:4010,catering,686.3,2026-06-19
I:5592,C:1632,C:46,consulting,698.51,2026-03-18
I:5593,C:977,C:698,consulting,656.17,2026-06-25
I:5594,C:4749,C:748,consulting,187.54,2026-01-08
I:5595,C:639,C:3225,catering,201.76,2026-03-11
I:5596,C:2717,C:3189,marketing,517.86,2026-04-03
I:5597,C:2446,C:4692,hardware,2437.66,2026-04-09
I:5598,C:3558,C:3075,hardware,323.4,2026-01-16
I:5599,C:620,C:2864,catering,500.82,2026-06-28
I:5600,C:131,C:1502,construction,1628.59,2026-06-19
I:5601,C:4429,C:2588,construction,2479.57,2026-03-22
I:5602,C:238,C:2537,catering,535.74,2026-03-04
I:5603,C:983,C:53,consulting,778.72,2026-04-15
I:5604,C:795,C:2141,hardware,7042.6,2026-05-02
I:5605,C:3600,C:2223,software,536.3,2026-02-18
I:5606,C:2605,C:610,marketing,2805.3,2026-03-13
I:5607,C:4037,C:1953,software,1784.65,2026-04-20
I:5608,C:UNREG31,C:2549,marketing,438.98,2026-05-11
I:5609,C:2283,C:1707,construction,315.63,2026-06-06
I:5610,C:2440,C:1395,marketing,1050.45,2026-05-27
I:5611,C:1353,C:125,logistics,7699.06,2026-02-06
I:5612,C:3416,C:3990,consulting,444.65,2026-01-25
I:5613,C:1156,C:3569,catering,696.19,2026-03-17
I:5614,C:3135,C:295,hardware,5606.73,2026-05-24
I:5615,C:954,C:2970,software,2654.57,2026-04-02
I:5616,C:939,C:4967,logistics,1530.22,2026-03-30
I:5617,C:233,C:920,construction,467.05,2026-05-22
I:5618,C:3649,C:558,catering,2950.71,2026-06-08
I:5619,C:2141,C:4492,construction,599.82,2026-03-18
I:5620,C:214,C:4422,software,220.89,2026-01-15
I:5621,C:1364,C:95,marketing,476.14,2026-06-12
I:5622,C:915,C:1467,construction,1148.21,2026-03-26
I:5623,C:1567,C:3545,marketing,414.62,2026-05-20
I:5624,C:1559,C:4935,logistics,1245.95,2026-01-25
I:5625,C:1319,C:3209,logistics,17771.01,2026-06-09
I:5626,C:423,C:3142,hardware,569.32,2026-01-10
I:5627,C:884,C:1437,catering,294.76,2026-02-14
I:5628,C:1236,C:3743,marketing,1381.3,2026-05-10
I:5629,C:3947,C:1161,software,2578.54,2026-02-09
I:5630,C:2887,C:44,construction,1476.44,2026-06-06
I:5631,C:4084,C:932,software,792.69,2026-03-17
I:5632,C:2787,C:1679,consulting,781.84,2026-02-04
I:5633,C:2818,C:1623,hardware,625.62,2026-02-24
I:5634,C:4939,C:2738,logistics,3915.62,2026-04-13
I:5635,C:4027,C:1684,software,1167.0,2026-06-03
I:5636,C:4016,C:1089,catering,1159.89,2026-03-26
I:5637,C:971,C:3160,catering,662.1,2026-05-26
I:5638,C:3703,C:4641,consulting,1384.58,2026-05-19
I:5639,C:4481,C:2117,logistics,550.35,2026-04-02
I:5640,C:4932,C:3589,consulting,903.94,2026-03-20
I:5641,C:1873,C:3889,consulting,10244.91,2026-04-26
I:5642,C:1725,C:2701,consulting,2237.92,2026-05-05
I:5643,C:2987,C:2722,construction,758.02,2026-06-01
I:5644,C:475,C:551,software,229.27,2026-02-11
I:5645,C:3493,C:4083,consulting,1917.94,2026-03-11
I:5646,C:4409,C:3076,logistics,1730.56,2026-03-12
I:5647,C:597,C:2595,logistics,1177.31,2026-01-27
I:5648,C:2774,C:3913,logistics,623.28,2026-04-14
I:5649,C:3604,C:4032,catering,1759.01,2026-05-27
I:5650,C:439,C:620,consulting,5664.31,2026-03-18
I:5651,C:4941,C:4853,software,329.44,2026-03-03
I:5652,C:4796,C:140,hardware,5485.87,2026-03-23
I:5653,C:2453,C:3752,software,275.38,2026-03-13
I:5654,C:1919,C:3612,logistics,13680.56,2026-04-14
I:5655,C:2212,C:3945,construction,1270.28,2026-01-12
I:5656,C:4090,C:436,catering,2169.01,2026-03-19
I:5657,C:2558,C:4318,construction,634.4,2026-05-19
I:5658,C:2927,C:3186,hardware,830.92,2026-06-05
I:5659,C:4470,C:3811,construction,1637.18,2026-05-16
I:5660,C:418,C:1206,construction,239.98,2026-02-23
I:5661,C:316,C:2892,software,266.65,2026-05-08
I:5662,C:2645,C:208,logistics,843.99,2026-06-18
I:5663,C:171,C:1030,catering,586.08,2026-01-15
I:5664,C:2833,C:3908,marketing,490.11,2026-06-15
I:5665,C:3736,C:2446,catering,665.79,2026-01-07
I:5666,C:1984,C:1932,hardware,1792.32,2026-01-06
I:5667,C:4757,C:769,marketing,141.32,2026-06-20
I:5668,C:4291,C:4319,marketing,703.72,2026-04-05
I:5669,C:1413,C:4664,marketing,5806.78,2026-03-05
I:5670,C:UNREG71,C:4024,catering,9408.28,2026-01-01
I:5671,C:4929,C:4038,construction,842.27,2026-03-17
I:5672,C:3898,C:3178,consulting,1903.28,2026-04-30
I:5673,C:2652,C:4890,catering,2685.69,2026-02-27
I:5674,C:1541,C:643,marketing,1109.26,2026-02-11
I:5675,C:3829,C:164,marketing,10338.34,2026-04-13
I:5676,C:3897,C:651,consulting,629.31,2026-05-02
I:5677,C:1746,C:14,hardware,1013.21,2026-03-24
I:5678,C:2380,C:2571,software,694.5,2026-02-11
I:5679,C:1245,C:1730,consulting,1807.98,2026-03-02
I:5680,C:2477,C:938,consulting,7868.84,2026-03-31
I:5681,C:1340,C:1946,software,994.3,2026-06-19
I:5682,C:1458,C:267,consulting,2936.44,2026-06-02
I:5683,C:2164,C:4837,logistics,238.24,2026-05-03
I:5684,C:1401,C:3978,logistics,711.19,2026-05-02
I:5685,C:3581,C:500,consulting,4846.85,2026-03-21
I:5686,C:3834,C:164,catering,410.79,2026-03-15
I:5687,C:1914,C:4970,software,2834.68,2026-01-05
I:5688,C:463,C:4175,construction,1912.73,2026-04-05
I:5689,C:3889,C:841,marketing,14916.63,2026-04-03
I:5690,C:2140,C:1150,hardware,1807.06,2026-01-26
I:5691,C:3782,C:1047,catering,97.21,2026-01-12
I:5692,C:4314,C:2151,hardware,1137.26,2026-03-23
I:5693,C:4439,C:2067,construction,642.96,2026-06-01
I:5694,C:1766,C:1887,marketing,2870.24,2026-01-31
I:5695,C:2055,C:1612,marketing,304.61,2026-05-31
I:5696,C:4798,C:3481,construction,1117.25,2026-01-17
I:5697,C:2669,C:631,consulting,324.21,2026-03-16
I:5698,C:887,C:2994,hardware,427.47,2026-01-07
I:5699,C:4708,C:3429,marketing,2289.81,2026-05-27
I:5700,C:1224,C:749,logistics,6374.64,2026-04-14
I:5701,C:2312,C:1258,construction,419.15,2026-02-06
I:5702,C:4925,C:3251,hardware,195.92,2026-04-22
I:5703,C:2171,C:4804,logistics,1206.98,2026-06-11
I:5704,C:2027,C:4344,consulting,1668.94,2026-05-08
I:5705,C:1719,C:1468,hardware,557.58,2026-01-09
I:5706,C:1220,C:3112,hardware,3923.23,2026-03-20
I:5707,C:617,C:744,hardware,1458.7,2026-04-14
I:5708,C:2017,C:253,software,124.13,2026-05-23
I:5709,C:2852,C:3326,software,639.76,2026-03-25
I:5710,C:79,C:1955,construction,2116.03,2026-06-25
I:5711,C:4654,C:2026,catering,556.58,2026-01-21
I:5712,C:448,C:575,construction,37236.31,2026-01-06
I:5713,C:3014,C:1880,consulting,826.78,2026-05-22
I:5714,C:4681,C:3620,software,937.56,2026-01-10
I:5715,C:2108,C:4020,consulting,221.28,2026-01-16
I:5716,C:3614,C:3409,software,1723.15,2026-03-28
I:5717,C:4331,C:1236,construction,272.13,2026-03-12
I:5718,C:3902,C:516,construction,4380.64,2026-01-28
I:5719,C:2085,C:614,consulting,2323.37,2026-05-09
I:5720,C:4887,C:4763,marketing,1798.95,2026-05-26
I:5721,C:2354,C:1181,consulting,714.45,2026-05-16
I:5722,C:1267,C:1270,logistics,1000.91,2026-05-11
I:5723,C:2714,C:3561,construction,1541.73,2026-02-20
I:5724,C:2478,C:3977,hardware,1550.05,2026-02-03
I:5725,C:1819,C:4983,hardware,995.04,2026-04-30
I:5726,C:4094,C:74,construction,1965.8,2026-01-19
I:5727,C:2632,C:199,logistics,2736.9,2026-06-14
I:5728,C:1525,C:3868,catering,577.92,2026-04-27
I:5729,C:4348,C:303,construction,544.79,2026-03-22
I:5730,C:3219,C:4156,construction,2895.65,2026-03-04
I:5731,C:4743,C:3375,consulting,834.36,2026-01-01
I:5732,C:737,C:4898,consulting,674.79,2026-03-28
I:5733,C:1600,C:3333,consulting,7650.31,2026-01-31
I:5734,C:UNREG5,C:1791,construction,189.24,2026-02-17
I:5735,C:4461,C:80,logistics,5357.19,2026-06-18
I:5736,C:2280,C:3207,marketing,868.7,2026-04-07
I:5737,C:4199,C:4253,software,323.36,2026-03-19
I:5738,C:UNREG17,C:2952,marketing,487.02,2026-05-16
I:5739,C:3707,C:1603,hardware,278.86,2026-04-14
I:5740,C:4652,C:1660,software,2509.07,2026-02-08
I:5741,C:3712,C:4654,catering,3431.56,2026-03-13
I:5742,C:97,C:2949,construction,1645.16,2026-01-22
I:5743,C:2171,C:2903,hardware,5954.59,2026-02-16
I:5744,C:863,C:870,catering,1015.9,2026-05-08
I:5745,C:2146,C:2044,construction,565.28,2026-03-05
I:5746,C:2722,C:1622,logistics,1246.91,2026-05-23
I:5747,C:4958,C:3099,logistics,1904.48,2026-02-26
I:5748,C:1895,C:4852,catering,1047.93,2026-02-26
I:5749,C:1217,C:4960,hardware,1414.07,2026-04-19
I:5750,C:2644,C:3151,hardware,670.11,2026-06-08
I:5751,C:1388,C:962,construction,279.2,2026-05-24
I:5752,C:723,C:2990,catering,5449.96,2026-06-08
I:5753,C:4633,C:2964,consulting,1562.28,2026-01-22
I:5754,C:2293,C:1964,software,304.85,2026-04-07
I:5755,C:2993,C:2422,hardware,1229.25,2026-01-03
I:5756,C:3047,C:510,hardware,427.42,2026-01-28
I:5757,C:4466,C:1568,hardware,4452.22,2026-02-16
I:5758,C:992,C:4565,software,909.09,2026-04-09
I:5759,C:1273,C:2974,hardware,115.18,2026-05-23
I:5760,C:2559,C:2228,consulting,3507.0,2026-05-14
I:5761,C:2631,C:3586,catering,2995.71,2026-04-08
I:5762,C:4082,C:3357,construction,1456.18,2026-03-28
I:5763,C:4259,C:1213,software,1287.18,2026-02-23
I:5764,C:3669,C:2192,consulting,4437.87,2026-05-18
I:5765,C:2280,C:1965,logistics,4324.68,2026-01-30
I:5766,C:2608,C:4689,software,132.31,2026-02-06
I:5767,C:1940,C:1058,construction,1296.04,2026-03-02
I:5768,C:562,C:2683,software,1162.55,2026-04-30
I:5769,C:2050,C:3429,marketing,334.3,2026-06-07
I:5770,C:2378,C:1224,logistics,438.26,2026-02-11
I:5771,C:2147,C:2328,hardware,1756.58,2026-02-04
I:5772,C:2785,C:1163,logistics,1076.14,2026-01-31
I:5773,C:601,C:620,software,1397.82,2026-06-15
I:5774,C:1467,C:2388,marketing,17462.77,2026-05-12
I:5775,C:1996,C:2109,logistics,145.71,2026-06-05
I:5776,C:3476,C:4122,logistics,3945.42,2026-04-24
I:5777,C:2353,C:4832,marketing,3164.67,2026-05-01
I:5778,C:1963,C:1541,marketing,531.47,2026-03-28
I:5779,C:1568,C:1898,construction,3583.39,2026-06-14
I:5780,C:3653,C:1054,catering,8262.9,2026-03-24
I:5781,C:1270,C:2951,catering,845.35,2026-03-23
I:5782,C:72,C:3637,hardware,1130.82,2026-04-19
I:5783,C:958,C:2194,construction,20748.07,2026-01-05
I:5784,C:925,C:1437,software,521.81,2026-01-04
I:5785,C:1247,C:4579,consulting,613.73,2026-01-12
I:5786,C:3775,C:28,catering,807.38,2026-04-25
I:5787,C:1561,C:3981,marketing,34591.77,2026-03-10
I:5788,C:2878,C:832,construction,504.05,2026-04-08
I:5789,C:716,C:1824,software,431.24,2026-03-07
I:5790,C:2033,C:1042,hardware,158.9,2026-03-06
I:5791,C:4591,C:4538,logistics,1157.71,2026-04-19
I:5792,C:2776,C:3963,hardware,2940.28,2026-06-01
I:5793,C:4192,C:3365,construction,6947.04,2026-05-27
I:5794,C:1021,C:4178,marketing,12469.94,2026-06-28
I:5795,C:3731,C:3101,consulting,206.99,2026-04-05
I:5796,C:3254,C:1364,hardware,1670.23,2026-02-26
I:5797,C:2690,C:3221,marketing,241.77,2026-03-17
I:5798,C:1269,C:1131,catering,3754.46,2026-05-30
I:5799,C:2975,C:928,hardware,883.92,2026-02-01
I:5800,C:2408,C:230,consulting,2802.63,2026-02-22
I:5801,C:699,C:2432,logistics,927.85,2026-04-17
I:5802,C:1611,C:3152,catering,1013.15,2026-06-12
I:5803,C:2995,C:967,software,1408.22,2026-06-14
I:5804,C:746,C:862,consulting,1350.19,2026-06-09
I:5805,C:1979,C:4449,marketing,6734.87,2026-04-22
I:5806,C:1441,C:1027,construction,920.68,2026-03-01
I:5807,C:3874,C:2409,consulting,571.75,2026-03-03
I:5808,C:4126,C:246,logistics,408.08,2026-01-09
I:5809,C:2757,C:1138,hardware,1858.93,2026-02-13
I:5810,C:2310,C:3313,consulting,1574.29,2026-03-18
I:5811,C:3749,C:2676,software,806.58,2026-03-12
I:5812,C:3616,C:2659,software,1601.96,2026-06-17
I:5813,C:3638,C:2223,software,473.76,2026-06-16
I:5814,C:2930,C:271,logistics,6481.74,2026-02-26
I:5815,C:636,C:3512,marketing,111.87,2026-05-14
I:5816,C:661,C:1764,consulting,401.69,2026-03-26
I:5817,C:2410,C:1699,construction,5554.07,2026-05-12
I:5818,C:2744,C:992,software,1232.94,2026-06-14
I:5819,C:887,C:2462,consulting,7648.14,2026-06-02
I:5820,C:4209,C:2448,software,1444.54,2026-02-25
I:5821,C:2851,C:2963,software,5320.3,2026-05-27
I:5822,C:1800,C:2946,software,10455.82,2026-04-15
I:5823,C:3718,C:2727,consulting,386.56,2026-05-01
I:5824,C:668,C:2651,hardware,283.39,2026-03-30
I:5825,C:3296,C:378,catering,956.12,2026-01-13
I:5826,C:3360,C:3038,software,4265.54,2026-05-21
I:5827,C:3684,C:858,logistics,736.03,2026-03-17
I:5828,C:123,C:4154,construction,1190.9,2026-05-06
I:5829,C:2516,C:2001,construction,1216.06,2026-04-23
I:5830,C:2873,C:3650,hardware,1092.63,2026-04-18
I:5831,C:2779,C:3499,hardware,1423.54,2026-02-11
I:5832,C:1091,C:1376,consulting,17242.63,2026-06-24
I:5833,C:4575,C:4428,consulting,942.11,2026-06-11
I:5834,C:3093,C:3758,logistics,978.5,2026-05-07
I:5835,C:2938,C:1113,software,2286.01,2026-03-21
I:5836,C:4718,C:2750,software,582.02,2026-03-25
I:5837,C:1988,C:1744,hardware,1425.7,2026-03-01
I:5838,C:3262,C:3429,consulting,1502.97,2026-05-03
I:5839,C:1169,C:2855,catering,2904.65,2026-04-19
I:5840,C:3620,C:2299,hardware,546.05,2026-02-10
I:5841,C:3614,C:2930,hardware,674.79,2026-04-04
I:5842,C:316,C:1696,hardware,1086.37,2026-04-07
I:5843,C:3471,C:844,consulting,5974.01,2026-02-21
I:5844,C:3950,C:4099,hardware,358.92,2026-04-09
I:5845,C:2371,C:1616,construction,773.9,2026-06-20
I:5846,C:UNREG10,C:755,software,2066.07,2026-03-28
I:5847,C:199,C:4425,marketing,1850.56,2026-01-18
I:5848,C:74,C:3021,logistics,423.37,2026-05-08
I:5849,C:466,C:4865,logistics,5024.96,2026-03-04
I:5850,C:2943,C:4811,hardware,677.98,2026-04-09
I:5851,C:2035,C:4683,software,3342.34,2026-03-30
I:5852,C:857,C:1266,construction,1400.8,2026-04-13
I:5853,C:2792,C:663,logistics,277.43,2026-01-10
I:5854,C:3773,C:2347,construction,206.63,2026-06-21
I:5855,C:1079,C:720,construction,2092.02,2026-06-13
I:5856,C:3172,C:642,catering,362.81,2026-06-09
I:5857,C:1673,C:3761,consulting,970.56,2026-06-27
I:5858,C:3670,C:1216,construction,5029.25,2026-05-20
I:5859,C:126,C:226,software,6683.01,2026-03-30
I:5860,C:3879,C:3100,software,551.98,2026-01-22
I:5861,C:2014,C:2238,marketing,451.66,2026-05-03
I:5862,C:4030,C:3484,marketing,621.7,2026-06-05
I:5863,C:1411,C:2636,software,1499.83,2026-06-25
I:5864,C:2482,C:893,consulting,2880.93,2026-03-29
I:5865,C:3244,C:2692,marketing,733.05,2026-06-01
I:5866,C:97,C:352,software,1747.89,2026-05-02
I:5867,C:4365,C:2180,marketing,1309.01,2026-01-10
I:5868,C:3434,C:2434,construction,907.18,2026-05-03
I:5869,C:2117,C:697,catering,2445.5,2026-01-17
I:5870,C:2522,C:1180,marketing,2247.6,2026-06-16
I:5871,C:4059,C:4736,logistics,1210.83,2026-05-10
I:5872,C:358,C:4295,hardware,421.18,2026-01-16
I:5873,C:4272,C:2249,software,2156.75,2026-06-24
I:5874,C:3158,C:4219,construction,79.63,2026-05-10
I:5875,C:1580,C:4474,catering,3022.9,2026-01-28
I:5876,C:3896,C:4391,hardware,1689.44,2026-03-04
I:5877,C:1619,C:4599,logistics,390.78,2026-01-17
I:5878,C:577,C:632,logistics,888.13,2026-01-10
I:5879,C:2959,C:1461,hardware,2498.88,2026-06-24
I:5880,C:4101,C:1794,software,2041.36,2026-03-08
I:5881,C:2808,C:1111,marketing,4254.35,2026-05-27
I:5882,C:490,C:2004,hardware,378.0,2026-02-11
I:5883,C:3475,C:1428,software,3933.35,2026-02-19
I:5884,C:1022,C:2636,logistics,273.72,2026-05-10
I:5885,C:3689,C:536,logistics,39.69,2026-04-24
I:5886,C:3767,C:828,construction,473.46,2026-04-29
I:5887,C:2833,C:3423,consulting,5051.45,2026-05-05
I:5888,C:2295,C:4952,hardware,2100.24,2026-05-26
I:5889,C:2124,C:2640,consulting,1141.93,2026-04-30
I:5890,C:3795,C:1202,software,4087.27,2026-04-27
I:5891,C:470,C:2052,software,1456.22,2026-04-06
I:5892,C:725,C:1481,consulting,2016.05,2026-05-14
I:5893,C:1859,C:2889,logistics,5705.92,2026-03-04
I:5894,C:4756,C:2586,hardware,211.41,2026-03-26
I:5895,C:14,C:3403,catering,11094.79,2026-06-16
I:5896,C:1324,C:4681,catering,2911.66,2026-04-22
I:5897,C:3034,C:314,catering,1692.84,2026-04-01
I:5898,C:1380,C:2945,marketing,471.9,2026-03-25
I:5899,C:3093,C:2351,marketing,902.55,2026-05-28
I:5900,C:3156,C:467,marketing,878.56,2026-02-16
I:5901,C:4346,C:1921,consulting,6690.19,2026-02-20
I:5902,C:3104,C:2702,consulting,1170.11,2026-05-09
I:5903,C:4034,C:4699,marketing,632.53,2026-06-09
I:5904,C:883,C:4417,logistics,145.57,2026-06-27
I:5905,C:1784,C:1494,software,4243.44,2026-04-26
I:5906,C:1395,C:2356,construction,846.73,2026-06-13
I:5907,C:3461,C:3217,logistics,95.83,2026-01-01
I:5908,C:3260,C:3119,software,994.84,2026-05-28
I:5909,C:1249,C:2817,consulting,1418.84,2026-04-07
I:5910,C:3560,C:2028,marketing,539.59,2026-02-24
I:5911,C:3292,C:23,consulting,5982.63,2026-05-01
I:5912,C:845,C:3355,software,6686.47,2026-06-20
I:5913,C:891,C:3253,marketing,477.41,2026-05-14
I:5914,C:1290,C:3132,logistics,472.75,2026-04-17
I:5915,C:3281,C:4961,catering,3526.07,2026-06-06
I:5916,C:3934,C:1651,logistics,3260.59,2026-06-04
I:5917,C:3688,C:3744,logistics,694.19,2026-01-21
I:5918,C:1684,C:4651,catering,292.76,2026-04-15
I:5919,C:2396,C:1823,marketing,431.89,2026-02-25
I:5920,C:982,C:3224,hardware,989.41,2026-05-13
I:5921,C:78,C:904,consulting,2567.07,2026-02-19
I:5922,C:3945,C:2292,marketing,790.88,2026-05-26
I:5923,C:4694,C:4673,construction,3635.21,2026-05-07
I:5924,C:4606,C:591,marketing,150.95,2026-05-09
I:5925,C:686,C:4928,consulting,808.74,2026-05-29
I:5926,C:3294,C:4361,hardware,243.58,2026-06-17
I:5927,C:2015,C:2161,logistics,17301.27,2026-05-07
I:5928,C:3745,C:883,hardware,746.44,2026-05-30
I:5929,C:1669,C:2439,software,1007.69,2026-01-09
I:5930,C:4766,C:2260,consulting,83.35,2026-03-14
I:5931,C:4731,C:314,logistics,3659.46,2026-05-05
I:5932,C:2366,C:286,software,3231.42,2026-06-04
I:5933,C:1150,C:914,construction,1572.38,2026-04-21
I:5934,C:2313,C:1129,logistics,1560.47,2026-06-28
I:5935,C:3428,C:1102,software,3923.74,2026-06-14
I:5936,C:3687,C:2542,hardware,1857.89,2026-06-26
I:5937,C:1627,C:4168,hardware,2958.36,2026-02-28
I:5938,C:4892,C:2726,consulting,876.38,2026-06-26
I:5939,C:2322,C:649,hardware,403.88,2026-02-22
I:5940,C:375,C:2556,catering,1006.5,2026-02-03
I:5941,C:209,C:642,catering,1880.59,2026-05-23
I:5942,C:1195,C:274,logistics,2101.16,2026-03-31
I:5943,C:3967,C:1004,marketing,7211.09,2026-06-06
I:5944,C:1686,C:1201,logistics,1324.65,2026-04-13
I:5945,C:1101,C:1969,consulting,2858.26,2026-06-06
I:5946,C:2532,C:665,catering,459.82,2026-04-07
I:5947,C:4743,C:3779,consulting,205.09,2026-01-26
I:5948,C:1093,C:3500,catering,339.58,2026-05-31
I:5949,C:2832,C:2286,consulting,2985.39,2026-03-06
I:5950,C:617,C:3137,logistics,6630.99,2026-06-14
I:5951,C:1951,C:374,hardware,2179.45,2026-06-22
I:5952,C:1649,C:716,software,1254.81,2026-06-11
I:5953,C:1207,C:2878,logistics,2386.41,2026-03-11
I:5954,C:4466,C:1487,catering,1107.94,2026-04-12
I:5955,C:337,C:1847,marketing,1519.61,2026-02-12
I:5956,C:2168,C:578,hardware,319.73,2026-03-08
I:5957,C:1871,C:734,hardware,1044.7,2026-03-08
I:5958,C:3451,C:386,consulting,782.45,2026-03-29
I:5959,C:4226,C:1173,software,1176.72,2026-01-04
I:5960,C:1263,C:4967,consulting,711.07,2026-01-02
I:5961,C:3677,C:2835,marketing,9042.85,2026-01-19
I:5962,C:2049,C:3209,hardware,846.4,2026-05-12
I:5963,C:272,C:4903,consulting,3611.83,2026-02-08
I:5964,C:3579,C:4711,construction,843.45,2026-01-17
I:5965,C:3092,C:847,construction,1803.18,2026-05-26
I:5966,C:743,C:2189,logistics,3074.15,2026-02-21
I:5967,C:2328,C:389,catering,707.43,2026-01-25
I:5968,C:3397,C:4267,logistics,616.35,2026-04-02
I:5969,C:3652,C:677,hardware,3772.59,2026-03-18
I:5970,C:1264,C:3640,consulting,519.53,2026-03-12
I:5971,C:1881,C:1835,marketing,1111.51,2026-06-23
I:5972,C:2313,C:63,construction,92.56,2026-02-13
I:5973,C:4061,C:3657,hardware,5018.24,2026-06-20
I:5974,C:3574,C:3459,software,1407.59,2026-02-19
I:5975,C:1215,C:109,construction,927.44,2026-04-19
I:5976,C:2223,C:2830,consulting,402.2,2026-01-08
I:5977,C:4932,C:2365,construction,1007.21,2026-04-23
I:5978,C:919,C:3017,construction,1879.58,2026-04-09
I:5979,C:1907,C:2067,hardware,1149.02,2026-01-26
I:5980,C:4442,C:3257,software,824.97,2026-02-15
I:5981,C:3615,C:1952,marketing,671.77,2026-04-14
I:5982,C:1344,C:1836,software,5440.28,2026-03-30
I:5983,C:1065,C:3224,construction,9859.93,2026-04-04
I:5984,C:3763,C:4037,software,2369.37,2026-06-26
I:5985,C:2024,C:3525,hardware,7688.87,2026-04-24
I:5986,C:948,C:4149,marketing,4097.82,2026-01-20
I:5987,C:2665,C:2806,logistics,132.27,2026-02-22
I:5988,C:643,C:3405,software,738.06,2026-04-23
I:5989,C:1952,C:3294,construction,77.76,2026-05-22
I:5990,C:4792,C:4982,construction,1893.95,2026-02-17
I:5991,C:629,C:4000,logistics,251.35,2026-05-02
I:5992,C:1081,C:4301,catering,669.25,2026-02-03
I:5993,C:2041,C:586,hardware,451.68,2026-04-10
I:5994,C:1825,C:2537,logistics,494.07,2026-02-17
I:5995,C:3482,C:2483,software,234.06,2026-05-02
I:5996,C:939,C:4804,software,1139.29,2026-01-22
I:5997,C:1952,C:2609,catering,313.49,2026-01-30
I:5998,C:1509,C:3982,logistics,273.48,2026-05-11
I:5999,C:4850,C:1131,catering,1347.84,2026-01-10
I:6000,C:4606,C:218,consulting,929.1,2026-03-19
I:6001,C:100,C:3717,logistics,16733.62,2026-04-30
I:6002,C:2347,C:4779,software,1059.78,2026-04-03
I:6003,C:3855,C:4540,marketing,478.85,2026-01-15
I:6004,C:2807,C:3499,consulting,1204.57,2026-06-20
I:6005,C:947,C:3100,catering,102.37,2026-04-03
I:6006,C:488,C:725,construction,279.85,2026-01-28
I:6007,C:1422,C:1414,marketing,673.82,2026-04-26
I:6008,C:3717,C:4489,marketing,750.08,2026-01-20
I:6009,C:3717,C:849,logistics,3869.49,2026-01-14
I:6010,C:2977,C:610,hardware,226.28,2026-02-26
I:6011,C:2758,C:2253,construction,600.71,2026-06-11
I:6012,C:79,C:42,hardware,159.84,2026-02-22
I:6013,C:1559,C:1337,consulting,628.51,2026-03-27
I:6014,C:656,C:2972,logistics,1990.36,2026-03-02
I:6015,C:3667,C:148,logistics,1406.06,2026-02-02
I:6016,C:2836,C:2461,catering,509.05,2026-06-20
I:6017,C:4300,C:763,logistics,846.96,2026-02-12
I:6018,C:UNREG0,C:1334,marketing,1508.66,2026-02-15
I:6019,C:2962,C:4634,hardware,14985.82,2026-05-12
I:6020,C:1256,C:4576,logistics,1299.44,2026-04-01
I:6021,C:4646,C:1101,hardware,1646.65,2026-02-17
I:6022,C:1609,C:1944,hardware,903.68,2026-05-19
I:6023,C:107,C:2071,marketing,515.35,2026-03-01
I:6024,C:4632,C:2640,software,348.42,2026-02-22
I:6025,C:4432,C:4854,hardware,18188.34,2026-05-19
I:6026,C:3580,C:615,consulting,1531.65,2026-06-06
I:6027,C:1497,C:2188,software,1030.36,2026-02-19
I:6028,C:1096,C:2028,hardware,200.74,2026-03-13
I:6029,C:1247,C:3374,consulting,5130.27,2026-06-12
I:6030,C:3411,C:4246,marketing,208.44,2026-01-20
I:6031,C:1475,C:902,consulting,2758.02,2026-01-24
I:6032,C:1356,C:3492,hardware,13001.45,2026-02-10
I:6033,C:350,C:237,marketing,7235.5,2026-06-27
I:6034,C:3401,C:1843,software,504.5,2026-05-30
I:6035,C:4645,C:2262,consulting,2618.59,2026-03-28
I:6036,C:4238,C:3780,consulting,2136.03,2026-01-09
I:6037,C:3011,C:3346,construction,538.24,2026-03-14
I:6038,C:2645,C:2196,construction,479.93,2026-01-02
I:6039,C:274,C:4655,marketing,1451.35,2026-03-08
I:6040,C:4060,C:3281,logistics,88.14,2026-03-15
I:6041,C:896,C:2308,logistics,940.6,2026-03-07
I:6042,C:1581,C:1962,construction,667.79,2026-05-18
I:6043,C:3612,C:1248,marketing,1332.84,2026-06-23
I:6044,C:3836,C:3992,software,478.28,2026-06-21
I:6045,C:3580,C:2477,consulting,1527.8,2026-03-09
I:6046,C:1559,C:3244,construction,1738.86,2026-05-02
I:6047,C:117,C:2518,marketing,278.54,2026-02-11
I:6048,C:908,C:48,hardware,2378.79,2026-05-19
I:6049,C:2802,C:1071,logistics,934.6,2026-05-30
I:6050,C:4390,C:3796,construction,666.45,2026-02-22
I:6051,C:853,C:1555,software,241.62,2026-03-01
I:6052,C:3831,C:443,logistics,575.28,2026-03-15
I:6053,C:965,C:636,hardware,101.76,2026-03-24
I:6054,C:3012,C:1260,marketing,366.94,2026-03-12
I:6055,C:1981,C:532,catering,899.29,2026-02-14
I:6056,C:2519,C:3131,construction,541.03,2026-06-09
I:6057,C:4612,C:2482,software,251.1,2026-05-13
I:6058,C:3882,C:28,marketing,4396.0,2026-05-11
I:6059,C:3186,C:1570,marketing,441.89,2026-02-06
I:6060,C:851,C:4889,hardware,764.77,2026-04-13
I:6061,C:2283,C:3628,catering,108.17,2026-01-13
I:6062,C:2401,C:2640,marketing,143.15,2026-04-21
I:6063,C:2892,C:2257,hardware,553.49,2026-02-16
I:6064,C:701,C:2483,logistics,1447.9,2026-01-17
I:6065,C:3604,C:4943,construction,452.54,2026-01-15
I:6066,C:4826,C:1093,catering,1584.28,2026-02-19
I:6067,C:4612,C:2892,marketing,3411.61,2026-05-25
I:6068,C:208,C:2656,consulting,1815.79,2026-02-02
I:6069,C:1950,C:537,marketing,390.02,2026-03-31
I:6070,C:1721,C:3167,logistics,4139.83,2026-04-23
I:6071,C:4883,C:2530,software,2247.08,2026-03-03
I:6072,C:880,C:2370,logistics,6908.74,2026-05-30
I:6073,C:2495,C:3301,marketing,681.03,2026-01-05
I:6074,C:961,C:1332,marketing,643.57,2026-06-04
I:6075,C:470,C:4623,catering,1058.04,2026-03-31
I:6076,C:886,C:1883,marketing,1469.61,2026-01-24
I:6077,C:720,C:1897,consulting,4336.81,2026-03-14
I:6078,C:3430,C:2598,marketing,419.1,2026-04-01
I:6079,C:2821,C:4052,consulting,338.25,2026-04-11
I:6080,C:1352,C:1921,catering,780.68,2026-06-28
I:6081,C:1859,C:4252,consulting,6040.81,2026-01-24
I:6082,C:3553,C:746,logistics,2795.66,2026-03-24
I:6083,C:3820,C:3408,consulting,5484.69,2026-04-18
I:6084,C:4545,C:4676,marketing,2166.53,2026-06-11
I:6085,C:948,C:2211,logistics,6137.67,2026-04-17
I:6086,C:4629,C:705,consulting,1023.02,2026-04-24
I:6087,C:4699,C:4669,software,1189.81,2026-01-08
I:6088,C:4126,C:641,marketing,301.78,2026-05-21
I:6089,C:501,C:212,marketing,1176.99,2026-04-28
I:6090,C:4758,C:897,consulting,1604.26,2026-04-09
I:6091,C:4199,C:2002,hardware,133.07,2026-02-14
I:6092,C:4490,C:3126,logistics,661.8,2026-05-24
I:6093,C:3047,C:1445,construction,5713.65,2026-06-04
I:6094,C:1328,C:3397,consulting,2649.57,2026-05-08
I:6095,C:51,C:1236,logistics,10920.8,2026-02-22
I:6096,C:239,C:1909,software,3314.64,2026-04-02
I:6097,C:4169,C:4448,logistics,4594.86,2026-02-06
I:6098,C:1825,C:4332,hardware,607.27,2026-01-31
I:6099,C:2996,C:4868,construction,2306.95,2026-06-14
I:6100,C:133,C:3417,hardware,1976.93,2026-06-09
I:6101,C:4351,C:1406,hardware,286.49,2026-06-20
I:6102,C:2695,C:3948,logistics,7510.44,2026-04-09
I:6103,C:1538,C:122,catering,3191.13,2026-03-02
I:6104,C:2376,C:4786,software,798.92,2026-04-30
I:6105,C:1003,C:2787,logistics,617.06,2026-04-03
I:6106,C:164,C:1198,consulting,2364.49,2026-03-08
I:6107,C:4362,C:1835,logistics,2161.53,2026-04-02
I:6108,C:4797,C:2708,software,1068.42,2026-03-02
I:6109,C:3355,C:2867,logistics,1573.62,2026-03-12
I:6110,C:943,C:4765,construction,1076.32,2026-04-21
I:6111,C:4390,C:46,marketing,1105.09,2026-05-14
I:6112,C:447,C:292,consulting,959.17,2026-06-27
I:6113,C:4798,C:2631,catering,614.38,2026-01-03
I:6114,C:3001,C:2195,software,1878.96,2026-06-24
I:6115,C:4126,C:3227,marketing,59.41,2026-01-22
I:6116,C:1196,C:33,catering,311.24,2026-05-26
I:6117,C:1626,C:862,hardware,449.69,2026-04-19
I:6118,C:1537,C:3501,consulting,530.38,2026-02-16
I:6119,C:2689,C:1812,software,1639.85,2026-02-15
I:6120,C:56,C:2789,hardware,1532.78,2026-03-13
I:6121,C:3903,C:1308,construction,65.47,2026-06-07
I:6122,C:4732,C:3357,construction,242.58,2026-05-06
I:6123,C:575,C:4452,consulting,2842.54,2026-03-06
I:6124,C:1638,C:3518,consulting,1062.44,2026-03-20
I:6125,C:364,C:4394,hardware,379.87,2026-06-25
I:6126,C:1191,C:1365,consulting,2325.31,2026-03-06
I:6127,C:638,C:4694,marketing,3197.8,2026-05-08
I:6128,C:2924,C:298,hardware,3159.91,2026-06-23
I:6129,C:1794,C:1865,construction,2720.7,2026-05-16
I:6130,C:3004,C:3658,software,112.28,2026-04-21
I:6131,C:533,C:512,consulting,22.37,2026-04-09
I:6132,C:1804,C:1781,software,1881.97,2026-06-13
I:6133,C:1212,C:932,software,80.19,2026-05-04
I:6134,C:3244,C:3148,logistics,914.05,2026-06-07
I:6135,C:3879,C:2355,catering,436.58,2026-06-26
I:6136,C:829,C:3561,construction,396.77,2026-02-19
I:6137,C:4490,C:51,construction,642.68,2026-06-23
I:6138,C:3801,C:593,marketing,198.45,2026-05-15
I:6139,C:1822,C:2448,logistics,213.33,2026-05-07
I:6140,C:4783,C:4361,hardware,267.56,2026-02-07
I:6141,C:2666,C:3508,construction,1942.8,2026-05-24
I:6142,C:2694,C:4434,catering,257.99,2026-03-04
I:6143,C:1627,C:2882,catering,4194.08,2026-04-14
I:6144,C:2782,C:4654,construction,991.51,2026-01-28
I:6145,C:4323,C:1788,consulting,1658.61,2026-01-29
I:6146,C:1687,C:1536,logistics,2351.01,2026-05-15
I:6147,C:285,C:3889,construction,308.92,2026-06-07
I:6148,C:829,C:4804,hardware,3334.56,2026-03-01
I:6149,C:4503,C:2341,construction,1967.67,2026-05-29
I:6150,C:2797,C:734,logistics,5464.64,2026-01-28
I:6151,C:2966,C:2697,marketing,252.43,2026-06-03
I:6152,C:1741,C:1015,hardware,732.51,2026-01-20
I:6153,C:4251,C:1849,marketing,5451.95,2026-03-20
I:6154,C:3099,C:3870,consulting,760.86,2026-04-10
I:6155,C:4078,C:163,software,1111.36,2026-05-18
I:6156,C:3786,C:3673,hardware,473.39,2026-03-09
I:6157,C:4376,C:4009,hardware,1047.44,2026-03-10
I:6158,C:3769,C:2504,catering,566.44,2026-03-21
I:6159,C:400,C:4726,catering,2570.15,2026-05-15
I:6160,C:3205,C:1004,hardware,195.06,2026-06-11
I:6161,C:2174,C:2651,consulting,2194.05,2026-05-04
I:6162,C:209,C:3484,consulting,4311.38,2026-06-24
I:6163,C:4127,C:16,consulting,1912.03,2026-03-09
I:6164,C:2498,C:879,software,1794.02,2026-05-28
I:6165,C:3738,C:1305,hardware,3080.13,2026-02-11
I:6166,C:1626,C:3244,catering,3238.8,2026-04-17
I:6167,C:3733,C:3705,catering,140.45,2026-02-25
I:6168,C:2513,C:3409,software,112.2,2026-01-26
I:6169,C:1917,C:3577,construction,1377.73,2026-02-05
I:6170,C:3729,C:410,construction,5925.92,2026-04-19
I:6171,C:1142,C:469,construction,517.43,2026-02-04
I:6172,C:2489,C:1272,software,1741.92,2026-01-18
I:6173,C:4519,C:3670,consulting,389.42,2026-01-26
I:6174,C:4311,C:979,hardware,1094.72,2026-05-28
I:6175,C:2115,C:1758,marketing,506.76,2026-01-18
I:6176,C:1208,C:3530,software,1275.17,2026-05-16
I:6177,C:4695,C:1215,catering,417.01,2026-03-20
I:6178,C:1933,C:1802,hardware,3912.43,2026-05-07
I:6179,C:23,C:1843,software,674.91,2026-05-24
I:6180,C:2164,C:1370,construction,65.86,2026-06-17
I:6181,C:2747,C:752,logistics,1060.53,2026-02-18
I:6182,C:2367,C:4570,software,4106.55,2026-06-23
I:6183,C:4803,C:1207,consulting,3170.62,2026-01-21
I:6184,C:873,C:4327,marketing,413.63,2026-05-01
I:6185,C:628,C:1597,hardware,769.57,2026-02-04
I:6186,C:4710,C:1939,hardware,259.83,2026-01-03
I:6187,C:3213,C:2483,consulting,153.4,2026-06-26
I:6188,C:4626,C:4375,logistics,8706.61,2026-02-24
I:6189,C:2288,C:149,consulting,99.01,2026-05-11
I:6190,C:265,C:666,marketing,530.94,2026-06-20
I:6191,C:1092,C:1602,catering,660.21,2026-02-21
I:6192,C:246,C:877,consulting,562.85,2026-01-22
I:6193,C:1782,C:2326,software,397.79,2026-04-27
I:6194,C:667,C:3429,catering,1491.79,2026-04-20
I:6195,C:2578,C:104,consulting,10896.0,2026-05-13
I:6196,C:819,C:4237,catering,1905.05,2026-06-03
I:6197,C:2125,C:2771,logistics,4612.27,2026-04-04
I:6198,C:1199,C:1,marketing,9060.56,2026-01-30
I:6199,C:747,C:1860,catering,834.18,2026-03-31
I:6200,C:192,C:3496,consulting,516.29,2026-03-26
I:6201,C:879,C:410,hardware,781.9,2026-02-20
I:6202,C:3531,C:282,hardware,2916.95,2026-03-20
I:6203,C:1848,C:4799,software,810.95,2026-05-18
I:6204,C:1251,C:1959,consulting,4748.89,2026-06-02
I:6205,C:296,C:3668,marketing,10668.0,2026-06-13
I:6206,C:1767,C:1089,logistics,409.82,2026-02-23
I:6207,C:3731,C:199,logistics,451.8,2026-01-16
I:6208,C:4714,C:2296,consulting,9043.47,2026-06-01
I:6209,C:3364,C:2856,catering,621.25,2026-04-19
I:6210,C:549,C:3052,software,252.1,2026-01-17
I:6211,C:3078,C:992,software,4681.47,2026-03-22
I:6212,C:1218,C:1411,hardware,411.62,2026-03-13
I:6213,C:167,C:4077,software,2351.57,2026-03-27
I:6214,C:4362,C:2879,hardware,8943.9,2026-05-06
I:6215,C:2874,C:2034,hardware,1818.47,2026-04-27
I:6216,C:1281,C:3594,marketing,772.45,2026-02-12
I:6217,C:2315,C:249,construction,1124.77,2026-03-08
I:6218,C:3010,C:2074,catering,986.09,2026-01-26
I:6219,C:1535,C:3556,marketing,11496.06,2026-01-05
I:6220,C:230,C:1616,catering,5211.16,2026-06-19
I:6221,C:4998,C:1739,logistics,3453.8,2026-02-15
I:6222,C:1612,C:4790,catering,490.79,2026-03-22
I:6223,C:4936,C:1512,consulting,374.3,2026-02-07
I:6224,C:1757,C:2177,construction,3801.02,2026-06-21
I:6225,C:1979,C:3178,hardware,1041.62,2026-06-26
I:6226,C:1229,C:2922,software,91.71,2026-02-25
I:6227,C:3645,C:1665,logistics,134.88,2026-05-23
I:6228,C:4101,C:3760,catering,932.55,2026-06-27
I:6229,C:3161,C:4559,logistics,698.79,2026-03-10
I:6230,C:4268,C:1467,marketing,524.08,2026-05-17
I:6231,C:4038,C:1805,software,1308.96,2026-02-10
I:6232,C:219,C:1397,catering,101.76,2026-02-02
I:6233,C:941,C:2911,catering,5889.36,2026-03-13
I:6234,C:2541,C:3351,marketing,2391.69,2026-06-11
I:6235,C:3358,C:2516,software,1287.11,2026-02-08
I:6236,C:4878,C:2914,marketing,758.09,2026-04-18
I:6237,C:2656,C:1794,marketing,342.12,2026-01-26
I:6238,C:1556,C:2961,consulting,751.96,2026-04-12
I:6239,C:3665,C:253,construction,278.53,2026-06-02
I:6240,C:2506,C:4650,hardware,469.79,2026-06-01
I:6241,C:3617,C:1629,catering,5290.43,2026-05-05
I:6242,C:4738,C:4561,hardware,1423.61,2026-01-04
I:6243,C:4754,C:3801,software,820.14,2026-01-20
I:6244,C:3683,C:3169,logistics,2858.62,2026-05-29
I:6245,C:2432,C:3300,catering,329.88,2026-04-17
I:6246,C:4259,C:3623,construction,2019.56,2026-06-24
I:6247,C:4878,C:4899,construction,1707.58,2026-06-14
I:6248,C:315,C:1994,consulting,381.78,2026-01-26
I:6249,C:2020,C:2470,software,1456.96,2026-03-05
I:6250,C:4335,C:3066,marketing,910.55,2026-01-10
I:6251,C:1607,C:4984,catering,1314.79,2026-03-10
I:6252,C:4522,C:3645,hardware,1284.28,2026-04-14
I:6253,C:1578,C:1681,marketing,360.19,2026-05-16
I:6254,C:3683,C:4830,marketing,1305.11,2026-05-07
I:6255,C:1683,C:654,logistics,537.1,2026-05-24
I:6256,C:4753,C:3160,consulting,22.94,2026-03-26
I:6257,C:321,C:1302,marketing,258.91,2026-01-08
I:6258,C:2482,C:688,catering,5815.28,2026-04-14
I:6259,C:2394,C:864,construction,904.85,2026-06-07
I:6260,C:1117,C:955,construction,2626.16,2026-02-22
I:6261,C:3671,C:1451,catering,2040.42,2026-03-30
I:6262,C:4295,C:714,catering,682.83,2026-01-20
I:6263,C:888,C:3620,construction,388.17,2026-05-22
I:6264,C:4387,C:251,construction,1962.68,2026-03-21
I:6265,C:3650,C:3491,catering,590.44,2026-02-07
I:6266,C:2049,C:2643,marketing,372.41,2026-02-08
I:6267,C:580,C:331,consulting,3284.08,2026-05-04
I:6268,C:1884,C:3269,construction,2754.04,2026-01-12
I:6269,C:777,C:1686,marketing,2258.12,2026-02-16
I:6270,C:2881,C:2365,catering,150.83,2026-04-08
I:6271,C:2459,C:2388,construction,354.69,2026-05-02
I:6272,C:3365,C:633,construction,4317.59,2026-06-15
I:6273,C:123,C:3403,hardware,3211.06,2026-05-23
I:6274,C:2502,C:1295,hardware,8305.25,2026-03-28
I:6275,C:3588,C:729,marketing,304.51,2026-03-23
I:6276,C:3116,C:3304,construction,897.59,2026-01-09
I:6277,C:4055,C:1670,catering,1574.59,2026-01-18
I:6278,C:2813,C:3161,catering,638.04,2026-03-25
I:6279,C:2635,C:477,hardware,2825.96,2026-01-30
I:6280,C:1523,C:1694,logistics,555.84,2026-01-02
I:6281,C:380,C:1187,consulting,72.6,2026-01-09
I:6282,C:2448,C:2981,consulting,1117.11,2026-01-07
I:6283,C:4017,C:153,software,530.61,2026-05-02
I:6284,C:825,C:3442,software,844.75,2026-01-30
I:6285,C:4206,C:182,catering,1951.06,2026-06-21
I:6286,C:1418,C:3718,construction,2223.89,2026-06-27
I:6287,C:2974,C:1696,hardware,95.63,2026-05-23
I:6288,C:2143,C:606,marketing,3186.7,2026-04-11
I:6289,C:873,C:3262,hardware,288.33,2026-05-11
I:6290,C:4881,C:4585,consulting,587.92,2026-04-04
I:6291,C:2988,C:1035,construction,248.6,2026-01-18
I:6292,C:3846,C:170,hardware,273.28,2026-02-25
I:6293,C:664,C:2006,software,4017.45,2026-04-03
I:6294,C:9,C:3448,catering,735.59,2026-06-02
I:6295,C:3778,C:2642,hardware,367.79,2026-06-10
I:6296,C:3748,C:145,catering,805.97,2026-04-18
I:6297,C:979,C:4081,software,180.52,2026-02-06
I:6298,C:1980,C:1931,construction,6369.2,2026-03-13
I:6299,C:373,C:3171,consulting,1771.25,2026-05-29
I:6300,C:3868,C:2411,catering,1660.35,2026-06-16
I:6301,C:1121,C:2316,hardware,67.95,2026-03-12
I:6302,C:386,C:1865,catering,15003.47,2026-01-18
I:6303,C:2484,C:211,logistics,2953.67,2026-04-30
I:6304,C:2413,C:764,hardware,5670.58,2026-03-23
I:6305,C:1986,C:1091,marketing,1153.69,2026-01-17
I:6306,C:3992,C:4233,consulting,631.03,2026-01-03
I:6307,C:219,C:4729,construction,179.99,2026-04-22
I:6308,C:3669,C:4639,software,2625.62,2026-05-26
I:6309,C:2061,C:4871,catering,358.25,2026-03-25
I:6310,C:4362,C:2048,marketing,226.85,2026-01-01
I:6311,C:4754,C:1676,logistics,566.16,2026-02-20
I:6312,C:1858,C:3558,catering,11351.1,2026-05-29
I:6313,C:3334,C:629,hardware,987.97,2026-03-17
I:6314,C:3609,C:4933,catering,806.69,2026-05-20
I:6315,C:3239,C:4075,catering,1625.06,2026-03-17
I:6316,C:923,C:2247,construction,360.43,2026-05-20
I:6317,C:1581,C:4726,catering,1402.69,2026-05-23
I:6318,C:243,C:20,hardware,527.37,2026-06-27
I:6319,C:2749,C:4712,logistics,983.69,2026-02-07
I:6320,C:2401,C:1235,consulting,272.87,2026-04-24
I:6321,C:2809,C:3478,consulting,493.82,2026-06-02
I:6322,C:1730,C:1710,construction,4551.22,2026-04-19
I:6323,C:2384,C:493,consulting,497.56,2026-06-16
I:6324,C:4095,C:4182,logistics,450.06,2026-03-05
I:6325,C:3006,C:2929,marketing,598.8,2026-03-07
I:6326,C:2533,C:3914,hardware,534.58,2026-04-17
I:6327,C:3825,C:4348,marketing,617.85,2026-01-20
I:6328,C:3188,C:4472,software,777.22,2026-05-07
I:6329,C:3625,C:1329,catering,1642.19,2026-02-10
I:6330,C:1515,C:552,consulting,5709.96,2026-03-05
I:6331,C:4866,C:165,construction,758.06,2026-03-08
I:6332,C:2309,C:2615,marketing,294.03,2026-05-16
I:6333,C:4411,C:997,software,3868.47,2026-04-04
I:6334,C:1371,C:3605,hardware,386.71,2026-05-02
I:6335,C:2854,C:2757,marketing,1402.94,2026-03-23
I:6336,C:2293,C:4177,consulting,1202.3,2026-04-21
I:6337,C:2612,C:1035,catering,669.51,2026-02-07
I:6338,C:124,C:1302,construction,560.47,2026-02-09
I:6339,C:614,C:1113,marketing,4925.26,2026-02-19
I:6340,C:3827,C:2200,software,1863.78,2026-02-26
I:6341,C:1945,C:2238,catering,278.45,2026-05-14
I:6342,C:4833,C:4044,logistics,302.53,2026-06-24
I:6343,C:3911,C:4418,catering,6532.65,2026-03-02
I:6344,C:3543,C:2738,construction,7001.05,2026-02-17
I:6345,C:3232,C:992,consulting,275.72,2026-01-23
I:6346,C:2703,C:652,logistics,8923.16,2026-05-10
I:6347,C:1348,C:3341,consulting,392.17,2026-03-05
I:6348,C:3655,C:1131,logistics,357.89,2026-05-03
I:6349,C:1955,C:1092,logistics,229.28,2026-03-22
I:6350,C:3034,C:2615,logistics,2662.84,2026-01-06
I:6351,C:3327,C:1143,marketing,1363.05,2026-01-23
I:6352,C:1669,C:2226,logistics,330.7,2026-05-10
I:6353,C:2217,C:25,hardware,925.17,2026-05-05
I:6354,C:870,C:483,logistics,1079.15,2026-01-08
I:6355,C:2298,C:3824,construction,8642.62,2026-03-24
I:6356,C:4006,C:3611,marketing,67.88,2026-05-22
I:6357,C:871,C:87,construction,2530.56,2026-02-07
I:6358,C:2406,C:871,construction,1614.04,2026-06-07
I:6359,C:2624,C:3981,consulting,8037.34,2026-02-25
I:6360,C:4941,C:2522,catering,308.61,2026-06-29
I:6361,C:857,C:3103,catering,577.89,2026-01-07
I:6362,C:3030,C:4739,software,180.96,2026-04-29
I:6363,C:4526,C:4060,consulting,98.15,2026-03-07
I:6364,C:455,C:2174,software,1004.86,2026-04-11
I:6365,C:786,C:1678,software,3995.64,2026-05-21
I:6366,C:2296,C:3554,software,3169.61,2026-05-18
I:6367,C:832,C:UNREG66,marketing,2476.01,2026-03-31
I:6368,C:2574,C:4758,hardware,1752.53,2026-01-08
I:6369,C:2392,C:1299,construction,2345.88,2026-04-28
I:6370,C:1060,C:3019,software,1052.04,2026-02-23
I:6371,C:1222,C:2048,catering,3915.89,2026-06-03
I:6372,C:4539,C:3913,logistics,1136.94,2026-01-08
I:6373,C:3567,C:134,catering,631.88,2026-01-07
I:6374,C:3051,C:2518,software,1617.52,2026-05-14
I:6375,C:1512,C:3022,construction,559.85,2026-05-06
I:6376,C:1296,C:3130,hardware,1032.56,2026-05-28
I:6377,C:3078,C:3741,consulting,3359.88,2026-03-10
I:6378,C:2969,C:358,software,856.81,2026-05-27
I:6379,C:1763,C:1201,hardware,2109.56,2026-05-31
I:6380,C:4265,C:4904,marketing,2483.69,2026-05-17
I:6381,C:2259,C:4272,hardware,1782.41,2026-04-14
I:6382,C:4484,C:2113,marketing,613.4,2026-04-08
I:6383,C:4061,C:1092,logistics,231.5,2026-06-10
I:6384,C:3720,C:752,marketing,1040.2,2026-05-07
I:6385,C:2121,C:2554,consulting,706.51,2026-04-15
I:6386,C:2564,C:209,logistics,2064.84,2026-02-18
I:6387,C:218,C:4895,hardware,8595.19,2026-03-25
I:6388,C:3328,C:4516,logistics,3747.48,2026-02-23
I:6389,C:1101,C:3353,marketing,358.18,2026-03-02
I:6390,C:169,C:2465,hardware,1553.37,2026-05-07
I:6391,C:3334,C:4839,software,4153.38,2026-06-15
I:6392,C:1379,C:1705,logistics,4981.21,2026-01-21
I:6393,C:1604,C:1126,software,4259.99,2026-05-06
I:6394,C:3782,C:4991,software,544.53,2026-05-19
I:6395,C:3477,C:1132,logistics,822.02,2026-04-25
I:6396,C:2534,C:2557,marketing,678.06,2026-05-16
I:6397,C:3320,C:4111,consulting,4316.06,2026-05-19
I:6398,C:2959,C:3944,software,1851.14,2026-02-14
I:6399,C:2015,C:3414,construction,4637.14,2026-03-13
I:6400,C:1414,C:4493,hardware,1611.95,2026-01-08
I:6401,C:952,C:3174,software,2608.41,2026-04-27
I:6402,C:3724,C:663,consulting,3307.47,2026-05-24
I:6403,C:2178,C:4142,catering,3601.03,2026-06-22
I:6404,C:1963,C:151,logistics,1096.76,2026-05-16
I:6405,C:1367,C:2991,software,702.52,2026-02-07
I:6406,C:4747,C:2835,consulting,1499.22,2026-03-08
I:6407,C:2549,C:166,logistics,1152.99,2026-05-20
I:6408,C:281,C:1135,consulting,766.06,2026-03-20
I:6409,C:932,C:1397,software,5800.73,2026-03-31
I:6410,C:1458,C:537,consulting,182.12,2026-03-16
I:6411,C:723,C:4318,construction,23245.94,2026-03-05
I:6412,C:1670,C:890,software,2493.17,2026-04-08
I:6413,C:4070,C:3502,catering,1078.32,2026-02-28
I:6414,C:4714,C:3023,catering,463.43,2026-03-11
I:6415,C:1276,C:3601,catering,3427.44,2026-06-20
I:6416,C:83,C:3821,logistics,1317.74,2026-03-17
I:6417,C:3519,C:2555,catering,100.95,2026-01-26
I:6418,C:2396,C:4650,consulting,783.62,2026-04-16
I:6419,C:1126,C:100,construction,1809.66,2026-02-12
I:6420,C:1634,C:1643,consulting,1533.61,2026-06-11
I:6421,C:481,C:892,hardware,4157.48,2026-02-12
I:6422,C:2641,C:2980,catering,428.21,2026-05-17
I:6423,C:4384,C:4871,software,333.43,2026-02-13
I:6424,C:1663,C:3355,hardware,5059.03,2026-04-30
I:6425,C:529,C:3979,logistics,1972.53,2026-02-25
I:6426,C:1561,C:1674,software,434.5,2026-01-27
I:6427,C:3726,C:517,catering,600.64,2026-02-28
I:6428,C:784,C:4488,consulting,1197.07,2026-02-28
I:6429,C:3362,C:4495,construction,134.84,2026-04-28
I:6430,C:1943,C:4089,logistics,1359.13,2026-04-14
I:6431,C:3207,C:4041,catering,1713.86,2026-05-05
I:6432,C:2920,C:3992,marketing,581.44,2026-01-20
I:6433,C:3949,C:2099,construction,2071.98,2026-01-18
I:6434,C:299,C:3412,hardware,1102.66,2026-06-16
I:6435,C:3620,C:1790,construction,1982.91,2026-05-23
I:6436,C:3388,C:161,marketing,168.1,2026-05-31
I:6437,C:1119,C:4231,logistics,1131.89,2026-01-27
I:6438,C:1726,C:1224,consulting,1038.17,2026-06-07
I:6439,C:4694,C:4982,software,1581.54,2026-05-14
I:6440,C:1896,C:150,software,521.58,2026-05-12
I:6441,C:1100,C:2015,software,404.33,2026-02-16
I:6442,C:1536,C:4139,hardware,1046.16,2026-03-26
I:6443,C:2524,C:1606,consulting,1533.11,2026-04-19
I:6444,C:40,C:1436,catering,6758.4,2026-05-17
I:6445,C:3674,C:1155,hardware,637.07,2026-04-15
I:6446,C:4295,C:2455,marketing,291.53,2026-01-20
I:6447,C:2966,C:1755,software,1358.37,2026-05-25
I:6448,C:755,C:4825,consulting,385.02,2026-06-18
I:6449,C:988,C:2280,construction,795.97,2026-02-01
I:6450,C:2421,C:4420,marketing,710.69,2026-02-28
I:6451,C:1401,C:330,logistics,1416.03,2026-02-23
I:6452,C:3027,C:180,marketing,14446.93,2026-06-01
I:6453,C:3549,C:4062,hardware,4568.18,2026-03-24
I:6454,C:1695,C:2105,logistics,4604.47,2026-04-27
I:6455,C:4337,C:1317,hardware,143.57,2026-03-30
I:6456,C:3512,C:1441,consulting,3393.64,2026-02-13
I:6457,C:1501,C:3907,hardware,3070.73,2026-02-18
I:6458,C:3410,C:4040,hardware,1468.5,2026-04-22
I:6459,C:592,C:894,marketing,157.4,2026-06-08
I:6460,C:2814,C:716,marketing,1388.97,2026-05-28
I:6461,C:3339,C:4546,consulting,9295.16,2026-06-15
I:6462,C:2151,C:3252,logistics,2491.87,2026-04-17
I:6463,C:4935,C:3010,logistics,1778.95,2026-03-29
I:6464,C:1946,C:2515,software,4669.1,2026-06-20
I:6465,C:3895,C:1740,consulting,302.27,2026-03-08
I:6466,C:79,C:4969,logistics,404.54,2026-02-12
I:6467,C:1491,C:1023,hardware,508.34,2026-06-18
I:6468,C:591,C:677,consulting,899.18,2026-06-22
I:6469,C:3030,C:3514,marketing,124.82,2026-01-23
I:6470,C:4977,C:4351,construction,2101.96,2026-06-04
I:6471,C:244,C:1822,construction,1427.93,2026-06-01
I:6472,C:72,C:3955,consulting,115.37,2026-05-02
I:6473,C:661,C:3156,logistics,2107.83,2026-02-27
I:6474,C:4108,C:1335,construction,4318.53,2026-02-28
I:6475,C:3518,C:3499,consulting,951.92,2026-03-27
I:6476,C:342,C:2612,software,882.91,2026-04-29
I:6477,C:3103,C:3800,software,234.58,2026-06-10
I:6478,C:4114,C:208,consulting,1122.91,2026-06-11
I:6479,C:3779,C:645,marketing,836.5,2026-04-25
I:6480,C:396,C:4327,consulting,724.44,2026-02-05
I:6481,C:1756,C:3877,marketing,3066.45,2026-05-07
I:6482,C:2660,C:4024,marketing,791.76,2026-03-22
I:6483,C:3608,C:3445,logistics,966.68,2026-05-18
I:6484,C:816,C:3850,logistics,2741.12,2026-05-22
I:6485,C:1273,C:3672,logistics,3317.55,2026-01-20
I:6486,C:1299,C:4370,construction,230.94,2026-02-14
I:6487,C:4191,C:3668,logistics,886.02,2026-02-03
I:6488,C:3299,C:487,software,508.28,2026-01-21
I:6489,C:1547,C:3839,hardware,1025.13,2026-01-11
I:6490,C:519,C:3689,construction,3999.44,2026-06-07
I:6491,C:3931,C:1132,consulting,397.76,2026-02-28
I:6492,C:879,C:2173,marketing,499.68,2026-06-25
I:6493,C:652,C:136,consulting,974.11,2026-03-14
I:6494,C:4561,C:2814,hardware,11435.44,2026-01-26
I:6495,C:1242,C:2122,logistics,707.33,2026-02-01
I:6496,C:3981,C:4929,construction,416.77,2026-04-10
I:6497,C:2818,C:752,software,543.78,2026-02-14
I:6498,C:3131,C:4016,logistics,3190.13,2026-05-31
I:6499,C:1791,C:716,consulting,5502.64,2026-03-15
I:6500,C:145,C:229,consulting,1766.73,2026-01-15
I:6501,C:3730,C:2208,consulting,1412.47,2026-02-07
I:6502,C:2288,C:4504,catering,630.15,2026-04-15
I:6503,C:2360,C:561,software,165.6,2026-01-09
I:6504,C:1260,C:3139,marketing,838.83,2026-04-22
I:6505,C:3327,C:1891,hardware,3272.14,2026-06-28
I:6506,C:394,C:1228,catering,272.52,2026-04-10
I:6507,C:UNREG2,C:4033,logistics,7867.24,2026-02-10
I:6508,C:2654,C:3567,construction,582.4,2026-02-14
I:6509,C:4190,C:2658,catering,2846.8,2026-05-11
I:6510,C:1239,C:2479,hardware,2613.49,2026-03-14
I:6511,C:755,C:4121,hardware,1029.0,2026-04-11
I:6512,C:3236,C:1743,logistics,148.53,2026-03-08
I:6513,C:4887,C:2209,consulting,1198.95,2026-06-22
I:6514,C:2388,C:3332,construction,806.62,2026-05-22
I:6515,C:1506,C:873,logistics,209.85,2026-03-31
I:6516,C:2132,C:2442,software,340.67,2026-02-02
I:6517,C:1978,C:2910,software,1538.9,2026-06-24
I:6518,C:4376,C:332,hardware,1557.38,2026-02-19
I:6519,C:4461,C:497,catering,594.83,2026-05-30
I:6520,C:301,C:1521,marketing,4376.34,2026-04-23
I:6521,C:3526,C:2885,marketing,343.61,2026-04-17
I:6522,C:3220,C:3624,marketing,52.53,2026-05-21
I:6523,C:1340,C:4025,marketing,762.49,2026-01-10
I:6524,C:1749,C:3773,logistics,2975.29,2026-05-01
I:6525,C:436,C:2947,hardware,4032.17,2026-03-07
I:6526,C:4394,C:2498,logistics,102.02,2026-06-28
I:6527,C:1044,C:1047,software,533.88,2026-05-21
I:6528,C:530,C:61,consulting,714.87,2026-05-25
I:6529,C:2435,C:2370,logistics,2694.91,2026-05-24
I:6530,C:3188,C:1626,catering,64.86,2026-04-05
I:6531,C:393,C:2219,consulting,250.64,2026-03-16
I:6532,C:1845,C:1641,logistics,722.68,2026-06-14
I:6533,C:469,C:2092,software,322.14,2026-04-02
I:6534,C:814,C:3802,consulting,563.06,2026-06-19
I:6535,C:4958,C:1790,marketing,307.08,2026-01-17
I:6536,C:3805,C:3160,hardware,3615.78,2026-02-18
I:6537,C:128,C:1908,hardware,577.89,2026-05-31
I:6538,C:2063,C:950,software,354.11,2026-05-03
I:6539,C:3430,C:2747,software,1083.75,2026-02-19
I:6540,C:1469,C:196,software,1755.23,2026-01-10
I:6541,C:1402,C:1116,catering,907.34,2026-02-01
I:6542,C:2603,C:3494,construction,1389.97,2026-04-24
I:6543,C:1693,C:2331,logistics,415.16,2026-06-06
I:6544,C:2755,C:4032,logistics,260.95,2026-02-18
I:6545,C:2989,C:3986,logistics,479.55,2026-05-01
I:6546,C:4689,C:1107,marketing,22127.0,2026-01-20
I:6547,C:625,C:379,marketing,115.62,2026-02-05
I:6548,C:3243,C:2781,marketing,422.95,2026-02-08
I:6549,C:2896,C:1105,logistics,366.27,2026-06-17
I:6550,C:308,C:966,logistics,584.03,2026-06-05
I:6551,C:1299,C:970,consulting,6172.47,2026-01-17
I:6552,C:4000,C:1018,software,1540.41,2026-03-05
I:6553,C:16,C:135,hardware,462.68,2026-02-15
I:6554,C:3044,C:814,catering,1845.64,2026-03-17
I:6555,C:4106,C:4707,hardware,695.89,2026-02-07
I:6556,C:3372,C:1161,catering,16518.0,2026-04-23
I:6557,C:3021,C:2176,marketing,489.04,2026-02-16
I:6558,C:1311,C:538,catering,602.38,2026-02-11
I:6559,C:3827,C:2720,marketing,349.11,2026-01-25
I:6560,C:1879,C:3280,logistics,1487.8,2026-03-19
I:6561,C:303,C:2354,catering,2427.28,2026-01-05
I:6562,C:4700,C:4604,consulting,1660.79,2026-02-10
I:6563,C:4191,C:4193,construction,2646.03,2026-06-22
I:6564,C:1249,C:326,catering,9233.11,2026-05-31
I:6565,C:3163,C:927,logistics,1665.33,2026-06-08
I:6566,C:3990,C:786,consulting,15344.67,2026-01-27
I:6567,C:2937,C:1877,construction,262.07,2026-01-03
I:6568,C:3119,C:2850,catering,535.31,2026-05-04
I:6569,C:1896,C:3214,construction,2490.52,2026-02-28
I:6570,C:3532,C:2389,marketing,1661.11,2026-01-23
I:6571,C:3765,C:1751,logistics,2277.89,2026-02-22
I:6572,C:4342,C:1903,software,193.85,2026-01-15
I:6573,C:2150,C:1734,consulting,437.61,2026-04-10
I:6574,C:631,C:2923,marketing,8249.58,2026-04-07
I:6575,C:2907,C:4389,marketing,186.63,2026-03-25
I:6576,C:3292,C:1373,logistics,738.56,2026-01-31
I:6577,C:1671,C:1825,hardware,2384.13,2026-03-27
I:6578,C:4414,C:3958,logistics,2325.28,2026-03-09
I:6579,C:3129,C:1845,consulting,3009.85,2026-01-12
I:6580,C:993,C:2524,consulting,496.87,2026-03-20
I:6581,C:2875,C:1688,hardware,457.36,2026-04-13
I:6582,C:244,C:231,hardware,188.07,2026-06-24
I:6583,C:1220,C:4192,hardware,6999.47,2026-01-10
I:6584,C:3699,C:2195,construction,156.84,2026-06-07
I:6585,C:223,C:1565,marketing,9278.39,2026-02-04
I:6586,C:3799,C:4701,software,2812.58,2026-01-13
I:6587,C:1570,C:4359,hardware,254.52,2026-05-26
I:6588,C:489,C:2051,logistics,11263.88,2026-05-27
I:6589,C:833,C:4067,hardware,559.25,2026-06-08
I:6590,C:4528,C:3921,construction,5509.87,2026-04-18
I:6591,C:862,C:2643,marketing,100.57,2026-02-25
I:6592,C:634,C:2255,marketing,3128.49,2026-06-05
I:6593,C:3051,C:2867,software,441.74,2026-01-18
I:6594,C:4371,C:2819,hardware,3140.56,2026-04-14
I:6595,C:2037,C:1458,marketing,1631.0,2026-03-07
I:6596,C:1953,C:1011,hardware,2147.74,2026-05-16
I:6597,C:4546,C:1034,software,2995.9,2026-03-22
I:6598,C:3679,C:1635,logistics,655.59,2026-02-17
I:6599,C:3971,C:1393,construction,161.72,2026-06-21
I:6600,C:3316,C:4015,marketing,438.05,2026-01-12
I:6601,C:472,C:2667,software,3827.31,2026-03-18
I:6602,C:1189,C:1567,logistics,130.75,2026-05-25
I:6603,C:696,C:4604,marketing,1159.84,2026-04-24
I:6604,C:686,C:3735,construction,685.4,2026-05-15
I:6605,C:4703,C:1996,software,46.82,2026-06-11
I:6606,C:2925,C:2732,consulting,226.1,2026-02-06
I:6607,C:3001,C:3609,consulting,6854.95,2026-05-29
I:6608,C:3759,C:3687,construction,3960.03,2026-03-11
I:6609,C:2477,C:126,construction,367.75,2026-02-14
I:6610,C:1234,C:UNREG42,marketing,763.51,2026-06-27
I:6611,C:3672,C:794,marketing,734.56,2026-04-09
I:6612,C:3553,C:3342,consulting,2123.22,2026-06-06
I:6613,C:4912,C:1577,construction,545.59,2026-05-28
I:6614,C:1121,C:2206,software,298.63,2026-01-22
I:6615,C:4956,C:3080,logistics,498.73,2026-04-02
I:6616,C:1147,C:2646,construction,3750.18,2026-05-23
I:6617,C:4981,C:3430,hardware,877.68,2026-02-17
I:6618,C:1242,C:3097,logistics,435.52,2026-04-24
I:6619,C:4932,C:1768,catering,413.98,2026-04-14
I:6620,C:716,C:4042,catering,1016.07,2026-05-03
I:6621,C:3128,C:1237,hardware,1064.29,2026-02-15
I:6622,C:4681,C:4959,hardware,1363.16,2026-05-07
I:6623,C:3789,C:4383,software,1458.96,2026-04-21
I:6624,C:1939,C:569,construction,804.03,2026-03-07
I:6625,C:3967,C:4783,consulting,1174.91,2026-03-24
I:6626,C:4468,C:1609,logistics,1033.78,2026-06-12
I:6627,C:4255,C:4523,software,248.62,2026-03-30
I:6628,C:1311,C:2839,marketing,10958.75,2026-06-23
I:6629,C:2377,C:4427,logistics,363.14,2026-03-12
I:6630,C:4916,C:1421,construction,86.76,2026-03-11
I:6631,C:1927,C:2218,catering,383.78,2026-04-20
I:6632,C:4038,C:4867,catering,509.88,2026-06-24
I:6633,C:463,C:269,construction,646.07,2026-01-02
I:6634,C:1451,C:2221,catering,6252.5,2026-03-14
I:6635,C:4838,C:4688,logistics,863.98,2026-05-26
I:6636,C:4387,C:1639,marketing,1089.2,2026-01-14
I:6637,C:29,C:3112,catering,196.44,2026-05-02
I:6638,C:2519,C:4946,logistics,691.78,2026-01-01
I:6639,C:4503,C:1124,hardware,376.17,2026-03-01
I:6640,C:2471,C:3167,marketing,1954.33,2026-04-08
I:6641,C:1690,C:49,software,2988.62,2026-05-14
I:6642,C:4052,C:272,software,475.47,2026-05-07
I:6643,C:1969,C:3007,marketing,818.28,2026-05-19
I:6644,C:575,C:4485,logistics,2981.94,2026-05-21
I:6645,C:2441,C:3108,software,360.08,2026-04-15
I:6646,C:3396,C:2721,catering,344.61,2026-06-24
I:6647,C:641,C:108,marketing,565.79,2026-05-28
I:6648,C:1861,C:2491,hardware,2063.2,2026-05-17
I:6649,C:1393,C:4998,hardware,624.83,2026-05-28
I:6650,C:518,C:4656,consulting,301.55,2026-02-25
I:6651,C:3846,C:2112,software,1056.21,2026-04-21
I:6652,C:250,C:504,hardware,241.81,2026-06-08
I:6653,C:2951,C:1736,hardware,446.26,2026-03-05
I:6654,C:3514,C:723,construction,109.99,2026-05-31
I:6655,C:3549,C:4254,consulting,1438.74,2026-03-30
I:6656,C:3005,C:3429,hardware,337.32,2026-01-30
I:6657,C:2718,C:4821,software,4882.09,2026-06-18
I:6658,C:2487,C:1303,software,133.17,2026-03-01
I:6659,C:4132,C:940,catering,8066.46,2026-02-15
I:6660,C:3037,C:2074,hardware,3319.57,2026-03-15
I:6661,C:2055,C:614,consulting,3880.84,2026-05-16
I:6662,C:3075,C:386,hardware,2857.28,2026-06-16
I:6663,C:2348,C:68,software,1504.29,2026-01-05
I:6664,C:4996,C:3538,logistics,2603.02,2026-06-10
I:6665,C:907,C:1187,software,15040.87,2026-03-28
I:6666,C:538,C:1457,consulting,88.9,2026-06-18
I:6667,C:4958,C:3331,consulting,214.88,2026-01-01
I:6668,C:4860,C:4713,consulting,3250.42,2026-05-30
I:6669,C:1381,C:3451,hardware,1794.12,2026-02-15
I:6670,C:727,C:3954,hardware,198.98,2026-02-06
I:6671,C:3899,C:4010,logistics,335.98,2026-02-10
I:6672,C:3955,C:1610,consulting,639.01,2026-05-30
I:6673,C:1251,C:4961,hardware,1558.49,2026-02-04
I:6674,C:334,C:1782,marketing,442.35,2026-06-22
I:6675,C:2565,C:478,hardware,219.47,2026-04-09
I:6676,C:1678,C:1818,construction,293.51,2026-03-25
I:6677,C:3091,C:525,software,119.25,2026-06-10
I:6678,C:1290,C:1186,logistics,1802.71,2026-05-07
I:6679,C:1104,C:520,software,565.41,2026-05-12
I:6680,C:1412,C:1192,marketing,704.28,2026-05-09
I:6681,C:4331,C:2105,construction,298.39,2026-03-18
I:6682,C:4675,C:2666,software,979.38,2026-03-02
I:6683,C:695,C:541,consulting,1931.97,2026-05-04
I:6684,C:426,C:1341,marketing,466.36,2026-05-16
I:6685,C:2881,C:2916,consulting,611.25,2026-02-01
I:6686,C:3940,C:4090,catering,245.45,2026-04-11
I:6687,C:2538,C:3528,hardware,104.8,2026-01-22
I:6688,C:1028,C:1099,marketing,814.28,2026-04-24
I:6689,C:4434,C:3613,consulting,1739.79,2026-03-17
I:6690,C:2187,C:1976,construction,3351.12,2026-02-08
I:6691,C:505,C:447,catering,777.48,2026-05-12
I:6692,C:2949,C:4222,consulting,413.25,2026-06-06
I:6693,C:4942,C:126,marketing,602.26,2026-06-14
I:6694,C:2839,C:2923,consulting,1997.1,2026-05-16
I:6695,C:28,C:2232,marketing,6377.44,2026-01-28
I:6696,C:2144,C:1100,consulting,497.21,2026-05-20
I:6697,C:4096,C:1897,catering,1538.41,2026-06-16
I:6698,C:16,C:4279,catering,645.25,2026-01-13
I:6699,C:4691,C:3338,consulting,672.24,2026-05-14
I:6700,C:1163,C:3577,catering,398.59,2026-04-21
I:6701,C:2936,C:3021,catering,260.1,2026-04-21
I:6702,C:1349,C:4927,software,476.39,2026-01-28
I:6703,C:4637,C:1896,hardware,1601.84,2026-04-04
I:6704,C:4900,C:4159,consulting,1859.6,2026-03-28
I:6705,C:4715,C:4035,hardware,602.55,2026-02-28
I:6706,C:808,C:3609,consulting,1469.94,2026-05-19
I:6707,C:215,C:617,catering,1852.21,2026-03-20
I:6708,C:1033,C:2286,marketing,11809.06,2026-06-17
I:6709,C:3141,C:3995,software,549.9,2026-05-21
I:6710,C:2243,C:1592,catering,355.34,2026-05-21
I:6711,C:3321,C:3326,logistics,537.25,2026-06-16
I:6712,C:196,C:3318,software,2815.19,2026-02-20
I:6713,C:4430,C:4991,hardware,2089.16,2026-06-29
I:6714,C:229,C:4619,software,1438.24,2026-01-30
I:6715,C:2692,C:2862,logistics,223.15,2026-03-25
I:6716,C:2777,C:2188,marketing,2910.64,2026-01-02
I:6717,C:1393,C:2504,hardware,406.15,2026-02-06
I:6718,C:380,C:1707,consulting,7099.23,2026-04-01
I:6719,C:1730,C:4437,consulting,6182.16,2026-01-10
I:6720,C:4435,C:1414,software,216.68,2026-06-24
I:6721,C:1366,C:4478,construction,978.68,2026-04-06
I:6722,C:2681,C:4596,marketing,12010.82,2026-04-17
I:6723,C:4052,C:133,hardware,4417.26,2026-03-05
I:6724,C:4846,C:3519,marketing,3186.53,2026-01-04
I:6725,C:4551,C:4904,hardware,2583.92,2026-03-23
I:6726,C:247,C:3127,software,391.5,2026-06-09
I:6727,C:3797,C:4636,logistics,808.49,2026-01-05
I:6728,C:500,C:2821,construction,634.87,2026-03-08
I:6729,C:3483,C:4960,catering,2469.64,2026-05-06
I:6730,C:1504,C:1443,catering,1343.38,2026-06-06
I:6731,C:1775,C:1049,catering,160.61,2026-06-11
I:6732,C:3689,C:2961,catering,397.3,2026-01-17
I:6733,C:3890,C:1403,hardware,30.51,2026-06-17
I:6734,C:1523,C:4479,construction,11320.77,2026-05-20
I:6735,C:1278,C:2094,logistics,1638.52,2026-06-25
I:6736,C:2911,C:4553,hardware,602.23,2026-04-21
I:6737,C:2514,C:3634,logistics,634.51,2026-05-01
I:6738,C:537,C:2034,marketing,747.12,2026-01-18
I:6739,C:324,C:4728,consulting,125.75,2026-03-09
I:6740,C:1605,C:1784,software,608.83,2026-06-28
I:6741,C:4998,C:4354,construction,544.83,2026-06-11
I:6742,C:3665,C:3474,hardware,1471.83,2026-04-24
I:6743,C:3651,C:1288,marketing,9398.52,2026-05-21
I:6744,C:480,C:58,marketing,107.47,2026-02-15
I:6745,C:4452,C:2761,logistics,149.42,2026-06-07
I:6746,C:4390,C:2016,construction,2116.58,2026-04-10
I:6747,C:1029,C:478,hardware,8708.25,2026-06-24
I:6748,C:215,C:34,catering,7343.86,2026-01-13
I:6749,C:331,C:2996,marketing,889.61,2026-01-31
I:6750,C:381,C:797,consulting,1788.82,2026-05-28
I:6751,C:4651,C:1442,logistics,813.72,2026-04-05
I:6752,C:3044,C:207,construction,286.3,2026-04-21
I:6753,C:1708,C:2174,software,32.2,2026-02-10
I:6754,C:2186,C:467,construction,1859.7,2026-02-03
I:6755,C:3347,C:1640,consulting,50.91,2026-03-29
I:6756,C:4906,C:2850,logistics,552.67,2026-01-12
I:6757,C:2531,C:4574,hardware,1861.01,2026-02-21
I:6758,C:4895,C:936,marketing,2315.48,2026-06-25
I:6759,C:407,C:1897,consulting,1039.54,2026-06-05
I:6760,C:3184,C:2083,logistics,3432.23,2026-06-12
I:6761,C:893,C:4214,construction,706.17,2026-03-31
I:6762,C:4460,C:3388,marketing,1107.67,2026-04-15
I:6763,C:3442,C:377,hardware,199.66,2026-04-24
I:6764,C:1498,C:3978,construction,1976.49,2026-02-15
I:6765,C:4412,C:1913,logistics,3656.84,2026-03-04
I:6766,C:4455,C:2763,logistics,16704.96,2026-02-16
I:6767,C:2570,C:3900,software,216.01,2026-05-21
I:6768,C:2300,C:2463,marketing,6495.25,2026-02-04
I:6769,C:967,C:3218,hardware,1134.66,2026-04-27
I:6770,C:3095,C:4205,logistics,768.61,2026-05-20
I:6771,C:2104,C:2498,logistics,905.71,2026-03-20
I:6772,C:1336,C:1842,consulting,3255.82,2026-05-20
I:6773,C:838,C:1918,marketing,272.28,2026-06-05
I:6774,C:2398,C:1381,marketing,1700.9,2026-03-20
I:6775,C:261,C:1754,catering,470.32,2026-04-10
I:6776,C:3321,C:4149,hardware,292.93,2026-06-12
I:6777,C:3610,C:293,consulting,43.63,2026-02-14
I:6778,C:4385,C:165,logistics,484.98,2026-01-13
I:6779,C:2561,C:3857,consulting,112.55,2026-03-13
I:6780,C:4420,C:3275,construction,2565.97,2026-04-30
I:6781,C:4214,C:347,marketing,440.93,2026-01-31
I:6782,C:4610,C:4851,consulting,3351.12,2026-02-04
I:6783,C:2959,C:545,catering,238.42,2026-02-15
I:6784,C:4241,C:1446,software,806.0,2026-05-17
I:6785,C:746,C:3853,catering,236.28,2026-05-15
I:6786,C:4952,C:1053,catering,2081.01,2026-04-03
I:6787,C:1686,C:1709,marketing,4630.65,2026-02-22
I:6788,C:4993,C:733,marketing,5598.83,2026-05-27
I:6789,C:2862,C:289,construction,1306.33,2026-05-23
I:6790,C:4522,C:2090,logistics,7242.17,2026-02-18
I:6791,C:3010,C:444,hardware,809.44,2026-01-04
I:6792,C:3016,C:1240,catering,646.51,2026-05-27
I:6793,C:797,C:1581,software,1243.47,2026-01-07
I:6794,C:2623,C:4848,logistics,180.37,2026-03-27
I:6795,C:4992,C:2464,hardware,627.15,2026-04-16
I:6796,C:2791,C:2704,hardware,1308.98,2026-05-17
I:6797,C:4437,C:4659,catering,3786.7,2026-05-04
I:6798,C:4482,C:2329,logistics,364.0,2026-03-20
I:6799,C:893,C:4587,hardware,1137.17,2026-05-08
I:6800,C:2523,C:3895,hardware,1020.74,2026-01-09
I:6801,C:510,C:2140,hardware,2475.92,2026-03-19
I:6802,C:800,C:630,hardware,8782.08,2026-01-27
I:6803,C:4330,C:4222,construction,7626.16,2026-04-05
I:6804,C:2876,C:621,consulting,4014.38,2026-04-05
I:6805,C:2042,C:2456,construction,613.25,2026-02-15
I:6806,C:4531,C:3477,catering,1390.95,2026-05-18
I:6807,C:4685,C:4287,software,273.2,2026-04-26
I:6808,C:4206,C:2961,consulting,623.02,2026-06-03
I:6809,C:776,C:833,consulting,367.38,2026-02-17
I:6810,C:2116,C:2386,construction,1517.04,2026-03-03
I:6811,C:1332,C:3581,construction,886.27,2026-05-30
I:6812,C:1423,C:15,marketing,15175.22,2026-06-13
I:6813,C:100,C:2785,construction,1684.7,2026-03-23
I:6814,C:3217,C:4499,logistics,8765.65,2026-05-05
I:6815,C:4511,C:2537,hardware,1005.06,2026-06-28
I:6816,C:1343,C:3299,marketing,347.78,2026-01-11
I:6817,C:1105,C:1426,software,2115.53,2026-06-06
I:6818,C:1939,C:3476,construction,6975.36,2026-02-11
I:6819,C:184,C:2188,catering,4079.35,2026-06-12
I:6820,C:895,C:4371,construction,1734.54,2026-02-03
I:6821,C:2139,C:917,consulting,2304.25,2026-03-23
I:6822,C:271,C:UNREG49,construction,14260.44,2026-01-11
I:6823,C:4020,C:3313,construction,598.82,2026-04-28
I:6824,C:484,C:2401,hardware,243.47,2026-01-15
I:6825,C:1019,C:4548,logistics,2149.73,2026-03-18
I:6826,C:2816,C:964,hardware,1311.77,2026-03-21
I:6827,C:2676,C:UNREG46,consulting,3202.92,2026-03-19
I:6828,C:2595,C:4101,software,278.76,2026-04-09
I:6829,C:3759,C:2846,construction,611.92,2026-02-02
I:6830,C:1458,C:204,construction,277.66,2026-01-22
I:6831,C:3811,C:4169,logistics,1663.72,2026-01-04
I:6832,C:3518,C:3577,consulting,952.19,2026-06-18
I:6833,C:1752,C:3606,catering,3490.33,2026-01-27
I:6834,C:3997,C:4849,marketing,399.28,2026-04-01
I:6835,C:1623,C:2237,construction,3789.82,2026-06-01
I:6836,C:762,C:3618,software,2189.21,2026-03-11
I:6837,C:3524,C:4868,logistics,1752.77,2026-03-28
I:6838,C:3245,C:2389,consulting,3087.95,2026-06-24
I:6839,C:2576,C:4877,consulting,11820.47,2026-04-03
I:6840,C:1052,C:2612,consulting,1075.7,2026-05-14
I:6841,C:4947,C:872,consulting,1108.05,2026-01-09
I:6842,C:1155,C:3096,software,1557.99,2026-04-20
I:6843,C:2023,C:1567,hardware,1091.66,2026-05-20
I:6844,C:130,C:1809,catering,826.98,2026-06-28
I:6845,C:3898,C:4045,catering,2917.96,2026-04-20
I:6846,C:1417,C:2459,software,836.07,2026-01-03
I:6847,C:370,C:404,hardware,2441.06,2026-03-24
I:6848,C:2119,C:2291,marketing,4551.4,2026-02-18
I:6849,C:3215,C:145,logistics,1740.93,2026-06-23
I:6850,C:2593,C:4122,marketing,60.91,2026-03-18
I:6851,C:74,C:1701,software,528.44,2026-04-23
I:6852,C:1457,C:4267,software,2588.7,2026-04-09
I:6853,C:2456,C:2839,construction,1277.24,2026-01-01
I:6854,C:885,C:4958,consulting,648.12,2026-03-01
I:6855,C:1422,C:1368,construction,12183.34,2026-05-28
I:6856,C:2875,C:1022,catering,3338.34,2026-05-05
I:6857,C:1877,C:1007,hardware,5247.52,2026-04-09
I:6858,C:1106,C:4246,logistics,1283.22,2026-06-21
I:6859,C:4427,C:2674,construction,422.72,2026-06-18
I:6860,C:2135,C:4404,marketing,1502.55,2026-02-04
I:6861,C:4743,C:1427,software,1206.71,2026-01-01
I:6862,C:4145,C:466,logistics,2961.28,2026-06-13
I:6863,C:4984,C:1606,consulting,434.36,2026-04-23
I:6864,C:357,C:3978,marketing,1830.54,2026-06-19
I:6865,C:1445,C:1117,software,3518.96,2026-03-01
I:6866,C:1397,C:151,software,391.5,2026-02-27
I:6867,C:866,C:549,catering,213.23,2026-04-20
I:6868,C:2593,C:3907,catering,24300.83,2026-03-05
I:6869,C:4762,C:1675,consulting,24992.67,2026-02-28
I:6870,C:2104,C:1168,hardware,2862.77,2026-06-13
I:6871,C:4525,C:1720,logistics,1424.93,2026-01-12
I:6872,C:2900,C:4601,construction,1513.34,2026-01-01
I:6873,C:2031,C:3335,construction,666.82,2026-05-20
I:6874,C:759,C:2712,hardware,181.55,2026-02-11
I:6875,C:457,C:3966,catering,645.29,2026-01-15
I:6876,C:3650,C:1599,hardware,226.06,2026-01-06
I:6877,C:2121,C:3663,hardware,1993.87,2026-02-10
I:6878,C:994,C:4086,catering,463.86,2026-03-29
I:6879,C:284,C:300,hardware,1111.91,2026-01-08
I:6880,C:1927,C:1018,marketing,3882.24,2026-02-12
I:6881,C:2219,C:4000,catering,381.75,2026-02-25
I:6882,C:1302,C:1972,marketing,3656.88,2026-01-23
I:6883,C:9,C:1010,catering,3982.65,2026-06-20
I:6884,C:1637,C:2092,hardware,4510.63,2026-01-18
I:6885,C:2313,C:1297,logistics,388.35,2026-05-26
I:6886,C:1881,C:1944,marketing,1951.38,2026-04-18
I:6887,C:4382,C:3359,marketing,6492.84,2026-02-19
I:6888,C:1459,C:2392,software,638.36,2026-04-10
I:6889,C:525,C:4778,catering,708.6,2026-04-02
I:6890,C:4935,C:465,hardware,3024.35,2026-03-31
I:6891,C:4053,C:UNREG10,construction,2271.87,2026-06-18
I:6892,C:3441,C:2525,logistics,369.04,2026-06-14
I:6893,C:1033,C:1311,software,2317.24,2026-05-25
I:6894,C:140,C:3648,hardware,3038.0,2026-02-09
I:6895,C:4776,C:1061,consulting,2860.38,2026-05-19
I:6896,C:2218,C:1414,logistics,8740.84,2026-05-07
I:6897,C:3458,C:4915,software,624.72,2026-04-18
I:6898,C:511,C:980,marketing,985.24,2026-05-31
I:6899,C:1736,C:2562,hardware,245.15,2026-01-28
I:6900,C:3484,C:3148,marketing,4329.71,2026-03-24
I:6901,C:1175,C:419,logistics,228.55,2026-01-18
I:6902,C:3963,C:3223,consulting,590.41,2026-04-13
I:6903,C:4358,C:3669,marketing,213.51,2026-04-01
I:6904,C:4156,C:3062,consulting,2066.92,2026-01-14
I:6905,C:3864,C:2452,software,367.77,2026-06-13
I:6906,C:4158,C:960,catering,2787.51,2026-03-29
I:6907,C:4159,C:1919,software,3138.12,2026-05-19
I:6908,C:3152,C:4542,construction,819.95,2026-06-04
I:6909,C:1384,C:1701,software,6849.36,2026-02-24
I:6910,C:4470,C:3818,catering,1536.74,2026-04-13
I:6911,C:671,C:4289,hardware,9891.86,2026-01-10
I:6912,C:2443,C:2522,hardware,3320.78,2026-04-09
I:6913,C:2206,C:1579,catering,3151.42,2026-02-01
I:6914,C:4993,C:1498,consulting,1562.97,2026-04-18
I:6915,C:2853,C:568,hardware,874.08,2026-06-15
I:6916,C:3377,C:4755,consulting,994.01,2026-04-04
I:6917,C:1459,C:2377,consulting,6699.63,2026-02-21
I:6918,C:1016,C:1100,construction,2433.66,2026-03-14
I:6919,C:1563,C:2262,consulting,119.49,2026-06-15
I:6920,C:407,C:1458,marketing,325.58,2026-01-25
I:6921,C:3068,C:2989,hardware,7877.03,2026-05-10
I:6922,C:3898,C:3878,logistics,1141.35,2026-01-31
I:6923,C:816,C:347,consulting,4189.01,2026-03-13
I:6924,C:2038,C:2928,catering,43.86,2026-02-05
I:6925,C:2740,C:1417,catering,16323.52,2026-04-25
I:6926,C:3808,C:UNREG56,logistics,1073.21,2026-03-08
I:6927,C:81,C:3378,software,3165.71,2026-01-11
I:6928,C:4471,C:767,software,1909.08,2026-04-25
I:6929,C:1344,C:3169,construction,216.38,2026-04-25
I:6930,C:2167,C:1314,software,2757.47,2026-03-26
I:6931,C:812,C:1869,hardware,5687.93,2026-03-20
I:6932,C:4034,C:801,catering,530.9,2026-01-18
I:6933,C:4677,C:4270,construction,3269.72,2026-01-09
I:6934,C:3156,C:1847,construction,1024.38,2026-04-19
I:6935,C:3607,C:2907,software,1153.25,2026-04-26
I:6936,C:383,C:1688,marketing,1087.86,2026-03-03
I:6937,C:3585,C:1985,marketing,86.34,2026-04-06
I:6938,C:1817,C:1963,marketing,5019.37,2026-04-30
I:6939,C:3923,C:1602,software,3506.62,2026-05-26
I:6940,C:3327,C:4367,hardware,1574.81,2026-03-24
I:6941,C:857,C:4139,consulting,1411.99,2026-06-21
I:6942,C:781,C:1231,catering,1081.5,2026-02-15
I:6943,C:4691,C:777,marketing,1197.97,2026-05-13
I:6944,C:317,C:2518,logistics,393.85,2026-06-27
I:6945,C:3433,C:517,consulting,1835.28,2026-05-23
I:6946,C:4813,C:50,hardware,2399.92,2026-02-17
I:6947,C:4624,C:740,logistics,1050.36,2026-02-10
I:6948,C:1167,C:3663,hardware,1267.42,2026-05-06
I:6949,C:4584,C:4415,logistics,1822.23,2026-06-04
I:6950,C:2804,C:329,consulting,3210.07,2026-04-08
I:6951,C:1526,C:1973,logistics,208.39,2026-04-14
I:6952,C:2742,C:2136,logistics,623.11,2026-06-29
I:6953,C:2998,C:2513,hardware,325.94,2026-02-02
I:6954,C:4031,C:3798,hardware,3886.55,2026-01-28
I:6955,C:970,C:4234,catering,1569.06,2026-02-09
I:6956,C:3234,C:3657,software,313.47,2026-05-21
I:6957,C:3799,C:4124,software,1498.53,2026-02-12
I:6958,C:2877,C:1756,construction,1306.0,2026-03-23
I:6959,C:2249,C:3715,construction,1578.72,2026-06-22
I:6960,C:430,C:2723,catering,5488.13,2026-01-14
I:6961,C:119,C:3534,consulting,2536.71,2026-04-16
I:6962,C:2897,C:4372,consulting,1847.07,2026-01-23
I:6963,C:193,C:3318,construction,223.37,2026-04-05
I:6964,C:2558,C:547,consulting,685.94,2026-06-18
I:6965,C:1469,C:3633,consulting,682.26,2026-06-04
I:6966,C:47,C:1597,catering,301.38,2026-02-21
I:6967,C:1145,C:1714,hardware,1460.4,2026-03-28
I:6968,C:2377,C:3484,marketing,2828.39,2026-03-02
I:6969,C:1445,C:2473,consulting,9577.51,2026-01-12
I:6970,C:4138,C:2830,software,468.29,2026-02-24
I:6971,C:4216,C:1324,construction,2626.83,2026-02-07
I:6972,C:274,C:2467,marketing,1925.31,2026-01-27
I:6973,C:2207,C:1126,logistics,97.42,2026-01-02
I:6974,C:333,C:4613,software,155.07,2026-06-11
I:6975,C:3315,C:3045,construction,5005.56,2026-05-20
I:6976,C:3718,C:3761,construction,724.29,2026-05-06
I:6977,C:2898,C:519,hardware,7918.4,2026-05-06
I:6978,C:635,C:3066,marketing,4745.27,2026-05-17
I:6979,C:2302,C:4571,marketing,352.97,2026-06-10
I:6980,C:4455,C:2178,consulting,43270.18,2026-01-28
I:6981,C:4468,C:3787,construction,2485.11,2026-02-27
I:6982,C:449,C:700,construction,2049.68,2026-01-10
I:6983,C:786,C:1496,marketing,332.26,2026-04-05
I:6984,C:3667,C:2658,logistics,438.56,2026-03-18
I:6985,C:1791,C:3295,catering,5195.26,2026-01-30
I:6986,C:2910,C:1774,logistics,1707.39,2026-04-06
I:6987,C:3230,C:2178,catering,519.51,2026-02-12
I:6988,C:4727,C:700,hardware,315.48,2026-01-12
I:6989,C:4798,C:2383,hardware,729.41,2026-03-17
I:6990,C:2926,C:2771,hardware,798.42,2026-02-02
I:6991,C:3907,C:4271,software,7194.74,2026-04-14
I:6992,C:998,C:4747,logistics,507.7,2026-01-22
I:6993,C:2263,C:1114,hardware,1302.3,2026-03-27
I:6994,C:3385,C:2562,software,11623.17,2026-01-27
I:6995,C:12,C:3903,software,603.9,2026-01-16
I:6996,C:1446,C:913,construction,1146.37,2026-05-28
I:6997,C:2330,C:2753,logistics,996.32,2026-05-21
I:6998,C:12,C:4888,construction,2294.9,2026-06-18
I:6999,C:2281,C:2294,construction,659.97,2026-02-27
I:7000,C:2274,C:2218,logistics,11494.73,2026-02-10
I:7001,C:1292,C:1350,construction,2295.89,2026-01-31
I:7002,C:4907,C:1885,marketing,1426.28,2026-02-08
I:7003,C:830,C:501,marketing,995.38,2026-02-20
I:7004,C:3491,C:3676,construction,3183.84,2026-05-13
I:7005,C:1445,C:2957,consulting,510.73,2026-04-16
I:7006,C:4267,C:1220,marketing,2343.1,2026-02-27
I:7007,C:2821,C:363,marketing,4018.46,2026-05-21
I:7008,C:2722,C:506,consulting,1969.58,2026-06-13
I:7009,C:121,C:1911,software,660.07,2026-02-15
I:7010,C:3700,C:1411,marketing,69.35,2026-06-02
I:7011,C:304,C:2764,consulting,2398.09,2026-05-20
I:7012,C:3120,C:1857,marketing,2774.81,2026-03-06
I:7013,C:759,C:325,marketing,2141.89,2026-01-18
I:7014,C:939,C:977,logistics,118.51,2026-01-15
I:7015,C:3022,C:4647,marketing,760.84,2026-03-07
I:7016,C:2220,C:1324,logistics,1920.41,2026-06-14
I:7017,C:3637,C:4056,construction,1071.32,2026-06-16
I:7018,C:1123,C:998,consulting,968.15,2026-03-16
I:7019,C:4423,C:1910,consulting,2258.43,2026-04-27
I:7020,C:2884,C:3124,catering,208.25,2026-01-05
I:7021,C:1899,C:2149,catering,1231.31,2026-02-16
I:7022,C:155,C:3725,logistics,1629.05,2026-03-09
I:7023,C:2500,C:2460,logistics,3613.12,2026-06-10
I:7024,C:4526,C:2167,catering,4784.6,2026-01-28
I:7025,C:645,C:2322,consulting,450.1,2026-05-17
I:7026,C:2892,C:3474,catering,733.24,2026-04-07
I:7027,C:3782,C:2028,marketing,2238.85,2026-03-20
I:7028,C:81,C:4954,consulting,2150.6,2026-02-19
I:7029,C:2043,C:732,catering,849.5,2026-06-19
I:7030,C:4675,C:2984,software,721.81,2026-01-22
I:7031,C:386,C:455,software,5247.22,2026-05-08
I:7032,C:1451,C:3048,hardware,975.79,2026-04-21
I:7033,C:1292,C:574,marketing,1980.45,2026-02-02
I:7034,C:1943,C:3361,consulting,2864.8,2026-06-11
I:7035,C:2117,C:235,consulting,2607.86,2026-06-14
I:7036,C:3665,C:2904,consulting,11667.85,2026-04-16
I:7037,C:2318,C:111,logistics,810.88,2026-04-11
I:7038,C:1589,C:4542,marketing,2269.78,2026-01-13
I:7039,C:4801,C:3284,construction,949.57,2026-03-06
I:7040,C:4666,C:3554,hardware,302.13,2026-04-30
I:7041,C:1632,C:4606,logistics,1081.36,2026-01-17
I:7042,C:3367,C:2506,logistics,954.72,2026-05-12
I:7043,C:71,C:3049,catering,13155.42,2026-05-15
I:7044,C:4705,C:3303,marketing,1205.71,2026-02-22
I:7045,C:4285,C:1566,hardware,2405.57,2026-06-11
I:7046,C:2893,C:3584,logistics,2429.0,2026-04-23
I:7047,C:4126,C:2050,construction,5803.18,2026-04-22
I:7048,C:3350,C:2376,consulting,151.97,2026-05-30
I:7049,C:190,C:3618,consulting,1593.08,2026-04-19
I:7050,C:4404,C:1950,logistics,12924.97,2026-02-09
I:7051,C:1027,C:825,software,2121.96,2026-01-29
I:7052,C:2932,C:3269,consulting,1943.89,2026-03-08
I:7053,C:3200,C:3855,consulting,761.65,2026-04-07
I:7054,C:4209,C:3877,construction,183.01,2026-05-02
I:7055,C:128,C:4330,software,4299.61,2026-01-18
I:7056,C:281,C:4119,hardware,1360.03,2026-06-23
I:7057,C:4191,C:2997,catering,55.8,2026-02-21
I:7058,C:1321,C:4376,construction,136.23,2026-04-23
I:7059,C:2166,C:1770,catering,6434.56,2026-05-14
I:7060,C:4840,C:UNREG65,marketing,3155.53,2026-06-10
I:7061,C:3910,C:3346,marketing,498.01,2026-06-23
I:7062,C:1079,C:3921,hardware,2124.62,2026-03-04
I:7063,C:3782,C:1075,consulting,322.9,2026-01-28
I:7064,C:3037,C:1856,logistics,508.41,2026-01-14
I:7065,C:1640,C:1981,logistics,4376.82,2026-05-06
I:7066,C:2404,C:2000,software,1202.37,2026-05-09
I:7067,C:920,C:1359,software,796.7,2026-02-23
I:7068,C:374,C:321,software,155.23,2026-06-12
I:7069,C:4906,C:1782,catering,889.43,2026-04-25
I:7070,C:3669,C:1034,marketing,1321.65,2026-04-11
I:7071,C:845,C:930,hardware,3087.28,2026-06-20
I:7072,C:4900,C:1642,construction,1945.22,2026-06-13
I:7073,C:2919,C:3684,software,1090.07,2026-06-01
I:7074,C:660,C:6,logistics,302.19,2026-02-22
I:7075,C:2420,C:214,hardware,4625.82,2026-02-12
I:7076,C:3851,C:4837,consulting,114.44,2026-02-14
I:7077,C:1667,C:1271,hardware,1061.29,2026-02-20
I:7078,C:1712,C:3018,consulting,342.62,2026-01-11
I:7079,C:129,C:4139,catering,1319.66,2026-06-01
I:7080,C:4210,C:730,logistics,580.7,2026-03-07
I:7081,C:98,C:585,hardware,37.96,2026-05-10
I:7082,C:928,C:2135,consulting,2343.1,2026-01-26
I:7083,C:3645,C:2935,marketing,309.06,2026-02-21
I:7084,C:744,C:4579,marketing,1141.62,2026-06-02
I:7085,C:1486,C:4702,consulting,2505.33,2026-02-19
I:7086,C:UNREG16,C:100,logistics,146.3,2026-01-29
I:7087,C:387,C:1728,construction,196.07,2026-04-11
I:7088,C:769,C:4571,marketing,1731.27,2026-04-28
I:7089,C:947,C:1014,consulting,3617.09,2026-04-30
I:7090,C:2607,C:3636,marketing,2230.0,2026-03-31
I:7091,C:4301,C:2981,construction,3264.37,2026-04-16
I:7092,C:488,C:1074,consulting,2065.78,2026-05-15
I:7093,C:52,C:2762,hardware,818.53,2026-02-16
I:7094,C:113,C:1833,logistics,5575.07,2026-04-27
I:7095,C:1390,C:2790,marketing,1148.22,2026-03-28
I:7096,C:2633,C:2527,hardware,194.8,2026-04-01
I:7097,C:4749,C:3304,catering,1774.37,2026-05-04
I:7098,C:3490,C:3431,logistics,976.92,2026-03-21
I:7099,C:1124,C:1426,consulting,2097.41,2026-01-10
I:7100,C:1652,C:2567,software,987.76,2026-05-22
I:7101,C:3579,C:2348,hardware,555.13,2026-05-26
I:7102,C:1804,C:2576,marketing,46.44,2026-05-30
I:7103,C:3446,C:1216,software,604.92,2026-02-24
I:7104,C:4598,C:334,marketing,953.15,2026-02-27
I:7105,C:2355,C:2383,hardware,2054.15,2026-04-06
I:7106,C:4454,C:3280,marketing,503.17,2026-06-17
I:7107,C:672,C:4543,logistics,915.16,2026-04-20
I:7108,C:1973,C:1562,hardware,1375.85,2026-02-22
I:7109,C:2868,C:4916,software,4028.91,2026-06-26
I:7110,C:1791,C:2101,hardware,1144.76,2026-06-21
I:7111,C:943,C:564,catering,109.92,2026-06-13
I:7112,C:4378,C:4803,consulting,396.69,2026-04-04
I:7113,C:54,C:508,software,2414.65,2026-03-29
I:7114,C:3708,C:4457,logistics,743.51,2026-05-02
I:7115,C:2406,C:2310,construction,1455.14,2026-06-05
I:7116,C:597,C:2191,logistics,1455.83,2026-06-03
I:7117,C:820,C:2432,software,24496.14,2026-05-02
I:7118,C:395,C:4077,construction,1703.67,2026-03-28
I:7119,C:4142,C:4637,logistics,226.01,2026-01-11
I:7120,C:381,C:177,software,4465.98,2026-01-18
I:7121,C:562,C:477,consulting,1586.75,2026-04-02
I:7122,C:1067,C:4810,logistics,973.73,2026-04-10
I:7123,C:4313,C:3038,construction,5944.17,2026-06-03
I:7124,C:1863,C:364,consulting,632.09,2026-03-01
I:7125,C:2972,C:3900,software,1142.68,2026-03-31
I:7126,C:2011,C:2322,hardware,316.9,2026-02-02
I:7127,C:1869,C:4899,hardware,5206.4,2026-03-06
I:7128,C:1181,C:4730,consulting,20690.96,2026-01-09
I:7129,C:1670,C:2313,software,498.61,2026-01-14
I:7130,C:1189,C:924,software,107.15,2026-06-18
I:7131,C:2967,C:3292,software,3049.47,2026-03-03
I:7132,C:3822,C:2573,marketing,576.63,2026-01-19
I:7133,C:4460,C:2690,logistics,354.25,2026-03-06
I:7134,C:2714,C:1660,hardware,8933.84,2026-06-04
I:7135,C:4991,C:3599,hardware,523.21,2026-01-20
I:7136,C:2288,C:2621,marketing,475.29,2026-06-09
I:7137,C:2640,C:214,software,14539.91,2026-03-05
I:7138,C:892,C:3513,construction,2638.65,2026-01-18
I:7139,C:4688,C:1566,software,281.51,2026-02-16
I:7140,C:729,C:265,consulting,185.77,2026-03-12
I:7141,C:1105,C:357,software,852.03,2026-06-04
I:7142,C:4571,C:907,software,1512.0,2026-05-23
I:7143,C:1716,C:3732,software,9527.82,2026-05-28
I:7144,C:1254,C:920,catering,986.61,2026-04-19
I:7145,C:321,C:1951,catering,2969.7,2026-04-14
I:7146,C:42,C:3963,marketing,5779.31,2026-06-12
I:7147,C:2227,C:1875,construction,423.84,2026-01-14
I:7148,C:3369,C:3638,marketing,336.47,2026-01-18
I:7149,C:1623,C:856,construction,702.55,2026-01-28
I:7150,C:4739,C:206,logistics,1620.8,2026-06-15
I:7151,C:2537,C:2645,logistics,852.95,2026-04-25
I:7152,C:1415,C:4190,software,24976.55,2026-01-20
I:7153,C:839,C:65,construction,2089.22,2026-01-08
I:7154,C:748,C:617,consulting,961.49,2026-06-28
I:7155,C:231,C:1479,construction,591.41,2026-03-17
I:7156,C:1963,C:4076,catering,5555.21,2026-05-03
I:7157,C:4034,C:103,consulting,1408.58,2026-06-11
I:7158,C:2219,C:2098,catering,304.09,2026-02-25
I:7159,C:3593,C:4602,logistics,2366.14,2026-03-31
I:7160,C:557,C:4890,construction,18742.66,2026-04-11
I:7161,C:3922,C:294,catering,828.06,2026-03-25
I:7162,C:4861,C:448,consulting,3088.29,2026-02-09
I:7163,C:3335,C:3012,marketing,401.69,2026-03-27
I:7164,C:3299,C:1224,hardware,2915.02,2026-05-09
I:7165,C:3241,C:3356,marketing,152.99,2026-05-04
I:7166,C:3943,C:1878,catering,2549.89,2026-05-27
I:7167,C:2063,C:3746,hardware,209.7,2026-04-18
I:7168,C:1274,C:2708,hardware,2166.63,2026-01-26
I:7169,C:3724,C:2804,marketing,508.92,2026-01-01
I:7170,C:921,C:3191,marketing,599.68,2026-01-05
I:7171,C:3211,C:4209,logistics,1497.49,2026-05-10
I:7172,C:958,C:212,construction,646.53,2026-03-18
I:7173,C:2857,C:2534,consulting,115.52,2026-01-11
I:7174,C:697,C:2816,consulting,377.8,2026-04-03
I:7175,C:4912,C:3549,construction,2707.02,2026-02-13
I:7176,C:3526,C:570,consulting,564.1,2026-05-25
I:7177,C:2141,C:3161,hardware,925.48,2026-01-17
I:7178,C:4942,C:532,catering,720.65,2026-06-17
I:7179,C:4184,C:2911,software,600.22,2026-04-24
I:7180,C:75,C:1267,hardware,1999.78,2026-01-27
I:7181,C:4947,C:3506,hardware,953.15,2026-06-23
I:7182,C:2779,C:3249,hardware,501.8,2026-02-03
I:7183,C:2390,C:1017,software,1999.22,2026-03-15
I:7184,C:1895,C:1403,marketing,1815.37,2026-01-12
I:7185,C:1330,C:1889,consulting,320.86,2026-03-07
I:7186,C:2260,C:4621,logistics,426.76,2026-01-05
I:7187,C:2168,C:1191,logistics,2873.8,2026-03-01
I:7188,C:2582,C:1986,marketing,1721.22,2026-05-20
I:7189,C:4031,C:1855,logistics,1667.46,2026-02-24
I:7190,C:4376,C:212,catering,43.99,2026-06-26
I:7191,C:4895,C:1293,consulting,247.86,2026-02-07
I:7192,C:2708,C:2948,software,3044.99,2026-04-21
I:7193,C:3923,C:2705,consulting,1732.84,2026-06-17
I:7194,C:954,C:30,consulting,462.41,2026-06-19
I:7195,C:3059,C:1431,software,1684.04,2026-06-03
I:7196,C:1787,C:1235,consulting,2500.1,2026-06-02
I:7197,C:3986,C:2522,logistics,8795.68,2026-04-01
I:7198,C:4749,C:1481,software,1797.89,2026-02-12
I:7199,C:4532,C:1561,construction,786.49,2026-06-16
I:7200,C:1639,C:4538,marketing,1769.1,2026-01-12
I:7201,C:1598,C:1798,logistics,354.51,2026-03-08
I:7202,C:1190,C:1189,software,1308.26,2026-05-14
I:7203,C:902,C:1591,marketing,2799.5,2026-06-05
I:7204,C:2237,C:387,software,1025.73,2026-02-12
I:7205,C:894,C:3867,logistics,1159.37,2026-01-21
I:7206,C:1664,C:1150,marketing,394.49,2026-02-16
I:7207,C:4318,C:4877,logistics,631.04,2026-02-15
I:7208,C:2251,C:UNREG35,logistics,7113.17,2026-05-19
I:7209,C:501,C:1311,catering,1642.24,2026-02-27
I:7210,C:63,C:871,hardware,500.96,2026-01-13
I:7211,C:4049,C:549,marketing,1607.9,2026-01-03
I:7212,C:4850,C:4358,catering,112.92,2026-01-01
I:7213,C:4868,C:2062,software,2605.33,2026-03-23
I:7214,C:956,C:114,software,2632.16,2026-03-28
I:7215,C:2005,C:3569,software,338.7,2026-04-04
I:7216,C:1824,C:4104,hardware,4313.61,2026-02-12
I:7217,C:1712,C:3470,catering,737.63,2026-02-06
I:7218,C:1879,C:2294,software,1420.42,2026-05-12
I:7219,C:548,C:2384,software,4220.64,2026-01-29
I:7220,C:946,C:4739,consulting,238.42,2026-02-25
I:7221,C:3534,C:1274,marketing,6622.92,2026-03-29
I:7222,C:2587,C:1637,marketing,3508.85,2026-04-02
I:7223,C:2535,C:2502,consulting,2282.77,2026-05-14
I:7224,C:4587,C:2026,hardware,435.74,2026-05-23
I:7225,C:1602,C:2158,consulting,2549.31,2026-06-20
I:7226,C:3120,C:1386,consulting,379.11,2026-05-18
I:7227,C:519,C:1397,consulting,3389.36,2026-05-18
I:7228,C:18,C:4596,software,211.8,2026-04-03
I:7229,C:717,C:4191,logistics,149.55,2026-03-07
I:7230,C:3963,C:456,marketing,1398.36,2026-01-30
I:7231,C:2095,C:4789,marketing,2047.89,2026-01-16
I:7232,C:1152,C:3032,hardware,486.75,2026-01-18
I:7233,C:4497,C:4706,marketing,703.42,2026-05-12
I:7234,C:408,C:3022,hardware,109.32,2026-01-26
I:7235,C:1831,C:3531,marketing,451.68,2026-05-07
I:7236,C:3508,C:3728,software,2536.08,2026-01-28
I:7237,C:3271,C:3833,marketing,3164.09,2026-01-19
I:7238,C:237,C:3130,software,19123.11,2026-02-05
I:7239,C:826,C:1558,construction,1103.0,2026-03-22
I:7240,C:2520,C:4582,software,2131.29,2026-05-18
I:7241,C:4691,C:1845,marketing,664.83,2026-05-28
I:7242,C:373,C:128,software,3002.82,2026-02-19
I:7243,C:3827,C:4853,hardware,451.48,2026-02-28
I:7244,C:4732,C:4535,catering,1411.49,2026-06-01
I:7245,C:1396,C:3371,construction,830.45,2026-06-23
I:7246,C:1578,C:4872,catering,2874.68,2026-03-12
I:7247,C:4092,C:1371,construction,830.09,2026-05-17
I:7248,C:978,C:3646,software,7375.88,2026-06-19
I:7249,C:3993,C:4948,software,3604.98,2026-05-14
I:7250,C:4859,C:2926,hardware,787.1,2026-01-31
I:7251,C:2817,C:2543,marketing,12862.89,2026-03-04
I:7252,C:645,C:4495,software,2235.76,2026-03-04
I:7253,C:1050,C:1880,hardware,207.76,2026-04-17
I:7254,C:4475,C:4776,software,111.37,2026-06-04
I:7255,C:2375,C:3032,logistics,1251.56,2026-05-15
I:7256,C:2636,C:919,software,5095.02,2026-03-09
I:7257,C:2696,C:4269,marketing,683.54,2026-06-17
I:7258,C:4070,C:618,software,75.13,2026-04-15
I:7259,C:1174,C:4680,software,195.72,2026-01-29
I:7260,C:4534,C:4225,marketing,871.57,2026-05-12
I:7261,C:2503,C:257,hardware,1912.38,2026-05-20
I:7262,C:3254,C:483,construction,1344.91,2026-02-04
I:7263,C:3160,C:1449,hardware,326.91,2026-03-25
I:7264,C:4155,C:1180,consulting,3045.44,2026-04-02
I:7265,C:721,C:45,logistics,15243.52,2026-05-27
I:7266,C:475,C:1570,software,641.22,2026-04-01
I:7267,C:117,C:2167,logistics,2387.27,2026-02-24
I:7268,C:4191,C:1309,construction,653.43,2026-06-27
I:7269,C:798,C:2398,construction,64.1,2026-06-04
I:7270,C:4416,C:2914,consulting,625.62,2026-01-22
I:7271,C:UNREG9,C:3416,construction,229.45,2026-01-27
I:7272,C:750,C:4196,construction,5505.41,2026-06-08
I:7273,C:2689,C:4331,software,2317.33,2026-04-15
I:7274,C:1412,C:1137,catering,363.61,2026-02-21
I:7275,C:432,C:187,marketing,4424.82,2026-03-31
I:7276,C:871,C:2056,construction,489.36,2026-01-15
I:7277,C:4927,C:4330,marketing,712.39,2026-04-25
I:7278,C:4318,C:26,consulting,738.07,2026-05-21
I:7279,C:4182,C:150,hardware,1756.91,2026-01-23
I:7280,C:1822,C:4130,catering,1267.77,2026-02-25
I:7281,C:3545,C:783,consulting,1880.62,2026-03-26
I:7282,C:3760,C:2023,hardware,630.19,2026-03-24
I:7283,C:1935,C:4980,hardware,4065.8,2026-03-23
I:7284,C:784,C:4536,construction,212.89,2026-03-30
I:7285,C:2916,C:4398,consulting,2197.13,2026-05-29
I:7286,C:2779,C:2478,catering,444.87,2026-02-08
I:7287,C:1215,C:3732,logistics,2295.92,2026-01-31
I:7288,C:4478,C:2700,software,5165.94,2026-01-06
I:7289,C:3805,C:4117,marketing,859.49,2026-01-09
I:7290,C:415,C:1531,catering,4266.82,2026-01-26
I:7291,C:1390,C:3437,catering,778.76,2026-03-13
I:7292,C:4366,C:3058,software,64.26,2026-03-19
I:7293,C:4268,C:2070,marketing,1416.64,2026-06-15
I:7294,C:1200,C:95,marketing,715.07,2026-04-27
I:7295,C:1411,C:3604,consulting,4854.98,2026-05-08
I:7296,C:2756,C:4747,construction,274.15,2026-04-12
I:7297,C:2818,C:275,construction,321.29,2026-05-22
I:7298,C:1879,C:396,consulting,3786.46,2026-04-15
I:7299,C:3204,C:2388,logistics,28517.97,2026-02-05
I:7300,C:2726,C:2134,consulting,12057.39,2026-04-08
I:7301,C:1820,C:4184,software,1894.77,2026-03-04
I:7302,C:390,C:2821,marketing,280.58,2026-05-03
I:7303,C:303,C:UNREG38,construction,660.34,2026-01-17
I:7304,C:2015,C:4443,catering,788.54,2026-06-23
I:7305,C:334,C:68,hardware,1055.31,2026-04-29
I:7306,C:2847,C:4058,marketing,68.11,2026-03-16
I:7307,C:1619,C:4162,catering,1267.85,2026-04-17
I:7308,C:3660,C:3338,logistics,268.94,2026-02-20
I:7309,C:1252,C:2148,software,6116.73,2026-05-05
I:7310,C:3662,C:4965,hardware,603.02,2026-06-05
I:7311,C:1532,C:2974,logistics,1351.22,2026-06-06
I:7312,C:3329,C:3945,construction,258.39,2026-06-27
I:7313,C:3569,C:4158,consulting,2385.29,2026-02-26
I:7314,C:3150,C:1525,catering,2787.04,2026-01-04
I:7315,C:3643,C:3501,construction,2511.82,2026-03-28
I:7316,C:4869,C:4768,hardware,899.96,2026-05-24
I:7317,C:3689,C:4317,consulting,4838.78,2026-03-05
I:7318,C:872,C:3216,construction,695.61,2026-05-07
I:7319,C:533,C:961,software,3918.79,2026-04-03
I:7320,C:379,C:29,logistics,2030.29,2026-03-07
I:7321,C:293,C:1571,software,156.34,2026-03-11
I:7322,C:1880,C:533,consulting,10595.9,2026-01-01
I:7323,C:3397,C:1537,logistics,1728.33,2026-04-01
I:7324,C:54,C:3171,catering,2086.66,2026-05-08
I:7325,C:479,C:2461,software,9728.42,2026-01-30
I:7326,C:3430,C:3201,software,769.13,2026-04-28
I:7327,C:688,C:3790,consulting,26.36,2026-05-26
I:7328,C:2505,C:3042,software,3272.87,2026-01-28
I:7329,C:1727,C:814,catering,510.39,2026-02-23
I:7330,C:2398,C:2583,software,424.98,2026-05-10
I:7331,C:3358,C:3672,software,2649.27,2026-06-21
I:7332,C:704,C:2305,consulting,6014.52,2026-04-22
I:7333,C:2735,C:954,consulting,741.26,2026-02-07
I:7334,C:4743,C:1125,marketing,929.01,2026-06-17
I:7335,C:505,C:2576,construction,2762.01,2026-06-11
I:7336,C:1487,C:4373,catering,1093.46,2026-03-28
I:7337,C:768,C:2567,software,230.89,2026-02-18
I:7338,C:2329,C:4237,catering,722.33,2026-01-24
I:7339,C:4632,C:4283,logistics,1026.66,2026-01-18
I:7340,C:4487,C:2584,consulting,1911.45,2026-02-21
I:7341,C:3890,C:2546,logistics,568.24,2026-03-02
I:7342,C:2782,C:4082,catering,243.91,2026-01-23
I:7343,C:2062,C:1734,marketing,8372.32,2026-03-16
I:7344,C:886,C:448,hardware,755.07,2026-03-21
I:7345,C:1083,C:1009,marketing,834.17,2026-05-16
I:7346,C:3281,C:2178,construction,373.3,2026-01-23
I:7347,C:714,C:4673,software,420.44,2026-06-01
I:7348,C:2192,C:1113,construction,397.01,2026-01-09
I:7349,C:3205,C:2125,logistics,140.7,2026-02-02
I:7350,C:1442,C:2703,logistics,5012.01,2026-01-29
I:7351,C:829,C:1445,software,1750.68,2026-02-01
I:7352,C:1808,C:4351,consulting,144.8,2026-01-03
I:7353,C:2016,C:2359,software,147.61,2026-02-01
I:7354,C:484,C:1024,software,127.69,2026-04-01
I:7355,C:4428,C:777,marketing,4640.96,2026-02-24
I:7356,C:2984,C:4875,construction,286.27,2026-03-02
I:7357,C:4654,C:2046,consulting,4050.67,2026-06-11
I:7358,C:3332,C:1704,hardware,519.16,2026-06-01
I:7359,C:3085,C:3299,catering,175.81,2026-02-15
I:7360,C:409,C:699,software,785.31,2026-03-24
I:7361,C:2027,C:3711,logistics,309.17,2026-02-14
I:7362,C:2951,C:2615,logistics,803.7,2026-02-23
I:7363,C:1968,C:751,consulting,1617.35,2026-04-02
I:7364,C:2189,C:1890,catering,1104.71,2026-04-05
I:7365,C:218,C:4637,catering,776.28,2026-06-07
I:7366,C:208,C:4003,consulting,3431.11,2026-01-04
I:7367,C:4904,C:4223,catering,507.04,2026-04-03
I:7368,C:3810,C:2039,consulting,2252.11,2026-01-10
I:7369,C:2416,C:4598,consulting,3908.27,2026-02-07
I:7370,C:4225,C:2883,construction,171.51,2026-02-09
I:7371,C:4711,C:4179,consulting,758.08,2026-04-02
I:7372,C:4904,C:3443,construction,3339.68,2026-04-12
I:7373,C:373,C:2370,software,8063.58,2026-05-22
I:7374,C:665,C:389,catering,681.95,2026-02-24
I:7375,C:4634,C:2240,marketing,786.49,2026-06-18
I:7376,C:815,C:935,marketing,997.22,2026-02-25
I:7377,C:UNREG30,C:4326,construction,161.68,2026-02-22
I:7378,C:1589,C:773,hardware,118.54,2026-02-12
I:7379,C:2206,C:3819,consulting,6127.53,2026-05-02
I:7380,C:449,C:450,software,54.0,2026-06-18
I:7381,C:UNREG22,C:3080,software,545.82,2026-03-02
I:7382,C:2680,C:1335,logistics,654.73,2026-04-29
I:7383,C:1613,C:1750,consulting,1401.53,2026-04-09
I:7384,C:2101,C:1569,consulting,2112.97,2026-06-27
I:7385,C:2546,C:4216,logistics,1283.49,2026-03-30
I:7386,C:3751,C:2037,logistics,8202.27,2026-01-23
I:7387,C:3663,C:4442,consulting,5327.74,2026-05-23
I:7388,C:4482,C:2729,catering,189.64,2026-06-08
I:7389,C:1034,C:2317,marketing,573.24,2026-02-02
I:7390,C:2398,C:144,catering,5625.15,2026-06-20
I:7391,C:1804,C:665,software,343.15,2026-05-30
I:7392,C:4366,C:2834,marketing,5735.96,2026-06-07
I:7393,C:324,C:2892,logistics,24602.57,2026-04-04
I:7394,C:3502,C:1901,software,1114.86,2026-02-12
I:7395,C:1324,C:738,marketing,468.38,2026-02-04
I:7396,C:293,C:2724,marketing,2110.59,2026-02-02
I:7397,C:3472,C:1019,logistics,482.63,2026-04-05
I:7398,C:4070,C:3815,catering,6771.91,2026-05-26
I:7399,C:725,C:932,consulting,783.12,2026-06-27
I:7400,C:3911,C:412,consulting,926.21,2026-05-26
I:7401,C:658,C:549,marketing,3865.07,2026-04-10
I:7402,C:4670,C:2900,marketing,460.76,2026-04-21
I:7403,C:4549,C:4496,software,618.37,2026-06-12
I:7404,C:2598,C:4306,hardware,533.67,2026-03-27
I:7405,C:1832,C:4466,hardware,312.73,2026-03-28
I:7406,C:3470,C:4648,marketing,4683.86,2026-03-23
I:7407,C:3588,C:2170,hardware,577.59,2026-06-01
I:7408,C:98,C:2619,hardware,1742.45,2026-01-01
I:7409,C:686,C:1987,catering,799.25,2026-06-26
I:7410,C:2762,C:1690,software,686.95,2026-04-08
I:7411,C:520,C:3101,catering,5000.06,2026-01-01
I:7412,C:3439,C:481,logistics,829.86,2026-06-10
I:7413,C:3230,C:3581,software,1324.85,2026-06-29
I:7414,C:1450,C:2942,construction,244.53,2026-06-25
I:7415,C:386,C:3838,catering,4849.67,2026-06-28
I:7416,C:2696,C:664,logistics,1228.76,2026-04-06
I:7417,C:886,C:1251,software,1006.68,2026-05-31
I:7418,C:3658,C:2238,logistics,2993.8,2026-01-21
I:7419,C:119,C:4247,logistics,1359.97,2026-03-16
I:7420,C:3177,C:3401,catering,2289.73,2026-03-20
I:7421,C:297,C:2643,construction,1426.18,2026-05-10
I:7422,C:3353,C:4641,logistics,225.06,2026-02-22
I:7423,C:4838,C:1586,logistics,141.59,2026-04-17
I:7424,C:4108,C:3654,hardware,2017.45,2026-03-09
I:7425,C:3888,C:2410,software,481.97,2026-03-26
I:7426,C:930,C:664,consulting,273.34,2026-03-08
I:7427,C:463,C:4267,software,544.54,2026-06-02
I:7428,C:1832,C:3097,marketing,873.25,2026-03-09
I:7429,C:2071,C:2826,hardware,2412.53,2026-05-17
I:7430,C:1028,C:3234,construction,221.56,2026-01-21
I:7431,C:3206,C:16,consulting,725.87,2026-05-13
I:7432,C:3434,C:793,catering,2139.92,2026-05-15
I:7433,C:2199,C:2360,marketing,474.58,2026-02-17
I:7434,C:1147,C:3724,software,2016.47,2026-01-21
I:7435,C:1180,C:4992,logistics,981.16,2026-01-14
I:7436,C:814,C:2564,marketing,266.78,2026-03-14
I:7437,C:3331,C:4513,software,59.59,2026-05-06
I:7438,C:3014,C:3120,software,183.56,2026-01-22
I:7439,C:4755,C:3287,hardware,1377.38,2026-01-25
I:7440,C:1091,C:159,consulting,597.66,2026-03-24
I:7441,C:1941,C:4915,hardware,409.26,2026-01-29
I:7442,C:956,C:830,software,4023.87,2026-05-14
I:7443,C:4280,C:3695,consulting,155.04,2026-03-01
I:7444,C:4746,C:4868,construction,320.96,2026-02-18
I:7445,C:3615,C:2228,consulting,1113.57,2026-06-21
I:7446,C:1477,C:4799,consulting,5819.21,2026-03-03
I:7447,C:3871,C:199,software,600.07,2026-06-01
I:7448,C:1620,C:1316,consulting,3096.05,2026-03-25
I:7449,C:1183,C:1880,marketing,620.63,2026-06-18
I:7450,C:1696,C:4035,logistics,569.81,2026-03-17
I:7451,C:220,C:2289,software,873.89,2026-05-17
I:7452,C:755,C:1465,hardware,234.34,2026-04-19
I:7453,C:53,C:2293,marketing,780.29,2026-01-14
I:7454,C:3786,C:2061,catering,251.75,2026-06-23
I:7455,C:2015,C:4399,consulting,3246.95,2026-05-11
I:7456,C:2661,C:2236,software,1656.5,2026-02-16
I:7457,C:3584,C:3675,construction,2942.45,2026-06-22
I:7458,C:1257,C:1980,logistics,283.93,2026-06-11
I:7459,C:2440,C:1072,hardware,530.63,2026-03-29
I:7460,C:2371,C:UNREG48,construction,1044.8,2026-06-09
I:7461,C:2241,C:956,construction,1946.45,2026-06-27
I:7462,C:4739,C:1503,marketing,7373.67,2026-01-18
I:7463,C:4272,C:2433,hardware,494.79,2026-02-09
I:7464,C:17,C:3828,consulting,3592.19,2026-02-02
I:7465,C:3381,C:3969,logistics,660.4,2026-03-09
I:7466,C:4415,C:3398,construction,4884.53,2026-03-18
I:7467,C:732,C:3550,consulting,696.99,2026-04-29
I:7468,C:1859,C:234,catering,1282.29,2026-06-09
I:7469,C:4182,C:874,marketing,384.75,2026-05-04
I:7470,C:4592,C:2395,hardware,5899.06,2026-01-14
I:7471,C:4073,C:2900,logistics,1609.48,2026-03-06
I:7472,C:1958,C:931,hardware,594.2,2026-06-09
I:7473,C:1783,C:935,construction,1255.11,2026-04-29
I:7474,C:1189,C:2563,logistics,1807.76,2026-01-08
I:7475,C:1734,C:3597,logistics,3905.01,2026-03-11
I:7476,C:4813,C:3182,catering,1371.29,2026-02-05
I:7477,C:2256,C:3003,logistics,1164.74,2026-06-23
I:7478,C:104,C:4605,marketing,2530.99,2026-02-11
I:7479,C:1590,C:3796,logistics,402.75,2026-01-10
I:7480,C:4038,C:2923,hardware,3680.65,2026-06-28
I:7481,C:3348,C:2047,hardware,6852.99,2026-02-15
I:7482,C:3760,C:3270,software,977.03,2026-05-26
I:7483,C:3575,C:2822,marketing,436.21,2026-04-06
I:7484,C:3837,C:133,consulting,192.94,2026-01-03
I:7485,C:1140,C:4950,marketing,6173.14,2026-03-01
I:7486,C:2222,C:136,consulting,2865.51,2026-05-03
I:7487,C:457,C:4950,construction,2165.23,2026-03-26
I:7488,C:4242,C:3326,marketing,1619.95,2026-04-17
I:7489,C:4049,C:3947,marketing,2991.12,2026-01-07
I:7490,C:3586,C:4947,consulting,1066.36,2026-04-28
I:7491,C:3934,C:4004,construction,6437.54,2026-06-26
I:7492,C:2775,C:1270,software,1090.41,2026-04-09
I:7493,C:4022,C:3639,hardware,541.79,2026-03-26
I:7494,C:2166,C:979,catering,898.44,2026-06-27
I:7495,C:2411,C:2319,software,249.6,2026-03-28
I:7496,C:2487,C:4202,logistics,400.78,2026-04-25
I:7497,C:4772,C:4176,logistics,318.32,2026-03-22
I:7498,C:1988,C:3996,hardware,4562.91,2026-06-29
I:7499,C:1946,C:3277,construction,4420.56,2026-04-06
I:7500,C:4964,C:1774,catering,1001.21,2026-04-15
I:7501,C:1909,C:4037,hardware,952.82,2026-05-04
I:7502,C:423,C:474,consulting,3368.6,2026-02-14
I:7503,C:3234,C:76,hardware,1822.27,2026-04-13
I:7504,C:2479,C:1168,marketing,270.51,2026-03-26
I:7505,C:2604,C:4903,catering,1797.37,2026-04-21
I:7506,C:3514,C:2934,hardware,1508.29,2026-06-06
I:7507,C:1032,C:2918,marketing,2016.93,2026-05-02
I:7508,C:4650,C:262,consulting,435.96,2026-01-28
I:7509,C:2861,C:1091,logistics,710.45,2026-01-17
I:7510,C:913,C:4711,software,2611.37,2026-04-18
I:7511,C:2609,C:2857,marketing,4366.65,2026-02-09
I:7512,C:2982,C:2620,marketing,50.91,2026-01-12
I:7513,C:3880,C:4619,construction,427.48,2026-06-26
I:7514,C:1546,C:4507,catering,1219.05,2026-04-03
I:7515,C:4115,C:3253,software,1212.49,2026-04-08
I:7516,C:4000,C:1968,logistics,834.62,2026-06-15
I:7517,C:2908,C:3989,logistics,8064.73,2026-01-28
I:7518,C:2460,C:4798,catering,2058.19,2026-02-19
I:7519,C:3811,C:830,consulting,654.47,2026-03-17
I:7520,C:1016,C:994,logistics,808.15,2026-05-20
I:7521,C:2687,C:4604,marketing,189.65,2026-03-30
I:7522,C:4606,C:3032,catering,1939.06,2026-01-01
I:7523,C:2656,C:4625,software,4330.02,2026-04-10
I:7524,C:4524,C:4776,marketing,2423.48,2026-03-17
I:7525,C:542,C:3426,software,367.14,2026-01-13
I:7526,C:4204,C:3994,marketing,2805.13,2026-06-08
I:7527,C:70,C:618,marketing,330.87,2026-03-14
I:7528,C:2995,C:3043,logistics,234.39,2026-05-15
I:7529,C:4766,C:2969,software,1191.33,2026-02-25
I:7530,C:4702,C:3157,construction,3499.5,2026-05-21
I:7531,C:1893,C:34,software,7566.63,2026-03-13
I:7532,C:3620,C:2951,catering,412.19,2026-02-11
I:7533,C:2256,C:2987,consulting,2763.36,2026-06-22
I:7534,C:1218,C:1522,catering,465.75,2026-05-02
I:7535,C:231,C:1576,marketing,2126.72,2026-04-25
I:7536,C:4308,C:4345,consulting,7653.99,2026-05-06
I:7537,C:4276,C:578,consulting,451.61,2026-06-01
I:7538,C:2092,C:599,logistics,213.79,2026-05-13
I:7539,C:3428,C:1021,logistics,843.07,2026-01-29
I:7540,C:1859,C:2011,catering,144.81,2026-03-27
I:7541,C:42,C:4719,logistics,1215.55,2026-03-21
I:7542,C:2453,C:4485,logistics,4315.61,2026-02-13
I:7543,C:860,C:1900,consulting,2168.65,2026-02-03
I:7544,C:1620,C:1016,software,8313.96,2026-05-16
I:7545,C:1668,C:1869,software,29533.59,2026-01-26
I:7546,C:406,C:2110,marketing,1478.18,2026-06-13
I:7547,C:2744,C:2016,marketing,1025.05,2026-05-23
I:7548,C:4723,C:1585,construction,243.4,2026-01-31
I:7549,C:1354,C:1579,marketing,2940.99,2026-03-12
I:7550,C:2712,C:UNREG8,catering,2341.0,2026-04-20
I:7551,C:4532,C:3077,hardware,1310.44,2026-01-25
I:7552,C:413,C:2468,construction,435.21,2026-03-15
I:7553,C:376,C:4752,software,3012.95,2026-04-26
I:7554,C:642,C:2457,construction,208.02,2026-02-05
I:7555,C:2847,C:2725,software,2172.84,2026-01-14
I:7556,C:4318,C:3081,marketing,1374.88,2026-03-24
I:7557,C:3575,C:269,hardware,1121.18,2026-01-22
I:7558,C:4482,C:3951,construction,988.84,2026-01-15
I:7559,C:133,C:2790,software,780.98,2026-06-05
I:7560,C:3977,C:3569,logistics,315.03,2026-06-11
I:7561,C:4943,C:1376,software,1169.77,2026-01-03
I:7562,C:2989,C:286,marketing,20526.59,2026-04-04
I:7563,C:3621,C:3392,construction,2184.32,2026-03-15
I:7564,C:2233,C:4272,marketing,15096.2,2026-02-10
I:7565,C:1310,C:4604,software,4600.38,2026-03-12
I:7566,C:2256,C:2065,logistics,390.24,2026-02-13
I:7567,C:4365,C:538,software,153.72,2026-06-05
I:7568,C:4654,C:3207,catering,5907.6,2026-01-24
I:7569,C:3884,C:1850,hardware,1259.54,2026-04-15
I:7570,C:1006,C:1330,hardware,1577.6,2026-05-10
I:7571,C:2383,C:3682,hardware,446.53,2026-04-23
I:7572,C:2167,C:2449,software,479.3,2026-05-05
I:7573,C:2457,C:1089,consulting,511.47,2026-03-29
I:7574,C:4688,C:1317,logistics,2907.28,2026-05-16
I:7575,C:1953,C:2035,hardware,2820.26,2026-04-16
I:7576,C:1805,C:3326,marketing,519.71,2026-06-24
I:7577,C:2402,C:2397,marketing,1286.59,2026-06-12
I:7578,C:3698,C:1202,logistics,653.56,2026-02-01
I:7579,C:2319,C:2562,hardware,1553.3,2026-01-30
I:7580,C:332,C:4567,catering,2598.6,2026-02-18
I:7581,C:1957,C:4700,marketing,155.84,2026-03-02
I:7582,C:3316,C:320,logistics,161.43,2026-04-20
I:7583,C:1696,C:1121,consulting,7131.24,2026-05-04
I:7584,C:3718,C:3292,construction,333.65,2026-06-08
I:7585,C:1033,C:4577,consulting,1180.25,2026-05-27
I:7586,C:2115,C:4491,software,2514.77,2026-03-25
I:7587,C:300,C:1024,software,1392.66,2026-02-21
I:7588,C:2125,C:4191,logistics,396.12,2026-05-15
I:7589,C:209,C:4020,marketing,13626.12,2026-06-14
I:7590,C:327,C:386,logistics,992.56,2026-06-19
I:7591,C:4665,C:709,consulting,1597.34,2026-05-31
I:7592,C:3623,C:4385,construction,863.24,2026-04-05
I:7593,C:73,C:3673,marketing,1321.44,2026-04-06
I:7594,C:4115,C:603,consulting,2724.69,2026-04-24
I:7595,C:1193,C:1994,catering,4911.04,2026-06-08
I:7596,C:2683,C:4184,software,3928.97,2026-03-10
I:7597,C:2827,C:1850,hardware,1399.28,2026-04-02
I:7598,C:4520,C:1366,logistics,335.61,2026-01-26
I:7599,C:2373,C:1917,logistics,251.11,2026-02-03
I:7600,C:3867,C:2428,software,1392.49,2026-01-31
I:7601,C:1963,C:960,hardware,99.48,2026-02-15
I:7602,C:4539,C:4490,software,90.98,2026-05-27
I:7603,C:2415,C:2959,hardware,4126.99,2026-02-17
I:7604,C:3025,C:1809,catering,300.01,2026-05-14
I:7605,C:63,C:UNREG32,logistics,163.03,2026-04-28
I:7606,C:2117,C:2320,consulting,988.31,2026-01-10
I:7607,C:4359,C:UNREG62,software,3936.62,2026-01-08
I:7608,C:3456,C:4217,hardware,2104.81,2026-06-21
I:7609,C:259,C:4264,consulting,589.4,2026-03-21
I:7610,C:4881,C:3471,marketing,1130.6,2026-01-11
I:7611,C:4495,C:4854,marketing,6619.28,2026-03-24
I:7612,C:3361,C:372,catering,730.47,2026-06-27
I:7613,C:3053,C:3724,consulting,703.32,2026-04-18
I:7614,C:3561,C:4790,hardware,2591.9,2026-01-25
I:7615,C:4400,C:1942,hardware,1080.35,2026-02-16
I:7616,C:4739,C:1726,consulting,393.77,2026-05-15
I:7617,C:1632,C:444,marketing,663.92,2026-03-11
I:7618,C:4480,C:1292,hardware,2694.94,2026-04-26
I:7619,C:1686,C:1708,software,610.83,2026-04-29
I:7620,C:1600,C:2652,catering,1230.35,2026-01-27
I:7621,C:4808,C:1124,hardware,1858.88,2026-06-29
I:7622,C:2149,C:1540,construction,2395.76,2026-03-31
I:7623,C:2656,C:4548,construction,317.64,2026-04-07
I:7624,C:811,C:125,catering,5246.74,2026-04-18
I:7625,C:4802,C:321,hardware,163.31,2026-05-10
I:7626,C:1650,C:604,hardware,2398.56,2026-06-07
I:7627,C:3304,C:837,software,416.84,2026-04-02
I:7628,C:2562,C:501,hardware,2174.8,2026-01-10
I:7629,C:1451,C:704,marketing,1064.3,2026-01-23
I:7630,C:2688,C:2946,logistics,1223.26,2026-03-01
I:7631,C:1950,C:4878,hardware,2965.15,2026-01-08
I:7632,C:1287,C:2685,catering,3659.14,2026-03-06
I:7633,C:3909,C:812,catering,704.65,2026-06-23
I:7634,C:337,C:741,hardware,983.38,2026-05-27
I:7635,C:3441,C:914,consulting,571.03,2026-06-26
I:7636,C:1264,C:172,construction,249.31,2026-05-29
I:7637,C:3733,C:1007,construction,334.34,2026-06-01
I:7638,C:1089,C:4077,marketing,269.35,2026-06-10
I:7639,C:3020,C:221,logistics,337.58,2026-06-27
I:7640,C:4348,C:1326,catering,361.22,2026-02-19
I:7641,C:709,C:3173,hardware,1377.48,2026-03-28
I:7642,C:1590,C:4799,construction,704.62,2026-05-05
I:7643,C:4310,C:1638,marketing,1516.02,2026-04-15
I:7644,C:4143,C:3720,construction,637.39,2026-01-19
I:7645,C:1003,C:3513,hardware,5331.87,2026-03-26
I:7646,C:4278,C:549,logistics,237.86,2026-02-19
I:7647,C:2717,C:4325,marketing,6499.22,2026-01-29
I:7648,C:4885,C:949,consulting,332.72,2026-06-27
I:7649,C:2098,C:90,software,1263.31,2026-05-18
I:7650,C:3766,C:2406,consulting,114.2,2026-06-24
I:7651,C:4730,C:1652,consulting,4533.04,2026-01-04
I:7652,C:4934,C:211,consulting,2747.48,2026-05-11
I:7653,C:4726,C:607,construction,1236.52,2026-03-15
I:7654,C:1453,C:1540,consulting,4795.15,2026-04-29
I:7655,C:3659,C:3304,hardware,1618.57,2026-02-25
I:7656,C:3620,C:1020,software,1422.62,2026-01-26
I:7657,C:4555,C:1112,hardware,1286.5,2026-04-22
I:7658,C:3805,C:2775,marketing,3566.44,2026-02-03
I:7659,C:4072,C:3280,catering,475.87,2026-03-21
I:7660,C:3055,C:4811,hardware,516.31,2026-05-25
I:7661,C:1376,C:4903,consulting,158.24,2026-05-17
I:7662,C:170,C:1613,consulting,1203.5,2026-04-20
I:7663,C:1815,C:3638,construction,1988.63,2026-03-06
I:7664,C:1471,C:77,construction,1029.68,2026-03-07
I:7665,C:2206,C:2562,catering,497.98,2026-02-11
I:7666,C:1498,C:4989,software,1267.95,2026-05-30
I:7667,C:UNREG13,C:582,hardware,13787.71,2026-02-14
I:7668,C:710,C:4245,construction,497.12,2026-03-12
I:7669,C:858,C:1744,hardware,618.21,2026-03-17
I:7670,C:1899,C:1909,marketing,5336.18,2026-02-18
I:7671,C:1051,C:145,software,1102.1,2026-04-02
I:7672,C:3158,C:324,consulting,4409.42,2026-01-13
I:7673,C:2129,C:3930,hardware,2374.94,2026-02-28
I:7674,C:1159,C:1994,hardware,708.83,2026-04-26
I:7675,C:450,C:2428,consulting,239.38,2026-05-16
I:7676,C:4838,C:863,consulting,88.48,2026-02-09
I:7677,C:761,C:4799,catering,1303.71,2026-05-14
I:7678,C:2848,C:1791,logistics,1303.41,2026-04-14
I:7679,C:2583,C:4812,marketing,4549.2,2026-02-07
I:7680,C:1672,C:1750,marketing,3981.32,2026-01-14
I:7681,C:470,C:530,construction,743.92,2026-06-21
I:7682,C:3128,C:4386,consulting,1387.46,2026-05-23
I:7683,C:4621,C:4721,consulting,997.33,2026-06-29
I:7684,C:3144,C:3152,construction,1585.79,2026-06-07
I:7685,C:2537,C:3294,hardware,861.93,2026-05-26
I:7686,C:3276,C:4631,software,939.32,2026-05-19
I:7687,C:722,C:1163,consulting,9250.86,2026-04-03
I:7688,C:4439,C:483,consulting,25162.25,2026-05-05
I:7689,C:552,C:2394,marketing,3603.04,2026-06-18
I:7690,C:4648,C:1029,logistics,7148.61,2026-04-22
I:7691,C:1141,C:3448,logistics,142.91,2026-03-14
I:7692,C:109,C:2871,consulting,1835.9,2026-06-28
I:7693,C:3578,C:4576,hardware,1799.48,2026-02-21
I:7694,C:1602,C:4828,construction,3224.05,2026-06-14
I:7695,C:3246,C:4633,construction,75.93,2026-04-26
I:7696,C:865,C:4383,catering,1342.03,2026-02-08
I:7697,C:1951,C:UNREG36,consulting,2517.41,2026-05-24
I:7698,C:1123,C:3729,logistics,1339.95,2026-05-12
I:7699,C:1098,C:1886,marketing,681.69,2026-03-19
I:7700,C:2033,C:1082,catering,415.89,2026-01-10
I:7701,C:3897,C:1240,logistics,2830.39,2026-02-19
I:7702,C:3856,C:4135,software,119.75,2026-02-23
I:7703,C:3940,C:3922,marketing,698.23,2026-01-22
I:7704,C:3622,C:1102,catering,2095.59,2026-05-21
I:7705,C:4307,C:4465,marketing,826.46,2026-06-08
I:7706,C:3934,C:493,marketing,15386.5,2026-01-09
I:7707,C:436,C:4522,consulting,1358.72,2026-01-09
I:7708,C:1581,C:813,marketing,1296.76,2026-04-20
I:7709,C:3591,C:3094,marketing,399.02,2026-05-07
I:7710,C:2426,C:3892,software,278.38,2026-06-29
I:7711,C:4425,C:195,marketing,203.06,2026-06-19
I:7712,C:3476,C:4667,marketing,458.79,2026-02-11
I:7713,C:3550,C:440,software,114.87,2026-01-21
I:7714,C:970,C:3396,consulting,5024.78,2026-01-01
I:7715,C:2535,C:535,construction,544.98,2026-04-08
I:7716,C:1467,C:1394,hardware,505.14,2026-01-21
I:7717,C:4416,C:700,construction,1576.08,2026-03-09
I:7718,C:3915,C:4906,logistics,1807.21,2026-02-01
I:7719,C:35,C:3228,hardware,425.89,2026-06-12
I:7720,C:4035,C:2518,construction,566.38,2026-04-12
I:7721,C:2951,C:4894,hardware,5762.23,2026-04-26
I:7722,C:1880,C:938,logistics,671.12,2026-01-29
I:7723,C:1406,C:1632,software,2474.21,2026-06-20
I:7724,C:4409,C:1779,logistics,6184.9,2026-02-06
I:7725,C:124,C:3313,construction,200.92,2026-03-29
I:7726,C:3454,C:2262,software,57.44,2026-04-04
I:7727,C:3866,C:4916,marketing,3979.25,2026-02-08
I:7728,C:1589,C:3297,construction,2401.98,2026-02-12
I:7729,C:717,C:3184,marketing,847.52,2026-01-01
I:7730,C:3099,C:1377,marketing,857.53,2026-06-24
I:7731,C:1107,C:1188,catering,845.45,2026-05-20
I:7732,C:463,C:1185,construction,871.06,2026-03-05
I:7733,C:3431,C:122,hardware,204.0,2026-06-14
I:7734,C:1281,C:360,marketing,1606.87,2026-01-22
I:7735,C:3023,C:1060,construction,621.04,2026-06-10
I:7736,C:2804,C:1310,marketing,857.57,2026-02-07
I:7737,C:1803,C:1280,construction,1980.79,2026-04-13
I:7738,C:3205,C:164,catering,5689.21,2026-02-01
I:7739,C:1797,C:3826,logistics,24564.56,2026-05-11
I:7740,C:2347,C:720,software,3556.65,2026-05-17
I:7741,C:1564,C:3937,software,1743.2,2026-03-24
I:7742,C:1462,C:3175,construction,2977.16,2026-04-27
I:7743,C:3151,C:508,construction,330.27,2026-03-19
I:7744,C:589,C:958,software,283.79,2026-02-04
I:7745,C:1355,C:3665,logistics,1136.84,2026-05-01
I:7746,C:269,C:2046,logistics,245.76,2026-04-10
I:7747,C:2101,C:1564,software,3514.44,2026-02-25
I:7748,C:4049,C:1671,construction,1985.87,2026-01-20
I:7749,C:645,C:4347,marketing,423.8,2026-05-20
I:7750,C:4703,C:2593,catering,183.51,2026-04-22
I:7751,C:2056,C:2013,logistics,820.03,2026-01-21
I:7752,C:4387,C:4260,catering,322.35,2026-05-27
I:7753,C:4442,C:3001,construction,460.64,2026-02-04
I:7754,C:844,C:2124,marketing,1163.91,2026-03-21
I:7755,C:2011,C:2445,catering,141.76,2026-05-16
I:7756,C:3989,C:2225,marketing,207.52,2026-01-24
I:7757,C:4583,C:1732,construction,452.4,2026-02-24
I:7758,C:1194,C:158,consulting,378.04,2026-01-31
I:7759,C:3340,C:2245,logistics,3423.31,2026-06-13
I:7760,C:4124,C:2235,catering,2040.49,2026-03-03
I:7761,C:1081,C:4885,consulting,3731.53,2026-01-19
I:7762,C:3984,C:389,catering,592.47,2026-06-18
I:7763,C:564,C:1085,software,68.83,2026-06-20
I:7764,C:23,C:1654,catering,932.81,2026-01-02
I:7765,C:3590,C:908,construction,634.69,2026-01-23
I:7766,C:2770,C:4245,construction,291.13,2026-01-30
I:7767,C:3533,C:3046,marketing,210.99,2026-01-24
I:7768,C:1189,C:1456,marketing,3562.1,2026-02-23
I:7769,C:899,C:1227,construction,799.1,2026-06-02
I:7770,C:1297,C:UNREG12,logistics,310.89,2026-04-28
I:7771,C:3236,C:1618,hardware,2538.61,2026-02-25
I:7772,C:2643,C:4629,logistics,650.08,2026-06-14
I:7773,C:3405,C:1078,logistics,3318.19,2026-02-22
I:7774,C:1067,C:1002,consulting,140.08,2026-04-07
I:7775,C:2918,C:3077,logistics,4866.63,2026-02-10
I:7776,C:3524,C:1470,hardware,520.07,2026-03-20
I:7777,C:3252,C:3551,construction,695.04,2026-03-16
I:7778,C:3125,C:155,logistics,3163.92,2026-06-01
I:7779,C:1403,C:1925,marketing,2318.54,2026-03-06
I:7780,C:796,C:3250,catering,108.19,2026-03-15
I:7781,C:3272,C:2301,software,992.57,2026-01-19
I:7782,C:1782,C:3805,consulting,1422.97,2026-04-24
I:7783,C:2679,C:774,construction,34.95,2026-06-19
I:7784,C:2054,C:1597,software,6010.27,2026-02-16
I:7785,C:958,C:3091,software,697.27,2026-03-31
I:7786,C:4007,C:2346,construction,4052.82,2026-02-19
I:7787,C:2895,C:3864,software,218.93,2026-06-08
I:7788,C:621,C:551,consulting,1004.28,2026-03-24
I:7789,C:4607,C:2650,catering,5733.61,2026-05-03
I:7790,C:492,C:4427,logistics,239.49,2026-04-24
I:7791,C:2913,C:1314,marketing,761.15,2026-01-12
I:7792,C:323,C:2173,construction,1996.56,2026-04-28
I:7793,C:1269,C:1752,marketing,680.43,2026-03-31
I:7794,C:2081,C:1411,software,370.58,2026-06-28
I:7795,C:610,C:914,consulting,773.35,2026-04-26
I:7796,C:4914,C:2703,consulting,666.7,2026-06-05
I:7797,C:4785,C:3736,catering,178.91,2026-06-22
I:7798,C:3738,C:UNREG26,catering,437.33,2026-04-13
I:7799,C:1571,C:360,consulting,1487.39,2026-03-13
I:7800,C:2754,C:2128,consulting,980.31,2026-04-05
I:7801,C:3838,C:3981,software,4667.05,2026-02-28
I:7802,C:3584,C:4301,hardware,1217.4,2026-05-30
I:7803,C:4987,C:1571,marketing,121.36,2026-03-14
I:7804,C:2440,C:4713,catering,9018.96,2026-04-24
I:7805,C:3835,C:1533,catering,6647.73,2026-04-20
I:7806,C:1035,C:4723,catering,236.27,2026-03-14
I:7807,C:1730,C:1231,consulting,12527.1,2026-02-25
I:7808,C:3748,C:3554,hardware,1124.91,2026-03-08
I:7809,C:3790,C:3557,consulting,377.88,2026-01-17
I:7810,C:1253,C:24,catering,354.62,2026-06-26
I:7811,C:665,C:2913,logistics,383.77,2026-03-28
I:7812,C:3824,C:3016,hardware,567.55,2026-05-17
I:7813,C:1483,C:1236,construction,306.25,2026-03-26
I:7814,C:4252,C:620,hardware,494.46,2026-01-29
I:7815,C:4674,C:1904,catering,1807.65,2026-06-01
I:7816,C:2881,C:1604,marketing,725.04,2026-02-22
I:7817,C:1015,C:2406,marketing,886.86,2026-05-06
I:7818,C:403,C:57,marketing,1789.18,2026-04-15
I:7819,C:2596,C:4057,software,587.19,2026-03-11
I:7820,C:2984,C:1823,logistics,1214.21,2026-06-08
I:7821,C:1050,C:601,hardware,2715.03,2026-01-29
I:7822,C:4687,C:3979,marketing,584.59,2026-04-10
I:7823,C:2893,C:1118,logistics,1145.62,2026-05-17
I:7824,C:2221,C:4936,construction,337.63,2026-01-11
I:7825,C:3721,C:636,software,1842.37,2026-03-02
I:7826,C:1847,C:1927,construction,1871.88,2026-03-01
I:7827,C:1207,C:4228,construction,574.22,2026-06-01
I:7828,C:4937,C:1751,consulting,94.26,2026-04-01
I:7829,C:300,C:2404,consulting,2146.49,2026-03-01
I:7830,C:3813,C:1171,catering,2350.02,2026-05-25
I:7831,C:3438,C:3006,catering,489.68,2026-01-18
I:7832,C:1536,C:1236,logistics,94.81,2026-02-01
I:7833,C:934,C:4541,catering,523.36,2026-01-15
I:7834,C:4949,C:3900,hardware,1667.07,2026-05-02
I:7835,C:695,C:1538,marketing,470.32,2026-01-14
I:7836,C:3442,C:3903,hardware,102.77,2026-06-20
I:7837,C:4126,C:1610,marketing,1525.5,2026-04-18
I:7838,C:3807,C:2833,software,475.13,2026-03-14
I:7839,C:848,C:1165,logistics,1342.65,2026-05-30
I:7840,C:4761,C:4852,catering,511.75,2026-04-30
I:7841,C:916,C:3143,logistics,870.18,2026-04-02
I:7842,C:1242,C:1465,marketing,985.51,2026-04-03
I:7843,C:3684,C:2055,construction,328.01,2026-02-18
I:7844,C:2884,C:4533,consulting,994.28,2026-06-24
I:7845,C:2132,C:3498,marketing,876.25,2026-06-10
I:7846,C:1541,C:1645,marketing,1366.98,2026-05-19
I:7847,C:1516,C:247,construction,425.42,2026-04-27
I:7848,C:470,C:819,hardware,832.91,2026-03-08
I:7849,C:823,C:411,hardware,1113.11,2026-06-11
I:7850,C:2978,C:4111,marketing,1426.28,2026-04-22
I:7851,C:3533,C:3607,consulting,14428.54,2026-04-06
I:7852,C:2233,C:711,construction,2169.81,2026-05-13
I:7853,C:2300,C:4334,hardware,7278.1,2026-05-17
I:7854,C:217,C:UNREG7,marketing,913.62,2026-04-15
I:7855,C:4528,C:272,hardware,257.67,2026-03-25
I:7856,C:2513,C:3161,software,1245.35,2026-05-17
I:7857,C:3341,C:4699,hardware,836.59,2026-05-13
I:7858,C:2415,C:3734,logistics,1226.09,2026-02-07
I:7859,C:1141,C:266,hardware,2121.5,2026-02-05
I:7860,C:2959,C:2543,consulting,179.53,2026-03-31
I:7861,C:4240,C:2980,software,268.66,2026-05-17
I:7862,C:4322,C:1291,catering,3088.54,2026-04-29
I:7863,C:4712,C:2151,marketing,1979.22,2026-02-07
I:7864,C:1181,C:4528,consulting,319.59,2026-05-13
I:7865,C:127,C:UNREG47,hardware,370.47,2026-02-03
I:7866,C:3605,C:68,marketing,455.92,2026-04-08
I:7867,C:452,C:1251,catering,4114.79,2026-05-30
I:7868,C:3202,C:3218,catering,5690.54,2026-01-30
I:7869,C:1826,C:4546,construction,1161.15,2026-06-01
I:7870,C:3994,C:2051,marketing,432.05,2026-02-19
I:7871,C:176,C:2618,software,289.02,2026-05-06
I:7872,C:2538,C:4558,hardware,712.71,2026-02-10
I:7873,C:3542,C:1382,logistics,1591.6,2026-01-22
I:7874,C:2979,C:2661,consulting,2780.94,2026-04-19
I:7875,C:4722,C:4468,logistics,5585.99,2026-05-31
I:7876,C:2279,C:1264,marketing,3736.2,2026-05-09
I:7877,C:959,C:2603,hardware,885.98,2026-06-26
I:7878,C:2447,C:3990,consulting,1308.67,2026-06-23
I:7879,C:4285,C:3307,catering,195.51,2026-06-28
I:7880,C:871,C:661,software,1651.77,2026-06-07
I:7881,C:3059,C:816,construction,977.21,2026-05-25
I:7882,C:2078,C:4937,marketing,1996.78,2026-05-19
I:7883,C:396,C:1838,consulting,538.91,2026-02-22
I:7884,C:3986,C:2821,construction,557.32,2026-03-16
I:7885,C:806,C:2833,construction,3082.24,2026-04-01
I:7886,C:2377,C:841,catering,1738.76,2026-02-01
I:7887,C:1709,C:446,logistics,1539.76,2026-04-17
I:7888,C:912,C:2353,construction,727.52,2026-06-24
I:7889,C:3926,C:3153,hardware,1254.77,2026-04-08
I:7890,C:4472,C:914,marketing,1224.7,2026-06-05
I:7891,C:3326,C:1703,consulting,1895.47,2026-03-08
I:7892,C:1538,C:541,logistics,101.57,2026-06-18
I:7893,C:2153,C:1984,catering,4509.78,2026-04-02
I:7894,C:3972,C:3209,software,446.46,2026-01-26
I:7895,C:1113,C:1746,marketing,1619.41,2026-02-05
I:7896,C:909,C:2411,software,595.41,2026-02-27
I:7897,C:1396,C:821,marketing,562.48,2026-01-04
I:7898,C:1026,C:4204,software,2397.6,2026-03-26
I:7899,C:1885,C:3763,software,1107.04,2026-04-10
I:7900,C:1331,C:2245,catering,507.36,2026-06-29
I:7901,C:1116,C:180,logistics,110.88,2026-03-24
I:7902,C:1478,C:1624,consulting,406.76,2026-04-23
I:7903,C:3363,C:1999,catering,1489.99,2026-01-24
I:7904,C:3258,C:49,marketing,543.02,2026-05-31
I:7905,C:2224,C:1925,consulting,10833.35,2026-01-14
I:7906,C:4334,C:3735,construction,711.9,2026-01-14
I:7907,C:3390,C:3288,logistics,6676.85,2026-01-11
I:7908,C:982,C:47,catering,356.99,2026-03-14
I:7909,C:2887,C:703,catering,451.17,2026-01-08
I:7910,C:3826,C:1977,hardware,1250.02,2026-03-02
I:7911,C:1335,C:278,consulting,614.62,2026-01-08
I:7912,C:2308,C:1431,hardware,1669.6,2026-06-02
I:7913,C:2931,C:2309,catering,260.57,2026-02-11
I:7914,C:447,C:1132,marketing,125.17,2026-04-29
I:7915,C:195,C:4769,consulting,1950.16,2026-06-14
I:7916,C:3641,C:614,logistics,367.16,2026-04-18
I:7917,C:4833,C:2262,software,580.8,2026-06-18
I:7918,C:1462,C:535,hardware,3986.0,2026-02-16
I:7919,C:106,C:1958,hardware,782.35,2026-03-24
I:7920,C:2175,C:2265,consulting,1207.23,2026-02-26
I:7921,C:4519,C:1010,hardware,2153.58,2026-03-20
I:7922,C:3893,C:3614,logistics,2218.4,2026-03-20
I:7923,C:963,C:4070,logistics,5628.62,2026-01-10
I:7924,C:758,C:1438,hardware,4197.49,2026-06-17
I:7925,C:4334,C:2643,construction,1411.72,2026-04-04
I:7926,C:1128,C:386,construction,574.25,2026-04-23
I:7927,C:1230,C:4903,construction,97.91,2026-02-11
I:7928,C:4199,C:1156,hardware,14852.34,2026-04-30
I:7929,C:2000,C:3031,logistics,156.84,2026-05-10
I:7930,C:403,C:4157,logistics,446.77,2026-04-17
I:7931,C:1170,C:1000,hardware,1948.74,2026-03-15
I:7932,C:1678,C:3166,logistics,5825.64,2026-06-18
I:7933,C:4322,C:2927,catering,2131.78,2026-01-07
I:7934,C:UNREG49,C:4528,consulting,298.69,2026-02-10
I:7935,C:3753,C:3956,consulting,90.45,2026-05-18
I:7936,C:742,C:2039,consulting,1679.23,2026-06-25
I:7937,C:2187,C:2662,software,1054.21,2026-06-23
I:7938,C:1427,C:2802,catering,203.1,2026-03-02
I:7939,C:2642,C:2911,marketing,594.96,2026-05-08
I:7940,C:3032,C:3295,marketing,522.23,2026-03-15
I:7941,C:4182,C:3867,logistics,1299.33,2026-04-08
I:7942,C:3408,C:UNREG38,catering,265.03,2026-03-14
I:7943,C:4999,C:1918,marketing,746.45,2026-03-18
I:7944,C:4607,C:2931,marketing,574.64,2026-05-25
I:7945,C:4869,C:3304,marketing,1153.68,2026-04-14
I:7946,C:4553,C:1213,catering,1361.22,2026-01-10
I:7947,C:1321,C:799,software,1178.97,2026-01-14
I:7948,C:3876,C:4383,marketing,1002.84,2026-03-02
I:7949,C:994,C:4459,consulting,518.66,2026-03-11
I:7950,C:1901,C:2763,construction,294.15,2026-05-29
I:7951,C:2104,C:1907,consulting,708.23,2026-05-28
I:7952,C:2604,C:1568,construction,385.18,2026-05-24
I:7953,C:4569,C:2496,consulting,2546.3,2026-05-04
I:7954,C:151,C:1191,consulting,4215.93,2026-06-04
I:7955,C:1077,C:3602,marketing,400.32,2026-01-14
I:7956,C:3422,C:1979,logistics,3850.64,2026-06-03
I:7957,C:264,C:1699,consulting,510.17,2026-04-06
I:7958,C:2034,C:1305,consulting,221.61,2026-03-07
I:7959,C:1499,C:1890,construction,107.49,2026-05-31
I:7960,C:113,C:633,construction,930.92,2026-04-13
I:7961,C:3033,C:329,consulting,228.72,2026-01-07
I:7962,C:168,C:459,consulting,303.03,2026-02-15
I:7963,C:4622,C:3042,catering,7061.27,2026-01-25
I:7964,C:4988,C:4197,logistics,589.8,2026-02-22
I:7965,C:2831,C:3636,marketing,1608.37,2026-02-25
I:7966,C:772,C:3908,catering,362.3,2026-02-21
I:7967,C:2889,C:1786,logistics,2514.32,2026-02-17
I:7968,C:2395,C:133,software,109.2,2026-06-12
I:7969,C:818,C:3237,software,2184.8,2026-06-19
I:7970,C:3170,C:994,logistics,728.86,2026-03-04
I:7971,C:660,C:1975,software,432.31,2026-02-13
I:7972,C:944,C:50,software,179.46,2026-02-18
I:7973,C:3312,C:4259,construction,239.26,2026-03-15
I:7974,C:654,C:670,catering,830.82,2026-04-11
I:7975,C:4378,C:2399,catering,879.36,2026-02-16
I:7976,C:4872,C:1213,consulting,286.2,2026-03-10
I:7977,C:1680,C:100,consulting,7623.81,2026-05-02
I:7978,C:2825,C:950,catering,566.71,2026-02-18
I:7979,C:200,C:2415,construction,189.33,2026-03-14
I:7980,C:3340,C:213,logistics,328.44,2026-01-11
I:7981,C:2974,C:3397,software,1397.06,2026-06-20
I:7982,C:2017,C:4225,catering,949.9,2026-01-31
I:7983,C:501,C:1978,marketing,2705.52,2026-02-03
I:7984,C:4063,C:4414,catering,1526.74,2026-02-14
I:7985,C:2334,C:2889,marketing,532.29,2026-01-26
I:7986,C:3360,C:UNREG55,consulting,5947.62,2026-03-17
I:7987,C:715,C:3223,catering,251.16,2026-01-14
I:7988,C:1564,C:1501,logistics,469.85,2026-01-04
I:7989,C:3269,C:691,hardware,754.6,2026-04-27
I:7990,C:3607,C:563,construction,464.64,2026-06-03
I:7991,C:2191,C:3364,marketing,4691.03,2026-01-31
I:7992,C:3216,C:3967,catering,10428.01,2026-05-06
I:7993,C:4722,C:3243,software,1857.58,2026-01-15
I:7994,C:2809,C:2712,catering,443.22,2026-01-17
I:7995,C:4558,C:1813,hardware,848.43,2026-05-27
I:7996,C:4294,C:463,software,3187.8,2026-04-02
I:7997,C:2291,C:3572,consulting,261.09,2026-04-09
I:7998,C:1734,C:4629,catering,1111.83,2026-01-15
I:7999,C:4819,C:1994,catering,994.0,2026-03-29
I:8000,C:4401,C:1224,catering,515.68,2026-05-26
I:8001,C:893,C:160,catering,1156.09,2026-03-24
I:8002,C:1077,C:2976,logistics,2857.19,2026-06-13
I:8003,C:4169,C:3450,hardware,2118.84,2026-05-29
I:8004,C:4429,C:2048,catering,294.28,2026-06-01
I:8005,C:3711,C:2827,consulting,593.27,2026-05-12
I:8006,C:3126,C:127,catering,543.34,2026-01-21
I:8007,C:2571,C:4072,hardware,873.1,2026-02-12
I:8008,C:2954,C:2377,catering,2249.17,2026-04-15
I:8009,C:3785,C:1063,construction,1307.53,2026-02-11
I:8010,C:993,C:1780,logistics,520.22,2026-02-18
I:8011,C:1605,C:3667,consulting,1903.74,2026-03-27
I:8012,C:3876,C:2404,construction,1452.15,2026-04-16
I:8013,C:4607,C:1136,hardware,525.57,2026-06-18
I:8014,C:4168,C:3893,logistics,1685.74,2026-01-24
I:8015,C:823,C:2036,construction,831.29,2026-03-12
I:8016,C:4381,C:1449,hardware,1066.25,2026-01-13
I:8017,C:1161,C:4379,marketing,1393.71,2026-01-03
I:8018,C:3076,C:3460,hardware,4326.66,2026-04-15
I:8019,C:1266,C:1118,catering,452.47,2026-03-25
I:8020,C:1383,C:2794,marketing,722.71,2026-06-26
I:8021,C:2262,C:167,catering,1090.57,2026-02-27
I:8022,C:384,C:4643,construction,1776.39,2026-05-24
I:8023,C:2019,C:1107,logistics,2188.37,2026-04-11
I:8024,C:1551,C:655,catering,499.09,2026-02-28
I:8025,C:1363,C:272,software,4370.97,2026-01-28
I:8026,C:4187,C:205,construction,659.78,2026-06-18
I:8027,C:710,C:609,software,97.15,2026-06-18
I:8028,C:4279,C:1959,logistics,99.45,2026-05-28
I:8029,C:3372,C:825,catering,4136.9,2026-02-10
I:8030,C:1247,C:3720,marketing,1213.41,2026-01-29
I:8031,C:4437,C:4766,marketing,6853.35,2026-01-17
I:8032,C:4689,C:594,logistics,114.28,2026-02-18
I:8033,C:2763,C:2392,construction,312.67,2026-04-16
I:8034,C:977,C:4669,catering,4784.98,2026-03-02
I:8035,C:4028,C:2738,catering,271.69,2026-06-14
I:8036,C:3855,C:922,logistics,136.07,2026-01-05
I:8037,C:1204,C:3490,software,113.74,2026-05-29
I:8038,C:4282,C:2485,software,1694.05,2026-03-30
I:8039,C:2006,C:4135,logistics,1438.2,2026-06-21
I:8040,C:251,C:2335,marketing,1364.99,2026-05-01
I:8041,C:2650,C:1906,construction,846.01,2026-05-03
I:8042,C:1569,C:3988,logistics,920.13,2026-01-02
I:8043,C:3541,C:1885,catering,4919.65,2026-03-24
I:8044,C:2045,C:130,hardware,1284.71,2026-04-02
I:8045,C:2478,C:4488,software,1175.04,2026-01-30
I:8046,C:3539,C:1059,logistics,1860.73,2026-04-23
I:8047,C:4478,C:1948,construction,4271.12,2026-04-02
I:8048,C:153,C:2093,marketing,1850.04,2026-06-15
I:8049,C:3790,C:4418,software,2827.25,2026-03-24
I:8050,C:1953,C:3572,logistics,1568.98,2026-05-26
I:8051,C:2885,C:4548,hardware,1008.1,2026-05-11
I:8052,C:3301,C:514,software,523.16,2026-01-22
I:8053,C:2006,C:3739,catering,95.85,2026-05-17
I:8054,C:4569,C:3487,consulting,634.59,2026-01-26
I:8055,C:2052,C:4425,catering,2744.11,2026-01-31
I:8056,C:4192,C:1766,hardware,623.57,2026-04-16
I:8057,C:4575,C:3221,hardware,2162.13,2026-02-05
I:8058,C:4756,C:3384,hardware,220.84,2026-04-06
I:8059,C:2667,C:2042,marketing,310.04,2026-01-12
I:8060,C:3335,C:374,marketing,566.24,2026-05-22
I:8061,C:974,C:3809,logistics,2148.51,2026-01-28
I:8062,C:4742,C:2242,software,674.95,2026-04-30
I:8063,C:2407,C:50,construction,420.86,2026-01-01
I:8064,C:3454,C:4868,marketing,264.72,2026-03-14
I:8065,C:2112,C:1459,software,387.1,2026-04-22
I:8066,C:4421,C:533,marketing,28594.88,2026-05-28
I:8067,C:4438,C:2164,catering,269.83,2026-06-20
I:8068,C:4403,C:656,software,9376.18,2026-04-25
I:8069,C:3324,C:4613,logistics,4464.18,2026-04-27
I:8070,C:1575,C:97,marketing,758.23,2026-02-03
I:8071,C:589,C:1425,catering,1282.01,2026-03-14
I:8072,C:3699,C:2347,marketing,4304.43,2026-02-15
I:8073,C:UNREG61,C:211,hardware,136.17,2026-01-01
I:8074,C:3643,C:292,construction,917.15,2026-05-05
I:8075,C:1031,C:2026,software,7687.02,2026-01-22
I:8076,C:4035,C:1,catering,977.4,2026-01-19
I:8077,C:1151,C:2391,construction,1967.85,2026-03-18
I:8078,C:1244,C:1657,consulting,1026.62,2026-01-09
I:8079,C:2144,C:4158,software,2928.91,2026-03-20
I:8080,C:3245,C:3377,construction,1855.16,2026-03-31
I:8081,C:4420,C:2996,consulting,6662.49,2026-06-09
I:8082,C:4928,C:3289,marketing,1803.43,2026-06-04
I:8083,C:4565,C:3027,consulting,587.91,2026-02-03
I:8084,C:603,C:4796,catering,799.13,2026-06-20
I:8085,C:3466,C:1836,consulting,4645.5,2026-04-20
I:8086,C:649,C:2845,catering,16484.26,2026-05-31
I:8087,C:4648,C:136,logistics,1983.43,2026-05-12
I:8088,C:490,C:474,catering,16028.94,2026-06-13
I:8089,C:2948,C:1995,consulting,1540.1,2026-06-19
I:8090,C:955,C:863,hardware,340.46,2026-04-08
I:8091,C:3341,C:50,hardware,2268.12,2026-03-16
I:8092,C:3185,C:3341,software,14964.34,2026-01-21
I:8093,C:772,C:2189,catering,2317.07,2026-03-20
I:8094,C:4375,C:287,software,670.18,2026-01-08
I:8095,C:420,C:2570,consulting,977.46,2026-01-31
I:8096,C:314,C:4366,construction,601.56,2026-04-24
I:8097,C:1780,C:3805,construction,1229.81,2026-05-21
I:8098,C:797,C:3131,marketing,1001.69,2026-04-11
I:8099,C:770,C:2020,construction,848.07,2026-05-16
I:8100,C:4100,C:2542,hardware,2655.46,2026-04-09
I:8101,C:3639,C:2325,logistics,2369.48,2026-06-14
I:8102,C:3472,C:3112,construction,541.01,2026-06-07
I:8103,C:973,C:1552,logistics,153.53,2026-06-25
I:8104,C:4146,C:3949,marketing,1327.54,2026-03-21
I:8105,C:4706,C:1763,consulting,1822.45,2026-05-01
I:8106,C:2682,C:3369,catering,59.39,2026-04-22
I:8107,C:1627,C:3724,marketing,4091.85,2026-03-21
I:8108,C:4678,C:4519,construction,4156.87,2026-02-14
I:8109,C:1947,C:2093,hardware,226.47,2026-06-06
I:8110,C:1215,C:2896,marketing,2523.43,2026-06-17
I:8111,C:3149,C:4318,logistics,3276.42,2026-04-28
I:8112,C:3628,C:4542,hardware,181.05,2026-01-26
I:8113,C:2821,C:3289,logistics,1020.83,2026-02-14
I:8114,C:3511,C:2976,construction,10423.06,2026-03-02
I:8115,C:1524,C:4539,consulting,580.56,2026-06-24
I:8116,C:3168,C:4493,hardware,195.59,2026-06-09
I:8117,C:4683,C:3847,software,3908.19,2026-05-18
I:8118,C:3059,C:2666,hardware,1446.66,2026-02-17
I:8119,C:2645,C:4606,hardware,4646.99,2026-01-02
I:8120,C:4240,C:1878,consulting,1351.06,2026-06-22
I:8121,C:4865,C:2253,marketing,1283.53,2026-06-07
I:8122,C:3669,C:3889,marketing,756.55,2026-05-12
I:8123,C:472,C:2763,software,601.85,2026-06-02
I:8124,C:3371,C:1598,construction,361.59,2026-04-01
I:8125,C:234,C:111,consulting,1653.68,2026-02-18
I:8126,C:3629,C:4264,software,252.82,2026-01-16
I:8127,C:2522,C:1189,construction,231.95,2026-04-03
I:8128,C:4291,C:2990,logistics,1455.14,2026-06-09
I:8129,C:1553,C:1515,hardware,1304.71,2026-05-20
I:8130,C:4275,C:3530,catering,2068.11,2026-04-20
I:8131,C:1232,C:3614,catering,236.39,2026-04-06
I:8132,C:2963,C:4529,software,928.46,2026-02-17
I:8133,C:3412,C:145,consulting,3691.4,2026-04-11
I:8134,C:2900,C:4409,construction,355.52,2026-05-26
I:8135,C:1695,C:UNREG60,construction,1857.5,2026-01-12
I:8136,C:4622,C:1324,marketing,499.8,2026-01-03
I:8137,C:686,C:61,construction,408.49,2026-06-23
I:8138,C:3480,C:1667,software,1571.69,2026-05-31
I:8139,C:2948,C:217,logistics,19.21,2026-02-21
I:8140,C:2410,C:4108,logistics,343.78,2026-03-31
I:8141,C:3082,C:4769,logistics,292.92,2026-03-07
I:8142,C:3507,C:4970,catering,492.17,2026-02-06
I:8143,C:3772,C:3913,marketing,1857.1,2026-05-13
I:8144,C:693,C:4004,consulting,1207.35,2026-04-28
I:8145,C:1400,C:937,software,3453.95,2026-03-27
I:8146,C:2169,C:4983,marketing,737.99,2026-01-08
I:8147,C:2381,C:3232,consulting,1555.07,2026-02-24
I:8148,C:2531,C:15,logistics,354.05,2026-02-01
I:8149,C:1525,C:3209,consulting,527.81,2026-05-24
I:8150,C:79,C:1054,catering,5213.75,2026-06-17
I:8151,C:520,C:2818,marketing,488.23,2026-01-08
I:8152,C:779,C:2700,hardware,713.09,2026-06-22
I:8153,C:1573,C:3692,construction,435.24,2026-06-20
I:8154,C:4690,C:3846,consulting,251.93,2026-03-16
I:8155,C:1636,C:455,software,1081.84,2026-01-02
I:8156,C:777,C:2330,construction,4934.21,2026-04-12
I:8157,C:696,C:942,software,441.98,2026-04-20
I:8158,C:2364,C:614,construction,3003.47,2026-04-22
I:8159,C:2430,C:1597,hardware,405.56,2026-02-16
I:8160,C:616,C:3794,consulting,560.39,2026-06-14
I:8161,C:4579,C:2057,catering,1178.51,2026-04-14
I:8162,C:2173,C:421,software,2742.37,2026-04-25
I:8163,C:4483,C:552,catering,671.49,2026-03-26
I:8164,C:2598,C:406,marketing,161.73,2026-01-28
I:8165,C:858,C:4563,hardware,1157.36,2026-06-15
I:8166,C:1323,C:2517,construction,112.65,2026-01-18
I:8167,C:56,C:4705,software,3676.89,2026-01-03
I:8168,C:2658,C:4584,software,8664.66,2026-03-08
I:8169,C:3401,C:2982,logistics,300.48,2026-06-27
I:8170,C:2078,C:1101,logistics,8161.67,2026-02-05
I:8171,C:3300,C:2362,software,11305.87,2026-06-20
I:8172,C:1677,C:1597,software,5313.16,2026-02-05
I:8173,C:4999,C:4378,consulting,874.25,2026-04-21
I:8174,C:2144,C:3781,catering,692.66,2026-03-03
I:8175,C:400,C:2164,construction,1703.42,2026-06-04
I:8176,C:1188,C:4376,hardware,1996.48,2026-02-15
I:8177,C:3528,C:499,software,35071.16,2026-02-27
I:8178,C:3528,C:1243,marketing,11214.01,2026-03-02
I:8179,C:3528,C:4789,hardware,11549.29,2026-01-22
I:8180,C:3528,C:1883,software,33632.98,2026-02-04
I:8181,C:3359,C:3924,consulting,36095.4,2026-04-01
I:8182,C:3359,C:1909,logistics,9892.17,2026-02-15
I:8183,C:3359,C:370,catering,10315.52,2026-05-16
I:8184,C:3359,C:912,software,12660.21,2026-04-20
I:8185,C:4447,C:4838,consulting,23273.34,2026-06-25
I:8186,C:4447,C:2023,consulting,23782.53,2026-05-08
I:8187,C:947,C:2804,software,15148.99,2026-06-21
I:8188,C:947,C:3361,software,12400.04,2026-02-05
I:8189,C:947,C:2059,software,37144.16,2026-03-07
I:8190,C:947,C:4645,construction,11975.73,2026-01-26
I:8191,C:4645,C:426,consulting,31850.86,2026-02-04
I:8192,C:4645,C:860,marketing,22182.66,2026-02-25
I:8193,C:4421,C:3815,marketing,30572.03,2026-03-11
I:8194,C:4421,C:864,logistics,18849.92,2026-01-02
I:8195,C:4421,C:1454,consulting,38318.14,2026-04-22
I:8196,C:308,C:4979,software,8585.71,2026-03-23
I:8197,C:308,C:1156,software,11791.57,2026-05-07
I:8198,C:308,C:919,catering,17961.33,2026-03-25
I:8199,C:308,C:3816,software,13065.57,2026-06-03
I:8200,C:4170,C:4924,catering,25831.19,2026-06-13
I:8201,C:4170,C:2395,logistics,17611.76,2026-05-18
I:8202,C:4170,C:4348,catering,37657.44,2026-01-17
I:8203,C:4170,C:3033,construction,28903.4,2026-06-12
I:8204,C:3000,C:1124,consulting,34315.67,2026-04-27
I:8205,C:3000,C:3856,hardware,38475.66,2026-03-25
I:8206,C:3000,C:510,software,33522.25,2026-05-12
I:8207,C:4104,C:4983,marketing,33815.17,2026-03-30
I:8208,C:4104,C:4510,logistics,22845.99,2026-06-05
I:8209,C:4104,C:3811,consulting,38257.53,2026-06-11
I:8210,C:2148,C:990,logistics,23747.9,2026-03-14
I:8211,C:2148,C:4814,logistics,33713.14,2026-06-22
I:8212,C:2148,C:843,marketing,36488.62,2026-02-07
I:8213,C:1319,C:580,hardware,13287.54,2026-06-22
I:8214,C:1319,C:2470,software,24657.04,2026-06-05
I:8215,C:1319,C:880,consulting,33546.15,2026-05-16
I:8216,C:119,C:2363,hardware,16157.08,2026-03-03
I:8217,C:119,C:4987,consulting,29569.89,2026-06-09
I:8218,C:4206,C:395,catering,25830.35,2026-03-07
I:8219,C:4206,C:2292,consulting,26298.76,2026-03-31
I:8220,C:4206,C:3189,logistics,17724.48,2026-06-27
I:8221,C:860,C:491,hardware,9659.09,2026-06-15
I:8222,C:860,C:843,logistics,6008.61,2026-06-24
I:8223,C:860,C:3998,marketing,17736.6,2026-03-18
