eid,num,first_name,surname,sex,birth_date,birth_year,birth_city,address,province,is_pep,has_record
P:1,1,Rusao,Giorosmea,M,1973-09-04,1973,Lapasino,"189 Via Medi Vecchia, Lapasino",PR22,0,0
P:2,2,Giogala,Pasgiotina,F,1972-03-20,1972,Bervalino,"189 Via Medi Vecchia, Lapasino",PR22,0,0
P:3,3,Roscao,Giorosmea,M,2007-02-25,2007,Lapasino,"189 Via Medi Vecchia, Lapasino",PR22,0,0
P:4,4,Fozoo,Giorosmea,M,2005-04-17,2005,Bervalino,"189 Via Medi Vecchia, Lapasino",PR22,0,0
P:5,5,Gallaa,Giorosmea,F,2003-12-10,2003,Lapasino,"189 Via Medi Vecchia, Lapasino",PR22,0,0
P:6,6,Berfero,Tinbermona,M,1975-08-01,1975,Giomonano,"4 Via Galgio Nuova, Giomonano",PR20,0,0
P:7,7,Gucao,Lovala,M,1979-04-08,1979,Berpasello,"12 Via Fertin Nuova, Berpasello",PR04,0,0
P:8,8,Tinrua,Giofoini,F,1982-11-07,1982,Lomonona,"12 Via Fertin Nuova, Berpasello",PR04,0,0
P:9,9,Safero,Lovala,M,2010-02-02,2010,Berpasello,"12 Via Fertin Nuova, Berpasello",PR04,0,0
P:10,10,Ceruo,Tinbermona,M,1962-07-05,1962,Cormeona,"115 Via Cetin, Cormeona",PR24,0,0
P:11,11,Lozoa,Tinbermona,F,1965-02-28,1965,Niloona,"115 Via Cetin, Cormeona",PR24,0,0
P:12,12,Saguo,Lenmeceo,M,1959-06-18,1959,Ferdiino,"180 Via Rudi, Ferdiino",PR42,0,1
P:13,13,Fobero,Lenmeceo,M,1969-07-22,1969,Roslaino,"132 Via Medi Vecchia, Roslaino",PR30,0,0
P:14,14,Tegua,Lenmeceo,F,1972-05-10,1972,Cefoello,"132 Via Medi Vecchia, Roslaino",PR30,0,0
P:15,15,Lenlao,Lenmeceo,M,2002-06-12,2002,Corlenano,"132 Via Medi Vecchia, Roslaino",PR30,0,0
P:16,16,Lavala,Lenmeceo,F,2003-12-18,2003,Roslaino,"142 Via Tinmon Vecchia, Roslaino",PR30,0,0
P:17,17,Sarena,Lenmeceo,F,1997-09-09,1997,Monceino,"132 Via Medi Vecchia, Roslaino",PR30,0,0
P:18,18,Zoreno,Galgulena,M,1954-01-23,1954,Teferello,"115 Via Baval, Teferello",PR35,0,0
P:19,19,Monmono,Lensapasa,M,1968-10-12,1968,Caberano,"26 Via Danros Vecchia, Caberano",PR05,0,0
P:20,20,Giolao,Giofoini,M,1947-06-05,1947,Dipoello,"33 Via Nilo, Dipoello",PR20,0,0
P:21,21,Giozoo,Niceteini,M,1974-04-07,1974,Tetinello,"74 Via Berber Nuova, Tetinello",PR19,0,0
P:22,22,Lenleno,Banio,M,1954-05-15,1954,Bagalello,"44 Via Galgal Vecchia, Bagalello",PR25,0,0
P:23,23,Rufoo,Galcedana,M,1975-07-20,1975,Paslaano,"106 Via Tinba, Paslaano",PR05,0,0
P:24,24,Mefera,Fermaretti,F,1967-10-26,1967,Guviello,"106 Via Tinba, Paslaano",PR05,0,0
P:25,25,Temeo,Tinbermona,M,1981-11-18,1981,Loniona,"101 Via Valba Nuova, Loniona",PR46,0,0
P:26,26,Tincora,Tinbermona,F,1983-09-14,1983,Valloona,"85 Via Fersa Nuova, Guruano",PR46,0,0
P:27,27,Giolao,Tinbermona,M,2011-03-10,2011,Loniona,"141 Via Lolen Vecchia, Loniona",PR46,0,0
P:28,28,Nireno,Monpasi,M,1967-02-04,1967,Viberello,"3 Via Renvi Nuova, Viberello",PR46,0,0
P:29,29,Menia,Bervio,F,1960-10-25,1960,Pasloano,"3 Via Renvi Nuova, Viberello",PR46,0,0
P:30,30,Cafero,Giofoini,M,1964-01-16,1964,Foceino,"145 Via Dilo Nuova, Foceino",PR39,0,0
P:31,31,Foloa,Rucaetti,F,1963-01-24,1963,Poruello,"145 Via Dilo Nuova, Foceino",PR39,0,0
P:32,32,Pogua,Gioeoini,F,1989-04-19,1989,Caviona,"135 Via Cece Nuova, Foceino",PR39,0,0
P:33,33,Galfera,Giofoini,F,1996-09-09,1996,Foceino,"10 Via Valgu, Foceino",PR39,0,0
P:34,34,Mebero,salloi,M,1966-06-17,1966,Poloano,"42 Via Giodan Nuova, Poloano",PR17,0,0
P:35,35,Tinfera,Fobergioini,F,1961-09-16,1961,Valberino,"113 Via Tinca Nuova, Balenino",PR17,0,0
P:36,36,Lodana,oalloi,F,1999-09-03,1999,Poloano,"42 Via Giodan Nuova, Poloano",PR17,0,0
P:37,37,Marmea,Galloi,F,2000-10-22,2000,Poloano,"42 Via Giodan Nuova, Poloano",PR17,0,0
P:38,38,Temeo,Galloi,M,2000-07-22,2000,Niguano,"42 Via Giodan Nuova, Poloano",PR17,0,0
P:39,39,Giofoo,Pocao,M,1977-08-11,1977,Nilenona,"141 Via Bagio Nuova, Nilenona",PR53,0,0
P:40,40,Rosmaro,Tinbermona,M,1983-01-19,1983,Lagioino,"158 Via Dila Nuova, Lagioino",PR40,0,0
P:41,41,Cafero,Tinbermona,M,1980-02-20,1980,Laruino,"13 Via Galca, Laruino",PR13,0,0
P:42,42,Sameo,Tinbermona,M,1954-02-18,1954,Tinviano,"111 Via Pocor, Tinviano",PR47,0,0
P:43,43,Sabaa,Zocaloa,F,1954-01-12,1954,Zotinino,"19 Via Bamar, Dibaona",PR47,0,0
P:44,44,Valvio,Tinbermona,M,1983-10-25,1983,Mezoino,"111 Via Pocor, Tinviano",PR47,0,0
P:45,45,Gucao,Tinbermona,M,1978-10-09,1978,Tinviano,"111 Via Pocor, Tinviano",PR47,0,0
P:46,46,Roscao,Lenmeceo,M,1971-05-15,1971,Meviona,"100 Via Cavi, Meviona",PR05,0,0
P:47,47,Vimea,Renruo,F,1964-11-18,1964,Nifoello,"7 Via Renmar Vecchia, Balenino",PR05,0,0
P:48,48,Podia,Lenmeceo,F,1996-11-25,1996,Meviona,"67 Via Rudan, Meviona",PR05,0,0
P:49,49,Ferrosa,Lenmeceo,F,2004-12-24,2004,Meviona,"18 Via Loren, Meviona",PR05,0,0
P:50,50,Marloo,Lozoetti,M,1983-07-25,1983,Saruano,"26 Via Caru Vecchia, Saruano",PR13,0,0
P:51,51,Cadio,Cagioo,M,1957-04-25,1957,Monpasino,"5 Via Rudi, Monpasino",PR00,0,0
P:52,52,Fovia,Gumarpoetti,F,1951-04-20,1951,Danloello,"5 Via Rudi, Monpasino",PR00,0,0
P:53,53,Fonio,Valzoa,M,1982-12-19,1982,Ferdiino,"37 Via Vimon, Ferdiino",PR42,0,0
P:54,54,Ferfera,Tinbermona,F,1986-12-12,1986,Melaona,"87 Via Berte Nuova, Vigioano",PR42,0,0
P:55,55,Ferruo,Valzoa,M,2017-12-21,2017,Ferdiino,"132 Via Mecor Nuova, Rosrenello",PR42,0,0
P:56,56,Valleno,Valzoa,M,2009-10-02,2009,Digalello,"60 Via Tinmon Vecchia, Tinrosona",PR42,0,0
P:57,57,Gumaro,Galteo,M,1966-09-06,1966,Lopoino,"162 Via Rusa Nuova, Lopoino",PR08,0,0
P:58,58,Saloa,Lamonini,F,1965-01-11,1965,Corteino,"162 Via Rusa Nuova, Lopoino",PR08,0,0
P:59,59,Cania,Galteo,F,1999-07-15,1999,Galteino,"190 Via Fofo, Monpasino",PR08,0,0
P:60,60,Marfoo,Lenmeceo,M,1971-11-09,1971,Foceano,"118 Via Dizo Nuova, Foceano",PR16,0,0
P:61,61,Porosa,Pocoro,F,1966-01-15,1966,Gucorello,"118 Via Dizo Nuova, Foceano",PR16,0,0
P:62,62,Foguo,Lenmeceo,M,1968-10-28,1968,Polenona,"53 Via Mete Nuova, Polenona",PR28,0,0
P:63,63,Safero,Marloini,M,1973-11-09,1973,Marguino,"161 Via Mefo Nuova, Marguino",PR42,0,0
P:64,64,Mebero,Lenmeceo,M,1970-03-24,1970,Nilenona,"108 Via Valpo, Nilenona",PR53,0,0
P:65,65,Marbero,Gudanbai,M,1957-05-13,1957,Marlaano,"20 Via Ferpo Vecchia, Marlaano",PR41,0,0
P:66,66,Galdana,Monpasi,F,1952-11-27,1952,Caloano,"20 Via Ferpo Vecchia, Marlaano",PR41,0,0
P:67,67,Memeo,Cagioo,M,1981-02-09,1981,Marmonano,"47 Via Pasmar Nuova, Marmonano",PR09,0,0
P:68,68,Giogala,Cagioo,F,1989-02-19,1989,Rosniello,"47 Via Pasmar Nuova, Marmonano",PR09,0,0
P:69,69,Gucao,Renruo,M,1970-02-26,1970,Caloano,"129 Via Rosfer Nuova, Caloano",PR06,0,0
P:70,70,Cepaso,Lovalgioini,M,1964-11-21,1964,Saguello,"178 Via Caren, Saguello",PR18,0,0
P:71,71,Marleno,Pasgiotina,M,1968-01-12,1968,Valpoino,"65 Via Foros Nuova, Valpoino",PR50,0,0
P:72,72,Nifoo,Pasgiotina,M,1973-01-15,1973,Danzoano,"65 Via Foros Nuova, Valpoino",PR50,0,0
P:73,73,Ceruo,Rencoretti,M,1961-10-20,1961,Teberello,"15 Via Rendan Vecchia, Teberello",PR21,0,0
P:74,74,Lengua,Lenguetti,F,1953-11-01,1953,Roslenano,"15 Via Rendan Vecchia, Teberello",PR21,0,0
P:75,75,Monleno,Tecordani,M,1979-07-26,1979,Balenino,"117 Via Nilo Vecchia, Balenino",PR48,0,0
P:76,76,Giolena,Zocaloa,F,1972-05-09,1972,Tinzoello,"117 Via Nilo Vecchia, Balenino",PR48,0,0
P:77,77,Tinvalo,Tecordani,M,2003-02-20,2003,Camarano,"117 Via Nilo Vecchia, Balenino",PR48,0,0
P:78,78,Marmea,Tecordani,F,2010-05-03,2010,Cedanano,"121 Via Guba Nuova, Balenino",PR48,0,0
P:79,79,Giofoo,Tinbermona,M,1956-03-08,1956,Dibaona,"92 Via Lapas, Dibaona",PR23,0,0
P:80,80,Gionio,Lovalgioini,M,1983-04-06,1983,Pozoino,"44 Via Danme, Pozoino",PR58,0,0
P:81,81,Fonio,Tinbermona,M,1953-09-05,1953,Vallenello,"112 Via Lapas, Gioceino",PR40,0,0
P:82,82,Giozoo,Visania,M,1951-09-26,1951,Giogalello,"42 Via Didan, Giogalello",PR45,0,0
P:83,83,Pastino,Danpasetti,M,1971-02-14,1971,Cazoino,"128 Via Ferval Nuova, Cazoino",PR57,0,0
P:84,84,Rencoro,Monpasi,M,1953-08-18,1953,Dimeano,"118 Via Danme, Dimeano",PR37,0,0
P:85,85,Giozoo,Lenmonetti,M,1946-03-18,1946,Roslaano,"118 Via Danme, Dimeano",PR37,0,0
P:86,86,Giolena,Monpasi,F,1988-03-04,1988,Fergalona,"125 Via Giober Vecchia, Dimeano",PR37,0,0
P:87,87,Gumara,Monpasi,F,1988-11-26,1988,Dimeano,"118 Via Danme, Dimeano",PR37,0,0
P:88,88,Mefoo,Mebai,M,1943-02-19,1943,Terosello,"79 Via Tindan Vecchia, Terosello",PR12,0,0
P:89,89,Rendana,Rencadana,F,1949-01-28,1949,Zomarino,"79 Via Tindan Vecchia, Terosello",PR12,0,0
P:90,90,Monleno,Viroso,M,1958-03-02,1958,Marrenona,"126 Via Zober Nuova, Marrenona",PR43,0,0
P:91,91,Rucora,Sapoleno,F,1961-09-27,1961,Lenloino,"147 Via Lapas, Dibaona",PR43,0,0
P:92,92,Gupoo,Tinbermona,M,1941-02-27,1941,Pasguona,"25 Via Pasmon, Pasguona",PR07,0,0
P:93,93,Rubao,Tinbermona,M,1937-06-03,1937,Gupasona,"64 Via Temon Vecchia, Metinello",PR07,0,0
P:94,94,Lalao,Monlaceetti,M,1962-04-09,1962,Vigioano,"29 Via Corte Nuova, Vigioano",PR36,0,0
P:95,95,Camona,Lovalgioini,F,1969-03-17,1969,Tecorello,"29 Via Corte Nuova, Vigioano",PR36,0,0
P:96,96,Teroso,Monlaceetti,M,1995-02-04,1995,Vigioano,"182 Via Berfer, Vigioano",PR36,0,0
P:97,97,Ditino,Monlaceetti,M,1997-12-11,1997,Vigioano,"60 Via Galgal Vecchia, Vigioano",PR36,0,0
P:98,98,Meteo,Fovivalo,M,1964-05-23,1964,Pogioona,"179 Via Lolen Vecchia, Pogioona",PR01,0,0
P:99,99,Vitino,Giofoini,M,1974-03-01,1974,Rosmonano,"24 Via Mardi Vecchia, Rosmonano",PR57,1,0
P:100,100,Popasa,Giofoini,F,1977-02-27,1977,Pasberino,"78 Via Renzo, Laberano",PR57,0,0
P:101,101,Balaa,Giofoini,F,2003-04-03,2003,Rosmonano,"132 Via Rupo Nuova, Rosmonano",PR57,0,0
P:102,102,Bagalo,Pasgiotina,M,1949-02-16,1949,Laruino,"95 Via Ditin Nuova, Laruino",PR13,0,0
P:103,103,Bertino,Focetoi,M,1974-10-03,1974,Fobaona,"111 Via Laval, Fobaona",PR51,0,0
P:104,104,Foguo,Valpoetti,M,1951-11-15,1951,Lomonona,"153 Via Dilo Nuova, Lomonona",PR53,0,0
P:105,105,Bervalo,Galloi,M,1968-09-19,1968,Dicorino,"174 Via Bamon, Dicorino",PR22,1,0
P:106,106,Lamona,Sazovio,F,1975-11-13,1975,Monceino,"174 Via Bamon, Dicorino",PR22,0,0
P:107,107,Marbero,Monpasi,M,1968-03-25,1968,Correnano,"58 Via Ruru Nuova, Lotinino",PR40,0,0
P:108,108,Terena,Lenmeceo,F,1970-02-27,1970,Meviona,"165 Via Tinba, Correnano",PR40,0,0
P:109,109,Tinfera,Monpasi,F,1998-07-13,1998,Dibaona,"165 Via Tinba, Correnano",PR40,0,0
P:110,110,Giofoo,Tinbermona,M,1948-04-19,1948,Nimonino,"60 Via Renvi Vecchia, Nimonino",PR55,0,0
P:111,111,Rusao,Lorosa,M,1946-12-08,1946,Bergalano,"60 Via Renvi Vecchia, Nimonino",PR55,0,0
P:112,112,Mardano,Loroso,M,1961-02-08,1961,Cedanino,"31 Via Tesa Vecchia, Nivalona",PR09,0,0
P:113,113,Fobero,Focezoi,M,1962-01-10,1962,Tinzoello,"198 Via Monlen Vecchia, Tinzoello",PR56,0,0
P:114,114,Rufoo,Lenmeceo,M,1951-09-10,1951,Cameano,"138 Via Caru Vecchia, Cameano",PR04,0,1
P:115,115,Gubaa,Lenmeceo,F,1947-01-17,1947,Pasmeello,"20 Via Valgu, Guvalano",PR04,0,0
P:116,116,Bagala,Lenmecao,F,1977-07-26,1977,Cameano,"138 Via Caru Vecchia, Cameano",PR04,0,0
P:117,117,Rufoo,Lofero,M,1952-12-12,1952,Roslaino,"148 Via Gume Vecchia, Roslaino",PR30,0,0
P:118,118,Sabaa,Tinsavala,F,1957-05-16,1957,Giopoona,"148 Via Gume Vecchia, Roslaino",PR30,0,0
P:119,119,Mebero,Tinsavala,M,1959-05-26,1959,Giocorano,"45 Via Fersa Nuova, Giocorano",PR16,0,0
P:120,120,Sameo,Fomeo,M,1947-10-03,1947,Zomarano,"183 Via Giovi Vecchia, Zomarano",PR24,0,0
P:121,121,Gutina,Bercapasi,F,1941-02-17,1941,Valberino,"183 Via Giovi Vecchia, Zomarano",PR24,0,0
P:122,122,Giolao,Fomeo,M,1981-01-09,1981,Zomarano,"183 Via Giovi Vecchia, Zomarano",PR24,0,0
P:123,123,Corloa,Fomeo,F,1975-03-16,1975,Zomarano,"28 Via Baren, Camarano",PR24,0,0
P:124,124,Gionio,Pasgiotina,M,1942-07-18,1942,Ruguano,"82 Via Mete Nuova, Ruguano",PR07,0,0
P:125,125,Tinfero,Monpasi,M,1948-05-11,1948,Zodanano,"45 Via Zoba Nuova, Zodanano",PR14,0,0
P:126,126,Bervalo,Monbao,M,1958-02-09,1958,Valpoino,"28 Via Giopo Nuova, Valpoino",PR50,0,0
P:127,127,Moncao,Calarena,M,1982-12-25,1982,Marrenona,"22 Via Loni Vecchia, Marrenona",PR43,0,0
P:128,128,Vimaro,Pasterui,M,1955-09-25,1955,Dimeello,"149 Via Dini Vecchia, Dimeello",PR30,0,0
P:129,129,Diceo,Bapovietti,M,1954-06-16,1954,Dimeello,"180 Via Cefer Nuova, Cefoello",PR30,0,0
P:130,130,Cabero,Tinbermona,M,1948-11-15,1948,Ferberano,"68 Via Zoca Nuova, Ferberano",PR00,0,0
P:131,131,Monzoa,Zogalmeini,F,1947-04-28,1947,Lenpasello,"68 Via Zoca Nuova, Ferberano",PR00,0,0
P:132,132,Nimono,Tinbermona,M,1983-06-03,1983,Ferberano,"68 Via Zoca Nuova, Ferberano",PR00,0,0
P:133,133,Valgala,Tinbermona,F,1981-02-20,1981,Ferberano,"68 Via Zoca Nuova, Ferberano",PR00,0,0
P:134,134,Ceruo,Tinbermona,M,1968-10-21,1968,Tecorello,"39 Via Baber, Tecorello",PR36,0,0
P:135,135,Danvio,Monferdana,M,1948-06-21,1948,Giopoona,"150 Via Roste, Giopoona",PR19,0,0
P:136,136,Temeo,Marpasini,M,1947-02-19,1947,Correnano,"157 Via Cefo Vecchia, Correnano",PR40,0,0
P:137,137,Corgala,Tinbermona,F,1953-01-27,1953,Pasloano,"157 Via Cefo Vecchia, Correnano",PR40,0,0
P:138,138,Roscoro,Marpasini,M,1974-06-07,1974,Corniano,"157 Via Cefo Vecchia, Correnano",PR40,0,0
P:139,139,Focoro,Pocoro,M,1972-05-08,1972,Digalello,"66 Via Baba Vecchia, Digalello",PR58,0,1
P:140,140,Renbero,Renvalo,M,1968-06-27,1968,Monceino,"109 Via Gudi Vecchia, Monceino",PR55,0,0
P:141,141,Larua,Zotinzoini,F,1975-05-22,1975,Lenpasona,"157 Via Tegu, Niloona",PR55,0,0
P:142,142,Cabero,Renvalo,M,1993-10-07,1993,Giomonano,"21 Via Came Vecchia, Monceino",PR55,0,0
P:143,143,Valvio,Lodanini,M,1981-01-27,1981,Balenino,"185 Via Galvi, Balenino",PR48,0,0
P:144,144,Giogala,Tinbermona,F,1986-06-15,1986,Valpasino,"185 Via Galvi, Balenino",PR48,0,0
P:145,145,Zoreno,Rospasetti,M,1971-05-19,1971,Cedanano,"7 Via Gucor Nuova, Cedanano",PR38,0,0
P:146,146,Focora,Lovalgioini,F,1973-03-03,1973,Valpasello,"7 Via Gucor Nuova, Cedanano",PR38,0,0
P:147,147,Poceo,Dipofero,M,1972-09-10,1972,Zotinano,"187 Via Ceru Vecchia, Zotinano",PR50,0,0
P:148,148,Rensaa,Cagioo,F,1979-06-02,1979,Monteino,"187 Via Ceru Vecchia, Zotinano",PR50,0,0
P:149,149,Pozoa,Dipofero,F,2001-08-24,2001,Berpasello,"69 Via Meros Vecchia, Zotinano",PR50,0,0
P:150,150,Fermea,Dipofero,F,2006-04-20,2006,Zotinano,"7 Via Valpo Nuova, Zotinano",PR50,0,0
P:151,151,Fozoo,Rosmebaini,M,1968-08-23,1968,Rosrenello,"138 Via Rudi, Rosrenello",PR12,0,0
P:152,152,Rencoro,Tinbermona,M,1981-11-26,1981,Lotinino,"164 Via Tegu, Lotinino",PR58,0,0
P:153,153,Terena,Renfoneini,F,1986-04-13,1986,Valviano,"164 Via Tegu, Lotinino",PR58,0,0
P:154,154,Giolao,Tiobermona,M,2007-04-27,2007,Lotinino,"164 Via Tegu, Lotinino",PR58,0,0
P:155,155,Tincea,Tinbermona,F,2011-12-01,2011,Lotinino,"164 Via Galgal Vecchia, Lotinino",PR58,0,0
P:156,156,Giozoo,Tinbermona,M,1976-06-10,1976,Cameano,"133 Via Nidi Nuova, Cameano",PR04,0,0
P:157,157,Calaa,Lorosa,F,1972-05-16,1972,Zomarano,"54 Via Galgio Vecchia, Valpasello",PR04,0,0
P:158,158,Vicoro,Tinbermona,M,2006-06-28,2006,Ruguano,"8 Via Danmar Nuova, Cameano",PR04,0,0
P:159,159,Rosfoo,Tinbermona,M,2007-03-11,2007,Tinberino,"133 Via Nidi Nuova, Cameano",PR04,0,0
P:160,160,Berfero,Tinbermona,M,2011-03-22,2011,Cameano,"49 Via Valval Vecchia, Berniano",PR04,0,0
P:161,161,Danfero,Monpasi,M,1945-08-05,1945,Valloona,"172 Via Nila Nuova, Danloino",PR25,0,0
P:162,162,Giogala,Tinbermona,F,1943-07-20,1943,Zomarano,"63 Via Galdi Vecchia, Valloona",PR25,0,0
P:163,163,Monzoa,Monpasi,F,1979-01-10,1979,Renmonino,"63 Via Galdi Vecchia, Valloona",PR25,0,0
P:164,164,Fonio,Monpasi,M,1979-06-22,1979,Valloona,"63 Via Galdi Vecchia, Valloona",PR25,0,0
P:165,165,Pasgalo,Tinbermota,M,1958-11-02,1958,Nizoello,"92 Via Valpo, Nizoello",PR18,0,0
P:166,166,Rendana,Nimarini,F,1956-11-20,1956,Cecorino,"101 Via Berzo Nuova, Gioferino",PR18,0,0
P:167,167,Rufoo,Tinbermona,M,1991-08-15,1991,Nizoello,"195 Via Teni, Nizoello",PR18,0,0
P:168,168,Cadio,Galmono,M,1983-03-01,1983,Marmonano,"95 Via Gioni Nuova, Marmonano",PR09,0,0
P:169,169,Menia,Galmono,F,1985-04-15,1985,Pasdanona,"95 Via Gioni Nuova, Marmonano",PR09,0,0
P:170,170,Gupoo,Galmono,M,2009-10-22,2009,Cameano,"72 Via Galtin Vecchia, Marmonano",PR09,0,0
P:171,171,Ruroso,Lenmeceo,M,1970-12-13,1970,Marlaano,"109 Via Pola Vecchia, Marlaano",PR41,0,0
P:172,172,Pasrua,Carosini,F,1970-02-17,1970,Corteino,"128 Via Bapas, Laruino",PR41,0,0
P:173,173,Ferroso,Medicao,M,1949-10-28,1949,Pasbaello,"114 Via Corni, Pasbaello",PR50,0,0
P:174,174,Digua,Giofoini,F,1954-02-09,1954,Viruino,"114 Via Corni, Pasbaello",PR50,0,0
P:175,175,Corpasa,Medicao,F,1978-02-27,1978,Pasbaello,"111 Via Sadan Vecchia, Pasbaello",PR50,0,0
P:176,176,Sateo,Tinpascai,M,1979-07-23,1979,Teferello,"157 Via Fotin Nuova, Teferello",PR35,0,0
P:177,177,Camara,Tinbermona,F,1974-08-14,1974,Cedanano,"148 Via Zopas Vecchia, Viberello",PR35,0,0
P:178,178,Vidano,Tinpascai,M,2006-03-14,2006,Teferello,"157 Via Fotin Nuova, Teferello",PR35,0,0
P:179,179,Tinbao,Ferferini,M,1958-05-24,1958,Bervalino,"34 Via Tingio, Bervalino",PR25,0,0
P:180,180,Margioa,Renvalo,F,1963-07-24,1963,Lomonona,"34 Via Tingio, Bervalino",PR25,0,0
P:181,181,Monzoa,Ferferini,F,1984-02-19,1984,Galviano,"169 Via Pomon Nuova, Bervalino",PR25,0,0
P:182,182,Celena,Ferferini,F,1985-06-16,1985,Bervalino,"24 Via Bervi Vecchia, Moncorino",PR25,0,0
P:183,183,Zoceo,Nimarini,M,1940-12-27,1940,Pomeello,"142 Via Monlen Vecchia, Pomeello",PR49,0,0
P:184,184,Tincea,Caniferini,F,1940-02-12,1940,Rosmeello,"13 Via Loru Nuova, Marvalello",PR49,0,0
P:185,185,Lenzoo,Nimarini,M,1973-07-14,1973,Pomeello,"142 Via Monlen Vecchia, Pomeello",PR49,0,0
P:186,186,Monloo,Pasgioberetti,M,1943-02-15,1943,Balenino,"102 Via Poni, Balenino",PR36,0,0
P:187,187,Valleno,Giofoini,M,1958-02-24,1958,Zomarino,"172 Via Tingu, Zomarino",PR14,0,0
P:188,188,Dirosa,Pocoro,F,1959-12-05,1959,Giogalello,"172 Via Tingu, Zomarino",PR14,0,0
P:189,189,Forua,Giofoini,F,1987-05-19,1987,Galdanano,"42 Via Danfer Nuova, Zomarino",PR14,0,0
P:190,190,Lenruo,Lenmeceo,M,1946-08-13,1946,Dimeello,"197 Via Danber Vecchia, Gupasona",PR30,0,0
P:191,191,Tinnio,Lenguetti,M,1966-07-18,1966,Marrosino,"113 Via Nigu, Marrosino",PR11,0,0
P:192,192,Ruroso,Lorosa,M,1953-03-11,1953,Rosferona,"141 Via Pasber Nuova, Rosferona",PR54,0,0
P:193,193,Ferfoa,Giofoini,F,1946-07-12,1946,Nivalona,"72 Via Lapas, Gioniello",PR54,1,0
P:194,194,Bersao,Batinetti,M,1957-03-19,1957,Merenano,"140 Via Lenpo Vecchia, Merenano",PR41,0,0
P:195,195,Niroso,Lenmeceo,M,1956-11-09,1956,Caberano,"32 Via Pasber Nuova, Caberano",PR05,0,0
P:196,196,Danruo,Ferfera,M,1944-09-22,1944,Poviello,"127 Via Foros Nuova, Poviello",PR19,0,0
P:197,197,Loreno,Nicateo,M,1956-05-13,1956,Caberano,"186 Via Mete Nuova, Caberano",PR05,0,0
P:198,198,Locaa,Nicateo,F,1963-06-12,1963,Badiano,"186 Via Mete Nuova, Caberano",PR05,0,1
P:199,199,Lofero,Lenmeceo,M,1946-09-23,1946,Renrenino,"71 Via Valgu, Renrenino",PR16,1,0
P:200,200,Tindio,Cedia,M,1981-08-23,1981,Nidiano,"170 Via Popo Nuova, Nidiano",PR49,0,0
P:201,201,Zofera,Galcedana,F,1988-07-06,1988,Zoberona,"170 Via Popo Nuova, Nidiano",PR49,0,0
P:202,202,Valmaro,Zomarcaa,M,1962-03-06,1962,Berlenello,"132 Via Valmon Nuova, Berlenello",PR54,0,0
P:203,203,Monzoa,Zomarcaa,F,1968-07-25,1968,Mardanano,"132 Via Valmon Nuova, Berlenello",PR54,0,0
P:204,204,Lagalo,Tinbermona,M,1946-07-10,1946,Pasguona,"37 Via Fofo Vecchia, Pasguona",PR07,0,0
P:205,205,Tecoro,Galvivii,M,1969-01-24,1969,Lenloino,"120 Via Visa, Lenloino",PR25,0,0
P:206,206,Pozoa,Loealgioini,F,1966-03-02,1966,Galteino,"120 Via Visa, Lenloino",PR25,0,0
P:207,207,Pastino,Lovalgioini,M,1982-05-19,1982,Dimeano,"83 Via Monlen Vecchia, Dimeano",PR37,0,0
P:208,208,Lengua,Zogalmeini,F,1980-10-17,1980,Saruano,"83 Via Monlen Vecchia, Dimeano",PR37,0,0
P:209,209,Tesao,Lenmeceo,M,1969-09-11,1969,Marvalona,"99 Via Dancor Vecchia, Marvalona",PR55,0,0
P:210,210,Bergalo,Berrosgua,M,1960-01-27,1960,Pasbaello,"40 Via Same, Saruano",PR50,0,0
P:211,211,Sabaa,Galfoetti,F,1962-03-06,1962,Gupasano,"37 Via Corber, Pasbaello",PR50,0,0
P:212,212,Lacoro,Lenguetti,M,1981-03-12,1981,Bacorino,"39 Via Valte Nuova, Bacorino",PR12,1,0
P:213,213,Vimea,Galruzoa,F,1974-04-16,1974,Cazoino,"36 Via Niba, Galmeano",PR12,0,0
P:214,214,Cepaso,Corgiofeia,M,1968-07-22,1968,Bamarano,"63 Via Ruce, Bamarano",PR01,0,0
P:215,215,Galnia,Galrenreni,F,1965-03-19,1965,Renlenano,"63 Via Ruce, Bamarano",PR01,0,0
P:216,216,Tesao,Tinbermona,M,1959-11-16,1959,Tinguano,"198 Via Corval Nuova, Tinguano",PR13,0,0
P:217,217,Bervalo,Lenmeceo,M,1972-06-02,1972,Valloona,"19 Via Mela, Tinsaona",PR25,0,0
P:218,218,Porosa,Monpani,F,1979-10-22,1979,Valviona,"160 Via Gula Vecchia, Valloona",PR25,1,0
P:219,219,Focoro,Lenmeceo,M,1999-05-26,1999,Niloona,"160 Via Gula Vecchia, Valloona",PR25,0,0
P:220,220,Batino,Lenmeceo,M,2005-09-09,2005,Valloona,"160 Via Gula Vecchia, Valloona",PR25,0,0
P:221,221,Bagala,Lenmeceo,F,1999-09-07,1999,Valloona,"160 Via Gula Vecchia, Valloona",PR25,0,0
P:222,222,Danfero,Tinsavala,M,1950-11-16,1950,Rensaino,"28 Via Ferfer, Rensaino",PR22,0,0
P:223,223,Nibao,Martinntti,M,1959-03-22,1959,Valpasino,"80 Via Foros Nuova, Gioniello",PR27,0,0
P:224,224,Gumara,Danrendietti,F,1961-07-03,1961,Lenloino,"133 Via Pofo Vecchia, Valpasino",PR27,0,1
P:225,225,Tinfera,Martinetti,F,1984-07-24,1984,Roslenano,"174 Via Danvi Nuova, Metinello",PR27,0,0
P:226,226,Lalao,Lenmeceo,M,1978-09-11,1978,Tinguano,"153 Via Tela, Danloello",PR13,0,0
P:227,227,Guteo,Tinbermona,M,1947-02-08,1947,Valviona,"100 Via Runi Nuova, Valviona",PR02,0,0
P:228,228,Potea,Tinbermona,F,1943-06-12,1943,Galmeano,"100 Via Runi Nuova, Valviona",PR02,0,0
P:229,229,Diceo,Cagioo,M,1972-05-08,1972,Zomarino,"136 Via Roscor, Guvalano",PR14,0,0
P:230,230,Poceo,Mesai,M,1975-04-18,1975,Marguino,"198 Via Bermar Nuova, Marguino",PR42,0,0
P:231,231,Niroso,Tinbermona,M,1970-11-04,1970,Cemarona,"88 Via Giober Vecchia, Cemarona",PR49,0,0
P:232,232,Balaa,Ferteetti,F,1972-03-05,1972,Ferrosona,"88 Via Giober Vecchia, Cemarona",PR49,0,0
P:233,233,Vitino,Tinbermona,M,2001-12-13,2001,Renmonino,"88 Via Giober Vecchia, Cemarona",PR49,0,0
P:234,234,Giodano,Foferruo,M,1973-03-18,1973,Cordiano,"43 Via Monlen, Cordiano",PR42,0,0
P:235,235,Danmara,Lenmeceo,F,1975-01-19,1975,Tinrosino,"43 Via Monlen, Cordiano",PR42,0,0
P:236,236,Ferfoa,Foferruo,F,2004-01-04,2004,Cordiano,"173 Via Fofo Vecchia, Cordiano",PR42,0,0
P:237,237,Ferroso,Foferruo,M,2003-09-19,2003,Cordiano,"20 Via Valdan, Cordiano",PR42,0,0
P:238,238,Zocao,Foferruo,M,2000-11-13,2000,Cordiano,"43 Via Monlen, Cordiano",PR42,0,0
P:239,239,Lenzoo,Renruo,M,1942-12-05,1942,Tinzoello,"179 Via Bafo Vecchia, Tinzoello",PR56,0,0
P:240,240,Roscoro,Tinsavala,M,1944-03-07,1944,Monlenino,"179 Via Bafo Vecchia, Tinzoello",PR56,0,0
P:241,241,Zoteo,Lalorosetti,M,1968-11-04,1968,Pogioona,"183 Via Valfer, Pogioona",PR01,0,0
P:242,242,Pogua,Bervaletti,F,1969-11-06,1969,Pasguona,"183 Via Valfer, Pogioona",PR01,0,0
P:243,243,Lofero,Lalorosetti,M,1999-07-06,1999,Ferfoino,"120 Via Lazo Vecchia, Pogioona",PR01,0,0
P:244,244,Zolao,Lalorosetti,M,2000-12-19,2000,Cetinona,"94 Via Didan, Pogioona",PR01,0,0
P:245,245,Monmono,Cagioo,M,1979-07-08,1979,Tegalino,"154 Via Rosfer Nuova, Tegalino",PR45,0,0
P:246,246,Ferruo,Berrosgua,M,1978-01-28,1978,Zogalino,"108 Via Polen, Zogalino",PR44,0,0
P:247,247,Fercoro,Lapaso,M,1960-07-03,1960,Tetinello,"114 Via Tela, Tetinello",PR19,0,0
P:248,248,Sateo,Bapasfoa,M,1973-11-14,1973,Tinrenino,"198 Via Marru Vecchia, Tinrenino",PR52,0,0
P:249,249,Foreno,Monpaso,M,1966-01-12,1966,Nidiona,"182 Via Lencor Vecchia, Nidiona",PR31,0,0
P:250,250,Pasmeo,Rearuo,M,1976-05-21,1976,Rospasano,"172 Via Caba, Rospasano",PR44,0,0
P:251,251,Ferloo,Caferrosa,M,1963-07-22,1963,Renmonino,"178 Via Marru Vecchia, Renmonino",PR39,0,0
P:252,252,Banio,Meloferini,M,1950-05-27,1950,Roslaino,"79 Via Tinfo Vecchia, Roslaino",PR30,0,0
P:253,253,Pomona,Meloferini,F,1943-09-27,1943,Metinello,"86 Via Galba, Lofoino",PR30,0,0
P:254,254,Monsao,Meloferini,M,1978-11-10,1978,Pomeino,"155 Via Pasfer Nuova, Roslaino",PR30,0,0
P:255,255,Vibao,Zogiofoo,M,1942-05-02,1942,Pasbaello,"73 Via Ferval Vecchia, Pasbaello",PR50,0,0
P:256,256,Galdana,Tinbermona,F,1939-04-25,1939,Caviona,"41 Via Gioros Nuova, Marrenona",PR50,0,0
P:257,257,Poteo,Zogiofoo,M,1972-09-23,1972,Pasbaello,"25 Via Ferren Vecchia, Pasbaello",PR50,0,0
P:258,258,Pascao,Zogiofoo,M,1970-05-05,1970,Pasbaello,"73 Via Ferval Vecchia, Pasbaello",PR50,0,0
P:259,259,Bersao,Balenetti,M,1978-09-12,1978,Marvalona,"6 Via Galgal Vecchia, Marvalona",PR55,0,0
P:260,260,Vicaa,Ruvibaetti,F,1979-02-21,1979,Tinrosino,"6 Via Galgal Vecchia, Marvalona",PR55,0,0
P:261,261,Visao,Tinbermona,M,1942-02-06,1942,Pasberino,"21 Via Valpo Vecchia, Pasberino",PR01,0,0
P:262,262,Cabera,Zocaloa,F,1940-11-13,1940,Camarano,"21 Via Valpo Vecchia, Pasberino",PR01,0,0
P:263,263,Galpoa,Tinbermona,F,1968-03-18,1968,Bergalano,"21 Via Valpo Vecchia, Pasberino",PR01,0,0
P:264,264,Bervalo,Giofoini,M,1982-04-16,1982,Cedanino,"60 Via Galtin Vecchia, Cedanino",PR09,0,0
P:265,265,Sapoa,Giofoini,F,1984-12-02,1984,Lapasino,"60 Via Galtin Vecchia, Cedanino",PR09,0,0
P:266,266,Temeo,Giofoini,M,2015-10-13,2015,Cedanino,"60 Via Galtin Vecchia, Cedanino",PR09,0,0
P:267,267,Lalaa,Giofoini,F,2008-04-22,2008,Cedanino,"78 Via Cormon Vecchia, Cedanino",PR09,0,0
P:268,268,Lenlao,Zotinzoini,M,1947-12-18,1947,Gucorello,"125 Via Fosa Vecchia, Gucorello",PR33,0,0
P:269,269,Sabaa,Pocoro,F,1953-06-22,1953,Mardanano,"125 Via Fosa Vecchia, Gucorello",PR33,1,0
P:270,270,Viceo,Lenmeceo,M,1970-01-10,1970,Diceello,"93 Via Mela, Diceello",PR38,0,0
P:271,271,Giozoo,Lenmeceo,M,1955-07-17,1955,Bergalello,"189 Via Diru, Bergalello",PR44,0,0
P:272,272,Bermara,Lenguetti,F,1962-05-28,1962,Lovalino,"193 Via Galba, Valceano",PR44,0,0
P:273,273,Valsao,Tefoi,M,1945-01-12,1945,Renpoano,"71 Via Galmon Vecchia, Renpoano",PR28,0,0
P:274,274,Dipasa,Tegioa,F,1939-09-13,1939,Dibaona,"65 Via Lomar Nuova, Zomarino",PR28,0,0
P:275,275,Direno,Tinbermona,M,1960-01-21,1960,Lenpasello,"98 Via Tegu, Lenpasello",PR30,0,0
P:276,276,Nifoo,Tinbermona,M,1960-08-12,1960,Bertinano,"128 Via Zoru Vecchia, Bertinano",PR15,0,0
P:277,277,Zopoa,Memarcaa,F,1967-02-10,1967,Lopoino,"128 Via Zoru Vecchia, Bertinano",PR15,0,0
P:278,278,Nimea,Tinbermona,F,1991-01-16,1991,Bertinano,"128 Via Zoru Vecchia, Bertinano",PR15,0,0
P:279,279,Giofoo,Gumarpoetti,M,1962-09-21,1962,Foceano,"150 Via Lani Nuova, Foceano",PR16,0,0
P:280,280,Bercora,Gumarpoetti,F,1968-07-18,1968,Lenpasello,"150 Via Lani Nuova, Foceano",PR16,0,0
P:281,281,Sapasa,Gumarpoetti,F,1989-05-13,1989,Foceano,"13 Via Baber, Foceano",PR16,0,0
P:282,282,Bersao,Gumarpoetti,M,1995-08-27,1995,Marguino,"51 Via Tesa Vecchia, Runiona",PR16,0,0
P:283,283,Bagala,Gumarpoetti,F,1989-07-20,1989,Ferrosino,"85 Via Gudi Vecchia, Foceano",PR16,0,0
P:284,284,Lalao,Sanii,M,1945-07-08,1945,Poloano,"159 Via Marte, Poloano",PR17,0,0
P:285,285,Rosfoo,Dizogali,M,1947-02-21,1947,Pasgioello,"165 Via Caba Nuova, Pasgioello",PR10,0,0
P:286,286,Pomona,Dizogali,F,1951-12-22,1951,Giocorello,"19 Via Saru Vecchia, Nigioona",PR10,0,0
P:287,287,Ferroso,Tinsavala,M,1973-09-22,1973,Meviona,"3 Via Danni, Meviona",PR05,0,0
P:288,288,Galmona,Tinsavala,F,1975-03-06,1975,Renteona,"3 Via Danni, Meviona",PR05,0,0
P:289,289,Tecoro,Tinsaaala,M,2006-02-22,2006,Meviona,"3 Via Danni, Meviona",PR05,0,0
P:290,290,Tindio,Cagioo,M,1958-08-19,1958,Foceino,"129 Via Marpas Nuova, Foceino",PR39,0,0
P:291,291,Monteo,Sagala,M,1943-01-19,1943,Teberello,"74 Via Dizo Nuova, Teberello",PR21,0,0
P:292,292,Nifoo,Lavala,M,1947-02-03,1947,Pasdanona,"74 Via Dizo Nuova, Teberello",PR21,0,0
P:293,293,Tindio,Monpasi,M,1963-12-10,1963,Tinberino,"12 Via Foros, Sapasino",PR21,0,0
P:294,294,Monteo,Focezoi,M,1979-11-20,1979,Merenano,"127 Via Fersa, Merenano",PR41,0,0
P:295,295,Ferloo,Monpasi,M,1981-11-25,1981,Rosrenello,"149 Via Baber Nuova, Rosrenello",PR12,0,0
P:296,296,Galmona,Lenmeceo,F,1984-07-02,1984,Galrenello,"149 Via Baber Nuova, Rosrenello",PR12,0,0
P:297,297,Lendio,Pasgiotina,M,1983-06-19,1983,Lenrosano,"55 Via Valpas Vecchia, Lenrosano",PR24,0,0
P:298,298,Porosa,Pasbergioini,F,1989-04-23,1989,Pasvalino,"55 Via Valpas Vecchia, Lenrosano",PR24,0,0
P:299,299,Galpoa,Pasgiotina,F,2011-01-08,2011,Lenrosano,"117 Via Dangal Nuova, Lenrosano",PR24,0,0
P:300,300,Lofero,Pasgiotina,M,2014-01-07,2014,Lenrosano,"55 Via Valpas Vecchia, Lenrosano",PR24,0,0
P:301,301,Pozoo,Celateetti,M,1954-03-08,1954,Pomeello,"9 Via Valfer, Pomeello",PR49,0,0
P:302,302,Forua,Renvalo,F,1956-05-02,1956,Dimeano,"9 Via Valfer, Pomeello",PR49,0,0
P:303,303,Cepaso,Celateetti,M,1979-01-11,1979,Pomeello,"9 Via Valfer, Pomeello",PR49,0,0
P:304,304,Difoa,Celateetti,F,1981-10-28,1981,Metinello,"9 Via Valfer, Pomeello",PR49,0,0
P:305,305,Vitino,Tinbermona,M,1953-05-25,1953,Lomonona,"110 Via Guba Nuova, Lomonona",PR53,0,0
P:306,306,Galgala,Nicateo,F,1951-03-17,1951,Paspoano,"110 Via Guba Nuova, Lomonona",PR53,0,0
P:307,307,Banio,Tinbermona,M,1979-09-04,1979,Lomonona,"98 Via Lome, Ferberano",PR53,0,0
P:308,308,Focora,Tinbermona,F,1987-08-28,1987,Lomonona,"196 Via Danros, Lomonona",PR53,0,0
P:309,309,Valgala,Tinbermona,F,1986-01-05,1986,Cameano,"190 Via Meber Nuova, Lomonona",PR53,0,0
P:310,310,Tecoro,Zetinzoini,M,1962-02-28,1962,Tinloona,"189 Via Lenca Nuova, Tinloona",PR11,0,0
P:311,311,Cepaso,Lorosa,M,1957-06-24,1957,Sapasino,"32 Via Tetin Vecchia, Sapasino",PR37,0,0
P:312,312,Fovia,Nimarini,F,1964-06-08,1964,Cazoino,"102 Via Gucor Nuova, Nimonino",PR37,0,0
P:313,313,Galvio,Lorosa,M,1986-12-28,1986,Sapasino,"32 Via Tetin Vecchia, Sapasino",PR37,1,0
P:314,314,Galpoa,Lorosa,F,1985-08-02,1985,Sapasino,"129 Via Rugio Nuova, Sapasino",PR37,0,1
P:315,315,Danruo,Tinbermona,M,1956-12-01,1956,Vallenello,"31 Via Berme, Roslenano",PR40,1,0
P:316,316,Cafero,Lateo,M,1940-08-21,1940,Valrenello,"115 Via Lenlo Vecchia, Valrenello",PR40,0,0
P:317,317,Lamona,Badilaetti,F,1943-08-26,1943,Pogioona,"115 Via Lenlo Vecchia, Valrenello",PR40,0,0
P:318,318,Valleno,Lensapasa,M,1965-07-04,1965,Lagioino,"162 Via Zoce Nuova, Poloano",PR59,0,0
P:319,319,Sapoa,Bersateini,F,1966-06-19,1966,Roslenano,"99 Via Fodi, Lagioino",PR59,0,0
P:320,320,Locaa,Lensapasa,F,1993-08-14,1993,Lagioino,"158 Via Valla, Lagioino",PR59,0,0
P:321,321,Vibao,Lensapasa,M,1998-10-15,1998,Lagioino,"99 Via Fodi, Lagioino",PR59,0,0
P:322,322,Zoteo,Renfoetti,M,1943-11-28,1943,Marrosino,"5 Via Galgio Vecchia, Marrosino",PR11,0,0
P:323,323,Giogala,Renfoetti,F,1946-01-26,1946,Bamarano,"5 Via Galgio Vecchia, Marrosino",PR11,0,0
P:324,324,Rencoro,Mongala,M,1945-07-07,1945,Guruano,"171 Via Berfer Vecchia, Guruano",PR48,0,0
P:325,325,Vimaro,Zocaloa,M,1972-04-20,1972,Galrenello,"75 Via Valgu, Galrenello",PR03,0,0
P:326,326,Gupasa,Tinbermona,F,1976-05-13,1976,Cecorino,"75 Via Valgu, Galrenello",PR03,0,0
P:327,327,Nimea,Zocaloa,F,2006-12-03,2006,Galrenello,"130 Via Corsa, Galrenello",PR03,0,0
P:328,328,Bacaa,Zocaloa,F,1999-01-09,1999,Galrenello,"21 Via Cemar, Galrenello",PR03,0,0
P:329,329,Visao,Tinbermona,M,1976-12-26,1976,Mezoino,"18 Via Ferval Nuova, Mezoino",PR24,0,0
P:330,330,Tinrua,Rudiini,F,1977-03-13,1977,Capasello,"18 Via Ferval Nuova, Mezoino",PR24,0,0
P:331,331,Ceruo,Tinbermona,M,2008-04-28,2008,Mezoino,"18 Via Ferval Nuova, Mezoino",PR24,0,0
P:332,332,Locao,Tinsavala,M,1971-08-04,1971,Pasdanona,"40 Via Monla Vecchia, Pasdanona",PR33,0,0
P:333,333,Corcoro,Gioteini,M,1979-03-02,1979,Viberello,"1 Via Ferpas Nuova, Viberello",PR46,0,0
P:334,334,Tincora,Zocaloa,F,1976-06-02,1976,Mezoino,"1 Via Ferpas Nuova, Viberello",PR46,0,0
P:335,335,Focoro,Gioteini,M,2012-11-17,2012,Viberello,"1 Via Ferpas Nuova, Viberello",PR46,0,0
P:336,336,Pasmeo,Ladani,M,1948-07-13,1948,Marrenona,"13 Via Gioni Nuova, Marrenona",PR45,0,0
P:337,337,Renbero,Badilaetti,M,1944-12-23,1944,Nicaona,"135 Via Marla Vecchia, Merenano",PR45,0,0
P:338,338,Giofoo,Sanii,M,1951-04-19,1951,Memonano,"98 Via Cefo Vecchia, Poniino",PR55,0,0
P:339,339,Dipasa,Sanii,F,1959-11-11,1959,Berniano,"85 Via Loru Nuova, Memonano",PR55,0,0
P:340,340,Porosa,Sanii,F,1984-07-26,1984,Memonano,"85 Via Loru Nuova, Memonano",PR55,0,0
P:341,341,Guteo,Sanii,M,1984-01-02,1984,Foceano,"85 Via Loru Nuova, Memonano",PR55,0,0
P:342,342,Nimono,Lalorasetti,M,1943-01-03,1943,Giofoano,"66 Via Berme, Giofoano",PR54,0,0
P:343,343,Tinfera,Monpasi,F,1949-07-09,1949,Correnona,"76 Via Pola Vecchia, Tinrosino",PR54,0,0
P:344,344,Cabao,Lalorosetti,M,1968-05-20,1968,Giofoano,"180 Via Nilo, Marpasano",PR54,0,0
P:345,345,Memeo,Loteruo,M,1946-06-28,1946,Saloino,"199 Via Medi Vecchia, Saloino",PR29,0,0
P:346,346,Visao,Lenmeceo,M,1959-02-24,1959,Foceano,"53 Via Dila Nuova, Foceano",PR16,0,0
P:347,347,Foloa,Vibaini,F,1966-07-15,1966,Valrenello,"53 Via Dila Nuova, Foceano",PR16,0,0
P:348,348,Monloo,Renfoceini,M,1982-05-23,1982,Rosdanano,"107 Via Dancor Vecchia, Rosdanano",PR33,0,0
P:349,349,Marfoo,Barosa,M,1982-01-13,1982,Tindiona,"70 Via Galca, Tindiona",PR55,1,0
P:350,350,Nimea,Lenmeceo,F,1975-05-08,1975,Galruello,"70 Via Galca, Tindiona",PR55,0,0
P:351,351,Pozoo,Barosa,M,2009-05-13,2009,Tindiona,"41 Via Bervi Vecchia, Bergalano",PR55,0,0
P:352,352,Foreno,Barosa,M,2008-08-10,2008,Tindiona,"70 Via Galca, Tindiona",PR55,0,0
P:353,353,Sateo,Lovala,M,1977-01-08,1977,Bagioano,"101 Via Polo Nuova, Valvalello",PR26,0,0
P:354,354,Passaa,Lovala,F,1974-02-21,1974,Valberona,"48 Via Corca Nuova, Bagioano",PR26,0,0
P:355,355,Ferruo,Tinbermona,M,1971-06-17,1971,Pomeino,"171 Via Cortin Vecchia, Pomeino",PR57,0,0
P:356,356,Giorena,Pocoro,F,1965-04-08,1965,Marvalona,"171 Via Cortin Vecchia, Pomeino",PR57,0,0
P:357,357,Vicoro,Tinbermona,M,1978-02-17,1978,Nivalona,"182 Via Sagio Nuova, Nivalona",PR07,0,0
P:358,358,Vitino,Badilaetti,M,1984-07-05,1984,Giomonano,"194 Via Corca Nuova, Cetinona",PR20,0,0
P:359,359,Barosa,Galmetini,F,1990-09-03,1990,Correnona,"144 Via Medan Vecchia, Giomonano",PR20,0,0
P:360,360,Monsao,Badilaetti,M,2010-07-06,2010,Ladiona,"146 Via Cece Nuova, Giomonano",PR20,1,0
P:361,361,Lenzoo,Lenmeceo,M,1958-10-19,1958,Pomeona,"154 Via Tetin Vecchia, Pomeona",PR31,0,0
P:362,362,Valsaa,Rsrosa,F,1951-08-21,1951,Marvalona,"154 Via Tetin Vecchia, Pomeona",PR31,0,0
P:363,363,Danvio,Tebazoa,M,1952-03-21,1952,Baferano,"59 Via Niba, Pomeona",PR48,0,0
P:364,364,Pozoa,Zocaloa,F,1959-04-12,1959,Mezoino,"54 Via Valpo Vecchia, Gucorello",PR48,0,0
P:365,365,Poteo,Giofoini,M,1959-06-16,1959,Correnano,"52 Via Giosa Nuova, Nidiona",PR40,0,0
P:366,366,Lodana,Giofoini,F,1956-05-11,1956,Gioruello,"72 Via Viba Vecchia, Correnano",PR40,0,0
P:367,367,Gumaro,Giodia,M,1962-08-15,1962,Guruano,"110 Via Memar Nuova, Guruano",PR48,0,0
P:368,368,Pascoro,Rucorguini,M,1970-07-05,1970,Zotinino,"12 Via Roscor, Berferello",PR31,0,0
P:369,369,Gucao,Pocoro,M,1969-10-06,1969,Capasello,"171 Via Dizo Nuova, Capasello",PR27,0,0
P:370,370,Valdano,Lovalgioini,M,1945-06-19,1945,Bateano,"110 Via Danmar Nuova, Bateano",PR00,0,0
P:371,371,Lomea,Tinbermona,F,1941-06-07,1941,Dipoello,"110 Via Danmar Nuova, Bateano",PR00,0,1
P:372,372,Foreno,Lovalgioini,M,1975-01-28,1975,Bateano,"68 Via Loren Nuova, Bateano",PR00,0,0
P:373,373,Temeo,Tinbermona,M,1958-06-01,1958,Sadanano,"96 Via Cemar, Sadanano",PR31,0,0
P:374,374,Viceo,Tinbermona,M,1963-12-28,1963,Tinviino,"76 Via Valren Nuova, Tinviino",PR02,0,0
P:375,375,Roscea,Lenmeceo,F,1957-02-19,1957,Lenpasona,"144 Via Polo Nuova, Gulaello",PR02,0,0
P:376,376,Direno,Tinbermona,M,1997-08-16,1997,Tinviino,"65 Via Ferdan, Tinviino",PR02,0,0
P:377,377,Folena,Tinbermona,F,1987-05-07,1987,Tinviino,"76 Via Valren Nuova, Tinviino",PR02,0,0
P:378,378,Danfero,Tinbermona,M,1995-12-13,1995,Monceino,"76 Via Valren Nuova, Tinviino",PR02,0,0
P:379,379,Valdano,Renpasetti,M,1956-05-22,1956,Valruello,"45 Via Zogu Vecchia, Valruello",PR17,0,0
P:380,380,Cadana,Ladiini,F,1948-04-13,1948,Ladiona,"45 Via Zogu Vecchia, Valruello",PR17,0,0
P:381,381,Pascao,Renpasetti,M,1990-04-24,1990,Valruello,"45 Via Zogu Vecchia, Valruello",PR17,0,0
P:382,382,Poteo,Zocaloa,M,1952-06-19,1952,Gulaello,"17 Via Monzo Vecchia, Gulaello",PR16,0,1
P:383,383,Rucora,Tinbermona,F,1946-09-03,1946,Cemarona,"17 Via Monzo Vecchia, Gulaello",PR16,0,0
P:384,384,Cabera,Zocaloa,F,1986-08-01,1986,Gulaello,"17 Via Monzo Vecchia, Gulaello",PR16,0,0
P:385,385,Giolao,Zocaloa,M,1983-10-14,1983,Gulaello,"17 Via Tepas Nuova, Gulaello",PR16,0,0
P:386,386,Vicaa,Zocaloa,F,1980-08-17,1980,Fermeino,"28 Via Valval Vecchia, Gulaello",PR16,0,0
P:387,387,Cabao,Lenmeceo,M,1948-11-07,1948,Lasaino,"97 Via Galgal Vecchia, Lasaino",PR41,0,0
P:388,388,Marbero,Monpasi,M,1977-07-18,1977,Cemeello,"84 Via Caren, Badiano",PR10,0,0
P:389,389,Pogua,Zogioini,F,1981-01-02,1981,Cegalino,"85 Via Pocor, Cemeello",PR10,0,0
P:390,390,Renvala,Monpisi,F,2004-06-06,2004,Cemeello,"62 Via Ferpas Nuova, Cemeello",PR10,0,0
P:391,391,Gucao,Tegioa,M,1961-11-05,1961,Ferrosona,"123 Via Galpo Nuova, Ferrosona",PR04,0,0
P:392,392,Cania,Pocoro,F,1967-10-27,1967,Renmarona,"123 Via Galpo Nuova, Ferrosona",PR04,0,0
P:393,393,Pasmeo,Tinbermona,M,1971-01-24,1971,Lagioino,"188 Via Poros Vecchia, Lagioino",PR40,0,0
P:394,394,Galsao,Ruzoini,M,1955-08-18,1955,Rosrosano,"178 Via Danru Nuova, Rosrosano",PR22,0,0
P:395,395,Nimea,Tinbermona,F,1957-12-08,1957,Marpasano,"178 Via Danru Nuova, Rosrosano",PR22,0,0
P:396,396,Tinbao,Gumarpoetti,M,1957-08-04,1957,Danloello,"4 Via Fersa Nuova, Danloello",PR39,0,0
P:397,397,Bermara,Gumarpoetti,F,1960-04-11,1960,Cetinona,"4 Via Fersa Nuova, Danloello",PR39,0,0
P:398,398,Danfoo,Gumarpoetti,M,1985-12-02,1985,Tegalano,"25 Via Lalen Vecchia, Danloello",PR39,0,0
P:399,399,Renpasa,Gumarpoetti,F,1987-07-24,1987,Danloello,"4 Via Fersa Nuova, Danloello",PR39,0,0
P:400,400,Zoteo,Tinbermona,M,1959-08-21,1959,Renmonino,"101 Via Guni Vecchia, Renmonino",PR39,0,0
P:401,401,Cabero,Lencarosini,M,1954-11-22,1954,Rosniello,"29 Via Guber Nuova, Rosniello",PR14,0,0
P:402,402,Fermea,Gusao,F,1962-12-19,1962,Guviello,"29 Via Guber Nuova, Rosniello",PR14,0,0
P:403,403,Cadio,Renmari,M,1976-10-19,1976,Marlaano,"67 Via Bamon, Marlaano",PR41,0,0
P:404,404,Nimea,Bapasfoa,F,1978-05-26,1978,Renrenino,"67 Via Bamon, Marlaano",PR41,0,0
P:405,405,Fercoro,Renmari,M,2008-05-15,2008,Marfoano,"193 Via Tetin Vecchia, Marlaano",PR41,0,0
P:406,406,Terena,Renmari,F,2001-10-17,2001,Marlaano,"82 Via Baren, Marlaano",PR41,0,0
P:407,407,Zoceo,Renmari,M,2011-11-08,2011,Vallenello,"3 Via Ruru Nuova, Giocorello",PR41,0,0
P:408,408,Tecoro,Tinbermona,M,1943-10-20,1943,Marlaano,"157 Via Bavi Vecchia, Nimonino",PR41,0,0
P:409,409,Marbero,Renvala,M,1944-09-12,1944,Fodiello,"175 Via Valdan, Fodiello",PR34,0,0
P:410,410,Bania,Tinmonbero,F,1936-11-02,1936,Cecorino,"175 Via Valdan, Fodiello",PR34,0,1
P:411,411,Nireno,Renvala,M,1970-07-20,1970,Fodiello,"175 Via Valdan, Fodiello",PR34,0,0
P:412,412,Diceo,Tetalcora,M,1974-12-23,1974,Giomeino,"6 Via Giosa Vecchia, Giomeino",PR08,0,0
P:413,413,Sapasa,Rucorleni,F,1979-09-13,1979,Marrenona,"6 Via Giosa Vecchia, Giomeino",PR08,0,0
P:414,414,Vitino,Monpasi,M,1981-12-01,1981,Ferdiino,"110 Via Teni, Ferdiino",PR42,0,0
P:415,415,Giolena,Roslofoi,F,1979-12-26,1979,Dimeano,"110 Via Teni, Ferdiino",PR42,0,0
P:416,416,Dipasa,Monpasi,F,2009-01-05,2009,Ferdiino,"110 Via Teni, Ferdiino",PR42,0,0
P:417,417,Meteo,Cormeo,M,1954-01-20,1954,Poniano,"105 Via Galtin, Poruello",PR49,0,0
P:418,418,Giolena,Pasgiotina,F,1952-08-06,1952,Metinello,"127 Via Galte, Poniano",PR49,0,0
P:419,419,Lomaro,Gumarpoetti,M,1941-08-10,1941,Bamarano,"81 Via Gudan, Bamarano",PR02,0,0
P:420,420,Nidana,Carosini,F,1943-07-12,1943,Gupasano,"81 Via Gudan, Bamarano",PR02,0,0
P:421,421,Corgala,Gumarpoetti,F,1969-12-25,1969,Bamarano,"113 Via Didan, Bamarano",PR02,0,0
P:422,422,Pozoo,Gumarpoetti,M,1976-06-03,1976,Bamarano,"81 Via Gudan, Bamarano",PR02,0,0
P:423,423,Valleno,Tinbermona,M,1965-01-23,1965,Monceino,"32 Via Bagio Nuova, Monceino",PR55,0,0
P:424,424,Sameo,Giofoini,M,1960-05-12,1960,Pomeino,"6 Via Corgio Nuova, Tinberino",PR57,0,0
P:425,425,Guloo,Tinbermona,M,1974-03-01,1974,Ladiona,"92 Via Fodi, Ladiona",PR07,0,0
P:426,426,Rengalo,Tinbermona,M,1979-12-13,1979,Giomonano,"134 Via Vigu Vecchia, Giomonano",PR20,0,0
P:427,427,Margioa,Tinbermona,F,1986-03-02,1986,Berruona,"134 Via Vigu Vecchia, Giomonano",PR20,0,0
P:428,428,Lamona,Tinbermona,F,2009-02-04,2009,Labaona,"134 Via Vigu Vecchia, Giomonano",PR20,0,0
P:429,429,Renbero,Fermaretti,M,1979-05-11,1979,Rosrenello,"19 Via Cefer Nuova, Rosrenello",PR12,0,0
P:430,430,Nimea,Fermaretti,F,1974-04-22,1974,Lagalino,"19 Via Cefer Nuova, Rosrenello",PR12,0,0
P:431,431,Fercoro,Vifersao,M,1976-03-06,1976,Poloano,"41 Via Rosmar Nuova, Poloano",PR17,0,0
P:432,432,Tinvalo,Cagioo,M,1960-02-03,1960,Danloino,"147 Via Visa, Giomeino",PR26,0,0
P:433,433,Focoro,Giopasa,M,1950-11-13,1950,Pogioona,"47 Via Teme Vecchia, Pogioona",PR01,0,0
P:434,434,Renbero,Monpasi,M,1982-07-06,1982,Zomarino,"193 Via Nigal Nuova, Zomarino",PR14,0,0
P:435,435,Marleno,Lenguetti,M,1984-12-16,1984,Gutinona,"109 Via Zopo Nuova, Gutinona",PR52,0,0
P:436,436,Corcoro,Tinbermona,M,1967-07-07,1967,Tinrenino,"83 Via Valpo Nuova, Pasguona",PR52,0,0
P:437,437,Banio,Tinbermona,M,1983-04-23,1983,Tesaello,"47 Via Fogu, Tesaello",PR54,0,0
P:438,438,Foreno,Mebai,M,1981-08-13,1981,Lofoino,"139 Via Lenmar, Lofoino",PR05,0,0
P:439,439,Nimea,Mebai,F,1980-03-13,1980,Bergalano,"139 Via Lenmar, Lofoino",PR05,0,0
P:440,440,Bervalo,Cagioo,M,1942-01-26,1942,Rencorona,"82 Via Mecor Nuova, Rencorona",PR28,0,0
P:441,441,Lenpoo,Valloetti,M,1950-02-15,1950,Paslaano,"4 Via Meber Vecchia, Paslaano",PR05,0,0
P:442,442,Lacoro,Tegunietti,M,1976-05-13,1976,Rospasano,"131 Via Ruber Nuova, Rospasano",PR44,0,0
P:443,443,Lenrosa,Giomaretti,F,1976-08-15,1976,Rencorona,"131 Via Ruber Nuova, Rospasano",PR44,0,0
P:444,444,Ferloo,Tegunietti,M,2006-06-15,2006,Tetinello,"131 Via Ruber Nuova, Rospasano",PR44,0,0
P:445,445,Guzoa,Tegunietti,F,2001-01-12,2001,Valpasello,"131 Via Ruber Nuova, Rospasano",PR44,0,0
P:446,446,Cabao,Lenmeceo,M,1980-11-23,1980,Paslenona,"16 Via Meros Vecchia, Paslenona",PR34,0,0
P:447,447,Fofoo,Cagioo,M,1976-09-04,1976,Poviello,"25 Via Pasmon, Poviello",PR19,0,0
P:448,448,Lenvalo,Lenmeceo,M,1972-07-05,1972,Viruino,"179 Via Ferfer, Viruino",PR39,0,0
P:449,449,Roscao,Tinbermona,M,1963-08-08,1963,Guviello,"98 Via Cormon Vecchia, Guviello",PR13,0,0
P:450,450,Rosbera,Tenbermona,F,1968-05-08,1968,Teferello,"98 Via Cormon Vecchia, Guviello",PR13,0,0
P:451,451,Tincea,Tinbermona,F,1998-09-22,1998,Rencorona,"98 Via Cormon Vecchia, Guviello",PR13,0,0
P:452,452,Danfoo,Temarvaletti,M,1967-03-12,1967,Rosdanano,"114 Via Valpo Nuova, Rosdanano",PR33,0,0
P:453,453,Celena,Tinbermona,F,1967-05-27,1967,Metinello,"114 Via Valpo Nuova, Rosdanano",PR33,0,0
P:454,454,Podia,Temarvaletti,F,1997-01-07,1997,Pomeello,"20 Via Ditin Nuova, Rosdanano",PR33,0,0
P:455,455,Niroso,Renvalo,M,1972-04-04,1972,Gulaello,"199 Via Tela, Gulaello",PR16,0,0
P:456,456,Zomea,Lenrazoetti,F,1978-07-11,1978,Rencorona,"199 Via Tela, Gulaello",PR16,0,0
P:457,457,Berceo,Renvalo,M,2001-06-21,2001,Labaona,"199 Via Tela, Gulaello",PR16,0,0
P:458,458,Logioo,Renvalo,M,2001-02-03,2001,Gulaello,"9 Via Rulen, Gulaello",PR16,0,0
P:459,459,Pozoo,Tinbermona,M,1977-09-02,1977,Montinano,"101 Via Tepas, Montinano",PR59,0,0
P:460,460,Calaa,Zocaloa,F,1982-02-19,1982,Dimeello,"101 Via Tepas, Montinano",PR59,0,0
P:461,461,Monteo,Tinbermona,M,2007-08-08,2007,Montinano,"101 Via Tepas, Montinano",PR59,0,0
P:462,462,Direno,Tinbermona,M,1947-01-11,1947,Ferfoino,"52 Via Lome, Ferfoino",PR35,1,0
P:463,463,Tindio,Pocoro,M,1976-06-18,1976,Cefoello,"78 Via Poru Vecchia, Cefoello",PR41,0,0
P:464,464,Lenloa,Gumarpoetti,F,1975-03-20,1975,Gulaello,"78 Via Poru Vecchia, Cefoello",PR41,0,0
P:465,465,Danvia,Pocoro,F,2000-10-07,2000,Cefoello,"78 Via Poru Vecchia, Cefoello",PR41,0,0
P:466,466,Corloo,Giofoini,M,1941-07-18,1941,Loviona,"34 Via Giogio Nuova, Loviona",PR29,0,0
P:467,467,Giolena,Rendio,F,1941-09-25,1941,Foceino,"32 Via Loren, Galniona",PR29,0,0
P:468,468,Rubao,Lensapasa,M,1973-12-27,1973,Dancaona,"7 Via Poba Nuova, Dancaona",PR32,0,0
P:469,469,Lenruo,Sadanvali,M,1952-03-06,1952,Tindiona,"63 Via Rume, Tindiona",PR55,0,0
P:470,470,Marbero,Renruo,M,1959-08-03,1959,Guruano,"63 Via Rume, Tindiona",PR55,0,0
P:471,471,Fomaro,Rosrenpoi,M,1941-07-23,1941,Renlenano,"161 Via Sani Nuova, Renlenano",PR04,0,0
P:472,472,Danvia,Tinbermona,F,1941-10-28,1941,Lovalino,"2 Via Safer Vecchia, Bavalano",PR04,0,0
P:473,473,Saloa,Rosrenpoi,F,1968-07-17,1968,Tegalano,"163 Via Ferce Nuova, Renlenano",PR04,0,0
P:474,474,Ferruo,Roslenmarini,M,1962-08-12,1962,Berferello,"196 Via Tepas, Berferello",PR12,0,0
P:475,475,Renvio,Pocoro,M,1984-10-09,1984,Fozoello,"78 Via Nimon, Fozoello",PR32,0,0
P:476,476,Zoloa,Monpoetti,F,1977-11-24,1977,Pasberino,"78 Via Nimon, Fozoello",PR32,0,0
P:477,477,Vibao,Pocoro,M,2012-02-01,2012,Fozoello,"162 Via Nivi Vecchia, Fozoello",PR32,0,0
P:478,478,Tindio,Pocoro,M,2018-01-09,2018,Lomonona,"78 Via Nimon, Fozoello",PR32,0,0
P:479,479,Nimea,Pocoro,F,2014-08-03,2014,Roslaino,"147 Via Dini Vecchia, Fozoello",PR32,0,0
P:480,480,Lenzoo,Lencarosini,M,1941-09-02,1941,Dimeello,"187 Via Guber Nuova, Dimeello",PR30,0,0
P:481,481,Cepoa,Polena,F,1945-10-04,1945,Berpoino,"187 Via Guber Nuova, Dimeello",PR30,0,0
P:482,482,Ferloo,Roscaetti,M,1973-10-22,1973,Rensaino,"101 Via Monlen Vecchia, Rensaino",PR22,0,0
P:483,483,Giolena,Berlengui,F,1971-06-23,1971,Diviino,"101 Via Monlen Vecchia, Rensaino",PR22,0,0
P:484,484,Menia,Rsscaetti,F,2002-02-26,2002,Poniano,"101 Via Monlen Vecchia, Rensaino",PR22,0,0
P:485,485,Fercoro,Roscaetti,M,2005-05-14,2005,Rensaino,"19 Via Dizo Nuova, Rensaino",PR22,0,0
P:486,486,Sameo,Giovalbaetti,M,1976-07-07,1976,Lenrosano,"119 Via Danros, Lenrosano",PR24,0,0
P:487,487,Giolena,Monmecoro,F,1979-04-07,1979,Bermeello,"119 Via Danros, Lenrosano",PR24,0,0
P:488,488,Nidana,Giovalbaetti,F,2008-03-13,2008,Lenrosano,"119 Via Danros, Lenrosano",PR24,0,0
P:489,489,Lenlao,Bacoro,M,1975-01-27,1975,Cefoello,"27 Via Saros Nuova, Cefoello",PR41,0,0
P:490,490,Danmara,Calarena,F,1982-02-24,1982,Danzoano,"27 Via Saros Nuova, Cefoello",PR41,0,0
P:491,491,Marlena,Bacoro,F,2010-06-04,2010,Poruello,"27 Via Saros Nuova, Cefoello",PR41,0,0
P:492,492,Bagalo,Rosrenpoi,M,1967-08-12,1967,Zopoello,"140 Via Fofo Vecchia, Zopoello",PR37,0,0
P:493,493,Cepoa,Pocoro,F,1961-12-02,1961,Nimonino,"140 Via Fofo Vecchia, Zopoello",PR37,0,0
P:494,494,Zofera,Rosrenpoi,F,1994-07-26,1994,Zopoello,"74 Via Pascor Vecchia, Zopoello",PR37,0,0
P:495,495,Monmono,Rosrenpoi,M,1995-01-15,1995,Cormarano,"114 Via Corval Nuova, Zopoello",PR37,0,0
P:496,496,Danmara,Rosrenpoi,F,1997-07-23,1997,Fergalona,"39 Via Gufo Vecchia, Zopoello",PR37,0,1
P:497,497,Fozoo,Lovalgioini,M,1972-12-18,1972,Galloello,"121 Via Danni, Galloello",PR33,0,0
P:498,498,Batino,Ctnietti,M,1942-07-10,1942,Vifoello,"155 Via Zober Nuova, Rosmonano",PR26,0,0
P:499,499,Caleno,Tinbermona,M,1980-09-01,1980,Monlenino,"143 Via Nigu, Monlenino",PR43,0,0
P:500,500,Moncao,Lovala,M,1953-04-03,1953,Ferfoino,"163 Via Rusa Nuova, Ferfoino",PR35,0,0
P:501,501,Tincora,Valzoa,F,1951-11-28,1951,Galviano,"163 Via Rusa Nuova, Ferfoino",PR35,0,1
P:502,502,Giodano,Lovala,M,1977-06-06,1977,Ferfoino,"163 Via Rusa Nuova, Ferfoino",PR35,0,0
P:503,503,Pasmeo,Tinbermona,M,1983-05-09,1983,Bertinano,"81 Via Galren, Bertinano",PR15,0,0
P:504,504,Corlena,Pocoro,F,1983-07-15,1983,Giopoona,"81 Via Galren, Bertinano",PR15,0,0
P:505,505,Tecoro,Lenguetti,M,1952-12-07,1952,Vigioano,"186 Via Memon Vecchia, Vigioano",PR36,0,0
P:506,506,Pogua,Valvio,F,1953-10-16,1953,Bacorino,"13 Via Bapas, Corzoano",PR36,0,0
P:507,507,Cania,Lenguetti,F,1986-07-01,1986,Vigioano,"186 Via Memon Vecchia, Vigioano",PR36,0,0
P:508,508,Lenzoo,Lenmeceo,M,1960-06-20,1960,Dipoello,"143 Via Potin Nuova, Dipoello",PR20,0,0
P:509,509,Galnia,Lenmeceo,F,1955-06-02,1955,Roslaino,"143 Via Potin Nuova, Dipoello",PR20,0,0
P:510,510,Mefoo,Pasroscei,M,1958-12-20,1958,Rosrenello,"160 Via Lenlo Vecchia, Monteino",PR12,0,0
P:511,511,Tincea,Monpasi,F,1956-06-15,1956,Berlenello,"6 Via Marsa Vecchia, Rosrenello",PR12,0,0
P:512,512,Loreno,Pasroscei,M,1986-10-11,1986,Rosrenello,"32 Via Lenpo Vecchia, Rosrenello",PR12,0,0
P:513,513,Cepoa,Pasroscei,F,1982-08-04,1982,Rosrenello,"186 Via Baval, Rosrenello",PR12,0,0
P:514,514,Rudio,Niferi,M,1971-12-20,1971,Gucorello,"136 Via Valte Nuova, Gucorello",PR33,0,0
P:515,515,Lenleno,Tinbermona,M,1958-07-17,1958,Bagioano,"23 Via Monba Vecchia, Bagioano",PR26,0,0
P:516,516,Logioo,Podancori,M,1962-04-16,1962,Camarano,"170 Via Teni, Camarano",PR57,0,0
P:517,517,Fozoa,Lenmsceo,F,1966-07-19,1966,Saguello,"170 Via Teni, Camarano",PR57,0,0
P:518,518,Gumara,Podancori,F,1989-05-22,1989,Fogioona,"170 Via Teni, Camarano",PR57,0,0
P:519,519,Monvio,Podancori,M,1990-06-12,1990,Camarano,"20 Via Berme, Camarano",PR57,0,0
P:520,520,Nireno,Monpasi,M,1979-09-03,1979,Gupasona,"42 Via Loren, Berpoino",PR18,0,0
P:521,521,Tincora,Monpasi,F,1974-03-18,1974,Balenino,"168 Via Cetin, Gupasona",PR18,0,0
P:522,522,Corloo,Giogalfoetti,M,1948-06-13,1948,Gutinona,"126 Via Sagu Nuova, Gutinona",PR52,0,0
P:523,523,Monsao,Lenmeceo,M,1959-11-09,1959,Cemarona,"192 Via Zoca Nuova, Cemarona",PR27,0,0
P:524,524,Poceo,Tinbermona,M,1953-09-16,1953,Bertinano,"163 Via Gucor Nuova, Roslaano",PR15,0,0
P:525,525,Lenzoo,Rencadana,M,1970-04-13,1970,Cazoino,"183 Via Rentin Vecchia, Cazoino",PR57,0,0
P:526,526,Bersao,Tinbermona,M,1965-07-19,1965,Rensaino,"183 Via Rentin Vecchia, Cazoino",PR57,0,0
P:527,527,Cadio,Valporuini,M,1943-04-09,1943,Monpasino,"85 Via Giolen Vecchia, Monpasino",PR00,0,0
P:528,528,Zoreno,Giovala,M,1967-02-07,1967,Roslaano,"17 Via Monla Vecchia, Danloello",PR19,0,0
P:529,529,Zoceo,Loruo,M,1959-09-04,1959,Saruano,"145 Via Ferce Nuova, Guvalano",PR13,0,0
P:530,530,Pobaa,Valzoa,F,1967-03-25,1967,Vipasano,"125 Via Lolen Vecchia, Saruano",PR13,0,0
P:531,531,Foguo,Loruo,M,1989-05-12,1989,Giocorello,"125 Via Lolen Vecchia, Saruano",PR13,0,0
P:532,532,Valsao,Ruvivio,M,1945-05-11,1945,Pasbaello,"157 Via Mela, Pasbaello",PR50,0,0
P:533,533,Renbero,Tinbermona,M,1960-01-15,1960,Bagioano,"45 Via Ferber Nuova, Bagioano",PR20,0,0
P:534,534,Ferfoa,Tinbermona,F,1966-02-15,1966,Gucorello,"45 Via Ferber Nuova, Bagioano",PR20,0,0
P:535,535,Marlena,Tinbermona,F,1990-02-07,1990,Pozoino,"11 Via Ferros Nuova, Bagioano",PR20,0,0
P:536,536,Vicoro,Tinbermona,M,1989-01-01,1989,Bagioano,"84 Via Berba Nuova, Bagioano",PR20,0,0
P:537,537,Niroso,Tinbermona,M,1995-09-23,1995,Mardanano,"45 Via Ferber Nuova, Bagioano",PR20,0,0
P:538,538,Difero,Pocoro,M,1976-06-23,1976,Metinello,"71 Via Laval, Metinello",PR09,0,0
P:539,539,Lenloa,Pocoro,F,1973-08-20,1973,Pasmeello,"71 Via Laval, Metinello",PR09,0,0
P:540,540,Lonia,Pocoro,F,2003-07-09,2003,Metinello,"71 Via Laval, Metinello",PR09,0,0
P:541,541,Teroso,Laloroseeti,M,1968-11-10,1968,Cormarano,"126 Via Nivi Vecchia, Cormarano",PR23,0,0
P:542,542,Tegua,Cagioo,F,1968-09-14,1968,Fermeino,"126 Via Nivi Vecchia, Cormarano",PR23,0,0
P:543,543,Focoro,Danloo,M,1981-10-18,1981,Paspoano,"53 Via Zote Vecchia, Paspoano",PR33,0,0
P:544,544,Sapasa,Cordio,F,1981-02-10,1981,Cazoino,"53 Via Zote Vecchia, Paspoano",PR33,0,0
P:545,545,Marloo,Monpasi,M,1956-05-11,1956,Bateano,"96 Via Berfer, Bateano",PR00,0,0
P:546,546,Fofoo,Sabai,M,1974-08-14,1974,Gucorello,"168 Via Visa, Gucorello",PR33,0,0
P:547,547,Forua,Meruetti,F,1982-02-21,1982,Niloona,"168 Via Visa, Gucorello",PR33,0,0
P:548,548,Ferroso,Lavala,M,1945-04-21,1945,Renlenano,"183 Via Niba, Renlenano",PR04,0,0
P:549,549,Nimea,Monpasi,F,1939-04-05,1939,Tinrosona,"183 Via Niba, Renlenano",PR04,0,0
P:550,550,Locaa,Lavala,F,1971-03-16,1971,Renlenano,"183 Via Niba, Renlenano",PR04,0,0
P:551,551,Rencoro,Lavala,M,1980-08-19,1980,Renlenano,"183 Via Niba, Renlenano",PR04,0,0
P:552,552,Zolao,Lovalgioini,M,1973-08-23,1973,Lapasino,"88 Via Monlen, Lapasino",PR22,0,0
P:553,553,Renbero,Rucorguini,M,1952-08-26,1952,Rospasano,"109 Via Tela, Rospasano",PR44,0,0
P:554,554,Berfero,Tinbermona,M,1958-08-07,1958,Saguello,"36 Via Sadan Vecchia, Saguello",PR18,0,0
P:555,555,Marloo,Lenmeceo,M,1946-06-12,1946,Diceello,"39 Via Lani, Diceello",PR38,0,0
P:556,556,Lavala,Lenmeceo,F,1946-05-10,1946,Tetinello,"39 Via Lani, Diceello",PR38,0,0
P:557,557,Corloa,Lenmeceo,F,1973-01-23,1973,Galcorino,"39 Via Lani, Diceello",PR38,0,0
P:558,558,Ruroso,Monpasi,M,1980-07-27,1980,Digalello,"11 Via Berfer, Digalello",PR58,0,0
P:559,559,Viceo,Lenmeceo,M,1944-09-14,1944,Berlaona,"110 Via Lomar, Berlaona",PR02,0,0
P:560,560,Lenruo,Caferrosa,M,1962-08-07,1962,Dicorino,"32 Via Potin, Dicorino",PR22,0,0
P:561,561,Nidia,Nicateo,F,1967-11-02,1967,Renlenano,"42 Via Galmon Vecchia, Caberano",PR22,0,0
P:562,562,Valgala,Caferrosa,F,1991-06-14,1991,Dicorino,"167 Via Dancor Vecchia, Dicorino",PR22,0,0
P:563,563,Giodano,Meloetti,M,1957-08-02,1957,Rensaino,"147 Via Danme, Rensaino",PR22,0,0
P:564,564,Camona,Valrulenetti,F,1954-12-24,1954,Mezoino,"147 Via Danme, Rensaino",PR22,0,0
P:565,565,Zoceo,Dicao,M,1962-09-07,1962,Marguino,"149 Via Danvi Nuova, Marguino",PR42,0,0
P:566,566,Pogua,Nifergioini,F,1966-05-11,1966,Cegalino,"149 Via Danvi Nuova, Marguino",PR42,0,0
P:567,567,Ruroso,Monpasi,M,1983-01-19,1983,Bamarano,"142 Via Galpo Vecchia, Danloello",PR01,0,0
P:568,568,Danvia,Meruetti,F,1982-05-02,1982,Lenpasona,"197 Via Rudi, Bamarano",PR01,0,0
P:569,569,Giolena,Monpasi,F,2017-06-23,2017,Fotinino,"197 Via Rudi, Bamarano",PR01,0,0
P:570,570,Bagalo,Monpasi,M,1973-12-23,1973,Dangioino,"104 Via Pasfer Nuova, Pasmeello",PR53,0,0
P:571,571,Zopoa,Tinbermona,F,1971-11-13,1971,Nizoello,"76 Via Vimar Nuova, Marpasano",PR53,0,0
P:572,572,Gucao,Monpasi,M,2007-04-20,2007,Dangioino,"80 Via Nifo, Dangioino",PR53,0,0
P:573,573,Monsao,Lovalgioini,M,1973-01-02,1973,Terosello,"60 Via Gufo Vecchia, Terosello",PR12,0,0
P:574,574,Temeo,Tinlaetti,M,1958-04-03,1958,Ferdiino,"35 Via Baba Vecchia, Ferdiino",PR42,0,0
P:575,575,Pomea,Tinlaetti,F,1959-10-06,1959,Rosrosano,"91 Via Valpas Vecchia, Dancaona",PR42,0,0
P:576,576,Marlena,Tinlaetti,F,1983-06-27,1983,Ferdiino,"189 Via Saros Nuova, Ferdiino",PR42,0,0
P:577,577,Bergalo,Renceini,M,1965-03-25,1965,Zogalino,"118 Via Marce, Zogalino",PR44,0,0
P:578,578,Camara,Tinbermona,F,1961-04-24,1961,Renmonino,"118 Via Marce, Zogalino",PR44,0,0
P:579,579,Tinbera,Renceini,F,1991-06-26,1991,Zogalino,"126 Via Caren, Zogalino",PR44,0,0
P:580,580,Pasmeo,Dangiotinetti,M,1972-03-05,1972,Gulaello,"7 Via Zogu Vecchia, Gulaello",PR16,0,0
P:581,581,Correna,Dangiotinetti,F,1972-05-24,1972,Caloano,"7 Via Zogu Vecchia, Gulaello",PR16,0,0
P:582,582,Logioo,Dangiotinetti,M,2004-05-11,2004,Gulaello,"85 Via Rosmon, Gulaello",PR16,0,0
P:583,583,Pobaa,Dangiotinetti,F,1998-02-16,1998,Gulaello,"30 Via Caren Vecchia, Gulaello",PR16,0,0
P:584,584,Focoro,Tinbermona,M,1950-10-14,1950,Danzoano,"82 Via Ladi, Danzoano",PR35,0,0
P:585,585,Nidana,Monpasi,F,1952-08-01,1952,Tinsaona,"82 Via Ladi, Danzoano",PR35,0,0
P:586,586,Teroso,Renruo,M,1973-01-15,1973,Gioruello,"82 Via Giodan Nuova, Gioruello",PR46,0,0
P:587,587,Correna,Renruo,F,1981-09-10,1981,Tetinello,"82 Via Giodan Nuova, Gioruello",PR46,0,0
P:588,588,Cafero,Renruo,M,2003-04-11,2003,Gioruello,"82 Via Giodan Nuova, Gioruello",PR46,0,0
P:589,589,Mefoo,Vallaetti,M,1961-09-02,1961,Marvalona,"105 Via Tela, Marvalona",PR55,0,0
P:590,590,Rufoo,Lenmeceo,M,1974-01-03,1974,Corloano,"55 Via Bergu Nuova, Danzoano",PR56,0,0
P:591,591,Rufoo,Galgioo,M,1958-06-14,1958,Bertinano,"185 Via Renvi Vecchia, Bertinano",PR15,0,0
P:592,592,Gupasa,Nimarini,F,1963-09-27,1963,Gioceino,"185 Via Renvi Vecchia, Bertinano",PR15,0,0
P:593,593,Marfoo,Ferrenmono,M,1942-04-23,1942,Berniino,"172 Via Nilo, Berniino",PR59,0,0
P:594,594,Cepoa,Zocaloa,F,1946-09-21,1946,Valrenello,"172 Via Nilo, Berniino",PR59,0,0
P:595,595,Rengalo,Monmecoro,M,1957-11-01,1957,Valcorano,"171 Via Gioni Nuova, Valcorano",PR43,0,0
P:596,596,Giofoo,Pocoro,M,1980-07-20,1980,Ferrosona,"157 Via Safer Vecchia, Ferrosona",PR04,0,0
P:597,597,Mefera,Zogalteo,F,1979-07-13,1979,Bergalano,"157 Via Safer Vecchia, Ferrosona",PR04,0,0
P:598,598,Monteo,Lozoetti,M,1975-10-25,1975,Cecorino,"95 Via Cefo Vecchia, Cecorino",PR18,0,0
P:599,599,Rengalo,Gioberpasini,M,1946-05-26,1946,Nivalona,"101 Via Niber Vecchia, Nivalona",PR07,0,0
P:600,600,Lengua,Monpasi,F,1952-10-15,1952,Lapasino,"101 Via Niber Vecchia, Nivalona",PR07,0,0
P:601,601,Galdana,Gioberpasini,F,1980-10-10,1980,Nivalona,"101 Via Niber Vecchia, Nivalona",PR07,0,0
P:602,602,Marbero,Saviferini,M,1956-05-26,1956,Galviano,"144 Via Rendan Vecchia, Galviano",PR31,0,0
P:603,603,Bervalo,Bervaletti,M,1982-09-18,1982,Renrenino,"132 Via Renmar Vecchia, Renrenino",PR16,0,0
P:604,604,Lalao,Renpasa,M,1941-02-05,1941,Ferrosino,"131 Via Dicor Vecchia, Ferrosino",PR35,0,0
P:605,605,Vitina,Tepoini,F,1941-12-17,1941,Loruello,"131 Via Dicor Vecchia, Ferrosino",PR35,0,0
P:606,606,Fercoro,Zocaloa,M,1941-10-09,1941,Danzoano,"154 Via Polo Nuova, Danzoano",PR35,0,0
P:607,607,Ferfoa,Zocaloa,F,1948-01-15,1948,Roslaino,"84 Via Rentin Vecchia, Fobaona",PR35,0,0
P:608,608,Lagalo,Podancori,M,1959-06-07,1959,Lagioino,"110 Via Ferval Nuova, Lagioino",PR59,0,0
P:609,609,Monteo,eosmebaini,M,1975-02-03,1975,Lagalino,"165 Via Marvi Vecchia, Lagalino",PR44,0,0
P:610,610,Lonia,Monpasi,F,1969-09-07,1969,Caviona,"165 Via Marvi Vecchia, Lagalino",PR44,0,0
P:611,611,Bertino,Memarcaa,M,1946-09-23,1946,Sapasino,"126 Via Zoca Nuova, Sapasino",PR37,0,0
P:612,612,Niteo,Caferetti,M,1945-12-02,1945,Berpasello,"137 Via Camon Vecchia, Berpasello",PR04,0,0
P:613,613,Pasrua,Motpasi,F,1952-06-16,1952,Saguino,"137 Via Camon Vecchia, Berpasello",PR04,0,0
P:614,614,Loreno,Ladani,M,1978-11-28,1978,Pasdanona,"7 Via Nigu, Correnano",PR33,0,0
P:615,615,Bapasa,Bergutinetti,F,1973-09-13,1973,Monceino,"44 Via Ferce Nuova, Balenino",PR33,0,0
P:616,616,Podia,Ladani,F,2005-07-22,2005,Pasdanona,"94 Via Baren, Pasdanona",PR33,0,0
P:617,617,Danrena,Ladani,F,2002-03-26,2002,Pasdanona,"42 Via Dandan Nuova, Pasdanona",PR33,0,0
P:618,618,Cabera,Ladani,F,2013-08-23,2013,Pasdanona,"121 Via Nigu, Pasdanona",PR33,0,0
P:619,619,Corcoro,Badilaetti,M,1978-04-09,1978,Nidiano,"64 Via Corfo Vecchia, Nidiano",PR49,0,0
P:620,620,Monzoa,Rensaa,F,1981-05-18,1981,Galbaano,"193 Via Visa, Merenano",PR49,0,0
P:621,621,Guloo,Renruo,M,1964-01-22,1964,Giotinano,"4 Via Pocor, Giopoona",PR49,0,0
P:622,622,Pascao,Zotinzoini,M,1942-02-14,1942,Galviano,"48 Via Teru Nuova, Galviano",PR31,0,0
P:623,623,Pobaa,Lenmeceo,F,1945-01-12,1945,Lagalino,"78 Via Lomar Nuova, Pozoino",PR31,0,0
P:624,624,Monteo,Zotinzoini,M,1970-04-13,1970,Galviano,"48 Via Teru Nuova, Galviano",PR31,0,0
P:625,625,Moncao,Zocaloa,M,1968-03-26,1968,Marrosino,"17 Via Ferren Vecchia, Marrosino",PR11,0,0
P:626,626,Dipasa,Zocaloa,F,1963-02-20,1963,Bertinano,"17 Via Ferren Vecchia, Marrosino",PR11,0,0
P:627,627,Poceo,Zocaloa,M,1995-04-13,1995,Giocorano,"154 Via Danni, Marrosino",PR11,0,0
P:628,628,Nifoa,Zocaloa,F,1999-12-18,1999,Marrosino,"17 Via Ferren Vecchia, Marrosino",PR11,0,0
P:629,629,Gumaro,Badilaenti,M,1953-12-17,1953,Rencorona,"116 Via Lolen Nuova, Rencorona",PR28,0,0
P:630,630,Lenzoo,Nicateo,M,1951-09-15,1951,Cazoino,"30 Via Dangal Nuova, Tinberino",PR57,0,0
P:631,631,Marloo,Pocoro,M,1944-01-20,1944,Dimeano,"164 Via Lenlo Vecchia, Dimeano",PR48,0,0
P:632,632,Sarena,Pocoro,F,1946-07-10,1946,Guberona,"164 Via Lenlo Vecchia, Dimeano",PR48,0,0
P:633,633,Ferloo,Tinsavala,M,1966-02-20,1966,Galrenello,"34 Via Vizo Nuova, Galrenello",PR03,0,0
P:634,634,Popasa,Marcorini,F,1972-06-09,1972,Tetinano,"34 Via Vizo Nuova, Galrenello",PR03,0,0
P:635,635,Vibao,Cagioo,M,1956-05-02,1956,Corteino,"60 Via Giopas, Corteino",PR35,0,0
P:636,636,Giolao,Monlogioetti,M,1964-07-11,1964,Diceello,"81 Via Rucor Vecchia, Diceello",PR38,0,0
P:637,637,Giorena,Tinbermona,F,1963-06-28,1963,Poniino,"81 Via Rucor Vecchia, Diceello",PR38,0,0
P:638,638,Lendio,Pocoro,M,1946-04-05,1946,Tinviano,"131 Via Valgu, Tinviano",PR47,0,0
P:639,639,Bavia,Tinbermona,F,1938-03-12,1938,Bagalello,"150 Via Tela Nuova, Rosrosano",PR47,0,0
P:640,640,Galsao,Lovalgioini,M,1957-05-14,1957,Niloona,"130 Via Zopas Nuova, Niloona",PR38,0,0
P:641,641,Direno,Lenmeceo,M,1976-12-08,1976,Monvalona,"151 Via Rufer, Monvalona",PR52,0,0
P:642,642,Bagalo,Zolofoi,M,1951-11-22,1951,Balenino,"164 Via Sasa Vecchia, Balenino",PR48,0,0
P:643,643,Runia,Zolofoi,F,1947-01-15,1947,Saguino,"196 Via Lenme Nuova, Fotinino",PR48,0,0
P:644,644,Marbero,Tinbermona,M,1957-03-23,1957,Cameano,"163 Via Roszo Vecchia, Cameano",PR04,1,0
P:645,645,Pasmeo,Tinbermona,M,1959-10-08,1959,Bermeello,"122 Via Cefo Vecchia, Bermeello",PR47,0,0
P:646,646,Lenzoo,Tinbermona,M,1980-11-08,1980,Ferfoino,"117 Via Galpas, Ferfoino",PR35,0,0
P:647,647,Rubao,Tinbermona,M,1957-12-14,1957,Tinsaona,"26 Via Monla Vecchia, Tinsaona",PR10,0,0
P:648,648,Batina,Tinbermona,F,1953-01-04,1953,Galloello,"26 Via Monla Vecchia, Tinsaona",PR10,0,0
P:649,649,Foguo,Tinbermona,M,1989-08-15,1989,Berferello,"26 Via Monla Vecchia, Tinsaona",PR10,0,0
P:650,650,Tinfero,Tinsavala,M,1972-03-02,1972,Galniona,"176 Via Zoce Nuova, Galniona",PR00,0,0
P:651,651,Lagalo,Lenpaso,M,1980-11-11,1980,Bertinano,"92 Via Cela Vecchia, Bertinano",PR15,0,0
P:652,652,Nifoa,Cagioo,F,1988-10-06,1988,Fogioona,"92 Via Cela Vecchia, Bertinano",PR15,0,0
P:653,653,Guzoa,Lenpaso,F,2004-01-16,2004,Tesaello,"126 Via Fogu, Bertinano",PR15,1,0
P:654,654,Nimono,Lenpaso,M,2014-08-26,2014,Galdanano,"65 Via Podi, Bertinano",PR15,0,0
P:655,655,Tesao,Lenmeceo,M,1981-07-18,1981,Nicaona,"19 Via Valdan, Nicaona",PR53,0,0
P:656,656,Giolena,Lenmeceo,F,1984-09-17,1984,Bagalello,"19 Via Valdan, Nicaona",PR53,0,0
P:657,657,Bagalo,Gioleereni,M,1941-11-11,1941,Pomeino,"61 Via Bame, Pomeino",PR57,0,0
P:658,658,Corpasa,Tinbermona,F,1940-04-23,1940,Samarona,"146 Via Late Vecchia, Caberano",PR57,0,0
P:659,659,Cafero,Giolenreni,M,1967-11-01,1967,Pomeino,"61 Via Bame, Pomeino",PR57,0,0
P:660,660,Berceo,Bacoro,M,1949-03-20,1949,Rosmeello,"62 Via Zoce Nuova, Laruino",PR42,0,0
P:661,661,Nicaa,Ltnmeceo,F,1943-02-05,1943,Marpasano,"26 Via Zolo Vecchia, Rosmeello",PR42,0,0
P:662,662,Monloo,Bacoro,M,1982-06-05,1982,Bagioano,"26 Via Zolo Vecchia, Rosmeello",PR42,0,0
P:663,663,Mardano,Badilaetti,M,1950-03-13,1950,Terosello,"2 Via Mete Nuova, Terosello",PR12,0,0
P:664,664,Zoteo,Valvio,M,1943-08-25,1943,Bacorino,"116 Via Ferba, Merenano",PR12,0,0
P:665,665,Vitina,Tinbermona,F,1943-05-03,1943,Loviona,"63 Via Galtin Nuova, Bacorino",PR12,0,0
P:666,666,Zoceo,Giodia,M,1965-09-23,1965,Lovalino,"52 Via Cormon Nuova, Lovalino",PR17,0,0
P:667,667,Locaa,Dancegalini,F,1970-02-22,1970,Guvalino,"158 Via Danvi Nuova, Bagioano",PR17,0,0
P:668,668,Viceo,Sanii,M,1980-01-14,1980,Guruano,"142 Via Guni, Guruano",PR48,0,0
P:669,669,Tincea,Sanii,F,1985-12-22,1985,Correnona,"142 Via Guni, Guruano",PR48,0,0
P:670,670,Danfoo,Tinbermona,M,1959-11-13,1959,Rosdanano,"80 Via Sagio Nuova, Rosdanano",PR33,0,0
P:671,671,Rudio,Zocaloa,M,1972-07-26,1972,Corniano,"167 Via Dangal Nuova, Corniano",PR47,0,0
P:672,672,Monbero,Cagioo,M,1948-11-21,1948,Lenpasona,"52 Via Cefo Vecchia, Lenpasona",PR38,0,0
P:673,673,Moncao,Renteetti,M,1961-08-11,1961,Tetinello,"125 Via Corgio Nuova, Fodiello",PR19,0,0
P:674,674,Podia,Meloetti,F,1962-11-25,1962,Galrenello,"29 Via Berni, Marrenona",PR19,0,0
P:675,675,Lenpoo,eonpasi,M,1964-05-19,1964,Gioruello,"183 Via Rospas Vecchia, Gioruello",PR46,0,0
P:676,676,Danvia,Caguo,F,1959-09-09,1959,Giocorano,"183 Via Rospas Vecchia, Gioruello",PR46,0,0
P:677,677,Dansaa,Monpasi,F,1990-09-27,1990,Gioruello,"183 Via Rospas Vecchia, Gioruello",PR46,0,0
P:678,678,Gucao,Galrenreni,M,1941-11-15,1941,Bacorino,"51 Via Bamon, Bacorino",PR12,0,0
P:679,679,Saloa,Tinbermona,F,1936-09-21,1936,Valpoino,"51 Via Bamon, Bacorino",PR12,0,0
P:680,680,Ferloo,Galrenreni,M,1970-08-11,1970,Rosdanano,"94 Via Giober Vecchia, Renteona",PR12,0,0
P:681,681,Bersao,Lenguetii,M,1976-03-05,1976,Labaona,"35 Via Guba Nuova, Labaona",PR46,0,0
P:682,682,Rensaa,Tinbermona,F,1970-04-12,1970,Ferdiino,"64 Via Berfer Vecchia, Runiona",PR46,0,0
P:683,683,Pozoa,Lenguetti,F,2008-09-09,2008,Bagioano,"169 Via Memar Nuova, Labaona",PR46,0,0
P:684,684,Vicaa,Lenguetti,F,2000-03-19,2000,Tinrenino,"194 Via Rosme, Labaona",PR46,0,0
P:685,685,Focoro,Galcedana,M,1969-04-14,1969,Loruello,"196 Via Vipas Vecchia, Caloano",PR47,0,1
P:686,686,Locao,Valvio,M,1979-09-25,1979,Bavalano,"51 Via Giopas, Bavalano",PR38,0,0
P:687,687,Corgala,Pocoro,F,1982-10-19,1982,Roslenano,"87 Via Roslo Vecchia, Guviello",PR38,0,0
P:688,688,Nifoo,Lovalgioini,M,1952-07-27,1952,Bervalino,"125 Via Gucor Nuova, Bervalino",PR25,0,0
P:689,689,Mebao,Renvalo,M,1983-11-23,1983,Bervalino,"75 Via Dicor Vecchia, Bervalino",PR45,0,0
P:690,690,Locaa,Renvalo,F,1982-01-11,1982,Tindiona,"75 Via Dicor Vecchia, Bervalino",PR45,0,0
P:691,691,Guzoa,Renvalo,F,2012-02-19,2012,Marfoano,"55 Via Ferpas Nuova, Bervalino",PR45,0,0
P:692,692,Roscoro,Renvalo,M,2017-03-05,2017,Bervalino,"25 Via Foros Nuova, Bervalino",PR45,0,0
P:693,693,Foguo,Fercoro,M,1979-12-05,1979,Gupasona,"168 Via Paslen Nuova, Gupasona",PR18,0,0
P:694,694,Sapoa,Fercoro,F,1974-11-20,1974,Niloona,"168 Via Paslen Nuova, Gupasona",PR18,0,1
P:695,695,Valdano,Fercoro,M,2009-12-27,2009,Rospasano,"168 Via Paslen Nuova, Gupasona",PR18,0,0
P:696,696,Lagalo,Lovalgioini,M,1979-07-26,1979,Berlaona,"5 Via Zote Vecchia, Berlaona",PR02,0,0
P:697,697,Sasao,Danpotei,M,1972-03-18,1972,Tindiona,"108 Via Marme Vecchia, Tindiona",PR55,0,0
P:698,698,Nibera,Ferlanii,F,1974-05-02,1974,Vallenello,"108 Via Marme Vecchia, Tindiona",PR55,0,0
P:699,699,Berguo,Ladanpaso,M,1966-11-09,1966,Pasbaello,"13 Via Rosdi, Galruello",PR50,1,0
P:700,700,Tinnio,Giofoini,M,1955-10-06,1955,Zopoello,"79 Via Bame Vecchia, Zopoello",PR37,0,0
P:701,701,Pastino,Pocoro,M,1979-11-02,1979,Cedanano,"98 Via Nila Nuova, Cedanano",PR38,0,0
P:702,702,Logioo,Ruzoini,M,1968-12-23,1968,Lagioino,"198 Via Saros Nuova, Lagioino",PR40,0,1
P:703,703,Valgala,Bagioo,F,1963-05-09,1963,Dicorino,"198 Via Saros Nuova, Lagioino",PR40,0,0
P:704,704,Giozoo,Ruzoini,M,1997-01-17,1997,Corzoano,"198 Via Saros Nuova, Lagioino",PR40,0,0
P:705,705,Bermara,Ruzoini,F,1997-04-02,1997,Lagioino,"198 Via Saros Nuova, Lagioino",PR40,0,0
P:706,706,Bervalo,Tinbermona,M,1966-06-01,1966,Marrenona,"64 Via Polen, Marrenona",PR43,0,0
P:707,707,Tinfero,Marfomoni,M,1981-10-12,1981,Cazoino,"92 Via Gudi Vecchia, Cazoino",PR57,0,0
P:708,708,Corloa,Banio,F,1986-01-26,1986,Rentinano,"92 Via Gudi Vecchia, Cazoino",PR57,0,0
P:709,709,Mardano,Nidiniini,M,1940-01-28,1940,Dipoello,"198 Via Tela Nuova, Melaona",PR20,0,0
P:710,710,Niroso,Danrendietti,M,1976-10-28,1976,Rosniello,"52 Via Nilo, Rosniello",PR14,0,0
P:711,711,Cadana,Tinmonbero,F,1970-08-28,1970,Gucorello,"52 Via Nilo, Rosniello",PR14,0,0
P:712,712,Cabero,Danrendietti,M,2008-09-21,2008,Rosniello,"52 Via Nilo, Rosniello",PR14,0,0
P:713,713,Cania,Danrendietti,F,2011-04-21,2011,Rosniello,"43 Via Valpo Vecchia, Rosniello",PR14,0,0
P:714,714,Viceo,Danrendietti,M,2002-06-13,2002,Rosniello,"118 Via Ceber Vecchia, Rosniello",PR14,0,0
P:715,715,Lacoro,Moncorleni,M,1976-10-21,1976,Caviona,"100 Via Rumon Nuova, Caviona",PR48,0,0
P:716,716,Fozoo,Monpasi,M,1950-03-28,1950,Niloona,"56 Via Mepo Nuova, Niloona",PR38,0,0
P:717,717,Popasa,Giovirosetti,F,1942-02-26,1942,Marrenona,"56 Via Mepo Nuova, Niloona",PR38,0,0
P:718,718,Porosa,Monpasi,F,1984-09-13,1984,Niloona,"29 Via Fervi, Niloona",PR38,0,0
P:719,719,Diceo,Batinetti,M,1955-10-28,1955,Bagalello,"79 Via Medan, Bagalello",PR25,0,0
P:720,720,Pastino,Galreneeni,M,1963-04-09,1963,Digalello,"49 Via Teca Nuova, Digalello",PR58,0,0
P:721,721,Calaa,Lovalgioini,F,1970-08-11,1970,Rensaino,"49 Via Teca Nuova, Digalello",PR58,0,0
P:722,722,Vitina,Galrenreni,F,1993-10-20,1993,Laberano,"49 Via Teca Nuova, Digalello",PR58,0,0
P:723,723,Mebero,Galrenreni,M,1989-03-17,1989,Digalello,"49 Via Teca Nuova, Digalello",PR58,0,0
P:724,724,Diceo,Tinsavala,M,1965-03-14,1965,Berniino,"35 Via Ruber Nuova, Berniino",PR59,0,0
P:725,725,Lalaa,Focezoi,F,1968-08-10,1968,Roslaano,"35 Via Ruber Nuova, Berniino",PR59,0,0
P:726,726,Roscoro,Cagioo,M,1958-09-02,1958,Sapasino,"58 Via Nizo Nuova, Bacorino",PR11,0,0
P:727,727,Camona,Niguini,F,1965-08-08,1965,Melaona,"89 Via Potin, Sapasino",PR11,0,0
P:728,728,Focoro,Cagioo,M,1982-10-19,1982,Sapasino,"89 Via Potin, Sapasino",PR11,0,0
P:729,729,Marbero,Pasgiotina,M,1974-06-11,1974,Lopoino,"187 Via Saros Nuova, Lopoino",PR08,0,0
P:730,730,Mefera,Pasgiotina,F,1972-07-18,1972,Caviona,"187 Via Saros Nuova, Lopoino",PR08,0,0
P:731,731,Berceo,Bapasfoa,M,1947-01-16,1947,Marrosino,"166 Via Valce, Gioniello",PR11,0,0
P:732,732,Lalao,Pocoro,M,1979-05-21,1979,Valpoino,"29 Via Monla Vecchia, Valpoino",PR50,0,0
P:733,733,Bersao,Lorosa,M,1980-01-01,1980,Poruello,"4 Via Cefer Nuova, Poruello",PR58,0,0
P:734,734,Pastino,Ferzoini,M,1965-06-11,1965,Bergalano,"90 Via Zoru Vecchia, Bergalano",PR28,0,0
P:735,735,Tecoro,Galgalo,M,1973-02-27,1973,Ferfoino,"172 Via Saros Nuova, Ferfoino",PR35,0,0
P:736,736,Fozoa,Tinbermona,F,1974-02-19,1974,Giofoano,"172 Via Saros Nuova, Ferfoino",PR35,0,0
P:737,737,Renbero,Drndii,M,1983-08-01,1983,Tetinello,"136 Via Cefer Nuova, Tetinello",PR19,0,0
P:738,738,Viceo,Pocoro,M,1983-10-04,1983,Gupasona,"30 Via Niba, Gupasona",PR18,0,0
P:739,739,Locaa,Diguruini,F,1984-04-18,1984,Cordiano,"30 Via Niba, Gupasona",PR18,0,0
P:740,740,Temeo,Nicateo,M,1978-10-09,1978,Berlenello,"92 Via Corsa Vecchia, Berlenello",PR54,0,0
P:741,741,Dirosa,Tinbermona,F,1971-02-14,1971,Diviino,"92 Via Corsa Vecchia, Berlenello",PR54,0,0
P:742,742,Lendana,Nicateo,F,2004-04-08,2004,Pasberino,"10 Via Berme, Berlenello",PR54,0,0
P:743,743,Fozoo,Badilaetti,M,1946-08-25,1946,Tinviano,"164 Via Bame Vecchia, Tinviano",PR47,0,0
P:744,744,Valsaa,Cagioo,F,1954-05-14,1954,Guviello,"161 Via Marme Vecchia, Giomeino",PR47,0,0
P:745,745,Pasgalo,Tinbermona,M,1956-12-11,1956,Berlaona,"67 Via Lagal, Berlaona",PR02,0,0
P:746,746,Fozoa,Metemeetti,F,1952-04-10,1952,Baferano,"67 Via Lagal, Berlaona",PR02,0,0
P:747,747,Niloa,Tinbermona,F,1987-03-10,1987,Balenino,"64 Via Renmon Vecchia, Berlaona",PR02,0,0
P:748,748,Difero,Nifergioini,M,1960-02-04,1960,Fobaona,"184 Via Ferpas Nuova, Fobaona",PR51,0,0
P:749,749,Danpaso,Giofoini,M,1963-01-14,1963,Fergalona,"148 Via Pola Vecchia, Poruello",PR40,0,0
P:750,750,Monleno,Lenmeceo,M,1983-08-18,1983,Gucorello,"143 Via Galdi Vecchia, Gucorello",PR33,1,0
P:751,751,Celena,Rosrenpoi,F,1983-12-03,1983,Rensaino,"143 Via Galdi Vecchia, Gucorello",PR33,0,0
P:752,752,Marfoo,Lenmeceo,M,2012-08-10,2012,Gucorello,"143 Via Galdi Vecchia, Gucorello",PR33,0,0
P:753,753,Gutina,Lenmeceo,F,2009-08-11,2009,Gucorello,"143 Via Galdi Vecchia, Gucorello",PR33,0,0
P:754,754,Bervalo,Danferpasetti,M,1970-11-25,1970,Bamarano,"128 Via Telen, Lasaino",PR02,0,0
P:755,755,Gallaa,Cagioo,F,1963-06-23,1963,Caloano,"28 Via Capas Nuova, Lomonona",PR02,0,0
P:756,756,Vitino,Rendio,M,1945-02-23,1945,Berlenello,"130 Via Giodan Nuova, Berlenello",PR54,0,0
P:757,757,Tinnio,Monzoi,M,1945-07-22,1945,Pasloano,"130 Via Giodan Nuova, Berlenello",PR54,0,0
P:758,758,Camona,Rendio,F,1970-02-13,1970,Berlenello,"55 Via Renren Vecchia, Berlenello",PR54,0,0
P:759,759,Sasao,Porosgioi,M,1976-09-22,1976,Dibaona,"157 Via Caren, Dibaona",PR23,0,0
P:760,760,Monteo,Pocoro,M,1968-12-11,1968,Dicorino,"12 Via Mepo Nuova, Dicorino",PR22,0,0
P:761,761,Nimea,Pocoro,F,1966-05-18,1966,Caloano,"12 Via Mepo Nuova, Dicorino",PR22,0,0
P:762,762,Moncao,Titbermona,M,1955-11-16,1955,Bateano,"46 Via Ferpo Vecchia, Bateano",PR00,0,0
P:763,763,Lonia,Lenmeceo,F,1961-07-15,1961,Tinrosino,"46 Via Ferpo Vecchia, Bateano",PR00,0,0
P:764,764,Valleno,Tinbermona,M,1979-11-07,1979,Bateano,"14 Via Safer Vecchia, Bacorino",PR00,0,0
P:765,765,Tincora,Tinbermona,F,1979-03-11,1979,Bateano,"46 Via Ferpo Vecchia, Bateano",PR00,0,0
P:766,766,Locao,Tinbermona,M,1986-09-09,1986,Zoberona,"89 Via Ceru Vecchia, Galruello",PR00,0,0
P:767,767,Monvio,Pasdanrosini,M,1941-09-02,1941,Giofoano,"61 Via Rugio Nuova, Giofoano",PR32,0,0
P:768,768,Lagalo,Danrucoro,M,1940-08-07,1940,Tegalino,"170 Via Came, Tegalino",PR45,0,0
P:769,769,Foreno,Nicateo,M,1932-03-15,1932,Ferrosino,"170 Via Came, Tegalino",PR45,0,0
P:770,770,Batino,Cormeo,M,1971-10-25,1971,Bagalello,"22 Via Tepas, Bagalello",PR25,0,0
P:771,771,Pobaa,Cormeo,F,1973-01-07,1973,Gioruello,"22 Via Tepas, Bagalello",PR25,0,0
P:772,772,Giogala,Cormeo,F,2004-06-06,2004,Bagalello,"115 Via Pocor, Bagalello",PR25,0,0
P:773,773,Lendio,Lovalgioini,M,1978-03-23,1978,Giomonano,"86 Via Lalen Nuova, Giomonano",PR20,0,0
P:774,774,Potea,Viberzoini,F,1983-12-03,1983,Nimarano,"67 Via Pasvi Vecchia, Berniino",PR20,0,0
P:775,775,Cabao,Lovalgioini,M,2009-12-15,2009,Poloano,"160 Via Pasmar Nuova, Giomonano",PR20,0,0
P:776,776,Fermea,Lovalgioini,F,2007-05-16,2007,Lolaello,"109 Via Pasmon, Corlenano",PR20,0,0
P:777,777,Mefoo,Lenmeceo,M,1961-11-18,1961,Marlaano,"7 Via Ceru, Marlaano",PR41,0,0
P:778,778,Giotea,Lenmeceo,F,1963-09-25,1963,Marpasano,"7 Via Ceru, Marlaano",PR41,0,0
P:779,779,Sasao,Pasgiotina,M,1959-03-26,1959,Diviano,"110 Via Rusa Nuova, Diviano",PR14,0,0
P:780,780,Balaa,Lenmeceo,F,1962-09-02,1962,Nivalona,"110 Via Rusa Nuova, Diviano",PR14,0,0
P:781,781,Fomaro,Pasgiatina,M,1986-10-19,1986,Paspoano,"124 Via Capas Vecchia, Diviano",PR14,0,0
P:782,782,Danfero,Lenmeceo,M,1978-11-12,1978,Bamarano,"112 Via Zoca Nuova, Bamarano",PR02,0,0
P:783,783,Bermara,Rosmarini,F,1974-11-01,1974,Cemarona,"112 Via Zoca Nuova, Bamarano",PR02,0,0
P:784,784,Bervalo,Digiorui,M,1945-11-11,1945,Giopoona,"34 Via Marme Vecchia, Giopoona",PR19,0,0
P:785,785,Visao,Cagioo,M,1979-05-09,1979,Tinviino,"127 Via Berfer, Tinviino",PR02,0,0
P:786,786,Marlena,Cagioo,F,1983-04-10,1983,Laberano,"127 Via Berfer, Tinviino",PR02,0,0
P:787,787,Fercoro,Tinsavala,M,1982-01-11,1982,Galdanano,"70 Via Gula Vecchia, Mesaino",PR01,0,0
P:788,788,Ruvala,Tinsavala,F,1983-06-04,1983,Valpasello,"48 Via Lenpo Vecchia, Galdanano",PR01,0,0
P:789,789,Tinfera,Tinsavala,F,2008-06-19,2008,Galdanano,"155 Via Cemar, Galdanano",PR01,0,0
P:790,790,Danfoo,Tinsavala,M,2015-02-05,2015,Loviona,"48 Via Lenpo Vecchia, Galdanano",PR01,0,0
P:791,791,Berceo,Rosrenpoi,M,1976-10-23,1976,Nigioona,"128 Via Corsa, Nigioona",PR00,0,0
P:792,792,Caleno,Lenmeceo,M,1974-02-07,1974,Lagioino,"27 Via Popo, Lagioino",PR59,0,0
P:793,793,Poceo,Badilaetti,M,1942-03-13,1942,Runiona,"180 Via Rosgio Nuova, Runiona",PR05,0,0
P:794,794,Mondana,Badilaetti,F,1942-03-07,1942,Logalano,"180 Via Rosgio Nuova, Runiona",PR05,0,0
P:795,795,Guloo,Valporuini,M,1963-06-28,1963,Pomeona,"99 Via Zote Vecchia, Pomeona",PR31,0,0
P:796,796,Lenpoo,Lenmeceo,M,1974-04-16,1974,Poniino,"163 Via Dancor Vecchia, Poniino",PR26,0,0
P:797,797,Popasa,Lenmeceo,F,1982-09-01,1982,Valruello,"163 Via Dancor Vecchia, Poniino",PR26,0,0
P:798,798,Caleno,Lenmeceo,M,2003-09-26,2003,Laberano,"133 Via Same, Bamarano",PR26,0,0
P:799,799,Pasgalo,Ltnmeceo,M,2007-09-23,2007,Poniino,"163 Via Dancor Vecchia, Poniino",PR26,0,0
P:800,800,Danpaso,Corcornietti,M,1947-12-15,1947,Galviano,"146 Via Teme Vecchia, Galviano",PR31,0,0
P:801,801,Cepoa,Tinmonbero,F,1951-07-03,1951,Berlenello,"146 Via Teme Vecchia, Galviano",PR31,0,0
P:802,802,Difoa,Corcornietti,F,1973-12-26,1973,Galviano,"146 Via Teme Vecchia, Galviano",PR31,0,0
P:803,803,Renvio,Roslaa,M,1972-02-27,1972,Saloino,"33 Via Didan, Saloino",PR29,0,0
P:804,804,Bercora,Lalorosetti,F,1967-09-03,1967,Fobaona,"33 Via Didan, Saloino",PR29,0,0
P:805,805,Cabao,Ferpasnio,M,1940-05-23,1940,Caviona,"131 Via Zoce Nuova, Caviona",PR48,0,0
P:806,806,Renpasa,Rosmebaini,F,1940-09-11,1940,Berniino,"131 Via Zoce Nuova, Caviona",PR48,0,0
P:807,807,Saloa,Ferpasnio,F,1972-11-22,1972,Caviona,"131 Via Zoce Nuova, Caviona",PR48,0,0
P:808,808,Gumaro,Sanii,M,1956-08-09,1956,Nifoello,"165 Via Zoce Nuova, Nifoello",PR09,0,0
P:809,809,Passaa,Rospasetti,F,1964-07-18,1964,Samarello,"165 Via Zoce Nuova, Nifoello",PR09,0,0
P:810,810,Lenpoo,Monpasi,M,1943-09-26,1943,Tegalano,"151 Via Pasvi Nuova, Tegalano",PR13,0,0
P:811,811,Giozoo,Titbermona,M,1979-04-08,1979,Niguano,"85 Via Gula Vecchia, Niguano",PR06,0,0
P:812,812,Zoloa,Tinbermona,F,1974-09-11,1974,Tinviano,"85 Via Gula Vecchia, Niguano",PR06,0,0
P:813,813,Valsao,Tinbermona,M,1956-10-27,1956,Gioruello,"76 Via Zote Vecchia, Marvalona",PR46,0,0
P:814,814,Renvio,Giofoini,M,1950-10-17,1950,Pasloano,"193 Via Giober Vecchia, Pasloano",PR43,0,0
P:815,815,Tincora,Ferlaloo,F,1944-12-07,1944,Vifoello,"193 Via Giober Vecchia, Pasloano",PR43,0,0
P:816,816,Rosfoo,Lafercoretti,M,1974-01-19,1974,Bagioano,"26 Via Lazo Vecchia, Bagioano",PR20,0,0
P:817,817,Lodana,Tinbermona,F,1979-06-02,1979,Giotinano,"26 Via Lazo Vecchia, Bagioano",PR20,0,0
P:818,818,Lenzoo,Lovalgioini,M,1983-12-27,1983,Capasello,"165 Via Bermar Vecchia, Capasello",PR27,0,0
P:819,819,Rosfoo,Tinbermona,M,1945-04-15,1945,Vallenello,"94 Via Temar Vecchia, Vallenello",PR21,0,0
P:820,820,Renvio,Giolapoo,M,1967-12-07,1967,Pogioona,"66 Via Lome, Pogioona",PR01,0,0
P:821,821,Rufoo,Batinini,M,1960-06-19,1960,Pomeino,"77 Via Gupo Vecchia, Pomeino",PR57,0,0
P:822,822,Sabaa,Gupoloo,F,1965-02-12,1965,Loniona,"77 Via Gupo Vecchia, Pomeino",PR57,0,0
P:823,823,Vimaro,Batinini,M,1992-06-09,1992,Pomeino,"77 Via Gupo Vecchia, Pomeino",PR57,0,0
P:824,824,Vidano,Leameceo,M,1978-07-10,1978,Marfoano,"9 Via Lenfo Nuova, Marfoano",PR23,0,0
P:825,825,Corsaa,Tinbermona,F,1983-05-07,1983,Laruino,"9 Via Lenfo Nuova, Marfoano",PR23,0,0
P:826,826,Valsao,Lenmeceo,M,2011-08-08,2011,Marfoano,"9 Via Lenfo Nuova, Marfoano",PR23,0,0
P:827,827,Giozoo,Lenmeceo,M,2003-03-11,2003,Ruguano,"190 Via Corca Nuova, Sadanano",PR23,0,0
P:828,828,Mardano,Lenmeceo,M,2010-01-03,2010,Lovalino,"9 Via Lenfo Nuova, Marfoano",PR23,0,0
P:829,829,Bagalo,Monmecoro,M,1959-05-06,1959,Berniino,"144 Via Marce, Berniino",PR59,0,0
P:830,830,Porosa,Tinmonbero,F,1965-11-15,1965,Gucorello,"144 Via Marce, Berniino",PR59,0,0
P:831,831,Rudio,Rutintenini,M,1963-03-09,1963,Paspoano,"160 Via Roste, Paspoano",PR33,0,0
P:832,832,Marlena,Ferzoini,F,1964-05-22,1964,Pomeello,"160 Via Roste, Paspoano",PR33,0,0
P:833,833,Zolao,Nisadana,M,1958-01-10,1958,Galmeano,"128 Via Giogu, Lenpasello",PR29,0,0
P:834,834,Cepaso,Giofoini,M,1962-06-06,1962,Lagalino,"89 Via Ferpas Nuova, Lagalino",PR44,0,0
P:835,835,Galpoa,Tinbermona,F,1961-04-26,1961,Montinano,"89 Via Ferpas Nuova, Lagalino",PR44,0,0
P:836,836,Lenleno,Giofoini,M,1997-10-06,1997,Lagalino,"89 Via Ferpas Nuova, Lagalino",PR44,0,0
P:837,837,Roscao,Giofoini,M,1994-05-13,1994,Nimarano,"92 Via Ferpas Nuova, Lagalino",PR44,0,1
P:838,838,Foguo,Tinbermona,M,1968-02-21,1968,Galdiino,"164 Via Renmar Vecchia, Galdiino",PR51,0,0
P:839,839,Balaa,Tinbermona,F,1969-06-13,1969,Giofoano,"164 Via Renmar Vecchia, Galdiino",PR51,0,0
P:840,840,Danpaso,Tinbermona,M,1941-04-26,1941,Tinsaona,"8 Via Bermar Nuova, Guberona",PR10,0,0
P:841,841,Galfera,Monpasi,F,1935-01-02,1935,Monpasino,"182 Via Nigu, Rospasano",PR10,0,0
P:842,842,Tindio,Tinbermona,M,1959-07-08,1959,Lenpasona,"22 Via Niber Vecchia, Lenpasona",PR38,0,0
P:843,843,Zopoa,Danfera,F,1958-09-22,1958,Rosrenello,"22 Via Niber Vecchia, Lenpasona",PR38,0,0
P:844,844,Nibera,Tinbermona,F,1991-11-19,1991,Zomarano,"22 Via Niber Vecchia, Lenpasona",PR38,0,0
P:845,845,Galgala,Tinbermona,F,1993-05-16,1993,Giocorello,"22 Via Niber Vecchia, Lenpasona",PR38,0,0
P:846,846,Monteo,Tinbermona,M,1942-03-07,1942,Zolenano,"79 Via Vivi Vecchia, Zolenano",PR03,0,1
P:847,847,Marlena,Galmono,F,1945-08-16,1945,Vifoello,"79 Via Vivi Vecchia, Zolenano",PR03,0,0
P:848,848,Rusao,Monpasi,M,1964-11-24,1964,Berniano,"88 Via Nilo Vecchia, Berniano",PR23,0,0
P:849,849,Rosbera,Monpasi,F,1966-02-04,1966,Teceino,"49 Via Megal, Digalello",PR23,0,0
P:850,850,Giozoo,Monpasi,M,1989-08-22,1989,Berniano,"88 Via Nilo Vecchia, Berniano",PR23,0,0
P:851,851,Giolena,Moopasi,F,1988-11-21,1988,Berniano,"130 Via Ruru Nuova, Berniano",PR23,0,0
P:852,852,Galgala,Monpasi,F,1998-08-09,1998,Berniano,"111 Via Corni, Berniano",PR23,0,0
P:853,853,Lenlao,Giogioo,M,1942-07-28,1942,Valberona,"193 Via Gudan, Valberona",PR02,0,0
P:854,854,Corloa,Lovalgioini,F,1947-10-17,1947,Lagioino,"193 Via Gudan, Valberona",PR02,0,0
P:855,855,Monvio,Giogioo,M,1967-04-11,1967,Valberona,"193 Via Gudan, Valberona",PR02,0,0
P:856,856,Lacoro,Monferdana,M,1955-02-12,1955,Foceino,"51 Via Danba Nuova, Foceino",PR39,0,0
P:857,857,Tinnio,Tinbermona,M,1970-06-03,1970,Pogioona,"192 Via Berfer, Pogioona",PR01,0,0
P:858,858,Pasgalo,Cebera,M,1963-10-13,1963,Zomarano,"115 Via Nilo Vecchia, Zomarano",PR24,0,1
P:859,859,Rucora,Tinbermona,F,1967-05-25,1967,Correnano,"115 Via Nilo Vecchia, Zomarano",PR24,0,0
P:860,860,Zoceo,Cebera,M,1987-02-03,1987,Zomarano,"109 Via Telen, Niloona",PR24,0,0
P:861,861,Cabero,Cebera,M,1989-02-24,1989,Zomarano,"77 Via Nizo Nuova, Zomarano",PR24,0,0
P:862,862,Valleno,Tiebermona,M,1951-12-09,1951,Caviona,"30 Via Lalen Vecchia, Rosferona",PR48,0,0
P:863,863,Batina,Tinbermona,F,1944-01-10,1944,Berpasello,"81 Via Saros Nuova, Caviona",PR48,0,0
P:864,864,Poteo,Lensapasa,M,1974-10-09,1974,Valrenello,"82 Via Ferpas Nuova, Valrenello",PR40,0,0
P:865,865,Galgala,Digalini,F,1970-11-02,1970,Marrosino,"136 Via Valpo Vecchia, Fergalona",PR40,0,0
P:866,866,Danpaso,Zogalteo,M,1962-10-28,1962,Rosferona,"117 Via Gugal, Rosferona",PR54,0,0
P:867,867,Ceruo,Tinbermona,M,1971-01-08,1971,Ferdiino,"145 Via Memon Vecchia, Ferdiino",PR42,0,0
P:868,868,Pogua,Tinbermona,F,1967-09-03,1967,Loviona,"145 Via Memon Vecchia, Ferdiino",PR42,0,0
P:869,869,Mebero,Tinbermona,M,1977-01-18,1977,Fobaona,"84 Via Vilo Vecchia, Fobaona",PR51,0,0
P:870,870,Dipasa,Montinini,F,1983-02-15,1983,Valpasino,"84 Via Vilo Vecchia, Fobaona",PR51,0,0
P:871,871,Bervalo,Tinbermona,M,2009-05-13,2009,Berniano,"146 Via Paste Vecchia, Fobaona",PR51,0,0
P:872,872,Viceo,Lenmeceo,M,1943-06-16,1943,Pozoino,"157 Via Renpo Vecchia, Pozoino",PR58,0,0
P:873,873,Pasgalo,Lenmeceo,M,1942-03-27,1942,Giogalello,"157 Via Renpo Vecchia, Pozoino",PR58,0,0
P:874,874,Nimono,Lenmeceo,M,1977-02-20,1977,Pozoino,"157 Via Renpo Vecchia, Pozoino",PR58,0,0
P:875,875,Tesao,Zofotini,M,1960-07-04,1960,Rospasano,"118 Via Lofo Nuova, Rospasano",PR44,0,0
P:876,876,Rencoro,Tinbermona,M,1965-08-26,1965,Mezoino,"106 Via Danmon, Bergalello",PR24,0,0
P:877,877,Ceruo,Lalorosetti,M,1945-06-16,1945,Galcorino,"191 Via Zoru Vecchia, Galcorino",PR54,0,0
P:878,878,Foloa,Lenmeceo,F,1937-01-03,1937,Niloona,"191 Via Zoru Vecchia, Galcorino",PR54,0,0
P:879,879,Lenvalo,Pasgiotina,M,1968-05-02,1968,Pasdanona,"152 Via Runi Nuova, Saruano",PR33,0,0
P:880,880,Pozoo,Lenmeceo,M,1976-07-02,1976,Paspoano,"44 Via Foros Nuova, Paspoano",PR33,0,0
P:881,881,Tegua,Lenmeceo,F,1977-05-22,1977,Galrenello,"97 Via Gioni Vecchia, Nilenona",PR33,0,0
P:882,882,Cania,Lenmeceo,F,2009-05-01,2009,Paspoano,"83 Via Giopas, Paspoano",PR33,0,0
P:883,883,Gallao,Lenmeceo,M,2008-08-17,2008,Paspoano,"44 Via Foros Nuova, Paspoano",PR33,0,0
P:884,884,Saguo,Galrenreni,M,1974-01-14,1974,Marrosino,"141 Via Marme Vecchia, Marrosino",PR11,1,0
P:885,885,Rosfoo,Gupasi,M,1973-05-23,1973,Renmarona,"12 Via Corsa Vecchia, Renmarona",PR51,0,0
P:886,886,Logioo,Zocaloa,M,1974-10-23,1974,Marguino,"109 Via Pasmar Nuova, Marguino",PR42,0,0
P:887,887,Fozoa,Gupoloo,F,1972-05-12,1972,Pasbaello,"109 Via Pasmar Nuova, Marguino",PR42,0,0
P:888,888,Pascao,Zocaloa,M,1998-12-04,1998,Marguino,"109 Via Pasmar Nuova, Marguino",PR42,0,0
P:889,889,Poceo,Cagioo,M,1940-08-23,1940,Rosdanano,"120 Via Guber Nuova, Rosdanano",PR33,0,0
P:890,890,Cadio,Cagioo,M,1945-07-25,1945,Saruano,"120 Via Guber Nuova, Rosdanano",PR33,0,0
P:891,891,Rengalo,Cagioo,M,1971-04-06,1971,Rosdanano,"120 Via Guber Nuova, Rosdanano",PR33,0,0
P:892,892,Niroso,Lacacaa,M,1947-10-05,1947,Niguano,"99 Via Gudan Vecchia, Niguano",PR06,0,0
P:893,893,Danfero,Valvio,M,1958-12-01,1958,Zotinano,"44 Via Cefo Vecchia, Zotinano",PR50,0,0
P:894,894,Gionio,Lodilao,M,1971-01-25,1971,Monvalona,"172 Via Gufo Vecchia, Gioceino",PR52,0,0
P:895,895,Dansaa,Ferrucaa,F,1976-02-27,1976,Cemeello,"5 Via Roszo Vecchia, Roslaano",PR52,0,0
P:896,896,Fonio,Lodilao,M,2001-08-24,2001,Monvalona,"105 Via Zopas Nuova, Monvalona",PR52,0,0
P:897,897,Rudio,Tinbersona,M,1953-07-09,1953,Tinrenino,"92 Via Gugal, Tinrenino",PR52,0,0
P:898,898,Tincora,Lenmeceo,F,1950-07-12,1950,Marlaano,"92 Via Gugal, Tinrenino",PR52,0,0
P:899,899,Nimono,Tinbermona,M,1985-04-01,1985,Tinrenino,"141 Via Valval Vecchia, Tinrenino",PR52,0,0
P:900,900,Pascao,Lavia,M,1951-07-02,1951,Rosniello,"161 Via Same, Rosniello",PR14,0,0
P:901,901,Sapasa,Zomeini,F,1945-09-22,1945,Teberello,"82 Via Vimon, Pozoino",PR14,0,0
P:902,902,Tesao,Rosferi,M,1945-01-10,1945,Paspasano,"13 Via Marru Vecchia, Paspasano",PR27,0,0
P:903,903,Logioo,Zorosini,M,1960-08-18,1960,Bagioano,"100 Via Rosgio Nuova, Berpoino",PR26,0,0
P:904,904,Celena,Zorosini,F,1956-05-19,1956,Rencorona,"108 Via Valren Nuova, Berlaona",PR26,0,0
P:905,905,Gumara,Zorosini,F,1993-12-10,1993,Bagioano,"35 Via Diren Vecchia, Bagioano",PR26,0,0
P:906,906,Fofoo,Zorosini,M,1993-06-06,1993,Bagioano,"192 Via Pasvi Nuova, Bagioano",PR26,0,0
P:907,907,Foguo,Zorosini,M,1987-06-25,1987,Bagioano,"59 Via Lengio Vecchia, Bagioano",PR26,0,0
P:908,908,Rengalo,Lalorosetti,M,1955-03-19,1955,Saloino,"102 Via Nila Nuova, Saloino",PR29,0,0
P:909,909,Bermara,Bersateini,F,1948-10-19,1948,Dangioino,"102 Via Nila Nuova, Saloino",PR29,0,0
P:910,910,Foguo,Tinbermona,M,1946-11-22,1946,Dipoello,"3 Via Safer Vecchia, Giopoona",PR20,0,0
P:911,911,Bervalo,Tinbenmona,M,1947-02-08,1947,Bamarano,"124 Via Fersa Nuova, Nidiano",PR20,0,0
P:912,912,Nidia,Tinbermona,F,1979-07-10,1979,Dipoello,"77 Via Marsa Vecchia, Dipoello",PR20,0,0
P:913,913,Galfoa,Tinbermona,F,1974-09-19,1974,Renrenino,"67 Via Bermar Nuova, Dipoello",PR20,0,0
P:914,914,Pastino,Tinmonbero,M,1980-09-25,1980,Ladiona,"84 Via Tinfo Vecchia, Ladiona",PR07,0,0
P:915,915,Foreno,Pomonnietti,M,1964-03-23,1964,Galviano,"31 Via Nigu, Cegalino",PR31,0,0
P:916,916,Galpoa,Laaonini,F,1964-11-28,1964,Giotinano,"108 Via Rosru, Galviano",PR31,0,0
P:917,917,Bavia,Pomonniettr,F,1992-03-22,1992,Fermeino,"108 Via Rosru, Galviano",PR31,0,0
P:918,918,Vidano,Pomonnietti,M,1999-04-09,1999,Galviano,"170 Via Lalen Vecchia, Salenello",PR31,0,0
P:919,919,Monvio,Tinmonbero,M,1947-07-10,1947,Cefoello,"120 Via Valfer, Cefoello",PR41,0,0
P:920,920,Moncao,Tinmonbero,M,1972-07-13,1972,Giomeino,"32 Via Dandan Nuova, Giomeino",PR08,0,0
P:921,921,Ruvala,Monzoetti,F,1966-10-26,1966,Caloano,"32 Via Dandan Nuova, Giomeino",PR08,0,0
P:922,922,Pozoo,Zocaloa,M,1968-05-07,1968,Fergalona,"106 Via Fome Nuova, Fergalona",PR40,0,0
P:923,923,Celena,Fermecoro,F,1967-11-27,1967,Foceino,"51 Via Baber Nuova, Valrenello",PR40,0,0
P:924,924,Valleno,Lenmeceo,M,1956-02-19,1956,Dibaona,"37 Via Guni, Dibaona",PR23,0,0
P:925,925,Nireno,Badilaetti,M,1978-01-15,1978,Saguino,"36 Via Valpo Nuova, Saguino",PR15,0,0
P:926,926,Sarena,Bervio,F,1984-01-17,1984,Dimeano,"68 Via Danfo Nuova, Zomarino",PR15,0,0
P:927,927,Berfero,Badilaetti,M,2011-10-16,2011,Saguino,"191 Via Loren, Saguino",PR15,0,0
P:928,928,Zolao,Lenmeceo,M,1972-02-20,1972,Galrenello,"157 Via Zoros Nuova, Galrenello",PR03,0,0
P:929,929,Vicoro,Bacoro,M,1968-04-15,1968,Guberona,"137 Via Valce, Guberona",PR50,0,0
P:930,930,Fovia,Bacoro,F,1976-09-26,1976,Lofoino,"137 Via Valce, Guberona",PR50,0,0
P:931,931,Bermara,Bacoro,F,2003-04-05,2003,Fogioona,"137 Via Valce, Guberona",PR50,0,0
P:932,932,Safero,Galloi,M,1942-10-17,1942,Loniona,"119 Via Sasa Vecchia, Loniona",PR46,0,0
P:933,933,Popasa,Galloi,F,1946-08-05,1946,Bervalino,"94 Via Cavi Vecchia, Galteino",PR46,0,0
P:934,934,Monleno,Lenmeceo,M,1955-04-16,1955,Berferello,"38 Via Folo Vecchia, Giofoano",PR12,0,0
P:935,935,Focoro,Monpasi,M,1962-01-06,1962,Lasaino,"96 Via Baba Vecchia, Lasaino",PR41,0,0
P:936,936,Gionio,Lenmecet,M,1966-04-02,1966,Monceino,"96 Via Baba Vecchia, Lasaino",PR41,0,0
P:937,937,Loreno,Tinbermona,M,1957-09-14,1957,Marfoano,"160 Via Giogu, Marfoano",PR23,0,0
P:938,938,Corlena,Galguo,F,1955-05-24,1955,Melaona,"36 Via Rosgio Nuova, Bertinano",PR23,0,0
P:939,939,Valgala,Tinbermona,F,1987-07-18,1987,Marfoano,"91 Via Ceru Vecchia, Marfoano",PR23,0,0
P:940,940,Saguo,Tinbermona,M,1978-08-28,1978,Lenrosano,"178 Via Zote Vecchia, Lenrosano",PR24,0,0
P:941,941,Runia,Tinbermona,F,1975-03-16,1975,Camarano,"178 Via Zote Vecchia, Lenrosano",PR24,0,0
P:942,942,Rengalo,Cagioo,M,1951-02-28,1951,Guvalino,"136 Via Zogu Vecchia, Guvalino",PR44,0,0
P:943,943,Monsao,Tinbermona,M,1982-02-11,1982,Fogioona,"72 Via Renren Vecchia, Fogioona",PR56,0,0
P:944,944,Cania,Vicoretti,F,1974-04-28,1974,Valberona,"72 Via Renren Vecchia, Fogioona",PR56,0,0
P:945,945,Pogua,Tinbermnna,F,2015-06-07,2015,Fogioona,"72 Via Renren Vecchia, Fogioona",PR56,0,0
P:946,946,Cepaso,Tinbermona,M,1945-05-19,1945,Guvalino,"134 Via Monba Vecchia, Guvalino",PR44,0,0
P:947,947,Rendana,Tinbermona,F,1942-04-19,1942,Poviello,"134 Via Monba Vecchia, Guvalino",PR44,0,0
P:948,948,Nimea,Tinbermona,F,1969-10-07,1969,Guvalino,"198 Via Baca Vecchia, Guvalino",PR44,0,0
P:949,949,Giozoo,Tinbermona,M,1971-03-01,1971,Guvalino,"46 Via Giopo Nuova, Cormarano",PR44,0,0
P:950,950,Poceo,Loteruo,M,1945-01-28,1945,Lagalino,"39 Via Gioni Nuova, Lagalino",PR44,0,0
P:951,951,Vitina,Dilaini,F,1952-12-18,1952,Tinrosino,"39 Via Gioni Nuova, Lagalino",PR44,0,0
P:952,952,Vicoro,Giofoini,M,1967-08-14,1967,Cazoino,"138 Via Cefo Vecchia, Cazoino",PR56,0,0
P:953,953,Correna,Balenetti,F,1963-04-21,1963,Dangioino,"138 Via Cefo Vecchia, Cazoino",PR56,0,0
P:954,954,Locao,Giofoini,M,2002-10-08,2002,Cazoino,"87 Via Bapas, Cazoino",PR56,0,0
P:955,955,Pastino,Lenmeceo,M,1982-02-14,1982,Logalano,"98 Via Tinni Nuova, Logalano",PR50,0,0
P:956,956,Rufoo,Lenbazoetti,M,1976-08-23,1976,Galmeano,"191 Via Lalen Vecchia, Galmeano",PR29,0,0
P:957,957,Podia,Monpasi,F,1976-04-28,1976,Nigioona,"191 Via Lalen Vecchia, Galmeano",PR29,0,0
P:958,958,Tesao,Renroszoetti,M,1946-11-10,1946,Cedanano,"168 Via Bagio Nuova, Cedanano",PR38,0,0
P:959,959,Bacaa,Lenmeceo,F,1940-06-22,1940,Tinrosino,"168 Via Bagio Nuova, Cedanano",PR38,0,0
P:960,960,Monbero,Renroszoetti,M,1979-04-26,1979,Poloano,"24 Via Galgal Vecchia, Cecorino",PR38,0,0
P:961,961,Ferloo,Renroszoetti,M,1971-10-14,1971,Saruano,"57 Via Valval Vecchia, Cedanano",PR38,0,0
P:962,962,Pasgalo,Lenmeceo,M,1955-05-05,1955,Cecorino,"27 Via Monfo Vecchia, Cecorino",PR18,0,0
P:963,963,Tegua,Renguo,F,1947-09-08,1947,Valceano,"27 Via Monfo Vecchia, Cecorino",PR18,0,0
P:964,964,Valvio,Lenmeceo,M,1979-07-06,1979,Marrenona,"194 Via Marpas Nuova, Marrenona",PR45,0,0
P:965,965,Bergalo,Pasgiotina,M,1967-07-06,1967,Lenpasello,"130 Via Zoru Vecchia, Lenpasello",PR30,0,0
P:966,966,Runia,Tinbermona,F,1969-11-24,1969,Saguino,"38 Via Tegu, Bergalano",PR30,0,0
P:967,967,Corloo,Pasgiotina,M,2002-06-09,2002,Giocorello,"105 Via Ladi, Lenpasello",PR30,0,0
P:968,968,Corpasa,Pasgiotina,F,1991-04-12,1991,Ferrosona,"130 Via Zoru Vecchia, Lenpasello",PR30,0,0
P:969,969,Giolao,Pasgiotina,M,1991-04-28,1991,Valpasello,"91 Via Renren Vecchia, Lenpasello",PR30,0,0
P:970,970,Poteo,Marbacorini,M,1956-04-27,1956,Teberello,"11 Via Medi Vecchia, Teberello",PR21,0,0
P:971,971,Marloo,Rencepoetti,M,1982-08-24,1982,Niguano,"196 Via Potin Nuova, Niguano",PR06,0,0
P:972,972,Corlena,Monpasi,F,1988-06-02,1988,Cazoino,"196 Via Potin Nuova, Niguano",PR06,0,0
P:973,973,Passaa,Rencepoetti,F,2015-08-04,2015,Niguano,"45 Via Galtin, Niguano",PR06,0,0
P:974,974,Locao,Tefoi,M,1962-02-23,1962,Nicaona,"41 Via Pasber Nuova, Nicaona",PR53,0,0
P:975,975,Locao,Zogalcori,M,1944-10-28,1944,Monlenino,"103 Via Valte, Monlenino",PR43,0,0
P:976,976,Tincea,Tegaletti,F,1936-10-26,1936,Sadanano,"103 Via Valte, Monlenino",PR43,0,1
P:977,977,Zocao,Zogalcori,M,1968-05-10,1968,Monlenino,"51 Via Bame, Monlenino",PR43,0,0
P:978,978,Monmono,Zogalcori,M,1977-05-28,1977,Monlenino,"21 Via Zopo Nuova, Monlenino",PR43,0,0
P:979,979,Valsao,Cagioo,M,1948-07-21,1948,Laberano,"12 Via Lenpo Vecchia, Laberano",PR34,0,0
P:980,980,Danvio,Tinbermona,M,1973-01-21,1973,Foceino,"13 Via Lomar, Berruona",PR39,0,0
P:981,981,Camona,Pasgiotina,F,1977-09-13,1977,Bacorello,"31 Via Bamon, Foceino",PR39,0,0
P:982,982,Vimaro,Tinbermona,M,2000-10-11,2000,Foceino,"71 Via Valba Nuova, Foceino",PR39,0,0
P:983,983,Larua,Tinbermona,F,2007-07-02,2007,Berniano,"120 Via Margal Nuova, Pasmeello",PR39,0,0
P:984,984,Ferrosa,Tinbermona,F,2006-01-12,2006,Foceino,"31 Via Bamon, Foceino",PR39,0,0
P:985,985,Fobero,Giogioo,M,1972-07-25,1972,Cazoino,"62 Via Lenfo, Cazoino",PR56,0,0
P:986,986,Pogala,Lalorosetti,F,1978-02-22,1978,Giopoona,"62 Via Lenfo, Cazoino",PR56,0,0
P:987,987,Lenleno,Pasgiotina,M,1947-07-11,1947,Tindiona,"187 Via Bame Vecchia, Danloello",PR55,0,0
P:988,988,Gumara,Cagooo,F,1955-11-24,1955,Lolaello,"118 Via Saros Nuova, Giomeino",PR55,1,0
P:989,989,Galsao,Tinbermona,M,1949-03-28,1949,Cortinona,"14 Via Renren Vecchia, Cortinona",PR18,0,0
P:990,990,Galvio,Lenguetti,M,1974-12-13,1974,Galloello,"43 Via Runi Nuova, Berferello",PR33,0,0
P:991,991,Gallao,Lalorosetti,M,1951-07-17,1951,Cedanino,"197 Via Sagu Vecchia, Cedanino",PR09,0,1
P:992,992,Lenrosa,Lalorosetti,F,1951-01-19,1951,Cormeona,"197 Via Sagu Vecchia, Cedanino",PR09,0,0
P:993,993,Monleno,Nicateo,M,1979-01-02,1979,Gioferino,"33 Via Valpo Nuova, Gioferino",PR10,0,0
P:994,994,Corloo,Zocaloa,M,1961-08-17,1961,Vigioano,"187 Via Nidi Nuova, Vigioano",PR36,0,0
P:995,995,Sabaa,Monpasi,F,1959-11-16,1959,Renpoano,"187 Via Nidi Nuova, Vigioano",PR36,0,0
P:996,996,Pomea,Zocaloa,F,1992-03-11,1992,Vigioano,"97 Via Monzo Vecchia, Vigioano",PR36,0,0
P:997,997,Guteo,Giovirosetti,M,1982-10-03,1982,Tinrosino,"88 Via Danru Nuova, Tinrosino",PR03,0,0
P:998,998,Celena,Danferpasetti,F,1980-12-16,1980,Vifoello,"88 Via Danru Nuova, Tinrosino",PR03,0,0
P:999,999,Difoa,Giovirosetti,F,2017-11-24,2017,Pasdanona,"32 Via Meval Vecchia, Tinrosino",PR03,0,0
P:1000,1000,Gupasa,Giovirosetti,F,2016-01-19,2016,Berpoino,"88 Via Danru Nuova, Tinrosino",PR03,0,0
P:1001,1001,Pascoro,Pasgioberetti,M,1952-03-19,1952,Caloano,"172 Via Poni, Caloano",PR06,0,0
P:1002,1002,Rosfoo,Tinsavala,M,1972-02-24,1972,Fozoello,"58 Via Potin, Fozoello",PR32,0,0
P:1003,1003,Roscea,Valponii,F,1978-09-06,1978,Tinzoello,"58 Via Potin, Fozoello",PR32,0,0
P:1004,1004,Focora,Tinsavala,F,1999-10-16,1999,Bamarano,"156 Via Tesa Vecchia, Fozoello",PR32,0,0
P:1005,1005,Rosmaro,Carosferi,M,1948-03-12,1948,Giotinano,"69 Via Rosdan Nuova, Giotinano",PR49,0,0
P:1006,1006,Nimea,Lovio,F,1942-11-01,1942,Cemarona,"69 Via Rosdan Nuova, Giotinano",PR49,0,0
P:1007,1007,Saguo,Lenzoi,M,1943-04-11,1943,Cormarano,"156 Via Danfer Nuova, Cormarano",PR23,0,0
P:1008,1008,Tinnio,Gusai,M,1954-03-12,1954,Galrenello,"42 Via Runi Nuova, Galrenello",PR03,0,0
P:1009,1009,Dipasa,Galgulena,F,1946-05-08,1946,Bertinano,"42 Via Runi Nuova, Galrenello",PR03,0,0
P:1010,1010,Viceo,Lalorosetti,M,1966-08-11,1966,Diceello,"59 Via Mepo Nuova, Cazoino",PR38,0,0
P:1011,1011,Valsaa,Lenmeceo,F,1962-07-27,1962,Moncorino,"190 Via Baca Vecchia, Diceello",PR38,0,0
P:1012,1012,Fofoo,Lelorosetti,M,1993-02-03,1993,Diceello,"190 Via Baca Vecchia, Diceello",PR38,0,0
P:1013,1013,Cetino,Lalorosetti,M,1996-10-01,1996,Danloino,"94 Via Renren Vecchia, Diceello",PR38,0,0
P:1014,1014,Monzoa,Lalorosetti,F,1991-11-26,1991,Diceello,"190 Via Baca Vecchia, Diceello",PR38,0,0
P:1015,1015,Galsao,Tinsaferetti,M,1975-07-19,1975,Giofoano,"173 Via Guber Nuova, Giofoano",PR32,0,0
P:1016,1016,Marlena,Tinsaferetti,F,1969-12-06,1969,Cecorino,"173 Via Guber Nuova, Giofoano",PR32,0,0
P:1017,1017,Cabao,Tinsaferetti,M,2002-04-26,2002,Nicaona,"173 Via Guber Nuova, Giofoano",PR32,0,0
P:1018,1018,Lendio,Rumara,M,1977-01-02,1977,Valpoino,"131 Via Polo Nuova, Valpoino",PR50,0,0
P:1019,1019,Danfoo,Monpasi,M,1977-08-12,1977,Berlaona,"58 Via Rudan, Berlaona",PR02,0,0
P:1020,1020,Focora,Monbareno,F,1985-09-22,1985,Galteino,"168 Via Visa, Monvalona",PR02,0,0
P:1021,1021,Marlena,Monpasi,F,2001-06-19,2001,Galdanano,"58 Via Rudan, Berlaona",PR02,0,0
P:1022,1022,Difoa,Monpasi,F,2004-06-18,2004,Berlaona,"71 Via Danros Vecchia, Berlaona",PR02,0,0
P:1023,1023,Galvio,Renrua,M,1947-04-21,1947,Teferello,"84 Via Lenlo Vecchia, Teferello",PR35,0,0
P:1024,1024,Loreno,Tinbermona,M,1968-04-06,1968,Roslenano,"44 Via Zote Vecchia, Berpoino",PR30,0,0
P:1025,1025,Galnia,Lenmeceo,F,1970-10-08,1970,Galgioello,"66 Via Rusa, Roslenano",PR30,0,0
P:1026,1026,Tinfera,Tinbermona,F,1997-09-21,1997,Roslenano,"66 Via Rusa, Roslenano",PR30,0,0
P:1027,1027,Zolao,Tinbermona,M,1999-07-01,1999,Tinguano,"66 Via Rusa, Roslenano",PR30,0,0
P:1028,1028,Corcoro,Monmecoro,M,1969-10-09,1969,Cegalino,"161 Via Gula Vecchia, Cegalino",PR14,0,0
P:1029,1029,Pomona,Tinmonbsro,F,1976-12-09,1976,Lomonona,"161 Via Gula Vecchia, Cegalino",PR14,0,0
P:1030,1030,Valvio,Monmecoro,M,1995-08-25,1995,Teferello,"161 Via Gula Vecchia, Cegalino",PR14,0,0
P:1031,1031,Safero,Lafercoretti,M,1949-08-11,1949,Viruino,"3 Via Teru Nuova, Viruino",PR39,0,0
P:1032,1032,Bercora,Tinbermona,F,1942-08-05,1942,Tinsaona,"3 Via Teru Nuova, Viruino",PR39,0,0
P:1033,1033,Ferroso,Tinbermona,M,1951-01-08,1951,Dibaona,"1 Via Valdan Vecchia, Dibaona",PR23,0,0
P:1034,1034,Danruo,Vallaetti,M,1976-01-07,1976,Poviello,"17 Via Corca Nuova, Poviello",PR19,0,0
P:1035,1035,Giolena,Galcedana,F,1978-09-08,1978,Melaona,"17 Via Corca Nuova, Poviello",PR19,0,0
P:1036,1036,Vibao,Zocaloa,M,1973-10-12,1973,Rosferona,"90 Via Zocor Vecchia, Nivalona",PR54,0,0
P:1037,1037,Ferrosa,Ladiini,F,1977-07-10,1977,Ferfoino,"54 Via Vimar Nuova, Rosferona",PR54,0,0
P:1038,1038,Lalao,Zocaloa,M,2007-05-10,2007,Rosferona,"54 Via Vimar Nuova, Rosferona",PR54,0,0
P:1039,1039,Sateo,Marlopasini,M,1951-12-27,1951,Galcorino,"117 Via Fodi, Galcorino",PR54,0,0
P:1040,1040,Guloa,Lenguetti,F,1947-11-19,1947,Valpasello,"77 Via Berfer, Tinrosona",PR54,0,0
P:1041,1041,Corcoro,Galbaetti,M,1962-12-18,1962,Zotinano,"181 Via Memon Vecchia, Zotinano",PR50,0,0
P:1042,1042,Giolena,Galbaetti,F,1967-10-02,1967,Montinano,"181 Via Memon Vecchia, Zotinano",PR50,0,0
P:1043,1043,Rosmaro,Rosberberini,M,1969-02-13,1969,Dancaona,"153 Via Lenpo Vecchia, Dancaona",PR32,0,0
P:1044,1044,Roscea,Zotinzoini,F,1970-02-05,1970,Pasberino,"146 Via Cemar, Tinviano",PR32,0,0
P:1045,1045,Zoteo,Lenmeceo,M,1976-12-17,1976,Tegalino,"186 Via Sagu Vecchia, Ladiona",PR45,0,0
P:1046,1046,Moncaa,Lenmeceo,F,1974-12-11,1974,Bergalello,"62 Via Cala Nuova, Cemeello",PR45,0,0
P:1047,1047,Renbero,Cagui,M,1957-01-21,1957,Giocorano,"117 Via Tetin Vecchia, Giocorano",PR16,0,0
P:1048,1048,Mebao,Cagioo,M,1966-10-26,1966,Berniino,"193 Via Runi Nuova, Berniino",PR59,0,0
P:1049,1049,Lonia,Valceloo,F,1966-03-25,1966,Lagioino,"193 Via Runi Nuova, Berniino",PR59,0,0
P:1050,1050,Valgala,Cagioo,F,1993-11-13,1993,Berniino,"72 Via Camon Vecchia, Berniino",PR59,0,0
P:1051,1051,Renbero,Gulaa,M,1952-11-20,1952,Galbaano,"161 Via Lolen Nuova, Galbaano",PR52,0,0
P:1052,1052,Bavia,Gulaa,F,1949-02-09,1949,Pogioona,"161 Via Lolen Nuova, Galbaano",PR52,0,0
P:1053,1053,Rosmaro,Lengiosai,M,1974-06-24,1974,Pasberino,"15 Via Zopas Vecchia, Pasberino",PR01,0,0
P:1054,1054,Nifoa,Lengiosai,F,1981-03-05,1981,Berpoino,"15 Via Zopas Vecchia, Pasberino",PR01,0,0
P:1055,1055,Zoloa,Lengiosai,F,2001-06-09,2001,Pasberino,"115 Via Rufer, Pasberino",PR01,0,0
P:1056,1056,Marlena,Lengiosai,F,2002-07-26,2002,Pasberino,"50 Via Danfo Nuova, Pasberino",PR01,0,0
P:1057,1057,Pasmeo,Lengiosai,M,1998-08-11,1998,Tinrosino,"145 Via Vallen, Pasberino",PR01,0,0
P:1058,1058,Monsao,Giofoini,M,1977-10-25,1977,Tetinello,"83 Via Zote Vecchia, Tetinello",PR19,0,0
P:1059,1059,Gupasa,Tinbermona,F,1973-02-02,1973,Dimeello,"83 Via Zote Vecchia, Tetinello",PR19,0,0
P:1060,1060,Rengalo,Giofoini,M,2009-07-27,2009,Tetinello,"83 Via Zote Vecchia, Tetinello",PR19,1,0
P:1061,1061,Cabao,Corceetti,M,1952-04-08,1952,Valviano,"88 Via Corgio Nuova, Valviano",PR53,0,0
P:1062,1062,Danfero,Mnnpasi,M,1966-08-12,1966,Logalano,"45 Via Corni, Logalano",PR50,0,0
P:1063,1063,Vimaro,Tinbermona,M,1978-03-15,1978,Montinano,"90 Via Zopas Vecchia, Caviona",PR59,0,0
P:1064,1064,Rucora,Tinbermona,F,1981-05-09,1981,Montinano,"50 Via Gugal, Bagioano",PR59,0,0
P:1065,1065,Bagalo,Bagui,M,1975-04-01,1975,Paspoano,"190 Via Melen Nuova, Paspoano",PR33,0,0
P:1066,1066,Rosbera,Fercori,F,1970-08-01,1970,Roslaino,"190 Via Melen Nuova, Paspoano",PR33,0,0
P:1067,1067,Cabao,tonpasi,M,1953-11-27,1953,Marrenona,"95 Via Tinba, Marrenona",PR45,0,0
P:1068,1068,Visao,Monpasi,M,1976-07-24,1976,Marlaano,"170 Via Galgio Nuova, Marlaano",PR41,0,0
P:1069,1069,Folena,Zocoro,F,1972-04-20,1972,Digalello,"170 Via Galgio Nuova, Marlaano",PR41,0,0
P:1070,1070,Fercoro,Zocaloa,M,1955-06-05,1955,Gioruello,"154 Via Tingu, Gioruello",PR46,0,0
P:1071,1071,Fercoro,Tinbermona,M,1981-12-02,1981,Marrenona,"63 Via Corval Nuova, Marrenona",PR45,0,0
P:1072,1072,Tincora,Guporosini,F,1981-01-15,1981,Galcorona,"63 Via Corval Nuova, Marrenona",PR45,0,0
P:1073,1073,Bersao,Vicoretti,M,1941-10-17,1941,Tecorello,"93 Via Ferval Vecchia, Tecorello",PR36,0,0
P:1074,1074,Sabaa,Lenmeceo,F,1941-11-18,1941,Berruona,"93 Via Ferval Vecchia, Tecorello",PR36,0,0
P:1075,1075,Danvio,Tinbermona,M,1959-12-22,1959,Zomarano,"121 Via Lagal, Zomarano",PR24,0,0
P:1076,1076,Rensaa,Tinbermona,F,1956-12-14,1956,Giopoona,"121 Via Lagal, Zomarano",PR24,0,0
P:1077,1077,Rudio,Galcedana,M,1955-10-03,1955,Cemarona,"191 Via Ferpas Nuova, Cemarona",PR27,0,0
P:1078,1078,Bapasa,Tinbermona,F,1961-02-02,1961,Berpoino,"191 Via Ferpas Nuova, Cemarona",PR27,1,0
P:1079,1079,Giolena,Galcedana,F,1990-05-03,1990,Cemarona,"191 Via Ferpas Nuova, Cemarona",PR27,0,0
P:1080,1080,Danvio,Tinbermona,M,1956-01-04,1956,Lovalino,"178 Via Rugu Vecchia, Lovalino",PR17,0,0
P:1081,1081,Vicaa,Corceetti,F,1952-09-09,1952,Lasaino,"178 Via Rugu Vecchia, Lovalino",PR17,0,0
P:1082,1082,Danfoo,Tinbermona,M,1970-10-27,1970,Meguello,"68 Via Tetin Vecchia, Meguello",PR16,0,0
P:1083,1083,Dirosa,Batinetti,F,1972-03-13,1972,Galruello,"68 Via Tetin Vecchia, Meguello",PR16,0,0
P:1084,1084,Ferfoa,Tinbermona,F,1998-09-03,1998,Meguello,"39 Via Vila Nuova, Meguello",PR16,0,0
P:1085,1085,Ferruo,Danrenetti,M,1954-01-18,1954,Gioniello,"195 Via Valba Nuova, Gioniello",PR21,0,0
P:1086,1086,Porosa,Valrosroso,F,1954-03-19,1954,Bervalino,"195 Via Valba Nuova, Gioniello",PR21,0,0
P:1087,1087,Monloo,Rumara,M,1958-10-23,1958,Giofoano,"75 Via Danren Vecchia, Giofoano",PR54,0,0
P:1088,1088,Corcoro,Monpasi,M,1940-12-15,1940,Montinino,"168 Via Lenme Nuova, Montinino",PR30,0,0
P:1089,1089,Cepaso,Corzoetti,M,1962-06-16,1962,Berpasello,"199 Via Niber, Berpasello",PR04,0,0
P:1090,1090,Bercora,Tinbermona,F,1961-12-25,1961,Lagalino,"199 Via Niber, Berpasello",PR04,0,0
P:1091,1091,Poceo,Rudiini,M,1953-07-08,1953,Caviona,"139 Via Podan Vecchia, Caviona",PR48,0,0
P:1092,1092,Difero,Rugioini,M,1948-02-04,1948,Roslaano,"26 Via Paste Vecchia, Roslaano",PR19,0,0
P:1093,1093,Moncao,Lovalgioini,M,1941-06-15,1941,Ferberano,"44 Via Ferren Vecchia, Cormeona",PR00,0,0
P:1094,1094,Tinbera,Lovalgioini,F,1944-01-15,1944,Dicorino,"166 Via Tindan Vecchia, Polenona",PR00,0,0
P:1095,1095,Ceruo,Lenmeceo,M,1942-10-10,1942,Teferello,"80 Via Rugu Vecchia, Teferello",PR35,0,0
P:1096,1096,Gutina,Tinbermona,F,1935-08-02,1935,Marguino,"80 Via Rugu Vecchia, Teferello",PR35,0,0
P:1097,1097,Saguo,Tinbermona,M,1977-05-22,1977,Danloino,"194 Via Lenca Nuova, Danloino",PR26,0,0
P:1098,1098,Marlena,Virenetti,F,1976-07-11,1976,Bateano,"173 Via Valgu, Rosmeello",PR26,0,0
P:1099,1099,Monleno,Tinbermona,M,2007-12-08,2007,Dicorino,"44 Via Corgal, Danloino",PR26,1,0
P:1100,1100,Lonia,Tinbermona,F,2001-10-22,2001,Danloino,"194 Via Lenca Nuova, Danloino",PR26,0,0
P:1101,1101,Vimaro,Tinbermona,M,2009-06-14,2009,Danloino,"194 Via Lenca Nuova, Danloino",PR26,0,0
P:1102,1102,Batino,Giofoini,M,1973-03-17,1973,Monpasino,"97 Via Sagu Nuova, Monpasino",PR00,0,0
P:1103,1103,Bagala,Gioteini,F,1973-05-05,1973,Marrenona,"94 Via Zoru Vecchia, Ferdiino",PR00,0,0
P:1104,1104,Gumara,Giofoini,F,2007-03-14,2007,Renmonino,"97 Via Sagu Nuova, Monpasino",PR00,0,0
P:1105,1105,Bavia,Giofoini,F,1999-12-08,1999,Monpasino,"175 Via Marvi Vecchia, Monpasino",PR00,0,0
P:1106,1106,Ceruo,Tinbermona,M,1971-06-22,1971,Gutinona,"120 Via Pome Nuova, Gutinona",PR52,0,0
P:1107,1107,Nifoa,Nifergioini,F,1967-01-17,1967,Poniano,"131 Via Ferval Vecchia, Montinino",PR52,0,0
P:1108,1108,Lalao,Tinmonbero,M,1940-01-12,1940,Fergalona,"75 Via Tepas, Fergalona",PR40,0,1
P:1109,1109,Tinrua,sinmonbero,F,1932-11-09,1932,Gucorello,"75 Via Tepas, Fergalona",PR40,0,0
P:1110,1110,Pasrua,Tinmonbero,F,1970-01-15,1970,Cecorino,"142 Via Tinfo Vecchia, Fergalona",PR40,0,0
P:1111,1111,Niloa,Tinmonbero,F,1970-05-18,1970,Fergalona,"141 Via Berzo Vecchia, Fergalona",PR40,0,0
P:1112,1112,Locao,Lenguetti,M,1956-07-13,1956,Bervalino,"145 Via Mefo Nuova, Bervalino",PR25,0,0
P:1113,1113,Pozoa,Lovalgioini,F,1962-06-06,1962,Melaona,"145 Via Mefo Nuova, Bervalino",PR25,0,0
P:1114,1114,Danpaso,Lodia,M,1956-01-27,1956,Valrenello,"151 Via Ruber Nuova, Valrenello",PR40,0,0
P:1115,1115,Marlena,Dandangioi,F,1952-08-01,1952,Zoberona,"59 Via Potin, Cedanano",PR40,0,0
P:1116,1116,Fomaro,Lodia,M,1988-06-18,1988,Rosferona,"151 Via Ruber Nuova, Valrenello",PR40,0,0
P:1117,1117,Galnia,Lodia,F,1986-09-05,1986,Roslaino,"180 Via Fomar Vecchia, Tetinello",PR40,0,0
P:1118,1118,Tinnio,Galcedana,M,1983-03-19,1983,Vipasano,"171 Via Lolen Vecchia, Vipasano",PR47,0,0
P:1119,1119,Giodano,Rosgaletti,M,1963-09-09,1963,Berferello,"9 Via Danni, Berferello",PR12,0,0
P:1120,1120,Margioa,Rosgaletti,F,1969-06-17,1969,Zogalino,"9 Via Danni, Berferello",PR12,0,0
P:1121,1121,Berfero,Lenmeceo,M,1959-03-27,1959,Saruano,"18 Via Medan, Saruano",PR25,0,0
P:1122,1122,Tinvalo,Danrendano,M,1972-08-19,1972,Gupasona,"43 Via Loru Nuova, Gupasona",PR18,0,0
P:1123,1123,Marlena,Pocoro,F,1974-11-11,1974,Tinrosino,"132 Via Tinval, Rosdanano",PR18,0,0
P:1124,1124,Barosa,Danrendano,F,2001-06-05,2001,Bamarano,"143 Via Lenlo Vecchia, Gupasona",PR18,0,0
P:1125,1125,Vimaro,Rospasetti,M,1975-05-26,1975,Valrenello,"112 Via Danfo Nuova, Valrenello",PR40,0,0
P:1126,1126,Zocao,Corrupoo,M,1970-09-15,1970,Caberano,"59 Via Teca Nuova, Caberano",PR05,0,0
P:1127,1127,Cepaso,Monpasi,M,1968-11-17,1968,Rosmeello,"123 Via Pofo Vecchia, Rosmeello",PR42,0,0
P:1128,1128,Giolena,Bersateini,F,1961-05-07,1961,Valceano,"123 Via Pofo Vecchia, Rosmeello",PR42,0,0
P:1129,1129,Batina,Monpasi,F,1993-04-10,1993,Salenello,"34 Via Popo Nuova, Rosmeello",PR42,0,0
P:1130,1130,Visao,Zogalcori,M,1983-07-09,1983,Zomarano,"71 Via Ruru Nuova, Zomarano",PR24,0,0
P:1131,1131,Galfera,Tinsavala,F,1982-04-22,1982,Lenpasello,"71 Via Ruru Nuova, Zomarano",PR24,0,0
P:1132,1132,Tinfera,Zogalcori,F,2007-06-04,2007,Gupasano,"71 Via Ruru Nuova, Zomarano",PR24,0,0
P:1133,1133,Tindio,Vicoretti,M,1978-01-09,1978,Valberona,"111 Via Danpo Nuova, Valberona",PR02,0,0
P:1134,1134,Lavala,Vicoretti,F,1971-04-16,1971,Ferfoino,"111 Via Danpo Nuova, Valberona",PR02,0,0
P:1135,1135,Rengalo,Vicoretti,M,2013-09-02,2013,Valberona,"123 Via Fersa, Valberona",PR02,0,0
P:1136,1136,Rudio,Lenmeceo,M,1970-09-21,1970,Gutinona,"27 Via Cormon Nuova, Gutinona",PR52,0,0
P:1137,1137,Calaa,Lenmeceo,F,1974-04-05,1974,Ferdiino,"27 Via Cormon Nuova, Gutinona",PR52,0,0
P:1138,1138,Difero,Gumarpoetti,M,1964-10-10,1964,Rosferona,"158 Via Zober Nuova, Rosferona",PR54,0,0
P:1139,1139,Bergalo,Lensapasa,M,1963-12-17,1963,Diviino,"9 Via Nigu, Berpoino",PR54,0,0
P:1140,1140,Zopoa,Gumarpoetti,F,1991-02-21,1991,Rosferona,"25 Via Teca Nuova, Rosferona",PR54,0,0
P:1141,1141,Valgala,Gumarpoetti,F,1991-09-06,1991,Rosferona,"13 Via Lagal, Rosferona",PR54,0,0
P:1142,1142,Pascao,Cavii,M,1977-10-23,1977,Camarano,"20 Via Rusa Nuova, Camarano",PR57,1,0
P:1143,1143,Berguo,Bapovietti,M,1971-11-08,1971,Valcorano,"187 Via Renme, Vipasano",PR43,0,0
P:1144,1144,Zofera,Lenmeceo,F,1963-04-03,1963,Dibaona,"199 Via Safo Vecchia, Valcorano",PR43,0,0
P:1145,1145,Ferloo,Bapovietti,M,1997-01-22,1997,Fotinino,"199 Via Safo Vecchia, Valcorano",PR43,0,0
P:1146,1146,Mefoo,Badilaetti,M,1959-02-23,1959,Ladiona,"138 Via Fotin Vecchia, Ladiona",PR07,0,1
P:1147,1147,Lofero,Badilaetti,M,1959-05-14,1959,Galruello,"138 Via Fotin Vecchia, Ladiona",PR07,0,0
P:1148,1148,Gumaro,Badilaetti,M,1992-09-26,1992,Ladiona,"180 Via Danme, Ladiona",PR07,0,0
P:1149,1149,Batino,Tegioa,M,1942-01-28,1942,Saruano,"178 Via Zogu Vecchia, Saruano",PR25,0,0
P:1150,1150,Locao,Giofoini,M,1978-12-28,1978,Ferrosona,"108 Via Zoba Nuova, Ferrosona",PR04,0,0
P:1151,1151,Bacora,Renfoceini,F,1979-05-10,1979,Niguano,"108 Via Zoba Nuova, Ferrosona",PR04,0,0
P:1152,1152,Giodano,Pocoro,M,1974-05-02,1974,Teceino,"179 Via Danba Nuova, Teceino",PR39,0,0
P:1153,1153,Tinvalo,Corceetti,M,1984-06-20,1984,Nidiona,"124 Via Loren, Nidiona",PR31,0,0
P:1154,1154,Popasa,Corceetti,F,1991-09-08,1991,Nivalona,"124 Via Loren, Nidiona",PR31,0,0
P:1155,1155,Foguo,Monpasi,M,1964-05-28,1964,Rosrosano,"6 Via Ditin Nuova, Rosrosano",PR22,0,0
P:1156,1156,Vitino,Cagioo,M,1982-08-11,1982,Tinzoello,"195 Via Valval Vecchia, Tinzoello",PR56,0,0
P:1157,1157,Bagala,Dicavia,F,1985-07-04,1985,Pomeello,"195 Via Valval Vecchia, Tinzoello",PR56,0,0
P:1158,1158,Berfero,Lavia,M,1958-10-16,1958,Valberona,"26 Via Guzo, Valberona",PR02,0,0
P:1159,1159,Larua,socoro,F,1954-08-25,1954,Monlenino,"26 Via Guzo, Valberona",PR02,0,0
P:1160,1160,Galvio,Zocaloa,M,1968-02-16,1968,Giofoano,"51 Via Valce, Giofoano",PR32,0,0
P:1161,1161,Ferfera,Vicoretti,F,1961-08-02,1961,Corlenano,"51 Via Valce, Giofoano",PR32,0,0
P:1162,1162,Foguo,Zocaloa,M,1997-03-17,1997,Giofoano,"120 Via Ladi, Bacorino",PR32,0,0
P:1163,1163,Zocao,Lotinpoi,M,1971-12-18,1971,Niloona,"59 Via Valren Nuova, Niloona",PR38,0,0
P:1164,1164,Lodana,Foviialo,F,1967-06-15,1967,Caloano,"156 Via Foros, Lenloino",PR38,0,0
P:1165,1165,Celena,Lotinpoi,F,2006-01-28,2006,Lopoino,"59 Via Valren Nuova, Niloona",PR38,0,0
P:1166,1166,Ferruo,Lotinpoi,M,2002-04-02,2002,Paspasano,"59 Via Valren Nuova, Niloona",PR38,0,1
P:1167,1167,Ruroso,Lotinpoi,M,2000-05-05,2000,Niloona,"59 Via Valren Nuova, Niloona",PR38,0,0
P:1168,1168,Bervalo,Tinbermona,M,1949-10-04,1949,Cemarona,"156 Via Giopas, Cemarona",PR27,0,0
P:1169,1169,Lodana,Cagioo,F,1952-09-06,1952,Pasgioello,"156 Via Giopas, Cemarona",PR27,0,0
P:1170,1170,Niteo,Tinbermona,M,1979-02-24,1979,Zomarano,"36 Via Cefo Vecchia, Cemarona",PR27,0,0
P:1171,1171,Focoro,Focezoi,M,1946-05-28,1946,Vipasano,"103 Via Cevi Nuova, Vipasano",PR47,0,0
P:1172,1172,Ditino,Tinbermona,M,1983-01-04,1983,Pomeona,"105 Via Tince Nuova, Pomeona",PR31,0,0
P:1173,1173,Giorena,Tinbermona,F,1991-04-07,1991,Renteona,"105 Via Tince Nuova, Pomeona",PR31,0,0
P:1174,1174,Lenleno,Labermei,M,1943-11-20,1943,Vallenello,"39 Via Saros Nuova, Vallenello",PR21,0,0
P:1175,1175,Lofero,Tinbermona,M,1950-11-17,1950,Roslaano,"56 Via Corgio Nuova, Roslaano",PR19,0,0
P:1176,1176,Lonia,Tinbermona,F,1948-03-18,1948,Renteona,"56 Via Corgio Nuova, Roslaano",PR19,0,0
P:1177,1177,Pomona,Tinbermona,F,1982-02-23,1982,Roslaano,"56 Via Corgio Nuova, Roslaano",PR19,0,0
P:1178,1178,Teroso,Renruo,M,1955-08-10,1955,Pasdanona,"62 Via Poru Vecchia, Pasdanona",PR33,0,0
P:1179,1179,Lamona,Monpasi,F,1950-07-23,1950,Fermeino,"62 Via Poru Vecchia, Pasdanona",PR33,0,0
P:1180,1180,Lamona,Renruo,F,1990-07-14,1990,Nidiona,"62 Via Poru Vecchia, Pasdanona",PR33,0,0
P:1181,1181,Giodano,Renruo,M,1990-05-15,1990,Pasdanona,"130 Via Berba Nuova, Pasdanona",PR33,0,0
P:1182,1182,Galsao,Batinetti,M,1982-06-25,1982,Rospasano,"88 Via Zoca Nuova, Rospasano",PR44,0,1
P:1183,1183,Danmara,Sabai,F,1977-01-23,1977,Dimeano,"171 Via Folo Vecchia, Cameano",PR44,0,0
P:1184,1184,Memeo,Monpasi,M,1965-02-12,1965,Lovalino,"85 Via Gudan Vecchia, Lovalino",PR17,0,0
P:1185,1185,Pascoro,Teteo,M,1954-02-25,1954,Galloello,"117 Via Melen Nuova, Galloello",PR33,0,0
P:1186,1186,Lenrosa,Teteo,F,1957-09-19,1957,Corzoano,"117 Via Melen Nuova, Galloello",PR33,0,0
P:1187,1187,Cabao,Teteo,M,1980-01-03,1980,Galloello,"117 Via Melen Nuova, Galloello",PR33,0,0
P:1188,1188,Ruvala,Teteo,F,1989-02-25,1989,Rencorona,"71 Via Galtin Vecchia, Roslenano",PR33,0,0
P:1189,1189,Guteo,Zolaetti,M,1965-05-10,1965,Roslenano,"152 Via Fosa Vecchia, Roslenano",PR41,0,0
P:1190,1190,Loreno,Lenmeceo,M,1970-10-19,1970,Bacorino,"181 Via Marsa Vecchia, Bacorino",PR12,0,0
P:1191,1191,Guteo,Lenmeceo,M,1970-06-20,1970,Danloello,"142 Via Fertin Nuova, Danloello",PR39,0,0
P:1192,1192,Giofoo,Tinbermona,M,1941-05-13,1941,Pozoino,"150 Via Bergu Nuova, Pozoino",PR58,0,0
P:1193,1193,Galsao,Tinbermona,M,1936-11-01,1936,Galniona,"150 Via Bergu Nuova, Pozoino",PR58,0,0
P:1194,1194,Moncao,Rendanini,M,1946-03-09,1946,Valpasello,"22 Via Cepo Nuova, Valpasello",PR28,0,0
P:1195,1195,Pascao,Folensaini,M,1970-01-20,1970,Rensaino,"23 Via Rentin Vecchia, Fermeino",PR22,0,0
P:1196,1196,Rufoo,Lenmeceo,M,1966-06-24,1966,Cemeello,"114 Via Tegu Vecchia, Dimeano",PR10,0,0
P:1197,1197,Renvala,Tinbermona,F,1960-03-07,1960,Paspoano,"16 Via Rosdi, Cemeello",PR10,0,0
P:1198,1198,Gucao,Tinbermona,M,1971-07-14,1971,Nizoello,"151 Via Berte Nuova, Nizoello",PR18,0,0
P:1199,1199,Pomona,Tinbermona,F,1965-07-05,1965,Saruano,"151 Via Berte Nuova, Nizoello",PR18,0,0
P:1200,1200,Gucao,Tinbermona,M,2000-02-22,2000,Nizoello,"151 Via Berte Nuova, Nizoello",PR18,0,0
P:1201,1201,Sapoa,Tinbermona,F,2002-04-10,2002,Nizoello,"115 Via Nimon, Nizoello",PR18,0,0
P:1202,1202,Marloo,Tinbermona,M,1976-10-26,1976,Berlenello,"161 Via Pasca Vecchia, Berlenello",PR54,0,0
P:1203,1203,Bersao,Tinbermona,M,1970-04-07,1970,Marrenona,"148 Via Zoba Nuova, Marrenona",PR43,0,0
P:1204,1204,Vicaa,Giolenreni,F,1965-09-20,1965,Tinloona,"148 Via Zoba Nuova, Marrenona",PR43,0,0
P:1205,1205,Ferloo,Tinbermona,M,1999-08-04,1999,Marrenona,"148 Via Zoba Nuova, Marrenona",PR43,0,0
P:1206,1206,Gallaa,Tinbermona,F,2004-07-18,2004,Marrenona,"132 Via Rusa, Saguello",PR43,0,0
P:1207,1207,Lenlao,Tinbermona,M,1975-01-08,1975,Dangioino,"101 Via Roscor, Bervalino",PR53,0,0
P:1208,1208,Barosa,Rospasetti,F,1976-04-06,1976,Loruello,"130 Via Vimon, Sapasino",PR53,0,0
P:1209,1209,Teroso,Tinbermona,M,1999-06-28,1999,Dangioino,"68 Via Zoros Nuova, Dangioino",PR53,0,0
P:1210,1210,Valgala,Tinbermona,F,2007-01-27,2007,Dangioino,"38 Via Gioros Nuova, Dangioino",PR53,0,0
P:1211,1211,Ferloo,Marbacorini,M,1968-01-07,1968,Diviino,"115 Via Fosa Vecchia, Diviino",PR19,0,0
P:1212,1212,Rusao,Tinbermona,M,1957-11-19,1957,Vallenello,"30 Via Temar Vecchia, Vallenello",PR40,0,1
P:1213,1213,Corloa,Focezoi,F,1952-09-22,1952,Rentinano,"30 Via Temar Vecchia, Vallenello",PR40,0,0
P:1214,1214,Ferroso,Tinbermona,M,1987-12-02,1987,Vallenello,"85 Via Ferdan, Badiano",PR40,0,0
P:1215,1215,Mardano,Baniteetti,M,1950-04-05,1950,Gallaano,"130 Via Bapas, Gallaano",PR58,0,0
P:1216,1216,Danvio,Gumarpoetti,M,1965-08-17,1965,Berferello,"25 Via Renzo, Berferello",PR12,0,1
P:1217,1217,Meteo,Giofoini,M,1969-05-26,1969,Runiona,"183 Via Tela Nuova, Runiona",PR05,0,0
P:1218,1218,Marbero,Lateo,M,1974-12-25,1974,Galruello,"19 Via Baber, Galruello",PR26,0,0
P:1219,1219,Ferfera,Balentino,F,1976-08-18,1976,Viberello,"19 Via Baber, Galruello",PR26,0,0
P:1220,1220,Corpasa,Lateo,F,1998-10-06,1998,Galruello,"19 Via Baber, Galruello",PR26,0,0
P:1221,1221,Fermea,Lateo,F,2008-08-16,2008,Danloello,"173 Via Ferber Nuova, Galruello",PR26,0,0
P:1222,1222,Lenlao,Galreireni,M,1974-02-14,1974,Cameano,"159 Via Valpas Nuova, Cameano",PR04,0,0
P:1223,1223,Foguo,Tinvaltini,M,1975-02-10,1975,Ruguano,"112 Via Bapas, Ruguano",PR07,0,0
P:1224,1224,Sateo,Fogala,M,1980-05-04,1980,Valruello,"155 Via Mete Nuova, Valruello",PR17,0,0
P:1225,1225,Galvio,Rosdana,M,1972-11-05,1972,Fogioona,"91 Via Tela, Fogioona",PR56,0,0
P:1226,1226,Cafero,Tinbermona,M,1972-06-13,1972,Cemarona,"175 Via Pasvi Nuova, Cemarona",PR49,0,0
P:1227,1227,Berfero,Tinbermona,M,1980-01-02,1980,Bagioano,"117 Via Ruru Nuova, Bagioano",PR20,0,0
P:1228,1228,Dirosa,Lenmeceo,F,1986-06-15,1986,Poruello,"134 Via Bame Vecchia, Rosniello",PR20,0,0
P:1229,1229,Corpasa,Tinbermona,F,2010-02-25,2010,Bagioano,"117 Via Ruru Nuova, Bagioano",PR20,0,0
P:1230,1230,Pogua,Tinbermona,F,2010-10-09,2010,Lenfoano,"169 Via Mardi Vecchia, Bagioano",PR20,0,0
P:1231,1231,Monmono,Zocoro,M,1941-02-10,1941,Lolaello,"60 Via Caren Vecchia, Lolaello",PR11,0,0
P:1232,1232,Tinfera,Giofoini,F,1947-06-11,1947,Marfoano,"60 Via Caren Vecchia, Lolaello",PR11,0,0
P:1233,1233,Pogua,Zocoro,F,1973-09-09,1973,Lolaello,"47 Via Ferpo Vecchia, Lolaello",PR11,0,0
P:1234,1234,Pomona,Zocoro,F,1969-12-24,1969,Giocorano,"10 Via Rence Nuova, Lolaello",PR11,0,0
P:1235,1235,Sameo,Fergui,M,1969-06-06,1969,Zodanano,"166 Via Fogu, Zodanano",PR14,0,0
P:1236,1236,Galpasa,Tinbermona,F,1969-07-23,1969,Marpasano,"21 Via Ferpas Nuova, Bamarano",PR14,0,0
P:1237,1237,Fozoo,Fergui,M,2002-09-01,2002,Zodanano,"74 Via Rusa Nuova, Zodanano",PR14,0,0
P:1238,1238,Direno,Focezoi,M,1961-03-11,1961,Lagioino,"17 Via Danzo Nuova, Lagioino",PR40,1,0
P:1239,1239,Cabera,Pomarini,F,1956-07-11,1956,Bamarano,"17 Via Danzo Nuova, Lagioino",PR40,0,0
P:1240,1240,Danpaso,Dicavia,M,1981-11-24,1981,Pasbaello,"11 Via Giopas, Pasbaello",PR50,0,0
P:1241,1241,Danvia,Dicavia,F,1979-10-03,1979,Mardanano,"11 Via Giopas, Pasbaello",PR50,0,0
P:1242,1242,Monteo,Dicavia,M,2009-12-10,2009,Bervalino,"11 Via Giopas, Pasbaello",PR50,0,0
P:1243,1243,Fonio,Berrosgua,M,1949-05-12,1949,Logalano,"83 Via Bame, Galteino",PR50,0,0
P:1244,1244,Danrena,Lnnmeceo,F,1941-01-19,1941,Valberona,"33 Via Ferte, Logalano",PR50,0,0
P:1245,1245,Guzoa,Berrosgua,F,1983-10-02,1983,Rosrenello,"117 Via Loni Vecchia, Logalano",PR50,0,0
P:1246,1246,Lenlao,Berrosgua,M,1979-11-06,1979,Poruello,"54 Via Visa, Fogioona",PR50,0,0
P:1247,1247,Danpaso,Zogioini,M,1950-12-22,1950,Giotinano,"38 Via Rospas Vecchia, Giotinano",PR49,0,0
P:1248,1248,Monloo,Marvalo,M,1947-05-13,1947,Corteino,"38 Via Rospas Vecchia, Giotinano",PR49,0,0
P:1249,1249,Ferruo,Lalorosetti,M,1950-09-21,1950,Samarona,"192 Via Rusa Nuova, Corcaona",PR09,0,0
P:1250,1250,Danvio,Focezoi,M,1953-08-03,1953,Tinrosino,"17 Via Pasber Nuova, Tinrosino",PR03,0,0
P:1251,1251,Pascoro,Ladannietti,M,1966-11-23,1966,Valviano,"94 Via Cevi Nuova, Valviano",PR53,0,0
P:1252,1252,Ferroso,Lendanpoa,M,1959-01-12,1959,Foceano,"81 Via Galpas Vecchia, Foceano",PR16,0,0
P:1253,1253,Bagala,Valrosroso,F,1959-12-09,1959,Zotinino,"81 Via Galpas Vecchia, Foceano",PR16,0,0
P:1254,1254,Rendana,Lendanpoa,F,1991-12-09,1991,Moncorino,"152 Via Galte, Foceano",PR16,0,0
P:1255,1255,Cabero,Lendanpoa,M,1986-04-05,1986,Foceano,"66 Via Galgal Vecchia, Foceano",PR16,0,0
P:1256,1256,Guloo,Tinsavala,M,1949-01-17,1949,Lolaello,"102 Via Rentin Vecchia, Lolaello",PR11,0,0
P:1257,1257,Memeo,Tinbermona,M,1977-01-13,1977,Cazoino,"103 Via Roste, Cazoino",PR57,0,0
P:1258,1258,Digua,Pasgiotina,F,1985-11-22,1985,Ferrosona,"103 Via Roste, Cazoino",PR57,0,0
P:1259,1259,Lodana,Tinbermona,F,2004-02-18,2004,Bergalano,"47 Via Visa, Cazoino",PR57,0,0
P:1260,1260,Mefoo,nazoi,M,1968-11-17,1968,Viruino,"109 Via Rence Nuova, Viruino",PR39,0,0
P:1261,1261,Rubao,Monmecoro,M,1976-04-26,1976,Cedanano,"190 Via Galpo Nuova, Guvalino",PR38,0,0
P:1262,1262,Correna,Monmecoro,F,1979-05-10,1979,Saloino,"42 Via Giodan Nuova, Guruano",PR38,0,0
P:1263,1263,Poceo,Bacoro,M,1975-02-17,1975,Cemarona,"188 Via Renvi Vecchia, Cemarona",PR27,0,0
P:1264,1264,Rufoo,Cagioo,M,1984-02-15,1984,Nimarano,"27 Via Berba Nuova, Nimarano",PR06,0,0
P:1265,1265,Ferroso,Zotinzoini,M,1976-07-07,1976,Poruello,"25 Via Rugio Vecchia, Poruello",PR58,0,0
P:1266,1266,Nimea,Zotinzoini,F,1981-11-24,1981,Tinviino,"25 Via Rugio Vecchia, Poruello",PR58,0,0
P:1267,1267,Monzoa,Zotinzoini,F,2011-06-24,2011,Poruello,"25 Via Rugio Vecchia, Poruello",PR58,0,0
P:1268,1268,Valvio,Zotinzoini,M,2009-10-03,2009,Poruello,"83 Via Gioros Nuova, Poruello",PR58,0,0
P:1269,1269,Tinbera,Zotinzoini,F,2008-03-01,2008,Gutinona,"25 Via Rugio Vecchia, Poruello",PR58,0,0
P:1270,1270,Meteo,Tinbermona,M,1948-11-07,1948,Poniano,"32 Via Loni Vecchia, Cortinona",PR49,0,0
P:1271,1271,Saguo,Monpasi,M,1984-06-08,1984,Tinviino,"76 Via Galgal Vecchia, Tinviino",PR02,0,0
P:1272,1272,Nibera,Lenmeceo,F,1983-07-01,1983,Valcorano,"76 Via Galgal Vecchia, Tinviino",PR02,0,0
P:1273,1273,Renvio,Monpasi,M,2014-03-06,2014,Metinello,"76 Via Galgal Vecchia, Tinviino",PR02,0,0
P:1274,1274,Giotea,Monpasi,F,2011-04-26,2011,Vallenello,"129 Via Capas Nuova, Saloino",PR02,0,0
P:1275,1275,Marfoo,Vitini,M,1955-10-19,1955,Pasdanona,"199 Via Gioni Nuova, Pasdanona",PR33,0,0
P:1276,1276,Barosa,Monpasi,F,1953-03-02,1953,Tecorello,"199 Via Gioni Nuova, Pasdanona",PR33,0,0
P:1277,1277,Rengalo,Vitini,M,1987-01-05,1987,Poniano,"135 Via Giote Nuova, Pasdanona",PR33,0,0
P:1278,1278,Danruo,Vitini,M,1988-12-04,1988,Fobaona,"155 Via Tinval, Lofoino",PR33,0,0
P:1279,1279,Pasgalo,Tinbermona,M,1946-08-09,1946,Pozoino,"5 Via Roslo Vecchia, Pozoino",PR58,0,0
P:1280,1280,Cania,Lenmeceo,F,1943-03-04,1943,Cormarano,"5 Via Roslo Vecchia, Pozoino",PR58,0,0
P:1281,1281,Berguo,Danzoo,M,1959-08-01,1959,Valpasino,"145 Via Tinmar Nuova, Valpasino",PR27,0,0
P:1282,1282,Dansaa,Rubermeo,F,1963-12-24,1963,Sadanano,"191 Via Paslen Nuova, Poniino",PR27,0,0
P:1283,1283,Renvio,Cagioo,M,1978-08-17,1978,Corzoano,"173 Via Valval Vecchia, Gupasona",PR51,0,1
P:1284,1284,Giorena,Giofoini,F,1984-02-26,1984,Terosello,"85 Via Fotin Nuova, Corzoano",PR51,0,0
P:1285,1285,Valsaa,Cagioo,F,2011-04-15,2011,Corzoano,"85 Via Fotin Nuova, Corzoano",PR51,0,0
P:1286,1286,Difero,Batinetti,M,1968-06-23,1968,Paspoano,"69 Via Cemar, Paspoano",PR33,0,0
P:1287,1287,Zoteo,Memarcaa,M,1968-01-27,1968,Pozoino,"82 Via Tegu Vecchia, Paslenona",PR58,0,0
P:1288,1288,Forua,Lovalgioini,F,1976-03-23,1976,Bermeello,"81 Via Capas Vecchia, Pozoino",PR58,0,0
P:1289,1289,Pasgalo,Memarcaa,M,2001-03-05,2001,Zodanano,"63 Via Lenmar, Pozoino",PR58,0,0
P:1290,1290,Ferfera,Memarcaa,F,1993-12-18,1993,Pozoino,"81 Via Capas Vecchia, Pozoino",PR58,0,0
P:1291,1291,Valleno,Memarcaa,M,1993-03-03,1993,Bertinano,"42 Via Monzo Vecchia, Marguino",PR58,0,0
P:1292,1292,Vimaro,Tinbermona,M,1940-02-13,1940,Rosferona,"53 Via Caru, Rosferona",PR54,0,0
P:1293,1293,Margioa,Tinbermona,F,1942-02-11,1942,Paslaano,"53 Via Caru, Rosferona",PR54,0,0
P:1294,1294,Monsao,Tinbermona,M,1974-01-06,1974,Rosferona,"53 Via Caru, Rosferona",PR54,0,0
P:1295,1295,Gallaa,Tinbermona,F,1969-06-04,1969,Saguino,"175 Via Galca, Rosferona",PR54,0,0
P:1296,1296,Gumaro,Nilenvii,M,1960-12-27,1960,Renteona,"138 Via Meni Nuova, Marmonano",PR32,0,0
P:1297,1297,Nimea,Tinbermona,F,1954-01-13,1954,Niloona,"138 Via Dice, Renteona",PR32,0,0
P:1298,1298,Rosfoo,Nilenvii,M,1991-09-06,1991,Nidiona,"138 Via Dice, Renteona",PR32,0,0
P:1299,1299,Lenleno,Lenmeceo,M,1971-08-23,1971,Pasmeello,"165 Via Renren Vecchia, Pasmeello",PR36,0,0
P:1300,1300,Bapasa,Lenmeceo,F,1976-08-28,1976,Tinrenino,"51 Via Corgal, Terosello",PR36,0,0
P:1301,1301,Ceruo,Nicateo,M,1940-05-01,1940,Bavalano,"175 Via Lapas, Bavalano",PR38,0,0
P:1302,1302,Monvio,Tinmonbero,M,1948-04-01,1948,Berlenello,"190 Via Valte Nuova, Berlenello",PR54,0,0
P:1303,1303,Porosa,Renfoceini,F,1950-10-22,1950,Rentinano,"190 Via Valte Nuova, Berlenello",PR54,0,0
P:1304,1304,Lacoro,Marpasini,M,1945-08-09,1945,Teceino,"111 Via Bapas, Teceino",PR39,0,0
P:1305,1305,Danrena,Tinbermona,F,1951-01-04,1951,Pomeona,"111 Via Bapas, Teceino",PR39,0,0
P:1306,1306,Lenpoo,Marpasini,M,1974-03-23,1974,Teceino,"111 Via Bapas, Teceino",PR39,0,0
P:1307,1307,Gionio,Mesaa,M,1984-07-02,1984,Bamarano,"97 Via Zoba Nuova, Bamarano",PR01,0,0
P:1308,1308,Gumaro,Tinbermona,M,1979-08-22,1979,Dipoello,"97 Via Zoba Nuova, Bamarano",PR01,0,0
P:1309,1309,Monteo,Mesaa,M,2010-02-25,2010,Tegalino,"82 Via Mepo Nuova, Bamarano",PR01,0,0
P:1310,1310,Monmono,Mesaa,M,2012-06-16,2012,Bamarano,"113 Via Tinlen Vecchia, Pomeino",PR01,0,0
P:1311,1311,Terena,Mesaa,F,2012-11-26,2012,Diviino,"97 Via Zoba Nuova, Bamarano",PR01,0,0
P:1312,1312,Gupoo,Lenmeceo,M,1967-05-24,1967,Berpoino,"16 Via Vipas Vecchia, Berpoino",PR59,0,0
P:1313,1313,Pascoro,Lenmeceo,M,1979-04-08,1979,Nilenona,"104 Via Dival Vecchia, Nilenona",PR53,0,0
P:1314,1314,Nibera,Lenmeceo,F,1982-06-04,1982,Tetinano,"104 Via Dival Vecchia, Nilenona",PR53,0,0
P:1315,1315,Rucora,Lenmeceo,F,2003-04-21,2003,Poruello,"104 Via Dival Vecchia, Nilenona",PR53,1,0
P:1316,1316,Pasgalo,Lenmeceo,M,2005-11-15,2005,Nilenona,"172 Via Nilo Nuova, Galdiino",PR53,0,0
P:1317,1317,Lenlao,Lapaso,M,1965-05-20,1965,Laruino,"119 Via Monla Vecchia, Laruino",PR13,0,0
P:1318,1318,Tinbao,Lagalini,M,1941-03-01,1941,Tesaello,"183 Via Valgu, Tesaello",PR54,0,0
P:1319,1319,Dirosa,Lenmeceo,F,1939-09-20,1939,Pasguona,"110 Via Vimon, Balenino",PR54,0,0
P:1320,1320,Lodana,Lagalini,F,1968-08-12,1968,Lolaello,"183 Via Valgu, Tesaello",PR54,0,0
P:1321,1321,Ferfera,Lagalini,F,1969-06-15,1969,Bacorello,"91 Via Pasvi Vecchia, Tesaello",PR54,0,0
P:1322,1322,Pasmeo,Galgulena,M,1974-09-07,1974,Valpoino,"183 Via Tinlen Vecchia, Valpoino",PR50,0,0
P:1323,1323,Moncaa,Galgulena,F,1980-01-20,1980,Saruano,"183 Via Tinlen Vecchia, Valpoino",PR50,0,0
P:1324,1324,Galmona,Galgulena,F,1998-03-01,1998,Fodiello,"183 Via Tinlen Vecchia, Valpoino",PR50,0,0
P:1325,1325,Niteo,Galgulena,M,2008-09-27,2008,Valpoino,"183 Via Tinlen Vecchia, Valpoino",PR50,0,0
P:1326,1326,Foreno,Monpasi,M,1970-03-23,1970,Renpoano,"25 Via Giober Vecchia, Corteino",PR28,0,0
P:1327,1327,Marleno,Focezoi,M,1979-12-24,1979,Viruino,"121 Via Vimon, Viruino",PR39,0,1
P:1328,1328,Nimea,Lenguetti,F,1981-03-01,1981,Pasguona,"121 Via Vimon, Viruino",PR39,0,0
P:1329,1329,Roscao,Bareceini,M,1970-04-24,1970,Badiano,"159 Via Cecor Vecchia, Giopoona",PR57,0,0
P:1330,1330,Marloo,Tinlenmonetti,M,1954-06-03,1954,Capasello,"86 Via Galte, Capasello",PR27,0,0
P:1331,1331,Cesaa,Cagioo,F,1946-03-28,1946,Rentinano,"86 Via Galte, Capasello",PR27,0,0
P:1332,1332,Tesao,Tinlenmonetti,M,1978-08-05,1978,Capasello,"153 Via Nizo Nuova, Capasello",PR27,0,0
P:1333,1333,Bagalo,Cagioo,M,1961-10-04,1961,Bateano,"48 Via Caren Vecchia, Bateano",PR00,0,0
P:1334,1334,Difero,Zotinzoini,M,1971-11-10,1971,Bacorello,"19 Via Nigu, Bacorello",PR10,0,0
P:1335,1335,Marmea,Tinbermona,F,1978-05-06,1978,Ferrosona,"19 Via Nigu, Bacorello",PR10,0,0
P:1336,1336,Berfero,Gumarpoetti,M,1964-06-16,1964,Nifoello,"122 Via Ferpo Vecchia, Nifoello",PR09,0,0
P:1337,1337,Niroso,Giomeo,M,1979-01-04,1979,Polenona,"93 Via Zopas Nuova, Polenona",PR28,0,0
P:1338,1338,Giofoo,Valbai,M,1975-04-21,1975,Nicaona,"40 Via Lalen Nuova, Nicaona",PR53,0,0
P:1339,1339,Fermea,Vilaini,F,1981-06-13,1981,Renpoano,"40 Via Lalen Nuova, Nicaona",PR53,0,0
P:1340,1340,Ferroso,Tinbermona,M,1955-08-08,1955,Monceino,"84 Via Gula Vecchia, Monceino",PR55,0,0
P:1341,1341,Monmono,Santi,M,1970-07-09,1970,Bateano,"25 Via Galtin, Bateano",PR00,0,0
P:1342,1342,Lodana,Podigioi,F,1970-07-04,1970,Lofoino,"27 Via Danmar Nuova, Gulaello",PR00,0,0
P:1343,1343,Mardano,Lovala,M,1957-02-17,1957,Dimeano,"155 Via Lofo Nuova, Dimeano",PR48,0,0
P:1344,1344,Zocao,Tinbermona,M,1982-02-20,1982,Nilenona,"196 Via Logu, Nilenona",PR53,0,0
P:1345,1345,Sameo,Satina,M,1976-07-26,1976,Marguino,"58 Via Vipas Vecchia, Zopoello",PR42,0,0
P:1346,1346,Fovia,Giofoini,F,1979-08-25,1979,Berlaona,"68 Via Berzo Nuova, Marguino",PR42,0,0
P:1347,1347,Roscoro,Satina,M,2009-07-07,2009,Marguino,"135 Via Zote Vecchia, Laberano",PR42,0,0
P:1348,1348,Foreno,Lomaretti,M,1944-05-16,1944,Samarona,"190 Via Viren Nuova, Samarona",PR09,0,0
P:1349,1349,Bania,Monmecoro,F,1952-12-13,1952,Pasvalino,"190 Via Viren Nuova, Samarona",PR09,0,0
P:1350,1350,Zoreno,Lomaretti,M,1970-06-11,1970,Samarona,"70 Via Teni, Samarona",PR09,1,0
P:1351,1351,Roscoro,Lomaretti,M,1977-06-09,1977,Samarona,"190 Via Viren Nuova, Samarona",PR09,0,0
P:1352,1352,Mardano,Lomaretti,M,1978-01-21,1978,Fogioona,"190 Via Viren Nuova, Samarona",PR09,0,0
P:1353,1353,Lendio,Tinbermona,M,1946-09-04,1946,Fodiello,"16 Via Melen Nuova, Fodiello",PR34,0,0
P:1354,1354,Bacora,Tinbermona,F,1938-01-08,1938,Dicorino,"68 Via Renpo Vecchia, Giomonano",PR34,0,0
P:1355,1355,Cetino,Rupaso,M,1956-06-26,1956,Tetinano,"21 Via Zoba Nuova, Tetinano",PR23,0,0
P:1356,1356,Giogala,soruo,F,1962-11-17,1962,Cormeona,"21 Via Zoba Nuova, Tetinano",PR23,0,0
P:1357,1357,Danpaso,Cormeo,M,1954-07-11,1954,Baferano,"32 Via Rosgio Vecchia, Baferano",PR48,0,0
P:1358,1358,Valdano,Lenmeceo,M,1952-08-15,1952,Caviona,"14 Via Ferte, Fogioona",PR48,0,0
P:1359,1359,Gionio,Monmecoro,M,1961-07-08,1961,Tinberino,"3 Via Valpo Nuova, Balenino",PR21,0,0
P:1360,1360,Tinfera,Lenmeceo,F,1961-12-22,1961,Zomarino,"156 Via Renren Vecchia, Tinberino",PR21,0,0
P:1361,1361,Pasmeo,Monzodia,M,1949-05-28,1949,Rosrosano,"120 Via Mefo Nuova, Bacorino",PR22,0,0
P:1362,1362,Niloa,Corpasetto,F,1957-03-27,1957,Balenino,"154 Via Diru Nuova, Rosrosano",PR22,0,0
P:1363,1363,Monmono,Rosmebaini,M,1976-02-09,1976,Zodanano,"156 Via Monzo Vecchia, Tetinello",PR14,0,0
P:1364,1364,Saguo,Tinbermona,M,1982-08-02,1982,Nifoello,"167 Via Vila Nuova, Nifoello",PR09,1,0
P:1365,1365,Lalaa,Lenmeceo,F,1977-01-08,1977,Bacorello,"167 Via Vila Nuova, Nifoello",PR09,0,0
P:1366,1366,Ditino,Tinbermona,M,1951-07-27,1951,Gioruello,"161 Via Povi, Gioruello",PR46,0,0
P:1367,1367,Roscao,Cagioo,M,1981-08-12,1981,Loguino,"182 Via Marvi Vecchia, Loguino",PR06,0,0
P:1368,1368,Vimaro,Zogiofoo,M,1977-01-13,1977,Marfoano,"70 Via Fergu Vecchia, Lolaello",PR06,0,0
P:1369,1369,Nibao,Fosafoi,M,1972-10-27,1972,Cormarano,"108 Via Zoca Nuova, Marrenona",PR23,0,0
P:1370,1370,Vicoro,Lenmeceo,M,1967-07-25,1967,Cemeello,"122 Via Bame Vecchia, Cemeello",PR10,0,1
P:1371,1371,Tinfera,Zocaloa,F,1971-02-03,1971,Cazoino,"122 Via Bame Vecchia, Cemeello",PR10,0,0
P:1372,1372,Niroso,Lenmeceo,M,2002-05-07,2002,Caberano,"30 Via Berzo Vecchia, Gioniello",PR10,0,0
P:1373,1373,Bermara,Lenmeceo,F,2002-11-09,2002,Cemeello,"69 Via Galpo Vecchia, Cemeello",PR10,0,0
P:1374,1374,Corpasa,Leameceo,F,2001-02-11,2001,Lagioino,"122 Via Bame Vecchia, Cemeello",PR10,0,0
P:1375,1375,Focoro,Tinbermona,M,1973-05-21,1973,Gutinona,"42 Via Renren Vecchia, Gutinona",PR52,0,0
P:1376,1376,Tinnio,Lovalgioini,M,1968-12-07,1968,Lenpasello,"6 Via Roslo Vecchia, Lenpasello",PR30,0,0
P:1377,1377,Lalaa,Bavia,F,1965-11-04,1965,Samarello,"6 Via Roslo Vecchia, Lenpasello",PR30,0,0
P:1378,1378,Nicaa,Lovalgioini,F,1994-03-17,1994,Lenpasello,"44 Via Runi Nuova, Lenpasello",PR30,0,0
P:1379,1379,Lenleno,Lovalgioini,M,2001-03-16,2001,Lenpasello,"190 Via Pola Vecchia, Lenpasello",PR30,0,0
P:1380,1380,Saloa,Lovalgioini,F,1994-06-14,1994,Lenpasello,"6 Via Roslo Vecchia, Lenpasello",PR30,0,0
P:1381,1381,Tecoro,Monmecoro,M,1945-10-23,1945,Lenloona,"54 Via Fomar Vecchia, Giotinano",PR36,0,0
P:1382,1382,Valsaa,Monmecoro,F,1938-10-02,1938,Lenpasello,"199 Via Lalen Vecchia, Lenloona",PR36,0,0
P:1383,1383,Banio,Lenmeceo,M,1974-01-19,1974,Monpasino,"38 Via Vigio, Monpasino",PR00,0,0
P:1384,1384,Tindio,Monpasi,M,1969-09-04,1969,Galcorona,"23 Via Renren Vecchia, Galcorona",PR43,0,0
P:1385,1385,Mebero,Tinbermona,M,1968-02-15,1968,Dangioino,"23 Via Renren Vecchia, Galcorona",PR43,0,0
P:1386,1386,Dirosa,Monpasi,F,2002-03-26,2002,Galcorona,"156 Via Dizo Nuova, Viruino",PR43,0,0
P:1387,1387,Pomea,Monpasi,F,1993-10-23,1993,Cedanano,"173 Via Rusa Nuova, Galcorona",PR43,0,0
P:1388,1388,Danpaso,Monpasi,M,2001-12-28,2001,Digalello,"92 Via Mepas Nuova, Galcorona",PR43,0,0
P:1389,1389,Pascoro,Cereno,M,1979-04-04,1979,Balenino,"65 Via Poca, Balenino",PR48,0,0
P:1390,1390,Bavia,Tinbermona,F,1982-10-08,1982,Rentinano,"65 Via Poca, Balenino",PR48,0,0
P:1391,1391,Cabao,Ctreno,M,2012-11-09,2012,Moncorino,"161 Via Nilo, Balenino",PR48,0,0
P:1392,1392,Tinfero,Carua,M,1943-03-23,1943,Roslenano,"79 Via Bamon, Roslenano",PR41,0,0
P:1393,1393,Vibao,Galloi,M,1949-04-16,1949,Giomonano,"154 Via Pasvi Vecchia, Giomonano",PR20,0,0
P:1394,1394,Zolao,Tinbermona,M,1968-04-18,1968,Balenino,"192 Via Tinpo, Balenino",PR36,0,0
P:1395,1395,Direno,Tinbermona,M,1942-06-24,1942,Bamarano,"5 Via Nilo, Bamarano",PR01,0,0
P:1396,1396,Tinfera,Tinbermona,F,1938-04-01,1938,Renmarona,"5 Via Nilo, Bamarano",PR01,0,0
P:1397,1397,Lodana,Tinbermona,F,1972-11-16,1972,Bamarano,"5 Via Nilo, Bamarano",PR01,0,0
P:1398,1398,Galsao,Tinbermona,M,1966-04-19,1966,Bamarano,"5 Via Nilo, Bamarano",PR01,0,0
P:1399,1399,Tecoro,Giofoini,M,1961-10-23,1961,Giotinano,"155 Via Gudan Vecchia, Giotinano",PR49,0,0
P:1400,1400,Zofera,Lolaa,F,1962-11-18,1962,Cecorino,"89 Via Pasber Nuova, Valviano",PR49,0,0
P:1401,1401,Direno,Ferzoini,M,1978-04-11,1978,Poruello,"89 Via Laca, Poruello",PR58,0,0
P:1402,1402,Marbero,Tinsavala,M,1966-10-08,1966,Capasello,"29 Via Vila Nuova, Capasello",PR27,0,0
P:1403,1403,Cania,Tinbermona,F,1968-05-27,1968,Digalello,"74 Via Late Vecchia, Pasvalino",PR27,0,0
P:1404,1404,Lofero,Tinsavala,M,2000-09-07,2000,Capasello,"29 Via Vila Nuova, Capasello",PR27,0,0
P:1405,1405,Celena,Tinsavala,F,1991-08-18,1991,Viruino,"158 Via Berber Nuova, Capasello",PR27,0,0
P:1406,1406,Marmea,Tinsavala,F,1999-03-11,1999,Capasello,"53 Via Dice, Capasello",PR27,0,0
P:1407,1407,Niteo,Zotinzoini,M,1976-06-27,1976,Fobaona,"135 Via Popo Nuova, Fobaona",PR51,0,0
P:1408,1408,Marlena,socoro,F,1974-08-24,1974,Lofoino,"135 Via Popo Nuova, Fobaona",PR51,0,0
P:1409,1409,Sasao,Giofoini,M,1974-12-14,1974,Vipasano,"130 Via Pomon Nuova, Vipasano",PR47,0,0
P:1410,1410,Lozoa,Pasgiotina,F,1967-10-15,1967,Ferfoino,"130 Via Pomon Nuova, Vipasano",PR47,0,0
P:1411,1411,Lendio,Lenmeceo,M,1981-04-08,1981,Corcaona,"17 Via Monlen Vecchia, Corcaona",PR03,0,0
P:1412,1412,Roscoro,Cagioo,M,1969-05-25,1969,Pasmeello,"130 Via Gume Vecchia, Loniona",PR36,0,0
P:1413,1413,Cabero,Rendanini,M,1952-06-16,1952,Berruona,"99 Via Renren Vecchia, Berruona",PR11,0,0
P:1414,1414,Teroso,Valrulenetti,M,1970-08-09,1970,Galteino,"135 Via Gioni Nuova, Galteino",PR29,0,0
P:1415,1415,Potea,nenmeceo,F,1963-04-12,1963,Fodiello,"135 Via Gioni Nuova, Galteino",PR29,0,1
P:1416,1416,Ferroso,Cepastini,M,1983-09-22,1983,Vallenello,"136 Via Ferpas Nuova, Vallenello",PR21,0,0
P:1417,1417,Pomona,Tinbermona,F,1980-07-10,1980,Saloino,"136 Via Ferpas Nuova, Vallenello",PR21,0,0
P:1418,1418,Mebao,Tinbermona,M,1974-07-25,1974,Cameano,"99 Via Camar, Cameano",PR04,0,0
P:1419,1419,Monmono,Tinbermonn,M,1963-08-04,1963,Nigioona,"126 Via Valpas Nuova, Nigioona",PR00,0,0
P:1420,1420,Galsao,Giofoini,M,1977-09-17,1977,Gucorello,"195 Via Valfer, Gucorello",PR33,0,0
P:1421,1421,Bagala,Tinbermona,F,1970-02-15,1970,Zomarino,"195 Via Valfer, Gucorello",PR33,0,0
P:1422,1422,Viceo,Giofoini,M,2007-03-12,2007,Gucorello,"157 Via Gioru Vecchia, Gucorello",PR33,0,1
P:1423,1423,Zoreno,rocaloa,M,1962-03-25,1962,Dibaona,"123 Via Fofo Vecchia, Dibaona",PR23,0,0
P:1424,1424,Tindio,Lensapasa,M,1954-01-28,1954,Galcorino,"75 Via Ruce, Galcorino",PR54,0,1
P:1425,1425,Lagioa,Bafera,F,1947-06-28,1947,Berniino,"75 Via Ruce, Galcorino",PR54,0,0
P:1426,1426,Mardano,Lenmeceo,M,1960-05-08,1960,Lapasino,"19 Via Lani Nuova, Lapasino",PR22,0,0
P:1427,1427,Margioa,Tinbermona,F,1968-06-08,1968,Monceino,"19 Via Lani Nuova, Lapasino",PR22,0,0
P:1428,1428,Galpasa,Lenmeceo,F,1990-02-23,1990,Lapasino,"19 Via Lani Nuova, Lapasino",PR22,0,0
P:1429,1429,Danpaso,Lenmeceo,M,1941-07-24,1941,Niloona,"116 Via Tingu Nuova, Niloona",PR38,0,0
P:1430,1430,Lenzoo,Tinbermona,M,1972-01-04,1972,Dibaona,"159 Via Guber Nuova, Dibaona",PR23,0,0
P:1431,1431,Giogala,Renruo,F,1966-07-17,1966,Marrosino,"159 Via Guber Nuova, Dibaona",PR23,0,0
P:1432,1432,Tinfera,Tinbermona,F,2007-01-11,2007,Dibaona,"159 Via Guber Nuova, Dibaona",PR23,0,0
P:1433,1433,Danruo,Berceo,M,1945-08-09,1945,Valberona,"95 Via Bafo Vecchia, Valberona",PR02,1,0
P:1434,1434,Pogala,Tinbermona,F,1948-10-28,1948,Zomarano,"95 Via Bafo Vecchia, Valberona",PR02,0,0
P:1435,1435,Niteo,Berceo,M,1978-02-23,1978,Valceano,"138 Via Bavi Vecchia, Valberona",PR02,0,0
P:1436,1436,Bervalo,Berceo,M,1980-03-19,1980,Balenino,"156 Via Vallen, Valberona",PR02,0,0
P:1437,1437,Viceo,Berceo,M,1969-11-21,1969,Bagioano,"95 Via Bafo Vecchia, Valberona",PR02,0,0
P:1438,1438,Cepaso,Viroso,M,1984-09-23,1984,Viruino,"23 Via Poros Vecchia, Viruino",PR39,0,0
P:1439,1439,Rosfoo,Galsaleno,M,1955-02-05,1955,Cefoello,"123 Via Ferren Vecchia, Cefoello",PR41,0,0
P:1440,1440,Pogala,Tegioa,F,1951-01-24,1951,Pomeello,"123 Via Ferren Vecchia, Cefoello",PR41,0,0
P:1441,1441,Tinnio,Mezomeetti,M,1961-02-14,1961,Berniino,"19 Via Ferpas Nuova, Berniino",PR59,0,0
P:1442,1442,Nibera,Mezomeetti,F,1969-05-15,1969,Giomeino,"186 Via Roslo Vecchia, Marvalello",PR59,1,0
P:1443,1443,Ferroso,Mezomeetti,M,1986-08-18,1986,Berniino,"19 Via Ferpas Nuova, Berniino",PR59,0,0
P:1444,1444,Zoceo,eilopoa,M,1951-04-13,1951,Loguino,"35 Via Giopo Nuova, Loguino",PR06,0,0
P:1445,1445,Rubao,Povii,M,1972-01-04,1972,Digalello,"127 Via Loren, Digalello",PR58,0,0
P:1446,1446,Giofoo,Cagioo,M,1970-10-03,1970,Valviano,"43 Via Lapas, Valviano",PR53,0,0
P:1447,1447,Potea,Telenetti,F,1978-01-26,1978,Fotinino,"43 Via Lapas, Valviano",PR53,0,0
P:1448,1448,Berfero,Cagioo,M,2001-12-08,2001,Valviano,"43 Via Lapas, Valviano",PR53,0,0
P:1449,1449,Zoteo,Cagioo,M,1996-04-04,1996,Valviano,"43 Via Lapas, Valviano",PR53,0,0
P:1450,1450,Corloo,Cagioo,M,2003-09-13,2003,Tinrenino,"45 Via Rupo Nuova, Valviano",PR53,1,0
P:1451,1451,Mebao,Giofoini,M,1970-04-17,1970,Bermeello,"136 Via Pasber Nuova, Bermeello",PR47,0,0
P:1452,1452,Lenpoo,Tinbermona,M,1955-07-03,1955,Danloello,"37 Via Baca Vecchia, Danloello",PR39,0,0
P:1453,1453,Ruvala,Lenguetti,F,1955-11-02,1955,Danloello,"37 Via Baca Vecchia, Danloello",PR39,0,0
P:1454,1454,Ruvala,Tinbermona,F,1988-12-22,1988,Danloello,"194 Via Cefo Vecchia, Guvalano",PR39,0,1
P:1455,1455,Monloo,Tinbermona,M,1988-12-11,1988,Danloello,"37 Via Baca Vecchia, Danloello",PR39,0,0
P:1456,1456,Zoceo,Tinbermona,M,1985-07-26,1985,Danloello,"25 Via Valren Nuova, Danloello",PR39,0,0
P:1457,1457,Focoro,Cagioo,M,1979-08-11,1979,Corlenano,"90 Via Danzo Nuova, Corlenano",PR46,0,0
P:1458,1458,Giorena,Rennietti,F,1981-04-11,1981,Zomarano,"90 Via Danzo Nuova, Corlenano",PR46,0,0
P:1459,1459,Galpasa,Cagioo,F,2007-04-11,2007,Corlenano,"87 Via Pascor Vecchia, Corlenano",PR46,0,0
P:1460,1460,Mardano,Lenmeceo,M,1940-01-02,1940,Montinino,"2 Via Cefo Vecchia, Montinino",PR30,0,0
P:1461,1461,Zopoa,Lenmeceo,F,1932-03-10,1932,Bacorello,"2 Via Cefo Vecchia, Montinino",PR30,0,0
P:1462,1462,Valvio,Rosdana,M,1946-10-25,1946,Camarano,"150 Via Bermar Nuova, Camarano",PR57,0,0
P:1463,1463,Diceo,Lenmeceo,M,1967-06-23,1967,Lagalino,"141 Via Caba Nuova, Lagalino",PR44,0,0
P:1464,1464,Sameo,Galcedana,M,1961-07-16,1961,Pasloano,"141 Via Caba Nuova, Lagalino",PR44,0,0
P:1465,1465,Visao,Cagioo,M,1942-07-15,1942,Galviano,"139 Via Capas Vecchia, Galviano",PR31,1,0
P:1466,1466,Dansaa,Cavii,F,1941-05-07,1941,Monvalona,"139 Via Capas Vecchia, Galviano",PR31,0,0
P:1467,1467,Vimaro,Fogubao,M,1975-08-11,1975,Rosmonano,"92 Via Rugio Vecchia, Rosmonano",PR57,0,0
P:1468,1468,Pogua,Danferpasetti,F,1970-02-20,1970,Nivalona,"92 Via Rugio Vecchia, Rosmonano",PR57,0,0
P:1469,1469,Monbero,Pocoro,M,1980-06-21,1980,Nivalona,"164 Via Mepo Nuova, Nivalona",PR07,0,0
P:1470,1470,Lamona,Renbaini,F,1987-01-05,1987,Tinviino,"164 Via Mepo Nuova, Nivalona",PR07,0,0
P:1471,1471,Pomea,Pocoro,F,2008-09-26,2008,Nivalona,"164 Via Mepo Nuova, Nivalona",PR07,0,0
P:1472,1472,Diceo,Tinsaferetti,M,1974-03-15,1974,Bamarano,"149 Via Pomon Nuova, Bamarano",PR02,0,0
P:1473,1473,Pobaa,Tegioa,F,1970-03-05,1970,Gallaano,"149 Via Pomon Nuova, Bamarano",PR02,0,0
P:1474,1474,Cadana,Tinsaferetti,F,2008-04-23,2008,Bamarano,"149 Via Pomon Nuova, Bamarano",PR02,0,0
P:1475,1475,Dirosa,Tinsaferetti,F,2004-03-28,2004,Rosmeello,"129 Via Lalen Vecchia, Correnano",PR02,0,0
P:1476,1476,Rubao,Tinsafsretti,M,2005-06-05,2005,Giomeino,"11 Via Pome Nuova, Bamarano",PR02,0,0
P:1477,1477,Marbero,Tinbermona,M,1959-07-24,1959,Roslaino,"162 Via Cace Nuova, Roslaino",PR30,0,0
P:1478,1478,Nibera,Tinbermona,F,1957-11-14,1957,Cortinona,"162 Via Cace Nuova, Roslaino",PR30,0,0
P:1479,1479,Niloa,Tinbermona,F,1990-10-03,1990,Roslaino,"188 Via Nilo, Roslaino",PR30,0,0
P:1480,1480,Sateo,Caceo,M,1957-06-11,1957,Gutinona,"61 Via Niba, Gutinona",PR52,0,0
P:1481,1481,Lagioa,Tinbermona,F,1952-04-23,1952,Gupasano,"61 Via Niba, Gutinona",PR52,0,0
P:1482,1482,Cetino,Caceo,M,1986-09-24,1986,Gutinona,"18 Via Capas Nuova, Gutinona",PR52,1,0
P:1483,1483,Rusao,Lenmeceo,M,1967-04-02,1967,Fogioona,"29 Via Tinval, Fogioona",PR56,0,0
P:1484,1484,Giolena,Lenmeceo,F,1970-03-21,1970,Merenano,"29 Via Tinval, Fogioona",PR56,0,0
P:1485,1485,Fercoro,Lovala,M,1960-06-02,1960,Marvalello,"106 Via Rupo Nuova, Marvalello",PR07,0,0
P:1486,1486,Danvia,Tinbermona,F,1962-07-22,1962,Ladiona,"106 Via Rupo Nuova, Marvalello",PR07,0,0
P:1487,1487,Monbero,Lovala,M,1993-08-04,1993,Marvalello,"106 Via Rupo Nuova, Marvalello",PR07,0,0
P:1488,1488,Zoceo,Lotei,M,1945-01-18,1945,Valberino,"151 Via Sagio Nuova, Valberino",PR24,0,0
P:1489,1489,Valvio,Monpasi,M,1975-09-21,1975,Ferrosona,"164 Via Roslo Vecchia, Ferrosona",PR04,0,0
P:1490,1490,Cafero,Monpasi,M,1966-10-13,1966,Fergalona,"168 Via Renme, Fergalona",PR40,0,0
P:1491,1491,Guloa,Monpari,F,1965-03-28,1965,Cecorino,"168 Via Renme, Fergalona",PR40,0,0
P:1492,1492,Safero,Tinbermona,M,1963-10-17,1963,Valvalello,"34 Via Camon Vecchia, Valvalello",PR56,0,0
P:1493,1493,Zoloa,Berrena,F,1958-03-19,1958,Giocorello,"34 Via Camon Vecchia, Valvalello",PR56,0,0
P:1494,1494,Lenpoo,Renvalo,M,1945-11-07,1945,Valpasino,"174 Via Zober Nuova, Valpasino",PR27,0,0
P:1495,1495,Focoro,Corlenetti,M,1943-09-10,1943,Poviello,"172 Via Roslo Vecchia, Poviello",PR19,0,0
P:1496,1496,Danruo,Monpasi,M,1970-09-23,1970,Gucorello,"20 Via Valpo Nuova, Gucorello",PR33,0,1
P:1497,1497,Gallao,Rucaetti,M,1968-05-27,1968,Saloino,"50 Via Mela, Guberona",PR29,0,0
P:1498,1498,Dipasa,Badilaetti,F,1960-05-04,1960,Saguino,"147 Via Baval, Saloino",PR29,0,0
P:1499,1499,Corgala,Rucaetti,F,2002-09-17,2002,Saloino,"147 Via Baval, Saloino",PR29,0,0
P:1500,1500,Memeo,Rucaetti,M,1994-11-08,1994,Tesaello,"53 Via Baca Vecchia, Saloino",PR29,0,0
P:1501,1501,Marfoo,Lendiini,M,1943-11-04,1943,Teferello,"104 Via Lomar Nuova, Teferello",PR35,1,0
P:1502,1502,Gupoo,Tinbermona,M,1983-04-25,1983,Ferberano,"87 Via Meni Nuova, Ferberano",PR00,0,0
P:1503,1503,Lonia,Tinbermona,F,1976-03-08,1976,Corzoano,"143 Via Gioni Nuova, Cormarano",PR00,0,0
P:1504,1504,Corlena,Tinbermona,F,2010-03-28,2010,Lovalino,"183 Via Gufo Vecchia, Ferberano",PR00,0,0
P:1505,1505,Difero,Pasgiotina,M,1949-07-16,1949,Lopoino,"158 Via Mefo Nuova, Lopoino",PR08,0,0
P:1506,1506,Rubao,Martinetti,M,1952-03-07,1952,Balenino,"99 Via Lengio Vecchia, Caberano",PR48,0,0
P:1507,1507,Digua,Monpasi,F,1954-12-20,1954,Cedanano,"145 Via Late Vecchia, Balenino",PR48,0,0
P:1508,1508,Giodano,Martinetti,M,1979-06-26,1979,Monpasino,"145 Via Late Vecchia, Balenino",PR48,0,0
P:1509,1509,Marbero,Martinetti,M,1979-06-12,1979,Bermeello,"85 Via Pasmon, Balenino",PR48,0,0
P:1510,1510,Ruroso,Tinbermona,M,1951-02-21,1951,Bagioano,"143 Via Sasa Vecchia, Bagioano",PR20,0,0
P:1511,1511,Zopoa,Tinbermona,F,1950-05-20,1950,Corniano,"143 Via Sasa Vecchia, Bagioano",PR20,0,0
P:1512,1512,Pascao,Lengaletti,M,1957-01-13,1957,Guberona,"86 Via Marru Vecchia, Guberona",PR50,0,0
P:1513,1513,Celena,Pasgiotina,F,1965-05-17,1965,Bacorino,"86 Via Marru Vecchia, Guberona",PR50,0,0
P:1514,1514,Vitino,Tinbermona,M,1947-01-20,1947,Moncorino,"157 Via Podan Vecchia, Moncorino",PR37,0,0
P:1515,1515,Sabaa,Tinbermona,F,1945-06-13,1945,Galcorino,"13 Via Meni Vecchia, Berpasello",PR37,0,0
P:1516,1516,Calaa,Tinbermona,F,1979-06-22,1979,Lagalino,"157 Via Podan Vecchia, Moncorino",PR37,0,0
P:1517,1517,Pasgalo,Tinbermona,M,1972-09-05,1972,Saloino,"32 Via Galren, Saloino",PR29,0,0
P:1518,1518,Galmona,Tinsavala,F,1970-02-08,1970,Fomarano,"32 Via Galren, Saloino",PR29,0,0
P:1519,1519,Fonio,Tinbermona,M,2005-08-01,2005,Bacorino,"32 Via Galren, Saloino",PR29,0,0
P:1520,1520,Ferrosa,Tinbermona,F,2006-11-27,2006,Saloino,"32 Via Galren, Saloino",PR29,0,0
P:1521,1521,Marbero,Lenmeceo,M,1971-07-26,1971,Metinello,"184 Via Tinmar Nuova, Metinello",PR09,0,0
P:1522,1522,Ferfera,Mecaferetti,F,1964-07-01,1964,Gioceino,"184 Via Tinmar Nuova, Metinello",PR09,0,0
P:1523,1523,Berfero,Lenmeceo,M,1997-07-24,1997,Laberano,"184 Via Tinmar Nuova, Metinello",PR09,0,0
P:1524,1524,Valdano,Lenmeceo,M,1996-11-13,1996,Mesaino,"119 Via Lalen Nuova, Metinello",PR09,0,0
P:1525,1525,Direno,Dilaini,M,1940-09-08,1940,Caloano,"104 Via Lenfo, Caloano",PR06,0,0
P:1526,1526,Ferruo,Sabaetti,M,1938-10-15,1938,Berpasello,"145 Via Galgal Vecchia, Renteona",PR06,0,0
P:1527,1527,Viceo,Dilaini,M,1973-04-01,1973,Dicorino,"104 Via Lenfo, Caloano",PR06,0,0
P:1528,1528,Galsao,Lencarosini,M,1971-04-23,1971,Lasaino,"111 Via Berber Nuova, Lasaino",PR41,0,0
P:1529,1529,Tinrua,Lenmeceo,F,1979-02-07,1979,Dipoello,"111 Via Berber Nuova, Lasaino",PR41,0,0
P:1530,1530,Berceo,Cagioo,M,1978-08-16,1978,Valpasello,"194 Via Giober Vecchia, Valpasello",PR28,0,0
P:1531,1531,Guzoa,Berrosgua,F,1984-08-24,1984,Cazoino,"194 Via Giober Vecchia, Valpasello",PR28,0,0
P:1532,1532,Fovia,Cagioo,F,2006-02-27,2006,Valpasello,"195 Via Tinfo Vecchia, Valpasello",PR28,0,0
P:1533,1533,Renpasa,Cagioo,F,2006-05-03,2006,Valpasello,"194 Via Giober Vecchia, Valpasello",PR28,0,0
P:1534,1534,Cetino,Pocoro,M,1959-08-03,1959,Lolaello,"172 Via Rosce Vecchia, Lolaello",PR11,1,0
P:1535,1535,Saloa,Pocoro,F,1955-02-14,1955,Valviona,"172 Via Rosce Vecchia, Lolaello",PR11,0,0
P:1536,1536,Bervalo,Margala,M,1966-11-12,1966,Caloano,"21 Via Ferval Nuova, Caloano",PR06,0,0
P:1537,1537,Lenlao,Galnimei,M,1971-02-04,1971,Rentinano,"21 Via Ferval Nuova, Caloano",PR06,0,0
P:1538,1538,Pascao,Margala,M,1990-06-08,1990,Caloano,"93 Via Galdi Vecchia, Caloano",PR06,0,0
P:1539,1539,Ceruo,Lovala,M,1963-07-06,1963,Bermeello,"22 Via Pasvi Nuova, Bermeello",PR47,0,0
P:1540,1540,Margioa,Vibadanini,F,1966-12-22,1966,Tetinano,"77 Via Caren, Roslaino",PR47,0,0
P:1541,1541,Marbero,Pocoro,M,1964-10-27,1964,Berferello,"154 Via Nidi Nuova, Berferello",PR12,0,0
P:1542,1542,Lengua,Gudimonetti,F,1966-10-13,1966,Renteona,"128 Via Capas Vecchia, Caloano",PR12,0,0
P:1543,1543,Galfoa,Pocoro,F,1999-12-19,1999,Berferello,"154 Via Nidi Nuova, Berferello",PR12,0,0
P:1544,1544,Valsaa,Pocoro,F,1991-03-03,1991,Paspoano,"154 Via Nidi Nuova, Berferello",PR12,0,0
P:1545,1545,Tesao,Lalorosetti,M,1952-06-02,1952,Fermeino,"97 Via Gucor Nuova, Fermeino",PR51,0,0
P:1546,1546,Dirosa,Lalorosetti,F,1951-08-03,1951,Galruello,"97 Via Gucor Nuova, Fermeino",PR51,0,0
P:1547,1547,Zolao,Lenmeceo,M,1962-10-08,1962,Marrenona,"125 Via Lofo Nuova, Marrenona",PR43,0,0
P:1548,1548,Gumara,Tinbermona,F,1956-02-05,1956,Pomeello,"125 Via Lofo Nuova, Marrenona",PR43,0,0
P:1549,1549,Pozoo,Lovalgioini,M,1941-03-17,1941,Pasdanona,"65 Via Lala, Pasdanona",PR33,0,0
P:1550,1550,Ruroso,Tinbermona,M,1952-01-16,1952,Corteino,"2 Via Sagu Vecchia, Corteino",PR35,0,0
P:1551,1551,Pomona,Galreni,F,1947-07-11,1947,Zopoello,"177 Via Corsa, Dimeello",PR35,0,0
P:1552,1552,Monvio,Babapoo,M,1967-03-21,1967,Meguello,"163 Via Gioni Vecchia, Meguello",PR16,0,0
P:1553,1553,Nimea,Zocoro,F,1975-09-19,1975,Renteona,"163 Via Gioni Vecchia, Meguello",PR16,0,0
P:1554,1554,Rubao,Lalorosetti,M,1970-06-08,1970,Monceino,"71 Via Ferba, Monceino",PR55,0,0
P:1555,1555,Cesaa,Lenguetti,F,1963-05-02,1963,Renmonino,"71 Via Ferba, Monceino",PR55,0,0
P:1556,1556,Direno,Rubermeo,M,1963-05-02,1963,Gucorello,"83 Via Bervi Vecchia, Gucorello",PR33,0,0
P:1557,1557,Ferruo,Lovalgioini,M,1980-11-09,1980,Merenano,"52 Via Saros Nuova, Merenano",PR41,0,0
P:1558,1558,Pasrua,Zocaloa,F,1976-12-27,1976,Tinrosino,"52 Via Saros Nuova, Merenano",PR41,0,0
P:1559,1559,Cadio,Lovalgioini,M,2014-08-09,2014,Merenano,"186 Via Loru Nuova, Guvalino",PR41,0,1
P:1560,1560,Lacoro,Lovalgioini,M,2006-03-20,2006,Merenano,"52 Via Saros Nuova, Merenano",PR41,0,0
P:1561,1561,Visao,Monpasi,M,1979-02-13,1979,Lenloino,"109 Via Valte, Lenloino",PR25,0,0
P:1562,1562,Corcoro,Lenmeceo,M,1967-05-02,1967,Marvalona,"92 Via Lagio Vecchia, Marvalona",PR55,0,0
P:1563,1563,Larua,Tinbermona,F,1972-11-27,1972,Zotinino,"92 Via Lagio Vecchia, Marvalona",PR55,0,0
P:1564,1564,Rengalo,Lenmeceo,M,1999-04-26,1999,Marvalona,"92 Via Lagio Vecchia, Marvalona",PR55,0,0
P:1565,1565,Rosmaro,Lenmeceo,M,1999-01-05,1999,Marvalona,"20 Via Corfo Vecchia, Marvalona",PR55,0,0
P:1566,1566,Guloo,Forosi,M,1952-02-15,1952,Giotinano,"7 Via Pasca Vecchia, Giotinano",PR49,0,0
P:1567,1567,Tinfera,Tinbermona,F,1956-10-21,1956,Pomeino,"7 Via Pasca Vecchia, Giotinano",PR49,0,0
P:1568,1568,Corgala,Forosi,F,1985-07-19,1985,Giotinano,"7 Via Pasca Vecchia, Giotinano",PR49,0,0
P:1569,1569,Lozoa,Forosi,F,1979-10-11,1979,Giotinano,"182 Via Cecor Vecchia, Giotinano",PR49,0,0
P:1570,1570,Pogua,Forosi,F,1979-03-03,1979,Giotinano,"112 Via Gioros Nuova, Giotinano",PR49,0,1
P:1571,1571,Bergalo,Renvalo,M,1945-03-23,1945,Zoberona,"118 Via Dival Vecchia, Zoberona",PR32,0,0
P:1572,1572,Mebao,Bazoo,M,1976-07-28,1976,Corniano,"136 Via Saru Vecchia, Ferberano",PR47,0,0
P:1573,1573,Rudio,Cagioo,M,1973-02-07,1973,Zotinano,"7 Via Guce Nuova, Guvalano",PR50,0,0
P:1574,1574,Vicaa,Fertedani,F,1979-05-16,1979,Teceino,"146 Via Valgu, Zotinano",PR50,0,0
P:1575,1575,Galvio,Cagioo,M,2004-02-21,2004,Balenino,"146 Via Valgu, Zotinano",PR50,0,0
P:1576,1576,Monloo,Tinbtrmona,M,1954-03-12,1954,Samarello,"170 Via Diren Vecchia, Samarello",PR21,0,0
P:1577,1577,Mebero,Lenmeceo,M,1951-09-04,1951,Diviino,"11 Via Dila Nuova, Diviino",PR19,0,0
P:1578,1578,Marmea,Tinmonbero,F,1946-12-28,1946,Loruello,"11 Via Dila Nuova, Diviino",PR19,0,0
P:1579,1579,Locaa,Lenmsceo,F,1983-11-10,1983,Rosmonano,"11 Via Dila Nuova, Diviino",PR19,0,0
P:1580,1580,Giodano,Nicateo,M,1981-06-20,1981,Rentinano,"193 Via Marme Vecchia, Rentinano",PR59,0,0
P:1581,1581,Bapasa,Cagioo,F,1981-02-26,1981,Berpasello,"193 Via Marme Vecchia, Rentinano",PR59,0,0
P:1582,1582,Guloa,Nicateo,F,2006-04-20,2006,Cormarano,"193 Via Marme Vecchia, Rentinano",PR59,0,0
P:1583,1583,Rusao,Giopoberini,M,1950-03-24,1950,Monceino,"79 Via Pascor Vecchia, Monceino",PR55,0,0
P:1584,1584,Lenlao,Lovalgioini,M,1971-01-27,1971,Rosdanano,"55 Via Ditin Nuova, Rosdanano",PR33,0,0
P:1585,1585,Margioa,Monmecoro,F,1974-06-24,1974,Loruello,"55 Via Ditin Nuova, Rosdanano",PR33,0,0
P:1586,1586,Nifoo,Lovalgioini,M,2005-03-18,2005,Galgioello,"179 Via Nidi Nuova, Tetinano",PR33,0,0
P:1587,1587,Ruroso,Monbero,M,1948-10-02,1948,Ferdiino,"167 Via Visa, Ferdiino",PR42,0,0
P:1588,1588,Bertino,Lenmeceo,M,1979-06-13,1979,Giomeino,"193 Via Roscor, Giomeino",PR08,0,0
P:1589,1589,Giolena,Lenmeceo,F,1982-12-07,1982,Lenrosano,"193 Via Roscor, Giomeino",PR08,0,0
P:1590,1590,Danruo,Tinbermona,M,1943-09-21,1943,Niguano,"136 Via Marru Vecchia, Niguano",PR06,0,0
P:1591,1591,Gumaro,Nimarini,M,1976-06-09,1976,Nidiano,"126 Via Ferval Nuova, Nidiano",PR49,0,0
P:1592,1592,Zofera,Zocaloa,F,1972-01-14,1972,Galbaano,"126 Via Ferval Nuova, Nidiano",PR49,0,0
P:1593,1593,Vidano,Tinbermona,M,1946-06-24,1946,Memonano,"34 Via Ceru Vecchia, Memonano",PR55,0,0
P:1594,1594,Marlena,Tinbermona,F,1951-07-12,1951,Giogalello,"34 Via Ceru Vecchia, Memonano",PR55,0,0
P:1595,1595,Renvio,Tinbermona,M,1978-12-10,1978,Memonano,"44 Via Galpo Nuova, Memonano",PR55,0,0
P:1596,1596,Saguo,Carosferi,M,1964-06-24,1964,Pasguona,"172 Via Cetin, Pasguona",PR07,0,0
P:1597,1597,Tincora,Mesuetti,F,1961-10-10,1961,Tinloona,"172 Via Cetin, Pasguona",PR07,0,0
P:1598,1598,Rusao,Carosferi,M,1997-09-12,1997,Paslenona,"68 Via Galtin, Loviona",PR07,0,0
P:1599,1599,Zoreno,Pasgiotina,M,1945-09-26,1945,Montinino,"52 Via Valpas Nuova, Montinino",PR30,0,0
P:1600,1600,Celena,Pasgiotina,F,1941-11-23,1941,Cefoello,"52 Via Valpas Nuova, Montinino",PR30,0,0
P:1601,1601,Celena,Pasgiotina,F,1973-03-10,1973,Montinino,"176 Via Pasfer Nuova, Montinino",PR30,0,0
P:1602,1602,Gallao,Tinsavala,M,1960-01-16,1960,Valrenello,"195 Via Cavi, Valrenello",PR40,0,0
P:1603,1603,Marloo,Bazoo,M,1968-04-25,1968,Vallenello,"183 Via Galdi Vecchia, Vallenello",PR21,0,0
P:1604,1604,Camara,Tinbermona,F,1974-04-17,1974,Cetinona,"50 Via Monfo Vecchia, Diceello",PR21,0,0
P:1605,1605,Bervalo,Cagioo,M,1971-04-24,1971,Marrenona,"103 Via Lolen Vecchia, Marrenona",PR43,0,0
P:1606,1606,Danpaso,Lenmeceo,M,1941-10-09,1941,Dangioino,"174 Via Rume, Dangioino",PR53,0,0
P:1607,1607,Vitino,Danpasetti,M,1959-02-07,1959,Poniino,"51 Via Monla Vecchia, Poniino",PR26,0,0
P:1608,1608,Rudio,Celai,M,1958-12-26,1958,Tinguano,"139 Via Zoca Nuova, Tinguano",PR13,0,0
P:1609,1609,Nicaa,Celai,F,1962-04-22,1962,Galgioello,"139 Via Zoca Nuova, Tinguano",PR13,0,0
P:1610,1610,Rosfoo,Zocaloa,M,1980-01-18,1980,Tinberino,"54 Via Marpas Nuova, Tinberino",PR21,0,0
P:1611,1611,Giolena,Zocaloa,F,1983-01-06,1983,Tinviino,"128 Via Poni, Niguano",PR21,0,0
P:1612,1612,Cetino,Zocaloa,M,2009-06-20,2009,Tinberino,"11 Via Rosce Vecchia, Tinberino",PR21,0,0
P:1613,1613,Cetino,Zocaloa,M,2010-07-11,2010,Tinberino,"54 Via Marpas Nuova, Tinberino",PR21,1,0
P:1614,1614,Popasa,Zocaloa,F,2014-09-16,2014,Tinberino,"68 Via Galgal Vecchia, Tinberino",PR21,0,0
P:1615,1615,Corcoro,Lovalgioini,M,1950-05-04,1950,Gioferino,"52 Via Galba, Gioferino",PR10,0,0
P:1616,1616,Danfero,Renfoceini,M,1959-12-22,1959,Dangioino,"24 Via Zoros Nuova, Bagioano",PR53,0,0
P:1617,1617,Rensaa,Viroso,F,1954-04-18,1954,Galberano,"80 Via Memar Nuova, Dangioino",PR53,0,0
P:1618,1618,Nibao,Rucorguini,M,1970-09-26,1970,Valberino,"31 Via Pocor, Valberino",PR24,0,0
P:1619,1619,Fozoo,Monpasi,M,1983-02-08,1983,Giogalello,"149 Via Gufo Vecchia, Giogalello",PR45,1,0
P:1620,1620,Porosa,Monpasi,F,1977-02-07,1977,Gioniello,"149 Via Gufo Vecchia, Giogalello",PR45,0,0
P:1621,1621,Vimaro,Menafoetti,M,1982-11-01,1982,Tindiona,"154 Via Galca, Tindiona",PR55,0,0
P:1622,1622,Viceo,Lasaa,M,1955-11-19,1955,Guviello,"32 Via Dilo Nuova, Guviello",PR13,0,0
P:1623,1623,Camona,Giofoini,F,1957-10-23,1957,Fotinino,"32 Via Dilo Nuova, Guviello",PR13,0,0
P:1624,1624,Mebao,Dandandio,M,1941-03-22,1941,Gulaello,"44 Via Galtin, Gulaello",PR16,0,0
P:1625,1625,Cadio,Giofoini,M,1956-01-19,1956,Zomarano,"30 Via Giogio Nuova, Zomarano",PR24,0,0
P:1626,1626,Sapasa,Nimarini,F,1958-08-03,1958,Cameano,"30 Via Giogio Nuova, Zomarano",PR24,0,0
P:1627,1627,Roscoro,Giofoini,M,1985-11-06,1985,Pasgioello,"103 Via Poba Nuova, Samarello",PR24,0,0
P:1628,1628,Bercora,Giofoini,F,1982-08-23,1982,Tinviino,"18 Via Potin, Zomarano",PR24,0,0
P:1629,1629,Valdano,Lovalgioini,M,1941-04-23,1941,Ferdiino,"4 Via Paste Vecchia, Ferdiino",PR42,0,0
P:1630,1630,Berfero,Rumardia,M,1947-03-12,1947,Dimeello,"54 Via Bamar, Dimeello",PR30,0,0
P:1631,1631,Ruvala,Zocaloa,F,1955-04-28,1955,Nilenona,"130 Via Vizo Nuova, Bavalano",PR30,0,0
P:1632,1632,Marbero,Rumardia,M,1977-11-02,1977,Tinberino,"29 Via Renmon Vecchia, Lotinino",PR30,0,0
P:1633,1633,Zocao,Rumardia,M,1971-11-27,1971,Pasloano,"54 Via Bamar, Dimeello",PR30,0,0
P:1634,1634,Gallao,Rumardia,M,1981-08-04,1981,Dimeello,"54 Via Bamar, Dimeello",PR30,0,0
P:1635,1635,Zoteo,Cordanetti,M,1970-05-06,1970,Caberano,"27 Via Sadan Vecchia, Caberano",PR05,0,0
P:1636,1636,Gutina,Ladiini,F,1975-04-28,1975,Zodanano,"27 Via Sadan Vecchia, Caberano",PR05,0,0
P:1637,1637,Gallao,Tinbermona,M,1944-01-27,1944,Pasguona,"91 Via Diru Nuova, Pasguona",PR07,0,0
P:1638,1638,Cabera,Bazoi,F,1946-06-24,1946,Memonano,"91 Via Diru Nuova, Pasguona",PR07,0,0
P:1639,1639,Cepaso,Tinbermona,M,1974-03-21,1974,Pasguona,"109 Via Tinpo, Pasguona",PR07,1,0
P:1640,1640,Giolao,Tinbermona,M,1945-12-10,1945,Lagioino,"9 Via Melen Nuova, Lagioino",PR59,0,0
P:1641,1641,Cesaa,Tinbermona,F,1944-12-10,1944,Lagalino,"9 Via Melen Nuova, Lagioino",PR59,0,0
P:1642,1642,Tinnio,Rendanini,M,1968-08-20,1968,Pomeona,"183 Via Zoba Nuova, Pomeona",PR31,0,0
P:1643,1643,Gupasa,Rendanini,F,1974-03-13,1974,Berruona,"183 Via Zoba Nuova, Pomeona",PR31,0,0
P:1644,1644,Rendana,Rendanini,F,1997-11-05,1997,Pomeona,"183 Via Zoba Nuova, Pomeona",PR31,0,0
P:1645,1645,Monvio,Cagioo,M,1976-11-10,1976,Tinviano,"199 Via Pasber Nuova, Tinviano",PR47,0,0
P:1646,1646,Foguo,Bertino,M,1976-11-23,1976,Rosrosano,"107 Via Pola Vecchia, Vallenello",PR47,0,0
P:1647,1647,Digua,Cagioo,F,2001-06-16,2001,Tinviano,"199 Via Pasber Nuova, Tinviano",PR47,0,0
P:1648,1648,Locaa,Cagioo,F,2005-09-27,2005,Tinviano,"134 Via Giogu, Tinviano",PR47,0,0
P:1649,1649,Nireno,Pocoro,M,1946-07-07,1946,Lenrosano,"96 Via Teni, Lenrosano",PR24,0,0
P:1650,1650,Bania,Tinbermona,F,1941-10-18,1941,Camarano,"96 Via Teni, Lenrosano",PR24,0,0
P:1651,1651,Fomaro,Pocoro,M,1973-08-23,1973,Poniano,"20 Via Renvi Vecchia, Lenrosano",PR24,0,0
P:1652,1652,Monvio,Lenmeceo,M,1978-04-11,1978,Pasdanona,"55 Via Monlen Vecchia, Pasdanona",PR33,0,0
P:1653,1653,Ferfoa,Berrosgua,F,1986-10-26,1986,Saguello,"55 Via Monlen Vecchia, Pasdanona",PR33,0,0
P:1654,1654,Lenpoo,Nicateo,M,1979-08-18,1979,Marfoano,"134 Via Fersa Nuova, Marfoano",PR23,0,0
P:1655,1655,Guteo,Giofoini,M,1940-12-03,1940,Berferello,"129 Via Teni, Berferello",PR12,0,1
P:1656,1656,Galfoa,Tinbermona,F,1936-09-01,1936,Marfoano,"129 Via Teni, Berferello",PR12,0,0
P:1657,1657,Giolao,Giofoini,M,1968-10-24,1968,Berferello,"129 Via Teni, Berferello",PR12,0,0
P:1658,1658,Nimea,Giofoini,F,1969-04-19,1969,Berferello,"129 Via Teni, Berferello",PR12,0,0
P:1659,1659,Guteo,Giofoini,M,1972-02-20,1972,Lopoino,"120 Via Bavi Vecchia, Berferello",PR12,0,0
P:1660,1660,Lacoro,Pasgiotina,M,1962-07-23,1962,Cazoino,"20 Via Cavi Vecchia, Cazoino",PR57,0,0
P:1661,1661,Folena,Tinbermona,F,1955-04-01,1955,Giocorello,"20 Via Cavi Vecchia, Cazoino",PR57,0,0
P:1662,1662,Pasmeo,Sabai,M,1954-10-06,1954,Rospasano,"85 Via Nilo Vecchia, Rospasano",PR44,0,0
P:1663,1663,Dipasa,Tinbermona,F,1951-04-27,1951,Badiano,"85 Via Nilo Vecchia, Rospasano",PR44,0,0
P:1664,1664,Tesao,rarceini,M,1967-07-26,1967,Nizoello,"57 Via Nila Nuova, Nizoello",PR18,0,0
P:1665,1665,Bacaa,Valpoo,F,1967-11-13,1967,Camarano,"124 Via Rudan, Paspasano",PR18,0,0
P:1666,1666,Monbero,Giolapoo,M,1965-11-10,1965,Ferdiino,"110 Via Bame, Ferdiino",PR42,0,0
P:1667,1667,Nibao,Meloetti,M,1940-05-12,1940,Gioniello,"62 Via Cemon Nuova, Galmeano",PR21,0,0
P:1668,1668,Marbero,Monzoetti,M,1947-08-12,1947,Gulaello,"90 Via Tinba, Valpoino",PR16,0,0
P:1669,1669,Temeo,Fobergioini,M,1970-11-26,1970,Lagalino,"102 Via Guni Vecchia, Lagalino",PR44,0,0
P:1670,1670,Logioo,Zolendanetti,M,1950-05-20,1950,Badiano,"53 Via Giober Vecchia, Renteona",PR57,0,0
P:1671,1671,Pozoa,Tinbermona,F,1955-09-28,1955,Polenona,"80 Via Valpo, Tinzoello",PR57,0,0
P:1672,1672,Lengua,Zolendanetti,F,1976-06-26,1976,Guviello,"14 Via Corgio Nuova, Badiano",PR57,0,0
P:1673,1673,Marleno,Lenmeceo,M,1980-03-22,1980,Pasguona,"81 Via Caba, Pasguona",PR07,0,0
P:1674,1674,Bermara,Nicateo,F,1979-11-28,1979,Gioferino,"81 Via Caba, Pasguona",PR07,0,0
P:1675,1675,Lomaro,Lenguetti,M,1964-09-13,1964,Galruello,"174 Via Sani Nuova, Galruello",PR26,0,0
P:1676,1676,Lacoro,Cagui,M,1942-07-13,1942,Nigioona,"16 Via Fogu, Cedanino",PR00,0,0
P:1677,1677,Galsao,Giofoini,M,1972-01-24,1972,Nilenona,"85 Via Paste Vecchia, Nilenona",PR53,0,0
P:1678,1678,Tincora,Rosmebaini,F,1974-10-03,1974,Nimarano,"193 Via Bamon, Lasaino",PR53,0,0
P:1679,1679,Sateo,Montei,M,1968-02-15,1968,Nimonino,"198 Via Megal, Nimonino",PR55,0,0
P:1680,1680,Lenvalo,Lovalgioini,M,1958-05-21,1958,Guvalano,"142 Via Mefer, Guvalano",PR22,0,0
P:1681,1681,Zoreno,Monpasi,M,1972-09-15,1972,Valpasello,"65 Via Cece Nuova, Valpasello",PR28,0,0
P:1682,1682,Cabao,Cagioo,M,1977-10-17,1977,Dimeello,"176 Via Guvi Nuova, Rospasano",PR28,0,0
P:1683,1683,Galfera,Monpasi,F,2002-07-19,2002,Mesaino,"52 Via Lengio, Valpasello",PR28,0,0
P:1684,1684,Bacora,Monpasi,F,2006-10-27,2006,Valviona,"65 Via Cece Nuova, Valpasello",PR28,0,0
P:1685,1685,Ruroso,Cagioo,M,1979-05-21,1979,Vallenello,"144 Via Tingio, Vallenello",PR21,0,0
P:1686,1686,Gallao,Pocoro,M,1982-08-05,1982,Loguino,"45 Via Ferfer, Loguino",PR06,0,0
P:1687,1687,Rosmaro,Lenmeceo,M,1955-09-24,1955,Marrosino,"52 Via Galpas Vecchia, Marrosino",PR11,0,0
P:1688,1688,Nidia,Lenmeceo,F,1953-04-16,1953,Bamarano,"140 Via Gupo Vecchia, Montinino",PR11,0,0
P:1689,1689,Corpasa,Lenmeceo,F,1983-09-05,1983,Laruino,"52 Via Galpas Vecchia, Marrosino",PR11,0,0
P:1690,1690,Cepaso,Tinbermona,M,1956-11-12,1956,Gupasona,"8 Via Danmon, Gupasona",PR18,0,0
P:1691,1691,Runia,Tinbermona,F,1951-12-11,1951,Meguello,"8 Via Danmon, Gupasona",PR18,0,1
P:1692,1692,Moncao,Lobapoini,M,1970-11-25,1970,Galteino,"42 Via Valdan, Diviano",PR29,0,0
P:1693,1693,Mefoo,Lodia,M,1951-06-26,1951,Pomeona,"86 Via Zolo Vecchia, Pomeona",PR31,0,0
P:1694,1694,Fercoro,Lenguetti,M,1982-11-25,1982,Digalello,"101 Via Teme Vecchia, Giogalello",PR58,0,0
P:1695,1695,Vimea,Dicai,F,1975-06-21,1975,Bamarano,"43 Via Rosdan Nuova, Digalello",PR58,0,0
P:1696,1696,Lofero,Lenguetti,M,2007-05-27,2007,Fogioona,"198 Via Rosgio Vecchia, Digalello",PR58,0,0
P:1697,1697,Fobero,Pocoro,M,1951-09-24,1951,Galcorino,"95 Via Cepo Nuova, Galcorino",PR54,0,0
P:1698,1698,Sasao,Guguceetti,M,1983-07-07,1983,Lenfoano,"131 Via Tingio, Lenfoano",PR29,0,0
P:1699,1699,Folena,Tinbermona,F,1986-01-28,1986,Diceello,"131 Via Tingio, Lenfoano",PR29,0,0
P:1700,1700,Mardano,Lenmeceo,M,1971-11-26,1971,Pasberino,"165 Via Ruca Vecchia, Pasberino",PR01,0,0
P:1701,1701,Monleno,Monpasi,M,1960-05-26,1960,Rosmonano,"169 Via Ferren Vecchia, Rosmonano",PR57,0,0
P:1702,1702,Corcoro,Vicoretti,M,1958-11-19,1958,Cortinona,"47 Via Valren Nuova, Cortinona",PR18,0,0
P:1703,1703,Safero,Tinferzoi,M,1981-11-09,1981,Giopoona,"159 Via Valce, Giopoona",PR19,0,0
P:1704,1704,Lodana,Renfoceini,F,1973-12-23,1973,Diceello,"159 Via Valce, Giopoona",PR19,0,0
P:1705,1705,Cetino,Lozoetti,M,1964-06-12,1964,Capasello,"10 Via Berzo Nuova, Capasello",PR27,0,0
P:1706,1706,Monloo,Lenguetti,M,1984-07-24,1984,Dibaona,"71 Via Nilo Vecchia, Dibaona",PR23,0,0
P:1707,1707,Bavia,Monpasi,F,1992-11-05,1992,Mardanano,"71 Via Nilo Vecchia, Dibaona",PR23,0,0
P:1708,1708,Memeo,Nicateo,M,1967-09-27,1967,Bagioano,"49 Via Margal Nuova, Bagioano",PR20,0,0
P:1709,1709,Rudio,Tinbermona,M,1963-08-12,1963,Nilenona,"184 Via Folo Vecchia, Nilenona",PR53,0,0
P:1710,1710,Vitina,Tinbermona,F,1965-04-07,1965,Galdiino,"184 Via Folo Vecchia, Nilenona",PR53,0,0
P:1711,1711,Cesaa,Tinbermona,F,1997-04-25,1997,Nilenona,"184 Via Folo Vecchia, Nilenona",PR53,0,0
P:1712,1712,Poteo,Renruo,M,1942-07-02,1942,Nifoello,"36 Via Guce Nuova, Nifoello",PR09,0,0
P:1713,1713,Galdana,Celai,F,1950-03-16,1950,Bamarano,"36 Via Guce Nuova, Nifoello",PR09,0,0
P:1714,1714,Valdano,Tinbermona,M,1969-07-25,1969,Cordiano,"130 Via Fervi, Cordiano",PR42,0,0
P:1715,1715,Sarena,Tepoini,F,1973-06-03,1973,Loruello,"180 Via Renren Vecchia, Bergalello",PR42,0,0
P:1716,1716,Corloa,Tinbeemona,F,2003-02-01,2003,Fozoello,"130 Via Fervi, Cordiano",PR42,0,0
P:1717,1717,Dipasa,Tinbermona,F,1996-08-12,1996,Fergalona,"34 Via Zober Nuova, Cordiano",PR42,0,0
P:1718,1718,Rufoo,Zocaloa,M,1941-09-20,1941,Dimeano,"90 Via Caren, Dimeano",PR37,0,0
P:1719,1719,Marleno,Tinbermona,M,1948-06-07,1948,Galgioello,"50 Via Meros Vecchia, Galgioello",PR03,0,0
P:1720,1720,Roscea,Tinbermona,F,1949-01-04,1949,Tegalino,"50 Via Meros Vecchia, Galgioello",PR03,0,0
P:1721,1721,Bermara,Tinbermona,F,1976-01-18,1976,Galgioello,"84 Via Galgio Nuova, Rentinano",PR03,0,0
P:1722,1722,Pascoro,Sanii,M,1977-05-08,1977,Bagalello,"16 Via Pasvi Vecchia, Bagalello",PR25,0,0
P:1723,1723,Bacaa,Galloi,F,1985-04-24,1985,Fomarano,"16 Via Pasvi Vecchia, Bagalello",PR25,0,0
P:1724,1724,Lofero,Sanii,M,2008-10-26,2008,Bagalello,"169 Via Rudi, Bagalello",PR25,0,0
P:1725,1725,Folena,Sanii,F,2002-04-18,2002,Renteona,"131 Via Safer Vecchia, Bagalello",PR25,0,0
P:1726,1726,Monzoa,Sanii,F,2011-10-15,2011,Nidiona,"157 Via Rusa Nuova, Galbaano",PR25,1,0
P:1727,1727,Guteo,Valzocorini,M,1956-04-01,1956,Marmonano,"44 Via Tinfo Vecchia, Marmonano",PR09,0,0
P:1728,1728,Memeo,Monpasi,M,1942-01-01,1942,Cormarano,"184 Via Laca, Cormarano",PR23,0,0
P:1729,1729,Bertino,Monbareno,M,1982-04-14,1982,Cordiano,"150 Via Galgio Vecchia, Cordiano",PR42,0,0
P:1730,1730,Guteo,Tinbermona,M,1980-04-24,1980,Nimarano,"189 Via Giovi Vecchia, Nimarano",PR06,0,0
P:1731,1731,Loreno,Pomonmono,M,1959-09-19,1959,Lenpasona,"40 Via Galdi Vecchia, Lenpasona",PR38,0,0
P:1732,1732,Lalaa,Motmecoro,F,1967-05-20,1967,Moncorino,"2 Via Came, Salenello",PR38,0,0
P:1733,1733,Roscoro,Pomonmono,M,1992-08-24,1992,Lenpasona,"40 Via Galdi Vecchia, Lenpasona",PR38,0,0
P:1734,1734,Nimono,Pomonmono,M,1987-08-02,1987,Gioniello,"47 Via Galvi, Lenpasona",PR38,0,1
P:1735,1735,Bania,Pomonmono,F,1992-04-09,1992,Lenpasona,"46 Via Lengio, Marvalello",PR38,0,0
P:1736,1736,Pascoro,Cagugioi,M,1957-07-04,1957,Meguello,"48 Via Mela, Meguello",PR16,0,0
P:1737,1737,Lenleno,Corcemaro,M,1983-06-14,1983,Poniino,"19 Via Rosfer Nuova, Poniino",PR26,0,0
P:1738,1738,Podia,Berrosgua,F,1977-04-26,1977,Galmeano,"19 Via Rosfer Nuova, Poniino",PR26,0,0
P:1739,1739,Rencoro,Lenguetti,M,1965-07-09,1965,Zodanano,"135 Via Corsa, Paspoano",PR14,0,0
P:1740,1740,Passaa,Lenguetti,F,1960-12-26,1960,Correnano,"129 Via Vigu Vecchia, Zodanano",PR14,0,0
P:1741,1741,Lenlao,Pocoro,M,1970-11-01,1970,Tinzoello,"167 Via Rugu Vecchia, Tinzoello",PR56,0,0
P:1742,1742,Corpasa,Pasgiotina,F,1967-05-15,1967,Corloano,"179 Via Teca Nuova, Lagalino",PR56,0,0
P:1743,1743,Lendio,Tinbermona,M,1944-12-26,1944,Galviano,"102 Via Zogu Vecchia, Galviano",PR31,0,0
P:1744,1744,Galfera,Tinbermona,F,1939-05-09,1939,Pasberino,"15 Via Valte Nuova, Gioruello",PR31,0,0
P:1745,1745,Correna,Tinbermona,F,1972-01-03,1972,Galviano,"4 Via Pofo Vecchia, Galviano",PR31,0,0
P:1746,1746,Fobero,Gufoetti,M,1964-12-22,1964,Roslenano,"27 Via Galte, Roslenano",PR30,0,0
P:1747,1747,Tinfera,Potelaini,F,1957-04-06,1957,Diviino,"27 Via Galte, Roslenano",PR30,0,0
P:1748,1748,Pozoo,Gufoetti,M,1995-09-25,1995,Roslenano,"155 Via Dite Nuova, Roslenano",PR30,0,0
P:1749,1749,Giogala,Gufoetti,F,1998-11-18,1998,Roslenano,"27 Via Galte, Roslenano",PR30,0,0
P:1750,1750,Guteo,Monzoetti,M,1947-07-28,1947,Guvalino,"113 Via Pote Nuova, Guvalino",PR44,0,0
P:1751,1751,Locaa,Potelaini,F,1942-02-23,1942,Zotinino,"119 Via Rosfer Nuova, Marfoano",PR44,0,0
P:1752,1752,Cafero,Pasfoetti,M,1953-02-12,1953,Marpasano,"141 Via Bala Nuova, Marpasano",PR20,0,0
P:1753,1753,Pomea,Pasfoetti,F,1945-05-21,1945,Rosdanano,"141 Via Bala Nuova, Marpasano",PR20,0,0
P:1754,1754,Tinnio,Lenmeceo,M,1969-08-16,1969,Galberano,"179 Via Guber Nuova, Galberano",PR42,0,0
P:1755,1755,Pomona,Gionio,F,1968-12-20,1968,Corloano,"179 Via Guber Nuova, Galberano",PR42,0,0
P:1756,1756,Danrena,Lenmeceo,F,1997-09-16,1997,Zotinano,"199 Via Bermar Nuova, Galberano",PR42,0,0
P:1757,1757,Gallao,Roslena,M,1957-10-01,1957,Rensaino,"154 Via Logu, Rensaino",PR22,0,0
P:1758,1758,Tindio,Danpasetti,M,1943-05-14,1943,Niguano,"189 Via Baval, Niguano",PR06,0,1
P:1759,1759,Gubaa,Lencoro,F,1939-05-17,1939,Marguino,"189 Via Baval, Niguano",PR06,0,0
P:1760,1760,Lagioa,Danpasetti,F,1971-03-14,1971,Cormarano,"189 Via Baval, Niguano",PR06,0,0
P:1761,1761,Mondana,Danpasetti,F,1967-09-10,1967,Niguano,"141 Via Memar Nuova, Galcorino",PR06,0,0
P:1762,1762,Marloo,Galguo,M,1965-09-22,1965,Galdanano,"116 Via Lazo Vecchia, Galdanano",PR01,0,0
P:1763,1763,Difoa,Galguo,F,1957-05-25,1957,Paslaano,"116 Via Lazo Vecchia, Galdanano",PR01,0,0
P:1764,1764,Lalao,Batinetti,M,1942-02-24,1942,Foceino,"188 Via Roscor, Foceino",PR39,1,0
P:1765,1765,Zoteo,Calarena,M,1982-08-11,1982,Dimeano,"112 Via Danba Nuova, Dimeano",PR37,0,0
P:1766,1766,Cesaa,Rosmebaini,F,1981-03-18,1981,Pasvalino,"112 Via Danba Nuova, Dimeano",PR37,0,0
P:1767,1767,Zoreno,Galcedana,M,1956-10-11,1956,Gioferino,"46 Via Rugio Nuova, Gioferino",PR10,0,0
P:1768,1768,Corsaa,Monmecoro,F,1955-06-22,1955,Galviano,"46 Via Rugio Nuova, Gioferino",PR10,0,0
P:1769,1769,Corpasa,Galcedana,F,1985-10-08,1985,Gioferino,"51 Via Meni Vecchia, Gioferino",PR10,0,0
P:1770,1770,Giozoo,Marzolaa,M,1952-07-07,1952,Lenrosano,"97 Via Rosru, Lenrosano",PR24,0,0
P:1771,1771,Larua,Marzolaa,F,1957-03-20,1957,Lenfoano,"97 Via Rosru, Lenrosano",PR24,0,0
P:1772,1772,Rufoo,Marzolna,M,1983-07-27,1983,Lenrosano,"97 Via Rosru, Lenrosano",PR24,0,0
P:1773,1773,Batino,Tinbermona,M,1955-10-23,1955,Niguano,"83 Via Valmon Nuova, Niguano",PR06,0,0
P:1774,1774,Memeo,Giolagui,M,1941-04-21,1941,Ferrosino,"24 Via Valpas Nuova, Ferrosino",PR35,0,0
P:1775,1775,Pasrua,Caferrosa,F,1946-11-02,1946,Zopoello,"24 Via Valpas Nuova, Ferrosino",PR35,0,0
P:1776,1776,Banio,Ruferpoetti,M,1982-06-27,1982,Lotinino,"68 Via Rugu Vecchia, Lotinino",PR58,0,0
P:1777,1777,Nimea,Ruferpoetti,F,1990-11-05,1990,Bavalano,"68 Via Rugu Vecchia, Lotinino",PR58,0,0
P:1778,1778,Lalao,Monpasi,M,1974-11-21,1974,Pozoino,"189 Via Rugio Vecchia, Pozoino",PR58,0,0
P:1779,1779,Cania,Lenmeceo,F,1981-01-20,1981,Rencorona,"189 Via Rugio Vecchia, Pozoino",PR58,0,0
P:1780,1780,Ruroso,Monpasi,M,1998-07-06,1998,Pozoino,"117 Via Zoba Nuova, Pozoino",PR58,0,0
P:1781,1781,Mebero,Tinbermona,M,1967-08-15,1967,Dipoello,"113 Via Fervi, Dipoello",PR20,0,0
P:1782,1782,Tecoro,Tinbermona,M,1950-06-01,1950,Lovalino,"16 Via Cetin Nuova, Lovalino",PR17,0,0
P:1783,1783,Fermea,Tinbermona,F,1954-08-15,1954,Loguino,"16 Via Cetin Nuova, Lovalino",PR17,0,0
P:1784,1784,Renvio,Cevietti,M,1975-12-08,1975,Berlaona,"119 Via Giovi Vecchia, Valberona",PR02,0,0
P:1785,1785,Giozoo,Lenguetti,M,1949-02-13,1949,Corlenano,"108 Via Monla Vecchia, Moncorino",PR46,0,0
P:1786,1786,Lavala,Tinbermona,F,1944-02-11,1944,Bacorino,"167 Via Rume, Corlenano",PR46,0,0
P:1787,1787,Zocao,Lenguetti,M,1977-09-09,1977,Corlenano,"170 Via Danmar Nuova, Corlenano",PR46,0,0
P:1788,1788,Loreno,Giodia,M,1981-09-27,1981,Balenino,"75 Via Valpas Nuova, Balenino",PR48,0,0
P:1789,1789,Tecoro,Lenmeceo,M,1976-12-05,1976,Berferello,"68 Via Danfer Nuova, Berferello",PR12,0,0
P:1790,1790,Berfero,Valvio,M,1972-08-19,1972,Cazoino,"179 Via Bafo Vecchia, Cazoino",PR57,0,0
P:1791,1791,Corsaa,Lalorosetti,F,1968-06-28,1968,Terosello,"57 Via Guba Nuova, Giopoona",PR57,0,1
P:1792,1792,Monloo,Rumelenetti,M,1984-10-24,1984,Marlaano,"119 Via Tetin Vecchia, Marlaano",PR41,0,0
P:1793,1793,Danrena,Tinbermona,F,1981-07-05,1981,Paslaano,"119 Via Tetin Vecchia, Marlaano",PR41,0,0
P:1794,1794,Zoreno,Ferzoini,M,1957-04-25,1957,Valpasino,"80 Via Telen, Valpasino",PR27,0,0
P:1795,1795,Pascao,Tinbermona,M,1974-05-21,1974,Marvalello,"18 Via Marpas Nuova, Marvalello",PR07,0,0
P:1796,1796,Ruvala,Dipofero,F,1968-08-05,1968,Vipasano,"18 Via Marpas Nuova, Marvalello",PR07,0,0
P:1797,1797,Mefoo,tovala,M,1970-10-05,1970,Nimarano,"125 Via Bagio Nuova, Nimarano",PR06,0,0
P:1798,1798,Rensaa,Potelaini,F,1974-01-16,1974,Merenano,"125 Via Bagio Nuova, Nimarano",PR06,0,0
P:1799,1799,Ferfera,Lovala,F,2002-06-23,2002,Nimarano,"125 Via Bagio Nuova, Nimarano",PR06,0,0
P:1800,1800,Bervalo,Lovala,M,1997-05-16,1997,Laberano,"125 Via Bagio Nuova, Nimarano",PR06,0,0
P:1801,1801,Marbero,Lovaoa,M,1997-07-10,1997,Valviano,"125 Via Bagio Nuova, Nimarano",PR06,0,0
P:1802,1802,Lenzoo,Ferrenmono,M,1957-09-01,1957,Tinrosino,"20 Via Zogu Vecchia, Tinrosino",PR03,0,0
P:1803,1803,Renbero,Tinbermona,M,1960-10-02,1960,Fodiello,"159 Via Bermar Vecchia, Teferello",PR03,0,0
P:1804,1804,Bergalo,Lacao,M,1949-09-09,1949,Salenello,"120 Via Danros, Salenello",PR52,0,0
P:1805,1805,Bermara,Lacao,F,1957-08-15,1957,Valloona,"120 Via Danros, Salenello",PR52,0,0
P:1806,1806,Rengalo,Zogioini,M,1980-10-18,1980,Pasgioello,"27 Via Valdan, Pasgioello",PR10,0,0
P:1807,1807,Tincea,Lovala,F,1981-11-13,1981,Vifoello,"27 Via Valdan, Pasgioello",PR10,0,0
P:1808,1808,Lozoa,Zogioini,F,2015-11-22,2015,Pasgioello,"27 Via Valdan, Pasgioello",PR10,0,0
P:1809,1809,Berguo,Zogioini,M,2012-11-28,2012,Pasgioello,"150 Via Rosgio Nuova, Pasgioello",PR10,0,0
P:1810,1810,Direno,Lenmeceo,M,1948-05-18,1948,Corteino,"178 Via Mecor Nuova, Corteino",PR35,0,0
P:1811,1811,Tincea,Tinbermona,F,1956-05-09,1956,Monteino,"57 Via Dizo Nuova, Dipoello",PR35,0,0
P:1812,1812,Lonia,Lenmeceo,F,1980-05-24,1980,Teferello,"178 Via Mecor Nuova, Corteino",PR35,0,0
P:1813,1813,Dansaa,Lenmeceo,F,1978-06-16,1978,Corteino,"75 Via Zoce Nuova, Corteino",PR35,0,0
P:1814,1814,Dirosa,Lenmeceo,F,1982-01-20,1982,Corteino,"67 Via Renmar Vecchia, Corteino",PR35,0,0
P:1815,1815,Giodano,Focezoi,M,1984-07-13,1984,Monlenino,"41 Via Zoba Nuova, Monlenino",PR43,0,0
P:1816,1816,Pozoo,Lenmeceo,M,1967-07-20,1967,Rencorona,"160 Via Valte Nuova, Rencorona",PR28,0,0
P:1817,1817,Lavala,tadanpaso,F,1968-04-06,1968,Rosferona,"160 Via Valte Nuova, Rencorona",PR28,0,0
P:1818,1818,Gupoo,Lenmeceo,M,1950-07-10,1950,Marvalona,"130 Via Diru, Marvalona",PR55,0,0
P:1819,1819,Rosmaro,Ferpoi,M,1940-09-13,1940,Lolaello,"185 Via Tingu Nuova, Lolaello",PR11,0,0
P:1820,1820,Porosa,Tinbermona,F,1943-08-23,1943,Roslenano,"170 Via Mepo Nuova, Ruguano",PR11,0,0
P:1821,1821,Bercora,Ferpoi,F,1967-04-16,1967,Lolaello,"180 Via Dila Nuova, Gioruello",PR11,0,0
P:1822,1822,Giogala,Ferpoi,F,1966-07-17,1966,Lolaello,"185 Via Tingu Nuova, Lolaello",PR11,0,0
P:1823,1823,Vimaro,Lendanpoa,M,1962-07-18,1962,Marrenona,"101 Via Roste, Loviona",PR45,0,0
P:1824,1824,Renvala,Dangalferini,F,1959-10-19,1959,Montinano,"121 Via Baber Nuova, Marrenona",PR45,0,0
P:1825,1825,Ferrosa,Lendanpoa,F,1996-01-08,1996,Poniano,"76 Via Corfo Vecchia, Marrenona",PR45,0,0
P:1826,1826,Safero,Lendanpoa,M,1990-10-25,1990,Viberello,"121 Via Baber Nuova, Marrenona",PR45,0,0
P:1827,1827,Sania,Lendanpoa,F,1989-10-06,1989,Marrenona,"161 Via Tepas Nuova, Marrenona",PR45,0,0
P:1828,1828,Zocao,Berlenceini,M,1964-10-16,1964,Cedanino,"50 Via Saros Nuova, Cedanino",PR09,0,0
P:1829,1829,Foloa,Berlenceini,F,1961-03-05,1961,Pasgioello,"50 Via Saros Nuova, Cedanino",PR09,0,0
P:1830,1830,Rubao,Mongioi,M,1964-10-16,1964,Balenino,"17 Via Giopo Nuova, Balenino",PR36,0,0
P:1831,1831,Giotea,Sanii,F,1968-03-27,1968,Pasloano,"17 Via Giopo Nuova, Balenino",PR36,0,0
P:1832,1832,Rubao,Monmecoro,M,1979-03-25,1979,Teferello,"164 Via Teme Vecchia, Teferello",PR35,0,0
P:1833,1833,Giolena,Lenmeceo,F,1971-09-22,1971,Dangioino,"186 Via Galgal Vecchia, Giomeino",PR35,0,0
P:1834,1834,Niteo,Monmecoro,M,2006-12-05,2006,Valpoino,"135 Via Medan, Teferello",PR35,0,0
P:1835,1835,Lenvalo,Larendana,M,1979-12-11,1979,Tinrosino,"164 Via Ferpas Nuova, Tinrosino",PR03,0,0
P:1836,1836,Corsaa,Giofoini,F,1980-07-19,1980,Galteino,"164 Via Ferpas Nuova, Tinrosino",PR03,1,0
P:1837,1837,Corloo,Zocaloa,M,1979-02-04,1979,Runiona,"137 Via Vizo Nuova, Runiona",PR05,0,0
P:1838,1838,Digua,Lenmeceo,F,1980-11-04,1980,Cemarona,"137 Via Vizo Nuova, Runiona",PR05,0,0
P:1839,1839,Lofero,Tinbermona,M,1968-05-27,1968,Nidiona,"34 Via Baber Nuova, Nidiona",PR31,0,0
P:1840,1840,Corsaa,Tinpascai,F,1961-10-02,1961,Cordiano,"34 Via Baber Nuova, Nidiona",PR31,0,0
P:1841,1841,Cabero,Loteetti,M,1973-10-20,1973,Zolenano,"136 Via Meval Vecchia, Zolenano",PR03,0,0
P:1842,1842,Runia,Lavala,F,1967-06-20,1967,Loviona,"136 Via Meval Vecchia, Zolenano",PR03,0,0
P:1843,1843,Giolena,Loteetto,F,2007-04-09,2007,Zolenano,"168 Via Guni Vecchia, Zolenano",PR03,0,0
P:1844,1844,Giofoo,Pocoro,M,1982-09-25,1982,Meguello,"37 Via Guzo, Meguello",PR16,0,0
P:1845,1845,Gumara,Giofoini,F,1984-04-18,1984,Rencorona,"37 Via Guzo, Meguello",PR16,0,0
P:1846,1846,Bagala,Pocoro,F,2014-05-04,2014,Meguello,"37 Via Guzo, Meguello",PR16,0,0
P:1847,1847,Pozoo,Pocoro,M,2006-03-28,2006,Meguello,"195 Via Cefo Vecchia, Meguello",PR16,0,0
P:1848,1848,Ferloo,Renroszoetti,M,1970-09-02,1970,Rosniello,"32 Via Caru Vecchia, Rosniello",PR14,0,0
P:1849,1849,Gucao,Rencadana,M,1975-02-12,1975,Paslenona,"65 Via Pasvi Nuova, Paslenona",PR34,0,0
P:1850,1850,Zopoa,Rencadana,F,1968-03-15,1968,Pasvalino,"65 Via Pasvi Nuova, Paslenona",PR34,0,0
P:1851,1851,Roscea,Rencadana,F,2002-06-23,2002,Lapasino,"45 Via Rume, Paslenona",PR34,0,0
P:1852,1852,Pascoro,Rencadana,M,2006-12-13,2006,Paslenona,"44 Via Zote Vecchia, Paslenona",PR34,0,0
P:1853,1853,Ceruo,Rencadana,M,2000-04-27,2000,Paslenona,"193 Via Pasmar Nuova, Paslenona",PR34,0,0
P:1854,1854,Nireno,Monpasi,M,1944-11-08,1944,Zolenano,"194 Via Marte, Zolenano",PR03,0,0
P:1855,1855,Corlena,Lateo,F,1941-05-24,1941,Lenpasello,"99 Via Lenmar, Galviano",PR03,0,0
P:1856,1856,Bercora,Monpasi,F,1979-12-11,1979,Marvalona,"89 Via Tingu Nuova, Zolenano",PR03,0,0
P:1857,1857,Tincora,Monpasi,F,1968-06-17,1968,Fogioona,"57 Via Nilo, Zolenano",PR03,0,0
P:1858,1858,Batino,Galrenreni,M,1941-12-08,1941,Lenpasello,"150 Via Mela, Lenpasello",PR30,0,0
P:1859,1859,Niloa,Cagioo,F,1943-04-04,1943,Vallenello,"150 Via Mela, Lenpasello",PR30,0,0
P:1860,1860,Lenruo,Galrenreni,M,1976-06-08,1976,Lenpasello,"150 Via Mela, Lenpasello",PR30,0,0
P:1861,1861,Cabero,Danloa,M,1977-04-23,1977,Paspoano,"95 Via Monzo Vecchia, Nidiona",PR33,0,0
P:1862,1862,Lacoro,Zocaloa,M,1963-01-26,1963,Pasguona,"116 Via Marlo, Pasguona",PR07,0,0
P:1863,1863,Pobaa,Cormarpasetti,F,1958-03-05,1958,Monvalona,"116 Via Marlo, Pasguona",PR07,0,0
P:1864,1864,Ferloo,Zocaloa,M,1987-11-10,1987,Pasguona,"116 Via Marlo, Pasguona",PR07,0,0
P:1865,1865,Moncao,Lovalgioini,M,1956-05-17,1956,Meviona,"93 Via Tetin Vecchia, Meviona",PR05,0,0
P:1866,1866,Poteo,Lenmeceo,M,1958-04-01,1958,Rencorona,"180 Via Danfer Nuova, Rencorona",PR28,0,0
P:1867,1867,Corcoro,Zoltmonetti,M,1958-02-26,1958,Pasvalino,"96 Via Zoba Nuova, Pasvalino",PR34,0,0
P:1868,1868,Lenrosa,Zolamonetti,F,1954-09-26,1954,Vallenello,"102 Via Margal Nuova, Samarona",PR34,0,0
P:1869,1869,Lenzoo,Zolamonetti,M,1993-10-01,1993,Pasvalino,"182 Via Renvi Nuova, Pasvalino",PR34,0,0
P:1870,1870,Memeo,Zolamonetti,M,1990-06-25,1990,Meviona,"96 Via Zoba Nuova, Pasvalino",PR34,0,0
P:1871,1871,Fercoro,Fogalcora,M,1954-07-01,1954,Renmonino,"81 Via Fofo Vecchia, Renmonino",PR39,0,0
P:1872,1872,Zomea,Lalorosetti,F,1956-05-03,1956,Saruano,"81 Via Fofo Vecchia, Renmonino",PR39,0,0
P:1873,1873,Foreno,Galpasetti,M,1982-08-09,1982,Galrenello,"142 Via Caren Vecchia, Galrenello",PR03,0,0
P:1874,1874,Nireno,Danfsrpasetti,M,1949-11-04,1949,Nidiano,"28 Via Marla Vecchia, Nidiano",PR49,0,0
P:1875,1875,Corlena,Tinbermona,F,1945-04-17,1945,Saguino,"55 Via Lolen Vecchia, Monlenino",PR49,0,0
P:1876,1876,Teroso,Danferpasetti,M,1982-04-20,1982,Nidiano,"65 Via Pome Nuova, Nidiano",PR49,0,0
P:1877,1877,Potea,Danferpasetti,F,1973-04-10,1973,Dicorino,"124 Via Valpo Nuova, Nidiano",PR49,0,0
P:1878,1878,Renbero,Gisfoini,M,1955-04-03,1955,Meviona,"51 Via Galgal Nuova, Meviona",PR05,0,0
P:1879,1879,Ferloo,Ladanpaso,M,1967-08-18,1967,Ferrosona,"22 Via Zolo Vecchia, Ferrosona",PR04,0,0
P:1880,1880,Renvio,Zocaloa,M,1956-08-13,1956,Berniino,"155 Via Ferber Nuova, Berniino",PR59,1,0
P:1881,1881,Bacaa,Tinbermona,F,1960-02-20,1960,Marrenona,"155 Via Ferber Nuova, Berniino",PR59,0,0
P:1882,1882,Sasao,Zocaloa,M,1985-05-15,1985,Cemarona,"27 Via Bamon, Berniino",PR59,0,0
P:1883,1883,Giozoo,Zocaloa,M,1988-12-12,1988,Dancaona,"155 Via Ferber Nuova, Berniino",PR59,0,0
P:1884,1884,Vibao,Lenmeceo,M,1942-09-20,1942,Roslaano,"35 Via Fodi, Roslaano",PR19,0,0
P:1885,1885,Locaa,Lacao,F,1949-03-28,1949,Fergalona,"35 Via Fodi, Roslaano",PR19,0,0
P:1886,1886,Danfoo,Monteruini,M,1982-02-23,1982,Ferrosona,"113 Via Fofer Vecchia, Ferrosona",PR04,1,0
P:1887,1887,Potea,Tebera,F,1989-06-18,1989,Monvalona,"113 Via Fofer Vecchia, Ferrosona",PR04,0,0
P:1888,1888,Fozoo,Monteruini,M,2011-05-02,2011,Ferrosona,"3 Via Galpas, Ferrosona",PR04,0,0
P:1889,1889,Mefoo,Gumarpoetti,M,1940-08-13,1940,Pasvalino,"107 Via Lalen Nuova, Pasvalino",PR34,0,0
P:1890,1890,Ferfera,Giofoini,F,1932-06-27,1932,Bateano,"91 Via Bergu Nuova, Nimarano",PR34,0,0
P:1891,1891,Lenruo,Gumarpoetti,M,1968-03-26,1968,Pasvalino,"107 Via Lalen Nuova, Pasvalino",PR34,0,0
P:1892,1892,Nibao,Tinbermona,M,1961-01-24,1961,Saruano,"158 Via Didi Nuova, Saruano",PR25,0,0
P:1893,1893,Pogua,Tinbermona,F,1954-04-14,1954,Danloino,"158 Via Didi Nuova, Saruano",PR25,0,0
P:1894,1894,Camara,Tinbermona,F,1989-09-17,1989,Cameano,"145 Via Cortin Vecchia, Saruano",PR25,0,0
P:1895,1895,Nifoo,Tinbermona,M,1995-07-12,1995,Saruano,"158 Via Didi Nuova, Saruano",PR25,0,0
P:1896,1896,Tinfera,Tinbermona,F,1985-07-19,1985,Nidiona,"9 Via Melen Nuova, Saruano",PR25,0,0
P:1897,1897,Pascao,Tinbermona,M,1971-01-03,1971,Correnona,"114 Via Valce, Tinguano",PR17,0,0
P:1898,1898,Galmona,Batinetti,F,1976-10-10,1976,Renteona,"69 Via Povi, Correnona",PR17,0,0
P:1899,1899,Galfoa,Tinbermona,F,1995-05-04,1995,Correnona,"43 Via Pomon Nuova, Zolenano",PR17,0,0
P:1900,1900,Marbero,Tinbermona,M,1960-11-21,1960,Gioruello,"138 Via Laca, Gioruello",PR46,0,0
P:1901,1901,Giodano,Renvalo,M,1944-10-24,1944,Berlenello,"84 Via Nifo, Berlenello",PR54,0,0
P:1902,1902,Lenpoo,Nirenini,M,1984-02-24,1984,Samarello,"119 Via Rulen, Samarello",PR21,1,0
P:1903,1903,Corsaa,Lenmeceo,F,1991-11-12,1991,Rosdanano,"119 Via Rulen, Samarello",PR21,0,0
P:1904,1904,Fozoo,Cagalo,M,1979-09-10,1979,Galdiino,"108 Via Zote Vecchia, Galdiino",PR51,0,0
P:1905,1905,Pogua,Tinbermona,F,1980-12-09,1980,Roslenano,"187 Via Ladi, Niguano",PR51,0,0
P:1906,1906,Giogala,Cagalo,F,2006-07-05,2006,Zodanano,"92 Via Cecor Vecchia, Galdiino",PR51,0,0
P:1907,1907,Corloo,Tinbermona,M,1955-09-22,1955,Zodanano,"55 Via Zote Vecchia, Zodanano",PR14,0,0
P:1908,1908,Ferloo,Tinbermona,M,1946-08-03,1946,Zotinano,"64 Via Melen Nuova, Zotinano",PR50,0,0
P:1909,1909,Tesao,Tinbermona,M,1979-03-02,1979,Paslaano,"84 Via Fofo, Paslaano",PR05,0,0
P:1910,1910,Danpaso,Monzoetti,M,1955-03-15,1955,Runiona,"157 Via Meber Nuova, Runiona",PR05,0,0
P:1911,1911,Giozoo,Fermaretti,M,1945-06-27,1945,Danloino,"163 Via Laca, Danloino",PR26,0,0
P:1912,1912,Lalao,Tinbermona,M,1970-09-14,1970,Pasmeello,"102 Via Baba Vecchia, Pasmeello",PR36,0,0
P:1913,1913,Ferfera,Memonbai,F,1964-08-04,1964,Gallaano,"102 Via Baba Vecchia, Pasmeello",PR36,0,0
P:1914,1914,Niteo,Tinbermona,M,1953-03-24,1953,Labaona,"12 Via Danval Vecchia, Labaona",PR46,0,0
P:1915,1915,Valdano,Tinbermona,M,1981-02-24,1981,Pomeona,"103 Via Cela Vecchia, Pomeona",PR31,0,0
P:1916,1916,Sarena,Tinbermona,F,1984-02-20,1984,Ferceello,"103 Via Cela Vecchia, Pomeona",PR31,0,0
P:1917,1917,Marbero,Tinbermona,M,2016-04-08,2016,Vigioano,"103 Via Cela Vecchia, Pomeona",PR31,0,0
P:1918,1918,Giolao,Vibadanini,M,1984-06-16,1984,Monteino,"69 Via Zoce Nuova, Monteino",PR08,0,0
P:1919,1919,Galgala,Vibadanini,F,1980-07-16,1980,Ferrosona,"69 Via Zoce Nuova, Monteino",PR08,0,0
P:1920,1920,Foreno,Vibadaoini,M,2015-09-10,2015,Monteino,"84 Via Valte, Monteino",PR08,0,0
P:1921,1921,Vibao,Nicateo,M,1944-12-08,1944,Pomeello,"115 Via Baba Vecchia, Pomeello",PR49,0,0
P:1922,1922,Passaa,Nicateo,F,1949-11-04,1949,Valcorano,"115 Via Baba Vecchia, Pomeello",PR49,0,0
P:1923,1923,Tinbao,Lovalgioini,M,1975-04-06,1975,Baferano,"194 Via Ceru Vecchia, Baferano",PR48,1,0
P:1924,1924,Giolao,Tinmonbero,M,1955-01-13,1955,Renrenino,"112 Via Rupo Nuova, Renrenino",PR16,0,0
P:1925,1925,Roscea,Tinbermona,F,1961-10-25,1961,Gioceino,"112 Via Rupo Nuova, Renrenino",PR16,0,0
P:1926,1926,Gallaa,Tinmonbero,F,1985-12-24,1985,Niguano,"32 Via Fertin Nuova, Renrenino",PR16,0,0
P:1927,1927,Ferloo,Gusai,M,1974-07-17,1974,Bergalello,"15 Via Marru Vecchia, Bergalello",PR44,0,0
P:1928,1928,Danmara,Gusai,F,1973-05-19,1973,Giomonano,"15 Via Marru Vecchia, Bergalello",PR44,0,0
P:1929,1929,Rusao,Giofoini,M,1955-04-04,1955,Paspoano,"123 Via Megal, Paspoano",PR33,0,0
P:1930,1930,Nimea,Giovalbaetsi,F,1959-03-03,1959,Meviona,"173 Via Paslen Nuova, Galgioello",PR33,0,0
P:1931,1931,Teroso,Lenmeceo,M,1957-12-08,1957,Zomarino,"22 Via Mefo Nuova, Zomarino",PR14,0,0
P:1932,1932,Gumara,Lenmeceo,F,1960-12-09,1960,Lasaino,"22 Via Mefo Nuova, Zomarino",PR14,0,0
P:1933,1933,Foreno,Lenmeceo,M,1982-07-02,1982,Zomarino,"33 Via Polo Nuova, Zomarino",PR14,0,0
P:1934,1934,Fobero,Monpasi,M,1956-11-16,1956,Sapasino,"75 Via Galba, Sapasino",PR11,0,0
P:1935,1935,Corloa,Monpasi,F,1960-07-16,1960,Roslenano,"75 Via Galba, Sapasino",PR11,0,0
P:1936,1936,Nifoo,Lenrenini,M,1957-11-27,1957,Salenello,"50 Via Roste, Salenello",PR52,0,0
P:1937,1937,Tinbera,Lenmeceo,F,1952-03-09,1952,Giocorano,"50 Via Roste, Salenello",PR52,0,0
P:1938,1938,Mebero,Lenrenini,M,1985-01-24,1985,Salenello,"50 Via Roste, Salenello",PR52,0,0
P:1939,1939,Saguo,Lenrenini,M,1986-01-25,1986,Salenello,"93 Via Bamon, Salenello",PR52,0,0
P:1940,1940,Difoa,Lenrenini,F,1992-03-07,1992,Salenello,"50 Via Roste, Salenello",PR52,0,0
P:1941,1941,Moncao,Monpasa,M,1958-12-19,1958,Viruino,"69 Via Nimon, Viruino",PR39,0,0
P:1942,1942,Fercoro,Marpomeini,M,1952-01-15,1952,Guberona,"145 Via Lalen Nuova, Guberona",PR50,0,0
P:1943,1943,Difoa,Tinsavala,F,1957-03-28,1957,Cazoino,"154 Via Cortin Vecchia, Caberano",PR50,0,0
P:1944,1944,Lomaro,Lovalgioini,M,1947-11-19,1947,Cedanino,"178 Via Cece Nuova, Cedanino",PR09,0,0
P:1945,1945,Ferroso,Rencea,M,1981-11-23,1981,Danloino,"146 Via Vimon, Danloino",PR26,0,0
P:1946,1946,Sabaa,Rencea,F,1984-05-14,1984,Zoberona,"146 Via Vimon, Danloino",PR26,0,0
P:1947,1947,Lenleno,Lenbai,M,1966-05-17,1966,Montinino,"192 Via Lolen Vecchia, Montinino",PR30,0,0
P:1948,1948,Moncaa,Lenmeceo,F,1968-03-16,1968,Dangioino,"192 Via Lolen Vecchia, Montinino",PR30,0,0
P:1949,1949,Safero,senbai,M,1997-08-24,1997,Montinino,"98 Via Bala Nuova, Montinino",PR30,0,0
P:1950,1950,Mefera,Lenbai,F,1995-10-08,1995,Nigioona,"100 Via Tingu Nuova, Montinino",PR30,0,0
P:1951,1951,Lengua,Lenbas,F,1998-08-05,1998,Berferello,"13 Via Danber, Montinino",PR30,0,0
P:1952,1952,Lenpoo,Giogaletti,M,1960-07-08,1960,Dicorino,"11 Via Cace Nuova, Dicorino",PR22,0,0
P:1953,1953,Banio,Caruo,M,1957-09-24,1957,Bagalello,"147 Via Pasber Nuova, Fobaona",PR25,0,0
P:1954,1954,Niteo,Cevalo,M,1981-03-28,1981,Laruino,"8 Via Fotin Vecchia, Lenfoano",PR13,0,0
P:1955,1955,Pozoo,Tinbermona,M,1984-03-25,1984,Tinloona,"132 Via Berfer, Laruino",PR13,0,0
P:1956,1956,Galnia,Cevalo,F,2016-09-09,2016,Dangioino,"132 Via Berfer, Laruino",PR13,0,0
P:1957,1957,Nicaa,Cevalo,F,2008-03-11,2008,Laruino,"150 Via Lani Nuova, Valpoino",PR13,0,0
P:1958,1958,Foguo,Lenmeceo,M,1957-09-20,1957,Renteona,"142 Via Berba Nuova, Renteona",PR04,0,0
P:1959,1959,Marlena,Tegunietti,F,1955-04-19,1955,Gioceino,"142 Via Berba Nuova, Renteona",PR04,0,0
P:1960,1960,Niloa,Lenmeceo,F,1989-03-12,1989,Cazoino,"150 Via Gume Vecchia, Tinrosino",PR04,0,0
P:1961,1961,Gupoo,Lenmeceo,M,1991-08-14,1991,Renteona,"142 Via Berba Nuova, Renteona",PR04,0,0
P:1962,1962,Cabao,Bertino,M,1971-08-11,1971,Marvalona,"129 Via Berzo Nuova, Marvalona",PR55,0,0
P:1963,1963,Dirosa,Tinbermona,F,1978-08-15,1978,Giomeino,"180 Via Tingu Nuova, Bavalano",PR55,0,0
P:1964,1964,Corloo,Lenmeceo,M,1949-09-25,1949,Sadanano,"62 Via Monzo Vecchia, Sadanano",PR31,0,0
P:1965,1965,Lomea,Lenmeceo,F,1944-09-20,1944,Fobaona,"62 Via Monzo Vecchia, Sadanano",PR31,0,0
P:1966,1966,Nicaa,Lenmeceo,F,1978-04-15,1978,Cefoello,"150 Via Laval, Meguello",PR31,0,0
P:1967,1967,Ruvala,Lenmeceo,F,1973-03-01,1973,Pasmeello,"62 Via Monzo Vecchia, Sadanano",PR31,0,0
P:1968,1968,Lenzoo,Giofoini,M,1971-03-06,1971,Fotinino,"17 Via Valdan Vecchia, Fotinino",PR15,0,0
P:1969,1969,Lendana,Pasgiotina,F,1978-04-25,1978,Cemeello,"17 Via Valdan Vecchia, Fotinino",PR15,0,0
P:1970,1970,Danpaso,Lorosa,M,1948-03-28,1948,Zomarino,"53 Via Corfo Vecchia, Zomarino",PR14,0,0
P:1971,1971,Moncaa,Lorosa,F,1952-04-18,1952,Rencorona,"195 Via Valmon Nuova, Renteona",PR14,0,0
P:1972,1972,Lonia,Lorosa,F,1982-07-02,1982,Zomarino,"53 Via Corfo Vecchia, Zomarino",PR14,0,0
P:1973,1973,Renbero,Zogalmeini,M,1946-03-28,1946,Bacorello,"23 Via Renpo Vecchia, Bacorello",PR10,0,0
P:1974,1974,Vitino,Tinbermona,M,1965-08-03,1965,Bervalino,"82 Via Dance Vecchia, Bervalino",PR45,0,0
P:1975,1975,Corcoro,Tinbermona,M,1969-10-21,1969,Pasloano,"82 Via Dance Vecchia, Bervalino",PR45,0,0
P:1976,1976,Nibera,Tinbermona,F,1990-07-13,1990,Bervalino,"171 Via Valpo Nuova, Bervalino",PR45,0,0
P:1977,1977,Dansaa,Tinbermona,F,1989-10-14,1989,Giocorano,"94 Via Capas Vecchia, Bervalino",PR45,0,0
P:1978,1978,Berfero,Corceetti,M,1979-09-07,1979,Pasvalino,"198 Via Ruca Vecchia, Pasvalino",PR34,0,0
P:1979,1979,Ferfera,Lenguetti,F,1971-02-08,1971,Marrenona,"190 Via Lani, Marlaano",PR34,0,0
P:1980,1980,Danruo,Lenmeceo,M,1956-01-14,1956,Bervalino,"110 Via Danme Nuova, Bervalino",PR45,0,0
P:1981,1981,Cadio,Cordigioini,M,1968-02-24,1968,Sapasino,"3 Via Valmon Nuova, Sapasino",PR37,0,0
P:1982,1982,Renbero,Monpasi,M,1963-12-13,1963,Diviano,"29 Via Memon Vecchia, Diviano",PR14,0,0
P:1983,1983,Folena,Danloo,F,1965-04-03,1965,Bamarano,"79 Via Ceru Vecchia, Polenona",PR14,0,0
P:1984,1984,Sania,Monpasi,F,1987-04-22,1987,Diviano,"52 Via Vipas Vecchia, Diviano",PR14,0,0
P:1985,1985,Lendio,Tinbermona,M,1973-12-25,1973,Baferano,"66 Via Zote Vecchia, Baferano",PR48,0,0
P:1986,1986,Gumara,Zocaloa,F,1966-01-12,1966,Badiano,"66 Via Zote Vecchia, Baferano",PR48,0,0
P:1987,1987,Niloa,Tinbermona,F,1998-10-19,1998,Lopoino,"66 Via Zote Vecchia, Baferano",PR48,0,0
P:1988,1988,Batino,Badilaetti,M,1957-07-07,1957,Giotinano,"143 Via Valren Nuova, Giotinano",PR49,0,0
P:1989,1989,Cabao,Saruzoetti,M,1970-01-03,1970,Poloano,"121 Via Vilo Vecchia, Poloano",PR17,0,0
P:1990,1990,Calaa,Ruzoini,F,1971-01-14,1971,Paslenona,"121 Via Vilo Vecchia, Poloano",PR17,0,0
P:1991,1991,Bergalo,Saruzoetti,M,1998-06-10,1998,Poloano,"184 Via Mefo Nuova, Poloano",PR17,1,0
P:1992,1992,Cabero,Zotinzoini,M,1940-10-21,1940,Bervalino,"55 Via Berfer Vecchia, Bervalino",PR45,0,0
P:1993,1993,Nimea,Virupoi,F,1941-10-04,1941,Lenpasello,"196 Via Tetin Vecchia, Cazoino",PR45,0,0
P:1994,1994,Galfoa,Zotinzoini,F,1965-05-08,1965,Gucorello,"112 Via Galtin, Bervalino",PR45,0,0
P:1995,1995,Valleno,Cagioo,M,1979-02-04,1979,Ruguano,"18 Via Bervi Vecchia, Ruguano",PR07,0,0
P:1996,1996,Bertino,Tinbermona,M,1982-11-08,1982,Tinviano,"195 Via Danba Nuova, Tinviano",PR47,0,0
P:1997,1997,Sapasa,Tinbermona,F,1990-09-20,1990,Guberona,"195 Via Danba Nuova, Tinviano",PR47,0,0
P:1998,1998,Moncaa,Tinbermona,F,2009-12-17,2009,Berpoino,"195 Via Danba Nuova, Tinviano",PR47,0,0
P:1999,1999,Poteo,Tinbermona,M,2016-07-18,2016,Tinviano,"72 Via Cecor Vecchia, Tinviano",PR47,0,0
P:2000,2000,Vitina,Tinbermona,F,2010-03-04,2010,Tinviano,"195 Via Danba Nuova, Tinviano",PR47,0,0
P:2001,2001,Mefoo,Meceetti,M,1976-10-04,1976,Correnona,"188 Via Baren, Correnona",PR17,0,0
P:2002,2002,Rencoro,Zstinzoini,M,1976-07-17,1976,Marvalello,"16 Via Rulen, Marvalello",PR07,0,0
P:2003,2003,Mardano,Nicateo,M,1961-12-15,1961,Tinrenino,"94 Via Gudan, Tinrenino",PR52,0,0
P:2004,2004,Lonia,Nicateo,F,1967-10-16,1967,Pasberino,"94 Via Gudan, Tinrenino",PR52,0,0
P:2005,2005,Rufoo,Rucaetti,M,1960-09-03,1960,Meguello,"177 Via Cece Nuova, Fermeino",PR16,0,0
P:2006,2006,Foguo,Pomonleno,M,1981-03-24,1981,Dancaona,"64 Via Ferlo Vecchia, Memonano",PR32,0,0
P:2007,2007,Lalaa,Galcedana,F,1989-06-18,1989,Vigioano,"22 Via Monla Vecchia, Dancaona",PR32,0,0
P:2008,2008,Porosa,Pomonleno,F,2005-07-20,2005,Dancaona,"183 Via Zogu Vecchia, Dancaona",PR32,0,0
P:2009,2009,Bervalo,Pomonleno,M,2007-06-02,2007,Dancaona,"102 Via Capas Nuova, Dancaona",PR32,0,0
P:2010,2010,Zolao,Lenguetti,M,1968-07-08,1968,Bergalello,"145 Via Nivi Vecchia, Bergalello",PR44,0,0
P:2011,2011,Celena,Monpasi,F,1966-03-03,1966,Vallenello,"40 Via Cormon Nuova, Ruguano",PR44,0,0
P:2012,2012,Lavala,Lenguetti,F,1995-01-08,1995,Bergalello,"90 Via Rupas Nuova, Bergalello",PR44,0,0
P:2013,2013,Marlena,Lenguetti,F,2003-02-13,2003,Bergalello,"145 Via Nivi Vecchia, Bergalello",PR44,0,0
P:2014,2014,Rencoro,Lenmeceo,M,1978-03-10,1978,Tinrenino,"175 Via Dandan Nuova, Tinrenino",PR52,0,0
P:2015,2015,Mebero,Lenmeceo,M,1943-02-26,1943,Berniino,"27 Via Viba Vecchia, Berniino",PR59,0,1
P:2016,2016,Locao,Bazoo,M,1951-12-05,1951,Dangioino,"61 Via Giopo Nuova, Dangioino",PR53,0,0
P:2017,2017,Menia,Batinetti,F,1959-04-13,1959,Renteona,"61 Via Giopo Nuova, Dangioino",PR53,0,0
P:2018,2018,Dirosa,Bazoo,F,1981-12-24,1981,Dangioino,"197 Via Paslen Nuova, Dangioino",PR53,0,0
P:2019,2019,Vidano,Bazoo,M,1981-10-24,1981,Tinrosona,"41 Via Caru Vecchia, Dangioino",PR53,1,0
P:2020,2020,Rosfoo,Monloi,M,1962-11-23,1962,Vallenello,"184 Via Valdan, Vallenello",PR40,0,0
P:2021,2021,Danfoo,Tinbermona,M,1973-05-12,1973,Poloano,"8 Via Rentin Vecchia, Poloano",PR17,0,0
P:2022,2022,Foguo,Pasgiotina,M,1958-12-18,1958,Berpasello,"31 Via Viba Vecchia, Berpasello",PR04,0,0
P:2023,2023,Marmea,Pasgiotina,F,1959-11-11,1959,Roslaano,"31 Via Viba Vecchia, Berpasello",PR04,0,0
P:2024,2024,Bercora,Pasgiotina,F,1989-03-14,1989,Poviello,"31 Via Viba Vecchia, Berpasello",PR04,0,0
P:2025,2025,Guloa,Pasgiotina,F,1982-07-11,1982,Berpasello,"193 Via Potin, Berpasello",PR04,0,0
P:2026,2026,Fobero,Pasgiotina,M,1987-05-25,1987,Berpasello,"39 Via Valdan Vecchia, Berpasello",PR04,0,0
P:2027,2027,Saguo,Monmecoro,M,1964-12-12,1964,Pasgioello,"83 Via Potin Nuova, Pasgioello",PR10,0,0
P:2028,2028,Rosfoo,Ferforuetti,M,1966-10-20,1966,Vallenello,"45 Via Mefo Nuova, Marpasano",PR21,0,0
P:2029,2029,Calaa,Nimonsaa,F,1962-03-06,1962,Zogalino,"119 Via Tela, Vallenello",PR21,0,0
P:2030,2030,Gumara,Ferforuetti,F,1994-05-07,1994,Vallenello,"45 Via Margal Nuova, Vallenello",PR21,0,0
P:2031,2031,Popasa,Ferforuetti,F,1998-04-12,1998,Nigioona,"119 Via Tela, Vallenello",PR21,0,0
P:2032,2032,Giozoo,Danbaini,M,1984-12-09,1984,Ferdiino,"180 Via Giopo Nuova, Ferdiino",PR42,0,0
P:2033,2033,Gutina,Danbaini,F,1983-07-09,1983,Valviano,"180 Via Giopo Nuova, Ferdiino",PR42,0,0
P:2034,2034,Corloo,Dirosmara,M,1954-08-26,1954,Galviano,"61 Via Renpo Vecchia, Galviano",PR31,0,0
P:2035,2035,Tinbao,Lozoetti,M,1981-12-04,1981,Corniano,"120 Via Polen, Corniano",PR47,0,0
P:2036,2036,Lenlao,Tinbermona,M,1967-09-08,1967,Pogioona,"106 Via Guvi Nuova, Pogioona",PR01,0,0
P:2037,2037,Zoloa,Tinbermona,F,1966-01-02,1966,Lofoino,"106 Via Guvi Nuova, Pogioona",PR01,0,0
P:2038,2038,Poteo,Tinbermona,M,1995-07-01,1995,Lagioino,"106 Via Guvi Nuova, Pogioona",PR01,0,0
P:2039,2039,Berceo,Tinbermona,M,1997-08-20,1997,Pogioona,"106 Via Guvi Nuova, Pogioona",PR01,0,0
P:2040,2040,Mebero,Corvietti,M,1953-01-19,1953,Giogalello,"134 Via Baba Vecchia, Giogalello",PR45,0,0
P:2041,2041,Corlena,Renvalo,F,1960-04-25,1960,Tinsaona,"134 Via Baba Vecchia, Giogalello",PR45,1,0
P:2042,2042,Danruo,Runivio,M,1949-03-06,1949,Terosello,"61 Via Zocor Vecchia, Labaona",PR12,0,0
P:2043,2043,Pogua,Tinbermona,F,1953-05-04,1953,Ferrosona,"138 Via Zolo Vecchia, Terosello",PR12,0,0
P:2044,2044,Zoceo,Ruvivio,M,1974-09-26,1974,Terosello,"128 Via Ferpas Nuova, Terosello",PR12,0,0
P:2045,2045,Nimea,Ruvivio,F,1976-11-28,1976,Terosello,"138 Via Zolo Vecchia, Terosello",PR12,0,0
P:2046,2046,Saguo,Tinbermona,M,1966-11-28,1966,Gupasano,"20 Via Gudi Vecchia, Sadanano",PR12,0,0
P:2047,2047,Sateo,Celateetti,M,1972-04-23,1972,Rosferona,"41 Via Mefo Nuova, Gupasano",PR12,0,0
P:2048,2048,Rensaa,Tinbermona,F,1991-03-16,1991,Gupasano,"32 Via Rume, Gupasano",PR12,0,0
P:2049,2049,Cesaa,Tinbermona,F,1990-12-26,1990,Gupasano,"2 Via Came, Gupasano",PR12,0,0
P:2050,2050,Corcoro,Fogalcora,M,1978-11-10,1978,Monteino,"96 Via Danber, Monteino",PR08,0,0
P:2051,2051,Tincea,Marbacorini,F,1985-09-24,1985,Montinino,"113 Via Melen Nuova, Saguino",PR08,0,0
P:2052,2052,Saloa,Fogalcora,F,2002-09-11,2002,Monteino,"96 Via Danber, Monteino",PR08,0,0
P:2053,2053,Lodana,Fogalcora,F,2008-03-11,2008,Monteino,"145 Via Zoce Nuova, Monteino",PR08,0,0
P:2054,2054,Lenzoo,Tinsavala,M,1940-11-28,1940,Galbaano,"155 Via Galtin, Galbaano",PR52,0,0
P:2055,2055,Danpaso,Lovalgioini,M,1936-05-22,1936,Moncorino,"155 Via Galtin, Galbaano",PR52,0,0
P:2056,2056,Pastino,Lenmeceo,M,1958-10-22,1958,Corlenano,"29 Via Roslo Vecchia, Corlenano",PR46,0,0
P:2057,2057,Nibao,Lovalgioini,M,1982-11-17,1982,Monpasino,"45 Via Tinlen Vecchia, Vallenello",PR00,0,0
P:2058,2058,Mefera,Lovalgioini,F,1984-03-21,1984,Valviona,"167 Via Lapas, Monpasino",PR00,0,0
P:2059,2059,Guteo,Giofoini,M,1945-02-24,1945,Fozoello,"138 Via Margal Nuova, Fozoello",PR32,0,0
P:2060,2060,Danpaso,Ferlaloo,M,1942-06-26,1942,Lenloona,"42 Via Nifo, Lenloona",PR36,0,0
P:2061,2061,Lenloa,Roslena,F,1937-09-23,1937,Loniona,"42 Via Nifo, Lenloona",PR36,0,0
P:2062,2062,Poceo,Tinbermona,M,1984-07-13,1984,Galdanano,"109 Via Rumon Nuova, Galdanano",PR01,0,0
P:2063,2063,Ferrosa,Monpasi,F,1983-10-23,1983,Galdiino,"109 Via Rumon Nuova, Galdanano",PR01,0,0
P:2064,2064,Tinnio,Tinbermona,M,2008-11-10,2008,Galdanano,"109 Via Rumon Nuova, Galdanano",PR01,0,0
P:2065,2065,Nifoo,Direno,M,1968-12-02,1968,Rencorona,"144 Via Renmar Vecchia, Rencorona",PR28,0,0
P:2066,2066,Sapasa,Cornii,F,1969-12-02,1969,Nidiano,"144 Via Renmar Vecchia, Rencorona",PR28,0,0
P:2067,2067,Rudio,Direno,M,2002-01-14,2002,Galmeano,"144 Via Renmar Vecchia, Rencorona",PR28,0,0
P:2068,2068,Vimea,Direno,F,1999-09-24,1999,Rencorona,"161 Via Late Vecchia, Rencorona",PR28,0,0
P:2069,2069,Zoreno,Berleno,M,1947-09-25,1947,Mesaino,"15 Via Cemon Nuova, Mesaino",PR08,0,0
P:2070,2070,Cabera,Berleno,F,1949-11-14,1949,Runiona,"125 Via Gioru Vecchia, Corlenano",PR08,0,0
P:2071,2071,Poteo,Zofera,M,1974-04-06,1974,Monteino,"144 Via Cetin, Monteino",PR08,0,0
P:2072,2072,Fovia,Tinbermona,F,1969-07-18,1969,Nizoello,"144 Via Cetin, Monteino",PR08,0,0
P:2073,2073,Cadio,Renfoceini,M,1970-01-19,1970,Lopoino,"152 Via Cortin Vecchia, Lopoino",PR08,0,0
P:2074,2074,Zocao,Cagioo,M,1979-07-16,1979,Galniona,"50 Via Berfer, Galniona",PR00,0,0
P:2075,2075,Tincora,Cagioo,F,1981-03-06,1981,Samarello,"50 Via Berfer, Galniona",PR00,0,0
P:2076,2076,Cafero,Nicateo,M,1955-06-07,1955,Vigioano,"199 Via Ruber Nuova, Vigioano",PR36,0,0
P:2077,2077,Mondana,Badilaetti,F,1958-06-10,1958,Saguello,"199 Via Ruber Nuova, Vigioano",PR36,0,0
P:2078,2078,Tincea,Nicateo,F,1989-02-11,1989,Vigioano,"199 Via Ruber Nuova, Vigioano",PR36,0,0
P:2079,2079,Monmono,Lenmeceo,M,1951-04-23,1951,Lenloona,"116 Via Teca Nuova, Lenloona",PR36,0,0
P:2080,2080,Bercaa,Lengiosai,F,1947-08-05,1947,Dimeano,"116 Via Teca Nuova, Lenloona",PR36,0,0
P:2081,2081,Rusao,Tinbermona,M,1948-03-10,1948,Galteino,"58 Via Nizo Nuova, Galteino",PR29,0,0
P:2082,2082,Tincora,Tinbermona,F,1948-03-10,1948,Galcorino,"58 Via Nizo Nuova, Galteino",PR29,0,0
P:2083,2083,Niteo,Tinbermona,M,1973-03-10,1973,Ferfoino,"167 Via Ferte, Galteino",PR29,0,0
P:2084,2084,Focoro,Lovalgioini,M,1973-04-07,1973,Giopoona,"165 Via Corni, Galrenello",PR19,0,0
P:2085,2085,Marlena,Cameo,F,1970-01-28,1970,Cemarona,"190 Via Rosgio Vecchia, Giopoona",PR19,0,0
P:2086,2086,Cabao,Valberfero,M,1974-09-14,1974,Ferceello,"23 Via Zogu Vecchia, Ferceello",PR27,0,0
P:2087,2087,Bersao,Moncorleni,M,1943-06-07,1943,Valcorano,"174 Via Corce Vecchia, Valcorano",PR43,0,0
P:2088,2088,Lengua,Cagioo,F,1937-03-12,1937,Bagalello,"67 Via Fotin Vecchia, Gupasona",PR43,0,0
P:2089,2089,Valvio,Tinnavala,M,1980-05-21,1980,Tinsaona,"53 Via Zoba Nuova, Tinsaona",PR10,0,0
P:2090,2090,Pogala,Galcedana,F,1982-06-23,1982,Nigioona,"190 Via Sagu Nuova, Roslenano",PR10,0,0
P:2091,2091,Niteo,Tinsavala,M,2012-05-08,2012,Tinsaona,"53 Via Zoba Nuova, Tinsaona",PR10,0,0
P:2092,2092,Giodano,Tinsavala,M,2009-04-02,2009,Tinsaona,"53 Via Zoba Nuova, Tinsaona",PR10,0,0
P:2093,2093,Cabao,Zevalguetti,M,1984-10-13,1984,Meviona,"93 Via Sasa Vecchia, Meviona",PR05,0,0
P:2094,2094,Guteo,Tincarosi,M,1983-09-03,1983,Saguino,"38 Via Ferpo Vecchia, Saguino",PR15,0,0
P:2095,2095,Meteo,Gioloo,M,1965-06-21,1965,Rencorona,"185 Via Polo Nuova, Rencorona",PR28,0,0
P:2096,2096,Bacaa,Sateferi,F,1958-02-15,1958,Giofoano,"185 Via Polo Nuova, Rencorona",PR28,0,0
P:2097,2097,Sateo,Gioloo,M,2000-11-03,2000,Rencorona,"185 Via Polo Nuova, Rencorona",PR28,0,0
P:2098,2098,Renvio,Tinbermona,M,1975-02-27,1975,Capasello,"104 Via Guni, Capasello",PR27,0,0
P:2099,2099,Rufoo,Sabaetti,M,1975-07-13,1975,Galteino,"162 Via Lenfo Nuova, Galteino",PR29,0,0
P:2100,2100,Niloa,Giofoini,F,1967-01-14,1967,Vallenello,"162 Via Lenfo Nuova, Galteino",PR29,0,0
P:2101,2101,Zolao,Batinetti,M,1965-02-07,1965,Lenloona,"137 Via Lendan Vecchia, Lenloona",PR36,0,0
P:2102,2102,Caleno,Tinsavala,M,1940-01-15,1940,Cazoino,"187 Via Corce Vecchia, Cazoino",PR56,0,0
P:2103,2103,Corloa,Nivipoi,F,1942-05-02,1942,Berniino,"104 Via Tegu, Giocorano",PR56,0,0
P:2104,2104,Danruo,Lozoetti,M,1945-11-22,1945,Ferceello,"133 Via Foros Nuova, Ferceello",PR27,0,0
P:2105,2105,Gumaro,Sacereno,M,1965-04-08,1965,Marvalona,"7 Via Zolo Vecchia, Marvalona",PR55,0,0
P:2106,2106,Lenruo,Pocoro,M,1960-01-04,1960,Saruano,"184 Via Vallen, Saruano",PR13,0,0
P:2107,2107,Guzoa,Pocoro,F,1959-09-05,1959,Bervalino,"148 Via Zoru Vecchia, Berniano",PR13,0,0
P:2108,2108,Zofera,Pocoro,F,1986-12-15,1986,Giogalello,"76 Via Tingio, Saruano",PR13,1,0
P:2109,2109,Ferfera,Pocoro,F,1987-10-08,1987,Cedanano,"184 Via Vallen, Saruano",PR13,0,0
P:2110,2110,Berceo,Monpasi,M,1961-02-28,1961,Gucorello,"85 Via Valgu, Gucorello",PR33,0,0
P:2111,2111,Giolena,Tinbermona,F,1954-07-08,1954,Vipasano,"85 Via Valgu, Gucorello",PR33,0,0
P:2112,2112,Bagalo,Monpasi,M,1993-03-26,1993,Gucorello,"154 Via Rendan Vecchia, Gucorello",PR33,0,0
P:2113,2113,Renvala,Monpasi,F,1988-03-12,1988,Renteona,"37 Via Vizo Nuova, Gucorello",PR33,0,0
P:2114,2114,Roscao,Galloi,M,1952-10-07,1952,Tinrenino,"30 Via Galtin, Tinrenino",PR52,0,0
P:2115,2115,Sapasa,Galloi,F,1951-09-03,1951,Giofoano,"30 Via Galtin, Tinrenino",PR52,0,0
P:2116,2116,Bapasa,Galloi,F,1976-11-28,1976,Tinrenino,"30 Via Galtin, Tinrenino",PR52,0,0
P:2117,2117,Balaa,Galloi,F,1983-04-11,1983,Tinrenino,"2 Via Caren Vecchia, Tinrenino",PR52,0,0
P:2118,2118,Zoceo,Galloi,M,1981-11-23,1981,Tinrenino,"30 Via Galtin, Tinrenino",PR52,0,0
P:2119,2119,Lalao,Giofoini,M,1975-03-12,1975,Guruano,"45 Via Danme Nuova, Guruano",PR48,0,0
P:2120,2120,Pozoo,Tinsavala,M,1979-04-03,1979,Lenrosano,"78 Via Cepo Nuova, Lenrosano",PR24,0,1
P:2121,2121,Corsaa,Tinbermona,F,1982-07-09,1982,Mardanano,"78 Via Cepo Nuova, Lenrosano",PR24,0,0
P:2122,2122,Sateo,Tinsavala,M,2007-08-12,2007,Lenrosano,"78 Via Cepo Nuova, Lenrosano",PR24,0,0
P:2123,2123,Lendio,Tinbermona,M,1961-12-18,1961,Bateano,"28 Via Corce Vecchia, Bateano",PR00,0,0
P:2124,2124,Sapoa,Giolenreni,F,1956-12-26,1956,Renmonino,"28 Via Corce Vecchia, Bateano",PR00,0,0
P:2125,2125,Cetino,Tinbermona,M,1994-03-25,1994,Bateano,"28 Via Corce Vecchia, Bateano",PR00,0,0
P:2126,2126,Danrena,Tinbermona,F,1994-08-24,1994,Valviona,"8 Via Berfer, Bateano",PR00,0,0
P:2127,2127,Dansaa,Tinbermona,F,1992-04-23,1992,Galbaano,"28 Via Corce Vecchia, Bateano",PR00,0,0
P:2128,2128,Zoteo,Lenmeceo,M,1955-06-13,1955,Cedanino,"185 Via Ferpo Vecchia, Cedanino",PR09,0,0
P:2129,2129,Valmaro,Monpasi,M,1968-09-07,1968,Pasmeello,"97 Via Diru, Pasmeello",PR36,0,0
P:2130,2130,Giorena,Zocaloa,F,1972-07-20,1972,Valpasino,"97 Via Diru, Pasmeello",PR36,0,0
P:2131,2131,Mebero,Ferzoini,M,1974-06-19,1974,Zolenano,"69 Via Medan, Zolenano",PR03,0,0
P:2132,2132,Tincora,Lenvia,F,1975-05-20,1975,Cetinona,"10 Via Berfer, Memonano",PR03,0,0
P:2133,2133,Guteo,Ferzoini,M,1999-03-01,1999,Camarano,"93 Via Tinba, Zolenano",PR03,0,0
P:2134,2134,Marbero,Ferzoini,M,2001-11-03,2001,Rentinano,"198 Via Baca Vecchia, Zolenano",PR03,0,0
P:2135,2135,Loreno,Lenguetti,M,1958-11-22,1958,Marmonano,"125 Via Meni Nuova, Cecorino",PR09,0,0
P:2136,2136,Cesaa,Caferrosa,F,1955-02-08,1955,Gallaano,"127 Via Dila Nuova, Marmonano",PR09,0,0
P:2137,2137,Moncao,Tegioa,M,1984-04-07,1984,Cemeello,"106 Via Rosfer Nuova, Cemeello",PR10,0,0
P:2138,2138,Teroso,Lenmrceo,M,1991-03-22,1991,Valviano,"106 Via Rosfer Nuova, Cemeello",PR10,0,0
P:2139,2139,Cabero,Giofoini,M,1952-02-20,1952,Cazoino,"127 Via Loru Nuova, Cazoino",PR57,0,0
P:2140,2140,Gionio,Tinbermona,M,1972-11-18,1972,Pomeino,"99 Via Fotin Nuova, Pomeino",PR57,0,0
P:2141,2141,Renvio,Tinsavala,M,1977-11-08,1977,Balenino,"99 Via Fotin Nuova, Pomeino",PR57,0,0
P:2142,2142,Monvio,Tinbermona,M,2000-08-17,2000,Ferfoino,"175 Via Rume, Pomeino",PR57,0,0
P:2143,2143,Zoceo,Rendio,M,1971-06-15,1971,Rosdanano,"86 Via Gioros Nuova, Rosdanano",PR33,0,0
P:2144,2144,Lofero,Monpasi,M,1949-06-17,1949,Rosniello,"123 Via Pofo Vecchia, Rosniello",PR14,0,0
P:2145,2145,Lomea,Gudio,F,1954-02-10,1954,Berruona,"123 Via Pofo Vecchia, Rosniello",PR14,0,1
P:2146,2146,Gionio,Lenmeceo,M,1950-09-12,1950,Niguano,"44 Via Tinfo Vecchia, Niguano",PR06,0,0
P:2147,2147,Fozoo,Giofoini,M,1975-04-15,1975,Valruello,"4 Via Giosa Vecchia, Valruello",PR17,0,0
P:2148,2148,Marbero,Monpasi,M,1982-10-03,1982,Zodanano,"147 Via Lagio Vecchia, Zodanano",PR14,0,0
P:2149,2149,Bercora,Lenmeceo,F,1983-03-25,1983,Fogioona,"147 Via Lagio Vecchia, Zodanano",PR14,0,0
P:2150,2150,Foreno,Giofoini,M,1972-08-04,1972,Baferano,"122 Via Lalen Nuova, Baferano",PR48,0,0
P:2151,2151,Gupoo,Lenmeceo,M,1941-02-16,1941,Lenrosano,"191 Via Zoca Nuova, Lenrosano",PR24,0,0
P:2152,2152,Valgala,Tinmea,F,1941-02-15,1941,Corlenano,"181 Via Poni, Vifoello",PR24,0,0
P:2153,2153,Zoreno,Lovalgioini,M,1976-02-15,1976,Fodiello,"100 Via Valval Vecchia, Fodiello",PR34,0,0
P:2154,2154,Fonio,Tinbermona,M,1945-03-04,1945,Tesaello,"34 Via Galba, Tesaello",PR54,0,0
P:2155,2155,Zoloa,Ceteetti,F,1944-09-09,1944,Samarello,"34 Via Galba, Tesaello",PR54,0,0
P:2156,2156,Larua,Tinbermona,F,1970-05-21,1970,Marfoano,"34 Via Galba, Tesaello",PR54,0,0
P:2157,2157,Ditino,Tinsavala,M,1970-06-07,1970,Poniano,"9 Via Monfo Vecchia, Poniano",PR49,0,0
P:2158,2158,Dirosa,Viroso,F,1974-11-08,1974,Poruello,"9 Via Monfo Vecchia, Poniano",PR49,0,0
P:2159,2159,Banio,Nimarini,M,1971-08-08,1971,Moncorino,"60 Via Dini Vecchia, Vifoello",PR37,0,0
P:2160,2160,Correna,Monlogioetti,F,1970-01-16,1970,Pomeona,"81 Via Niba, Bamarano",PR37,0,0
P:2161,2161,Giodano,Nimarini,M,2001-04-04,2001,Moncorino,"100 Via Mefo Nuova, Moncorino",PR37,0,0
P:2162,2162,Fofoo,Lacacaa,M,1979-09-01,1979,Bagioano,"185 Via Lolen Nuova, Bagioano",PR26,0,0
P:2163,2163,Gallaa,Lacacaa,F,1985-03-18,1985,Nimonino,"39 Via Galren, Berniano",PR26,0,0
P:2164,2164,Pascoro,Monpasi,M,1956-02-27,1956,Pasdanona,"172 Via Didi Nuova, Pasdanona",PR33,0,0
P:2165,2165,Danruo,Giocatinetti,M,1941-01-24,1941,Correnano,"17 Via Berfer, Correnano",PR40,0,0
P:2166,2166,Valsao,Tinbarmona,M,1981-10-14,1981,Marguino,"21 Via Galpo Vecchia, Marguino",PR42,0,0
P:2167,2167,Pasgalo,Tinbermona,M,1942-05-22,1942,Nicaona,"170 Via Sapo Vecchia, Nicaona",PR53,0,0
P:2168,2168,Giogala,Lovala,F,1937-10-26,1937,Niguano,"170 Via Sapo Vecchia, Nicaona",PR53,0,0
P:2169,2169,Viceo,Nicateo,M,1954-10-24,1954,Poviello,"87 Via Medi Vecchia, Poviello",PR19,0,0
P:2170,2170,Danrena,Nicateo,F,1958-08-27,1958,Tetinano,"87 Via Medi Vecchia, Poviello",PR19,0,0
P:2171,2171,Pascoro,Giomaretti,M,1974-06-23,1974,Ruguano,"187 Via Rosce Vecchia, Ruguano",PR07,0,0
P:2172,2172,Cabao,Zocaloa,M,1980-05-08,1980,Galmeano,"89 Via Loren Nuova, Galmeano",PR29,0,0
P:2173,2173,Nibao,Lenmeceo,M,1980-07-13,1980,Lopoino,"179 Via Rupo Nuova, Lopoino",PR08,0,0
P:2174,2174,Gupasa,Lensapasa,F,1974-06-02,1974,Moncorino,"179 Via Rupo Nuova, Lopoino",PR08,0,0
P:2175,2175,Pozoo,Lenmeceo,M,2015-02-03,2015,Lopoino,"179 Via Rupo Nuova, Lopoino",PR08,0,0
P:2176,2176,Fobero,Lenmeceo,M,2010-04-22,2010,Giocorano,"179 Via Rupo Nuova, Lopoino",PR08,0,0
P:2177,2177,Zoceo,Tinbermona,M,1953-07-06,1953,Samarello,"192 Via Fofer Vecchia, Samarello",PR21,0,0
P:2178,2178,Visao,Focezoi,M,1955-07-16,1955,Monvalona,"138 Via Guba Nuova, Monvalona",PR52,0,0
P:2179,2179,Gionio,Tinbermona,M,1970-07-20,1970,Bagioano,"174 Via Polo Nuova, Bagioano",PR20,0,0
P:2180,2180,Danfoo,Danvia,M,1973-04-22,1973,Marrenona,"128 Via Tinval, Marrenona",PR43,0,0
P:2181,2181,Dirosa,Giofoini,F,1971-10-10,1971,Foceano,"194 Via Lani Nuova, Berniano",PR43,0,0
P:2182,2182,Zolao,Danvia,M,2008-02-21,2008,Marrenona,"173 Via Ferba, Lomonona",PR43,0,0
P:2183,2183,Giofoo,Tintavala,M,1983-12-21,1983,Valviona,"88 Via Cece Nuova, Valviona",PR02,0,0
P:2184,2184,Galsao,Giocatinetti,M,1943-05-12,1943,Guvalano,"59 Via Pasca Vecchia, Guvalano",PR22,0,0
P:2185,2185,Moncao,Pogalo,M,1981-12-22,1981,Dangioino,"190 Via Monlen Vecchia, Dangioino",PR53,0,0
P:2186,2186,Mondana,Monbero,F,1988-01-26,1988,Montinino,"9 Via Zoca Nuova, Monvalona",PR53,0,0
P:2187,2187,Nibao,Pogalo,M,2014-08-07,2014,Dangioino,"142 Via Telen, Dangioino",PR53,0,0
P:2188,2188,Nifoa,Pogalo,F,2014-08-06,2014,Galdiino,"190 Via Monlen Vecchia, Dangioino",PR53,0,0
P:2189,2189,Zoceo,Pogalo,M,2012-03-03,2012,Dangioino,"190 Via Monlen Vecchia, Dangioino",PR53,0,0
P:2190,2190,Lomaro,Rencoretti,M,1983-11-28,1983,Ferberano,"112 Via Danber, Ferberano",PR00,0,0
P:2191,2191,Corsaa,Rencoretti,F,1980-02-20,1980,Poniino,"112 Via Danber, Ferberano",PR00,0,0
P:2192,2192,Valmaro,Rencoretti,M,2016-07-14,2016,Ferberano,"151 Via Galgal Nuova, Ferberano",PR00,0,0
P:2193,2193,Gumara,Rencoretti,F,2016-10-19,2016,Ferberano,"112 Via Danber, Ferberano",PR00,0,0
P:2194,2194,Loreno,Zotinzoini,M,1982-07-27,1982,Giocorello,"59 Via Zoru Vecchia, Giocorello",PR06,0,0
P:2195,2195,Giorena,Lovalgioini,F,1982-05-09,1982,Galniona,"59 Via Zoru Vecchia, Giocorello",PR06,0,0
P:2196,2196,Fercoro,Zotinzoini,M,2017-10-05,2017,Giocorello,"59 Via Zoru Vecchia, Giocorello",PR06,0,0
P:2197,2197,Bavia,Zotinzoini,F,2015-09-09,2015,Giocorello,"114 Via Cavi Vecchia, Giocorello",PR06,1,0
P:2198,2198,Safero,Valpoo,M,1956-07-27,1956,Danzoano,"108 Via Bafo Vecchia, Danzoano",PR35,0,0
P:2199,2199,Pobaa,Tinbermona,F,1956-12-12,1956,Giopoona,"108 Via Bafo Vecchia, Danzoano",PR35,0,0
P:2200,2200,Rosmaro,Valpoo,M,1982-11-04,1982,Danzoano,"108 Via Bafo Vecchia, Danzoano",PR35,0,0
P:2201,2201,Fercoro,Valpoo,M,1982-10-14,1982,Danzoano,"27 Via Bame, Danzoano",PR35,0,0
P:2202,2202,Banio,Galrenreni,M,1954-08-16,1954,Danloino,"84 Via Valba Nuova, Danloino",PR26,0,0
P:2203,2203,Ferrosa,Galreoreni,F,1950-01-22,1950,Lofoino,"195 Via Zolo Vecchia, Valberona",PR26,0,0
P:2204,2204,Dirosa,Galrenreni,F,1979-02-19,1979,Danloino,"77 Via Meni Vecchia, Danloino",PR26,0,0
P:2205,2205,Galvio,Galrenreni,M,1978-02-24,1978,Lagioino,"141 Via Sani Nuova, Danloino",PR26,0,0
P:2206,2206,Potea,Galrenreni,F,1981-01-06,1981,Berlenello,"22 Via Danfo Nuova, Danloino",PR26,0,0
P:2207,2207,Rencoro,Corceetti,M,1979-06-07,1979,Roslenano,"55 Via Loren Nuova, Roslenano",PR30,0,0
P:2208,2208,Poceo,Rucaetti,M,1967-01-08,1967,Rosrosano,"191 Via Valpas Nuova, Rosrosano",PR22,0,0
P:2209,2209,Larua,aiofoini,F,1971-05-21,1971,Lagalino,"191 Via Valpas Nuova, Rosrosano",PR22,0,0
P:2210,2210,Tesao,eatinetti,M,1976-06-09,1976,Cefoello,"87 Via Corber, Cefoello",PR41,0,0
P:2211,2211,Locaa,Dicai,F,1972-07-14,1972,Valcorano,"166 Via Nilo Nuova, Berruona",PR41,0,0
P:2212,2212,Tindio,Focezoi,M,1952-02-10,1952,Gallaano,"143 Via Tindan Vecchia, Gallaano",PR58,0,0
P:2213,2213,Danvia,Monpasi,F,1950-06-09,1950,Cormarano,"143 Via Tindan Vecchia, Gallaano",PR58,0,0
P:2214,2214,Berfero,Tinbermona,M,1963-04-28,1963,Fozoello,"155 Via Corba Vecchia, Fozoello",PR32,0,0
P:2215,2215,Giogala,Tinbermona,F,1961-08-04,1961,Ferdiino,"155 Via Corba Vecchia, Fozoello",PR32,0,0
P:2216,2216,Zocao,Cereno,M,1971-01-10,1971,Pasgioello,"160 Via Valpo Nuova, Pasgioello",PR10,0,1
P:2217,2217,Monmono,Gumarpoetti,M,1953-10-27,1953,Ferceello,"198 Via Roslo Vecchia, Ferceello",PR27,0,0
P:2218,2218,Niroso,Valceloo,M,1944-12-26,1944,Galbaano,"191 Via Loni Vecchia, Galbaano",PR52,0,0
P:2219,2219,Bagalo,Cagioo,M,1945-01-20,1945,Rosdanano,"63 Via Tegu, Cegalino",PR52,0,0
P:2220,2220,Gubaa,Valceloo,F,1969-04-28,1969,Galbaano,"191 Via Loni Vecchia, Galbaano",PR52,0,0
P:2221,2221,Marleno,Tinbermona,M,1950-03-15,1950,Roslaano,"108 Via Came Vecchia, Roslaano",PR19,0,0
P:2222,2222,Vitina,Pasterui,F,1956-03-22,1956,Rentinano,"108 Via Came Vecchia, Roslaano",PR19,0,0
P:2223,2223,Monsao,Memonloetti,M,1953-10-19,1953,Diviino,"108 Via Temar Vecchia, Diviino",PR19,0,0
P:2224,2224,Visao,Giofoini,M,1960-02-09,1960,Lapasino,"11 Via Corce Vecchia, Lapasino",PR22,0,0
P:2225,2225,Nibao,Tinbermona,M,1983-03-27,1983,Saguino,"86 Via Dancor Vecchia, Saguino",PR15,0,0
P:2226,2226,Lenvalo,Lenguetti,M,1954-04-17,1954,Bergalello,"193 Via Loni Vecchia, Bergalello",PR44,0,0
P:2227,2227,Lenlao,Lenmeceo,M,1949-01-07,1949,Fomarano,"173 Via Lengio Vecchia, Fomarano",PR34,0,0
P:2228,2228,Tinfero,Tinbermona,M,1948-10-07,1948,Dangioino,"167 Via Rugio Nuova, Dangioino",PR53,0,0
P:2229,2229,Zopoa,Monpasi,F,1954-01-15,1954,Bamarano,"167 Via Rugio Nuova, Dangioino",PR53,0,0
P:2230,2230,Rubao,Tinbermona,M,1979-07-24,1979,Dangioino,"167 Via Rugio Nuova, Dangioino",PR53,0,0
P:2231,2231,Roscao,Tinbermona,M,1977-03-06,1977,Dangioino,"167 Via Rugio Nuova, Dangioino",PR53,0,0
P:2232,2232,Monvio,Monzoetti,M,1966-01-20,1966,Balenino,"150 Via Giogio Nuova, Balenino",PR48,0,0
P:2233,2233,Dansaa,Pocoro,F,1958-03-21,1958,Lopoino,"150 Via Giogio Nuova, Balenino",PR48,0,0
P:2234,2234,Danpaso,Badilaetti,M,1956-09-22,1956,Rosrenello,"81 Via Safo Vecchia, Rosrenello",PR12,0,0
P:2235,2235,Calaa,Lozoetti,F,1949-01-27,1949,Lolaello,"81 Via Safo Vecchia, Rosrenello",PR12,0,0
P:2236,2236,Bermara,Badilaetti,F,1989-01-08,1989,Rosrenello,"152 Via Renvi Nuova, Renmarona",PR12,0,0
P:2237,2237,Lofero,Badilaetti,M,1989-12-06,1989,Rosrenello,"81 Via Safo Vecchia, Rosrenello",PR12,0,0
P:2238,2238,Ferfera,Badilaetti,F,1983-01-23,1983,Rosrenello,"43 Via Pasvi Vecchia, Cortinona",PR12,1,0
P:2239,2239,Danpaso,Monmecoro,M,1949-01-05,1949,Paspoano,"126 Via Rudi, Paspoano",PR33,0,0
P:2240,2240,Difero,Corcorcni,M,1950-05-09,1950,Galniona,"21 Via Vica Vecchia, Niguano",PR33,0,0
P:2241,2241,Cesaa,Monmeioro,F,1979-03-16,1979,Galcorino,"7 Via Cortin Vecchia, Paspoano",PR33,0,0
P:2242,2242,Rosfoo,Lozoetti,M,1957-02-22,1957,Bermonona,"27 Via Ruca Vecchia, Bermonona",PR15,0,0
P:2243,2243,Valvio,Lenmeceo,M,1984-07-19,1984,Bergalello,"107 Via Bavi Vecchia, Bergalello",PR44,0,0
P:2244,2244,Lodana,Loroso,F,1979-05-12,1979,Niloona,"107 Via Bavi Vecchia, Bergalello",PR44,0,0
P:2245,2245,Corpasa,Lenmeceo,F,2019-03-19,2019,Bergalello,"105 Via Tindan Vecchia, Bergalello",PR44,0,0
P:2246,2246,Viceo,Gusai,M,1974-01-09,1974,Corcaona,"121 Via Berzo Nuova, Corcaona",PR03,0,0
P:2247,2247,Cadana,Monpasi,F,1982-04-15,1982,Teferello,"27 Via Paslen Nuova, Giomonano",PR03,0,0
P:2248,2248,Cabera,Gusai,F,2003-09-12,2003,Pasvalino,"121 Via Tegu, Valloona",PR03,0,0
P:2249,2249,Giozoo,Lencarosini,M,1981-03-13,1981,Ruguano,"64 Via Mepo Nuova, Ruguano",PR07,0,0
P:2250,2250,Monsao,Teniini,M,1962-10-10,1962,Bavalano,"78 Via Guni, Bavalano",PR38,0,0
P:2251,2251,Camara,Teniini,F,1962-03-03,1962,Dancaona,"78 Via Guni, Bavalano",PR38,0,0
P:2252,2252,Potea,Teniini,F,1997-09-15,1997,Bavalano,"139 Via Danru Nuova, Bavalano",PR38,0,0
P:2253,2253,Lacoro,Monpasi,M,1979-04-05,1979,Lenrosano,"5 Via Zoba Nuova, Lenrosano",PR24,0,0
P:2254,2254,Dirosa,Lotinpoi,F,1980-07-08,1980,Diceello,"5 Via Zoba Nuova, Lenrosano",PR24,0,0
P:2255,2255,Lalao,Renruo,M,1943-10-14,1943,Lapasino,"7 Via Guce Nuova, Lapasino",PR22,0,0
P:2256,2256,Difero,Cormei,M,1941-04-03,1941,Zoberona,"150 Via Cace Nuova, Zoberona",PR32,0,0
P:2257,2257,Teroso,Gioferini,M,1977-12-04,1977,Nidiona,"42 Via Nilo, Nidiona",PR31,0,0
P:2258,2258,Danpaso,Corpoleno,M,1982-06-23,1982,Monvalona,"115 Via Danpo Nuova, Monvalona",PR52,0,0
P:2259,2259,Lenvalo,Zocaloa,M,1941-12-10,1941,Teberello,"180 Via Zoba Nuova, Teberello",PR21,0,0
P:2260,2260,Sania,Lenmeceo,F,1942-01-21,1942,Corzoano,"180 Via Zoba Nuova, Teberello",PR21,0,0
P:2261,2261,Lenruo,Danpasetti,M,1976-01-04,1976,Saguino,"123 Via Ruber Nuova, Pomeona",PR15,0,0
P:2262,2262,Lalaa,Giofoini,F,1982-03-02,1982,Bermonona,"137 Via Corgal, Saguino",PR15,0,0
P:2263,2263,Monteo,Danpasetti,M,2001-11-01,2001,Monceino,"137 Via Corgal, Saguino",PR15,0,0
P:2264,2264,Valmaro,Lenrena,M,1948-09-03,1948,Valberona,"166 Via Marlo, Valberona",PR02,0,0
P:2265,2265,Pobaa,Lenmeceo,F,1954-07-19,1954,Zotinino,"166 Via Marlo, Valberona",PR02,0,0
P:2266,2266,Berfero,Monmecoro,M,1980-01-03,1980,Cetinona,"120 Via Rusa, Cetinona",PR17,0,0
P:2267,2267,Correna,Monmecoro,F,1986-02-21,1986,Pasguona,"105 Via Valgu, Guvalino",PR17,0,0
P:2268,2268,Danvio,Monmecoro,M,2013-03-28,2013,Cetinona,"120 Via Rusa, Cetinona",PR17,0,0
P:2269,2269,Pastino,Rosrenpoi,M,1977-09-17,1977,Ferceello,"114 Via Tinval, Ferceello",PR27,0,0
P:2270,2270,Foloa,Fotinfoo,F,1984-04-23,1984,Berferello,"114 Via Tinval, Ferceello",PR27,0,0
P:2271,2271,Vitina,Rosrenpoi,F,2009-10-24,2009,Ferceello,"120 Via Pasfer Nuova, Ferceello",PR27,0,0
P:2272,2272,Gucao,Lovalgioini,M,1963-04-07,1963,Cameano,"177 Via Marpas Nuova, Cameano",PR04,0,0
P:2273,2273,Fomaro,Monreno,M,1942-10-08,1942,Zoberona,"168 Via Vigio, Zoberona",PR32,0,1
P:2274,2274,Corlena,Pocoro,F,1941-09-01,1941,Loruello,"168 Via Vigio, Zoberona",PR32,0,0
P:2275,2275,Guloo,Dizogali,M,1960-11-12,1960,Cameano,"98 Via Podi, Cameano",PR04,1,0
P:2276,2276,Pogala,Dizogali,F,1954-08-21,1954,Dimeano,"124 Via Laval, Dicorino",PR04,0,0
P:2277,2277,Bacaa,Dizogali,F,1991-10-09,1991,Valpasino,"98 Via Podi, Cameano",PR04,0,0
P:2278,2278,Mebao,Dizogali,M,1988-05-19,1988,Cameano,"76 Via Valte, Cameano",PR04,0,0
P:2279,2279,Mebao,Cetinsaetti,M,1956-01-18,1956,Monpasino,"152 Via Rugio Vecchia, Monpasino",PR00,0,0
P:2280,2280,Lendio,Bacoro,M,1961-11-06,1961,Cemeello,"21 Via Nimon, Cemeello",PR10,0,0
P:2281,2281,Larua,Tinbermona,F,1969-11-14,1969,Polenona,"21 Via Nimon, Cemeello",PR10,0,0
P:2282,2282,Bagala,Bacoro,F,1989-12-19,1989,Meguello,"21 Via Nimon, Cemeello",PR10,0,0
P:2283,2283,Rengalo,Tinbermona,M,1962-01-18,1962,Badiano,"23 Via Bergu Nuova, Badiano",PR57,0,0
P:2284,2284,Menia,Monlogioetti,F,1964-05-03,1964,Valberona,"23 Via Bergu Nuova, Badiano",PR57,0,0
P:2285,2285,Nireno,Lenmeceo,M,1941-05-22,1941,Galruello,"50 Via Late Vecchia, Galruello",PR26,0,0
P:2286,2286,Nifoa,Lencarosini,F,1947-07-14,1947,Fodiello,"173 Via Tela Nuova, Polenona",PR26,0,0
P:2287,2287,Lenruo,Lenmeceo,M,1976-08-16,1976,Galruello,"50 Via Late Vecchia, Galruello",PR26,0,0
P:2288,2288,Locao,Rosrenpoi,M,1941-09-05,1941,Tinsaona,"92 Via Came Vecchia, Tinsaona",PR10,0,0
P:2289,2289,Marlena,Zotinzoini,F,1945-11-03,1945,Nizoello,"92 Via Came Vecchia, Tinsaona",PR10,0,0
P:2290,2290,Roscao,Lovala,M,1946-07-19,1946,Polenona,"168 Via Danba Nuova, Gallaano",PR28,0,0
P:2291,2291,Podia,Ruzorui,F,1944-01-24,1944,Bergalano,"159 Via Tinni Nuova, Nivalona",PR28,0,0
P:2292,2292,Lagioa,Lovala,F,1978-04-16,1978,Fotinino,"43 Via Giovi Vecchia, Valrenello",PR28,0,0
P:2293,2293,Zocao,Monpasi,M,1968-01-18,1968,Giotinano,"171 Via Tinni Nuova, Giotinano",PR49,0,0
P:2294,2294,Locao,Valloetti,M,1959-02-18,1959,Terosello,"149 Via Lapas, Zoberona",PR12,0,0
P:2295,2295,Zocao,Ladani,M,1940-08-19,1940,Mardanano,"118 Via Saros Nuova, Mardanano",PR15,0,0
P:2296,2296,Sabaa,Rumara,F,1945-05-13,1945,Bagalello,"118 Via Saros Nuova, Mardanano",PR15,0,0
P:2297,2297,Cafero,Menietti,M,1962-08-04,1962,Fobaona,"137 Via Dilo Nuova, Fobaona",PR51,0,0
P:2298,2298,Sameo,Pocoro,M,1979-03-23,1979,Pasbaello,"44 Via Teme Vecchia, Pasbaello",PR50,0,0
P:2299,2299,Monleno,Lenmeceo,M,1964-02-19,1964,Valloona,"29 Via Zote Vecchia, Valloona",PR25,0,0
P:2300,2300,Foreno,Tinleni,M,1970-11-26,1970,Fodiello,"194 Via Rendan Vecchia, Rosferona",PR34,0,0
P:2301,2301,Vibao,Tinberoona,M,1966-02-21,1966,Foceano,"68 Via Tinca Nuova, Fodiello",PR34,0,0
P:2302,2302,Giozoo,Monpasi,M,1973-12-18,1973,Cemeello,"70 Via Valval Vecchia, Cemeello",PR10,0,0
P:2303,2303,Gionio,Tinbermona,M,1955-06-25,1955,Galbaano,"56 Via Rume, Galbaano",PR52,0,0
P:2304,2304,Cepaso,Gumarpoetti,M,1953-02-18,1953,Cemarona,"28 Via Danfer Nuova, Cemarona",PR49,0,0
P:2305,2305,Dirosa,Nocateo,F,1946-02-13,1946,Teberello,"28 Via Danfer Nuova, Cemarona",PR49,0,0
P:2306,2306,Marloo,Galgalo,M,1959-10-13,1959,Saguino,"108 Via Meni Vecchia, Saguino",PR15,0,0
P:2307,2307,Rucora,Monpasi,F,1967-05-21,1967,Teberello,"108 Via Meni Vecchia, Saguino",PR15,0,0
P:2308,2308,Cabera,Galgalo,F,1989-02-17,1989,Saguino,"75 Via Late Vecchia, Saguino",PR15,0,0
P:2309,2309,Banio,Lenmeceo,M,1959-08-06,1959,Diviino,"110 Via Nilo Vecchia, Cameano",PR19,0,0
P:2310,2310,Cania,Lovala,F,1963-03-17,1963,Fomarano,"59 Via Galvi, Diviino",PR19,0,0
P:2311,2311,Lomaro,Giofoini,M,1966-07-14,1966,Dancaona,"21 Via Ferber Nuova, Dancaona",PR32,0,0
P:2312,2312,Sabaa,Gumarpoetti,F,1971-04-25,1971,Dipoello,"95 Via Fosa Vecchia, Rensaino",PR32,0,0
P:2313,2313,Bagalo,Monlogioetti,M,1950-05-01,1950,Melaona,"94 Via Memon Vecchia, Melaona",PR01,0,0
P:2314,2314,Cafero,Bagioo,M,1955-10-08,1955,Corteino,"166 Via Saru Vecchia, Corteino",PR35,0,0
P:2315,2315,Popasa,Tinmonbero,F,1953-09-16,1953,Galcorino,"46 Via Fersa Nuova, Diceello",PR35,0,0
P:2316,2316,Porosa,Bagioo,F,1980-08-20,1980,Zoberona,"166 Via Saru Vecchia, Corteino",PR35,0,0
P:2317,2317,Zoteo,Tinbermona,M,1973-05-14,1973,Berferello,"149 Via Medan, Berferello",PR12,0,0
P:2318,2318,Zomea,Runaetti,F,1971-03-22,1971,Vipasano,"149 Via Medan, Berferello",PR12,0,0
P:2319,2319,Lendio,Tinbermona,M,2005-05-26,2005,Berferello,"163 Via Bermar Nuova, Berferello",PR12,0,0
P:2320,2320,Renvio,Giorosmea,M,1975-08-09,1975,Rosferona,"134 Via Mecor, Rosferona",PR54,0,0
P:2321,2321,Sapasa,Sanii,F,1972-05-21,1972,Ferrosona,"134 Via Mecor, Rosferona",PR54,0,0
P:2322,2322,Berceo,Fercori,M,1967-03-14,1967,Badiano,"26 Via Ferros Nuova, Badiano",PR57,0,0
P:2323,2323,Lalaa,Tinbermona,F,1961-07-25,1961,Salenello,"26 Via Ferros Nuova, Badiano",PR57,0,0
P:2324,2324,Camona,Fercori,F,1997-06-13,1997,Badiano,"166 Via Danber, Badiano",PR57,0,0
P:2325,2325,Nifoo,Pocoro,M,1941-03-28,1941,Dipoello,"107 Via Fofo Vecchia, Dipoello",PR20,0,0
P:2326,2326,Renvala,Pocoro,F,1949-02-01,1949,Galniona,"107 Via Fofo Vecchia, Dipoello",PR20,0,0
P:2327,2327,Niloa,Pocoro,F,1971-02-04,1971,Dipoello,"107 Via Fofo Vecchia, Dipoello",PR20,0,0
P:2328,2328,Gucao,Pocoro,M,1973-07-20,1973,Valloona,"157 Via Cela Vecchia, Loguino",PR20,0,0
P:2329,2329,Lenvalo,Monlogioetti,M,1978-12-11,1978,Baferano,"72 Via Zopas Nuova, Baferano",PR48,0,0
P:2330,2330,Tinfero,Giofoini,M,1956-03-08,1956,Tinzoello,"191 Via Vizo Nuova, Tinzoello",PR56,0,0
P:2331,2331,Monzoa,Tinbermona,F,1955-02-25,1955,Meviona,"112 Via Poru Vecchia, Lagioino",PR56,0,0
P:2332,2332,Cadio,Tinbermona,M,1962-01-17,1962,Pomeino,"30 Via Tesa Vecchia, Pomeino",PR57,0,0
P:2333,2333,Bagala,Loroso,F,1966-08-22,1966,Pomeello,"30 Via Tesa Vecchia, Pomeino",PR57,0,0
P:2334,2334,Renpasa,Tinbermona,F,1997-12-03,1997,Tinguano,"195 Via Poca, Pomeino",PR57,0,0
P:2335,2335,Cepaso,Tinbermona,M,1987-09-26,1987,Fogioona,"104 Via Danme, Pomeino",PR57,0,0
P:2336,2336,Corloo,Tinbeomona,M,1997-02-28,1997,Giopoona,"110 Via Pofo Vecchia, Pomeino",PR57,0,0
P:2337,2337,Poceo,Tinbermona,M,1983-09-26,1983,Teferello,"147 Via Niros Vecchia, Teferello",PR35,0,0
P:2338,2338,Lenvalo,Cenietei,M,1980-12-19,1980,Fergalona,"47 Via Tinpo, Fergalona",PR40,1,0
P:2339,2339,Zoloa,Porosrosi,F,1986-07-01,1986,Rospasano,"47 Via Tinpo, Fergalona",PR40,0,0
P:2340,2340,Danfoo,Monferdana,M,1947-09-06,1947,Runiona,"4 Via Marlo, Runiona",PR05,0,0
P:2341,2341,Gumara,Monpasi,F,1944-05-22,1944,Zogalino,"186 Via Niber Vecchia, Saruano",PR05,0,0
P:2342,2342,Zoreno,Ferlaloo,M,1984-08-28,1984,Berlaona,"198 Via Berfer, Berlaona",PR02,0,0
P:2343,2343,Nibera,Sacereno,F,1987-12-19,1987,Rensaino,"39 Via Lani Nuova, Paslenona",PR02,0,0
P:2344,2344,Nifoo,Ferlaloo,M,2018-01-17,2018,Gioruello,"80 Via Bagio Nuova, Berlaona",PR02,0,0
P:2345,2345,Pastino,Ferlaloo,M,2019-10-25,2019,Corteino,"148 Via Marpas Nuova, Berlaona",PR02,0,0
P:2346,2346,Menia,Ferlaloo,F,2017-07-18,2017,Berlaona,"159 Via Telo Vecchia, Berlaona",PR02,0,0
P:2347,2347,Corcoro,Renteetti,M,1974-04-25,1974,Cegalino,"26 Via Zoru Vecchia, Cegalino",PR14,0,0
P:2348,2348,Rufoo,Batinetti,M,1952-10-25,1952,Cegalino,"166 Via Zoba Nuova, Cegalino",PR14,0,0
P:2349,2349,Camara,Lenmeceo,F,1957-12-01,1957,Runiona,"166 Via Zoba Nuova, Cegalino",PR14,0,0
P:2350,2350,Zoceo,Corcemaro,M,1974-09-18,1974,Dancaona,"25 Via Vimon, Dancaona",PR32,0,0
P:2351,2351,Poteo,Memonloetti,M,1946-01-24,1946,Renlenano,"93 Via Tinca Nuova, Renlenano",PR04,0,0
P:2352,2352,Sateo,Tinbermona,M,1977-10-05,1977,Zolenano,"142 Via Pomon Nuova, Zolenano",PR03,0,0
P:2353,2353,Pobaa,Tinbermona,F,1972-08-04,1972,Montinino,"142 Via Pomon Nuova, Zolenano",PR03,0,0
P:2354,2354,Ferfoa,Tinbermona,F,2012-03-25,2012,Zolenano,"113 Via Lagal, Zolenano",PR03,0,0
P:2355,2355,Renvio,Lenmeceo,M,1952-09-03,1952,Gulaello,"188 Via Diru, Gulaello",PR16,0,0
P:2356,2356,Galfera,Lenmeceo,F,1960-10-21,1960,Rosferona,"193 Via Gupo Vecchia, Valberino",PR16,0,0
P:2357,2357,Sameo,Tinbermona,M,1948-06-20,1948,Fomarano,"186 Via Ceru Vecchia, Fomarano",PR34,0,0
P:2358,2358,Lalao,Tinbermona,M,1971-09-12,1971,Valceano,"11 Via Lani Nuova, Valceano",PR20,0,0
P:2359,2359,Moncaa,Tinbermona,F,1964-02-20,1964,Cedanino,"11 Via Lani Nuova, Valceano",PR20,0,0
P:2360,2360,Fonio,Cagioo,M,1941-11-15,1941,Vigioano,"146 Via Lome, Vigioano",PR36,0,0
P:2361,2361,Ferfera,Cagioo,F,1942-09-15,1942,Gutinona,"146 Via Lome, Vigioano",PR36,0,0
P:2362,2362,Gupoo,Giofoini,M,1944-10-05,1944,Nivalona,"95 Via Poros Vecchia, Nivalona",PR07,0,0
P:2363,2363,Renvala,Monpasi,F,1951-06-05,1951,Digalello,"95 Via Poros Vecchia, Nivalona",PR07,0,0
P:2364,2364,Cafero,Giofoini,M,1971-07-26,1971,Nivalona,"135 Via Loru Nuova, Nivalona",PR07,0,0
P:2365,2365,Banio,Giofoini,M,1969-03-25,1969,Nivalona,"95 Via Poros Vecchia, Nivalona",PR07,0,0
P:2366,2366,Ditino,Monpasi,M,1960-10-20,1960,Saloino,"81 Via Didi Nuova, Saloino",PR29,0,0
P:2367,2367,Celena,Tevirosini,F,1956-10-26,1956,Gioruello,"81 Via Didi Nuova, Saloino",PR29,0,0
P:2368,2368,Lenruo,Monpasi,M,1986-06-07,1986,Saloino,"59 Via Telen, Saloino",PR29,0,0
P:2369,2369,Pozoa,Monpasi,F,1990-12-26,1990,Saloino,"81 Via Didi Nuova, Saloino",PR29,0,0
P:2370,2370,Tinbao,Monpasi,M,1987-02-25,1987,Pasbaello,"81 Via Didi Nuova, Saloino",PR29,0,0
P:2371,2371,Sameo,Tinbermona,M,1945-09-14,1945,Lenloino,"1 Via Berfer, Lenloino",PR25,0,0
P:2372,2372,Correna,Tinbermona,F,1943-08-07,1943,Rosrenello,"1 Via Berfer, Lenloino",PR25,0,0
P:2373,2373,Mebao,Rudiini,M,1962-05-24,1962,Poviello,"194 Via Zober Nuova, Poviello",PR19,0,0
P:2374,2374,Lodana,Lenmeceo,F,1969-11-03,1969,Moncorino,"194 Via Zober Nuova, Poviello",PR19,0,0
P:2375,2375,Roscao,Rudiini,M,1986-02-09,1986,Poviello,"194 Via Zober Nuova, Poviello",PR19,0,0
P:2376,2376,Rufoo,Cagioo,M,1955-08-06,1955,Correnano,"21 Via Dicor Vecchia, Correnano",PR40,0,0
P:2377,2377,Dirosa,Tinbermona,F,1953-04-02,1953,Correnano,"21 Via Dicor Vecchia, Correnano",PR40,0,0
P:2378,2378,Giozoo,Giolenreni,M,1963-03-18,1963,Marrenona,"71 Via Giote Nuova, Polenona",PR43,0,0
P:2379,2379,Pomona,Lozoetti,F,1963-03-09,1963,Lenfoano,"160 Via Tinlen Vecchia, Bervalino",PR43,0,0
P:2380,2380,Galsao,Giolenreni,M,1990-09-07,1990,Teceino,"84 Via Giopo Nuova, Marrenona",PR43,0,0
P:2381,2381,Giodano,Tinbermona,M,1983-03-08,1983,Lotinino,"102 Via Galte, Lotinino",PR58,0,0
P:2382,2382,Lenleno,Vicoretti,M,1978-09-25,1978,Gucorello,"99 Via Valgu, Capasello",PR33,0,0
P:2383,2383,Celena,Gutepasetti,F,1986-05-20,1986,Corlenano,"71 Via Berni, Gucorello",PR33,0,0
P:2384,2384,Calaa,Vicoretti,F,2011-09-16,2011,Galteino,"71 Via Berni, Gucorello",PR33,0,0
P:2385,2385,Cafero,oagioo,M,1964-06-10,1964,Bacorino,"69 Via Nifo, Bacorino",PR12,0,0
P:2386,2386,Monleno,Nimarini,M,1972-03-10,1972,Gioferino,"77 Via Cormon Vecchia, Gioferino",PR10,0,1
P:2387,2387,Runia,Zocaloa,F,1974-06-24,1974,Roslenano,"77 Via Cormon Vecchia, Gioferino",PR10,1,0
P:2388,2388,Vimaro,Nimarini,M,1999-11-15,1999,Capasello,"16 Via Rosmon, Gioferino",PR10,0,0
P:2389,2389,Mardano,Tinbermona,M,1969-09-15,1969,Lopoino,"168 Via Tince Nuova, Corloano",PR08,0,0
P:2390,2390,Tinrua,Renberini,F,1963-04-03,1963,Zogalino,"162 Via Meber Nuova, Lopoino",PR08,0,0
P:2391,2391,Direno,Zocaloa,M,1966-03-17,1966,Galdiino,"30 Via Rosdan Nuova, Galdiino",PR51,0,0
P:2392,2392,Balaa,Lenrosdani,F,1972-12-06,1972,Paspoano,"30 Via Rosdan Nuova, Galdiino",PR51,0,0
P:2393,2393,Gionio,Zocalsa,M,2000-02-25,2000,Galdiino,"139 Via Galgio Nuova, Galdiino",PR51,0,0
P:2394,2394,Monleno,Lenmeceo,M,1975-03-04,1975,Lapasino,"164 Via Polen, Lapasino",PR22,0,0
P:2395,2395,Saloa,Gufoini,F,1972-08-01,1972,Giomonano,"164 Via Polen, Lapasino",PR22,0,0
P:2396,2396,Corpasa,Lenmeceo,F,2004-07-05,2004,Galdiino,"6 Via Lenfo Nuova, Lapasino",PR22,0,0
P:2397,2397,Monleno,Corniini,M,1966-03-09,1966,Galteino,"75 Via Rosmar Nuova, Galteino",PR29,0,0
P:2398,2398,Nibao,Corpoleno,M,1972-11-22,1972,Bacorino,"12 Via Berte Nuova, Bacorino",PR12,0,0
P:2399,2399,Renvala,Corpoleno,F,1967-09-18,1967,Rosmonano,"12 Via Berte Nuova, Bacorino",PR12,0,0
P:2400,2400,Popasa,Corpoleno,F,2000-09-03,2000,Bervalino,"126 Via Danme, Nizoello",PR12,0,0
P:2401,2401,Fercoro,Corpoleno,M,2003-06-11,2003,Bacorino,"35 Via Medan Vecchia, Bacorino",PR12,0,0
P:2402,2402,Galpoa,Corpileno,F,2006-08-02,2006,Valcorano,"12 Via Berte Nuova, Bacorino",PR12,0,0
P:2403,2403,Banio,Valvio,M,1946-10-23,1946,Tetinello,"71 Via Bame Vecchia, Tetinello",PR19,0,0
P:2404,2404,Giotea,Tinbermona,F,1945-01-25,1945,Bermonona,"71 Via Bame Vecchia, Tetinello",PR19,0,0
P:2405,2405,Bervalo,Focezoi,M,1982-02-07,1982,Moncorino,"120 Via Sazo Nuova, Moncorino",PR37,0,0
P:2406,2406,Nimea,Pasgioetti,F,1974-02-25,1974,Rosferona,"120 Via Sazo Nuova, Moncorino",PR37,0,0
P:2407,2407,Corloo,Focezoi,M,2007-07-17,2007,Tinrosona,"119 Via Vivi Vecchia, Moncorino",PR37,0,0
P:2408,2408,Valmaro,Focezoi,M,2007-12-09,2007,Moncorino,"110 Via Cace Nuova, Moncorino",PR37,0,0
P:2409,2409,Zoceo,Tinsavala,M,1949-11-01,1949,Valvalello,"34 Via Vica Vecchia, Ferdiino",PR56,0,0
P:2410,2410,Nimea,Tinbermona,F,1945-02-13,1945,Lotinino,"30 Via Monba Vecchia, Valvalello",PR56,0,0
P:2411,2411,Lodana,Tinsavala,F,1974-01-10,1974,Gucorello,"30 Via Mepas Nuova, Valvalello",PR56,0,0
P:2412,2412,Loreno,Tinsavala,M,1981-08-11,1981,Valvalello,"30 Via Monba Vecchia, Valvalello",PR56,0,0
P:2413,2413,Niteo,Tinsavala,M,1978-08-09,1978,Valvalello,"105 Via Danpo Nuova, Valvalello",PR56,0,0
P:2414,2414,Cafero,Monpasi,M,1955-08-13,1955,Renrenino,"86 Via Tepas Nuova, Renrenino",PR16,1,0
P:2415,2415,Lenlao,Babero,M,1966-05-04,1966,Marrenona,"156 Via Guni Vecchia, Marrenona",PR45,0,0
P:2416,2416,Safero,Tinsavala,M,1955-02-27,1955,Loguino,"147 Via Monfo Vecchia, Loguino",PR06,0,0
P:2417,2417,Monsao,Calarena,M,1958-07-07,1958,Salenello,"72 Via Guzo, Salenello",PR52,0,0
P:2418,2418,Cabao,Polena,M,1955-03-13,1955,Bervalino,"20 Via Sagu Vecchia, Bervalino",PR25,1,0
P:2419,2419,Lozoa,Polena,F,1956-10-12,1956,Marpasano,"20 Via Sagu Vecchia, Bervalino",PR25,0,0
P:2420,2420,Lendio,Pasmonini,M,1954-03-18,1954,Bacorello,"30 Via Memar Nuova, Bacorello",PR10,0,0
P:2421,2421,Zopoa,Pasmonini,F,1957-01-14,1957,Nilenona,"30 Via Memar Nuova, Bacorello",PR10,0,0
P:2422,2422,Cabao,Pasmonini,M,1986-02-14,1986,Bacorello,"30 Via Memar Nuova, Bacorello",PR10,0,0
P:2423,2423,Teroso,Tinbermona,M,1951-07-21,1951,Diviino,"193 Via Bagio Nuova, Diviino",PR19,0,0
P:2424,2424,Cania,Tinbermona,F,1950-06-18,1950,Marfoano,"193 Via Bagio Nuova, Diviino",PR19,0,0
P:2425,2425,Fercoro,Tinbermona,M,1978-07-17,1978,Mesaino,"64 Via Berni, Giomeino",PR08,0,0
P:2426,2426,Mondana,Tinbermona,F,1970-07-21,1970,Badiano,"165 Via Sagu Vecchia, Mesaino",PR08,0,0
P:2427,2427,Tinrua,Tinbermona,F,2005-09-15,2005,Fodiello,"148 Via Margal Nuova, Mesaino",PR08,0,0
P:2428,2428,Nidia,Tinbermona,F,2011-08-08,2011,Mesaino,"165 Via Sagu Vecchia, Mesaino",PR08,0,0
P:2429,2429,Bermara,Tinbermona,F,2007-09-25,2007,Monceino,"165 Via Sagu Vecchia, Mesaino",PR08,0,0
P:2430,2430,Lenzoo,Giofoini,M,1967-05-20,1967,Valcorano,"12 Via Ferren Vecchia, Valcorano",PR43,0,0
P:2431,2431,Cabero,Lensapasa,M,1963-09-20,1963,Marvalello,"192 Via Laca, Marvalello",PR07,0,0
P:2432,2432,Marmea,Lensapasa,F,1970-04-27,1970,Lofoino,"46 Via Valce, Bagioano",PR07,0,0
P:2433,2433,Pascao,Tinbermona,M,1943-02-27,1943,Rosniello,"50 Via Tinba, Rosniello",PR14,0,0
P:2434,2434,Giodano,Lenmeceo,M,1968-01-17,1968,Lofoino,"175 Via Polo Nuova, Lofoino",PR05,0,0
P:2435,2435,Galgala,Marrua,F,1971-12-05,1971,Nifoello,"175 Via Polo Nuova, Lofoino",PR05,0,0
P:2436,2436,Viceo,Rosrui,M,1957-07-06,1957,Lenloona,"198 Via Rupas Nuova, Lenloona",PR36,0,0
P:2437,2437,Barosa,Cagioo,F,1953-07-17,1953,Bervalino,"198 Via Rupas Nuova, Lenloona",PR36,0,0
P:2438,2438,Vibao,Lalorosetti,M,1951-07-11,1951,Danzoano,"171 Via Berba Nuova, Danzoano",PR35,0,0
P:2439,2439,Pogala,Lalorosetti,F,1946-07-11,1946,Marfoano,"171 Via Berba Nuova, Danzoano",PR35,0,0
P:2440,2440,Zocao,Sateferi,M,1952-07-25,1952,Galmeano,"147 Via Cepo Nuova, Galmeano",PR29,0,0
P:2441,2441,Giodano,Zocaloa,M,1962-10-18,1962,Lagioino,"93 Via Giopas, Lagioino",PR59,0,0
P:2442,2442,Tincea,Lermeceo,F,1958-06-28,1958,Galberano,"93 Via Giopas, Lagioino",PR59,0,0
P:2443,2443,Giozoo,Fermaretti,M,1976-04-16,1976,Lagalino,"73 Via Galba, Lagalino",PR44,0,0
P:2444,2444,Renvio,Monpasi,M,1959-03-11,1959,Paslaano,"87 Via Valdan Vecchia, Paslaano",PR05,0,0
P:2445,2445,Lomea,Mebai,F,1961-08-21,1961,Fobaona,"87 Via Valdan Vecchia, Paslaano",PR05,0,0
P:2446,2446,Zoceo,Lencarosini,M,1962-08-23,1962,Guviello,"137 Via Valpo Nuova, Guviello",PR13,0,0
P:2447,2447,Camara,Ladana,F,1956-12-03,1956,Gucorello,"2 Via Valba Nuova, Lapasino",PR13,0,0
P:2448,2448,Valdano,Cagioo,M,1969-02-09,1969,Lasaino,"108 Via Bame, Lasaino",PR41,0,0
P:2449,2449,Folena,Lenmeceo,F,1975-01-02,1975,Laberano,"108 Via Bame, Lasaino",PR41,0,0
P:2450,2450,Valleno,Cagioo,M,2003-12-20,2003,Vallenello,"108 Via Bame, Lasaino",PR41,0,0
P:2451,2451,Tesao,Lofero,M,1975-03-19,1975,Viruino,"56 Via Bamon, Viruino",PR39,0,0
P:2452,2452,Camona,Tinbermona,F,1981-05-01,1981,Valvalello,"56 Via Bamon, Viruino",PR39,0,0
P:2453,2453,Digua,Lofero,F,1999-12-17,1999,Viruino,"131 Via Ruru Nuova, Viruino",PR39,0,0
P:2454,2454,Valmaro,Lofero,M,2006-10-12,2006,Viruino,"56 Via Bamon, Viruino",PR39,0,0
P:2455,2455,Temeo,Galloi,M,1979-07-14,1979,Galdanano,"5 Via Rugio Vecchia, Galdanano",PR01,0,0
P:2456,2456,Ferfera,Gtlloi,F,1979-09-17,1979,Fogioona,"5 Via Rugio Vecchia, Galdanano",PR01,0,1
P:2457,2457,Cetino,Focezoi,M,1958-11-24,1958,Bamarano,"2 Via Vila Nuova, Balenino",PR01,0,0
P:2458,2458,Tinvalo,Lovalgioini,M,1940-01-04,1940,Polenona,"193 Via Guber Nuova, Polenona",PR28,0,0
P:2459,2459,Dansaa,Loteruo,F,1942-06-02,1942,Pasgioello,"21 Via Lani Nuova, Cemarona",PR28,0,0
P:2460,2460,Foloa,Lovalgtoini,F,1973-06-09,1973,Polenona,"193 Via Guber Nuova, Polenona",PR28,0,0
P:2461,2461,Guzoa,Lovalgioini,F,1972-02-05,1972,Dimeello,"193 Via Guber Nuova, Polenona",PR28,0,0
P:2462,2462,Guteo,Badilaetti,M,1978-06-13,1978,Galviano,"129 Via Rosce Vecchia, Laruino",PR31,0,0
P:2463,2463,Cabao,Tinbermona,M,1970-11-21,1970,Marrenona,"62 Via Loni Vecchia, Marrenona",PR43,0,0
P:2464,2464,Moncao,Monpasi,M,1949-02-15,1949,Saguello,"170 Via Galba, Saguello",PR18,0,0
P:2465,2465,Bagala,Tinbermona,F,1941-10-19,1941,Pasloano,"170 Via Galba, Saguello",PR18,0,0
P:2466,2466,Batino,Calarena,M,1955-08-23,1955,Cemarona,"10 Via Capas Vecchia, Cemarona",PR27,0,0
P:2467,2467,Marleno,Corbacaini,M,1961-07-09,1961,Bamarano,"141 Via Giolen Vecchia, Bamarano",PR02,0,0
P:2468,2468,Difoa,Tinbermona,F,1966-09-19,1966,Tinsaona,"181 Via Ferpo Vecchia, Tinguano",PR02,0,0
P:2469,2469,Sameo,Tinbermona,M,1944-03-26,1944,Fogioona,"12 Via Zolo Vecchia, Fogioona",PR56,0,0
P:2470,2470,Danvia,Tinbermona,F,1943-05-20,1943,Caloano,"12 Via Zolo Vecchia, Fogioona",PR56,0,0
P:2471,2471,Tincora,Tinbermona,F,1971-07-20,1971,Saguello,"150 Via Lolen Vecchia, Fogioona",PR56,0,0
P:2472,2472,Bervalo,Giolapoo,M,1964-09-11,1964,Lomonona,"147 Via Fofer Vecchia, Lomonona",PR53,0,0
P:2473,2473,Pomona,Tinbermona,F,1965-10-09,1965,Lovalino,"147 Via Fofer Vecchia, Lomonona",PR53,0,0
P:2474,2474,Galsao,Giolapoo,M,1999-05-16,1999,Saguello,"193 Via Valpo, Lomonona",PR53,0,0
P:2475,2475,Marloo,Giofoini,M,1950-05-22,1950,Niloona,"11 Via Cace Nuova, Niloona",PR38,0,0
P:2476,2476,Lomea,Saberrenetti,F,1944-09-11,1944,Fogioona,"75 Via Tinpo, Teferello",PR38,0,0
P:2477,2477,Diceo,Tinbermona,M,1976-01-21,1976,Valpasello,"91 Via Late Vecchia, Valpasello",PR28,0,0
P:2478,2478,Tincea,Giofoini,F,1976-01-03,1976,Niloona,"91 Via Late Vecchia, Valpasello",PR28,0,0
P:2479,2479,Mefera,Tinbermona,F,2004-01-04,2004,Cemeello,"11 Via Mecor, Valpasello",PR28,0,0
P:2480,2480,Lenruo,Tinbermona,M,2011-08-28,2011,Giogalello,"91 Via Late Vecchia, Valpasello",PR28,0,0
P:2481,2481,Danruo,Fomonini,M,1972-12-09,1972,Ladiona,"108 Via Roste, Ladiona",PR07,0,0
P:2482,2482,Locaa,Giolenreni,F,1964-07-17,1964,Dimeano,"108 Via Roste, Ladiona",PR07,0,0
P:2483,2483,Mebero,Tinbermona,M,1979-06-14,1979,Digalello,"95 Via Medi Vecchia, Digalello",PR58,0,0
P:2484,2484,Tincora,Tinbermona,F,1972-10-03,1972,Saruano,"33 Via Berfer Vecchia, Cortinona",PR58,0,0
P:2485,2485,Giodano,Lenmeceo,M,1955-06-06,1955,Cazoino,"89 Via Rupo Nuova, Cazoino",PR56,0,0
P:2486,2486,Lenvalo,Vibaini,M,1941-12-16,1941,Galdiino,"164 Via Cevi Nuova, Galdiino",PR51,0,0
P:2487,2487,Guzoa,Rucaetti,F,1933-08-11,1933,Berlaona,"164 Via Cevi Nuova, Galdiino",PR51,0,0
P:2488,2488,Bagalo,Vivalfero,M,1946-11-07,1946,Pasvalino,"45 Via Monru Vecchia, Pasvalino",PR34,0,0
P:2489,2489,Rosfoo,Zocaloa,M,1977-09-03,1977,Fomarano,"168 Via Guzo, Fomarano",PR34,0,0
P:2490,2490,Nifoa,Marbacorini,F,1976-04-09,1976,Nizoello,"168 Via Guzo, Fomarano",PR34,0,0
P:2491,2491,Ferroso,Lenmeceo,M,1949-01-09,1949,Bermeello,"138 Via Galren, Bermeello",PR47,0,0
P:2492,2492,Nibera,Gulaa,F,1947-05-28,1947,Melaona,"138 Via Galren, Bermeello",PR47,0,0
P:2493,2493,Gumaro,Lenmeceo,M,1980-09-19,1980,Fergalona,"119 Via Tinlen Vecchia, Bermeello",PR47,0,0
P:2494,2494,Cafero,Lenmecen,M,1974-05-25,1974,Bermeello,"196 Via Ferval Nuova, Bermeello",PR47,0,0
P:2495,2495,Vicoro,Lenmeceo,M,1984-11-13,1984,Tetinano,"157 Via Medi Vecchia, Tetinano",PR23,0,0
P:2496,2496,Renvala,Lovalgioini,F,1979-01-13,1979,Lomonona,"106 Via Meval Vecchia, Giotinano",PR23,0,0
P:2497,2497,Giolao,Lenmeceo,M,2015-06-17,2015,Tetinano,"157 Via Medi Vecchia, Tetinano",PR23,0,0
P:2498,2498,Berfero,Lenmeceo,M,2014-07-14,2014,Tetinano,"182 Via Capas Vecchia, Tetinano",PR23,0,0
P:2499,2499,Foreno,Lenmeceo,M,2019-07-18,2019,Tetinano,"131 Via Tesa Vecchia, Tetinano",PR23,0,0
P:2500,2500,Teroso,Lenmeceo,M,1943-10-10,1943,Corniano,"127 Via Rugio Nuova, Corniano",PR47,0,0
P:2501,2501,Digua,Tinbermona,F,1943-08-21,1943,Dimeano,"127 Via Rugio Nuova, Corniano",PR47,0,0
P:2502,2502,Vibao,Lenmeceo,M,1974-12-26,1974,Tecorello,"166 Via Berni, Corniano",PR47,0,1
P:2503,2503,Lenvalo,Lenmeceo,M,1975-07-12,1975,Corlenano,"127 Via Rugio Nuova, Corniano",PR47,0,0
P:2504,2504,Guteo,Tinbermona,M,1945-10-22,1945,Laruino,"125 Via Ferdan, Laruino",PR13,0,0
P:2505,2505,Nicaa,Tinbermona,F,1945-02-09,1945,Valpasino,"125 Via Ferdan, Laruino",PR13,0,0
P:2506,2506,Niteo,Cagioo,M,1945-12-22,1945,Guberona,"125 Via Valdan, Nivalona",PR50,0,0
P:2507,2507,Cepaso,Lenmeceo,M,1953-12-21,1953,Capasello,"92 Via Loni Vecchia, Capasello",PR27,0,0
P:2508,2508,Margioa,Lenmeceo,F,1956-12-13,1956,Bagioano,"92 Via Loni Vecchia, Capasello",PR27,0,0
P:2509,2509,Podia,Lenmeceo,F,1986-09-10,1986,Capasello,"127 Via Viba Vecchia, Capasello",PR27,0,0
P:2510,2510,Diceo,Lenmeceo,M,1985-02-15,1985,Pasdanona,"151 Via Tela, Bermonona",PR27,0,0
P:2511,2511,Guteo,Lenmeceo,M,1981-10-17,1981,Capasello,"95 Via Dangal Nuova, Capasello",PR27,0,0
P:2512,2512,Loreno,Celai,M,1959-12-12,1959,Valloona,"111 Via Ruca Vecchia, Valloona",PR25,0,0
P:2513,2513,Ditino,Lovala,M,1965-06-09,1965,Giofoano,"165 Via Medan, Giofoano",PR32,0,0
P:2514,2514,Lamona,Renfoceini,F,1967-07-04,1967,Ferberano,"165 Via Medan, Giofoano",PR32,0,0
P:2515,2515,Cepaso,Nitei,M,1968-01-13,1968,Loruello,"189 Via Fosa Vecchia, Loruello",PR47,0,0
P:2516,2516,Nimea,Galguo,F,1964-10-16,1964,Bagioano,"189 Via Fosa Vecchia, Loruello",PR47,0,0
P:2517,2517,Ruroso,Nitei,M,2001-05-19,2001,Loruello,"163 Via Fogu, Loruello",PR47,0,0
P:2518,2518,Valdano,Tinbermona,M,1950-12-10,1950,Pasbaello,"90 Via Niba, Pasbaello",PR50,0,0
P:2519,2519,Larua,Tinbermona,F,1942-08-28,1942,Meviona,"90 Via Niba, Pasbaello",PR50,0,0
P:2520,2520,Lalao,Tinbermona,M,1978-07-04,1978,Pasbaello,"90 Via Niba, Pasbaello",PR50,0,0
P:2521,2521,Sasao,Giofoini,M,1946-06-10,1946,Guruano,"129 Via Zober Nuova, Guruano",PR48,0,0
P:2522,2522,Nimea,Foferruo,F,1946-08-03,1946,Foceino,"129 Via Zober Nuova, Guruano",PR48,0,0
P:2523,2523,Berguo,Giofoini,M,1979-05-09,1979,Cemeello,"94 Via Lenmar, Guruano",PR48,0,0
P:2524,2524,Rosmaro,Corpolenini,M,1960-09-07,1960,Gupasona,"173 Via Roste, Gupasona",PR18,0,0
P:2525,2525,Bania,Galcedana,F,1959-03-04,1959,Teceino,"173 Via Roste, Gupasona",PR18,0,0
P:2526,2526,Caleno,Corpolenini,M,1986-06-01,1986,Cegalino,"173 Via Roste, Gupasona",PR18,0,0
P:2527,2527,Galsao,Lenguetti,M,1965-02-28,1965,Lagioino,"25 Via Meber Nuova, Lagioino",PR40,0,0
P:2528,2528,Marleno,Tinbermona,M,1979-08-10,1979,Paslenona,"131 Via Roszo Vecchia, Paslenona",PR34,0,0
P:2529,2529,Zoreno,Monaecoro,M,1948-07-09,1948,Giofoano,"89 Via Galtin Nuova, Giofoano",PR32,0,0
P:2530,2530,Rencoro,Nimarini,M,1942-08-18,1942,Caberano,"180 Via Cefo Vecchia, Caberano",PR05,0,0
P:2531,2531,Dipasa,Vibadanini,F,1947-12-13,1947,Lapasino,"163 Via Galpo Nuova, Berniano",PR05,0,0
P:2532,2532,Fercoro,Lovalgioini,M,1959-10-12,1959,Rosdanano,"114 Via Galgio Vecchia, Rosdanano",PR33,0,0
P:2533,2533,Gionio,Tinbermona,M,1962-08-03,1962,Tetinano,"167 Via Visa, Tetinano",PR23,0,0
P:2534,2534,Sameo,Monpasi,M,1973-04-24,1973,Tesaello,"162 Via Nilo Nuova, Tesaello",PR54,0,0
P:2535,2535,Rosmaro,Tinbermona,M,1960-06-03,1960,Logalano,"128 Via Galba, Logalano",PR50,0,0
P:2536,2536,Lonia,Giofoini,F,1955-04-17,1955,Cemarona,"128 Via Galba, Logalano",PR50,0,0
P:2537,2537,Monbero,Sanii,M,1942-12-10,1942,Giomeino,"197 Via Gucor Nuova, Giomeino",PR08,0,0
P:2538,2538,Locaa,Sanii,F,1940-11-02,1940,Mezoino,"197 Via Gucor Nuova, Giomeino",PR08,0,0
P:2539,2539,Fomaro,Sanii,M,1967-01-22,1967,Giomeino,"1 Via Lalen Vecchia, Giomeino",PR08,0,0
P:2540,2540,Locao,Sanii,M,1969-07-04,1969,Corteino,"197 Via Gucor Nuova, Giomeino",PR08,0,0
P:2541,2541,Rufoo,Lenmeceo,M,1970-11-25,1970,Renpoano,"90 Via Fofer Vecchia, Galdiino",PR28,0,0
P:2542,2542,Bagala,Pocoro,F,1971-07-25,1971,Dipoello,"78 Via Valfer Nuova, Renpoano",PR28,0,0
P:2543,2543,Bertino,Lovala,M,1973-01-06,1973,Bermonona,"35 Via Roste, Bermonona",PR15,0,0
P:2544,2544,Marbero,Lenmeceo,M,1940-07-23,1940,Nimonino,"69 Via Valpo Nuova, Nimonino",PR55,0,0
P:2545,2545,Fozoa,Lenmeceo,F,1945-02-15,1945,Roslaano,"100 Via Tindan Vecchia, Digalello",PR55,0,0
P:2546,2546,Tecoro,Lenmeceo,M,1969-09-07,1969,Nimonino,"69 Via Valpo Nuova, Nimonino",PR55,0,0
P:2547,2547,Digua,Lenmeceo,F,1974-01-02,1974,Nimonino,"2 Via Medan, Nimonino",PR55,0,0
P:2548,2548,Lacoro,Tinbermona,M,1956-07-06,1956,Pomeello,"161 Via Lomar Nuova, Pomeello",PR49,0,0
P:2549,2549,Lalaa,Lenmeceo,F,1951-08-17,1951,Monpasino,"58 Via Cepo Nuova, Renrenino",PR49,0,0
P:2550,2550,Niroso,Tinbermona,M,1989-05-17,1989,Giocorello,"105 Via Marce, Pomeello",PR49,0,0
P:2551,2551,Sasao,Tinbermona,M,1991-01-04,1991,Corlenano,"118 Via Sadan Vecchia, Pomeello",PR49,0,0
P:2552,2552,Zopoa,Tinbermona,F,1981-02-01,1981,Pomeello,"145 Via Dizo Nuova, Pomeello",PR49,0,0
P:2553,2553,Lacoro,Sanii,M,1951-11-05,1951,Corlenano,"195 Via Vica Vecchia, Corlenano",PR46,0,0
P:2554,2554,Saguo,Posareno,M,1983-02-22,1983,Diviano,"110 Via Bagio Nuova, Diviano",PR14,0,0
P:2555,2555,Valsaa,Tinniini,F,1985-03-05,1985,Valpasello,"110 Via Bagio Nuova, Diviano",PR14,0,0
P:2556,2556,Ferloo,Posareno,M,2015-06-28,2015,Cameano,"110 Via Bagio Nuova, Diviano",PR14,0,0
P:2557,2557,Batino,Pasgiocaa,M,1942-02-11,1942,Laberano,"10 Via Galgio Nuova, Laberano",PR34,0,0
P:2558,2558,Giofoo,Cagioo,M,1939-06-27,1939,Bavalano,"10 Via Galgio Nuova, Laberano",PR34,0,0
P:2559,2559,Locaa,Pasgiocaa,F,1971-04-21,1971,Laberano,"10 Via Galgio Nuova, Laberano",PR34,0,0
P:2560,2560,Rusao,Pocaro,M,1968-09-26,1968,Renrenino,"44 Via Valmon Nuova, Renrenino",PR16,0,0
P:2561,2561,Temeo,Monpasi,M,1943-06-02,1943,Marvalello,"162 Via Renvi Vecchia, Marvalello",PR07,0,0
P:2562,2562,Galdana,Lenguetti,F,1936-05-25,1936,Valvalello,"162 Via Renvi Vecchia, Marvalello",PR07,0,0
P:2563,2563,Bercaa,Monpasi,F,1971-12-27,1971,Marvalello,"174 Via Loren Nuova, Ferrosona",PR07,0,0
P:2564,2564,Gubaa,Monpasi,F,1969-04-20,1969,Dipoello,"162 Via Renvi Vecchia, Marvalello",PR07,0,0
P:2565,2565,Foguo,Monpasi,M,1978-05-05,1978,Marvalello,"162 Via Renvi Vecchia, Marvalello",PR07,0,0
P:2566,2566,Bersao,Tinbermona,M,1952-05-26,1952,Lagalino,"35 Via Corfo Vecchia, Lagalino",PR44,1,0
P:2567,2567,Tegua,Cordanetti,F,1954-09-24,1954,Zoberona,"119 Via Valce, Rentinano",PR44,0,0
P:2568,2568,Lenvalo,Galloi,M,1951-12-07,1951,Salenello,"190 Via Gudan, Salenello",PR52,0,0
P:2569,2569,Corloo,Cagioo,M,1966-08-08,1966,Danloino,"68 Via Zoca Nuova, Danloino",PR26,0,0
P:2570,2570,Giorena,Danbaini,F,1968-02-07,1968,Cormeona,"68 Via Zoca Nuova, Danloino",PR26,0,0
P:2571,2571,Lozoa,Cagioo,F,1995-06-26,1995,Vifoello,"167 Via Poru Vecchia, Danloino",PR26,0,0
P:2572,2572,Lenruo,Tinbermona,M,1971-03-10,1971,Giomonano,"8 Via Sagio Nuova, Giomonano",PR20,0,0
P:2573,2573,Dirosa,Cagioo,F,1975-05-17,1975,Caloano,"46 Via Tinpo, Montinino",PR20,0,0
P:2574,2574,Locao,Mongugalini,M,1956-06-18,1956,Giofoano,"170 Via Valpo, Giofoano",PR54,0,0
P:2575,2575,Lenzoo,Ladanpaso,M,1956-06-09,1956,Loguino,"170 Via Valpo, Giofoano",PR54,0,0
P:2576,2576,Fobero,Cecao,M,1982-11-12,1982,Renmonino,"92 Via Mepas Nuova, Lenloona",PR39,0,1
P:2577,2577,Fercoro,Tinbermona,M,1941-11-28,1941,Dipoello,"9 Via Nivi Vecchia, Dipoello",PR20,0,0
P:2578,2578,Ferroso,Tinbermone,M,1976-12-26,1976,Tinzoello,"38 Via Galgio Vecchia, Tinzoello",PR56,0,0
P:2579,2579,Lozoa,Rucaetti,F,1975-12-07,1975,Monpasino,"38 Via Galgio Vecchia, Tinzoello",PR56,0,0
P:2580,2580,Sasao,Renfoceini,M,1960-07-01,1960,Galruello,"96 Via Lalen Nuova, Foceino",PR26,0,0
P:2581,2581,Sarena,Renfoceini,F,1952-10-02,1952,Giofoano,"34 Via Giovi Vecchia, Ferdiino",PR26,0,0
P:2582,2582,Runia,Renfoceini,F,1987-11-14,1987,Bermeello,"191 Via Pasvi Vecchia, Galruello",PR26,0,0
P:2583,2583,Nibera,Renfoceini,F,1989-05-06,1989,Galruello,"28 Via Cemar, Galruello",PR26,0,0
P:2584,2584,Foreno,Renfoceini,M,1993-03-21,1993,Guberona,"28 Via Cemar, Galruello",PR26,0,1
P:2585,2585,Nibao,Rosmebaini,M,1984-01-28,1984,Gutinona,"94 Via Tepas Nuova, Gutinona",PR52,0,0
P:2586,2586,Bergalo,Monpasi,M,1969-09-03,1969,Lenpasello,"190 Via Visa, Lenpasello",PR30,0,0
P:2587,2587,Fercoro,Direno,M,1949-04-14,1949,Correnano,"86 Via Pocor, Correnano",PR40,0,0
P:2588,2588,Niteo,Rupozoi,M,1942-06-20,1942,Poruello,"82 Via Poros Vecchia, Poruello",PR58,0,0
P:2589,2589,Sabaa,Pasgiotina,F,1946-10-03,1946,Dicorino,"82 Via Poros Vecchia, Poruello",PR58,0,0
P:2590,2590,Cabao,Lenmeceo,M,1968-06-28,1968,Fermeino,"60 Via Meni Vecchia, Galcorona",PR51,0,0
P:2591,2591,Margioa,Tegioa,F,1961-07-18,1961,Balenino,"52 Via Camon Vecchia, Fermeino",PR51,0,0
P:2592,2592,Foloa,Lenmeceo,F,2000-03-07,2000,Fermeino,"67 Via Niber Vecchia, Fermeino",PR51,0,0
P:2593,2593,Vidano,Corpoleno,M,1970-03-03,1970,Renmarona,"17 Via Camar, Renmarona",PR51,0,0
P:2594,2594,Barosa,Cedanini,F,1974-05-17,1974,Bamarano,"15 Via Tetin Vecchia, Nilenona",PR51,0,0
P:2595,2595,Cadio,Corpoleno,M,1995-08-15,1995,Renmarona,"17 Via Camar, Renmarona",PR51,0,0
P:2596,2596,Lenzoo,Lenmeceo,M,1978-02-01,1978,Dancaona,"14 Via Roste, Dancaona",PR32,0,0
P:2597,2597,Porosa,Gusai,F,1975-03-26,1975,Runiona,"14 Via Roste, Dancaona",PR32,0,1
P:2598,2598,Bercora,Lenmeceo,F,2005-04-21,2005,Dancaona,"21 Via Dancor Vecchia, Dancaona",PR32,0,0
P:2599,2599,Tinvalo,Tinbermona,M,1965-05-19,1965,Rensaino,"132 Via Podan Vecchia, Rensaino",PR22,0,0
P:2600,2600,Calaa,Sateferi,F,1963-05-21,1963,Monvalona,"132 Via Podan Vecchia, Rensaino",PR22,0,0
P:2601,2601,Gubaa,Tinbermona,F,1999-04-21,1999,Rensaino,"169 Via Rumon Nuova, Rensaino",PR22,0,0
P:2602,2602,Sateo,Tinbermona,M,1992-10-28,1992,Valberino,"24 Via Lalen Nuova, Rensaino",PR22,0,0
P:2603,2603,Pastino,Tinbermona,M,1994-04-16,1994,Rensaino,"132 Via Podan Vecchia, Rensaino",PR22,0,0
P:2604,2604,Cabero,Sanii,M,1963-06-24,1963,Cemarona,"75 Via Megal, Cemarona",PR49,0,0
P:2605,2605,Zopoa,Tinbermona,F,1970-02-21,1970,Giomonano,"17 Via Bala Nuova, Cormeona",PR49,0,0
P:2606,2606,Nimea,Sanii,F,1997-12-24,1997,Fermeino,"75 Via Megal, Cemarona",PR49,0,0
P:2607,2607,Giolena,Sanii,F,1990-02-15,1990,Poloano,"81 Via Baba Vecchia, Tetinello",PR49,0,0
P:2608,2608,Batino,Zofotini,M,1952-07-27,1952,Zopoello,"151 Via Polen, Zopoello",PR37,0,0
P:2609,2609,Cepaso,Dangiotinetti,M,1951-04-02,1951,Poruello,"20 Via Pofo Vecchia, Ferfoino",PR37,0,0
P:2610,2610,Marmea,Zofotini,F,1985-09-15,1985,Rentinano,"106 Via Gioru Vecchia, Zopoello",PR37,0,0
P:2611,2611,Passaa,Zofotini,F,1978-07-20,1978,Zopoello,"151 Via Polen, Zopoello",PR37,0,0
P:2612,2612,Giozoo,Giocaainetti,M,1942-09-24,1942,Berlenello,"192 Via Medi Vecchia, Berlenello",PR54,0,0
P:2613,2613,Zoloa,Rucei,F,1935-03-17,1935,Labaona,"192 Via Medi Vecchia, Berlenello",PR54,0,0
P:2614,2614,Rosbera,Giocatinetti,F,1969-01-08,1969,Bagioano,"124 Via Renren Vecchia, Berlenello",PR54,0,0
P:2615,2615,Tinbera,Giocatinetti,F,1966-04-12,1966,Berlenello,"192 Via Medi Vecchia, Berlenello",PR54,0,0
P:2616,2616,Sania,Giocatinetti,F,1969-08-15,1969,Berlenello,"145 Via Danber, Berlenello",PR54,0,0
P:2617,2617,Cabao,Tinbermona,M,1963-05-17,1963,Diviano,"131 Via Valgu, Diviano",PR14,0,0
P:2618,2618,Nimea,Lapasrenini,F,1969-01-11,1969,Nimarano,"131 Via Valgu, Diviano",PR14,0,0
P:2619,2619,Memeo,Rosdana,M,1958-02-07,1958,Caberano,"172 Via Gume Vecchia, Caberano",PR05,0,0
P:2620,2620,Margioa,Tinbermona,F,1964-03-22,1964,Giomonano,"172 Via Gume Vecchia, Caberano",PR05,0,0
P:2621,2621,Margioa,Rosdana,F,1989-08-07,1989,Caberano,"172 Via Gume Vecchia, Caberano",PR05,0,0
P:2622,2622,Mefoo,Valrulenetti,M,1964-07-27,1964,Capasello,"197 Via Medi Vecchia, Capasello",PR27,0,0
P:2623,2623,Nidia,Tinbermona,F,1956-09-14,1956,Sapasino,"66 Via Diren Vecchia, Saruano",PR27,0,0
P:2624,2624,Lagioa,Valrulenetti,F,1999-11-19,1999,Capasello,"131 Via Foros, Capasello",PR27,0,0
P:2625,2625,Fercoro,Valrulenetti,M,1988-12-01,1988,Capasello,"197 Via Medi Vecchia, Capasello",PR27,1,0
P:2626,2626,Lendana,Valrulenetti,F,1992-03-19,1992,Paslaano,"185 Via Ferdan Vecchia, Capasello",PR27,0,0
P:2627,2627,Lofero,Bagui,M,1940-12-27,1940,Valviona,"69 Via Tesa Vecchia, Valviona",PR02,0,0
P:2628,2628,Vibao,Giofoini,M,1975-08-14,1975,Caviona,"123 Via Bermar Vecchia, Caviona",PR48,0,0
P:2629,2629,Lalao,Tinbermona,M,1973-07-21,1973,Lenpasona,"29 Via Marte, Lenpasona",PR38,0,0
P:2630,2630,Danmara,Tinbermona,F,1979-10-27,1979,Marfoano,"29 Via Marte, Lenpasona",PR38,0,0
P:2631,2631,Nireno,Lenmeceo,M,1949-12-04,1949,Bamarano,"46 Via Valla, Bamarano",PR01,0,0
P:2632,2632,Gumaro,Tinbermona,M,1958-08-04,1958,Tegalano,"1 Via Galmon Vecchia, Tegalano",PR13,0,0
P:2633,2633,Galfera,Cagioo,F,1953-11-02,1953,Roslenano,"1 Via Galmon Vecchia, Tegalano",PR13,0,0
P:2634,2634,Giolena,Tinberrona,F,1988-04-09,1988,Lofoino,"1 Via Galmon Vecchia, Tegalano",PR13,0,0
P:2635,2635,Rendana,Tinbermona,F,1985-12-07,1985,Tegalano,"1 Via Galmon Vecchia, Tegalano",PR13,0,0
P:2636,2636,Nireno,Tinsavala,M,1957-01-01,1957,Vallenello,"66 Via Poru Vecchia, Vallenello",PR21,0,0
P:2637,2637,Lenlao,Lenmeceo,M,1946-02-24,1946,Dicorino,"197 Via Nigu, Dicorino",PR22,0,0
P:2638,2638,Tincora,Dimarsai,F,1942-10-08,1942,Pasmeello,"197 Via Nigu, Dicorino",PR22,0,0
P:2639,2639,Niteo,Tinsarosi,M,1953-03-25,1953,Giotinano,"61 Via Bafo Vecchia, Giotinano",PR49,0,0
P:2640,2640,Corgala,Tincarosi,F,1950-11-28,1950,Pomeino,"61 Via Bafo Vecchia, Giotinano",PR49,0,0
P:2641,2641,Mefoo,Tinbermona,M,1953-08-15,1953,Lenrosano,"65 Via Podi, Lenrosano",PR24,0,0
P:2642,2642,Galdana,Menietti,F,1954-04-06,1954,Cameano,"65 Via Podi, Lenrosano",PR24,0,0
P:2643,2643,Zoceo,Tinbermona,M,1982-11-03,1982,Roslenano,"65 Via Podi, Lenrosano",PR24,0,0
P:2644,2644,Cabera,Tinbermona,F,1984-10-16,1984,Lenrosano,"74 Via Diren Vecchia, Lenrosano",PR24,0,0
P:2645,2645,Mefoo,Pocoro,M,1947-04-10,1947,Tinrosona,"5 Via Rupo Nuova, Tinrosona",PR45,0,0
P:2646,2646,Saloa,Tanbermona,F,1944-03-25,1944,Logalano,"73 Via Cefo Vecchia, Pasvalino",PR45,0,0
P:2647,2647,Monleno,Giofoini,M,1966-12-21,1966,Monceino,"136 Via Lengio, Monceino",PR55,0,0
P:2648,2648,Sarena,Giofoini,F,1962-01-03,1962,Montinano,"136 Via Lengio, Monceino",PR55,0,0
P:2649,2649,Mebao,Lenmeceo,M,1962-09-09,1962,Valceano,"146 Via Diru, Valceano",PR20,0,0
P:2650,2650,Ditino,Loteruo,M,1962-10-20,1962,Lenpasello,"20 Via Zoru Vecchia, Lenpasello",PR30,0,0
P:2651,2651,Galvio,Gumarpoetti,M,1946-08-02,1946,Tinrenino,"111 Via Baca Vecchia, Tinrenino",PR52,0,0
P:2652,2652,Ruroso,Lenzofero,M,1957-03-22,1957,Ferrosino,"11 Via Saru Vecchia, Ferrosino",PR35,0,0
P:2653,2653,Valdano,Galrenreni,M,1955-08-04,1955,Poruello,"74 Via Pasmon, Poruello",PR58,0,0
P:2654,2654,Rosfoo,Renfoceini,M,1982-04-19,1982,Teceino,"52 Via Niber, Teceino",PR39,1,0
P:2655,2655,Tinfera,Tegioa,F,1976-05-10,1976,Fotinino,"62 Via Galpas Vecchia, Poloano",PR39,0,0
P:2656,2656,Bervalo,Ladana,M,1972-03-28,1972,Guvalino,"74 Via Dival Vecchia, Guvalino",PR44,0,0
P:2657,2657,Meteo,Ladani,M,1977-04-27,1977,Rosdanano,"121 Via Tesa Vecchia, Rosdanano",PR33,0,0
P:2658,2658,Monsao,Cagioo,M,1977-09-07,1977,Galbaano,"190 Via Nidi Nuova, Galbaano",PR52,0,0
P:2659,2659,Locaa,Monpasi,F,1969-08-10,1969,Zogalino,"190 Via Nidi Nuova, Galbaano",PR52,0,0
P:2660,2660,Lofero,Lenmonetti,M,1941-11-25,1941,Gioferino,"158 Via Meber Vecchia, Gioferino",PR10,0,1
P:2661,2661,Ferfoa,Lencarosini,F,1935-04-06,1935,Cortinona,"158 Via Meber Vecchia, Gioferino",PR10,0,0
P:2662,2662,Marlena,Lenmonetti,F,1975-07-17,1975,Gioferino,"78 Via Tinfo Vecchia, Corzoano",PR10,0,0
P:2663,2663,Danvio,Vicoretti,M,1953-08-18,1953,Marmonano,"183 Via Saru Vecchia, Marmonano",PR09,0,0
P:2664,2664,Ferloo,Gioteo,M,1984-02-06,1984,Rosrosano,"116 Via Cormon Nuova, Rosrosano",PR22,0,0
P:2665,2665,Giolena,Viroso,F,1979-02-03,1979,Corzoano,"116 Via Cormon Nuova, Rosrosano",PR22,0,0
P:2666,2666,Sateo,Gioteo,M,2015-07-27,2015,Rosrosano,"82 Via Capas Nuova, Rosmonano",PR22,0,0
P:2667,2667,Batino,Monpasi,M,1942-03-24,1942,Tinviano,"134 Via Danros Vecchia, Tinviano",PR47,0,0
P:2668,2668,Monzoa,Sacereno,F,1946-06-05,1946,Gupasona,"134 Via Danros Vecchia, Tinviano",PR47,0,0
P:2669,2669,Tinbao,Monpasi,M,1976-06-25,1976,Cordiano,"134 Via Danros Vecchia, Tinviano",PR47,0,0
P:2670,2670,Zoteo,Dimeetti,M,1971-03-25,1971,Tesaello,"133 Via Renpo Vecchia, Tesaello",PR54,0,0
P:2671,2671,Larua,Cepasferi,F,1965-09-14,1965,Marfoano,"133 Via Renpo Vecchia, Tesaello",PR54,0,0
P:2672,2672,Fercoro,Roslenmarini,M,1982-04-19,1982,Zotinano,"32 Via Vica Vecchia, Zotinano",PR50,0,0
P:2673,2673,Tinfera,Tinbermona,F,1989-05-06,1989,Poniano,"32 Via Vica Vecchia, Zotinano",PR50,0,0
P:2674,2674,Galvio,Monmecoro,M,1981-05-26,1981,Dimeano,"73 Via Gioru Vecchia, Dimeano",PR37,0,0
P:2675,2675,Porosa,Monmecoro,F,1973-06-22,1973,Nifoello,"80 Via Viren Nuova, Bergalano",PR37,0,0
P:2676,2676,Batino,Monmecoro,M,2012-11-23,2012,Dimeano,"50 Via Niba, Dimeano",PR37,0,0
P:2677,2677,Valsao,Monmecoro,M,2005-01-17,2005,Dimeano,"166 Via Medi Vecchia, Dimeano",PR37,0,0
P:2678,2678,Ceruo,Teniini,M,1973-07-22,1973,Marrosino,"34 Via Berni, Marrosino",PR11,0,0
P:2679,2679,Zolao,Rosmebaini,M,1942-04-08,1942,Caviona,"193 Via Fergu Vecchia, Caviona",PR48,0,0
P:2680,2680,Vimea,Monpasi,F,1938-09-15,1938,Gucorello,"114 Via Fervi, Renteona",PR48,0,0
P:2681,2681,Lenlao,Valvio,M,1981-05-02,1981,Valvalello,"80 Via Galtin Vecchia, Valvalello",PR56,0,0
P:2682,2682,Lozoa,Tinbermona,F,1987-01-01,1987,Cefoello,"80 Via Galtin Vecchia, Valvalello",PR56,0,0
P:2683,2683,Lenlao,Valvio,M,2011-03-02,2011,Valvalello,"80 Via Galtin Vecchia, Valvalello",PR56,0,0
P:2684,2684,Cetino,Valvio,M,2014-10-21,2014,Bermonona,"80 Via Galtin Vecchia, Valvalello",PR56,0,1
P:2685,2685,Tindio,Nicateo,M,1948-07-21,1948,Tetinello,"20 Via Danme, Tetinello",PR19,0,0
P:2686,2686,Lagioa,Monpasi,F,1955-04-21,1955,Nidiona,"20 Via Danme, Tetinello",PR19,0,0
P:2687,2687,Monvio,Nicateo,M,1975-09-25,1975,Tetinello,"20 Via Danme, Tetinello",PR19,0,0
P:2688,2688,Rubao,Tinbermona,M,1969-11-08,1969,Pasloano,"82 Via Ceru Vecchia, Berniino",PR43,0,0
P:2689,2689,Viceo,Lenmeceo,M,1943-11-24,1943,Bertinano,"89 Via Galmon Vecchia, Bertinano",PR15,1,0
P:2690,2690,Lenruo,Giofoini,M,1960-03-15,1960,Cemeello,"52 Via Cormon Nuova, Cemeello",PR10,0,0
P:2691,2691,Temeo,Babapoo,M,1953-02-21,1953,Lagalino,"70 Via Danzo Nuova, Lagalino",PR44,0,0
P:2692,2692,Bagala,Nicateo,F,1959-12-25,1959,Lenfoano,"70 Via Danzo Nuova, Lagalino",PR44,0,0
P:2693,2693,Monbero,Giolenreni,M,1964-02-17,1964,Bamarano,"128 Via Foros Nuova, Bamarano",PR01,0,0
P:2694,2694,Zoloa,Zotinzoini,F,1964-10-07,1964,Monteino,"128 Via Foros Nuova, Bamarano",PR01,0,0
P:2695,2695,Zomea,Giolenreni,F,1999-01-07,1999,Galgioello,"67 Via Dancor Vecchia, Bamarano",PR01,0,0
P:2696,2696,Safero,Tinmonbero,M,1970-02-28,1970,Pomeino,"139 Via Sapo Vecchia, Pomeino",PR57,0,0
P:2697,2697,Lavala,Pasnietti,F,1962-10-17,1962,Tinviano,"139 Via Sapo Vecchia, Pomeino",PR57,0,0
P:2698,2698,Lagalo,Galrenreni,M,1962-03-20,1962,Bermonona,"165 Via Baber Nuova, Bermonona",PR15,0,0
P:2699,2699,Tincora,Galrenreni,F,1968-08-11,1968,Balenino,"165 Via Baber Nuova, Bermonona",PR15,0,0
P:2700,2700,Cabera,Galrenreni,F,1993-11-13,1993,Gupasona,"35 Via Teni, Tindiona",PR15,0,0
P:2701,2701,Memeo,Tinbermona,M,1979-02-21,1979,Berniano,"135 Via Paslen Nuova, Berniano",PR23,0,0
P:2702,2702,Moncaa,Tinbermona,F,1980-11-27,1980,Renteona,"135 Via Paslen Nuova, Berniano",PR23,0,0
P:2703,2703,Niroso,Tinbermona,M,2009-12-25,2009,Valruello,"77 Via Galgal Nuova, Berniano",PR23,0,0
P:2704,2704,Batino,Giofoini,M,1984-07-15,1984,Metinello,"29 Via Valce, Metinello",PR09,0,0
P:2705,2705,Marlena,Tinbermona,F,1991-02-08,1991,Gulaello,"29 Via Valce, Metinello",PR09,0,0
P:2706,2706,Tinnio,Lovala,M,1949-07-04,1949,Melaona,"135 Via Ferdan, Melaona",PR01,0,0
P:2707,2707,Ferfoa,Lenmeceo,F,1956-04-02,1956,Zomarino,"91 Via Gugu Vecchia, Pomeino",PR01,0,0
P:2708,2708,Locao,Lovala,M,1981-11-05,1981,Viberello,"135 Via Ferdan, Melaona",PR01,0,0
P:2709,2709,Foreno,Pocoro,M,1955-09-11,1955,Tegalino,"172 Via Lapas, Tegalino",PR45,0,0
P:2710,2710,Balaa,Pocoro,F,1949-03-18,1949,Fomarano,"172 Via Lapas, Tegalino",PR45,0,0
P:2711,2711,Vitino,Tinbermona,M,1967-06-08,1967,Memonano,"6 Via Povi, Memonano",PR55,0,0
P:2712,2712,Monleno,Monpasi,M,1953-11-11,1953,Zotinino,"45 Via Valla, Zotinino",PR31,0,0
P:2713,2713,Fobero,Lenmeceo,M,1943-04-22,1943,Gupasano,"137 Via Diren Vecchia, Gupasano",PR12,0,0
P:2714,2714,Zofera,Ferfera,F,1940-04-21,1940,Nigioona,"137 Via Diren Vecchia, Gupasano",PR12,0,0
P:2715,2715,Celena,Lenmeceo,F,1976-11-03,1976,Gupasano,"66 Via Gioros Nuova, Gupasano",PR12,0,0
P:2716,2716,Monbero,Fomonsoi,M,1963-04-19,1963,Saloino,"129 Via Vipas Vecchia, Saloino",PR29,0,0
P:2717,2717,Monzoa,Moncorleni,F,1959-01-22,1959,Cormarano,"129 Via Vipas Vecchia, Saloino",PR29,0,0
P:2718,2718,Cafero,Giofoini,M,1981-03-20,1981,Cetinona,"140 Via Lenfo Nuova, Cetinona",PR17,0,0
P:2719,2719,Cabao,Tinbermona,M,1963-06-08,1963,Pasguona,"172 Via Valmon Nuova, Pasguona",PR07,0,0
P:2720,2720,Galpasa,Tinbermona,F,1969-03-08,1969,Caberano,"172 Via Valmon Nuova, Pasguona",PR07,0,0
P:2721,2721,Bervalo,Monpasi,M,1983-08-14,1983,Cazoino,"116 Via Bafo Vecchia, Cazoino",PR57,0,0
P:2722,2722,Tinfero,Tinbermona,M,1946-04-15,1946,Memonano,"182 Via Galtin, Memonano",PR55,0,0
P:2723,2723,Vicaa,Zodiini,F,1946-03-05,1946,Digalello,"40 Via Corni, Lenpasello",PR55,0,0
P:2724,2724,Ferfera,Tinbermona,F,1970-06-28,1970,Gallaano,"182 Via Galtin, Memonano",PR55,0,0
P:2725,2725,Loreno,Zogalmeini,M,1967-10-25,1967,Pomeino,"27 Via Dival Vecchia, Pomeino",PR57,0,0
P:2726,2726,Zopoa,Zogalmeini,F,1970-05-22,1970,Tinguano,"192 Via Berni, Guvalino",PR57,0,0
P:2727,2727,Cepaso,Cagioo,M,1981-08-20,1981,Viruino,"21 Via Tinlen Vecchia, Viruino",PR39,0,0
P:2728,2728,Nidana,Cagioo,F,1978-02-19,1978,Nimarano,"28 Via Cela Vecchia, Terosello",PR39,0,0
P:2729,2729,Meteo,Gumarpoetti,M,1965-02-21,1965,Cedanino,"31 Via Poni, Cedanino",PR09,0,0
P:2730,2730,Rendana,Giofoini,F,1958-09-09,1958,Fermeino,"31 Via Poni, Cedanino",PR09,0,1
P:2731,2731,Vidano,Lenmeceo,M,1981-12-26,1981,Marvalello,"167 Via Cala Nuova, Marvalello",PR07,0,0
P:2732,2732,Gucao,Bergudano,M,1972-01-01,1972,Lagioino,"3 Via Galpas, Ferceello",PR40,0,0
P:2733,2733,Lavala,Poteetti,F,1973-12-12,1973,Paspasano,"6 Via Valfer Nuova, Lagioino",PR40,0,0
P:2734,2734,Lenruo,Bergudano,M,1996-09-21,1996,Valberino,"47 Via Baber Nuova, Giocorello",PR40,0,0
P:2735,2735,Pascao,Caferetti,M,1980-01-19,1980,Galviano,"161 Via Cetin, Galviano",PR31,0,0
P:2736,2736,Pascao,Focezoi,M,1972-03-28,1972,Gucorello,"14 Via Rence Nuova, Gucorello",PR33,0,0
P:2737,2737,Zopoa,Monpasi,F,1970-06-23,1970,Tinrenino,"14 Via Rence Nuova, Gucorello",PR33,0,1
P:2738,2738,Roscao,Focezoi,M,2006-02-22,2006,Gucorello,"14 Via Rence Nuova, Gucorello",PR33,0,0
P:2739,2739,Lendio,Focezoi,M,2007-09-06,2007,Cazoino,"14 Via Rence Nuova, Gucorello",PR33,0,0
P:2740,2740,Bervalo,Focezoi,M,2002-03-18,2002,Gupasano,"14 Via Rence Nuova, Gucorello",PR33,0,0
P:2741,2741,Caleno,Ladani,M,1956-06-20,1956,Galniona,"194 Via Ceber Vecchia, Galniona",PR00,0,0
P:2742,2742,Mebero,Roslenceetti,M,1953-02-26,1953,Fozoello,"174 Via Lenmar, Fozoello",PR32,0,0
P:2743,2743,Vimea,Giofoini,F,1953-03-01,1953,Nigioona,"174 Via Lenmar, Fozoello",PR32,0,0
P:2744,2744,Galpasa,Roslenceetti,F,1986-03-05,1986,Fozoello,"174 Via Lenmar, Fozoello",PR32,0,0
P:2745,2745,Nibao,Pasgiotina,M,1980-07-28,1980,Gioferino,"2 Via Dilo Nuova, Gioferino",PR10,0,0
P:2746,2746,Bagala,Lovala,F,1984-07-19,1984,Galviano,"2 Via Dilo Nuova, Gioferino",PR10,0,0
P:2747,2747,Foreno,Tinbermona,M,1975-07-20,1975,Galloello,"65 Via Rence Nuova, Galloello",PR33,0,0
P:2748,2748,Potea,Paslenetti,F,1978-03-10,1978,Dimeano,"65 Via Rence Nuova, Galloello",PR33,0,0
P:2749,2749,Poteo,Zocaloa,M,1943-11-06,1943,Galcorona,"30 Via Tepas Nuova, Galcorona",PR43,0,0
P:2750,2750,Ferloo,Focezoi,M,1951-12-08,1951,Diviino,"30 Via Tepas Nuova, Galcorona",PR43,0,0
P:2751,2751,Tincea,Zocaloa,F,1968-12-01,1968,Galcorona,"193 Via Danfer Nuova, Galcorona",PR43,0,0
P:2752,2752,Vibao,Lovala,M,1972-03-20,1972,Tegalano,"117 Via Zocor Vecchia, Tegalano",PR13,0,0
P:2753,2753,Galfoa,Zogalmeini,F,1971-06-01,1971,Galruello,"117 Via Zocor Vecchia, Tegalano",PR13,0,0
P:2754,2754,Gupasa,Lovala,F,1998-06-14,1998,Tegalano,"67 Via Memar Nuova, Tegalano",PR13,0,0
P:2755,2755,Giozoo,Pasgiotina,M,1957-09-09,1957,Valvalello,"79 Via Temar Vecchia, Sapasino",PR56,0,0
P:2756,2756,Dirosa,Tinbermona,F,1955-09-01,1955,Bacorino,"145 Via Niber, Tegalano",PR56,0,0
P:2757,2757,Lacoro,Tinbermona,M,1978-06-24,1978,Capasello,"171 Via Corni, Capasello",PR27,0,0
P:2758,2758,Lagioa,Tinbermona,F,1985-02-27,1985,Renmarona,"148 Via Zote Vecchia, Rosniello",PR27,0,0
P:2759,2759,Rensaa,Tinbermona,F,2005-02-13,2005,Capasello,"171 Via Corni, Capasello",PR27,0,0
P:2760,2760,Cafero,Paslao,M,1954-08-04,1954,Loguino,"173 Via Ferba, Loguino",PR06,0,0
P:2761,2761,Pogua,Tinsavala,F,1956-03-14,1956,Cemeello,"26 Via Rosce Vecchia, Bagioano",PR06,0,0
P:2762,2762,Mebero,Tinbermona,M,1966-11-01,1966,Dimeano,"77 Via Cecor Vecchia, Dimeano",PR37,0,0
P:2763,2763,Giotea,Tinbermona,F,1959-10-15,1959,Vifoello,"77 Via Cecor Vecchia, Dimeano",PR37,0,0
P:2764,2764,Cabao,Tinbermona,M,1996-06-04,1996,Tinrenino,"77 Via Cecor Vecchia, Dimeano",PR37,0,0
P:2765,2765,Guzoa,Tinbermona,F,1993-11-18,1993,Dimeano,"95 Via Gupo Vecchia, Dimeano",PR37,0,0
P:2766,2766,Valmaro,Tinbermona,M,2001-05-25,2001,Pasbaello,"130 Via Rosgio Nuova, Dimeano",PR37,0,0
P:2767,2767,Ferruo,Tinbermona,M,1942-02-01,1942,Bermonona,"155 Via Monla Vecchia, Bermonona",PR15,0,0
P:2768,2768,Mondana,Vimetinetti,F,1946-07-06,1946,Guberona,"155 Via Monla Vecchia, Bermonona",PR15,0,0
P:2769,2769,Lomea,Tinbermona,F,1975-02-22,1975,Bermonona,"171 Via Valmon Nuova, Zolenano",PR15,0,0
P:2770,2770,Cabera,Tinbermona,F,1972-03-26,1972,Tinviino,"155 Via Monla Vecchia, Bermonona",PR15,0,0
P:2771,2771,Fercoro,Tinbermona,M,1966-02-11,1966,Cordiano,"111 Via Teca Nuova, Bermonona",PR15,0,0
P:2772,2772,Nifoo,Pasterui,M,1950-01-27,1950,Laruino,"8 Via Ladi, Tegalano",PR13,0,0
P:2773,2773,Vicaa,Nicateo,F,1951-11-15,1951,Lagioino,"37 Via Zoru Vecchia, Sapasino",PR13,0,0
P:2774,2774,Cadana,Pasterui,F,1977-07-05,1977,Laruino,"196 Via Guba Nuova, Laruino",PR13,0,0
P:2775,2775,Giozoo,Nicateo,M,1971-11-09,1971,Rospasano,"133 Via Corsa Vecchia, Rospasano",PR44,0,0
P:2776,2776,Pastino,Zogalteo,M,1975-08-19,1975,Zoberona,"133 Via Corsa Vecchia, Rospasano",PR44,0,0
P:2777,2777,Pasmeo,Nicateo,M,1998-03-28,1998,Rospasano,"70 Via Bame, Rospasano",PR44,0,0
P:2778,2778,Cetino,Ladrna,M,1960-03-07,1960,Marvalello,"51 Via Margal Nuova, Marvalello",PR07,0,0
P:2779,2779,Cepoa,Marfomoni,F,1960-05-11,1960,Guvalano,"51 Via Margal Nuova, Marvalello",PR07,0,0
P:2780,2780,Pomea,Ladana,F,1993-06-01,1993,Marvalello,"14 Via Fertin Nuova, Marvalello",PR07,0,0
P:2781,2781,Cabero,Rencordietti,M,1958-08-12,1958,Saguino,"60 Via Tingu Nuova, Saguino",PR15,0,0
P:2782,2782,Lenpoo,Badilaetti,M,1962-10-13,1962,Bacorino,"60 Via Tingu Nuova, Saguino",PR15,0,0
P:2783,2783,Zolao,Rencordierti,M,1991-10-18,1991,Gupasona,"193 Via Runi Nuova, Saguino",PR15,0,0
P:2784,2784,Lenrosa,Rencordietti,F,1991-05-21,1991,Saguino,"60 Via Tingu Nuova, Saguino",PR15,0,0
P:2785,2785,Focoro,Lendio,M,1952-09-01,1952,Meviona,"161 Via Lenfo, Meviona",PR05,0,0
P:2786,2786,Rendana,Tegioa,F,1960-04-14,1960,Danloello,"161 Via Lenfo, Meviona",PR05,0,0
P:2787,2787,Rosmaro,Lendio,M,1987-02-28,1987,Meviona,"98 Via Gupo Vecchia, Monvalona",PR05,0,0
P:2788,2788,Renvio,Lendio,M,1978-08-14,1978,Giofoano,"161 Via Lenfo, Meviona",PR05,0,0
P:2789,2789,Bapasa,Lendio,F,1986-10-11,1986,Melaona,"25 Via Podi, Meviona",PR05,0,0
P:2790,2790,Mefoo,Giofoini,M,1956-12-24,1956,Lagioino,"129 Via Bala Nuova, Lagioino",PR59,0,0
P:2791,2791,Lamona,Zocaloa,F,1954-07-18,1954,Lenloino,"129 Via Bala Nuova, Lagioino",PR59,0,0
P:2792,2792,Gutina,Giofoini,F,1982-04-20,1982,Paspoano,"129 Via Bala Nuova, Lagioino",PR59,0,0
P:2793,2793,Galpoa,Giofiini,F,1981-12-08,1981,Tegalino,"129 Via Bala Nuova, Lagioino",PR59,0,0
P:2794,2794,Cadio,Valtegua,M,1984-07-02,1984,Fotinino,"168 Via Roscor, Danloello",PR15,0,0
P:2795,2795,Corloa,Giofoini,F,1985-05-19,1985,Corniano,"50 Via Sagu Vecchia, Fotinino",PR15,0,0
P:2796,2796,Cafero,Lenmeceo,M,1942-09-25,1942,Caberano,"116 Via Ferval Vecchia, Caberano",PR05,0,0
P:2797,2797,Marlena,Monpasi,F,1935-09-24,1935,Tinsaona,"26 Via Lenfo, Nidiona",PR05,0,0
P:2798,2798,Renvala,Lenmeceo,F,1974-11-28,1974,Caberano,"116 Via Ferval Vecchia, Caberano",PR05,0,0
P:2799,2799,Sania,Lenmeceo,F,1966-06-02,1966,Renlenano,"159 Via Poros Vecchia, Caberano",PR05,0,0
P:2800,2800,Rusao,Galcedana,M,1971-07-07,1971,Laruino,"110 Via Cecor Vecchia, Laruino",PR13,0,0
P:2801,2801,Corlena,Dinia,F,1966-01-11,1966,Lenrosano,"110 Via Cecor Vecchia, Laruino",PR13,0,0
P:2802,2802,Monloo,Monpasi,M,1954-08-24,1954,Gallaano,"107 Via Ferdan Vecchia, Gallaano",PR58,0,0
P:2803,2803,Bagala,Lenguetti,F,1960-01-17,1960,Bermonona,"107 Via Ferdan Vecchia, Gallaano",PR58,0,0
P:2804,2804,Lomea,Monpasi,F,1987-02-09,1987,Gallaano,"69 Via Galte, Gallaano",PR58,0,0
P:2805,2805,Viceo,Monpasi,M,1987-06-23,1987,Gallaano,"171 Via Berzo Vecchia, Gallaano",PR58,0,0
P:2806,2806,Logioo,Giomaretti,M,1945-09-23,1945,Paspoano,"139 Via Medi Vecchia, Paspoano",PR33,0,0
P:2807,2807,Podia,Guteo,F,1950-12-17,1950,Cordiano,"139 Via Medi Vecchia, Paspoano",PR33,0,0
P:2808,2808,Direno,Zocaloa,M,1949-09-09,1949,Pasberino,"130 Via Berba Nuova, Cordiano",PR01,0,0
P:2809,2809,Saguo,Tinbermona,M,1963-02-18,1963,Zopoello,"149 Via Lani Nuova, Zopoello",PR37,0,0
P:2810,2810,Sarena,Pasgiotina,F,1968-03-24,1968,Berniino,"149 Via Lani Nuova, Zopoello",PR37,0,1
P:2811,2811,Giozoo,Badilaetti,M,1974-02-04,1974,Vipasano,"52 Via Mefo Nuova, Vipasano",PR47,0,1
P:2812,2812,Potea,Tebagui,F,1969-03-22,1969,Cemarona,"52 Via Mefo Nuova, Vipasano",PR47,0,0
P:2813,2813,Mebero,Vibadanini,M,1957-07-28,1957,Tecorello,"150 Via Lendan Vecchia, Tecorello",PR36,0,0
P:2814,2814,Monsao,Valgala,M,1955-11-07,1955,Tinzoello,"57 Via Rusa Nuova, Tinzoello",PR56,0,0
P:2815,2815,Nimea,Lenmeceo,F,1948-01-24,1948,Renpoano,"57 Via Rusa Nuova, Tinzoello",PR56,0,0
P:2816,2816,Zoteo,Gulaa,M,1983-02-28,1983,Gupasano,"118 Via Cemon Nuova, Gupasano",PR12,0,0
P:2817,2817,Zoloa,Lovalgioini,F,1985-12-23,1985,Bervalino,"17 Via Caren, Paslenona",PR12,0,0
P:2818,2818,Focoro,Rencorrui,M,1953-12-14,1953,Runiona,"92 Via Vimon, Runiona",PR05,0,0
P:2819,2819,Danvio,Monpasi,M,1983-09-22,1983,Galviano,"40 Via Bame, Galviano",PR31,0,0
P:2820,2820,Zocao,Monlaetti,M,1947-06-03,1947,Vipasano,"68 Via Corte Nuova, Vipasano",PR47,0,0
P:2821,2821,Lagioa,Renfoceini,F,1943-10-11,1943,Galloello,"68 Via Corte Nuova, Vipasano",PR47,0,0
P:2822,2822,Zopoa,Monlaetti,F,1971-09-02,1971,Vipasano,"68 Via Corte Nuova, Vipasano",PR47,0,0
P:2823,2823,Fovia,Monlaetti,F,1972-11-02,1972,Vipasano,"68 Via Corte Nuova, Vipasano",PR47,0,0
P:2824,2824,Ferloo,Renruo,M,1951-06-18,1951,Valberona,"122 Via Valpo, Ferberano",PR02,0,0
P:2825,2825,Monzoa,Valceloo,F,1957-07-22,1957,Gucorello,"58 Via Renvi Vecchia, Valberona",PR02,1,0
P:2826,2826,Tecoro,Nipocai,M,1966-05-21,1966,Lenpasona,"88 Via Telen, Lenpasona",PR38,0,0
P:2827,2827,Galfoa,Nipocai,F,1972-09-16,1972,Cemarona,"88 Via Telen, Lenpasona",PR38,0,0
P:2828,2828,Cabao,Valberfero,M,1953-04-10,1953,Dancaona,"180 Via Danren, Dancaona",PR32,0,0
P:2829,2829,Pomona,Giofoini,F,1955-10-03,1955,Bervalino,"180 Via Danren, Dancaona",PR32,0,0
P:2830,2830,Visao,Cameo,M,1969-03-18,1969,Cameano,"120 Via Bame Vecchia, Cameano",PR04,0,0
P:2831,2831,Corloa,Cameo,F,1967-12-28,1967,Viberello,"77 Via Bala Nuova, Terosello",PR04,0,0
P:2832,2832,Saguo,Nicateo,M,1945-05-26,1945,Cecorino,"133 Via Berber Nuova, Dancaona",PR18,0,0
P:2833,2833,Fonio,Galdiini,M,1959-11-05,1959,Meviona,"183 Via Safo Vecchia, Meviona",PR05,0,0
P:2834,2834,Dirosa,Galdiini,F,1963-09-07,1963,Berlenello,"183 Via Safo Vecchia, Meviona",PR05,0,0
P:2835,2835,Galvio,Ltnmeceo,M,1951-02-20,1951,Corloano,"27 Via Mepas Nuova, Vigioano",PR56,0,0
P:2836,2836,Dirosa,Lalenrui,F,1954-04-20,1954,Lopoino,"176 Via Fergu Vecchia, Rospasano",PR56,0,0
P:2837,2837,Cabao,Gutepasetti,M,1952-09-08,1952,Lenloino,"59 Via Popo Nuova, Lenloino",PR25,1,0
P:2838,2838,Bercora,Tinbermona,F,1958-12-25,1958,Renlenano,"59 Via Popo Nuova, Lenloino",PR25,0,0
P:2839,2839,Batina,Gutepasetti,F,1986-10-15,1986,Guberona,"154 Via Fogu, Lenloino",PR25,0,0
P:2840,2840,Rudio,Gutepasetti,M,1976-04-17,1976,Roslenano,"59 Via Popo Nuova, Lenloino",PR25,0,0
P:2841,2841,Focoro,Guteo,M,1970-02-15,1970,Giofoano,"143 Via Guni, Giofoano",PR32,0,0
P:2842,2842,Lalaa,Tinsavala,F,1963-10-08,1963,Bagalello,"143 Via Guni, Giofoano",PR32,0,0
P:2843,2843,Foreno,Tinbermona,M,1948-04-08,1948,Renpoano,"144 Via Nigu, Bagalello",PR28,0,0
P:2844,2844,Tinbao,Berrosgua,M,1944-02-20,1944,Saruano,"192 Via Bavi Vecchia, Saruano",PR13,0,0
P:2845,2845,Galnia,Berrosgua,F,1946-11-24,1946,Galdiino,"43 Via Cemon Nuova, Pasbaello",PR13,0,0
P:2846,2846,Bergalo,Cagioo,M,1959-02-12,1959,Ruguano,"61 Via Ceru Vecchia, Ruguano",PR07,0,0
P:2847,2847,Nibera,Tinbermona,F,1959-12-22,1959,Marmonano,"61 Via Ceru Vecchia, Ruguano",PR07,0,0
P:2848,2848,Pasgalo,Tinbermona,M,1944-09-09,1944,Danzoano,"8 Via Cemar, Danzoano",PR35,0,0
P:2849,2849,Bercaa,Lalorosetti,F,1951-12-14,1951,Monteino,"8 Via Cemar, Danzoano",PR35,0,0
P:2850,2850,Renvio,Corruteetti,M,1982-07-07,1982,Ferrosona,"4 Via Meni Nuova, Ferrosona",PR04,0,0
P:2851,2851,Fermea,Pocoro,F,1986-02-23,1986,Polenona,"4 Via Meni Nuova, Ferrosona",PR04,0,0
P:2852,2852,Zoceo,Corruteetti,M,2015-05-24,2015,Samarona,"4 Via Meni Nuova, Ferrosona",PR04,0,0
P:2853,2853,Gumaro,Tinlengioa,M,1943-10-22,1943,Renteona,"155 Via Giote Nuova, Renteona",PR32,0,0
P:2854,2854,Danfoo,Lovalgioini,M,1940-12-21,1940,Berlenello,"150 Via Fertin Nuova, Berlenello",PR54,0,0
P:2855,2855,Temeo,Tinsavala,M,1946-12-07,1946,Zotinano,"72 Via Cavi, Zotinano",PR50,0,0
P:2856,2856,Danfero,Lenmeceo,M,1979-04-11,1979,Mezoino,"54 Via Tingu, Poniano",PR24,0,0
P:2857,2857,Bagala,Cagioo,F,1980-12-11,1980,Poniano,"161 Via Fosa Vecchia, Mezoino",PR24,0,0
P:2858,2858,Foguo,Monpasi,M,1958-11-28,1958,Rencorona,"23 Via Berni, Rencorona",PR28,0,0
P:2859,2859,Sapasa,Valgala,F,1966-12-25,1966,Nicaona,"23 Via Berni, Rencorona",PR28,0,0
P:2860,2860,Nifoo,Valvalini,M,1954-01-07,1954,Giocorello,"188 Via Medan Vecchia, Giocorello",PR06,0,0
P:2861,2861,Danpaso,Lenmeceo,M,1956-10-15,1956,Bamarano,"112 Via Danzo Nuova, Bamarano",PR02,0,0
P:2862,2862,Barosa,Lateo,F,1961-07-02,1961,Galloello,"112 Via Danzo Nuova, Bamarano",PR02,0,0
P:2863,2863,Ferruo,Lenguetti,M,1982-07-25,1982,Vigioano,"73 Via Rosdi, Vigioano",PR36,0,0
P:2864,2864,Danfoo,Cagioo,M,1945-11-02,1945,Pomeello,"73 Via Cetin Nuova, Pomeello",PR49,0,0
P:2865,2865,Memeo,Lozoo,M,1963-10-27,1963,Roslaino,"134 Via Roszo Vecchia, Cemarona",PR30,0,0
P:2866,2866,Lenloa,Tinbermona,F,1970-07-23,1970,Camarano,"67 Via Marsa Vecchia, Roslaino",PR30,0,0
P:2867,2867,Fozoo,Tinbermona,M,1961-12-21,1961,Poloano,"128 Via Saru Vecchia, Poloano",PR17,0,0
P:2868,2868,Pomona,Gioferini,F,1954-04-05,1954,Cegalino,"128 Via Saru Vecchia, Poloano",PR17,0,0
P:2869,2869,Giofoo,Tinbermona,M,1990-11-25,1990,Poloano,"128 Via Saru Vecchia, Poloano",PR17,0,0
P:2870,2870,Vitina,Tinbermona,F,1986-06-07,1986,Galniona,"128 Via Saru Vecchia, Poloano",PR17,0,0
P:2871,2871,Vimaro,Tinbermona,M,1987-01-11,1987,Valberona,"128 Via Saru Vecchia, Poloano",PR17,0,0
P:2872,2872,Poceo,Badilaetti,M,1945-08-14,1945,Tinrenino,"144 Via Fotin Vecchia, Tinrenino",PR52,0,0
P:2873,2873,Monteo,Bervio,M,1976-05-08,1976,Monvalona,"43 Via Ditin Nuova, Monvalona",PR52,0,0
P:2874,2874,Tinfera,Tinbermona,F,1975-11-18,1975,Tegalino,"43 Via Ditin Nuova, Monvalona",PR52,0,0
P:2875,2875,Monleno,Lorosa,M,1981-04-06,1981,Caviona,"190 Via Tegu Vecchia, Caviona",PR48,0,0
P:2876,2876,Cepoa,Lorosa,F,1984-05-16,1984,Gupasona,"51 Via Roszo Vecchia, Roslaano",PR48,0,0
P:2877,2877,Zocao,Galgulena,M,1953-11-21,1953,Galmeano,"185 Via Dance Vecchia, Galmeano",PR29,0,0
P:2878,2878,Monzoa,Galgulena,F,1955-04-12,1955,Baferano,"194 Via Corni, Runiona",PR29,0,0
P:2879,2879,Cepaso,Giofoini,M,1945-04-06,1945,Saruano,"19 Via Danru Nuova, Saruano",PR25,0,0
P:2880,2880,Logioo,Cormeo,M,1968-08-16,1968,Tinloona,"27 Via Vila Nuova, Tinloona",PR11,0,0
P:2881,2881,Mondana,Valruvii,F,1975-04-06,1975,Poruello,"54 Via Cetin, Teferello",PR11,0,0
P:2882,2882,Loreno,Tinbermona,M,1948-08-14,1948,Lapasino,"43 Via Guni Vecchia, Lapasino",PR22,0,0
P:2883,2883,Renpasa,Tinbermona,F,1943-01-09,1943,Zotinano,"43 Via Guni Vecchia, Lapasino",PR22,0,0
P:2884,2884,Calaa,sinbermona,F,1977-04-01,1977,Cedanino,"49 Via Fotin Nuova, Lapasino",PR22,0,0
P:2885,2885,Cabao,Lenmeceo,M,1955-07-12,1955,Gulaello,"1 Via Galdi Vecchia, Gulaello",PR16,0,0
P:2886,2886,Niroso,Tinbermona,M,1961-12-06,1961,Rospasano,"181 Via Lenfo Nuova, Rospasano",PR44,0,0
P:2887,2887,Rufoo,Cagioo,M,1965-05-26,1965,Galberano,"53 Via Ditin Nuova, Galberano",PR42,0,0
P:2888,2888,Ferloo,Ruzoini,M,1967-12-13,1967,Nidiano,"39 Via Gudi Vecchia, Nidiano",PR49,0,0
P:2889,2889,Vimea,Tegunietti,F,1971-06-05,1971,Danloino,"39 Via Gudi Vecchia, Nidiano",PR49,0,0
P:2890,2890,Marlena,Ruzoini,F,1998-02-18,1998,Saruano,"39 Via Gudi Vecchia, Nidiano",PR49,0,0
P:2891,2891,Renvio,Ruzoini,M,1995-03-05,1995,Monlenino,"176 Via Tinval, Nidiano",PR49,0,0
P:2892,2892,Lagalo,Ruzoini,M,1998-03-06,1998,Nidiano,"39 Via Gudi Vecchia, Nidiano",PR49,0,0
P:2893,2893,Ferroso,Giofoini,M,1942-09-07,1942,Marvalello,"60 Via Came, Marvalello",PR07,0,0
P:2894,2894,Ferfera,Sacereno,F,1936-01-11,1936,Marrenona,"128 Via Nivi Vecchia, Lapasino",PR07,1,1
P:2895,2895,Pasmeo,Giofoini,M,1951-08-24,1951,Saloino,"96 Via Valgu, Saloino",PR29,0,0
P:2896,2896,Foguo,Tinbermona,M,1975-05-21,1975,Zolenano,"30 Via Cortin Vecchia, Zolenano",PR03,0,0
P:2897,2897,Danruo,Valceetti,M,1951-09-11,1951,Nidiona,"10 Via Pomon Nuova, Nidiona",PR31,0,0
P:2898,2898,Lagioa,Monpasi,F,1943-07-12,1943,Capasello,"105 Via Teca Nuova, Galteino",PR31,0,0
P:2899,2899,Memeo,Valceetti,M,1985-09-05,1985,Nidiona,"10 Via Pomon Nuova, Nidiona",PR31,0,0
P:2900,2900,Guteo,Lovalgioini,M,1961-02-01,1961,Gupasano,"164 Via Valfer Nuova, Gupasano",PR12,0,0
P:2901,2901,Lonia,Giofoini,F,1966-11-17,1966,Tegalano,"164 Via Valfer Nuova, Gupasano",PR12,0,0
P:2902,2902,Calaa,Lovalgioini,F,1985-08-04,1985,Logalano,"172 Via Renren Vecchia, Gupasano",PR12,0,0
P:2903,2903,Tinbao,ribateini,M,1981-11-17,1981,Meviona,"165 Via Nigu, Meviona",PR05,0,0
P:2904,2904,Lagalo,Renruo,M,1961-11-12,1961,Poniino,"189 Via Danzo Nuova, Poniino",PR26,0,0
P:2905,2905,Gutina,Tinbermona,F,1956-03-05,1956,Galdanano,"165 Via Rosgio Nuova, Cegalino",PR26,0,0
P:2906,2906,Tesao,Giodia,M,1962-10-17,1962,Renteona,"62 Via Bergu Nuova, Renteona",PR04,0,0
P:2907,2907,Tincora,Tinbermona,F,1954-08-18,1954,Pomeino,"62 Via Bergu Nuova, Renteona",PR04,0,0
P:2908,2908,Cabao,Giolapoo,M,1957-02-07,1957,Fogioona,"162 Via Renvi Vecchia, Dicorino",PR56,0,0
P:2909,2909,Locaa,Pasgiotina,F,1954-09-17,1954,Cormarano,"86 Via Cormon Nuova, Fogioona",PR56,0,0
P:2910,2910,Renbero,Giolapoo,M,1985-07-13,1985,Fogioona,"86 Via Cormon Nuova, Fogioona",PR56,1,0
P:2911,2911,Galpasa,Giolapoo,F,1986-03-05,1986,Fogioona,"86 Via Cormon Nuova, Fogioona",PR56,0,0
P:2912,2912,Saguo,Tinbermona,M,1971-07-08,1971,Renpoano,"11 Via Valpo Nuova, Zopoello",PR28,0,0
P:2913,2913,Batina,Niferfoini,F,1963-01-13,1963,Valceano,"59 Via Monla Vecchia, Bergalello",PR28,0,0
P:2914,2914,Batino,Tinbermona,M,2006-01-15,2006,Renpoano,"42 Via Niros Vecchia, Renpoano",PR28,0,0
P:2915,2915,Valsao,Rosmebai,M,1958-09-20,1958,Guvalino,"107 Via Giopo Nuova, Guvalino",PR44,0,0
P:2916,2916,Cabera,Corpoleno,F,1954-01-23,1954,Marlaano,"107 Via Giopo Nuova, Guvalino",PR44,0,0
P:2917,2917,Valmaro,Tinbermona,M,1957-04-11,1957,Saguello,"172 Via Galren, Saguello",PR18,0,0
P:2918,2918,Nidia,Tinbermona,F,1965-07-12,1965,Ladiona,"172 Via Galren, Saguello",PR18,0,0
P:2919,2919,Lacoro,Tinbermona,M,1987-05-19,1987,Saguello,"27 Via Baba Vecchia, Saguello",PR18,0,0
P:2920,2920,Lenzoo,Cagioo,M,1981-01-02,1981,Galgioello,"147 Via Giovi Vecchia, Galgioello",PR03,0,0
P:2921,2921,Diceo,Lencarosini,M,1965-09-28,1965,Correnona,"70 Via Galtin, Zotinano",PR17,0,0
P:2922,2922,Nifoa,Monpasi,F,1965-11-08,1965,Bervalino,"119 Via Lofo Nuova, Correnona",PR17,0,0
P:2923,2923,Mardano,Lencarosini,M,1992-03-18,1992,Tegalino,"119 Via Lofo Nuova, Correnona",PR17,0,0
P:2924,2924,Valsao,Marmedanini,M,1949-07-03,1949,Marrosino,"80 Via Vimar Nuova, Marrosino",PR11,0,0
P:2925,2925,Bermara,Marmedanini,F,1941-01-03,1941,Galcorino,"181 Via Marvi Vecchia, Gulaello",PR11,0,0
P:2926,2926,Visao,Giofoini,M,1946-02-23,1946,Saruano,"194 Via Danren Vecchia, Saruano",PR13,0,0
P:2927,2927,Giotea,Giofoini,F,1950-10-27,1950,Viberello,"63 Via Tegu Vecchia, Valloona",PR13,0,0
P:2928,2928,Batina,Giofoini,F,1972-08-19,1972,Saruano,"106 Via Corval Nuova, Saruano",PR13,0,0
P:2929,2929,Vicoro,Tinpascai,M,1969-06-13,1969,Baferano,"37 Via Valpo Vecchia, Bermonona",PR48,1,0
P:2930,2930,Bermara,Monpasi,F,1971-08-28,1971,Rencorona,"13 Via Pofo Vecchia, Vigioano",PR48,0,0
P:2931,2931,Locao,Nimarini,M,1953-08-28,1953,Gioceino,"80 Via Diren Vecchia, Gioceino",PR08,0,0
P:2932,2932,Bagala,Bervio,F,1954-10-24,1954,Rosrosano,"80 Via Diren Vecchia, Gioceino",PR08,0,0
P:2933,2933,Giodano,Cagioo,M,1963-01-06,1963,Meguello,"50 Via Galmon Vecchia, Meguello",PR16,0,0
P:2934,2934,Fonio,Galloi,M,1969-11-28,1969,Dangioino,"189 Via Lenmar, Dangioino",PR53,0,0
P:2935,2935,Porosa,Tinsavala,F,1975-07-13,1975,Foceano,"189 Via Lenmar, Dangioino",PR53,0,0
P:2936,2936,Ditino,Tinbermona,M,1981-10-04,1981,Ladiona,"101 Via Cemar, Ladiona",PR07,0,0
P:2937,2937,Galgala,Tinbermona,F,1979-07-11,1979,Gallaano,"101 Via Cemar, Ladiona",PR07,0,0
P:2938,2938,Valleno,Lenmeceo,M,1969-12-27,1969,Diviano,"168 Via Pasfer Nuova, Lagioino",PR14,0,0
P:2939,2939,Giogala,Cagioo,F,1969-08-20,1969,Dipoello,"113 Via Lenfo, Diviano",PR14,0,0
P:2940,2940,Celena,Lenmeceo,F,1999-01-25,1999,Meviona,"113 Via Lenfo, Diviano",PR14,0,0
P:2941,2941,Bervalo,Corcemaro,M,1966-08-17,1966,Giomeino,"14 Via Dandan Nuova, Giomeino",PR08,0,0
P:2942,2942,Giogala,Lamargui,F,1962-10-17,1962,Cetinona,"14 Via Dandan Nuova, Giomeino",PR08,0,0
P:2943,2943,Corloo,Corcemaro,M,1995-12-26,1995,Giomeino,"51 Via Danme Nuova, Giomeino",PR08,0,0
P:2944,2944,Caleno,Corcemaro,M,1995-07-25,1995,Giomeino,"62 Via Visa, Giomeino",PR08,0,0
P:2945,2945,Rucora,Corcemaro,F,1994-01-01,1994,Bervalino,"14 Via Dandan Nuova, Giomeino",PR08,0,0
P:2946,2946,Pasgalo,Tinbermona,M,1943-05-23,1943,Terosello,"156 Via Cemar, Terosello",PR12,0,0
P:2947,2947,Batina,Galrenini,F,1936-07-09,1936,Viruino,"156 Via Cemar, Terosello",PR12,0,0
P:2948,2948,Gupoo,Tinbermona,M,1976-02-28,1976,Bacorello,"156 Via Cemar, Terosello",PR12,0,0
P:2949,2949,Ferroso,Lenmeceo,M,1978-09-07,1978,Tegalino,"173 Via Mecor Nuova, Tegalino",PR45,0,0
P:2950,2950,Cesaa,Danfoetti,F,1977-04-11,1977,Marfoano,"173 Via Mecor Nuova, Tegalino",PR45,0,0
P:2951,2951,Giolao,Lenmeceo,M,2006-04-12,2006,Tegalino,"173 Via Mecor Nuova, Tegalino",PR45,0,0
P:2952,2952,Bagalo,Ladani,M,1982-04-02,1982,Rosmeello,"9 Via Didan, Rosmeello",PR42,0,0
P:2953,2953,Saloa,Giofoini,F,1979-01-10,1979,Pasdanona,"9 Via Didan, Rosmeello",PR42,0,0
P:2954,2954,Moncaa,Ladani,F,2009-01-04,2009,Vallenello,"2 Via Meber Nuova, Gupasona",PR42,0,0
P:2955,2955,Fomaro,Ladani,M,2014-07-21,2014,Fogioona,"185 Via Lagio Vecchia, Rosmeello",PR42,0,0
P:2956,2956,Danvio,Corlenetti,M,1983-01-01,1983,Lasaino,"188 Via Valdan Vecchia, Lasaino",PR41,0,0
P:2957,2957,Danfero,Tinbermona,M,1963-09-07,1963,Zotinano,"175 Via Valte, Zotinano",PR50,0,0
P:2958,2958,Larua,Tinbermona,F,1964-11-28,1964,Cetinona,"175 Via Valte, Zotinano",PR50,0,0
P:2959,2959,Bagalo,Nimarini,M,1955-04-25,1955,Dicorino,"128 Via Poca, Dicorino",PR22,0,0
P:2960,2960,Ferroso,Monlogioetti,M,1945-10-28,1945,Gucorello,"171 Via Memar Nuova, Gucorello",PR33,0,0
P:2961,2961,Lavala,Lenmeceo,F,1951-07-11,1951,Cedanino,"171 Via Memar Nuova, Gucorello",PR33,0,0
P:2962,2962,Lodana,Monlogioetti,F,1974-11-15,1974,Teceino,"43 Via Pasmar Nuova, Gucorello",PR33,0,0
P:2963,2963,Memeo,Giofoini,M,1954-10-26,1954,Tinrosino,"70 Via Lalen Nuova, Tinrosino",PR03,0,0
P:2964,2964,Cafero,Banio,M,1979-01-18,1979,Saloino,"23 Via Guvi Nuova, Saloino",PR29,0,0
P:2965,2965,Nimea,Tinbermona,F,1976-05-25,1976,Saloino,"23 Via Guvi Nuova, Saloino",PR29,0,0
P:2966,2966,Memeo,ranio,M,2014-03-10,2014,Fozoello,"23 Via Guvi Nuova, Saloino",PR29,0,0
P:2967,2967,Sasao,Rupoo,M,1982-01-26,1982,Marmonano,"192 Via Fersa, Marmonano",PR09,0,0
P:2968,2968,Gionio,Renruo,M,1978-10-17,1978,Cemarona,"66 Via Temar Vecchia, Cemarona",PR27,0,0
P:2969,2969,Monbero,Marmedanini,M,1955-01-20,1955,Tindiona,"120 Via Valfer Nuova, Tindiona",PR55,0,0
P:2970,2970,Ferrosa,Marmedanini,F,1948-04-24,1948,Dipoello,"120 Via Valfer Nuova, Tindiona",PR55,0,0
P:2971,2971,Gucao,Danferpasetti,M,1954-03-28,1954,Foceino,"83 Via Rucor Vecchia, Foceino",PR39,0,0
P:2972,2972,Vidano,Rencapaso,M,1984-08-28,1984,Diviino,"85 Via Bagio Nuova, Diviino",PR19,0,0
P:2973,2973,Tinnio,Nicateo,M,1966-09-01,1966,Poloano,"15 Via Polo Nuova, Poloano",PR17,0,0
P:2974,2974,Difero,Lenmeaeo,M,1962-05-26,1962,Bamarano,"184 Via Baca Vecchia, Bamarano",PR01,0,0
P:2975,2975,Corloo,Pocoro,M,1981-11-22,1981,Bermeello,"99 Via Bapas, Bermeello",PR47,0,0
P:2976,2976,Bersao,Badilaetti,M,1956-12-17,1956,Nimonino,"46 Via Pasmon, Nimonino",PR55,0,0
P:2977,2977,Giozoo,Runietti,M,1952-01-16,1952,Nimonino,"148 Via Marsa Vecchia, Nimonino",PR55,0,0
P:2978,2978,Podia,Runaetti,F,1949-04-04,1949,Pozoino,"151 Via Tela Nuova, Danloello",PR55,0,0
P:2979,2979,Renvio,Lendiini,M,1982-06-13,1982,Tinberino,"156 Via Lomar, Tinberino",PR21,0,0
P:2980,2980,Galmona,Rosruo,F,1978-03-24,1978,Viberello,"102 Via Telen, Lolaello",PR21,0,0
P:2981,2981,Ditino,Nimea,M,1965-12-10,1965,Metinello,"77 Via Corce Vecchia, Gulaello",PR09,0,0
P:2982,2982,Difoa,Lorosa,F,1969-03-23,1969,Galniona,"139 Via Gucor Nuova, Merenano",PR09,0,0
P:2983,2983,Mebao,Cepasa,M,1979-04-23,1979,Ferrosino,"126 Via Rudi, Ferrosino",PR35,0,0
P:2984,2984,Galdana,Cepesa,F,1982-03-23,1982,Valberona,"126 Via Rudi, Ferrosino",PR35,0,0
P:2985,2985,Tinvalo,Pocoro,M,1978-05-27,1978,Tegalano,"66 Via Valpo Vecchia, Tegalano",PR13,0,0
P:2986,2986,Tecoro,Tinbermona,M,1945-01-20,1945,Badiano,"20 Via Zogu Vecchia, Badiano",PR57,0,0
P:2987,2987,Bercaa,Zocaloa,F,1941-01-11,1941,Correnano,"20 Via Zogu Vecchia, Badiano",PR57,0,0
P:2988,2988,Direno,Tinbermona,M,1971-10-15,1971,Badiano,"20 Via Zogu Vecchia, Badiano",PR57,0,0
P:2989,2989,Tinnio,Pasgiotina,M,1959-06-01,1959,Galmeano,"75 Via Tela Nuova, Renteona",PR29,0,0
P:2990,2990,Moncao,Galcedana,M,1941-06-19,1941,Marpasano,"180 Via Nigu, Marpasano",PR20,0,0
P:2991,2991,Moncao,Lesgaletti,M,1983-04-28,1983,Foceano,"152 Via Baba Vecchia, Foceano",PR16,0,0
P:2992,2992,Berceo,Balenetti,M,1963-02-15,1963,Monlenino,"53 Via Cace Nuova, Monlenino",PR43,0,0
P:2993,2993,Marfoo,Gudio,M,1981-08-25,1981,Rensaino,"55 Via Corsa, Rensaino",PR22,0,0
P:2994,2994,Nimono,Fofolai,M,1942-07-07,1942,Ferdiino,"186 Via Lolen Nuova, Ferdiino",PR42,0,0
P:2995,2995,Lodana,Fofolai,F,1934-08-04,1934,Poruello,"4 Via Niber, Digalello",PR42,0,1
P:2996,2996,Fozoo,Fofolai,M,1972-02-11,1972,Ferdiino,"34 Via Cemar, Ferdiino",PR42,0,0
P:2997,2997,Lenpoo,Tinbermona,M,1966-05-16,1966,Saloino,"154 Via Renren Vecchia, Saloino",PR29,0,0
P:2998,2998,Gionio,Tinbermona,M,1975-03-19,1975,Rosdanano,"61 Via Rosmar Nuova, Rosdanano",PR33,0,0
P:2999,2999,Gallaa,Tinbermona,F,1976-04-23,1976,Correnona,"61 Via Rosmar Nuova, Rosdanano",PR33,0,0
P:3000,3000,Cania,Tinbermona,F,2009-03-26,2009,Rosdanano,"23 Via Lalen Vecchia, Corzoano",PR33,0,0
